Episode: 1: [[-1.3495227  -1.525049   -1.1227834  -0.22211468 -1.8365963  -1.2485076
   0.6078644  -2.0759087  -1.7429228   2.5180178  -1.9782608  -1.740622
  -0.16699456]] 
Episode: 2: [[-1.3492227  -1.525349   -1.1224834  -0.22241469 -1.8368963  -1.2482076
   0.60816437 -2.0762086  -1.7426227   2.5177178  -1.9785608  -1.740322
  -0.16669455]] 
Episode: 3: [[-1.3490541  -1.5252974  -1.122183   -0.22235104 -1.8368601  -1.2479366
   0.6084371  -2.0759923  -1.7427157   2.517475   -1.9788294  -1.7405006
  -0.16641988]] 
Episode: 4: [[-1.3491746  -1.5251087  -1.1220785  -0.22215368 -1.8366681  -1.2476528
   0.60870653 -2.075772   -1.7429204   2.5172167  -1.9790748  -1.7407367
  -0.1661876 ]] 
Episode: 5: [[-1.3492558  -1.5249863  -1.1218898  -0.22194998 -1.8365165  -1.2473634
   0.6089802  -2.0756633  -1.7431623   2.5169523  -1.9793307  -1.7409846
  -0.16609433]] 
Episode: 6: [[-1.3493358  -1.5248077  -1.1217357  -0.2217298  -1.836334   -1.247077
   0.60920984 -2.0756125  -1.7434093   2.5166888  -1.9795929  -1.7412441
  -0.16600473]] 
Episode: 7: [[-1.3494972  -1.5245888  -1.121615   -0.22150682 -1.8361773  -1.2468879
   0.60929656 -2.0755868  -1.7436132   2.51647    -1.9797868  -1.7414099
  -0.16590293]] 
Episode: 8: [[-1.3497039  -1.5243474  -1.1214794  -0.22126058 -1.8360534  -1.2467078
   0.6094323  -2.0756388  -1.7438462   2.5162382  -1.9799784  -1.7415987
  -0.1658487 ]] 
Episode: 9: [[-1.3498684  -1.5241706  -1.1212945  -0.22106907 -1.8359811  -1.2465193
   0.6095564  -2.0757043  -1.7440193   2.5160484  -1.9801524  -1.7417933
  -0.16584024]] 
Episode: 10: [[-1.3500302  -1.5240111  -1.1210812  -0.22088704 -1.8359036  -1.2463108
   0.6096865  -2.0757687  -1.7441767   2.515867   -1.9803385  -1.7420114
  -0.16587478]] 
Episode: 11: [[-1.3501589  -1.523899   -1.120853   -0.22077553 -1.8358831  -1.2461413
   0.6097963  -2.075839   -1.7442429   2.5157454  -1.9804916  -1.7421995
  -0.16591775]] 
Episode: 12: [[-1.3502898  -1.5238154  -1.1206688  -0.2206696  -1.8358687  -1.2460443
   0.6099012  -2.0759003  -1.7443545   2.515636   -1.9806137  -1.7423216
  -0.16592334]] 
Episode: 13: [[-1.3504218  -1.5237482  -1.1204506  -0.22062898 -1.8359135  -1.2459176
   0.6099416  -2.0759592  -1.744306    2.5155852  -1.9807433  -1.7424272
  -0.16587915]] 
Episode: 14: [[-1.3505895  -1.5237088  -1.1202097  -0.2206117  -1.835978   -1.2457979
   0.60997343 -2.0760186  -1.7442542   2.5155725  -1.9808528  -1.7425119
  -0.16583811]] 
Episode: 15: [[-1.3507516  -1.5236769  -1.1199626  -0.22058256 -1.836048   -1.2456671
   0.6100313  -2.0761104  -1.7442389   2.515547   -1.980975   -1.7426298
  -0.16583514]] 
Episode: 16: [[-1.3509239  -1.5236279  -1.1197325  -0.2205175  -1.8360425  -1.2455151
   0.6100889  -2.076127   -1.7442414   2.5154824  -1.981131   -1.742756
  -0.16578518]] 
Episode: 17: [[-1.3511021  -1.5235674  -1.1194825  -0.2204502  -1.8360521  -1.2453611
   0.6100757  -2.0761614  -1.7442038   2.515428   -1.981288   -1.742871
  -0.16570619]] 
Episode: 18: [[-1.3512566  -1.5234675  -1.1193141  -0.22037852 -1.8360462  -1.2452545
   0.6100109  -2.0762217  -1.7441529   2.5153894  -1.981434   -1.742964
  -0.16562545]] 
Episode: 19: [[-1.3514612  -1.5233556  -1.1191267  -0.22028035 -1.8360834  -1.2451574
   0.6098829  -2.076283   -1.7440453   2.5153944  -1.9815193  -1.7429816
  -0.16552179]] 
Episode: 20: [[-1.3516396  -1.523293   -1.1189241  -0.22022912 -1.8360924  -1.2451065
   0.6097468  -2.0763052  -1.7439482   2.5154226  -1.9815573  -1.7429487
  -0.16539969]] 
Episode: 21: [[-1.3518395  -1.5231603  -1.118779   -0.22013687 -1.8360267  -1.2450075
   0.6096662  -2.0763273  -1.7438943   2.515409   -1.9816352  -1.7429954
  -0.1653367 ]] 
Episode: 22: [[-1.3520069  -1.5230662  -1.1186235  -0.22010477 -1.8360217  -1.2449509
   0.6095753  -2.0763757  -1.7438122   2.5154428  -1.9816701  -1.7430078
  -0.1652818 ]] 
Episode: 23: [[-1.3521472  -1.5229921  -1.1184586  -0.22011125 -1.8360442  -1.2448926
   0.6094873  -2.076427   -1.7437025   2.5155013  -1.9817004  -1.7430198
  -0.16524816]] 
Episode: 24: [[-1.3522658  -1.5229301  -1.1182803  -0.22011863 -1.8360469  -1.2448044
   0.60941017 -2.076423   -1.7436036   2.5155356  -1.9817938  -1.7430652
  -0.16517338]] 
Episode: 25: [[-1.3523548  -1.5229046  -1.1181132  -0.22013552 -1.8360621  -1.2447228
   0.60935485 -2.0764184  -1.7435386   2.5155628  -1.9818846  -1.7431
  -0.16508798]] 
Episode: 26: [[-1.3524444  -1.5228722  -1.1179591  -0.22016014 -1.8360753  -1.2446734
   0.6092823  -2.0764072  -1.7434553   2.515604   -1.9819432  -1.743104
  -0.16499953]] 
Episode: 27: [[-1.3525108  -1.5228591  -1.1178124  -0.2201961  -1.8361096  -1.2446313
   0.60921216 -2.0764048  -1.7433647   2.5156486  -1.9819946  -1.7430971
  -0.16490951]] 
Episode: 28: [[-1.35257    -1.5228856  -1.1176412  -0.22023417 -1.8361694  -1.2445676
   0.60915524 -2.0764112  -1.7432536   2.515693   -1.9820524  -1.7431068
  -0.16484706]] 
Episode: 29: [[-1.3525822  -1.5229342  -1.1175258  -0.22027238 -1.836224   -1.244513
   0.60911137 -2.0764172  -1.743168    2.5157268  -1.9821354  -1.7431421
  -0.16478516]] 
Episode: 30: [[-1.3525882  -1.5229824  -1.1174313  -0.22025673 -1.8362241  -1.2444277
   0.6091041  -2.0763576  -1.7431469   2.5156891  -1.9822842  -1.7432178
  -0.16467015]] 
Episode: 31: [[-1.3526292  -1.5229921  -1.1173353  -0.22017798 -1.836172   -1.2442936
   0.6091339  -2.0762544  -1.74315     2.5155919  -1.9824755  -1.7433412
  -0.16454974]] 
Episode: 32: [[-1.3526698  -1.5230074  -1.1172289  -0.22012018 -1.8361331  -1.2441787
   0.6091444  -2.07615    -1.7431175   2.5155094  -1.9826376  -1.7434196
  -0.16439661]] 
Episode: 33: [[-1.3527285  -1.5230018  -1.117158   -0.2200365  -1.8360579  -1.244076
   0.60914433 -2.0760183  -1.7431184   2.515414   -1.9828011  -1.7434877
  -0.16422789]] 
Episode: 34: [[-1.352776   -1.523018   -1.1170793  -0.21994607 -1.8359874  -1.2439713
   0.6091767  -2.0758803  -1.7431462   2.5152974  -1.9829674  -1.7435511
  -0.16404882]] 
Episode: 35: [[-1.3527966  -1.523065   -1.1169715  -0.21991241 -1.8359432  -1.2438694
   0.60919285 -2.0757275  -1.7431166   2.5152237  -1.9831154  -1.7435977
  -0.1638822 ]] 
Episode: 36: [[-1.352825   -1.5230781  -1.1168824  -0.2198712  -1.8358793  -1.243764
   0.609202   -2.0755754  -1.7430847   2.5151484  -1.9832625  -1.7436478
  -0.16372694]] 
Episode: 37: [[-1.3528316  -1.5230995  -1.1168185  -0.21985441 -1.8358424  -1.2437093
   0.6091839  -2.0754669  -1.743093    2.5151024  -1.9833835  -1.743663
  -0.16355872]] 
Episode: 38: [[-1.3528045  -1.5231539  -1.1167448  -0.2198888  -1.8358529  -1.2436738
   0.6091446  -2.0753975  -1.7430496   2.5151086  -1.9834688  -1.7436665
  -0.16343924]] 
Episode: 39: [[-1.3527931  -1.5232129  -1.1166555  -0.2199136  -1.8358703  -1.2436243
   0.60911405 -2.0753276  -1.7429974   2.5151153  -1.9835577  -1.7436981
  -0.16336077]] 
Episode: 40: [[-1.3528011  -1.5232627  -1.1165253  -0.21994743 -1.8358955  -1.2435744
   0.6090567  -2.0752733  -1.7429365   2.5151396  -1.9836327  -1.7437203
  -0.16329066]] 
Episode: 41: [[-1.3527879  -1.5233262  -1.1164008  -0.2199978  -1.8359455  -1.2435428
   0.60900223 -2.0752459  -1.7428827   2.5151768  -1.983683   -1.7437246
  -0.16323969]] 
Episode: 42: [[-1.3527027  -1.5234432  -1.116267   -0.22014292 -1.8360736  -1.2435836
   0.6088674  -2.0753083  -1.7427615   2.5153148  -1.9836409  -1.7436628
  -0.1632464 ]] 
Episode: 43: [[-1.3526369  -1.5235687  -1.1161232  -0.22028452 -1.8362167  -1.2436206
   0.6087362  -2.0753787  -1.7426336   2.515456   -1.9835885  -1.7435912
  -0.16325645]] 
Episode: 44: [[-1.3525572  -1.5236952  -1.1159613  -0.22044364 -1.8363872  -1.2436477
   0.6086043  -2.0754666  -1.7424775   2.5156095  -1.9835359  -1.743531
  -0.1632884 ]] 
Episode: 45: [[-1.3524972  -1.5237976  -1.1157995  -0.22057524 -1.8365351  -1.2436458
   0.60848147 -2.0755289  -1.7423155   2.5157363  -1.983504   -1.7434871
  -0.16330451]] 
Episode: 46: [[-1.3524419  -1.5239031  -1.1156198  -0.22070277 -1.8366804  -1.243631
   0.6083643  -2.0755913  -1.742155    2.5158587  -1.9834759  -1.743456
  -0.16333479]] 
Episode: 47: [[-1.3524258  -1.5239687  -1.1154506  -0.22073422 -1.8367572  -1.2435795
   0.60829484 -2.0756433  -1.7420782   2.5158942  -1.9834955  -1.7434838
  -0.16337082]] 
Episode: 48: [[-1.3524148  -1.5240453  -1.1152858  -0.22074308 -1.836834   -1.2435277
   0.60824424 -2.0756876  -1.7420272   2.5159032  -1.9835188  -1.7434993
  -0.1633715 ]] 
Episode: 49: [[-1.352477   -1.5239865  -1.1151268  -0.22071779 -1.8369036  -1.2434686
   0.6081912  -2.075752   -1.741992    2.515892   -1.9835398  -1.7435088
  -0.16335963]] 
Episode: 50: [[-1.3525392  -1.5239387  -1.1149578  -0.22068602 -1.8369654  -1.2433907
   0.60815954 -2.075811   -1.7419655   2.51587    -1.9835755  -1.7435408
  -0.16335939]] 
Episode: 51: [[-1.3525891  -1.5239248  -1.1147695  -0.22069749 -1.8370752  -1.2433424
   0.6080872  -2.0759165  -1.7418883   2.5159042  -1.983563   -1.7435498
  -0.16340688]] 
Episode: 52: [[-1.3526299  -1.523924   -1.114582   -0.22071065 -1.8371878  -1.2432755
   0.6080276  -2.076018   -1.7418065   2.5159357  -1.9835641  -1.7435753
  -0.1634635 ]] 
Episode: 53: [[-1.3526745  -1.5239143  -1.1144042  -0.22071092 -1.8372865  -1.2431973
   0.6079976  -2.076113   -1.74175     2.5159469  -1.9835829  -1.7436122
  -0.16350888]] 
Episode: 54: [[-1.3526996  -1.5239127  -1.1142272  -0.22071563 -1.837382   -1.2431065
   0.6079773  -2.0762124  -1.7416929   2.515955   -1.9836109  -1.7436633
  -0.16356565]] 
Episode: 55: [[-1.3527375  -1.5239025  -1.1140717  -0.22068238 -1.8374457  -1.2429951
   0.607998   -2.0762901  -1.7416718   2.515921   -1.983665   -1.7437371
  -0.16360632]] 
Episode: 56: [[-1.3527676  -1.5239004  -1.1139075  -0.22063668 -1.8375058  -1.2428628
   0.60803485 -2.0763724  -1.741661    2.5158713  -1.9837385  -1.7438382
  -0.16366163]] 
Episode: 57: [[-1.3528025  -1.5238918  -1.1137576  -0.22058938 -1.8375523  -1.2427435
   0.6080656  -2.076433   -1.7416469   2.515822   -1.9838115  -1.7439307
  -0.16370519]] 
Episode: 58: [[-1.3528556  -1.5238379  -1.1136798  -0.22047298 -1.8375013  -1.2425983
   0.6081157  -2.0764155  -1.741686    2.5157037  -1.9839534  -1.7440711
  -0.16367245]] 
Episode: 59: [[-1.3529863  -1.5237782  -1.1135132  -0.2203155  -1.8374718  -1.2423892
   0.60821015 -2.0764484  -1.7417451   2.5155568  -1.9841156  -1.7442554
  -0.16368395]] 
Episode: 60: [[-1.3531146  -1.5237092  -1.1133443  -0.22015549 -1.8374208  -1.2421616
   0.6083113  -2.0764341  -1.7418021   2.5153966  -1.9843049  -1.7444489
  -0.16365644]] 
Episode: 61: [[-1.3532206  -1.5236553  -1.1131812  -0.22002366 -1.8373833  -1.24195
   0.60839754 -2.0764194  -1.7418387   2.5152607  -1.9844695  -1.7446197
  -0.16363637]] 
Episode: 62: [[-1.3533055  -1.5236039  -1.1130269  -0.21992593 -1.8373636  -1.2417661
   0.6084416  -2.0764124  -1.7418344   2.5151644  -1.9846011  -1.7447649
  -0.1636417 ]] 
Episode: 63: [[-1.3534201  -1.5235248  -1.1128834  -0.21982208 -1.8373326  -1.2415967
   0.60845584 -2.0764043  -1.7418196   2.5150793  -1.9847168  -1.7448937
  -0.16364953]] 
Episode: 64: [[-1.3535434  -1.5234638  -1.1127092  -0.21970005 -1.8373146  -1.2414103
   0.60850286 -2.0764163  -1.7418401   2.514973   -1.9848443  -1.74504
  -0.16367038]] 
Episode: 65: [[-1.3536412  -1.5234178  -1.1125389  -0.21960711 -1.8373097  -1.2412333
   0.60853595 -2.0764265  -1.74183     2.5148916  -1.9849629  -1.7451819
  -0.16370751]] 
Episode: 66: [[-1.3537431  -1.5233836  -1.1123459  -0.21953452 -1.8373361  -1.2410533
   0.60852754 -2.076479   -1.741768    2.5148451  -1.9850537  -1.7453167
  -0.16378033]] 
Episode: 67: [[-1.3538432  -1.5233322  -1.1121618  -0.21948494 -1.8373667  -1.2408887
   0.6084867  -2.0765371  -1.7416701   2.5148299  -1.9851261  -1.7454425
  -0.16387784]] 
Episode: 68: [[-1.3539243  -1.5233132  -1.1119399  -0.21945108 -1.8374329  -1.2407295
   0.60845494 -2.0766146  -1.7415752   2.5148158  -1.9851863  -1.7455484
  -0.16396008]] 
Episode: 69: [[-1.3540038  -1.5232859  -1.1117337  -0.219389   -1.8374783  -1.2405837
   0.6084426  -2.0766726  -1.7415282   2.5147665  -1.9852602  -1.7456473
  -0.16399682]] 
Episode: 70: [[-1.3540609  -1.5232918  -1.1115327  -0.21933752 -1.8375304  -1.2404584
   0.6084493  -2.0767453  -1.741513    2.5147157  -1.9853208  -1.7457217
  -0.16401193]] 
Episode: 71: [[-1.3541209  -1.5232602  -1.1113298  -0.21930291 -1.8375539  -1.2403132
   0.6084267  -2.0767899  -1.7414882   2.5146809  -1.9853817  -1.7457947
  -0.16402823]] 
Episode: 72: [[-1.3541869  -1.5232431  -1.1111069  -0.219281   -1.8375971  -1.2401761
   0.6084071  -2.0768392  -1.7414542   2.5146558  -1.9854243  -1.7458445
  -0.16403872]] 
Episode: 73: [[-1.3542392  -1.5232449  -1.1108793  -0.21929276 -1.8376666  -1.240058
   0.6083609  -2.0769022  -1.7413844   2.514666   -1.9854398  -1.7458689
  -0.1640589 ]] 
Episode: 74: [[-1.3543031  -1.5231397  -1.1107533  -0.21934123 -1.8377242  -1.2400324
   0.60827845 -2.0769787  -1.7413584   2.5147185  -1.9854277  -1.7458382
  -0.16403522]] 
Episode: 75: [[-1.3543516  -1.5230386  -1.1106368  -0.21939458 -1.8377646  -1.240014
   0.60819644 -2.0770326  -1.741325    2.5147715  -1.9854164  -1.7458087
  -0.1640177 ]] 
Episode: 76: [[-1.35448    -1.5228826  -1.1104907  -0.21943663 -1.8377995  -1.2400111
   0.6080617  -2.0770886  -1.7412792   2.5148454  -1.9853859  -1.7457547
  -0.16399142]] 
Episode: 77: [[-1.3546609  -1.5227106  -1.1103108  -0.2194322  -1.8378408  -1.2399712
   0.60793    -2.0771708  -1.7412477   2.5148923  -1.9853644  -1.7457136
  -0.16396756]] 
Episode: 78: [[-1.3548248  -1.5225495  -1.1101413  -0.21942912 -1.837867   -1.2399359
   0.6077871  -2.0772452  -1.741201    2.5149424  -1.9853425  -1.7456826
  -0.16396183]] 
Episode: 79: [[-1.3549749  -1.5223988  -1.1099799  -0.21942545 -1.8378867  -1.2398942
   0.60765666 -2.0773141  -1.7411494   2.5149865  -1.9853284  -1.7456632
  -0.16396424]] 
Episode: 80: [[-1.3552068  -1.5222102  -1.1098078  -0.21930553 -1.8378509  -1.2398016
   0.60758394 -2.077433   -1.7411679   2.5149431  -1.9853686  -1.7457322
  -0.16401772]] 
Episode: 81: [[-1.3554198  -1.5220436  -1.1096352  -0.21920516 -1.8378408  -1.2397293
   0.6074978  -2.0775504  -1.74116     2.5149171  -1.9853843  -1.7457772
  -0.16406944]] 
Episode: 82: [[-1.3556191  -1.5218776  -1.1095389  -0.21905136 -1.837763   -1.239649
   0.60748583 -2.0776415  -1.7412578   2.5148194  -1.9854441  -1.7458421
  -0.16407122]] 
Episode: 83: [[-1.3557894  -1.5217322  -1.1094573  -0.21892017 -1.8377043  -1.2395915
   0.6074794  -2.077734   -1.7413478   2.5147347  -1.9854861  -1.7458863
  -0.16406876]] 
Episode: 84: [[-1.3559619  -1.5216064  -1.1093785  -0.21879001 -1.837645   -1.2395242
   0.6074703  -2.0778112  -1.7414259   2.5146549  -1.9855299  -1.7459323
  -0.1640671 ]] 
Episode: 85: [[-1.3561413  -1.5214696  -1.1093065  -0.21865578 -1.8375912  -1.2394607
   0.6074592  -2.0778966  -1.7415037   2.514573   -1.9855641  -1.7459657
  -0.16405703]] 
Episode: 86: [[-1.3563111  -1.521337   -1.1092551  -0.21851552 -1.8375216  -1.2393899
   0.6074588  -2.0779545  -1.7415904   2.5144792  -1.9856198  -1.7460095
  -0.16402382]] 
Episode: 87: [[-1.3564801  -1.521195   -1.1092201  -0.21837135 -1.8374323  -1.2393117
   0.6074595  -2.0779915  -1.7416769   2.5143793  -1.9856857  -1.7460564
  -0.163979  ]] 
Episode: 88: [[-1.3566225  -1.5210843  -1.1091788  -0.21825936 -1.837357   -1.2392412
   0.60741174 -2.0780318  -1.7417059   2.5143194  -1.9857241  -1.7460972
  -0.16396834]] 
Episode: 89: [[-1.3567626  -1.5209705  -1.1091293  -0.21814252 -1.837266   -1.2391632
   0.60737896 -2.078037   -1.7417561   2.5142436  -1.9857907  -1.7461452
  -0.16392389]] 
Episode: 90: [[-1.3568922  -1.5208584  -1.1090919  -0.21803811 -1.8371773  -1.2390862
   0.6073507  -2.078042   -1.7418112   2.5141768  -1.9858613  -1.7461972
  -0.16388237]] 
Episode: 91: [[-1.3570024  -1.5207678  -1.1090474  -0.21794568 -1.8370967  -1.2390153
   0.60732436 -2.078042   -1.7418596   2.5141168  -1.9859382  -1.7462572
  -0.16384959]] 
Episode: 92: [[-1.3571056  -1.5206952  -1.1089957  -0.21785009 -1.8370235  -1.238944
   0.60732293 -2.078039   -1.7419227   2.5140436  -1.9860172  -1.7463098
  -0.16379848]] 
Episode: 93: [[-1.3572453  -1.5206162  -1.1088744  -0.21774404 -1.8369708  -1.2388375
   0.60732675 -2.078041   -1.7419741   2.5139647  -1.9861072  -1.7463868
  -0.16376886]] 
Episode: 94: [[-1.3574839  -1.5203656  -1.1089098  -0.21766452 -1.8368484  -1.2388544
   0.6072163  -2.077994   -1.7419766   2.5139637  -1.986115   -1.7463355
  -0.16365539]] 
Episode: 95: [[-1.3577007  -1.5201416  -1.108918   -0.21760345 -1.8367573  -1.23886
   0.6071113  -2.0779643  -1.7419574   2.5139732  -1.9861192  -1.7462918
  -0.16356798]] 
Episode: 96: [[-1.3579141  -1.5199344  -1.1089032  -0.21754308 -1.8366755  -1.2388601
   0.60701483 -2.077948   -1.7419497   2.5139782  -1.9861182  -1.7462413
  -0.16347593]] 
Episode: 97: [[-1.3581524  -1.5197276  -1.1088294  -0.21744548 -1.8366109  -1.2387991
   0.6069468  -2.0779445  -1.7419518   2.513945   -1.9861426  -1.7462255
  -0.16339996]] 
Episode: 98: [[-1.358383   -1.5195256  -1.1087749  -0.21734451 -1.8365415  -1.2387452
   0.6068805  -2.0779502  -1.7419661   2.513909   -1.9861622  -1.7462023
  -0.16331849]] 
Episode: 99: [[-1.3585918  -1.5193459  -1.1087013  -0.21726142 -1.8364868  -1.2387
   0.6068068  -2.077953   -1.7419672   2.5138857  -1.986176   -1.7461815
  -0.16325541]] 
Episode: 100: [[-1.3587949  -1.5191675  -1.1086209  -0.21715687 -1.8364159  -1.2386345
   0.6067416  -2.0779457  -1.7419807   2.5138333  -1.9862001  -1.746165
  -0.16317147]] 
Episode: 101: [[-1.3589814  -1.518996   -1.1085434  -0.21707112 -1.836356   -1.2385715
   0.6066902  -2.0779338  -1.7419959   2.5137875  -1.9862231  -1.7461418
  -0.16307923]] 
Episode: 102: [[-1.3591719  -1.5188597  -1.1084028  -0.2169886  -1.8363318  -1.2384758
   0.60665274 -2.077914   -1.7419788   2.5137374  -1.9862473  -1.746125
  -0.16299361]] 
Episode: 103: [[-1.3593768  -1.5187347  -1.1082581  -0.2168804  -1.8362968  -1.2383631
   0.6066396  -2.0778944  -1.7419813   2.513665   -1.9862883  -1.7461274
  -0.16291064]] 
Episode: 104: [[-1.3595632  -1.5186381  -1.108111   -0.21679437 -1.8362786  -1.2382648
   0.606613   -2.0778809  -1.7419611   2.5136154  -1.986307   -1.7461166
  -0.16284303]] 
Episode: 105: [[-1.3597046  -1.5185689  -1.1079593  -0.21675389 -1.8363199  -1.2381868
   0.60654455 -2.0779564  -1.7418725   2.5136166  -1.986269   -1.7460911
  -0.16285029]] 
Episode: 106: [[-1.3598078  -1.5185281  -1.1078336  -0.21675752 -1.8363708  -1.2381635
   0.60645914 -2.078007   -1.7417958   2.5136518  -1.986207   -1.74602
  -0.16282515]] 
Episode: 107: [[-1.3599293  -1.5184498  -1.1077409  -0.21672007 -1.8363944  -1.2381278
   0.6064319  -2.0780945  -1.7417825   2.5136456  -1.9861792  -1.745997
  -0.16282496]] 
Episode: 108: [[-1.360032   -1.5183954  -1.1076247  -0.21668948 -1.8364401  -1.238072
   0.60641545 -2.0781872  -1.7417499   2.5136385  -1.9861586  -1.7459941
  -0.16284709]] 
Episode: 109: [[-1.360117   -1.5183668  -1.1075234  -0.2166647  -1.8364813  -1.2380279
   0.6064244  -2.0782704  -1.7417302   2.5136282  -1.9861388  -1.7459886
  -0.16286415]] 
Episode: 110: [[-1.3602003  -1.5183451  -1.1074204  -0.21664038 -1.8365394  -1.2380024
   0.6064052  -2.0783942  -1.7416998   2.513628   -1.9860888  -1.7459579
  -0.16288085]] 
Episode: 111: [[-1.3602691  -1.5183439  -1.1073054  -0.2166382  -1.8365996  -1.2380049
   0.6063899  -2.0784967  -1.7416912   2.5136402  -1.9860446  -1.7459202
  -0.16287787]] 
Episode: 112: [[-1.3603317  -1.5183394  -1.1071742  -0.21666744 -1.8366654  -1.2380043
   0.606345   -2.0785906  -1.7416397   2.5136857  -1.9859902  -1.7458856
  -0.1629044 ]] 
Episode: 113: [[-1.3603688  -1.5183567  -1.1070065  -0.21674053 -1.8367739  -1.2379998
   0.606268   -2.078715   -1.7415338   2.5137758  -1.9859116  -1.7458568
  -0.16299383]] 
Episode: 114: [[-1.3603799  -1.5183957  -1.1068429  -0.21683812 -1.8369017  -1.2380085
   0.60617936 -2.0788379  -1.741403    2.513886   -1.9858159  -1.745812
  -0.16308695]] 
Episode: 115: [[-1.3603805  -1.5184478  -1.1066797  -0.21694742 -1.8370358  -1.2380209
   0.60609484 -2.0789404  -1.7412635   2.5140023  -1.985719   -1.7457622
  -0.16317387]] 
Episode: 116: [[-1.3603742  -1.5185106  -1.106527   -0.21706146 -1.8371694  -1.2380524
   0.606008   -2.0790188  -1.7411237   2.5141215  -1.985614   -1.7456914
  -0.1632425 ]] 
Episode: 117: [[-1.3603444  -1.5185694  -1.1063769  -0.21717921 -1.8372971  -1.2380584
   0.6059395  -2.0791166  -1.740992    2.514236   -1.9855306  -1.7456666
  -0.16335322]] 
Episode: 118: [[-1.3603264  -1.5186287  -1.1062356  -0.21728967 -1.8374344  -1.2380762
   0.6058654  -2.0792148  -1.7408534   2.51435    -1.9854348  -1.7456203
  -0.1634492 ]] 
Episode: 119: [[-1.3603373  -1.5186505  -1.1061509  -0.21737799 -1.837538   -1.2381111
   0.60578907 -2.0792828  -1.7407231   2.5144556  -1.98534    -1.7455645
  -0.16352569]] 
Episode: 120: [[-1.3603388  -1.5186833  -1.106047   -0.21747105 -1.8376534  -1.2381225
   0.60570985 -2.0793598  -1.7405784   2.514561   -1.985262   -1.7455237
  -0.16359892]] 
Episode: 121: [[-1.360321   -1.5187291  -1.1059461  -0.21757393 -1.8377801  -1.2381572
   0.6056221  -2.0794497  -1.7404475   2.5146751  -1.9851835  -1.7454852
  -0.16367432]] 
Episode: 122: [[-1.3603023  -1.5187758  -1.1058449  -0.21766469 -1.837841   -1.2382094
   0.6055102  -2.0795825  -1.7403827   2.5147908  -1.9851106  -1.7454782
  -0.16378544]] 
Episode: 123: [[-1.3602977  -1.51882    -1.1057314  -0.21774994 -1.8379058  -1.2382478
   0.60537994 -2.0797224  -1.7402976   2.5149114  -1.9850324  -1.7454743
  -0.16391179]] 
Episode: 124: [[-1.3603004  -1.5188532  -1.105646   -0.21781488 -1.8379441  -1.2382829
   0.60526955 -2.0798094  -1.7402358   2.5150065  -1.9849887  -1.7454737
  -0.16398902]] 
Episode: 125: [[-1.3603048  -1.5188831  -1.1055629  -0.21786585 -1.8379791  -1.2383013
   0.6051726  -2.0798929  -1.7401867   2.5150855  -1.9849627  -1.7454864
  -0.16406119]] 
Episode: 126: [[-1.3603139  -1.5189167  -1.1054845  -0.2178908  -1.8379947  -1.2382897
   0.60510284 -2.0799487  -1.7401545   2.515135   -1.9849751  -1.7455318
  -0.16412675]] 
Episode: 127: [[-1.3603355  -1.5189353  -1.1054262  -0.21787715 -1.8379712  -1.2382509
   0.60506254 -2.0799608  -1.7401559   2.5151386  -1.9850284  -1.7455908
  -0.16414042]] 
Episode: 128: [[-1.3604213  -1.5189534  -1.1053265  -0.21779819 -1.8379436  -1.2381729
   0.60501456 -2.0799701  -1.7401513   2.5151024  -1.9850891  -1.7456579
  -0.16415173]] 
Episode: 129: [[-1.3605024  -1.518972   -1.1052355  -0.2177168  -1.837916   -1.2380916
   0.6049818  -2.0799718  -1.7401576   2.515058   -1.9851607  -1.7457275
  -0.16415128]] 
Episode: 130: [[-1.3606019  -1.5189673  -1.1051781  -0.21759082 -1.8378475  -1.2379897
   0.6049951  -2.079921   -1.7402256   2.514959   -1.9852911  -1.7458115
  -0.16407946]] 
Episode: 131: [[-1.3606921  -1.5189673  -1.1051306  -0.21746592 -1.8377764  -1.2378855
   0.6050209  -2.0798514  -1.7402967   2.5148556  -1.9854336  -1.7459013
  -0.16400152]] 
Episode: 132: [[-1.3607755  -1.5189781  -1.1050642  -0.21734622 -1.8377153  -1.2377676
   0.6050554  -2.0797853  -1.7403612   2.514753   -1.9855852  -1.7460078
  -0.16394192]] 
Episode: 133: [[-1.3608516  -1.5189903  -1.104992   -0.21723355 -1.8376458  -1.2376443
   0.6051119  -2.0796819  -1.7404417   2.5146399  -1.9857628  -1.7461114
  -0.16383614]] 
Episode: 134: [[-1.3609159  -1.519015   -1.1049039  -0.21714106 -1.8376204  -1.2375172
   0.6051745  -2.079607   -1.7405002   2.5145419  -1.9859259  -1.7462103
  -0.16374926]] 
Episode: 135: [[-1.360979   -1.5190382  -1.1048164  -0.21701732 -1.8375823  -1.2373537
   0.6052824  -2.0795617  -1.7405893   2.5144083  -1.9861101  -1.7463542
  -0.16370107]] 
Episode: 136: [[-1.3610405  -1.5190624  -1.1047207  -0.21689558 -1.8375547  -1.2371936
   0.60540575 -2.07952    -1.7406844   2.5142705  -1.9862922  -1.7464949
  -0.16365132]] 
Episode: 137: [[-1.3611485  -1.5190612  -1.1045811  -0.21674997 -1.837506   -1.2369729
   0.6055186  -2.0794928  -1.7407688   2.5141227  -1.9864814  -1.746665
  -0.16363661]] 
Episode: 138: [[-1.3612405  -1.5190713  -1.1044444  -0.21662165 -1.8374789  -1.2367746
   0.605637   -2.0794792  -1.7408745   2.5139837  -1.9866593  -1.7468113
  -0.16360098]] 
Episode: 139: [[-1.3613353  -1.5190729  -1.1043184  -0.21648297 -1.8374261  -1.236565
   0.6057633  -2.0794587  -1.7409854   2.5138364  -1.9868498  -1.7469804
  -0.16358444]] 
Episode: 140: [[-1.3613967  -1.5190798  -1.1041803  -0.21640033 -1.8374201  -1.2363756
   0.6058286  -2.0794907  -1.7410285   2.513754   -1.9869897  -1.7471362
  -0.1636383 ]] 
Episode: 141: [[-1.3614688  -1.519081   -1.1040431  -0.2163197  -1.8374115  -1.2361864
   0.6058788  -2.0795035  -1.7410383   2.5136817  -1.9871277  -1.7472959
  -0.16370484]] 
Episode: 142: [[-1.3615294  -1.5190933  -1.1038902  -0.2162666  -1.8374413  -1.2360191
   0.60592234 -2.079539   -1.7410319   2.513631   -1.987236   -1.7474233
  -0.1637678 ]] 
Episode: 143: [[-1.3615783  -1.5191296  -1.1037263  -0.21624373 -1.8375119  -1.2358861
   0.6059532  -2.0796103  -1.7410077   2.5136132  -1.9873042  -1.7475177
  -0.16384967]] 
Episode: 144: [[-1.3616153  -1.5191833  -1.1035547  -0.21624109 -1.8376077  -1.235763
   0.605973   -2.0796864  -1.7409563   2.5136156  -1.9873548  -1.747601
  -0.16394335]] 
Episode: 145: [[-1.361658   -1.5192214  -1.1033809  -0.21622464 -1.837673   -1.2356219
   0.6059945  -2.0797496  -1.7408996   2.5136073  -1.9874232  -1.7477211
  -0.16406682]] 
Episode: 146: [[-1.361701   -1.5192465  -1.103238   -0.21620697 -1.8377353  -1.2355049
   0.60600144 -2.0798113  -1.7408452   2.513602   -1.9874746  -1.7478113
  -0.1641674 ]] 
Episode: 147: [[-1.361765   -1.5192665  -1.1030895  -0.21617064 -1.837796   -1.2353809
   0.60601497 -2.0798726  -1.7407868   2.5135849  -1.9875307  -1.7479099
  -0.16427061]] 
Episode: 148: [[-1.3618324  -1.5193017  -1.102926   -0.21614039 -1.8378637  -1.2352688
   0.606038   -2.0799172  -1.7407342   2.513568   -1.9875808  -1.7479898
  -0.16435039]] 
Episode: 149: [[-1.3619211  -1.5193168  -1.1027232  -0.21611384 -1.8379468  -1.2351196
   0.60607046 -2.0799704  -1.7406573   2.513552   -1.9876368  -1.7480911
  -0.16445126]] 
Episode: 150: [[-1.3619778  -1.5193471  -1.1025227  -0.2161277  -1.8380696  -1.2349913
   0.60608214 -2.0800698  -1.7405505   2.5135744  -1.9876539  -1.7481716
  -0.16458084]] 
Episode: 151: [[-1.3620119  -1.519378   -1.1023098  -0.21615224 -1.8382007  -1.2348692
   0.6061178  -2.0801718  -1.7404795   2.5135913  -1.9876883  -1.7482737
  -0.16471492]] 
Episode: 152: [[-1.3619565  -1.5194632  -1.1021452  -0.21622339 -1.8383453  -1.2347988
   0.60618144 -2.0802886  -1.7404394   2.5136268  -1.9877156  -1.7483634
  -0.16484518]] 
Episode: 153: [[-1.361902   -1.5195566  -1.1019763  -0.21629709 -1.8385007  -1.2347286
   0.60623884 -2.0804174  -1.7403885   2.5136678  -1.9877315  -1.7484455
  -0.16497776]] 
Episode: 154: [[-1.3618466  -1.5196478  -1.1018112  -0.21636944 -1.8386595  -1.2346408
   0.60629696 -2.0805504  -1.7403331   2.513708   -1.9877657  -1.7485477
  -0.16511187]] 
Episode: 155: [[-1.3618348  -1.5197781  -1.1015488  -0.21644385 -1.8388754  -1.2345322
   0.6063329  -2.0807536  -1.7402787   2.5137641  -1.9877781  -1.7486327
  -0.16525143]] 
Episode: 156: [[-1.361785   -1.5199262  -1.1012859  -0.21655865 -1.8391198  -1.2344589
   0.6063284  -2.080984   -1.7401998   2.5138578  -1.9877424  -1.7486768
  -0.16539742]] 
Episode: 157: [[-1.3619155  -1.520114   -1.1008998  -0.21650472 -1.8394299  -1.2342039
   0.6065476  -2.081366   -1.7403013   2.5138018  -1.9878693  -1.748933
  -0.16568092]] 
Episode: 158: [[-1.3620291  -1.5202863  -1.10056    -0.21647273 -1.8397223  -1.2339865
   0.60673577 -2.081708   -1.7403774   2.5137694  -1.9879713  -1.7491493
  -0.1659298 ]] 
Episode: 159: [[-1.3621446  -1.5204316  -1.1002581  -0.21642256 -1.839964   -1.2337871
   0.60691696 -2.0819995  -1.7404798   2.5137172  -1.9880868  -1.7493476
  -0.16612567]] 
Episode: 160: [[-1.3622566  -1.5205641  -1.0999918  -0.21635905 -1.8401706  -1.2336166
   0.6070899  -2.0822606  -1.7406026   2.513651   -1.9881868  -1.749509
  -0.16627684]] 
Episode: 161: [[-1.362372   -1.5206742  -1.0997548  -0.21628384 -1.8403431  -1.2334598
   0.60725874 -2.0824797  -1.7407346   2.5135715  -1.9882951  -1.7496552
  -0.16638601]] 
Episode: 162: [[-1.3624446  -1.5207908  -1.0995513  -0.21622366 -1.8405071  -1.2333316
   0.60743463 -2.0826705  -1.7408793   2.5134888  -1.9884056  -1.7497865
  -0.16646095]] 
Episode: 163: [[-1.3625041  -1.5208963  -1.0993812  -0.21613896 -1.8406333  -1.2332041
   0.6076354  -2.0828304  -1.7410527   2.5133684  -1.9885303  -1.7499149
  -0.16650204]] 
Episode: 164: [[-1.3625631  -1.5209881  -1.0992429  -0.21605468 -1.8407369  -1.2331045
   0.6078199  -2.0829725  -1.7412354   2.5132537  -1.9886458  -1.7500222
  -0.16651814]] 
Episode: 165: [[-1.3625833  -1.5210394  -1.0991741  -0.21599685 -1.8407909  -1.2330656
   0.60798144 -2.0831056  -1.7414395   2.5131588  -1.9887456  -1.7501059
  -0.16651489]] 
Episode: 166: [[-1.3625994  -1.521093   -1.0990995  -0.215949   -1.8408438  -1.2330233
   0.6081284  -2.083224   -1.7416289   2.5130732  -1.9888432  -1.7501818
  -0.16650216]] 
Episode: 167: [[-1.3626173  -1.5211561  -1.0989923  -0.2158984  -1.8409034  -1.232974
   0.6082736  -2.083339   -1.741816    2.5129805  -1.9889337  -1.7502512
  -0.16648558]] 
Episode: 168: [[-1.3626543  -1.5211962  -1.0989001  -0.21583804 -1.8409343  -1.2329196
   0.60839933 -2.0834203  -1.7419823   2.5128887  -1.9890307  -1.7503185
  -0.16645809]] 
Episode: 169: [[-1.3626885  -1.5212384  -1.0988004  -0.21577026 -1.8409648  -1.2328535
   0.6085289  -2.083502   -1.7421454   2.5127883  -1.9891319  -1.7503955
  -0.16644318]] 
Episode: 170: [[-1.3627048  -1.5212977  -1.0986936  -0.21573955 -1.8410156  -1.2328088
   0.6086214  -2.0835867  -1.7422657   2.5127332  -1.9892046  -1.7504611
  -0.16646217]] 
Episode: 171: [[-1.3627053  -1.5213556  -1.0985848  -0.21573178 -1.841077   -1.2327839
   0.6087017  -2.0836713  -1.7423711   2.5126953  -1.9892612  -1.7505083
  -0.16647328]] 
Episode: 172: [[-1.362737   -1.5213925  -1.0984973  -0.21570732 -1.8411002  -1.2327614
   0.60876137 -2.0837183  -1.7424669   2.5126593  -1.9893234  -1.7505523
  -0.16647668]] 
Episode: 173: [[-1.3627361  -1.521445   -1.098415   -0.21572621 -1.8411374  -1.2327793
   0.6087936  -2.0837653  -1.7425485   2.512663   -1.9893562  -1.7505709
  -0.16648085]] 
Episode: 174: [[-1.362736   -1.5214993  -1.0983373  -0.21574847 -1.8411853  -1.2327975
   0.60881037 -2.0838196  -1.742606    2.5126789  -1.9893701  -1.7505846
  -0.16650337]] 
Episode: 175: [[-1.3627834  -1.5215467  -1.098187   -0.21575364 -1.8412441  -1.2327305
   0.6088045  -2.0839133  -1.7426381   2.5126953  -1.9893894  -1.7506284
  -0.16656996]] 
Episode: 176: [[-1.3628293  -1.5215925  -1.0980208  -0.21576115 -1.8413323  -1.232669
   0.6087857  -2.0840666  -1.7426881   2.512722   -1.9893948  -1.7506803
  -0.16666538]] 
Episode: 177: [[-1.362866   -1.5216614  -1.097855   -0.21575771 -1.8414283  -1.2325948
   0.6088006  -2.0842195  -1.7427543   2.5127258  -1.9894083  -1.7507348
  -0.16675016]] 
Episode: 178: [[-1.362897   -1.5217472  -1.0976822  -0.21577382 -1.8415465  -1.2325381
   0.6088035  -2.0843768  -1.7428055   2.5127509  -1.9894011  -1.7507709
  -0.16683453]] 
Episode: 179: [[-1.36296    -1.5218273  -1.0975378  -0.21576507 -1.8416445  -1.2325206
   0.608781   -2.084511   -1.7428734   2.512772   -1.9893745  -1.7507633
  -0.16686828]] 
Episode: 180: [[-1.3630306  -1.5219079  -1.0973653  -0.21575005 -1.8417608  -1.2324665
   0.6087632  -2.084649   -1.7429307   2.512786   -1.9893721  -1.7507839
  -0.16691418]] 
Episode: 181: [[-1.363094   -1.5219749  -1.0972084  -0.21573536 -1.841875   -1.2324194
   0.60873926 -2.084787   -1.7429805   2.5128002  -1.9893626  -1.7507991
  -0.16696069]] 
Episode: 182: [[-1.3631476  -1.5220383  -1.0970746  -0.215712   -1.8419706  -1.2323925
   0.6087331  -2.08491    -1.7430577   2.5127954  -1.9893522  -1.7507974
  -0.16697422]] 
Episode: 183: [[-1.3631985  -1.5220956  -1.096943   -0.21567701 -1.8420516  -1.2323446
   0.6087444  -2.085014   -1.7431308   2.5127716  -1.9893599  -1.7508128
  -0.16699016]] 
Episode: 184: [[-1.363347   -1.521968   -1.0970442  -0.21550542 -1.8419888  -1.2323397
   0.6087524  -2.0850923  -1.7432486   2.5126762  -1.9893957  -1.7508583
  -0.16700469]] 
Episode: 185: [[-1.363465   -1.5218652  -1.0971363  -0.21537028 -1.8419393  -1.2323574
   0.608759   -2.0851479  -1.7433579   2.5125995  -1.9894183  -1.7508703
  -0.16698319]] 
Episode: 186: [[-1.3635907  -1.5217626  -1.0972277  -0.21521997 -1.8418748  -1.2323686
   0.60878617 -2.085191   -1.7434887   2.512501   -1.9894646  -1.7508909
  -0.16693988]] 
Episode: 187: [[-1.3637065  -1.5216712  -1.0972943  -0.21509895 -1.8418347  -1.232383
   0.60879445 -2.08524    -1.7435809   2.5124319  -1.9894904  -1.750902
  -0.16691878]] 
Episode: 188: [[-1.363806   -1.5216085  -1.0973387  -0.21499254 -1.8418095  -1.2323812
   0.60881525 -2.0852838  -1.7436655   2.5123663  -1.9895266  -1.7509223
  -0.16690359]] 
Episode: 189: [[-1.363916   -1.5215497  -1.0973811  -0.21489654 -1.8418144  -1.232406
   0.6087956  -2.0853393  -1.743721    2.5123303  -1.9895306  -1.750915
  -0.16688885]] 
Episode: 190: [[-1.3640302  -1.5214931  -1.0974234  -0.21481177 -1.8418165  -1.232448
   0.6087618  -2.0853813  -1.7437654   2.512309   -1.9895196  -1.7508858
  -0.16686113]] 
Episode: 191: [[-1.3641442  -1.521421   -1.0974709  -0.21473569 -1.8417963  -1.2324793
   0.6086871  -2.0854259  -1.7437767   2.5123158  -1.9895179  -1.750892
  -0.16688752]] 
Episode: 192: [[-1.3642312  -1.5213672  -1.0974928  -0.21470088 -1.841804   -1.2324983
   0.60859495 -2.0854795  -1.7437339   2.512361   -1.9895041  -1.7509139
  -0.16696681]] 
Episode: 193: [[-1.364308   -1.5213338  -1.097494   -0.21467091 -1.8418248  -1.2324979
   0.6085179  -2.0855317  -1.743688    2.5124     -1.9895004  -1.7509432
  -0.16704538]] 
Episode: 194: [[-1.3643906  -1.5213028  -1.0974997  -0.21462393 -1.8418359  -1.2324865
   0.6084718  -2.0855691  -1.743664    2.5124097  -1.9895078  -1.7509648
  -0.16708632]] 
Episode: 195: [[-1.3644999  -1.5212402  -1.097507   -0.21455635 -1.841832   -1.232477
   0.60843986 -2.0856001  -1.7436659   2.512398   -1.9895263  -1.7509837
  -0.16710459]] 
Episode: 196: [[-1.364594   -1.5211902  -1.0974892  -0.21451455 -1.8418399  -1.2324454
   0.60839474 -2.085634   -1.743629    2.51241    -1.9895407  -1.751019
  -0.16716161]] 
Episode: 197: [[-1.3646805  -1.5211564  -1.0974633  -0.21445955 -1.8418542  -1.2323859
   0.6083828  -2.085669   -1.7436014   2.512398   -1.9895872  -1.7510853
  -0.16722697]] 
Episode: 198: [[-1.3647708  -1.521116   -1.0974414  -0.21439809 -1.8418577  -1.232335
   0.6083732  -2.0856915  -1.7435852   2.5123777  -1.9896355  -1.7511444
  -0.1672766 ]] 
Episode: 199: [[-1.3648359  -1.521112   -1.0974051  -0.21436857 -1.8418862  -1.2323059
   0.6083483  -2.0857213  -1.7435602   2.5123856  -1.989658   -1.7511808
  -0.16732445]] 
Episode: 200: [[-1.3648987  -1.5211121  -1.097355   -0.21432336 -1.8419214  -1.2322502
   0.60837007 -2.0857627  -1.7435632   2.5123599  -1.9897013  -1.7512335
  -0.1673685 ]] 
Episode: 201: [[-1.3649497  -1.5211203  -1.0973183  -0.21428096 -1.8419476  -1.2321955
   0.60840094 -2.0857916  -1.7435651   2.5123336  -1.9897593  -1.7512983
  -0.16741605]] 
Episode: 202: [[-1.3650434  -1.5211512  -1.0972124  -0.21415772 -1.841966   -1.2320113
   0.6085223  -2.0858226  -1.7435937   2.5122132  -1.9898907  -1.751461
  -0.16752635]] 
Episode: 203: [[-1.3651332  -1.5211803  -1.0971158  -0.21405184 -1.841992   -1.2318588
   0.60862434 -2.0858517  -1.7436156   2.5121133  -1.9899973  -1.7515917
  -0.16761674]] 
Episode: 204: [[-1.3651825  -1.521232   -1.0969907  -0.21402235 -1.8420784  -1.2317208
   0.6086634  -2.0859127  -1.7435428   2.5120964  -1.9900454  -1.751703
  -0.16776626]] 
Episode: 205: [[-1.3652155  -1.5213126  -1.0968251  -0.21404082 -1.8422277  -1.2315933
   0.6086576  -2.0860221  -1.743423    2.5121353  -1.9900433  -1.7517909
  -0.16795114]] 
Episode: 206: [[-1.3652561  -1.5213605  -1.0967047  -0.21406236 -1.8423347  -1.2315005
   0.60862285 -2.0861118  -1.7433074   2.512189   -1.9900312  -1.7518576
  -0.16810904]] 
Episode: 207: [[-1.3653002  -1.5214084  -1.0965865  -0.2140799  -1.8424268  -1.2314188
   0.608609   -2.086171   -1.743221    2.5122278  -1.9900317  -1.7519116
  -0.16822983]] 
Episode: 208: [[-1.3653626  -1.5214392  -1.0964837  -0.21407704 -1.842496   -1.2313553
   0.60859936 -2.086237   -1.7431691   2.5122523  -1.9900316  -1.7519596
  -0.16833417]] 
Episode: 209: [[-1.3654653  -1.5215089  -1.0963036  -0.21401413 -1.8425959  -1.2312297
   0.608615   -2.086322   -1.7431161   2.5122216  -1.9900632  -1.7520546
  -0.16846862]] 
Episode: 210: [[-1.3657316  -1.5215777  -1.0960279  -0.21382259 -1.8427444  -1.2309537
   0.6088066  -2.0865746  -1.7432199   2.5120654  -1.9902338  -1.7523212
  -0.16872434]] 
Episode: 211: [[-1.3659745  -1.5216615  -1.095784   -0.21364869 -1.8428895  -1.2306975
   0.60897106 -2.086803   -1.7432936   2.5119321  -1.9903833  -1.7525616
  -0.1689591 ]] 
Episode: 212: [[-1.3661952  -1.5217468  -1.0955637  -0.21349207 -1.8430221  -1.2304645
   0.60910857 -2.0870092  -1.7433535   2.5118208  -1.9905181  -1.7527843
  -0.16918911]] 
Episode: 213: [[-1.3664144  -1.5218039  -1.0953709  -0.21333648 -1.8431288  -1.2302444
   0.6092276  -2.0871925  -1.7434114   2.5117135  -1.9906514  -1.7529923
  -0.16938518]] 
Episode: 214: [[-1.3666115  -1.5218697  -1.0951699  -0.21320675 -1.8432595  -1.2300297
   0.6093318  -2.0873768  -1.7434418   2.5116267  -1.990765   -1.7531838
  -0.16957834]] 
Episode: 215: [[-1.3667976  -1.5219177  -1.0950043  -0.21307245 -1.8433598  -1.2298412
   0.60943735 -2.087527   -1.7434901   2.5115297  -1.9908766  -1.7533504
  -0.16972959]] 
Episode: 216: [[-1.3669673  -1.5219563  -1.0948473  -0.21295927 -1.843459   -1.2296832
   0.609522   -2.087663   -1.7435341   2.51145    -1.9909667  -1.753485
  -0.16985309]] 
Episode: 217: [[-1.3671033  -1.5219966  -1.0947322  -0.21283753 -1.8434976  -1.2295378
   0.6096362  -2.0877588  -1.743637    2.5113413  -1.9910864  -1.7536212
  -0.16993444]] 
Episode: 218: [[-1.3672526  -1.5219989  -1.0946289  -0.21268816 -1.843486   -1.2293482
   0.6097357  -2.0878434  -1.743718    2.5112154  -1.9912224  -1.7537874
  -0.17004642]] 
Episode: 219: [[-1.3673918  -1.5219753  -1.0945462  -0.21255961 -1.84345    -1.2291573
   0.6098352  -2.087926   -1.7438025   2.5111065  -1.9913622  -1.7539606
  -0.17016502]] 
Episode: 220: [[-1.3675305  -1.5219449  -1.0944587  -0.2124563  -1.8434342  -1.2289939
   0.60991484 -2.088      -1.7438679   2.5110235  -1.991473   -1.7540965
  -0.17026149]] 
Episode: 221: [[-1.3677509  -1.5218736  -1.094388   -0.21226737 -1.8433641  -1.2288431
   0.6099764  -2.0881429  -1.7439781   2.5108988  -1.991586   -1.7542429
  -0.17036311]] 
Episode: 222: [[-1.3679423  -1.5218209  -1.0943247  -0.21210901 -1.8433158  -1.228732
   0.6100239  -2.0882766  -1.7440846   2.5107968  -1.9916631  -1.7543441
  -0.17043151]] 
Episode: 223: [[-1.3681259  -1.5217702  -1.0942652  -0.21195564 -1.8432667  -1.2286258
   0.6100691  -2.0883946  -1.7441828   2.5106966  -1.9917384  -1.7544383
  -0.17049073]] 
Episode: 224: [[-1.3682977  -1.5217255  -1.0942101  -0.21181248 -1.8432288  -1.228523
   0.61011    -2.0885139  -1.7442657   2.5106068  -1.9918048  -1.7545279
  -0.17055959]] 
Episode: 225: [[-1.3684537  -1.5217232  -1.0941404  -0.21168599 -1.8432404  -1.2284333
   0.6101605  -2.0886543  -1.7443386   2.5105286  -1.9918458  -1.7545974
  -0.1706298 ]] 
Episode: 226: [[-1.3685849  -1.5217457  -1.0940583  -0.21160279 -1.8432844  -1.2283653
   0.61017185 -2.088805   -1.7443553   2.5105019  -1.9918458  -1.7546511
  -0.17073633]] 
Episode: 227: [[-1.3687019  -1.52178    -1.0939645  -0.21154115 -1.8433435  -1.2283012
   0.6101774  -2.0889437  -1.7443658   2.51049    -1.9918442  -1.7546957
  -0.17083284]] 
Episode: 228: [[-1.3688108  -1.5218095  -1.0938803  -0.21147835 -1.8433992  -1.2282321
   0.61019725 -2.0890665  -1.7443764   2.510468   -1.9918551  -1.7547431
  -0.17091534]] 
Episode: 229: [[-1.3689145  -1.5218254  -1.093809   -0.21142389 -1.8434398  -1.228192
   0.61020744 -2.0891623  -1.7443914   2.5104506  -1.9918592  -1.7547665
  -0.17096432]] 
Episode: 230: [[-1.3690394  -1.5218259  -1.09374    -0.21134362 -1.8434753  -1.2281215
   0.61024415 -2.0892682  -1.7444183   2.510409   -1.9918821  -1.754814
  -0.1710281 ]] 
Episode: 231: [[-1.3691506  -1.5218366  -1.0936859  -0.2112715  -1.8435144  -1.2280709
   0.61027855 -2.0893621  -1.7444441   2.510374   -1.9919016  -1.7548515
  -0.17107996]] 
Episode: 232: [[-1.3692696  -1.5218291  -1.0936298  -0.21120344 -1.843547   -1.2280254
   0.61028475 -2.0894525  -1.7444494   2.5103536  -1.9919057  -1.7548813
  -0.17114191]] 
Episode: 233: [[-1.3693776  -1.5218239  -1.0935675  -0.21114336 -1.8435822  -1.2280035
   0.61027485 -2.0895348  -1.7444649   2.5103402  -1.9919045  -1.7549025
  -0.17119388]] 
Episode: 234: [[-1.3694717  -1.5218196  -1.093523   -0.2110916  -1.8436165  -1.2279786
   0.61028093 -2.0896113  -1.7444812   2.510326   -1.9919071  -1.7549211
  -0.17123538]] 
Episode: 235: [[-1.3695667  -1.5218203  -1.0934787  -0.21103354 -1.8436495  -1.2279522
   0.61028767 -2.0896778  -1.7445      2.5103052  -1.9919168  -1.7549392
  -0.171267  ]] 
Episode: 236: [[-1.3696699  -1.5218089  -1.0934455  -0.21098758 -1.8436745  -1.2279371
   0.6102744  -2.0897377  -1.7445155   2.5103025  -1.9919089  -1.7549325
  -0.17127438]] 
Episode: 237: [[-1.3697636  -1.5218008  -1.0934069  -0.2109456  -1.8436944  -1.2279128
   0.61026675 -2.0897818  -1.7445213   2.5102983  -1.9919147  -1.7549397
  -0.17129412]] 
Episode: 238: [[-1.3698434  -1.5218054  -1.0933824  -0.21090259 -1.8437065  -1.2278976
   0.61027145 -2.0898163  -1.7445446   2.5102859  -1.9919257  -1.754942
  -0.17129913]] 
Episode: 239: [[-1.3699402  -1.5218204  -1.0933518  -0.21084218 -1.8437443  -1.2278682
   0.6102814  -2.0898716  -1.7445719   2.5102642  -1.9919324  -1.7549435
  -0.17130579]] 
Episode: 240: [[-1.3700203  -1.5218517  -1.0933233  -0.21080042 -1.8438021  -1.2278656
   0.61029553 -2.089915   -1.7445906   2.510253   -1.9919238  -1.7549231
  -0.17129582]] 
Episode: 241: [[-1.3700912  -1.5218818  -1.0932722  -0.21077065 -1.843868   -1.2278477
   0.6103177  -2.0899644  -1.7446083   2.5102422  -1.9919169  -1.7549076
  -0.17129189]] 
Episode: 242: [[-1.3701572  -1.5218976  -1.0932223  -0.21074285 -1.8439176  -1.2278349
   0.6103536  -2.0900006  -1.7446399   2.510223   -1.9919158  -1.7548925
  -0.17128019]] 
Episode: 243: [[-1.3702168  -1.521923   -1.0931653  -0.21071747 -1.8439703  -1.2278062
   0.61039776 -2.0900424  -1.7446637   2.5102048  -1.9919318  -1.7549024
  -0.17129526]] 
Episode: 244: [[-1.3702722  -1.5219514  -1.0931062  -0.21070644 -1.8440443  -1.2277843
   0.6104261  -2.0900946  -1.7446681   2.5102053  -1.9919262  -1.7548969
  -0.1713162 ]] 
Episode: 245: [[-1.3703297  -1.5219991  -1.0930457  -0.21068022 -1.8441254  -1.22773
   0.61047626 -2.0901966  -1.7446864   2.510194   -1.9919322  -1.7549245
  -0.1713735 ]] 
Episode: 246: [[-1.3703961  -1.5220462  -1.0929843  -0.21064487 -1.8442066  -1.2276711
   0.6105248  -2.090287   -1.7446969   2.510177   -1.9919448  -1.7549529
  -0.17142457]] 
Episode: 247: [[-1.3704462  -1.5221039  -1.0929095  -0.21062383 -1.8442907  -1.2276071
   0.6105684  -2.0903661  -1.7446808   2.510169   -1.9919648  -1.7549943
  -0.17149381]] 
Episode: 248: [[-1.3704998  -1.5221225  -1.092818   -0.21059756 -1.8443452  -1.2274822
   0.61060023 -2.0904562  -1.7446746   2.5101538  -1.9920048  -1.7550656
  -0.17159173]] 
Episode: 249: [[-1.3705454  -1.5221449  -1.0927035  -0.21062347 -1.844442   -1.2273854
   0.61056167 -2.0905752  -1.7445952   2.5102086  -1.9919834  -1.7551059
  -0.17171521]] 
Episode: 250: [[-1.3705876  -1.5221684  -1.092584   -0.21065594 -1.8445497  -1.2272878
   0.61051106 -2.0907025  -1.7445015   2.5102735  -1.9919586  -1.7551477
  -0.17184763]] 
Episode: 251: [[-1.3706272  -1.5222058  -1.092464   -0.21069074 -1.8446525  -1.2271914
   0.6104656  -2.0908234  -1.7444165   2.5103388  -1.9919384  -1.7551905
  -0.17197558]] 
Episode: 252: [[-1.370666   -1.5222431  -1.0923455  -0.21069992 -1.844712   -1.2270818
   0.6104568  -2.0909016  -1.7443645   2.5103626  -1.991962   -1.7552571
  -0.17208566]] 
Episode: 253: [[-1.3706973  -1.5223023  -1.0922472  -0.21069872 -1.8447988  -1.226998
   0.6104809  -2.0909793  -1.744333    2.5103693  -1.9919866  -1.7553124
  -0.17217185]] 
Episode: 254: [[-1.3707528  -1.5223355  -1.0921628  -0.21066934 -1.8448316  -1.2268977
   0.6105099  -2.0910354  -1.7443129   2.510355   -1.9920439  -1.7553978
  -0.17226005]] 
Episode: 255: [[-1.3708149  -1.5223575  -1.0920745  -0.21064529 -1.8448677  -1.2268006
   0.61053336 -2.0910888  -1.7442876   2.5103507  -1.9921129  -1.7554976
  -0.1723595 ]] 
Episode: 256: [[-1.3708712  -1.5223832  -1.0919807  -0.21061938 -1.8449029  -1.2266978
   0.6105586  -2.0911329  -1.7442567   2.510341   -1.992192   -1.7556044
  -0.17246082]] 
Episode: 257: [[-1.3709263  -1.5223911  -1.0919262  -0.21060562 -1.8449256  -1.2266263
   0.6105497  -2.0911815  -1.7442261   2.5103598  -1.9922537  -1.7556942
  -0.17255737]] 
Episode: 258: [[-1.3709322  -1.5224041  -1.0919529  -0.21063784 -1.8449243  -1.2266294
   0.61055446 -2.0911887  -1.7442338   2.5104086  -1.9923096  -1.7557462
  -0.17259689]] 
Episode: 259: [[-1.370959   -1.5224028  -1.0919449  -0.21065836 -1.8449323  -1.2265985
   0.6105622  -2.0911984  -1.7442278   2.5104458  -1.992378   -1.7558172
  -0.17265035]] 
Episode: 260: [[-1.3709893  -1.5223892  -1.0919591  -0.21066552 -1.8449187  -1.2265819
   0.6105676  -2.0911953  -1.7442367   2.5104725  -1.99245    -1.7558818
  -0.17268476]] 
Episode: 261: [[-1.3710409  -1.5223604  -1.0919449  -0.21065423 -1.8449036  -1.2265278
   0.6106022  -2.0912092  -1.7442658   2.510475   -1.9925416  -1.7559717
  -0.1727394 ]] 
Episode: 262: [[-1.3711168  -1.5223125  -1.0919666  -0.21058416 -1.8448169  -1.2264603
   0.6106835  -2.0911453  -1.7443595   2.5104022  -1.9926949  -1.7560608
  -0.17269051]] 
Episode: 263: [[-1.3711988  -1.5222758  -1.0919993  -0.21050365 -1.8447349  -1.2264093
   0.6107603  -2.0910912  -1.7444786   2.5103245  -1.9928337  -1.7561244
  -0.17261411]] 
Episode: 264: [[-1.3712564  -1.5222574  -1.092005   -0.21045873 -1.8447     -1.2263556
   0.61081177 -2.0910754  -1.7445524   2.510283   -1.992943   -1.756185
  -0.17257819]] 
Episode: 265: [[-1.3713089  -1.5222481  -1.0919915  -0.21043219 -1.8446885  -1.2263095
   0.6108466  -2.091068   -1.744607    2.5102606  -1.9930279  -1.7562265
  -0.17254679]] 
Episode: 266: [[-1.3713738  -1.5222735  -1.0919414  -0.21041274 -1.8447076  -1.2262808
   0.61085266 -2.0910816  -1.7446507   2.5102592  -1.9930794  -1.7562484
  -0.17252375]] 
Episode: 267: [[-1.3714603  -1.5222831  -1.0918766  -0.2103813  -1.8447249  -1.2262416
   0.6108604  -2.091119   -1.744694    2.5102518  -1.993126   -1.7562792
  -0.17251775]] 
Episode: 268: [[-1.3715236  -1.5223598  -1.0917861  -0.21035495 -1.8448193  -1.22618
   0.6108951  -2.0912151  -1.7447484   2.5102394  -1.993165   -1.7563077
  -0.17251715]] 
Episode: 269: [[-1.3715117  -1.5224073  -1.0918144  -0.21043585 -1.8448259  -1.2261946
   0.6108598  -2.0912633  -1.744739    2.5103345  -1.9931465  -1.7562827
  -0.17250013]] 
Episode: 270: [[-1.3715008  -1.5224518  -1.0918571  -0.21050711 -1.844835   -1.226234
   0.6108155  -2.0913143  -1.7447351   2.5104253  -1.9931058  -1.7562351
  -0.1724703 ]] 
Episode: 271: [[-1.3714955  -1.5224814  -1.0918782  -0.21057385 -1.8448447  -1.2262863
   0.61078715 -2.09136    -1.7447474   2.5105028  -1.9930754  -1.7561946
  -0.17243876]] 
Episode: 272: [[-1.371534   -1.5225036  -1.0918747  -0.21058205 -1.8448251  -1.2263125
   0.6107861  -2.091371   -1.7447925   2.510522   -1.9930754  -1.7561654
  -0.17238635]] 
Episode: 273: [[-1.3715974  -1.5225186  -1.0918508  -0.21056893 -1.8448032  -1.2263196
   0.61078817 -2.091368   -1.744839    2.5105195  -1.9930829  -1.7561294
  -0.17231032]] 
Episode: 274: [[-1.3716513  -1.5225277  -1.0918088  -0.21055879 -1.8447891  -1.2262938
   0.6107978  -2.0913723  -1.7448729   2.5105133  -1.9931165  -1.7561282
  -0.17226395]] 
Episode: 275: [[-1.3717105  -1.5225427  -1.0917667  -0.21054102 -1.8447732  -1.226279
   0.6108182  -2.091364   -1.7449219   2.510497   -1.9931521  -1.7561175
  -0.1722004 ]] 
Episode: 276: [[-1.3717743  -1.5225451  -1.0917488  -0.2105103  -1.8447338  -1.2262715
   0.6108452  -2.0913427  -1.7449906   2.5104702  -1.9931952  -1.7561072
  -0.17212813]] 
Episode: 277: [[-1.3717991  -1.522597   -1.091694   -0.21052618 -1.8447707  -1.2262625
   0.6108466  -2.0913951  -1.7450304   2.510491   -1.9932107  -1.7561032
  -0.17210934]] 
Episode: 278: [[-1.371831   -1.5226234  -1.0916876  -0.21053593 -1.8447864  -1.2263
   0.6108454  -2.0914207  -1.74507     2.5105083  -1.9931971  -1.7560526
  -0.1720418 ]] 
Episode: 279: [[-1.3720189  -1.5225556  -1.0916561  -0.2104377  -1.8447871  -1.2262347
   0.6108708  -2.0914958  -1.7451289   2.5104687  -1.9932303  -1.7560706
  -0.17202714]] 
Episode: 280: [[-1.3721888  -1.5224907  -1.0916501  -0.2103456  -1.844793   -1.2261779
   0.61091095 -2.0915756  -1.7452056   2.5104277  -1.9932638  -1.7560796
  -0.17200011]] 
Episode: 281: [[-1.3723283  -1.5224465  -1.0916251  -0.21030681 -1.844839   -1.2261529
   0.6109123  -2.091673   -1.7452344   2.5104423  -1.9932564  -1.7560681
  -0.17200229]] 
Episode: 282: [[-1.3723859  -1.5224792  -1.0915763  -0.21034956 -1.8449894  -1.2261633
   0.6108742  -2.0918417  -1.745232    2.510531   -1.9931917  -1.7560288
  -0.17204326]] 
Episode: 283: [[-1.3724371  -1.5224802  -1.0915363  -0.21041475 -1.8451267  -1.2261974
   0.6107905  -2.0920036  -1.7452155   2.5106494  -1.9931092  -1.7559744
  -0.17208068]] 
Episode: 284: [[-1.3724599  -1.5225053  -1.0914801  -0.21049811 -1.8452809  -1.2262222
   0.61070615 -2.0921817  -1.7451679   2.5107787  -1.9930204  -1.7559353
  -0.17215289]] 
Episode: 285: [[-1.3724784  -1.5225114  -1.0914315  -0.21058206 -1.8454046  -1.2262362
   0.61060506 -2.0923305  -1.7451024   2.5109096  -1.9929436  -1.7559085
  -0.17223081]] 
Episode: 286: [[-1.3724903  -1.5225272  -1.09138    -0.21066155 -1.8455267  -1.2262508
   0.6105069  -2.0924675  -1.7450413   2.5110304  -1.9928743  -1.7558784
  -0.17229113]] 
Episode: 287: [[-1.3724965  -1.5225416  -1.0913274  -0.21073578 -1.845633   -1.2262552
   0.61042523 -2.0925732  -1.7449982   2.5111327  -1.9928327  -1.7558503
  -0.17232142]] 
Episode: 288: [[-1.3725188  -1.5225585  -1.0912673  -0.210792   -1.8457495  -1.22625
   0.61036605 -2.0926788  -1.7449764   2.5112128  -1.992792   -1.7558107
  -0.17233048]] 
Episode: 289: [[-1.372546   -1.5225807  -1.0911909  -0.21084432 -1.8458781  -1.2262274
   0.61035156 -2.0927823  -1.7449807   2.511276   -1.9927746  -1.7557925
  -0.17234573]] 
Episode: 290: [[-1.3725706  -1.5225929  -1.0910946  -0.21088336 -1.845984   -1.2261597
   0.6103286  -2.0928946  -1.7449669   2.5113254  -1.992783   -1.7558202
  -0.17239441]] 
Episode: 291: [[-1.3725928  -1.5226135  -1.0910007  -0.21092682 -1.8460985  -1.2261219
   0.6102923  -2.0930138  -1.7449558   2.5113823  -1.992771   -1.7558229
  -0.17242447]] 
Episode: 292: [[-1.3725904  -1.5226483  -1.0910063  -0.21096429 -1.8462111  -1.2261933
   0.6103152  -2.093086   -1.7450161   2.5114183  -1.9927576  -1.7557702
  -0.17236415]] 
Episode: 293: [[-1.3726057  -1.5226653  -1.091033   -0.21096046 -1.8462743  -1.226246
   0.6103632  -2.0931206  -1.7451069   2.5114107  -1.9927886  -1.7557385
  -0.17228128]] 
Episode: 294: [[-1.3725879  -1.5227065  -1.0911037  -0.21098256 -1.8463249  -1.2263218
   0.610404   -2.0931358  -1.7451807   2.511428   -1.9928037  -1.7556945
  -0.17219605]] 
Episode: 295: [[-1.3725876  -1.5227325  -1.0911672  -0.21098219 -1.846353   -1.2263802
   0.6104567  -2.0931273  -1.7452691   2.5114202  -1.9928484  -1.7556633
  -0.17209584]] 
Episode: 296: [[-1.3725961  -1.5227423  -1.0912293  -0.21096803 -1.8463643  -1.2264293
   0.61051404 -2.093107   -1.745358    2.5113966  -1.9928961  -1.7556337
  -0.17199193]] 
Episode: 297: [[-1.3727167  -1.5226276  -1.0914667  -0.21083505 -1.8463048  -1.2265568
   0.610595   -2.093185   -1.7455267   2.5113275  -1.9929411  -1.7556101
  -0.17189303]] 
Episode: 298: [[-1.3728203  -1.5225229  -1.0916907  -0.21073087 -1.8462563  -1.2266848
   0.6106633  -2.0932517  -1.7456726   2.5112815  -1.9929743  -1.755576
  -0.17179574]] 
Episode: 299: [[-1.3728919  -1.5224575  -1.0918688  -0.21065393 -1.8462409  -1.2267839
   0.61073554 -2.0933244  -1.745778    2.5112484  -1.9930056  -1.7555649
  -0.17174475]] 
Episode: 300: [[-1.3730396  -1.5223671  -1.09202    -0.21053831 -1.8462131  -1.2268662
   0.6108199  -2.0934246  -1.7458969   2.5111997  -1.9930416  -1.7555745
  -0.1717163 ]] 
Episode: 301: [[-1.3731797  -1.5222785  -1.0921624  -0.21043114 -1.8461758  -1.2269526
   0.6108845  -2.0934992  -1.7460111   2.5111575  -1.9930784  -1.7555754
  -0.17167427]] 
Episode: 302: [[-1.3733333  -1.5221826  -1.0922984  -0.21030535 -1.846103   -1.2270265
   0.61095065 -2.093538   -1.7461432   2.5110962  -1.9931462  -1.7555921
  -0.17162102]] 
Episode: 303: [[-1.373383   -1.5222038  -1.0924059  -0.21024902 -1.8460828  -1.227196
   0.6109573  -2.0936     -1.7462633   2.5110874  -1.993154   -1.7555436
  -0.1715337 ]] 
Episode: 304: [[-1.3734463 -1.5221946 -1.0924993 -0.2101842 -1.8460349 -1.2273419
   0.6109535 -2.093629  -1.7463597  2.5110695 -1.9931891 -1.7555206
  -0.1714501]] 
Episode: 305: [[-1.3735303  -1.522177   -1.0925723  -0.21010171 -1.8459811  -1.2274649
   0.61093795 -2.0936518  -1.7464478   2.5110407  -1.9932256  -1.7555037
  -0.17137341]] 
Episode: 306: [[-1.3736405  -1.5221196  -1.0926361  -0.21006174 -1.8459373  -1.2275811
   0.6108728  -2.0936484  -1.746483    2.5110688  -1.9932302  -1.7554512
  -0.17128031]] 
Episode: 307: [[-1.3737451  -1.5220675  -1.0926696  -0.21004257 -1.8459213  -1.2276864
   0.6107669  -2.0936623  -1.7464763   2.5111296  -1.9932239  -1.7554159
  -0.17123376]] 
Episode: 308: [[-1.3738368  -1.5220344  -1.0926764  -0.21004312 -1.8459436  -1.2277851
   0.6106665  -2.0936909  -1.7464488   2.511202   -1.9932038  -1.7553779
  -0.17120315]] 
Episode: 309: [[-1.3739661  -1.5219238  -1.0927056  -0.21002576 -1.845908   -1.2278713
   0.61052454 -2.0937688  -1.7464192   2.5112824  -1.9931747  -1.7553556
  -0.17119506]] 
Episode: 310: [[-1.374083   -1.5218211  -1.0927225  -0.21001056 -1.8458754  -1.2279391
   0.610393   -2.093843   -1.7463807   2.5113552  -1.993153   -1.7553439
  -0.17119817]] 
Episode: 311: [[-1.3742051  -1.5217183  -1.0927405  -0.20998496 -1.8458446  -1.2279968
   0.6102743  -2.0939045  -1.7463443   2.511413   -1.9931351  -1.7553269
  -0.1711881 ]] 
Episode: 312: [[-1.3743216  -1.5216266  -1.0927393  -0.20997444 -1.8458376  -1.2280483
   0.61015666 -2.0939667  -1.7462904   2.5114794  -1.9931071  -1.7552981
  -0.17117171]] 
Episode: 313: [[-1.3744287  -1.5215454  -1.0927366  -0.20995958 -1.8458272  -1.2280858
   0.6100579  -2.094015   -1.7462391   2.5115323  -1.9930987  -1.7552829
  -0.17115913]] 
Episode: 314: [[-1.3745396  -1.5214596  -1.0927544  -0.2098886  -1.845764   -1.2280977
   0.6100207  -2.094044   -1.746265    2.5115118  -1.993145   -1.7553012
  -0.17113186]] 
Episode: 315: [[-1.3746418  -1.5213883  -1.0927595  -0.20981582 -1.8457084  -1.2280942
   0.61000806 -2.0940697  -1.7462955   2.511477   -1.9932042  -1.755332
  -0.17110673]] 
Episode: 316: [[-1.3747305  -1.5213252  -1.092758   -0.2097402  -1.8456523  -1.2280675
   0.61002177 -2.0940938  -1.7463443   2.5114253  -1.9932854  -1.7553838
  -0.17108572]] 
Episode: 317: [[-1.374817   -1.5212576  -1.0927056  -0.20967859 -1.8456182  -1.2280047
   0.61003697 -2.0941284  -1.7463765   2.5113764  -1.9933746  -1.7554564
  -0.17108864]] 
Episode: 318: [[-1.3749026  -1.5211931  -1.0926406  -0.20962428 -1.8455933  -1.2279233
   0.61004776 -2.094178   -1.7464033   2.5113356  -1.9934622  -1.755536
  -0.1711081 ]] 
Episode: 319: [[-1.374979   -1.5211134  -1.0925984  -0.20957693 -1.8455505  -1.2278653
   0.61004907 -2.0942307  -1.7464395   2.5113027  -1.9935377  -1.7556051
  -0.17111935]] 
Episode: 320: [[-1.3750486  -1.5210228  -1.0925696  -0.20955583 -1.8455039  -1.2278142
   0.61002374 -2.0942707  -1.7464423   2.5113065  -1.9936037  -1.7556827
  -0.17116049]] 
Episode: 321: [[-1.3751316  -1.520962   -1.0925239  -0.20952073 -1.8454733  -1.2277699
   0.609991   -2.0943139  -1.7464375   2.5113044  -1.9936534  -1.7557473
  -0.1711936 ]] 
Episode: 322: [[-1.375218   -1.520895   -1.0924962  -0.20947218 -1.8454257  -1.2277349
   0.60997176 -2.094338   -1.746457    2.5112848  -1.9937042  -1.7557964
  -0.1712001 ]] 
Episode: 323: [[-1.3752862  -1.5208467  -1.0924578  -0.20943227 -1.8453834  -1.2276932
   0.6099649  -2.0943608  -1.746484    2.511263   -1.9937612  -1.7558522
  -0.17121188]] 
Episode: 324: [[-1.3753417  -1.5208026  -1.0924206  -0.20939869 -1.8453394  -1.2276393
   0.60997957 -2.0943809  -1.7465279   2.511236   -1.9938295  -1.7559174
  -0.17122686]] 
Episode: 325: [[-1.375428   -1.5207329  -1.0924262  -0.20935158 -1.8452919  -1.2276126
   0.60996896 -2.0943902  -1.7465539   2.5112202  -1.9938685  -1.755948
  -0.17122087]] 
Episode: 326: [[-1.3754876  -1.520688   -1.0924189  -0.20931956 -1.845261   -1.2275851
   0.6099599  -2.0944102  -1.7465754   2.5112104  -1.9939004  -1.755981
  -0.17122847]] 
Episode: 327: [[-1.375526   -1.5206764  -1.0923915  -0.20930587 -1.8452399  -1.2275704
   0.6099494  -2.0944307  -1.7466061   2.5112092  -1.9939222  -1.7560016
  -0.17122711]] 
Episode: 328: [[-1.3755684  -1.5206746  -1.0923603  -0.20928647 -1.8452408  -1.227565
   0.6099518  -2.0944588  -1.7466514   2.5111988  -1.9939334  -1.7560023
  -0.17120436]] 
Episode: 329: [[-1.3755846  -1.5206988  -1.0923173  -0.20930381 -1.8452731  -1.2275914
   0.6099172  -2.094506   -1.7466445   2.511233   -1.9939022  -1.7559904
  -0.17122118]] 
Episode: 330: [[-1.3755977  -1.5207256  -1.0922688  -0.20932794 -1.8453155  -1.2276074
   0.60987914 -2.0945601  -1.74662     2.511274   -1.9938674  -1.7559816
  -0.1712476 ]] 
Episode: 331: [[-1.375647   -1.5207345  -1.0921954  -0.20932935 -1.8453532  -1.2275996
   0.6098392  -2.0946236  -1.7465998   2.511301   -1.9938416  -1.7559843
  -0.17127934]] 
Episode: 332: [[-1.3757105  -1.5207281  -1.0921553  -0.20931283 -1.8453671  -1.2276173
   0.6097835  -2.0946667  -1.746595    2.5113246  -1.9938266  -1.7559792
  -0.17128997]] 
Episode: 333: [[-1.3757681  -1.5207258  -1.0921081  -0.20931351 -1.845386   -1.2276351
   0.6097267  -2.0946934  -1.7465792   2.5113595  -1.9938107  -1.7559638
  -0.1712884 ]] 
Episode: 334: [[-1.3758253  -1.5207245  -1.0920632  -0.20931107 -1.8454006  -1.2276542
   0.6096696  -2.0947154  -1.7465714   2.5113928  -1.993799   -1.755951
  -0.17129375]] 
Episode: 335: [[-1.375893   -1.520707   -1.0920063  -0.20929196 -1.8454013  -1.2276512
   0.6096195  -2.0947447  -1.7465729   2.511408   -1.9938008  -1.7559588
  -0.17131226]] 
Episode: 336: [[-1.3759542  -1.520702   -1.0919399  -0.20928532 -1.8454183  -1.2276535
   0.6095731  -2.094761   -1.7465665   2.51143    -1.9937958  -1.755954
  -0.17132244]] 
Episode: 337: [[-1.3760167  -1.5207132  -1.0918769  -0.20925434 -1.8454384  -1.2276435
   0.6095347  -2.0947897  -1.7465826   2.5114307  -1.9938053  -1.7559633
  -0.17133681]] 
Episode: 338: [[-1.3760778  -1.5207479  -1.0918026  -0.20924035 -1.8454785  -1.2276547
   0.60947    -2.0948155  -1.746567    2.511458   -1.9937911  -1.7559547
  -0.17135346]] 
Episode: 339: [[-1.37613    -1.520792   -1.0917232  -0.20923905 -1.8455266  -1.2276776
   0.6094075  -2.094833   -1.7465464   2.5114944  -1.9937723  -1.7559414
  -0.17137621]] 
Episode: 340: [[-1.3761618  -1.520852   -1.0916241  -0.20926802 -1.845615   -1.2276835
   0.6093272  -2.0948818  -1.7464828   2.5115614  -1.993742   -1.7559404
  -0.1714339 ]] 
Episode: 341: [[-1.3761995  -1.5209237  -1.0915068  -0.20928298 -1.8456973  -1.227677
   0.6092856  -2.0949163  -1.7464451   2.5115983  -1.9937279  -1.7559409
  -0.1714713 ]] 
Episode: 342: [[-1.3762344  -1.5209835  -1.0914059  -0.2092899  -1.8457673  -1.2276691
   0.60925674 -2.094939   -1.7464265   2.5116217  -1.9937315  -1.7559437
  -0.17149326]] 
Episode: 343: [[-1.3762618  -1.5210329  -1.0913043  -0.2093163  -1.8458362  -1.2276607
   0.60920596 -2.0949574  -1.7463771   2.511668   -1.9937279  -1.7559493
  -0.17153102]] 
Episode: 344: [[-1.3762764  -1.5211041  -1.0911939  -0.20934764 -1.8459237  -1.2276434
   0.6091685  -2.0949814  -1.7463189   2.5117118  -1.9937232  -1.75596
  -0.17157711]] 
Episode: 345: [[-1.3763051  -1.52116    -1.0910814  -0.20935677 -1.845998   -1.2276139
   0.6091572  -2.0950034  -1.7462822   2.511729   -1.9937426  -1.7559906
  -0.17162456]] 
Episode: 346: [[-1.3763084  -1.5212518  -1.0909593  -0.20937297 -1.8460859  -1.2275747
   0.6091807  -2.095031   -1.7462622   2.511735   -1.9937686  -1.7560308
  -0.17167623]] 
Episode: 347: [[-1.3763678  -1.5212787  -1.0908811  -0.20935304 -1.846143   -1.2275302
   0.6091793  -2.0950913  -1.7462461   2.5117404  -1.9937978  -1.7560835
  -0.17173854]] 
Episode: 348: [[-1.3764354  -1.521299   -1.0908058  -0.20932242 -1.846183   -1.2275051
   0.6091678  -2.0951393  -1.7462419   2.5117407  -1.9938289  -1.7561319
  -0.17179024]] 
Episode: 349: [[-1.3765813  -1.5212562  -1.0907278  -0.20924082 -1.8461801  -1.2274686
   0.6091097  -2.0951858  -1.7462441   2.5117257  -1.9938565  -1.7561704
  -0.17182311]] 
Episode: 350: [[-1.3767085  -1.5212284  -1.0906373  -0.20917675 -1.8461947  -1.2274357
   0.609058   -2.095233   -1.7462434   2.5117154  -1.9938744  -1.756196
  -0.17184436]] 
Episode: 351: [[-1.376827   -1.5212053  -1.0905471  -0.20911516 -1.8462176  -1.2273878
   0.6090065  -2.095299   -1.7462331   2.511709   -1.9938968  -1.7562419
  -0.17189233]] 
Episode: 352: [[-1.3769635  -1.5211358  -1.0904571  -0.20906954 -1.8462296  -1.2273506
   0.6089128  -2.0953743  -1.7462097   2.5117326  -1.9938884  -1.7562667
  -0.17194256]] 
Episode: 353: [[-1.3771554  -1.5210286  -1.0903606  -0.20896384 -1.8462487  -1.227262
   0.6088274  -2.0955076  -1.7462019   2.511718   -1.9939095  -1.756335
  -0.17202443]] 
Episode: 354: [[-1.377347   -1.5209101  -1.0902612  -0.20884828 -1.8462597  -1.2271473
   0.60874707 -2.0956316  -1.7461903   2.5116909  -1.9939532  -1.7564303
  -0.1721224 ]] 
Episode: 355: [[-1.3775558  -1.5208031  -1.0901413  -0.20873313 -1.8462821  -1.2270536
   0.6086178  -2.0957773  -1.746186    2.511683   -1.993967   -1.75649
  -0.17219731]] 
Episode: 356: [[-1.3777312  -1.5207161  -1.0900393  -0.20863965 -1.8463144  -1.2269765
   0.60851264 -2.09591    -1.7461936   2.5116782  -1.9939796  -1.7565329
  -0.17224912]] 
Episode: 357: [[-1.3779074  -1.5206274  -1.0899367  -0.2085541  -1.8463418  -1.2268921
   0.6084165  -2.096015   -1.7461799   2.511678   -1.9939963  -1.7565814
  -0.17230934]] 
Episode: 358: [[-1.3780513  -1.5205656  -1.0898384  -0.2084821  -1.8463647  -1.226808
   0.6083362  -2.0961015  -1.7461697   2.5116763  -1.9940265  -1.7566377
  -0.17237087]] 
Episode: 359: [[-1.378182   -1.5205177  -1.0897237  -0.2084236  -1.8463917  -1.2267275
   0.60826623 -2.096168   -1.7461678   2.5116746  -1.9940593  -1.756685
  -0.17241831]] 
Episode: 360: [[-1.3782979  -1.5204923  -1.0896318  -0.20836179 -1.8464122  -1.2266939
   0.60823244 -2.0962064  -1.7462258   2.5116515  -1.9940914  -1.7566898
  -0.1724003 ]] 
Episode: 361: [[-1.3783743  -1.5205172  -1.0896463  -0.20836735 -1.8464657  -1.226784
   0.60813266 -2.0962687  -1.7462484   2.5117283  -1.9940426  -1.7566028
  -0.17233011]] 
Episode: 362: [[-1.3784289  -1.5205754  -1.0896543  -0.20837913 -1.8465388  -1.2268678
   0.6080653  -2.096329   -1.7462757   2.511795   -1.9939995  -1.7565211
  -0.17226069]] 
Episode: 363: [[-1.378496   -1.5206225  -1.0896589  -0.20838507 -1.8466302  -1.2269572
   0.6079979  -2.0963924  -1.7462947   2.5118573  -1.9939388  -1.7564199
  -0.17217618]] 
Episode: 364: [[-1.3785673  -1.5206665  -1.0896662  -0.20838363 -1.8467218  -1.2270443
   0.6079288  -2.0964615  -1.7463095   2.5119162  -1.9938718  -1.7563212
  -0.17210208]] 
Episode: 365: [[-1.3786197  -1.5206928  -1.0896865  -0.20840386 -1.8467817  -1.227132
   0.6078376  -2.0965123  -1.7462971   2.5119934  -1.9938049  -1.7562256
  -0.17202887]] 
Episode: 366: [[-1.3786789  -1.5207057  -1.0896975  -0.20839825 -1.846811   -1.2271845
   0.60777843 -2.0965378  -1.7462995   2.5120332  -1.9937767  -1.756166
  -0.17196953]] 
Episode: 367: [[-1.3787267  -1.5207256  -1.0897102  -0.2083936  -1.8468336  -1.2272389
   0.60772467 -2.096565   -1.7463158   2.5120702  -1.9937602  -1.7561169
  -0.17191616]] 
Episode: 368: [[-1.378759   -1.520769   -1.0896847  -0.20841266 -1.8468956  -1.2272676
   0.6076696  -2.09661    -1.7462873   2.512124   -1.9937418  -1.7560865
  -0.17189997]] 
Episode: 369: [[-1.3787663  -1.5208329  -1.0896571  -0.20844893 -1.8469697  -1.227305
   0.60762024 -2.0966463  -1.7462635   2.5121822  -1.9937166  -1.7560381
  -0.17186654]] 
Episode: 370: [[-1.3787531  -1.5209093  -1.08963    -0.20849098 -1.8470492  -1.227344
   0.60757864 -2.096682   -1.7462417   2.5122364  -1.993693   -1.7559892
  -0.1718303 ]] 
Episode: 371: [[-1.3787329  -1.5209916  -1.0895642  -0.20855021 -1.847146   -1.2273551
   0.6075181  -2.096744   -1.7461802   2.5123103  -1.9936603  -1.7559674
  -0.17185223]] 
Episode: 372: [[-1.3787127  -1.5210723  -1.0895315  -0.20860858 -1.8472257  -1.2273996
   0.60746324 -2.0967746  -1.7461642   2.512385   -1.9936368  -1.755924
  -0.17183924]] 
Episode: 373: [[-1.378674   -1.521157   -1.0895109  -0.20867524 -1.8472943  -1.2274528
   0.6074134  -2.0967906  -1.7461467   2.512462   -1.9936194  -1.7558882
  -0.17183234]] 
Episode: 374: [[-1.37863    -1.521243   -1.0895041  -0.20874044 -1.8473613  -1.2275141
   0.6073879  -2.0968     -1.7461557   2.5125253  -1.9936087  -1.7558352
  -0.17178677]] 
Episode: 375: [[-1.3785939  -1.521325   -1.0894806  -0.20880741 -1.8474306  -1.2275648
   0.607358   -2.0968142  -1.7461488   2.5125928  -1.993593   -1.7557883
  -0.17175896]] 
Episode: 376: [[-1.3785651  -1.5214037  -1.0894527  -0.20886958 -1.8474995  -1.2276179
   0.60734093 -2.0968175  -1.7461454   2.5126529  -1.9935879  -1.7557484
  -0.17172842]] 
Episode: 377: [[-1.3784922  -1.5214944  -1.08943    -0.20897982 -1.8475896  -1.2277069
   0.6073026  -2.0968456  -1.7461098   2.5127559  -1.9935493  -1.7557057
  -0.1717201 ]] 
Episode: 378: [[-1.3784837  -1.521594   -1.0893067  -0.20905863 -1.8477013  -1.2277666
   0.60725737 -2.0968766  -1.7460662   2.5128384  -1.9935311  -1.7556905
  -0.17172605]] 
Episode: 379: [[-1.378468   -1.5216926  -1.0891764  -0.20914908 -1.8478203  -1.2278192
   0.60720843 -2.096911   -1.7460057   2.5129297  -1.9935075  -1.7556759
  -0.17174324]] 
Episode: 380: [[-1.3785113  -1.5217037  -1.0891474  -0.2091852  -1.8478675  -1.2279674
   0.6070819  -2.0969625  -1.7459878   2.5130258  -1.9934343  -1.7556016
  -0.17171597]] 
Episode: 381: [[-1.3785638  -1.5217109  -1.0890911  -0.20922275 -1.8479077  -1.2280986
   0.6069786  -2.0969946  -1.7459754   2.5131085  -1.993373   -1.7555287
  -0.17167434]] 
Episode: 382: [[-1.3786354  -1.5217041  -1.0890441  -0.20925169 -1.8479306  -1.2282245
   0.6068807  -2.0969944  -1.7459562   2.5131876  -1.9933302  -1.7554641
  -0.17162576]] 
Episode: 383: [[-1.3786986  -1.5217061  -1.088979   -0.20928793 -1.8479675  -1.228315
   0.6067918  -2.0970058  -1.7459211   2.5132668  -1.9932959  -1.7554199
  -0.17160074]] 
Episode: 384: [[-1.3787559 -1.5217057 -1.0889183 -0.2093231 -1.8479909 -1.2283967
   0.6067148 -2.0970001 -1.7458826  2.5133386 -1.9932749 -1.7553856
  -0.1715804]] 
Episode: 385: [[-1.3788244  -1.5216993  -1.0888653  -0.20933977 -1.8480066  -1.2284739
   0.6066561  -2.0969884  -1.7458669   2.5133896  -1.9932615  -1.7553464
  -0.17154506]] 
Episode: 386: [[-1.3788743  -1.5217054  -1.0888108  -0.20937546 -1.8480482  -1.2285497
   0.6065915  -2.0969958  -1.7458272   2.5134568  -1.9932233  -1.755298
  -0.17152336]] 
Episode: 387: [[-1.3789321  -1.5217026  -1.0887388  -0.20939994 -1.8480784  -1.2285938
   0.6065394  -2.096986   -1.7457852   2.513505   -1.9932036  -1.7552634
  -0.17150348]] 
Episode: 388: [[-1.3790928  -1.5216392  -1.0886464  -0.20936286 -1.8480974  -1.2285705
   0.6064729  -2.0970433  -1.7457489   2.5135338  -1.993198   -1.7552615
  -0.17151171]] 
Episode: 389: [[-1.379233   -1.521598   -1.0885677  -0.20932572 -1.8481202  -1.228553
   0.606443   -2.0970714  -1.745733    2.5135446  -1.99321    -1.7552528
  -0.17149542]] 
Episode: 390: [[-1.379363   -1.5215609  -1.0884966  -0.2092861  -1.8481317  -1.2285241
   0.60641897 -2.0970893  -1.7457141   2.5135496  -1.9932339  -1.7552608
  -0.17149195]] 
Episode: 391: [[-1.3794433  -1.5215623  -1.0884427  -0.20927139 -1.8481516  -1.228524
   0.60640514 -2.0971115  -1.7457125   2.5135636  -1.9932423  -1.755253
  -0.17148097]] 
Episode: 392: [[-1.3795197  -1.5215504  -1.0884086  -0.20924789 -1.8481476  -1.2285155
   0.6063946  -2.0971231  -1.7457138   2.5135694  -1.9932618  -1.7552588
  -0.17148179]] 
Episode: 393: [[-1.3795855  -1.5215453  -1.0883578  -0.2092405  -1.848168   -1.2284905
   0.60636955 -2.0971613  -1.7456818   2.5135934  -1.9932641  -1.7552737
  -0.17151876]] 
Episode: 394: [[-1.3796501  -1.5215552  -1.0883033  -0.20923056 -1.8481967  -1.2284614
   0.6063457  -2.0972009  -1.7456433   2.5136163  -1.9932683  -1.7552942
  -0.1715599 ]] 
Episode: 395: [[-1.3797352  -1.521465   -1.0882268  -0.20925276 -1.8482236  -1.2284514
   0.6062596  -2.0972795  -1.7456055   2.5136833  -1.993238   -1.7553027
  -0.17161411]] 
Episode: 396: [[-1.3797983  -1.5214099  -1.0881459  -0.2092989  -1.8482879  -1.2284582
   0.6061658  -2.0973673  -1.7455523   2.5137713  -1.9931872  -1.7552906
  -0.17165951]] 
Episode: 397: [[-1.3798552  -1.5213592  -1.0880646  -0.20934962 -1.8483651  -1.2284653
   0.6060733  -2.0974576  -1.7454937   2.5138624  -1.9931337  -1.7552783
  -0.17170918]] 
Episode: 398: [[-1.3799564  -1.5213039  -1.0879356  -0.20931882 -1.8484541  -1.2283448
   0.606097   -2.0975728  -1.7454807   2.5138454  -1.9931532  -1.7553449
  -0.17179537]] 
Episode: 399: [[-1.3800633  -1.5212444  -1.0878086  -0.2092812  -1.8485311  -1.2282165
   0.60612094 -2.0976753  -1.7454612   2.5138223  -1.99318    -1.7554126
  -0.17187652]] 
Episode: 400: [[-1.3801594  -1.5211939  -1.0877     -0.20924586 -1.848608   -1.2281072
   0.6061455  -2.0977733  -1.7454631   2.5137994  -1.9932009  -1.7554599
  -0.17193434]] 
Episode: 401: [[-1.3802439  -1.5211595  -1.08755    -0.20922689 -1.8487276  -1.2279682
   0.6061777  -2.0978947  -1.7454511   2.5137815  -1.9932308  -1.7555271
  -0.17201197]] 
Episode: 402: [[-1.3803313  -1.521121   -1.0874003  -0.20920081 -1.8488361  -1.2278265
   0.6062079  -2.098013   -1.7454355   2.513759   -1.9932694  -1.7556068
  -0.17209792]] 
Episode: 403: [[-1.3804114  -1.5210888  -1.0872778  -0.20917216 -1.8489288  -1.2277151
   0.606247   -2.0981107  -1.7454362   2.5137296  -1.9932992  -1.7556576
  -0.17214811]] 
Episode: 404: [[-1.380494   -1.5210495  -1.0871634  -0.20913029 -1.8489989  -1.227595
   0.60629493 -2.0981915  -1.7454495   2.5136855  -1.9933512  -1.7557237
  -0.17219923]] 
Episode: 405: [[-1.3805602  -1.5210243  -1.0870496  -0.20910802 -1.8490801  -1.2274975
   0.6063376  -2.0982673  -1.7454648   2.5136552  -1.9933846  -1.7557635
  -0.17223147]] 
Episode: 406: [[-1.3806132  -1.5210118  -1.0869488  -0.20908293 -1.8491545  -1.2274256
   0.60638773 -2.0983324  -1.7455065   2.513616   -1.9934151  -1.7557865
  -0.17223993]] 
Episode: 407: [[-1.3806748  -1.5209868  -1.0868505  -0.2090637  -1.8492162  -1.227371
   0.6064193  -2.0983782  -1.7455416   2.5135894  -1.9934402  -1.7557964
  -0.17223683]] 
Episode: 408: [[-1.3807241  -1.5209677  -1.0867565  -0.20905304 -1.8492672  -1.2273217
   0.6064618  -2.098399   -1.745578    2.513562   -1.9934759  -1.7558084
  -0.17222655]] 
Episode: 409: [[-1.3807797  -1.5209422  -1.0866516  -0.20904869 -1.8493273  -1.2272804
   0.60649085 -2.098414   -1.7455951   2.5135431  -1.993498   -1.755804
  -0.1722088 ]] 
Episode: 410: [[-1.3808078  -1.5209396  -1.0865363  -0.20907289 -1.8494029  -1.2272263
   0.6065142  -2.098431   -1.7455865   2.5135465  -1.9935231  -1.755815
  -0.17221521]] 
Episode: 411: [[-1.3808495  -1.520938   -1.0863801  -0.2090979  -1.849507   -1.2271223
   0.6065685  -2.0984697  -1.7455682   2.5135415  -1.9935699  -1.7558633
  -0.17225274]] 
Episode: 412: [[-1.3808713  -1.5209439  -1.0862095  -0.2091396  -1.8496233  -1.2270032
   0.60661626 -2.0985203  -1.7455214   2.5135472  -1.9936188  -1.7559294
  -0.1723163 ]] 
Episode: 413: [[-1.38088    -1.5209764  -1.0860448  -0.20918317 -1.84975    -1.2269253
   0.60667074 -2.0985675  -1.7455157   2.513548   -1.9936497  -1.7559568
  -0.17233709]] 
Episode: 414: [[-1.3808668  -1.5210323  -1.0858557  -0.20925924 -1.8499029  -1.2268454
   0.60670596 -2.098627   -1.7454852   2.5135772  -1.9936616  -1.755981
  -0.17237188]] 
Episode: 415: [[-1.3808346  -1.5211157  -1.0856444  -0.20937921 -1.8501048  -1.2267807
   0.6067031  -2.0987098  -1.7454113   2.5136564  -1.993633   -1.7559801
  -0.1724196 ]] 
Episode: 416: [[-1.380793   -1.5212035  -1.0854423  -0.20949894 -1.8502951  -1.2267224
   0.6067112  -2.0987914  -1.7453669   2.5137293  -1.9936169  -1.755982
  -0.17245595]] 
Episode: 417: [[-1.3807542  -1.5212898  -1.0852894  -0.2095909  -1.8504583  -1.2266994
   0.606735   -2.0988607  -1.7453517   2.5137799  -1.9936001  -1.7559726
  -0.17247055]] 
Episode: 418: [[-1.3807175  -1.5213716  -1.0851576  -0.20966658 -1.8505977  -1.2266864
   0.6067755  -2.0989115  -1.7453583   2.513812   -1.993596   -1.7559636
  -0.17247282]] 
Episode: 419: [[-1.3807135  -1.5214167  -1.0850589  -0.20970415 -1.8506798  -1.2266835
   0.6068103  -2.0989351  -1.7453799   2.513826   -1.9936143  -1.7559801
  -0.17248626]] 
Episode: 420: [[-1.380717   -1.5214385  -1.0849628  -0.20974575 -1.8507503  -1.2266762
   0.6068364  -2.098943   -1.7453957   2.5138428  -1.9936309  -1.7559841
  -0.1724801 ]] 
Episode: 421: [[-1.3807178  -1.5214556  -1.0848727  -0.20978269 -1.8508065  -1.2266797
   0.60687727 -2.098934   -1.7454381   2.513845   -1.9936504  -1.7559724
  -0.1724441 ]] 
Episode: 422: [[-1.3807273  -1.5214741  -1.0847849  -0.20980313 -1.8508555  -1.2266886
   0.6069255  -2.09891    -1.7455087   2.5138304  -1.9936829  -1.7559532
  -0.17238773]] 
Episode: 423: [[-1.3807358  -1.5214953  -1.0846822  -0.2098379  -1.8509206  -1.22669
   0.6069372  -2.0989122  -1.7455443   2.513843   -1.9936945  -1.7559383
  -0.17236152]] 
Episode: 424: [[-1.3807148  -1.5215365  -1.084583   -0.20989373 -1.8510032  -1.2266835
   0.60697156 -2.0989213  -1.7455833   2.5138612  -1.9937079  -1.7559255
  -0.17234164]] 
Episode: 425: [[-1.380716   -1.521566   -1.0845001  -0.20994522 -1.8510787  -1.2267132
   0.6069917  -2.0989385  -1.7456409   2.5138874  -1.9937005  -1.755876
  -0.17228481]] 
Episode: 426: [[-1.3807142  -1.5215979  -1.0844324  -0.20998    -1.8511317  -1.2267568
   0.60702085 -2.0989478  -1.7457219   2.5138955  -1.9936994  -1.7558272
  -0.17221972]] 
Episode: 427: [[-1.3807002  -1.5216123  -1.0843674  -0.21002142 -1.8511554  -1.2267889
   0.6070582  -2.0989473  -1.7458006   2.5139017  -1.9937177  -1.7558059
  -0.17217727]] 
Episode: 428: [[-1.3806844  -1.5216393  -1.084282   -0.21008219 -1.8512183  -1.2268066
   0.6070817  -2.09898    -1.7458364   2.5139349  -1.9937212  -1.7557967
  -0.17217584]] 
Episode: 429: [[-1.3806624  -1.5216689  -1.0841987  -0.21014737 -1.8512924  -1.2268133
   0.6071091  -2.0990064  -1.7458586   2.513969   -1.9937228  -1.7557868
  -0.17217578]] 
Episode: 430: [[-1.380663   -1.5216875  -1.08412    -0.2101938  -1.8513576  -1.2268398
   0.60712326 -2.0990374  -1.7458928   2.5139973  -1.9936997  -1.7557538
  -0.17216758]] 
Episode: 431: [[-1.380689   -1.5216777  -1.0840362  -0.21023583 -1.8514179  -1.2268574
   0.60711086 -2.099083   -1.7459129   2.5140374  -1.9936668  -1.7557209
  -0.17217287]] 
Episode: 432: [[-1.380708   -1.521671   -1.0839473  -0.2102973  -1.8514997  -1.2268869
   0.6070795  -2.0991335  -1.7459141   2.5140955  -1.9935973  -1.7556504
  -0.17215697]] 
Episode: 433: [[-1.3807445  -1.5216371  -1.0838598  -0.21033202 -1.85153    -1.2268963
   0.6070641  -2.0991411  -1.7459059   2.5141244  -1.9935607  -1.7556134
  -0.17215355]] 
Episode: 434: [[-1.3807672  -1.5216184  -1.0837469  -0.210398   -1.8516089  -1.2268809
   0.606999   -2.099205   -1.7458183   2.5142016  -1.9934907  -1.7555981
  -0.17222062]] 
Episode: 435: [[-1.380786   -1.5216023  -1.0836524  -0.21046905 -1.8516737  -1.2268814
   0.6069247  -2.0992525  -1.7457284   2.5142922  -1.9934279  -1.7555902
  -0.17230283]] 
Episode: 436: [[-1.380801  -1.5216    -1.0835482 -0.2105467 -1.8517523 -1.2268794
   0.6068395 -2.099307  -1.7456135  2.5143921 -1.9933482 -1.7555764
  -0.1723944]] 
Episode: 437: [[-1.3807665  -1.5216345  -1.0834262  -0.21068007 -1.8518851  -1.2268953
   0.60672593 -2.0994046  -1.7454731   2.5145369  -1.9932215  -1.7555283
  -0.17247972]] 
Episode: 438: [[-1.3807436  -1.5216614  -1.0833042  -0.21079803 -1.8520141  -1.2268884
   0.6066105  -2.0995185  -1.7453185   2.5146747  -1.993104   -1.7555037
  -0.17259374]] 
Episode: 439: [[-1.3806028  -1.5217791  -1.0832001  -0.2110408  -1.8521239  -1.2270603
   0.60632485 -2.0996644  -1.7451488   2.51494    -1.9928358  -1.755306
  -0.17258969]] 
Episode: 440: [[-1.3804569  -1.5219095  -1.0830785  -0.2112971  -1.8522768  -1.2272129
   0.6060531  -2.0998278  -1.7449574   2.515216   -1.9925693  -1.7551259
  -0.17261879]] 
Episode: 441: [[-1.3803225  -1.5220304  -1.0829617  -0.21153668 -1.8524272  -1.2273422
   0.6057994  -2.0999875  -1.7447602   2.5154772  -1.9923223  -1.754972
  -0.17266764]] 
Episode: 442: [[-1.3801869  -1.5221485  -1.0828211  -0.21178143 -1.852602   -1.2274262
   0.6055555  -2.1001635  -1.7445312   2.5157406  -1.9920965  -1.7548581
  -0.17276336]] 
Episode: 443: [[-1.3800868  -1.5222386  -1.0827308  -0.21196389 -1.8527205  -1.2275095
   0.6053609  -2.1002877  -1.7443644   2.5159404  -1.9919262  -1.754752
  -0.1728023 ]] 
Episode: 444: [[-1.3800373  -1.5222803  -1.082646   -0.21210201 -1.8528091  -1.2275476
   0.60519296 -2.1004035  -1.7442005   2.5161061  -1.9917936  -1.7546911
  -0.17286691]] 
Episode: 445: [[-1.3799973  -1.5223312  -1.0825784  -0.21220635 -1.852893   -1.2275982
   0.6050687  -2.1004934  -1.7441005   2.516229   -1.9916903  -1.7546244
  -0.17288838]] 
Episode: 446: [[-1.3799771  -1.5223737  -1.0825255  -0.21227197 -1.8529503  -1.2276428
   0.6049971  -2.1005523  -1.744044    2.516302   -1.9916185  -1.7545649
  -0.17288151]] 
Episode: 447: [[-1.3799618  -1.5223994  -1.0825053  -0.21231303 -1.8529676  -1.2277042
   0.6049332  -2.1005905  -1.7440236   2.5163553  -1.9915733  -1.754524
  -0.17286745]] 
Episode: 448: [[-1.3799468  -1.5224231  -1.082483   -0.21233712 -1.8529797  -1.2277354
   0.60489434 -2.1006207  -1.7440077   2.5163848  -1.9915645  -1.7545183
  -0.17286927]] 
Episode: 449: [[-1.3799273  -1.5224527  -1.0825193  -0.21234415 -1.8529816  -1.2277988
   0.604865   -2.1006935  -1.7440248   2.516411   -1.991544   -1.7545141
  -0.1728806 ]] 
Episode: 450: [[-1.3799256  -1.5224733  -1.0825701  -0.21231845 -1.852954   -1.2278484
   0.6048575  -2.1007452  -1.7440703   2.516405   -1.9915549  -1.7545248
  -0.17287904]] 
Episode: 451: [[-1.3799253  -1.5224941  -1.0825979  -0.21229862 -1.8529243  -1.2278856
   0.6048478  -2.1007738  -1.7441125   2.516398   -1.991578   -1.7545363
  -0.17286465]] 
Episode: 452: [[-1.3799381  -1.5224987  -1.082625   -0.21225257 -1.8528695  -1.227895
   0.60486835 -2.100794   -1.744169    2.5163605  -1.9916312  -1.7545842
  -0.17287523]] 
Episode: 453: [[-1.3799876  -1.52248    -1.0826883  -0.21216363 -1.8527906  -1.2279073
   0.604887   -2.1008492  -1.7442394   2.5163064  -1.9916847  -1.7546499
  -0.17290893]] 
Episode: 454: [[-1.3800347  -1.5224756  -1.0827332  -0.21207677 -1.8527303  -1.2278903
   0.6049015  -2.1009314  -1.7442886   2.5162573  -1.9917359  -1.7547362
  -0.17297457]] 
Episode: 455: [[-1.3800887  -1.5224584  -1.0827771  -0.21197835 -1.8526535  -1.227857
   0.6049279  -2.100996   -1.7443416   2.5161924  -1.9918077  -1.7548351
  -0.17304094]] 
Episode: 456: [[-1.3801328  -1.5224307  -1.0828099  -0.21185789 -1.8525412  -1.2277954
   0.60499394 -2.1010394  -1.7444355   2.5160832  -1.9919299  -1.754972
  -0.1731077 ]] 
Episode: 457: [[-1.3801682  -1.5224017  -1.0828614  -0.21175344 -1.8524249  -1.2277709
   0.60506016 -2.1010587  -1.7445512   2.5159853  -1.9920508  -1.7550818
  -0.17313293]] 
Episode: 458: [[-1.3801864  -1.522381   -1.082874   -0.21167782 -1.8523386  -1.2277297
   0.60511124 -2.1010907  -1.7446408   2.51591    -1.9921752  -1.7552054
  -0.17318234]] 
Episode: 459: [[-1.3802608  -1.522314   -1.0828767  -0.21159247 -1.8522539  -1.2276628
   0.60512    -2.101115   -1.7446967   2.5158534  -1.9922925  -1.7553247
  -0.17323403]] 
Episode: 460: [[-1.3803328  -1.5222518  -1.0828757  -0.21150893 -1.8521795  -1.227598
   0.60514027 -2.1011376  -1.7447594   2.515792   -1.992404   -1.7554299
  -0.17327203]] 
Episode: 461: [[-1.3803897  -1.5221926  -1.0828753  -0.2114359  -1.8521105  -1.2275388
   0.6051612  -2.10115    -1.7448246   2.515734   -1.9925147  -1.7555289
  -0.17330529]] 
Episode: 462: [[-1.380432   -1.5221528  -1.0828671  -0.2113776  -1.8520591  -1.2274944
   0.6051867  -2.101159   -1.7448932   2.5156832  -1.9926097  -1.7556068
  -0.17333019]] 
Episode: 463: [[-1.3804703  -1.5221249  -1.0828605  -0.21132754 -1.8520213  -1.2274611
   0.60522    -2.10116    -1.7449541   2.5156376  -1.9926983  -1.7556725
  -0.17334855]] 
Episode: 464: [[-1.3804796  -1.5221152  -1.0828681  -0.21130505 -1.8519868  -1.2274566
   0.60524213 -2.1011562  -1.7450097   2.5156167  -1.9927721  -1.7557249
  -0.17336401]] 
Episode: 465: [[-1.3805072  -1.5220662  -1.082897   -0.2113016  -1.8519391  -1.2274534
   0.6052237  -2.1011727  -1.7450542   2.5156345  -1.992819   -1.7557598
  -0.17338052]] 
Episode: 466: [[-1.3805574  -1.521931   -1.0829831  -0.21122079 -1.8517476  -1.2274199
   0.60522634 -2.1012056  -1.7451757   2.5155864  -1.9929326  -1.7558887
  -0.17347056]] 
Episode: 467: [[-1.3806069  -1.5218084  -1.0830576  -0.21115051 -1.8515769  -1.2273978
   0.6052239  -2.1012452  -1.7452992   2.5155509  -1.9930344  -1.7560061
  -0.17356293]] 
Episode: 468: [[-1.3806319  -1.5217005  -1.0831188  -0.21112776 -1.8514601  -1.2273843
   0.60520315 -2.1013     -1.7453701   2.5155587  -1.9930978  -1.7561002
  -0.17366223]] 
Episode: 469: [[-1.3806627  -1.5216198  -1.0831431  -0.21111098 -1.8513844  -1.2273391
   0.60518134 -2.101368   -1.7454027   2.5155737  -1.9931589  -1.7562058
  -0.17378056]] 
Episode: 470: [[-1.3807269  -1.5215864  -1.083118   -0.21103734 -1.8513479  -1.2272313
   0.6052075  -2.1014967  -1.7454635   2.5155363  -1.9932591  -1.7563698
  -0.17394769]] 
Episode: 471: [[-1.380832   -1.5215038  -1.0830872  -0.21093048 -1.8513277  -1.2270974
   0.6052443  -2.1017022  -1.7455554   2.5154774  -1.9933622  -1.7565544
  -0.17413588]] 
Episode: 472: [[-1.380921   -1.521431   -1.0830643  -0.21084647 -1.8513117  -1.2269841
   0.6052738  -2.101876   -1.7456329   2.5154362  -1.9934545  -1.7567174
  -0.17430213]] 
Episode: 473: [[-1.3810427  -1.5213295  -1.0830678  -0.21073268 -1.8512577  -1.2268846
   0.6052928  -2.1020374  -1.7457277   2.5153809  -1.993549   -1.7568697
  -0.1744465 ]] 
Episode: 474: [[-1.3811558  -1.5212425  -1.0830667  -0.21062599 -1.8512149  -1.2267896
   0.6053184  -2.10219    -1.7458225   2.5153248  -1.9936352  -1.7570014
  -0.17457251]] 
Episode: 475: [[-1.3812652  -1.5211655  -1.0830449  -0.21052991 -1.8511937  -1.2266915
   0.6053508  -2.1023397  -1.7458922   2.515273   -1.9937067  -1.757128
  -0.17470786]] 
Episode: 476: [[-1.3813514  -1.5211078  -1.0830163  -0.2104458  -1.8511866  -1.2266154
   0.6054134  -2.1024556  -1.7460136   2.5152051  -1.9937849  -1.7572165
  -0.17477104]] 
Episode: 477: [[-1.381454   -1.5210527  -1.0829717  -0.2103521  -1.8511811  -1.2265518
   0.6054852  -2.102547   -1.74613     2.5151246  -1.9938587  -1.757289
  -0.17481083]] 
Episode: 478: [[-1.3815411  -1.5210124  -1.0829111  -0.21028097 -1.8511932  -1.2264835
   0.60553837 -2.1026402  -1.7462095   2.5150666  -1.9939142  -1.7573581
  -0.17487061]] 
Episode: 479: [[-1.3816192  -1.5209723  -1.082825   -0.21023287 -1.8512205  -1.2264248
   0.6055796  -2.102721   -1.7462556   2.5150266  -1.9939597  -1.757425
  -0.17493773]] 
Episode: 480: [[-1.381707   -1.5209292  -1.0827522  -0.21018685 -1.8512362  -1.226371
   0.605597   -2.1027856  -1.746285    2.5150027  -1.9939967  -1.7574844
  -0.17500773]] 
Episode: 481: [[-1.3817443  -1.5208136  -1.0827677  -0.2102343  -1.8512714  -1.226364
   0.6055137  -2.1028116  -1.746223    2.5150816  -1.9939595  -1.7574555
  -0.17501324]] 
Episode: 482: [[-1.3817825  -1.520718   -1.0827514  -0.210285   -1.8513258  -1.2263297
   0.6054303  -2.1028514  -1.7461383   2.5151632  -1.9939258  -1.7574431
  -0.17504331]] 
Episode: 483: [[-1.3818012  -1.5206488  -1.0827241  -0.21034211 -1.8513929  -1.2262982
   0.6053563  -2.1028965  -1.746057    2.515243   -1.993892   -1.7574357
  -0.17508368]] 
Episode: 484: [[-1.381815   -1.5205958  -1.0827031  -0.21040006 -1.8514708  -1.2262801
   0.60529214 -2.1029553  -1.7459723   2.5153236  -1.9938452  -1.7574216
  -0.17512944]] 
Episode: 485: [[-1.3818399  -1.5205382  -1.0826945  -0.21043321 -1.8515263  -1.2262652
   0.6052562  -2.102982   -1.7459217   2.5153725  -1.9938334  -1.7574092
  -0.17514208]] 
Episode: 486: [[-1.3818175  -1.5204458  -1.0827452  -0.21048582 -1.851538   -1.2262763
   0.6052712  -2.1030233  -1.7459154   2.5154142  -1.9938362  -1.7574157
  -0.1751673 ]] 
Episode: 487: [[-1.3817983  -1.5203674  -1.082802   -0.21051392 -1.8515356  -1.2262944
   0.6053224  -2.1030416  -1.74595     2.5154212  -1.993862   -1.7574224
  -0.1751676 ]] 
Episode: 488: [[-1.3817644  -1.5203161  -1.0828366  -0.21055828 -1.8515583  -1.2263148
   0.6053716  -2.1030655  -1.7459728   2.5154386  -1.993881   -1.7574276
  -0.17517124]] 
Episode: 489: [[-1.3817208  -1.5202947  -1.0828576  -0.21059994 -1.8515942  -1.2263265
   0.6054673  -2.1031003  -1.7460281   2.515439   -1.9939327  -1.7574657
  -0.17519003]] 
Episode: 490: [[-1.3816942  -1.5202724  -1.0828416  -0.21064167 -1.8516511  -1.2263396
   0.6055534  -2.1031296  -1.7460864   2.5154395  -1.9939815  -1.7574875
  -0.17518888]] 
Episode: 491: [[-1.3816763  -1.5202568  -1.0828245  -0.21066149 -1.8516937  -1.2263423
   0.6056619  -2.103144   -1.7461653   2.5154119  -1.9940431  -1.757509
  -0.17517178]] 
Episode: 492: [[-1.3816605  -1.5202439  -1.0828153  -0.21067466 -1.8517282  -1.2263716
   0.6057679  -2.10314    -1.7462695   2.5153775  -1.9941072  -1.7575116
  -0.17512144]] 
Episode: 493: [[-1.3816282  -1.520254   -1.0827997  -0.21070972 -1.8517839  -1.2264235
   0.60585874 -2.1031458  -1.7463739   2.515364   -1.9941479  -1.7574886
  -0.17505594]] 
Episode: 494: [[-1.3815823  -1.520263   -1.0827894  -0.21076244 -1.8518237  -1.2264938
   0.6059275  -2.1031296  -1.7464694   2.5153687  -1.994177   -1.7574563
  -0.17498659]] 
Episode: 495: [[-1.3815659  -1.5202593  -1.0827847  -0.21080698 -1.8518623  -1.2265753
   0.60598207 -2.1031017  -1.7465569   2.5153778  -1.9941844  -1.7573919
  -0.17489088]] 
Episode: 496: [[-1.3815615  -1.5202388  -1.0827967  -0.21084261 -1.8518829  -1.2266665
   0.60602605 -2.103063   -1.7466371   2.515386   -1.994184   -1.7573177
  -0.17478864]] 
Episode: 497: [[-1.3815718  -1.5202167  -1.0827907  -0.21087381 -1.85192    -1.2267348
   0.6060685  -2.1030393  -1.7466955   2.5153952  -1.9941852  -1.757257
  -0.1747058 ]] 
Episode: 498: [[-1.3815627  -1.5202069  -1.0827756  -0.21092707 -1.8519715  -1.2267997
   0.60607564 -2.1030407  -1.7467251   2.515434   -1.9941621  -1.757197
  -0.17465621]] 
Episode: 499: [[-1.3815658  -1.5201793  -1.0827492  -0.21098463 -1.8520038  -1.2268585
   0.6060591  -2.1030095  -1.7467239   2.5154853  -1.9941376  -1.7571452
  -0.17462419]] 
Episode: 500: [[-1.3815275  -1.5202693  -1.0827165  -0.21103239 -1.8520831  -1.226937
   0.60609806 -2.1030436  -1.7467855   2.5155158  -1.9941257  -1.7571164
  -0.17461635]] 
Episode: 501: [[-1.3815234  -1.520335   -1.0826741  -0.21103784 -1.8521465  -1.2269752
   0.6061563  -2.1030667  -1.746851    2.515507   -1.994139   -1.7571144
  -0.17462064]] 
Episode: 502: [[-1.3815312  -1.5203828  -1.0826334  -0.21103251 -1.8521856  -1.2270281
   0.6062218  -2.1030831  -1.746942    2.5154867  -1.9941548  -1.7571102
  -0.1746177 ]] 
Episode: 503: [[-1.3815464  -1.5204271  -1.0825862  -0.21103103 -1.8522247  -1.2270604
   0.60627216 -2.1030977  -1.7469838   2.5154817  -1.9941701  -1.7571349
  -0.17466001]] 
Episode: 504: [[-1.3815411  -1.520483   -1.0825119  -0.21106504 -1.8522937  -1.2271125
   0.6063032  -2.1031106  -1.7469965   2.5155008  -1.9941447  -1.7571166
  -0.17467654]] 
Episode: 505: [[-1.3815321  -1.520537   -1.0824509  -0.211126   -1.8523654  -1.2272121
   0.60626155 -2.103159   -1.7469944   2.5155716  -1.9940462  -1.7570446
  -0.17468804]] 
Episode: 506: [[-1.3814985  -1.5206013  -1.0823926  -0.21123426 -1.8524795  -1.2274035
   0.6061481  -2.1032462  -1.7469705   2.5157006  -1.993863   -1.7568854
  -0.17464405]] 
Episode: 507: [[-1.3814511  -1.52069    -1.0823433  -0.21132803 -1.8525851  -1.2275664
   0.6060911  -2.1033072  -1.7469553   2.5157988  -1.9937217  -1.75677
  -0.17462508]] 
Episode: 508: [[-1.3814156  -1.5207801  -1.0822825  -0.21141204 -1.8526902  -1.2277058
   0.60603666 -2.1033635  -1.7469321   2.5158894  -1.9935931  -1.7566667
  -0.17461333]] 
Episode: 509: [[-1.3814006  -1.5208801  -1.0822382  -0.2114356  -1.8527671  -1.22778
   0.6060335  -2.1034236  -1.7469202   2.5159218  -1.9935206  -1.756632
  -0.17464551]] 
Episode: 510: [[-1.381393   -1.5209923  -1.0822003  -0.21145959 -1.8528658  -1.2278463
   0.6060365  -2.1034865  -1.746895    2.5159566  -1.9934404  -1.756582
  -0.17466141]] 
Episode: 511: [[-1.3813796  -1.5211003  -1.0821469  -0.21147394 -1.8529576  -1.227879
   0.60608023 -2.1035466  -1.7468992   2.5159662  -1.9934059  -1.7565815
  -0.17470647]] 
Episode: 512: [[-1.3813612  -1.5211996  -1.0821042  -0.21149899 -1.8530481  -1.2279174
   0.60611427 -2.1035962  -1.7468921   2.5159872  -1.9933674  -1.7565726
  -0.17474426]] 
Episode: 513: [[-1.3813357  -1.5213044  -1.0820312  -0.2115415  -1.8531477  -1.2279555
   0.6061407  -2.103631   -1.7468611   2.5160213  -1.9933287  -1.7565709
  -0.17480189]] 
Episode: 514: [[-1.3815054  -1.5213425  -1.0819806  -0.2114321  -1.8532869  -1.2278615
   0.6063574  -2.10389    -1.7470227   2.515907   -1.9934617  -1.7567818
  -0.17500798]] 
Episode: 515: [[-1.3816404  -1.5213912  -1.0819029  -0.21135965 -1.853442   -1.2277509
   0.6065422  -2.1041439  -1.7471404   2.5158253  -1.993581   -1.7569889
  -0.1752244 ]] 
Episode: 516: [[-1.3817447  -1.5214545  -1.0818232  -0.21131603 -1.8536079  -1.227653
   0.6066892  -2.1043825  -1.7472235   2.515776   -1.9936767  -1.757172
  -0.17543466]] 
Episode: 517: [[-1.3819232  -1.5214701  -1.0817139  -0.21124715 -1.8537607  -1.2275213
   0.6067411  -2.1046617  -1.7472669   2.5157576  -1.9937366  -1.7573426
  -0.17565724]] 
Episode: 518: [[-1.3820915  -1.5215086  -1.0816159  -0.21116062 -1.8538902  -1.2274097
   0.60683143 -2.104913   -1.747355    2.5157068  -1.9938104  -1.7575016
  -0.17583661]] 
Episode: 519: [[-1.382252   -1.5215325  -1.0815382  -0.21106982 -1.8539915  -1.2273217
   0.606918   -2.105134   -1.7474536   2.5156493  -1.9938827  -1.7576412
  -0.17598318]] 
Episode: 520: [[-1.3824574  -1.5215018  -1.081427   -0.21093565 -1.8540671  -1.227146
   0.607051   -2.1053395  -1.7475508   2.5155447  -1.9940177  -1.7578536
  -0.17617981]] 
Episode: 521: [[-1.3826405  -1.5214893  -1.0813463  -0.21080723 -1.854136   -1.2270206
   0.6071966  -2.10551    -1.7476732   2.5154355  -1.9941481  -1.7580287
  -0.17631593]] 
Episode: 522: [[-1.3828123  -1.5214853  -1.0812879  -0.21067376 -1.8541877  -1.2269197
   0.6073548  -2.105654   -1.7478085   2.5153146  -1.9942758  -1.758182
  -0.17641728]] 
Episode: 523: [[-1.3830276  -1.5213376  -1.0813842  -0.21052593 -1.854201   -1.2268487
   0.6074943  -2.105789   -1.7479281   2.5152192  -1.9943818  -1.7583165
  -0.17650402]] 
Episode: 524: [[-1.3831998  -1.5212362  -1.0814555  -0.21041547 -1.8542615  -1.2267904
   0.6076163  -2.10595    -1.7480329   2.5151532  -1.9944495  -1.7584276
  -0.17659767]] 
Episode: 525: [[-1.383346   -1.52115    -1.0815119  -0.21031885 -1.8543245  -1.2267301
   0.607746   -2.1060987  -1.7481422   2.5150847  -1.9945248  -1.7585331
  -0.17667821]] 
Episode: 526: [[-1.3834692  -1.5210922  -1.0815586  -0.21023409 -1.8543909  -1.2266912
   0.60788566 -2.1062253  -1.7482674   2.515011   -1.9945948  -1.758608
  -0.17671318]] 
Episode: 527: [[-1.3835831  -1.5210428  -1.0816054  -0.21014792 -1.8544574  -1.2266623
   0.60802895 -2.1063423  -1.7483981   2.5149298  -1.9946605  -1.758667
  -0.17672464]] 
Episode: 528: [[-1.3836844  -1.5209901  -1.0816507  -0.21007363 -1.8545023  -1.2266355
   0.60814524 -2.1064348  -1.7485085   2.514861   -1.9947186  -1.7587167
  -0.176729  ]] 
Episode: 529: [[-1.3837796  -1.5209447  -1.0816978  -0.2100088  -1.8545483  -1.2266169
   0.60824245 -2.10652    -1.7486027   2.5148058  -1.9947579  -1.7587448
  -0.17672296]] 
Episode: 530: [[-1.3838274  -1.52094    -1.0817167  -0.20998903 -1.8546354  -1.2266
   0.6083257  -2.1066277  -1.7486844   2.514781   -1.9947753  -1.7587599
  -0.17672049]] 
Episode: 531: [[-1.3838625  -1.5209501  -1.0817468  -0.20997415 -1.8547353  -1.2266213
   0.60841423 -2.1067438  -1.7487836   2.5147576  -1.9947759  -1.7587497
  -0.17669229]] 
Episode: 532: [[-1.3839047  -1.5209873  -1.0817338  -0.20998883 -1.8548704  -1.2266243
   0.60844404 -2.106871   -1.7488256   2.5147812  -1.994754   -1.7587214
  -0.17666446]] 
Episode: 533: [[-1.3839527  -1.5210092  -1.0817301  -0.2099786  -1.8549713  -1.226615
   0.6084964  -2.1069713  -1.748887    2.514773   -1.9947653  -1.7587091
  -0.17662683]] 
Episode: 534: [[-1.3839843  -1.5210457  -1.0816965  -0.20999183 -1.8550898  -1.2265987
   0.60853684 -2.1070638  -1.7489228   2.51478    -1.9947696  -1.7586929
  -0.17659016]] 
Episode: 535: [[-1.3840446  -1.5211477  -1.0816699  -0.20996627 -1.8552301  -1.2265927
   0.6085871  -2.1071866  -1.7489709   2.5147743  -1.99478    -1.7586874
  -0.1765604 ]] 
Episode: 536: [[-1.3840879  -1.5212597  -1.0816182  -0.20995574 -1.8553741  -1.2265704
   0.6086175  -2.1073108  -1.7489866   2.5147839  -1.994793   -1.7587047
  -0.17656901]] 
Episode: 537: [[-1.3841277 -1.5213525 -1.0815716 -0.2099564 -1.8554913 -1.2265619
   0.608641  -2.1074035 -1.749005   2.5147996 -1.9948043 -1.7587094
  -0.1765592]] 
Episode: 538: [[-1.3841586  -1.5214417  -1.0814991  -0.20996784 -1.8556217  -1.2265413
   0.6086645  -2.1074975  -1.749011    2.5148158  -1.9948169  -1.7587152
  -0.17654876]] 
Episode: 539: [[-1.3841822  -1.5215553  -1.0814012  -0.2099799  -1.8557814  -1.2265153
   0.6086943  -2.1076066  -1.7490171   2.5148299  -1.9948304  -1.7587324
  -0.17655805]] 
Episode: 540: [[-1.3842038  -1.5216504  -1.0813019  -0.21000265 -1.8559272  -1.2264748
   0.60870004 -2.1077163  -1.7490118   2.5148613  -1.9948469  -1.7587606
  -0.17659006]] 
Episode: 541: [[-1.3842367  -1.5217301  -1.0812379  -0.20999004 -1.856029   -1.226465
   0.60874563 -2.107775   -1.7490791   2.5148427  -1.9948953  -1.7587589
  -0.17653678]] 
Episode: 542: [[-1.3842652  -1.5217952  -1.0811838  -0.2099845  -1.8561159  -1.2264687
   0.6087881  -2.1078196  -1.7491494   2.5148277  -1.9949362  -1.7587434
  -0.17647009]] 
Episode: 543: [[-1.3842856  -1.5218594  -1.0811088  -0.20999394 -1.8562189  -1.2264447
   0.60882384 -2.1078706  -1.7491937   2.5148225  -1.9949764  -1.7587345
  -0.17641534]] 
Episode: 544: [[-1.3843415  -1.5219029  -1.0810217  -0.20997599 -1.856305   -1.2263987
   0.6088328  -2.1079545  -1.7492338   2.514815   -1.9950176  -1.7587535
  -0.17640063]] 
Episode: 545: [[-1.3843895  -1.521944   -1.0809859  -0.2099305  -1.8563734  -1.2263792
   0.60886914 -2.1080468  -1.7493054   2.514782   -1.9950668  -1.7587829
  -0.17639327]] 
Episode: 546: [[-1.384441   -1.5219765  -1.0809546  -0.20987177 -1.8564218  -1.2263534
   0.6089237  -2.1081116  -1.7493861   2.5147276  -1.9951335  -1.7588152
  -0.17637263]] 
Episode: 547: [[-1.3845029  -1.5219892  -1.0808924  -0.20981675 -1.8564554  -1.2263062
   0.6089856  -2.1081526  -1.7494698   2.5146697  -1.9952253  -1.75887
  -0.17636573]] 
Episode: 548: [[-1.3845595  -1.5219915  -1.0808464  -0.20975755 -1.8564678  -1.2262481
   0.60904783 -2.1081815  -1.7495395   2.5146098  -1.9953321  -1.7589512
  -0.1763827 ]] 
Episode: 549: [[-1.3845984  -1.522005   -1.0807631  -0.2097237  -1.8565111  -1.2261624
   0.6090991  -2.1082356  -1.7495842   2.514567   -1.9954305  -1.7590412
  -0.17641884]] 
Episode: 550: [[-1.3846345  -1.5220239  -1.080668   -0.20970324 -1.8565861  -1.2260659
   0.6091395  -2.1083148  -1.7496004   2.5145438  -1.9955188  -1.7591449
  -0.17648558]] 
Episode: 551: [[-1.3846768  -1.5220429  -1.0805876  -0.2096649  -1.8566555  -1.2259864
   0.6091912  -2.1083856  -1.7496451   2.514503   -1.9956081  -1.7592341
  -0.17653099]] 
Episode: 552: [[-1.384719   -1.5220433  -1.0804992  -0.20964429 -1.8567222  -1.225882
   0.6092169  -2.108464   -1.7496482   2.5144858  -1.9956892  -1.7593358
  -0.17660019]] 
Episode: 553: [[-1.3847513  -1.5220592  -1.0803893  -0.20964557 -1.8568203  -1.2257688
   0.60922873 -2.1085553  -1.7496253   2.5144894  -1.9957542  -1.7594311
  -0.17667714]] 
Episode: 554: [[-1.3847958  -1.5220593  -1.0802925  -0.20964424 -1.8568958  -1.2256697
   0.60921717 -2.1086292  -1.7495981   2.5145009  -1.995802   -1.759505
  -0.17673837]] 
Episode: 555: [[-1.3848513  -1.5220492  -1.0802084  -0.20962456 -1.8569449  -1.2255747
   0.6092209  -2.1086898  -1.7495972   2.5144913  -1.9958584  -1.7595712
  -0.17677857]] 
Episode: 556: [[-1.3849207  -1.5219753  -1.0802128  -0.20968093 -1.8570671  -1.2255602
   0.6091122  -2.1088672  -1.7495297   2.5146098  -1.9957706  -1.7595208
  -0.17677668]] 
Episode: 557: [[-1.3850002  -1.5218941  -1.0802315  -0.20969781 -1.8571378  -1.225546
   0.60902804 -2.1090028  -1.7494956   2.514683   -1.9957205  -1.7594842
  -0.17675172]] 
Episode: 558: [[-1.3850502  -1.521843   -1.0802402  -0.20973445 -1.8572282  -1.2255372
   0.6089482  -2.1091383  -1.749451    2.5147634  -1.9956628  -1.7594429
  -0.17672406]] 
Episode: 559: [[-1.3850951  -1.5218037  -1.08026    -0.20976408 -1.857316   -1.2255536
   0.6088844  -2.1092598  -1.7494345   2.5148294  -1.9956012  -1.7593794
  -0.17666374]] 
Episode: 560: [[-1.3851423  -1.5217657  -1.0802916  -0.20977964 -1.8573977  -1.2255901
   0.60884064 -2.1093662  -1.7494401   2.5148761  -1.9955461  -1.759307
  -0.17658044]] 
Episode: 561: [[-1.38519    -1.5217341  -1.0803417  -0.2097762  -1.8574533  -1.2256533
   0.6088282  -2.1094358  -1.7494946   2.5148928  -1.995511   -1.7592206
  -0.17645426]] 
Episode: 562: [[-1.3852535  -1.521684   -1.0803795  -0.20974523 -1.857482   -1.225696
   0.6088505  -2.109499   -1.7495867   2.514875   -1.9955146  -1.759171
  -0.17634954]] 
Episode: 563: [[-1.3853828  -1.521507   -1.0803808  -0.20965569 -1.8573809  -1.2256533
   0.60884297 -2.109485   -1.7496831   2.5148082  -1.9955714  -1.7591816
  -0.1762848 ]] 
Episode: 564: [[-1.3854954  -1.5213587  -1.0803863  -0.20956962 -1.8572909  -1.2256258
   0.60886306 -2.1094732  -1.7498007   2.5147333  -1.9956276  -1.759185
  -0.17621092]] 
Episode: 565: [[-1.385577   -1.5212281  -1.0803895  -0.2095092  -1.8572206  -1.2256057
   0.6088882  -2.109478   -1.7499189   2.514671   -1.9956656  -1.759176
  -0.17613883]] 
Episode: 566: [[-1.3856347  -1.5211196  -1.0803668  -0.20947698 -1.8571845  -1.2255677
   0.6088903  -2.109506   -1.749998    2.514637   -1.9956908  -1.7591785
  -0.1761019 ]] 
Episode: 567: [[-1.3857087  -1.5210143  -1.0803564  -0.20942715 -1.8571433  -1.2255293
   0.6089049  -2.1095197  -1.7500695   2.5145905  -1.9957176  -1.7591796
  -0.17606251]] 
Episode: 568: [[-1.3857795  -1.5209268  -1.0803292  -0.20939113 -1.857115   -1.2254953
   0.6089278  -2.1095192  -1.7501291   2.5145528  -1.9957465  -1.7591826
  -0.17602715]] 
Episode: 569: [[-1.3858584  -1.5208907  -1.080271   -0.20931624 -1.8570883  -1.2254308
   0.6089961  -2.109505   -1.750206    2.51447    -1.9958136  -1.7592292
  -0.17602165]] 
Episode: 570: [[-1.3859925  -1.520784   -1.0801724  -0.20923883 -1.8570524  -1.2253191
   0.6090148  -2.1095035  -1.7502475   2.5144114  -1.9958915  -1.7593092
  -0.17606157]] 
Episode: 571: [[-1.3861336 -1.5206908 -1.0800182 -0.2091557 -1.857036  -1.225194
   0.6090392 -2.109503  -1.7502887  2.5143373 -1.995978  -1.7593935
  -0.1760973]] 
Episode: 572: [[-1.3862557 -1.5206125 -1.0798858 -0.2090764 -1.8570473 -1.2251185
   0.6090757 -2.1095397 -1.7503756  2.5142605 -1.9960296 -1.7594378
  -0.1760999]] 
Episode: 573: [[-1.3863746  -1.520541   -1.079821   -0.20897144 -1.8570291  -1.225075
   0.6091485  -2.1095507  -1.7505041   2.5141542  -1.9960961  -1.7594621
  -0.17605062]] 
Episode: 574: [[-1.3864498  -1.520503   -1.0797222  -0.20892315 -1.8570764  -1.2250154
   0.60917753 -2.1096253  -1.7505654   2.5141053  -1.9961113  -1.7594801
  -0.17605563]] 
Episode: 575: [[-1.3864877  -1.5204973  -1.0795838  -0.20893635 -1.8571872  -1.2249358
   0.6091651  -2.1097338  -1.7505358   2.5141191  -1.9960872  -1.7595065
  -0.17612289]] 
Episode: 576: [[-1.3865072  -1.5204818  -1.0794872  -0.2089986  -1.8572888  -1.2249308
   0.6090956  -2.1098483  -1.7505026   2.5141933  -1.9959836  -1.7594528
  -0.17614128]] 
Episode: 577: [[-1.3864597  -1.5205239  -1.0793897  -0.20910004 -1.8574255  -1.2249461
   0.60901916 -2.109997   -1.750476    2.5142941  -1.9958721  -1.7594073
  -0.17618231]] 
Episode: 578: [[-1.3864232  -1.5205852  -1.0792696  -0.20921336 -1.8575797  -1.2249494
   0.60892224 -2.1101294  -1.750397    2.51442    -1.9957542  -1.7593714
  -0.17625941]] 
Episode: 579: [[-1.3864293  -1.5205936  -1.0791405  -0.20934215 -1.8577154  -1.2249892
   0.60871553 -2.110305   -1.7502934   2.514606   -1.9955857  -1.7593036
  -0.17632252]] 
Episode: 580: [[-1.386426   -1.5206276  -1.0790074  -0.20946333 -1.8578844  -1.2250236
   0.60853934 -2.1104925  -1.7502097   2.5147727  -1.995422   -1.7592292
  -0.17637174]] 
Episode: 581: [[-1.3863878  -1.5206853  -1.0788331  -0.20965473 -1.8581192  -1.2250465
   0.6083054  -2.1107328  -1.7500349   2.5150177  -1.9952053  -1.7591578
  -0.17649807]] 
Episode: 582: [[-1.3863779  -1.5207087  -1.07862    -0.20981894 -1.8583399  -1.2249854
   0.60806584 -2.1109889  -1.7498295   2.5152447  -1.9950203  -1.7591506
  -0.17669782]] 
Episode: 583: [[-1.3863697  -1.520737   -1.0784197  -0.2099687  -1.8585505  -1.2249349
   0.60785204 -2.1112146  -1.7496389   2.5154493  -1.9948505  -1.7591375
  -0.17687243]] 
Episode: 584: [[-1.3863646  -1.520771   -1.0782272  -0.21010086 -1.858758   -1.2248951
   0.60765517 -2.1114316  -1.7494677   2.5156367  -1.9947064  -1.7591422
  -0.17704713]] 
Episode: 585: [[-1.386343   -1.5208127  -1.0780205  -0.2102518  -1.8589802  -1.2248456
   0.6074552  -2.1116643  -1.7492684   2.5158365  -1.9945524  -1.7591532
  -0.17724022]] 
Episode: 586: [[-1.386322   -1.5208493  -1.0778227  -0.21039596 -1.859171   -1.2247806
   0.60725796 -2.1118922  -1.7490615   2.516032   -1.9944117  -1.7591882
  -0.17745776]] 
Episode: 587: [[-1.3863097  -1.5208818  -1.0776365  -0.2105161  -1.8593533  -1.2247256
   0.6070901  -2.1121056  -1.7488929   2.5161965  -1.9942877  -1.7592169
  -0.17764758]] 
Episode: 588: [[-1.3863232  -1.520898   -1.0776138  -0.21069121 -1.8595299  -1.2248603
   0.60678643 -2.112301   -1.7486705   2.5164804  -1.9940374  -1.7590728
  -0.17768694]] 
Episode: 589: [[-1.3863435  -1.5208973  -1.0776148  -0.21083806 -1.8596549  -1.2249904
   0.6065254  -2.1124768  -1.7485067   2.516729   -1.993833   -1.7589597
  -0.1777298 ]] 
Episode: 590: [[-1.3863751  -1.5208992  -1.077613   -0.21093826 -1.8597581  -1.2250861
   0.606319   -2.112633   -1.7483864   2.5169175  -1.9936845  -1.7588785
  -0.1777635 ]] 
Episode: 591: [[-1.3863983  -1.5209154  -1.0776045  -0.21101187 -1.8598435  -1.2251476
   0.6061675  -2.1127646  -1.7482932   2.5170622  -1.9935924  -1.7588507
  -0.17782392]] 
Episode: 592: [[-1.3864195  -1.5209521  -1.0776013  -0.21105193 -1.8599072  -1.2252095
   0.60604113 -2.1128848  -1.7482282   2.5171719  -1.993532   -1.7588534
  -0.17789288]] 
Episode: 593: [[-1.38644    -1.5209846  -1.0776356  -0.21106902 -1.8599433  -1.2253022
   0.6059639  -2.1129508  -1.7482357   2.5172386  -1.9935062  -1.758825
  -0.17787395]] 
Episode: 594: [[-1.3864657  -1.521012   -1.0776821  -0.2110603  -1.8599409  -1.225401
   0.60591453 -2.1129727  -1.748282    2.5172684  -1.9935031  -1.7587887
  -0.17781632]] 
Episode: 595: [[-1.3864987  -1.521026   -1.0777326  -0.21104395 -1.8599204  -1.225502
   0.6058814  -2.112964   -1.7483453   2.5172818  -1.9935217  -1.758744
  -0.17772324]] 
Episode: 596: [[-1.3865106  -1.5210638  -1.0777872  -0.21103549 -1.8599097  -1.2256145
   0.6058653  -2.1129534  -1.7484176   2.517294   -1.9935372  -1.758701
  -0.17763577]] 
Episode: 597: [[-1.3865294  -1.5210899  -1.0778471  -0.21101974 -1.8598794  -1.225711
   0.60585165 -2.1129286  -1.7484794   2.5173006  -1.9935633  -1.7586701
  -0.17755789]] 
Episode: 598: [[-1.3865286  -1.5211241  -1.0779253  -0.21099898 -1.8598485  -1.2258133
   0.6058712  -2.112917   -1.7485671   2.5172915  -1.9936062  -1.7586603
  -0.17749096]] 
Episode: 599: [[-1.3865396  -1.5211515  -1.0779954  -0.21095313 -1.8597962  -1.2258962
   0.60592395 -2.1128743  -1.7486833   2.517245   -1.9936907  -1.7586632
  -0.17739952]] 
Episode: 600: [[-1.3865621 -1.5211755 -1.0780592 -0.2108838 -1.8597349 -1.225959
   0.6060087 -2.1128237 -1.7488157  2.5171685 -1.9937974 -1.7586837
  -0.1773137]] 
Episode: 601: [[-1.3866152  -1.5211604  -1.0781249  -0.21081272 -1.8596221  -1.2260188
   0.60606635 -2.112768   -1.7489499   2.5171049  -1.9938923  -1.7587019
  -0.17723136]] 
Episode: 602: [[-1.3866577  -1.5211653  -1.0781744  -0.21075083 -1.8595378  -1.226084
   0.6061375  -2.1127162  -1.7490855   2.5170398  -1.9939753  -1.758706
  -0.17714132]] 
Episode: 603: [[-1.3866359  -1.5211245  -1.078393   -0.21075058 -1.8594667  -1.2262813
   0.60608256 -2.1126692  -1.7491598   2.5170753  -1.9939463  -1.7585875
  -0.17697288]] 
Episode: 604: [[-1.3865821  -1.5211135  -1.0785908  -0.21079153 -1.8594288  -1.2264888
   0.6060036  -2.1126378  -1.7492045   2.5171473  -1.9938848  -1.7584573
  -0.17682229]] 
Episode: 605: [[-1.3865231  -1.5211129  -1.0787435  -0.21084107 -1.8593998  -1.226651
   0.60593545 -2.1126027  -1.7492223   2.5172164  -1.9938401  -1.7583598
  -0.176712  ]] 
Episode: 606: [[-1.3864648  -1.5211277  -1.078848   -0.21091281 -1.8594116  -1.2267902
   0.6058452  -2.112592   -1.7491918   2.5173092  -1.9937708  -1.7582625
  -0.17662965]] 
Episode: 607: [[-1.3864249  -1.5211277  -1.078929   -0.2109715  -1.8594145  -1.2269005
   0.6057646  -2.1125727  -1.7491472   2.517388   -1.993721   -1.7581909
  -0.17656815]] 
Episode: 608: [[-1.3863672  -1.5211345  -1.0789696  -0.21106246 -1.8594556  -1.2269768
   0.60564065 -2.1126127  -1.7490494   2.5175078  -1.9936475  -1.7581465
  -0.17658038]] 
Episode: 609: [[-1.3863106  -1.5211561  -1.0790036  -0.2111523  -1.8595026  -1.2270497
   0.60552716 -2.112662   -1.7489593   2.5176256  -1.9935724  -1.7581064
  -0.17660187]] 
Episode: 610: [[-1.3862894  -1.5211661  -1.0789707  -0.21126167 -1.8595852  -1.2271143
   0.6053641  -2.1127589  -1.7488708   2.5177772  -1.9934579  -1.7580407
  -0.17662118]] 
Episode: 611: [[-1.3862736  -1.5211846  -1.0789187  -0.21137354 -1.8596873  -1.2271727
   0.605208   -2.1128411  -1.7487746   2.517926   -1.9933393  -1.7579628
  -0.1766312 ]] 
Episode: 612: [[-1.3862646  -1.5212047  -1.0788478  -0.21146378 -1.8597983  -1.2272153
   0.6050972  -2.112906   -1.7486998   2.5180364  -1.9932532  -1.7578999
  -0.17663135]] 
Episode: 613: [[-1.386243   -1.5212339  -1.0787693  -0.21155652 -1.8599226  -1.2272427
   0.6049929  -2.1129913  -1.7486176   2.5181456  -1.9931728  -1.7578545
  -0.17665899]] 
Episode: 614: [[-1.3863024  -1.5212548  -1.0786716  -0.21160123 -1.8600599  -1.2272855
   0.60484403 -2.1131003  -1.7485505   2.5182517  -1.993066   -1.7577771
  -0.17666174]] 
Episode: 615: [[-1.3863659  -1.5212655  -1.0785547  -0.21165171 -1.860191   -1.2273113
   0.6046904  -2.1132057  -1.7484822   2.5183601  -1.9929645  -1.757706
  -0.17666647]] 
Episode: 616: [[-1.3864161  -1.5212715  -1.0784442  -0.21171148 -1.8603085  -1.2273333
   0.60455376 -2.1133003  -1.7484274   2.5184655  -1.9928775  -1.7576421
  -0.176667  ]] 
Episode: 617: [[-1.3864956  -1.5212762  -1.0782939  -0.21173146 -1.8604517  -1.227267
   0.60448635 -2.1134338  -1.7483947   2.5185199  -1.9928479  -1.757651
  -0.17671908]] 
Episode: 618: [[-1.386583   -1.5212725  -1.0781772  -0.21172833 -1.8605559  -1.2272183
   0.60443115 -2.1135366  -1.7483796   2.5185544  -1.9928291  -1.7576557
  -0.1767536 ]] 
Episode: 619: [[-1.3866746  -1.5212559  -1.078077   -0.21170798 -1.8606331  -1.2271664
   0.60439324 -2.1136155  -1.7483709   2.5185685  -1.9928306  -1.7576712
  -0.17678216]] 
Episode: 620: [[-1.386758   -1.5212443  -1.0780009  -0.2116714  -1.8606906  -1.2271467
   0.6043936  -2.1136768  -1.7484115   2.5185547  -1.9928474  -1.7576815
  -0.17678706]] 
Episode: 621: [[-1.3868383  -1.5212045  -1.077942   -0.21163683 -1.8607131  -1.2270999
   0.6044019  -2.1137335  -1.7484457   2.5185406  -1.9928818  -1.7577226
  -0.17681986]] 
Episode: 622: [[-1.3869283  -1.5211707  -1.0778679  -0.21159679 -1.8607359  -1.2270387
   0.6044247  -2.1137784  -1.7484778   2.5185173  -1.9929343  -1.7577748
  -0.17685454]] 
Episode: 623: [[-1.3870175  -1.5211108  -1.07779    -0.21156204 -1.8607478  -1.2269474
   0.60443985 -2.1138194  -1.7484946   2.5184982  -1.9929998  -1.7578473
  -0.17690942]] 
Episode: 624: [[-1.387091   -1.5210631  -1.0777043  -0.21153995 -1.8607756  -1.2268609
   0.6044536  -2.1138725  -1.7485108   2.5184853  -1.9930599  -1.7579136
  -0.17696048]] 
Episode: 625: [[-1.3871424  -1.5210238  -1.0776311  -0.21152905 -1.8607905  -1.2267948
   0.6044552  -2.1139154  -1.7485225   2.5184803  -1.9931004  -1.757961
  -0.17700599]] 
Episode: 626: [[-1.3871953  -1.521007   -1.0775341  -0.21151881 -1.8608242  -1.2267159
   0.60445833 -2.113964   -1.7485299   2.5184753  -1.9931475  -1.7580165
  -0.17705807]] 
Episode: 627: [[-1.3872566  -1.52097    -1.0774649  -0.2114836  -1.860822   -1.226639
   0.6044595  -2.1139987  -1.748532    2.5184538  -1.9932044  -1.7580849
  -0.17711344]] 
Episode: 628: [[-1.3873245  -1.5209196  -1.0773911  -0.21145293 -1.8607949  -1.2265598
   0.6044496  -2.114006   -1.7485273   2.5184402  -1.9932749  -1.7581662
  -0.17717713]] 
Episode: 629: [[-1.387405   -1.5208731  -1.0772985  -0.21142942 -1.8607937  -1.226489
   0.6044251  -2.1140394  -1.7485249   2.5184412  -1.9933237  -1.7582337
  -0.17724033]] 
Episode: 630: [[-1.387466   -1.5208328  -1.0772222  -0.2114257  -1.8607891  -1.2264422
   0.6044058  -2.1140444  -1.7485251   2.518451   -1.9933707  -1.7582812
  -0.17727354]] 
Episode: 631: [[-1.3875335  -1.5207788  -1.0771494  -0.21141486 -1.860773   -1.226388
   0.6043937  -2.1140342  -1.7485303   2.5184536  -1.9934391  -1.7583418
  -0.17731091]] 
Episode: 632: [[-1.3876042  -1.5207278  -1.0770789  -0.21139595 -1.8607545  -1.2263417
   0.6043891  -2.1140234  -1.7485418   2.5184464  -1.9934981  -1.7583901
  -0.17733654]] 
Episode: 633: [[-1.3876563  -1.5206996  -1.0769877  -0.21139373 -1.86076    -1.2262774
   0.60437465 -2.114035   -1.7485203   2.5184536  -1.9935493  -1.7584537
  -0.17739293]] 
Episode: 634: [[-1.3876971  -1.5206859  -1.0768982  -0.21139935 -1.8607794  -1.2262133
   0.60435027 -2.114081   -1.7484884   2.5184722  -1.9935848  -1.7585182
  -0.17746273]] 
Episode: 635: [[-1.3876879  -1.5207697  -1.0767636  -0.21146592 -1.8609335  -1.2261884
   0.6043897  -2.114169   -1.7484543   2.5185156  -1.9936103  -1.7585745
  -0.17753099]] 
Episode: 636: [[-1.3877039  -1.5208193  -1.0765989  -0.21151645 -1.8610674  -1.226111
   0.60441065 -2.1142507  -1.7484014   2.518548   -1.9936438  -1.7586466
  -0.1776159 ]] 
Episode: 637: [[-1.3876988  -1.5208963  -1.0764247  -0.21158068 -1.8612168  -1.2260326
   0.6044288  -2.114334   -1.7483435   2.518587   -1.9936745  -1.7587147
  -0.17769814]] 
Episode: 638: [[-1.3876646  -1.5209873  -1.0762768  -0.2116733  -1.8613793  -1.2259786
   0.60444003 -2.1144211  -1.7482927   2.518648   -1.9936777  -1.7587458
  -0.17775026]] 
Episode: 639: [[-1.3876513  -1.5210687  -1.0761338  -0.21173549 -1.861518   -1.2259202
   0.6044739  -2.114478   -1.7482637   2.5186772  -1.9937087  -1.7587838
  -0.17778546]] 
Episode: 640: [[-1.387626   -1.5211469  -1.0760113  -0.21179143 -1.8616296  -1.2258806
   0.6045143  -2.1145158  -1.7482547   2.5186973  -1.9937503  -1.7588241
  -0.17781758]] 
Episode: 641: [[-1.3878467  -1.5212044  -1.0757604  -0.21169208 -1.8618437  -1.2256011
   0.6047606  -2.1148045  -1.7484235   2.518576   -1.9939871  -1.7591064
  -0.17803252]] 
Episode: 642: [[-1.3880588  -1.5212718  -1.0754727  -0.21158578 -1.86204    -1.2252805
   0.6050139  -2.1150591  -1.7485712   2.5184362  -1.9942466  -1.7594123
  -0.17826356]] 
Episode: 643: [[-1.3882531  -1.5213321  -1.075205   -0.21148938 -1.8622154  -1.2249827
   0.6052417  -2.1152837  -1.7486957   2.5183094  -1.9944874  -1.7596943
  -0.17847604]] 
Episode: 644: [[-1.3884263  -1.5214021  -1.0749656  -0.21140169 -1.8623815  -1.2247211
   0.6054559  -2.115488   -1.7488134   2.5181935  -1.9947057  -1.759947
  -0.178667  ]] 
Episode: 645: [[-1.3886585  -1.5215383  -1.0746154  -0.2111965  -1.8626405  -1.2243384
   0.6058107  -2.1158442  -1.7490419   2.517955   -1.9950305  -1.7603348
  -0.17897455]] 
Episode: 646: [[-1.3888896  -1.521637   -1.0742863  -0.21100368 -1.862851   -1.2239829
   0.6061176  -2.1161633  -1.7492495   2.5177379  -1.995328   -1.7606841
  -0.1792453 ]] 
Episode: 647: [[-1.3890973  -1.5217203  -1.073983   -0.21083324 -1.8630261  -1.2236614
   0.60637915 -2.116427   -1.7494282   2.5175462  -1.9955931  -1.7609947
  -0.17948493]] 
Episode: 648: [[-1.3892976  -1.5217856  -1.0737278  -0.2106608  -1.8631659  -1.2233901
   0.6066132  -2.1166532  -1.7495992   2.517364   -1.9958313  -1.7612703
  -0.17969418]] 
Episode: 649: [[-1.3894802  -1.5218474  -1.0734864  -0.21050425 -1.8633105  -1.2231332
   0.60683066 -2.1168754  -1.7497543   2.517197   -1.9960464  -1.7615225
  -0.17989147]] 
Episode: 650: [[-1.3896636  -1.5218861  -1.0732707  -0.21034634 -1.8634202  -1.2228984
   0.6070235  -2.1170523  -1.749901    2.5170355  -1.9962556  -1.7617513
  -0.18005966]] 
Episode: 651: [[-1.3898318  -1.5219488  -1.0730624  -0.21019855 -1.863525   -1.2226943
   0.60719174 -2.117217   -1.7500445   2.516889   -1.9964335  -1.7619501
  -0.18021113]] 
Episode: 652: [[-1.3899657  -1.5220265  -1.0728369  -0.21010217 -1.8636583  -1.2225125
   0.60732436 -2.117386   -1.7501614   2.516786   -1.9965714  -1.7621149
  -0.18034624]] 
Episode: 653: [[-1.3900838  -1.5221105  -1.0726124  -0.21001653 -1.8637911  -1.222336
   0.6074493  -2.117544   -1.7502621   2.5166903  -1.9967095  -1.7622774
  -0.18047784]] 
Episode: 654: [[-1.3901919  -1.5221931  -1.072426   -0.20993578 -1.8639054  -1.222204
   0.6075645  -2.117676   -1.7503598   2.516603   -1.996823   -1.7624073
  -0.18058011]] 
Episode: 655: [[-1.3903489  -1.5222216  -1.0722706  -0.20978755 -1.8639135  -1.2220508
   0.6076738  -2.1177673  -1.7504632   2.5164719  -1.9969695  -1.7625678
  -0.18069208]] 
Episode: 656: [[-1.390504   -1.5222424  -1.0721546  -0.20964119 -1.8639278  -1.2219226
   0.60778755 -2.1178634  -1.7505666   2.516346   -1.9970956  -1.7627023
  -0.18078029]] 
Episode: 657: [[-1.3906353  -1.5222609  -1.072012   -0.20953532 -1.8639578  -1.221774
   0.6078729  -2.1179712  -1.7506266   2.5162566  -1.9972154  -1.762853
  -0.18090259]] 
Episode: 658: [[-1.390772   -1.5222495  -1.071887   -0.20942837 -1.8639445  -1.2216421
   0.6079299  -2.1180491  -1.750687    2.516174   -1.9973259  -1.7629851
  -0.18100335]] 
Episode: 659: [[-1.3909124  -1.5222372  -1.0717716  -0.20932908 -1.863928   -1.2215314
   0.6079752  -2.11811    -1.7507306   2.516104   -1.9974126  -1.7630912
  -0.18108763]] 
Episode: 660: [[-1.3910398  -1.522227   -1.0716143  -0.20927866 -1.8639549  -1.2213984
   0.60796696 -2.1181931  -1.7506887   2.5160892  -1.9974537  -1.7631931
  -0.18121216]] 
Episode: 661: [[-1.3911562  -1.5222137  -1.0714631  -0.20925047 -1.8639829  -1.2212754
   0.60793084 -2.1182687  -1.7506106   2.5161002  -1.9974645  -1.7632719
  -0.18133235]] 
Episode: 662: [[-1.3912696  -1.5222026  -1.071336   -0.20920846 -1.8640058  -1.2211698
   0.6079225  -2.1183333  -1.7505652   2.5160902  -1.9974838  -1.7633405
  -0.18142869]] 
Episode: 663: [[-1.3913577  -1.5221794  -1.0712132  -0.209193   -1.8640178  -1.2210718
   0.60788774 -2.1183972  -1.7505149   2.5161023  -1.9974936  -1.7633997
  -0.1815172 ]] 
Episode: 664: [[-1.3914347  -1.5221728  -1.0711349  -0.20917983 -1.8640039  -1.2210091
   0.6078468  -2.1184468  -1.7504758   2.5161264  -1.9974931  -1.7634494
  -0.18160132]] 
Episode: 665: [[-1.3915074  -1.5221758  -1.0710572  -0.20916209 -1.8639951  -1.2209533
   0.6078328  -2.1184902  -1.7504437   2.5161374  -1.9975102  -1.7635128
  -0.18168692]] 
Episode: 666: [[-1.3916163  -1.5222173  -1.070931   -0.20907599 -1.8639905  -1.2208086
   0.6079253  -2.1185844  -1.7504745   2.5160663  -1.9976046  -1.763672
  -0.18185234]] 
Episode: 667: [[-1.3917258  -1.5222552  -1.0708305  -0.20898075 -1.8639865  -1.220678
   0.6080299  -2.118669   -1.7505195   2.5159836  -1.9976969  -1.7638105
  -0.18198624]] 
Episode: 668: [[-1.3917644  -1.5223212  -1.0707476  -0.20888662 -1.8639948  -1.2205963
   0.60822487 -2.1187985  -1.750645    2.515857   -1.9978174  -1.7639868
  -0.18215178]] 
Episode: 669: [[-1.3918     -1.5223886  -1.0706741  -0.20880213 -1.8640134  -1.2205285
   0.6083958  -2.1189237  -1.750754    2.5157466  -1.9979142  -1.7641356
  -0.18229622]] 
Episode: 670: [[-1.3918422  -1.5224409  -1.070609   -0.20872578 -1.8640183  -1.2204735
   0.6085523  -2.1190205  -1.750856    2.5156486  -1.9980097  -1.7642717
  -0.18242379]] 
Episode: 671: [[-1.391839   -1.5224909  -1.070508   -0.20869125 -1.8639941  -1.220411
   0.60874    -2.119104   -1.7509791   2.5155506  -1.9981316  -1.7644314
  -0.18256548]] 
Episode: 672: [[-1.3918304  -1.5225507  -1.07042    -0.20865494 -1.8639753  -1.2203597
   0.6089192  -2.1191812  -1.751108    2.5154529  -1.9982432  -1.7645682
  -0.1826812 ]] 
Episode: 673: [[-1.391774   -1.5226254  -1.0702617  -0.20872667 -1.8640566  -1.2202737
   0.60900855 -2.1193414  -1.7511048   2.5154662  -1.9982685  -1.7646976
  -0.18286547]] 
Episode: 674: [[-1.3917214  -1.5227005  -1.0701181  -0.20879968 -1.8641376  -1.2202011
   0.60908455 -2.1194825  -1.7511002   2.5154867  -1.9982898  -1.7648075
  -0.18302266]] 
Episode: 675: [[-1.391751   -1.5227067  -1.0699602  -0.20881791 -1.8642331  -1.2200701
   0.6091765  -2.1196532  -1.7511095   2.515475   -1.9983408  -1.764947
  -0.18319511]] 
Episode: 676: [[-1.3917519  -1.5227389  -1.0698225  -0.20886132 -1.8643581  -1.2199754
   0.60926366 -2.1198282  -1.7511147   2.5154815  -1.9983574  -1.7650468
  -0.18333353]] 
Episode: 677: [[-1.3917593  -1.5227611  -1.0696894  -0.20891619 -1.864475   -1.2198906
   0.6093232  -2.1199856  -1.7510971   2.5155087  -1.998363   -1.7651336
  -0.18345863]] 
Episode: 678: [[-1.3917518  -1.5227977  -1.0695348  -0.20899785 -1.8646069  -1.219787
   0.60935265 -2.1201584  -1.7510393   2.515566   -1.9983567  -1.7652283
  -0.1836112 ]] 
Episode: 679: [[-1.3917258  -1.5228425  -1.0693626  -0.20910405 -1.8647431  -1.2196671
   0.6093588  -2.1203196  -1.750954    2.5156472  -1.9983677  -1.7653455
  -0.18378232]] 
Episode: 680: [[-1.3916985  -1.5228829  -1.0692196  -0.20919329 -1.8648573  -1.2195772
   0.60939443 -2.1204417  -1.7509005   2.5157022  -1.9983879  -1.765447
  -0.18392117]] 
Episode: 681: [[-1.3916848  -1.5229281  -1.069092   -0.20924991 -1.8649501  -1.2194941
   0.60945565 -2.1205363  -1.7508848   2.5157232  -1.998432   -1.7655488
  -0.18403408]] 
Episode: 682: [[-1.3916796  -1.5229652  -1.0689522  -0.20929115 -1.8650445  -1.2193977
   0.60953915 -2.1206155  -1.7508891   2.515721   -1.9985019  -1.7656616
  -0.18414605]] 
Episode: 683: [[-1.3916695  -1.523014   -1.0688484  -0.20931932 -1.8651298  -1.2193385
   0.6096412  -2.1206708  -1.7509298   2.515703   -1.9985781  -1.7657523
  -0.18421614]] 
Episode: 684: [[-1.3916602  -1.5230576  -1.0687499  -0.20934129 -1.8651923  -1.2192845
   0.6097303  -2.1207094  -1.7509686   2.5156815  -1.9986541  -1.765835
  -0.184273  ]] 
Episode: 685: [[-1.3916445  -1.5231186  -1.0686553  -0.20936082 -1.8652668  -1.2192414
   0.60982615 -2.1207502  -1.7510198   2.5156548  -1.9987239  -1.7659043
  -0.18431586]] 
Episode: 686: [[-1.3915745  -1.5233525  -1.0684685  -0.20940709 -1.8654505  -1.2192228
   0.6099289  -2.120832   -1.7510762   2.5156374  -1.998783   -1.76597
  -0.18436494]] 
Episode: 687: [[-1.3915329  -1.523539   -1.0683072  -0.20943412 -1.8656058  -1.2192193
   0.61002195 -2.1209116  -1.7511477   2.515615   -1.9988406  -1.7660236
  -0.18440121]] 
Episode: 688: [[-1.3914841  -1.5237248  -1.0681456  -0.2094886  -1.8657836  -1.2192239
   0.6100735  -2.12101    -1.7511978   2.5156312  -1.9988616  -1.7660538
  -0.18443744]] 
Episode: 689: [[-1.391404   -1.5239117  -1.0680041  -0.20958935 -1.8659865  -1.219249
   0.6101057  -2.1211154  -1.751221    2.5156877  -1.9988424  -1.7660484
  -0.18445647]] 
Episode: 690: [[-1.3913314 -1.5240777 -1.0678898 -0.2096674 -1.8661609 -1.2192762
   0.6101477 -2.1212056 -1.7512496  2.5157254 -1.9988413 -1.7660576
  -0.1844772]] 
Episode: 691: [[-1.3913026  -1.5242009  -1.0677869  -0.20971598 -1.866316   -1.2193081
   0.6101763  -2.121293   -1.7512751   2.5157533  -1.998836   -1.7660598
  -0.18448652]] 
Episode: 692: [[-1.3912828  -1.524297   -1.0677134  -0.2097635  -1.8664515  -1.219357
   0.61019456 -2.1213598  -1.7512816   2.515787   -1.9988126  -1.7660416
  -0.18447872]] 
Episode: 693: [[-1.3912244  -1.524426   -1.0676794  -0.2098293  -1.8665768  -1.2194313
   0.6101794  -2.1214275  -1.7512875   2.5158477  -1.9987684  -1.7660074
  -0.18446876]] 
Episode: 694: [[-1.3911675  -1.5245512  -1.0676354  -0.20989604 -1.8667059  -1.2194953
   0.6101585  -2.1214972  -1.7512872   2.5159106  -1.9987295  -1.7659798
  -0.18446817]] 
Episode: 695: [[-1.3911171  -1.5246598  -1.0675609  -0.20997326 -1.8668451  -1.2195095
   0.61010915 -2.1215882  -1.7512343   2.5159914  -1.9986858  -1.765975
  -0.18451028]] 
Episode: 696: [[-1.3910519  -1.524767   -1.0674688  -0.21008873 -1.867003   -1.2195222
   0.6100237  -2.1216881  -1.7511514   2.516111   -1.9986205  -1.7659578
  -0.18455002]] 
Episode: 697: [[-1.3909434  -1.5249306  -1.0673484  -0.21023223 -1.8671744  -1.2195305
   0.6099657  -2.1217883  -1.7510852   2.5162334  -1.9985671  -1.7659601
  -0.18461323]] 
Episode: 698: [[-1.3908727  -1.525048   -1.0672448  -0.21033655 -1.8672962  -1.2195315
   0.6099127  -2.1218708  -1.7510409   2.5163274  -1.9985303  -1.7659683
  -0.18466759]] 
Episode: 699: [[-1.390847   -1.5251147  -1.0671723  -0.21039751 -1.867384   -1.2195432
   0.60987973 -2.1219654  -1.7510301   2.516393   -1.9985021  -1.765984
  -0.1847238 ]] 
Episode: 700: [[-1.3908136  -1.5251912  -1.0670938  -0.21046194 -1.8674728  -1.2195454
   0.6098548  -2.1220524  -1.7510118   2.5164561  -1.9984837  -1.7660104
  -0.18478695]] 
Episode: 701: [[-1.3907883  -1.5252697  -1.0670464  -0.2104934  -1.8675368  -1.2195767
   0.6098681  -2.1221094  -1.7510465   2.5164776  -1.9984765  -1.7660116
  -0.18479761]] 
Episode: 702: [[-1.3907825  -1.5253218  -1.0669748  -0.2105266  -1.8675789  -1.2195728
   0.60987663 -2.1221354  -1.7510645   2.5164993  -1.9984901  -1.7660303
  -0.18481624]] 
Episode: 703: [[-1.3907744  -1.5253791  -1.0669148  -0.2105432  -1.8676184  -1.219568
   0.609906   -2.122168   -1.7510942   2.5165017  -1.998518   -1.7660633
  -0.18484084]] 
Episode: 704: [[-1.3907719  -1.5254256  -1.0668408  -0.21055669 -1.8676504  -1.2195451
   0.60994333 -2.1221857  -1.7511088   2.5164933  -1.9985582  -1.7661039
  -0.18486033]] 
Episode: 705: [[-1.3907554  -1.5254941  -1.066782   -0.21056327 -1.8676846  -1.2195415
   0.6100165  -2.1221957  -1.751148    2.5164645  -1.9986044  -1.7661378
  -0.18486317]] 
Episode: 706: [[-1.3907573  -1.5255339  -1.0667287  -0.21055505 -1.8677046  -1.219529
   0.61008495 -2.1222003  -1.7511941   2.5164266  -1.9986632  -1.7661736
  -0.18485606]] 
Episode: 707: [[-1.3906522  -1.5256959  -1.0667177  -0.21064633 -1.8678794  -1.219626
   0.610244   -2.1222057  -1.7512739   2.5164313  -1.998689   -1.7661451
  -0.18478268]] 
Episode: 708: [[-1.3905636  -1.5258434  -1.06671    -0.21072723 -1.8680297  -1.2197149
   0.61038375 -2.1221974  -1.7513396   2.5164373  -1.9987153  -1.766116
  -0.1847091 ]] 
Episode: 709: [[-1.3904749  -1.525994   -1.0666945  -0.210811   -1.8681685  -1.2197952
   0.61049134 -2.1222022  -1.7513973   2.5164561  -1.9987365  -1.7660869
  -0.18463628]] 
Episode: 710: [[-1.3904111  -1.526114   -1.0666801  -0.2109103  -1.8682897  -1.2199128
   0.610549   -2.1222062  -1.7514511   2.5165095  -1.9987134  -1.7660097
  -0.18453012]] 
Episode: 711: [[-1.3904426  -1.5262045  -1.0667249  -0.21095727 -1.8683869  -1.2200742
   0.6105238  -2.1222496  -1.7514865   2.5165908  -1.998637   -1.7658832
  -0.1843901 ]] 
Episode: 712: [[-1.3905737  -1.5263417  -1.0667757  -0.21088281 -1.8685145  -1.2202047
   0.6105543  -2.1223671  -1.7515597   2.5165932  -1.9985847  -1.7657924
  -0.18427229]] 
Episode: 713: [[-1.3907106  -1.5265074  -1.066789   -0.21080968 -1.868675   -1.2203269
   0.61052835 -2.1225212  -1.7516164   2.5166194  -1.9984956  -1.7656894
  -0.18417138]] 
Episode: 714: [[-1.3908541  -1.5266322  -1.0667804  -0.21074265 -1.8688369  -1.2204211
   0.6105091  -2.1226776  -1.7516614   2.5166435  -1.9984212  -1.7656062
  -0.18409249]] 
Episode: 715: [[-1.3909787  -1.5267606  -1.0667633  -0.21069087 -1.8690041  -1.2205071
   0.610485   -2.1228268  -1.7516855   2.5166752  -1.9983444  -1.7655268
  -0.18402506]] 
Episode: 716: [[-1.391093   -1.5268719  -1.0667571  -0.21065381 -1.869158   -1.2205956
   0.6104478  -2.1229715  -1.7517004   2.516721   -1.9982572  -1.7654444
  -0.18396012]] 
Episode: 717: [[-1.3911507  -1.526958   -1.0668764  -0.21073394 -1.8693401  -1.2207601
   0.61031675 -2.123077   -1.7516212   2.5168965  -1.9980742  -1.7652591
  -0.18382443]] 
Episode: 718: [[-1.3912231  -1.5269344  -1.0670689  -0.21076664 -1.8694717  -1.2209055
   0.6101906  -2.1231704  -1.7515488   2.5170352  -1.997917   -1.7651029
  -0.18370472]] 
Episode: 719: [[-1.391293   -1.5269082  -1.0672464  -0.21079402 -1.8695785  -1.2210431
   0.610081   -2.123244   -1.7514983   2.5171573  -1.9977818  -1.7649579
  -0.18358602]] 
Episode: 720: [[-1.3913757  -1.5268823  -1.067427   -0.21077928 -1.8696555  -1.2211875
   0.6100245  -2.1232877  -1.7515119   2.5172205  -1.9976811  -1.7648139
  -0.18343213]] 
Episode: 721: [[-1.391477   -1.5268523  -1.0675869  -0.21072067 -1.8697065  -1.221297
   0.6100096  -2.1233377  -1.7515668   2.517235   -1.9976255  -1.7647221
  -0.18332165]] 
Episode: 722: [[-1.391573   -1.5268201  -1.0677439  -0.21066016 -1.8697468  -1.2214038
   0.6100082  -2.1233711  -1.751634    2.517237   -1.9975812  -1.7646275
  -0.1831961 ]] 
Episode: 723: [[-1.391657   -1.5267807  -1.0678563  -0.21061963 -1.8697917  -1.2214903
   0.6099687  -2.123392   -1.7516584   2.5172555  -1.9975296  -1.7645339
  -0.18307954]] 
Episode: 724: [[-1.391734   -1.5267437  -1.0679705  -0.21056372 -1.8698114  -1.2215539
   0.609948   -2.1234012  -1.7516868   2.517251   -1.9975119  -1.7644713
  -0.1829753 ]] 
Episode: 725: [[-1.3917975  -1.5266995  -1.0681243  -0.21051876 -1.8698119  -1.2216458
   0.60991484 -2.1234076  -1.7516985   2.5172648  -1.9974707  -1.7643969
  -0.18287632]] 
Episode: 726: [[-1.39194    -1.5265054  -1.0683137  -0.21045278 -1.8698057  -1.2217413
   0.60983247 -2.1234565  -1.7516937   2.517299   -1.9974059  -1.7643075
  -0.18277399]] 
Episode: 727: [[-1.3920847  -1.5263269  -1.0684861  -0.21037923 -1.8698369  -1.2218554
   0.6098265  -2.1234863  -1.7517339   2.5172985  -1.9973723  -1.7642275
  -0.18266086]] 
Episode: 728: [[-1.3922185  -1.5261627  -1.0686557  -0.21029684 -1.8698579  -1.2219629
   0.6098398  -2.12351    -1.751795    2.5172796  -1.9973624  -1.764164
  -0.18255056]] 
Episode: 729: [[-1.392345   -1.526022   -1.0688174  -0.21021304 -1.8698651  -1.222085
   0.6098673  -2.123521   -1.7518963   2.5172515  -1.9973685  -1.7640998
  -0.18242711]] 
Episode: 730: [[-1.3924606  -1.5258985  -1.0689579  -0.21013726 -1.86987    -1.2221975
   0.60989946 -2.1235268  -1.7519875   2.5172226  -1.997376   -1.7640411
  -0.1823129 ]] 
Episode: 731: [[-1.3925561  -1.5258     -1.069045   -0.21009672 -1.8699204  -1.2222902
   0.6099106  -2.123557   -1.752035    2.5172236  -1.9973633  -1.7639925
  -0.18223676]] 
Episode: 732: [[-1.3926628  -1.5256906  -1.0691167  -0.21003172 -1.8699299  -1.222342
   0.60993654 -2.1235697  -1.7520771   2.5171995  -1.9973991  -1.7640004
  -0.18220522]] 
Episode: 733: [[-1.3928045  -1.5255009  -1.0691894  -0.20993423 -1.8699024  -1.2224045
   0.60992277 -2.1236222  -1.7521322   2.5171654  -1.9974288  -1.7640132
  -0.18218467]] 
Episode: 734: [[-1.3929287  -1.5253345  -1.0692412  -0.20984979 -1.8698808  -1.2224634
   0.60991675 -2.1236687  -1.7521927   2.517131   -1.9974604  -1.7640221
  -0.18216018]] 
Episode: 735: [[-1.3930619  -1.525161   -1.0692803  -0.20975338 -1.8698322  -1.2224985
   0.60990804 -2.123688   -1.7522466   2.517085   -1.9975145  -1.7640507
  -0.18214372]] 
Episode: 736: [[-1.3931794  -1.5250185  -1.0693334  -0.20965394 -1.8697625  -1.2225487
   0.60992354 -2.1236804  -1.7523342   2.5170236  -1.9975743  -1.7640657
  -0.18210089]] 
Episode: 737: [[-1.3932663  -1.5249343  -1.069355   -0.209573   -1.8697442  -1.2225621
   0.60998523 -2.1236677  -1.7524046   2.5169556  -1.9976625  -1.7641149
  -0.18209086]] 
Episode: 738: [[-1.3934008  -1.5248005  -1.0693535  -0.2094763  -1.8697238  -1.2225304
   0.61003137 -2.123669   -1.7524598   2.5168886  -1.9977587  -1.7641841
  -0.18210572]] 
Episode: 739: [[-1.393592   -1.5246937  -1.0693697  -0.20928979 -1.8697529  -1.222505
   0.6101209  -2.1237378  -1.7525613   2.516761   -1.9978727  -1.764281
  -0.18214415]] 
Episode: 740: [[-1.3937886  -1.5245742  -1.0693213  -0.20910995 -1.8697885  -1.2224103
   0.6102545  -2.1238022  -1.752665    2.5166144  -1.9980298  -1.7644368
  -0.18223706]] 
Episode: 741: [[-1.3939773  -1.524469   -1.0692571  -0.20894615 -1.8698267  -1.2223132
   0.6103796  -2.1238503  -1.7527509   2.5164807  -1.9981803  -1.7645876
  -0.18233147]] 
Episode: 742: [[-1.3941838  -1.5243359  -1.0691732  -0.20878637 -1.8698629  -1.2221825
   0.61050504 -2.1239166  -1.7528337   2.5163503  -1.9983374  -1.7647505
  -0.18243754]] 
Episode: 743: [[-1.3943678  -1.5242275  -1.0691005  -0.20866282 -1.8699275  -1.2220845
   0.6106079  -2.1239927  -1.7528911   2.5162575  -1.9984528  -1.7648752
  -0.18252163]] 
Episode: 744: [[-1.39452   -1.5241357 -1.0690513 -0.2085642 -1.8699932 -1.2220278
   0.6106917 -2.1240642 -1.7529521  2.5161839 -1.9985299 -1.7649531
  -0.1825592]] 
Episode: 745: [[-1.3946842 -1.5240306 -1.0689634 -0.2084899 -1.8700786 -1.2219557
   0.6107309 -2.1241908 -1.7530121  2.5161448 -1.9985658 -1.7650063
  -0.1825982]] 
Episode: 746: [[-1.3948163  -1.5239503  -1.0688493  -0.20842871 -1.8701878  -1.2218783
   0.61080056 -2.1243384  -1.7530962   2.5160975  -1.998624   -1.7650906
  -0.18266916]] 
Episode: 747: [[-1.3948802  -1.5238645  -1.0688556  -0.20842491 -1.870274   -1.2218566
   0.6108524  -2.124485   -1.7531723   2.5161076  -1.9986496  -1.7651355
  -0.18271689]] 
Episode: 748: [[-1.3949361  -1.5237952  -1.0688534  -0.20843278 -1.8703647  -1.2218378
   0.6108939  -2.1246173  -1.75323     2.5161262  -1.9986577  -1.7651615
  -0.18275082]] 
Episode: 749: [[-1.3950027  -1.523716   -1.0688815  -0.2084231  -1.8704294  -1.2218386
   0.61093825 -2.1247349  -1.7533121   2.5161328  -1.9986616  -1.7651678
  -0.18275626]] 
Episode: 750: [[-1.3950617  -1.5236515  -1.0689042  -0.20842189 -1.8704956  -1.2218497
   0.6109732  -2.124838   -1.7533785   2.5161464  -1.9986521  -1.7651589
  -0.18275128]] 
Episode: 751: [[-1.3950988  -1.5236158  -1.0689709  -0.20843634 -1.8705332  -1.2219317
   0.6109942  -2.124906   -1.7534736   2.5161803  -1.998618   -1.765112
  -0.18270482]] 
Episode: 752: [[-1.3951368  -1.5235753  -1.0690378  -0.20845892 -1.8705567  -1.222043
   0.6109974  -2.1249564  -1.7535753   2.5162234  -1.9985607  -1.7650295
  -0.18262875]] 
Episode: 753: [[-1.3951831  -1.523512   -1.0691193  -0.20848577 -1.8705589  -1.2221483
   0.61098385 -2.1249993  -1.7536575   2.5162787  -1.9984957  -1.7649419
  -0.18255258]] 
Episode: 754: [[-1.3952098  -1.5234704  -1.0691817  -0.20853578 -1.870588   -1.2222385
   0.61094826 -2.1250598  -1.75369     2.516362   -1.9984188  -1.7648746
  -0.18252599]] 
Episode: 755: [[-1.395269   -1.5234653  -1.0691638  -0.20854253 -1.870649   -1.2222445
   0.6109721  -2.1251667  -1.7537513   2.5163906  -1.9984014  -1.76488
  -0.18255779]] 
Episode: 756: [[-1.3953133  -1.523462   -1.069151   -0.2085637  -1.8707062  -1.2222548
   0.6109743  -2.12527    -1.7537755   2.5164378  -1.9983641  -1.7648821
  -0.18260963]] 
Episode: 757: [[-1.3953269  -1.5234268  -1.069177   -0.20859103 -1.8707001  -1.2222664
   0.6110264  -2.1253636  -1.7538431   2.516465   -1.9983697  -1.7649242
  -0.18267743]] 
Episode: 758: [[-1.3953047  -1.5234013  -1.0691545  -0.20866558 -1.870744   -1.2222457
   0.61104584 -2.1255107  -1.7538601   2.516532   -1.9983605  -1.7649858
  -0.18279164]] 
Episode: 759: [[-1.3953025  -1.5233852  -1.069101   -0.20874816 -1.8708199  -1.2222109
   0.6110365  -2.1256545  -1.7538395   2.51662    -1.9983411  -1.7650414
  -0.18290603]] 
Episode: 760: [[-1.3953531  -1.5231947  -1.069237   -0.20879605 -1.8708118  -1.2222582
   0.6109841  -2.1258001  -1.7538303   2.516729   -1.9982879  -1.7650528
  -0.18297811]] 
Episode: 761: [[-1.3953947  -1.5230249  -1.0693375  -0.20884809 -1.8708099  -1.2222842
   0.6109265  -2.1259482  -1.7538147   2.5168362  -1.9982474  -1.7650802
  -0.18306251]] 
Episode: 762: [[-1.3954515  -1.5228654  -1.0694242  -0.20887288 -1.8707999  -1.2222968
   0.61089015 -2.1260748  -1.753816    2.5169108  -1.9982297  -1.7651138
  -0.1831312 ]] 
Episode: 763: [[-1.3955516  -1.5226995  -1.0695479  -0.2088139  -1.8707234  -1.222323
   0.6109059  -2.1261277  -1.7539122   2.5168982  -1.9982765  -1.7651374
  -0.18310985]] 
Episode: 764: [[-1.395659   -1.5225323  -1.0696986  -0.20873114 -1.8706212  -1.2223532
   0.610924   -2.1261678  -1.7540245   2.5168712  -1.998332   -1.765167
  -0.18308997]] 
Episode: 765: [[-1.3957586  -1.5223733  -1.0698494  -0.20864385 -1.8705177  -1.2223914
   0.61094886 -2.1262019  -1.7541529   2.516834   -1.9983959  -1.7651939
  -0.18305622]] 
Episode: 766: [[-1.3958435  -1.5222274  -1.0699865  -0.20856933 -1.870425   -1.2224326
   0.6109808  -2.1262276  -1.754282    2.5167968  -1.9984629  -1.7652156
  -0.18300886]] 
Episode: 767: [[-1.395934   -1.5220973  -1.070126   -0.20846789 -1.8703113  -1.22248
   0.6110378  -2.1262233  -1.7544487   2.5167243  -1.9985503  -1.7652276
  -0.1829275 ]] 
Episode: 768: [[-1.396028   -1.5219749  -1.0702454  -0.20836936 -1.8702072  -1.222515
   0.61109203 -2.1262124  -1.754606    2.516653   -1.9986418  -1.7652413
  -0.18284748]] 
Episode: 769: [[-1.3961151  -1.5219046  -1.0703201  -0.20827067 -1.8701429  -1.2225536
   0.6111494  -2.1262116  -1.7547648   2.5165756  -1.9987262  -1.7652508
  -0.18276475]] 
Episode: 770: [[-1.3961782  -1.5218498  -1.0703773  -0.20820405 -1.870096   -1.2225815
   0.6111863  -2.1262038  -1.7548819   2.5165265  -1.9987986  -1.7652614
  -0.18270397]] 
Episode: 771: [[-1.3962468  -1.5217988  -1.0704228  -0.20812717 -1.870048   -1.2226077
   0.61123055 -2.1261914  -1.7550052   2.5164633  -1.9988719  -1.7652699
  -0.1826362 ]] 
Episode: 772: [[-1.3963299  -1.5218172  -1.0703874  -0.20803018 -1.8700336  -1.2225837
   0.6112723  -2.1261985  -1.7550975   2.5163834  -1.9989486  -1.7653102
  -0.18261144]] 
Episode: 773: [[-1.3963995  -1.5218372  -1.0703377  -0.20795548 -1.8700293  -1.2225511
   0.6113005  -2.1262028  -1.755158    2.5163236  -1.9990193  -1.7653581
  -0.18261018]] 
Episode: 774: [[-1.3964756  -1.5218416  -1.0703058  -0.20786665 -1.8700136  -1.2225186
   0.6113274  -2.1262317  -1.7552352   2.51626    -1.999097   -1.7654227
  -0.18263078]] 
Episode: 775: [[-1.3965259  -1.5218732  -1.070239   -0.20782754 -1.8700413  -1.2224824
   0.6113288  -2.1262732  -1.7552593   2.516242   -1.9991527  -1.7654872
  -0.18267794]] 
Episode: 776: [[-1.3965625  -1.5219134  -1.0701634  -0.20780595 -1.8700848  -1.22245
   0.61133504 -2.126317   -1.7552758   2.5162323  -1.9991997  -1.7655431
  -0.182723  ]] 
Episode: 777: [[-1.3965921  -1.521957   -1.07009    -0.20779282 -1.8701447  -1.2224191
   0.61133045 -2.1263707  -1.7552708   2.5162325  -1.9992255  -1.765585
  -0.18276502]] 
Episode: 778: [[-1.3966002  -1.5220016  -1.0700014  -0.20782596 -1.8702353  -1.2223924
   0.6112961  -2.1264544  -1.7552207   2.5162795  -1.9992046  -1.7656127
  -0.18283686]] 
Episode: 779: [[-1.396592   -1.5220747  -1.0698456  -0.20791076 -1.8704032  -1.2223735
   0.611251   -2.1265786  -1.7551439   2.5163653  -1.9991506  -1.765626
  -0.18292022]] 
Episode: 780: [[-1.3965845  -1.5221628  -1.069706   -0.2079723  -1.8705596  -1.2223538
   0.61123264 -2.1266823  -1.755092    2.5164216  -1.9991118  -1.7656345
  -0.18298085]] 
Episode: 781: [[-1.3965492  -1.5222485  -1.0696163  -0.20800932 -1.8706429  -1.2223536
   0.61126655 -2.1267216  -1.7551057   2.5164337  -1.9991289  -1.7656753
  -0.1830398 ]] 
Episode: 782: [[-1.3965162  -1.5223264  -1.0695238  -0.20804802 -1.8707191  -1.2223558
   0.6112978  -2.1267478  -1.7551124   2.516445   -1.9991449  -1.7657083
  -0.18308605]] 
Episode: 783: [[-1.3964835  -1.5224153  -1.0694141  -0.20806934 -1.8707929  -1.2223331
   0.6113479  -2.126779   -1.7551273   2.5164328  -1.9991903  -1.7657729
  -0.18315315]] 
Episode: 784: [[-1.396458   -1.5225064  -1.0693218  -0.20807697 -1.870866   -1.2223185
   0.6114068  -2.126816   -1.7551546   2.516409   -1.9992284  -1.7658209
  -0.18319833]] 
Episode: 785: [[-1.3964453  -1.5225916  -1.0692077  -0.20808174 -1.8709509  -1.2222921
   0.61145765 -2.1268632  -1.7551805   2.516385   -1.9992639  -1.7658695
  -0.183246  ]] 
Episode: 786: [[-1.3964505  -1.5226475  -1.0691111  -0.20806397 -1.8709952  -1.2222668
   0.6115087  -2.1268878  -1.7552251   2.5163443  -1.9993144  -1.7659209
  -0.18328306]] 
Episode: 787: [[-1.3964571  -1.5227123  -1.0690026  -0.2080425  -1.8710537  -1.2222192
   0.6115828  -2.1269386  -1.7552818   2.516294   -1.9993798  -1.765993
  -0.18333918]] 
Episode: 788: [[-1.3964717  -1.5227687  -1.0688907  -0.20801875 -1.8711144  -1.2221581
   0.6116441  -2.126992   -1.755317    2.516249   -1.9994432  -1.7660733
  -0.18341002]] 
Episode: 789: [[-1.396459   -1.522829   -1.068771   -0.20803942 -1.8711824  -1.2221107
   0.6116831  -2.127054   -1.7553381   2.5162432  -1.9994919  -1.7661506
  -0.18348648]] 
Episode: 790: [[-1.3964192  -1.5229294  -1.0686293  -0.20808315 -1.8712713  -1.2220556
   0.6117213  -2.127128   -1.7553345   2.5162563  -1.9995538  -1.7662601
  -0.18360633]] 
Episode: 791: [[-1.3963767  -1.5230402  -1.0684465  -0.20811972 -1.8713914  -1.2219703
   0.61177224 -2.1272187  -1.7553253   2.5162497  -1.9996213  -1.7663807
  -0.18373516]] 
Episode: 792: [[-1.3963426  -1.5231354  -1.068245   -0.2081748  -1.8715235  -1.2218763
   0.61180156 -2.1273103  -1.7552967   2.5162632  -1.9996728  -1.7664858
  -0.18385527]] 
Episode: 793: [[-1.3962958  -1.5232571  -1.0680532  -0.20822698 -1.8716472  -1.2217884
   0.61184156 -2.1273973  -1.7552785   2.5162733  -1.999739   -1.7666092
  -0.18398654]] 
Episode: 794: [[-1.3962637  -1.52336    -1.0678927  -0.20825899 -1.8717499  -1.2217149
   0.61188555 -2.1274614  -1.755281    2.5162678  -1.9998113  -1.7667129
  -0.18407968]] 
Episode: 795: [[-1.3962612  -1.5234041  -1.0677326  -0.20825265 -1.8718069  -1.2215995
   0.6119707  -2.1275208  -1.7553209   2.516217   -1.9999313  -1.7668642
  -0.1842046 ]] 
Episode: 796: [[-1.3962643  -1.5234421  -1.0675879  -0.20824483 -1.8718548  -1.2214962
   0.6120564  -2.1275551  -1.7553756   2.516162   -2.0000544  -1.7669833
  -0.18427761]] 
Episode: 797: [[-1.3962673  -1.5234765  -1.067468   -0.20822309 -1.8718882  -1.2214166
   0.61215305 -2.1275735  -1.755461    2.51609    -2.0001805  -1.7670808
  -0.18431126]] 
Episode: 798: [[-1.3962774  -1.5234504  -1.0673877  -0.2081926  -1.8718699  -1.2213503
   0.61223316 -2.1275735  -1.7555457   2.5160184  -2.0002992  -1.7671764
  -0.18435061]] 
Episode: 799: [[-1.396277   -1.5234367  -1.0673267  -0.2081675  -1.8718485  -1.221306
   0.6123208  -2.127563   -1.7556512   2.5159485  -2.0004165  -1.7672552
  -0.18436559]] 
Episode: 800: [[-1.3962681  -1.5234268  -1.0672898  -0.20814121 -1.8718184  -1.2212828
   0.61240566 -2.1275427  -1.7557578   2.5158799  -2.000525   -1.7673212
  -0.18436736]] 
Episode: 801: [[-1.3962531  -1.5234406  -1.0672691  -0.20810702 -1.8718063  -1.2212677
   0.6125049  -2.127535   -1.7558753   2.515804   -2.0006256  -1.7673806
  -0.18436654]] 
Episode: 802: [[-1.3961868  -1.5235343  -1.0672574  -0.20811506 -1.8718315  -1.2213181
   0.6125708  -2.1275518  -1.7560126   2.5157762  -2.0006783  -1.7674062
  -0.1843519 ]] 
Episode: 803: [[-1.396108   -1.5236658  -1.0672127  -0.20815015 -1.8718845  -1.2213534
   0.61261904 -2.1275713  -1.7561175   2.5157728  -2.0007079  -1.7674212
  -0.18434542]] 
Episode: 804: [[-1.3960466  -1.5237944  -1.0671624  -0.20817757 -1.871955   -1.2214041
   0.61267626 -2.127605   -1.756242    2.515764   -2.0007238  -1.7674185
  -0.18432592]] 
Episode: 805: [[-1.3958899  -1.5239507  -1.0671488  -0.20827492 -1.8720193  -1.2215116
   0.61272085 -2.1276999  -1.756405    2.5158026  -2.0007052  -1.7673917
  -0.18430643]] 
Episode: 806: [[-1.3957539  -1.5240808  -1.0671129  -0.20836836 -1.8720881  -1.22159
   0.61274916 -2.1277895  -1.7565316   2.515844   -2.0006917  -1.7673795
  -0.18430477]] 
Episode: 807: [[-1.3956397  -1.5241853  -1.0670886  -0.20844817 -1.8721426  -1.2216558
   0.61276704 -2.1278787  -1.7566482   2.5158834  -2.000674   -1.7673639
  -0.18430382]] 
Episode: 808: [[-1.3955606  -1.5242689  -1.0670272  -0.20851862 -1.8722101  -1.2216679
   0.61277384 -2.1279936  -1.7567091   2.5159268  -2.0006626  -1.7673877
  -0.18435793]] 
Episode: 809: [[-1.3954877 -1.5243441 -1.0669627 -0.2085956 -1.8722839 -1.2216833
   0.6127643 -2.128105  -1.7567513  2.5159814 -2.0006392 -1.7673992
  -0.1844021]] 
Episode: 810: [[-1.3953023  -1.5244616  -1.0668666  -0.208806   -1.8724313  -1.2218151
   0.6127139  -2.128282   -1.7567861   2.5161657  -2.0005286  -1.7673209
  -0.18439472]] 
Episode: 811: [[-1.3951478  -1.5245751  -1.0667735  -0.20898174 -1.8725541  -1.2219375
   0.61267084 -2.1284401  -1.7568388   2.51632    -2.0004284  -1.7672389
  -0.18437171]] 
Episode: 812: [[-1.3949724  -1.5246869  -1.0666522  -0.20920198 -1.872692   -1.222023
   0.6125749  -2.1286235  -1.7568039   2.5165288  -2.000315   -1.7672071
  -0.18444228]] 
Episode: 813: [[-1.3948182  -1.5247908  -1.0665617  -0.20938593 -1.8727971  -1.2221073
   0.6124996  -2.1287792  -1.7567936   2.516704   -2.0002236  -1.7671796
  -0.18449491]] 
Episode: 814: [[-1.3946843  -1.5248853  -1.0664581  -0.20955384 -1.8729042  -1.2221776
   0.61243224 -2.1289244  -1.7567818   2.5168614  -2.0001378  -1.7671541
  -0.18454617]] 
Episode: 815: [[-1.3945881  -1.5249733  -1.0663483  -0.20969759 -1.8730105  -1.2222406
   0.612358   -2.129077   -1.7567915   2.5170088  -2.0000513  -1.7671247
  -0.1845925 ]] 
Episode: 816: [[-1.3944862  -1.5250648  -1.0662334  -0.20983852 -1.8731078  -1.2222761
   0.6123078  -2.1292057  -1.7567965   2.5171397  -1.9999923  -1.7671195
  -0.18465321]] 
Episode: 817: [[-1.3944232  -1.5251116  -1.0661463  -0.20994619 -1.8731871  -1.2222962
   0.61226976 -2.129333   -1.7568114   2.5172503  -1.9999555  -1.767132
  -0.18472356]] 
Episode: 818: [[-1.3943948  -1.5251505  -1.0660717  -0.21000698 -1.8732562  -1.2223151
   0.61225146 -2.1294565  -1.7568676   2.517321   -1.9999396  -1.7671432
  -0.18477163]] 
Episode: 819: [[-1.3943588  -1.5252032  -1.065991   -0.2100635  -1.8733333  -1.222317
   0.61224854 -2.1295733  -1.7569177   2.5173786  -1.999945   -1.767167
  -0.18482472]] 
Episode: 820: [[-1.3943039  -1.5252825  -1.0659022  -0.21014659 -1.8734502  -1.2223557
   0.6122464  -2.1296923  -1.7569782   2.517452   -1.9999285  -1.7671585
  -0.18484624]] 
Episode: 821: [[-1.3942773  -1.5253403  -1.0658361  -0.21018586 -1.8735278  -1.2223854
   0.612271   -2.1297905  -1.7570688   2.5174842  -1.9999434  -1.7671646
  -0.18485717]] 
Episode: 822: [[-1.3942459  -1.5254078  -1.0657638  -0.21022862 -1.8736149  -1.222412
   0.6123007  -2.1298914  -1.757147    2.5175152  -1.9999568  -1.7671735
  -0.18487309]] 
Episode: 823: [[-1.3942311  -1.5254644  -1.065681   -0.21025217 -1.8736871  -1.222413
   0.61233425 -2.12998    -1.7572138   2.5175285  -1.9999871  -1.767203
  -0.18490459]] 
Episode: 824: [[-1.3942537  -1.5254787  -1.0655664  -0.21026629 -1.8737885  -1.2223818
   0.6123505  -2.1300876  -1.7572626   2.5175414  -2.0000153  -1.7672362
  -0.18494134]] 
Episode: 825: [[-1.3942708  -1.5255008  -1.0654712  -0.2102763  -1.8738873  -1.2223644
   0.61237466 -2.1301928  -1.7573254   2.5175474  -2.0000396  -1.7672554
  -0.1849577 ]] 
Episode: 826: [[-1.3942852  -1.5255227  -1.0653744  -0.21029979 -1.8739862  -1.2223531
   0.61238676 -2.130299   -1.7573826   2.5175688  -2.0000587  -1.7672718
  -0.18497552]] 
Episode: 827: [[-1.394306   -1.5255446  -1.0652715  -0.21032761 -1.8740871  -1.2223382
   0.6123898  -2.130406   -1.7574247   2.5175984  -2.00007    -1.7672881
  -0.18499751]] 
Episode: 828: [[-1.394337   -1.52556    -1.0652131  -0.21032128 -1.8741567  -1.2223349
   0.612415   -2.1304872  -1.7574967   2.5175967  -2.0000968  -1.7672977
  -0.18499485]] 
Episode: 829: [[-1.3943754  -1.5255444  -1.0651927  -0.2103096  -1.8741728  -1.2223259
   0.6124226  -2.1305423  -1.7575542   2.5176027  -2.0001378  -1.767327
  -0.18500382]] 
Episode: 830: [[-1.3944055  -1.525533   -1.0651721  -0.21030015 -1.8741857  -1.2223125
   0.61243033 -2.1305926  -1.7576009   2.5176082  -2.000183   -1.7673651
  -0.1850233 ]] 
Episode: 831: [[-1.3944439  -1.5255188  -1.065155   -0.2102703  -1.8741792  -1.2222867
   0.61244935 -2.130634   -1.7576541   2.5175936  -2.0002499  -1.767423
  -0.18504824]] 
Episode: 832: [[-1.3944693  -1.5255214  -1.0651302  -0.21024908 -1.8741803  -1.2222635
   0.61247694 -2.1306639  -1.7577105   2.5175774  -2.000316   -1.7674736
  -0.18506283]] 
Episode: 833: [[-1.3944951  -1.52553    -1.0650839  -0.21021713 -1.8741926  -1.2222179
   0.6125113  -2.130691   -1.7577567   2.5175467  -2.0003963  -1.7675458
  -0.18509832]] 
Episode: 834: [[-1.394522   -1.5255485  -1.0650203  -0.21018304 -1.8742117  -1.2221627
   0.6125672  -2.1307125  -1.7578149   2.5175037  -2.0004919  -1.7676274
  -0.18513648]] 
Episode: 835: [[-1.3945528  -1.5255779  -1.064952   -0.21015956 -1.874231   -1.2221165
   0.6126006  -2.1307323  -1.7578615   2.5174794  -2.0005674  -1.767694
  -0.1851661 ]] 
Episode: 836: [[-1.3945853  -1.525611   -1.064872   -0.21013567 -1.8742698  -1.2220563
   0.6126361  -2.1307793  -1.7579039   2.5174565  -2.0006428  -1.7677752
  -0.18522024]] 
Episode: 837: [[-1.3945901  -1.525649   -1.0647961  -0.21014558 -1.8743134  -1.2220035
   0.61265033 -2.130824   -1.7579058   2.5174646  -2.0006957  -1.7678515
  -0.185288  ]] 
Episode: 838: [[-1.3946023  -1.5256846  -1.0647247  -0.21014939 -1.8743567  -1.2219579
   0.6126693  -2.1308613  -1.7579161   2.5174668  -2.0007448  -1.7679149
  -0.18534185]] 
Episode: 839: [[-1.394599   -1.5257547  -1.0646557  -0.21014513 -1.874404   -1.2219025
   0.6127245  -2.1308951  -1.7579417   2.517451   -2.000828   -1.7680126
  -0.18541846]] 
Episode: 840: [[-1.3946271  -1.5258238  -1.0645744  -0.21011417 -1.8744694  -1.2218335
   0.61277837 -2.1309402  -1.7579596   2.5174203  -2.0009072  -1.7681091
  -0.18549457]] 
Episode: 841: [[-1.3946378  -1.5259087  -1.0645086  -0.21008159 -1.8745372  -1.2217854
   0.6128527  -2.1309884  -1.7580054   2.5173771  -2.000982   -1.7681895
  -0.18554911]] 
Episode: 842: [[-1.3946915  -1.5259444  -1.0644479  -0.21003574 -1.8745569  -1.2217267
   0.6128989  -2.1310198  -1.7580426   2.5173414  -2.0010624  -1.7682753
  -0.18560685]] 
Episode: 843: [[-1.3947527  -1.5259775  -1.0643693  -0.2099915  -1.8745939  -1.2216605
   0.6129382  -2.1310582  -1.7580659   2.5173092  -2.001136   -1.7683592
  -0.18567054]] 
Episode: 844: [[-1.3947928  -1.5260361  -1.0643046  -0.20995946 -1.8746462  -1.2216294
   0.6129732  -2.131106   -1.7581016   2.517286   -2.0011792  -1.768412
  -0.18570788]] 
Episode: 845: [[-1.3948193  -1.5261142  -1.0642046  -0.20994689 -1.8747319  -1.2215815
   0.6129839  -2.1311924  -1.7581042   2.5172863  -2.0012043  -1.7684819
  -0.18579115]] 
Episode: 846: [[-1.3948371  -1.5262016  -1.0641162  -0.20993455 -1.8748088  -1.2215521
   0.61300623 -2.1312544  -1.7581277   2.517278   -2.0012326  -1.7685319
  -0.1858399 ]] 
Episode: 847: [[-1.3948612  -1.5262892  -1.0640316  -0.20991722 -1.8748837  -1.2215174
   0.6130445  -2.131316   -1.7581626   2.517263   -2.0012739  -1.768589
  -0.18589053]] 
Episode: 848: [[-1.394888   -1.5263579  -1.0639949  -0.20988096 -1.8749238  -1.221515
   0.6130989  -2.131341   -1.7582322   2.5172274  -2.0013278  -1.7686248
  -0.18589714]] 
Episode: 849: [[-1.3949217  -1.5264164  -1.06395    -0.20990583 -1.8750185  -1.2216467
   0.6130445  -2.1313388  -1.758251    2.517277   -2.0012658  -1.7685179
  -0.18578967]] 
Episode: 850: [[-1.3949583  -1.5265089  -1.063878   -0.2099223  -1.8751304  -1.2217549
   0.61298084 -2.1313467  -1.7582552   2.517322   -2.0011952  -1.7684115
  -0.18569213]] 
Episode: 851: [[-1.3949746  -1.5266042  -1.063809   -0.20994852 -1.8752351  -1.2218641
   0.6129229  -2.131356   -1.7582582   2.517368   -2.0011272  -1.7683127
  -0.18560435]] 
Episode: 852: [[-1.394982   -1.5267053  -1.0637237  -0.20997629 -1.8753477  -1.2219578
   0.61288655 -2.131376   -1.7582649   2.5174034  -2.0010695  -1.7682325
  -0.18553457]] 
Episode: 853: [[-1.3949746  -1.5267937  -1.0636718  -0.21001813 -1.8754452  -1.2220887
   0.6128826  -2.1314158  -1.7583212   2.5174437  -2.0010097  -1.7681537
  -0.18547332]] 
Episode: 854: [[-1.3949504  -1.5268984  -1.0636092  -0.21009117 -1.8755648  -1.2222222
   0.61284834 -2.131477   -1.7583472   2.5175202  -2.0009217  -1.7680688
  -0.1854268 ]] 
Episode: 855: [[-1.3949504  -1.526947   -1.0635853  -0.21015453 -1.8756375  -1.2223657
   0.61280686 -2.1315234  -1.7583972   2.517598   -2.0008347  -1.7679738
  -0.1853649 ]] 
Episode: 856: [[-1.3949432  -1.5269834  -1.0635655  -0.21022476 -1.8757116  -1.2225307
   0.6127861  -2.1315916  -1.7584827   2.5176747  -2.0007565  -1.7678864
  -0.18531121]] 
Episode: 857: [[-1.3949366  -1.5270585  -1.0634946  -0.2102941  -1.8758131  -1.2226393
   0.6127814  -2.1316707  -1.7585396   2.5177417  -2.0007024  -1.767837
  -0.18529266]] 
Episode: 858: [[-1.3949256  -1.5271497  -1.0634207  -0.2103567  -1.8759203  -1.2227339
   0.61278397 -2.1317503  -1.7585839   2.5178003  -2.0006535  -1.767798
  -0.18528461]] 
Episode: 859: [[-1.3949116  -1.527241   -1.0633303  -0.21042155 -1.8760483  -1.2228057
   0.61278766 -2.1318338  -1.7586095   2.517856   -2.000604   -1.7677624
  -0.18528175]] 
Episode: 860: [[-1.3949193  -1.5273148  -1.0632465  -0.21047017 -1.8761646  -1.2228801
   0.6127819  -2.1319182  -1.7586408   2.5179057  -2.000549   -1.7677221
  -0.18526906]] 
Episode: 861: [[-1.3949429  -1.5273869  -1.0631647  -0.2104967  -1.8762721  -1.2229306
   0.6127862  -2.1319976  -1.7586633   2.5179396  -2.0005157  -1.7677078
  -0.18527618]] 
Episode: 862: [[-1.3949558  -1.5274701  -1.0630794  -0.21054351 -1.8763783  -1.2229825
   0.61277735 -2.1320477  -1.7586601   2.5179932  -2.0004885  -1.767697
  -0.18528423]] 
Episode: 863: [[-1.3949509  -1.5275564  -1.0629946  -0.21060865 -1.8765184  -1.2230421
   0.6127638  -2.1321228  -1.7586422   2.5180612  -2.000442   -1.7676758
  -0.18529214]] 
Episode: 864: [[-1.3949409  -1.5276339  -1.06293    -0.21068013 -1.876642   -1.2231168
   0.61274487 -2.1321728  -1.7586273   2.5181353  -2.0003934  -1.767641
  -0.18528275]] 
Episode: 865: [[-1.3949009  -1.5277427  -1.0628613  -0.21077928 -1.8767837  -1.2232093
   0.6127185  -2.1322148  -1.7585967   2.5182314  -2.000336   -1.7676026
  -0.18527858]] 
Episode: 866: [[-1.3948629  -1.527844   -1.0628129  -0.21085986 -1.8769028  -1.2233044
   0.6126983  -2.1322567  -1.7585884   2.5183113  -2.0002878  -1.7675663
  -0.18526863]] 
Episode: 867: [[-1.3948349  -1.5279216  -1.0627539  -0.21091756 -1.8769976  -1.2233504
   0.61268353 -2.1322987  -1.7585677   2.518367   -2.0002675  -1.7675681
  -0.18528835]] 
Episode: 868: [[-1.3947777  -1.528043   -1.0626504  -0.21100354 -1.8771244  -1.2233915
   0.61266214 -2.1323512  -1.7585334   2.5184362  -2.000242   -1.7675675
  -0.1853077 ]] 
Episode: 869: [[-1.3947321  -1.5281465  -1.062544   -0.21108116 -1.8772444  -1.2234182
   0.61265254 -2.1324048  -1.7585202   2.518491   -2.0002284  -1.7675619
  -0.18530622]] 
Episode: 870: [[-1.3946795  -1.5282513  -1.0624303  -0.21115531 -1.8773705  -1.2234311
   0.6126606  -2.1324596  -1.7585185   2.5185316  -2.0002286  -1.7675647
  -0.18530446]] 
Episode: 871: [[-1.3946276  -1.5283532  -1.062342   -0.21121883 -1.8774803  -1.2234477
   0.6126851  -2.1325028  -1.7585446   2.5185604  -2.0002406  -1.7675662
  -0.185293  ]] 
Episode: 872: [[-1.3945905  -1.5284315  -1.0622885  -0.21126208 -1.8775638  -1.2234862
   0.6127143  -2.13253    -1.7586046   2.518574   -2.0002592  -1.7675486
  -0.18524116]] 
Episode: 873: [[-1.3945439  -1.5285058  -1.0622526  -0.21130641 -1.877624   -1.223527
   0.61275065 -2.1325285  -1.7586784   2.5185845  -2.000312   -1.7675471
  -0.1851809 ]] 
Episode: 874: [[-1.3945142  -1.5285771  -1.0624096  -0.21136217 -1.8776243  -1.223667
   0.6128399  -2.1325784  -1.7588456   2.5186417  -2.0003216  -1.7675018
  -0.18510027]] 
Episode: 875: [[-1.3945034  -1.5286434  -1.0625515  -0.21138732 -1.8776103  -1.2237798
   0.6129436  -2.1326208  -1.7590142   2.5186675  -2.0003536  -1.7674764
  -0.18502787]] 
Episode: 876: [[-1.3945062  -1.5287145  -1.0626165  -0.21141055 -1.8776308  -1.223821
   0.6130358  -2.132689   -1.7591131   2.51869    -2.0003932  -1.7674986
  -0.1850223 ]] 
Episode: 877: [[-1.3945236  -1.5287762  -1.0626893  -0.21142443 -1.877622   -1.2238661
   0.61311364 -2.1327226  -1.7591997   2.5187125  -2.000439   -1.7675195
  -0.18500608]] 
Episode: 878: [[-1.3945447  -1.5288421  -1.0627466  -0.21143326 -1.8776249  -1.223896
   0.6131923  -2.1327536  -1.7592764   2.5187273  -2.0004945  -1.7675431
  -0.18498617]] 
Episode: 879: [[-1.394583   -1.5289315  -1.0627793  -0.2114047  -1.877638   -1.2239078
   0.61329734 -2.1327734  -1.7593691   2.5187008  -2.0005713  -1.7675784
  -0.18496598]] 
Episode: 880: [[-1.3945855  -1.5290347  -1.062755   -0.21144114 -1.8777101  -1.2239008
   0.6133485  -2.132826   -1.7593654   2.5187404  -2.0006082  -1.7676312
  -0.18502444]] 
Episode: 881: [[-1.3946484  -1.5290372  -1.0627545  -0.21145432 -1.8777502  -1.2239137
   0.6133942  -2.1329305  -1.7594265   2.51878    -2.0006428  -1.7676868
  -0.18508834]] 
Episode: 882: [[-1.3946913  -1.5290601  -1.0627341  -0.21149147 -1.8778244  -1.2239296
   0.6134315  -2.1330526  -1.7594583   2.518837   -2.0006511  -1.7677333
  -0.18515994]] 
Episode: 883: [[-1.394745   -1.5290672  -1.0627121  -0.21152279 -1.8778938  -1.2239227
   0.6134696  -2.1331673  -1.7594832   2.51889    -2.0006688  -1.7677909
  -0.18524028]] 
Episode: 884: [[-1.3948088  -1.5290627  -1.0626746  -0.21154185 -1.8779613  -1.2238975
   0.61350596 -2.1332815  -1.7594962   2.518932   -2.0006979  -1.7678658
  -0.18533759]] 
Episode: 885: [[-1.3948582  -1.5290697  -1.0626439  -0.21156563 -1.8780314  -1.2238933
   0.6135505  -2.1333778  -1.7595336   2.5189707  -2.0007284  -1.7679209
  -0.1854105 ]] 
Episode: 886: [[-1.394891   -1.5290862  -1.0625877  -0.21161494 -1.8781251  -1.2238797
   0.6135753  -2.1334765  -1.7595348   2.5190296  -2.0007439  -1.7679722
  -0.18549155]] 
Episode: 887: [[-1.3949324  -1.5290781  -1.0624782  -0.21170098 -1.878187   -1.2238775
   0.61350536 -2.1335714  -1.7595042   2.5191352  -2.0007007  -1.7679634
  -0.18553285]] 
Episode: 888: [[-1.3949406  -1.5290967  -1.0623285  -0.21182747 -1.87832    -1.2238647
   0.61343265 -2.1337037  -1.7594427   2.5192642  -2.0006297  -1.7679476
  -0.18558626]] 
Episode: 889: [[-1.3949659  -1.5290847  -1.0621712  -0.21192978 -1.8784212  -1.2238009
   0.6133746  -2.1338146  -1.7593749   2.5193646  -2.000596   -1.7679679
  -0.18565804]] 
Episode: 890: [[-1.3950046  -1.5290706  -1.0620158  -0.21201918 -1.8785145  -1.2237259
   0.6133275  -2.1339202  -1.7592989   2.5194552  -2.0005758  -1.7680044
  -0.18574028]] 
Episode: 891: [[-1.3950225  -1.5290653  -1.0618901  -0.21211661 -1.8785841  -1.2236673
   0.6132736  -2.1340296  -1.75924     2.5195577  -2.0005558  -1.7680473
  -0.18583019]] 
Episode: 892: [[-1.3950031  -1.5290895  -1.0617337  -0.21225208 -1.8787091  -1.2235917
   0.6132136  -2.1341732  -1.7591375   2.5196867  -2.0005262  -1.768109
  -0.18595666]] 
Episode: 893: [[-1.3949938  -1.5290883  -1.0616109  -0.21237719 -1.878803   -1.223541
   0.6131534  -2.1342874  -1.7590523   2.519809   -2.000498   -1.7681481
  -0.18604577]] 
Episode: 894: [[-1.3949986  -1.5290742  -1.061506   -0.21249422 -1.8788729  -1.2235107
   0.61308146 -2.1343687  -1.7589722   2.519931   -2.0004675  -1.7681667
  -0.18610361]] 
Episode: 895: [[-1.3949546  -1.5291263  -1.0614334  -0.21262975 -1.8789684  -1.2235321
   0.6130561  -2.1344445  -1.758958    2.5200496  -2.0004466  -1.7681583
  -0.18611994]] 
Episode: 896: [[-1.3949231  -1.529173   -1.061383   -0.21273588 -1.8790344  -1.2235667
   0.6130484  -2.13449    -1.7589741   2.520139   -2.0004423  -1.7681432
  -0.18610898]] 
Episode: 897: [[-1.3949045  -1.5292088  -1.0613406  -0.21281435 -1.8790655  -1.2235979
   0.61306274 -2.1345098  -1.7590072   2.5201972  -2.0004592  -1.7681363
  -0.18609233]] 
Episode: 898: [[-1.3948685  -1.5292515  -1.0613059  -0.21288644 -1.8790872  -1.2236328
   0.61309755 -2.134509   -1.7590508   2.5202382  -2.000494   -1.7681429
  -0.18608117]] 
Episode: 899: [[-1.3948282  -1.5293021  -1.0612663  -0.21295781 -1.8791231  -1.2236516
   0.61312324 -2.1345127  -1.7590792   2.5202816  -2.0005255  -1.7681565
  -0.18608184]] 
Episode: 900: [[-1.3947884  -1.5293528  -1.0612243  -0.21301913 -1.8791618  -1.2236661
   0.61315674 -2.1345136  -1.7591099   2.5203109  -2.0005584  -1.7681677
  -0.1860773 ]] 
Episode: 901: [[-1.3947423  -1.5294098  -1.0611658  -0.21308146 -1.879213   -1.2236738
   0.61319584 -2.1345227  -1.7591428   2.5203338  -2.0005913  -1.7681804
  -0.18607467]] 
Episode: 902: [[-1.3946887  -1.5294694  -1.0611029  -0.213149   -1.8792778  -1.2236805
   0.61323553 -2.1345425  -1.7591748   2.520358   -2.0006156  -1.7681869
  -0.18607225]] 
Episode: 903: [[-1.3946064  -1.5295668  -1.0609572  -0.21327615 -1.8794478  -1.2236538
   0.6132229  -2.134644   -1.7591405   2.5204408  -2.000585   -1.7681961
  -0.18611619]] 
Episode: 904: [[-1.3945104  -1.5296844  -1.0607674  -0.21341637 -1.8796531  -1.2235872
   0.61321    -2.1347804  -1.7590692   2.5205307  -2.0005586  -1.7682415
  -0.18621832]] 
Episode: 905: [[-1.3944215  -1.5297812  -1.060597   -0.21353842 -1.8798254  -1.2235223
   0.61320275 -2.1348965  -1.75901     2.5206041  -2.000549   -1.7682942
  -0.18631484]] 
Episode: 906: [[-1.3943344  -1.5298761  -1.060434   -0.21366009 -1.8799919  -1.2234638
   0.6131932  -2.1350007  -1.7589452   2.5206783  -2.0005362  -1.7683383
  -0.18640095]] 
Episode: 907: [[-1.3942631  -1.5299635  -1.0602614  -0.21377724 -1.8801537  -1.2233908
   0.6131789  -2.1350946  -1.7588598   2.5207531  -2.0005276  -1.7683913
  -0.18649895]] 
Episode: 908: [[-1.3942096  -1.5300449  -1.060114   -0.21387078 -1.8802996  -1.223335
   0.6131733  -2.135187   -1.7588059   2.520813   -2.000522   -1.7684314
  -0.18657696]] 
Episode: 909: [[-1.3941861  -1.530096   -1.0599936  -0.2139402  -1.8804102  -1.2232993
   0.6131648  -2.13526    -1.7587755   2.5208604  -2.000511   -1.768449
  -0.18662335]] 
Episode: 910: [[-1.3941759  -1.5301311  -1.0598937  -0.21399447 -1.8804898  -1.2232825
   0.6131572  -2.1353018  -1.7587575   2.5208952  -2.0005016  -1.7684486
  -0.18663664]] 
Episode: 911: [[-1.3941365  -1.5301969  -1.0597627  -0.214078   -1.8806268  -1.2232642
   0.6131459  -2.1353776  -1.7587297   2.5209484  -2.000474   -1.7684436
  -0.18666218]] 
Episode: 912: [[-1.3940879  -1.530269   -1.0596399  -0.21416429 -1.8807663  -1.2232395
   0.6131327  -2.1354623  -1.7586868   2.5210044  -2.0004385  -1.7684395
  -0.18669455]] 
Episode: 913: [[-1.3941057  -1.5302792  -1.0595524  -0.21421759 -1.8808804  -1.2232226
   0.6130781  -2.135564   -1.7586355   2.5210695  -2.0003881  -1.7684189
  -0.1867121 ]] 
Episode: 914: [[-1.3941522  -1.5302685  -1.0594862  -0.21424665 -1.8809737  -1.2232
   0.61303514 -2.1356592  -1.7585956   2.521121   -2.0003517  -1.768406
  -0.18672957]] 
Episode: 915: [[-1.3942014  -1.5302604  -1.0594374  -0.2142587  -1.8810419  -1.223198
   0.61301535 -2.1357226  -1.7585926   2.5211492  -2.0003295  -1.7683821
  -0.1867185 ]] 
Episode: 916: [[-1.3942448  -1.5302653  -1.0594003  -0.21426529 -1.8811063  -1.2232115
   0.6130126  -2.135763   -1.7586113   2.5211654  -2.0003173  -1.7683468
  -0.18668354]] 
Episode: 917: [[-1.3942943  -1.5302551  -1.0593778  -0.21425949 -1.8811389  -1.2232176
   0.6129882  -2.135807   -1.7586273   2.521184   -2.0003126  -1.7683327
  -0.18667094]] 
Episode: 918: [[-1.39435    -1.5302248  -1.0593545  -0.21425162 -1.8811505  -1.2232122
   0.6129411  -2.1358402  -1.7586237   2.5212085  -2.0003102  -1.7683299
  -0.18667057]] 
Episode: 919: [[-1.3943944  -1.5301979  -1.0593582  -0.21424316 -1.8811362  -1.2232221
   0.612897   -2.1358473  -1.7586316   2.5212343  -2.0003278  -1.7683386
  -0.18667147]] 
Episode: 920: [[-1.3944476  -1.5301776  -1.0593728  -0.21423522 -1.8811342  -1.2232519
   0.61285913 -2.1358564  -1.7586474   2.5212636  -2.0003293  -1.7683235
  -0.18665114]] 
Episode: 921: [[-1.3944948  -1.5301609  -1.0593812  -0.21423107 -1.881136   -1.223279
   0.6128294  -2.1358776  -1.7586689   2.5212893  -2.0003192  -1.7683028
  -0.1866288 ]] 
Episode: 922: [[-1.3945405  -1.5301446  -1.0593985  -0.21422783 -1.8811355  -1.2233082
   0.6127983  -2.135891   -1.7586823   2.5213165  -2.0002995  -1.7682701
  -0.18659976]] 
Episode: 923: [[-1.3945688  -1.5301675  -1.0593787  -0.21423574 -1.8811891  -1.2233187
   0.61279804 -2.135933   -1.758703    2.5213366  -2.0002878  -1.76825
  -0.1865866 ]] 
Episode: 924: [[-1.3946302  -1.5301536  -1.0593848  -0.21421784 -1.8812054  -1.223324
   0.6127888  -2.1359475  -1.7587217   2.5213478  -2.0002902  -1.7682352
  -0.18657015]] 
Episode: 925: [[-1.3946795  -1.5301493  -1.0593709  -0.21422294 -1.8812276  -1.2233317
   0.61276525 -2.1359475  -1.7587252   2.5213785  -2.0002887  -1.7682205
  -0.18656157]] 
Episode: 926: [[-1.39473    -1.5301305  -1.0593714  -0.21423475 -1.8812431  -1.2233518
   0.6127318  -2.1359472  -1.7587141   2.5214212  -2.0002701  -1.7681979
  -0.18655537]] 
Episode: 927: [[-1.3947908  -1.5300918  -1.0593659  -0.21424268 -1.8812408  -1.2233574
   0.61268836 -2.135937   -1.7586837   2.521463   -2.0002532  -1.768183
  -0.18655775]] 
Episode: 928: [[-1.3948354  -1.530051   -1.0593549  -0.21425815 -1.8812397  -1.2233732
   0.6126575  -2.1359403  -1.7586713   2.5215013  -2.0002425  -1.7681754
  -0.18656737]] 
Episode: 929: [[-1.3949363  -1.5299685  -1.0593017  -0.21423581 -1.8812302  -1.2233351
   0.6126471  -2.1359634  -1.7586745   2.5215068  -2.0002675  -1.7682145
  -0.18661307]] 
Episode: 930: [[-1.3950273  -1.5298923  -1.0592518  -0.2142206  -1.8812231  -1.2232987
   0.61263347 -2.13599    -1.7586681   2.521519   -2.000286   -1.7682551
  -0.18666646]] 
Episode: 931: [[-1.3951072  -1.5298363  -1.0591769  -0.21419032 -1.8812445  -1.2232447
   0.6126675  -2.136043   -1.7586919   2.5214956  -2.0003328  -1.7683235
  -0.1867357 ]] 
Episode: 932: [[-1.395176   -1.52979    -1.0590898  -0.21416944 -1.8812684  -1.2231791
   0.612699   -2.1360886  -1.7586931   2.5214767  -2.0003803  -1.7684005
  -0.18681933]] 
Episode: 933: [[-1.3952345  -1.529771   -1.0590096  -0.21415448 -1.8813113  -1.2231314
   0.61272836 -2.1361175  -1.7586828   2.521464   -2.0004158  -1.7684587
  -0.18688643]] 
Episode: 934: [[-1.3953114  -1.5297482  -1.0589097  -0.2141297  -1.8813387  -1.2230623
   0.6127411  -2.1361392  -1.7586632   2.5214505  -2.0004585  -1.7685302
  -0.18696684]] 
Episode: 935: [[-1.3953938  -1.5297325  -1.0588088  -0.21409398 -1.8813658  -1.2229934
   0.61277044 -2.1361537  -1.7586584   2.521422   -2.000511   -1.7686003
  -0.18703516]] 
Episode: 936: [[-1.3954835  -1.5296983  -1.0587392  -0.2140443  -1.8813735  -1.2229408
   0.61279804 -2.1361775  -1.758674    2.5213866  -2.0005553  -1.7686573
  -0.18708646]] 
Episode: 937: [[-1.3955802  -1.529651   -1.0586792  -0.21400099 -1.8813583  -1.2229167
   0.61281556 -2.1361787  -1.7586906   2.5213609  -2.0005884  -1.7686945
  -0.18711624]] 
Episode: 938: [[-1.3956543  -1.5296396  -1.0585946  -0.21398    -1.8813795  -1.2228969
   0.6128391  -2.1361935  -1.7587073   2.5213459  -2.0006104  -1.7687236
  -0.18714991]] 
Episode: 939: [[-1.3957402  -1.5296081  -1.0585186  -0.21393315 -1.8813801  -1.2228618
   0.61287636 -2.1361945  -1.7587383   2.5213034  -2.0006561  -1.7687639
  -0.18717746]] 
Episode: 940: [[-1.3958356  -1.5295769  -1.0584694  -0.21385229 -1.8813587  -1.222839
   0.61294633 -2.1361723  -1.7588162   2.5212228  -2.0007305  -1.7688003
  -0.1871722 ]] 
Episode: 941: [[-1.3959239  -1.5295625  -1.0584269  -0.21376216 -1.8813393  -1.2228117
   0.61303735 -2.13614    -1.7589096   2.5211256  -2.0008311  -1.7688458
  -0.18715343]] 
Episode: 942: [[-1.3959941  -1.5295539  -1.0583917  -0.21367775 -1.8813175  -1.2227935
   0.6131315  -2.1360946  -1.7590086   2.521026   -2.0009332  -1.768886
  -0.18712123]] 
Episode: 943: [[-1.3960638  -1.5295515  -1.0583361  -0.21360643 -1.8813094  -1.2227699
   0.61321586 -2.136056   -1.7590914   2.5209382  -2.0010264  -1.7689228
  -0.18709141]] 
Episode: 944: [[-1.3961296  -1.5295459  -1.0582937  -0.2135456  -1.881305   -1.222753
   0.61328876 -2.1360316  -1.7591757   2.5208654  -2.001095   -1.7689414
  -0.18705793]] 
Episode: 945: [[-1.396183   -1.5295616  -1.0582457  -0.213483   -1.8813124  -1.2227234
   0.61336637 -2.13603    -1.7592638   2.5207896  -2.0011718  -1.7689766
  -0.18704401]] 
Episode: 946: [[-1.3962084  -1.5296038  -1.0581818  -0.21344456 -1.8813372  -1.2226938
   0.61344254 -2.1360357  -1.7593365   2.5207272  -2.0012412  -1.7690133
  -0.18704031]] 
Episode: 947: [[-1.3962753  -1.5296074  -1.0581324  -0.21338454 -1.8813202  -1.2226506
   0.6134859  -2.136029   -1.759403    2.5206728  -2.0013256  -1.7690729
  -0.18705449]] 
Episode: 948: [[-1.3963295  -1.5296288  -1.0580554  -0.2133482  -1.8813359  -1.2226064
   0.6135293  -2.13603    -1.7594442   2.520633   -2.0013855  -1.7691269
  -0.18708123]] 
Episode: 949: [[-1.3963751  -1.5296575  -1.0579859  -0.21331653 -1.8813621  -1.2225944
   0.6135836  -2.13604    -1.7595181   2.5205915  -2.001434   -1.7691556
  -0.18708086]] 
Episode: 950: [[-1.3963782  -1.5296962  -1.057886   -0.2133395  -1.8814343  -1.2225592
   0.6136054  -2.1360824  -1.7595254   2.5205934  -2.0014536  -1.7691871
  -0.18710293]] 
Episode: 951: [[-1.3963668  -1.5297261  -1.0578022  -0.21337749 -1.8815033  -1.2225271
   0.6136203  -2.1361256  -1.7595092   2.5206115  -2.0014637  -1.7692262
  -0.18714584]] 
Episode: 952: [[-1.3963345  -1.5297687  -1.0577098  -0.21344131 -1.8815728  -1.2225041
   0.61361194 -2.1361566  -1.7594757   2.5206552  -2.0014603  -1.7692627
  -0.18719919]] 
Episode: 953: [[-1.3963103  -1.5298097  -1.0576136  -0.2135     -1.8816363  -1.2224618
   0.61360425 -2.1361802  -1.7594222   2.520697   -2.0014732  -1.7693197
  -0.1872693 ]] 
Episode: 954: [[-1.3962845  -1.5298556  -1.0575144  -0.21356352 -1.8817109  -1.2224157
   0.613595   -2.136202   -1.7593623   2.520744   -2.0014837  -1.7693729
  -0.18734367]] 
Episode: 955: [[-1.3962582  -1.5299022  -1.0574121  -0.2136301  -1.8817791  -1.2223747
   0.61357677 -2.136217   -1.759303    2.5207942  -2.0014858  -1.7694129
  -0.18740623]] 
Episode: 956: [[-1.396309   -1.5298641  -1.0573764  -0.21361955 -1.8817931  -1.2223266
   0.61356676 -2.136261   -1.7592735   2.5208066  -2.0015042  -1.7694778
  -0.1874865 ]] 
Episode: 957: [[-1.3963594  -1.5298388  -1.057313   -0.21358085 -1.881804   -1.2221991
   0.6136374  -2.1363196  -1.7592773   2.5207646  -2.0015993  -1.7696272
  -0.18762803]] 
Episode: 958: [[-1.3964113  -1.529808   -1.0572741  -0.21354128 -1.8817923  -1.2221016
   0.6136999  -2.1363516  -1.7592844   2.5207257  -2.001686   -1.7697518
  -0.18773822]] 
Episode: 959: [[-1.3964609  -1.5297726  -1.0572406  -0.21350229 -1.8817804  -1.2220237
   0.6137705  -2.1363711  -1.7593075   2.520682   -2.0017748  -1.7698642
  -0.18782648]] 
Episode: 960: [[-1.3965319  -1.5297104  -1.0572227  -0.21345896 -1.8817354  -1.2219471
   0.6138479  -2.1363833  -1.759339    2.5206397  -2.0018702  -1.7699813
  -0.18791728]] 
Episode: 961: [[-1.3965931  -1.5296656  -1.0572041  -0.21342276 -1.8816999  -1.2218934
   0.61391973 -2.136384   -1.7593931   2.5205982  -2.0019553  -1.7700597
  -0.18795899]] 
Episode: 962: [[-1.3966494  -1.5296093  -1.0572345  -0.21337526 -1.8816454  -1.221871
   0.6140027  -2.1363862  -1.7594892   2.5205479  -2.0020387  -1.7701162
  -0.18797189]] 
Episode: 963: [[-1.3967195  -1.5295532  -1.0572611  -0.21330161 -1.8815831  -1.2218387
   0.61409754 -2.1363907  -1.7596056   2.5204732  -2.002139   -1.7701848
  -0.18798636]] 
Episode: 964: [[-1.396784   -1.5295029  -1.0572721  -0.21323466 -1.8815304  -1.2217965
   0.61417955 -2.1363971  -1.7597072   2.520404   -2.002233   -1.7702509
  -0.18800274]] 
Episode: 965: [[-1.3968469  -1.5294517  -1.0572889  -0.21316081 -1.8814827  -1.2217518
   0.6142604  -2.1364107  -1.7598152   2.5203302  -2.0023308  -1.7703187
  -0.18802018]] 
Episode: 966: [[-1.3968934  -1.5294331  -1.0572753  -0.21310224 -1.8814396  -1.2216913
   0.61432564 -2.1364162  -1.7598796   2.5202663  -2.0024107  -1.7703875
  -0.18805152]] 
Episode: 967: [[-1.3968961  -1.5294433  -1.0572233  -0.21310991 -1.881462   -1.2216334
   0.6143587  -2.1364586  -1.759887    2.5202584  -2.002443   -1.7704414
  -0.18810226]] 
Episode: 968: [[-1.3969226  -1.5294493  -1.0571475  -0.21310522 -1.8815048  -1.2215635
   0.61439544 -2.1365159  -1.7598999   2.5202422  -2.002478   -1.7705011
  -0.1881577 ]] 
Episode: 969: [[-1.3968626  -1.5295825  -1.0569804  -0.21318571 -1.8816255  -1.221546
   0.614402   -2.1365564  -1.7598872   2.5202785  -2.0024748  -1.7705216
  -0.1881912 ]] 
Episode: 970: [[-1.3967882  -1.5297223  -1.0568284  -0.21326861 -1.8817524  -1.2215325
   0.61441046 -2.1365936  -1.7598945   2.520315   -2.0024817  -1.7705418
  -0.18821475]] 
Episode: 971: [[-1.3967336  -1.5298644  -1.0566708  -0.21334104 -1.8818864  -1.2215071
   0.6144319  -2.136643   -1.7598975   2.5203447  -2.002489   -1.7705673
  -0.1882468 ]] 
Episode: 972: [[-1.396722   -1.5299413  -1.0565273  -0.21335518 -1.8819895  -1.2214772
   0.6144796  -2.1367326  -1.7599611   2.5203269  -2.0025318  -1.7706311
  -0.1883066 ]] 
Episode: 973: [[-1.3967948  -1.5300516  -1.0562798  -0.21330719 -1.8821716  -1.2213193
   0.6146092  -2.1369197  -1.7600605   2.5202456  -2.0026472  -1.7707882
  -0.18844353]] 
Episode: 974: [[-1.39707    -1.5301163  -1.0558981  -0.21311662 -1.8824202  -1.2209394
   0.61487275 -2.137292   -1.7602773   2.5200305  -2.002928   -1.7711378
  -0.18872741]] 
Episode: 975: [[-1.397313   -1.5301818  -1.0555713  -0.21292739 -1.8826247  -1.2206179
   0.6151134  -2.1376333  -1.7604948   2.5198238  -2.0031812  -1.7714564
  -0.18898933]] 
Episode: 976: [[-1.397536   -1.5302233  -1.0552455  -0.2127956  -1.8828152  -1.2203226
   0.6152462  -2.137961   -1.7606509   2.519701   -2.0033834  -1.771746
  -0.18925211]] 
Episode: 977: [[-1.3977257  -1.5302787  -1.0549201  -0.21269828 -1.8830181  -1.2200432
   0.61535144 -2.1382809  -1.760747    2.5196104  -2.0035381  -1.7720097
  -0.18952347]] 
Episode: 978: [[-1.3978698  -1.5303702  -1.0545913  -0.21264303 -1.883235   -1.2197952
   0.6154262  -2.1385849  -1.7608027   2.5195572  -2.003658   -1.772249
  -0.1897924 ]] 
Episode: 979: [[-1.3980635  -1.5304588  -1.0542358  -0.21256039 -1.8834883  -1.219529
   0.6155065  -2.1389315  -1.7608984   2.5194964  -2.0037987  -1.7725029
  -0.19007507]] 
Episode: 980: [[-1.3982528  -1.5305213  -1.0538862  -0.21247488 -1.8837113  -1.2192497
   0.61558694 -2.1392515  -1.7609701   2.5194263  -2.0039496  -1.7727664
  -0.19035584]] 
Episode: 981: [[-1.3984966  -1.5305027  -1.0535375  -0.2123844  -1.8838927  -1.2189943
   0.61562544 -2.139529   -1.7610198   2.5193715  -2.0040758  -1.772993
  -0.19059458]] 
Episode: 982: [[-1.3987166  -1.5305152  -1.0531875  -0.21229096 -1.8840747  -1.2187525
   0.61570305 -2.1397824  -1.7610962   2.5192935  -2.0042226  -1.7732236
  -0.19082554]] 
Episode: 983: [[-1.3988843  -1.5305746  -1.0528145  -0.21225129 -1.8842957  -1.2184967
   0.615757   -2.1400492  -1.7611272   2.5192585  -2.004348   -1.7734536
  -0.19108167]] 
Episode: 984: [[-1.3990294  -1.5306443  -1.0524606  -0.21223001 -1.8845215  -1.2182666
   0.61579806 -2.1403098  -1.7611517   2.5192401  -2.0044513  -1.7736557
  -0.19131291]] 
Episode: 985: [[-1.3991411  -1.5307189  -1.0521253  -0.21223974 -1.8847461  -1.2180622
   0.61582685 -2.1405482  -1.761157    2.5192444  -2.0045362  -1.7738332
  -0.19152151]] 
Episode: 986: [[-1.3992431  -1.5307807  -1.0518242  -0.21224417 -1.8849534  -1.2178721
   0.6158703  -2.1407688  -1.7611675   2.519237   -2.0046225  -1.7739964
  -0.19170317]] 
Episode: 987: [[-1.3993145  -1.5308669  -1.0515426  -0.21225816 -1.8851591  -1.2176977
   0.61592466 -2.1409638  -1.7611822   2.519227   -2.004712   -1.774145
  -0.19185951]] 
Episode: 988: [[-1.3993765  -1.5309458  -1.051316   -0.21225095 -1.8853295  -1.2175719
   0.61598736 -2.1411521  -1.761258    2.5191977  -2.0047927  -1.77426
  -0.1919686 ]] 
Episode: 989: [[-1.3994385  -1.5310272  -1.0510937  -0.21222702 -1.8854704  -1.2174457
   0.6160762  -2.1413338  -1.761377    2.5191436  -2.0048966  -1.774384
  -0.19207485]] 
Episode: 990: [[-1.3995101  -1.5310917  -1.0509194  -0.2121873  -1.8855845  -1.2173555
   0.6161695  -2.1414783  -1.7615196   2.5190783  -2.0049973  -1.7744691
  -0.19212034]] 
Episode: 991: [[-1.3995771  -1.53117    -1.050777   -0.21211308 -1.8856753  -1.2172863
   0.6163077  -2.1415992  -1.761721    2.5189688  -2.0051239  -1.7745521
  -0.19214062]] 
Episode: 992: [[-1.3997029  -1.5311966  -1.0506417  -0.21199082 -1.8857585  -1.2171783
   0.61645895 -2.1417468  -1.7619255   2.518831   -2.0052717  -1.7746637
  -0.1921837 ]] 
Episode: 993: [[-1.3998194  -1.5312066  -1.0505332  -0.21187477 -1.8858006  -1.2170874
   0.6165912  -2.141843   -1.7621142   2.5187013  -2.0054278  -1.774764
  -0.192202  ]] 
Episode: 994: [[-1.3999321  -1.5312085  -1.0504168  -0.21176934 -1.8858356  -1.2169944
   0.6167109  -2.1419246  -1.7622806   2.5185804  -2.005575   -1.7748601
  -0.19222116]] 
Episode: 995: [[-1.4000455  -1.5312086  -1.0502841  -0.21168241 -1.8858893  -1.2168878
   0.61681575 -2.1420128  -1.7624145   2.5184793  -2.0057056  -1.7749534
  -0.19224869]] 
Episode: 996: [[-1.400172   -1.531192   -1.0501714  -0.21158604 -1.885929   -1.216785
   0.61691344 -2.1420903  -1.7625386   2.5183778  -2.0058253  -1.7750334
  -0.19226706]] 
Episode: 997: [[-1.400283   -1.5311834  -1.050081   -0.2115029  -1.8859596  -1.2167175
   0.6170036  -2.1421428  -1.7626592   2.5182889  -2.0059314  -1.775089
  -0.19225994]] 
Episode: 998: [[-1.4003634  -1.5312029  -1.0499828  -0.21145262 -1.8860208  -1.21666
   0.61707866 -2.1421998  -1.7627481   2.5182269  -2.0060089  -1.7751255
  -0.19225408]] 
Episode: 999: [[-1.4003904  -1.5312469  -1.049854   -0.21146104 -1.886139   -1.2165995
   0.61713    -2.142299   -1.7627991   2.518208   -2.006052   -1.7751557
  -0.19227009]] 
Episode: 1000: [[-1.4004067  -1.531312   -1.0497217  -0.2114648  -1.8862536  -1.2165486
   0.6172218  -2.1423714  -1.7628659   2.5181682  -2.0061157  -1.7752014
  -0.19229223]] 
Episode: 1001: [[-1.4004254  -1.531359   -1.049611   -0.21147299 -1.8863516  -1.2164991
   0.6172873  -2.142436   -1.7629004   2.5181475  -2.0061705  -1.7752501
  -0.19232859]] 
Episode: 1002: [[-1.4004569  -1.5313947  -1.0495113  -0.21146895 -1.8864323  -1.2164507
   0.61735135 -2.1424932  -1.7629344   2.5181215  -2.0062263  -1.7753005
  -0.1923648 ]] 
Episode: 1003: [[-1.4005347  -1.5313933  -1.0494766  -0.21137762 -1.8864716  -1.2163942
   0.6174516  -2.1425745  -1.763015    2.5180333  -2.0063155  -1.7753855
  -0.19242385]] 
Episode: 1004: [[-1.4006008  -1.5314037  -1.049423   -0.21130288 -1.8865314  -1.2163378
   0.6175418  -2.1426587  -1.7630806   2.517958   -2.0063958  -1.7754673
  -0.19248763]] 
Episode: 1005: [[-1.4006127  -1.5314537  -1.0493529  -0.2112853  -1.8866104  -1.216308
   0.61761785 -2.1427355  -1.763132    2.517922   -2.0064497  -1.7755283
  -0.19255085]] 
Episode: 1006: [[-1.4006329 -1.531472  -1.0493134 -0.2112679 -1.886664  -1.2162726
   0.6176907 -2.1428134 -1.7631813  2.5178952 -2.0065072 -1.7755996
  -0.1926267]] 
Episode: 1007: [[-1.4006344  -1.5315069  -1.0492545  -0.21129154 -1.8867354  -1.216244
   0.61773604 -2.1428916  -1.7632011   2.5179067  -2.006538   -1.7756525
  -0.19269714]] 
Episode: 1008: [[-1.4006362  -1.5315543  -1.0491933  -0.21131893 -1.8868315  -1.2162187
   0.617781   -2.1429777  -1.7632048   2.5179236  -2.0065453  -1.7756912
  -0.19276814]] 
Episode: 1009: [[-1.4006236  -1.5316055  -1.049137   -0.21136941 -1.886931   -1.2162209
   0.61782914 -2.1430445  -1.7632064   2.517953   -2.0065405  -1.7757038
  -0.19280653]] 
Episode: 1010: [[-1.400605   -1.5316663  -1.0490828  -0.2114145  -1.8870316  -1.2162293
   0.61789626 -2.1431055  -1.7632285   2.5179677  -2.0065453  -1.775712
  -0.19282857]] 
Episode: 1011: [[-1.4006246  -1.5316902  -1.0490401  -0.21142112 -1.8871127  -1.2162114
   0.6179724  -2.14315    -1.7632688   2.5179532  -2.0065758  -1.7757283
  -0.19283892]] 
Episode: 1012: [[-1.4006426  -1.5317382  -1.0490049  -0.21142733 -1.8872097  -1.216218
   0.61803067 -2.1431985  -1.7633117   2.5179484  -2.0065858  -1.7757221
  -0.19282994]] 
Episode: 1013: [[-1.4006621  -1.5317645  -1.0489712  -0.21142136 -1.8872727  -1.2162225
   0.6180988  -2.14322    -1.7633762   2.5179234  -2.0066252  -1.7757258
  -0.19281049]] 
Episode: 1014: [[-1.4006717  -1.5318016  -1.0489434  -0.21141687 -1.8873324  -1.2162364
   0.61818135 -2.1432376  -1.7634579   2.5178921  -2.0066636  -1.7757245
  -0.192781  ]] 
Episode: 1015: [[-1.4007276  -1.5317556  -1.048925   -0.2113724  -1.887335   -1.2162048
   0.6182306  -2.1432998  -1.7635615   2.5178478  -2.0067272  -1.7757609
  -0.19278382]] 
Episode: 1016: [[-1.400796   -1.5316954  -1.0489107  -0.21131742 -1.8873212  -1.2161808
   0.6182795  -2.1433473  -1.7636656   2.5177948  -2.006784   -1.7757874
  -0.19277404]] 
Episode: 1017: [[-1.4008178  -1.531615   -1.0489396  -0.21131782 -1.8873117  -1.2162067
   0.6182776  -2.143392   -1.7637571   2.517803   -2.0068014  -1.7757839
  -0.19275115]] 
Episode: 1018: [[-1.4008112  -1.5315754  -1.048949   -0.21133065 -1.8873235  -1.2162379
   0.61831564 -2.143453   -1.7638837   2.5177975  -2.0068176  -1.7757754
  -0.19272268]] 
Episode: 1019: [[-1.4007732  -1.531464   -1.0489495  -0.21140791 -1.8873264  -1.216248
   0.6183759  -2.1435225  -1.7639995   2.517824   -2.006845   -1.7757927
  -0.1927275 ]] 
Episode: 1020: [[-1.4007689  -1.5313399  -1.0489792  -0.21145341 -1.8873179  -1.2162782
   0.6184395  -2.1435792  -1.7641206   2.517835   -2.006866   -1.7757905
  -0.1927075 ]] 
Episode: 1021: [[-1.4007171  -1.5312803  -1.0490093  -0.21150108 -1.8873409  -1.2163004
   0.618527   -2.1436524  -1.7642554   2.5178344  -2.0069013  -1.7758127
  -0.19271544]] 
Episode: 1022: [[-1.4006433  -1.5312493  -1.0489613  -0.21160442 -1.8874365  -1.2162755
   0.6185508  -2.14379    -1.7642907   2.5178976  -2.0068862  -1.7758532
  -0.19280435]] 
Episode: 1023: [[-1.4005028  -1.5313061  -1.0488858  -0.21176754 -1.8876061  -1.2162678
   0.61855173 -2.1439319  -1.7642957   2.518004   -2.006838   -1.7758596
  -0.19287202]] 
Episode: 1024: [[-1.4003376  -1.5314177  -1.0487869  -0.21192023 -1.8878119  -1.2162054
   0.61858296 -2.1440923  -1.7642964   2.5180843  -2.0068173  -1.7759007
  -0.19296966]] 
Episode: 1025: [[-1.4001796  -1.531529   -1.0487177  -0.21205594 -1.887988   -1.2161849
   0.6186349  -2.144213   -1.7643191   2.5181456  -2.0068018  -1.775925
  -0.19302729]] 
Episode: 1026: [[-1.4000667  -1.5314914  -1.0487593  -0.21215908 -1.8880595  -1.2162883
   0.6185223  -2.1443272  -1.7642771   2.5182493  -2.0066943  -1.7758518
  -0.19299482]] 
Episode: 1027: [[-1.3999808  -1.5314236  -1.0488329  -0.21225472 -1.8880998  -1.216421
   0.6183875  -2.144424   -1.7642442   2.518366   -2.0065715  -1.775757
  -0.19294144]] 
Episode: 1028: [[-1.3999059  -1.5313554  -1.0488819  -0.21236584 -1.8881558  -1.2165394
   0.61822814 -2.1445284  -1.764172    2.5185094  -2.0064323  -1.7756706
  -0.19291934]] 
Episode: 1029: [[-1.3998061  -1.531471   -1.0488975  -0.21240824 -1.8882318  -1.21663
   0.6181967  -2.1446793  -1.7642015   2.518558   -2.0063808  -1.7756685
  -0.19295447]] 
Episode: 1030: [[-1.3997911  -1.5315589  -1.0488336  -0.2123878  -1.8882807  -1.2166269
   0.6182078  -2.1448119  -1.7642543   2.5185452  -2.0064006  -1.7757413
  -0.19304727]] 
Episode: 1031: [[-1.399741   -1.5316666  -1.0487828  -0.21240173 -1.8883438  -1.2166528
   0.61822903 -2.144932   -1.7643076   2.5185506  -2.0064056  -1.7757908
  -0.19311646]] 
Episode: 1032: [[-1.3997467  -1.5317334  -1.0487514  -0.21242508 -1.8884459  -1.2167091
   0.6181823  -2.1450758  -1.7642951   2.5186086  -2.0063224  -1.7757677
  -0.19314669]] 
Episode: 1033: [[-1.3997707  -1.5317892  -1.0487124  -0.21242048 -1.8885226  -1.2167395
   0.61815774 -2.1451905  -1.764298    2.518634   -2.006275   -1.7757672
  -0.19318086]] 
Episode: 1034: [[-1.3998547  -1.5318339  -1.0485872  -0.21232916 -1.8885812  -1.2166269
   0.6182613  -2.1453416  -1.7643616   2.5185413  -2.0063539  -1.7759094
  -0.19332337]] 
Episode: 1035: [[-1.399947   -1.5318823  -1.0484229  -0.21225363 -1.8886607  -1.2164885
   0.618348   -2.1454875  -1.7643762   2.5184674  -2.006433   -1.7760694
  -0.19349541]] 
Episode: 1036: [[-1.4000295  -1.5319118  -1.0482614  -0.21219632 -1.8887405  -1.2163512
   0.61842036 -2.145632   -1.7643814   2.5184083  -2.006499   -1.7762141
  -0.1936595 ]] 
Episode: 1037: [[-1.4000949  -1.5319322  -1.0480204  -0.21221219 -1.8888694  -1.2161704
   0.61841637 -2.1458209  -1.7642721   2.518426   -2.0065196  -1.7763716
  -0.19388524]] 
Episode: 1038: [[-1.4002339  -1.5319378  -1.0477052  -0.21220174 -1.8890501  -1.2159561
   0.6183751  -2.146052   -1.7641536   2.5184414  -2.0065267  -1.7765145
  -0.19409959]] 
Episode: 1039: [[-1.4003437  -1.5319412  -1.0473795  -0.21223049 -1.8892449  -1.2157376
   0.6183008  -2.1462917  -1.7640022   2.5184925  -2.006508   -1.7766471
  -0.19432397]] 
Episode: 1040: [[-1.4004575  -1.5319262  -1.0471296  -0.2122308  -1.8893833  -1.2155615
   0.6182604  -2.1464868  -1.7639104   2.5185156  -2.0065084  -1.7767605
  -0.19450396]] 
Episode: 1041: [[-1.4005517  -1.5319179  -1.0468978  -0.2122451  -1.8895178  -1.2154033
   0.6182157  -2.1466684  -1.7638011   2.5185506  -2.0064945  -1.7768657
  -0.19468135]] 
Episode: 1042: [[-1.400641   -1.531901   -1.0466862  -0.21224985 -1.8896304  -1.2152424
   0.61818135 -2.1468346  -1.763698    2.5185735  -2.0064976  -1.7769802
  -0.194858  ]] 
Episode: 1043: [[-1.4007485  -1.5318604  -1.0465146  -0.21222278 -1.8896996  -1.2150931
   0.6181514  -2.146973   -1.7636195   2.518574   -2.006511   -1.7770875
  -0.19501095]] 
Episode: 1044: [[-1.4008657  -1.5318106  -1.0463672  -0.21217534 -1.8897449  -1.2149658
   0.6181411  -2.1470823  -1.7635919   2.5185525  -2.0065536  -1.7771869
  -0.19512734]] 
Episode: 1045: [[-1.4009682  -1.5317818  -1.0462284  -0.21212672 -1.8897914  -1.2148423
   0.6181418  -2.147183   -1.7635713   2.5185237  -2.0066013  -1.7772832
  -0.19523504]] 
Episode: 1046: [[-1.4010599  -1.53176    -1.0460968  -0.21207891 -1.8898367  -1.214733
   0.6181577  -2.1472726  -1.763584    2.518484   -2.0066562  -1.7773631
  -0.19530869]] 
Episode: 1047: [[-1.4011554  -1.531739   -1.0459814  -0.21200633 -1.8898613  -1.2146246
   0.61819124 -2.14734    -1.763607    2.5184202  -2.0067422  -1.7774638
  -0.19538423]] 
Episode: 1048: [[-1.4012545  -1.531699   -1.0458812  -0.21193455 -1.889873   -1.2145312
   0.61822784 -2.1473963  -1.7636456   2.5183547  -2.006829   -1.7775469
  -0.1954319 ]] 
Episode: 1049: [[-1.4013475  -1.5316744  -1.0457963  -0.21185705 -1.8898802  -1.2144704
   0.6182842  -2.1474369  -1.7637132   2.5182784  -2.0069177  -1.7776172
  -0.19545877]] 
Episode: 1050: [[-1.4014474  -1.5315458  -1.0456783  -0.2117534  -1.8899149  -1.2143368
   0.6183278  -2.1475697  -1.7637991   2.518172   -2.0070317  -1.777746
  -0.19555216]] 
Episode: 1051: [[-1.4015206  -1.5314208  -1.0456005  -0.21168038 -1.8899565  -1.214224
   0.6183471  -2.147725   -1.763882    2.5181081  -2.0071216  -1.7778671
  -0.19565967]] 
Episode: 1052: [[-1.4016107  -1.5312806  -1.0455147  -0.21160525 -1.8899853  -1.2141116
   0.61835146 -2.147864   -1.7639577   2.5180507  -2.0072145  -1.7779914
  -0.19577152]] 
Episode: 1053: [[-1.4015831  -1.5312256  -1.0454712  -0.21163729 -1.8900502  -1.2141335
   0.61838704 -2.1479714  -1.7640389   2.5180619  -2.0072749  -1.77808
  -0.19586138]] 
Episode: 1054: [[-1.4015597  -1.5311931  -1.0454031  -0.21166946 -1.8901405  -1.2141409
   0.6184283  -2.14808    -1.7641033   2.5180702  -2.0073304  -1.7781676
  -0.19595608]] 
Episode: 1055: [[-1.4015516  -1.5311568  -1.0453422  -0.21168938 -1.8902194  -1.2141443
   0.6184616  -2.1481807  -1.7641566   2.5180755  -2.0073786  -1.77825
  -0.19604643]] 
Episode: 1056: [[-1.4015536  -1.531128   -1.0452375  -0.21172193 -1.8903066  -1.214126
   0.6184818  -2.148277   -1.764183    2.518093   -2.007435   -1.7783477
  -0.19615315]] 
Episode: 1057: [[-1.4015375  -1.5310967  -1.0451795  -0.21176186 -1.8903627  -1.21414
   0.61850154 -2.1483474  -1.7642201   2.51812    -2.0074942  -1.7784392
  -0.19624422]] 
Episode: 1058: [[-1.4015363 -1.5310581 -1.0451481 -0.2117779 -1.8903893 -1.2141632
   0.6185327 -2.148394  -1.764268   2.5181277 -2.007559  -1.7785234
  -0.1963152]] 
Episode: 1059: [[-1.4015341  -1.5310322  -1.045116   -0.21177892 -1.8904023  -1.2141738
   0.61858135 -2.1484265  -1.7643224   2.5181146  -2.007646   -1.7786229
  -0.19638762]] 
Episode: 1060: [[-1.4015514  -1.5309938  -1.0450945  -0.21176656 -1.890403   -1.2141885
   0.61863023 -2.148444   -1.7643836   2.5180955  -2.0077353  -1.778714
  -0.19644701]] 
Episode: 1061: [[-1.4015383  -1.5309942  -1.0450296  -0.21180224 -1.8904451  -1.2141933
   0.61866516 -2.1484907  -1.7644302   2.5181143  -2.0078106  -1.7788092
  -0.19653137]] 
Episode: 1062: [[-1.4015167  -1.5310183  -1.0449444  -0.21182656 -1.8905039  -1.2141868
   0.61873126 -2.1485307  -1.7644955   2.5181036  -2.0079026  -1.7789056
  -0.19660412]] 
Episode: 1063: [[-1.4015009  -1.5310516  -1.0448594  -0.21183576 -1.8905648  -1.2141813
   0.6188207  -2.1485672  -1.7645788   2.5180707  -2.0079942  -1.7789907
  -0.19666061]] 
Episode: 1064: [[-1.4014205  -1.5311428  -1.0448086  -0.21186917 -1.8906912  -1.2142091
   0.61900306 -2.1486485  -1.7647152   2.5180194  -2.0080795  -1.7790607
  -0.19670646]] 
Episode: 1065: [[-1.401329   -1.531248   -1.044738   -0.21191512 -1.8908297  -1.214224
   0.61917174 -2.1487322  -1.764832    2.5179777  -2.008159   -1.7791312
  -0.1967576 ]] 
Episode: 1066: [[-1.4012488  -1.5313568  -1.0446496  -0.21196015 -1.8909699  -1.2142125
   0.6193084  -2.148815   -1.7649015   2.5179474  -2.0082297  -1.7792064
  -0.1968203 ]] 
Episode: 1067: [[-1.4011924  -1.5314498  -1.0445552  -0.21199194 -1.8911079  -1.2141849
   0.61943376 -2.1489134  -1.764955    2.5179148  -2.008287   -1.779281
  -0.19689193]] 
Episode: 1068: [[-1.4011419  -1.5315343  -1.0444726  -0.21202333 -1.8912315  -1.214159
   0.61954683 -2.1489935  -1.7649974   2.5178897  -2.0083404  -1.7793506
  -0.19696315]] 
Episode: 1069: [[-1.4011075  -1.5316032  -1.044384   -0.21205503 -1.891359   -1.2141284
   0.6196428  -2.1490684  -1.7650198   2.5178726  -2.0083807  -1.7794086
  -0.1970278 ]] 
Episode: 1070: [[-1.401068   -1.5316825  -1.044266   -0.21211047 -1.891494   -1.2140856
   0.61969906 -2.1491513  -1.7649941   2.5178883  -2.0084023  -1.7794768
  -0.19712222]] 
Episode: 1071: [[-1.4010351  -1.5317434  -1.0441625  -0.21216135 -1.8916057  -1.2140502
   0.61974597 -2.1492288  -1.7649772   2.517906   -2.0084212  -1.7795411
  -0.19721282]] 
Episode: 1072: [[-1.4010212  -1.5317894  -1.0440667  -0.21220697 -1.891713   -1.2140278
   0.6197848  -2.1493087  -1.764967    2.5179272  -2.0084229  -1.7795854
  -0.19728673]] 
Episode: 1073: [[-1.4010097  -1.5318341  -1.043963   -0.21226421 -1.8918278  -1.2139878
   0.61980957 -2.1494076  -1.7649395   2.5179653  -2.008416   -1.7796353
  -0.19737586]] 
Episode: 1074: [[-1.4010059  -1.5318555  -1.0438641  -0.21231645 -1.8919638  -1.2139441
   0.6198324  -2.1495287  -1.7649044   2.5180008  -2.008397   -1.7796792
  -0.19746062]] 
Episode: 1075: [[-1.4009856  -1.5318935  -1.043764   -0.21239541 -1.8921076  -1.213932
   0.61984575 -2.1496272  -1.7648653   2.5180569  -2.0083518  -1.7796893
  -0.19751525]] 
Episode: 1076: [[-1.4009378  -1.5319679  -1.0436532  -0.21248794 -1.892253   -1.213957
   0.619895   -2.1496842  -1.7648418   2.5181026  -2.0083172  -1.7796996
  -0.19755848]] 
Episode: 1077: [[-1.400913  -1.5320224 -1.0435423 -0.2125593 -1.8923775 -1.2139513
   0.6199495 -2.1497457 -1.7648402  2.5181324 -2.0083163 -1.7797353
  -0.1976042]] 
Episode: 1078: [[-1.400885   -1.5320774  -1.043403   -0.21263532 -1.892509   -1.2139186
   0.61998945 -2.149813   -1.7648226   2.518166   -2.0083265  -1.7797899
  -0.19767205]] 
Episode: 1079: [[-1.4009634  -1.5321671  -1.0431693  -0.21259117 -1.8927102  -1.2137507
   0.6201346  -2.1499908  -1.7648772   2.5180852  -2.008437   -1.7799611
  -0.19783229]] 
Episode: 1080: [[-1.4010477  -1.5322318  -1.042989   -0.21252687 -1.8928566  -1.2136266
   0.62027603 -2.1501174  -1.764967    2.5179892  -2.0085506  -1.7800952
  -0.19792898]] 
Episode: 1081: [[-1.4012582  -1.5322044  -1.0430297  -0.21233232 -1.8929569  -1.2136043
   0.62033933 -2.1503124  -1.7650636   2.5178878  -2.0085778  -1.7801409
  -0.19794822]] 
Episode: 1082: [[-1.4014344  -1.532171   -1.0430802  -0.21216853 -1.8930409  -1.2136046
   0.62039113 -2.1504798  -1.765162    2.5178053  -2.008598   -1.7801715
  -0.19795218]] 
Episode: 1083: [[-1.4016086  -1.5321312  -1.0431397  -0.21200247 -1.8930984  -1.2136178
   0.62045485 -2.15061    -1.7652736   2.5177112  -2.008626   -1.7801881
  -0.19792823]] 
Episode: 1084: [[-1.401758   -1.5321146  -1.0432043  -0.2118535  -1.8931502  -1.2136579
   0.6205193  -2.1507213  -1.7653857   2.5176287  -2.0086598  -1.7802112
  -0.19790336]] 
Episode: 1085: [[-1.4018853  -1.532096   -1.0432669  -0.21172425 -1.8931983  -1.2137101
   0.6205744  -2.1508255  -1.7655082   2.5175562  -2.0086794  -1.7802144
  -0.19786292]] 
Episode: 1086: [[-1.4019938  -1.5320925  -1.043297   -0.21163562 -1.8932685  -1.2137812
   0.6206098  -2.1509306  -1.7656518   2.5175126  -2.0086763  -1.7801785
  -0.19778742]] 
Episode: 1087: [[-1.4020932  -1.5320774  -1.0433365  -0.21154913 -1.893306   -1.213841
   0.6206488  -2.1510105  -1.7657952   2.517467   -2.0087025  -1.7801692
  -0.19772568]] 
Episode: 1088: [[-1.4021938  -1.532073   -1.0433598  -0.21146007 -1.8933539  -1.213886
   0.62069947 -2.1510954  -1.7659372   2.517413   -2.0087337  -1.7801672
  -0.19767237]] 
Episode: 1089: [[-1.4022963  -1.5320588  -1.0433972  -0.21136469 -1.8933747  -1.2139324
   0.6207542  -2.1511502  -1.766074    2.5173528  -2.0087824  -1.7801747
  -0.19761896]] 
Episode: 1090: [[-1.4024618  -1.5320065  -1.0433837  -0.21121044 -1.8934125  -1.2138838
   0.62086535 -2.1512718  -1.7662381   2.5172303  -2.0088918  -1.7802602
  -0.1976298 ]] 
Episode: 1091: [[-1.4026345  -1.5319757  -1.0433922  -0.2110278  -1.8934453  -1.213837
   0.62099725 -2.1513953  -1.7664266   2.5170827  -2.0090058  -1.7803403
  -0.19763017]] 
Episode: 1092: [[-1.4027865  -1.5319517  -1.0433837  -0.21088065 -1.8934973  -1.2137853
   0.6210931  -2.1515336  -1.7665635   2.516975   -2.0090916  -1.7804203
  -0.19765942]] 
Episode: 1093: [[-1.4029217  -1.5319206  -1.0434339  -0.21072954 -1.893518   -1.2137905
   0.6211937  -2.1516864  -1.7667247   2.516871   -2.0091648  -1.7804921
  -0.19768584]] 
Episode: 1094: [[-1.4030306  -1.5319031  -1.0435604  -0.21056293 -1.8935034  -1.2138352
   0.62131    -2.1518059  -1.7669339   2.5167499  -2.009232   -1.7805283
  -0.19765925]] 
Episode: 1095: [[-1.4031324  -1.531893   -1.0436633  -0.21040042 -1.893491   -1.2138512
   0.62142766 -2.1519191  -1.7671311   2.516626   -2.009316   -1.7805849
  -0.19765724]] 
Episode: 1096: [[-1.4031993  -1.5318964  -1.0437036  -0.21029764 -1.8935417  -1.2137988
   0.62147987 -2.1520994  -1.76722     2.5165672  -2.0093668  -1.7806753
  -0.19774577]] 
Episode: 1097: [[-1.4032463  -1.5319194  -1.043719   -0.21023603 -1.8936232  -1.2137362
   0.6214985  -2.152294   -1.7672523   2.5165505  -2.0093842  -1.7807542
  -0.19784881]] 
Episode: 1098: [[-1.4033208  -1.5318998  -1.0437226  -0.21015377 -1.8936865  -1.2136414
   0.6215387  -2.1524844  -1.7672925   2.5165093  -2.0094233  -1.7808605
  -0.19797605]] 
Episode: 1099: [[-1.4034055  -1.5318913  -1.0436983  -0.21008477 -1.8937621  -1.2135276
   0.62155175 -2.1526725  -1.7672864   2.5164902  -2.0094502  -1.780971
  -0.19811668]] 
Episode: 1100: [[-1.4034866  -1.5318996  -1.0436555  -0.21002215 -1.8938423  -1.2134222
   0.62157553 -2.1528375  -1.7672994   2.516467   -2.0094872  -1.7810744
  -0.19823913]] 
Episode: 1101: [[-1.4035498  -1.5319237  -1.0436002  -0.20998332 -1.8939328  -1.2133266
   0.62158304 -2.1529891  -1.7672851   2.5164654  -2.0095093  -1.781171
  -0.19836779]] 
Episode: 1102: [[-1.4036117  -1.5319463  -1.0435135  -0.20996553 -1.8940364  -1.2132255
   0.6215602  -2.1531365  -1.7672246   2.5164874  -2.0095108  -1.7812651
  -0.19851008]] 
Episode: 1103: [[-1.4036702  -1.5319597  -1.0433846  -0.20999499 -1.8941796  -1.2131208
   0.6214817  -2.1533108  -1.7671026   2.516563   -2.009452   -1.7813284
  -0.19866116]] 
Episode: 1104: [[-1.4037038  -1.5319785  -1.0432105  -0.21006131 -1.8943473  -1.212982
   0.62136745 -2.1535072  -1.7669317   2.5166702  -2.0093873  -1.7814106
  -0.1988473 ]] 
Episode: 1105: [[-1.4037398  -1.5319848  -1.0430297  -0.21014433 -1.8945228  -1.2128328
   0.6212384  -2.1536977  -1.7667369   2.5167944  -2.0093205  -1.781489
  -0.19902264]] 
Episode: 1106: [[-1.4037583  -1.5320195  -1.0428545  -0.21023375 -1.8946859  -1.2126968
   0.6211147  -2.1538613  -1.7665468   2.516919   -2.009259   -1.7815602
  -0.19918594]] 
Episode: 1107: [[-1.4038676  -1.5319729  -1.0427055  -0.21023133 -1.8947557  -1.2125338
   0.6210091  -2.1540434  -1.7664149   2.5169828  -2.0092418  -1.781679
  -0.19937907]] 
Episode: 1108: [[-1.403959   -1.531935   -1.0425534  -0.21025036 -1.8948381  -1.2123821
   0.62089795 -2.1542172  -1.7662711   2.5170612  -2.0092118  -1.7817829
  -0.19956243]] 
Episode: 1109: [[-1.4041069  -1.5318174  -1.0424684  -0.21015272 -1.8948755  -1.2121923
   0.62089163 -2.1544504  -1.7662325   2.517027   -2.009267   -1.7819732
  -0.19980702]] 
Episode: 1110: [[-1.4042584  -1.5316902  -1.0423778  -0.21003999 -1.8948908  -1.2120206
   0.6209076  -2.1546726  -1.7662773   2.5169623  -2.0093536  -1.7821523
  -0.20000191]] 
Episode: 1111: [[-1.4043778  -1.5316089  -1.0422858  -0.20994732 -1.8949343  -1.211863
   0.6209306  -2.1549008  -1.7663198   2.5169086  -2.0094352  -1.7823231
  -0.20019184]] 
Episode: 1112: [[-1.4044777  -1.5315506  -1.0422336  -0.2098607  -1.8949635  -1.2117505
   0.6209701  -2.1550822  -1.7663687   2.5168586  -2.0095181  -1.7824854
  -0.20036256]] 
Episode: 1113: [[-1.404572   -1.5314989  -1.0422152  -0.20977084 -1.8949732  -1.2116822
   0.6210197  -2.1552074  -1.7664555   2.5167994  -2.0096128  -1.7826085
  -0.2004609 ]] 
Episode: 1114: [[-1.4047182  -1.531421   -1.0421559  -0.20964605 -1.8949782  -1.2115757
   0.6210729  -2.15531    -1.7665372   2.5167103  -2.009746   -1.7827592
  -0.2005587 ]] 
Episode: 1115: [[-1.4048551  -1.531349   -1.0420955  -0.20952995 -1.894989   -1.2114751
   0.62112784 -2.1554015  -1.7666223   2.5166233  -2.0098789  -1.7828974
  -0.20063862]] 
Episode: 1116: [[-1.4049896  -1.5313013  -1.0420125  -0.20940877 -1.8950033  -1.2113533
   0.6211959  -2.1554785  -1.7667048   2.5165246  -2.0100355  -1.7830596
  -0.20073716]] 
Episode: 1117: [[-1.4050967  -1.5312774  -1.0419416  -0.20930338 -1.8950237  -1.2112603
   0.62126607 -2.1555493  -1.766798    2.5164332  -2.010174   -1.7831953
  -0.20081201]] 
Episode: 1118: [[-1.4052044  -1.531247   -1.0418833  -0.20919608 -1.8950343  -1.2111766
   0.621344   -2.155603   -1.7668954   2.5163367  -2.0103092  -1.7833182
  -0.20087053]] 
Episode: 1119: [[-1.4053258  -1.5311967  -1.0418594  -0.20907259 -1.8950012  -1.2111287
   0.62142795 -2.155605   -1.7670223   2.516226   -2.0104644  -1.7834222
  -0.20087455]] 
Episode: 1120: [[-1.4054416  -1.5311607  -1.0418303  -0.20894688 -1.8949777  -1.2110784
   0.6215288  -2.155612   -1.7671559   2.5161045  -2.0106194  -1.7835233
  -0.20087287]] 
Episode: 1121: [[-1.4055547  -1.5311207  -1.0418218  -0.20883337 -1.8949618  -1.2110367
   0.6215948  -2.1556273  -1.7672684   2.5160112  -2.0107462  -1.7836034
  -0.20086466]] 
Episode: 1122: [[-1.4057227  -1.5310801  -1.0418081  -0.20866811 -1.8949664  -1.2110204
   0.6216723  -2.155729   -1.7674408   2.5158956  -2.0108626  -1.7836965
  -0.20089296]] 
Episode: 1123: [[-1.4058746  -1.531039   -1.041808   -0.20852754 -1.8949727  -1.211019
   0.6217229  -2.1558375  -1.7675925   2.5158103  -2.010945   -1.7837635
  -0.20091712]] 
Episode: 1124: [[-1.4060054  -1.5310152  -1.0418061  -0.2083995  -1.8949808  -1.2110152
   0.6217847  -2.1559336  -1.7677323   2.5157251  -2.0110242  -1.7838289
  -0.20094208]] 
Episode: 1125: [[-1.406118   -1.5310006  -1.0417802  -0.20831898 -1.8950214  -1.2110106
   0.6217965  -2.1560419  -1.7677996   2.5156949  -2.0110488  -1.783873
  -0.20098937]] 
Episode: 1126: [[-1.4062214  -1.531009   -1.0417112  -0.20825784 -1.8950843  -1.2109879
   0.62182474 -2.1561375  -1.7678663   2.5156627  -2.0110707  -1.7839084
  -0.20102772]] 
Episode: 1127: [[-1.4063272  -1.5310487  -1.0415459  -0.20822904 -1.8951826  -1.2109512
   0.62181455 -2.1562598  -1.7679272   2.5156553  -2.0110757  -1.7839274
  -0.20105892]] 
Episode: 1128: [[-1.4064206  -1.5310956  -1.0413647  -0.20823134 -1.8953164  -1.2109003
   0.6217774  -2.1564133  -1.7679328   2.5156837  -2.0110385  -1.783937
  -0.20111784]] 
Episode: 1129: [[-1.406493   -1.5311399  -1.0411961  -0.20826222 -1.8954543  -1.2108504
   0.62170035 -2.1565666  -1.7679074   2.5157514  -2.010989   -1.7839447
  -0.20118976]] 
Episode: 1130: [[-1.4065366  -1.5312071  -1.0410421  -0.20831567 -1.8956195  -1.210841
   0.6216348  -2.1567116  -1.7678926   2.5158288  -2.010907   -1.7839082
  -0.2012284 ]] 
Episode: 1131: [[-1.4065624  -1.5312881  -1.0408394  -0.20840412 -1.8958247  -1.2107838
   0.62154853 -2.1568751  -1.7678094   2.5159338  -2.0108144  -1.7838925
  -0.20130706]] 
Episode: 1132: [[-1.4065887  -1.5313522  -1.0406809  -0.2084683  -1.8959833  -1.2107574
   0.6214851  -2.1569965  -1.7677634   2.5160131  -2.0107489  -1.7838784
  -0.20136607]] 
Episode: 1133: [[-1.4066329  -1.5314177  -1.0405421  -0.20851669 -1.8961363  -1.2107189
   0.6214331  -2.1570938  -1.7677045   2.5160844  -2.0106988  -1.7838725
  -0.2014218 ]] 
Episode: 1134: [[-1.4066751  -1.5314797  -1.0404333  -0.20855246 -1.8962681  -1.2107036
   0.621399   -2.157163   -1.7676772   2.5161388  -2.010663   -1.7838535
  -0.20144325]] 
Episode: 1135: [[-1.4067026  -1.5315424  -1.040336   -0.20859084 -1.8963922  -1.2106946
   0.62137294 -2.1572282  -1.7676547   2.5161898  -2.0106292  -1.7838372
  -0.20146577]] 
Episode: 1136: [[-1.4067354  -1.5315788  -1.040232   -0.20863405 -1.8965133  -1.2106712
   0.6213266  -2.157302   -1.7676187   2.5162501  -2.0105872  -1.7838213
  -0.20149839]] 
Episode: 1137: [[-1.4067554  -1.5316143  -1.0401318  -0.2086588  -1.8966224  -1.2106078
   0.6212922  -2.1574237  -1.7676054   2.5162911  -2.0105844  -1.7838635
  -0.20157929]] 
Episode: 1138: [[-1.406763   -1.5316724  -1.040021   -0.20868826 -1.8967359  -1.2105458
   0.6212688  -2.1575322  -1.7675889   2.5163267  -2.0105855  -1.7839055
  -0.20165782]] 
Episode: 1139: [[-1.4067726  -1.531723   -1.0399144  -0.20871721 -1.8968438  -1.2104698
   0.62124276 -2.1576357  -1.7675489   2.5163646  -2.010584   -1.7839557
  -0.20175354]] 
Episode: 1140: [[-1.406802   -1.531763   -1.0398097  -0.20873179 -1.8969355  -1.210382
   0.6212185  -2.1577213  -1.7674994   2.516395   -2.010604   -1.7840222
  -0.20185663]] 
Episode: 1141: [[-1.4068251  -1.5318034  -1.039706   -0.2087469  -1.8970195  -1.2103053
   0.6211923  -2.1577957  -1.7674545   2.5164223  -2.0106246  -1.7840805
  -0.20194532]] 
Episode: 1142: [[-1.4068501  -1.531842   -1.0396013  -0.20876198 -1.8971066  -1.2102284
   0.6211686  -2.157865   -1.7674055   2.5164473  -2.0106418  -1.7841332
  -0.20202523]] 
Episode: 1143: [[-1.4068669  -1.5318782  -1.0395197  -0.20877273 -1.8971691  -1.2101854
   0.62115103 -2.157909   -1.76739     2.5164652  -2.0106664  -1.7841729
  -0.20207904]] 
Episode: 1144: [[-1.4068862  -1.5319232  -1.0394366  -0.2087805  -1.8972282  -1.2101445
   0.6211458  -2.1579354  -1.7673857   2.5164766  -2.0107064  -1.7842189
  -0.20212641]] 
Episode: 1145: [[-1.4069132  -1.531953   -1.0393851  -0.20877177 -1.8972573  -1.2101312
   0.6211462  -2.1579356  -1.7674141   2.5164754  -2.0107603  -1.784253
  -0.20214261]] 
Episode: 1146: [[-1.4069351  -1.5319922  -1.0393475  -0.20876287 -1.8972914  -1.2101367
   0.6211573  -2.157926   -1.7674582   2.5164695  -2.0108075  -1.7842644
  -0.20212781]] 
Episode: 1147: [[-1.4069602  -1.532043   -1.0393337  -0.20873275 -1.8973166  -1.2101635
   0.621189   -2.1579154  -1.7675213   2.5164452  -2.0108585  -1.7842761
  -0.20211135]] 
Episode: 1148: [[-1.4069576  -1.5320952  -1.039328   -0.20872717 -1.8973415  -1.2102343
   0.62121916 -2.1578884  -1.7676055   2.5164351  -2.0109046  -1.7842699
  -0.20207334]] 
Episode: 1149: [[-1.4069514  -1.5321432  -1.0393175  -0.20872724 -1.897363   -1.2103022
   0.621242   -2.157854   -1.7676786   2.5164313  -2.0109515  -1.7842706
  -0.20204677]] 
Episode: 1150: [[-1.4069452  -1.5321535  -1.0393367  -0.2087277  -1.8973558  -1.2103721
   0.62125105 -2.1578295  -1.7677411   2.516434   -2.0109859  -1.7842668
  -0.20201698]] 
Episode: 1151: [[-1.4069501  -1.5321462  -1.0393149  -0.20873488 -1.8973668  -1.2103941
   0.6212563  -2.157824   -1.7677672   2.516438   -2.0110204  -1.7842854
  -0.20201774]] 
Episode: 1152: [[-1.4069607  -1.532149   -1.0392572  -0.20873801 -1.8973782  -1.2103621
   0.6212712  -2.157807   -1.767761    2.5164313  -2.0110958  -1.7843554
  -0.20205444]] 
Episode: 1153: [[-1.4069705  -1.5321645  -1.0391852  -0.20874672 -1.8973999  -1.2103115
   0.62129074 -2.157794   -1.767746    2.5164266  -2.011175   -1.7844317
  -0.20210136]] 
Episode: 1154: [[-1.406964   -1.5321785  -1.0390966  -0.20877945 -1.8974322  -1.2102336
   0.62129045 -2.1578045  -1.7676977   2.5164454  -2.011246   -1.7845247
  -0.20218192]] 
Episode: 1155: [[-1.4069601  -1.5322201  -1.0389895  -0.20880666 -1.8974801  -1.2101665
   0.62131125 -2.157801   -1.7676606   2.5164506  -2.0113213  -1.7846144
  -0.20225616]] 
Episode: 1156: [[-1.4069512  -1.5322617  -1.0388693  -0.20883018 -1.8975303  -1.2100848
   0.62133306 -2.1578023  -1.7676238   2.5164456  -2.0113978  -1.7847081
  -0.20233248]] 
Episode: 1157: [[-1.4069191 -1.5322671 -1.0387969 -0.2088686 -1.8975825 -1.2100194
   0.621358  -2.157828  -1.7676008  2.5164535 -2.011462  -1.784791
  -0.2024064]] 
Episode: 1158: [[-1.4068924  -1.532276   -1.0387019  -0.20890892 -1.8976455  -1.2099484
   0.62137425 -2.1578593  -1.7675707   2.5164628  -2.0115156  -1.7848688
  -0.20248006]] 
Episode: 1159: [[-1.406867   -1.5322951  -1.0386038  -0.20895301 -1.8977144  -1.2098744
   0.62138414 -2.1579003  -1.7675359   2.516478   -2.0115552  -1.7849337
  -0.20254713]] 
Episode: 1160: [[-1.4068508  -1.5322933  -1.0385333  -0.20898306 -1.8977498  -1.209825
   0.62140256 -2.157922   -1.7675283   2.5164804  -2.0116022  -1.7849886
  -0.20258488]] 
Episode: 1161: [[-1.406884   -1.5322157  -1.0383663  -0.2089996  -1.8977779  -1.2097446
   0.62138397 -2.157954   -1.767495    2.5164673  -2.0116565  -1.7850654
  -0.20264105]] 
Episode: 1162: [[-1.4070905  -1.5318433  -1.0384398  -0.20889737 -1.8977457  -1.2096289
   0.62135905 -2.158035   -1.7674764   2.5164344  -2.0117135  -1.7851425
  -0.20269072]] 
Episode: 1163: [[-1.4072859  -1.5315143  -1.0385197  -0.20877941 -1.8977137  -1.209538
   0.62136555 -2.1581097  -1.767505    2.516374   -2.0117745  -1.7852005
  -0.2027061 ]] 
Episode: 1164: [[-1.4074553  -1.5312289  -1.0385864  -0.20867701 -1.8976905  -1.2094668
   0.6213748  -2.1581748  -1.7675383   2.516319   -2.011826   -1.7852448
  -0.20271137]] 
Episode: 1165: [[-1.4075854  -1.5309968  -1.0386411  -0.20860097 -1.8976908  -1.2094098
   0.6213915  -2.158249   -1.7675729   2.5162768  -2.011865   -1.7852824
  -0.20271948]] 
Episode: 1166: [[-1.4077035  -1.5307786  -1.038683   -0.20853293 -1.897706   -1.209345
   0.6214039  -2.1583352  -1.7675976   2.516238   -2.0118992  -1.7853203
  -0.2027296 ]] 
Episode: 1167: [[-1.4078214  -1.5305896  -1.0386866  -0.20848085 -1.8977787  -1.2092714
   0.6213845  -2.1584675  -1.7675993   2.5162249  -2.0118988  -1.7853472
  -0.20275606]] 
Episode: 1168: [[-1.4079276  -1.5304257  -1.0387008  -0.20841672 -1.8978397  -1.2092457
   0.62140656 -2.1585639  -1.7676656   2.51618    -2.0119197  -1.7853508
  -0.20272659]] 
Episode: 1169: [[-1.4080653  -1.53028    -1.0386704  -0.20829646 -1.897874   -1.209184
   0.621488   -2.158686   -1.7677882   2.5160706  -2.012003   -1.7854304
  -0.20276502]] 
Episode: 1170: [[-1.4081644  -1.5302063  -1.0386456  -0.20817631 -1.8979319  -1.2091345
   0.62164265 -2.158783   -1.7679302   2.5159338  -2.0121348  -1.7855463
  -0.20281595]] 
Episode: 1171: [[-1.408282   -1.5301523  -1.0385743  -0.20803942 -1.897971   -1.209046
   0.6217885  -2.1589189  -1.7681069   2.515786   -2.0122912  -1.7856969
  -0.20290215]] 
Episode: 1172: [[-1.408451   -1.5300086  -1.0385191  -0.2078978  -1.8980025  -1.2089734
   0.62184054 -2.1590734  -1.7682359   2.5156758  -2.0123904  -1.7857931
  -0.20294896]] 
Episode: 1173: [[-1.4085988  -1.5298779  -1.0384622  -0.20778331 -1.8980356  -1.2089165
   0.6218781  -2.1592162  -1.7683464   2.5155883  -2.012473   -1.7858729
  -0.2029838 ]] 
Episode: 1174: [[-1.4086521  -1.529805   -1.0384626  -0.20772882 -1.8980682  -1.208951
   0.6219368  -2.1593568  -1.7684976   2.5155413  -2.0125382  -1.7859354
  -0.20301487]] 
Episode: 1175: [[-1.4086705  -1.5297676  -1.0384626  -0.20770302 -1.8981291  -1.2089939
   0.6220027  -2.1594825  -1.768635    2.51551    -2.012593   -1.7859868
  -0.20303948]] 
Episode: 1176: [[-1.4086989  -1.5297263  -1.0384885  -0.20765197 -1.898158   -1.2090646
   0.62208015 -2.1595886  -1.7688204   2.5154552  -2.0126524  -1.7860163
  -0.20302658]] 
Episode: 1177: [[-1.4087265  -1.5296896  -1.0385203  -0.20760901 -1.8981797  -1.2091541
   0.6221442  -2.1596677  -1.7689972   2.5154107  -2.0126977  -1.7860197
  -0.2029846 ]] 
Episode: 1178: [[-1.4087548  -1.5296702  -1.038551   -0.20755851 -1.8981959  -1.2092346
   0.6222181  -2.1597404  -1.7691736   2.515358   -2.0127523  -1.7860315
  -0.20294991]] 
Episode: 1179: [[-1.4087937  -1.5296459  -1.038582   -0.20750336 -1.8982071  -1.2093083
   0.62229115 -2.1598017  -1.7693379   2.5153031  -2.0128043  -1.7860402
  -0.20291242]] 
Episode: 1180: [[-1.4088204  -1.5296273  -1.0386002  -0.20746663 -1.8982391  -1.2093621
   0.62235147 -2.1598752  -1.7694712   2.5152645  -2.0128403  -1.7860492
  -0.2028893 ]] 
Episode: 1181: [[-1.4088713  -1.5295988  -1.038631   -0.207414   -1.8982489  -1.2094114
   0.6223967  -2.1599338  -1.7695795   2.5152276  -2.0128717  -1.7860605
  -0.20287313]] 
Episode: 1182: [[-1.4089165  -1.5295713  -1.0386457  -0.20739295 -1.8982954  -1.2094533
   0.6224071  -2.160016   -1.769628    2.5152314  -2.0128615  -1.7860593
  -0.20287934]] 
Episode: 1183: [[-1.4089501  -1.5295391  -1.0386273  -0.20742099 -1.8983846  -1.2094812
   0.62234354 -2.1601613  -1.769608    2.5153005  -2.0127754  -1.7860312
  -0.20291421]] 
Episode: 1184: [[-1.4089754  -1.5295237  -1.0385718  -0.20748036 -1.8985183  -1.2095027
   0.6222652  -2.1603184  -1.7695467   2.5153942  -2.012653   -1.7859797
  -0.20294769]] 
Episode: 1185: [[-1.4090153  -1.529512   -1.0385166  -0.20751074 -1.898632   -1.2095202
   0.6222004  -2.1604798  -1.7695295   2.5154605  -2.0125554  -1.7859396
  -0.202974  ]] 
Episode: 1186: [[-1.409041   -1.5295236  -1.0384228  -0.20755786 -1.8987826  -1.209511
   0.6221445  -2.1606643  -1.7694957   2.5155292  -2.0124576  -1.7859114
  -0.20301926]] 
Episode: 1187: [[-1.4091194  -1.5295196  -1.0383548  -0.20754637 -1.8989114  -1.2094405
   0.6221381  -2.1608553  -1.7694778   2.5155532  -2.012417   -1.7859434
  -0.20310691]] 
Episode: 1188: [[-1.4091829  -1.5295295  -1.0382814  -0.20754111 -1.8990427  -1.2093742
   0.6221391  -2.1610334  -1.7694573   2.5155745  -2.0123782  -1.7859746
  -0.20319408]] 
Episode: 1189: [[-1.409241  -1.5295407 -1.0382055 -0.2075288 -1.8991601 -1.2093037
   0.6221538 -2.161194  -1.769446   2.5155792 -2.0123637 -1.7860193
  -0.2032756]] 
Episode: 1190: [[-1.4093115  -1.5295304  -1.0381343  -0.20751083 -1.8992671  -1.2092346
   0.622149   -2.1613438  -1.7694203   2.5155869  -2.012341   -1.7860538
  -0.20334709]] 
Episode: 1191: [[-1.4093808  -1.5295266  -1.038104   -0.20747927 -1.8993565  -1.2092091
   0.62216026 -2.1614666  -1.7694293   2.515582   -2.0123177  -1.7860601
  -0.20337646]] 
Episode: 1192: [[-1.4094354  -1.5295362  -1.038093   -0.20743811 -1.8994311  -1.2092017
   0.62218595 -2.1615596  -1.7694706   2.515562   -2.0123236  -1.786073
  -0.20338714]] 
Episode: 1193: [[-1.4094317  -1.5296102  -1.0380782  -0.20743906 -1.8995359  -1.209251
   0.6222647  -2.1616564  -1.7695519   2.515554   -2.0123374  -1.7860922
  -0.20340927]] 
Episode: 1194: [[-1.4094216  -1.529677   -1.0380762  -0.20743631 -1.8996154  -1.2093083
   0.6223487  -2.1617236  -1.7696484   2.515536   -2.0123656  -1.7861078
  -0.20341124]] 
Episode: 1195: [[-1.4094014  -1.5297604  -1.0380677  -0.20743199 -1.8996985  -1.2093582
   0.6224494  -2.1617925  -1.7697611   2.5155082  -2.0124116  -1.7861372
  -0.2034213 ]] 
Episode: 1196: [[-1.4093803  -1.5298411  -1.0380741  -0.20742303 -1.8997663  -1.2094153
   0.6225659  -2.1618385  -1.769865    2.515474   -2.0124679  -1.7861814
  -0.20344234]] 
Episode: 1197: [[-1.409368   -1.5299058  -1.038085   -0.20740019 -1.8998168  -1.2094679
   0.6226897  -2.1618702  -1.7699761   2.515424   -2.0125332  -1.786228
  -0.20345804]] 
Episode: 1198: [[-1.4093589  -1.5299628  -1.0380938  -0.20737891 -1.8998588  -1.2095126
   0.6227979  -2.1619008  -1.7700726   2.51538    -2.0125947  -1.7862734
  -0.20347293]] 
Episode: 1199: [[-1.4093609  -1.5300133  -1.0381036  -0.20735344 -1.8998895  -1.209561
   0.6228993  -2.1619158  -1.7701584   2.5153375  -2.0126579  -1.7863187
  -0.203487  ]] 
Episode: 1200: [[-1.4093616  -1.5300612  -1.0381052  -0.20733428 -1.8999336  -1.2095937
   0.6229876  -2.1619468  -1.7702249   2.5153034  -2.012706   -1.7863592
  -0.20350894]] 
