Episode: 1: [[ 0.255517    0.23706158  0.16634375  0.02646615  0.04395925]
 [ 0.24312775  0.22987601  0.1725051   0.04723836  0.05410225]
 [ 0.23870447  0.24089761  0.21051134  0.10650244  0.08551043]
 [ 0.21105592  0.22352752  0.22858763  0.1762467   0.07737346]
 [ 0.05441463  0.03920435  0.00162613 -0.07858498 -0.22745985]] 
Episode: 2: [[ 0.255017    0.23656158  0.16584376  0.02596615  0.04345925]
 [ 0.24362774  0.230376    0.17300509  0.04773836  0.05360225]
 [ 0.23920447  0.2413976   0.21101134  0.10700244  0.08601043]
 [ 0.21155591  0.22402751  0.22908762  0.1767467   0.07787346]
 [ 0.05491463  0.03970435  0.00212613 -0.07808498 -0.22695985]] 
Episode: 3: [[ 0.25504333  0.2365879   0.16587007  0.02599247  0.04348557]
 [ 0.24360143  0.23034969  0.17297877  0.04771204  0.05310225]
 [ 0.23917815  0.24137129  0.21098502  0.10697613  0.08598412]
 [ 0.2120559   0.22452751  0.22958761  0.17724669  0.07837346]
 [ 0.05541463  0.04020435  0.00262613 -0.07758498 -0.22645986]] 
Episode: 4: [[ 0.25524443  0.236789    0.16607118  0.02619358  0.04368667]
 [ 0.24376932  0.23051758  0.17314667  0.04787994  0.05297125]
 [ 0.23897704  0.24117018  0.21078391  0.10677502  0.08578301]
 [ 0.2121869   0.2246585   0.22971861  0.17737769  0.07850446]
 [ 0.05554563  0.04033535  0.00275713 -0.07745399 -0.22632886]] 
Episode: 5: [[ 0.25553244  0.23707703  0.1663592   0.02648159  0.04397469]
 [ 0.243743    0.23049127  0.17312035  0.04785362  0.05273296]
 [ 0.23868902  0.24088216  0.21049589  0.10648701  0.085495  ]
 [ 0.2124252   0.2248968   0.22995691  0.17761599  0.07874276]
 [ 0.05578392  0.04057364  0.00299542 -0.07721569 -0.22609057]] 
Episode: 6: [[ 0.25587222  0.23741682  0.16669899  0.02682138  0.04431448]
 [ 0.24360101  0.23034927  0.17297836  0.04771164  0.05243075]
 [ 0.23859343  0.24078657  0.2104003   0.10639141  0.0853994 ]
 [ 0.21248321  0.22495481  0.23001492  0.177674    0.07880077]
 [ 0.05608613  0.04087584  0.00329763 -0.07691348 -0.22578837]] 
Episode: 7: [[ 0.2562462   0.2377908   0.16707297  0.02719536  0.04468846]
 [ 0.24359603  0.2303443   0.17297338  0.04770666  0.05229976]
 [ 0.23862495  0.24081808  0.21043181  0.10642294  0.08521751]
 [ 0.21263555  0.22510715  0.23016725  0.17782633  0.07873969]
 [ 0.05643054  0.04122026  0.00364204 -0.07656907 -0.22565737]] 
Episode: 8: [[ 0.25645265  0.23799725  0.16727942  0.02759349  0.04489491]
 [ 0.24349616  0.23024443  0.17287351  0.0476068   0.05228971]
 [ 0.23855458  0.24074772  0.21036145  0.10635258  0.08516631]
 [ 0.21266285  0.22513445  0.23019455  0.17785363  0.07859448]
 [ 0.05680478  0.0415945   0.00401628 -0.07619483 -0.22545564]] 
Episode: 9: [[ 0.25671065  0.23825525  0.16753742  0.02800951  0.0451529 ]
 [ 0.24350163  0.2302499   0.17287898  0.04761227  0.05236922]
 [ 0.23840879  0.24060193  0.21021566  0.10620677  0.08503632]
 [ 0.21259756  0.22506917  0.23012927  0.17778835  0.07838697]
 [ 0.05702552  0.04181524  0.00423702 -0.07597409 -0.22520155]] 
Episode: 10: [[ 0.25700814  0.23855275  0.16783492  0.02843924  0.0454504 ]
 [ 0.24358782  0.23033608  0.17296517  0.04769846  0.05251737]
 [ 0.2383684   0.24056154  0.21017528  0.1061664   0.08500917]
 [ 0.21262456  0.22509617  0.23015627  0.17781535  0.07829496]
 [ 0.05729185  0.04208156  0.00450335 -0.07570776 -0.22490731]] 
Episode: 11: [[ 0.2571832   0.23872781  0.16800998  0.02872622  0.04562546]
 [ 0.24358402  0.23033229  0.17296137  0.04769466  0.05256601]
 [ 0.238411    0.24060413  0.21021786  0.10620899  0.08506295]
 [ 0.21272418  0.22519578  0.23025589  0.17791496  0.07829384]
 [ 0.05744052  0.04223023  0.00465201 -0.07555909 -0.22458148]] 
Episode: 12: [[ 0.2574056   0.23895022  0.1682324   0.02904425  0.04584787]
 [ 0.24351904  0.23026378  0.17290041  0.04763245  0.05259595]
 [ 0.23852025  0.24071339  0.21032712  0.10631824  0.08518177]
 [ 0.21288215  0.22535375  0.23041385  0.17807293  0.07836575]
 [ 0.05749465  0.04228437  0.00470615 -0.07550496 -0.22436811]] 
Episode: 13: [[ 0.2576667   0.23921132  0.1684935   0.02938764  0.04610897]
 [ 0.2433926   0.23013456  0.17277716  0.04750821  0.05254893]
 [ 0.23868395  0.24087709  0.21049082  0.10648194  0.0853537 ]
 [ 0.21294841  0.22542001  0.23048012  0.1781392   0.07835796]
 [ 0.05761092  0.04240064  0.00482242 -0.07538868 -0.22411442]] 
Episode: 14: [[ 0.25795984  0.23950446  0.16878663  0.02975202  0.0464021 ]
 [ 0.24335107  0.23009035  0.17273867  0.04746877  0.05257805]
 [ 0.23875867  0.2409518   0.21056554  0.10655665  0.08550134]
 [ 0.21293876  0.22541036  0.23047046  0.17812954  0.07828417]
 [ 0.05764456  0.04243428  0.00485606 -0.07535505 -0.22396234]] 
Episode: 15: [[ 0.2582798   0.23982441  0.16910659  0.03013399  0.04672205]
 [ 0.2433805   0.23011723  0.17277098  0.04750019  0.05267053]
 [ 0.23875886  0.240952    0.21056573  0.10655685  0.08556218]
 [ 0.21299519  0.22546679  0.2305269   0.17818597  0.07828479]
 [ 0.05760901  0.04239872  0.00482051 -0.0753906  -0.22389525]] 
Episode: 16: [[ 0.2584965   0.2400411   0.16932328  0.0304049   0.04693875]
 [ 0.2433426   0.2300773   0.17273538  0.04746387  0.05281627]
 [ 0.23878919  0.24098182  0.2106091   0.10661741  0.08564344]
 [ 0.21310747  0.22557907  0.23063917  0.17829825  0.07834829]
 [ 0.0576409   0.04243061  0.0048524  -0.07535871 -0.22387503]] 
Episode: 17: [[ 0.25874797  0.24029258  0.16957475  0.03070392  0.04716421]
 [ 0.24331675  0.23005085  0.1727129   0.04742566  0.0529457 ]
 [ 0.23887868  0.24107088  0.21070954  0.10673207  0.08574256]
 [ 0.21326734  0.22573894  0.23079905  0.17845812  0.07846536]
 [ 0.05773024  0.04251996  0.00494175 -0.07526936 -0.22379437]] 
Episode: 18: [[ 0.25895843  0.24050233  0.16978163  0.03094795  0.04735842]
 [ 0.24327043  0.23000324  0.17266512  0.04735732  0.05305347]
 [ 0.23895372  0.24114482  0.21079269  0.10682299  0.08582658]
 [ 0.21341325  0.22588395  0.23094608  0.17860427  0.07855872]
 [ 0.05784698  0.0426375   0.00506262 -0.07514886 -0.22370192]] 
Episode: 19: [[ 0.25908342  0.24062671  0.16990353  0.03110273  0.04746731]
 [ 0.24316698  0.22989886  0.17256033  0.04723468  0.05308364]
 [ 0.23895773  0.24114785  0.21080433  0.10684244  0.08583415]
 [ 0.21360232  0.2260722   0.23101503  0.17867246  0.07870142]
 [ 0.05788996  0.04268122  0.0051094  -0.0751024  -0.22368243]] 
Episode: 20: [[ 0.25913453  0.24067728  0.16995198  0.03118032  0.04750267]
 [ 0.24301441  0.22974563  0.17240652  0.04706532  0.05304726]
 [ 0.239022    0.24121125  0.2108749   0.10691909  0.0859052 ]
 [ 0.21382867  0.22629786  0.23113531  0.17879207  0.07888677]
 [ 0.05798674  0.04277863  0.00520942 -0.07500267 -0.22360465]] 
Episode: 21: [[ 0.25923803  0.24078032  0.17005308  0.03130713  0.04759351]
 [ 0.24293992  0.22967036  0.172331    0.04697585  0.05307684]
 [ 0.23913844  0.24132694  0.21099654  0.10704539  0.08603083]
 [ 0.21397056  0.22643912  0.23118335  0.1788395   0.07899246]
 [ 0.05801457  0.04280704  0.00524026 -0.0749721  -0.22347638]] 
Episode: 22: [[ 0.25938725  0.2409291   0.17020011  0.03147688  0.0477326 ]
 [ 0.24293327  0.22966287  0.17232351  0.04695582  0.05316356]
 [ 0.23930025  0.2414881   0.21116263  0.10721496  0.08620359]
 [ 0.21403882  0.22650683  0.2311684   0.17882402  0.07902868]
 [ 0.05798223  0.04277524  0.00521072 -0.07500189 -0.22342134]] 
Episode: 23: [[ 0.2594631   0.24100457  0.17027408  0.03157112  0.0477982 ]
 [ 0.24294649  0.22967598  0.17233829  0.04695829  0.05325115]
 [ 0.23948875  0.24167699  0.2113604   0.10741671  0.08637843]
 [ 0.21408944  0.22655556  0.23114355  0.17879933  0.07903995]
 [ 0.05796342  0.04275643  0.00519571 -0.07501699 -0.22336663]] 
Episode: 24: [[ 0.25958657  0.2411277   0.17039582  0.03171082  0.04791356]
 [ 0.24301715  0.22974639  0.17241035  0.04701928  0.05338903]
 [ 0.23971389  0.24190244  0.21159327  0.10765253  0.08659455]
 [ 0.21407703  0.22654147  0.2310641   0.17872     0.07899277]
 [ 0.0578898   0.04268283  0.0051256  -0.0750872  -0.22337648]] 
Episode: 25: [[ 0.25975195  0.24129276  0.17055961  0.03189054  0.04807263]
 [ 0.2431381   0.22986698  0.17253256  0.04713152  0.05357083]
 [ 0.23997118  0.24215998  0.21185698  0.1079183   0.08684663]
 [ 0.21400927  0.22647224  0.23093669  0.17859271  0.07889426]
 [ 0.05776801  0.04256109  0.00500706 -0.07520583 -0.22344291]] 
Episode: 26: [[ 0.25995427  0.2414948   0.17076051  0.03210557  0.0481832 ]
 [ 0.24330322  0.23003164  0.1726988   0.04728878  0.05379109]
 [ 0.2401438   0.24233288  0.21203595  0.10809988  0.08701082]
 [ 0.21389279  0.22635446  0.23076709  0.17842321  0.07875055]
 [ 0.05760381  0.04239693  0.00484586 -0.07536712 -0.22355907]] 
Episode: 27: [[ 0.26018927  0.24172954  0.17099419  0.0323518   0.04833786]
 [ 0.24339338  0.23012154  0.17278993  0.04737205  0.05392906]
 [ 0.24024178  0.24243112  0.21214014  0.10820706  0.08709789]
 [ 0.21384454  0.22630505  0.23067148  0.1783277   0.07867785]
 [ 0.05751255  0.0423057   0.00475716 -0.0754559  -0.2236061 ]] 
Episode: 28: [[ 0.26034513  0.2418852   0.17114894  0.03251784  0.04842021]
 [ 0.24353014  0.23025794  0.17292757  0.04750258  0.05410941]
 [ 0.24027377  0.24246337  0.21217817  0.1082484   0.08711711]
 [ 0.21374634  0.22620583  0.23053102  0.1781873   0.07861063]
 [ 0.05737633  0.04216952  0.00462332 -0.07558981 -0.223704  ]] 
Episode: 29: [[ 0.2604308   0.24197069  0.17123365  0.03261271  0.04843856]
 [ 0.24359629  0.23032391  0.1729945   0.04756327  0.05421332]
 [ 0.24024734  0.2424372   0.21215759  0.10823134  0.08707652]
 [ 0.21360391  0.22606248  0.23035084  0.17800717  0.07860629]
 [ 0.05730898  0.04210219  0.00455798 -0.0756552  -0.22373588]] 
Episode: 30: [[ 0.26056078  0.24210048  0.17136273  0.03275082  0.04840017]
 [ 0.24371085  0.23043819  0.17310975  0.04767286  0.0543625 ]
 [ 0.24027833  0.2424684   0.21219338  0.10826974  0.08709752]
 [ 0.21342225  0.22588     0.23013543  0.1777918   0.07854716]
 [ 0.05719477  0.041988    0.00444566 -0.07576758 -0.22381948]] 
Episode: 31: [[ 0.26062408  0.24216363  0.17142525  0.03282149  0.0483114 ]
 [ 0.24375813  0.23048535  0.17315766  0.04771582  0.05443973]
 [ 0.24025178  0.24244206  0.21217154  0.10825074  0.08705952]
 [ 0.21331377  0.22577079  0.22999676  0.1776532   0.07854918]
 [ 0.05714626  0.0419395   0.00439875 -0.07581453 -0.22383948]] 
Episode: 32: [[ 0.26062799  0.24216741  0.1714285   0.0328321   0.04817785]
 [ 0.24374567  0.23047289  0.17314576  0.04769958  0.05445315]
 [ 0.24017406  0.24236454  0.21209842  0.10818066  0.08696924]
 [ 0.2132704   0.22572675  0.22992636  0.17758285  0.07860553]
 [ 0.05715623  0.04194947  0.00441005 -0.07580326 -0.22380297]] 
Episode: 33: [[ 0.26060262  0.24214102  0.17139784  0.03280383  0.04804187]
 [ 0.24370234  0.23042871  0.17309676  0.04764007  0.05445458]
 [ 0.24008727  0.2422777   0.21201228  0.10809249  0.08688239]
 [ 0.21326588  0.2257224   0.22990215  0.17755948  0.07866982]
 [ 0.05714358  0.04193572  0.00439699 -0.07581723 -0.22379099]] 
Episode: 34: [[ 0.26052696  0.24206448  0.17131755  0.03272584  0.04786571]
 [ 0.24360877  0.2303345   0.17299825  0.04753242  0.05439996]
 [ 0.23995532  0.24214572  0.2118813   0.1079602   0.08674813]
 [ 0.21331556  0.2257722   0.22993408  0.17759216  0.07878219]
 [ 0.05718588  0.04197702  0.00443881 -0.07577623 -0.22372565]] 
Episode: 35: [[ 0.2604064   0.24194317  0.17119297  0.03260346  0.04765378]
 [ 0.24347049  0.23019576  0.17285566  0.04738188  0.05429548]
 [ 0.23989113  0.24208146  0.21181753  0.10789471  0.08668432]
 [ 0.21341355  0.22587028  0.23001607  0.1776748   0.07893737]
 [ 0.05727718  0.04206739  0.00452957 -0.07568619 -0.22361279]] 
Episode: 36: [[ 0.26035082  0.24188688  0.17113367  0.03254597  0.0475178 ]
 [ 0.24340086  0.2301256   0.17278205  0.04730088  0.05425725]
 [ 0.23988736  0.24207762  0.21181375  0.10788886  0.08668316]
 [ 0.21344812  0.22590496  0.2300364   0.17769572  0.07902208]
 [ 0.05730584  0.04209525  0.00455786 -0.07565856 -0.22356315]] 
Episode: 37: [[ 0.2602486   0.24178405  0.17102821  0.03244228  0.04734222]
 [ 0.24339248  0.23011664  0.17276996  0.04728192  0.05427804]
 [ 0.23983043  0.24202065  0.21175718  0.10783093  0.08662647]
 [ 0.2135322   0.22598909  0.2301076   0.17776746  0.07915206]
 [ 0.05738453  0.0421732   0.00463612 -0.07558089 -0.22346471]] 
Episode: 38: [[ 0.26020908  0.24174395  0.17098567  0.03240118  0.04723828]
 [ 0.24343878  0.2301623   0.17281283  0.04731839  0.05435145]
 [ 0.23983274  0.2420229   0.21175943  0.10783147  0.08663108]
 [ 0.21355471  0.2260117   0.23011868  0.17777902  0.07921473]
 [ 0.0574023   0.04219032  0.00465361 -0.07556393 -0.2234302 ]] 
Episode: 39: [[ 0.26013464  0.24166873  0.17090182  0.03231562  0.04714047]
 [ 0.24344146  0.2301635   0.17280637  0.04730363  0.05440222]
 [ 0.23981865  0.24200884  0.21174078  0.10780839  0.08664149]
 [ 0.21353972  0.22599663  0.23008703  0.17774363  0.07926681]
 [ 0.05738333  0.04216965  0.00462978 -0.07559066 -0.22341864]] 
Episode: 40: [[ 0.26001558  0.24154897  0.17077453  0.03218699  0.0470724 ]
 [ 0.24339005  0.2301109   0.172747    0.04723712  0.05450284]
 [ 0.2397523   0.24194252  0.21167073  0.10773486  0.08659505]
 [ 0.21357927  0.22603609  0.2301114   0.17776453  0.07936779]
 [ 0.05741924  0.04220399  0.00466113 -0.07556196 -0.223391  ]] 
Episode: 41: [[ 0.25985652  0.24138933  0.17060836  0.03201979  0.04695694]
 [ 0.24329029  0.23001018  0.17264034  0.04712431  0.05453815]
 [ 0.23964813  0.2418382   0.21155885  0.10761618  0.08652142]
 [ 0.21366762  0.22612433  0.23018593  0.17783584  0.07951244]
 [ 0.05750426  0.04228755  0.00474189 -0.07548365 -0.22331162]] 
Episode: 42: [[ 0.2597657   0.24129796  0.17051087  0.03192119  0.04690761]
 [ 0.24319133  0.22991443  0.17254056  0.04704227  0.05459364]
 [ 0.23950104  0.241691    0.2114053   0.10745708  0.08639957]
 [ 0.2137554   0.22621286  0.23026405  0.1779141   0.07965858]
 [ 0.05763324  0.04241519  0.00486687 -0.07536091 -0.22318602]] 
Episode: 43: [[ 0.25963223  0.241164    0.17037162  0.03178111  0.04680928]
 [ 0.24304849  0.22977456  0.1723972   0.04691519  0.05463119]
 [ 0.23931555  0.24150541  0.21121448  0.10726178  0.0862629 ]
 [ 0.21388747  0.22634557  0.23038724  0.1780373   0.07983429]
 [ 0.05780159  0.04258229  0.00503147 -0.07519837 -0.22305389]] 
Episode: 44: [[ 0.25953355  0.24106562  0.17027077  0.03167653  0.0467347 ]
 [ 0.24286641  0.22959524  0.17221484  0.04674779  0.05460914]
 [ 0.23909572  0.2412855   0.21099028  0.10703406  0.08608899]
 [ 0.21405919  0.22651784  0.23055078  0.17820074  0.08004647]
 [ 0.05800521  0.04278475  0.00523156 -0.07500019 -0.22288914]] 
Episode: 45: [[ 0.25945443  0.24098718  0.17019048  0.03158992  0.04667347]
 [ 0.24270597  0.22943734  0.17205362  0.04659517  0.05459081]
 [ 0.23890157  0.24109137  0.21079238  0.10682977  0.08593232]
 [ 0.21424335  0.2267032   0.23073095  0.17838171  0.08025413]
 [ 0.05821134  0.04299039  0.0054371  -0.07479609 -0.222727  ]] 
Episode: 46: [[ 0.2593306   0.24086398  0.17006585  0.03145974  0.04660022]
 [ 0.24250767  0.2292414   0.17185481  0.04640441  0.05451828]
 [ 0.23869514  0.2408857   0.21057642  0.10660458  0.08579335]
 [ 0.2144559   0.22691767  0.23094507  0.17859724  0.08045691]
 [ 0.05844924  0.04322781  0.00567428 -0.07456023 -0.22253916]] 
Episode: 47: [[ 0.25919884  0.2407326   0.16993035  0.03131094  0.04652428]
 [ 0.24227549  0.22901143  0.17162237  0.04617952  0.05442993]
 [ 0.23853043  0.24072228  0.2104053   0.10641971  0.08567525]
 [ 0.21470019  0.22716364  0.23119041  0.1788437   0.08067767]
 [ 0.0587156   0.0434937   0.00593983 -0.07429592 -0.22234844]] 
Episode: 48: [[ 0.25913364  0.24066769  0.16986148  0.03122986  0.04647   ]
 [ 0.24212109  0.22885892  0.17146751  0.04603107  0.05437492]
 [ 0.23841453  0.24060765  0.21028858  0.10629254  0.08557965]
 [ 0.21486627  0.22733128  0.23135786  0.17901231  0.08085562]
 [ 0.05891458  0.04369193  0.00613172 -0.07410789 -0.22218604]] 
Episode: 49: [[ 0.25912148  0.24065636  0.16985235  0.03120953  0.0464368 ]
 [ 0.24203636  0.22877578  0.17138217  0.04595113  0.05434917]
 [ 0.2383425   0.24053703  0.21022159  0.10621885  0.08550242]
 [ 0.21496221  0.22742869  0.23145543  0.1791111   0.08099925]
 [ 0.05906948  0.04384604  0.00627655 -0.0739686  -0.22204451]] 
Episode: 50: [[ 0.25913864  0.24067487  0.16987519  0.03122268  0.04642945]
 [ 0.24200305  0.22874448  0.17135346  0.04592812  0.05435196]
 [ 0.23829493  0.24049097  0.21018066  0.10617176  0.08544517]
 [ 0.2149953   0.22746314  0.23149036  0.17914724  0.08110793]
 [ 0.05916205  0.04393695  0.00635398 -0.07389608 -0.22193652]] 
Episode: 51: [[ 0.2592075   0.24074486  0.16994867  0.03128722  0.04648036]
 [ 0.24202192  0.2287645   0.1713813   0.04595448  0.0543569 ]
 [ 0.23830785  0.24050523  0.21019873  0.10618363  0.08544664]
 [ 0.21497199  0.22744112  0.23146908  0.1791272   0.08114835]
 [ 0.05919207  0.04396554  0.00637088 -0.07388345 -0.22186822]] 
Episode: 52: [[ 0.259216    0.24075447  0.16996181  0.03129257  0.04646872]
 [ 0.24198493  0.22872865  0.17135277  0.04592482  0.05434186]
 [ 0.238264    0.2404626   0.21016027  0.10614025  0.0854674 ]
 [ 0.2149232   0.22739306  0.2314191   0.17908014  0.08117381]
 [ 0.05920636  0.04398017  0.00636971 -0.07389069 -0.22178264]] 
Episode: 53: [[ 0.2592447   0.24078397  0.16999729  0.03132043  0.0464664 ]
 [ 0.2419897   0.22873434  0.17137007  0.0459413   0.05434151]
 [ 0.23823492  0.24043441  0.21013744  0.10611219  0.08549056]
 [ 0.21482609  0.22729667  0.2313213   0.17898507  0.08117802]
 [ 0.05919489  0.04396882  0.00634109 -0.07392631 -0.2217113 ]] 
Episode: 54: [[ 0.25932413  0.24086408  0.17008235  0.03139842  0.04648134]
 [ 0.24204801  0.22879338  0.17143917  0.04600946  0.05437373]
 [ 0.238244    0.24044429  0.2101576   0.10613073  0.08551867]
 [ 0.21468565  0.2271569   0.2311806   0.17884693  0.08114639]
 [ 0.05913441  0.04390803  0.00626199 -0.07401153 -0.221662  ]] 
Episode: 55: [[ 0.25943202  0.24097274  0.17019802  0.03150532  0.04651751]
 [ 0.2421543   0.22890025  0.1715547   0.04612397  0.05443259]
 [ 0.23827295  0.24047409  0.210198    0.1061675   0.08555921]
 [ 0.21450633  0.22697826  0.23100139  0.17867012  0.08108486]
 [ 0.05903251  0.04380503  0.00613783 -0.07414124 -0.22163753]] 
Episode: 56: [[ 0.25955784  0.24109912  0.1703343   0.03163181  0.04655896]
 [ 0.24226335  0.22900966  0.17167324  0.04623765  0.05449294]
 [ 0.23830998  0.2405117   0.21024683  0.10621113  0.08559942]
 [ 0.21433741  0.22680955  0.23083287  0.1785059   0.08102094]
 [ 0.05893808  0.04370961  0.0060231  -0.07426077 -0.22161463]] 
Episode: 57: [[ 0.25961676  0.24115859  0.17040318  0.03169206  0.0465371 ]
 [ 0.24230704  0.22905375  0.17172593  0.04628615  0.05448669]
 [ 0.23835976  0.24056461  0.210304    0.10625879  0.08568934]
 [ 0.21423912  0.22671139  0.23073456  0.17841133  0.08102252]
 [ 0.05882709  0.04359397  0.00589558 -0.07439238 -0.22165443]] 
Episode: 58: [[ 0.25966582  0.24120782  0.17045929  0.03173282  0.04652049]
 [ 0.24239011  0.2291379   0.17182031  0.04637061  0.05451137]
 [ 0.23842095  0.24062924  0.21037185  0.10631188  0.08579063]
 [ 0.21409738  0.22656982  0.23059313  0.17827338  0.08098681]
 [ 0.05870883  0.04347074  0.00576078 -0.07453249 -0.22170557]] 
Episode: 59: [[ 0.25972226  0.24126394  0.17052333  0.03177249  0.04651478]
 [ 0.24251902  0.22926769  0.1719589   0.04650021  0.05458033]
 [ 0.23850055  0.24071155  0.2104605   0.10638032  0.08589112]
 [ 0.2139528   0.22642392  0.23044924  0.1781369   0.0809288 ]
 [ 0.05857198  0.04332828  0.00560705 -0.07469128 -0.22177456]] 
Episode: 60: [[ 0.25981638  0.24136223  0.17063524  0.03186235  0.04649972]
 [ 0.24268901  0.2294384   0.17213711  0.04667031  0.05470259]
 [ 0.23863019  0.2408436   0.21059737  0.10649852  0.08603542]
 [ 0.21387662  0.22634651  0.23037334  0.17806756  0.08093607]
 [ 0.05850458  0.04325567  0.00552371 -0.07477937 -0.22177543]] 
Episode: 61: [[ 0.25989297  0.24144351  0.17072661  0.03192903  0.04649371]
 [ 0.24278766  0.22953777  0.17224367  0.04676962  0.05479762]
 [ 0.23873696  0.24095291  0.21070996  0.10659156  0.08616496]
 [ 0.21386184  0.22633055  0.23035844  0.1780585   0.08097081]
 [ 0.0584994   0.04324568  0.00550347 -0.07480404 -0.22175725]] 
Episode: 62: [[ 0.25990626  0.24146116  0.17075399  0.0319344   0.04642754]
 [ 0.2428223   0.22957315  0.1722859   0.0468054   0.05482214]
 [ 0.23880108  0.24101828  0.21077263  0.10662997  0.08626034]
 [ 0.21390215  0.22636975  0.23039831  0.17810355  0.08106135]
 [ 0.05851253  0.0432539   0.005505   -0.07480543 -0.22174433]] 
Episode: 63: [[ 0.25986534  0.24142314  0.17072396  0.03188477  0.04635349]
 [ 0.24290736  0.22965878  0.17237732  0.04689097  0.05490453]
 [ 0.23889187  0.24111104  0.21086526  0.1067002   0.08637459]
 [ 0.21388486  0.22635151  0.23038095  0.17809092  0.08109876]
 [ 0.05850511  0.04324077  0.00548581 -0.07482777 -0.22175343]] 
Episode: 64: [[ 0.25984013  0.24140106  0.17070998  0.0318504   0.04629525]
 [ 0.24295177  0.22970316  0.1724232   0.04692549  0.05496618]
 [ 0.23899108  0.24121246  0.21096843  0.10678036  0.08648635]
 [ 0.21392277  0.22638853  0.23041849  0.17813262  0.08118001]
 [ 0.05855447  0.04328486  0.00552387 -0.07479273 -0.22172183]] 
Episode: 65: [[ 0.25984877  0.24141562  0.17072715  0.03184153  0.04630438]
 [ 0.24304576  0.22979704  0.17251803  0.04700997  0.05508208]
 [ 0.23910956  0.2413379   0.21108715  0.10687032  0.0866509 ]
 [ 0.21390346  0.22636847  0.23039916  0.17811711  0.08119357]
 [ 0.05854289  0.0432687   0.00550288 -0.07481626 -0.22175139]] 
Episode: 66: [[ 0.25991255  0.24148451  0.17079778  0.03188868  0.04633286]
 [ 0.24318425  0.22993535  0.17265679  0.04713929  0.05520477]
 [ 0.23922889  0.24146254  0.21121013  0.10696967  0.08679087]
 [ 0.21384068  0.22630559  0.23032877  0.17805022  0.08121141]
 [ 0.05848392  0.04320473  0.00542957 -0.0748923  -0.22179943]] 
Episode: 67: [[ 0.26000637  0.24158424  0.17090175  0.03197154  0.04638588]
 [ 0.2432939   0.2300451   0.17276444  0.04723584  0.05531783]
 [ 0.23936075  0.24160008  0.21134777  0.10708534  0.08693621]
 [ 0.21380512  0.22627059  0.23028868  0.17801435  0.08123871]
 [ 0.05844732  0.04316408  0.00538209 -0.07494164 -0.22183329]] 
Episode: 68: [[ 0.26003456  0.24161793  0.17093989  0.03199081  0.04637144]
 [ 0.24333812  0.23008949  0.17280738  0.04726895  0.05535791]
 [ 0.23941839  0.24166295  0.21141174  0.10713022  0.08700119]
 [ 0.2138269   0.2262928   0.23030593  0.17803532  0.08132321]
 [ 0.05847064  0.04318359  0.0053948  -0.07493078 -0.22180071]] 
Episode: 69: [[ 0.26003686  0.24162605  0.1709451   0.03196692  0.04635862]
 [ 0.24332362  0.23007523  0.17279223  0.04724511  0.05537408]
 [ 0.23945601  0.24170403  0.21145366  0.10714941  0.08703049]
 [ 0.21390012  0.22636639  0.23037465  0.1781073   0.08142979]
 [ 0.05854767  0.04325705  0.00546148 -0.07486595 -0.22173323]] 
Episode: 70: [[ 0.2600609   0.24165648  0.17097244  0.03196134  0.04638386]
 [ 0.24325643  0.23000833  0.17272493  0.04717014  0.05532715]
 [ 0.23950724  0.24175777  0.21151029  0.10718126  0.08707331]
 [ 0.21401954  0.22648609  0.23048958  0.17822511  0.08156381]
 [ 0.05863433  0.0433404   0.00554073 -0.07478756 -0.2216659 ]] 
Episode: 71: [[ 0.26002586  0.24162737  0.17094125  0.03190075  0.04635279]
 [ 0.24315779  0.2299086   0.17262134  0.04705827  0.05526185]
 [ 0.23951934  0.24177095  0.21152306  0.10716982  0.08709569]
 [ 0.21418042  0.22664718  0.23064603  0.17838407  0.08172828]
 [ 0.05870969  0.04341209  0.00560897 -0.07472043 -0.2216153 ]] 
Episode: 72: [[ 0.25993788  0.24154489  0.17085756  0.03179085  0.04630547]
 [ 0.24301487  0.2297648   0.1724745   0.04690415  0.05517096]
 [ 0.23946877  0.24172151  0.21147424  0.10709993  0.0870934 ]
 [ 0.21437854  0.22684543  0.23083974  0.17857997  0.08193619]
 [ 0.0588341   0.04353305  0.0057262  -0.07460439 -0.2215478 ]] 
Episode: 73: [[ 0.25988364  0.24149576  0.17081033  0.03171925  0.04627858]
 [ 0.24293914  0.22968931  0.17239615  0.04681908  0.05512542]
 [ 0.23939678  0.24164985  0.21140113  0.1070049   0.08708121]
 [ 0.21452475  0.2269909   0.23097771  0.1787178   0.08210681]
 [ 0.05894292  0.04363824  0.0058284  -0.07450377 -0.2214947 ]] 
Episode: 74: [[ 0.2598514   0.241467    0.17078948  0.03167966  0.04624446]
 [ 0.24292521  0.22967549  0.17237931  0.04679605  0.05510506]
 [ 0.2393721   0.24162515  0.211382    0.10696945  0.08707779]
 [ 0.21460254  0.22706808  0.2310486   0.17878866  0.08222792]
 [ 0.05902706  0.04371984  0.00590403 -0.0744296  -0.22143587]] 
Episode: 75: [[ 0.2598795   0.24149804  0.1708269   0.03170004  0.04623664]
 [ 0.24296676  0.22971702  0.17241772  0.04682873  0.05511768]
 [ 0.23938088  0.24163397  0.21140277  0.10697914  0.08708248]
 [ 0.21461892  0.22708397  0.23105921  0.17879935  0.08230208]
 [ 0.05906289  0.04375336  0.00592709 -0.07441078 -0.2213905 ]] 
Episode: 76: [[ 0.25990576  0.24152812  0.17086174  0.03172342  0.04624213]
 [ 0.24301225  0.22976448  0.17246     0.04686852  0.05516022]
 [ 0.23940475  0.24165832  0.21143974  0.10700939  0.08709229]
 [ 0.21467385  0.22713654  0.23111753  0.17886193  0.08233985]
 [ 0.05908633  0.04377311  0.00594033 -0.07439914 -0.22138211]] 
Episode: 77: [[ 0.25997165  0.24158977  0.17094946  0.03179847  0.04618279]
 [ 0.24310751  0.2298614   0.17255187  0.04695798  0.05521834]
 [ 0.23939936  0.24164647  0.21145085  0.10700744  0.08703294]
 [ 0.21477687  0.22723742  0.23122306  0.17897114  0.08243501]
 [ 0.05908976  0.04377266  0.0059328  -0.0744127  -0.2213913 ]] 
Episode: 78: [[ 0.2600588   0.24167418  0.1710584   0.03189607  0.04615785]
 [ 0.24319017  0.22994582  0.17263061  0.04703397  0.05528097]
 [ 0.23939355  0.24163544  0.211459    0.10700269  0.08699461]
 [ 0.21489683  0.22735496  0.2313491   0.17910221  0.0825213 ]
 [ 0.05904086  0.04371815  0.00586951 -0.07448196 -0.22144425]] 
Episode: 79: [[ 0.26017788  0.24179113  0.17120315  0.03203244  0.04615032]
 [ 0.24331911  0.23007625  0.17275552  0.04715626  0.05536393]
 [ 0.23940398  0.24164115  0.21148495  0.10701706  0.08696461]
 [ 0.2149689   0.22742426  0.23142241  0.17917845  0.08258136]
 [ 0.05898714  0.0436591   0.00580204 -0.0745553  -0.2214992 ]] 
Episode: 80: [[ 0.26029766  0.24190858  0.17135087  0.03217074  0.04614448]
 [ 0.24339993  0.23015794  0.17283057  0.04722273  0.05543145]
 [ 0.23945667  0.24168931  0.21155964  0.10708131  0.08694426]
 [ 0.21508771  0.22754055  0.23154171  0.1793002   0.08269706]
 [ 0.05899752  0.04366447  0.00579905 -0.07456384 -0.2214937 ]] 
Episode: 81: [[ 0.26035562  0.2419661   0.17143606  0.03225289  0.04611001]
 [ 0.24341781  0.23017672  0.1728438   0.04722848  0.05542756]
 [ 0.2395674   0.24179576  0.21168862  0.1072001   0.08699508]
 [ 0.21524848  0.22769903  0.23170231  0.17946284  0.08286247]
 [ 0.05906529  0.04372756  0.00585384 -0.0745143  -0.22142228]] 
Episode: 82: [[ 0.2604456   0.24205585  0.17155592  0.03237291  0.04609594]
 [ 0.24348788  0.23024784  0.17290987  0.04728759  0.0554454 ]
 [ 0.23968509  0.24190952  0.21182574  0.10732948  0.08704927]
 [ 0.21533912  0.22778763  0.23179345  0.17955597  0.08298782]
 [ 0.05908962  0.04374716  0.00586224 -0.0745125  -0.22137204]] 
Episode: 83: [[ 0.26057234  0.2421824   0.17171615  0.03253765  0.04609387]
 [ 0.24360149  0.23036218  0.17302337  0.04739463  0.05546977]
 [ 0.23981339  0.242034    0.21197543  0.10747556  0.08710013]
 [ 0.21536677  0.22781348  0.23182215  0.17958665  0.08308984]
 [ 0.05908419  0.04373746  0.00583892 -0.07454325 -0.22133195]] 
Episode: 84: [[ 0.26073804  0.242347    0.17191711  0.03274244  0.04610401]
 [ 0.24374954  0.2305094   0.17317864  0.04754337  0.05549405]
 [ 0.2399628   0.24217884  0.2121487   0.10764409  0.08715083]
 [ 0.21537855  0.22782388  0.23183209  0.17959712  0.08318632]
 [ 0.05907446  0.04372336  0.00581263 -0.07457692 -0.22130388]] 
Episode: 85: [[ 0.26094523  0.24255313  0.17215456  0.03298313  0.04617959]
 [ 0.24393731  0.23069634  0.17337224  0.0477309   0.05558106]
 [ 0.24016088  0.24237262  0.21236667  0.10785698  0.08726609]
 [ 0.21533504  0.22777916  0.23178753  0.17955323  0.08321036]
 [ 0.05900662  0.0436518   0.00573096 -0.07466491 -0.22134613]] 
Episode: 86: [[ 0.2611734   0.24278037  0.1724161   0.03324906  0.04626279]
 [ 0.24415125  0.2309097   0.1735983   0.04795311  0.05568063]
 [ 0.24037534  0.24258317  0.21260417  0.10809099  0.08738391]
 [ 0.21524684  0.2276894   0.23169403  0.1794605   0.08321658]
 [ 0.05893777  0.04357928  0.00564911 -0.07475229 -0.22138914]] 
Episode: 87: [[ 0.26131994  0.24292614  0.1725942   0.03343136  0.04627075]
 [ 0.24428888  0.23104693  0.17374764  0.0480992   0.05570455]
 [ 0.2405726   0.24278492  0.21277729  0.10823929  0.08755922]
 [ 0.2152216   0.22766271  0.23166335  0.17943032  0.08328477]
 [ 0.05893527  0.04357328  0.0056339  -0.07477279 -0.22136022]] 
Episode: 88: [[ 0.2614815   0.24308765  0.17278649  0.03362569  0.04629659]
 [ 0.24442783  0.23118585  0.17389813  0.04824406  0.05573808]
 [ 0.24074604  0.24296188  0.21292855  0.1083654   0.08771112]
 [ 0.21519871  0.2276383   0.23163617  0.17940396  0.0833429 ]
 [ 0.05894938  0.04358477  0.005638   -0.07477374 -0.2213205 ]] 
Episode: 89: [[ 0.26168504  0.2432911   0.17301619  0.03385702  0.04635116]
 [ 0.24460766  0.23136555  0.17408758  0.04842826  0.05583351]
 [ 0.24096635  0.24318515  0.21312718  0.10854033  0.08791696]
 [ 0.21512382  0.22756207  0.23155805  0.17932676  0.08333227]
 [ 0.05902153  0.04365436  0.00570015 -0.07471643 -0.22121742]] 
Episode: 90: [[ 0.2619262   0.24353208  0.17327942  0.03412152  0.04646688]
 [ 0.24471445  0.23147233  0.17420381  0.04853997  0.05597119]
 [ 0.24122845  0.24344967  0.2133681   0.10875887  0.08817071]
 [ 0.21509768  0.22752853  0.23154049  0.17931078  0.08326017]
 [ 0.05910047  0.04372844  0.00577444 -0.074644   -0.2211527 ]] 
Episode: 91: [[ 0.262201    0.24380666  0.17357269  0.03441572  0.04663709]
 [ 0.24475567  0.23151362  0.17425427  0.04858658  0.0560295 ]
 [ 0.24139906  0.2436227   0.21352164  0.10889356  0.0883287 ]
 [ 0.21512854  0.22755276  0.23157828  0.17934982  0.08325785]
 [ 0.05923101  0.04385443  0.00589979 -0.07452063 -0.22102728]] 
Episode: 92: [[ 0.2624572   0.24406275  0.173846    0.03468796  0.04680116]
 [ 0.24480717  0.23156543  0.17431544  0.04864261  0.05609519]
 [ 0.24154146  0.24376708  0.21364707  0.10899981  0.08847101]
 [ 0.21510199  0.22752021  0.23155871  0.17933157  0.08322052]
 [ 0.05931778  0.04393646  0.00597835 -0.07444551 -0.22092848]] 
Episode: 93: [[ 0.26262885  0.2442344   0.17403458  0.03487578  0.04693466]
 [ 0.24479845  0.23155709  0.17431615  0.04863891  0.05614305]
 [ 0.2417336   0.24396078  0.21382226  0.10915671  0.0886676 ]
 [ 0.21513236  0.22754522  0.23159462  0.17936848  0.08324936]
 [ 0.0594554   0.04406966  0.00610759 -0.07431968 -0.2207725 ]] 
Episode: 94: [[ 0.26284134  0.2444468   0.1742609   0.03510123  0.04710029]
 [ 0.24484555  0.23160444  0.17437102  0.04868961  0.05625147]
 [ 0.24197009  0.24419849  0.2140419   0.10935888  0.08890867]
 [ 0.21510546  0.22751348  0.23157346  0.1793484   0.08322228]
 [ 0.05963855  0.04424864  0.0062822  -0.07414842 -0.2205741 ]] 
Episode: 95: [[ 0.26309037  0.24469571  0.17452104  0.03536041  0.04731569]
 [ 0.24494278  0.2317018   0.17447451  0.04878917  0.05641393]
 [ 0.24224617  0.24447545  0.21430126  0.10960152  0.08919313]
 [ 0.21502714  0.22743078  0.23150103  0.17927709  0.08313587]
 [ 0.05974356  0.0443501   0.0063806  -0.07405271 -0.22046337]] 
Episode: 96: [[ 0.26337215  0.24497731  0.17481151  0.03564983  0.04757543]
 [ 0.24508502  0.23184407  0.17462167  0.04893262  0.0566246 ]
 [ 0.24255753  0.24478744  0.21459606  0.10988033  0.08951615]
 [ 0.2150108   0.22741054  0.23148926  0.17926617  0.08312026]
 [ 0.05977854  0.04438208  0.00641066 -0.07402476 -0.22043087]] 
Episode: 97: [[ 0.26366144  0.24526699  0.17511712  0.03596268  0.04782859]
 [ 0.24526763  0.23202664  0.17480807  0.04911549  0.05686431]
 [ 0.24286094  0.24509232  0.21489057  0.11016662  0.08982705]
 [ 0.21494208  0.22733827  0.23142533  0.17920318  0.08307105]
 [ 0.05975078  0.04435181  0.00637948 -0.07405755 -0.22043008]] 
Episode: 98: [[ 0.26386318  0.24546914  0.17533505  0.03618744  0.04798871]
 [ 0.24537711  0.23213616  0.17492166  0.0492261   0.05702281]
 [ 0.24306925  0.24530216  0.21509269  0.11036256  0.09003729]
 [ 0.21493427  0.2273273   0.23142113  0.17919965  0.08308535]
 [ 0.05974722  0.04435108  0.00636953 -0.07407472 -0.22036268]] 
Episode: 99: [[ 0.26398635  0.24559277  0.17547429  0.03633311  0.04806574]
 [ 0.2454209   0.23218007  0.17496984  0.04927177  0.05710026]
 [ 0.24319248  0.24542697  0.2152121   0.11047755  0.09015771]
 [ 0.2149812   0.22737141  0.2314706   0.17924957  0.08315998]
 [ 0.05980333  0.04440953  0.00641895 -0.07403205 -0.22023585]] 
Episode: 100: [[ 0.26415494  0.24576169  0.17565593  0.03652026  0.04820099]
 [ 0.24540569  0.23216505  0.17495923  0.04925911  0.05710528]
 [ 0.24332957  0.24556401  0.21535163  0.11061697  0.09024766]
 [ 0.2150773   0.22746499  0.2315683   0.17934752  0.08328857]
 [ 0.05991291  0.044521    0.00652159 -0.07393574 -0.220077  ]] 
Episode: 101: [[ 0.26424858  0.2458557   0.17576274  0.03663231  0.04825629]
 [ 0.24533747  0.2320971   0.17489582  0.04919402  0.05704557]
 [ 0.24351619  0.24575043  0.21553881  0.11080302  0.09026033]
 [ 0.21521756  0.22760302  0.23170936  0.17948863  0.08346543]
 [ 0.06007037  0.04467997  0.00667193 -0.07379134 -0.21986838]] 
Episode: 102: [[ 0.2643904   0.24599782  0.17591509  0.03678909  0.04837157]
 [ 0.24533062  0.2320904   0.17489263  0.04918915  0.05705601]
 [ 0.24374707  0.24598093  0.21576864  0.11103077  0.09033931]
 [ 0.21528989  0.2276733   0.23178308  0.17956257  0.0835629 ]
 [ 0.06015287  0.04476402  0.00674895 -0.07371939 -0.21974732]] 
Episode: 103: [[ 0.26457545  0.24618305  0.17610829  0.03698601  0.04850619]
 [ 0.24537888  0.23213871  0.17494355  0.04923837  0.05707281]
 [ 0.24401745  0.24625082  0.21603656  0.11129583  0.09042552]
 [ 0.2154087   0.2277903   0.23190248  0.17968202  0.0836767 ]
 [ 0.06025186  0.0448645   0.00684563 -0.07362674 -0.21962947]] 
Episode: 104: [[ 0.26479924  0.24640694  0.17633812  0.03721894  0.04866462]
 [ 0.24547665  0.23223644  0.17504308  0.04933621  0.05715198]
 [ 0.244197    0.24643011  0.21621557  0.11147338  0.09045032]
 [ 0.21546182  0.22784176  0.23195681  0.17973654  0.08371749]
 [ 0.06028172  0.0448959   0.00687434 -0.07360138 -0.21958984]] 
Episode: 105: [[ 0.26505774  0.24666548  0.17660081  0.03748417  0.04887248]
 [ 0.24561888  0.23237857  0.17518628  0.04947773  0.05728692]
 [ 0.24442098  0.24665369  0.21643758  0.1116931   0.09054018]
 [ 0.2154559   0.22783434  0.23195264  0.1797327   0.08369291]
 [ 0.06024962  0.04486536  0.0068421  -0.07363638 -0.21962011]] 
Episode: 106: [[ 0.26523268  0.24684052  0.17678088  0.03766678  0.0489933 ]
 [ 0.24569249  0.23245218  0.1752614   0.04955151  0.05734427]
 [ 0.24455929  0.24679182  0.21657571  0.11183023  0.09055337]
 [ 0.21550423  0.22788133  0.23200189  0.1797821   0.08373189]
 [ 0.0602796   0.04489656  0.00687107 -0.07361013 -0.2195817 ]] 
Episode: 107: [[ 0.2654471   0.247055    0.17699872  0.03788666  0.04916698]
 [ 0.24581291  0.23257253  0.17538257  0.04967132  0.05745924]
 [ 0.2446209   0.24685346  0.21663871  0.11189336  0.09049811]
 [ 0.2154941   0.22786997  0.23199321  0.1797737   0.08370598]
 [ 0.06024782  0.04486607  0.00683927 -0.07364415 -0.21961257]] 
Episode: 108: [[ 0.26569697  0.24730483  0.17725043  0.03813997  0.04938787]
 [ 0.24597538  0.23273484  0.17554513  0.04983249  0.05762571]
 [ 0.24473855  0.24697094  0.21675615  0.11200994  0.09051539]
 [ 0.21553853  0.22791333  0.23203835  0.17981894  0.08374348]
 [ 0.06027787  0.04489708  0.00686843 -0.07361721 -0.21957517]] 
Episode: 109: [[ 0.26586443  0.24747233  0.17742085  0.03831209  0.04952111]
 [ 0.24606733  0.23282674  0.17563778  0.04992406  0.05771197]
 [ 0.2449063   0.24713841  0.21692233  0.11217442  0.09059744]
 [ 0.21563202  0.22800587  0.23213185  0.1799124   0.08383777]
 [ 0.06036335  0.04498326  0.00695227 -0.07353561 -0.21947674]] 
Episode: 110: [[ 0.26595795  0.24756594  0.17751828  0.0384113   0.04957595]
 [ 0.24609594  0.23285536  0.17566761  0.04995308  0.05773564]
 [ 0.2449949   0.2472269   0.21701095  0.11226249  0.0906047 ]
 [ 0.21566261  0.2280356   0.23216309  0.17994374  0.08398291]
 [ 0.06038177  0.04500247  0.00697006 -0.07351959 -0.21932378]] 
Episode: 111: [[ 0.26602328  0.24762738  0.17756335  0.03844502  0.04961771]
 [ 0.2461757   0.23293509  0.1757479   0.05003248  0.05781978]
 [ 0.24501257  0.24724463  0.21703008  0.11228207  0.09054514]
 [ 0.21563669  0.22800887  0.23213834  0.17991921  0.0840529 ]
 [ 0.06034003  0.04496163  0.00692858 -0.07356243 -0.21925102]] 
Episode: 112: [[ 0.26602486  0.24762553  0.1775481   0.03841994  0.04959041]
 [ 0.24619344  0.23295285  0.17576669  0.05005063  0.05790354]
 [ 0.24496675  0.24719901  0.21698694  0.11224024  0.09042589]
 [ 0.21555996  0.2279314   0.23206326  0.17984448  0.08405554]
 [ 0.06024435  0.04486693  0.00683393 -0.07365807 -0.21925   ]] 
Episode: 113: [[ 0.26596922  0.2475669   0.17747866  0.03834204  0.04950134]
 [ 0.24615543  0.23291494  0.1757302   0.05001371  0.05791569]
 [ 0.24486406  0.24709667  0.216888    0.11214337  0.09025332]
 [ 0.21543758  0.22780833  0.23194295  0.17972462  0.08399784]
 [ 0.06021646  0.04483975  0.00680617 -0.07368696 -0.21918501]] 
Episode: 114: [[ 0.26586226  0.2474573   0.17736058  0.03821672  0.04935708]
 [ 0.24606733  0.232827    0.17564403  0.0499273   0.05786375]
 [ 0.24483326  0.24706602  0.2168592   0.11211554  0.09003314]
 [ 0.21538085  0.227751    0.23188747  0.17966941  0.08400597]
 [ 0.0602494   0.04487314  0.00683842 -0.07365595 -0.21906283]] 
Episode: 115: [[ 0.26580697  0.24740061  0.17730364  0.03815927  0.04925207]
 [ 0.24603473  0.23279619  0.17561984  0.04990275  0.05785204]
 [ 0.24486685  0.24709961  0.21689329  0.11214961  0.08988229]
 [ 0.21527652  0.22764611  0.23178485  0.17956716  0.08396088]
 [ 0.06027666  0.04490051  0.00686642 -0.07362653 -0.21895993]] 
Episode: 116: [[ 0.26581427  0.24740656  0.17730805  0.0381628   0.04922225]
 [ 0.24605931  0.23282231  0.17565137  0.04993381  0.05790436]
 [ 0.24483591  0.24706881  0.21686408  0.11212125  0.08968177]
 [ 0.21512942  0.22749849  0.23163983  0.1794226   0.08386057]
 [ 0.06035931  0.04498309  0.00694898 -0.07354292 -0.21880361]] 
Episode: 117: [[ 0.26587775  0.24746872  0.17736755  0.03822109  0.04925968]
 [ 0.24602756  0.23279202  0.17562647  0.04990864  0.05788867]
 [ 0.2448691   0.24710198  0.21689755  0.11215464  0.08956687]
 [ 0.21494387  0.22731245  0.23145671  0.17924002  0.08371077]
 [ 0.06037552  0.04499939  0.00696587 -0.07352486 -0.21872713]] 
Episode: 118: [[ 0.26591787  0.24750713  0.17740798  0.03826283  0.04927905]
 [ 0.24602045  0.2327861   0.17563324  0.04991855  0.05788023]
 [ 0.24495926  0.2471916   0.21698721  0.11224339  0.0894751 ]
 [ 0.21483018  0.22719833  0.23134463  0.17912829  0.08362243]
 [ 0.06043103  0.04505363  0.00702876 -0.07345834 -0.21866219]] 
Episode: 119: [[ 0.26589686  0.24748467  0.17738861  0.03824506  0.04923216]
 [ 0.24596004  0.23272684  0.17558594  0.04987426  0.05780989]
 [ 0.24497953  0.2472115   0.21700826  0.11226448  0.0893277 ]
 [ 0.21467474  0.22704251  0.23119117  0.17897528  0.0836027 ]
 [ 0.06042285  0.04504445  0.00702804 -0.07345556 -0.2186678 ]] 
Episode: 120: [[ 0.26589915  0.24748579  0.17739233  0.03824849  0.04920324]
 [ 0.2459597   0.23272745  0.17559674  0.0498876   0.05779108]
 [ 0.2449795   0.24720934  0.21700646  0.11226118  0.08916905]
 [ 0.21448179  0.22684918  0.23100054  0.17878518  0.08352546]
 [ 0.06035753  0.04497837  0.00697022 -0.07350999 -0.21873654]] 
Episode: 121: [[ 0.2659584   0.2475439   0.17745154  0.03830704  0.0492337 ]
 [ 0.24601333  0.23278186  0.17565978  0.04995275  0.05783686]
 [ 0.24504028  0.24726808  0.21706443  0.11231698  0.08906041]
 [ 0.21436134  0.22672842  0.23088163  0.1786666   0.08351548]
 [ 0.06035671  0.04497673  0.00697535 -0.07350206 -0.21873964]] 
Episode: 122: [[ 0.26595455  0.2475391   0.17744896  0.03830428  0.04919677]
 [ 0.24600765  0.23277697  0.17566319  0.04995823  0.05781545]
 [ 0.24509946  0.24732457  0.21712203  0.11235867  0.08899092]
 [ 0.21430609  0.2266729   0.2308272   0.17861237  0.08356579]
 [ 0.06041378  0.04503291  0.00703697 -0.07343815 -0.2186961 ]] 
Episode: 123: [[ 0.2660081   0.24759173  0.17750238  0.03835714  0.04921637]
 [ 0.24605642  0.23282637  0.17571951  0.05001625  0.05782953]
 [ 0.2451375   0.24735895  0.21715784  0.11238071  0.08891814]
 [ 0.21420333  0.22656989  0.2307257   0.17851116  0.08357434]
 [ 0.06040735  0.04502583  0.00703542 -0.07343741 -0.21867952]] 
Episode: 124: [[ 0.2659993   0.24758217  0.17749473  0.03834938  0.0491699 ]
 [ 0.24604645  0.23281704  0.17571695  0.05001538  0.05777965]
 [ 0.24511048  0.24732876  0.21713004  0.11234135  0.08878715]
 [ 0.21416391  0.22653027  0.2306869   0.17847249  0.08364132]
 [ 0.0604592   0.04507696  0.00709089 -0.07338011 -0.21860094]] 
Episode: 125: [[ 0.26604825  0.24763037  0.17754348  0.03839764  0.04919208]
 [ 0.24609128  0.23286237  0.17576784  0.05006763  0.05779723]
 [ 0.24514727  0.24736257  0.2171649   0.11236504  0.08865477]
 [ 0.21418147  0.22654764  0.23070449  0.17849006  0.08373034]
 [ 0.06056336  0.04518033  0.00719755 -0.07327202 -0.21847288]] 
Episode: 126: [[ 0.26603547  0.24761698  0.17753173  0.03838585  0.04914828]
 [ 0.24617332  0.23290834  0.17576045  0.05006162  0.0577508 ]
 [ 0.24524125  0.24745373  0.21725598  0.11244528  0.08860177]
 [ 0.21425022  0.22661625  0.23077275  0.1785582   0.08386969]
 [ 0.06071445  0.04533058  0.00735015 -0.07311835 -0.2182945 ]] 
Episode: 127: [[ 0.2659686   0.24754827  0.17746568  0.03832012  0.04905483]
 [ 0.24621266  0.23291416  0.17571679  0.05001321  0.05768095]
 [ 0.24533918  0.2475502   0.21735294  0.11252689  0.08856583]
 [ 0.214365    0.22673093  0.2308866   0.17867182  0.08405416]
 [ 0.06090764  0.04552288  0.00754398 -0.07292377 -0.2180711 ]] 
Episode: 128: [[ 0.26596516  0.2475431   0.17746173  0.03831609  0.04903445]
 [ 0.246302    0.23297343  0.17573075  0.05002271  0.05768048]
 [ 0.24548818  0.24769777  0.21749991  0.11265931  0.0885994 ]
 [ 0.21441534  0.22678116  0.2309366   0.17872174  0.08416073]
 [ 0.06102397  0.04563854  0.00766163 -0.07280523 -0.21793365]] 
Episode: 129: [[ 0.26601872  0.24759498  0.17751358  0.03836751  0.0490795 ]
 [ 0.24643625  0.2330807   0.17579651  0.05008426  0.05761795]
 [ 0.24565423  0.24785604  0.2176917   0.11283729  0.0885639 ]
 [ 0.21451351  0.22687924  0.23103398  0.17881893  0.08431555]
 [ 0.06107127  0.04568538  0.00771087 -0.07275496 -0.21787322]] 
Episode: 130: [[ 0.2661234   0.2476981   0.17761557  0.03846873  0.04915204]
 [ 0.24660322  0.23322403  0.17590883  0.05019261  0.05757692]
 [ 0.24585344  0.24804819  0.21792184  0.11305612  0.08854022]
 [ 0.2146184   0.22698356  0.23114057  0.17892729  0.084451  ]
 [ 0.0611284   0.04574156  0.00777194 -0.07269156 -0.21782245]] 
Episode: 131: [[ 0.266274    0.2478472   0.17776257  0.03861469  0.04928049]
 [ 0.2468073   0.23340692  0.17606302  0.05034303  0.05760229]
 [ 0.24609345  0.24828176  0.21818817  0.11331155  0.0885722 ]
 [ 0.21465969  0.22702433  0.2311839   0.17897233  0.08451349]
 [ 0.06112237  0.04573479  0.00777017 -0.07269102 -0.21783993]] 
Episode: 132: [[ 0.26635298  0.2479249   0.17783949  0.03869106  0.04934369]
 [ 0.24693699  0.23351747  0.1761486   0.05042541  0.057563  ]
 [ 0.2462751   0.24845599  0.21839249  0.11350407  0.08856499]
 [ 0.21474986  0.22711405  0.23127541  0.17906527  0.08462876]
 [ 0.06117425  0.0457859   0.00782518 -0.07263414 -0.21780495]] 
Episode: 133: [[ 0.26642287  0.24799408  0.17790656  0.03875509  0.049405  ]
 [ 0.24706957  0.23363389  0.17624168  0.05051276  0.05754617]
 [ 0.24644354  0.24861811  0.21858141  0.11368041  0.0885634 ]
 [ 0.21483687  0.22720045  0.23136464  0.17915578  0.08473267]
 [ 0.06122611  0.04583696  0.00788057 -0.07257776 -0.21777315]] 
Episode: 134: [[ 0.2665024   0.24807438  0.17798601  0.03882945  0.04947824]
 [ 0.24722584  0.23377737  0.17636685  0.05063097  0.05756351]
 [ 0.24665616  0.24882495  0.21881096  0.1138979   0.08860993]
 [ 0.21490481  0.22726597  0.23143546  0.17922878  0.08480021]
 [ 0.06127773  0.04588702  0.007937   -0.07252081 -0.2177501 ]] 
Episode: 135: [[ 0.2665807   0.24815284  0.17806841  0.03891348  0.04953426]
 [ 0.24733932  0.23387864  0.17645246  0.05071545  0.05755697]
 [ 0.24686994  0.24903329  0.21904474  0.11412594  0.08865147]
 [ 0.21501936  0.22737834  0.2315521   0.17934725  0.08491626]
 [ 0.06138182  0.04598958  0.00804472 -0.07241283 -0.21769187]] 
Episode: 136: [[ 0.2666945   0.24826746  0.1781924   0.03904041  0.04961162]
 [ 0.24749567  0.23402405  0.17658296  0.05084479  0.05759367]
 [ 0.24709153  0.24925004  0.21928942  0.11436694  0.08870186]
 [ 0.21507342  0.22742864  0.23160411  0.17940104  0.08498542]
 [ 0.06145823  0.04606417  0.00812283 -0.07233441 -0.21764949]] 
Episode: 137: [[ 0.26685384  0.24842748  0.17835972  0.03921     0.04969708]
 [ 0.2476794   0.23419838  0.17675081  0.05101251  0.05764546]
 [ 0.24733399  0.24948804  0.2195593   0.11463407  0.08875948]
 [ 0.21516594  0.22751783  0.23170055  0.17950052  0.0850622 ]
 [ 0.06155441  0.0461587   0.00822427 -0.07223201 -0.21760187]] 
Episode: 138: [[ 0.2670024   0.24857637  0.17851628  0.03936887  0.04977621]
 [ 0.24785824  0.23436844  0.17691724  0.05117939  0.05769613]
 [ 0.24755964  0.24970962  0.21981044  0.11488277  0.08881648]
 [ 0.21522813  0.22757669  0.23176357  0.17956565  0.08512277]
 [ 0.06162576  0.04622839  0.00829851 -0.07215735 -0.21756525]] 
Episode: 139: [[ 0.26710582  0.24867994  0.1786231   0.03947435  0.04983991]
 [ 0.24797976  0.23448196  0.1770223   0.05128058  0.05773299]
 [ 0.24773781  0.24988423  0.22000836  0.11507584  0.08886447]
 [ 0.21530318  0.22764832  0.23184195  0.17964703  0.08517858]
 [ 0.06172342  0.04632464  0.00840267 -0.07205178 -0.21751899]] 
Episode: 140: [[ 0.26724032  0.24881461  0.17876667  0.03961484  0.04992089]
 [ 0.24814363  0.23463868  0.17717049  0.05142511  0.05780173]
 [ 0.24794018  0.2500833   0.22023435  0.11529572  0.08892813]
 [ 0.2153755   0.22771674  0.23191847  0.17972633  0.08522183]
 [ 0.06181016  0.04640953  0.00849591 -0.07195737 -0.21748331]] 
Episode: 141: [[ 0.26734942  0.24892394  0.17888342  0.03972975  0.0499933 ]
 [ 0.24828991  0.23477867  0.17730315  0.05155552  0.05786753]
 [ 0.24811897  0.2502593   0.22043465  0.11549136  0.08898868]
 [ 0.21543458  0.2277723   0.23198068  0.17979106  0.08525985]
 [ 0.06187901  0.04647667  0.00856963 -0.07188264 -0.21745387]] 
Episode: 142: [[ 0.26744926  0.24902442  0.1789901   0.03983385  0.05006208]
 [ 0.24841851  0.23490156  0.17741914  0.05166835  0.05792312]
 [ 0.24831587  0.2504543   0.22065441  0.11570663  0.08905945]
 [ 0.21551245  0.22784774  0.2320644   0.17987806  0.08530843]
 [ 0.06195954  0.04655627  0.00865663 -0.07179412 -0.21741533]] 
Episode: 143: [[ 0.26759684  0.24917251  0.17914255  0.03998361  0.05014336]
 [ 0.24858911  0.23506707  0.17757754  0.05182372  0.05799937]
 [ 0.24854301  0.2506794   0.2209089   0.11595819  0.08913928]
 [ 0.2155435   0.22787602  0.23209602  0.1799119   0.08533432]
 [ 0.0620163   0.0466118   0.00871765 -0.07173197 -0.21738979]] 
Episode: 144: [[ 0.2677499   0.24932612  0.17930244  0.04014068  0.05022649]
 [ 0.24877457  0.23524804  0.17775612  0.0519996   0.05808086]
 [ 0.24875256  0.25088704  0.22114395  0.11619013  0.08921339]
 [ 0.21554053  0.22787055  0.23208961  0.17990674  0.08534879]
 [ 0.06205795  0.04665256  0.00876175 -0.07168719 -0.21736617]] 
Episode: 145: [[ 0.26785785  0.2494339   0.17941378  0.04024737  0.05028621]
 [ 0.24894126  0.23541033  0.17791688  0.05215633  0.05815309]
 [ 0.24895415  0.25108695  0.2213698   0.11641161  0.08928825]
 [ 0.21556051  0.22788845  0.2321092   0.1799274   0.08537289]
 [ 0.0620979   0.04669153  0.0088043  -0.07164466 -0.21734503]] 
Episode: 146: [[ 0.26789677  0.24947278  0.17945711  0.04028692  0.0502771 ]
 [ 0.24903591  0.23550099  0.17800714  0.05224314  0.05815346]
 [ 0.24911124  0.2512435   0.22154774  0.11658689  0.08935608]
 [ 0.21563321  0.22795926  0.23218088  0.17999986  0.08545601]
 [ 0.06219339  0.046786    0.00890133 -0.0715479  -0.21728577]] 
Episode: 147: [[ 0.267905    0.24948035  0.1794679   0.0402917   0.05025228]
 [ 0.2491098   0.23557086  0.17807698  0.05230702  0.05814531]
 [ 0.24926743  0.25139892  0.22172536  0.1167601   0.08941855]
 [ 0.21575327  0.22807762  0.23229936  0.1801189   0.08555229]
 [ 0.06233535  0.04692714  0.00904722 -0.07140246 -0.21721397]] 
Episode: 148: [[ 0.26793793  0.24951245  0.17950702  0.04032658  0.05023908]
 [ 0.24921866  0.23567604  0.17818822  0.05241457  0.05815369]
 [ 0.24942851  0.25155923  0.2219086   0.11694013  0.08948358]
 [ 0.2158066   0.22812943  0.23235194  0.18017215  0.08562061]
 [ 0.06243504  0.04702602  0.00914695 -0.07130377 -0.2171583 ]] 
Episode: 149: [[ 0.26797712  0.24955103  0.17955299  0.0403669   0.05023568]
 [ 0.24935132  0.23580611  0.17832687  0.0525482   0.05818474]
 [ 0.24960019  0.25173062  0.22210294  0.11712996  0.0895585 ]
 [ 0.21585073  0.22817174  0.23239525  0.18021609  0.08567588]
 [ 0.06251444  0.04710449  0.00922522 -0.07122692 -0.21711285]] 
Episode: 150: [[ 0.26800668  0.24957986  0.17958936  0.04039891  0.05023325]
 [ 0.24947003  0.23592213  0.17845243  0.05267017  0.05821243]
 [ 0.24975342  0.2518834   0.22227763  0.1173012   0.08962736]
 [ 0.21588813  0.22820786  0.23243108  0.18025205  0.08573152]
 [ 0.06258613  0.04717556  0.00929569 -0.07115796 -0.21706758]] 
Episode: 151: [[ 0.268092    0.24966443  0.17967944  0.04048468  0.05025436]
 [ 0.24963251  0.23608224  0.17862013  0.05283446  0.05825984]
 [ 0.2499269   0.25205594  0.22247577  0.11749709  0.08970021]
 [ 0.21586677  0.22818536  0.23240899  0.1802302   0.08575653]
 [ 0.06260569  0.0471944   0.00930845 -0.07114775 -0.2170408 ]] 
Episode: 152: [[ 0.26821053  0.2497823   0.17980847  0.04061047  0.0502856 ]
 [ 0.2498082   0.23625602  0.17880525  0.05301703  0.05831357]
 [ 0.25008237  0.25221065  0.22265445  0.11767346  0.08976643]
 [ 0.21583708  0.22815575  0.23237619  0.18019626  0.08579043]
 [ 0.06260294  0.04719072  0.00929749 -0.07116194 -0.21702735]] 
Episode: 153: [[ 0.26831105  0.24988234  0.17991738  0.04071604  0.05032058]
 [ 0.25000548  0.23645231  0.17901509  0.05322471  0.05838946]
 [ 0.25022185  0.25234956  0.22281444  0.11783089  0.08983372]
 [ 0.2157592   0.22807741  0.23229222  0.1801114   0.08580215]
 [ 0.06257151  0.04715813  0.0092551  -0.07120787 -0.21702577]] 
Episode: 154: [[ 0.26842263  0.24999352  0.18003954  0.04083572  0.05036436]
 [ 0.2502258   0.23667188  0.1792525   0.0534612   0.05847699]
 [ 0.25036243  0.25248957  0.22297569  0.11799004  0.08990281]
 [ 0.21563403  0.22795184  0.23216225  0.17998078  0.08578937]
 [ 0.06250445  0.04708984  0.00917344 -0.07129326 -0.2170369 ]] 
Episode: 155: [[ 0.2685636   0.2501344   0.18019721  0.04099438  0.0504281 ]
 [ 0.25047988  0.23692532  0.17952093  0.0537286   0.0585988 ]
 [ 0.2505506   0.2526778   0.22318324  0.11819491  0.08999684]
 [ 0.21546638  0.22778383  0.23199095  0.17980905  0.08573599]
 [ 0.06240376  0.04698704  0.00905575 -0.07141385 -0.21706988]] 
Episode: 156: [[ 0.2686311   0.25020194  0.18028124  0.04107974  0.05041732]
 [ 0.25065243  0.23709726  0.17970748  0.05391442  0.05864212]
 [ 0.25065503  0.25278234  0.22330706  0.11831716  0.09006795]
 [ 0.21537066  0.22768778  0.23189124  0.17970881  0.08575103]
 [ 0.06237381  0.04695504  0.00900951 -0.07146295 -0.2170435 ]] 
Episode: 157: [[ 0.2687381   0.25030982  0.18040946  0.04121074  0.05043351]
 [ 0.25083667  0.23728158  0.17990907  0.05411686  0.05869811]
 [ 0.25079152  0.252919    0.22346717  0.11847664  0.09014454]
 [ 0.21529108  0.2276071   0.23180991  0.17962688  0.085756  ]
 [ 0.06234855  0.04692752  0.00897044 -0.07150462 -0.21702424]] 
Episode: 158: [[ 0.2688342   0.2504071   0.18052638  0.04132753  0.05045304]
 [ 0.25098988  0.23743464  0.18007828  0.05428364  0.05874321]
 [ 0.25092885  0.25305635  0.22362934  0.11863575  0.09021577]
 [ 0.21527472  0.22758974  0.23179129  0.17960756  0.0858011 ]
 [ 0.06238649  0.04696328  0.00899498 -0.07148267 -0.2169764 ]] 
Episode: 159: [[ 0.26894358  0.25051343  0.1806449   0.04142737  0.05042966]
 [ 0.25107148  0.23751606  0.18017536  0.05437874  0.05871741]
 [ 0.25107855  0.2532025   0.22379366  0.11878256  0.09024701]
 [ 0.21531516  0.22762927  0.23182902  0.17964453  0.08590475]
 [ 0.06248111  0.04705579  0.0090766  -0.07140361 -0.21686515]] 
Episode: 160: [[ 0.269031    0.25059837  0.18073972  0.04150556  0.05040932]
 [ 0.25113827  0.23758294  0.18025565  0.0544574   0.0586968 ]
 [ 0.251209    0.25332993  0.22393732  0.11891073  0.09027655]
 [ 0.21536048  0.22767356  0.23187351  0.17968881  0.08599792]
 [ 0.06258063  0.0471535   0.00916632 -0.07131588 -0.21675949]] 
Episode: 161: [[ 0.26916924  0.2507343   0.18088314  0.04163359  0.05044792]
 [ 0.25125462  0.23769942  0.1803831   0.05458318  0.05874462]
 [ 0.25135925  0.25347888  0.22410668  0.11907493  0.09033729]
 [ 0.21534593  0.22765811  0.23185891  0.17967416  0.08601838]
 [ 0.06260943  0.04718081  0.00918728 -0.07129645 -0.2167302 ]] 
Episode: 162: [[ 0.2692767   0.25083983  0.18099266  0.04172768  0.05047943]
 [ 0.25134307  0.23778811  0.18047878  0.05467566  0.0587848 ]
 [ 0.251464    0.2535825   0.22422466  0.11918674  0.09038451]
 [ 0.21531087  0.22762227  0.23182084  0.17963515  0.08603218]
 [ 0.06264098  0.0472112   0.00921234 -0.07127324 -0.21669962]] 
Episode: 163: [[ 0.26943308  0.25099435  0.1811494   0.04187011  0.05055861]
 [ 0.25147903  0.23792432  0.1806202   0.05481398  0.05888724]
 [ 0.2516234   0.25374076  0.2243939   0.11934959  0.09048118]
 [ 0.2153209   0.22762905  0.23183717  0.17965274  0.08601756]
 [ 0.06273005  0.0472991   0.00929464 -0.07119286 -0.21666789]] 
Episode: 164: [[ 0.26959315  0.25115335  0.18131575  0.04202862  0.05064612]
 [ 0.25165066  0.2380971   0.1808027   0.0549935   0.05900762]
 [ 0.2517899   0.25390667  0.22457504  0.119529    0.09058237]
 [ 0.21528932  0.22759424  0.23180653  0.17962308  0.08599173]
 [ 0.06277552  0.04734323  0.00933035 -0.07115859 -0.2166516 ]] 
Episode: 165: [[ 0.26979688  0.25135604  0.18152365  0.04222902  0.0507935 ]
 [ 0.25186136  0.23830886  0.18102214  0.05521001  0.05918206]
 [ 0.25200474  0.2541209   0.22480103  0.11975258  0.09074586]
 [ 0.21531646  0.22761846  0.23183373  0.179651    0.08590487]
 [ 0.06287712  0.04744348  0.00942222 -0.07106825 -0.21656811]] 
Episode: 166: [[ 0.27003974  0.25159788  0.18176883  0.04246701  0.05099225]
 [ 0.25210717  0.23855564  0.18127473  0.05545978  0.05940485]
 [ 0.25226283  0.25437832  0.2250672   0.12001573  0.0909394 ]
 [ 0.21539634  0.22769573  0.23191291  0.17973068  0.08580035]
 [ 0.06302906  0.04759407  0.00956447 -0.07092761 -0.2165012 ]] 
Episode: 167: [[ 0.2703177   0.25187483  0.18204746  0.04273873  0.05123909]
 [ 0.25238448  0.23883384  0.1815571   0.05573941  0.05967092]
 [ 0.25255963  0.25467443  0.22536933  0.12031431  0.09118547]
 [ 0.21552363  0.22782066  0.23203883  0.17985687  0.08577015]
 [ 0.06322615  0.0477898   0.00975193 -0.07074182 -0.21651006]] 
Episode: 168: [[ 0.27050793  0.25206423  0.18223977  0.04292531  0.05139234]
 [ 0.2525776   0.23902775  0.18175589  0.05593594  0.05984392]
 [ 0.25281632  0.25493062  0.22562839  0.12056932  0.09140472]
 [ 0.2156935   0.22798844  0.23220673  0.18002485  0.08580658]
 [ 0.06346372  0.04802602  0.00997993 -0.07051555 -0.21647026]] 
Episode: 169: [[ 0.27069858  0.2522532   0.18243907  0.0431286   0.05153482]
 [ 0.25280747  0.23925833  0.1819898   0.05616763  0.06006498]
 [ 0.25303292  0.25514606  0.22584832  0.12079063  0.09160087]
 [ 0.21579091  0.22808395  0.23230313  0.18012148  0.08577587]
 [ 0.06370362  0.04826558  0.0102126  -0.07028639 -0.2164079 ]] 
Episode: 170: [[ 0.27092963  0.25248265  0.18267648  0.04336911  0.05170813]
 [ 0.2530703   0.23952183  0.18225527  0.05643089  0.06030514]
 [ 0.25328046  0.25539333  0.22610918  0.1210519   0.09179724]
 [ 0.21584877  0.22813888  0.23235866  0.1801786   0.08572314]
 [ 0.06391428  0.04847559  0.01041745 -0.07008365 -0.21635884]] 
Episode: 171: [[ 0.2711871   0.25273705  0.18294805  0.04364302  0.05185529]
 [ 0.2532717   0.2397214   0.1824607   0.05663966  0.0604809 ]
 [ 0.253568    0.2556805   0.22640668  0.12134896  0.09197131]
 [ 0.21595626  0.22824371  0.23246332  0.1802845   0.08573923]
 [ 0.06416428  0.04872487  0.01066133 -0.06984187 -0.21625559]] 
Episode: 172: [[ 0.27147293  0.25302008  0.1832503   0.0439469   0.0520017 ]
 [ 0.25347775  0.23992574  0.182675    0.05685635  0.06064464]
 [ 0.25385582  0.25596762  0.22670832  0.12164934  0.09213056]
 [ 0.2161083   0.22839338  0.23261209  0.18043427  0.0857649 ]
 [ 0.06443338  0.0489932   0.01093093 -0.06957419 -0.216152  ]] 
Episode: 173: [[ 0.27178943  0.253334    0.18358004  0.04427767  0.05216944]
 [ 0.25371936  0.24016581  0.18292302  0.05710632  0.06082967]
 [ 0.25417954  0.2562906   0.22704247  0.12198155  0.09230181]
 [ 0.21626444  0.2285477   0.2327685   0.18059295  0.08579429]
 [ 0.06470124  0.04926049  0.01120292 -0.06930327 -0.21605149]] 
Episode: 174: [[ 0.27208877  0.2536312   0.18389392  0.04459364  0.05232638]
 [ 0.2539384   0.2403835   0.18314904  0.05733524  0.06099626]
 [ 0.2544768   0.25658715  0.2273508   0.1222892   0.09245653]
 [ 0.21642843  0.22871003  0.2329363   0.18076333  0.08582629]
 [ 0.06495289  0.04951155  0.01146    -0.0690468  -0.21595933]] 
Episode: 175: [[ 0.2724175   0.25395793  0.18423422  0.04493539  0.05247709]
 [ 0.25414997  0.24059196  0.18337534  0.05756315  0.0611019 ]
 [ 0.25480902  0.25691867  0.22769104  0.12262803  0.09263291]
 [ 0.21663155  0.22891164  0.23314208  0.18097131  0.08591895]
 [ 0.06523202  0.04979329  0.011749   -0.0687575  -0.21582323]] 
Episode: 176: [[ 0.27273315  0.25427258  0.184561    0.04526148  0.05263267]
 [ 0.25432637  0.24076542  0.18356241  0.05774959  0.06119599]
 [ 0.2550949   0.25720385  0.22798167  0.12291536  0.0927918 ]
 [ 0.21682276  0.22910139  0.23333655  0.18116668  0.08600456]
 [ 0.06548484  0.05004799  0.01201097 -0.06849626 -0.21570475]] 
Episode: 177: [[ 0.27307662  0.25461507  0.184913    0.04561242  0.05283713]
 [ 0.25454175  0.24097818  0.18378635  0.05797277  0.06134693]
 [ 0.25541696  0.2575252   0.22830606  0.12323599  0.09298259]
 [ 0.21705048  0.22932781  0.23356648  0.18139726  0.086096  ]
 [ 0.06576428  0.05032873  0.01230595 -0.06820158 -0.21558782]] 
Episode: 178: [[ 0.27335706  0.25489488  0.1851947   0.04589081  0.05301908]
 [ 0.25469822  0.24113244  0.18394311  0.05812642  0.06147654]
 [ 0.25568244  0.25779     0.22856879  0.12349372  0.09314828]
 [ 0.21725185  0.22952749  0.23376943  0.18160067  0.08617122]
 [ 0.06601522  0.0505807   0.01257049 -0.06793758 -0.21548449]] 
Episode: 179: [[ 0.27359286  0.2551306   0.18542965  0.04612459  0.05317977]
 [ 0.25481182  0.24124461  0.18405338  0.05823534  0.06158905]
 [ 0.25593495  0.25804263  0.22881998  0.1237416   0.09330848]
 [ 0.21748884  0.22976296  0.23400712  0.18183862  0.08626355]
 [ 0.06626493  0.05083133  0.01283556 -0.06767274 -0.2153842 ]] 
Episode: 180: [[ 0.2738526   0.2553919   0.18569838  0.04639269  0.05334767]
 [ 0.25489607  0.24132875  0.18413723  0.0583235   0.0616872 ]
 [ 0.2562254   0.2583341   0.22910912  0.12402698  0.09347383]
 [ 0.21775782  0.23003057  0.234276    0.18210758  0.08639375]
 [ 0.0665508   0.05111785  0.01313413 -0.06737459 -0.21526366]] 
Episode: 181: [[ 0.27410966  0.25565115  0.18596704  0.04665965  0.05351355]
 [ 0.25496268  0.24139512  0.18420386  0.0583927   0.06176968]
 [ 0.25647867  0.25858754  0.22936212  0.1242751   0.09360963]
 [ 0.21805553  0.23032705  0.2345729   0.18240443  0.08655362]
 [ 0.06685303  0.05142121  0.01345269 -0.06705702 -0.21513224]] 
Episode: 182: [[ 0.27440083  0.2559442   0.18626703  0.04695765  0.05368017]
 [ 0.25507414  0.24150662  0.18431988  0.05851085  0.06185929]
 [ 0.2567717   0.25888065  0.22965294  0.12456075  0.093755  ]
 [ 0.21837905  0.23064946  0.23489499  0.18272631  0.08672523]
 [ 0.06718604  0.05175506  0.01379927 -0.06671154 -0.21499497]] 
Episode: 183: [[ 0.27470645  0.25625083  0.18658313  0.04726917  0.05383873]
 [ 0.25519353  0.24162588  0.18444319  0.05863337  0.06194428]
 [ 0.25704515  0.25915325  0.22992365  0.124824    0.09388023]
 [ 0.21869895  0.23096748  0.23521762  0.18304795  0.08687869]
 [ 0.06751162  0.0520806   0.01414061 -0.06637167 -0.21487176]] 
Episode: 184: [[ 0.27501768  0.25656393  0.18690738  0.04758882  0.05400386]
 [ 0.25528976  0.24172214  0.18454193  0.05873037  0.06201697]
 [ 0.2573164   0.25942442  0.23019497  0.12508732  0.09400709]
 [ 0.21904206  0.23130932  0.23556289  0.1833922   0.08704742]
 [ 0.06781817  0.05238724  0.01446322 -0.06605036 -0.21475556]] 
Episode: 185: [[ 0.27532816  0.25687668  0.18723758  0.04791968  0.05416567]
 [ 0.25538862  0.24182202  0.1846488   0.0588405   0.06209361]
 [ 0.25758788  0.25969577  0.23047376  0.12536271  0.09412629]
 [ 0.21939465  0.23165952  0.23592456  0.18375385  0.08719963]
 [ 0.06811358  0.05268224  0.01477663 -0.0657372  -0.21465002]] 
Episode: 186: [[ 0.27562225  0.25717297  0.18755366  0.04823697  0.05431736]
 [ 0.25548914  0.24192384  0.18476029  0.05895548  0.06217001]
 [ 0.25787285  0.25998068  0.2307717   0.12565777  0.09424883]
 [ 0.2197676   0.23203032  0.23630491  0.18413404  0.08735359]
 [ 0.06841891  0.05298668  0.01510371 -0.06541017 -0.21454605]] 
Episode: 187: [[ 0.2759459   0.25749886  0.18789653  0.04858048  0.05447837]
 [ 0.25563738  0.24207325  0.1849172   0.05911535  0.06227324]
 [ 0.25816467  0.2602722   0.23108177  0.12596501  0.09436779]
 [ 0.22013618  0.2323969   0.23668495  0.18451478  0.08750217]
 [ 0.06870839  0.05327518  0.0154154  -0.06509804 -0.21444966]] 
Episode: 188: [[ 0.2762603   0.25781482  0.18823326  0.04891559  0.05463007]
 [ 0.25582844  0.2422654   0.18511492  0.05931553  0.0624341 ]
 [ 0.25846565  0.2605732   0.2314043   0.12628235  0.09449709]
 [ 0.22043923  0.23269618  0.23699707  0.18482806  0.08760025]
 [ 0.06893905  0.05350326  0.01566469 -0.06484899 -0.21439765]] 
Episode: 189: [[ 0.2765371   0.25809342  0.1885293   0.04920898  0.05477411]
 [ 0.2560145   0.24245283  0.18530823  0.05950959  0.06259445]
 [ 0.25872806  0.26083618  0.23168498  0.12655729  0.09462141]
 [ 0.22065575  0.23290932  0.2372226   0.1850548   0.08766279]
 [ 0.06912343  0.0536851   0.01586342 -0.06465098 -0.214361  ]] 
Episode: 190: [[ 0.2768086   0.2583663   0.18882167  0.0494974   0.05491331]
 [ 0.2561988   0.24263841  0.18550204  0.05970206  0.06274915]
 [ 0.25899392  0.26110247  0.23197123  0.12683637  0.0947466 ]
 [ 0.22089645  0.23314732  0.23747659  0.18530995  0.08774187]
 [ 0.06931572  0.05387506  0.01607172 -0.06444378 -0.2143165 ]] 
Episode: 191: [[ 0.27708617  0.25864398  0.18912324  0.04979242  0.05503805]
 [ 0.25632864  0.24276812  0.18563841  0.05983378  0.0628586 ]
 [ 0.25928187  0.26138958  0.23228386  0.12713969  0.09486344]
 [ 0.22116892  0.23341735  0.2377602   0.18559445  0.08787128]
 [ 0.0695509   0.05410799  0.01632009 -0.06419663 -0.21424851]] 
Episode: 192: [[ 0.27736622  0.25892413  0.18942972  0.05009305  0.05516493]
 [ 0.25646707  0.24290642  0.18578708  0.05997853  0.06296772]
 [ 0.25956383  0.26167068  0.23259176  0.12743919  0.09497908]
 [ 0.22141412  0.23365995  0.23801586  0.18585083  0.08798333]
 [ 0.06976475  0.05431965  0.01654646 -0.0639713  -0.21418776]] 
Episode: 193: [[ 0.27761322  0.25917155  0.1896998   0.050357    0.05528804]
 [ 0.2566118   0.24305128  0.18594322  0.06013015  0.06308378]
 [ 0.25982776  0.2619339   0.2328801   0.12771896  0.09509394]
 [ 0.22158106  0.23382448  0.23819052  0.18602629  0.08806282]
 [ 0.06992537  0.05447837  0.01671463 -0.06380448 -0.21414483]] 
Episode: 194: [[ 0.27781358  0.25937182  0.18991998  0.05057168  0.05538306]
 [ 0.25668353  0.2431231   0.18602644  0.06020952  0.06313925]
 [ 0.26005486  0.2621602   0.23312962  0.12796059  0.09519048]
 [ 0.2217796   0.23402266  0.23840104  0.1862378   0.08817499]
 [ 0.07005475  0.05460565  0.01685025 -0.06366952 -0.21411653]] 
Episode: 195: [[ 0.27800906  0.25956744  0.19013575  0.05078126  0.05548611]
 [ 0.25677243  0.2432119   0.18612984  0.06030824  0.06320512]
 [ 0.2602472   0.26235205  0.2333419   0.12816487  0.09528036]
 [ 0.22190206  0.23414482  0.23853518  0.18637297  0.0882586 ]
 [ 0.0701512   0.05470044  0.01694987 -0.06357062 -0.21409564]] 
Episode: 196: [[ 0.2782034   0.25976163  0.19035155  0.05098956  0.05558576]
 [ 0.2568694   0.24330871  0.18624294  0.06041516  0.06327289]
 [ 0.26045963  0.26256394  0.23357692  0.12839083  0.09537981]
 [ 0.22203387  0.23427592  0.23868065  0.1865195   0.08833867]
 [ 0.07025196  0.05479938  0.01705555 -0.06346585 -0.21407363]] 
Episode: 197: [[ 0.27839088  0.25994828  0.19056077  0.05119155  0.05569322]
 [ 0.2569977   0.24343592  0.18639182  0.06055796  0.06336025]
 [ 0.26066917  0.2627721   0.23380984  0.12861529  0.09548384]
 [ 0.22209623  0.23433766  0.23875618  0.18659616  0.08837997]
 [ 0.07031805  0.054864    0.01712288 -0.06339937 -0.21405835]] 
Episode: 198: [[ 0.2785878   0.2601444   0.19078043  0.05140312  0.05580933]
 [ 0.25713918  0.24357615  0.18655539  0.0607145   0.06345396]
 [ 0.2608741   0.2629755   0.23403776  0.1288339   0.09558758]
 [ 0.2221035   0.23434381  0.2387699   0.18661083  0.08839073]
 [ 0.07035124  0.05489582  0.01715415 -0.06336927 -0.2140554 ]] 
Episode: 199: [[ 0.27878863  0.26034474  0.1910067   0.05162653  0.05593562]
 [ 0.25731072  0.24374653  0.18675451  0.06091189  0.06356447]
 [ 0.26106727  0.26316732  0.23425497  0.12904648  0.09569209]
 [ 0.22205389  0.23429321  0.238727    0.18656895  0.0883731 ]
 [ 0.07033762  0.05488149  0.01713406 -0.06338989 -0.21406518]] 
Episode: 200: [[ 0.27896643  0.26052162  0.19120872  0.05182533  0.05605245]
 [ 0.2574867   0.2439211   0.18695915  0.06111398  0.06367822]
 [ 0.26124364  0.2633422   0.23445459  0.12924153  0.09579188]
 [ 0.22198667  0.23422514  0.2386632   0.18650648  0.08834986]
 [ 0.07031829  0.05486153  0.01710829 -0.06341606 -0.21407512]] 
Episode: 201: [[ 0.27912697  0.26068157  0.19139291  0.05200757  0.05616662]
 [ 0.25765777  0.2440912   0.18715908  0.06131253  0.06379534]
 [ 0.26139948  0.26349673  0.23463279  0.12941654  0.09588613]
 [ 0.22189748  0.23413515  0.23857397  0.18641868  0.08831739]
 [ 0.07028163  0.05482436  0.017064   -0.0634606  -0.21409099]] 
Episode: 202: [[ 0.27923042  0.26078308  0.19151503  0.0521275   0.05623942]
 [ 0.25781888  0.24425212  0.1873464   0.06149703  0.06391393]
 [ 0.2615718   0.26366916  0.23482707  0.12960607  0.09600277]
 [ 0.22182898  0.23406631  0.2385066   0.18635227  0.08829853]
 [ 0.07027169  0.05481445  0.01704919 -0.06347685 -0.21408813]] 
Episode: 203: [[ 0.2792945   0.26084515  0.19159348  0.05220253  0.05629217]
 [ 0.25800574  0.24444008  0.18756002  0.06170588  0.06405845]
 [ 0.26170453  0.26380137  0.23497792  0.12975043  0.09609561]
 [ 0.22174935  0.23398553  0.23842677  0.18627238  0.0882654 ]
 [ 0.07026402  0.05480678  0.01703747 -0.06349049 -0.2140839 ]] 
Episode: 204: [[ 0.27935246  0.26090202  0.19166508  0.05227189  0.05635178]
 [ 0.2581856   0.24462147  0.18776602  0.06190826  0.0642032 ]
 [ 0.26181597  0.26391262  0.23510586  0.12987335  0.09618284]
 [ 0.22163175  0.23386702  0.23830406  0.1861503   0.08821904]
 [ 0.07023425  0.05477728  0.01700169 -0.0635277  -0.21408579]] 
Episode: 205: [[ 0.2794426   0.26099128  0.19177178  0.05237609  0.05642414]
 [ 0.25836602  0.24480361  0.18797274  0.06211211  0.06434572]
 [ 0.26194897  0.26404592  0.23525721  0.13002004  0.09628091]
 [ 0.22153227  0.23376645  0.23820102  0.18604808  0.0881755 ]
 [ 0.07022111  0.0547644   0.01698458 -0.06354607 -0.2140815 ]] 
Episode: 206: [[ 0.27951118  0.2610599   0.19185519  0.05245921  0.05649595]
 [ 0.258536    0.24497621  0.1881682   0.06230667  0.06449082]
 [ 0.2620513   0.2641491   0.23537563  0.13013609  0.09637001]
 [ 0.22139521  0.23362789  0.23805597  0.18590412  0.08811115]
 [ 0.07019167  0.05473491  0.01695024 -0.063581   -0.21408784]] 
Episode: 207: [[ 0.27959833  0.26114652  0.19196121  0.05256773  0.05657262]
 [ 0.25874862  0.24519114  0.1884023   0.06253976  0.06464655]
 [ 0.262163    0.26426104  0.2355061   0.13026653  0.09645975]
 [ 0.22121514  0.23344648  0.2378697   0.18571897  0.08803163]
 [ 0.07014717  0.05469038  0.01689959 -0.06363174 -0.21409953]] 
Episode: 208: [[ 0.27963832  0.26118463  0.19201753  0.05262655  0.05660308]
 [ 0.25896096  0.24540702  0.18863644  0.06277183  0.06480889]
 [ 0.26227218  0.26437125  0.23563366  0.13039275  0.09654945]
 [ 0.22109927  0.23332939  0.23775432  0.18560323  0.08797456]
 [ 0.0701718   0.05471481  0.01691729 -0.06361436 -0.21403416]] 
Episode: 209: [[ 0.2796949   0.26123914  0.19209234  0.05270303  0.05663661]
 [ 0.25918055  0.24562968  0.18887988  0.06301287  0.06496696]
 [ 0.26241872  0.2645184   0.23580235  0.13055903  0.09664888]
 [ 0.22103779  0.23326568  0.23769929  0.18554737  0.08792998]
 [ 0.07023231  0.0547752   0.01697587 -0.06355662 -0.21395715]] 
Episode: 210: [[ 0.27974597  0.2612899   0.19216122  0.05277674  0.05668099]
 [ 0.259318    0.2457699   0.18904024  0.06317127  0.06509456]
 [ 0.2625317   0.2646329   0.23593526  0.13069302  0.09673773]
 [ 0.22103027  0.23325548  0.23770453  0.18555245  0.08790021]
 [ 0.07030354  0.05484611  0.01704795 -0.06348494 -0.21388383]] 
Episode: 211: [[ 0.2797727   0.26131752  0.19220157  0.05282243  0.05671617]
 [ 0.25938168  0.2458361   0.18912597  0.06325544  0.06518947]
 [ 0.26262683  0.26473007  0.23604766  0.1308066   0.09681416]
 [ 0.22108035  0.23330313  0.237765    0.18561262  0.08790064]
 [ 0.07041954  0.05496185  0.01717072 -0.06336299 -0.21379703]] 
Episode: 212: [[ 0.27982083  0.26136628  0.19226655  0.05289304  0.05675713]
 [ 0.25947016  0.24592684  0.18923959  0.06336842  0.06528912]
 [ 0.26274058  0.26484555  0.23618147  0.13094188  0.09689455]
 [ 0.22115065  0.23337124  0.23784794  0.18569541  0.0879119 ]
 [ 0.07054134  0.05508333  0.01730099 -0.06323333 -0.21371166]] 
Episode: 213: [[ 0.27984998  0.2613963   0.19231002  0.05294085  0.05678758]
 [ 0.25951183  0.24597073  0.18930031  0.06342784  0.0653618 ]
 [ 0.262848    0.26495484  0.23630795  0.1310686   0.09696842]
 [ 0.22127078  0.2334894   0.23797834  0.18582554  0.08795299]
 [ 0.07070608  0.0552479   0.01747955 -0.06305613 -0.21361203]] 
Episode: 214: [[ 0.2799401   0.26148707  0.19241095  0.05304521  0.05689092]
 [ 0.25960925  0.24607013  0.18941344  0.06353957  0.06549901]
 [ 0.2630143   0.2651227   0.23648885  0.13124894  0.09709016]
 [ 0.22132196  0.2335388   0.23803985  0.18588695  0.08794136]
 [ 0.0708401   0.05538067  0.01762454 -0.06291417 -0.2135402 ]] 
Episode: 215: [[ 0.28004944  0.26159662  0.19253315  0.05316884  0.0569932 ]
 [ 0.25972444  0.24618681  0.18954612  0.06366961  0.0656319 ]
 [ 0.26318377  0.26529318  0.23667361  0.13143156  0.09720517]
 [ 0.22136746  0.23358259  0.23809482  0.18594162  0.08792903]
 [ 0.07097199  0.05551153  0.01776749 -0.06277445 -0.21346931]] 
Episode: 216: [[ 0.28008583  0.26163268  0.19258112  0.05321858  0.05704681]
 [ 0.25976798  0.24623169  0.18960686  0.06372818  0.06567921]
 [ 0.26336786  0.26547807  0.2368749   0.13162704  0.09731561]
 [ 0.22146535  0.23367892  0.23820014  0.18604654  0.08798745]
 [ 0.0711556   0.05569405  0.01795954 -0.06258553 -0.21335769]] 
Episode: 217: [[ 0.28012353  0.26167032  0.19263174  0.05327147  0.0570913 ]
 [ 0.25979882  0.24626422  0.18965372  0.06377374  0.06571549]
 [ 0.26355824  0.2656692   0.23708506  0.13183217  0.09741803]
 [ 0.22161031  0.23382246  0.23835072  0.18619663  0.08808938]
 [ 0.07137872  0.05591563  0.01819561 -0.06235248 -0.21324112]] 
Episode: 218: [[ 0.28012118  0.26166874  0.19263713  0.053281    0.0571305 ]
 [ 0.25980714  0.24627458  0.18967436  0.06379477  0.06575079]
 [ 0.2637106   0.26582265  0.2372534   0.13199721  0.09751235]
 [ 0.22169359  0.23390435  0.23843347  0.18627918  0.08816414]
 [ 0.07154817  0.05608367  0.01837322 -0.06217735 -0.21314742]] 
Episode: 219: [[ 0.2801233   0.26167238  0.1926466   0.05329471  0.05718398]
 [ 0.25982988  0.24629982  0.18971     0.06383099  0.06580247]
 [ 0.263848    0.2659612   0.23740572  0.13214694  0.0976048 ]
 [ 0.22173335  0.23394209  0.23846917  0.18631503  0.08821081]
 [ 0.07168669  0.05622037  0.01851812 -0.06203471 -0.21307325]] 
Episode: 220: [[ 0.28010613  0.26165703  0.19263597  0.05329025  0.05723189]
 [ 0.25983387  0.24630648  0.18972579  0.06384946  0.06584912]
 [ 0.2639977   0.26611188  0.23757333  0.13231349  0.09770105]
 [ 0.22178754  0.23399378  0.23852259  0.18636887  0.08825511]
 [ 0.07181003  0.05634153  0.01864793 -0.06190635 -0.21301216]] 
Episode: 221: [[ 0.2800903   0.26164287  0.19262649  0.05328767  0.05728004]
 [ 0.2598504   0.24632543  0.18975498  0.06388216  0.06590072]
 [ 0.2641208   0.26623577  0.23771183  0.1324524   0.09778654]
 [ 0.22179523  0.23399916  0.23852462  0.18637201  0.08827924]
 [ 0.07190268  0.05643224  0.01874433 -0.06181077 -0.21296345]] 
Episode: 222: [[ 0.28013313  0.26168665  0.19268043  0.05334735  0.05734426]
 [ 0.2599193   0.2463962   0.1898404   0.06397055  0.06596881]
 [ 0.26426852  0.26638356  0.23788038  0.1326232   0.09787401]
 [ 0.22177957  0.23398107  0.23850185  0.1863511   0.08828925]
 [ 0.07199556  0.05652322  0.01884231 -0.06171316 -0.2129166 ]] 
Episode: 223: [[ 0.2801765   0.2617311   0.19273648  0.0534109   0.05740691]
 [ 0.2599939   0.24647272  0.18993345  0.06406834  0.0660376 ]
 [ 0.2644181   0.26653314  0.23805243  0.13279901  0.09795938]
 [ 0.22178604  0.23398519  0.23850496  0.18635614  0.08830483]
 [ 0.07208591  0.05661173  0.0189386  -0.06161671 -0.21287273]] 
Episode: 224: [[ 0.2802573   0.26181403  0.19283848  0.05352611  0.05749491]
 [ 0.26009288  0.24657458  0.1900578   0.0642032   0.0661258 ]
 [ 0.26459467  0.26670972  0.23825903  0.1330142   0.09805469]
 [ 0.22184923  0.23404625  0.23856397  0.18641675  0.08834056]
 [ 0.07221327  0.05673707  0.01907812 -0.06147655 -0.21281633]] 
Episode: 225: [[ 0.28039464  0.26195315  0.19299264  0.05369167  0.05759999]
 [ 0.2602084   0.24669217  0.19020742  0.06436563  0.0662012 ]
 [ 0.2648242   0.2669392   0.23851284  0.1332749   0.09815802]
 [ 0.2219634   0.23415847  0.23867321  0.1865273   0.08843583]
 [ 0.07239354  0.05691536  0.0192677  -0.06128661 -0.21271436]] 
Episode: 226: [[ 0.28053278  0.26209375  0.1931483   0.05385878  0.05770953]
 [ 0.26030245  0.2467886   0.19033241  0.06450379  0.0662702 ]
 [ 0.2650434   0.26715904  0.23875609  0.13352546  0.09826343]
 [ 0.22211935  0.23431198  0.23882759  0.18668273  0.08853432]
 [ 0.07257179  0.05709141  0.0194569  -0.06109723 -0.21262126]] 
Episode: 227: [[ 0.28064647  0.26220965  0.19327752  0.05399805  0.05780309]
 [ 0.26036808  0.24685583  0.19042487  0.06460725  0.06631838]
 [ 0.2652585   0.26737443  0.23899564  0.13376963  0.09836061]
 [ 0.22230946  0.23450112  0.23902139  0.18687637  0.08865646]
 [ 0.0727552   0.05727312  0.01965266 -0.06090232 -0.21252455]] 
Episode: 228: [[ 0.28072098  0.26228538  0.19336486  0.05409524  0.05787027]
 [ 0.26040313  0.24689116  0.19048344  0.0646763   0.0663408 ]
 [ 0.2654694   0.26758683  0.23922968  0.13400772  0.09847363]
 [ 0.22248533  0.23467705  0.23920031  0.18705526  0.08878171]
 [ 0.07289636  0.05741259  0.01980261 -0.06075257 -0.21244833]] 
Episode: 229: [[ 0.28074184  0.26230836  0.193392    0.05413276  0.05792308]
 [ 0.26039797  0.2468873   0.19049475  0.06469815  0.06635831]
 [ 0.2656534   0.2677729   0.23943365  0.13421564  0.09858178]
 [ 0.22269922  0.23489085  0.23941743  0.18727225  0.08891676]
 [ 0.07302509  0.05753945  0.01993985 -0.06061594 -0.21238253]] 
Episode: 230: [[ 0.28077292  0.26234213  0.1934311   0.05418001  0.05798457]
 [ 0.26040837  0.24689952  0.19052303  0.06473492  0.06638863]
 [ 0.265807    0.26792848  0.23960608  0.13439167  0.09867662]
 [ 0.22294165  0.23513396  0.23966843  0.18752235  0.0890689 ]
 [ 0.07318472  0.05769834  0.0201117  -0.0604458  -0.21229307]] 
Episode: 231: [[ 0.28080004  0.2623724   0.19346693  0.05422507  0.05804439]
 [ 0.26041493  0.24690859  0.1905467   0.06476809  0.06642123]
 [ 0.26594704  0.26807067  0.23976497  0.13455541  0.0987636 ]
 [ 0.22318019  0.23537254  0.2399183   0.18777171  0.08920651]
 [ 0.07334176  0.05785446  0.02028202 -0.06027674 -0.21221046]] 
Episode: 232: [[ 0.28085154  0.26242754  0.1935332   0.05430232  0.05811855]
 [ 0.2604549   0.24695198  0.19060951  0.06484203  0.06647693]
 [ 0.26613072  0.26825672  0.23997489  0.13477069  0.09887108]
 [ 0.22338018  0.2355714   0.2401289   0.18798283  0.08931102]
 [ 0.07345973  0.05797109  0.02041071 -0.06014814 -0.21215141]] 
Episode: 233: [[ 0.28096327  0.26254243  0.19365592  0.0544344   0.05822441]
 [ 0.2605526   0.24705276  0.19072609  0.06496836  0.06657966]
 [ 0.2663176   0.26844376  0.24018307  0.13497682  0.09897687]
 [ 0.2235024   0.23569262  0.24026196  0.18811646  0.0893335 ]
 [ 0.07349909  0.05800941  0.02046143 -0.06009729 -0.21213743]] 
Episode: 234: [[ 0.28106984  0.26265234  0.1937743   0.05456237  0.05832631]
 [ 0.26064438  0.24714765  0.19083661  0.0650887   0.06667616]
 [ 0.26650238  0.26862878  0.24038999  0.13518229  0.09907895]
 [ 0.2236293   0.23581809  0.24040143  0.1882562   0.08935501]
 [ 0.07354246  0.05805169  0.02051643 -0.06004221 -0.21212314]] 
Episode: 235: [[ 0.2811781   0.26276386  0.19389598  0.05469495  0.05842697]
 [ 0.2607365   0.2472427   0.19094832  0.06521162  0.06676894]
 [ 0.26667723  0.26880383  0.24058712  0.13538006  0.09917533]
 [ 0.22372761  0.23591462  0.24050984  0.18836536  0.08936261]
 [ 0.07356976  0.0580778   0.02055334 -0.06000463 -0.21211746]] 
Episode: 236: [[ 0.281341    0.26292962  0.1940687   0.05487697  0.05854659]
 [ 0.26078212  0.24729274  0.19101168  0.06528848  0.06684301]
 [ 0.26690644  0.2690331   0.24083349  0.1356262   0.09933023]
 [ 0.22387385  0.23605922  0.2406639   0.18851998  0.08944092]
 [ 0.07366108  0.05816787  0.02065161 -0.05990598 -0.21206923]] 
Episode: 237: [[ 0.28143942  0.26303026  0.19417387  0.05499662  0.05863953]
 [ 0.2608061   0.24732004  0.19105293  0.06534686  0.06690488]
 [ 0.2670813   0.26920792  0.2410228   0.13582073  0.09946475]
 [ 0.22395334  0.23613799  0.24074595  0.18860264  0.08950065]
 [ 0.07372041  0.05822647  0.02071424 -0.05984155 -0.21202905]] 
Episode: 238: [[ 0.2815934   0.26318613  0.19433166  0.05516695  0.05875267]
 [ 0.26088986  0.24740677  0.19115052  0.06545962  0.06699272]
 [ 0.26730186  0.26942647  0.2412621   0.13606395  0.09960064]
 [ 0.22403678  0.23622094  0.24083251  0.1886889   0.08956508]
 [ 0.07376805  0.05827318  0.02076481 -0.05978918 -0.21199597]] 
Episode: 239: [[ 0.28171155  0.26330623  0.19445008  0.05529635  0.05885338]
 [ 0.26094452  0.24746421  0.19121453  0.06553678  0.06706852]
 [ 0.26747707  0.26959977  0.24145132  0.1362564   0.09971651]
 [ 0.22408265  0.23626629  0.24087764  0.18873426  0.08961105]
 [ 0.07381006  0.05831426  0.02080928 -0.05974325 -0.2119661 ]] 
Episode: 240: [[ 0.28180283  0.26340002  0.19454306  0.05540418  0.05894618]
 [ 0.260991    0.24751382  0.19127211  0.06561057  0.06714277]
 [ 0.2676202   0.26974165  0.24160841  0.13642074  0.09982063]
 [ 0.22411017  0.23629346  0.24090344  0.18876155  0.08964862]
 [ 0.07384231  0.05834587  0.02084371 -0.05970635 -0.21193919]] 
Episode: 241: [[ 0.28189558  0.2634955   0.19464089  0.05551822  0.05903728]
 [ 0.2610349   0.24756116  0.19132833  0.06568422  0.06721532]
 [ 0.26777574  0.26989633  0.24178146  0.13660225  0.09992632]
 [ 0.22415303  0.23633555  0.24094822  0.1888082   0.08968405]
 [ 0.07387877  0.05838147  0.02088396 -0.05966327 -0.21191554]] 
Episode: 242: [[ 0.28200692  0.26361153  0.19475788  0.05564755  0.05915336]
 [ 0.26101184  0.24754119  0.19131804  0.06568983  0.06724553]
 [ 0.26793987  0.27006093  0.2419626   0.13678844  0.10004432]
 [ 0.2242498   0.2364316   0.2410454   0.18890698  0.08974142]
 [ 0.07393308  0.05843378  0.0209457  -0.05960065 -0.21190113]] 
Episode: 243: [[ 0.28207785  0.26368704  0.19482936  0.05572856  0.05924784]
 [ 0.26097393  0.2475065   0.19128785  0.06567121  0.06727016]
 [ 0.2680801   0.27020168  0.2421166   0.13694519  0.10014786]
 [ 0.22433098  0.23651205  0.24112664  0.1889902   0.08978975]
 [ 0.07397724  0.05847625  0.02099594 -0.05954986 -0.21188876]] 
Episode: 244: [[ 0.28212538  0.26373905  0.19487604  0.05578351  0.05933785]
 [ 0.2609447   0.2474812   0.19126602  0.06565937  0.06731446]
 [ 0.26821685  0.2703395   0.24226686  0.13709725  0.10026049]
 [ 0.224381    0.2365603   0.24117509  0.1890411   0.08981398]
 [ 0.07398689  0.05848368  0.02100851 -0.05953641 -0.21189678]] 
Episode: 245: [[ 0.28223428  0.26385185  0.19498187  0.0558963   0.05945029]
 [ 0.26096088  0.24750112  0.19129656  0.06569906  0.06737038]
 [ 0.26838157  0.2705047   0.2424511   0.13728279  0.10037075]
 [ 0.2244844   0.23666209  0.24127577  0.18914387  0.08984724]
 [ 0.07404943  0.05854376  0.02108092 -0.05946402 -0.21188553]] 
Episode: 246: [[ 0.2823701   0.2639914   0.19512117  0.05604366  0.05957058]
 [ 0.2610067   0.24755052  0.19136116  0.0657738   0.06743588]
 [ 0.2685392   0.2706628   0.24262954  0.13746454  0.10047321]
 [ 0.22457258  0.2367484   0.241362    0.18923274  0.08986989]
 [ 0.07410371  0.05859559  0.02114478 -0.05939949 -0.21187913]] 
Episode: 247: [[ 0.2824892   0.26411512  0.19524498  0.05617524  0.05967681]
 [ 0.26102266  0.24757163  0.191392    0.06581463  0.06749144]
 [ 0.26871255  0.27083725  0.24282682  0.13766445  0.10057405]
 [ 0.22471038  0.23688449  0.24149676  0.18936975  0.08993196]
 [ 0.07421441  0.05870297  0.02126828 -0.05927556 -0.21185994]] 
Episode: 248: [[ 0.2826135   0.26424375  0.19537552  0.05631108  0.059781  ]
 [ 0.2610366   0.24759054  0.19141948  0.06584996  0.06754362]
 [ 0.26888692  0.2710125   0.24302498  0.13786332  0.10067147]
 [ 0.22487532  0.23704714  0.24166466  0.1895384   0.08999805]
 [ 0.07433476  0.05882001  0.02140288 -0.05914145 -0.21183637]] 
Episode: 249: [[ 0.28270748  0.26434252  0.19547364  0.05641603  0.05987131]
 [ 0.26102236  0.24758163  0.1914146   0.06585418  0.06758379]
 [ 0.26905257  0.27117965  0.2432131   0.13805307  0.10076739]
 [ 0.22503288  0.23720221  0.24182676  0.18970148  0.09005716]
 [ 0.07444444  0.0589266   0.02152592 -0.05901855 -0.21181634]] 
Episode: 250: [[ 0.28276667  0.2644069   0.1955357   0.0564869   0.05994849]
 [ 0.26097363  0.24753882  0.1913717   0.06582222  0.06761406]
 [ 0.26919496  0.27132398  0.24337688  0.13822013  0.10085587]
 [ 0.2252332   0.23740028  0.24202983  0.18990536  0.0901297 ]
 [ 0.07456408  0.05904298  0.02166096 -0.05888383 -0.21179327]] 
Episode: 251: [[ 0.28284964  0.2644954   0.19562306  0.05657765  0.06002006]
 [ 0.26090074  0.24747285  0.19129863  0.06575588  0.06762471]
 [ 0.269395    0.27152574  0.24359457  0.13843998  0.10095   ]
 [ 0.22547191  0.23763694  0.24226972  0.19014588  0.09026688]
 [ 0.07473981  0.05921563  0.0218487  -0.05869658 -0.21174446]] 
Episode: 252: [[ 0.28290224  0.26455364  0.19567801  0.056638    0.06007884]
 [ 0.26080966  0.24738868  0.19120516  0.06567061  0.06762765]
 [ 0.26956698  0.2716998   0.24378239  0.13863157  0.10103462]
 [ 0.22570966  0.2378725   0.24251194  0.19038881  0.09039748]
 [ 0.07490814  0.05938112  0.02202933 -0.05851615 -0.21169639]] 
Episode: 253: [[ 0.2829496   0.26460642  0.19572707  0.05668936  0.06013393]
 [ 0.26070404  0.24728952  0.19109449  0.06556511  0.06762027]
 [ 0.26973224  0.27186736  0.2439625   0.13881207  0.10111912]
 [ 0.22596906  0.23813014  0.24278076  0.19065703  0.09053869]
 [ 0.0750777   0.05954823  0.02221191 -0.05833497 -0.2116435 ]] 
Episode: 254: [[ 0.28301024  0.2646721   0.19579205  0.05675751  0.06020034]
 [ 0.26064652  0.2472377   0.19103795  0.06551377  0.06763603]
 [ 0.26987356  0.2720107   0.24411766  0.13896942  0.101196  ]
 [ 0.22614451  0.23830459  0.24296522  0.19084105  0.09064479]
 [ 0.07519799  0.05966668  0.02234004 -0.05820709 -0.21160702]] 
Episode: 255: [[ 0.28305694  0.26472378  0.19584239  0.05681282  0.06026646]
 [ 0.26060194  0.2471983   0.19099599  0.06547809  0.06765966]
 [ 0.26999184  0.27213115  0.24424815  0.13910392  0.10126939]
 [ 0.22625166  0.23841159  0.24307385  0.19095074  0.09072499]
 [ 0.07528523  0.0597527   0.02243182 -0.05811456 -0.21157907]] 
Episode: 256: [[ 0.2831325   0.2648035   0.1959271   0.05690214  0.06035474]
 [ 0.26062563  0.24722669  0.19102019  0.06550767  0.0677294 ]
 [ 0.27012044  0.27226138  0.24439217  0.13925214  0.10135438]
 [ 0.2262894   0.23844923  0.24311432  0.19099224  0.09075007]
 [ 0.07530143  0.05976864  0.02244753 -0.05809799 -0.2115752 ]] 
Episode: 257: [[ 0.28319228  0.26486626  0.19599886  0.05698246  0.06043375]
 [ 0.26071063  0.2473159   0.19110377  0.06559584  0.06784569]
 [ 0.2702571   0.2723988   0.24454823  0.13941449  0.10144661]
 [ 0.22626479  0.23842452  0.24309354  0.19097246  0.09071476]
 [ 0.07526867  0.05973631  0.02240931 -0.05813364 -0.21158634]] 
Episode: 258: [[ 0.28322667  0.2649019   0.19604602  0.05704417  0.06049756]
 [ 0.2608506   0.2474597   0.19124067  0.06573662  0.06800028]
 [ 0.27038148  0.2725234   0.2446931   0.1395703   0.10153969]
 [ 0.22618414  0.2383438   0.24301769  0.1908976   0.09063873]
 [ 0.07517069  0.05963885  0.02230835 -0.05823211 -0.21162127]] 
Episode: 259: [[ 0.28326556  0.26494166  0.19610086  0.05711436  0.06055779]
 [ 0.2609926   0.2476048   0.19138516  0.06588653  0.06814504]
 [ 0.27050135  0.27264324  0.24483517  0.13972376  0.10162581]
 [ 0.22610673  0.23826653  0.24294414  0.19082531  0.0905702 ]
 [ 0.07507686  0.05954558  0.02221175 -0.05832594 -0.21165462]] 
Episode: 260: [[ 0.28326744  0.26494533  0.19611344  0.05714323  0.06061203]
 [ 0.26111484  0.24773093  0.1915086   0.06601639  0.06829013]
 [ 0.27059066  0.2727333   0.24494253  0.1398432   0.1017082 ]
 [ 0.22599453  0.23815401  0.24283093  0.1907145   0.09048478]
 [ 0.07497351  0.05944256  0.02210411 -0.05843054 -0.21169427]] 
Episode: 261: [[ 0.28328443  0.26496404  0.19614342  0.05718892  0.06067435]
 [ 0.26126438  0.24788353  0.1916659   0.06617951  0.06843877]
 [ 0.2706766   0.2728198   0.24504709  0.13995953  0.10178754]
 [ 0.22583501  0.23799421  0.24267188  0.19055764  0.09038509]
 [ 0.07486086  0.05933064  0.02198529 -0.05854639 -0.21173328]] 
Episode: 262: [[ 0.28329742  0.26497918  0.19616708  0.0572245   0.06073406]
 [ 0.2614311   0.24805395  0.19184178  0.0663568   0.06859658]
 [ 0.27075318  0.27289712  0.24513994  0.14006026  0.1018599 ]
 [ 0.2256446   0.23780297  0.24247736  0.19036615  0.09026511]
 [ 0.0747548   0.05922532  0.02187328 -0.05865585 -0.21176991]] 
Episode: 263: [[ 0.28330198  0.264986    0.19618109  0.05725107  0.06079304]
 [ 0.26158738  0.24821381  0.19200763  0.06652515  0.06874874]
 [ 0.27080977  0.27295467  0.24521053  0.14013976  0.10192672]
 [ 0.22542706  0.23758501  0.24225049  0.1901436   0.09014038]
 [ 0.07463998  0.05911131  0.02175097 -0.05877506 -0.21180938]] 
Episode: 264: [[ 0.2832955   0.26498255  0.19618133  0.05726369  0.06085128]
 [ 0.261703    0.24833353  0.19212832  0.06664938  0.06888336]
 [ 0.2708483   0.27299458  0.2452603   0.14019857  0.10198645]
 [ 0.22525865  0.23741579  0.24207762  0.18997402  0.09003726]
 [ 0.0745478   0.05901981  0.02165349 -0.05887006 -0.21183981]] 
Episode: 265: [[ 0.28329062  0.2649803   0.19618411  0.05727937  0.0609067 ]
 [ 0.26181412  0.24844812  0.19224638  0.0667721   0.06900883]
 [ 0.2708877   0.2730353   0.24531141  0.14025907  0.1020466 ]
 [ 0.22509451  0.23725112  0.24190786  0.18980756  0.08994172]
 [ 0.074455    0.05892766  0.02155499 -0.05896584 -0.21187055]] 
Episode: 266: [[ 0.28324842  0.2649415   0.19614486  0.05725404  0.06095022]
 [ 0.26188025  0.24851836  0.19231491  0.06684678  0.0691168 ]
 [ 0.27091527  0.27306458  0.24534927  0.14030658  0.10210281]
 [ 0.22499116  0.23714657  0.24180596  0.18970747  0.08986891]
 [ 0.07439215  0.05886513  0.02149    -0.05902884 -0.21189123]] 
Episode: 267: [[ 0.28322104  0.2649187   0.19612028  0.05724305  0.06101227]
 [ 0.26199433  0.24863802  0.19243586  0.06697274  0.06926052]
 [ 0.2709756   0.27312684  0.24542233  0.14038722  0.10217482]
 [ 0.22491737  0.23707071  0.24173675  0.1896388   0.08980217]
 [ 0.07433098  0.05880362  0.02142714 -0.05909017 -0.21191889]] 
Episode: 268: [[ 0.28321397  0.26491624  0.19612075  0.05725856  0.06107996]
 [ 0.26211318  0.24876224  0.19256578  0.06710976  0.06939957]
 [ 0.27104455  0.27319783  0.24550718  0.14048138  0.10224768]
 [ 0.22484891  0.23700073  0.241673    0.1895767   0.08974359]
 [ 0.07428207  0.05875453  0.02137826 -0.05913689 -0.21194027]] 
Episode: 269: [[ 0.2832168   0.26492363  0.19613127  0.05728206  0.06115203]
 [ 0.26226553  0.24892022  0.1927326   0.06728088  0.0695563 ]
 [ 0.27109614  0.27325144  0.24557213  0.14055441  0.10231317]
 [ 0.22475325  0.23690335  0.24157812  0.18948436  0.08967204]
 [ 0.07422499  0.05869713  0.02131996 -0.0591934  -0.21196625]] 
Episode: 270: [[ 0.28321797  0.26492935  0.19614084  0.05730618  0.06122168]
 [ 0.26238918  0.24904937  0.19286929  0.0674246   0.06969627]
 [ 0.27114186  0.27329913  0.24563147  0.14062342  0.10237381]
 [ 0.22468784  0.23683605  0.24151675  0.18942511  0.08961301]
 [ 0.0741757   0.05864744  0.02127044 -0.05924074 -0.21199   ]] 
Episode: 271: [[ 0.28323075  0.2649466   0.19616565  0.05734634  0.06128864]
 [ 0.2625071   0.24917258  0.19300255  0.06756631  0.06982468]
 [ 0.2712038   0.2733631   0.2457107   0.14071287  0.1024357 ]
 [ 0.22462443  0.23677091  0.24145775  0.18936923  0.08955561]
 [ 0.07413094  0.05860247  0.02122628 -0.05928214 -0.21201128]] 
Episode: 272: [[ 0.28323573  0.26495615  0.19618084  0.05737614  0.06135041]
 [ 0.26260087  0.24927165  0.1931087   0.06768096  0.06993961]
 [ 0.27125102  0.27341256  0.24577299  0.14078535  0.10249037]
 [ 0.22459388  0.23673874  0.241435    0.18934906  0.08951422]
 [ 0.07409114  0.05856247  0.02118743 -0.05931816 -0.21203077]] 
Episode: 273: [[ 0.28320226  0.2649273   0.19615097  0.05736049  0.06139965]
 [ 0.26265198  0.2493283   0.19316532  0.06774602  0.07004169]
 [ 0.2712802   0.27344418  0.24581318  0.14083499  0.10254358]
 [ 0.22457251  0.23671524  0.2414221   0.18933819  0.08947357]
 [ 0.07404391  0.05851456  0.02114017 -0.05936285 -0.21205789]] 
Episode: 274: [[ 0.28316817  0.26489803  0.19612095  0.05734389  0.06144746]
 [ 0.26270404  0.24938585  0.19322419  0.06781261  0.07014026]
 [ 0.27131656  0.27348325  0.24586149  0.14089178  0.10259996]
 [ 0.22457592  0.23671664  0.24143645  0.18935399  0.08944497]
 [ 0.07401758  0.05848752  0.02111626 -0.05938487 -0.21207677]] 
Episode: 275: [[ 0.2831489   0.26488325  0.1961077   0.05734347  0.06149515]
 [ 0.26276302  0.24944992  0.1932917   0.0678877   0.070234  ]
 [ 0.2713576   0.2735267   0.24591541  0.14095406  0.10265226]
 [ 0.22459655  0.23673534  0.24146989  0.18938868  0.08942454]
 [ 0.07400738  0.05847663  0.02111035 -0.05938905 -0.2120888 ]] 
Episode: 276: [[ 0.283089    0.26482874  0.19604954  0.05730319  0.06153252]
 [ 0.2627664   0.24945907  0.19329788  0.0679068   0.07030878]
 [ 0.2713621   0.2735345   0.24592924  0.14098093  0.1026963 ]
 [ 0.2246036   0.23674104  0.24148758  0.18940938  0.08940569]
 [ 0.07398246  0.05845147  0.0210878  -0.05940824 -0.21210268]] 
Episode: 277: [[ 0.28308576  0.2648305   0.19605811  0.05733082  0.0615866 ]
 [ 0.2627984   0.24949673  0.19333977  0.06796368  0.07039016]
 [ 0.27144337  0.27361867  0.24601558  0.14107813  0.10275961]
 [ 0.22466984  0.23680606  0.24156184  0.18948632  0.08940043]
 [ 0.07403102  0.05849966  0.02113645 -0.05935675 -0.21209502]] 
Episode: 278: [[ 0.28309673  0.26484635  0.196083    0.05737522  0.06164343]
 [ 0.26283085  0.24953474  0.19338307  0.06802302  0.07046838]
 [ 0.2715355   0.27371347  0.24611601  0.14118971  0.10282302]
 [ 0.22477205  0.23690708  0.24167714  0.18960306  0.08941307]
 [ 0.07408457  0.05855285  0.02119173 -0.05929859 -0.21208389]] 
Episode: 279: [[ 0.28310457  0.26485932  0.19610307  0.05741403  0.06169642]
 [ 0.26283035  0.24953976  0.19338877  0.06804483  0.07052727]
 [ 0.27161112  0.27379194  0.24619871  0.14128378  0.10287661]
 [ 0.22489245  0.23702635  0.24181369  0.18974102  0.08943395]
 [ 0.07414377  0.0586118   0.02125419 -0.05923331 -0.2120698 ]] 
Episode: 280: [[ 0.28316066  0.26492038  0.19618295  0.05751577  0.06175882]
 [ 0.26284885  0.24956407  0.1934214   0.06809782  0.07058836]
 [ 0.27174178  0.27392495  0.24634697  0.14144143  0.10293976]
 [ 0.22506069  0.23719357  0.24199489  0.18992345  0.08947494]
 [ 0.07426801  0.05873564  0.02137933 -0.05910579 -0.21203497]] 
Episode: 281: [[ 0.28322303  0.26498765  0.19627032  0.05762487  0.06182336]
 [ 0.2628828   0.24960366  0.19347207  0.06816847  0.07065386]
 [ 0.27187887  0.27406424  0.24650426  0.14160848  0.1030043 ]
 [ 0.22523583  0.23736748  0.24218589  0.19011538  0.08951727]
 [ 0.07439057  0.05885761  0.02150503 -0.05897763 -0.21200201]] 
Episode: 282: [[ 0.2833024   0.2650714   0.19637635  0.05774751  0.06189172]
 [ 0.26295573  0.24968195  0.19356616  0.06827678  0.07073424]
 [ 0.2719958   0.27418262  0.24664067  0.14175156  0.10305303]
 [ 0.22539742  0.23752762  0.24236293  0.19029254  0.08955184]
 [ 0.07450794  0.0589741   0.02162688 -0.0588545  -0.21197425]] 
Episode: 283: [[ 0.28336987  0.26514316  0.19646649  0.05785083  0.06196136]
 [ 0.26303852  0.24976999  0.19366908  0.06839008  0.07082343]
 [ 0.27208865  0.27427688  0.24674922  0.14186513  0.10309822]
 [ 0.22552021  0.237649    0.24249692  0.19042757  0.08957401]
 [ 0.07461389  0.05907917  0.02173688 -0.05874371 -0.21194826]] 
Episode: 284: [[ 0.28350106  0.26527807  0.19661523  0.05801093  0.06208117]
 [ 0.26317883  0.24991502  0.19382532  0.06855544  0.07096174]
 [ 0.27219328  0.27438402  0.24688007  0.14201403  0.10315945]
 [ 0.22557038  0.2376979   0.24255878  0.1904904   0.08952464]
 [ 0.0746377   0.05910234  0.02176639 -0.05871334 -0.21195507]] 
Episode: 285: [[ 0.2835708   0.2653529   0.19669601  0.05810614  0.06218761]
 [ 0.263256    0.24999811  0.19391121  0.06865304  0.07108505]
 [ 0.27224484  0.27443838  0.24695277  0.1421071   0.10320231]
 [ 0.22566041  0.23778592  0.24266715  0.1905997   0.08948858]
 [ 0.07467113  0.05913504  0.02180745 -0.05867115 -0.21195754]] 
Episode: 286: [[ 0.28363773  0.26542425  0.19677174  0.05819282  0.06228697]
 [ 0.26334554  0.2500928   0.19400953  0.06875925  0.07120615]
 [ 0.27230358  0.2744992   0.24703081  0.14220129  0.10324387]
 [ 0.22574317  0.23786668  0.24276641  0.19069928  0.08945416]
 [ 0.07470507  0.05916784  0.02184882 -0.05862943 -0.21196325]] 
Episode: 287: [[ 0.28368545  0.26547712  0.19682847  0.05826427  0.0623852 ]
 [ 0.26342034  0.25017342  0.19409381  0.06885496  0.07132652]
 [ 0.27236974  0.27456796  0.24711825  0.14230645  0.10329564]
 [ 0.22581455  0.2379357   0.24285398  0.19078833  0.08941593]
 [ 0.07472963  0.05919132  0.02188039 -0.05859629 -0.21197103]] 
Episode: 288: [[ 0.28371015  0.26550713  0.19685768  0.05830615  0.06247642]
 [ 0.26345834  0.25021687  0.19413559  0.0689062   0.07142857]
 [ 0.2724104   0.27461132  0.24717487  0.14237823  0.10334268]
 [ 0.22589579  0.23801453  0.24295212  0.19088621  0.0893876 ]
 [ 0.0747508   0.05921154  0.02190768 -0.05856848 -0.21197654]] 
Episode: 289: [[ 0.28373215  0.26553422  0.19688833  0.0583538   0.06256224]
 [ 0.26349452  0.25025862  0.19417931  0.06896348  0.07152829]
 [ 0.27245837  0.27466208  0.24724236  0.1424635   0.10339359]
 [ 0.22598709  0.23810324  0.24306254  0.19099708  0.08936536]
 [ 0.07477839  0.05923804  0.02194329 -0.05853162 -0.21198055]] 
Episode: 290: [[ 0.2837345   0.26554212  0.19689614  0.05837854  0.06264088]
 [ 0.26349443  0.25026447  0.19418168  0.06897995  0.07161349]
 [ 0.27248126  0.27468783  0.24728109  0.14252     0.10343325]
 [ 0.22612041  0.23823369  0.24322058  0.1911543   0.08935939]
 [ 0.07481857  0.05927713  0.02199301 -0.05848102 -0.21197931]] 
Episode: 291: [[ 0.2837928   0.26560652  0.19696711  0.05846561  0.06275736]
 [ 0.2635607   0.2503361   0.19424792  0.06905868  0.07176616]
 [ 0.2725384   0.27474776  0.24735856  0.14261442  0.10349301]
 [ 0.22617963  0.23829032  0.24330373  0.19123673  0.08927668]
 [ 0.07484416  0.05930039  0.02202782 -0.0584453  -0.21199787]] 
Episode: 292: [[ 0.2838737   0.26569256  0.19706106  0.0585706   0.0628729 ]
 [ 0.26365468  0.2504347   0.19434427  0.06916279  0.07191831]
 [ 0.27262026  0.27483162  0.24746102  0.14272903  0.10355531]
 [ 0.2262345   0.23834236  0.24338093  0.19131331  0.08919613]
 [ 0.07487776  0.05933174  0.02207097 -0.05840186 -0.21201144]] 
Episode: 293: [[ 0.28401753  0.26584092  0.19721372  0.05873274  0.063017  ]
 [ 0.26380542  0.25058964  0.19449495  0.06932029  0.07213737]
 [ 0.27277243  0.2749855   0.24762811  0.14290614  0.10364804]
 [ 0.22622311  0.23832843  0.24339132  0.19132316  0.08911331]
 [ 0.07485396  0.05930522  0.02205194 -0.05841582 -0.21204954]] 
Episode: 294: [[ 0.28413698  0.26596498  0.19734134  0.05887194  0.06314762]
 [ 0.26392698  0.25071546  0.19461602  0.06945041  0.07233338]
 [ 0.27290824  0.27512318  0.24777861  0.14306802  0.10373378]
 [ 0.22622879  0.23833175  0.24341922  0.19135064  0.08904447]
 [ 0.07483292  0.05928181  0.02203574 -0.05842679 -0.21208313]] 
Episode: 295: [[ 0.28424925  0.26608214  0.19746359  0.05900824  0.06327756]
 [ 0.26404998  0.25084305  0.19474211  0.06958781  0.07252517]
 [ 0.2730476   0.27526474  0.24793506  0.14323708  0.1038251 ]
 [ 0.22622079  0.23832105  0.24343093  0.19136286  0.08897085]
 [ 0.07481287  0.05925944  0.02202093 -0.05843604 -0.2121159 ]] 
Episode: 296: [[ 0.28435436  0.26619214  0.19758205  0.05914425  0.06340043]
 [ 0.26417223  0.25096995  0.19487205  0.06973223  0.07270741]
 [ 0.2731794   0.2753987   0.24808662  0.14340404  0.10391089]
 [ 0.22623813  0.23833553  0.24347046  0.19140308  0.08890984]
 [ 0.07480317  0.05924754  0.02201811 -0.058433   -0.2121432 ]] 
Episode: 297: [[ 0.284427    0.26626986  0.19766402  0.05924302  0.06350858]
 [ 0.26427284  0.25107554  0.194978    0.06985164  0.07287554]
 [ 0.27326727  0.27548897  0.24818915  0.14352208  0.1039791 ]
 [ 0.22624707  0.23834164  0.24349917  0.19143282  0.08884768]
 [ 0.07479777  0.05924019  0.02201945 -0.05842644 -0.21216668]] 
Episode: 298: [[ 0.2845062   0.26635382  0.19775505  0.05934989  0.06361467]
 [ 0.26438776  0.25119513  0.19510224  0.06998835  0.07304027]
 [ 0.27340037  0.27562386  0.24834315  0.14368846  0.10405973]
 [ 0.2262866   0.23837778  0.24356191  0.19149545  0.08879633]
 [ 0.07479346  0.05923351  0.02202266 -0.05841825 -0.21219379]] 
Episode: 299: [[ 0.28458586  0.26643854  0.19784823  0.05945935  0.06371628]
 [ 0.26448852  0.25130096  0.19521268  0.07011227  0.07319146]
 [ 0.27352777  0.2757534   0.24849232  0.1438506   0.10413589]
 [ 0.2263647   0.23845272  0.24366748  0.19160023  0.08876521]
 [ 0.07480921  0.05924717  0.02204846 -0.05838792 -0.21221061]] 
Episode: 300: [[ 0.28471693  0.2665751   0.1980008   0.05962611  0.06383822]
 [ 0.26463237  0.2514505   0.1953766   0.07028814  0.07335708]
 [ 0.27368608  0.27591392  0.2486828   0.14405693  0.10422   ]
 [ 0.22648667  0.23857085  0.24382187  0.1917539   0.08874401]
 [ 0.07485754  0.05929328  0.02211291 -0.05831893 -0.212217  ]] 
Episode: 301: [[ 0.28481153  0.26667643  0.19811273  0.05975122  0.06395559]
 [ 0.26472008  0.25154445  0.19547892  0.07040213  0.07349738]
 [ 0.27380005  0.2760306   0.24882495  0.14421448  0.10428936]
 [ 0.22665751  0.23873827  0.24402012  0.19195147  0.08875164]
 [ 0.07493705  0.05937004  0.0222131  -0.05821598 -0.21221644]] 
Episode: 302: [[ 0.28492284  0.26679477  0.19824633  0.05989966  0.06407969]
 [ 0.26477018  0.25160024  0.19554327  0.07048125  0.07361063]
 [ 0.27394807  0.2761815   0.24900678  0.144411    0.10437315]
 [ 0.22687225  0.23894994  0.24425776  0.19218849  0.08880125]
 [ 0.07505915  0.05948983  0.02236087 -0.05806726 -0.21219245]] 
Episode: 303: [[ 0.28497842  0.26685804  0.1983169   0.05998689  0.06418717]
 [ 0.2647736   0.25161004  0.19555444  0.07050846  0.07370908]
 [ 0.2740608   0.27629787  0.24914783  0.14456744  0.10445169]
 [ 0.22707918  0.23915388  0.24448791  0.19241808  0.08884908]
 [ 0.07517113  0.05959985  0.0224966  -0.05793034 -0.21216877]] 
Episode: 304: [[ 0.28510034  0.26698676  0.19844922  0.06013373  0.06431317]
 [ 0.26482257  0.25166494  0.1956211   0.07059304  0.07381897]
 [ 0.27421448  0.27645436  0.24933775  0.14477292  0.10453981]
 [ 0.22727859  0.23934978  0.24471182  0.19264166  0.08888993]
 [ 0.07528954  0.0597164   0.02264    -0.05778532 -0.21213953]] 
Episode: 305: [[ 0.285203    0.26709598  0.19856088  0.06026018  0.0644308 ]
 [ 0.26484436  0.25169203  0.19565722  0.07064734  0.07391016]
 [ 0.27433914  0.276582    0.24949393  0.1449449   0.10462046]
 [ 0.22745155  0.23951954  0.24490613  0.19283609  0.08892503]
 [ 0.07538662  0.05981176  0.02275878 -0.05766443 -0.21211702]] 
Episode: 306: [[ 0.2853672   0.26726595  0.19873013  0.06044229  0.06457756]
 [ 0.26493114  0.2517836   0.19575445  0.07076076  0.07403179]
 [ 0.27453056  0.27677605  0.2497098   0.14517409  0.10473824]
 [ 0.22766845  0.23973358  0.24514048  0.19307055  0.08898162]
 [ 0.07554006  0.05996266  0.02293688 -0.05748456 -0.21208048]] 
Episode: 307: [[ 0.28550205  0.2674064   0.19886775  0.06059241  0.06470703]
 [ 0.26499128  0.2518484   0.19582158  0.07084339  0.0741362 ]
 [ 0.27469295  0.27694106  0.24989307  0.14537013  0.10484149]
 [ 0.22787903  0.2399415   0.24536905  0.19329892  0.08903731]
 [ 0.07567661  0.06009698  0.02309556 -0.05732403 -0.21204828]] 
Episode: 308: [[ 0.28562662  0.26753613  0.19899501  0.06073035  0.06482942]
 [ 0.2650394   0.25190094  0.1958752   0.07091081  0.07423306]
 [ 0.27485052  0.27710092  0.25007057  0.14555821  0.10494211]
 [ 0.22808678  0.24014643  0.24559557  0.19352457  0.08909184]
 [ 0.07580247  0.0602207   0.02324189 -0.05717633 -0.2120185 ]] 
Episode: 309: [[ 0.28575853  0.26767346  0.19913052  0.06087355  0.06495947]
 [ 0.2650726   0.25193813  0.19591232  0.07095914  0.07431792]
 [ 0.27503732  0.27729034  0.2502791   0.14577278  0.10506055]
 [ 0.2282583   0.24031532  0.24578243  0.1937111   0.08913399]
 [ 0.07591018  0.06032652  0.02336749 -0.05704976 -0.2119929 ]] 
Episode: 310: [[ 0.28583938  0.26775894  0.19921046  0.06096183  0.06506658]
 [ 0.26510897  0.25197792  0.19595273  0.07100895  0.0744039 ]
 [ 0.2752176   0.27747315  0.25047937  0.14597766  0.10518285]
 [ 0.2283788   0.24043314  0.24591243  0.19384171  0.08915758]
 [ 0.07599801  0.06041276  0.0234698  -0.05694686 -0.21196903]] 
Episode: 311: [[ 0.28588027  0.2678055   0.1992487   0.06101215  0.06516229]
 [ 0.26512054  0.25199386  0.19596696  0.07103533  0.07448354]
 [ 0.27536392  0.2776229   0.2506439   0.14615002  0.10529553]
 [ 0.22850157  0.24055326  0.24604703  0.19397749  0.08918205]
 [ 0.07607441  0.06048779  0.02355988 -0.05685518 -0.21194851]] 
Episode: 312: [[ 0.2859072   0.26783773  0.19927134  0.06104572  0.0652463 ]
 [ 0.26511812  0.25199553  0.19596466  0.07104415  0.07455152]
 [ 0.27548954  0.27775174  0.25078467  0.14629792  0.10539626]
 [ 0.22862644  0.24067563  0.24618436  0.19411539  0.08920973]
 [ 0.07614873  0.06056093  0.02364703 -0.05676675 -0.21192674]] 
Episode: 313: [[ 0.28592148  0.2678576   0.19928335  0.0610726   0.06532442]
 [ 0.26511237  0.2519947   0.19596058  0.07105463  0.07462248]
 [ 0.27561113  0.27787694  0.25092328  0.14644693  0.10549711]
 [ 0.22878222  0.24082808  0.24635904  0.19429044  0.08924217]
 [ 0.07623516  0.0606462   0.02374841 -0.05666372 -0.21189901]] 
Episode: 314: [[ 0.28590998  0.2678512   0.19926703  0.06106998  0.06538665]
 [ 0.26510128  0.25198862  0.1959495   0.07105633  0.07469247]
 [ 0.27571052  0.27798     0.2510365   0.14656955  0.10559084]
 [ 0.2289498   0.24099281  0.24654706  0.19447811  0.08928624]
 [ 0.07634246  0.06075239  0.02387239 -0.05654054 -0.21185985]] 
Episode: 315: [[ 0.28588364  0.26782992  0.19923489  0.06105243  0.06544077]
 [ 0.2650731   0.2519654   0.1959194   0.07103988  0.07475303]
 [ 0.2757882   0.27806115  0.251126    0.14666948  0.10567249]
 [ 0.22912808  0.24116817  0.24674776  0.19467808  0.08933468]
 [ 0.07644697  0.06085587  0.0239932  -0.05642017 -0.21182112]] 
Episode: 316: [[ 0.28582862  0.26778084  0.19917141  0.06100532  0.06549187]
 [ 0.26504108  0.25193912  0.19588496  0.0710198   0.07481972]
 [ 0.27583122  0.27810824  0.25117752  0.14673321  0.10574513]
 [ 0.22929448  0.24133134  0.24693617  0.19486591  0.08937424]
 [ 0.07654131  0.06094925  0.02410264 -0.05631095 -0.21178602]] 
Episode: 317: [[ 0.28575268  0.26771113  0.19908565  0.06093692  0.06553318]
 [ 0.26498133  0.25188538  0.1958199   0.07097022  0.07487347]
 [ 0.2758611   0.27814236  0.251215    0.14678347  0.10581054]
 [ 0.22947086  0.24150449  0.24713653  0.19506526  0.0894178 ]
 [ 0.07662928  0.06103636  0.02420505 -0.05620844 -0.21175367]] 
Episode: 318: [[ 0.28572148  0.2676864   0.1990536   0.06092137  0.06558793]
 [ 0.2649604   0.25187024  0.19580248  0.07096776  0.07493165]
 [ 0.27591124  0.27819696  0.25127804  0.14685881  0.10587899]
 [ 0.22969176  0.2417225   0.24737713  0.19530495  0.0895083 ]
 [ 0.07674026  0.06114668  0.02433384 -0.05608043 -0.21171126]] 
Episode: 319: [[ 0.28566873  0.26764074  0.19899799  0.06088454  0.06563906]
 [ 0.26489615  0.251812    0.19573712  0.0709205   0.074973  ]
 [ 0.27592713  0.2782178   0.2513035   0.1468993   0.10593697]
 [ 0.229904    0.24193257  0.247609    0.19553638  0.08959987]
 [ 0.07685297  0.06125904  0.02446438 -0.05595038 -0.211665  ]] 
Episode: 320: [[ 0.2856192   0.2675982   0.19894724  0.06085163  0.06568699]
 [ 0.26481867  0.2517407   0.19565763  0.07085872  0.07500654]
 [ 0.27595678  0.2782521   0.25134504  0.14695431  0.10599511]
 [ 0.2301259   0.24215192  0.24785362  0.1957798   0.08968871]
 [ 0.07696349  0.06136908  0.02459281 -0.05582251 -0.21162184]] 
Episode: 321: [[ 0.2855387   0.2675248   0.19886643  0.06079217  0.06572159]
 [ 0.26470307  0.2516309   0.19554009  0.07076236  0.07501827]
 [ 0.27599788  0.27829814  0.25140235  0.14702635  0.10606085]
 [ 0.23038785  0.24241157  0.24813412  0.19605921  0.0898105 ]
 [ 0.07711327  0.06151855  0.02476586 -0.05565055 -0.21155931]] 
Episode: 322: [[ 0.2854427   0.26743573  0.19876732  0.0607137   0.06575131]
 [ 0.26456428  0.25149766  0.19539557  0.07063838  0.07502021]
 [ 0.2760048   0.2783097   0.25142092  0.14705986  0.10611223]
 [ 0.23064758  0.24266928  0.24841341  0.19633694  0.08993305]
 [ 0.07724569  0.06165079  0.02491891 -0.05549851 -0.21150142]] 
Episode: 323: [[ 0.285346    0.26734662  0.1986698   0.06063958  0.06578261]
 [ 0.26441914  0.25135896  0.19524558  0.07051162  0.07502372]
 [ 0.2760055   0.27831534  0.25143483  0.14709112  0.10615872]
 [ 0.23091207  0.24293084  0.24870166  0.19662364  0.09004272]
 [ 0.07736451  0.06176924  0.0250577  -0.05535961 -0.21145365]] 
Episode: 324: [[ 0.2852482   0.2672543   0.19857197  0.06056243  0.06578614]
 [ 0.26421997  0.25116554  0.19504458  0.0703316   0.07497557]
 [ 0.27597472  0.27828833  0.25141332  0.1470861   0.106176  ]
 [ 0.2312124   0.24322855  0.24902147  0.19694205  0.09022346]
 [ 0.07750449  0.06190974  0.02521795 -0.0552005  -0.2113849 ]] 
Episode: 325: [[ 0.28513318  0.2671441   0.19845404  0.06046162  0.06577139]
 [ 0.26398718  0.25093752  0.19480401  0.07010904  0.07490209]
 [ 0.27595034  0.27826777  0.25139675  0.14708224  0.10619538]
 [ 0.23154488  0.2435587   0.24936962  0.19728893  0.09042627]
 [ 0.0776447   0.06205064  0.02537793 -0.05504287 -0.21131513]] 
Episode: 326: [[ 0.28501114  0.26702747  0.19832784  0.06035435  0.06576461]
 [ 0.26377642  0.25073147  0.19458736  0.06991123  0.07484298]
 [ 0.27589604  0.27821782  0.25134674  0.14704765  0.10621071]
 [ 0.23178141  0.24379312  0.24962218  0.19754036  0.09058528]
 [ 0.07774373  0.06215083  0.02549129 -0.05493003 -0.21125884]] 
Episode: 327: [[ 0.28493622  0.26695803  0.19825333  0.06029427  0.06578247]
 [ 0.26361695  0.25057673  0.19442675  0.06976514  0.07480843]
 [ 0.27587548  0.2782014   0.25133377  0.14704621  0.10623979]
 [ 0.23197788  0.24398726  0.24983232  0.19775021  0.09071455]
 [ 0.07782858  0.06223664  0.02558923 -0.05483279 -0.21121189]] 
Episode: 328: [[ 0.28484297  0.26687032  0.1981593   0.06021722  0.06579284]
 [ 0.26345575  0.25042     0.19426449  0.06961957  0.07477134]
 [ 0.2758277   0.278158    0.25129125  0.14701797  0.10625951]
 [ 0.23215263  0.24416098  0.250018    0.19793577  0.09084295]
 [ 0.07789333  0.06230261  0.02566464 -0.05475675 -0.21117146]] 
Episode: 329: [[ 0.28473163  0.26676518  0.19804439  0.06011983  0.06580411]
 [ 0.26330796  0.25027716  0.1941157   0.06948709  0.07474839]
 [ 0.27574763  0.27808294  0.25121233  0.14695452  0.10627303]
 [ 0.23224719  0.2442546   0.2501243   0.19804199  0.09093129]
 [ 0.07792938  0.06234007  0.02570774 -0.05471209 -0.21114203]] 
Episode: 330: [[ 0.28461844  0.2666576   0.1979257   0.06001625  0.06581461]
 [ 0.2631857   0.25015944  0.19399272  0.06937729  0.07473992]
 [ 0.2756808   0.27802035  0.25114658  0.14690152  0.10629088]
 [ 0.23229818  0.2443046   0.25018162  0.19809996  0.09099523]
 [ 0.07795648  0.06236826  0.02574051 -0.05467829 -0.21111773]] 
Episode: 331: [[ 0.28450778  0.26655236  0.1978096   0.05991589  0.06583408]
 [ 0.26309586  0.25007376  0.19390549  0.06930331  0.07475142]
 [ 0.2756019   0.27794555  0.25106725  0.14683586  0.10631006]
 [ 0.23228148  0.24428698  0.2501725   0.19809143  0.09101839]
 [ 0.07795178  0.06236479  0.02573731 -0.05467952 -0.21110462]] 
Episode: 332: [[ 0.2844111   0.26646066  0.1977076   0.05982991  0.06587403]
 [ 0.2630437   0.2500252   0.19385882  0.06926957  0.07479177]
 [ 0.27552158  0.277869    0.25098485  0.14676757  0.10634208]
 [ 0.23220399  0.24420865  0.25010368  0.19802316  0.09097913]
 [ 0.0778874   0.06230142  0.02566713 -0.05474598 -0.2111176 ]] 
Episode: 333: [[ 0.28429088  0.26634583  0.19757664  0.05971265  0.06590743]
 [ 0.26298028  0.24996635  0.19379541  0.06921596  0.07483808]
 [ 0.2754374   0.27778894  0.25089568  0.14668977  0.10637657]
 [ 0.23210001  0.24410327  0.2500044   0.19792616  0.09092078]
 [ 0.07783255  0.06224772  0.02560691 -0.05480336 -0.21112357]] 
Episode: 334: [[ 0.2841576   0.26621786  0.19742967  0.05957832  0.06593783]
 [ 0.26293212  0.24992283  0.19374688  0.06917548  0.07489592]
 [ 0.2753459   0.27770132  0.2507972   0.14660162  0.10640872]
 [ 0.23195578  0.24395752  0.2498583   0.1977833   0.09084258]
 [ 0.07776835  0.06218443  0.02553613 -0.05487154 -0.21113588]] 
Episode: 335: [[ 0.2840121   0.2660776   0.19726893  0.05942982  0.06596798]
 [ 0.26289302  0.24988833  0.1937078   0.06914341  0.07496361]
 [ 0.27525198  0.27761117  0.25069588  0.14651003  0.10644412]
 [ 0.23177741  0.2437776   0.24967235  0.19760157  0.09074987]
 [ 0.07769816  0.0621151   0.02545858 -0.05494655 -0.2111498 ]] 
Episode: 336: [[ 0.28388256  0.2659535   0.1971262   0.05930008  0.06600955]
 [ 0.2628622   0.24986231  0.19367805  0.06912179  0.0750384 ]
 [ 0.27515483  0.27751794  0.25059146  0.1464168   0.1064808 ]
 [ 0.23157413  0.24357279  0.24945751  0.19739223  0.09064595]
 [ 0.077631    0.06204873  0.02538473 -0.05501746 -0.21116278]] 
Episode: 337: [[ 0.28374767  0.26582444  0.1969782   0.05916638  0.06604601]
 [ 0.26280582  0.2498111   0.19361992  0.0690736   0.07510003]
 [ 0.2750568   0.27742407  0.25048676  0.14632444  0.10651365]
 [ 0.2314188   0.24341567  0.24929631  0.19723593  0.09056051]
 [ 0.07757631  0.06199469  0.02532535 -0.0550737  -0.21117303]] 
Episode: 338: [[ 0.28362522  0.26570815  0.19684467  0.05904546  0.06608731]
 [ 0.2627403   0.24975099  0.19355212  0.06901474  0.07515621]
 [ 0.27499872  0.27737054  0.25042668  0.14627394  0.1065638 ]
 [ 0.23133652  0.24333116  0.24921197  0.19715603  0.0905    ]
 [ 0.07756846  0.0619874   0.02531896 -0.05507882 -0.21116427]] 
Episode: 339: [[ 0.28351784  0.26560706  0.1967307   0.05894997  0.0661337 ]
 [ 0.26268032  0.24969663  0.1934927   0.06897014  0.07521468]
 [ 0.27494463  0.2773209   0.2503736   0.14623582  0.10661176]
 [ 0.2312546   0.24324684  0.24912834  0.19707815  0.09043719]
 [ 0.07755698  0.06197635  0.02530919 -0.05508536 -0.21115915]] 
Episode: 340: [[ 0.28340307  0.26549864  0.19660681  0.05884311  0.06618062]
 [ 0.26263052  0.24965246  0.19344297  0.0689334   0.0752804 ]
 [ 0.27488852  0.2772692   0.2503167   0.14619236  0.10666125]
 [ 0.2311183   0.24310835  0.24899247  0.19694743  0.0903483 ]
 [ 0.0775171   0.06193687  0.02526723 -0.05512378 -0.21116687]] 
Episode: 341: [[ 0.28332117  0.26542303  0.19652192  0.0587769   0.06623179]
 [ 0.26261425  0.24964222  0.19343212  0.06893721  0.07535599]
 [ 0.27489048  0.27727553  0.2503262   0.14621529  0.10672727]
 [ 0.2310328   0.24302015  0.24891447  0.19687393  0.0902761 ]
 [ 0.07747553  0.06189545  0.02522459 -0.05516175 -0.21118037]] 
Episode: 342: [[ 0.28322056  0.2653287   0.196414    0.05868664  0.06627725]
 [ 0.26257956  0.24961331  0.19339883  0.06891766  0.07542278]
 [ 0.27486563  0.27725503  0.2503041   0.14620633  0.10678367]
 [ 0.23092932  0.24291442  0.24881385  0.19677821  0.09020311]
 [ 0.07742682  0.06184715  0.02517298 -0.05520887 -0.2111933 ]] 
Episode: 343: [[ 0.28317901  0.2652935   0.19637609  0.05866317  0.06633646]
 [ 0.26253703  0.24957716  0.19335961  0.068891    0.07548095]
 [ 0.27490333  0.27729642  0.25035638  0.14626896  0.106848  ]
 [ 0.23089899  0.2428821   0.24878408  0.19675288  0.09019089]
 [ 0.07743929  0.06185865  0.02519348 -0.05518561 -0.21119715]] 
Episode: 344: [[ 0.2831305   0.26525116  0.19632816  0.05862813  0.06639228]
 [ 0.2624969   0.2495433   0.19332078  0.06886286  0.07553994]
 [ 0.27491874  0.27731526  0.25038227  0.14630441  0.10690095]
 [ 0.23084393  0.2428249   0.24872655  0.19670044  0.09016412]
 [ 0.07744398  0.06186247  0.02520448 -0.05517228 -0.21120323]] 
Episode: 345: [[ 0.28309283  0.2652198   0.19629204  0.05860604  0.06646635]
 [ 0.26249307  0.24954523  0.1933235   0.06887676  0.07561922]
 [ 0.27491012  0.27731004  0.25038168  0.1463154   0.10695348]
 [ 0.2307317   0.24271071  0.24861407  0.19659252  0.09010269]
 [ 0.07742636  0.06184397  0.02519024 -0.05518331 -0.21121602]] 
Episode: 346: [[ 0.2830338   0.26516807  0.1962312   0.05856071  0.06654096]
 [ 0.26244527  0.24950406  0.19327593  0.06884218  0.07568829]
 [ 0.2749062   0.2773102   0.25038582  0.14633119  0.1070138 ]
 [ 0.23068643  0.24266334  0.24857362  0.1965562   0.09006751]
 [ 0.07742545  0.06184257  0.0251944  -0.05517634 -0.21121715]] 
Episode: 347: [[ 0.28298435  0.26512504  0.19618234  0.05852856  0.06660815]
 [ 0.26240474  0.24946912  0.19323793  0.06881846  0.07574667]
 [ 0.27487448  0.2772822   0.25035983  0.14631914  0.10705518]
 [ 0.23060472  0.24258035  0.24849038  0.19647855  0.09002466]
 [ 0.07740463  0.06182146  0.02517593 -0.05519085 -0.2112262 ]] 
Episode: 348: [[ 0.28298572  0.26513076  0.19619186  0.05855022  0.06667578]
 [ 0.26239613  0.24946456  0.19323714  0.06882882  0.07580234]
 [ 0.2748931   0.2773026   0.25039095  0.14635956  0.107099  ]
 [ 0.23059393  0.24256845  0.24847616  0.1964694   0.09001139]
 [ 0.07739976  0.06181573  0.02517591 -0.05518806 -0.21123338]] 
Episode: 349: [[ 0.2829848   0.26513404  0.19619873  0.0585688   0.06673736]
 [ 0.2623783   0.2494507   0.19322574  0.0688284   0.07585005]
 [ 0.27491468  0.27732587  0.25042516  0.14640272  0.10714033]
 [ 0.23060852  0.24258175  0.24849162  0.19648911  0.09000687]
 [ 0.07740176  0.06181693  0.02518353 -0.05517777 -0.21123779]] 
Episode: 350: [[ 0.2829385   0.2650928   0.19615264  0.05853502  0.06678721]
 [ 0.26230842  0.24938554  0.19315344  0.06876764  0.07588374]
 [ 0.2749046   0.27731845  0.25042197  0.14640889  0.10717779]
 [ 0.23061699  0.24258928  0.24850023  0.19650225  0.09000442]
 [ 0.07739157  0.06180635  0.02517652 -0.05518203 -0.21124282]] 
Episode: 351: [[ 0.2829126   0.26507077  0.19612776  0.0585187   0.06683467]
 [ 0.2622542   0.24933486  0.19309747  0.06871997  0.07591254]
 [ 0.27489743  0.27731305  0.2504204   0.14641392  0.1072083 ]
 [ 0.23060744  0.2425786   0.24848832  0.19649419  0.08999139]
 [ 0.07737055  0.06178473  0.02515681 -0.05519948 -0.21125534]] 
Episode: 352: [[ 0.2828798   0.26504123  0.19609441  0.05849192  0.06687198]
 [ 0.26220393  0.24928768  0.19304483  0.06867313  0.07593795]
 [ 0.2748722   0.27728927  0.25039768  0.14639607  0.10722739]
 [ 0.23060739  0.24257763  0.24848703  0.19649573  0.08998512]
 [ 0.07736509  0.06177876  0.02515376 -0.05520197 -0.21125937]] 
Episode: 353: [[ 0.28282365  0.26498926  0.19603336  0.05843521  0.06690057]
 [ 0.26210508  0.24919327  0.19293547  0.06856858  0.07595035]
 [ 0.2748524   0.27727178  0.25037977  0.14638071  0.10725125]
 [ 0.23067035  0.2426398   0.24854682  0.1965581   0.09001958]
 [ 0.07738215  0.0617952   0.02517624 -0.05518038 -0.2112571 ]] 
Episode: 354: [[ 0.2827396   0.26491067  0.19594392  0.05835688  0.06692545]
 [ 0.26197577  0.24906948  0.19279441  0.06843869  0.07595669]
 [ 0.2748281   0.2772507   0.2503596   0.14636852  0.10727838]
 [ 0.23078118  0.24274963  0.24866149  0.19667514  0.0900718 ]
 [ 0.07740028  0.06181291  0.02520108 -0.05515455 -0.2112539 ]] 
Episode: 355: [[ 0.2826724   0.26484865  0.19587305  0.05829536  0.06695573]
 [ 0.26186353  0.24896254  0.19267207  0.06832544  0.07596895]
 [ 0.2748372   0.2772631   0.25037524  0.14638942  0.10732289]
 [ 0.23091017  0.24287678  0.24879892  0.19681361  0.09012134]
 [ 0.07745523  0.06186686  0.0252677  -0.05508861 -0.21123965]] 
Episode: 356: [[ 0.28261852  0.2647995   0.1958159   0.05824601  0.06698642]
 [ 0.2617692   0.248873    0.1925688   0.06822966  0.075983  ]
 [ 0.27485174  0.27728063  0.25039575  0.14641403  0.10736597]
 [ 0.23102753  0.24299237  0.24892426  0.19693996  0.09016503]
 [ 0.0775042   0.06191494  0.02532704 -0.05502991 -0.21122698]] 
Episode: 357: [[ 0.28256786  0.26475447  0.19576038  0.0581973   0.06702939]
 [ 0.26170313  0.24881254  0.19249542  0.06816158  0.07601848]
 [ 0.27492857  0.27736294  0.25047994  0.14649598  0.10746871]
 [ 0.23119447  0.24315943  0.24909797  0.19711463  0.09026494]
 [ 0.0776219   0.06203362  0.02545662 -0.05490449 -0.21115667]] 
Episode: 358: [[ 0.28254387  0.26473746  0.19573624  0.05817946  0.06709064]
 [ 0.2617001   0.24881601  0.19249399  0.0681626   0.07608543]
 [ 0.27508247  0.27752167  0.25063592  0.1466492   0.10761097]
 [ 0.23140189  0.24336533  0.24931516  0.1973327   0.09035924]
 [ 0.07779644  0.06220818  0.02564911 -0.05471576 -0.21107154]] 
Episode: 359: [[ 0.2825433   0.26474342  0.19574098  0.05819172  0.06715486]
 [ 0.2617226   0.24884456  0.19252393  0.06819641  0.07615547]
 [ 0.27524316  0.2776867   0.25080392  0.14681606  0.10774498]
 [ 0.23160873  0.24357034  0.24953473  0.19755313  0.09044701]
 [ 0.07794449  0.06235613  0.0258133  -0.054554   -0.2110014 ]] 
Episode: 360: [[ 0.28257215  0.26477858  0.1957822   0.05824064  0.06722625]
 [ 0.2617361   0.24886422  0.19254686  0.06822465  0.07621879]
 [ 0.2754348   0.27788225  0.25101146  0.14702277  0.10788392]
 [ 0.2318578   0.24381779  0.24979316  0.19781238  0.09055728]
 [ 0.0781057   0.06251701  0.02599439 -0.05437511 -0.21092826]] 
Episode: 361: [[ 0.28264704  0.26485997  0.19587763  0.05834528  0.06731109]
 [ 0.2617693   0.24890387  0.1925943   0.06827969  0.07628606]
 [ 0.2756551   0.27810648  0.25125504  0.1472674   0.10802602]
 [ 0.23213054  0.24408849  0.25008342  0.1981039   0.09066899]
 [ 0.07826814  0.06267902  0.02617871 -0.05419189 -0.21085852]] 
Episode: 362: [[ 0.28279167  0.2650104   0.19603702  0.05851262  0.06741661]
 [ 0.2618472   0.24898726  0.19269866  0.06839419  0.07636357]
 [ 0.2759376   0.2783924   0.2515539   0.14756645  0.10818597]
 [ 0.232416    0.24437122  0.250393    0.19841495  0.09077609]
 [ 0.07845798  0.0628678   0.02639672 -0.05397472 -0.2107834 ]] 
Episode: 363: [[ 0.28291732  0.2651416   0.19617681  0.05866067  0.06751401]
 [ 0.26192957  0.24907482  0.19280764  0.06851273  0.07644216]
 [ 0.27620417  0.27866232  0.2518378   0.1478508   0.1083386 ]
 [ 0.23268144  0.24463424  0.25068176  0.19870532  0.09087715]
 [ 0.0786292   0.06303812  0.02659383 -0.0537781  -0.21071474]] 
Episode: 364: [[ 0.28304836  0.26527786  0.19632515  0.05881877  0.06761209]
 [ 0.26201695  0.24916716  0.19292286  0.06863864  0.0765214 ]
 [ 0.2764561   0.2789172   0.25210923  0.14812489  0.10848052]
 [ 0.23296     0.24491015  0.2509879   0.19901302  0.09098135]
 [ 0.07880615  0.06321414  0.02679797 -0.05357414 -0.21064365]] 
Episode: 365: [[ 0.2831783   0.26541278  0.1964755   0.05898152  0.06770836]
 [ 0.26210615  0.2492614   0.19304109  0.06876976  0.07660324]
 [ 0.27669722  0.27916127  0.25237247  0.14839336  0.1086179 ]
 [ 0.23323329  0.24518088  0.2512903   0.19931738  0.09108455]
 [ 0.07897922  0.06338651  0.02699828 -0.0533731  -0.21057159]] 
Episode: 366: [[ 0.2832671   0.26550612  0.19657907  0.05909621  0.06778318]
 [ 0.2621869   0.24934678  0.19314738  0.06888606  0.07667872]
 [ 0.27690154  0.27936822  0.25259513  0.14861956  0.10873602]
 [ 0.23347548  0.24542058  0.25155845  0.19958676  0.09117414]
 [ 0.07913252  0.0635391   0.02717559 -0.05319648 -0.21050838]] 
Episode: 367: [[ 0.28333038  0.26557413  0.19665349  0.05918341  0.06785357]
 [ 0.2622244   0.24938948  0.1932027   0.06895333  0.07674534]
 [ 0.2770709   0.2795404   0.2527795   0.14880998  0.10884374]
 [ 0.23367454  0.24561714  0.25177923  0.19981079  0.0912445 ]
 [ 0.07925355  0.06365968  0.02731619 -0.05305525 -0.2104567 ]] 
Episode: 368: [[ 0.2833721   0.26562068  0.19670314  0.05924558  0.06791621]
 [ 0.26225016  0.24942045  0.1932432   0.06900521  0.07680739]
 [ 0.27721286  0.2796853   0.25293368  0.14897041  0.10894052]
 [ 0.23385406  0.24579425  0.25197864  0.20001332  0.09130626]
 [ 0.07935511  0.0637608   0.02743466 -0.05293586 -0.21041411]] 
Episode: 369: [[ 0.28343412  0.26568687  0.19677873  0.05933486  0.06799135]
 [ 0.2623153   0.24949084  0.19332957  0.06910408  0.07689511]
 [ 0.27735928  0.27983353  0.25309792  0.14914271  0.10903287]
 [ 0.2340066   0.24594419  0.25214908  0.20018725  0.09135434]
 [ 0.07944345  0.06384865  0.02753894 -0.05283022 -0.21037647]] 
Episode: 370: [[ 0.28352207  0.26577854  0.19688402  0.05944974  0.06806884]
 [ 0.26240417  0.24958482  0.19344178  0.06922478  0.0769881 ]
 [ 0.27754748  0.2800231   0.2533096   0.14935803  0.10913516]
 [ 0.23419762  0.24613242  0.25236383  0.20040467  0.09141575]
 [ 0.07954887  0.0639532   0.02766314 -0.05270606 -0.21033691]] 
Episode: 371: [[ 0.2836071   0.26586792  0.19698669  0.05956495  0.06814996]
 [ 0.26248294  0.24966934  0.19354221  0.06933647  0.07708201]
 [ 0.27772093  0.28019813  0.25350672  0.1495616   0.10923097]
 [ 0.23440222  0.24633346  0.25259656  0.20064011  0.0914738 ]
 [ 0.07965703  0.06406031  0.02779112 -0.05257735 -0.21029855]] 
Episode: 372: [[ 0.2836914   0.26595628  0.19708923  0.05967931  0.0682288 ]
 [ 0.26258746  0.24977918  0.19367145  0.06947546  0.07718457]
 [ 0.27788475  0.2803632   0.25369427  0.14975543  0.10931913]
 [ 0.2345812   0.24650872  0.25280133  0.20084785  0.09151667]
 [ 0.07975186  0.06415398  0.02790432 -0.0524632  -0.2102681 ]] 
Episode: 373: [[ 0.28379127  0.2660595   0.19721049  0.05981139  0.06830873]
 [ 0.2626968   0.24989326  0.19380656  0.06961974  0.07728519]
 [ 0.2780878   0.28056684  0.253927    0.14999278  0.10941947]
 [ 0.23480596  0.24673016  0.25304702  0.20109625  0.09157123]
 [ 0.0798602   0.06426086  0.02803329 -0.05233363 -0.21023391]] 
Episode: 374: [[ 0.28386372  0.26613557  0.19730107  0.05991449  0.0683774 ]
 [ 0.26278073  0.2499821   0.19391257  0.06973645  0.07737471]
 [ 0.27825767  0.28073776  0.254123    0.15019533  0.10950799]
 [ 0.23501347  0.24693462  0.25327474  0.20132704  0.09162164]
 [ 0.07995903  0.06435849  0.02815118 -0.0522146  -0.2102016 ]] 
Episode: 375: [[ 0.28390956  0.26618454  0.197362    0.0599879   0.06842624]
 [ 0.26282826  0.25003344  0.19397789  0.06981166  0.07743328]
 [ 0.27840665  0.28088802  0.25429514  0.15037335  0.10958782]
 [ 0.23522912  0.24714817  0.25351167  0.20156613  0.09168835]
 [ 0.08007878  0.06447769  0.02829121 -0.05207447 -0.21015131]] 
Episode: 376: [[ 0.28397268  0.26625034  0.19744585  0.06008542  0.06846742]
 [ 0.26291138  0.25012067  0.19408414  0.06992789  0.07750303]
 [ 0.27858007  0.28106177  0.25449842  0.15058307  0.10965913]
 [ 0.23546597  0.24738157  0.25377753  0.20183475  0.09174659]
 [ 0.08021919  0.06461759  0.02845507 -0.05191061 -0.21009277]] 
Episode: 377: [[ 0.2839953   0.2662765   0.19748501  0.0601421   0.06849833]
 [ 0.26294795  0.25016215  0.19413826  0.06999575  0.07755903]
 [ 0.2787269   0.2812096   0.25467318  0.15076749  0.10972451]
 [ 0.2357034   0.2476155   0.2540457   0.20210584  0.09180655]
 [ 0.08034928  0.06474728  0.02860765 -0.05175697 -0.21003811]] 
Episode: 378: [[ 0.2839865   0.26627156  0.19748725  0.06016171  0.06852363]
 [ 0.26294258  0.2501619   0.19414328  0.07001437  0.07760394]
 [ 0.27885708  0.2813416   0.25482726  0.15093055  0.10979706]
 [ 0.2359229   0.24783196  0.2542938   0.20235664  0.09186594]
 [ 0.08048338  0.06488138  0.02876371 -0.05160051 -0.20997502]] 
Episode: 379: [[ 0.28394583  0.26623517  0.1974525   0.06014543  0.06853917]
 [ 0.26290768  0.2501324   0.19411373  0.06999955  0.07763901]
 [ 0.2789532   0.28144002  0.2549427   0.15105668  0.10985899]
 [ 0.23613283  0.24803893  0.25453195  0.20259784  0.0919228 ]
 [ 0.08060011  0.06499829  0.02889977 -0.05146331 -0.20991822]] 
Episode: 380: [[ 0.2838627   0.2661563   0.19736722  0.06007771  0.06853834]
 [ 0.2628535   0.25008342  0.19405964  0.06995887  0.07766631]
 [ 0.27902064  0.28151     0.25502348  0.15114735  0.10991348]
 [ 0.23629376  0.24819721  0.25471434  0.20278355  0.09196206]
 [ 0.08071849  0.06511683  0.0290369  -0.05132553 -0.2098593 ]] 
Episode: 381: [[ 0.28377017  0.26606792  0.19727013  0.0599976   0.06853523]
 [ 0.2627823   0.2500173   0.19398522  0.06989783  0.07768682]
 [ 0.2790611   0.28155318  0.2550733   0.15120748  0.10995932]
 [ 0.23644218  0.24834338  0.25488228  0.20295456  0.0920018 ]
 [ 0.08081707  0.06521565  0.02915132 -0.05121005 -0.20980862]] 
Episode: 382: [[ 0.28365856  0.2659609   0.1971505   0.05989417  0.06852844]
 [ 0.2626983   0.2499384   0.19389565  0.06982072  0.0777022 ]
 [ 0.27910128  0.28159648  0.25512204  0.15126556  0.11000994]
 [ 0.23658834  0.24848773  0.2550479   0.20312314  0.09204633]
 [ 0.08090717  0.06530615  0.02925584 -0.05110444 -0.20976023]] 
Episode: 383: [[ 0.2835561   0.26586324  0.19703895  0.0597962   0.06853731]
 [ 0.2626308   0.24987604  0.1938228   0.06975771  0.07773311]
 [ 0.27913427  0.28163227  0.25516176  0.15131275  0.11006217]
 [ 0.23668887  0.24858533  0.25516376  0.20324305  0.09205946]
 [ 0.08098824  0.06538767  0.02934953 -0.05101024 -0.20971206]] 
Episode: 384: [[ 0.28354338  0.26585478  0.19701405  0.05978321  0.0685804 ]
 [ 0.26264393  0.24989387  0.19382776  0.06977147  0.07780015]
 [ 0.2792153   0.28171563  0.25525594  0.15141149  0.1101305 ]
 [ 0.23674679  0.24863976  0.255233    0.20331639  0.09204285]
 [ 0.08108154  0.06548079  0.02945795 -0.05090247 -0.20966572]] 
Episode: 385: [[ 0.28361103  0.2659262   0.19706683  0.05984638  0.06866185]
 [ 0.2627294   0.24998362  0.19390252  0.06985411  0.07789072]
 [ 0.2793749   0.28187722  0.2554224   0.15158132  0.11023216]
 [ 0.23686351  0.24875338  0.2553575   0.20344463  0.09205264]
 [ 0.08122781  0.06562574  0.02962855 -0.05073377 -0.20960961]] 
Episode: 386: [[ 0.2836703   0.26598907  0.1971119   0.05990073  0.06873501]
 [ 0.2628195   0.25007817  0.19398315  0.0699409   0.07798395]
 [ 0.27954176  0.28204614  0.25559738  0.15175822  0.11033668]
 [ 0.23700322  0.24888971  0.2555101   0.20360011  0.09207156]
 [ 0.08135989  0.06575646  0.02978284 -0.0505814  -0.20956095]] 
Episode: 387: [[ 0.2836955   0.26601824  0.1971199   0.0599185   0.06879749]
 [ 0.26287523  0.25013864  0.19402617  0.06999069  0.07806574]
 [ 0.27966926  0.28217605  0.25572902  0.15189306  0.11042791]
 [ 0.23712504  0.24900845  0.25564322  0.20373625  0.09208714]
 [ 0.08147401  0.06586952  0.02991615 -0.05044962 -0.20951685]] 
Episode: 388: [[ 0.28373164  0.2660582   0.19714496  0.0599552   0.0688598 ]
 [ 0.2629276   0.25019574  0.19406955  0.07004298  0.07814271]
 [ 0.27980044  0.28230932  0.25586876  0.15203807  0.11051417]
 [ 0.23726484  0.24914475  0.25579935  0.20389535  0.09210617]
 [ 0.0815778   0.0659722   0.03003838 -0.05032787 -0.20947891]] 
Episode: 389: [[ 0.28379276  0.26612294  0.19720204  0.06002397  0.0689273 ]
 [ 0.26299444  0.25026736  0.19413236  0.07011499  0.07822357]
 [ 0.27997038  0.28248107  0.25605485  0.15222907  0.110612  ]
 [ 0.23744892  0.24932474  0.25600213  0.20410082  0.09213875]
 [ 0.08169118  0.06608433  0.03017241 -0.05019394 -0.20943917]] 
Episode: 390: [[ 0.28384823  0.26618153  0.19725376  0.06008599  0.06899007]
 [ 0.26304856  0.25032586  0.19418149  0.0701718   0.07829774]
 [ 0.2801045   0.28261667  0.25620106  0.15237942  0.11069241]
 [ 0.23762588  0.24949759  0.25619772  0.2042984   0.09216772]
 [ 0.08179061  0.06618255  0.03029024 -0.05007632 -0.20940506]] 
Episode: 391: [[ 0.28393927  0.2662758   0.1973506   0.0601934   0.06907059]
 [ 0.26312652  0.25040817  0.19426234  0.07026099  0.07838321]
 [ 0.28027672  0.2827901   0.25639457  0.15257736  0.1107868 ]
 [ 0.23784983  0.24971789  0.25643602  0.20453852  0.0922147 ]
 [ 0.08190034  0.06629088  0.03042125 -0.0499451  -0.20936808]] 
Episode: 392: [[ 0.2839881   0.2663272   0.19740058  0.06025175  0.06912737]
 [ 0.26317453  0.2504601   0.19430956  0.07031401  0.07845441]
 [ 0.28042656  0.28294125  0.25656193  0.15274699  0.11087529]
 [ 0.23805238  0.24991685  0.25665206  0.20475665  0.09225459]
 [ 0.08200516  0.06639464  0.03054558 -0.04982153 -0.20932771]] 
Episode: 393: [[ 0.28402394  0.26636726  0.19744276  0.06031065  0.06918725]
 [ 0.263202    0.25049284  0.19433981  0.0703582   0.07852396]
 [ 0.28055254  0.28306967  0.25670892  0.15290424  0.11095725]
 [ 0.23824523  0.25010574  0.25686234  0.20497116  0.09228402]
 [ 0.08210032  0.06648915  0.03066046 -0.04970486 -0.20928982]] 
Episode: 394: [[ 0.2840314   0.26638013  0.1974492   0.06033258  0.06924609]
 [ 0.26316622  0.2504629   0.19429609  0.0703282   0.07856993]
 [ 0.28060856  0.2831276   0.25677705  0.1529837   0.11099853]
 [ 0.2384836   0.25034058  0.25711396  0.20522664  0.09232765]
 [ 0.08216337  0.06655178  0.03073764 -0.04962602 -0.20926538]] 
Episode: 395: [[ 0.28411782  0.2664714   0.1975307   0.06042766  0.06935311]
 [ 0.2632083   0.25051033  0.19432761  0.07037201  0.07865138]
 [ 0.28074607  0.28326678  0.25692037  0.15313643  0.11107882]
 [ 0.2387628   0.25061667  0.25740272  0.2055189   0.09238634]
 [ 0.08224841  0.06663601  0.03084328 -0.04951703 -0.20923811]] 
Episode: 396: [[ 0.28415108  0.26651007  0.19755353  0.06046625  0.06944118]
 [ 0.26321366  0.25052142  0.19431888  0.07037725  0.0787207 ]
 [ 0.28083876  0.2833618   0.2570145   0.15324223  0.11114649]
 [ 0.23900825  0.25085944  0.25765607  0.20577626  0.09243852]
 [ 0.0823174   0.06670447  0.03092992 -0.04942644 -0.20921478]] 
Episode: 397: [[ 0.28418076  0.26654544  0.19757612  0.06050696  0.06952564]
 [ 0.26321372  0.25052762  0.1943074   0.07038207  0.07878801]
 [ 0.28094095  0.28346664  0.2571227   0.15336391  0.11121911]
 [ 0.23924756  0.25109586  0.25790733  0.20603219  0.09248794]
 [ 0.08239226  0.06677892  0.03102347 -0.04932836 -0.20918772]] 
Episode: 398: [[ 0.28418612  0.26655647  0.19757219  0.06052082  0.0695995 ]
 [ 0.263195    0.25051498  0.19427551  0.07036611  0.07884795]
 [ 0.2810202   0.28354856  0.25720596  0.15346064  0.11128385]
 [ 0.23946972  0.25131488  0.2581422   0.20627153  0.09253035]
 [ 0.08245363  0.06683989  0.0311012  -0.04924605 -0.2091661 ]] 
Episode: 399: [[ 0.28423646  0.26661244  0.1976234   0.06058841  0.06968915]
 [ 0.26319373  0.25051987  0.19426715  0.07037286  0.07891427]
 [ 0.28114322  0.28367388  0.25734252  0.15360907  0.11136166]
 [ 0.23973458  0.25157696  0.25841612  0.20654948  0.09259407]
 [ 0.08252045  0.06690618  0.03118599 -0.04915708 -0.20914452]] 
Episode: 400: [[ 0.28436145  0.26674247  0.19774514  0.06072456  0.06982015]
 [ 0.26326704  0.25059885  0.19433066  0.07044994  0.07900983]
 [ 0.28134087  0.28387356  0.25754726  0.15382376  0.1114599 ]
 [ 0.24003774  0.25187767  0.25872505  0.2068621   0.09268905]
 [ 0.08260553  0.06699003  0.03129413 -0.04904355 -0.20912321]] 
Episode: 401: [[ 0.2844902   0.26687667  0.19787659  0.06087288  0.06995062]
 [ 0.26334262  0.2506806   0.19440155  0.07053672  0.07910719]
 [ 0.28153908  0.28407407  0.25775796  0.15404676  0.11155885]
 [ 0.24036232  0.2521993   0.2590648   0.20720571  0.09279074]
 [ 0.08268894  0.06707237  0.03140086 -0.04893067 -0.20910199]] 
Episode: 402: [[ 0.2845976   0.26699024  0.19798648  0.06099932  0.07007395]
 [ 0.26340616  0.25075096  0.19446103  0.07061151  0.07920284]
 [ 0.2817315   0.2842695   0.25796488  0.15426572  0.11166125]
 [ 0.2407186   0.25255316  0.25943282  0.20757726  0.09291619]
 [ 0.08277627  0.06715892  0.03151177 -0.04881377 -0.20907575]] 
Episode: 403: [[ 0.28468275  0.26708215  0.1980748   0.0611061   0.07018905]
 [ 0.26346847  0.25082046  0.19452223  0.07068896  0.07930055]
 [ 0.28190392  0.28444546  0.2581529   0.15446764  0.11175907]
 [ 0.24103218  0.25286484  0.25975728  0.20790692  0.09302764]
 [ 0.08285175  0.06723399  0.03160887 -0.0487103  -0.20905091]] 
Episode: 404: [[ 0.28473058  0.26713708  0.19812128  0.06117168  0.07029048]
 [ 0.263493    0.25085238  0.19454105  0.07072469  0.07938429]
 [ 0.28202826  0.2845737   0.25828758  0.1546175   0.11184089]
 [ 0.24132264  0.25315344  0.26005924  0.20821427  0.09313162]
 [ 0.08291061  0.06729263  0.03168615 -0.04862641 -0.2090309 ]] 
Episode: 405: [[ 0.28478864  0.26720172  0.19817959  0.06124633  0.07038631]
 [ 0.26352087  0.25088727  0.19456372  0.07076167  0.07946189]
 [ 0.28218675  0.28473535  0.25846127  0.1548035   0.11192864]
 [ 0.24164854  0.25347656  0.26039344  0.20855334  0.09324184]
 [ 0.08298928  0.06737081  0.03178541 -0.04852162 -0.20900516]] 
Episode: 406: [[ 0.28484556  0.2672644   0.19823804  0.06131985  0.07047591]
 [ 0.26354748  0.25092047  0.19458589  0.07079694  0.07953839]
 [ 0.28231293  0.2848649   0.25859883  0.15495239  0.11200798]
 [ 0.24194586  0.25377136  0.26069868  0.20886254  0.09334443]
 [ 0.08305836  0.06743907  0.03187329 -0.0484291  -0.20898439]] 
Episode: 407: [[ 0.28490487  0.2673294   0.19830072  0.06139769  0.07056531]
 [ 0.26356098  0.25094047  0.19459528  0.07082041  0.07960694]
 [ 0.28240776  0.28496325  0.2587029   0.15506959  0.11207319]
 [ 0.24224988  0.25407335  0.26101544  0.20918399  0.09345341]
 [ 0.08312713  0.06750721  0.03196036 -0.04833712 -0.20896386]] 
Episode: 408: [[ 0.2849619   0.26739153  0.19836287  0.06147413  0.07064433]
 [ 0.26357314  0.25095817  0.19460592  0.07084445  0.07966111]
 [ 0.28250712  0.28506616  0.25881302  0.15519153  0.11213962]
 [ 0.2425764   0.25439933  0.2613587   0.2095301   0.09359247]
 [ 0.08318053  0.06755983  0.03203013 -0.04826288 -0.20895329]] 
Episode: 409: [[ 0.2849853   0.26742062  0.19838749  0.06151482  0.07071223]
 [ 0.26355624  0.25094727  0.19458401  0.07083742  0.07970649]
 [ 0.28257722  0.28514025  0.25889096  0.1552829   0.11219765]
 [ 0.24288988  0.25471228  0.26169056  0.20986515  0.09372745]
 [ 0.08322998  0.06760876  0.03209483 -0.04819327 -0.20894155]] 
Episode: 410: [[ 0.28501317  0.26745406  0.19841917  0.06156437  0.0707873 ]
 [ 0.2635317   0.25092858  0.19455558  0.07082591  0.07975287]
 [ 0.28264543  0.2852122   0.25896898  0.15537617  0.11225885]
 [ 0.24317238  0.25499395  0.26199073  0.21016921  0.09384681]
 [ 0.08327853  0.06765683  0.03215845 -0.0481243  -0.20892733]] 
Episode: 411: [[ 0.28501818  0.26746383  0.19842549  0.06158707  0.07084592]
 [ 0.2635132   0.25091562  0.19453323  0.0708176   0.07980329]
 [ 0.2826732   0.28524312  0.25900194  0.1554231   0.11229915]
 [ 0.24343584  0.2552568   0.26227105  0.21045308  0.093962  ]
 [ 0.08332092  0.0676989   0.03221375 -0.04806524 -0.20891194]] 
Episode: 412: [[ 0.28501076  0.26746133  0.19841778  0.06159582  0.07089984]
 [ 0.26347926  0.25088736  0.1944934   0.07079206  0.0798481 ]
 [ 0.28268757  0.28526065  0.25902033  0.15545583  0.11233371]
 [ 0.24369024  0.2555103   0.26254392  0.21072957  0.09407115]
 [ 0.08335369  0.06773151  0.03225767 -0.04801725 -0.20889933]] 
Episode: 413: [[ 0.28505138  0.26750684  0.19846497  0.0616555   0.07097991]
 [ 0.26346892  0.25088266  0.19448164  0.0707913   0.07990598]
 [ 0.2827172   0.28529322  0.2590574   0.15550435  0.11237404]
 [ 0.24398446  0.25580376  0.2628523   0.21104126  0.09421781]
 [ 0.08341369  0.06779113  0.03233286 -0.04793967 -0.20887588]] 
Episode: 414: [[ 0.2850808   0.26754248  0.19850144  0.06170747  0.07106434]
 [ 0.26346144  0.25088182  0.19447505  0.07079843  0.07997285]
 [ 0.28275526  0.28533486  0.25910637  0.15556745  0.11242295]
 [ 0.24427192  0.25609     0.26315814  0.21135153  0.09435377]
 [ 0.08346754  0.06784499  0.03240133 -0.04786758 -0.20885195]] 
Episode: 415: [[ 0.28509742  0.26756474  0.19852467  0.06174759  0.07113735]
 [ 0.26345688  0.25088343  0.19447276  0.07081114  0.0800378 ]
 [ 0.28278235  0.28536528  0.25914338  0.15561973  0.11246707]
 [ 0.24449347  0.25631058  0.26339078  0.21158904  0.09445972]
 [ 0.08351313  0.0678908   0.03245966 -0.04780524 -0.20882857]] 
Episode: 416: [[ 0.28509814  0.26757178  0.1985309   0.06177278  0.07120709]
 [ 0.26343435  0.25086775  0.19445074  0.070806    0.08009939]
 [ 0.28280795  0.2853944   0.25918025  0.15567368  0.11251135]
 [ 0.24471681  0.25653225  0.26362985  0.2118338   0.09455833]
 [ 0.08356185  0.06793978  0.03252189 -0.0477383  -0.2088036 ]] 
Episode: 417: [[ 0.28508392  0.26756388  0.19851978  0.06178102  0.07126945]
 [ 0.26339424  0.2508344   0.19440852  0.07078111  0.08015143]
 [ 0.2828145   0.28540462  0.25919533  0.15570638  0.11254835]
 [ 0.24491744  0.2567315   0.26384467  0.21205443  0.0946488 ]
 [ 0.08360742  0.06798584  0.03257972 -0.0476756  -0.20877738]] 
Episode: 418: [[ 0.2850381   0.267525    0.19847223  0.06175407  0.07132713]
 [ 0.26333773  0.25078508  0.19434702  0.07073791  0.0802049 ]
 [ 0.28278804  0.2853824   0.2591728   0.15570283  0.11258008]
 [ 0.2450572   0.25687003  0.2639918   0.21220794  0.09471146]
 [ 0.08363402  0.06801315  0.03261552 -0.04763444 -0.20875645]] 
Episode: 419: [[ 0.28506643  0.26756066  0.19850545  0.06180555  0.07144807]
 [ 0.26336315  0.25081706  0.19436438  0.07077171  0.08032941]
 [ 0.2827386   0.28533682  0.25912452  0.15567352  0.11261409]
 [ 0.24511705  0.25692874  0.26406088  0.21228272  0.09468916]
 [ 0.08365443  0.06803381  0.03264438 -0.04760062 -0.2087397 ]] 
Episode: 420: [[ 0.28504324  0.2675458   0.19847958  0.06179741  0.07154822]
 [ 0.26331928  0.25078043  0.19430748  0.07072958  0.08042102]
 [ 0.2826623   0.28526515  0.2590453   0.15561275  0.11263908]
 [ 0.24519242  0.25700304  0.26414794  0.21237512  0.09468053]
 [ 0.08366791  0.06804779  0.03266485 -0.04757525 -0.20872454]] 
Episode: 421: [[ 0.28500408  0.2675144   0.19843689  0.06177479  0.07164483]
 [ 0.26329315  0.25076094  0.19427288  0.07071218  0.08052269]
 [ 0.28256637  0.2851735   0.2589449   0.15553285  0.11266036]
 [ 0.24519439  0.25700402  0.264163    0.21239492  0.09464164]
 [ 0.08366833  0.06804873  0.03267038 -0.04756407 -0.20871255]] 
Episode: 422: [[ 0.28492746  0.26744542  0.19835238  0.0617119   0.07172921]
 [ 0.26328048  0.2507548   0.19425437  0.07071192  0.08063563]
 [ 0.28245607  0.28506738  0.25882825  0.1554374   0.11268128]
 [ 0.24513045  0.2569391   0.2641133   0.2123495   0.09457336]
 [ 0.08364381  0.06802463  0.03264762 -0.04758105 -0.2087116 ]] 
Episode: 423: [[ 0.28483006  0.26735583  0.19824396  0.0616256   0.07180551]
 [ 0.2632521   0.2507328   0.19421883  0.07069547  0.08073831]
 [ 0.28232276  0.28493857  0.25868532  0.15531635  0.1126947 ]
 [ 0.24502937  0.2568379   0.2640179   0.21225852  0.09449915]
 [ 0.08361257  0.06799413  0.03261653 -0.04760605 -0.20871025]] 
Episode: 424: [[ 0.28477985  0.2673127   0.19818896  0.06158813  0.07189615]
 [ 0.2632454   0.25073156  0.19420938  0.07070095  0.0808394 ]
 [ 0.28222415  0.284844    0.25858134  0.15523042  0.11271986]
 [ 0.24494366  0.2567518   0.26393893  0.21218434  0.09443178]
 [ 0.08359152  0.0679737   0.03259709 -0.0476207  -0.20870484]] 
Episode: 425: [[ 0.2847151   0.2672544   0.19811656  0.06153304  0.0719846 ]
 [ 0.2632564   0.25074714  0.19422005  0.07072629  0.08094893]
 [ 0.28211024  0.28473374  0.25845903  0.15512557  0.11274391]
 [ 0.24480084  0.25660858  0.26380467  0.21205437  0.09433109]
 [ 0.08354837  0.06793085  0.03255246 -0.04766024 -0.20870963]] 
Episode: 426: [[ 0.28463978  0.26718533  0.19803113  0.06146104  0.07206032]
 [ 0.26326126  0.2507565   0.1942224   0.07073887  0.08105036]
 [ 0.28199068  0.28461754  0.25832948  0.15500993  0.11275831]
 [ 0.24469991  0.25650728  0.26371568  0.21196908  0.09425359]
 [ 0.08351395  0.06789666  0.03251721 -0.04769206 -0.20871183]] 
Episode: 427: [[ 0.28457412  0.26712522  0.19795848  0.06140305  0.07213309]
 [ 0.2632653   0.25076455  0.19422624  0.07075452  0.08114388]
 [ 0.28188804  0.28451785  0.25822026  0.15491542  0.11277599]
 [ 0.24461143  0.25641835  0.26363853  0.2118955   0.09418521]
 [ 0.08348036  0.06786327  0.03248311 -0.04772218 -0.20871389]] 
Episode: 428: [[ 0.2844884   0.26704583  0.19786687  0.06133056  0.07220345]
 [ 0.26325494  0.25075895  0.19421734  0.07076176  0.08123706]
 [ 0.28177336  0.28440675  0.2581005   0.15481423  0.11279423]
 [ 0.24448846  0.25629532  0.2635201   0.21178123  0.09410676]
 [ 0.08342864  0.06781191  0.03242963 -0.04777017 -0.2087238 ]] 
Episode: 429: [[ 0.28437907  0.26694265  0.19774778  0.06123079  0.07226598]
 [ 0.26323658  0.2507451   0.19419923  0.07076021  0.08132753]
 [ 0.28163242  0.28426954  0.25795022  0.1546828   0.11280654]
 [ 0.24431203  0.25611877  0.26335028  0.21161513  0.09401002]
 [ 0.08337528  0.06775896  0.03237377 -0.04782047 -0.20873214]] 
Episode: 430: [[ 0.28424236  0.26681238  0.19759813  0.06110132  0.07231341]
 [ 0.26318792  0.2507014   0.19414687  0.07072531  0.08140428]
 [ 0.281478    0.28411916  0.25778484  0.15453702  0.11281191]
 [ 0.24416466  0.2559714   0.26321068  0.21147925  0.09393024]
 [ 0.08331431  0.06769843  0.03230939 -0.04787889 -0.20874552]] 
Episode: 431: [[ 0.2840815   0.2666578   0.1974214   0.0609437   0.07234589]
 [ 0.26312092  0.25063938  0.19407363  0.07066819  0.08147088]
 [ 0.28134108  0.28398603  0.25763896  0.15440892  0.11282182]
 [ 0.2440262   0.2558328   0.2630789   0.21135135  0.09385446]
 [ 0.08326325  0.06764758  0.03225626 -0.04792678 -0.2087565 ]] 
Episode: 432: [[ 0.2838984   0.26648235  0.19722074  0.06076416  0.07237315]
 [ 0.26301816  0.25054288  0.19396082  0.07057324  0.08152571]
 [ 0.28118986  0.28383934  0.25747898  0.15426894  0.11282452]
 [ 0.243924    0.25573018  0.26298818  0.21126576  0.0937924 ]
 [ 0.08321627  0.06760137  0.03220776 -0.04796947 -0.20876215]] 
Episode: 433: [[ 0.28369603  0.2662879   0.19699918  0.06056597  0.07239459]
 [ 0.26289862  0.2504299   0.1938301   0.07046267  0.0815749 ]
 [ 0.28102395  0.2836783   0.25730318  0.1541153   0.11282423]
 [ 0.2438134   0.25561926  0.2628857   0.2111691   0.09372982]
 [ 0.08316547  0.06755154  0.03215492 -0.04801574 -0.20876732]] 
Episode: 434: [[ 0.2835129   0.26611272  0.19680038  0.06038803  0.07241807]
 [ 0.26278758  0.25032544  0.19371001  0.07036032  0.08162172]
 [ 0.28089708  0.28355616  0.25717223  0.1540039   0.11283463]
 [ 0.2437636   0.25556856  0.26285276  0.21114203  0.09368907]
 [ 0.08312703  0.06751394  0.03211673 -0.04804808 -0.20876989]] 
Episode: 435: [[ 0.28330642  0.26591483  0.19657485  0.0601837   0.07243364]
 [ 0.26264662  0.2501919   0.1935552   0.07022326  0.08165999]
 [ 0.28075916  0.28342354  0.25702858  0.15388034  0.11284265]
 [ 0.24374346  0.25554702  0.26285344  0.2111499   0.09365679]
 [ 0.08308866  0.06747646  0.0320787  -0.0480801  -0.20877276]] 
Episode: 436: [[ 0.28309813  0.26571506  0.1963456   0.05997465  0.07245337]
 [ 0.26249564  0.25004828  0.19338788  0.07007297  0.08169737]
 [ 0.28060582  0.28327546  0.2568664   0.15373775  0.11284716]
 [ 0.24371277  0.25551474  0.26284027  0.21114394  0.09361988]
 [ 0.08305888  0.06744758  0.03204993 -0.04810314 -0.20877051]] 
Episode: 437: [[ 0.28284752  0.26547226  0.19606687  0.0597138   0.07244305]
 [ 0.26231214  0.24987172  0.19318134  0.06988084  0.08171312]
 [ 0.28043047  0.28310508  0.25667685  0.15356492  0.11283748]
 [ 0.24367203  0.25547218  0.26281393  0.21112429  0.09357668]
 [ 0.08305056  0.06744076  0.0320431  -0.04810639 -0.20875148]] 
Episode: 438: [[ 0.2825932   0.2652257   0.19578388  0.05944918  0.07243028]
 [ 0.26212174  0.24968812  0.19296718  0.06968181  0.08172405]
 [ 0.2802647   0.2829443   0.25649783  0.15340301  0.11283231]
 [ 0.24363472  0.2554331   0.26279008  0.21110708  0.09353676]
 [ 0.08303421  0.06742585  0.03202721 -0.04811823 -0.20873693]] 
Episode: 439: [[ 0.28239965  0.26503947  0.19557287  0.05925845  0.0724472 ]
 [ 0.26199394  0.24956708  0.19282706  0.06955867  0.08176771]
 [ 0.28013247  0.28281602  0.25636083  0.1532852   0.11283702]
 [ 0.24359427  0.25539008  0.26276365  0.2110883   0.09348822]
 [ 0.08304401  0.06743703  0.03204207 -0.0480989  -0.20870838]] 
Episode: 440: [[ 0.28223082  0.26487765  0.19539006  0.05909663  0.07247156]
 [ 0.26188758  0.24946728  0.19271156  0.06946102  0.08181817]
 [ 0.28000167  0.28268912  0.2562254   0.15316956  0.11284123]
 [ 0.24353406  0.25532746  0.26271313  0.21104544  0.09343345]
 [ 0.08305533  0.06744961  0.03205899 -0.04807689 -0.20868088]] 
Episode: 441: [[ 0.28202412  0.2646776   0.19516125  0.05888453  0.07247407]
 [ 0.2617789   0.24936531  0.19258915  0.06935134  0.08186835]
 [ 0.27985787  0.2825491   0.25607198  0.15303166  0.11283784]
 [ 0.24348332  0.25527433  0.26267165  0.21101016  0.09338443]
 [ 0.0830767   0.06747219  0.03208607 -0.0480468  -0.20864917]] 
Episode: 442: [[ 0.28187448  0.26453438  0.19499946  0.05874132  0.0724991 ]
 [ 0.2617165   0.24930961  0.19252168  0.06929858  0.0819376 ]
 [ 0.27976292  0.28245765  0.2559758   0.15295243  0.11285237]
 [ 0.24345334  0.25524133  0.2626549   0.21100044  0.09333652]
 [ 0.08312948  0.06752595  0.03215012 -0.04797897 -0.20860623]] 
Episode: 443: [[ 0.28178132  0.2644483   0.19490662  0.05867147  0.0725425 ]
 [ 0.2616672   0.2492675   0.19247417  0.0692702   0.08200461]
 [ 0.27971554  0.28241438  0.2559377   0.15293515  0.11288224]
 [ 0.24348158  0.25526685  0.262704    0.2110559   0.09331477]
 [ 0.08320592  0.06760366  0.03224251 -0.04788148 -0.20855322]] 
Episode: 444: [[ 0.2816686   0.2643424   0.1947893   0.05857522  0.07257496]
 [ 0.26159817  0.24920529  0.19240238  0.06921586  0.08205902]
 [ 0.27964237  0.28234512  0.2558686   0.15288559  0.11289861]
 [ 0.2434968   0.25527945  0.26273686  0.21109495  0.09328859]
 [ 0.08326544  0.06766438  0.0323148  -0.04780449 -0.20850861]] 
Episode: 445: [[ 0.28158015  0.2642604   0.19469973  0.05850673  0.07261312]
 [ 0.26154053  0.24915417  0.19234408  0.06917539  0.08211359]
 [ 0.27958474  0.28229102  0.25581747  0.1528541   0.11291699]
 [ 0.2435387   0.2553184   0.2628007   0.21116538  0.09327059]
 [ 0.08332462  0.06772456  0.03238721 -0.0477268  -0.20846722]] 
Episode: 446: [[ 0.28151217  0.26419884  0.19463368  0.05846147  0.07265879]
 [ 0.2615029   0.24912293  0.19230917  0.06915805  0.08217445]
 [ 0.27953643  0.28224617  0.25577745  0.15283374  0.11293719]
 [ 0.2435917   0.25536835  0.26287746  0.21124943  0.09325558]
 [ 0.08339219  0.06779306  0.03246948 -0.04763924 -0.20842358]] 
Episode: 447: [[ 0.28144407  0.2641367   0.19456692  0.05841459  0.07270051]
 [ 0.26147017  0.24909653  0.19227858  0.0691438   0.0822382 ]
 [ 0.27950186  0.28221518  0.25575113  0.15282547  0.11296681]
 [ 0.2436301   0.25540355  0.26293698  0.21131602  0.09323262]
 [ 0.0834676   0.06786954  0.03255978 -0.04754429 -0.20837384]] 
Episode: 448: [[ 0.28133562  0.2640344   0.19445193  0.0583167   0.07272581]
 [ 0.26140586  0.24903874  0.19220932  0.06908806  0.08229028]
 [ 0.27944848  0.2821656   0.25570157  0.15279183  0.11298944]
 [ 0.24367699  0.25544736  0.26300564  0.21139157  0.09321512]
 [ 0.08353102  0.06793419  0.03263552 -0.04746466 -0.20832814]] 
Episode: 449: [[ 0.28121936  0.2639243   0.19432768  0.05820962  0.07274596]
 [ 0.26132765  0.24896686  0.19212434  0.0690168   0.08233192]
 [ 0.27939     0.28211105  0.25564566  0.15275201  0.11300986]
 [ 0.24372089  0.25548866  0.26306978  0.21146283  0.09320225]
 [ 0.08358569  0.06799015  0.03270108 -0.04739508 -0.20828643]] 
Episode: 450: [[ 0.2811037   0.26381445  0.19420384  0.05810172  0.07276471]
 [ 0.26124296  0.24888831  0.19203153  0.06893662  0.08237119]
 [ 0.2793303   0.2820551   0.25558794  0.15270926  0.11302968]
 [ 0.24377672  0.25554213  0.26314664  0.21154639  0.0931982 ]
 [ 0.08363041  0.06803612  0.03275517 -0.04733714 -0.20824902]] 
Episode: 451: [[ 0.28096977  0.26368618  0.19406104  0.05797689  0.07277488]
 [ 0.2611708   0.2488222   0.19195463  0.06887409  0.08241531]
 [ 0.2792621   0.28199065  0.25552192  0.15265997  0.11304629]
 [ 0.24381371  0.2555771   0.2632009   0.21160723  0.09319077]
 [ 0.08366099  0.0680679   0.03279366 -0.0472942  -0.20821851]] 
Episode: 452: [[ 0.2808575   0.26357928  0.19394097  0.05787238  0.07279292]
 [ 0.261091    0.2487473   0.19186875  0.06880059  0.08244625]
 [ 0.27923128  0.28196362  0.25549528  0.15264697  0.11308261]
 [ 0.24381916  0.2555801   0.2632186   0.21163073  0.09316545]
 [ 0.08367074  0.06807857  0.03280805 -0.04727595 -0.20819868]] 
Episode: 453: [[ 0.2807486   0.26347557  0.19382676  0.05777745  0.07280634]
 [ 0.26100862  0.24867     0.19178139  0.06872919  0.08247384]
 [ 0.27920914  0.28194496  0.25548068  0.15264957  0.11311523]
 [ 0.24386644  0.2556246   0.26328555  0.21170488  0.0931536 ]
 [ 0.08367643  0.0680853   0.03281813 -0.04726054 -0.20818037]] 
Episode: 454: [[ 0.28064966  0.26338124  0.19372201  0.0576901   0.07281965]
 [ 0.26092413  0.2485901   0.19168982  0.06865194  0.08249707]
 [ 0.27917826  0.28191695  0.2554548   0.15263951  0.11313885]
 [ 0.24392818  0.25568342  0.26336843  0.2117947   0.09314788]
 [ 0.0836933   0.06810333  0.03283989 -0.04723419 -0.20815557]] 
Episode: 455: [[ 0.28054664  0.26328185  0.19361243  0.05759552  0.07281948]
 [ 0.26083988  0.24850997  0.19159731  0.06857084  0.08251531]
 [ 0.279147    0.28188857  0.2554264   0.15262313  0.11316297]
 [ 0.24400158  0.2557548   0.2634623   0.21189386  0.09315875]
 [ 0.08372724  0.06813854  0.03288009 -0.04719171 -0.20812139]] 
Episode: 456: [[ 0.2804418   0.26318073  0.19350015  0.05749793  0.07281875]
 [ 0.26074633  0.24842061  0.19149376  0.06847846  0.08252895]
 [ 0.27912125  0.2818658   0.2554038   0.15261233  0.11318942]
 [ 0.24409287  0.25584406  0.26357687  0.21201417  0.09317737]
 [ 0.08376184  0.06817432  0.03292122 -0.04714812 -0.20808855]] 
Episode: 457: [[ 0.28036794  0.2631111   0.19342466  0.0574372   0.07283308]
 [ 0.26066175  0.24834067  0.19140224  0.06839838  0.08254724]
 [ 0.2791266   0.28187397  0.25541905  0.15263973  0.11322274]
 [ 0.24421568  0.25596425  0.26372993  0.21217398  0.09320011]
 [ 0.0837964   0.06820986  0.03296373 -0.04710274 -0.2080599 ]] 
Episode: 458: [[ 0.28028822  0.26303554  0.19334215  0.05737017  0.07284697]
 [ 0.26056582  0.24824914  0.19129778  0.06830636  0.08256114]
 [ 0.2791174   0.2818673   0.255418    0.15265179  0.11324955]
 [ 0.2443295   0.25607544  0.2638721   0.21232265  0.09322003]
 [ 0.08381858  0.06823303  0.03299197 -0.04707117 -0.20803595]] 
Episode: 459: [[ 0.28016558  0.2629172   0.19320951  0.05725128  0.07284939]
 [ 0.26046833  0.24815647  0.19118972  0.06820896  0.0825832 ]
 [ 0.27908757  0.2818403   0.2553922   0.15263766  0.11327498]
 [ 0.24441321  0.25615627  0.26398012  0.21243735  0.09322315]
 [ 0.08385032  0.06826591  0.0330305  -0.04703039 -0.20800515]] 
Episode: 460: [[ 0.28006938  0.26282543  0.19311005  0.05716739  0.07286762]
 [ 0.2604067   0.24810031  0.1911248   0.06815641  0.08262979]
 [ 0.27907133  0.2818267   0.25538498  0.15264347  0.11330618]
 [ 0.24449214  0.25623122  0.26408494  0.212549    0.09321143]
 [ 0.08387277  0.0682893   0.03305991 -0.04699808 -0.2079806 ]] 
Episode: 461: [[ 0.28004333  0.26280308  0.19309442  0.05716938  0.07290874]
 [ 0.26041886  0.24811745  0.19114193  0.06818464  0.08270188]
 [ 0.27908814  0.28184536  0.25541943  0.15269338  0.11334199]
 [ 0.24456194  0.2562972   0.26417932  0.2126508   0.09319688]
 [ 0.08391722  0.06833427  0.0331163  -0.04693832 -0.20795125]] 
Episode: 462: [[ 0.28006214  0.26282609  0.19313711  0.05723726  0.07296246]
 [ 0.2604704   0.24817485  0.191211    0.06827252  0.08278913]
 [ 0.27915606  0.2819152   0.25551876  0.1528145   0.11338938]
 [ 0.24466163  0.25639257  0.2643117   0.21279232  0.09318335]
 [ 0.08396935  0.06838693  0.03318412 -0.04686435 -0.20792271]] 
Episode: 463: [[ 0.2800907   0.26285896  0.19318868  0.05731156  0.07303038]
 [ 0.26053572  0.24824618  0.19129457  0.06837302  0.0828917 ]
 [ 0.27925348  0.2820143   0.25564995  0.15296474  0.11345401]
 [ 0.2447399   0.25646588  0.2644198   0.21290915  0.09315293]
 [ 0.08402456  0.0684427   0.03325458 -0.04678954 -0.2078896 ]] 
Episode: 464: [[ 0.28008017  0.26285288  0.1931931   0.05733737  0.07308549]
 [ 0.2605737   0.24829017  0.19134475  0.06843914  0.08298546]
 [ 0.2793059   0.28206864  0.25572768  0.15306085  0.11350473]
 [ 0.24481285  0.2565345   0.26451984  0.21301728  0.09313001]
 [ 0.08406419  0.06848295  0.03330627 -0.04673363 -0.2078616 ]] 
Episode: 465: [[ 0.2799862   0.2627629   0.1931177   0.05728147  0.07309085]
 [ 0.26060003  0.2483219   0.1913793   0.06848518  0.08306653]
 [ 0.27939716  0.28216177  0.2558456   0.15319195  0.11357135]
 [ 0.24491861  0.25663596  0.26465687  0.21316108  0.09312216]
 [ 0.08408049  0.06849951  0.03333005 -0.04670835 -0.20784658]] 
Episode: 466: [[ 0.27987632  0.26265666  0.19302016  0.05720064  0.07308807]
 [ 0.2605981   0.2483248   0.19138023  0.06849574  0.08313129]
 [ 0.27946195  0.2822282   0.25593147  0.15328902  0.11362597]
 [ 0.24502568  0.25673923  0.26479343  0.21330333  0.09312217]
 [ 0.0840946   0.06851385  0.03335065 -0.04668663 -0.20783243]] 
Episode: 467: [[ 0.27985537  0.2626399   0.19301184  0.05720703  0.07312217]
 [ 0.26062596  0.24835819  0.19142245  0.06855449  0.08320831]
 [ 0.2796136   0.2823813   0.25609598  0.15346286  0.11371287]
 [ 0.24519046  0.25690064  0.2649818   0.21349683  0.09314679]
 [ 0.08412502  0.06854433  0.03339353 -0.04663943 -0.2078166 ]] 
Episode: 468: [[ 0.27983814  0.26262698  0.19300656  0.05721502  0.07315754]
 [ 0.26064026  0.24837795  0.19144838  0.0685953   0.08327708]
 [ 0.27976498  0.28253424  0.25626153  0.15363687  0.11379897]
 [ 0.24536519  0.25707215  0.26518303  0.21370319  0.09317718]
 [ 0.08415087  0.06857017  0.03343099 -0.04659798 -0.20780452]] 
Episode: 469: [[ 0.2798088   0.2626009   0.19298646  0.05720429  0.0731762 ]
 [ 0.26061204  0.24835357  0.19142582  0.06858326  0.08331022]
 [ 0.27991417  0.28268552  0.2564234   0.15380365  0.11388945]
 [ 0.24559078  0.25729492  0.26542956  0.21395431  0.09325556]
 [ 0.08421511  0.06863556  0.03350965 -0.04651862 -0.20776328]] 
Episode: 470: [[ 0.27984065  0.262635    0.19303815  0.05726293  0.07320911]
 [ 0.26063797  0.24838234  0.19146775  0.0686333   0.08335322]
 [ 0.28012154  0.2828943   0.2566545   0.15403737  0.11399654]
 [ 0.24581674  0.25751796  0.26568004  0.21420968  0.0933307 ]
 [ 0.08427756  0.06869881  0.03358716 -0.0464408  -0.20772597]] 
Episode: 471: [[ 0.27984548  0.26264226  0.19305634  0.05728647  0.0732355 ]
 [ 0.26063833  0.24838568  0.19147788  0.06864962  0.08338919]
 [ 0.28029478  0.28306925  0.2568465   0.15423109  0.11409339]
 [ 0.24603002  0.2577286   0.2659174   0.21445191  0.09340324]
 [ 0.08432188  0.06874403  0.03364285 -0.04638532 -0.20769449]] 
Episode: 472: [[ 0.27981403  0.2626135   0.1930316   0.05726677  0.07325061]
 [ 0.2606099   0.24836037  0.19145355  0.06863092  0.083416  ]
 [ 0.28043592  0.28321242  0.25700223  0.15438883  0.11418087]
 [ 0.24622765  0.25792384  0.26613814  0.21467772  0.09347106]
 [ 0.08435802  0.06878114  0.03368866 -0.04633957 -0.20766549]] 
Episode: 473: [[ 0.2797656   0.26256797  0.19298685  0.05722803  0.07326037]
 [ 0.26055846  0.24831219  0.19140214  0.06858576  0.0834347 ]
 [ 0.2805609   0.28333962  0.2571406   0.15453054  0.11426288]
 [ 0.24643165  0.25812557  0.26636827  0.21491362  0.09354161]
 [ 0.08438729  0.06881149  0.03372629 -0.04630132 -0.20763828]] 
Episode: 474: [[ 0.27973992  0.2625458   0.19297054  0.05721899  0.07328328]
 [ 0.26051164  0.24826914  0.19135855  0.06854926  0.08345719]
 [ 0.2807105   0.28349167  0.25731125  0.15470582  0.11435389]
 [ 0.2466575   0.25834894  0.26662767  0.21518016  0.0936159 ]
 [ 0.08441588  0.06884121  0.03376424 -0.04626245 -0.20761195]] 
Episode: 475: [[ 0.27971023  0.26251927  0.19294773  0.05720289  0.07330164]
 [ 0.2604632   0.24822411  0.19131145  0.06850868  0.08347525]
 [ 0.28084883  0.2836322   0.2574686   0.15486762  0.11443751]
 [ 0.2468708   0.2585598   0.26687303  0.2154323   0.09368546]
 [ 0.08443762  0.06886403  0.03379345 -0.0462323  -0.20758878]] 
Episode: 476: [[ 0.27968022  0.26249218  0.19292592  0.05719027  0.07331379]
 [ 0.26041874  0.24818318  0.19126913  0.06847453  0.08349379]
 [ 0.28098348  0.28376937  0.2576226   0.15502764  0.11452193]
 [ 0.24708588  0.25877228  0.2671228   0.21569008  0.09375291]
 [ 0.08447184  0.06889931  0.03383744 -0.04618686 -0.20756127]] 
Episode: 477: [[ 0.27968588  0.26250103  0.19294974  0.05722837  0.07334441]
 [ 0.2604216   0.24819037  0.19128491  0.06850307  0.08354046]
 [ 0.28115252  0.28394076  0.257822    0.15523818  0.11461785]
 [ 0.24734327  0.25902617  0.26741332  0.21598777  0.09382486]
 [ 0.08453452  0.06896354  0.03391542 -0.04610566 -0.20751654]] 
Episode: 478: [[ 0.27977598  0.262594    0.19305086  0.057342    0.07340111]
 [ 0.26049295  0.24826542  0.19137529  0.0686048   0.08360658]
 [ 0.28139812  0.28418845  0.2580887   0.15551409  0.11473726]
 [ 0.24764353  0.25932336  0.2677404   0.21632129  0.0939121 ]
 [ 0.08462708  0.06905714  0.03402942 -0.0459882  -0.20746586]] 
Episode: 479: [[ 0.27985147  0.26267275  0.19313283  0.05743349  0.07346296]
 [ 0.2605467   0.24832278  0.19144218  0.06867916  0.08367064]
 [ 0.28162944  0.28442213  0.25833786  0.15576898  0.11485996]
 [ 0.24790011  0.25957656  0.26802036  0.21660751  0.09397773]
 [ 0.08471845  0.06914984  0.03413978 -0.04587688 -0.20740943]] 
Episode: 480: [[ 0.27991107  0.26273578  0.19319372  0.05749952  0.07352004]
 [ 0.2605729   0.24835248  0.19147398  0.06871434  0.08372148]
 [ 0.2818375   0.28463235  0.25856003  0.15599403  0.11496882]
 [ 0.24812359  0.25979677  0.26826426  0.21685733  0.0940285 ]
 [ 0.08481549  0.06924858  0.03425457 -0.04576254 -0.20734712]] 
Episode: 481: [[ 0.2799804   0.2628087   0.19326635  0.05757683  0.0735826 ]
 [ 0.2605915   0.24837464  0.1914968   0.06874008  0.08376899]
 [ 0.28202397  0.28482082  0.25875998  0.15619683  0.11506548]
 [ 0.24834831  0.26001832  0.26851264  0.21711215  0.09408021]
 [ 0.0849092   0.06934385  0.03436564 -0.04565163 -0.20728847]] 
Episode: 482: [[ 0.28005445  0.2628862   0.19334827  0.05766611  0.07365675]
 [ 0.26061943  0.24840593  0.19153367  0.06878263  0.08382729]
 [ 0.28218523  0.28498402  0.25893527  0.15637738  0.11516085]
 [ 0.24848127  0.26014835  0.26866993  0.21727526  0.09409659]
 [ 0.08500361  0.06943966  0.03447869 -0.04553765 -0.20722838]] 
Episode: 483: [[ 0.28008354  0.26291937  0.19338007  0.05770811  0.07371748]
 [ 0.26062295  0.24841337  0.19154288  0.06880015  0.08387983]
 [ 0.28230003  0.28510126  0.25905976  0.15650989  0.11524091]
 [ 0.24857564  0.26024005  0.26878268  0.21739414  0.09410016]
 [ 0.08507098  0.06950864  0.03456    -0.04545465 -0.20717783]] 
Episode: 484: [[ 0.28007492  0.26291418  0.19336893  0.05770616  0.07375743]
 [ 0.2605999   0.24839371  0.19152057  0.06878479  0.08391747]
 [ 0.28240138  0.28520504  0.2591686   0.15662572  0.11531571]
 [ 0.24865693  0.2603184   0.2688811   0.21749909  0.09409401]
 [ 0.08511227  0.06955111  0.03461126 -0.04540188 -0.20714319]] 
Episode: 485: [[ 0.28004926  0.26289225  0.19333892  0.05768612  0.07379353]
 [ 0.2605719   0.24836946  0.19149236  0.06876447  0.08395685]
 [ 0.28248987  0.2852962   0.25926408  0.15672912  0.11538832]
 [ 0.24872823  0.2603868   0.26896873  0.21759333  0.09408432]
 [ 0.08514597  0.06958599  0.03465383 -0.04535717 -0.20711184]] 
Episode: 486: [[ 0.28000426  0.2628515   0.19328728  0.05764509  0.0738224 ]
 [ 0.26052305  0.24832487  0.19143987  0.06872033  0.08398871]
 [ 0.2825605   0.28536987  0.25934085  0.15681499  0.11545227]
 [ 0.248813    0.26046875  0.26907337  0.2177057   0.09407984]
 [ 0.08517786  0.06961919  0.03469427 -0.0453142  -0.20708169]] 
Episode: 487: [[ 0.27993312  0.2627841   0.19320428  0.05756987  0.07383501]
 [ 0.2604545   0.24825987  0.19136323  0.06864918  0.0840049 ]
 [ 0.28258428  0.28539625  0.25936309  0.15684363  0.11549338]
 [ 0.24887133  0.26052436  0.26914662  0.21778643  0.09406728]
 [ 0.08521266  0.06965534  0.03473664 -0.04527108 -0.20704898]] 
Episode: 488: [[ 0.27984324  0.2626982   0.19309898  0.05747186  0.07384064]
 [ 0.26035747  0.2481665   0.1912526   0.06854361  0.08400877]
 [ 0.28259268  0.2854076   0.25936747  0.15685429  0.1155301 ]
 [ 0.24894847  0.26059917  0.26924184  0.21788916  0.09406734]
 [ 0.08523483  0.06967891  0.03476397 -0.04524291 -0.20702203]] 
Episode: 489: [[ 0.27972433  0.2625837   0.19295976  0.05733949  0.07383689]
 [ 0.26023516  0.2480485   0.19111118  0.06840671  0.08400766]
 [ 0.28258485  0.28540307  0.25935343  0.15684661  0.11556259]
 [ 0.2490382   0.26068652  0.26935259  0.21800789  0.09407329]
 [ 0.08524471  0.06969032  0.03477663 -0.04522924 -0.20699964]] 
Episode: 490: [[ 0.27961883  0.26248315  0.19283764  0.05722625  0.07383937]
 [ 0.2601208   0.24793907  0.19097994  0.0682818   0.08401128]
 [ 0.2825868   0.2854085   0.25935337  0.15685506  0.11559549]
 [ 0.24915817  0.26080388  0.26950043  0.21816494  0.09408819]
 [ 0.08523935  0.06968635  0.03477257 -0.04523157 -0.20698754]] 
Episode: 491: [[ 0.2794877   0.26235732  0.19268647  0.05708506  0.07383499]
 [ 0.25997818  0.24780166  0.19081597  0.06812517  0.08400685]
 [ 0.2825684   0.28539395  0.2593307   0.15684222  0.11562398]
 [ 0.24928237  0.26092577  0.26965338  0.21832746  0.09410854]
 [ 0.08522734  0.06967587  0.03476078 -0.0452409  -0.20697694]] 
Episode: 492: [[ 0.2793436   0.26221785  0.19252181  0.05693252  0.07382423]
 [ 0.25983778  0.24766582  0.1906558   0.06797472  0.08400211]
 [ 0.28252488  0.28535384  0.2592804   0.15680356  0.11564276]
 [ 0.24936326  0.2610048   0.26975346  0.21843538  0.09411928]
 [ 0.0852121   0.06966197  0.03474552 -0.04525285 -0.20696802]] 
Episode: 493: [[ 0.27918127  0.26206186  0.19233517  0.05675486  0.07381163]
 [ 0.25964507  0.24747942  0.19043484  0.06776261  0.08398365]
 [ 0.28247964  0.28531316  0.25922894  0.15676197  0.115661  ]
 [ 0.24950564  0.26114562  0.26991     0.21859895  0.09417035]
 [ 0.08517781  0.06962963  0.03470733 -0.04528899 -0.20696442]] 
Episode: 494: [[ 0.27901882  0.26190564  0.19214825  0.05657558  0.07380398]
 [ 0.25946963  0.24731039  0.19023304  0.06756812  0.08397858]
 [ 0.28242752  0.2852655   0.25916982  0.1567116   0.11568007]
 [ 0.24961951  0.26125783  0.27003506  0.21873063  0.09420736]
 [ 0.0851479   0.06960153  0.03467437 -0.04532031 -0.20695902]] 
Episode: 495: [[ 0.27884617  0.26173937  0.19194932  0.05638588  0.07379815]
 [ 0.2592866   0.24713352  0.19002295  0.06736735  0.08397097]
 [ 0.282355    0.28519747  0.2590876   0.15663975  0.11569472]
 [ 0.24969673  0.2613336   0.270118    0.21881986  0.09423207]
 [ 0.08510844  0.06956384  0.03463029 -0.04536187 -0.20695671]] 
Episode: 496: [[ 0.2786905   0.26159045  0.19177063  0.05621742  0.07380142]
 [ 0.2590896   0.24694313  0.18979648  0.06715035  0.08396112]
 [ 0.28229386  0.28514075  0.25902012  0.15658379  0.11571207]
 [ 0.24983051  0.26146498  0.2702592   0.21896668  0.09426891]
 [ 0.08507252  0.06952966  0.03459079 -0.04539836 -0.20695356]] 
Episode: 497: [[ 0.2785664   0.2614731   0.19162674  0.05608242  0.07382222]
 [ 0.25889504  0.24675465  0.18957254  0.06693462  0.0839494 ]
 [ 0.28222418  0.28507555  0.25894153  0.15651499  0.1157302 ]
 [ 0.24992779  0.26155922  0.2703612   0.21907447  0.09428151]
 [ 0.08505528  0.06951415  0.03457236 -0.0454144  -0.20694076]] 
Episode: 498: [[ 0.27844286  0.26135615  0.19148576  0.05595209  0.07384502]
 [ 0.2587076   0.24657315  0.18935877  0.06673066  0.08394224]
 [ 0.28214842  0.28500408  0.25885817  0.15644307  0.11574733]
 [ 0.25000936  0.2616378   0.2704471   0.21916647  0.094289  ]
 [ 0.08503839  0.06949903  0.03455481 -0.04542891 -0.20692609]] 
Episode: 499: [[ 0.27831742  0.26123664  0.19134143  0.05581612  0.07387111]
 [ 0.25854445  0.24641533  0.18917187  0.06655144  0.08394913]
 [ 0.2820582   0.28491768  0.2587572   0.15635128  0.11576273]
 [ 0.25002342  0.2616492   0.27045763  0.2191825   0.094272  ]
 [ 0.08502464  0.06948671  0.03454089 -0.0454407  -0.20691016]] 
Episode: 500: [[ 0.27817532  0.26110166  0.19117801  0.05566254  0.07389338]
 [ 0.25835305  0.24623027  0.18895227  0.06634046  0.0839458 ]
 [ 0.28195432  0.28481847  0.2586416   0.15624687  0.11577256]
 [ 0.2500671   0.26169026  0.27050614  0.21923894  0.09426515]
 [ 0.08499574  0.06945958  0.03450917 -0.04546973 -0.20690024]] 
Episode: 501: [[ 0.27801943  0.26095223  0.19099846  0.05549207  0.07390794]
 [ 0.2581768   0.24605982  0.18874978  0.06614623  0.08394759]
 [ 0.28184074  0.28470913  0.25851458  0.15613043  0.11577792]
 [ 0.2500805   0.2617014   0.2705188   0.21925843  0.09425086]
 [ 0.08496717  0.06943257  0.03447797 -0.04549807 -0.20689116]] 
Episode: 502: [[ 0.27784765  0.2607872   0.19080105  0.05530409  0.07392177]
 [ 0.2580024   0.24589173  0.18854891  0.06595348  0.08395879]
 [ 0.28171945  0.28459206  0.25837964  0.15600677  0.11578314]
 [ 0.2500792   0.2616973   0.2705172   0.21926472  0.09422323]
 [ 0.08494794  0.06941498  0.03445746 -0.04551594 -0.20687586]] 
Episode: 503: [[ 0.277686    0.26063174  0.19061361  0.05512275  0.07393694]
 [ 0.25783405  0.24572922  0.18835334  0.06576281  0.08396961]
 [ 0.28160977  0.2844861   0.2582569   0.15589237  0.11578961]
 [ 0.2500803   0.26169556  0.27051857  0.2192731   0.09419809]
 [ 0.08493967  0.06940822  0.03444897 -0.04552353 -0.20685616]] 
Episode: 504: [[ 0.27750725  0.26045933  0.19040617  0.05492116  0.07394533]
 [ 0.25763926  0.24554037  0.18812677  0.06554064  0.08396937]
 [ 0.28148955  0.28436965  0.25812194  0.15576568  0.11579196]
 [ 0.2500958   0.26170832  0.27053788  0.21929978  0.09417992]
 [ 0.08491977  0.0693899   0.03442667 -0.04554494 -0.20684102]] 
Episode: 505: [[ 0.2773832   0.26034182  0.19027106  0.05480358  0.07397901]
 [ 0.25752997  0.24543808  0.18800089  0.06541862  0.08401632]
 [ 0.28147182  0.28435603  0.25809076  0.1557412   0.11584254]
 [ 0.25010735  0.2617162   0.2705583   0.21933189  0.09414701]
 [ 0.08488564  0.06935742  0.03439071 -0.04557667 -0.2068324 ]] 
Episode: 506: [[ 0.2772902   0.26025644  0.19017173  0.05472168  0.07402913]
 [ 0.2574272   0.24534337  0.18788266  0.0653047   0.08406918]
 [ 0.28147683  0.28436577  0.25808904  0.15574759  0.11590071]
 [ 0.250188    0.2617936   0.2706437   0.21942778  0.09414944]
 [ 0.08484852  0.06932212  0.03435167 -0.04561147 -0.20682661]] 
Episode: 507: [[ 0.27718633  0.2601592   0.19005835  0.0546223   0.0740701 ]
 [ 0.25734273  0.24526675  0.18778273  0.06520576  0.08413389]
 [ 0.2814551   0.2843482   0.25805625  0.1557199   0.11594777]
 [ 0.2502057   0.26180664  0.27066034  0.21945576  0.09410639]
 [ 0.08480662  0.06928185  0.03430615 -0.04565497 -0.20682229]] 
Episode: 508: [[ 0.27708042  0.26006     0.189943    0.05452263  0.07411119]
 [ 0.25726688  0.24519879  0.18769376  0.06512076  0.08420207]
 [ 0.28141013  0.28430742  0.25799915  0.1556704   0.11598498]
 [ 0.25018784  0.26178437  0.27063677  0.21944293  0.09405018]
 [ 0.0847805   0.06925743  0.03427929 -0.0456785  -0.20681083]] 
Episode: 509: [[ 0.27700752  0.25999224  0.1898695   0.05446463  0.07414948]
 [ 0.2572147   0.24515295  0.1876364   0.06506835  0.08426355]
 [ 0.2814115   0.28431183  0.25799915  0.15567826  0.11603021]
 [ 0.25022432  0.26181662  0.27067792  0.21949463  0.0940211 ]
 [ 0.08476037  0.06923843  0.0342609  -0.04569315 -0.20680292]] 
Episode: 510: [[ 0.27696326  0.25995395  0.18982866  0.05443871  0.07420924]
 [ 0.2571783   0.245123    0.18759912  0.06503685  0.08433089]
 [ 0.28143233  0.28433573  0.2580244   0.15571177  0.11608225]
 [ 0.25026527  0.26185286  0.27072796  0.2195558   0.09398647]
 [ 0.08475154  0.069231    0.03425558 -0.04569532 -0.20678806]] 
Episode: 511: [[ 0.27692425  0.25992095  0.1897934   0.05441741  0.07426501]
 [ 0.257147    0.24509825  0.18756737  0.06501061  0.08439508]
 [ 0.28145343  0.28436023  0.25805035  0.15574579  0.11613168]
 [ 0.2503256   0.2619089   0.27080178  0.21964085  0.09396267]
 [ 0.08473896  0.06921979  0.03424567 -0.04570227 -0.20677747]] 
Episode: 512: [[ 0.27688253  0.25988528  0.18975487  0.0543934   0.07432269]
 [ 0.25711295  0.24507073  0.18753245  0.06498203  0.08446097]
 [ 0.2814731   0.28438336  0.25807568  0.15578027  0.11618403]
 [ 0.2503639   0.26194283  0.27085125  0.21970163  0.0939289 ]
 [ 0.08473077  0.06921287  0.0342413  -0.04570321 -0.20676504]] 
Episode: 513: [[ 0.27682382  0.25983247  0.18969616  0.05434677  0.07436658]
 [ 0.25705984  0.24502398  0.18747507  0.06492911  0.08451274]
 [ 0.28148416  0.28439778  0.25809148  0.1558039   0.11622798]
 [ 0.2504237   0.26199898  0.27092567  0.21978687  0.09391215]
 [ 0.08472986  0.06921331  0.03424474 -0.04569716 -0.20674843]] 
Episode: 514: [[ 0.27675143  0.25976676  0.1896206   0.05428326  0.07441084]
 [ 0.25701794  0.24498954  0.18742886  0.06488787  0.08458001]
 [ 0.28149432  0.2844119   0.25810674  0.15582764  0.11627566]
 [ 0.250511    0.2620822   0.27103493  0.2199075   0.09390061]
 [ 0.08469553  0.06918048  0.034209   -0.04573027 -0.20674579]] 
Episode: 515: [[ 0.2766784   0.25970057  0.18954201  0.05421424  0.07445541]
 [ 0.25696385  0.24494274  0.18736708  0.06482897  0.08463968]
 [ 0.2815146   0.28443637  0.25813204  0.15585941  0.11632888]
 [ 0.2505994   0.26216638  0.2711465   0.22003011  0.09388597]
 [ 0.08465914  0.06914519  0.03417093 -0.04576655 -0.20674893]] 
Episode: 516: [[ 0.2765936   0.25962242  0.18944849  0.05412916  0.07449157]
 [ 0.25689077  0.2448767   0.18728235  0.06474651  0.08468715]
 [ 0.2815209   0.2844468   0.25814068  0.15587407  0.1163746 ]
 [ 0.25069252  0.26225564  0.27126345  0.22015777  0.09387797]
 [ 0.08461863  0.06910589  0.03412717 -0.04580874 -0.20675291]] 
Episode: 517: [[ 0.27648753  0.25952274  0.18932822  0.05401613  0.07452329]
 [ 0.25680155  0.24479416  0.18717729  0.06464315  0.08473118]
 [ 0.2814976   0.28442746  0.2581139   0.15585257  0.11641267]
 [ 0.25074485  0.2623042   0.27133194  0.22023545  0.09385507]
 [ 0.0845782   0.0690666   0.03408292 -0.04585165 -0.20675525]] 
Episode: 518: [[ 0.27636325  0.25940448  0.18918787  0.05388294  0.07454664]
 [ 0.25672483  0.24472396  0.18708745  0.0645558   0.08478259]
 [ 0.28149518  0.28442886  0.25811157  0.15585475  0.1164629 ]
 [ 0.25085062  0.26240668  0.27146092  0.22037266  0.0938644 ]
 [ 0.08453418  0.06902372  0.03403424 -0.04589979 -0.20675558]] 
Episode: 519: [[ 0.27622524  0.2592728   0.18903103  0.05373016  0.07455996]
 [ 0.25661346  0.24461928  0.18695688  0.06442426  0.08481455]
 [ 0.28152156  0.28445944  0.2581423   0.15588784  0.11652254]
 [ 0.25101173  0.2625651   0.27164423  0.22056332  0.09390266]
 [ 0.0844854   0.06897652  0.0339788  -0.04595602 -0.20675464]] 
Episode: 520: [[ 0.2760787   0.25913224  0.18886255  0.05356272  0.07457051]
 [ 0.25650164  0.24451344  0.1868248   0.06428845  0.0848439 ]
 [ 0.281529    0.2844704   0.25815088  0.15589613  0.11657035]
 [ 0.25116658  0.26271775  0.27182004  0.22074525  0.09394494]
 [ 0.08444422  0.06893679  0.0339315  -0.04600595 -0.20674999]] 
Episode: 521: [[ 0.27589267  0.2589525   0.18865038  0.05335716  0.07457429]
 [ 0.25640285  0.24442075  0.18671064  0.06417769  0.08488537]
 [ 0.28150147  0.28444722  0.25812012  0.15587057  0.11661726]
 [ 0.25123504  0.26278412  0.27191076  0.22084151  0.09395059]
 [ 0.08442674  0.06892063  0.03391356 -0.0460233  -0.20673533]] 
Episode: 522: [[ 0.27569994  0.2587666   0.18843247  0.05314941  0.07457877]
 [ 0.25626773  0.24429211  0.18655618  0.0640296   0.08491421]
 [ 0.28148323  0.2844337   0.2581027   0.15586202  0.11666972]
 [ 0.25134617  0.26289305  0.27205297  0.22099133  0.09397351]
 [ 0.08441458  0.06891032  0.03390168 -0.04603337 -0.20671354]] 
Episode: 523: [[ 0.27550447  0.25857818  0.18821174  0.05293938  0.07458147]
 [ 0.25612012  0.24415131  0.18638726  0.06386761  0.08493829]
 [ 0.2814688   0.28442425  0.25809032  0.15585953  0.11672395]
 [ 0.251474    0.2630186   0.27221572  0.22116287  0.09400232]
 [ 0.08439876  0.0688965   0.03388553 -0.04604721 -0.20669328]] 
Episode: 524: [[ 0.2754176   0.2584977   0.18809618  0.0528331   0.07468116]
 [ 0.2560715   0.24410897  0.1863144   0.06380086  0.08501123]
 [ 0.28155386  0.28451374  0.2581705   0.15594779  0.11687712]
 [ 0.2516596   0.26320228  0.27242935  0.22138435  0.0941334 ]
 [ 0.08448198  0.06898133  0.0339642  -0.04596649 -0.2066404 ]] 
Episode: 525: [[ 0.27534455  0.2584313   0.18799652  0.05273879  0.07477904]
 [ 0.25602117  0.24406512  0.18623917  0.0637273   0.08508031]
 [ 0.28166068  0.28462523  0.25827667  0.15605892  0.11703184]
 [ 0.25188667  0.2634275   0.27268866  0.22165065  0.09427429]
 [ 0.08454555  0.06904651  0.03402111 -0.04590977 -0.20659669]] 
Episode: 526: [[ 0.27525917  0.2583528   0.18788503  0.05263442  0.07486997]
 [ 0.25594944  0.2440001   0.1861413   0.06363277  0.08514241]
 [ 0.2817457   0.28471503  0.2583611   0.1561504   0.11717291]
 [ 0.2521091   0.26364782  0.27294564  0.221916    0.09440371]
 [ 0.08459259  0.06909519  0.03406101 -0.04586913 -0.20655937]] 
Episode: 527: [[ 0.27515662  0.25825685  0.18775499  0.05251218  0.07494638]
 [ 0.25585744  0.24391443  0.18602158  0.06351753  0.08519059]
 [ 0.28180036  0.28477427  0.2584121   0.15620917  0.11729474]
 [ 0.2523006   0.26383734  0.27316695  0.22214504  0.09451637]
 [ 0.08462462  0.06912893  0.03408463 -0.04584436 -0.20652749]] 
Episode: 528: [[ 0.27506876  0.25817576  0.18764226  0.05240476  0.07501014]
 [ 0.2557567   0.24382052  0.18589003  0.06338656  0.08522629]
 [ 0.28188464  0.28486302  0.25849938  0.15630318  0.11740902]
 [ 0.25254345  0.26407853  0.27343324  0.22241819  0.09465975]
 [ 0.08463562  0.06914177  0.03408377 -0.045846   -0.20650692]] 
Episode: 529: [[ 0.27507862  0.25819173  0.18762387  0.05239081  0.07515064]
 [ 0.25573862  0.24380949  0.1858509   0.06334782  0.0853071 ]
 [ 0.28202903  0.28501257  0.25865644  0.15646704  0.11756532]
 [ 0.25269324  0.2642246   0.2736054   0.22259662  0.0947286 ]
 [ 0.08462398  0.06913079  0.03406203 -0.04586759 -0.20650908]] 
Episode: 530: [[ 0.27505454  0.25817427  0.18757027  0.05234364  0.07527653]
 [ 0.25568044  0.24375871  0.18576781  0.06326694  0.08537497]
 [ 0.2821436   0.2851326   0.25878176  0.15660128  0.1177089 ]
 [ 0.25286135  0.26438928  0.2738014   0.2228006   0.09480495]
 [ 0.08459659  0.06910433  0.03402308 -0.04590566 -0.20651439]] 
Episode: 531: [[ 0.2750046   0.25813103  0.18748927  0.05226948  0.07538912]
 [ 0.25560132  0.243687    0.18566163  0.06316371  0.08543658]
 [ 0.28223318  0.2852277   0.25887948  0.1567086   0.11784119]
 [ 0.2530398   0.26456445  0.27401108  0.22301887  0.09488446]
 [ 0.08457201  0.06908086  0.03398837 -0.04593871 -0.20651516]] 
Episode: 532: [[ 0.27495223  0.25808418  0.18740992  0.05220149  0.07549907]
 [ 0.2555811   0.24367219  0.1856315   0.0631441   0.08551236]
 [ 0.282292    0.28529117  0.25894347  0.15678513  0.11796527]
 [ 0.2531295   0.26465115  0.27413237  0.22314794  0.09488403]
 [ 0.08458708  0.06909734  0.03400168 -0.04592104 -0.20649062]] 
Episode: 533: [[ 0.27489167  0.25802898  0.18732175  0.05212296  0.07560909]
 [ 0.25556535  0.24366155  0.18560675  0.06312871  0.08559531]
 [ 0.28231862  0.28532204  0.2589703   0.15682265  0.11807681]
 [ 0.25315765  0.2646763   0.27417907  0.22320037  0.09486086]
 [ 0.08461156  0.06912295  0.03402717 -0.04589178 -0.20646141]] 
Episode: 534: [[ 0.2748338   0.25797588  0.18723972  0.05205349  0.0757167 ]
 [ 0.25556713  0.24366787  0.1856051   0.06314004  0.08568465]
 [ 0.28232482  0.28533193  0.25897488  0.15684001  0.1181781 ]
 [ 0.25311232  0.26462826  0.27415395  0.22318044  0.09480013]
 [ 0.08465413  0.06916656  0.03407524 -0.04583826 -0.20642318]] 
Episode: 535: [[ 0.27477205  0.2579191   0.1871554   0.0519821   0.07581645]
 [ 0.25555462  0.24366005  0.18558791  0.063136    0.08576518]
 [ 0.2823337   0.28534445  0.2589845   0.15686314  0.11827263]
 [ 0.25309446  0.26460764  0.27416027  0.22319305  0.09475058]
 [ 0.08468728  0.06920069  0.03411325 -0.04579453 -0.20639129]] 
Episode: 536: [[ 0.2746976   0.2578495   0.18705715  0.0518968   0.07590805]
 [ 0.25552672  0.24363634  0.18555371  0.06311538  0.08583549]
 [ 0.28232512  0.28533947  0.25897363  0.1568657   0.11835958]
 [ 0.25304195  0.26455256  0.27412233  0.22316027  0.09469162]
 [ 0.08471939  0.06923378  0.03415032 -0.04575151 -0.20635843]] 
Episode: 537: [[ 0.27463475  0.2577918   0.18697143  0.05181863  0.07600637]
 [ 0.25553843  0.24365357  0.18556131  0.0631301   0.0859395 ]
 [ 0.28234005  0.28535792  0.25898948  0.15689003  0.11845377]
 [ 0.25295544  0.2644618   0.2740477   0.22309212  0.09459189]
 [ 0.08478868  0.06930459  0.03422951 -0.04567068 -0.20630239]] 
Episode: 538: [[ 0.27464506  0.25780666  0.1869694   0.05182321  0.07613601]
 [ 0.25559065  0.2437105   0.18561552  0.06319174  0.08605979]
 [ 0.28235197  0.28537214  0.25900152  0.15691002  0.11853982]
 [ 0.252807    0.26430947  0.27391344  0.22296377  0.09443928]
 [ 0.08486138  0.06937862  0.03431255 -0.04558586 -0.20624457]] 
Episode: 539: [[ 0.27462173  0.25778836  0.18692997  0.05179013  0.07624823]
 [ 0.25559056  0.24371536  0.18560955  0.06319196  0.08615582]
 [ 0.28234866  0.28537172  0.25899705  0.15691373  0.11861815]
 [ 0.2527137   0.26421311  0.27384123  0.22289918  0.09432431]
 [ 0.08492195  0.06944071  0.03438153 -0.0455157  -0.20619112]] 
Episode: 540: [[ 0.27456892  0.2577405   0.18685885  0.05172578  0.07633993]
 [ 0.25557417  0.24370413  0.18558566  0.0631747   0.086243  ]
 [ 0.28232953  0.2853558   0.258975    0.15690018  0.11868825]
 [ 0.25264     0.26413712  0.27378815  0.22285384  0.09423088]
 [ 0.08496991  0.06949013  0.03443661 -0.04545888 -0.20614506]] 
Episode: 541: [[ 0.2745111   0.2576872   0.1867825   0.05165647  0.07642344]
 [ 0.2555727   0.24370751  0.18557952  0.06317594  0.08633233]
 [ 0.2822927   0.285322    0.2589317   0.15686516  0.11874873]
 [ 0.25250724  0.26400235  0.27367327  0.22274595  0.09412089]
 [ 0.08501968  0.06954118  0.03449442 -0.04539875 -0.20610051]] 
Episode: 542: [[ 0.27444273  0.25762323  0.18669553  0.05157617  0.07649738]
 [ 0.25555053  0.24368991  0.1855503   0.06315345  0.08640875]
 [ 0.2822555   0.28528792  0.25888857  0.15682991  0.11880758]
 [ 0.25240162  0.263895    0.27358663  0.2226661   0.09402997]
 [ 0.08506108  0.06958384  0.03454275 -0.04534831 -0.2060599 ]] 
Episode: 543: [[ 0.27439207  0.25757667  0.18663305  0.05152393  0.0765696 ]
 [ 0.25555223  0.24369594  0.18555239  0.06316586  0.08648793]
 [ 0.28222924  0.28526452  0.2588609   0.15681283  0.11886393]
 [ 0.2522723   0.26376402  0.27346826  0.22255367  0.09393184]
 [ 0.08510061  0.06962454  0.03458994 -0.04529798 -0.20602223]] 
Episode: 544: [[ 0.27433053  0.257519    0.186562    0.05146769  0.07663906]
 [ 0.25555235  0.24370024  0.1855565   0.06318521  0.08656902]
 [ 0.282189    0.28522688  0.25882024  0.15678659  0.11891545]
 [ 0.25210834  0.26359817  0.27330515  0.22239508  0.09382244]
 [ 0.08513761  0.06966269  0.03463586 -0.04524671 -0.20598482]] 
Episode: 545: [[ 0.27424693  0.25743914  0.18646476  0.05138399  0.07669726]
 [ 0.25553188  0.24368384  0.18553548  0.06317801  0.08664162]
 [ 0.282134    0.28517458  0.2587613   0.15674107  0.11896192]
 [ 0.25195816  0.26344597  0.27315643  0.22225119  0.09371959]
 [ 0.08515885  0.0696851   0.03466289 -0.04521462 -0.20595354]] 
Episode: 546: [[ 0.2741536   0.25734958  0.18635559  0.05128898  0.07675647]
 [ 0.25552347  0.24367976  0.18552764  0.06318475  0.08672606]
 [ 0.28204986  0.28509292  0.2586684   0.15666215  0.11899797]
 [ 0.25175232  0.26323825  0.27295545  0.22205463  0.09358491]
 [ 0.08518308  0.06971059  0.03469312 -0.04517901 -0.2059182 ]] 
Episode: 547: [[ 0.2740261   0.25722533  0.18620563  0.05115141  0.07680136]
 [ 0.25547862  0.24363911  0.1854745   0.06314304  0.08680224]
 [ 0.2819669   0.28501207  0.2585754   0.15658067  0.11903669]
 [ 0.25153708  0.26301965  0.27274308  0.22184731  0.09343111]
 [ 0.08523171  0.06976128  0.03474904 -0.04512122 -0.20585999]] 
Episode: 548: [[ 0.273885    0.25708857  0.18604092  0.05099814  0.07684559]
 [ 0.25540957  0.24357519  0.18539356  0.06307222  0.08687419]
 [ 0.28188142  0.28492928  0.25848183  0.15649882  0.11907251]
 [ 0.25139412  0.2628735   0.2726156   0.2217272   0.09330735]
 [ 0.08527866  0.06981041  0.03480395 -0.04506451 -0.20580372]] 
Episode: 549: [[ 0.27374256  0.25695089  0.18587285  0.05083897  0.0768852 ]
 [ 0.2553195   0.24349053  0.1852857   0.06297147  0.08693453]
 [ 0.2818128   0.2848639   0.2584061   0.15643299  0.1191131 ]
 [ 0.25129074  0.2627669   0.27253383  0.22165418  0.09319827]
 [ 0.08531982  0.06985375  0.03485181 -0.04501516 -0.20575234]] 
Episode: 550: [[ 0.27364546  0.25685942  0.18575844  0.05073741  0.07695206]
 [ 0.2552192   0.24339628  0.18516546  0.06286044  0.08699905]
 [ 0.2818006   0.28485498  0.25839898  0.15644012  0.11917459]
 [ 0.25123957  0.26270992  0.2725211   0.22165567  0.09307683]
 [ 0.08537058  0.06990696  0.03491114 -0.044953   -0.20569564]] 
Episode: 551: [[ 0.2736484   0.2568675   0.18573968  0.05072987  0.0771242 ]
 [ 0.25521454  0.24339728  0.18513747  0.06284054  0.08716849]
 [ 0.28188965  0.28494692  0.25848556  0.15653872  0.11933368]
 [ 0.251178    0.26263717  0.2725104   0.22166613  0.09288444]
 [ 0.08551595  0.07005434  0.0350598  -0.04480183 -0.20555013]] 
Episode: 552: [[ 0.27360535  0.25682878  0.18566902  0.05066681  0.07727829]
 [ 0.25521353  0.24340251  0.18511213  0.06281785  0.08735476]
 [ 0.28192908  0.28498888  0.25851586  0.1565778   0.1194762 ]
 [ 0.2510517   0.26250076  0.2724335   0.22160837  0.09263853]
 [ 0.08566614  0.07020683  0.03521555 -0.04464641 -0.20540017]] 
Episode: 553: [[ 0.27365658  0.25688398  0.18568936  0.05069365  0.07749271]
 [ 0.2552562   0.2434527   0.1851392   0.06285327  0.08755685]
 [ 0.28197646  0.28503862  0.2585603   0.15663716  0.11960336]
 [ 0.25100905  0.2624491   0.27243155  0.22162354  0.09248384]
 [ 0.08575495  0.07029726  0.0353051  -0.04455085 -0.20529723]] 
Episode: 554: [[ 0.27368996  0.2569209   0.18569273  0.05070206  0.07768484]
 [ 0.2553165   0.24352044  0.18518776  0.0629085   0.08775938]
 [ 0.2820048   0.28506923  0.25858325  0.15667276  0.11971787]
 [ 0.2509667   0.2623985   0.27242532  0.22163287  0.09234321]
 [ 0.08583128  0.07037505  0.0353815  -0.0444697  -0.20520502]] 
Episode: 555: [[ 0.27373266  0.25696784  0.1857123   0.05072801  0.07787032]
 [ 0.25537604  0.24358775  0.18523861  0.06296657  0.0879527 ]
 [ 0.28204447  0.28511146  0.25862324  0.15672627  0.11982863]
 [ 0.25097808  0.26240242  0.2724817   0.22170602  0.0922337 ]
 [ 0.085889    0.07043485  0.03543628 -0.04441079 -0.20511776]] 
Episode: 556: [[ 0.27374893  0.25698835  0.18570329  0.05072583  0.07803397]
 [ 0.2554007   0.24361975  0.18524955  0.06298473  0.08812091]
 [ 0.28206354  0.28513324  0.25863945  0.15675597  0.11992684]
 [ 0.25099373  0.26241118  0.2725399   0.22178033  0.09213533]
 [ 0.08593468  0.07048256  0.03547789 -0.0443651  -0.20503964]] 
Episode: 557: [[ 0.27372444  0.25696918  0.18564658  0.05067068  0.07818384]
 [ 0.25536492  0.24359164  0.18518902  0.06292538  0.08826292]
 [ 0.28209972  0.28517354  0.25867325  0.15679745  0.12004103]
 [ 0.25107875  0.26249006  0.2726595   0.22191429  0.09209438]
 [ 0.08598381  0.07053316  0.03552665 -0.04431449 -0.20497076]] 
Episode: 558: [[ 0.27364397  0.25689226  0.18552946  0.05055504  0.07829107]
 [ 0.2552823   0.24351518  0.1850764   0.06281331  0.0883738 ]
 [ 0.2820799   0.28515625  0.25864485  0.1567757   0.12011921]
 [ 0.251166    0.2625715   0.2727805   0.2220488   0.09206054]
 [ 0.08603081  0.07058154  0.03557323 -0.04426751 -0.20490135]] 
Episode: 559: [[ 0.27357683  0.25682977  0.18543078  0.05045777  0.07840598]
 [ 0.25520575  0.24344583  0.18497175  0.06270824  0.08849135]
 [ 0.28208116  0.28516063  0.2586439   0.15678138  0.12020461]
 [ 0.25127164  0.26267084  0.27292743  0.22221075  0.09202417]
 [ 0.08606613  0.07061828  0.0356079  -0.04423281 -0.20484065]] 
Episode: 560: [[ 0.27349567  0.2567529   0.18531732  0.05034663  0.07850652]
 [ 0.2551259   0.24337271  0.18486421  0.06260143  0.08859901]
 [ 0.28206897  0.2851514   0.25862724  0.15677182  0.12028104]
 [ 0.2513425   0.26273578  0.27303088  0.22232756  0.09198006]
 [ 0.08609099  0.07064451  0.03563087 -0.04420911 -0.20478673]] 
Episode: 561: [[ 0.2734375   0.2566993   0.18522958  0.05025912  0.07861576]
 [ 0.25505984  0.24331294  0.18477182  0.06250755  0.08870573]
 [ 0.28207737  0.2851629   0.25863308  0.15678236  0.12036471]
 [ 0.25141042  0.26279804  0.2731309   0.2224415   0.09193527]
 [ 0.08612826  0.07068358  0.03566694 -0.04417459 -0.20472267]] 
Episode: 562: [[ 0.27336398  0.25663134  0.18512918  0.05016278  0.07871426]
 [ 0.25497165  0.24323182  0.18465737  0.06239479  0.0888001 ]
 [ 0.28209043  0.28517997  0.2586486   0.15680644  0.12044813]
 [ 0.25152022  0.26290292  0.27328226  0.22260892  0.0919127 ]
 [ 0.08616456  0.07072209  0.03570344 -0.04413828 -0.2046599 ]] 
Episode: 563: [[ 0.27329594  0.2565707   0.18503289  0.05006431  0.07882923]
 [ 0.25487086  0.24313954  0.18452518  0.06225799  0.08890262]
 [ 0.28210756  0.28520092  0.25867292  0.15683705  0.12052299]
 [ 0.2516901   0.2630684   0.27348578  0.22282672  0.09190422]
 [ 0.08617252  0.07073221  0.03570709 -0.04413675 -0.20461   ]] 
Episode: 564: [[ 0.27314445  0.2564258   0.18486218  0.04989198  0.07889857]
 [ 0.25470194  0.24297847  0.18432598  0.06205489  0.08896928]
 [ 0.28207996  0.28517687  0.25864193  0.15681113  0.12057772]
 [ 0.25178722  0.26315993  0.27360553  0.22295806  0.09185272]
 [ 0.08618201  0.07074436  0.0357108  -0.04413568 -0.20455797]] 
Episode: 565: [[ 0.27297428  0.2562616   0.1846665   0.04969396  0.0789649 ]
 [ 0.25456512  0.24284963  0.18416056  0.06188471  0.08906101]
 [ 0.2820117   0.2851113   0.25856224  0.15673527  0.12061957]
 [ 0.25180346  0.2631711   0.2736459   0.22300902  0.09175022]
 [ 0.08620306  0.07076792  0.03572895 -0.04411939 -0.2045    ]] 
Episode: 566: [[ 0.27280593  0.25609905  0.18447365  0.04949894  0.07901858]
 [ 0.2544385   0.24273099  0.18400739  0.06172698  0.08914714]
 [ 0.28194654  0.2850489   0.25848767  0.15666443  0.1206552 ]
 [ 0.25184214  0.26320487  0.27371383  0.22308831  0.0916614 ]
 [ 0.08620991  0.07077713  0.03573148 -0.04411859 -0.20445348]] 
Episode: 567: [[ 0.27273473  0.2560352   0.18438463  0.04940763  0.07911073]
 [ 0.25431746  0.24261877  0.18386512  0.0615853   0.08922973]
 [ 0.28198904  0.28509378  0.25851443  0.15669376  0.12074345]
 [ 0.25194797  0.26330632  0.2738422   0.22322673  0.09164854]
 [ 0.08623337  0.07080305  0.03575701 -0.0440917  -0.20440488]] 
Episode: 568: [[ 0.27264616  0.25595272  0.18427518  0.04929374  0.07919264]
 [ 0.25421107  0.24252076  0.18373679  0.06145359  0.08932504]
 [ 0.2819685   0.2850734   0.25847375  0.15665452  0.12078778]
 [ 0.25200328  0.2633569   0.27391106  0.2233042   0.09161475]
 [ 0.08626676  0.07083863  0.03579459 -0.04405458 -0.20435049]] 
Episode: 569: [[ 0.27256182  0.25587392  0.18417196  0.04918778  0.07926795]
 [ 0.25412413  0.24244171  0.18363173  0.06134655  0.08942064]
 [ 0.28194606  0.28505102  0.2584335   0.15661696  0.12082729]
 [ 0.2520298   0.2633787   0.2739461   0.22334749  0.09156924]
 [ 0.08629753  0.07087136  0.03582956 -0.04401992 -0.20430022]] 
Episode: 570: [[ 0.2724495   0.2557665   0.18403277  0.04904208  0.0793216 ]
 [ 0.25401038  0.24233492  0.1834919   0.06120067  0.08949318]
 [ 0.28189188  0.2849967   0.25835505  0.15653802  0.12084746]
 [ 0.2520744   0.26341915  0.27400202  0.22341082  0.09153805]
 [ 0.08630654  0.07088212  0.03583721 -0.04401463 -0.20426226]] 
Episode: 571: [[ 0.27228168  0.25560218  0.1838317   0.04883685  0.07933339]
 [ 0.2538771   0.24220802  0.18332891  0.06103334  0.08955064]
 [ 0.2818615   0.28496712  0.2583028   0.15648487  0.12088669]
 [ 0.25210866  0.26344958  0.27404577  0.22346152  0.0915046 ]
 [ 0.08636256  0.07094099  0.03589869 -0.043955   -0.20419504]] 
Episode: 572: [[ 0.27211672  0.25544098  0.18363325  0.04863136  0.07934461]
 [ 0.25375107  0.24208917  0.18317069  0.0608658   0.08961739]
 [ 0.28186706  0.28497422  0.25829303  0.15647107  0.12094287]
 [ 0.2522001   0.26353738  0.27415252  0.22357437  0.09149385]
 [ 0.08642495  0.07100598  0.03596858 -0.04388898 -0.20412917]] 
Episode: 573: [[ 0.27203327  0.25536186  0.18353629  0.04853057  0.0793914 ]
 [ 0.25369817  0.24204354  0.18310538  0.06079595  0.08970851]
 [ 0.2819039   0.28501257  0.25832796  0.15650675  0.12100654]
 [ 0.25226548  0.26359913  0.27423084  0.22365938  0.0914709 ]
 [ 0.08649269  0.07107598  0.03604845 -0.04381075 -0.20406596]] 
Episode: 574: [[ 0.2719976   0.25533023  0.18349692  0.04849127  0.07944742]
 [ 0.2536343   0.24198446  0.18303457  0.06072555  0.08975676]
 [ 0.28198054  0.2850926   0.2584065   0.1565869   0.12110273]
 [ 0.25237823  0.26370966  0.27436438  0.22380044  0.09148411]
 [ 0.08654811  0.07113323  0.036116   -0.0437422  -0.20401841]] 
Episode: 575: [[ 0.27193612  0.25527352  0.18342543  0.04841862  0.0794978 ]
 [ 0.25355968  0.2419154   0.1829483   0.06063794  0.08980753]
 [ 0.28202853  0.28514433  0.25845253  0.15663423  0.12118688]
 [ 0.25250024  0.2638295   0.27451172  0.22395694  0.09149912]
 [ 0.08658686  0.07117391  0.03616332 -0.04369453 -0.20397794]] 
Episode: 576: [[ 0.27187753  0.25521863  0.18335922  0.0483525   0.07954134]
 [ 0.25353846  0.24190001  0.18292405  0.06061359  0.08988514]
 [ 0.28208876  0.28520733  0.25851643  0.15670082  0.12126688]
 [ 0.25254232  0.2638678   0.27457678  0.2240304   0.09146196]
 [ 0.08663663  0.07122548  0.03622388 -0.0436339  -0.20393221]] 
Episode: 577: [[ 0.27177224  0.25511745  0.18323518  0.04822829  0.07956801]
 [ 0.25347707  0.2418447   0.18284908  0.06053808  0.08994836]
 [ 0.28210938  0.285231    0.25853288  0.15672016  0.12133104]
 [ 0.25255743  0.2638789   0.27461022  0.22407264  0.09141042]
 [ 0.0866744   0.07126547  0.03626799 -0.04359029 -0.20388755]] 
Episode: 578: [[ 0.2716772   0.25502682  0.1831238   0.04811876  0.07959621]
 [ 0.25339586  0.2417693   0.18275182  0.06044175  0.0899956 ]
 [ 0.28213474  0.28525928  0.25855792  0.1567504   0.12138903]
 [ 0.25259838  0.26391605  0.2746759   0.22414882  0.09136997]
 [ 0.08670726  0.07130072  0.03630577 -0.04355263 -0.20384395]] 
Episode: 579: [[ 0.27163288  0.25498724  0.18307589  0.04807585  0.07964472]
 [ 0.25336477  0.24174449  0.18271686  0.06041051  0.09006371]
 [ 0.2821777   0.28530487  0.2586091   0.15680966  0.12144683]
 [ 0.25265265  0.26396614  0.2747601   0.22424519  0.09132796]
 [ 0.08672505  0.07132072  0.03632742 -0.04353026 -0.20380932]] 
Episode: 580: [[ 0.2715382   0.25489745  0.18296802  0.04797313  0.07967249]
 [ 0.25328714  0.24167316  0.18262596  0.06032334  0.09011294]
 [ 0.2821659   0.28529575  0.25859722  0.15680668  0.12147911]
 [ 0.25272286  0.26403227  0.2748643   0.22436261  0.09129285]
 [ 0.08670182  0.07129996  0.03629827 -0.04355955 -0.20378773]] 
Episode: 581: [[ 0.27142906  0.25479308  0.18284181  0.04785227  0.07969376]
 [ 0.25319093  0.24158287  0.18251231  0.0602137   0.0901513 ]
 [ 0.28213933  0.28527182  0.2585673   0.15678577  0.12150604]
 [ 0.25279036  0.26409605  0.27496395  0.22447506  0.09126272]
 [ 0.08667255  0.07127307  0.03626173 -0.0435958  -0.20376962]] 
Episode: 582: [[ 0.27142182  0.2547902   0.1828126   0.04782746  0.07976445]
 [ 0.25319147  0.2415889   0.18249118  0.0601959   0.09023059]
 [ 0.282217    0.2853518   0.25863454  0.1568603   0.12158239]
 [ 0.25292262  0.26422498  0.27512118  0.22464362  0.09129166]
 [ 0.08670345  0.07130673  0.03629928 -0.04355835 -0.20372707]] 
Episode: 583: [[ 0.2713692   0.25474238  0.18272969  0.04774762  0.07981676]
 [ 0.25315532  0.24155849  0.1824267   0.06013349  0.09029375]
 [ 0.28226826  0.28540605  0.25867152  0.15690382  0.12165038]
 [ 0.25305587  0.26435572  0.27527973  0.2248134   0.09132905]
 [ 0.08672675  0.07133301  0.03632621 -0.04353226 -0.20368566]] 
Episode: 584: [[ 0.27128556  0.25466454  0.18261501  0.04764077  0.07986618]
 [ 0.2531114   0.24152142  0.18235715  0.06007085  0.09036531]
 [ 0.28230876  0.28545037  0.2587017   0.15694559  0.12172113]
 [ 0.25317633  0.2644734   0.2754267   0.22497322  0.09135439]
 [ 0.08674947  0.07135914  0.03635345 -0.04350347 -0.2036403 ]] 
Episode: 585: [[ 0.27122226  0.25460687  0.18252635  0.04755897  0.07991619]
 [ 0.25306228  0.24147882  0.18228321  0.06000217  0.09042659]
 [ 0.2823636   0.28550878  0.25875226  0.15700714  0.12178872]
 [ 0.25334567  0.2646402   0.27562657  0.22518446  0.09139837]
 [ 0.08674863  0.07136148  0.0363518  -0.04350483 -0.20360714]] 
Episode: 586: [[ 0.27114356  0.2545334   0.18242161  0.04746231  0.07996091]
 [ 0.25299376  0.24141611  0.18218912  0.05991475  0.09047784]
 [ 0.28238654  0.2855348   0.2587681   0.15703507  0.12184279]
 [ 0.25348777  0.2647799   0.27579415  0.22536272  0.09143426]
 [ 0.08673     0.07134546  0.03633019 -0.04352525 -0.20358536]] 
Episode: 587: [[ 0.27109885  0.25449407  0.18236002  0.04741013  0.08001408]
 [ 0.25293413  0.2413623   0.18210787  0.05984041  0.09052786]
 [ 0.28244454  0.28559622  0.25882807  0.15710792  0.1219094 ]
 [ 0.25365072  0.2649403   0.27599087  0.22557214  0.09147261]
 [ 0.08671323  0.0713313   0.03631096 -0.04354331 -0.20356423]] 
Episode: 588: [[ 0.27104026  0.25444117  0.18228275  0.04734096  0.08005594]
 [ 0.2528445   0.24127862  0.1819912   0.05972878  0.09056097]
 [ 0.28250328  0.28565887  0.25889006  0.15718205  0.12197348]
 [ 0.25386894  0.26515624  0.2762355   0.22582799  0.09154089]
 [ 0.0866782   0.07129889  0.03626909 -0.04358491 -0.20355225]] 
Episode: 589: [[ 0.2709663   0.2543734   0.18218559  0.04724896  0.08009682]
 [ 0.25272316  0.24116288  0.18183757  0.05957842  0.09057715]
 [ 0.2825246   0.2856839   0.2589091   0.15721135  0.1220185 ]
 [ 0.2540707   0.2653559   0.27646318  0.22606638  0.09160251]
 [ 0.08661572  0.07123883  0.03619398 -0.04366043 -0.20355387]] 
Episode: 590: [[ 0.27089813  0.2543106   0.18209855  0.04716782  0.08013339]
 [ 0.25260797  0.24105255  0.18169442  0.05943926  0.09058966]
 [ 0.2825485   0.28571096  0.25893402  0.15724693  0.12206094]
 [ 0.25426403  0.26554713  0.27668363  0.22629774  0.09165996]
 [ 0.08657043  0.07119593  0.03613968 -0.04371483 -0.20354755]] 
Episode: 591: [[ 0.2708129   0.25423062  0.1819912   0.04706463  0.08016077]
 [ 0.2524717   0.2409208   0.18152645  0.05927353  0.09059009]
 [ 0.2825529   0.2857186   0.25893572  0.15725766  0.12209591]
 [ 0.25445387  0.26573536  0.27690092  0.2265255   0.09172212]
 [ 0.0865209   0.07114871  0.03607964 -0.04377617 -0.20354335]] 
Episode: 592: [[ 0.2707253   0.25414774  0.1818858   0.04696737  0.08018464]
 [ 0.25236112  0.24081473  0.18139268  0.05914587  0.0906033 ]
 [ 0.2825746   0.2857436   0.25896046  0.15729398  0.12214332]
 [ 0.25463164  0.26591226  0.27710336  0.22673781  0.09179068]
 [ 0.08646503  0.07109446  0.03601495 -0.04384059 -0.20354809]] 
Episode: 593: [[ 0.27063844  0.2540658   0.1817851   0.04687816  0.08020772]
 [ 0.25228027  0.24073908  0.1812969   0.05905963  0.09063199]
 [ 0.2826202   0.28579262  0.25901806  0.15736683  0.12219582]
 [ 0.25486338  0.26614326  0.27735338  0.22699648  0.09188478]
 [ 0.08641863  0.07104962  0.03596364 -0.04388942 -0.20355165]] 
Episode: 594: [[ 0.27057385  0.2540067   0.1817123   0.04681776  0.08024569]
 [ 0.25217983  0.24064349  0.18118152  0.0589549   0.09064858]
 [ 0.28267667  0.28585252  0.25909132  0.15745632  0.12225142]
 [ 0.25512278  0.2664023   0.27764052  0.22729398  0.09199237]
 [ 0.08638611  0.07101849  0.03593095 -0.04391842 -0.20355238]] 
Episode: 595: [[ 0.27055717  0.25399536  0.18169568  0.04681137  0.08031162]
 [ 0.25215185  0.24062078  0.18115146  0.05893428  0.09070601]
 [ 0.2827539   0.28593314  0.25918844  0.15756714  0.12232415]
 [ 0.25528413  0.2665633   0.27783084  0.22749382  0.09204542]
 [ 0.08640944  0.07104311  0.0359666  -0.04387856 -0.20352909]] 
Episode: 596: [[ 0.2705596   0.2540029   0.18170361  0.04683226  0.08038315]
 [ 0.25213283  0.24060665  0.1811341   0.05892884  0.09076389]
 [ 0.2828348   0.2860171   0.2592918   0.15768626  0.12239581]
 [ 0.25543275  0.2667116   0.27800664  0.2276789   0.09209383]
 [ 0.08643392  0.0710688   0.03600385 -0.04383604 -0.20350513]] 
Episode: 597: [[ 0.27054003  0.25398856  0.18168421  0.04682449  0.08044671]
 [ 0.25209102  0.24056979  0.18108834  0.05889348  0.09081341]
 [ 0.28289098  0.2860766   0.25936463  0.15777335  0.12246066]
 [ 0.25556916  0.2668477   0.27816862  0.22784953  0.09213845]
 [ 0.08644044  0.07107604  0.03602042 -0.04381435 -0.20349526]] 
Episode: 598: [[ 0.2704888   0.25394255  0.18162502  0.04677378  0.0804981 ]
 [ 0.25201973  0.2405033   0.18100551  0.05881802  0.09085089]
 [ 0.2829222   0.28611127  0.25940606  0.15782653  0.12251731]
 [ 0.25569686  0.2669751   0.27832094  0.22801025  0.09218015]
 [ 0.08643876  0.07107523  0.03602552 -0.04380527 -0.20348632]] 
Episode: 599: [[ 0.27043438  0.25389266  0.18156315  0.04672125  0.08054481]
 [ 0.25196105  0.24044886  0.18093874  0.05875995  0.09089102]
 [ 0.28293437  0.2861262   0.25942582  0.15785836  0.12256361]
 [ 0.25576857  0.26704618  0.27840564  0.22810139  0.09219714]
 [ 0.08644429  0.07108149  0.03603947 -0.04378665 -0.20347415]] 
Episode: 600: [[ 0.27040264  0.2538649   0.18152753  0.04669477  0.08060309]
 [ 0.2519369   0.24042848  0.18091324  0.05874373  0.09094571]
 [ 0.2829414   0.2861354   0.25943938  0.15788342  0.12260816]
 [ 0.255761    0.26703802  0.27841377  0.22811553  0.09217525]
 [ 0.08646931  0.07110715  0.03607687 -0.04374417 -0.20345274]] 
Episode: 601: [[ 0.27035573  0.25382167  0.18147196  0.04664686  0.08065877]
 [ 0.2519151   0.24041001  0.18088956  0.05872888  0.0910027 ]
 [ 0.28291568  0.28611138  0.259413    0.15786707  0.1226408 ]
 [ 0.25568798  0.266964    0.27835312  0.2280605   0.09212491]
 [ 0.08650462  0.07114303  0.03612613 -0.04368975 -0.20342542]] 
Episode: 602: [[ 0.2703084   0.2537773   0.18141548  0.04659541  0.08071231]
 [ 0.2519265   0.24042453  0.1809045   0.05875064  0.09107511]
 [ 0.2828782   0.28607488  0.2593724   0.1578337   0.12266588]
 [ 0.25555047  0.26682553  0.2782307   0.22794333  0.09203696]
 [ 0.08656973  0.0712086   0.03621138 -0.04359975 -0.20338574]] 
Episode: 603: [[ 0.2702448   0.25371623  0.18133958  0.04652339  0.08075804]
 [ 0.25196046  0.24046198  0.18094371  0.0587953   0.09116534]
 [ 0.28281394  0.2860112   0.2593002   0.1577675   0.12267887]
 [ 0.2553658   0.26663893  0.2780528   0.22777036  0.09191879]
 [ 0.08666366  0.07130302  0.03633112 -0.04347562 -0.2033341 ]] 
Episode: 604: [[ 0.27019128  0.25366515  0.1812776   0.04646713  0.080806  ]
 [ 0.2519986   0.24050327  0.18099064  0.05884989  0.09125243]
 [ 0.2827559   0.28595376  0.25923654  0.15771097  0.12269487]
 [ 0.25515044  0.26642153  0.27783337  0.2275539   0.09178876]
 [ 0.08676573  0.07140569  0.036461   -0.0433402  -0.20327763]] 
Episode: 605: [[ 0.2701496   0.25362596  0.1812307   0.04642654  0.08085797]
 [ 0.2520343   0.24054193  0.18103604  0.05890307  0.09133536]
 [ 0.28270447  0.28590292  0.2591821   0.1576645   0.12271222]
 [ 0.2549615   0.26623073  0.2776421   0.22736621  0.09167483]
 [ 0.08686011  0.07150083  0.03658097 -0.04321571 -0.20322204]] 
Episode: 606: [[ 0.27011412  0.2535932   0.18119004  0.04639024  0.08091212]
 [ 0.25205547  0.24056561  0.18106464  0.05893761  0.09140502]
 [ 0.2826609   0.28585982  0.25913686  0.15762584  0.12272891]
 [ 0.2548109   0.26607847  0.27749413  0.22722238  0.09157975]
 [ 0.08695345  0.07159489  0.03669946 -0.04309328 -0.20316747]] 
Episode: 607: [[ 0.27014458  0.2536272   0.18122858  0.04643114  0.08098993]
 [ 0.25210115  0.2406142   0.18112348  0.05899938  0.09147816]
 [ 0.28270236  0.28590277  0.25919202  0.15768605  0.12277977]
 [ 0.25474742  0.26601353  0.27742895  0.2271607   0.0915468 ]
 [ 0.08702146  0.07166379  0.03678565 -0.04300696 -0.20312183]] 
Episode: 608: [[ 0.27013484  0.25362167  0.18122034  0.04642654  0.08104818]
 [ 0.25210136  0.2406179   0.18112841  0.05900766  0.09153131]
 [ 0.2827374   0.28594014  0.25924057  0.15774165  0.12282666]
 [ 0.25476217  0.26602697  0.27743813  0.22717285  0.09154712]
 [ 0.08705981  0.0717032   0.03683558 -0.04295705 -0.20308934]] 
Episode: 609: [[ 0.2701028   0.25359398  0.18118529  0.04639357  0.081097  ]
 [ 0.25207034  0.24059077  0.18109432  0.05897446  0.09157607]
 [ 0.2827458   0.28595066  0.2592589   0.15776646  0.12285754]
 [ 0.25482276  0.2660861   0.27750763  0.22724886  0.0915596 ]
 [ 0.08708534  0.07172974  0.03686978 -0.04292365 -0.20306312]] 
Episode: 610: [[ 0.2700903   0.25358596  0.181169    0.0463706   0.08113377]
 [ 0.25199798  0.2405218   0.18100671  0.0588777   0.09158136]
 [ 0.28285682  0.2860635   0.259371    0.15788355  0.12293312]
 [ 0.25494897  0.26621103  0.27763784  0.22738469  0.0916606 ]
 [ 0.0870206   0.07166508  0.03680037 -0.04299376 -0.20308855]] 
Episode: 611: [[ 0.270086    0.2535871   0.18116465  0.04636277  0.08117614]
 [ 0.25189704  0.24042498  0.1808866   0.05875029  0.09157694]
 [ 0.28299588  0.28620553  0.2595209   0.15804127  0.12302223]
 [ 0.2551341   0.266395    0.27782255  0.22757424  0.09180175]
 [ 0.08694136  0.07158613  0.03671343 -0.04308087 -0.20311977]] 
Episode: 612: [[ 0.2700675   0.25357345  0.1811445   0.04634101  0.08121134]
 [ 0.25179914  0.2403307   0.18077141  0.05863024  0.09157254]
 [ 0.28310394  0.28631622  0.25963634  0.15816508  0.12309831]
 [ 0.25528175  0.26654157  0.27796543  0.2277212   0.09192158]
 [ 0.08686846  0.07151345  0.03663396 -0.04315986 -0.20314763]] 
Episode: 613: [[ 0.2699934   0.25350392  0.18105598  0.0462467   0.08123221]
 [ 0.25170654  0.24024244  0.18065795  0.05850807  0.09158938]
 [ 0.2831597   0.28637403  0.25969136  0.15822504  0.12315355]
 [ 0.25540444  0.26666158  0.27808857  0.2278513   0.09200107]
 [ 0.08681236  0.07145831  0.03657151 -0.04322462 -0.20315656]] 
Episode: 614: [[ 0.26994792  0.25346342  0.18100336  0.04619169  0.08126564]
 [ 0.25163206  0.24017276  0.18056762  0.05841181  0.0916146 ]
 [ 0.28323638  0.28645313  0.25977495  0.15831628  0.12321602]
 [ 0.25553277  0.2667869   0.27822515  0.22799717  0.0920691 ]
 [ 0.08677835  0.07142582  0.03653445 -0.04326387 -0.20315146]] 
Episode: 615: [[ 0.2698898   0.25341073  0.18093471  0.0461162   0.08130893]
 [ 0.2515664   0.24011274  0.18048485  0.05831768  0.09166534]
 [ 0.28333202  0.28655216  0.2598805   0.15842555  0.12330462]
 [ 0.25571114  0.2669626   0.27841574  0.22819586  0.09215306]
 [ 0.08677213  0.07142093  0.03653178 -0.04327095 -0.20313306]] 
Episode: 616: [[ 0.26981354  0.25333872  0.18084699  0.04602348  0.08133292]
 [ 0.25148293  0.24003392  0.18038267  0.05820569  0.09170004]
 [ 0.28340337  0.28662655  0.25995806  0.15850691  0.12338083]
 [ 0.25586483  0.2671135   0.2785801   0.22836867  0.09222017]
 [ 0.08679665  0.07144739  0.03656383 -0.04324323 -0.20309474]] 
Episode: 617: [[ 0.269722    0.25325257  0.18074095  0.04590963  0.08135156]
 [ 0.25136018  0.2399169   0.18023187  0.05804059  0.0917225 ]
 [ 0.28349543  0.28672227  0.260064    0.15861662  0.12345882]
 [ 0.25607482  0.26732102  0.27879566  0.2285916   0.09234402]
 [ 0.08678298  0.07143581  0.03654856 -0.0432656  -0.20307314]] 
Episode: 618: [[ 0.26965988  0.2531953   0.18066972  0.04583083  0.08139944]
 [ 0.25132364  0.23988639  0.18017907  0.05797456  0.09180085]
 [ 0.28355005  0.28677905  0.26012936  0.15868556  0.12352255]
 [ 0.25619185  0.2674358   0.27892178  0.22872458  0.09234338]
 [ 0.0868763   0.07153079  0.03663518 -0.04318539 -0.20299621]] 
Episode: 619: [[ 0.26969633  0.25323713  0.18069187  0.04584572  0.08149534]
 [ 0.25137988  0.23994821  0.18021415  0.05799738  0.09195156]
 [ 0.28370276  0.28693357  0.26028383  0.15884238  0.1236503 ]
 [ 0.256255    0.26749584  0.27898827  0.22879803  0.09230896]
 [ 0.08696695  0.07162141  0.03673166 -0.04308892 -0.20294273]] 
Episode: 620: [[ 0.26969194  0.25323752  0.18066545  0.04580905  0.0815706 ]
 [ 0.25141057  0.23998407  0.18021922  0.0579876   0.09208621]
 [ 0.28382248  0.28705528  0.2603987   0.15895578  0.1237672 ]
 [ 0.2563039   0.26754203  0.27903768  0.22885281  0.09227731]
 [ 0.08705687  0.07171141  0.0368277  -0.04299463 -0.20288798]] 
Episode: 621: [[ 0.26968735  0.25323793  0.18064453  0.04578614  0.08164825]
 [ 0.25147724  0.2400568   0.18027207  0.05803372  0.09224005]
 [ 0.28391942  0.28715408  0.26049393  0.1590567   0.12386981]
 [ 0.25628486  0.26751995  0.27901438  0.22883455  0.09221385]
 [ 0.08715411  0.07180864  0.03693676 -0.04288375 -0.20283319]] 
Episode: 622: [[ 0.26968324  0.25323817  0.18062481  0.04576068  0.0817191 ]
 [ 0.2515256   0.24011037  0.18030508  0.05805659  0.09237356]
 [ 0.28401506  0.28725135  0.26058826  0.15915234  0.12396884]
 [ 0.2562908   0.26752305  0.27902195  0.22884706  0.09216581]
 [ 0.08726743  0.07192177  0.03706642 -0.04275422 -0.20277357]] 
Episode: 623: [[ 0.269756    0.25331676  0.18069322  0.04582348  0.0818224 ]
 [ 0.25154057  0.24012913  0.18030997  0.05805312  0.09245523]
 [ 0.28420448  0.28744215  0.2607687   0.15933314  0.1241261 ]
 [ 0.2563679   0.26759762  0.27909648  0.2289258   0.09219971]
 [ 0.08731247  0.07196459  0.03712113 -0.04270037 -0.2027707 ]] 
Episode: 624: [[ 0.2698087   0.25337568  0.18074094  0.04586949  0.08191349]
 [ 0.25154355  0.24013685  0.18030122  0.05803915  0.09253387]
 [ 0.2843909   0.28763023  0.26095352  0.15952283  0.12427168]
 [ 0.25648946  0.26771656  0.27923116  0.22906403  0.09224418]
 [ 0.08733863  0.07198957  0.03715125 -0.04267074 -0.20276661]] 
Episode: 625: [[ 0.26985544  0.25342864  0.18078338  0.04590971  0.08199684]
 [ 0.25152564  0.24012381  0.18026811  0.05799953  0.09259941]
 [ 0.28457746  0.2878188   0.2611436   0.15971778  0.12441021]
 [ 0.25667042  0.2678952   0.27941987  0.2292557   0.09231969]
 [ 0.08732805  0.07197817  0.0371357  -0.04268879 -0.20277427]] 
Episode: 626: [[ 0.26991713  0.25349668  0.18084426  0.04596832  0.08209169]
 [ 0.2515228   0.24012612  0.180253    0.05797755  0.0926756 ]
 [ 0.2847526   0.28799608  0.26132342  0.15990084  0.12454431]
 [ 0.25681672  0.26803854  0.2795728   0.22941208  0.09236918]
 [ 0.08734453  0.07199418  0.03715324 -0.04267458 -0.20276621]] 
Episode: 627: [[ 0.26996166  0.2535467   0.1808883   0.04601226  0.08217071]
 [ 0.25152344  0.24013153  0.18024412  0.05796373  0.09274879]
 [ 0.2849196   0.28816473  0.26149878  0.16008131  0.12466657]
 [ 0.25696877  0.26818773  0.27973676  0.22958086  0.09241979]
 [ 0.08735505  0.07200438  0.03716383 -0.04266686 -0.20275813]] 
Episode: 628: [[ 0.26994774  0.2535385   0.18086095  0.0459821   0.08222291]
 [ 0.25145516  0.2400679   0.18015325  0.05786883  0.09278773]
 [ 0.28504708  0.28829446  0.26162776  0.16021386  0.12477081]
 [ 0.25715914  0.2683758   0.27995118  0.22980006  0.09248982]
 [ 0.08733011  0.07197944  0.0371297  -0.04270572 -0.2027627 ]] 
Episode: 629: [[ 0.27000067  0.25359565  0.18092236  0.04604074  0.08230104]
 [ 0.25147218  0.24008858  0.18015435  0.05786591  0.09285946]
 [ 0.2852184   0.2884683   0.2618134   0.16041017  0.124907  ]
 [ 0.25725856  0.26847315  0.2800764   0.22992979  0.092507  ]
 [ 0.0873951   0.07204355  0.03719967 -0.04264005 -0.20274068]] 
Episode: 630: [[ 0.2700586   0.25365767  0.18098935  0.04610247  0.08238983]
 [ 0.25151625  0.2401366   0.18018873  0.05789398  0.09295231]
 [ 0.28536943  0.28862125  0.2619783   0.16058302  0.12503129]
 [ 0.25731066  0.26852232  0.28014642  0.23000444  0.09249055]
 [ 0.08747361  0.07212098  0.03728873 -0.04255588 -0.2027127 ]] 
Episode: 631: [[ 0.27009746  0.25370005  0.18103288  0.04614092  0.08246247]
 [ 0.25156406  0.24018821  0.18022656  0.05792449  0.09304311]
 [ 0.28548795  0.28874108  0.26210612  0.16071805  0.12513103]
 [ 0.25733203  0.26854047  0.2801812   0.23004547  0.09245495]
 [ 0.0875421   0.07218862  0.03736534 -0.04248348 -0.20268746]] 
Episode: 632: [[ 0.27010697  0.253713    0.18104173  0.0461464   0.08252377]
 [ 0.2516003   0.24022819  0.18025276  0.05794564  0.09312845]
 [ 0.28556958  0.28882405  0.2621917   0.16081157  0.1252148 ]
 [ 0.25731763  0.26852313  0.28017095  0.23004042  0.09240914]
 [ 0.08760867  0.07225458  0.0374406  -0.04241118 -0.20265992]] 
Episode: 633: [[ 0.2701035   0.25371292  0.18103358  0.04613321  0.08259275]
 [ 0.25164112  0.24027291  0.1802842   0.05797072  0.09322833]
 [ 0.28562763  0.2888831   0.26225045  0.16087662  0.12529469]
 [ 0.25725815  0.2684593   0.28011027  0.22998618  0.0923265 ]
 [ 0.08769285  0.07233866  0.03753667 -0.04231916 -0.20261435]] 
Episode: 634: [[ 0.27011034  0.25372294  0.1810397   0.04613865  0.08266635]
 [ 0.25168607  0.24032132  0.18032502  0.05801     0.09332501]
 [ 0.28567386  0.2889301   0.2622983   0.16093329  0.1253666 ]
 [ 0.2571714   0.26836842  0.28001496  0.2298963   0.09223656]
 [ 0.08778626  0.07243194  0.03764634 -0.04221079 -0.20256627]] 
Episode: 635: [[ 0.27008906  0.25370458  0.18101372  0.04611234  0.0827183 ]
 [ 0.25168887  0.24032727  0.18031721  0.05800062  0.09339509]
 [ 0.2857264   0.28898355  0.26235545  0.16099948  0.12543485]
 [ 0.25714728  0.26834086  0.27999616  0.22988293  0.09218003]
 [ 0.08784796  0.07249365  0.03771724 -0.04214182 -0.20253156]] 
Episode: 636: [[ 0.27004892  0.25366774  0.18096614  0.04606697  0.08276405]
 [ 0.25168008  0.24032214  0.18029678  0.05798098  0.09346301]
 [ 0.28576756  0.28902593  0.2624016   0.16105673  0.12549669]
 [ 0.2571405   0.2683306   0.27999985  0.22989322  0.09213021]
 [ 0.08788668  0.07253253  0.03776124 -0.0420986  -0.20250599]] 
Episode: 637: [[ 0.27001265  0.25363466  0.18092267  0.04602347  0.08280565]
 [ 0.25163814  0.24028325  0.18023792  0.05792047  0.0935071 ]
 [ 0.28584108  0.28910106  0.26248544  0.16114882  0.12557316]
 [ 0.25720623  0.26839328  0.2800708   0.22996992  0.09213403]
 [ 0.08789881  0.07254452  0.03777365 -0.04208839 -0.20249423]] 
Episode: 638: [[ 0.2699574   0.25358286  0.18085462  0.04595271  0.08284151]
 [ 0.25157756  0.24022578  0.180156    0.05783451  0.09354362]
 [ 0.28588492  0.2891463   0.26253483  0.16120438  0.12563194]
 [ 0.2572788   0.26846316  0.28015158  0.23005643  0.0921442 ]
 [ 0.08790883  0.07255477  0.03778243 -0.04208317 -0.20247884]] 
Episode: 639: [[ 0.26991802  0.2535473   0.18080571  0.04589969  0.08287777]
 [ 0.25150868  0.24016052  0.18006344  0.05773521  0.09357358]
 [ 0.2859539   0.28921744  0.262614    0.16128778  0.12570064]
 [ 0.2574079   0.26859018  0.28029186  0.23020166  0.09218146]
 [ 0.08790009  0.07254634  0.03776848 -0.04210211 -0.20247288]] 
Episode: 640: [[ 0.26985726  0.2534896   0.18073423  0.0458285   0.08290826]
 [ 0.25145853  0.24011377  0.17999627  0.05766637  0.0936183 ]
 [ 0.28597888  0.289244    0.26264265  0.16132303  0.12575452]
 [ 0.25745216  0.26863253  0.2803504   0.23026489  0.09217269]
 [ 0.08792726  0.07257391  0.03780035 -0.04207194 -0.20244849]] 
Episode: 641: [[ 0.26976183  0.25339723  0.18061866  0.04571186  0.0829257 ]
 [ 0.25137916  0.24003765  0.17989244  0.0575599   0.09365083]
 [ 0.28597176  0.28923857  0.262631    0.16131659  0.1257968 ]
 [ 0.2574818   0.26866046  0.28039044  0.23030911  0.09216107]
 [ 0.08794358  0.07259084  0.03781776 -0.04205665 -0.20242564]] 
Episode: 642: [[ 0.26962507  0.2532631   0.18045357  0.04554493  0.08291686]
 [ 0.2512557   0.23991725  0.17973472  0.0573982   0.09366103]
 [ 0.28595778  0.28922674  0.26260927  0.161299    0.1258383 ]
 [ 0.25756633  0.268744    0.28049406  0.23041627  0.09218398]
 [ 0.08792084  0.07256871  0.03778651 -0.04209144 -0.20241949]] 
Episode: 643: [[ 0.26946583  0.25310564  0.18026164  0.04534974  0.08289018]
 [ 0.25113985  0.23980439  0.17958479  0.05724265  0.09367351]
 [ 0.28592965  0.28920078  0.26256856  0.16125989  0.12587608]
 [ 0.25761887  0.26879582  0.28055707  0.23048136  0.09219888]
 [ 0.08789468  0.07254323  0.03775006 -0.04213283 -0.20241326]] 
Episode: 644: [[ 0.26933223  0.2529737   0.18009837  0.04518022  0.08288257]
 [ 0.25105202  0.2397197   0.17946635  0.05711546  0.09370844]
 [ 0.28590614  0.28917888  0.26253334  0.16122314  0.12591773]
 [ 0.2576275   0.26880237  0.2805699   0.23049639  0.09217861]
 [ 0.08790663  0.07255606  0.03775933 -0.04212964 -0.20238566]] 
Episode: 645: [[ 0.26920953  0.25285372  0.17995617  0.04504197  0.08288183]
 [ 0.2509521   0.23962376  0.17934124  0.05699083  0.09373886]
 [ 0.28587756  0.28915283  0.26249927  0.16119604  0.12595956]
 [ 0.2576918   0.26886532  0.28064907  0.2305773   0.09218879]
 [ 0.08790889  0.07255985  0.03775856 -0.04213388 -0.20235822]] 
Episode: 646: [[ 0.269085    0.25273207  0.17981142  0.04489923  0.08287493]
 [ 0.25082514  0.23950069  0.17918374  0.05683115  0.09375116]
 [ 0.28587046  0.289149    0.26248974  0.16119152  0.12601107]
 [ 0.25782147  0.26899374  0.2807878   0.23071739  0.09227003]
 [ 0.08786495  0.07251701  0.03770216 -0.04219559 -0.20235631]] 
Episode: 647: [[ 0.26897418  0.25262418  0.17968015  0.04476625  0.0828809 ]
 [ 0.250726    0.23940547  0.17905772  0.05669973  0.09378006]
 [ 0.2858498   0.28913102  0.26246336  0.16116704  0.1260549 ]
 [ 0.25791806  0.2690882   0.28089094  0.23082283  0.09232093]
 [ 0.08784603  0.07249923  0.03767572 -0.04222875 -0.20234087]] 
Episode: 648: [[ 0.26881778  0.25247052  0.17949274  0.04457515  0.08287414]
 [ 0.25060797  0.23929143  0.17890769  0.05654277  0.09380811]
 [ 0.28578085  0.2890649   0.26237705  0.16108061  0.12608756]
 [ 0.25797504  0.2691429   0.28094783  0.23088224  0.09235225]
 [ 0.08786596  0.07252113  0.03769455 -0.04221745 -0.20229796]] 
Episode: 649: [[ 0.2686552   0.25231165  0.17929165  0.04436684  0.0828801 ]
 [ 0.25045675  0.23914485  0.1787124   0.05633595  0.09383475]
 [ 0.2857304   0.28901824  0.26230747  0.1610075   0.12614277]
 [ 0.2580089   0.26917344  0.28098327  0.23092246  0.09235319]
 [ 0.08789688  0.07255404  0.03772583 -0.04219595 -0.20225032]] 
Episode: 650: [[ 0.26860413  0.25226393  0.1791982   0.04426639  0.08294407]
 [ 0.25035673  0.23905057  0.178586    0.05620218  0.09387001]
 [ 0.28579068  0.2890818   0.26234236  0.1610383   0.1262586 ]
 [ 0.25811127  0.26927286  0.28108278  0.23102605  0.09246347]
 [ 0.08787678  0.07253593  0.03769652 -0.04223541 -0.20222996]] 
Episode: 651: [[ 0.26854703  0.2522112   0.17910172  0.04416498  0.08300634]
 [ 0.25023466  0.23893484  0.17843407  0.05604406  0.09389806]
 [ 0.28585556  0.28915066  0.26238906  0.16108394  0.1263721 ]
 [ 0.25824237  0.26940134  0.28122362  0.23117438  0.0925765 ]
 [ 0.08784541  0.07250687  0.03765376 -0.04228736 -0.20221242]] 
Episode: 652: [[ 0.26849136  0.25215998  0.17900954  0.04406857  0.08306305]
 [ 0.250098    0.23880431  0.17826402  0.05586745  0.09391583]
 [ 0.28593644  0.28923535  0.26245952  0.16115479  0.12648305]
 [ 0.25843212  0.26958874  0.28141785  0.23137511  0.09270937]
 [ 0.08777921  0.07244302  0.03756706 -0.04238416 -0.20220914]] 
Episode: 653: [[ 0.26843774  0.25210983  0.17892407  0.04397876  0.08310408]
 [ 0.24999635  0.23870845  0.17813547  0.05573118  0.09394227]
 [ 0.28604388  0.2893464   0.26256403  0.16125897  0.12659907]
 [ 0.25862664  0.26978087  0.2816239   0.23158896  0.09283505]
 [ 0.08771758  0.07238354  0.03748553 -0.04247636 -0.20220591]] 
Episode: 654: [[ 0.26838616  0.25206202  0.1788446   0.04389743  0.08315247]
 [ 0.24989223  0.23860975  0.1780075   0.05559865  0.09396806]
 [ 0.28614384  0.2894499   0.26266435  0.16136146  0.12671302]
 [ 0.25881493  0.26996723  0.28182527  0.23179819  0.09295855]
 [ 0.08766423  0.07233239  0.03741582 -0.04255472 -0.2021974 ]] 
Episode: 655: [[ 0.26830435  0.25198483  0.17872816  0.04377769  0.08319067]
 [ 0.24973603  0.23845907  0.17781553  0.05540045  0.09396935]
 [ 0.28621167  0.28952157  0.26272833  0.16142757  0.1268089 ]
 [ 0.25905615  0.27020672  0.282074    0.23205374  0.09311501]
 [ 0.08755115  0.07222135  0.03727252 -0.04270829 -0.20221724]] 
Episode: 656: [[ 0.26820707  0.25189105  0.17859472  0.04364071  0.08321853]
 [ 0.24960823  0.23833619  0.17765681  0.05523567  0.09398498]
 [ 0.28627038  0.28958374  0.26278064  0.16148043  0.12690434]
 [ 0.25920114  0.27035016  0.28223008  0.2322162   0.09320112]
 [ 0.08748306  0.07215557  0.03718257 -0.04280875 -0.20221148]] 
Episode: 657: [[ 0.26814485  0.25183213  0.17850712  0.04355024  0.08325971]
 [ 0.2495226   0.23825541  0.17755061  0.05512424  0.09401915]
 [ 0.28635374  0.28967035  0.26286662  0.16156775  0.12700693]
 [ 0.2593336   0.27048096  0.28237528  0.23236868  0.09327429]
 [ 0.08744459  0.0721193   0.03712983 -0.0428714  -0.20219328]] 
Episode: 658: [[ 0.26805997  0.25175124  0.17839393  0.04343649  0.08329308]
 [ 0.249412    0.23815034  0.17741345  0.05498334  0.09404793]
 [ 0.2864431   0.2897636   0.26296237  0.16166791  0.12711294]
 [ 0.25950167  0.2706475   0.2825692   0.23257317  0.0933593 ]
 [ 0.08738583  0.07206301  0.03705177 -0.04295888 -0.20218204]] 
Episode: 659: [[ 0.26794922  0.25164485  0.17824687  0.0432849   0.08332865]
 [ 0.24930118  0.23804528  0.17727314  0.05483643  0.09408825]
 [ 0.28651258  0.28983715  0.26303282  0.16173962  0.12721857]
 [ 0.2596133   0.2707569   0.28269726  0.23271017  0.09340618]
 [ 0.08735655  0.07203632  0.03700954 -0.04301078 -0.20215411]] 
Episode: 660: [[ 0.26784447  0.25154373  0.17810886  0.04314473  0.08336342]
 [ 0.24923727  0.2379868   0.17718983  0.05474959  0.09414863]
 [ 0.28655508  0.289883    0.26307195  0.16178039  0.127309  ]
 [ 0.25965154  0.2707927   0.28274485  0.23276606  0.09341815]
 [ 0.08735457  0.07203678  0.03700216 -0.04302524 -0.20211567]] 
Episode: 661: [[ 0.26772448  0.2514268   0.17795682  0.04299605  0.08339033]
 [ 0.24917015  0.23792425  0.17710756  0.05467038  0.09420281]
 [ 0.2865633   0.28989407  0.26307282  0.16178676  0.12738484]
 [ 0.25962695  0.27076587  0.28272018  0.23274906  0.09340673]
 [ 0.08736859  0.07205297  0.03701736 -0.04301279 -0.20207238]] 
Episode: 662: [[ 0.2676208   0.2513258   0.17782651  0.04286607  0.08340922]
 [ 0.24909443  0.23785238  0.17701595  0.05457775  0.09423773]
 [ 0.28660148  0.28993502  0.2631117   0.16182862  0.12746169]
 [ 0.25967667  0.27081358  0.28276542  0.23280098  0.09342825]
 [ 0.08737803  0.07206418  0.03702732 -0.04300779 -0.20203745]] 
Episode: 663: [[ 0.26752713  0.2512352   0.17770779  0.04274911  0.08343762]
 [ 0.24901427  0.23777552  0.17692143  0.05448493  0.09426463]
 [ 0.28664422  0.2899807   0.26315647  0.16187808  0.12754339]
 [ 0.25971052  0.270846    0.28279027  0.232831    0.09344943]
 [ 0.08738211  0.07206985  0.03703175 -0.04300677 -0.20200694]] 
Episode: 664: [[ 0.2674343   0.25114498  0.17758943  0.04263165  0.08346642]
 [ 0.24895842  0.23772283  0.1768547   0.0544196   0.09430468]
 [ 0.2866669   0.29000574  0.26317713  0.16190253  0.12761348]
 [ 0.25968796  0.27082157  0.28274718  0.232791    0.09343909]
 [ 0.08741462  0.07210387  0.03707146 -0.04296932 -0.20196453]] 
Episode: 665: [[ 0.26732665  0.25103956  0.1774518   0.04249305  0.0834877 ]
 [ 0.24889177  0.23765889  0.17677332  0.05433815  0.09433874]
 [ 0.2866645   0.29000533  0.26316646  0.16189384  0.12767144]
 [ 0.25964132  0.2707732   0.2826747   0.23272009  0.09341934]
 [ 0.08745108  0.07214175  0.03711542 -0.04292775 -0.20192018]] 
Episode: 666: [[ 0.26718655  0.2509009   0.17727616  0.04231437  0.08349611]
 [ 0.24884367  0.23761389  0.176711    0.05427298  0.09439609]
 [ 0.2866517   0.2899935   0.26314563  0.16187257  0.12771958]
 [ 0.2595636   0.27069113  0.28257442  0.23262295  0.09334929]
 [ 0.08751465  0.07220748  0.03718812 -0.04286208 -0.2018497 ]] 
Episode: 667: [[ 0.26704752  0.2507632   0.17710234  0.04213851  0.08350194]
 [ 0.24878992  0.23756294  0.17664225  0.05420249  0.09444676]
 [ 0.28663266  0.28997535  0.26311773  0.16184503  0.12776282]
 [ 0.2594881   0.27061164  0.28247723  0.23252845  0.09328374]
 [ 0.08756492  0.07225972  0.03724512 -0.04281105 -0.20178777]] 
Episode: 668: [[ 0.26691836  0.25063515  0.17694211  0.04197783  0.08350397]
 [ 0.24876136  0.23753703  0.17660548  0.05416627  0.09450054]
 [ 0.2866109   0.28995433  0.2630877   0.16181682  0.1277982 ]
 [ 0.2594064   0.27052626  0.28237224  0.23242564  0.09321731]
 [ 0.08759756  0.07229313  0.03728592 -0.0427727  -0.20175025]] 
Episode: 669: [[ 0.2667676   0.25048587  0.17675349  0.04178618  0.08349834]
 [ 0.24868014  0.23745845  0.17650238  0.05406043  0.09453163]
 [ 0.28657803  0.28992242  0.2630439   0.16177379  0.12782708]
 [ 0.25939348  0.27051008  0.2823454   0.23240055  0.09318174]
 [ 0.08759431  0.07229058  0.03728148 -0.04278078 -0.201729  ]] 
Episode: 670: [[ 0.26662925  0.25034878  0.17658052  0.0416106   0.08349118]
 [ 0.24862641  0.23740749  0.17643179  0.05398724  0.09457181]
 [ 0.28654826  0.28989342  0.26300463  0.16173561  0.12785114]
 [ 0.2593728   0.27048585  0.28231284  0.23237127  0.09313598]
 [ 0.08759958  0.07229638  0.03728801 -0.04277755 -0.2017082 ]] 
Episode: 671: [[ 0.26650685  0.25022754  0.17642766  0.04145467  0.08348343]
 [ 0.24857022  0.23735374  0.17635891  0.05391106  0.0946024 ]
 [ 0.28653896  0.2898849   0.26299107  0.16172288  0.12787774]
 [ 0.2593804   0.27049032  0.28231725  0.23237997  0.09310421]
 [ 0.08759749  0.07229479  0.03728506 -0.04278416 -0.20169245]] 
Episode: 672: [[ 0.26640078  0.2501223   0.17629766  0.0413252   0.0834832 ]
 [ 0.24853022  0.23731592  0.17630869  0.05386134  0.09464029]
 [ 0.2865209   0.2898673   0.26296872  0.16170338  0.12790266]
 [ 0.2593263   0.27043286  0.2822536   0.23232041  0.09304603]
 [ 0.0876119   0.07230969  0.03730405 -0.04276673 -0.20166896]] 
Episode: 673: [[ 0.26627338  0.24999581  0.17614304  0.04117055  0.08347172]
 [ 0.24847321  0.23726147  0.1762368   0.05378819  0.0946743 ]
 [ 0.286503    0.2898499   0.26294896  0.1616868   0.12792286]
 [ 0.259299    0.27040175  0.28222883  0.2323033   0.09298737]
 [ 0.08763677  0.0723355   0.03733492 -0.04273798 -0.20163749]] 
Episode: 674: [[ 0.2661374   0.2498612   0.17597505  0.04100103  0.08346406]
 [ 0.2484077   0.23719893  0.17615162  0.0537001   0.09471135]
 [ 0.28647855  0.28982612  0.2629205   0.16166101  0.12794231]
 [ 0.25929067  0.27038953  0.28222963  0.23231296  0.09293385]
 [ 0.08764946  0.07234919  0.03734965 -0.04272652 -0.20160936]] 
Episode: 675: [[ 0.26611188  0.24983695  0.17591272  0.04093678  0.0835005 ]
 [ 0.24844122  0.23723531  0.17616     0.05370533  0.09481198]
 [ 0.28656408  0.28991213  0.262994    0.16173597  0.1279856 ]
 [ 0.25935537  0.27045074  0.28229803  0.23238908  0.09286981]
 [ 0.08764175  0.07234345  0.0373378  -0.04274082 -0.2015828 ]] 
Episode: 676: [[ 0.26618522  0.2499115   0.17594509  0.04096687  0.08361728]
 [ 0.2485634   0.23736027  0.17625223  0.05379422  0.0949661 ]
 [ 0.28674784  0.29009622  0.26315865  0.16190103  0.1280975 ]
 [ 0.2594857   0.27057788  0.28242716  0.23252489  0.0928767 ]
 [ 0.08764552  0.07234997  0.03734172 -0.04273897 -0.20155035]] 
Episode: 677: [[ 0.26627898  0.25000846  0.1760101   0.04104222  0.0837491 ]
 [ 0.24862288  0.23742336  0.17627744  0.05382828  0.09508861]
 [ 0.28694522  0.29029512  0.26335302  0.16211113  0.1282154 ]
 [ 0.2596749   0.27076384  0.28261086  0.23271433  0.09289926]
 [ 0.08756036  0.07226879  0.03724171 -0.04284073 -0.20153716]] 
Episode: 678: [[ 0.26630282  0.25003505  0.17600226  0.0410468   0.08383421]
 [ 0.24858442  0.23738791  0.17621556  0.05377484  0.09513687]
 [ 0.28716105  0.2905131   0.26358163  0.16235998  0.1283347 ]
 [ 0.259917    0.271003    0.28284356  0.23295194  0.09295109]
 [ 0.08737446  0.07208668  0.03704881 -0.04303509 -0.20159283]] 
Episode: 679: [[ 0.26623288  0.24996924  0.1759071   0.04096335  0.08386549]
 [ 0.24845824  0.23726423  0.17607561  0.05364293  0.09514291]
 [ 0.28739843  0.29075524  0.26383075  0.16261956  0.12846531]
 [ 0.26020652  0.2712899   0.28312024  0.23323281  0.09308137]
 [ 0.08711857  0.0718348   0.03677293 -0.04331217 -0.20167616]] 
Episode: 680: [[ 0.26621023  0.24995184  0.17587058  0.04093976  0.08392907]
 [ 0.24839121  0.23720118  0.17600577  0.05358172  0.09518807]
 [ 0.28761262  0.29097414  0.26405755  0.16285689  0.12858872]
 [ 0.26045996  0.27154103  0.28336132  0.23347925  0.09319271]
 [ 0.08693172  0.07165193  0.03657987 -0.04350639 -0.20172955]] 
Episode: 681: [[ 0.26622823  0.24997441  0.17588627  0.0409689   0.08399949]
 [ 0.24836075  0.2371743   0.17598054  0.05356561  0.09523989]
 [ 0.2878288   0.29119402  0.26429313  0.16310354  0.12870152]
 [ 0.26068482  0.27176318  0.28357643  0.23370004  0.0932821 ]
 [ 0.08678223  0.07150594  0.03643061 -0.04365541 -0.20177299]] 
Episode: 682: [[ 0.26623797  0.24998796  0.17589135  0.04098318  0.0840651 ]
 [ 0.24835198  0.23716882  0.17597926  0.05357038  0.09530138]
 [ 0.28800064  0.29136848  0.26447773  0.16329606  0.12879315]
 [ 0.26083076  0.27190566  0.28370234  0.2338313   0.09332838]
 [ 0.08667166  0.07139891  0.03632399 -0.04376433 -0.20179377]] 
Episode: 683: [[ 0.26630464  0.25005907  0.17596838  0.04106787  0.08414761]
 [ 0.2483845   0.2372054   0.17602769  0.05362245  0.09537515]
 [ 0.28823555  0.29160672  0.26474208  0.16356653  0.1289074 ]
 [ 0.26101467  0.27208585  0.28388306  0.23401657  0.09337528]
 [ 0.08654817  0.07127842  0.0361982  -0.04389537 -0.20182472]] 
Episode: 684: [[ 0.2663162   0.25007555  0.17597842  0.04108628  0.08420219]
 [ 0.24833     0.23715478  0.17598689  0.0535854   0.09540484]
 [ 0.28845212  0.2918275   0.26498646  0.16381879  0.1290162 ]
 [ 0.26125196  0.27231976  0.284113    0.23425034  0.09349848]
 [ 0.08635756  0.07108998  0.0359875  -0.0441117  -0.20189299]] 
Episode: 685: [[ 0.26632905  0.25009304  0.17599027  0.04110572  0.08426081]
 [ 0.24828607  0.2371146   0.17595652  0.05355853  0.09544126]
 [ 0.28864315  0.2920221   0.26520306  0.16404317  0.12911461]
 [ 0.26144728  0.27251127  0.28429967  0.23444149  0.0935917 ]
 [ 0.08619041  0.07092464  0.03580463 -0.04429957 -0.20195279]] 
Episode: 686: [[ 0.26630735  0.25007582  0.17595845  0.04108071  0.08431647]
 [ 0.24823354  0.23706564  0.17591272  0.05351884  0.09548282]
 [ 0.28878522  0.292168    0.26535907  0.16420656  0.1292076 ]
 [ 0.26155096  0.27261156  0.28440014  0.23454621  0.09364036]
 [ 0.08607468  0.07081084  0.0356841  -0.04442244 -0.20198673]] 
Episode: 687: [[ 0.26624632  0.25001913  0.17587818  0.04100635  0.08435339]
 [ 0.24814989  0.23698522  0.17582873  0.05343854  0.09550543]
 [ 0.28892672  0.29231408  0.26551273  0.16436622  0.12930952]
 [ 0.26164392  0.2727012   0.28449157  0.23464188  0.09367973]
 [ 0.08595069  0.07068847  0.03555111 -0.04455845 -0.20202695]] 
Episode: 688: [[ 0.26622295  0.2499999   0.17584582  0.04098057  0.08440458]
 [ 0.24810165  0.23693967  0.17578974  0.05340461  0.09553571]
 [ 0.2890671   0.2924584   0.2656689   0.16452862  0.12940662]
 [ 0.26167864  0.27273235  0.2845128   0.23466583  0.09368631]
 [ 0.08586439  0.07060346  0.03546526 -0.04464587 -0.2020543 ]] 
Episode: 689: [[ 0.2662356   0.25001714  0.17585923  0.04099944  0.08446666]
 [ 0.2480643   0.23690544  0.17576247  0.05338009  0.09556779]
 [ 0.28923598  0.29263124  0.26586536  0.16473182  0.12950692]
 [ 0.26178095  0.2728315   0.28459927  0.2347545   0.09371532]
 [ 0.08576493  0.07050512  0.03536093 -0.04475396 -0.20208918]] 
Episode: 690: [[ 0.26619092  0.24997543  0.17579897  0.04094469  0.0845197 ]
 [ 0.2480512   0.2368955   0.17575645  0.05337607  0.09563818]
 [ 0.28928903  0.29268658  0.26594287  0.16481636  0.12957358]
 [ 0.26180106  0.2728488   0.2846097   0.23476715  0.09362572]
 [ 0.08575481  0.07049762  0.03535888 -0.04476028 -0.20205916]] 
Episode: 691: [[ 0.26619166  0.24997859  0.17579198  0.04094207  0.08460875]
 [ 0.24811713  0.23696452  0.17583556  0.0534565   0.0957578 ]
 [ 0.28928757  0.2926858   0.26595208  0.16483165  0.12962279]
 [ 0.2617474   0.2727926   0.2845518   0.23471148  0.0934413 ]
 [ 0.08585357  0.07059962  0.03545953 -0.04466358 -0.20197086]] 
Episode: 692: [[ 0.2662472   0.2500353   0.17585616  0.04101482  0.08472212]
 [ 0.2482681   0.23711847  0.17599098  0.05361264  0.09592538]
 [ 0.28926268  0.29266003  0.26593342  0.16482048  0.12966225]
 [ 0.26162744  0.2726704   0.2844325   0.23459443  0.09316131]
 [ 0.08605099  0.07079973  0.03565201 -0.04447479 -0.20183574]] 
Episode: 693: [[ 0.2662953   0.25008428  0.17591149  0.04107973  0.08483604]
 [ 0.24843714  0.23729031  0.17617282  0.05379837  0.09610112]
 [ 0.289214    0.29261002  0.26588458  0.1647795   0.1296938 ]
 [ 0.26144797  0.27248892  0.28425804  0.23442224  0.09286093]
 [ 0.08627588  0.071027    0.0358867  -0.04424038 -0.2016931 ]] 
Episode: 694: [[ 0.26632282  0.2501125   0.17594056  0.04111676  0.08494011]
 [ 0.24859874  0.23745452  0.1763476   0.0539767   0.09627057]
 [ 0.28913414  0.29252872  0.2657955   0.16469683  0.12971207]
 [ 0.2612165   0.27225527  0.284034    0.2342005   0.09256176]
 [ 0.08650476  0.07125799  0.03613214 -0.04399455 -0.20155309]] 
Episode: 695: [[ 0.26639438  0.25018573  0.17602171  0.04120501  0.08506425]
 [ 0.24877259  0.23763157  0.1765378   0.05416967  0.09644456]
 [ 0.28904745  0.29244033  0.26569986  0.16460857  0.12971723]
 [ 0.26098877  0.2720242   0.2838144   0.23398717  0.09226319]
 [ 0.08675086  0.07150701  0.03639916 -0.04372919 -0.20139867]] 
Episode: 696: [[ 0.26646504  0.2502585   0.1761018   0.04129069  0.08518427]
 [ 0.24893251  0.23779468  0.17671332  0.0543468   0.09660503]
 [ 0.2890046   0.29239652  0.26565766  0.1645734   0.12973869]
 [ 0.2608341   0.2718669   0.2836816   0.23386219  0.09201427]
 [ 0.08694161  0.07169951  0.03660462 -0.0435253  -0.20128237]] 
Episode: 697: [[ 0.26651806  0.25031328  0.1761593   0.04135496  0.0852993 ]
 [ 0.24906069  0.23792534  0.17685176  0.05448867  0.09675041]
 [ 0.28893498  0.29232472  0.26558465  0.1645094   0.12974012]
 [ 0.26062348  0.27165392  0.2834951   0.23368296  0.09173176]
 [ 0.08711564  0.07187553  0.03678986 -0.04334227 -0.20116653]] 
Episode: 698: [[ 0.2665446   0.25034028  0.1761902   0.04139397  0.08537693]
 [ 0.24917474  0.23804131  0.17697583  0.0546161   0.09687477]
 [ 0.28887233  0.29226065  0.26551726  0.16445012  0.12974866]
 [ 0.26043704  0.27146608  0.28332892  0.23352371  0.09149021]
 [ 0.08729061  0.07205281  0.03697726 -0.04315728 -0.20104967]] 
Episode: 699: [[ 0.26658753  0.25038442  0.17623745  0.04144392  0.08546888]
 [ 0.24926212  0.23813033  0.17706783  0.05470718  0.09698509]
 [ 0.28885326  0.29224157  0.26549646  0.16443156  0.12979132]
 [ 0.26029733  0.2713253   0.28321442  0.23341575  0.09128629]
 [ 0.08749676  0.07226179  0.03720495 -0.04293394 -0.20091636]] 
Episode: 700: [[ 0.26663333  0.25043172  0.17629203  0.0415033   0.08556074]
 [ 0.24935435  0.23822464  0.17716989  0.05481039  0.09709784]
 [ 0.28883958  0.2922281   0.26548555  0.16442512  0.12983453]
 [ 0.26016387  0.27119073  0.28310263  0.23331054  0.091098  ]
 [ 0.087695    0.07246298  0.0374261  -0.04271656 -0.200786  ]] 
Episode: 701: [[ 0.2666547   0.2504541   0.17631759  0.04153425  0.0856369 ]
 [ 0.2494305   0.23830263  0.17725328  0.05489571  0.09720092]
 [ 0.28880787  0.29219633  0.26545212  0.16439642  0.12986782]
 [ 0.26001522  0.27104068  0.2829665   0.23318     0.09091335]
 [ 0.08788459  0.07265527  0.03763984 -0.04250512 -0.20066279]] 
Episode: 702: [[ 0.26666856  0.25046876  0.176335    0.04155798  0.0857061 ]
 [ 0.24950148  0.23837517  0.1773327   0.05497856  0.09729663]
 [ 0.28876913  0.29215738  0.26541024  0.16435993  0.12989558]
 [ 0.25985596  0.27087998  0.28281114  0.2330289   0.09073681]
 [ 0.08806504  0.07283813  0.03784557 -0.04230032 -0.20054764]] 
Episode: 703: [[ 0.2666639   0.25046587  0.17633034  0.04156014  0.0857608 ]
 [ 0.24951263  0.23838815  0.17733906  0.05498789  0.09736011]
 [ 0.28876588  0.29215506  0.26541373  0.16437075  0.12993127]
 [ 0.25978452  0.27080724  0.2827387   0.23296005  0.09065903]
 [ 0.08816191  0.07293689  0.0379486  -0.04219924 -0.20047331]] 
Episode: 704: [[ 0.26672512  0.2505282   0.17640889  0.04164512  0.08583362]
 [ 0.24961498  0.23849235  0.17742962  0.05508063  0.09747725]
 [ 0.28879166  0.29218093  0.26545367  0.1644167   0.12997189]
 [ 0.25964862  0.27067018  0.28260633  0.23283115  0.09053048]
 [ 0.08834273  0.07311986  0.03814321 -0.04200652 -0.20036462]] 
Episode: 705: [[ 0.26677686  0.2505808   0.1764748   0.04171906  0.08591393]
 [ 0.24972369  0.23860292  0.17753111  0.05518632  0.09760533]
 [ 0.2887782   0.29216683  0.26544496  0.16441536  0.13000333]
 [ 0.25945485  0.27047536  0.28242016  0.23264833  0.09036881]
 [ 0.08854758  0.07332721  0.03837059 -0.04177928 -0.20023972]] 
Episode: 706: [[ 0.26683122  0.25063655  0.1765417   0.04179108  0.08600097]
 [ 0.24981414  0.23869546  0.17761098  0.05526692  0.09772828]
 [ 0.2887919   0.29218036  0.26546904  0.16444555  0.13004792]
 [ 0.25932458  0.27034423  0.28231105  0.23254542  0.09023882]
 [ 0.08869938  0.07348082  0.03853466 -0.04161782 -0.2001398 ]] 
Episode: 707: [[ 0.2668831   0.2506905   0.17660443  0.04185758  0.08608741]
 [ 0.24988955  0.23877345  0.17767358  0.0553286   0.09784401]
 [ 0.2888144   0.2922029   0.26550514  0.16448754  0.13008998]
 [ 0.25925225  0.27027124  0.2822727   0.23251535  0.09013553]
 [ 0.0888253   0.07360831  0.03866925 -0.04148669 -0.20005499]] 
Episode: 708: [[ 0.26687464  0.25068337  0.17659298  0.04184824  0.08614298]
 [ 0.24991909  0.23880517  0.177681    0.05533384  0.09793776]
 [ 0.28880066  0.29218936  0.26549375  0.16448039  0.13012101]
 [ 0.2591637   0.2701818   0.28220913  0.23245941  0.09003125]
 [ 0.08893667  0.07372123  0.03878719 -0.04137213 -0.1999765 ]] 
Episode: 709: [[ 0.26683772  0.250648    0.17654712  0.041806    0.0861837 ]
 [ 0.24992116  0.2388096   0.17765741  0.05530993  0.09801584]
 [ 0.28877398  0.2921633   0.26546627  0.16445853  0.13014652]
 [ 0.25909972  0.27011698  0.28217393  0.2324328   0.08994093]
 [ 0.08901397  0.07380015  0.03886381 -0.04129821 -0.19991283]] 
Episode: 710: [[ 0.26684687  0.2506599   0.17656258  0.04183006  0.08625242]
 [ 0.24992646  0.2388176   0.17764698  0.05530445  0.09809279]
 [ 0.28878754  0.2921785   0.2654929   0.16449535  0.13019523]
 [ 0.25908902  0.27010566  0.28220618  0.23247574  0.08987502]
 [ 0.08911514  0.07390356  0.03897324 -0.04118929 -0.1998339 ]] 
Episode: 711: [[ 0.26691526  0.2507329   0.17664264  0.04190752  0.08637045]
 [ 0.24993496  0.23882975  0.17763586  0.05528602  0.09818731]
 [ 0.28880745  0.29220045  0.26552436  0.16452754  0.13025405]
 [ 0.25908926  0.27010438  0.28225407  0.23253648  0.08980314]
 [ 0.0892178   0.07400866  0.03908355 -0.0410871  -0.19974913]] 
Episode: 712: [[ 0.26701367  0.25083518  0.17676167  0.04202595  0.08649087]
 [ 0.24996735  0.23886502  0.17765911  0.05530468  0.09827901]
 [ 0.2888361   0.29223073  0.26556683  0.16457178  0.13031127]
 [ 0.25907022  0.27008355  0.28227344  0.23256713  0.08972549]
 [ 0.08932067  0.07411331  0.03919865 -0.04097727 -0.19967327]] 
Episode: 713: [[ 0.26711646  0.25094154  0.17688644  0.0421498   0.08660419]
 [ 0.2500012   0.23890138  0.17768613  0.05532691  0.09836178]
 [ 0.288878    0.292274    0.26562628  0.16463315  0.13036552]
 [ 0.25908163  0.27009353  0.28232798  0.23263326  0.08966637]
 [ 0.08941539  0.07420957  0.03930491 -0.04087644 -0.1996043 ]] 
Episode: 714: [[ 0.26725817  0.2510875   0.1770569   0.042319    0.08673281]
 [ 0.25004885  0.23895174  0.17773084  0.05536652  0.09844572]
 [ 0.28889638  0.29229268  0.26566088  0.16467053  0.13038939]
 [ 0.25912157  0.27013236  0.28241545  0.23273318  0.08962173]
 [ 0.08947909  0.0742742   0.03937581 -0.0408096  -0.19955623]] 
Episode: 715: [[ 0.26735675  0.25119022  0.17717244  0.04243118  0.08684207]
 [ 0.25005788  0.23896338  0.17772695  0.05535557  0.09851216]
 [ 0.28889644  0.29229325  0.2656706   0.16468172  0.13040695]
 [ 0.2591747   0.27018452  0.2825172   0.23284753  0.08958702]
 [ 0.08952378  0.07431991  0.03942222 -0.04076846 -0.19951448]] 
Episode: 716: [[ 0.2674434   0.2512804   0.1772684   0.04252042  0.08695974]
 [ 0.25011566  0.23902434  0.17777759  0.05539637  0.09861964]
 [ 0.28884575  0.2922418   0.2656162   0.16462769  0.13040715]
 [ 0.2591505   0.27015945  0.2825414   0.23288332  0.08944906]
 [ 0.08965994  0.07445831  0.03956649 -0.0406291  -0.1994175 ]] 
Episode: 717: [[ 0.26745114  0.2512914   0.17726803  0.04251514  0.08704959]
 [ 0.25015697  0.23906931  0.17780682  0.0554174   0.09873189]
 [ 0.28872564  0.29212067  0.26547676  0.16449004  0.13038142]
 [ 0.2590724   0.27007967  0.2824959   0.23284853  0.08929357]
 [ 0.08980571  0.07460716  0.0397211  -0.04048105 -0.19930476]] 
Episode: 718: [[ 0.26755562  0.25139883  0.17735633  0.04259848  0.08717118]
 [ 0.25028697  0.23920295  0.1779185   0.0555212   0.09886328]
 [ 0.28872687  0.29212075  0.26545128  0.16446519  0.13040602]
 [ 0.2590312   0.2700367   0.28249538  0.23286006  0.08915716]
 [ 0.08997215  0.07477671  0.03990629 -0.04029991 -0.19918859]] 
Episode: 719: [[ 0.26772553  0.25157118  0.17752409  0.04276124  0.08731129]
 [ 0.25041154  0.23933004  0.17803018  0.05562645  0.09897999]
 [ 0.28881377  0.29220778  0.2655278   0.16454127  0.13048312]
 [ 0.2590319   0.27003458  0.2825495   0.23293002  0.0890306 ]
 [ 0.09015173  0.07496052  0.04010344 -0.04010721 -0.19905533]] 
Episode: 720: [[ 0.2678688   0.2517171   0.17766313  0.04289666  0.08743746]
 [ 0.25050792  0.23942886  0.17811143  0.05570268  0.09908074]
 [ 0.28888673  0.29228118  0.2655905   0.16460465  0.13055313]
 [ 0.2590369   0.27003706  0.28260496  0.23300089  0.08891693]
 [ 0.09030833  0.07512105  0.04027449 -0.03993995 -0.1989362 ]] 
Episode: 721: [[ 0.2679864   0.25183773  0.17777322  0.04300211  0.08755226]
 [ 0.25054866  0.23947191  0.1781273   0.05571202  0.09915526]
 [ 0.28895992  0.2923555   0.2656553   0.16466938  0.13062514]
 [ 0.25911343  0.2701113   0.28272212  0.23313162  0.08885342]
 [ 0.09040468  0.07522082  0.04037274 -0.03984646 -0.19884695]] 
Episode: 722: [[ 0.2680628   0.25191656  0.17783754  0.04305917  0.08764569]
 [ 0.25055572  0.23948082  0.17810588  0.05568161  0.09921346]
 [ 0.28902152  0.29241818  0.26570842  0.16471952  0.1306934 ]
 [ 0.25920957  0.2702053   0.282863    0.23328514  0.0888065 ]
 [ 0.09049246  0.07531197  0.04046176 -0.03976373 -0.19876042]] 
Episode: 723: [[ 0.2681186   0.2519744   0.1778799   0.04309507  0.08772554]
 [ 0.25056309  0.23949003  0.1780865   0.05565316  0.09927206]
 [ 0.28906164  0.292459    0.26573783  0.16474585  0.13074854]
 [ 0.25929707  0.27029085  0.28299075  0.23342411  0.08876549]
 [ 0.09056851  0.07539108  0.0405378  -0.03969423 -0.19868152]] 
Episode: 724: [[ 0.26817715  0.25203514  0.17792742  0.04313692  0.08780531]
 [ 0.25057232  0.23950092  0.17807268  0.05563107  0.09932709]
 [ 0.28909907  0.29249713  0.2657666   0.16477269  0.13079965]
 [ 0.25938582  0.27037758  0.28311965  0.23356378  0.08872696]
 [ 0.09064779  0.07547311  0.04061916 -0.03962023 -0.19860588]] 
Episode: 725: [[ 0.26813385  0.25199443  0.17788146  0.04308642  0.08784572]
 [ 0.25049156  0.23942295  0.17797469  0.05552615  0.09935994]
 [ 0.28913054  0.2925307   0.26579413  0.16480595  0.13086107]
 [ 0.25953776  0.27052766  0.28330296  0.23375647  0.08875927]
 [ 0.09065472  0.07548381  0.04060943 -0.0396366  -0.1985469 ]] 
Episode: 726: [[ 0.2681923   0.25205523  0.17792864  0.04312896  0.08796078]
 [ 0.2504924   0.23942773  0.17797208  0.05551681  0.09942946]
 [ 0.28926674  0.29266953  0.2659185   0.16493447  0.13096593]
 [ 0.2597464   0.2707346   0.28353515  0.2339968   0.08882678]
 [ 0.09064175  0.07547329  0.04058795 -0.03965893 -0.19851482]] 
Episode: 727: [[ 0.26824078  0.25210583  0.17796634  0.04316112  0.08806628]
 [ 0.25049907  0.23943819  0.17797652  0.05551344  0.09950045]
 [ 0.28939542  0.2928007   0.26603788  0.16505635  0.13106616]
 [ 0.25994083  0.27092782  0.28375128  0.23421971  0.08889417]
 [ 0.09063056  0.07546406  0.04057037 -0.03967773 -0.19848613]] 
Episode: 728: [[ 0.26828992  0.25215623  0.17801039  0.04320604  0.0881697 ]
 [ 0.25055707  0.23949936  0.17804846  0.05558559  0.09959229]
 [ 0.28948727  0.29289424  0.2661175   0.16514206  0.13115361]
 [ 0.2600436   0.2710295   0.2838783   0.23435314  0.0888899 ]
 [ 0.09069403  0.07552929  0.04064931 -0.03959426 -0.1984282 ]] 
Episode: 729: [[ 0.26837593  0.25224468  0.17809784  0.04329785  0.08829217]
 [ 0.25067532  0.23962244  0.17818898  0.05572873  0.09971967]
 [ 0.28962043  0.29303056  0.26624623  0.16527836  0.13127144]
 [ 0.26009643  0.2710798   0.28394872  0.23443106  0.08884667]
 [ 0.09077767  0.0756148   0.04075337 -0.03948303 -0.19836526]] 
Episode: 730: [[ 0.2684992   0.25236917  0.17823793  0.04344685  0.08842028]
 [ 0.25087446  0.23982611  0.17840038  0.05594194  0.09987137]
 [ 0.28973797  0.29314998  0.26636252  0.16540416  0.13137545]
 [ 0.26007193  0.27105308  0.28394473  0.23443411  0.08874112]
 [ 0.09095609  0.07579455  0.04094937 -0.0392808  -0.19826975]] 
Episode: 731: [[ 0.2686481   0.25251845  0.17841251  0.04362911  0.08855531]
 [ 0.25113085  0.24008663  0.17867531  0.05621795  0.100049  ]
 [ 0.289827    0.29323953  0.26644984  0.16550012  0.13145979]
 [ 0.259978    0.27095714  0.2838739   0.2343699   0.08858013]
 [ 0.09119905  0.0760391   0.04122727 -0.03899727 -0.19813992]] 
Episode: 732: [[ 0.2687754   0.25264582  0.17856169  0.04378526  0.08867714]
 [ 0.25136572  0.24032503  0.17892802  0.05647179  0.10021396]
 [ 0.28988746  0.29330006  0.26650485  0.165563    0.1315286 ]
 [ 0.25985417  0.27083114  0.28376076  0.23426197  0.08841603]
 [ 0.09144208  0.0762837   0.04150739 -0.03871199 -0.19800954]] 
Episode: 733: [[ 0.26891276  0.2527821   0.17872544  0.04395835  0.08880416]
 [ 0.25166285  0.2406253   0.17923997  0.05678424  0.10041256]
 [ 0.2899174   0.29332894  0.26652443  0.16559117  0.13158834]
 [ 0.25967097  0.270646    0.2835918   0.234098    0.0881528 ]
 [ 0.09176978  0.07661255  0.04186081 -0.03835416 -0.19783308]] 
Episode: 734: [[ 0.26904386  0.2529119   0.17888463  0.04412977  0.08892567]
 [ 0.25194037  0.24090512  0.17953716  0.05708621  0.10059571]
 [ 0.28993574  0.29334578  0.2665339   0.16561149  0.13164045]
 [ 0.25945893  0.2704319   0.2833795   0.23388913  0.08789565]
 [ 0.09208637  0.07693005  0.04220785 -0.0380008  -0.19766474]] 
Episode: 735: [[ 0.2691699   0.2530367   0.17903881  0.04429694  0.08904325]
 [ 0.25221252  0.2411794   0.17983374  0.05738951  0.10077347]
 [ 0.28994316  0.2933515   0.26653296  0.16562197  0.13168447]
 [ 0.25922143  0.27019197  0.2831303   0.23364225  0.08763959]
 [ 0.0923949   0.07723939  0.04255097 -0.03765015 -0.19750308]] 
Episode: 736: [[ 0.26928768  0.25315306  0.1791866   0.04446144  0.08915459]
 [ 0.25248307  0.24145174  0.18013614  0.05770329  0.1009473 ]
 [ 0.289939    0.29334542  0.26652166  0.165625    0.13172247]
 [ 0.2589431   0.26991102  0.28283906  0.23335342  0.08738137]
 [ 0.09270898  0.07755423  0.04290727 -0.03728402 -0.19734147]] 
Episode: 737: [[ 0.26938334  0.253248    0.1793061   0.04459428  0.08926315]
 [ 0.25272056  0.24169163  0.1803994   0.05797477  0.10111549]
 [ 0.28993374  0.29333892  0.26650926  0.16562428  0.13176592]
 [ 0.25870624  0.2696716   0.2825959   0.23311333  0.08715157]
 [ 0.0929844   0.07783096  0.04321766 -0.03696609 -0.1971904 ]] 
Episode: 738: [[ 0.2694084   0.25327003  0.17934744  0.04465148  0.08930701]
 [ 0.2528862   0.24185757  0.18058236  0.05816717  0.1012289 ]
 [ 0.28990504  0.29330823  0.26647013  0.16559625  0.13178812]
 [ 0.2585279   0.26949167  0.28241736  0.23293634  0.08697073]
 [ 0.09322162  0.07806911  0.04348356 -0.03669469 -0.19705833]] 
Episode: 739: [[ 0.2694136   0.2532723   0.17936428  0.04468393  0.08934223]
 [ 0.25303134  0.24200293  0.18074305  0.05833802  0.10133253]
 [ 0.28986096  0.29326215  0.26641357  0.16555113  0.1318022 ]
 [ 0.258333    0.26929483  0.2822142   0.23273456  0.08678994]
 [ 0.09345466  0.0783034   0.04374637 -0.03642639 -0.19692613]] 
Episode: 740: [[ 0.2693803   0.25323644  0.17933097  0.04466328  0.08936995]
 [ 0.2531194   0.2420911   0.18083364  0.0584365   0.10141815]
 [ 0.28979525  0.29319462  0.26632997  0.16547757  0.13181163]
 [ 0.25818315  0.26914325  0.28206444  0.23258683  0.08663808]
 [ 0.09364548  0.07849544  0.04395883 -0.0362093  -0.19681051]] 
Episode: 741: [[ 0.26934242  0.2531964   0.17929052  0.04463514  0.08939704]
 [ 0.25319317  0.24216498  0.180908    0.05851915  0.10149648]
 [ 0.2896996   0.29309687  0.2662108   0.1653688   0.1318036 ]
 [ 0.25800478  0.26896286  0.28187478  0.23239845  0.08648068]
 [ 0.09382828  0.07867945  0.04416449 -0.03599799 -0.19670217]] 
Episode: 742: [[ 0.2692744   0.25312716  0.1792107   0.04457207  0.08946081]
 [ 0.2533469   0.24232358  0.18105996  0.05867802  0.10169439]
 [ 0.28952548  0.29291973  0.26600343  0.1651756   0.13178399]
 [ 0.25777245  0.26872873  0.28163704  0.23216216  0.0862232 ]
 [ 0.09406745  0.07892153  0.04443804 -0.03572205 -0.19654258]] 
Episode: 743: [[ 0.26912835  0.25297824  0.17905001  0.04442702  0.08948212]
 [ 0.25349095  0.24247313  0.18119584  0.05881734  0.10190263]
 [ 0.2893074   0.29269734  0.2657444   0.16493146  0.13173664]
 [ 0.25749165  0.26844636  0.28135613  0.23188284  0.08590511]
 [ 0.09428021  0.07913677  0.04467965 -0.03548032 -0.19639313]] 
Episode: 744: [[ 0.26898885  0.25283673  0.17890301  0.04430063  0.08950175]
 [ 0.25362256  0.24261072  0.18132518  0.05895484  0.10210094]
 [ 0.28912854  0.29251522  0.26554     0.16474643  0.1317016 ]
 [ 0.25731102  0.26826426  0.28117058  0.23169841  0.08564604]
 [ 0.09444366  0.07930207  0.04486607 -0.03529212 -0.19627355]] 
Episode: 745: [[ 0.26888278  0.25272962  0.17879622  0.044212    0.08952875]
 [ 0.25375494  0.24274956  0.18145669  0.05909045  0.1022969 ]
 [ 0.2890566   0.29244307  0.26545665  0.1646771   0.13173479]
 [ 0.25715324  0.26810184  0.28102753  0.23156424  0.08535267]
 [ 0.09466276  0.07952615  0.04510983 -0.03505322 -0.196093  ]] 
Episode: 746: [[ 0.26886988  0.2527179   0.17878926  0.04422077  0.08961247]
 [ 0.25394863  0.24295114  0.18166006  0.05929697  0.10252917]
 [ 0.28907052  0.29245734  0.2654815   0.16471225  0.13180088]
 [ 0.25705788  0.26800272  0.28095964  0.23150605  0.08510292]
 [ 0.09489835  0.07976682  0.04537821 -0.03478989 -0.19590755]] 
Episode: 747: [[ 0.2688772   0.2527269   0.17880242  0.0442422   0.08969461]
 [ 0.25413272  0.24314307  0.18184999  0.05948329  0.10274579]
 [ 0.28913185  0.29251987  0.26556188  0.16479853  0.13187784]
 [ 0.257044    0.2679854   0.28096563  0.23152044  0.08491617]
 [ 0.0950928   0.07996517  0.04559793 -0.03457796 -0.19575456]] 
Episode: 748: [[ 0.26887116  0.25272295  0.17879261  0.04423495  0.0897793 ]
 [ 0.25427115  0.24328882  0.18198065  0.0596052   0.10294506]
 [ 0.2891735   0.2925625   0.26561582  0.16485487  0.13194576]
 [ 0.25702968  0.2679675   0.28097218  0.23153599  0.08473678]
 [ 0.0953261   0.08020437  0.04585679 -0.03433255 -0.19556254]] 
Episode: 749: [[ 0.26894417  0.25280026  0.17887272  0.04431676  0.08987668]
 [ 0.25441316  0.24343793  0.18212302  0.05974083  0.10310988]
 [ 0.2892575   0.29264882  0.2657238   0.16496728  0.13201362]
 [ 0.25708863  0.2680232   0.28104514  0.23161669  0.08464421]
 [ 0.09554549  0.08042965  0.04609904 -0.03410347 -0.19538671]] 
Episode: 750: [[ 0.26902634  0.2528865   0.17896731  0.04441691  0.08997658]
 [ 0.25455293  0.2435843   0.18226813  0.05988358  0.10326853]
 [ 0.2893282   0.29272127  0.26581848  0.16507022  0.13207263]
 [ 0.25712013  0.26805115  0.2810853   0.23166545  0.08454688]
 [ 0.09573951  0.08062886  0.04631352 -0.0339003  -0.1952275 ]] 
Episode: 751: [[ 0.26910517  0.25296974  0.17905582  0.04450694  0.09007153]
 [ 0.25466007  0.2436973   0.1823747   0.05998477  0.10340095]
 [ 0.28941455  0.29281005  0.26592913  0.16518532  0.13213821]
 [ 0.25717524  0.26810384  0.28115392  0.23174162  0.08447636]
 [ 0.09588671  0.08078028  0.04647287 -0.03375249 -0.19509988]] 
Episode: 752: [[ 0.26917166  0.25304025  0.1791322   0.04458519  0.09016051]
 [ 0.25473592  0.24377821  0.18244722  0.06005297  0.10351667]
 [ 0.28947797  0.29287535  0.26601428  0.1652752   0.1321916 ]
 [ 0.25725058  0.26817715  0.28124967  0.2318446   0.08442084]
 [ 0.09600066  0.08089766  0.0465953  -0.03363962 -0.19499335]] 
Episode: 753: [[ 0.26921886  0.25308937  0.1791916   0.04464007  0.0902274 ]
 [ 0.2547711   0.24381688  0.18247348  0.06006875  0.10361441]
 [ 0.28958642  0.29298636  0.26615164  0.16540875  0.13227832]
 [ 0.25739023  0.26831496  0.28140292  0.23200403  0.08445521]
 [ 0.09614835  0.08104972  0.04675726 -0.03349373 -0.19485492]] 
Episode: 754: [[ 0.26928437  0.25315753  0.17927088  0.04471266  0.09031042]
 [ 0.2548391   0.2438895   0.18253766  0.06011979  0.10373577]
 [ 0.28968263  0.29308507  0.26627254  0.16552304  0.13236545]
 [ 0.25753725  0.2684612   0.28156546  0.23217115  0.08450467]
 [ 0.09626061  0.08116437  0.04688172 -0.03338819 -0.1947498 ]] 
Episode: 755: [[ 0.26933685  0.25321263  0.17933242  0.04476722  0.09039026]
 [ 0.2548883   0.2439431   0.18257822  0.0601468   0.10384888]
 [ 0.28974542  0.2931496   0.26635396  0.16559945  0.13243143]
 [ 0.25767908  0.268602    0.2817272   0.23233926  0.08454471]
 [ 0.09635909  0.08126529  0.04698823 -0.03330097 -0.19464971]] 
Episode: 756: [[ 0.2693765   0.2532545   0.17937823  0.0448067   0.09045729]
 [ 0.25490478  0.2439622   0.1825839   0.06014081  0.10392519]
 [ 0.28982466  0.29323098  0.26644936  0.16568646  0.1325138 ]
 [ 0.25787106  0.2687955   0.2819398   0.2325554   0.08464577]
 [ 0.09642533  0.08133277  0.04705989 -0.03324834 -0.19457899]] 
Episode: 757: [[ 0.26940235  0.25328258  0.17940806  0.04483082  0.09051613]
 [ 0.254906    0.2439658   0.18257268  0.06011891  0.10399059]
 [ 0.28990436  0.293313    0.2665461   0.16577591  0.13259439]
 [ 0.25807554  0.26900187  0.2821719   0.2327917   0.08475158]
 [ 0.09647126  0.0813797   0.04710781 -0.03321746 -0.19452037]] 
Episode: 758: [[ 0.26947337  0.25335714  0.17949395  0.04490916  0.09059015]
 [ 0.254942    0.2440053   0.18260545  0.06013871  0.10406576]
 [ 0.29004237  0.29345456  0.2667166   0.1659389   0.13269122]
 [ 0.25833133  0.26925933  0.2824478   0.23307106  0.08487655]
 [ 0.09652381  0.08143358  0.04716453 -0.03317847 -0.19446224]] 
Episode: 759: [[ 0.269508    0.2533942   0.17953457  0.04494168  0.09064315]
 [ 0.25494418  0.24400993  0.18259615  0.06011621  0.10412218]
 [ 0.2901596   0.293575    0.26685888  0.16607276  0.13278116]
 [ 0.25855947  0.2694888   0.28269345  0.23331977  0.08498748]
 [ 0.09656219  0.08147292  0.04720407 -0.03315579 -0.19441406]] 
Episode: 760: [[ 0.2695299   0.2534193   0.17956433  0.04497167  0.09070224]
 [ 0.25493753  0.24400654  0.18258123  0.06009642  0.10418396]
 [ 0.2902643   0.29368314  0.2669922   0.16620606  0.13286816]
 [ 0.25877926  0.26970968  0.28293696  0.2335696   0.08508719]
 [ 0.09659263  0.08150461  0.04723705 -0.03313492 -0.1943685 ]] 
Episode: 761: [[ 0.26957208  0.25346616  0.17961627  0.04502265  0.09079482]
 [ 0.25491077  0.24398275  0.18254605  0.06005811  0.10424022]
 [ 0.29039803  0.2938216   0.26715907  0.16637339  0.13298765]
 [ 0.25897452  0.26990455  0.2831614   0.23380402  0.08515095]
 [ 0.09665821  0.08157277  0.04731227 -0.033072   -0.19429582]] 
Episode: 762: [[ 0.26959732  0.25349486  0.17964973  0.045056    0.09086867]
 [ 0.2548882   0.24396276  0.18251577  0.06002438  0.10429507]
 [ 0.29053968  0.29396787  0.2673343   0.16654888  0.13311115]
 [ 0.25912398  0.27005273  0.28333363  0.23398663  0.08518741]
 [ 0.09670619  0.08162283  0.04736617 -0.0330294  -0.19423407]] 
Episode: 763: [[ 0.26959994  0.25350085  0.17965503  0.04505993  0.09093305]
 [ 0.2548349   0.24391174  0.18244693  0.05995058  0.10433763]
 [ 0.29066968  0.29410237  0.26749626  0.16671112  0.13322632]
 [ 0.25932533  0.2702539   0.2835558   0.23421787  0.08525002]
 [ 0.09672331  0.08164173  0.04738144 -0.03302569 -0.19418553]] 
Episode: 764: [[ 0.26962447  0.25352985  0.17968647  0.04508981  0.0910074 ]
 [ 0.25476816  0.24384762  0.18236183  0.05985991  0.10437118]
 [ 0.29076928  0.29420608  0.26762444  0.16684066  0.13331583]
 [ 0.25956208  0.27049112  0.2838229   0.23449278  0.0853257 ]
 [ 0.09671474  0.08163481  0.04736438 -0.03305499 -0.1941497 ]] 
Episode: 765: [[ 0.26962566  0.25353566  0.17968655  0.04508682  0.0910804 ]
 [ 0.25467265  0.24375455  0.1822399   0.05973133  0.10439728]
 [ 0.2908475   0.2942884   0.2677255   0.16694264  0.13339968]
 [ 0.2598079   0.27073783  0.28410578  0.2347844   0.08540806]
 [ 0.09666927  0.08159055  0.04730146 -0.03313087 -0.19412954]] 
Episode: 766: [[ 0.26960304  0.25351694  0.17965524  0.0450502   0.09114499]
 [ 0.254573    0.24365698  0.18211101  0.05959411  0.10442458]
 [ 0.29090786  0.2943523   0.26780224  0.16701765  0.13347849]
 [ 0.26001832  0.27094886  0.2843457   0.23503068  0.0854797 ]
 [ 0.09664042  0.08156291  0.04725914 -0.0331858  -0.19410175]] 
Episode: 767: [[ 0.26962024  0.25353885  0.17968221  0.04507921  0.09121153]
 [ 0.25443703  0.24352291  0.18194638  0.05942671  0.10442062]
 [ 0.2910726   0.29451993  0.2679716   0.16718462  0.13365506]
 [ 0.26027966  0.2712107   0.28462872  0.23531915  0.08566096]
 [ 0.09650293  0.08142684  0.04711774 -0.03333837 -0.19416445]] 
Episode: 768: [[ 0.26960343  0.25352618  0.17966656  0.04506682  0.09126619]
 [ 0.25428957  0.24337709  0.18176682  0.05924597  0.10441466]
 [ 0.29118884  0.29463863  0.26808468  0.1672972   0.13380715]
 [ 0.2604873   0.27141827  0.2848497   0.23554578  0.08580953]
 [ 0.09639142  0.08131698  0.04700549 -0.03346007 -0.19421126]] 
Episode: 769: [[ 0.26956338  0.25348938  0.17962144  0.045025    0.09130906]
 [ 0.25414306  0.24323173  0.18158767  0.05906637  0.10440823]
 [ 0.29126176  0.2947132   0.2681474   0.16735986  0.13393305]
 [ 0.26064044  0.27157074  0.2850059   0.23570642  0.08592691]
 [ 0.09630568  0.08123296  0.04692243 -0.03355077 -0.1942433 ]] 
Episode: 770: [[ 0.2695231   0.2534524   0.17957838  0.04498585  0.09134831]
 [ 0.25399113  0.24308087  0.18140471  0.05888397  0.10439496]
 [ 0.29132757  0.2947806   0.26820755  0.16742162  0.1340445 ]
 [ 0.2608503   0.27177992  0.28521365  0.23591785  0.08607069]
 [ 0.09619594  0.0811243   0.04680958 -0.03367047 -0.1942889 ]] 
Episode: 771: [[ 0.2694608   0.25339267  0.17950734  0.04491813  0.09137449]
 [ 0.25382543  0.24291565  0.18120426  0.05868396  0.10437211]
 [ 0.29137084  0.29482514  0.26824152  0.16745703  0.13414088]
 [ 0.26104409  0.27197313  0.28540635  0.23611374  0.08620408]
 [ 0.09608365  0.08101285  0.04669128 -0.03379484 -0.19433475]] 
Episode: 772: [[ 0.26935747  0.25329077  0.17938314  0.04479339  0.09138165]
 [ 0.25363502  0.242725    0.18096948  0.05844489  0.10434118]
 [ 0.29138663  0.294842    0.26823848  0.16745079  0.13423108]
 [ 0.2611989   0.27212664  0.28555632  0.23626624  0.08630987]
 [ 0.09601052  0.08094158  0.04661212 -0.03388618 -0.19434455]] 
Episode: 773: [[ 0.2692421   0.25317684  0.17924355  0.04465306  0.09138416]
 [ 0.25343588  0.24252567  0.18072346  0.05819457  0.10430679]
 [ 0.29139504  0.2948516   0.26822874  0.16743863  0.13431436]
 [ 0.26136106  0.27228776  0.28572136  0.23643516  0.08641478]
 [ 0.09592862  0.08086146  0.04652006 -0.03398995 -0.19435646]] 
Episode: 774: [[ 0.26913285  0.25306952  0.17911282  0.04452285  0.09139371]
 [ 0.25324383  0.24233393  0.18048768  0.05795572  0.104279  ]
 [ 0.29140678  0.294865    0.2682269   0.16743597  0.13439913]
 [ 0.2615248   0.2724507   0.28589433  0.23661312  0.08651628]
 [ 0.09584391  0.08077861  0.0464237  -0.03409683 -0.19436674]] 
Episode: 775: [[ 0.26902184  0.25296018  0.17897926  0.0443877   0.09140328]
 [ 0.25305954  0.24214989  0.18026067  0.05772375  0.10425613]
 [ 0.29141608  0.29487583  0.26822364  0.1674307   0.13447993]
 [ 0.26169538  0.27262068  0.28607967  0.23680377  0.08661877]
 [ 0.09576101  0.08069743  0.04632831 -0.03420315 -0.19437444]] 
Episode: 776: [[ 0.2688899   0.25282818  0.17882217  0.0442291   0.09138895]
 [ 0.25291318  0.24200374  0.18007794  0.05753501  0.10425001]
 [ 0.2913991   0.2948596   0.26818797  0.16739202  0.13454399]
 [ 0.26180717  0.27273127  0.2861936   0.23692177  0.08668908]
 [ 0.09569473  0.0806324   0.04625392 -0.03428688 -0.19438182]] 
Episode: 777: [[ 0.26874003  0.25267822  0.17864262  0.04404899  0.09136842]
 [ 0.25275114  0.24184176  0.1798763   0.05732887  0.10423654]
 [ 0.29135546  0.29481658  0.2681214   0.16732365  0.13459314]
 [ 0.26190755  0.27283072  0.28629485  0.23702657  0.08675583]
 [ 0.09562399  0.08056268  0.04617426 -0.03437428 -0.19439298]] 
Episode: 778: [[ 0.26857898  0.2525159   0.17845224  0.04386074  0.09132522]
 [ 0.2526491   0.24174127  0.17974174  0.05718885  0.10425959]
 [ 0.29126164  0.29472125  0.26800162  0.1672064   0.13458851]
 [ 0.26195553  0.27287665  0.28633672  0.2370747   0.08678357]
 [ 0.09557921  0.08051931  0.0461239  -0.03443201 -0.19439194]] 
Episode: 779: [[ 0.2684391   0.25237453  0.17828982  0.04370369  0.09129391]
 [ 0.2525861   0.24167967  0.17965911  0.05710532  0.1042986 ]
 [ 0.29115716  0.29461473  0.26787135  0.16708086  0.13457893]
 [ 0.26192617  0.2728455   0.28630686  0.23705077  0.08676968]
 [ 0.09558294  0.0805245   0.04613624 -0.03442282 -0.19437073]] 
Episode: 780: [[ 0.26830745  0.25224185  0.17813644  0.04355527  0.0912735 ]
 [ 0.25252333  0.24161862  0.17957671  0.05702214  0.10434223]
 [ 0.29108152  0.29453766  0.26777726  0.16699181  0.13458559]
 [ 0.26192543  0.27284327  0.28631324  0.23706369  0.08676903]
 [ 0.09555089  0.08049308  0.0461063  -0.03445551 -0.19437131]] 
Episode: 781: [[ 0.26821756  0.25215054  0.17803726  0.04346516  0.09126826]
 [ 0.25250965  0.24160628  0.17955935  0.05700915  0.10440104]
 [ 0.2910127   0.2944667   0.26769522  0.16691777  0.13458905]
 [ 0.2618667   0.27278218  0.28625146  0.23700811  0.08673631]
 [ 0.09557443  0.08051747  0.04614669 -0.03441429 -0.19434765]] 
Episode: 782: [[ 0.26811454  0.2520452   0.1779217   0.04336005  0.09126159]
 [ 0.25250214  0.24159925  0.17955202  0.05700914  0.10446116]
 [ 0.29094255  0.29439384  0.26761043  0.16684116  0.13459736]
 [ 0.26176485  0.27267763  0.2861303   0.23689099  0.08668876]
 [ 0.095643    0.08058697  0.04624403 -0.03431268 -0.19430228]] 
Episode: 783: [[ 0.26800206  0.25192994  0.17779294  0.04324062  0.09124241]
 [ 0.2525      0.24159782  0.17954674  0.05700868  0.10452314]
 [ 0.29084817  0.29429576  0.26749584  0.16673301  0.13458277]
 [ 0.2616265   0.27253437  0.28596994  0.23673604  0.08659694]
 [ 0.09575411  0.08070131  0.04638169 -0.03417693 -0.19421068]] 
Episode: 784: [[ 0.26785985  0.25178555  0.1776244   0.04307773  0.09122111]
 [ 0.25244865  0.24154611  0.17948362  0.0569482   0.10455374]
 [ 0.29070908  0.29415223  0.26732996  0.16657215  0.13453788]
 [ 0.2615631   0.27246737  0.28589314  0.2366638   0.08654821]
 [ 0.09586937  0.08082008  0.04652151 -0.03404221 -0.19411226]] 
Episode: 785: [[ 0.26769042  0.25161383  0.17742199  0.04288103  0.09119085]
 [ 0.25237077  0.24146785  0.17938678  0.05685402  0.1045773 ]
 [ 0.29056165  0.29400066  0.26715326  0.1664008   0.13449405]
 [ 0.26150486  0.27240553  0.28582418  0.23659994  0.08649976]
 [ 0.095963    0.08091697  0.04663459 -0.03393343 -0.19402386]] 
Episode: 786: [[ 0.26753145  0.25145268  0.17723143  0.0426961   0.09116981]
 [ 0.25230888  0.24140596  0.17930797  0.05677764  0.10461434]
 [ 0.2904156   0.29385045  0.26697865  0.16623205  0.1344523 ]
 [ 0.26139137  0.27228686  0.28569475  0.2364754   0.08640834]
 [ 0.09607469  0.08103213  0.04676938 -0.03380255 -0.19392535]] 
Episode: 787: [[ 0.26739547  0.2513146   0.17707089  0.04254181  0.09115825]
 [ 0.25226     0.24135706  0.17924763  0.05672055  0.10465495]
 [ 0.2903103   0.29374188  0.26685333  0.16611227  0.13443649]
 [ 0.26127332  0.2721639   0.285558    0.23634268  0.08631966]
 [ 0.09618624  0.08114679  0.04690604 -0.03366854 -0.19383094]] 
Episode: 788: [[ 0.2672757   0.2511932   0.17692716  0.04240364  0.09115357]
 [ 0.25220448  0.2413013   0.17917821  0.05665457  0.10468692]
 [ 0.29022092  0.29365012  0.26674366  0.16600662  0.13443303]
 [ 0.26115304  0.27203858  0.2854196   0.23620883  0.08622599]
 [ 0.09627731  0.08124044  0.04701718 -0.03356046 -0.19375086]] 
Episode: 789: [[ 0.26726237  0.251182    0.17688894  0.04236976  0.09118611]
 [ 0.2521695   0.24126872  0.17913401  0.05661232  0.10472191]
 [ 0.29025263  0.29367936  0.26674667  0.1660124   0.13450691]
 [ 0.2611175   0.2719984   0.28536266  0.23615561  0.08626031]
 [ 0.09624624  0.08121203  0.04701262 -0.03356759 -0.19373344]] 
Episode: 790: [[ 0.26724374  0.251166    0.17684554  0.04233069  0.09121775]
 [ 0.25211272  0.24121441  0.17906198  0.056542    0.10474679]
 [ 0.290295    0.29372042  0.2667661   0.16603568  0.13458472]
 [ 0.26112524  0.27200267  0.2853634   0.23616233  0.08630978]
 [ 0.0961903   0.08115833  0.04697337 -0.03360953 -0.19372949]] 
Episode: 791: [[ 0.2672114   0.2511362   0.17678644  0.04227536  0.09124368]
 [ 0.25204167  0.24114557  0.17897181  0.0564531   0.10476355]
 [ 0.29031238  0.29373664  0.26675785  0.16603114  0.13464771]
 [ 0.26112857  0.27200276  0.28536034  0.23616527  0.08635128]
 [ 0.09614372  0.08111405  0.04694199 -0.03364349 -0.19372141]] 
Episode: 792: [[ 0.2671501   0.2510773   0.17669424  0.04218676  0.09125347]
 [ 0.25193846  0.24104442  0.17884135  0.05632325  0.10476527]
 [ 0.29031053  0.293734    0.26672968  0.16600722  0.13469785]
 [ 0.26116067  0.2720323   0.28539678  0.23620969  0.08640017]
 [ 0.09607341  0.08104581  0.04687675 -0.03371248 -0.19372356]] 
Episode: 793: [[ 0.2670808   0.25101006  0.17659393  0.04208889  0.09125548]
 [ 0.25185972  0.24096824  0.17873852  0.05621896  0.10478063]
 [ 0.29031444  0.2937378   0.26670834  0.16598763  0.13475388]
 [ 0.2611586   0.2720272   0.28539255  0.23621263  0.0864242 ]
 [ 0.09602435  0.08099911  0.04683326 -0.03376222 -0.1937126 ]] 
Episode: 794: [[ 0.26701057  0.25094205  0.17649199  0.04198724  0.09126161]
 [ 0.25176904  0.2408799   0.17861994  0.05609696  0.10479113]
 [ 0.29032522  0.29374883  0.26669773  0.16597798  0.13481142]
 [ 0.2611943   0.27206072  0.2854371   0.23626538  0.08646416]
 [ 0.09596942  0.08094613  0.04678052 -0.03382197 -0.19370683]] 
Episode: 795: [[ 0.26700294  0.25093764  0.17647363  0.04197415  0.09130061]
 [ 0.25172982  0.24084415  0.17856883  0.0560463   0.10483082]
 [ 0.2904153   0.29384065  0.26678976  0.16607007  0.13491097]
 [ 0.2612991   0.27216348  0.28554472  0.23638004  0.0865416 ]
 [ 0.09593321  0.08091199  0.04675078 -0.03385732 -0.19369172]] 
Episode: 796: [[ 0.26696062  0.25089806  0.17641474  0.04192053  0.09133016]
 [ 0.25166833  0.24078602  0.17848973  0.05596721  0.10486852]
 [ 0.29049695  0.29392442  0.26687312  0.1661539   0.13501413]
 [ 0.26140097  0.2722635   0.2856524   0.23649497  0.08661411]
 [ 0.09591214  0.08089306  0.04673921 -0.03387366 -0.19366886]] 
Episode: 797: [[ 0.26691413  0.25085378  0.17635167  0.04186195  0.09135788]
 [ 0.25161165  0.2407322   0.17841707  0.0558942   0.10490675]
 [ 0.29056403  0.29399312  0.26694077  0.16622189  0.13510697]
 [ 0.26147008  0.27233022  0.28572235  0.23657168  0.08666261]
 [ 0.09590074  0.08088367  0.04673838 -0.03387913 -0.19364156]] 
Episode: 798: [[ 0.26684803  0.2507898   0.17626575  0.04178129  0.09137664]
 [ 0.25153136  0.24065448  0.1783158   0.05579351  0.10493296]
 [ 0.29061994  0.29405075  0.2669973   0.16628046  0.13519147]
 [ 0.26155642  0.27241457  0.28581792  0.23667529  0.08671483]
 [ 0.09588344  0.08086854  0.04672759 -0.03389417 -0.1936145 ]] 
Episode: 799: [[ 0.26680326  0.25074708  0.17620644  0.04172539  0.09139824]
 [ 0.25145575  0.24058107  0.17822038  0.05569689  0.1049527 ]
 [ 0.29069045  0.29412296  0.2670735   0.16635786  0.13527495]
 [ 0.2616758   0.27253264  0.2859579   0.23682415  0.08678183]
 [ 0.09585922  0.08084624  0.04670607 -0.03392117 -0.1935933 ]] 
Episode: 800: [[ 0.26671782  0.2506632   0.17609891  0.04162288  0.0914003 ]
 [ 0.2513606   0.2404878   0.178102    0.0555797   0.10496227]
 [ 0.29073262  0.29416692  0.2671158   0.16640292  0.13534714]
 [ 0.26176447  0.27262     0.28605977  0.23693396  0.08683567]
 [ 0.09583316  0.08082201  0.04668238 -0.0339483  -0.19357556]] 
Episode: 801: [[ 0.26663762  0.25058728  0.17599389  0.04152146  0.09141881]
 [ 0.25119102  0.24032031  0.17790794  0.05538736  0.10493459]
 [ 0.29084456  0.29428393  0.26724216  0.16653317  0.13546197]
 [ 0.26191705  0.2727713   0.28621906  0.23710003  0.08698306]
 [ 0.09569645  0.08068731  0.04655629 -0.03407731 -0.1936344 ]] 
Episode: 802: [[ 0.2665846   0.2505389   0.1759228   0.04145168  0.09144945]
 [ 0.2510343   0.24016584  0.17772798  0.05520652  0.10491213]
 [ 0.29097453  0.29441896  0.26739368  0.16668773  0.13557883]
 [ 0.26210916  0.27296266  0.2864299   0.23731668  0.08713619]
 [ 0.09554463  0.08053684  0.04640784 -0.03422975 -0.19370234]] 
Episode: 803: [[ 0.2665115   0.25046965  0.17582867  0.04135983  0.09146809]
 [ 0.2508687   0.24000198  0.17753625  0.05501468  0.10488465]
 [ 0.2911049   0.29455408  0.26754737  0.16684578  0.1356937 ]
 [ 0.262323    0.27317622  0.28667203  0.23756562  0.08729467]
 [ 0.09538616  0.08037944  0.04624668 -0.03439497 -0.1937701 ]] 
Episode: 804: [[ 0.26643857  0.25040102  0.17573282  0.04126411  0.09149324]
 [ 0.25072935  0.23986559  0.17737083  0.05484622  0.10488363]
 [ 0.2912732   0.29472846  0.26774207  0.16704047  0.13583948]
 [ 0.26257944  0.2734333   0.28695732  0.23785672  0.08746922]
 [ 0.09534501  0.08034309  0.04620673 -0.03444107 -0.19374034]] 
Episode: 805: [[ 0.26636216  0.25032902  0.17563197  0.04116317  0.09152404]
 [ 0.2506099   0.23975004  0.1772251   0.05469633  0.1049064 ]
 [ 0.2914442   0.29490587  0.26793963  0.1672384   0.13599235]
 [ 0.26283625  0.27369082  0.28724864  0.23815611  0.08763715]
 [ 0.09534984  0.08035313  0.04622138 -0.03443359 -0.19368528]] 
Episode: 806: [[ 0.2662461   0.25021598  0.17548351  0.04101167  0.09152581]
 [ 0.25048736  0.23963161  0.17707011  0.05453262  0.10493414]
 [ 0.29158455  0.2950519   0.2681002   0.16739753  0.13612618]
 [ 0.263103    0.27395898  0.28755584  0.2384727   0.08781064]
 [ 0.09534741  0.08035535  0.04622462 -0.03443987 -0.1936356 ]] 
Episode: 807: [[ 0.2661143   0.25008684  0.17531435  0.04083696  0.09151976]
 [ 0.25035232  0.23950034  0.17689715  0.05434858  0.10495485]
 [ 0.2916972   0.29516986  0.26822612  0.1675204   0.13624544]
 [ 0.26335263  0.27420977  0.28784618  0.23877278  0.08796802]
 [ 0.09533446  0.08034676  0.04621196 -0.03446335 -0.19359057]] 
Episode: 808: [[ 0.26594916  0.24992493  0.17510328  0.04062047  0.09149807]
 [ 0.25017723  0.23932916  0.17667288  0.05411343  0.10495435]
 [ 0.29179046  0.29526904  0.26832834  0.16762067  0.13635474]
 [ 0.26364106  0.27450034  0.28817487  0.2391099   0.08814405]
 [ 0.09527057  0.08028667  0.04613356 -0.03455323 -0.19357297]] 
Episode: 809: [[ 0.2658108   0.24979033  0.17492464  0.04043441  0.0914813 ]
 [ 0.25000462  0.23916051  0.1764503   0.05387747  0.10494568]
 [ 0.29192272  0.295408    0.2684789   0.16776824  0.1364764 ]
 [ 0.26397327  0.27483436  0.28853804  0.23948032  0.08836536]
 [ 0.09515483  0.08017376  0.04598871 -0.03471188 -0.19358706]] 
Episode: 810: [[ 0.26563904  0.24962187  0.17470366  0.04020524  0.09145075]
 [ 0.24980171  0.23896103  0.17618841  0.05360155  0.10492341]
 [ 0.2920034   0.29549465  0.2685659   0.1678518   0.13657257]
 [ 0.26427886  0.27514175  0.2888735   0.23982327  0.08857004]
 [ 0.09504431  0.0800661   0.04584827 -0.03486604 -0.19359697]] 
Episode: 811: [[ 0.2655129   0.24949881  0.1745451   0.04004532  0.09144192]
 [ 0.24965793  0.23882064  0.17600676  0.05341365  0.10492545]
 [ 0.2920848   0.29558107  0.26866022  0.16794796  0.13666385]
 [ 0.26452056  0.27538443  0.28913277  0.24008843  0.08873554]
 [ 0.09497391  0.07999831  0.0457629  -0.03495954 -0.19359359]] 
Episode: 812: [[ 0.26539612  0.24938455  0.17440079  0.03990141  0.09143613]
 [ 0.24953805  0.23870386  0.17585705  0.05325987  0.10493681]
 [ 0.29216403  0.2956647   0.26875436  0.16804527  0.13675287]
 [ 0.26473102  0.27559558  0.28935763  0.24031888  0.08888094]
 [ 0.09491644  0.07994336  0.04569365 -0.03503585 -0.19358356]] 
Episode: 813: [[ 0.26525298  0.24924341  0.17423056  0.0397356   0.09141689]
 [ 0.24943489  0.238604    0.17573379  0.05313764  0.10495756]
 [ 0.29225016  0.29575574  0.2688601   0.16815715  0.13685109]
 [ 0.26499322  0.27585828  0.2896275   0.24059342  0.08905956]
 [ 0.09483024  0.07985892  0.04559274 -0.03514196 -0.19359289]] 
Episode: 814: [[ 0.2651234   0.24911569  0.17407848  0.03959068  0.09140569]
 [ 0.24936102  0.23853359  0.17564811  0.05305628  0.10499296]
 [ 0.29234195  0.2958524   0.26897323  0.16827817  0.13695562]
 [ 0.265186    0.27605075  0.2898159   0.24078543  0.08919522]
 [ 0.09477361  0.07980394  0.04553143 -0.03520469 -0.19359276]] 
Episode: 815: [[ 0.26501745  0.24901155  0.17395599  0.03947774  0.09140629]
 [ 0.24932048  0.23849647  0.1756056   0.05302177  0.1050404 ]
 [ 0.29240933  0.2959239   0.26905712  0.16837108  0.1370459 ]
 [ 0.26530263  0.2761663   0.28991777  0.24089089  0.08929012]
 [ 0.09475938  0.07979149  0.04552531 -0.03520887 -0.19357635]] 
Episode: 816: [[ 0.26495478  0.24895173  0.173883    0.03941167  0.09143799]
 [ 0.24930885  0.23848873  0.17559728  0.05301876  0.10510308]
 [ 0.29244736  0.29596525  0.26910734  0.16842906  0.13711543]
 [ 0.2654294   0.27629298  0.29003483  0.24101001  0.08939341]
 [ 0.09480876  0.07984434  0.04559154 -0.03514589 -0.19351181]] 
Episode: 817: [[ 0.264896    0.24889505  0.17381737  0.03935619  0.09147   ]
 [ 0.24932006  0.23850326  0.17562106  0.05305241  0.10517205]
 [ 0.2924565   0.2959767   0.26912344  0.16845454  0.13716987]
 [ 0.26547045  0.27633405  0.29007253  0.2410499   0.0894442 ]
 [ 0.09490057  0.07993951  0.04571468 -0.03502144 -0.19343264]] 
Episode: 818: [[ 0.26483855  0.2488396   0.17375486  0.03930575  0.09150441]
 [ 0.24935123  0.23853806  0.1756705   0.05311396  0.10525305]
 [ 0.29245204  0.29597408  0.26912522  0.1684679   0.13721529]
 [ 0.26547056  0.27633342  0.2900608   0.24104017  0.08946685]
 [ 0.0950148   0.0800572   0.0458671  -0.03486538 -0.1933438 ]] 
Episode: 819: [[ 0.2647841   0.2487865   0.1736976   0.03926216  0.09153768]
 [ 0.24938916  0.23857895  0.17573096  0.05318911  0.10533233]
 [ 0.29242688  0.29595014  0.2691008   0.168455    0.1372527 ]
 [ 0.26541263  0.27627432  0.28998268  0.24096423  0.08946584]
 [ 0.0951591   0.08020473  0.04606095 -0.03466414 -0.19324705]] 
Episode: 820: [[ 0.26475185  0.24875596  0.17366491  0.0392436   0.09159316]
 [ 0.24946094  0.23865421  0.17583133  0.05330501  0.10543688]
 [ 0.29238307  0.29590663  0.2690539   0.16842008  0.13728064]
 [ 0.26528767  0.27614844  0.28984496  0.2408288   0.08939423]
 [ 0.09534977  0.08039883  0.04631411 -0.03440203 -0.19313033]] 
Episode: 821: [[ 0.2647089   0.24871443  0.17362192  0.03921817  0.09164192]
 [ 0.24952918  0.2387258   0.17593004  0.05342281  0.10553826]
 [ 0.29233456  0.29585832  0.26900342  0.16838455  0.13730597]
 [ 0.2651518   0.27601138  0.2896906   0.24067621  0.08931896]
 [ 0.09552751  0.08057967  0.04655302 -0.03415187 -0.19302256]] 
Episode: 822: [[ 0.2646859   0.24869259  0.17360468  0.03921797  0.09169588]
 [ 0.24961914  0.238819    0.1760567   0.05356822  0.10564531]
 [ 0.29229787  0.2958216   0.26896843  0.16836384  0.13733387]
 [ 0.2649977   0.27585545  0.2895111   0.24049729  0.08923346]
 [ 0.09571073  0.08076591  0.04679902 -0.0338944  -0.1929146 ]] 
Episode: 823: [[ 0.2646381   0.24864566  0.17355421  0.03918261  0.09173804]
 [ 0.24967466  0.23887722  0.17613775  0.05366608  0.10573538]
 [ 0.292244    0.2957676   0.2689098   0.16831782  0.13735476]
 [ 0.2648579   0.27571404  0.2893474   0.24033363  0.08915888]
 [ 0.09586386  0.08092166  0.04700564 -0.03367724 -0.1928218 ]] 
Episode: 824: [[ 0.2646044   0.24861322  0.17352396  0.0391675   0.0917811 ]
 [ 0.24974006  0.2389455   0.17623411  0.05377914  0.1058224 ]
 [ 0.29220375  0.29572767  0.26887026  0.16829064  0.1373781 ]
 [ 0.26471612  0.27557087  0.28917888  0.24016458  0.08908634]
 [ 0.09600628  0.0810665   0.04719976 -0.0334729  -0.19273752]] 
Episode: 825: [[ 0.26467705  0.24868692  0.17358918  0.03924563  0.09187393]
 [ 0.24989665  0.23910476  0.17640926  0.05396853  0.10595431]
 [ 0.29226688  0.2957913   0.26893774  0.16836837  0.13742334]
 [ 0.2645938   0.275446    0.28904453  0.2400343   0.0889952 ]
 [ 0.09616049  0.081223    0.0474111  -0.03325127 -0.19265293]] 
Episode: 826: [[ 0.26475236  0.2487623   0.17366433  0.03933419  0.09196663]
 [ 0.2500866   0.23929736  0.1766315   0.05420589  0.10610373]
 [ 0.29233795  0.29586163  0.26902252  0.16846505  0.13746516]
 [ 0.26441076  0.27526075  0.28885603  0.23984982  0.08886398]
 [ 0.09634875  0.08141348  0.04766963 -0.03297932 -0.19255656]] 
Episode: 827: [[ 0.26484147  0.24885362  0.17375441  0.03943001  0.09209108]
 [ 0.2502855   0.23950009  0.1768662   0.05444848  0.10627091]
 [ 0.2924989   0.296025    0.26920134  0.16865371  0.13757977]
 [ 0.2643192   0.2751671   0.28875414  0.23975118  0.08886656]
 [ 0.09653254  0.08160014  0.04791836 -0.03272261 -0.1924437 ]] 
Episode: 828: [[ 0.26490384  0.24891841  0.17381005  0.03948746  0.09219112]
 [ 0.25041083  0.23962879  0.17700371  0.0545868   0.10640005]
 [ 0.29265442  0.29618332  0.26937553  0.1688357   0.13767913]
 [ 0.26430982  0.27515572  0.28873006  0.23972967  0.08890268]
 [ 0.09666555  0.0817355   0.04809812 -0.03253968 -0.19235729]] 
Episode: 829: [[ 0.2649379   0.2489547   0.17383355  0.03951263  0.09227759]
 [ 0.25049934  0.2397201   0.17709872  0.05468286  0.10650914]
 [ 0.2927851   0.29631668  0.269522    0.16898988  0.13776955]
 [ 0.26431644  0.27516088  0.28872788  0.23973043  0.08894549]
 [ 0.096764    0.08183572  0.04823376 -0.03240206 -0.19228779]] 
Episode: 830: [[ 0.26496345  0.24898264  0.17384714  0.03952644  0.09235409]
 [ 0.2505694   0.23979306  0.17717005  0.05475317  0.10660595]
 [ 0.2929347   0.29646984  0.2696919   0.16916592  0.13787104]
 [ 0.26438484  0.27522928  0.28879347  0.23979834  0.08901626]
 [ 0.0968148   0.08188757  0.0483072  -0.0323289  -0.19224297]] 
Episode: 831: [[ 0.26495793  0.24897851  0.17382371  0.03950302  0.09241206]
 [ 0.25060943  0.23983508  0.17720528  0.05478752  0.10668541]
 [ 0.2930397   0.29657727  0.2698083   0.16928793  0.13794929]
 [ 0.2644208   0.2752644   0.28882116  0.2398283   0.0890628 ]
 [ 0.09686419  0.08193813  0.04837651 -0.03226034 -0.19219585]] 
Episode: 832: [[ 0.26505607  0.2490778   0.17389525  0.03957386  0.09256198]
 [ 0.25070447  0.23993362  0.17731263  0.05489154  0.1067891 ]
 [ 0.29322547  0.2967668   0.27001545  0.16949931  0.13806088]
 [ 0.2645261   0.27536884  0.2889136   0.23992246  0.08916412]
 [ 0.09688939  0.0819637   0.04841717 -0.03222235 -0.19216743]] 
Episode: 833: [[ 0.26514477  0.2491679   0.173961    0.03964014  0.09270089]
 [ 0.2507763   0.24000864  0.17739289  0.05496969  0.10687914]
 [ 0.2934081   0.29695338  0.2702224   0.16971157  0.13817184]
 [ 0.2646588   0.27550146  0.28904757  0.24005999  0.08927328]
 [ 0.09689003  0.08196444  0.04842549 -0.03221674 -0.19214964]] 
Episode: 834: [[ 0.26521444  0.24923882  0.17400798  0.03968956  0.09282248]
 [ 0.25081283  0.2400475   0.17743069  0.05500723  0.10694678]
 [ 0.29356757  0.29711628  0.2704043   0.16990058  0.13826762]
 [ 0.26480168  0.27564448  0.2892004   0.24021786  0.08938002]
 [ 0.09686483  0.08193906  0.04839931 -0.03224549 -0.1921439 ]] 
Episode: 835: [[ 0.26524737  0.24927254  0.17401208  0.03969516  0.09291953]
 [ 0.25081924  0.24005584  0.17742959  0.05500483  0.10699974]
 [ 0.29370716  0.29725924  0.27056202  0.17006472  0.13835499]
 [ 0.2649551   0.27579862  0.28936988  0.24039271  0.08948985]
 [ 0.09682445  0.08189829  0.04835293 -0.0322947  -0.1921463 ]] 
Episode: 836: [[ 0.26524436  0.24926984  0.17397189  0.03965352  0.0929938 ]
 [ 0.2507775   0.24001496  0.17736651  0.05493779  0.1070259 ]
 [ 0.29381812  0.29737332  0.2706826   0.17018902  0.13843073]
 [ 0.2651382   0.2759836   0.28957883  0.24060741  0.08961793]
 [ 0.09675638  0.08182919  0.0482706  -0.03238134 -0.19216505]] 
Episode: 837: [[ 0.26524058  0.24926646  0.17393357  0.03960884  0.09305368]
 [ 0.250716    0.23995355  0.17727928  0.0548417   0.10702918]
 [ 0.2939489   0.29750744  0.2708318   0.17034018  0.13850398]
 [ 0.26537582  0.2762228   0.2898343   0.2408677   0.08978318]
 [ 0.09666814  0.08173965  0.04815954 -0.03250125 -0.19219172]] 
Episode: 838: [[ 0.26522204  0.24924833  0.17387839  0.03954723  0.0931063 ]
 [ 0.25064746  0.23988517  0.17718248  0.05473609  0.10703176]
 [ 0.29405397  0.29761538  0.2709504   0.17046057  0.1385648 ]
 [ 0.26559165  0.27643993  0.29006794  0.24110645  0.0899299 ]
 [ 0.09657872  0.08164898  0.04804616 -0.03262337 -0.19221787]] 
Episode: 839: [[ 0.26520973  0.24923718  0.1738334   0.03949642  0.09315538]
 [ 0.25059426  0.2398335   0.17710198  0.05464626  0.10704727]
 [ 0.29414582  0.29771096  0.27105036  0.17056115  0.13862646]
 [ 0.26576963  0.27661833  0.29026127  0.24130517  0.09003994]
 [ 0.09646706  0.08153536  0.04790857 -0.03276861 -0.19226836]] 
Episode: 840: [[ 0.265165    0.24919306  0.17374845  0.03940478  0.09319317]
 [ 0.25052565  0.23976679  0.1769959   0.05452807  0.10707412]
 [ 0.29424834  0.29781812  0.27115577  0.17066336  0.13871585]
 [ 0.26591232  0.27676055  0.29041576  0.24146734  0.09011871]
 [ 0.09636945  0.08143625  0.04778779 -0.03289605 -0.19230892]] 
Episode: 841: [[ 0.26511768  0.2491457   0.17366263  0.03931041  0.09322557]
 [ 0.2504803   0.23972353  0.1769171   0.05443461  0.10711627]
 [ 0.29432294  0.29789573  0.2712322   0.17073554  0.13877939]
 [ 0.26597396  0.27681884  0.29048705  0.24154589  0.09012387]
 [ 0.09637849  0.08144687  0.04778486 -0.03290528 -0.19227244]] 
Episode: 842: [[ 0.2650567   0.24908438  0.17356312  0.0392019   0.09325225]
 [ 0.25043905  0.23968436  0.17684513  0.05434768  0.1071633 ]
 [ 0.29438803  0.29796374  0.27129793  0.1707963   0.1388434 ]
 [ 0.2660089   0.27685001  0.2905271   0.2415936   0.09011094]
 [ 0.09641445  0.08148497  0.04781616 -0.03288157 -0.19221939]] 
Episode: 843: [[ 0.26492348  0.2489487   0.17338078  0.03901217  0.09324732]
 [ 0.2503812   0.23962784  0.17674981  0.05423713  0.10721229]
 [ 0.29437265  0.2979494   0.27125984  0.17075098  0.13887903]
 [ 0.26596725  0.27680507  0.29049549  0.2415692   0.09004109]
 [ 0.09651511  0.0815891   0.04792773 -0.0327768  -0.1921262 ]] 
Episode: 844: [[ 0.26478302  0.24880747  0.17319173  0.03881696  0.09324609]
 [ 0.25028333  0.23953204  0.17660555  0.05407804  0.10724924]
 [ 0.29439166  0.29797122  0.27127096  0.17075859  0.13893132]
 [ 0.2660028   0.27683756  0.29053465  0.24161454  0.09003375]
 [ 0.09652896  0.08160531  0.04792979 -0.03278398 -0.19207399]] 
Episode: 845: [[ 0.26463953  0.24866265  0.17299981  0.03861888  0.09323905]
 [ 0.25018686  0.23943691  0.17646535  0.05392429  0.10728003]
 [ 0.29439494  0.29797655  0.27126297  0.17074679  0.13897519]
 [ 0.26602003  0.27685168  0.2905499   0.24163465  0.09002195]
 [ 0.09654352  0.08162192  0.04793444 -0.03278789 -0.19202447]] 
Episode: 846: [[ 0.2644519   0.24847367  0.17275387  0.03836676  0.09320967]
 [ 0.25002536  0.2392761   0.17625043  0.05369801  0.10728056]
 [ 0.29439616  0.29798052  0.2712545   0.17073601  0.1390178 ]
 [ 0.26610854  0.27693728  0.29063123  0.24172     0.09008208]
 [ 0.09646359  0.08154232  0.04783376 -0.03289589 -0.1920251 ]] 
Episode: 847: [[ 0.26429665  0.24831738  0.1725505   0.0381588   0.09319143]
 [ 0.24990262  0.23915458  0.17608535  0.05352363  0.10729634]
 [ 0.29440868  0.2979957   0.27126145  0.17074136  0.13906503]
 [ 0.26617977  0.2770055   0.29069528  0.24178816  0.09012764]
 [ 0.09639023  0.08146934  0.04774131 -0.03299465 -0.19202374]] 
Episode: 848: [[ 0.26418343  0.24820438  0.17239681  0.03799236  0.09320794]
 [ 0.24980566  0.23905918  0.17595196  0.05337279  0.10733015]
 [ 0.29444662  0.2980365   0.2713013   0.17077383  0.13912769]
 [ 0.2662966   0.2771207   0.2908205   0.24191673  0.09019496]
 [ 0.09635475  0.08143429  0.04769715 -0.03305126 -0.19200297]] 
Episode: 849: [[ 0.26407763  0.24809863  0.17225178  0.03783509  0.09322813]
 [ 0.24972296  0.23897783  0.17583637  0.05324113  0.10736886]
 [ 0.29446805  0.2980599   0.2713209   0.17078649  0.13918023]
 [ 0.2663672   0.27718875  0.2908893   0.24198787  0.09023299]
 [ 0.09633894  0.08141904  0.04767841 -0.03308079 -0.19197492]] 
Episode: 850: [[ 0.26392677  0.2479482   0.17205092  0.03762469  0.09322763]
 [ 0.24957703  0.23883297  0.17564352  0.05303467  0.10737947]
 [ 0.2946021   0.2981953   0.27144185  0.17090033  0.13936974]
 [ 0.2665037   0.27732283  0.29101872  0.24211909  0.09038787]
 [ 0.0963267   0.08140857  0.04765912 -0.03310597 -0.19193405]] 
Episode: 851: [[ 0.26375318  0.24777365  0.17181852  0.03737891  0.09321612]
 [ 0.24943954  0.23869608  0.1754561   0.05282956  0.10739823]
 [ 0.29468283  0.29827595  0.2714968   0.17094474  0.13952722]
 [ 0.26655346  0.27737057  0.2910676   0.24216992  0.09046197]
 [ 0.09636806  0.08145294  0.04770137 -0.03307377 -0.19185634]] 
Episode: 852: [[ 0.26355222  0.24757087  0.17155002  0.03709912  0.09319337]
 [ 0.24932134  0.23857875  0.1752904   0.05264914  0.10742995]
 [ 0.29470867  0.29830074  0.27148446  0.17092346  0.13965386]
 [ 0.26652533  0.27734074  0.29104406  0.24214849  0.09045156]
 [ 0.09642992  0.08151839  0.04776774 -0.03301553 -0.19176583]] 
Episode: 853: [[ 0.2633986   0.24741796  0.17134279  0.03688142  0.09321509]
 [ 0.24922536  0.23848544  0.1751537   0.05249782  0.10749149]
 [ 0.2947823   0.29837528  0.27154216  0.17097543  0.13980548]
 [ 0.26657286  0.2773866   0.29109034  0.2421963   0.09048651]
 [ 0.09643639  0.08152726  0.04776766 -0.03302389 -0.1917029 ]] 
Episode: 854: [[ 0.26318774  0.24720782  0.17106375  0.03659367  0.09320756]
 [ 0.2490402   0.2383026   0.17494185  0.05227362  0.10750183]
 [ 0.29486364  0.29845944  0.27160951  0.17103665  0.13996246]
 [ 0.26668835  0.27750045  0.29119936  0.24230637  0.09060408]
 [ 0.0963274   0.08142092  0.04766278 -0.03313589 -0.19171038]] 
Episode: 855: [[ 0.26293173  0.24695107  0.17072548  0.036245    0.09317552]
 [ 0.24882616  0.23808977  0.17468634  0.05200445  0.10749785]
 [ 0.29488036  0.29847753  0.27159616  0.17101607  0.14008099]
 [ 0.2667362   0.27754512  0.29123005  0.24233834  0.09067514]
 [ 0.09624372  0.08134048  0.04758145 -0.03322607 -0.19169883]] 
Episode: 856: [[ 0.262726    0.24674675  0.17045145  0.03596307  0.09318613]
 [ 0.24866833  0.23793536  0.1744997   0.05180654  0.10753754]
 [ 0.29488444  0.29848334  0.2715748   0.17099074  0.14019243]
 [ 0.2667127   0.27751663  0.29119036  0.24230015  0.09068806]
 [ 0.09621885  0.08132     0.04757467 -0.03323973 -0.19165532]] 
Episode: 857: [[ 0.26252812  0.24655005  0.17019379  0.03570069  0.09319329]
 [ 0.2485501   0.23782146  0.1743638   0.05166149  0.10759689]
 [ 0.29490167  0.29850307  0.27157325  0.17098701  0.14031206]
 [ 0.26670435  0.27750382  0.29117507  0.24228942  0.09070109]
 [ 0.09618521  0.08128979  0.04755716 -0.03326487 -0.19162412]] 
Episode: 858: [[ 0.26237604  0.2464016   0.16999353  0.03549707  0.09322979]
 [ 0.24839848  0.2376741   0.17418337  0.05147181  0.10764009]
 [ 0.29500878  0.29861584  0.2716749   0.17108583  0.14047569]
 [ 0.26676953  0.27756482  0.2912286   0.24234673  0.09080748]
 [ 0.09604905  0.08115479  0.04743685 -0.03339172 -0.19164512]] 
Episode: 859: [[ 0.2622761   0.24630678  0.1698621   0.0353655   0.09329157]
 [ 0.24827026  0.23755069  0.174034    0.05131637  0.10769062]
 [ 0.29516184  0.29877594  0.27184084  0.17125256  0.14065939]
 [ 0.26689118  0.27768427  0.291344    0.24246518  0.09093636]
 [ 0.09591953  0.08102629  0.04732213 -0.03351151 -0.19166641]] 
Episode: 860: [[ 0.26219857  0.24623393  0.16975625  0.03525763  0.09336244]
 [ 0.24817233  0.23745741  0.17391895  0.05119402  0.10775302]
 [ 0.29528934  0.29890898  0.27197802  0.17139001  0.14081874]
 [ 0.26696277  0.2777521   0.2914038   0.24252933  0.09101678]
 [ 0.09580708  0.08091474  0.04722297 -0.03361638 -0.1916806 ]] 
Episode: 861: [[ 0.26209655  0.24613501  0.16961917  0.03511611  0.0934048 ]
 [ 0.2481058   0.23739561  0.17383885  0.05110392  0.10782129]
 [ 0.29537845  0.2990024   0.27206695  0.17147662  0.14094797]
 [ 0.26698336  0.27776814  0.29140097  0.24253006  0.09106304]
 [ 0.09572668  0.08083522  0.04716143 -0.03368416 -0.19168833]] 
Episode: 862: [[ 0.26199886  0.24603963  0.16948782  0.03498228  0.09344498]
 [ 0.24805869  0.23735274  0.1737836   0.05104189  0.10789228]
 [ 0.2954303   0.29905728  0.27210957  0.17151763  0.14105524]
 [ 0.26692927  0.2777101   0.29133123  0.24246386  0.09106509]
 [ 0.09569606  0.08080618  0.04716118 -0.03368771 -0.19167426]] 
Episode: 863: [[ 0.26188204  0.24592382  0.16933216  0.03482206  0.09346427]
 [ 0.2479941   0.23729107  0.17370431  0.050954    0.10794383]
 [ 0.2954811   0.29911086  0.2721498   0.17155385  0.14115833]
 [ 0.26690075  0.27767855  0.2912939   0.24242957  0.0910802 ]
 [ 0.09565859  0.08076967  0.04714915 -0.03370364 -0.19166942]] 
Episode: 864: [[ 0.26174995  0.24579236  0.16915973  0.03464752  0.09346873]
 [ 0.24792095  0.23722069  0.17361434  0.05085798  0.10798665]
 [ 0.29551122  0.2991436   0.27216682  0.17156893  0.14124669]
 [ 0.26687407  0.2776492   0.2912594   0.24239859  0.09109396]
 [ 0.09562141  0.08073326  0.04713622 -0.03371888 -0.19167033]] 
Episode: 865: [[ 0.2616069   0.24564902  0.16897646  0.03446484  0.09346343]
 [ 0.24785663  0.23715898  0.17353582  0.05077621  0.10803412]
 [ 0.2955314   0.2991659   0.2721744   0.17157689  0.14132747]
 [ 0.26681837  0.2775899   0.2911891   0.24233237  0.09108309]
 [ 0.09559756  0.08071075  0.04713451 -0.0337228  -0.19165717]] 
Episode: 866: [[ 0.26147974  0.24552189  0.16881351  0.03430369  0.09346747]
 [ 0.24779606  0.23710088  0.17346208  0.05070067  0.1080822 ]
 [ 0.29554334  0.2991797   0.27217445  0.17157881  0.14140072]
 [ 0.26676738  0.2775356   0.29112533  0.24227297  0.09107207]
 [ 0.09558266  0.08069748  0.04713984 -0.03371987 -0.19163534]] 
Episode: 867: [[ 0.26134145  0.24538323  0.16863532  0.03412594  0.09346472]
 [ 0.24771574  0.2370223   0.17336129  0.05059696  0.10811851]
 [ 0.2955325   0.29917005  0.2721468   0.17155229  0.14145878]
 [ 0.26671106  0.2774757   0.2910565   0.24220891  0.09105198]
 [ 0.0955623   0.08067866  0.04713402 -0.03372914 -0.19161463]] 
Episode: 868: [[ 0.26129925  0.24534255  0.16856849  0.03405875  0.09352926]
 [ 0.2477316   0.23704213  0.1733602   0.05059242  0.10821962]
 [ 0.29558793  0.2992272   0.27222097  0.17163081  0.14155231]
 [ 0.26658762  0.27734923  0.29092723  0.24208425  0.09095795]
 [ 0.09562393  0.08074419  0.04723374 -0.03363283 -0.19153714]] 
Episode: 869: [[ 0.26126924  0.24531415  0.1685186   0.03400878  0.09359326]
 [ 0.24774434  0.23705837  0.17335793  0.05058727  0.1083103 ]
 [ 0.29564857  0.29928964  0.2723024   0.17171687  0.14164235]
 [ 0.2664976   0.2772571   0.29083917  0.2420014   0.09088529]
 [ 0.09566294  0.08078627  0.04730291 -0.03356704 -0.1914757 ]] 
Episode: 870: [[ 0.26128224  0.24532974  0.16852696  0.03401578  0.09366503]
 [ 0.24776526  0.23708263  0.17336977  0.05059351  0.10839031]
 [ 0.29574707  0.29939047  0.27243793  0.171857    0.14173132]
 [ 0.26648948  0.27724692  0.29082733  0.24199393  0.09085636]
 [ 0.0957009   0.08082719  0.0473653  -0.03351193 -0.19141461]] 
Episode: 871: [[ 0.26130202  0.24535066  0.16855411  0.03404769  0.09373015]
 [ 0.24785592  0.23717745  0.17346983  0.05068772  0.10850296]
 [ 0.29585278  0.29949754  0.27258748  0.17201468  0.14181988]
 [ 0.26640946  0.2771652   0.29074937  0.24192022  0.09075492]
 [ 0.09582699  0.08095793  0.0475261  -0.03335797 -0.19130976]] 
Episode: 872: [[ 0.2614244   0.24547386  0.16867162  0.03416874  0.09390838]
 [ 0.24803677  0.23736207  0.17364897  0.05086079  0.10868379]
 [ 0.29606286  0.2997083   0.27282473  0.17225833  0.14196672]
 [ 0.26641014  0.27716422  0.29074654  0.24192087  0.09076718]
 [ 0.0960064   0.08114289  0.04776286 -0.0331288  -0.1911799 ]] 
Episode: 873: [[ 0.26152065  0.24557085  0.16875856  0.03426024  0.0940699 ]
 [ 0.24818528  0.2375139   0.17379062  0.05099819  0.10884741]
 [ 0.29622546  0.29987103  0.27300465  0.17244558  0.14208955]
 [ 0.26638645  0.27713814  0.2907133   0.24189144  0.09076263]
 [ 0.0961594   0.08130088  0.04796407 -0.03293446 -0.19106261]] 
Episode: 874: [[ 0.2617061   0.24575895  0.16892964  0.0344347   0.09425777]
 [ 0.24841788  0.23774955  0.17400703  0.05120996  0.10906679]
 [ 0.29648617  0.30013135  0.27326894  0.17271554  0.14229687]
 [ 0.26643777  0.27718717  0.2907507   0.24193193  0.09082966]
 [ 0.09631199  0.08145729  0.04818171 -0.03271854 -0.19096944]] 
Episode: 875: [[ 0.26184368  0.24589826  0.1690446   0.03455249  0.09441728]
 [ 0.24858958  0.23792298  0.17415206  0.05135062  0.10924992]
 [ 0.29669815  0.30034247  0.27347755  0.17292966  0.14247464]
 [ 0.26649192  0.2772394   0.2907957   0.24198039  0.09089377]
 [ 0.09642781  0.0815762   0.04834787 -0.03255481 -0.19089174]] 
Episode: 876: [[ 0.2619574   0.24601358  0.16913511  0.03464565  0.09455914]
 [ 0.24872337  0.23805806  0.17425503  0.05144925  0.10940898]
 [ 0.29689503  0.30053896  0.27367356  0.17313118  0.14264034]
 [ 0.26658267  0.27732953  0.29089358  0.24208291  0.09097306]
 [ 0.09649938  0.08164988  0.04845447 -0.03245104 -0.19083561]] 
Episode: 877: [[ 0.26203158  0.24608861  0.16918163  0.03469459  0.09467975]
 [ 0.24881828  0.2381537   0.17431498  0.0515053   0.10954853]
 [ 0.2970675   0.30071092  0.27384642  0.17330968  0.1427898 ]
 [ 0.26670116  0.27744827  0.29103237  0.24222684  0.09106167]
 [ 0.09655371  0.0817061   0.04853694 -0.03237119 -0.19078352]] 
Episode: 878: [[ 0.26209688  0.24615493  0.16921887  0.0347327   0.09479657]
 [ 0.24890664  0.23824319  0.1743688   0.05155368  0.10968624]
 [ 0.29721463  0.30085728  0.27399305  0.17346153  0.14291944]
 [ 0.26682392  0.27757126  0.2911832   0.2423844   0.09114089]
 [ 0.09661672  0.08177127  0.04862806 -0.0322831  -0.19072574]] 
Episode: 879: [[ 0.26209623  0.2461512   0.16919872  0.03471914  0.09484889]
 [ 0.24892108  0.23825541  0.17435236  0.05153835  0.10976506]
 [ 0.29731914  0.3009598   0.274092    0.1735626   0.14303865]
 [ 0.26691136  0.27765742  0.2912819   0.24248083  0.09121881]
 [ 0.09678844  0.08194438  0.0488145  -0.03209972 -0.19056396]] 
Episode: 880: [[ 0.26210645  0.24615905  0.16919579  0.03472145  0.09490316]
 [ 0.24892573  0.23825791  0.17432836  0.05151461  0.1098318 ]
 [ 0.29743484  0.30107427  0.27421167  0.17368491  0.14315462]
 [ 0.26703525  0.27778137  0.29143256  0.24263112  0.09131145]
 [ 0.09692331  0.08208034  0.04895444 -0.03196429 -0.19042198]] 
Episode: 881: [[ 0.26213527  0.24618705  0.16921607  0.03474419  0.09496851]
 [ 0.2489319   0.23826294  0.17430636  0.05148994  0.10989989]
 [ 0.2975664   0.3012058   0.27435598  0.17383106  0.14327201]
 [ 0.26721263  0.27796048  0.29163533  0.24283324  0.09142303]
 [ 0.0970183   0.08217586  0.04904439 -0.03188097 -0.19030444]] 
Episode: 882: [[ 0.26214352  0.24619466  0.16920704  0.03473516  0.09502674]
 [ 0.24890697  0.23823665  0.17424226  0.05142093  0.10995448]
 [ 0.29767045  0.3013097   0.27446622  0.17394228  0.1433716 ]
 [ 0.2673765   0.27812567  0.29182848  0.24302827  0.0915153 ]
 [ 0.09710269  0.08226102  0.04912078 -0.03181228 -0.19019395]] 
Episode: 883: [[ 0.26215196  0.24620311  0.16920443  0.0347358   0.09508191]
 [ 0.24888037  0.23820932  0.17418185  0.05135857  0.11000603]
 [ 0.29779765  0.30143815  0.27461123  0.17409095  0.1434833 ]
 [ 0.26757342  0.27832502  0.2920695   0.24327062  0.09162199]
 [ 0.09715389  0.08231279  0.04915616 -0.03178417 -0.19010007]] 
Episode: 884: [[ 0.26225427  0.24630837  0.16929537  0.03482895  0.09518819]
 [ 0.24893676  0.23826805  0.17421693  0.0513911   0.11010442]
 [ 0.29800767  0.30165172  0.27484447  0.17432654  0.14363135]
 [ 0.26779443  0.2785485   0.2923535   0.2435555   0.09171785]
 [ 0.09723911  0.08239976  0.04924251 -0.03170179 -0.18998958]] 
Episode: 885: [[ 0.26235205  0.24640939  0.16938251  0.0349155   0.09529496]
 [ 0.24897604  0.23830946  0.17423147  0.0514003   0.11019475]
 [ 0.29823202  0.30188036  0.27509958  0.17458262  0.14378624]
 [ 0.26805854  0.27881646  0.29267618  0.24387857  0.09183404]
 [ 0.09729203  0.0824537   0.04928873 -0.03166161 -0.18989973]] 
Episode: 886: [[ 0.26248154  0.24654171  0.16951339  0.03504083  0.09541204]
 [ 0.24906984  0.23840573  0.17431964  0.05147882  0.1103058 ]
 [ 0.2984297   0.3020807   0.2753226   0.17480129  0.14392282]
 [ 0.2682454   0.27900547  0.2928992   0.24410233  0.09191759]
 [ 0.0974025   0.08256581  0.04941514 -0.03154204 -0.18979114]] 
Episode: 887: [[ 0.26257157  0.24663372  0.1695933   0.03510989  0.09551566]
 [ 0.2491396   0.23847757  0.1743748   0.05151906  0.11041323]
 [ 0.29859185  0.3022448   0.27550107  0.1749719   0.14404419]
 [ 0.26843554  0.27919766  0.29313165  0.2443368   0.09199651]
 [ 0.09750253  0.08266714  0.04952756 -0.03144087 -0.1896872 ]] 
Episode: 888: [[ 0.26264337  0.24670766  0.16965441  0.03516356  0.09561028]
 [ 0.2491919   0.23853204  0.17441183  0.05154475  0.11051027]
 [ 0.29872635  0.3023811   0.2756501   0.17511667  0.1441477 ]
 [ 0.268609    0.27937284  0.2933468   0.24455541  0.09206381]
 [ 0.09758636  0.08275232  0.04962062 -0.03135753 -0.18959363]] 
Episode: 889: [[ 0.26269293  0.24675979  0.16969158  0.03520011  0.09570173]
 [ 0.24923086  0.23857373  0.17443594  0.05156446  0.11060699]
 [ 0.29881525  0.3024715   0.2757466   0.17521545  0.14423068]
 [ 0.26872918  0.27949363  0.29349494  0.24470806  0.09210193]
 [ 0.0976659   0.08283347  0.04971188 -0.03127146 -0.18950464]] 
Episode: 890: [[ 0.26271692  0.24678494  0.16970319  0.03521149  0.09576873]
 [ 0.2492991   0.23864539  0.1744992   0.05162211  0.11071887]
 [ 0.29888177  0.3025389   0.27581635  0.17528655  0.14430276]
 [ 0.26879406  0.27955824  0.2935671   0.2447822   0.09211997]
 [ 0.0977804   0.08295034  0.04984993 -0.03113834 -0.18940003]] 
Episode: 891: [[ 0.26272228  0.24679007  0.16969489  0.03520749  0.09583339]
 [ 0.24941275  0.238763    0.17462502  0.05174743  0.11086027]
 [ 0.2988714   0.30252647  0.27579454  0.17527029  0.14433274]
 [ 0.26877946  0.2795436   0.2935648   0.24478205  0.0920548 ]
 [ 0.09799704  0.08317007  0.05007852 -0.0309145  -0.1892328 ]] 
Episode: 892: [[ 0.26271895  0.24678583  0.16967718  0.03519409  0.09588876]
 [ 0.24951765  0.23887116  0.17474188  0.05186437  0.11099076]
 [ 0.29884186  0.30249414  0.27574915  0.1752299   0.1443499 ]
 [ 0.26872706  0.27948993  0.29351014  0.24472818  0.09197359]
 [ 0.0982153   0.08339163  0.05031452 -0.03068195 -0.18906814]] 
Episode: 893: [[ 0.26269427  0.24676009  0.16963278  0.03515441  0.09593193]
 [ 0.24959834  0.23895484  0.17482647  0.05194861  0.11110973]
 [ 0.29885226  0.3025035   0.27575186  0.17523736  0.14439602]
 [ 0.26870802  0.27947056  0.29349858  0.2447189   0.09191832]
 [ 0.09837864  0.08355672  0.05048818 -0.03051033 -0.1889441 ]] 
Episode: 894: [[ 0.26266098  0.24672496  0.16957876  0.03510657  0.09596685]
 [ 0.24967988  0.23903887  0.17491451  0.05203867  0.11122333]
 [ 0.2988372   0.30248654  0.2757208   0.17521097  0.14443043]
 [ 0.26862612  0.27938652  0.293421    0.24464375  0.09183629]
 [ 0.09856876  0.08374938  0.05070174 -0.03029593 -0.18881053]] 
Episode: 895: [[ 0.26267856  0.24674085  0.16960074  0.03514554  0.09603769]
 [ 0.24985306  0.23921429  0.17508312  0.0522083   0.11140789]
 [ 0.29877844  0.30242345  0.2756438   0.17514719  0.144445  ]
 [ 0.26847962  0.27923825  0.29328412  0.2445094   0.09164125]
 [ 0.09885448  0.08403682  0.05099786 -0.02999939 -0.18857591]] 
Episode: 896: [[ 0.26266629  0.2467263   0.16958606  0.03514938  0.09609371]
 [ 0.2499945   0.23935744  0.17521766  0.05234724  0.11157375]
 [ 0.29870555  0.3023463   0.27554885  0.17506625  0.14445613]
 [ 0.2683195   0.2790757   0.2931221   0.24434856  0.09145285]
 [ 0.09911923  0.08430337  0.05127621 -0.02971793 -0.18835942]] 
Episode: 897: [[ 0.26265135  0.24670929  0.16956493  0.03514276  0.09615355]
 [ 0.25012702  0.2394918   0.17534237  0.05247382  0.11173746]
 [ 0.2986276   0.30226383  0.2754481   0.17497702  0.14446157]
 [ 0.2681469   0.2788995   0.292943    0.24417105  0.09125545]
 [ 0.0993601   0.08454595  0.05152976 -0.02946221 -0.18815939]] 
Episode: 898: [[ 0.26261905  0.24667448  0.16951819  0.0351075   0.09620296]
 [ 0.2502261   0.23959178  0.17542574  0.05255732  0.11187801]
 [ 0.29853877  0.3021701   0.2753337   0.17487298  0.14445484]
 [ 0.26797158  0.27871984  0.29275906  0.24399044  0.09105841]
 [ 0.09957947  0.08476703  0.05175821 -0.02923385 -0.18797268]] 
Episode: 899: [[ 0.26265046  0.24670884  0.1695573   0.03515874  0.09628228]
 [ 0.2502719   0.23963974  0.17544624  0.05257682  0.11198436]
 [ 0.29857495  0.30220127  0.27533436  0.17488208  0.14454177]
 [ 0.26788688  0.27863106  0.2926608   0.2438948   0.09100308]
 [ 0.09966107  0.08485075  0.0518588  -0.029133   -0.18790786]] 
Episode: 900: [[ 0.2626483   0.2467083   0.16954888  0.03515762  0.09634015]
 [ 0.25027576  0.23964421  0.17541201  0.05253748  0.11206258]
 [ 0.29855782  0.30217782  0.2752705   0.1748229   0.14458804]
 [ 0.267805    0.27854514  0.29256424  0.24379924  0.09094836]
 [ 0.09973658  0.08492869  0.05194556 -0.02905004 -0.18783788]] 
Episode: 901: [[ 0.26262662  0.24668775  0.169516    0.03513296  0.09638718]
 [ 0.2502541   0.23962258  0.17534801  0.05247011  0.11212631]
 [ 0.2985354   0.30214968  0.27520478  0.17476332  0.14462924]
 [ 0.267752    0.278489    0.29250684  0.24374424  0.09090776]
 [ 0.09978351  0.08497742  0.05199532 -0.0290035  -0.18778168]] 
Episode: 902: [[ 0.26262364  0.24668512  0.16950837  0.03513524  0.09644752]
 [ 0.25027028  0.23963892  0.1753375   0.05245886  0.11220972]
 [ 0.29846033  0.3020666   0.27507842  0.17464408  0.14463937]
 [ 0.26763135  0.2783657   0.292388    0.2436279   0.09080426]
 [ 0.09990609  0.08510338  0.05214426 -0.02885779 -0.18768905]] 
Episode: 903: [[ 0.26258603  0.24664724  0.16945474  0.0350894   0.09648848]
 [ 0.25023898  0.23960666  0.17526671  0.05238613  0.1122659 ]
 [ 0.29838064  0.30197975  0.27494758  0.17451933  0.14464663]
 [ 0.26757136  0.27830508  0.29234475  0.24358799  0.09074275]
 [ 0.0999906   0.08519044  0.05224295 -0.02876337 -0.18761547]] 
Episode: 904: [[ 0.26255363  0.2466145   0.16940475  0.03504077  0.09652589]
 [ 0.2502031   0.23956954  0.17518917  0.05230103  0.11231296]
 [ 0.29831752  0.30191022  0.27483875  0.17441146  0.1446551 ]
 [ 0.26754382  0.27827778  0.29234082  0.2435869   0.09070104]
 [ 0.10006262  0.0852645   0.05232511 -0.02868821 -0.1875521 ]] 
Episode: 905: [[ 0.26248387  0.2465432   0.1693067   0.03494473  0.09653526]
 [ 0.25013992  0.23950465  0.1750742   0.05217852  0.11234545]
 [ 0.2982583   0.30184525  0.2747354   0.17430943  0.14466213]
 [ 0.2675692   0.27830505  0.29240248  0.24365161  0.09069623]
 [ 0.10008585  0.08528841  0.0523439  -0.0286762  -0.1875179 ]] 
Episode: 906: [[ 0.2624165   0.24647446  0.16921274  0.03485229  0.09654709]
 [ 0.25007787  0.23944105  0.17496379  0.05206086  0.11237815]
 [ 0.29820746  0.30178928  0.2746472   0.17422287  0.14467144]
 [ 0.2676255   0.27836394  0.29250407  0.24375722  0.09070823]
 [ 0.10009556  0.08529857  0.05234497 -0.02868187 -0.18748747]] 
Episode: 907: [[ 0.26240414  0.24646251  0.16918936  0.03482578  0.09657983]
 [ 0.25005242  0.23941523  0.17490363  0.05198973  0.11241779]
 [ 0.29823625  0.30181584  0.27466258  0.17423649  0.14471775]
 [ 0.26774913  0.27848968  0.2926626   0.24391897  0.09076799]
 [ 0.10008956  0.08529247  0.05232624 -0.02870966 -0.18746929]] 
Episode: 908: [[ 0.26236516  0.24642348  0.16912887  0.03476083  0.09660514]
 [ 0.25000373  0.2393657   0.17481208  0.05188636  0.11245075]
 [ 0.29821926  0.3017957   0.27462047  0.1741919   0.14473954]
 [ 0.26783726  0.27857912  0.29277304  0.24403149  0.09081238]
 [ 0.10003544  0.08523641  0.05225115 -0.0287921  -0.18748768]] 
Episode: 909: [[ 0.26227415  0.24633083  0.16899945  0.03462377  0.09660973]
 [ 0.24996531  0.23932706  0.17473045  0.05179008  0.11250077]
 [ 0.29815835  0.30173042  0.27452266  0.17409036  0.14474139]
 [ 0.2678585   0.2785992   0.29280525  0.24406593  0.09080859]
 [ 0.10002698  0.08522777  0.05222977 -0.02882326 -0.18746917]] 
Episode: 910: [[ 0.26218113  0.2462362   0.16886747  0.03448381  0.0966111 ]
 [ 0.24991211  0.23927322  0.17463174  0.05167675  0.11253867]
 [ 0.29809478  0.30166283  0.2744232   0.17398708  0.14473955]
 [ 0.2678797   0.27861938  0.29283848  0.24410237  0.09080424]
 [ 0.10001992  0.08522063  0.05220991 -0.02885344 -0.1874503 ]] 
Episode: 911: [[ 0.26209044  0.24614389  0.1687416   0.03435103  0.09661458]
 [ 0.24986736  0.23922805  0.17454833  0.05158025  0.11258087]
 [ 0.29803908  0.3016037   0.2743363   0.17389667  0.1447458 ]
 [ 0.26792043  0.27866012  0.29289538  0.24416196  0.09081838]
 [ 0.1000369   0.08523826  0.05222322 -0.02884894 -0.18741724]] 
Episode: 912: [[ 0.26199695  0.24604848  0.16861154  0.03421438  0.09661476]
 [ 0.24981046  0.2391701   0.174451    0.05147126  0.11261223]
 [ 0.29798496  0.30154616  0.274253    0.17381057  0.1447496 ]
 [ 0.26796716  0.27870688  0.2929612   0.24423033  0.0908336 ]
 [ 0.10004351  0.08524528  0.0522223  -0.02885824 -0.1873882 ]] 
Episode: 913: [[ 0.26190278  0.24595344  0.16848704  0.03409228  0.09662211]
 [ 0.24976468  0.23912497  0.17437285  0.05138971  0.11266081]
 [ 0.2979549   0.30151427  0.27420837  0.17377123  0.1447697 ]
 [ 0.2680355   0.2787753   0.29306534  0.24434143  0.09084331]
 [ 0.09999889  0.08520032  0.05215603 -0.02892958 -0.1873793 ]] 
Episode: 914: [[ 0.26192364  0.24597412  0.16846937  0.03407598  0.09667497]
 [ 0.2497987   0.23916326  0.17439274  0.05140572  0.11274048]
 [ 0.29804406  0.3016012   0.27427167  0.17383844  0.14486982]
 [ 0.26817012  0.27890977  0.2932262   0.24450822  0.09091789]
 [ 0.09991649  0.08511664  0.0520439  -0.02904616 -0.18739568]] 
Episode: 915: [[ 0.26190114  0.24595018  0.1683976   0.03400279  0.09670787]
 [ 0.24980086  0.2391684   0.17437017  0.05137678  0.11280657]
 [ 0.2981082   0.30166304  0.2743034   0.17387074  0.14496173]
 [ 0.2682977   0.27903756  0.29337764  0.24466433  0.0909926 ]
 [ 0.09984935  0.08504876  0.05194802 -0.0291488  -0.1873975 ]] 
Episode: 916: [[ 0.26188797  0.24593616  0.16834007  0.03394129  0.09674921]
 [ 0.24979323  0.23916343  0.17433484  0.05133246  0.11287001]
 [ 0.29819068  0.30174425  0.27436513  0.17393258  0.14505938]
 [ 0.2684545   0.27919552  0.29357463  0.24486884  0.09107468]
 [ 0.09976815  0.08496641  0.0518325  -0.02927317 -0.18740432]] 
Episode: 917: [[ 0.2618616   0.24590866  0.16827092  0.0338693   0.09678346]
 [ 0.24981718  0.2391914   0.17433834  0.05132633  0.11295863]
 [ 0.29826182  0.3018138   0.27442107  0.17399     0.14514191]
 [ 0.26856083  0.2793013   0.29371184  0.24501537  0.09111591]
 [ 0.09973877  0.08493792  0.05177891 -0.0293374  -0.18737185]] 
Episode: 918: [[ 0.2618159   0.24586146  0.16818024  0.0337769   0.09680809]
 [ 0.24981421  0.23919131  0.1743103   0.05129052  0.11302907]
 [ 0.29830736  0.30185753  0.2744477   0.17401887  0.14521082]
 [ 0.26866192  0.27940214  0.2938422   0.24515449  0.09115887]
 [ 0.09970503  0.08490489  0.05172045 -0.02940532 -0.18734263]] 
Episode: 919: [[ 0.26177397  0.24581793  0.16809724  0.03369375  0.09683454]
 [ 0.24981418  0.23919381  0.17428802  0.05126254  0.11309867]
 [ 0.29834554  0.30189374  0.2744688   0.17404349  0.14527315]
 [ 0.26872528  0.27946407  0.2939249   0.2452456   0.09117691]
 [ 0.09968787  0.08488873  0.05168495 -0.0294486  -0.18730712]] 
Episode: 920: [[ 0.26172343  0.2457659   0.1680051   0.03360212  0.09686063]
 [ 0.24980414  0.23918597  0.17425488  0.05122515  0.11316288]
 [ 0.2983514   0.30189717  0.2744516   0.17403041  0.14531869]
 [ 0.26874626  0.27948248  0.29395285  0.24528158  0.09117008]
 [ 0.09968059  0.0848828   0.05166296 -0.02947772 -0.18726659]] 
Episode: 921: [[ 0.26166674  0.24570744  0.16790716  0.03350569  0.09688481]
 [ 0.24977739  0.23916055  0.17420146  0.0511687   0.11321772]
 [ 0.29835376  0.30189708  0.27443248  0.1740162   0.14536187]
 [ 0.2687785   0.27951255  0.2939975   0.2453346   0.09116777]
 [ 0.09965684  0.08485989  0.05161989 -0.02952686 -0.18723404]] 
Episode: 922: [[ 0.26159292  0.24563043  0.16780171  0.03340525  0.09686324]
 [ 0.24969603  0.23907736  0.17409125  0.05106112  0.11321045]
 [ 0.29832727  0.30186543  0.27440074  0.17399815  0.145325  ]
 [ 0.26881185  0.27954292  0.29405704  0.24540636  0.09112778]
 [ 0.09971076  0.08491969  0.05165501 -0.02950452 -0.18711273]] 
Episode: 923: [[ 0.2615935   0.24563152  0.16779011  0.0333949   0.09689185]
 [ 0.24966687  0.23904915  0.17404698  0.05101578  0.11323611]
 [ 0.2983833   0.30191997  0.27447587  0.17408474  0.14533539]
 [ 0.2689153   0.27964348  0.29417804  0.24553795  0.09112604]
 [ 0.09973846  0.0849521   0.05165934 -0.02951498 -0.18701422]] 
Episode: 924: [[ 0.2615695   0.24560736  0.16774462  0.03334848  0.09690695]
 [ 0.24963237  0.2390155   0.17399153  0.05095696  0.11326014]
 [ 0.298406    0.30194053  0.27450562  0.17412332  0.1453302 ]
 [ 0.2689989   0.27972406  0.29427564  0.24564597  0.09111583]
 [ 0.09977794  0.08499634  0.05167992 -0.0295091  -0.1869167 ]] 
Episode: 925: [[ 0.2615142   0.24555121  0.16765942  0.03326355  0.09690771]
 [ 0.24955708  0.23893978  0.17388369  0.05084694  0.113263  ]
 [ 0.29841512  0.3019477   0.27451774  0.17414524  0.14532326]
 [ 0.26910108  0.2798245   0.29440042  0.24578208  0.09112243]
 [ 0.0997848   0.08500685  0.05165917 -0.02954383 -0.18683958]] 
Episode: 926: [[ 0.26145068  0.24548692  0.16756855  0.03317455  0.096904  ]
 [ 0.24945876  0.2388403   0.17375116  0.05071392  0.11325064]
 [ 0.29843804  0.30196977  0.27455002  0.17418817  0.14532907]
 [ 0.2692444   0.2799681   0.29458013  0.24597158  0.09116026]
 [ 0.09975611  0.08498055  0.05159539 -0.02962108 -0.18678509]] 
Episode: 927: [[ 0.26139396  0.24542966  0.16748233  0.03308428  0.09690578]
 [ 0.24934725  0.23872694  0.17359948  0.05055637  0.11322787]
 [ 0.2984625   0.30199355  0.2745812   0.17422426  0.1453385 ]
 [ 0.26939675  0.28012154  0.29477245  0.24617279  0.09120962]
 [ 0.09972756  0.08495397  0.05153183 -0.02970138 -0.18673554]] 
Episode: 928: [[ 0.26130956  0.24534376  0.16736081  0.03295899  0.09689187]
 [ 0.24921912  0.23859625  0.17342591  0.05037755  0.11319536]
 [ 0.29846567  0.30199558  0.27458367  0.1742312   0.14534028]
 [ 0.26953843  0.28026432  0.2949511   0.2463595   0.09125834]
 [ 0.09968051  0.08490819  0.05144544 -0.02980336 -0.18669914]] 
Episode: 929: [[ 0.26134062  0.24537316  0.16734615  0.03294018  0.09699486]
 [ 0.24918474  0.23856422  0.1733604   0.0503065   0.11323516]
 [ 0.2985127   0.30204394  0.274644    0.17429891  0.14537407]
 [ 0.26971757  0.2804458   0.2951793   0.24659453  0.09131951]
 [ 0.09965667  0.08488645  0.05139328 -0.029867   -0.18665354]] 
Episode: 930: [[ 0.26142356  0.24545658  0.1674078   0.03300549  0.09713045]
 [ 0.24917334  0.23855563  0.17333338  0.05028212  0.11328879]
 [ 0.29861474  0.30214888  0.2747792   0.17444706  0.1454445 ]
 [ 0.26990214  0.28063264  0.29542     0.24684334  0.09137858]
 [ 0.09963702  0.08486874  0.05135378 -0.0299118  -0.18661225]] 
Episode: 931: [[ 0.26149195  0.24552499  0.16745476  0.03305539  0.09725172]
 [ 0.24916169  0.23854636  0.17330569  0.0502561   0.11334114]
 [ 0.29868412  0.30221984  0.27487314  0.17455259  0.14549491]
 [ 0.2700394   0.2807707   0.29560062  0.24703142  0.09141033]
 [ 0.09962856  0.08486237  0.05132884 -0.02994192 -0.18656628]] 
Episode: 932: [[ 0.26154178  0.24557419  0.16747972  0.03308137  0.09735958]
 [ 0.24915037  0.23853694  0.17327783  0.05022852  0.11339233]
 [ 0.29871866  0.30225474  0.27492073  0.17460941  0.14552753]
 [ 0.2701267   0.28085732  0.29571557  0.24715237  0.09141523]
 [ 0.09964625  0.08488271  0.05133759 -0.02993823 -0.18650697]] 
Episode: 933: [[ 0.2615783   0.24560972  0.16749103  0.03309323  0.09745248]
 [ 0.24913761  0.23852567  0.17324907  0.05019993  0.11343735]
 [ 0.2987486   0.30228496  0.27496046  0.17465678  0.1455593 ]
 [ 0.27020514  0.28093532  0.29581642  0.24725734  0.09142438]
 [ 0.09966104  0.08489978  0.05134507 -0.02993473 -0.18645564]] 
Episode: 934: [[ 0.26159194  0.24562173  0.16747676  0.03308004  0.09752739]
 [ 0.24911565  0.23850463  0.17320913  0.05016062  0.1134757 ]
 [ 0.29875916  0.3022951   0.27497563  0.17467944  0.14557981]
 [ 0.27025887  0.28098798  0.29588538  0.24732989  0.0914214 ]
 [ 0.09967406  0.08491484  0.05135164 -0.02993095 -0.1864082 ]] 
Episode: 935: [[ 0.26159748  0.24562576  0.16745222  0.03305267  0.09759428]
 [ 0.24906096  0.23844945  0.17312892  0.05007828  0.11348719]
 [ 0.2987734   0.3023095   0.27498993  0.17469637  0.14560935]
 [ 0.27031904  0.28104782  0.2959594   0.24740566  0.09143225]
 [ 0.09966947  0.08491142  0.05133801 -0.02994832 -0.18637928]] 
Episode: 936: [[ 0.2615849   0.24561197  0.16740768  0.03300552  0.09765331]
 [ 0.24899314  0.23838122  0.17303231  0.04997943  0.11349625]
 [ 0.2987838   0.30232063  0.27499974  0.17470893  0.14564212]
 [ 0.2703953   0.28112456  0.2960576   0.24750747  0.09145318]
 [ 0.09964937  0.08489208  0.05130511 -0.02998503 -0.18635844]] 
Episode: 937: [[ 0.2615684   0.24559487  0.16735984  0.03295547  0.09771086]
 [ 0.24892023  0.23830825  0.17292829  0.04987298  0.11350566]
 [ 0.29879916  0.30233714  0.2750185   0.1747321   0.14567433]
 [ 0.27049232  0.28122264  0.29618886  0.24764566  0.09147899]
 [ 0.09961567  0.08485901  0.05125236 -0.03004272 -0.18634138]] 
Episode: 938: [[ 0.26155606  0.24558191  0.1673211   0.03291687  0.09777183]
 [ 0.24887095  0.23825929  0.17285655  0.04980109  0.11353077]
 [ 0.29879075  0.3023289   0.27500814  0.17472677  0.1456959 ]
 [ 0.27053002  0.28125966  0.296241    0.24770263  0.09147239]
 [ 0.09964006  0.08488543  0.05127772 -0.03001908 -0.186294  ]] 
Episode: 939: [[ 0.2615292   0.24555407  0.16726503  0.03286035  0.09782503]
 [ 0.24880983  0.23819791  0.17276981  0.04971364  0.1135501 ]
 [ 0.29877636  0.30231437  0.27499044  0.17471364  0.14571466]
 [ 0.27056444  0.2812933   0.29628938  0.24775602  0.09146523]
 [ 0.0996602   0.08490726  0.05129796 -0.03000117 -0.1862499 ]] 
Episode: 940: [[ 0.26148573  0.24550934  0.16718918  0.03278518  0.09786894]
 [ 0.24873775  0.23812531  0.17266901  0.04961325  0.11356499]
 [ 0.29875386  0.30229154  0.27496317  0.17469223  0.1457294 ]
 [ 0.27059472  0.28132266  0.29633453  0.24780698  0.09145381]
 [ 0.09966546  0.08491393  0.05129819 -0.03000301 -0.1862115 ]] 
Episode: 941: [[ 0.2614308   0.24545334  0.16710098  0.03269864  0.09790653]
 [ 0.24863864  0.23802501  0.17253558  0.04948102  0.11356385]
 [ 0.29872745  0.30226505  0.27493235  0.17466845  0.14574286]
 [ 0.2706582   0.28138658  0.296423    0.24790218  0.09146775]
 [ 0.09963308  0.08488189  0.05125073 -0.03005285 -0.18619488]] 
Episode: 942: [[ 0.26132536  0.24534518  0.16694897  0.03254786  0.09791466]
 [ 0.24851513  0.23789945  0.17236821  0.04931427  0.11355384]
 [ 0.29866207  0.30219832  0.27485025  0.17459264  0.1457366 ]
 [ 0.27070585  0.28143406  0.29649195  0.2479778   0.09147086]
 [ 0.09958372  0.08483235  0.0511807  -0.03012517 -0.18618712]] 
Episode: 943: [[ 0.26120397  0.24522007  0.16678113  0.03238293  0.09790292]
 [ 0.24838947  0.23777118  0.17220032  0.04914826  0.11353575]
 [ 0.2985935   0.30212796  0.27476522  0.17451483  0.14572461]
 [ 0.27074766  0.28147554  0.29655364  0.24804664  0.09147193]
 [ 0.09953282  0.08478114  0.05110857 -0.03019948 -0.18618096]] 
Episode: 944: [[ 0.2610604   0.24507229  0.16658527  0.03219157  0.09788541]
 [ 0.24824929  0.23762795  0.17201442  0.04896641  0.11351442]
 [ 0.29849994  0.302032    0.27464747  0.17440522  0.14570522]
 [ 0.27075863  0.28148526  0.29657337  0.24807203  0.09145865]
 [ 0.09948022  0.08472814  0.05103649 -0.03027121 -0.18617664]] 
Episode: 945: [[ 0.26095897  0.24496879  0.16644517  0.0320571   0.09789391]
 [ 0.24813493  0.23751187  0.17186368  0.04882059  0.11350722]
 [ 0.29844138  0.30197248  0.27457723  0.17434448  0.14570375]
 [ 0.270792    0.28151828  0.29662383  0.24812916  0.09145848]
 [ 0.09941556  0.08466268  0.05095194 -0.03035492 -0.18618394]] 
Episode: 946: [[ 0.26084164  0.24484876  0.16628453  0.0319015   0.09789287]
 [ 0.2480103   0.23738512  0.17169823  0.04865942  0.11349612]
 [ 0.29836172  0.30189082  0.27448133  0.17425731  0.14568597]
 [ 0.27079427  0.28151843  0.29664108  0.24815516  0.0914231 ]
 [ 0.09936468  0.08461201  0.050878   -0.03043219 -0.18616979]] 
Episode: 947: [[ 0.26073676  0.24474153  0.16613908  0.03175949  0.09790304]
 [ 0.24791986  0.23729396  0.17157143  0.04853322  0.11351629]
 [ 0.29824868  0.30177402  0.27435103  0.17413747  0.14563444]
 [ 0.2707494   0.28146854  0.2966132   0.24814248  0.09132183]
 [ 0.09935423  0.08460344  0.05084883 -0.03046878 -0.18611856]] 
Episode: 948: [[ 0.26061475  0.24461694  0.16597249  0.03159403  0.09789863]
 [ 0.24780335  0.23717605  0.1714112   0.04837132  0.11351807]
 [ 0.29816017  0.3016831   0.27424717  0.17404088  0.14560455]
 [ 0.27075452  0.28147095  0.29664564  0.24818845  0.09126604]
 [ 0.09929922  0.08454902  0.05076209 -0.03056422 -0.18609418]] 
Episode: 949: [[ 0.26048255  0.24448264  0.16579084  0.03140983  0.09789492]
 [ 0.24766663  0.23703793  0.17122148  0.04817567  0.11351624]
 [ 0.29809612  0.30161756  0.27417797  0.17397927  0.14558356]
 [ 0.2708335   0.28154725  0.29674283  0.2482974   0.09125431]
 [ 0.0991687   0.08441723  0.05057806 -0.03075573 -0.1861062 ]] 
Episode: 950: [[ 0.2603614   0.2443599   0.16562541  0.03124335  0.09789237]
 [ 0.24753179  0.23690186  0.17103498  0.04798409  0.11351231]
 [ 0.29803517  0.30155528  0.2741147   0.17392503  0.14555992]
 [ 0.27095285  0.2816655   0.29689738  0.24846293  0.09126846]
 [ 0.09902494  0.08427189  0.05037651 -0.03096534 -0.186127  ]] 
Episode: 951: [[ 0.26022196  0.2442201   0.16543546  0.03105177  0.09788125]
 [ 0.24736148  0.23673078  0.17080045  0.0477429   0.11349138]
 [ 0.2979875   0.3015081   0.27406907  0.17389008  0.1455433 ]
 [ 0.2711345   0.2818459   0.2971043   0.24867932  0.09136056]
 [ 0.09879565  0.08403913  0.05008969 -0.03125906 -0.18619636]] 
Episode: 952: [[ 0.26007888  0.24407648  0.1652434   0.03085998  0.09786417]
 [ 0.24718703  0.2365553   0.1705629   0.04750058  0.1134644 ]
 [ 0.29794493  0.30146626  0.27402973  0.1738623   0.14553119]
 [ 0.27132404  0.28203508  0.29732612  0.24891128  0.09145879]
 [ 0.0985578   0.08379745  0.04979087 -0.03156434 -0.18627378]] 
Episode: 953: [[ 0.2599189   0.24391498  0.1650285   0.03064507  0.09784476]
 [ 0.24701382  0.23638049  0.17032737  0.04726141  0.1134419 ]
 [ 0.2978561   0.30137643  0.2739286   0.17377111  0.14550115]
 [ 0.27142024  0.28213117  0.29745775  0.2490524   0.09150303]
 [ 0.09837159  0.08360858  0.04955884 -0.03180033 -0.18632406]] 
Episode: 954: [[ 0.2597219   0.24371518  0.16476591  0.03038211  0.09780832]
 [ 0.24683039  0.23619522  0.1700751   0.04700484  0.11342326]
 [ 0.297735    0.30125344  0.27378377  0.17363535  0.14545912]
 [ 0.2714791   0.28218865  0.29754362  0.24914795  0.09151794]
 [ 0.09822309  0.08345864  0.04937027 -0.03199321 -0.18634722]] 
Episode: 955: [[ 0.25954643  0.24353734  0.16453224  0.03014922  0.09778915]
 [ 0.24668115  0.23604488  0.16986936  0.04679674  0.11342589]
 [ 0.29760116  0.30111694  0.27362424  0.17348512  0.14541186]
 [ 0.27149037  0.28219718  0.29756618  0.24917842  0.09150489]
 [ 0.09811886  0.08335386  0.04924142 -0.03212363 -0.1863491 ]] 
Episode: 956: [[ 0.2593228   0.24330975  0.16423456  0.02984628  0.09773822]
 [ 0.24648765  0.23584864  0.16960306  0.04652126  0.11340085]
 [ 0.2974574   0.30097035  0.2734465   0.17331122  0.14535996]
 [ 0.27150005  0.28220382  0.2975926   0.24921547  0.09147751]
 [ 0.09803671  0.08327191  0.04913348 -0.03223924 -0.18633391]] 
Episode: 957: [[ 0.25912857  0.2431123   0.16397591  0.02958315  0.09769684]
 [ 0.24631526  0.23567384  0.16936624  0.04627629  0.11337871]
 [ 0.2973368   0.3008475   0.273298    0.17316663  0.14531854]
 [ 0.2715166   0.28221795  0.29762635  0.24925897  0.09145874]
 [ 0.09795544  0.08319053  0.04902808 -0.03235153 -0.18632624]] 
Episode: 958: [[ 0.2589422   0.24292174  0.16372614  0.02932773  0.09766121]
 [ 0.2461977   0.23555467  0.16919957  0.04610242  0.11338776]
 [ 0.29719362  0.30070058  0.27311733  0.17298679  0.14526889]
 [ 0.27145705  0.28215653  0.2975887   0.2492305   0.09135703]
 [ 0.09796706  0.08320433  0.04903946 -0.03234668 -0.18626902]] 
Episode: 959: [[ 0.25880283  0.242779    0.16353975  0.02913985  0.09764818]
 [ 0.24614538  0.23550215  0.1691223   0.04602372  0.11342542]
 [ 0.29704565  0.30054814  0.27293134  0.17280278  0.14521493]
 [ 0.2713292   0.28202724  0.29748693  0.24913739  0.09120976]
 [ 0.0980506   0.08329146  0.0491509  -0.03223698 -0.18618469]] 
Episode: 960: [[ 0.25869027  0.24266319  0.16338931  0.02898824  0.0976441 ]
 [ 0.24612728  0.23548417  0.1690929   0.04599449  0.11347211]
 [ 0.29689333  0.30039075  0.2727384   0.17260975  0.14515816]
 [ 0.27113998  0.28183702  0.29732752  0.24898615  0.09103864]
 [ 0.09817075  0.08341572  0.04931371 -0.03207259 -0.18608913]] 
Episode: 961: [[ 0.25860173  0.24257162  0.1632719   0.02887146  0.09765024]
 [ 0.24613631  0.23549382  0.16910055  0.04600446  0.11353166]
 [ 0.29673138  0.30022296  0.2725351   0.17240694  0.14509276]
 [ 0.27090484  0.28159884  0.29711634  0.24878271  0.09084838]
 [ 0.0983194   0.08356908  0.04951594 -0.03186532 -0.18598278]] 
Episode: 962: [[ 0.2584796   0.24244541  0.16310558  0.02869973  0.09764937]
 [ 0.2461099   0.23546672  0.16905807  0.04595887  0.11358045]
 [ 0.29653102  0.30001554  0.27227825  0.17214558  0.14501402]
 [ 0.2706432   0.2813325   0.29686064  0.24853234  0.0906441 ]
 [ 0.09847592  0.08373053  0.04972517 -0.03165344 -0.18586709]] 
Episode: 963: [[ 0.25845867  0.24242318  0.16305166  0.02864007  0.09771585]
 [ 0.24615228  0.23551023  0.16910347  0.04599961  0.11367734]
 [ 0.29630357  0.2997779   0.27200934  0.17187952  0.14488605]
 [ 0.27033383  0.28101915  0.29656294  0.24823982  0.09033632]
 [ 0.09868915  0.08395081  0.04999733 -0.03138354 -0.18569812]] 
Episode: 964: [[ 0.25840807  0.24237086  0.16295868  0.02854095  0.0977742 ]
 [ 0.24617095  0.2355299   0.1691138   0.04600456  0.11377304]
 [ 0.29607433  0.29953894  0.27173534  0.1716085   0.14476484]
 [ 0.2700562   0.28073755  0.29630163  0.24798556  0.09004907]
 [ 0.09888779  0.08415639  0.05024735 -0.03113609 -0.18553165]] 
Episode: 965: [[ 0.2583863   0.24234909  0.16289863  0.02847197  0.09785748]
 [ 0.24619886  0.23555939  0.16913633  0.04602059  0.11387131]
 [ 0.2958464   0.2993018   0.27146173  0.1713363   0.1446459 ]
 [ 0.26979142  0.2804687   0.29604834  0.24773902  0.08977827]
 [ 0.09906211  0.08433688  0.05046649 -0.03092105 -0.18538237]] 
Episode: 966: [[ 0.2583444   0.24230658  0.16281399  0.02837827  0.09792995]
 [ 0.24619964  0.23556066  0.1691249   0.04600246  0.11395241]
 [ 0.29562873  0.2990754   0.2712002   0.17107667  0.14453548]
 [ 0.26956055  0.28023425  0.29583362  0.24753264  0.08953363]
 [ 0.09921058  0.08449088  0.0506475  -0.03074696 -0.18523887]] 
Episode: 967: [[ 0.25825754  0.24221748  0.16267443  0.02822825  0.09797141]
 [ 0.24613993  0.23549896  0.16903874  0.04590854  0.11399145]
 [ 0.295381    0.29881784  0.2709008   0.1707777   0.14440519]
 [ 0.26933408  0.28000337  0.29562113  0.24732958  0.08929106]
 [ 0.0993411   0.08462676  0.05079924 -0.03060655 -0.18509641]] 
Episode: 968: [[ 0.25819108  0.2421494   0.16256496  0.02811282  0.09801782]
 [ 0.2461046   0.23546244  0.16898681  0.04585326  0.11403733]
 [ 0.29514456  0.2985721   0.27061543  0.17049538  0.14428174]
 [ 0.2690934   0.27975756  0.29537952  0.24709542  0.0890548 ]
 [ 0.09951422  0.08480629  0.05101021 -0.03040211 -0.18494007]] 
Episode: 969: [[ 0.25813764  0.24209484  0.16247508  0.02801774  0.0980643 ]
 [ 0.24606697  0.23542362  0.168933    0.04579607  0.11407629]
 [ 0.29495394  0.29837385  0.27038848  0.17027229  0.14418232]
 [ 0.26892254  0.27958363  0.29522538  0.2469511   0.0888661 ]
 [ 0.09965955  0.08495707  0.051187   -0.03023163 -0.18480466]] 
Episode: 970: [[ 0.25818995  0.24214993  0.16248983  0.02802692  0.09815529]
 [ 0.24610366  0.23546204  0.16897611  0.04583518  0.11414322]
 [ 0.29490238  0.2983147   0.27029023  0.17017657  0.14419919]
 [ 0.26884326  0.2795013   0.2951546   0.24688876  0.08878899]
 [ 0.09978572  0.08508735  0.05134872 -0.03007594 -0.18470122]] 
Episode: 971: [[ 0.25834528  0.24230736  0.16259836  0.02812955  0.09833462]
 [ 0.2462401   0.23559988  0.1691061   0.04596063  0.11428208]
 [ 0.29497507  0.2983798   0.27030718  0.17019485  0.14429277]
 [ 0.26884624  0.27950123  0.29515877  0.2469001   0.08876338]
 [ 0.10001701  0.08532157  0.05159949 -0.02983097 -0.18451342]] 
Episode: 972: [[ 0.25859275  0.24255632  0.1627909   0.02831592  0.09856374]
 [ 0.2464542   0.23582004  0.16931397  0.04616348  0.11447288]
 [ 0.2951587   0.29855594  0.27042726  0.1703152   0.14447777]
 [ 0.2689231   0.27957508  0.29523027  0.24697766  0.08886492]
 [ 0.10034216  0.08564857  0.0519299  -0.02950614 -0.18420307]] 
Episode: 973: [[ 0.2588492   0.24281654  0.16300307  0.02852264  0.0987911 ]
 [ 0.24663663  0.23600832  0.1694874   0.04633201  0.11463264]
 [ 0.29539415  0.29878822  0.270621    0.17051113  0.14469045]
 [ 0.26906633  0.2797153   0.2953623   0.24711473  0.08903201]
 [ 0.10067625  0.0859857   0.05228251 -0.0291577  -0.18390737]] 
Episode: 974: [[ 0.25904977  0.24302025  0.16315523  0.02867469  0.0989956 ]
 [ 0.24672645  0.23610106  0.1695522   0.04639663  0.11474162]
 [ 0.29556754  0.2989576   0.27075252  0.17065136  0.14486253]
 [ 0.26922634  0.27987316  0.29552802  0.24728955  0.08919524]
 [ 0.10091719  0.08622818  0.05252134 -0.02892252 -0.18366393]] 
Episode: 975: [[ 0.25928017  0.24325618  0.16336119  0.02888566  0.09921087]
 [ 0.2468449   0.23622444  0.16966267  0.04651046  0.11486395]
 [ 0.295772    0.29916045  0.27094233  0.17085598  0.14503732]
 [ 0.26943946  0.28008655  0.29574478  0.24751407  0.08937249]
 [ 0.10117061  0.08648449  0.05278543 -0.02865985 -0.18342368]] 
Episode: 976: [[ 0.25945246  0.2434324   0.1635003   0.02902657  0.09938791]
 [ 0.24691796  0.23630087  0.16971742  0.04656543  0.114959  ]
 [ 0.29594237  0.2993291   0.27109444  0.17101984  0.14519057]
 [ 0.2696512   0.28029928  0.29596615  0.24774337  0.08954599]
 [ 0.10136853  0.08668412  0.05298291 -0.02846609 -0.18322152]] 
Episode: 977: [[ 0.2595709   0.24355346  0.16357899  0.02910799  0.09952976]
 [ 0.24696296  0.2363485   0.16973943  0.04658842  0.11503764]
 [ 0.29608652  0.29947168  0.27121904  0.17115614  0.14532834]
 [ 0.26983845  0.2804873   0.2961611   0.24794598  0.08970167]
 [ 0.10153174  0.08684848  0.05314104 -0.02831162 -0.18304554]] 
Episode: 978: [[ 0.2597012   0.24368684  0.16368313  0.02921502  0.09967499]
 [ 0.24702607  0.23641486  0.1697888   0.04663761  0.1151292 ]
 [ 0.29619947  0.2995824   0.27131584  0.1712645   0.14543836]
 [ 0.26999202  0.28064066  0.29632288  0.24811758  0.0898205 ]
 [ 0.10169456  0.08701319  0.05329963 -0.02816002 -0.18286633]] 
Episode: 979: [[ 0.2598724   0.24386312  0.16384938  0.02938781  0.09983744]
 [ 0.24712706  0.23652074  0.16989322  0.0467451   0.11523619]
 [ 0.2963551   0.2997379   0.27147716  0.1714404   0.14556332]
 [ 0.27016616  0.28081575  0.29652008  0.24832709  0.08994137]
 [ 0.10185774  0.08717841  0.05346836 -0.02799518 -0.18270162]] 
Episode: 980: [[ 0.2600042   0.24399848  0.16397025  0.0295131   0.09997428]
 [ 0.24720018  0.23659742  0.16996433  0.04681772  0.11532596]
 [ 0.296474    0.29985595  0.271594    0.17156896  0.14566828]
 [ 0.27029824  0.28094772  0.29666612  0.24848422  0.0900326 ]
 [ 0.10201243  0.08733511  0.05362792 -0.02784127 -0.1825433 ]] 
Episode: 981: [[ 0.26009133  0.24408841  0.1640369   0.02958274  0.10008504]
 [ 0.24723113  0.2366309   0.1699818   0.04683538  0.11539228]
 [ 0.29657063  0.2999519   0.27168512  0.17167094  0.14576034]
 [ 0.27045017  0.2811007   0.29684165  0.24867167  0.0901363 ]
 [ 0.10211939  0.08744317  0.05372845 -0.02774732 -0.18241571]] 
Episode: 982: [[ 0.26026908  0.24427111  0.16419168  0.02973929  0.10024094]
 [ 0.24736227  0.2367641   0.17008846  0.04694127  0.11551891]
 [ 0.29668427  0.30006504  0.27181083  0.17180939  0.14584756]
 [ 0.2705165   0.28116497  0.2969317   0.24877284  0.09015895]
 [ 0.10231428  0.08764201  0.05392393 -0.02755814 -0.1822347 ]] 
Episode: 983: [[ 0.26050755  0.2445173   0.16442494  0.02996556  0.10045375]
 [ 0.24756569  0.23697366  0.17027508  0.04712178  0.11571984]
 [ 0.29690462  0.30028418  0.27202827  0.17203732  0.1460153 ]
 [ 0.2706504   0.2812967   0.2970805   0.2489312   0.09018546]
 [ 0.10251226  0.08784458  0.05412361 -0.02737227 -0.18204139]] 
Episode: 984: [[ 0.26074952  0.24476735  0.1646694   0.03020564  0.10066886]
 [ 0.24778935  0.2372042   0.17049709  0.0473412   0.11592542]
 [ 0.29711524  0.30049425  0.2722403   0.17226054  0.14617778]
 [ 0.27075323  0.28139725  0.29718956  0.24904801  0.09020124]
 [ 0.10270856  0.08804511  0.05433328 -0.02717126 -0.18186674]] 
Episode: 985: [[ 0.2609571   0.24498193  0.16487779  0.03041153  0.1008591 ]
 [ 0.24797799  0.2373987   0.17068115  0.04752378  0.11610731]
 [ 0.29731295  0.30069166  0.27244338  0.17247574  0.14632979]
 [ 0.2708664   0.28150877  0.29731727  0.24918462  0.09022436]
 [ 0.10286849  0.08820853  0.05450001 -0.02701248 -0.18171534]] 
Episode: 986: [[ 0.26120746  0.24524185  0.16514455  0.03067685  0.10108227]
 [ 0.24817435  0.23760264  0.17087626  0.04771521  0.11630469]
 [ 0.2976084   0.3009861   0.27273014  0.17277244  0.14653619]
 [ 0.2710424   0.281683    0.29749992  0.24937488  0.0903195 ]
 [ 0.10302526  0.0883693   0.05466395 -0.02685965 -0.18156265]] 
Episode: 987: [[ 0.26142842  0.2454721   0.16537496  0.03090723  0.10129312]
 [ 0.24833123  0.23776624  0.17102526  0.04786246  0.11647706]
 [ 0.29785243  0.3012289   0.2729621   0.17301637  0.14671004]
 [ 0.27120107  0.28183997  0.29766786  0.24955216  0.09040185]
 [ 0.10315813  0.08850575  0.05480079 -0.02673206 -0.18142894]] 
Episode: 988: [[ 0.2615888   0.24563952  0.16553302  0.03106147  0.10145703]
 [ 0.2484232   0.2378625   0.1710959   0.04792728  0.11660232]
 [ 0.29807428  0.30144984  0.2731697   0.17323096  0.14687188]
 [ 0.27137938  0.28201792  0.29786277  0.24975517  0.09050357]
 [ 0.10327459  0.08862511  0.05491811 -0.02662713 -0.18130931]] 
Episode: 989: [[ 0.2617158   0.24577148  0.16565382  0.03117695  0.10159788]
 [ 0.24851449  0.23795713  0.17117141  0.04799667  0.11672303]
 [ 0.29824167  0.30161488  0.27331463  0.17337988  0.1470029 ]
 [ 0.27146542  0.28210396  0.29797024  0.24987036  0.09052159]
 [ 0.1034325   0.08878707  0.0550901  -0.02646601 -0.18116307]] 
Episode: 990: [[ 0.26184362  0.24590437  0.16577879  0.03129691  0.1017357 ]
 [ 0.24860962  0.23805591  0.17125419  0.04807337  0.11684311]
 [ 0.29841125  0.30178276  0.27347165  0.17354228  0.147128  ]
 [ 0.2715656   0.28220454  0.29810128  0.2500113   0.09054371]
 [ 0.10355908  0.08891693  0.05522402 -0.02634294 -0.18103889]] 
Episode: 991: [[ 0.26196975  0.2460355   0.16590828  0.0314254   0.1018647 ]
 [ 0.24870698  0.238157    0.17134573  0.04816195  0.11695741]
 [ 0.29857516  0.30194533  0.27363256  0.17371203  0.14724162]
 [ 0.27169743  0.28233784  0.29827744  0.2501999   0.09058622]
 [ 0.10366899  0.08902997  0.05533668 -0.02624128 -0.18092361]] 
Episode: 992: [[ 0.26206675  0.24613714  0.16600248  0.03151792  0.10197429]
 [ 0.248768    0.23822106  0.17139295  0.04820516  0.1170472 ]
 [ 0.29872885  0.30209842  0.27378488  0.17387263  0.14734878]
 [ 0.2718667   0.28250992  0.29850367  0.25043693  0.0906541 ]
 [ 0.10372804  0.08909094  0.05538672 -0.026203   -0.1808425 ]] 
Episode: 993: [[ 0.26212758  0.24620101  0.16604984  0.03156267  0.10206436]
 [ 0.24882291  0.23827852  0.17143041  0.04823801  0.11713712]
 [ 0.2988157   0.3021828   0.27385482  0.17394878  0.1474167 ]
 [ 0.27194464  0.2825907   0.2986394   0.25058278  0.09065847]
 [ 0.10382781  0.08919378  0.05548757 -0.0261123  -0.18073593]] 
Episode: 994: [[ 0.26215106  0.24622637  0.16605128  0.03156042  0.10213166]
 [ 0.24884719  0.23830438  0.17143048  0.04823266  0.11720847]
 [ 0.2988704   0.30223465  0.27388683  0.17398554  0.14746755]
 [ 0.2720106   0.282659    0.2987562   0.25070885  0.09065977]
 [ 0.10390692  0.08927544  0.05556328 -0.02604654 -0.18064247]] 
Episode: 995: [[ 0.2621496   0.24622566  0.16602395  0.03152954  0.10218094]
 [ 0.24885915  0.23831722  0.17141804  0.04821573  0.1172694 ]
 [ 0.29889616  0.30225697  0.27388477  0.17398694  0.1475027 ]
 [ 0.27203688  0.28268632  0.29881647  0.25077528  0.09064168]
 [ 0.10399026  0.08936141  0.05564722 -0.02597031 -0.18054964]] 
Episode: 996: [[ 0.26211053  0.24618644  0.1659513   0.03145567  0.10221142]
 [ 0.24884717  0.23830543  0.17137957  0.0481764   0.11731587]
 [ 0.29888505  0.3022421   0.27383822  0.17394456  0.14752251]
 [ 0.27202618  0.28267574  0.29882243  0.25078434  0.09061009]
 [ 0.10406702  0.08944055  0.05572764 -0.02589371 -0.18046547]] 
Episode: 997: [[ 0.26205215  0.24612685  0.16585939  0.03136419  0.10222634]
 [ 0.24884343  0.23830202  0.17135444  0.04815214  0.11736821]
 [ 0.29883996  0.30219248  0.2737523   0.17386244  0.14752345]
 [ 0.27198395  0.28263286  0.29877996  0.25074142  0.09056975]
 [ 0.1041524   0.08952811  0.05582609 -0.0257958  -0.180386  ]] 
Episode: 998: [[ 0.2619857   0.24605936  0.16575761  0.03125811  0.10223866]
 [ 0.24884962  0.23830935  0.17134039  0.04813386  0.11743224]
 [ 0.29879254  0.30214098  0.27366596  0.17377517  0.14752428]
 [ 0.27202034  0.28266832  0.29880956  0.25077015  0.09060872]
 [ 0.10419589  0.08957253  0.05587415 -0.02575254 -0.1803339 ]] 
Episode: 999: [[ 0.26189306  0.24596445  0.16562071  0.03111372  0.10223476]
 [ 0.24884301  0.23830308  0.17130867  0.04809542  0.11748746]
 [ 0.29871997  0.30206355  0.27354714  0.17365247  0.14751104]
 [ 0.27200967  0.2826552   0.2987805   0.2507394   0.09061285]
 [ 0.10424762  0.08962545  0.0559304  -0.0257024  -0.18027453]] 
Episode: 1000: [[ 0.26191863  0.24598746  0.16559286  0.03107823  0.10233669]
 [ 0.24894108  0.23840117  0.17137156  0.04815135  0.11762905]
 [ 0.29876292  0.3021049   0.27354524  0.1736461   0.14755467]
 [ 0.27198073  0.28262267  0.2987425   0.25070703  0.09057793]
 [ 0.10438161  0.08976296  0.05608675 -0.02555199 -0.18016547]] 
Episode: 1001: [[ 0.26195624  0.2460232   0.16558678  0.03106671  0.10244279]
 [ 0.24903302  0.23849307  0.17143546  0.0482108   0.11775958]
 [ 0.2988036   0.302144    0.27354792  0.1736461   0.14759624]
 [ 0.2719315   0.28256926  0.29868013  0.25064996  0.09052689]
 [ 0.10451896  0.08990401  0.05624834 -0.0253954  -0.18005322]] 
Episode: 1002: [[ 0.26204145  0.2461083   0.16564532  0.0311163   0.10257813]
 [ 0.24915248  0.2386139   0.1715356   0.04830097  0.11791222]
 [ 0.2988936   0.30223384  0.2736202   0.17371425  0.14766677]
 [ 0.27192804  0.2825628   0.29868558  0.250666    0.09049203]
 [ 0.10466326  0.09005179  0.05642159 -0.0252298  -0.17994072]] 
Episode: 1003: [[ 0.26212275  0.24618916  0.16570519  0.03116989  0.1027042 ]
 [ 0.24928205  0.23874496  0.17165583  0.04841488  0.11806307]
 [ 0.29895276  0.3022918   0.2736584   0.17374924  0.14771768]
 [ 0.27185345  0.28248313  0.29862273  0.2506131   0.09041503]
 [ 0.10483953  0.09023228  0.05663878 -0.02501656 -0.1798133 ]] 
Episode: 1004: [[ 0.2621869   0.24625279  0.16575198  0.03121447  0.10282054]
 [ 0.24940692  0.23887171  0.1717778   0.04853464  0.11821359]
 [ 0.299007    0.30234525  0.27369645  0.17378716  0.14777315]
 [ 0.27176288  0.28238708  0.29853782  0.25053772  0.09032709]
 [ 0.10502692  0.09042437  0.05687263 -0.02478372 -0.17967688]] 
Episode: 1005: [[ 0.26223823  0.24630328  0.16578585  0.03124657  0.1029234 ]
 [ 0.24951304  0.23897916  0.17187962  0.04863443  0.11834679]
 [ 0.29903758  0.30237427  0.27370873  0.1737991   0.14781092]
 [ 0.27168834  0.28230783  0.2984693   0.250477    0.09025533]
 [ 0.10519345  0.0905951   0.05708006 -0.02457758 -0.17955334]] 
Episode: 1006: [[ 0.26234406  0.24641009  0.16589092  0.03135055  0.10307747]
 [ 0.24969143  0.2391614   0.1720626   0.04881467  0.11854207]
 [ 0.2990869   0.30242217  0.2737526   0.17384446  0.14786537]
 [ 0.2715672   0.28217974  0.29834744  0.25036559  0.09013399]
 [ 0.10542165  0.09082869  0.05737128 -0.02428723 -0.17939359]] 
Episode: 1007: [[ 0.26239637  0.24646221  0.16592912  0.03138558  0.10319906]
 [ 0.24981771  0.23929037  0.17218082  0.04892797  0.11870808]
 [ 0.2991231   0.30245697  0.27378118  0.17387415  0.14791477]
 [ 0.27146614  0.28207245  0.29825133  0.2502813   0.09002468]
 [ 0.1056122   0.0910238   0.05761297 -0.02404824 -0.17925338]] 
Episode: 1008: [[ 0.2624033   0.24646853  0.16590701  0.03135842  0.10330008]
 [ 0.24989226  0.23936673  0.1722324   0.04897322  0.11884811]
 [ 0.29913694  0.30246955  0.27378014  0.1738737   0.14795841]
 [ 0.27138582  0.2819869   0.2981801   0.25022206  0.08993335]
 [ 0.10576659  0.09118204  0.05780752 -0.02385671 -0.17913337]] 
Episode: 1009: [[ 0.2624125   0.24647787  0.16589195  0.03133961  0.10339677]
 [ 0.24994318  0.23941933  0.17225882  0.04899368  0.11896878]
 [ 0.29917586  0.30250868  0.27381444  0.1739103   0.14801663]
 [ 0.2713875   0.28198418  0.29818392  0.2502362   0.08989746]
 [ 0.10586359  0.09128147  0.05792871 -0.02374012 -0.17904705]] 
Episode: 1010: [[ 0.26239854  0.24646361  0.16584642  0.03128434  0.10348289]
 [ 0.24994972  0.23942633  0.17222846  0.04895097  0.11906757]
 [ 0.29921058  0.30254358  0.27384365  0.17393775  0.14807469]
 [ 0.27139598  0.28198835  0.29820383  0.25026906  0.08985472]
 [ 0.10596269  0.09138323  0.05804954 -0.02362825 -0.17895305]] 
Episode: 1011: [[ 0.26242158  0.24648756  0.16585366  0.03128774  0.10359699]
 [ 0.24999961  0.23947832  0.17225964  0.04897607  0.11919811]
 [ 0.2992576   0.30259097  0.27389556  0.1739932   0.1481413 ]
 [ 0.2713728   0.28195953  0.29818723  0.25026593  0.08978295]
 [ 0.10607233  0.09149595  0.05818829 -0.0234933  -0.17885189]] 
Episode: 1012: [[ 0.2624013   0.24646668  0.1658088   0.03123876  0.10367756]
 [ 0.2500243   0.23950432  0.17225972  0.04896915  0.11931188]
 [ 0.29928225  0.30261546  0.27391928  0.17402017  0.14819549]
 [ 0.27136022  0.2819421   0.29818404  0.2502763   0.08972291]
 [ 0.10616509  0.09159128  0.05830523 -0.02338067 -0.17876159]] 
Episode: 1013: [[ 0.262389    0.2464545   0.16577627  0.03120451  0.10376025]
 [ 0.25004822  0.2395301   0.17226037  0.04896447  0.11942492]
 [ 0.29931217  0.3026457   0.27395383  0.17406091  0.14824916]
 [ 0.2713878   0.2819664   0.2982367   0.25034496  0.08968686]
 [ 0.10624001  0.09166852  0.0583985  -0.02329131 -0.17868087]] 
Episode: 1014: [[ 0.26239675  0.24646325  0.16577388  0.03119881  0.10384199]
 [ 0.25007373  0.23955794  0.1722643   0.04895955  0.1195335 ]
 [ 0.29942682  0.30276382  0.27409002  0.17420168  0.14835207]
 [ 0.27148724  0.28206256  0.29835203  0.2504742   0.08973305]
 [ 0.10623724  0.09166565  0.05839286 -0.02330454 -0.17864944]] 
Episode: 1015: [[ 0.2623841   0.24645118  0.16573954  0.0311564   0.1039139 ]
 [ 0.25005895  0.23954415  0.17221448  0.04889716  0.11961529]
 [ 0.2995282   0.3028685   0.27420568  0.17431837  0.14845026]
 [ 0.27158567  0.28215823  0.29847     0.25060633  0.08977703]
 [ 0.10622564  0.09165388  0.05837085 -0.02333725 -0.17861979]] 
Episode: 1016: [[ 0.26234528  0.24641204  0.16567926  0.0310925   0.10394921]
 [ 0.2500285   0.23951423  0.17214961  0.0488236   0.11967207]
 [ 0.29959023  0.30293286  0.27427438  0.1743906   0.148518  ]
 [ 0.27168187  0.28225237  0.29858536  0.25073507  0.08982592]
 [ 0.10621155  0.09164008  0.05834406 -0.02337351 -0.1785924 ]] 
Episode: 1017: [[ 0.26231796  0.24638514  0.16563259  0.03104166  0.1039912 ]
 [ 0.25000006  0.23948668  0.17208746  0.04875217  0.11972804]
 [ 0.29966274  0.3030081   0.2743594   0.17447975  0.148587  ]
 [ 0.27181727  0.28238735  0.29875714  0.25091842  0.08989363]
 [ 0.10617786  0.09160626  0.05829033 -0.02343823 -0.17857528]] 
Episode: 1018: [[ 0.26229215  0.2463598   0.16558881  0.03099466  0.10403569]
 [ 0.24996172  0.23944876  0.17201577  0.04867259  0.11977667]
 [ 0.29973075  0.30307865  0.2744408   0.17456612  0.1486535 ]
 [ 0.2719506   0.28252053  0.29892844  0.25110123  0.08995883]
 [ 0.10615109  0.09157959  0.05824553 -0.02349306 -0.17855212]] 
Episode: 1019: [[ 0.26232648  0.24639824  0.16562107  0.03102713  0.10413478]
 [ 0.24995482  0.23944502  0.17198478  0.04863647  0.11985992]
 [ 0.29982206  0.30317393  0.27456138  0.17469819  0.14873342]
 [ 0.2721425   0.2827142   0.29915053  0.2513332   0.09004819]
 [ 0.10607219  0.09149981  0.05813526 -0.0236138  -0.1785552 ]] 
Episode: 1020: [[ 0.26234835  0.24642392  0.16564566  0.03105474  0.10421078]
 [ 0.24991696  0.23940945  0.17192051  0.04856831  0.11991421]
 [ 0.29993737  0.3032942   0.2747178   0.17486882  0.14881955]
 [ 0.27238974  0.28296265  0.29941824  0.25160939  0.09018702]
 [ 0.10595599  0.09138198  0.05797458 -0.02378829 -0.1785759 ]] 
Episode: 1021: [[ 0.26234543  0.24642421  0.16563481  0.03104383  0.10427244]
 [ 0.24986473  0.23935919  0.17183487  0.04847633  0.11995962]
 [ 0.3000353   0.3033967   0.27484953  0.17501214  0.14889546]
 [ 0.2726444   0.2832193   0.29970348  0.2519042   0.09032905]
 [ 0.10582584  0.09124996  0.05779321 -0.0239857  -0.17860314]] 
Episode: 1022: [[ 0.262368    0.24645044  0.16565277  0.03105829  0.10435581]
 [ 0.24986918  0.23936726  0.17181739  0.04844949  0.12004615]
 [ 0.30011708  0.30348188  0.27496108  0.1751325   0.14896037]
 [ 0.27283692  0.28341177  0.299918    0.25212872  0.09041944]
 [ 0.10575748  0.09118155  0.05768787 -0.0241078  -0.17858747]] 
Episode: 1023: [[ 0.2623644   0.24644929  0.16563907  0.03103982  0.10441376]
 [ 0.24984868  0.23934928  0.17176917  0.04839042  0.12011004]
 [ 0.30017534  0.30354282  0.27504176  0.17521977  0.14900964]
 [ 0.27302787  0.28360325  0.30013475  0.25235534  0.09051325]
 [ 0.10566089  0.09108393  0.05754677 -0.02426705 -0.17859234]] 
Episode: 1024: [[ 0.26237667  0.24646372  0.16565116  0.03105109  0.10447851]
 [ 0.24986616  0.23936969  0.17177622  0.04839149  0.12019154]
 [ 0.30021888  0.30358794  0.27510726  0.17529322  0.14905044]
 [ 0.27312896  0.2837022   0.3002617   0.25249162  0.09054783]
 [ 0.10564923  0.09107363  0.05751571 -0.02431207 -0.17854607]] 
Episode: 1025: [[ 0.2623867   0.246478    0.16566208  0.03106572  0.10453977]
 [ 0.24981727  0.23932348  0.17169875  0.04830959  0.12023371]
 [ 0.30033618  0.3037104   0.27527156  0.17546363  0.14912483]
 [ 0.27329454  0.28386548  0.30044383  0.2526817   0.0907054 ]
 [ 0.10551923  0.09094576  0.05738216 -0.02445762 -0.17859541]] 
Episode: 1026: [[ 0.26240215  0.24649712  0.16568297  0.03109427  0.10460442]
 [ 0.24979615  0.23930511  0.17166315  0.04827568  0.12028711]
 [ 0.30041292  0.30379063  0.2753844   0.1755839   0.14917915]
 [ 0.2733688   0.28393805  0.30053973  0.2527852   0.09079157]
 [ 0.10546574  0.09089589  0.0573473  -0.02449757 -0.17860247]] 
Episode: 1027: [[ 0.26239753  0.24649517  0.16567655  0.03109306  0.10465666]
 [ 0.2497637   0.23927465  0.17161185  0.04822418  0.12033309]
 [ 0.30046353  0.30384377  0.2754615   0.17566657  0.14922029]
 [ 0.27340868  0.28397524  0.3005932   0.2528461   0.09084637]
 [ 0.1054328   0.09086674  0.05733279 -0.02451808 -0.17859443]] 
Episode: 1028: [[ 0.26243025  0.24653198  0.16570985  0.03112973  0.10474607]
 [ 0.249696    0.23920707  0.17152123  0.04813415  0.12034813]
 [ 0.30051723  0.3039001   0.27553833  0.17574798  0.14927226]
 [ 0.2734143   0.2839772   0.30060452  0.2528651   0.09087093]
 [ 0.10544629  0.09088472  0.05737318 -0.02448479 -0.17855844]] 
Episode: 1029: [[ 0.2624462   0.24655078  0.16572331  0.03114724  0.10482138]
 [ 0.24963588  0.23914674  0.17144136  0.0480563   0.12036526]
 [ 0.3005397   0.30392385  0.275575    0.17578912  0.14930584]
 [ 0.27337664  0.2839348   0.30055743  0.25282308  0.09086692]
 [ 0.10548656  0.09092973  0.05744611 -0.02441644 -0.17850724]] 
Episode: 1030: [[ 0.2624044   0.24650964  0.16566268  0.03108818  0.1048552 ]
 [ 0.2495651   0.23907526  0.17134401  0.04795861  0.12037638]
 [ 0.30052465  0.30390885  0.27556026  0.17577614  0.14931868]
 [ 0.27331358  0.28386655  0.30047524  0.2527436   0.09084732]
 [ 0.10554012  0.09098829  0.0575291  -0.02433909 -0.1784433 ]] 
Episode: 1031: [[ 0.26235786  0.24646448  0.16559552  0.03102204  0.10488855]
 [ 0.2494825   0.23899242  0.17123035  0.04784343  0.12038372]
 [ 0.30052656  0.3039119   0.27556905  0.17578858  0.14934023]
 [ 0.27332234  0.28387257  0.30046925  0.25273958  0.09086629]
 [ 0.10553668  0.09098832  0.05753615 -0.02434011 -0.1784123 ]] 
Episode: 1032: [[ 0.26230386  0.24641126  0.16551787  0.03094449  0.10491829]
 [ 0.24941315  0.23892277  0.17113484  0.04774721  0.1203962 ]
 [ 0.30047432  0.30385908  0.27550668  0.17572759  0.1493317 ]
 [ 0.2732556   0.28380373  0.30039597  0.25266853  0.09083214]
 [ 0.10559316  0.09104928  0.05762226 -0.02425753 -0.17835228]] 
Episode: 1033: [[ 0.26222408  0.24633203  0.1654052   0.03082903  0.10492793]
 [ 0.24930291  0.2388114   0.17098498  0.04759327  0.12038045]
 [ 0.3004316   0.30381668  0.2754537   0.17567487  0.14932874]
 [ 0.27327013  0.283816    0.3003979   0.25267202  0.09085368]
 [ 0.10558624  0.09104487  0.0576257  -0.02426032 -0.178334  ]] 
Episode: 1034: [[ 0.2621328   0.2462406   0.1652777   0.03069648  0.10492761]
 [ 0.24919431  0.23870146  0.17083645  0.04743861  0.12036411]
 [ 0.3003722   0.30375707  0.2753775   0.17559709  0.14931723]
 [ 0.27325943  0.28380263  0.30036762  0.2526426   0.09085911]
 [ 0.10560566  0.09106719  0.05766144 -0.02423071 -0.1783016 ]] 
Episode: 1035: [[ 0.26205012  0.24615784  0.16516033  0.03057275  0.10493293]
 [ 0.24910371  0.23861     0.17070921  0.04730411  0.1203604 ]
 [ 0.30029866  0.30368277  0.2752832   0.17550004  0.14929686]
 [ 0.2732342   0.28377447  0.30032045  0.25259617  0.09085292]
 [ 0.10563467  0.09109909  0.05770744 -0.02419157 -0.17826301]] 
Episode: 1036: [[ 0.26194152  0.24604833  0.16501461  0.03042721  0.10492302]
 [ 0.24897961  0.23848407  0.17054294  0.04713657  0.12033921]
 [ 0.30021203  0.30359498  0.27517477  0.17539424  0.14927119]
 [ 0.27323076  0.2837687   0.30030495  0.252583    0.09085765]
 [ 0.10561761  0.09108382  0.05769372 -0.02420988 -0.17824823]] 
Episode: 1037: [[ 0.26188463  0.24599193  0.16493027  0.03034135  0.10494844]
 [ 0.24890633  0.23841041  0.17043865  0.04702929  0.12035059]
 [ 0.30016357  0.30354625  0.27511343  0.17533652  0.14926705]
 [ 0.27325183  0.28378865  0.3003197   0.2526007   0.09087842]
 [ 0.10560429  0.09107251  0.05768337 -0.02422361 -0.17822714]] 
Episode: 1038: [[ 0.26193854  0.24605124  0.16495073  0.03035947  0.10507363]
 [ 0.2489142   0.2384236   0.17042017  0.04701899  0.12044834]
 [ 0.3002407   0.30362222  0.27516416  0.17538942  0.1493316 ]
 [ 0.27325436  0.2837869   0.30033562  0.25262326  0.09083878]
 [ 0.10561427  0.09108809  0.05768719 -0.02421269 -0.1781582 ]] 
Episode: 1039: [[ 0.26199514  0.24611305  0.16497897  0.03038767  0.10519443]
 [ 0.2489607   0.23847644  0.1704492   0.0470566   0.12057003]
 [ 0.30030128  0.30368128  0.27520165  0.17543226  0.14937983]
 [ 0.27324328  0.2837708   0.3003399   0.25263673  0.09077669]
 [ 0.10567534  0.09115618  0.05775083 -0.02414158 -0.17805143]] 
Episode: 1040: [[ 0.26202202  0.24614422  0.16497397  0.03038188  0.10529623]
 [ 0.24897495  0.23849575  0.17044063  0.04705495  0.12066951]
 [ 0.30035108  0.30372977  0.27523005  0.17546569  0.14942604]
 [ 0.2732538   0.2837774   0.30037186  0.2526785   0.09073447]
 [ 0.10571294  0.09119988  0.05778473 -0.0241028  -0.17795973]] 
Episode: 1041: [[ 0.2620258   0.24615146  0.16494222  0.03034896  0.10538038]
 [ 0.24897178  0.23849681  0.17041117  0.04703138  0.12075441]
 [ 0.30038014  0.3037574   0.27523407  0.17547373  0.14946283]
 [ 0.27325583  0.28377572  0.30039006  0.25270528  0.0906937 ]
 [ 0.10573799  0.09123022  0.05780383 -0.02407947 -0.17788063]] 
Episode: 1042: [[ 0.26208648  0.24621794  0.16499175  0.03040126  0.10550121]
 [ 0.24902585  0.23855735  0.17046157  0.04708966  0.12087408]
 [ 0.30046228  0.30384028  0.2753182   0.1755672   0.14952907]
 [ 0.27330762  0.2838257   0.30047455  0.252797    0.09068113]
 [ 0.10575754  0.09125461  0.05782002 -0.0240599  -0.17780848]] 
Episode: 1043: [[ 0.26211837  0.24625456  0.16500764  0.03042032  0.10559844]
 [ 0.2490496   0.23858634  0.17047504  0.04711075  0.12096963]
 [ 0.30052704  0.30390555  0.27538255  0.17564084  0.14958492]
 [ 0.27336043  0.28387696  0.3005602   0.25289005  0.09067204]
 [ 0.10576233  0.09126365  0.05781641 -0.02406098 -0.17774677]] 
Episode: 1044: [[ 0.2621206   0.2462611   0.16498718  0.03040415  0.10568187]
 [ 0.24903178  0.23857279  0.1704363   0.04707981  0.12104299]
 [ 0.30058208  0.3039614   0.27543798  0.17570749  0.14963871]
 [ 0.27345273  0.2839689   0.30070055  0.25304097  0.09068741]
 [ 0.1057173   0.09122159  0.05774859 -0.02412785 -0.17771383]] 
Episode: 1045: [[ 0.26212758  0.24627224  0.16497587  0.03039908  0.105763  ]
 [ 0.24897395  0.23851724  0.17035605  0.04701023  0.12107618]
 [ 0.3006663   0.3040483   0.2755224   0.17579795  0.14973168]
 [ 0.2735532   0.28407013  0.3008432   0.25318858  0.09072744]
 [ 0.10564531  0.09115072  0.05765482 -0.02421793 -0.17771205]] 
Episode: 1046: [[ 0.26213992  0.24628882  0.16496776  0.0303953   0.10585158]
 [ 0.24892145  0.23846701  0.17027953  0.04694239  0.12111418]
 [ 0.3007162   0.3040998   0.27556515  0.17584611  0.14980066]
 [ 0.27359533  0.2841114   0.30091026  0.25325978  0.0907278 ]
 [ 0.10561901  0.09112643  0.05761818 -0.02425104 -0.17768429]] 
Episode: 1047: [[ 0.26214144  0.246294    0.16495064  0.03038313  0.10592386]
 [ 0.24885964  0.23840694  0.17019382  0.04686507  0.12113925]
 [ 0.30077615  0.30416173  0.2756246   0.17591195  0.1498713 ]
 [ 0.27366272  0.28417888  0.30101022  0.25336498  0.09074707]
 [ 0.1055716   0.09108036  0.05755487 -0.02431195 -0.17767188]] 
Episode: 1048: [[ 0.26213467  0.2462901   0.1649267   0.03036575  0.105978  ]
 [ 0.24880345  0.23835218  0.17011617  0.04679659  0.12115865]
 [ 0.30082792  0.30421537  0.27567378  0.17596763  0.14993583]
 [ 0.27371946  0.28423607  0.30108997  0.25344753  0.09077269]
 [ 0.10553639  0.09104645  0.05750842 -0.02435474 -0.17765981]] 
Episode: 1049: [[ 0.26210585  0.24626322  0.16487409  0.03031758  0.1060179 ]
 [ 0.24872915  0.23827843  0.17001478  0.04670212  0.12116549]
 [ 0.30086082  0.30424953  0.27569848  0.17599683  0.14999008]
 [ 0.27375498  0.28427145  0.30114102  0.25350064  0.09078627]
 [ 0.10550712  0.09101847  0.05746774 -0.02439398 -0.17764357]] 
Episode: 1050: [[ 0.26211932  0.24628094  0.16487232  0.03031658  0.10609803]
 [ 0.24866694  0.23821805  0.1699266   0.04661588  0.12119031]
 [ 0.30094987  0.30434182  0.27579933  0.1761024   0.15007865]
 [ 0.27385873  0.28437665  0.30125517  0.25361615  0.09082906]
 [ 0.10546192  0.09097412  0.0574094  -0.02445309 -0.177638  ]] 
Episode: 1051: [[ 0.26214778  0.24631453  0.16489239  0.03033946  0.10618331]
 [ 0.24861461  0.23816825  0.16985254  0.04654502  0.12121779]
 [ 0.30107504  0.30447155  0.27595028  0.17626104  0.15018478]
 [ 0.2740271   0.28454593  0.30142602  0.25378776  0.09091868]
 [ 0.1053592   0.09087075  0.05728013 -0.02458384 -0.1776731 ]] 
Episode: 1052: [[ 0.26215202  0.24632303  0.16488425  0.03033543  0.10625526]
 [ 0.2485469   0.23810247  0.16976137  0.04645864  0.12123702]
 [ 0.30116174  0.3045618   0.27605546  0.17637505  0.15026833]
 [ 0.27415818  0.28467718  0.3015535   0.2539161   0.09098577]
 [ 0.10526733  0.09077843  0.05716562 -0.02469857 -0.17770098]] 
Episode: 1053: [[ 0.2621612   0.24633546  0.16488512  0.03034594  0.10633483]
 [ 0.24851805  0.23807548  0.16972339  0.04643271  0.12128232]
 [ 0.30116427  0.3045649   0.27605587  0.176386    0.15030365]
 [ 0.27420095  0.2847205   0.30159995  0.25396386  0.09093738]
 [ 0.10530536  0.09081505  0.05716872 -0.02469631 -0.1776355 ]] 
Episode: 1054: [[ 0.26215369  0.24633121  0.16486853  0.03034091  0.10640361]
 [ 0.24846527  0.2380244   0.1696566   0.04637877  0.12131511]
 [ 0.30117357  0.30457535  0.27606848  0.17641155  0.1503428 ]
 [ 0.27425754  0.2847777   0.30167213  0.254041    0.09089467]
 [ 0.10532399  0.09083265  0.05714928 -0.02471701 -0.17757751]] 
Episode: 1055: [[ 0.2621415   0.2463223   0.16484062  0.03032067  0.10647289]
 [ 0.24838081  0.23794046  0.1695494   0.04628174  0.12132246]
 [ 0.30117762  0.30458072  0.27606943  0.17642108  0.15038297]
 [ 0.27432778  0.28484932  0.3017576   0.254129    0.09087788]
 [ 0.1053061   0.09081304  0.05708784 -0.02478171 -0.17754537]] 
Episode: 1056: [[ 0.2621285   0.24631236  0.16481511  0.03030491  0.10653631]
 [ 0.24830112  0.23786119  0.16945156  0.04619638  0.12132706]
 [ 0.30118448  0.3045889   0.2760766   0.17643869  0.15042204]
 [ 0.27439833  0.28492126  0.30184412  0.25421828  0.09086803]
 [ 0.10527611  0.09078129  0.05701635 -0.0248545  -0.17752442]] 
Episode: 1057: [[ 0.26210916  0.24629548  0.16478173  0.03028108  0.10659593]
 [ 0.24823222  0.2377926   0.16936737  0.04612472  0.12133817]
 [ 0.30116546  0.30457044  0.27605015  0.17642161  0.15044764]
 [ 0.2744021   0.28492478  0.3018537   0.2542308   0.09082208]
 [ 0.10529061  0.09079502  0.05700638 -0.02486346 -0.17747982]] 
Episode: 1058: [[ 0.26206285  0.24625053  0.16471615  0.03022364  0.10663052]
 [ 0.24813703  0.23769657  0.16925241  0.04602135  0.12132299]
 [ 0.30114052  0.30454612  0.27601248  0.17639056  0.15047283]
 [ 0.27443054  0.28495452  0.3018826   0.25425738  0.09081946]
 [ 0.105289    0.0907919   0.05698563 -0.02488046 -0.17745891]] 
Episode: 1059: [[ 0.26203087  0.24621941  0.16467273  0.03018937  0.10667167]
 [ 0.24809314  0.23765251  0.1692049   0.0459865   0.1213393 ]
 [ 0.30110502  0.3045103   0.27596477  0.1763498   0.1504883 ]
 [ 0.27438197  0.2849065   0.30184034  0.2542135   0.09076713]
 [ 0.10535701  0.09085964  0.05705971 -0.02479921 -0.1773996 ]] 
Episode: 1060: [[ 0.26198682  0.24617504  0.16462037  0.03014769  0.10669287]
 [ 0.24803993  0.23759867  0.16914634  0.04594069  0.12134968]
 [ 0.3010813   0.30448666  0.27592835  0.17631829  0.15052067]
 [ 0.27431864  0.28484246  0.30178043  0.25415173  0.09069729]
 [ 0.10545956  0.0909631   0.05717507 -0.02467737 -0.17730984]] 
Episode: 1061: [[ 0.26192272  0.24610932  0.16453744  0.03007144  0.10670754]
 [ 0.24800506  0.23756298  0.16910504  0.0459086   0.12137812]
 [ 0.30100226  0.30440542  0.27582145  0.17621338  0.15051584]
 [ 0.27418652  0.28471014  0.3016583   0.25402838  0.09054656]
 [ 0.10562759  0.0911336   0.05737128 -0.02447554 -0.17717484]] 
Episode: 1062: [[ 0.26183805  0.24602215  0.16442777  0.02996844  0.10670805]
 [ 0.24797015  0.23752691  0.16906238  0.04587545  0.12140602]
 [ 0.30089876  0.30429876  0.2756844   0.17607863  0.15049236]
 [ 0.2740229   0.28454497  0.30148947  0.25385696  0.09038036]
 [ 0.10580688  0.09131575  0.05758278 -0.02425731 -0.1770327 ]] 
Episode: 1063: [[ 0.26173472  0.24591579  0.1642941   0.02983795  0.10669222]
 [ 0.24792743  0.23748296  0.16900563  0.04582308  0.12143029]
 [ 0.30080116  0.30419832  0.27555063  0.17594263  0.15047503]
 [ 0.27388224  0.28440285  0.3013469   0.253712    0.09023152]
 [ 0.1059588   0.09146997  0.05776025 -0.02407707 -0.17690885]] 
Episode: 1064: [[ 0.2616589   0.24583882  0.16419132  0.02973523  0.10669429]
 [ 0.24785694  0.2374113   0.16891308  0.0457319   0.12143137]
 [ 0.3007422   0.3041384   0.27546635  0.17585632  0.15047775]
 [ 0.27383092  0.2843498   0.3012869   0.25364938  0.09014862]
 [ 0.10604111  0.09155303  0.05785377 -0.02398187 -0.17683913]] 
Episode: 1065: [[ 0.2615993   0.2457799   0.16410358  0.02964164  0.10670655]
 [ 0.24773942  0.23729245  0.16875672  0.04556944  0.1214003 ]
 [ 0.3007412   0.30413854  0.27545717  0.17584454  0.15050794]
 [ 0.27385986  0.28437677  0.30130115  0.2536608   0.09016438]
 [ 0.1059984   0.09150881  0.05783221 -0.02400123 -0.17684388]] 
Episode: 1066: [[ 0.2615426   0.24572387  0.1640189   0.02955334  0.10672278]
 [ 0.24762806  0.23717968  0.16860937  0.04541885  0.12137152]
 [ 0.30073032  0.30412838  0.27543715  0.17582455  0.15053019]
 [ 0.27388015  0.28439513  0.3013069   0.25366494  0.09017412]
 [ 0.1059536   0.09146246  0.05780479 -0.02402621 -0.1768505 ]] 
Episode: 1067: [[ 0.26147288  0.24565443  0.16391708  0.02944625  0.10672937]
 [ 0.24751492  0.23706505  0.1684583   0.04526308  0.12134179]
 [ 0.30070317  0.30410165  0.27539492  0.17578064  0.15054338]
 [ 0.27388927  0.28440234  0.30129915  0.25365528  0.09017839]
 [ 0.10592099  0.09142865  0.05778963 -0.02403949 -0.1768506 ]] 
Episode: 1068: [[ 0.26145858  0.24564075  0.16389509  0.02942875  0.10677285]
 [ 0.24750085  0.23705141  0.16841576  0.04521515  0.12137652]
 [ 0.30066493  0.3040623   0.27535117  0.17574358  0.150541  ]
 [ 0.27382237  0.28433412  0.30122393  0.25357884  0.0901072 ]
 [ 0.10598256  0.09149088  0.05788139 -0.02394671 -0.17679381]] 
Episode: 1069: [[ 0.2614573   0.24564038  0.16388564  0.02942034  0.10682531]
 [ 0.24748285  0.23703326  0.1683697   0.04516052  0.12140342]
 [ 0.3006435   0.30404004  0.27532688  0.17572302  0.15054953]
 [ 0.273725    0.28423396  0.30111665  0.25347462  0.09000395]
 [ 0.10607587  0.09158622  0.05800282 -0.02383042 -0.17670497]] 
Episode: 1070: [[ 0.26143417  0.24561742  0.16384494  0.0293773   0.10687067]
 [ 0.24746196  0.237012    0.16831869  0.04509937  0.12143546]
 [ 0.30059224  0.30398703  0.27526218  0.17565913  0.15054417]
 [ 0.2735689   0.28407344  0.30095193  0.25331312  0.08986497]
 [ 0.10619897  0.09171209  0.05815912 -0.02368005 -0.17659324]] 
Episode: 1071: [[ 0.26139462  0.24557786  0.16378325  0.0293124   0.1069079 ]
 [ 0.24742374  0.23697317  0.16824718  0.04501755  0.12145941]
 [ 0.3005474   0.30394074  0.27520588  0.1756039   0.15054435]
 [ 0.27345052  0.2839515   0.300835    0.25320113  0.08975102]
 [ 0.10628184  0.09179703  0.05826223 -0.02358489 -0.17650369]] 
Episode: 1072: [[ 0.26135355  0.24553649  0.16372465  0.02925514  0.10694682]
 [ 0.24741206  0.2369616   0.1682135   0.04497873  0.12150734]
 [ 0.30048135  0.30387232  0.27512926  0.17553224  0.15052754]
 [ 0.27328485  0.2837805   0.30066165  0.25303262  0.08959765]
 [ 0.10643119  0.09195028  0.05844739 -0.0234052  -0.17636369]] 
Episode: 1073: [[ 0.261306    0.24548897  0.16365837  0.02919313  0.1069667 ]
 [ 0.24735107  0.23690003  0.16812195  0.04488628  0.12150753]
 [ 0.30045438  0.3038435   0.27510208  0.17551227  0.15051277]
 [ 0.27310288  0.28359157  0.30047262  0.2528524   0.08940925]
 [ 0.10657637  0.09209948  0.05863468 -0.02321896 -0.1762486 ]] 
Episode: 1074: [[ 0.2613245   0.2455092   0.16368009  0.02921952  0.10702594]
 [ 0.24734038  0.23689006  0.16809918  0.04486251  0.1215365 ]
 [ 0.30053687  0.30392674  0.27518436  0.17559993  0.15056749]
 [ 0.27301434  0.28349635  0.3003708   0.25275806  0.08930764]
 [ 0.10669903  0.09222569  0.05879311 -0.02306268 -0.17614561]] 
Episode: 1075: [[ 0.26131228  0.2454985   0.16366336  0.02920608  0.10706744]
 [ 0.24731454  0.23686533  0.168056    0.04481719  0.12156308]
 [ 0.3006079   0.3039989   0.27525416  0.17567436  0.1506214 ]
 [ 0.27297753  0.28345457  0.30033684  0.2527322   0.08924468]
 [ 0.10683784  0.09236812  0.05897349 -0.02288375 -0.1760378 ]] 
Episode: 1076: [[ 0.26128608  0.24547409  0.1636309   0.02918032  0.10709991]
 [ 0.2472691   0.23682101  0.16799101  0.04475373  0.12157715]
 [ 0.3006828   0.3040757   0.2753331   0.17576142  0.15068033]
 [ 0.2730019   0.283476    0.30037442  0.2527766   0.08922808]
 [ 0.10691175  0.09244445  0.05907223 -0.02278604 -0.1759717 ]] 
Episode: 1077: [[ 0.26124018  0.2454311   0.16357352  0.02913007  0.10712558]
 [ 0.2471747   0.23672806  0.16786343  0.04462725  0.12156817]
 [ 0.3007749   0.3041712   0.2754391   0.1758786   0.15075266]
 [ 0.27309883  0.28356984  0.3004763   0.25288415  0.08928144]
 [ 0.1068788   0.09241255  0.05905575 -0.02280275 -0.17596447]] 
Episode: 1078: [[ 0.26121005  0.2454051   0.16353379  0.02909629  0.10716409]
 [ 0.24706978  0.23662485  0.16772293  0.04448692  0.12155136]
 [ 0.3008727   0.3042732   0.27555507  0.1760058   0.15082835]
 [ 0.2732451   0.283715    0.30063602  0.25304848  0.08936864]
 [ 0.106824    0.09235848  0.05900747 -0.02285358 -0.17597133]] 
Episode: 1079: [[ 0.2611723   0.24537103  0.16348433  0.02905301  0.10719657]
 [ 0.24695694  0.23651329  0.16757326  0.044338    0.12152831]
 [ 0.30095634  0.3043606   0.27565482  0.17611729  0.15089579]
 [ 0.27338493  0.283854    0.30079237  0.25321078  0.08945087]
 [ 0.10675184  0.09228671  0.05893394 -0.02293012 -0.17598762]] 
Episode: 1080: [[ 0.26113796  0.24533986  0.16344674  0.02902661  0.10721938]
 [ 0.24682294  0.23637958  0.16740423  0.04417472  0.12148207]
 [ 0.30102316  0.30443078  0.27573773  0.17621456  0.15095009]
 [ 0.27356964  0.2840395   0.30100104  0.25342435  0.08957035]
 [ 0.10667132  0.09220587  0.05885653 -0.02300657 -0.17602308]] 
Episode: 1081: [[ 0.2610942   0.24529903  0.16339833  0.02899057  0.10724499]
 [ 0.24668823  0.2362451   0.16723673  0.04401465  0.12144293]
 [ 0.3010858   0.3044967   0.27581763  0.17630999  0.15100925]
 [ 0.2737311   0.28420135  0.3011847   0.2536138   0.08967075]
 [ 0.10658859  0.09212285  0.05877504 -0.02308637 -0.17605361]] 
Episode: 1082: [[ 0.26104096  0.24524866  0.16333559  0.02893895  0.10726311]
 [ 0.24655858  0.2361158   0.16707453  0.04385917  0.12140394]
 [ 0.30111447  0.30452827  0.27585387  0.17636041  0.15104657]
 [ 0.27385065  0.28432092  0.30131662  0.25375137  0.08974431]
 [ 0.10653441  0.09206875  0.0587277  -0.02313204 -0.17606972]] 
Episode: 1083: [[ 0.26098165  0.2451923   0.16326156  0.02887095  0.10727353]
 [ 0.24641187  0.2359692   0.16688743  0.04367367  0.12135083]
 [ 0.3011589   0.30457616  0.2759075   0.17642431  0.15109457]
 [ 0.27403012  0.28450203  0.30150333  0.25394273  0.08985996]
 [ 0.1064391   0.0919727   0.0586256  -0.02323584 -0.17611521]] 
Episode: 1084: [[ 0.26097757  0.24519238  0.16326079  0.02887832  0.10731126]
 [ 0.24629013  0.23584819  0.16673583  0.04352548  0.12130509]
 [ 0.3012754   0.30469766  0.27605638  0.17658648  0.15118557]
 [ 0.27426645  0.2847394   0.3017393   0.25418243  0.090022  ]
 [ 0.10629448  0.09182648  0.05846001 -0.02340353 -0.17619398]] 
Episode: 1085: [[ 0.26094162  0.24516012  0.16321528  0.02883935  0.10733222]
 [ 0.24616593  0.23572499  0.16657552  0.04336691  0.121264  ]
 [ 0.3013464   0.3047726   0.27614754  0.17668973  0.15124588]
 [ 0.2744675   0.28494075  0.3019394   0.2543868   0.09015476]
 [ 0.10613544  0.09166573  0.05827271 -0.02359442 -0.17628008]] 
Episode: 1086: [[ 0.26096624  0.24519028  0.16324796  0.02888051  0.10739263]
 [ 0.24608375  0.23564532  0.16647011  0.04326429  0.12124968]
 [ 0.3014814   0.30491284  0.27632627  0.17688482  0.15134156]
 [ 0.27472323  0.28519633  0.3021874   0.25463825  0.09033294]
 [ 0.10595844  0.09148682  0.05806067 -0.02381239 -0.17637677]] 
Episode: 1087: [[ 0.26095513  0.24518377  0.1632329   0.02886993  0.10743082]
 [ 0.24597506  0.23553848  0.16632827  0.04312142  0.12122087]
 [ 0.30159113  0.30502746  0.27646926  0.17704025  0.15142642]
 [ 0.2749682   0.28544158  0.30242956  0.25488436  0.09050591]
 [ 0.10577361  0.09129985  0.05783697 -0.02404382 -0.17647839]] 
Episode: 1088: [[ 0.2609335   0.24516596  0.16320461  0.02884719  0.10746094]
 [ 0.2458749   0.23543991  0.16619742  0.04299138  0.12119729]
 [ 0.3016684   0.30510864  0.27657098  0.17715429  0.15149109]
 [ 0.27514857  0.2856215   0.30259272  0.2550494   0.09063747]
 [ 0.10562509  0.09114964  0.05765911 -0.02422689 -0.176558  ]] 
Episode: 1089: [[ 0.26094243  0.24517888  0.16322109  0.02887072  0.10750549]
 [ 0.24583027  0.2353978   0.16614084  0.04293641  0.12120699]
 [ 0.30175236  0.30519626  0.2766873   0.17728418  0.15155375]
 [ 0.27529144  0.28576347  0.302718    0.2551786   0.09073549]
 [ 0.1055295   0.09105299  0.05755097 -0.02433874 -0.1766073 ]] 
Episode: 1090: [[ 0.26094234  0.24518365  0.16322395  0.02887966  0.10755902]
 [ 0.24574901  0.23531885  0.16604014  0.0428373   0.12119987]
 [ 0.30186903  0.30531755  0.27684632  0.17745714  0.15164405]
 [ 0.27549493  0.2859657   0.3028988   0.25536242  0.09088942]
 [ 0.10542132  0.09094407  0.05742335 -0.02447275 -0.17665516]] 
Episode: 1091: [[ 0.26088992  0.2451345   0.16315988  0.02881889  0.10757723]
 [ 0.24564686  0.23521845  0.16590843  0.04270357  0.12118538]
 [ 0.30195725  0.30540985  0.27696306  0.17758188  0.15172671]
 [ 0.27565444  0.2861231   0.30303323  0.2554988   0.09100668]
 [ 0.10534879  0.09087157  0.05733401 -0.02457209 -0.1766711 ]] 
Episode: 1092: [[ 0.26084372  0.24509197  0.16310604  0.02877206  0.10759864]
 [ 0.24555324  0.23512642  0.16579436  0.04259246  0.12116434]
 [ 0.3020638   0.30551988  0.27711198  0.17774351  0.15180163]
 [ 0.27584472  0.28631312  0.30320868  0.25567505  0.09115847]
 [ 0.10521956  0.09074079  0.05718391 -0.02472698 -0.1767406 ]] 
Episode: 1093: [[ 0.26075724  0.24500899  0.16299942  0.02867229  0.10759864]
 [ 0.24541864  0.23499317  0.16562618  0.042427    0.12112308]
 [ 0.30214664  0.3056065   0.27722815  0.17787233  0.15186942]
 [ 0.27606544  0.28653458  0.30343303  0.2559012   0.09132925]
 [ 0.10505829  0.09057783  0.05699132 -0.02492444 -0.17682786]] 
Episode: 1094: [[ 0.26066077  0.24491549  0.16287996  0.02855983  0.10759055]
 [ 0.24527457  0.23484997  0.16544624  0.04225025  0.12107432]
 [ 0.3022133   0.30567658  0.27732235  0.17797865  0.15192887]
 [ 0.2762752   0.28674516  0.3036494   0.2561195   0.09149118]
 [ 0.10489943  0.09041729  0.05680108 -0.02511849 -0.17691343]] 
Episode: 1095: [[ 0.26054493  0.24480183  0.16273572  0.02842307  0.1075711 ]
 [ 0.24513389  0.23470984  0.1652711   0.0420801   0.12102858]
 [ 0.30223066  0.30569637  0.2773525   0.17801984  0.15196021]
 [ 0.2764224   0.28689274  0.30378374  0.25625163  0.09161729]
 [ 0.10477308  0.0902895   0.05665459 -0.02526489 -0.17698167]] 
Episode: 1096: [[ 0.26042563  0.24468453  0.16258477  0.0282772   0.10754935]
 [ 0.24498466  0.23456085  0.16508372  0.04189572  0.12097657]
 [ 0.30224696  0.30571505  0.27737948  0.17805605  0.15199228]
 [ 0.27657133  0.2870422   0.30392697  0.25639376  0.09174097]
 [ 0.10463679  0.09015155  0.05649467 -0.02542558 -0.17705712]] 
Episode: 1097: [[ 0.26028126  0.24454065  0.16239981  0.02809732  0.10751332]
 [ 0.24485032  0.23442625  0.16491216  0.04172826  0.12093889]
 [ 0.30220753  0.3056762   0.27733523  0.17802057  0.1519888 ]
 [ 0.27663013  0.28710192  0.3039877   0.25645396  0.09179418]
 [ 0.10454854  0.09006244  0.05639084 -0.0255292  -0.17709439]] 
Episode: 1098: [[ 0.26015282  0.24441275  0.16223875  0.02794408  0.10748713]
 [ 0.24476318  0.2343395   0.16480444  0.04162829  0.12093019]
 [ 0.30216387  0.30563316  0.27728587  0.17798077  0.15198727]
 [ 0.27661738  0.2870891   0.3039743   0.25644052  0.09180111]
 [ 0.10453385  0.0900478   0.05638353 -0.02553198 -0.17708683]] 
Episode: 1099: [[ 0.2600195   0.24427901  0.1620747   0.02778717  0.1074442 ]
 [ 0.24469402  0.23427089  0.16471559  0.04154422  0.12093235]
 [ 0.3021277   0.30559704  0.27724704  0.17795086  0.1519825 ]
 [ 0.27658412  0.287055    0.30393735  0.2564053   0.09178676]
 [ 0.10449775  0.09001056  0.05635158 -0.02556157 -0.17710315]] 
Episode: 1100: [[ 0.25987887  0.2441375   0.16190071  0.02761985  0.10739698]
 [ 0.24461691  0.23419398  0.16461591  0.04144894  0.12093103]
 [ 0.3020815   0.30555052  0.27719486  0.17790696  0.15197277]
 [ 0.27654287  0.28701258  0.30388987  0.25635973  0.09176473]
 [ 0.1044707   0.08998268  0.05632882 -0.02558231 -0.17710972]] 
Episode: 1101: [[ 0.25973967  0.24399738  0.16173168  0.0274597   0.10733428]
 [ 0.24454325  0.23412138  0.16451634  0.04135159  0.12092808]
 [ 0.30199677  0.3054649   0.27709815  0.17781952  0.15192528]
 [ 0.2765045   0.28697264  0.30385104  0.2563258   0.09173701]
 [ 0.10450314  0.09001597  0.05637281 -0.02553986 -0.17707224]] 
Episode: 1102: [[ 0.25963506  0.24389134  0.16160946  0.02734875  0.10729171]
 [ 0.2445298   0.23410887  0.16449924  0.04134119  0.12095678]
 [ 0.30190957  0.30537605  0.27699763  0.17772798  0.1518786 ]
 [ 0.2763948   0.28686202  0.30374798  0.25622764  0.09165493]
 [ 0.10461554  0.09012952  0.05651762 -0.02539716 -0.176994  ]] 
Episode: 1103: [[ 0.2595431   0.24379781  0.16150118  0.02724897  0.10725873]
 [ 0.2445398   0.23411992  0.16451095  0.04135797  0.1210006 ]
 [ 0.3018207   0.3052851   0.27689445  0.17763177  0.15183009]
 [ 0.27626333  0.28672886  0.30361193  0.25609505  0.09155701]
 [ 0.10474927  0.09026463  0.05668928 -0.02522783 -0.17690144]] 
Episode: 1104: [[ 0.2594566   0.24371009  0.16139635  0.02715073  0.10722905]
 [ 0.24454337  0.23412438  0.16451317  0.04136382  0.12103624]
 [ 0.30173042  0.305193    0.27678576  0.17752834  0.15178399]
 [ 0.27610582  0.28656897  0.30343923  0.25592554  0.09144114]
 [ 0.10489038  0.09040774  0.05686539 -0.02505587 -0.17680058]] 
Episode: 1105: [[ 0.25935113  0.24360418  0.1612682   0.0270293   0.10718866]
 [ 0.24450332  0.23408535  0.16445991  0.04131326  0.12104662]
 [ 0.30167452  0.30513695  0.27672178  0.17747162  0.15176305]
 [ 0.27603936  0.2864999   0.303352    0.2558407   0.09138721]
 [ 0.10493878  0.09045728  0.05692077 -0.02500591 -0.17675315]] 
Episode: 1106: [[ 0.2592591   0.2435122   0.161154    0.02691926  0.10715366]
 [ 0.24444371  0.23402655  0.16437806  0.04123014  0.12104225]
 [ 0.30162734  0.3050898   0.27666917  0.17742565  0.15174149]
 [ 0.27602813  0.28648686  0.3033416   0.255832    0.09136172]
 [ 0.10496868  0.0904882   0.05694896 -0.02498678 -0.17671627]] 
Episode: 1107: [[ 0.25921693  0.24347134  0.16110848  0.02688363  0.10714095]
 [ 0.24438375  0.23396753  0.1643048   0.04116154  0.12102342]
 [ 0.30165607  0.30512035  0.2767163   0.17748453  0.1517645 ]
 [ 0.2760931   0.28654978  0.30340028  0.2558917   0.09142511]
 [ 0.10493515  0.09045462  0.05690126 -0.02504217 -0.17672738]] 
Episode: 1108: [[ 0.25917903  0.2434343   0.16106918  0.02685204  0.10711959]
 [ 0.24433586  0.23392038  0.16424702  0.04110588  0.12100204]
 [ 0.3017043   0.30517074  0.27678382  0.17756017  0.15180105]
 [ 0.2761822   0.28663802  0.3034903   0.25598308  0.09151161]
 [ 0.10487965  0.09039824  0.05682858 -0.02512466 -0.17676218]] 
Episode: 1109: [[ 0.25912923  0.24338505  0.16101354  0.02680349  0.10709603]
 [ 0.24428374  0.2338688   0.16418351  0.04104471  0.12098215]
 [ 0.30173346  0.30520168  0.27682617  0.17760989  0.15182927]
 [ 0.27624837  0.28670308  0.30355245  0.2560459   0.09158017]
 [ 0.104828    0.09034575  0.05676205 -0.02519921 -0.17679344]] 
Episode: 1110: [[ 0.2590556   0.2433114   0.16092251  0.0267166   0.10706499]
 [ 0.24422647  0.23381189  0.1641087   0.04097004  0.12096652]
 [ 0.30172715  0.3051962   0.27682176  0.17761116  0.15183641]
 [ 0.2762908   0.28674403  0.30358598  0.25608003  0.09162953]
 [ 0.10478825  0.09030525  0.05670929 -0.02526029 -0.17681444]] 
Episode: 1111: [[ 0.25896782  0.24322315  0.16081227  0.02660929  0.10702541]
 [ 0.24415892  0.23374441  0.16401905  0.04087953  0.1209463 ]
 [ 0.30170685  0.30517638  0.27679867  0.17759277  0.15183526]
 [ 0.2763307   0.28678253  0.30361974  0.25611505  0.09167373]
 [ 0.10475312  0.09026948  0.05666159 -0.02531604 -0.17683086]] 
Episode: 1112: [[ 0.2588694   0.2431241   0.1606888   0.02648945  0.10697421]
 [ 0.24406828  0.23365334  0.16389912  0.04075821  0.12090823]
 [ 0.3016976   0.30516803  0.27678847  0.17758872  0.1518407 ]
 [ 0.27642137  0.28687295  0.30371827  0.25621423  0.09174634]
 [ 0.10467712  0.0901922   0.05656102 -0.02542674 -0.17687397]] 
Episode: 1113: [[ 0.25878435  0.24303935  0.16058044  0.02638311  0.10694053]
 [ 0.24399097  0.23357648  0.16379456  0.04065069  0.12088668]
 [ 0.30170262  0.30517456  0.27679518  0.17760043  0.15186115]
 [ 0.27651864  0.28697014  0.30383134  0.2563304   0.0918171 ]
 [ 0.10462291  0.09013724  0.05648863 -0.02550899 -0.17690004]] 
Episode: 1114: [[ 0.25867483  0.24292892  0.16044429  0.02624681  0.10688358]
 [ 0.24386472  0.23344865  0.16363297  0.04048202  0.12082376]
 [ 0.3017132   0.30518633  0.2768072   0.17761196  0.15188389]
 [ 0.27663207  0.28708422  0.30396345  0.25646427  0.0919048 ]
 [ 0.10455061  0.09006355  0.05639431 -0.02561814 -0.17693858]] 
Episode: 1115: [[ 0.25861618  0.24286994  0.16037562  0.02617887  0.10685576]
 [ 0.24379665  0.23337983  0.16354968  0.0403938   0.12079202]
 [ 0.3017516   0.305226    0.27685723  0.1776621   0.15192018]
 [ 0.27670598  0.28715786  0.3040466   0.25654843  0.09195928]
 [ 0.1044972   0.09000911  0.05632517 -0.02570052 -0.1769651 ]] 
Episode: 1116: [[ 0.2585596   0.242813    0.16031088  0.02611777  0.10683075]
 [ 0.24374655  0.2333293   0.16349106  0.04033433  0.1207724 ]
 [ 0.30178243  0.3052579   0.27689824  0.17770521  0.15195332]
 [ 0.27674466  0.28719574  0.30408296  0.25658384  0.09199101]
 [ 0.1044455   0.0899566   0.05625916 -0.02577666 -0.17698914]] 
Episode: 1117: [[ 0.25855193  0.24280591  0.16031337  0.02613405  0.10684419]
 [ 0.24381122  0.23339313  0.16353302  0.04037426  0.12087662]
 [ 0.30180496  0.30528015  0.27694696  0.17776677  0.15196326]
 [ 0.27679813  0.28724852  0.30414355  0.25664103  0.09203162]
 [ 0.10450909  0.09002279  0.05630528 -0.02574039 -0.17691454]] 
Episode: 1118: [[ 0.25853398  0.24278809  0.1603035   0.02613268  0.10685224]
 [ 0.24385     0.23343043  0.16354792  0.04038275  0.12096056]
 [ 0.3018278   0.30530235  0.27699915  0.1778298   0.15196912]
 [ 0.27690312  0.287354    0.30426627  0.25676027  0.09210248]
 [ 0.10453516  0.09005015  0.05631034 -0.02574825 -0.17686893]] 
Episode: 1119: [[ 0.25852984  0.24278381  0.1603128   0.02615228  0.10687354]
 [ 0.24390604  0.23348506  0.16359316  0.04042605  0.12105272]
 [ 0.3018289   0.30530205  0.27702424  0.1778664   0.1519649 ]
 [ 0.27692214  0.2873739   0.30430847  0.2567998   0.09211201]
 [ 0.10461149  0.09012815  0.05638851 -0.02567628 -0.17679678]] 
Episode: 1120: [[ 0.25846294  0.24271622  0.16023137  0.02607162  0.10687248]
 [ 0.24392448  0.23350248  0.16358083  0.04040084  0.12114009]
 [ 0.30178592  0.30525702  0.27698922  0.17783566  0.1519381 ]
 [ 0.27694052  0.2873923   0.30435658  0.25684905  0.09210648]
 [ 0.10469316  0.09021197  0.05646449 -0.02561663 -0.17670643]] 
Episode: 1121: [[ 0.2583867   0.2426403   0.16013874  0.02597567  0.10686275]
 [ 0.2438747   0.23345143  0.16348411  0.04028636  0.12118103]
 [ 0.30179086  0.30526164  0.2770175   0.17786852  0.15193306]
 [ 0.2770324   0.28748375  0.30446804  0.2569611   0.09223136]
 [ 0.10467593  0.09019474  0.05642756 -0.02566743 -0.17669028]] 
Episode: 1122: [[ 0.25830433  0.24255799  0.16002998  0.02585745  0.10685342]
 [ 0.2438179   0.23339295  0.16337703  0.04015801  0.12121303]
 [ 0.30177343  0.30524302  0.27701345  0.17786497  0.15191266]
 [ 0.27707285  0.28752252  0.30451402  0.2570068   0.09231089]
 [ 0.10467272  0.09019159  0.05640807 -0.02570219 -0.1766677 ]] 
Episode: 1123: [[ 0.2582219   0.24247546  0.15991771  0.02573557  0.10685337]
 [ 0.24377233  0.23334594  0.16328558  0.04004691  0.12125588]
 [ 0.30173457  0.3052024   0.27697948  0.17783137  0.15188512]
 [ 0.27705324  0.28749996  0.30448723  0.2569802   0.09234172]
 [ 0.10471084  0.09023059  0.05644076 -0.02568346 -0.17661376]] 
Episode: 1124: [[ 0.25813398  0.24238697  0.15979974  0.02560913  0.10684787]
 [ 0.24374455  0.23331738  0.16321737  0.03996073  0.12131259]
 [ 0.30167544  0.30514055  0.27692282  0.17777638  0.15183866]
 [ 0.27701867  0.28746194  0.30444273  0.25693622  0.09235163]
 [ 0.10477528  0.09029662  0.05650644 -0.02563027 -0.17653906]] 
Episode: 1125: [[ 0.25804532  0.24229772  0.15968134  0.02548419  0.10684145]
 [ 0.24370927  0.23328128  0.16314265  0.03987079  0.12136171]
 [ 0.30161232  0.30507484  0.27685988  0.17771605  0.15179273]
 [ 0.27699044  0.2874306   0.30440667  0.25690082  0.09236269]
 [ 0.10482262  0.09034535  0.05655133 -0.02559644 -0.17647506]] 
Episode: 1126: [[ 0.25794458  0.24219589  0.15954755  0.02534415  0.10682248]
 [ 0.24365814  0.233229    0.16304924  0.03976315  0.12139603]
 [ 0.3015441   0.30500397  0.2767876   0.1776455   0.15174522]
 [ 0.27697968  0.28741744  0.30439213  0.2568865   0.09238559]
 [ 0.10485545  0.09037927  0.05657903 -0.02557851 -0.17642285]] 
Episode: 1127: [[ 0.25788414  0.24213688  0.1594665   0.02525553  0.10683629]
 [ 0.24360205  0.23317319  0.16295344  0.03965103  0.12143027]
 [ 0.30158415  0.30504546  0.27683106  0.17768924  0.1517855 ]
 [ 0.27704546  0.2874806   0.3044473   0.25694144  0.09251706]
 [ 0.10487655  0.09040189  0.05659145 -0.02558046 -0.17637347]] 
Episode: 1128: [[ 0.25779936  0.24205244  0.15935288  0.0251325   0.10683883]
 [ 0.24352878  0.23309945  0.16283545  0.03951498  0.12145704]
 [ 0.30156296  0.30502343  0.27680343  0.17766273  0.15177771]
 [ 0.27703246  0.28746244  0.3044287   0.25692308  0.09256208]
 [ 0.10491846  0.09044616  0.05662426 -0.02556586 -0.17629875]] 
Episode: 1129: [[ 0.25771007  0.24196333  0.15923226  0.02500059  0.10683178]
 [ 0.243445    0.23301494  0.16270405  0.03936414  0.12146971]
 [ 0.3015492   0.3050091   0.27678514  0.17764442  0.15177189]
 [ 0.27704287  0.28746855  0.30444482  0.25694212  0.09261305]
 [ 0.10493322  0.09046264  0.05662222 -0.02558782 -0.17624524]] 
Episode: 1130: [[ 0.25762242  0.2418757   0.15911254  0.02486836  0.10682366]
 [ 0.2433489   0.23291756  0.16255887  0.03919913  0.12146837]
 [ 0.30152386  0.30498287  0.2767515   0.17760918  0.15175879]
 [ 0.2770794   0.28750175  0.3044959   0.25699756  0.09267757]
 [ 0.10495768  0.0904886   0.05663649 -0.02559184 -0.1761932 ]] 
Episode: 1131: [[ 0.25752327  0.24177651  0.15897687  0.02472107  0.10680691]
 [ 0.2432359   0.2328031   0.16239238  0.03901391  0.12145337]
 [ 0.30149347  0.3049518   0.2767114   0.17756887  0.15174353]
 [ 0.27713543  0.28755543  0.3045736   0.25708184  0.09275284]
 [ 0.10495774  0.09048972  0.05661916 -0.0256282  -0.17615815]] 
Episode: 1132: [[ 0.2574323   0.24168615  0.15885203  0.02458714  0.1067955 ]
 [ 0.2431088   0.23267487  0.16220678  0.03881091  0.12143171]
 [ 0.30151597  0.30497476  0.27674356  0.1776056   0.1517582 ]
 [ 0.2772613   0.2876787   0.30471173  0.2572254   0.09287982]
 [ 0.10488649  0.09041883  0.05650575 -0.02576317 -0.17616059]] 
Episode: 1133: [[ 0.25732988  0.24158394  0.15871122  0.02443661  0.10677928]
 [ 0.24297984  0.23254463  0.1620183   0.03860418  0.12141004]
 [ 0.3015481   0.30500746  0.27678442  0.1776477   0.15178543]
 [ 0.27734905  0.28776282  0.3048079   0.25732747  0.0929655 ]
 [ 0.10484947  0.09038328  0.05643    -0.02586306 -0.17613056]] 
Episode: 1134: [[ 0.2572314   0.24148645  0.15857346  0.02428959  0.10676853]
 [ 0.24282287  0.23238632  0.16179371  0.03836167  0.12137075]
 [ 0.30160025  0.30506107  0.27685213  0.17771876  0.15182656]
 [ 0.2775034   0.28791344  0.30496264  0.25748706  0.09309689]
 [ 0.10474036  0.09027445  0.05626237 -0.02605633 -0.17614782]] 
Episode: 1135: [[ 0.25717962  0.241436    0.15850148  0.02421376  0.10678933]
 [ 0.24273397  0.23229694  0.16166626  0.03822393  0.12137   ]
 [ 0.30163255  0.30509403  0.276899    0.17777112  0.15185598]
 [ 0.27756682  0.28797397  0.30503362  0.25756288  0.09315972]
 [ 0.10472662  0.09026181  0.05621691 -0.02612564 -0.17611563]] 
Episode: 1136: [[ 0.257134    0.2413919   0.15843785  0.02414635  0.10681234]
 [ 0.24264523  0.2322077   0.16154197  0.03809049  0.1213648 ]
 [ 0.30167383  0.30513617  0.2769572   0.17783405  0.15189162]
 [ 0.27764082  0.28804588  0.30511844  0.25765172  0.09323037]
 [ 0.10468867  0.09022428  0.05614568 -0.02621869 -0.17610502]] 
Episode: 1137: [[ 0.25706613  0.24132472  0.15834704  0.02404976  0.10681439]
 [ 0.24257916  0.2321419   0.16144237  0.03797954  0.12137794]
 [ 0.30175197  0.3052159   0.27705997  0.17794082  0.15195403]
 [ 0.27773505  0.28813866  0.30523354  0.25777286  0.09330984]
 [ 0.1046454   0.09018127  0.05606759 -0.02632074 -0.17609705]] 
Episode: 1138: [[ 0.2569591   0.24121848  0.1581979   0.02389256  0.1068041 ]
 [ 0.2425537   0.23212     0.16137333  0.03789308  0.12144718]
 [ 0.30176717  0.3052319   0.27708754  0.17797683  0.15196536]
 [ 0.2778046   0.28820577  0.30532852  0.25787938  0.09334856]
 [ 0.10469124  0.09023081  0.05607853 -0.02634015 -0.17599608]] 
Episode: 1139: [[ 0.25684616  0.24110585  0.15804318  0.02373216  0.10678523]
 [ 0.24252683  0.23209618  0.1613071   0.03781308  0.12150708]
 [ 0.3017622   0.30522713  0.2770907   0.17798948  0.15196149]
 [ 0.2778547   0.2882531   0.30540013  0.2579625   0.09337018]
 [ 0.10473121  0.09027413  0.05608646 -0.02635901 -0.17590474]] 
Episode: 1140: [[ 0.2567218   0.2409814   0.15787381  0.02355729  0.1067583 ]
 [ 0.24248244  0.23205414  0.16122067  0.03771406  0.12155259]
 [ 0.30174398  0.3052089   0.2770756   0.17798302  0.15195228]
 [ 0.2778985   0.2882943   0.30546346  0.25803646  0.09338826]
 [ 0.10475619  0.09030204  0.05607847 -0.02639176 -0.17582574]] 
Episode: 1141: [[ 0.25661865  0.24087775  0.15773612  0.02341847  0.10674485]
 [ 0.24248618  0.2320605   0.16120322  0.03769064  0.12162556]
 [ 0.3016897   0.30515343  0.27701387  0.17792954  0.1519249 ]
 [ 0.27786234  0.2882563   0.30545208  0.2580351   0.09333272]
 [ 0.10486001  0.09040943  0.0561762  -0.02631705 -0.17570788]] 
Episode: 1142: [[ 0.2564949   0.24075355  0.15756875  0.02324668  0.10671937]
 [ 0.24247126  0.23204821  0.16115867  0.03763627  0.12168828]
 [ 0.30164552  0.30510896  0.27695855  0.17787842  0.15191248]
 [ 0.27786553  0.28825864  0.30549046  0.25808474  0.09330772]
 [ 0.10493925  0.09049159  0.05624485 -0.02627311 -0.17560898]] 
Episode: 1143: [[ 0.2562943   0.24055058  0.1573181   0.02299339  0.10663715]
 [ 0.2423754   0.23195277  0.1610234   0.0374936   0.12169248]
 [ 0.30153465  0.30499634  0.27682224  0.17774664  0.15184979]
 [ 0.27787358  0.28826597  0.30553356  0.25813967  0.09328623]
 [ 0.1049735   0.0905281   0.05625669 -0.0262863  -0.17553815]] 
Episode: 1144: [[ 0.2561663   0.24042147  0.1571637   0.02283934  0.10659173]
 [ 0.242316    0.23189373  0.16094467  0.03741151  0.12169962]
 [ 0.30147198  0.3049326   0.27675155  0.17768256  0.1518111 ]
 [ 0.2778813   0.2882731   0.30557346  0.25819087  0.09326611]
 [ 0.10501239  0.09056894  0.05627995 -0.02628541 -0.17547315]] 
Episode: 1145: [[ 0.2560607   0.24031459  0.15703742  0.02271258  0.10656486]
 [ 0.24230774  0.23188671  0.1609301   0.03739322  0.12174599]
 [ 0.30139276  0.30485144  0.27665964  0.17759542  0.15176511]
 [ 0.27781263  0.28820437  0.30554095  0.25816897  0.09318662]
 [ 0.10513221  0.09069216  0.0564056  -0.02618061 -0.17535496]] 
Episode: 1146: [[ 0.25598422  0.24023753  0.15694848  0.02262316  0.10656011]
 [ 0.24231364  0.231894    0.16093655  0.03739644  0.12179983]
 [ 0.30133653  0.3047937   0.27659893  0.17753989  0.15173535]
 [ 0.277757    0.2881486   0.30552366  0.25816375  0.09311394]
 [ 0.10523795  0.09080078  0.056517   -0.02608933 -0.17524828]] 
Episode: 1147: [[ 0.2559311   0.2401841   0.15689032  0.02256561  0.10657057]
 [ 0.24234703  0.23192923  0.16098024  0.03743873  0.12186999]
 [ 0.30126125  0.30471605  0.2765161   0.17746213  0.15169072]
 [ 0.27763137  0.28802335  0.3054397   0.25809112  0.09298754]
 [ 0.10537985  0.09094623  0.05667836 -0.02594402 -0.17511988]] 
Episode: 1148: [[ 0.2558382   0.24009043  0.15677808  0.02245468  0.10656165]
 [ 0.24233058  0.23191391  0.16095665  0.03741402  0.1219158 ]
 [ 0.30116436  0.30461687  0.27640328  0.17735498  0.15163939]
 [ 0.27753097  0.28792354  0.30538276  0.25804612  0.09288207]
 [ 0.10548811  0.09105779  0.05679519 -0.02584286 -0.17500776]] 
Episode: 1149: [[ 0.2558207   0.24007332  0.1567697   0.02245388  0.1065877 ]
 [ 0.24239124  0.23197733  0.16103058  0.03748551  0.12200163]
 [ 0.301098    0.30454835  0.27633587  0.17729764  0.15159841]
 [ 0.27742785  0.28782028  0.30531856  0.25799376  0.09277172]
 [ 0.10562742  0.091201    0.05695519 -0.02569425 -0.17487982]] 
Episode: 1150: [[ 0.2558147   0.24006844  0.1567786   0.02247177  0.1066175 ]
 [ 0.24244294  0.23203194  0.1610955   0.03754883  0.12207878]
 [ 0.30107284  0.30452225  0.2763264   0.17730154  0.15157986]
 [ 0.27741075  0.28780255  0.30532926  0.25801465  0.09271919]
 [ 0.10571106  0.09128777  0.05704067 -0.02562352 -0.17478262]] 
Episode: 1151: [[ 0.25578293  0.24003968  0.1567389   0.02242932  0.10665961]
 [ 0.24244426  0.23203714  0.16108124  0.03752134  0.12215082]
 [ 0.30117646  0.30462384  0.27642655  0.17741239  0.15166068]
 [ 0.27747092  0.28786168  0.30540732  0.25810137  0.09280226]
 [ 0.10567603  0.09125328  0.05701284 -0.02566376 -0.17476252]] 
Episode: 1152: [[ 0.25576854  0.24002868  0.15672137  0.02240956  0.1067073 ]
 [ 0.2424346   0.2320309   0.161055    0.03748253  0.12220768]
 [ 0.3012807   0.30472666  0.27653402  0.17753164  0.15173744]
 [ 0.2775774   0.28796878  0.30554587  0.2582473   0.09291355]
 [ 0.1056292   0.09120651  0.05696765 -0.02572259 -0.17475522]] 
Episode: 1153: [[ 0.2557698   0.24003348  0.15672958  0.02242064  0.10676117]
 [ 0.24244198  0.23204198  0.16105665  0.0374772   0.12227186]
 [ 0.30137947  0.30482417  0.27664372  0.17765623  0.15180701]
 [ 0.2776685   0.2880602   0.30566615  0.25837472  0.09300759]
 [ 0.10559672  0.09117442  0.05694206 -0.02575777 -0.17474088]] 
Episode: 1154: [[ 0.255753    0.24001977  0.1567106   0.02240056  0.1068063 ]
 [ 0.24240531  0.23200725  0.16100375  0.03741402  0.12230251]
 [ 0.3014567   0.3048999   0.27672642  0.17774925  0.15186483]
 [ 0.27775902  0.28815058  0.30579138  0.25851     0.09308704]
 [ 0.10558809  0.09116736  0.05693445 -0.02578148 -0.17469798]] 
Episode: 1155: [[ 0.2557002   0.23996848  0.15664373  0.02233193  0.10682268]
 [ 0.2423418   0.23194449  0.16091506  0.03731545  0.12231249]
 [ 0.30149868  0.3049398   0.2767624   0.17779307  0.1519024 ]
 [ 0.2778175   0.28820845  0.30586997  0.25859556  0.09314778]
 [ 0.10558729  0.09116825  0.05693427 -0.02579599 -0.1746512 ]] 
Episode: 1156: [[ 0.25566506  0.23993497  0.15660283  0.02229143  0.10683526]
 [ 0.24230239  0.23190618  0.16085987  0.03725253  0.12232447]
 [ 0.30156016  0.3050002   0.2768248   0.17786336  0.15195   ]
 [ 0.2778899   0.2882811   0.3059674   0.2587007   0.09321883]
 [ 0.10559105  0.09117342  0.05694229 -0.02579992 -0.17461413]] 
Episode: 1157: [[ 0.2556196   0.23989086  0.15654622  0.02223414  0.10684199]
 [ 0.24225762  0.23186249  0.16079427  0.03717805  0.12233584]
 [ 0.30160487  0.30504394  0.2768655   0.17791004  0.15199028]
 [ 0.27799913  0.28839168  0.30611613  0.25885826  0.09331284]
 [ 0.10555811  0.09114102  0.05690137 -0.02585344 -0.1746026 ]] 
Episode: 1158: [[ 0.25559995  0.23987414  0.15653244  0.0222203   0.10685382]
 [ 0.24217756  0.23178332  0.16069014  0.03706238  0.12231531]
 [ 0.30170077  0.30514076  0.27699065  0.1780472   0.15204482]
 [ 0.27817303  0.2885663   0.30631837  0.25906795  0.09349255]
 [ 0.10544387  0.09102599  0.05675996 -0.02600533 -0.17463969]] 
Episode: 1159: [[ 0.25561154  0.23989022  0.15656352  0.02225808  0.10688751]
 [ 0.24209978  0.23170707  0.16059491  0.03696165  0.12229544]
 [ 0.30183396  0.30527672  0.2771708   0.17824593  0.15212505]
 [ 0.27839595  0.2887915   0.30656868  0.2593245   0.09369063]
 [ 0.10528172  0.09086224  0.05655859 -0.0262164  -0.17470962]] 
Episode: 1160: [[ 0.25567675  0.23996134  0.15665784  0.02235424  0.10696071]
 [ 0.24202102  0.23162973  0.1604975   0.03685452  0.12227366]
 [ 0.30199435  0.30544034  0.27739054  0.17848274  0.15221629]
 [ 0.27865788  0.289056    0.30686218  0.25962314  0.09388661]
 [ 0.10510946  0.09068818  0.05634085 -0.02644829 -0.1747844 ]] 
Episode: 1161: [[ 0.2557223   0.2400119   0.156724    0.02242103  0.10702244]
 [ 0.24193716  0.2315469   0.16039039  0.03673727  0.12225133]
 [ 0.3021285   0.30557704  0.27757525  0.17868288  0.15229245]
 [ 0.27889478  0.28929496  0.3071304   0.25989732  0.09405944]
 [ 0.10494177  0.09051866  0.05612738 -0.02667571 -0.17485684]] 
Episode: 1162: [[ 0.2557871   0.24008277  0.15681514  0.02251288  0.10709717]
 [ 0.24189487  0.23150736  0.16033642  0.03667372  0.12225716]
 [ 0.3022728   0.30572486  0.27777538  0.17889869  0.15237628]
 [ 0.27913296  0.28953567  0.3074106   0.26018697  0.09422784]
 [ 0.10478894  0.09036431  0.05593244 -0.02688541 -0.17492296]] 
Episode: 1163: [[ 0.25586817  0.24017008  0.15692803  0.02263022  0.10718632]
 [ 0.24188621  0.23150225  0.16032626  0.03665823  0.12228893]
 [ 0.30241042  0.30586588  0.27796823  0.17910862  0.15245917]
 [ 0.27934152  0.28974622  0.30765656  0.26044184  0.09437209]
 [ 0.10468476  0.09025933  0.05580346 -0.02702331 -0.17496088]] 
Episode: 1164: [[ 0.25594366  0.2402511   0.15703614  0.02274436  0.10726402]
 [ 0.2418832   0.23150216  0.1603298   0.03666053  0.12231161]
 [ 0.30250978  0.30596787  0.2781124   0.1792688   0.15251596]
 [ 0.27950218  0.28990862  0.30783504  0.26062477  0.09449425]
 [ 0.10460966  0.09018381  0.05571417 -0.02711822 -0.17498642]] 
Episode: 1165: [[ 0.25602254  0.24033476  0.15714747  0.02286069  0.10735078]
 [ 0.24191892  0.23154101  0.16038261  0.03671245  0.12236579]
 [ 0.3025783   0.30603752  0.27821803  0.1793884   0.15255442]
 [ 0.27957094  0.2899794   0.30792713  0.26072133  0.09453037]
 [ 0.10461053  0.09018531  0.05572388 -0.02711142 -0.17496237]] 
Episode: 1166: [[ 0.2561044   0.24042064  0.15726745  0.02298735  0.10743523]
 [ 0.24199025  0.23161572  0.16048525  0.03681684  0.12244064]
 [ 0.30263436  0.30609414  0.2783086   0.17949182  0.15258612]
 [ 0.2795752   0.28998423  0.30794156  0.26074025  0.09452493]
 [ 0.10466778  0.09024362  0.05581246 -0.02702089 -0.17491078]] 
Episode: 1167: [[ 0.25615242  0.2404724   0.15734006  0.02306277  0.10750421]
 [ 0.24201877  0.23164706  0.16052891  0.03685813  0.12249465]
 [ 0.3026874   0.30614802  0.27839583  0.17959118  0.1526181 ]
 [ 0.27963245  0.290043    0.3080229   0.26082516  0.09455116]
 [ 0.10467667  0.09025301  0.055834   -0.02700263 -0.17488392]] 
Episode: 1168: [[ 0.25618064  0.24050345  0.15738644  0.02310965  0.10756033]
 [ 0.24204296  0.2316735   0.16056718  0.0368929   0.12254553]
 [ 0.3027373   0.30619875  0.2784736   0.17967737  0.15265658]
 [ 0.27967823  0.29009032  0.30808344  0.26088688  0.09457779]
 [ 0.10469657  0.09027308  0.05587288 -0.0269664  -0.17485586]] 
Episode: 1169: [[ 0.25614285  0.24046676  0.1573508   0.02307624  0.10756253]
 [ 0.24202782  0.2316594   0.16055626  0.03687963  0.12256256]
 [ 0.30274487  0.3062065   0.2784955   0.17970689  0.1526667 ]
 [ 0.27972826  0.29014227  0.30814615  0.2609499   0.09461575]
 [ 0.10470303  0.09027937  0.05589417 -0.02694792 -0.17484164]] 
Episode: 1170: [[ 0.2560611   0.24038573  0.15725091  0.02297392  0.10754378]
 [ 0.241995    0.2316277   0.16051368  0.03683017  0.12257656]
 [ 0.30272558  0.3061872   0.27847716  0.17969228  0.15266322]
 [ 0.27976382  0.2901795   0.30818972  0.26099423  0.09464395]
 [ 0.10473427  0.09031183  0.05593427 -0.02691693 -0.17479578]] 
Episode: 1171: [[ 0.25597858  0.24030407  0.15714906  0.02287093  0.10752915]
 [ 0.24195477  0.23158862  0.16046144  0.03677291  0.12258954]
 [ 0.3027069   0.3061687   0.27845958  0.1796794   0.15266392]
 [ 0.2798118   0.2902293   0.3082514   0.26105776  0.09467979]
 [ 0.10474616  0.09032477  0.05594893 -0.02691041 -0.17476015]] 
Episode: 1172: [[ 0.25589922  0.24022588  0.15705064  0.02277129  0.10751814]
 [ 0.24190542  0.23154023  0.16039824  0.03670504  0.12259492]
 [ 0.30272457  0.3061876   0.27848834  0.17971382  0.1526914 ]
 [ 0.2799039   0.29032412  0.30837396  0.26118293  0.09474584]
 [ 0.10473695  0.09031618  0.05593772 -0.02692918 -0.17474137]] 
Episode: 1173: [[ 0.2558279   0.24015641  0.15696794  0.02269451  0.10751504]
 [ 0.24185233  0.23148856  0.16033493  0.03664371  0.12260137]
 [ 0.30275813  0.30622312  0.27854285  0.17978053  0.15273124]
 [ 0.28001457  0.29043773  0.308526    0.26134124  0.09481947]
 [ 0.1046927   0.09027229  0.05588228 -0.02699026 -0.17474268]] 
Episode: 1174: [[ 0.25577867  0.24010961  0.15691145  0.02264444  0.10753288]
 [ 0.24180269  0.23144047  0.16027568  0.03658698  0.12261394]
 [ 0.30280757  0.3062747   0.27861875  0.17986935  0.15278246]
 [ 0.28012908  0.29055488  0.30868652  0.2615093   0.09488981]
 [ 0.10464737  0.09022745  0.05582463 -0.02705319 -0.17474106]] 
Episode: 1175: [[ 0.25571728  0.24005024  0.15683651  0.02257488  0.10754278]
 [ 0.24173556  0.23137434  0.16019243  0.03650595  0.12261368]
 [ 0.30284488  0.30631396  0.2786764   0.1799389   0.15282738]
 [ 0.28022832  0.2906564   0.30882594  0.26165614  0.09495109]
 [ 0.10460606  0.09018678  0.05577054 -0.02711219 -0.17473678]] 
Episode: 1176: [[ 0.25564983  0.23998435  0.15675263  0.02249464  0.10755087]
 [ 0.2416641   0.23130353  0.16010247  0.03641675  0.12261344]
 [ 0.30286703  0.30633754  0.27871388  0.17998652  0.15286425]
 [ 0.28029802  0.2907275   0.30892664  0.26176363  0.09498966]
 [ 0.10458306  0.09016466  0.05573907 -0.02714889 -0.17471866]] 
Episode: 1177: [[ 0.25552848  0.23986225  0.15661167  0.02235906  0.10750183]
 [ 0.24159212  0.231232    0.16001205  0.03632568  0.12261171]
 [ 0.30286428  0.30633545  0.27872074  0.18000141  0.15288132]
 [ 0.28040618  0.2908379   0.30907518  0.26191828  0.09505662]
 [ 0.10458522  0.09016833  0.05573503 -0.02716152 -0.17467812]] 
Episode: 1178: [[ 0.25540507  0.23973732  0.15646906  0.0222216   0.1074469 ]
 [ 0.24152535  0.2311651   0.15993024  0.0362438   0.12260824]
 [ 0.30284533  0.30631652  0.2787055   0.17999293  0.15288875]
 [ 0.28047118  0.29090437  0.3091621   0.26200852  0.09509961]
 [ 0.10459299  0.09017753  0.05573814 -0.02716653 -0.1746344 ]] 
Episode: 1179: [[ 0.2552816   0.239612    0.15632017  0.02207329  0.10739865]
 [ 0.24145721  0.2310965   0.15984178  0.03615131  0.12260922]
 [ 0.30281216  0.30628282  0.27866805  0.17995827  0.15289038]
 [ 0.28051025  0.29094392  0.3092164   0.26206565  0.09511947]
 [ 0.10460841  0.09019417  0.05575167 -0.02716166 -0.17458777]] 
Episode: 1180: [[ 0.2552771   0.23961043  0.15628763  0.02203977  0.1074528 ]
 [ 0.24140519  0.23104568  0.15977232  0.03608119  0.12262721]
 [ 0.30279917  0.30627042  0.2786587   0.17995559  0.15290494]
 [ 0.28057417  0.29100943  0.3093029   0.2621561   0.09516129]
 [ 0.10464649  0.0902345   0.05579392 -0.02712531 -0.17452626]] 
Episode: 1181: [[ 0.25528294  0.23961854  0.15627034  0.02202175  0.10751037]
 [ 0.24138616  0.23102759  0.15974894  0.03605946  0.12265784]
 [ 0.30276823  0.30623925  0.27862197  0.1799223   0.15291068]
 [ 0.2805555   0.29099268  0.30931202  0.2621693   0.0951407 ]
 [ 0.10474548  0.0903364   0.05591791 -0.02700287 -0.17443223]] 
Episode: 1182: [[ 0.25526977  0.23960689  0.1562259   0.02197318  0.10755491]
 [ 0.24137644  0.23101886  0.15973201  0.03604123  0.1226952 ]
 [ 0.30268434  0.30615333  0.27851924  0.17982143  0.15287034]
 [ 0.28046262  0.29090202  0.3092516   0.26211306  0.09505531]
 [ 0.10490007  0.0904952   0.05610612 -0.02681744 -0.17429446]] 
Episode: 1183: [[ 0.25519946  0.23953617  0.15611427  0.02185619  0.107549  ]
 [ 0.24132939  0.2309717   0.15966587  0.03597119  0.1227051 ]
 [ 0.30258137  0.30604815  0.27838716  0.1796872   0.15282232]
 [ 0.2803579   0.29079863  0.30917022  0.26203513  0.09496219]
 [ 0.1050505   0.09064978  0.05628562 -0.0266436  -0.174158  ]] 
Episode: 1184: [[ 0.25515714  0.23949444  0.15604238  0.02177938  0.10755993]
 [ 0.24129143  0.23093437  0.1596106   0.0359101   0.12272296]
 [ 0.30254525  0.30601147  0.27834544  0.17964643  0.15281501]
 [ 0.28033978  0.29078123  0.30916563  0.26203313  0.09494099]
 [ 0.1051202   0.09072203  0.05636221 -0.02657702 -0.17407635]] 
Episode: 1185: [[ 0.25511026  0.23944737  0.15596658  0.02169713  0.10756337]
 [ 0.24126133  0.23090462  0.15956536  0.03585836  0.1227438 ]
 [ 0.3025      0.30596498  0.2782923   0.17959256  0.15279852]
 [ 0.2802883   0.2907291   0.30911693  0.26198578  0.09489015]
 [ 0.10520351  0.09080827  0.0564534  -0.02649603 -0.17398134]] 
Episode: 1186: [[ 0.25505102  0.23938742  0.15587631  0.02160077  0.10755855]
 [ 0.2412241   0.23086736  0.15951157  0.03579892  0.1227594 ]
 [ 0.30243316  0.3058963   0.27821058  0.1795093   0.15276845]
 [ 0.28021502  0.2906546   0.30903402  0.26190123  0.09482829]
 [ 0.10528752  0.0908951   0.0565476  -0.02641    -0.17388828]] 
Episode: 1187: [[ 0.25498465  0.23932025  0.15577845  0.02149978  0.10755281]
 [ 0.2411896   0.23083298  0.1594624   0.03574767  0.12277957]
 [ 0.30235207  0.30581313  0.27811068  0.17940962  0.15273239]
 [ 0.28011316  0.29055062  0.3089101   0.26177382  0.09474765]
 [ 0.10536515  0.09097571  0.05663329 -0.02633037 -0.17379633]] 
Episode: 1188: [[ 0.25490788  0.23924245  0.15566637  0.02138357  0.10753962]
 [ 0.24115278  0.23079628  0.15940858  0.03569138  0.12279749]
 [ 0.30227706  0.3057365   0.27801436  0.17931196  0.15270504]
 [ 0.28002095  0.29045656  0.30879614  0.26165566  0.09467723]
 [ 0.1054246   0.09103765  0.05669817 -0.02626971 -0.17372207]] 
Episode: 1189: [[ 0.25488418  0.23921865  0.15563379  0.02135062  0.10755108]
 [ 0.2411645   0.23080938  0.15942276  0.0357042   0.12284318]
 [ 0.30219263  0.30564985  0.2779171   0.17921636  0.15265882]
 [ 0.2799      0.29033265  0.30864793  0.2615053   0.09457953]
 [ 0.10552457  0.09114108  0.05681679 -0.02615606 -0.17362145]] 
Episode: 1190: [[ 0.2549819   0.23931539  0.15570574  0.02142074  0.10765806]
 [ 0.24124569  0.23089679  0.15952829  0.03580882  0.12294149]
 [ 0.3022232   0.305683    0.27793962  0.1792389   0.15268178]
 [ 0.2798674   0.29029688  0.3085833   0.26143822  0.09458181]
 [ 0.10557599  0.09119491  0.0568818  -0.02609903 -0.1735683 ]] 
Episode: 1191: [[ 0.25509173  0.2394248   0.15580334  0.02152102  0.10776874]
 [ 0.24133134  0.23098826  0.15964477  0.03592875  0.12303694]
 [ 0.30227178  0.30573422  0.27799124  0.17929426  0.15271574]
 [ 0.27983448  0.29026088  0.30852148  0.2613745   0.09457926]
 [ 0.10562085  0.09124198  0.05694009 -0.02604605 -0.17352046]] 
Episode: 1192: [[ 0.25516656  0.23949936  0.15586019  0.02158168  0.10785626]
 [ 0.24138372  0.2310458   0.15971819  0.03600641  0.12310893]
 [ 0.30228975  0.30575466  0.27800465  0.1793122   0.15273422]
 [ 0.27983454  0.2902593   0.30850473  0.26135772  0.09460599]
 [ 0.10568047  0.0913038   0.05702096 -0.02596721 -0.17347182]] 
Episode: 1193: [[ 0.25523007  0.23956314  0.15589708  0.02161673  0.10793487]
 [ 0.24140018  0.23106666  0.15973647  0.03602245  0.12315461]
 [ 0.3023117   0.30577967  0.27801567  0.1793231   0.15276012]
 [ 0.2798888   0.29031402  0.3085583   0.2614108   0.09467835]
 [ 0.10572038  0.09134546  0.05707279 -0.02592059 -0.17344067]] 
Episode: 1194: [[ 0.25526047  0.23959321  0.15589304  0.02160917  0.10798989]
 [ 0.24138619  0.2310559   0.15971331  0.03599522  0.12317851]
 [ 0.30233186  0.3058027   0.27802286  0.17932916  0.15278727]
 [ 0.279956    0.29038203  0.30863172  0.26148516  0.09475642]
 [ 0.10575101  0.09137759  0.05711227 -0.02588624 -0.17341495]] 
Episode: 1195: [[ 0.2553114   0.23964447  0.1559184   0.0216285   0.10806098]
 [ 0.24138463  0.2310574   0.15970828  0.03598425  0.12320855]
 [ 0.30235147  0.3058247   0.2780326   0.17933606  0.15281339]
 [ 0.27999353  0.29041955  0.3086682   0.26152194  0.09480853]
 [ 0.10580682  0.09143531  0.05718518 -0.02581832 -0.17337205]] 
Episode: 1196: [[ 0.2553419   0.2396763   0.15592492  0.02162843  0.10810775]
 [ 0.24128239  0.23095605  0.1596071   0.03587935  0.12315433]
 [ 0.3024974   0.30597147  0.2781512   0.17945065  0.15294847]
 [ 0.2801035   0.290529    0.3087697   0.2616232   0.094987  ]
 [ 0.10573325  0.09136482  0.05714535 -0.02586168 -0.17345579]] 
Episode: 1197: [[ 0.25537863  0.23971519  0.15594077  0.02163705  0.10815414]
 [ 0.24118035  0.23085527  0.1595007   0.03576755  0.12309721]
 [ 0.30264863  0.30612442  0.27828404  0.1795804   0.15308009]
 [ 0.2802649   0.29069147  0.30892965  0.26178244  0.09518995]
 [ 0.1056544   0.09128872  0.05709403 -0.0259161  -0.17354302]] 
Episode: 1198: [[ 0.2553961   0.23973435  0.15593134  0.02161871  0.10819067]
 [ 0.24107133  0.23074706  0.15937984  0.03563953  0.12303869]
 [ 0.30277333  0.30625048  0.2783865   0.1796785   0.15319477]
 [ 0.28040493  0.29083225  0.3090673   0.26191986  0.09536866]
 [ 0.10557037  0.09120687  0.05703044 -0.02598374 -0.17362942]] 
Episode: 1199: [[ 0.2553575   0.2396962   0.1558441   0.02151708  0.10820306]
 [ 0.24093248  0.23060817  0.15920973  0.03545765  0.1229761 ]
 [ 0.3028594   0.30633724  0.27843732  0.17972098  0.15329175]
 [ 0.28053892  0.29096684  0.3092011   0.26205307  0.09553318]
 [ 0.10547665  0.09111498  0.05694696 -0.02607305 -0.17371128]] 
Episode: 1200: [[ 0.25536102  0.23970133  0.15581788  0.02147642  0.10824419]
 [ 0.24082151  0.23049778  0.15907782  0.03531242  0.1229321 ]
 [ 0.30299363  0.30647334  0.27856115  0.1798384   0.15341865]
 [ 0.28071436  0.29114395  0.30939013  0.2622411   0.09571595]
 [ 0.10538021  0.09101988  0.05685792 -0.02617117 -0.17379217]] 
