Episode: 1: [[ 0.06548038  0.08637406 -0.36488664 -0.2958537   0.04321667  0.
  -0.04089559  0.          0.00317181  0.0515337 ]
 [ 0.05219998  0.20385922 -0.39363766 -0.28744915  0.1253826   0.
  -0.05373062  0.         -0.01725222  0.06171844]
 [ 0.24679242  0.4260528  -0.4249437  -0.21600969  0.15764914  0.
  -0.00804868  0.         -0.03533321  0.01345942]
 [ 0.5298373   0.5699851  -0.428633   -0.03843245  0.14560068  0.
   0.05569325  0.         -0.04325048 -0.03996527]
 [ 0.12280456  0.12764107 -0.28589633 -0.13542205  0.11798532  0.
  -0.05433534  0.         -0.0089737   0.10455196]] 
Episode: 2: [[ 0.06648038  0.08537406 -0.36588663 -0.2968537   0.0422167   0.
  -0.03989559  0.          0.00317181  0.0525337 ]
 [ 0.05319998  0.20285922 -0.39463764 -0.28844914  0.12638259  0.
  -0.05273062  0.         -0.01725222  0.06271844]
 [ 0.24579242  0.4270528  -0.42594367 -0.2170097   0.15664914  0.
  -0.00704868  0.         -0.03533321  0.01445942]
 [ 0.5288373   0.5709851  -0.429633   -0.03943245  0.14460067  0.
   0.05669325  0.         -0.04325048 -0.03896527]
 [ 0.12380456  0.12664123 -0.28689632 -0.13642204  0.11898532  0.
  -0.05333535  0.         -0.0089737   0.10555197]] 
Episode: 3: [[ 0.06731973  0.0843837  -0.36682418 -0.29760778  0.04140914  0.
  -0.03890601  0.          0.00317181  0.0524671 ]
 [ 0.05402521  0.20186406 -0.3955795  -0.28920096  0.12596306  0.
  -0.05176254  0.         -0.01725222  0.06263351]
 [ 0.24598177  0.4266544  -0.4268176  -0.21778202  0.15567821  0.
  -0.00604868  0.         -0.03533321  0.01440679]
 [ 0.5279052   0.5707409  -0.43047854 -0.04022651  0.14362597  0.
   0.05769325  0.         -0.04325048 -0.03797467]
 [ 0.12461902  0.12588185 -0.2878499  -0.13716744  0.11921142  0.
  -0.05249342  0.         -0.0089737   0.10505342]] 
Episode: 4: [[ 0.06822715  0.08362255 -0.36701787 -0.29847217  0.04076443  0.
  -0.0379094   0.          0.00317181  0.05279767]
 [ 0.05491996  0.20112    -0.39580444 -0.29006332  0.12532079  0.
  -0.05077885  0.         -0.01725222  0.06293862]
 [ 0.24644847  0.42597458 -0.42693585 -0.21865587  0.15500653  0.
  -0.00504868  0.         -0.03533321  0.01474258]
 [ 0.52694666  0.5700777  -0.4305536  -0.04111222  0.14293735  0.
   0.05869325  0.         -0.04325048 -0.03697819]
 [ 0.12551558  0.12522049 -0.2880365  -0.13802162  0.11857624  0.
  -0.05158148  0.         -0.0089737   0.10489963]] 
Episode: 5: [[ 0.0690947   0.08311704 -0.36722276 -0.29916656  0.04028492  0.
  -0.03753653  0.          0.00317181  0.05305699]
 [ 0.05575988  0.20063964 -0.3960359  -0.29075468  0.12484514  0.
  -0.05042976  0.         -0.01725222  0.06317781]
 [ 0.24704383  0.42548415 -0.42705613 -0.21935897  0.15448731  0.
  -0.00462916  0.         -0.03533321  0.01497649]
 [ 0.52617407  0.56957823 -0.43062705 -0.04182225  0.14239304  0.
   0.05938123  0.         -0.04325048 -0.03623119]
 [ 0.12628937  0.12479526 -0.2882349  -0.13870402  0.11810481  0.
  -0.05130459  0.         -0.0089737   0.10477529]] 
Episode: 6: [[ 0.06993964  0.08249807 -0.3673869  -0.29996687  0.0396249   0.
  -0.03699986  0.          0.00317181  0.05337926]
 [ 0.05661542  0.2000243  -0.39625975 -0.29155058  0.12418989  0.
  -0.04990729  0.         -0.01725222  0.06324857]
 [ 0.2477493   0.42484623 -0.42696223 -0.22015916  0.1538054   0.
  -0.0040678   0.         -0.03533321  0.01542031]
 [ 0.5253274   0.5689032  -0.43035078 -0.04262717  0.14170067  0.
   0.0601561   0.         -0.04325048 -0.03540834]
 [ 0.12713812  0.12418923 -0.28848523 -0.13949403  0.11744977  0.
  -0.05082969  0.         -0.0089737   0.10433248]] 
Episode: 7: [[ 0.07051881  0.08192975 -0.3674806  -0.30078962  0.03905991  0.
  -0.03635785  0.          0.00317181  0.053361  ]
 [ 0.05722813  0.19947043 -0.3964082  -0.29236645  0.12363786  0.
  -0.04927431  0.         -0.01725222  0.06303646]
 [ 0.24785729  0.42423147 -0.42685622 -0.22101752  0.15318899  0.
  -0.00341276  0.         -0.03533321  0.01566381]
 [ 0.52443206  0.56822264 -0.43009388 -0.04348903  0.14105082  0.
   0.06098601  0.         -0.04325048 -0.03456469]
 [ 0.12786381  0.12365244 -0.28867015 -0.14030467  0.11690592  0.
  -0.05023032  0.         -0.0089737   0.103725  ]] 
Episode: 8: [[ 0.07098497  0.08143585 -0.36784384 -0.30158862  0.03853564  0.
  -0.03564278  0.          0.00317181  0.05317434]
 [ 0.05774502  0.19899306 -0.39681676 -0.29315627  0.12313075  0.
  -0.0485651   0.         -0.01725222  0.06268079]
 [ 0.24771178  0.42367023 -0.42700085 -0.22188665  0.15259773  0.
  -0.00269157  0.         -0.03533321  0.01593267]
 [ 0.52350074  0.56758416 -0.43005294 -0.04438872  0.14041494  0.
   0.06185372  0.         -0.04325048 -0.03368033]
 [ 0.12855694  0.12319544 -0.28911093 -0.14108329  0.11641247  0.
  -0.04954588  0.         -0.0089737   0.10305645]] 
Episode: 9: [[ 0.07111151  0.08091967 -0.36826128 -0.30240238  0.03794311  0.
  -0.03487432  0.          0.00317181  0.05292018]
 [ 0.05791891  0.19849515 -0.3972788  -0.2939593   0.12256168  0.
  -0.04780043  0.         -0.01725222  0.06222652]
 [ 0.24736184  0.42306378 -0.42716596 -0.22278589  0.1519169   0.
  -0.00192139  0.         -0.03533321  0.01636147]
 [ 0.5225632   0.56688625 -0.43000063 -0.04531518  0.13968804  0.
   0.06274881  0.         -0.04325048 -0.0327671 ]
 [ 0.12905528  0.12274627 -0.28959927 -0.14187469  0.11587583  0.
  -0.04879992  0.         -0.0089737   0.102313  ]] 
Episode: 10: [[ 0.07133368  0.08043364 -0.36874276 -0.3032465   0.03735029  0.
  -0.03406538  0.          0.00317181  0.05251102]
 [ 0.05818801  0.19803491 -0.39780435 -0.29479015  0.12198929  0.
  -0.04699383  0.         -0.01725222  0.0616584 ]
 [ 0.24727581  0.42250222 -0.42740157 -0.22371326  0.15125607  0.
  -0.00111366  0.         -0.03533321  0.01651583]
 [ 0.52168185  0.56622833 -0.4300239  -0.04626141  0.13899624  0.
   0.06332086  0.         -0.04325048 -0.03219771]
 [ 0.12964389  0.12231869 -0.29014966 -0.14269473  0.11533072  0.
  -0.04800766  0.         -0.0089737   0.10150699]] 
Episode: 11: [[ 7.1649626e-02  7.9954945e-02 -3.6905497e-01 -3.0408698e-01
   3.6867134e-02  0.0000000e+00 -3.3224855e-02  0.0000000e+00
   3.1718132e-03  5.1987287e-02]
 [ 5.8556266e-02  1.9758175e-01 -3.9815807e-01 -2.9561618e-01
   1.2152408e-01  0.0000000e+00 -4.6154611e-02  0.0000000e+00
  -1.7252218e-02  6.1005536e-02]
 [ 2.4724239e-01  4.2198363e-01 -4.2751914e-01 -2.2465000e-01
   1.5072033e-01  0.0000000e+00 -2.7640047e-04  0.0000000e+00
  -3.5333209e-02  1.6464384e-02]
 [ 5.2081984e-01  5.6561464e-01 -4.2995006e-01 -4.7222722e-02
   1.3842000e-01  0.0000000e+00  6.3963212e-02  0.0000000e+00
  -4.3250479e-02 -3.1650484e-02]
 [ 1.3030708e-01  1.2188621e-01 -2.9051605e-01 -1.4350846e-01
   1.1488890e-01  0.0000000e+00 -4.7179513e-02  0.0000000e+00
  -8.9737000e-03  1.0065476e-01]] 
Episode: 12: [[ 7.18980506e-02  7.95160383e-02 -3.69352400e-01 -3.04872215e-01
   3.64762917e-02  0.00000000e+00 -3.26584391e-02  0.00000000e+00
   3.17181321e-03  5.16066402e-02]
 [ 5.88602498e-02  1.97165236e-01 -3.98492992e-01 -2.96387136e-01
   1.21151440e-01  0.00000000e+00 -4.55911048e-02  0.00000000e+00
  -1.72522180e-02  6.04840070e-02]
 [ 2.47090816e-01  4.21508402e-01 -4.27646577e-01 -2.25530058e-01
   1.50269493e-01  0.00000000e+00  2.93060933e-04  0.00000000e+00
  -3.53332087e-02  1.65886711e-02]
 [ 5.19971848e-01  5.65048635e-01 -4.29906994e-01 -4.81303371e-02
   1.37919769e-01  0.00000000e+00  6.43718690e-02  0.00000000e+00
  -4.32504788e-02 -3.10225729e-02]
 [ 1.30900547e-01  1.21487215e-01 -2.90867090e-01 -1.44269347e-01
   1.14539519e-01  0.00000000e+00 -4.66281027e-02  0.00000000e+00
  -8.97369999e-03  9.99088958e-02]] 
Episode: 13: [[ 0.07199118  0.07910623 -0.3696163  -0.30562     0.03600608  0.
  -0.03202929  0.          0.00317181  0.05112689]
 [ 0.05901563  0.1967779  -0.39879408 -0.2971215   0.1207021   0.
  -0.04496376  0.         -0.01725222  0.05988398]
 [ 0.24674751  0.42105466 -0.42773926 -0.22637522  0.14973116  0.
   0.00092254  0.         -0.03533321  0.01657435]
 [ 0.51907647  0.5645001  -0.4298245  -0.04901927  0.13733542  0.
   0.06486776  0.         -0.04325048 -0.03049354]
 [ 0.13136865  0.12111618 -0.29118466 -0.14499192  0.11411632  0.
  -0.0460101   0.         -0.0089737   0.09913401]] 
Episode: 14: [[ 0.07199392  0.07876476 -0.3699156  -0.3063225   0.03563225  0.
  -0.03162264  0.          0.00317181  0.05069477]
 [ 0.05907091  0.19645937 -0.3991266  -0.29781255  0.12034982  0.
  -0.04455991  0.         -0.01725222  0.0593367 ]
 [ 0.2463319   0.42066514 -0.42786244 -0.22716379  0.14927888  0.
   0.0013335   0.         -0.03533321  0.01661011]
 [ 0.5182022   0.5640253  -0.4297628  -0.0498479   0.13683301  0.
   0.06515597  0.         -0.04325048 -0.02993618]
 [ 0.13172941  0.12081333 -0.29153153 -0.14567673  0.11378726  0.
  -0.04561613  0.         -0.0089737   0.09841594]] 
Episode: 15: [[ 0.07226123  0.07850497 -0.3702563  -0.30689633  0.03529909  0.
  -0.03138122  0.          0.00317181  0.05018174]
 [ 0.05937142  0.1962221  -0.3994983  -0.29837227  0.12003632  0.
  -0.04433227  0.         -0.01725222  0.05872317]
 [ 0.24628647  0.4203474  -0.42800844 -0.22782464  0.14886968  0.
   0.00165473  0.         -0.03533321  0.01648795]
 [ 0.51755625  0.5636338  -0.42972234 -0.05054113  0.13637866  0.
   0.06543256  0.         -0.04325048 -0.02961673]
 [ 0.13224003  0.12058922 -0.29191828 -0.14621861  0.11349081  0.
  -0.04534702  0.         -0.0089737   0.09767637]] 
Episode: 16: [[ 0.07260866  0.07825559 -0.3706254  -0.30739892  0.03503479  0.
  -0.03130018  0.          0.00317181  0.04973479]
 [ 0.05974391  0.19599518 -0.39989522 -0.29886132  0.11979156  0.
  -0.04426344  0.         -0.01725222  0.05818021]
 [ 0.24633308  0.42005056 -0.42817974 -0.22840907  0.14852405  0.
   0.00180507  0.         -0.03533321  0.01642166]
 [ 0.51701117  0.56326926 -0.429703   -0.05115404  0.13598341  0.
   0.06553765  0.         -0.04325048 -0.02926132]
 [ 0.13275562  0.12037332 -0.29232445 -0.14669073  0.11325961  0.
  -0.04524616  0.         -0.0089737   0.09701036]] 
Episode: 17: [[ 0.07297684  0.07802584 -0.3709306  -0.3078749   0.03476644  0.
  -0.03135524  0.          0.00317181  0.04951149]
 [ 0.06013026  0.1957686  -0.40022197 -0.29932523  0.11953218  0.
  -0.04432936  0.         -0.01725222  0.05787263]
 [ 0.24648206  0.41980332 -0.42832854 -0.22895896  0.1482119   0.
   0.00181044  0.         -0.03533321  0.01651206]
 [ 0.5166501   0.5630062  -0.42970178 -0.05172968  0.13565165  0.
   0.06549814  0.         -0.04325048 -0.02880501]
 [ 0.13326436  0.12015126 -0.2926574  -0.14714178  0.11300888  0.
  -0.04528749  0.         -0.0089737   0.09661515]] 
Episode: 18: [[ 0.07324777  0.07784388 -0.3712106  -0.30832762  0.03457576  0.
  -0.03152665  0.          0.00317181  0.04931559]
 [ 0.06041855  0.19559026 -0.4005207  -0.2997672   0.11935055  0.
  -0.04451045  0.         -0.01725222  0.05759835]
 [ 0.24653225  0.41960272 -0.42846456 -0.22947687  0.14797086  0.
   0.0016919   0.         -0.03533321  0.01660344]
 [ 0.516282    0.5627961  -0.42969558 -0.05226936  0.13538411  0.
   0.06533571  0.         -0.04325048 -0.0284137 ]
 [ 0.1336754   0.11997403 -0.29296383 -0.14757495  0.11283434  0.
  -0.0454499   0.         -0.0089737   0.09625474]] 
Episode: 19: [[ 0.07335499  0.07770929 -0.37145665 -0.3087854   0.0343596   0.
  -0.03155723  0.          0.00317181  0.04901916]
 [ 0.06055113  0.19545853 -0.4007858  -0.30021292  0.11914776  0.
  -0.04454942  0.         -0.01725222  0.0572117 ]
 [ 0.24632707  0.41941783 -0.42855826 -0.23000456  0.14768288  0.
   0.00170811  0.         -0.03533321  0.0166944 ]
 [ 0.5157871   0.5625845  -0.42963865 -0.0528314   0.1350594   0.
   0.06531775  0.         -0.04325048 -0.02796643]
 [ 0.13393879  0.11984554 -0.29323503 -0.14801085  0.11264499  0.
  -0.04546946  0.         -0.0089737   0.09579433]] 
Episode: 20: [[ 0.07337134  0.07751215 -0.3717036  -0.30922464  0.03417461  0.
  -0.03146603  0.          0.00317181  0.04878488]
 [ 0.06059093  0.19526704 -0.40104842 -0.30064055  0.11898015  0.
  -0.04446551  0.         -0.01725222  0.05688042]
 [ 0.24607399  0.41916648 -0.4286842  -0.23051473  0.14741562  0.
   0.00184083  0.         -0.03533321  0.01691869]
 [ 0.5152611   0.562294   -0.42962646 -0.05338804  0.13474555  0.
   0.06542417  0.         -0.04325048 -0.02743291]
 [ 0.13412917  0.11967018 -0.29350424 -0.1484288   0.11249631  0.
  -0.04536583  0.         -0.0089737   0.09537368]] 
Episode: 21: [[ 0.07337122  0.07734295 -0.37187245 -0.30962378  0.03399369  0.
  -0.03126906  0.          0.00317181  0.04859955]
 [ 0.06060998  0.19509979 -0.4012295  -0.3010293   0.11881622  0.
  -0.04427487  0.         -0.01725222  0.05660991]
 [ 0.24581498  0.41895035 -0.42875797 -0.23097849  0.14715585  0.
   0.00207471  0.         -0.03533321  0.01714171]
 [ 0.5147398   0.56204766 -0.42958197 -0.05389398  0.1344415   0.
   0.06563822  0.         -0.04325048 -0.02694106]
 [ 0.13428141  0.11951193 -0.29368696 -0.14880824  0.11235312  0.
  -0.04515548  0.         -0.0089737   0.09502915]] 
Episode: 22: [[ 0.07351619  0.07718522 -0.37198576 -0.30992898  0.03381467  0.
  -0.03120893  0.          0.00317181  0.04859277]
 [ 0.0607775   0.19493096 -0.40135258 -0.30132294  0.11864223  0.
  -0.04422048  0.         -0.01725222  0.05652552]
 [ 0.24569495  0.41877812 -0.42879215 -0.23134735  0.14693984  0.
   0.0021674   0.         -0.03533321  0.01743654]
 [ 0.51432186  0.56188357 -0.4295176  -0.05429641  0.13420875  0.
   0.06570967  0.         -0.04325048 -0.02649035]
 [ 0.13453744  0.11934146 -0.29381263 -0.14908591  0.11218643  0.
  -0.04508601  0.         -0.0089737   0.09489335]] 
Episode: 23: [[ 0.07363638  0.07703835 -0.3721893  -0.3102359   0.0336807   0.
  -0.03126857  0.          0.00317181  0.04849729]
 [ 0.06091975  0.19477464 -0.40155923 -0.3016187   0.11851067  0.
  -0.04428532  0.         -0.01725222  0.05635278]
 [ 0.24553238  0.41862136 -0.428919   -0.23171481  0.14677498  0.
   0.00213651  0.         -0.03533321  0.01764944]
 [ 0.5138968   0.5617309  -0.4295392  -0.05469494  0.13402286  0.
   0.0657208   0.         -0.04325048 -0.0261554 ]
 [ 0.13475941  0.11918193 -0.2940094  -0.1493666   0.11205512  0.
  -0.04513959  0.         -0.0089737   0.09468395]] 
Episode: 24: [[ 0.07375602  0.07687148 -0.3723891  -0.3105266   0.03348079  0.
  -0.03120989  0.          0.00317181  0.04844093]
 [ 0.06105416  0.19459333 -0.40176082 -0.30190042  0.11831058  0.
  -0.04423116  0.         -0.01725222  0.05622659]
 [ 0.24542484  0.41845337 -0.42905104 -0.23205668  0.14655918  0.
   0.00222092  0.         -0.03533321  0.01789026]
 [ 0.51352346  0.56157386 -0.42956904 -0.05506598  0.13380086  0.
   0.06584778  0.         -0.04325048 -0.0257811 ]
 [ 0.13496493  0.11899844 -0.2942028  -0.14963463  0.11185805  0.
  -0.04507343  0.         -0.0089737   0.09453353]] 
Episode: 25: [[ 0.07383734  0.07669628 -0.3725299  -0.31087288  0.03324734  0.
  -0.03104706  0.          0.00317181  0.04832559]
 [ 0.06115436  0.19441444 -0.40190637 -0.3022352   0.11808454  0.
  -0.04407226  0.         -0.01725222  0.05603524]
 [ 0.24526575  0.41826266 -0.42913347 -0.23246776  0.14628875  0.
   0.00240681  0.         -0.03533321  0.01815023]
 [ 0.5130928   0.5613702  -0.42956632 -0.05553007  0.13351603  0.
   0.06607626  0.         -0.04325048 -0.02530914]
 [ 0.13515973  0.11882301 -0.29434988 -0.1499538   0.11164923  0.
  -0.04490203  0.         -0.0089737   0.09431149]] 
Episode: 26: [[ 0.07381154  0.07658473 -0.3726597  -0.31120634  0.03297699  0.
  -0.03079232  0.          0.00317181  0.04824055]
 [ 0.06114622  0.19429523 -0.4020381  -0.30255958  0.11781991  0.
  -0.04382096  0.         -0.01725222  0.05587105]
 [ 0.24499562  0.418136   -0.4292193  -0.23285405  0.1459883   0.
   0.00268221  0.         -0.03533321  0.01845529]
 [ 0.5126113   0.56124324 -0.42957732 -0.05595629  0.1332114   0.
   0.06639393  0.         -0.04325048 -0.02480295]
 [ 0.13524358  0.11870532 -0.29448283 -0.1502675   0.11140233  0.
  -0.04463794  0.         -0.0089737   0.09410986]] 
Episode: 27: [[ 0.07373975  0.07649116 -0.37276006 -0.31155002  0.03270995  0.
  -0.03045633  0.          0.00317181  0.0481515 ]
 [ 0.06109548  0.19420229 -0.40214112 -0.30289394  0.11756225  0.
  -0.04348797  0.         -0.01725222  0.05569896]
 [ 0.24467021  0.41802132 -0.42927366 -0.23325199  0.14568138  0.
   0.00303676  0.         -0.03533321  0.01878421]
 [ 0.5120901   0.56112057 -0.4295577  -0.05640008  0.13289788  0.
   0.06679013  0.         -0.04325048 -0.02425437]
 [ 0.1352926   0.11861657 -0.29458705 -0.1505917   0.11116721  0.
  -0.04429201  0.         -0.0089737   0.09389179]] 
Episode: 28: [[ 0.0736216   0.07636673 -0.37283996 -0.31190237  0.03235514  0.
  -0.03004838  0.          0.00317181  0.04798007]
 [ 0.06100228  0.19408727 -0.40222916 -0.30323556  0.11722605  0.
  -0.04308262  0.         -0.01725222  0.05545197]
 [ 0.24428634  0.4178658  -0.42928365 -0.23366773  0.14526474  0.
   0.00346139  0.         -0.03533321  0.01900822]
 [ 0.5115127   0.5609379  -0.4294836  -0.05687923  0.13247356  0.
   0.06725561  0.         -0.04325048 -0.02378492]
 [ 0.13530998  0.11851333 -0.2946823  -0.15091802  0.11086638  0.
  -0.04387371  0.         -0.0089737   0.09361159]] 
Episode: 29: [[ 0.07363965  0.07629903 -0.3727592  -0.3121704   0.03232808  0.
  -0.02979079  0.          0.00317181  0.04798466]
 [ 0.06104058  0.19401886 -0.4021634  -0.30349556  0.117202    0.
  -0.04282743  0.         -0.01725222  0.05538608]
 [ 0.2441108   0.41777736 -0.42914706 -0.2339815   0.14520726  0.
   0.00373378  0.         -0.03533321  0.01935231]
 [ 0.51119256  0.56084055 -0.42929906 -0.05721913  0.1323811   0.
   0.06755987  0.         -0.04325048 -0.02322949]
 [ 0.13542725  0.11845454 -0.2946378  -0.15116805  0.11084936  0.
  -0.04360867  0.         -0.0089737   0.09352802]] 
Episode: 30: [[ 0.07371809  0.07625542 -0.37276506 -0.31242543  0.03234559  0.
  -0.0296668   0.          0.00317181  0.04795645]
 [ 0.06113551  0.19397143 -0.40217915 -0.30374283  0.11722258  0.
  -0.04270568  0.         -0.01725222  0.05530607]
 [ 0.24403845  0.41772372 -0.4291055  -0.23428093  0.14519364  0.
   0.00387087  0.         -0.03533321  0.01958661]
 [ 0.51097584  0.56078625 -0.42920506 -0.0575447   0.13233472  0.
   0.06772126  0.         -0.04325048 -0.02282208]
 [ 0.13559684  0.11840475 -0.2946734  -0.15140876  0.11087558  0.
  -0.04347968  0.         -0.0089737   0.09344658]] 
Episode: 31: [[ 0.07377613  0.07626708 -0.37282735 -0.31269792  0.03241705  0.
  -0.02966169  0.          0.00317181  0.04781876]
 [ 0.06120995  0.19398157 -0.40225518 -0.30400765  0.1172961   0.
  -0.04270265  0.         -0.01725222  0.05512925]
 [ 0.24398041  0.41772127 -0.4291067  -0.23459893  0.14523312  0.
   0.00388761  0.         -0.03533321  0.01966968]
 [ 0.5107857   0.5607726  -0.42914814 -0.05789773  0.13233852  0.
   0.06775588  0.         -0.04325048 -0.02253047]
 [ 0.13576356  0.11839849 -0.29477298 -0.15166828  0.11094884  0.
  -0.04347161  0.         -0.0089737   0.09329305]] 
Episode: 32: [[ 0.07382783  0.07627844 -0.37287208 -0.31297338  0.03251868  0.
  -0.02976248  0.          0.00317181  0.04769211]
 [ 0.06127832  0.19399406 -0.40231496 -0.30427393  0.11740065  0.
  -0.04280536  0.         -0.01725222  0.05496065]
 [ 0.24391304  0.41771686 -0.4290856  -0.23492484  0.14529894  0.
   0.00379713  0.         -0.03533321  0.01978116]
 [ 0.51059604  0.56075275 -0.42907223 -0.05826479  0.13236398  0.
   0.06767785  0.         -0.04325048 -0.02218913]
 [ 0.13591853  0.11839584 -0.29485768 -0.15192838  0.11105234  0.
  -0.04354821  0.         -0.0089737   0.09313922]] 
Episode: 33: [[ 0.0737019   0.07626892 -0.3728512  -0.313303    0.03254656  0.
  -0.0297479   0.          0.00317181  0.04742755]
 [ 0.06117178  0.19399257 -0.40231198 -0.30459285  0.11743723  0.
  -0.04279242  0.         -0.01725222  0.05466215]
 [ 0.2436637   0.41768914 -0.42900503 -0.23531431  0.14528672  0.
   0.00382106  0.         -0.03533321  0.019735  ]
 [ 0.51025486  0.56068826 -0.4289332  -0.05871755  0.1323096   0.
   0.0677164   0.         -0.04325048 -0.02202746]
 [ 0.13592894  0.11837961 -0.29487646 -0.15223868  0.11109754  0.
  -0.04350984  0.         -0.0089737   0.09284395]] 
Episode: 34: [[ 0.07368481  0.07627484 -0.3727538  -0.3135859   0.03254339  0.
  -0.02983931  0.          0.00317181  0.04717481]
 [ 0.06117531  0.19400938 -0.4022302  -0.30486676  0.11744186  0.
  -0.04288538  0.         -0.01725222  0.05436955]
 [ 0.24350281  0.41766474 -0.4288738  -0.23565036  0.14524919  0.
   0.00373793  0.         -0.03533321  0.01972789]
 [ 0.5099722   0.5606257  -0.428769   -0.05910703  0.13223661  0.
   0.06764308  0.         -0.04325048 -0.0218174 ]
 [ 0.13601851  0.11839139 -0.29482022 -0.15250473  0.11111467  0.
  -0.04358194  0.         -0.0089737   0.09254134]] 
Episode: 35: [[ 0.07353744  0.0762923  -0.37249172 -0.31393892  0.03254956  0.
  -0.02981717  0.          0.00317181  0.04681903]
 [ 0.06106183  0.19402803 -0.40198624 -0.30520815  0.11745519  0.
  -0.04286456  0.         -0.01725222  0.05397933]
 [ 0.2431657   0.4176725  -0.42859218 -0.23606512  0.14521994  0.
   0.00376758  0.         -0.03533321  0.01959959]
 [ 0.509553    0.56060725 -0.4284755  -0.05958837  0.13216679  0.
   0.06768475  0.         -0.04325048 -0.02173599]
 [ 0.13602008  0.11838498 -0.29460713 -0.15283822  0.11113794  0.
  -0.04354053  0.         -0.0089737   0.09216828]] 
Episode: 36: [[ 0.07338016  0.07634488 -0.37219566 -0.3142905   0.03258803  0.
  -0.02990109  0.          0.00317181  0.04655934]
 [ 0.06093648  0.1940853  -0.4017099  -0.30554792  0.11750016  0.
  -0.04294973  0.         -0.01725222  0.05366836]
 [ 0.24281843  0.41771713 -0.42826626 -0.23647794  0.14522265  0.
   0.00369032  0.         -0.03533321  0.01962829]
 [ 0.50912267  0.5606173  -0.42812884 -0.06006761  0.13211994  0.
   0.06761517  0.         -0.04325048 -0.02152557]
 [ 0.1359976   0.11841734 -0.29435667 -0.15317112  0.11119078  0.
  -0.04360903  0.         -0.0089737   0.09184851]] 
Episode: 37: [[ 0.07320885  0.07639086 -0.37192303 -0.31464192  0.03259077  0.
  -0.02987292  0.          0.00317181  0.04629103]
 [ 0.06079346  0.1941392  -0.40145805 -0.30588856  0.11751112  0.
  -0.04292262  0.         -0.01725222  0.05335121]
 [ 0.24247317  0.41775298 -0.4279623  -0.2368866   0.14518976  0.
   0.00372455  0.         -0.03533321  0.01964002]
 [ 0.5086979   0.56061506 -0.4278126  -0.06054264  0.13204315  0.
   0.06765931  0.         -0.04325048 -0.02132718]
 [ 0.13595577  0.11844882 -0.29413852 -0.15350622  0.1112161   0.
  -0.0435652   0.         -0.0089737   0.09152525]] 
Episode: 38: [[ 0.07327952  0.07659689 -0.3715991  -0.31491077  0.03301127  0.
  -0.02995084  0.          0.00317181  0.04620694]
 [ 0.06087929  0.19434687 -0.40115726 -0.30614236  0.11793125  0.
  -0.04300155  0.         -0.01725222  0.05322117]
 [ 0.24239364  0.4179511  -0.42763782 -0.2372141   0.14558905  0.
   0.00365198  0.         -0.03533321  0.01979208]
 [ 0.50849766  0.5608154  -0.4275379  -0.06091604  0.13237661  0.
   0.06759275  0.         -0.04325048 -0.02101322]
 [ 0.13611077  0.11863662 -0.29390624 -0.15376279  0.1116348   0.
  -0.04363082  0.         -0.0089737   0.09140266]] 
Episode: 39: [[ 0.07316513  0.07671639 -0.3712491  -0.3152267   0.03334132  0.
  -0.02991784  0.          0.00317181  0.04598282]
 [ 0.06079261  0.19447072 -0.4008314  -0.3064396   0.1182667   0.
  -0.0429694   0.         -0.01725222  0.05295871]
 [ 0.24211997  0.4180547  -0.42726445 -0.237597    0.14587742  0.
   0.00368987  0.         -0.03533321  0.01978734]
 [ 0.50815517  0.5609129  -0.42720202 -0.0613528   0.1325871   0.
   0.06763884  0.         -0.04325048 -0.02087044]
 [ 0.13608442  0.1187515  -0.29362902 -0.15405387  0.11197586  0.
  -0.04358506  0.         -0.0089737   0.09115475]] 
Episode: 40: [[ 0.0729903   0.07684381 -0.3709252  -0.31556004  0.03364491  0.
  -0.02978546  0.          0.00317181  0.04573311]
 [ 0.06064394  0.19461094 -0.40052682 -0.30675507  0.11857869  0.
  -0.04283773  0.         -0.01725222  0.05266044]
 [ 0.24178463  0.41815856 -0.42693028 -0.2379951   0.14613605  0.
   0.00382673  0.         -0.03533321  0.01979693]
 [ 0.5077776   0.56100315 -0.4269044  -0.06180478  0.13277203  0.
   0.06778572  0.         -0.04325048 -0.02068936]
 [ 0.1359978   0.11888649 -0.29336777 -0.15436593  0.11229872  0.
  -0.04343961  0.         -0.0089737   0.09085481]] 
Episode: 41: [[ 0.072689    0.0769226  -0.370597   -0.31592807  0.03391289  0.
  -0.02956399  0.          0.00317181  0.04556094]
 [ 0.06036613  0.19470182 -0.40021864 -0.30710715  0.11885482  0.
  -0.04261686  0.         -0.01725222  0.05243777]
 [ 0.24134003  0.41822532 -0.42659387 -0.23842162  0.14636464  0.
   0.00405227  0.         -0.03533321  0.01989514]
 [ 0.50731444  0.56105745 -0.42660215 -0.0622885   0.1329335   0.
   0.06802278  0.         -0.04325048 -0.02039605]
 [ 0.13580284  0.11896898 -0.29310316 -0.15471709  0.11258539  0.
  -0.04320488  0.         -0.0089737   0.09061878]] 
Episode: 42: [[ 0.0723198   0.07696028 -0.3702821  -0.3162857   0.03406394  0.
  -0.02926265  0.          0.00317181  0.04525884]
 [ 0.06001912  0.19475393 -0.3999261  -0.3074506   0.11901814  0.
  -0.04231601  0.         -0.01725222  0.0520932 ]
 [ 0.24083678  0.41824317 -0.42625734 -0.2388356   0.1464702   0.
   0.00435735  0.         -0.03533321  0.01984285]
 [ 0.50678426  0.56104994 -0.42629036 -0.06276418  0.13297471  0.
   0.06834059  0.         -0.04325048 -0.02026926]
 [ 0.13555     0.11901757 -0.29285285 -0.15505762  0.11276682  0.
  -0.04289018  0.         -0.0089737   0.09025755]] 
Episode: 43: [[ 0.07214474  0.07703403 -0.36996996 -0.31657964  0.03422759  0.
  -0.02909409  0.          0.00317181  0.044944  ]
 [ 0.05986332  0.19483465 -0.3996304  -0.3077305   0.11919188  0.
  -0.04214793  0.         -0.01725222  0.05174935]
 [ 0.24053782  0.41830003 -0.42593452 -0.2391849   0.14659105  0.
   0.0045292   0.         -0.03533321  0.01971681]
 [ 0.5064246   0.5610944  -0.42600062 -0.06316907  0.13303818  0.
   0.06852125  0.         -0.04325048 -0.02026474]
 [ 0.13545206  0.11908692 -0.29259196 -0.15533279  0.11295483  0.
  -0.0427112   0.         -0.0089737   0.08992229]] 
Episode: 44: [[ 0.07198691  0.07709245 -0.36968312 -0.31686398  0.03439155  0.
  -0.02896063  0.          0.00317181  0.04470126]
 [ 0.05972209  0.19490826 -0.39935973 -0.3080009   0.1193675   0.
  -0.042011    0.         -0.01725222  0.05145702]
 [ 0.24027045  0.41832465 -0.42563468 -0.23952575  0.14670806  0.
   0.00467702  0.         -0.03533321  0.01974308]
 [ 0.5061019   0.56108963 -0.42572778 -0.06356868  0.13309374  0.
   0.06878802  0.         -0.04325048 -0.02012827]
 [ 0.13536313  0.1191628  -0.29235372 -0.1555996   0.11314633  0.
  -0.04256102  0.         -0.0089737   0.08960611]] 
Episode: 45: [[ 0.07181639  0.07710042 -0.36942002 -0.3171704   0.03452868  0.
  -0.02881606  0.          0.00317181  0.04450169]
 [ 0.05956651  0.19493507 -0.3991103  -0.3082918   0.11951555  0.
  -0.04184312  0.         -0.01725222  0.05120245]
 [ 0.23999283  0.41830984 -0.42535415 -0.2398921   0.14680317  0.
   0.00475126  0.         -0.03533321  0.01983896]
 [ 0.5057896   0.5610349  -0.42546204 -0.06399649  0.13313021  0.
   0.0690255   0.         -0.04325048 -0.01990142]
 [ 0.1352572   0.11919276 -0.2921276  -0.15588695  0.11331004  0.
  -0.04237879  0.         -0.0089737   0.08931939]] 
Episode: 46: [[ 0.07189221  0.07720059 -0.36901474 -0.3174907   0.03505132  0.
  -0.02879031  0.          0.00317181  0.04447643]
 [ 0.05965562  0.19505513 -0.3987181  -0.30858836  0.12004288  0.
  -0.04179632  0.         -0.01725222  0.0511264 ]
 [ 0.2399473   0.4184005  -0.4249826  -0.24029005  0.1472916   0.
   0.00471407  0.         -0.03533321  0.02006179]
 [ 0.5056789   0.5610772  -0.42518726 -0.06445458  0.13350993  0.
   0.06913337  0.         -0.04325048 -0.01956808]
 [ 0.13537732  0.11930614 -0.29176706 -0.15618062  0.113838    0.
  -0.04232058  0.         -0.0089737   0.08922682]] 
Episode: 47: [[ 0.07214744  0.07725167 -0.36858633 -0.3176863   0.03550845  0.
  -0.02887113  0.          0.00317181  0.04446239]
 [ 0.05993038  0.19510825 -0.39830223 -0.30876285  0.12049782  0.
  -0.04185813  0.         -0.01725222  0.0510803 ]
 [ 0.2400758   0.41847426 -0.42460388 -0.24056166  0.1477404   0.
   0.00457693  0.         -0.03533321  0.02020912]
 [ 0.5056944   0.56113815 -0.42493868 -0.06477821  0.13387659  0.
   0.06912504  0.         -0.04325048 -0.01939468]
 [ 0.13565575  0.11934826 -0.2913831  -0.15634891  0.11428583  0.
  -0.04237355  0.         -0.0089737   0.08917769]] 
Episode: 48: [[ 0.07241321  0.07729668 -0.36816752 -0.31786263  0.03596786  0.
  -0.02904757  0.          0.00317181  0.0446008 ]
 [ 0.06021085  0.19516172 -0.3978952  -0.3089198   0.12095623  0.
  -0.0420174   0.         -0.01725222  0.05117014]
 [ 0.24023809  0.4185331  -0.42422432 -0.24080876  0.14818695  0.
   0.00435011  0.         -0.03533321  0.02047739]
 [ 0.5057627   0.5611657  -0.42467442 -0.06506986  0.13424599  0.
   0.06901252  0.         -0.04325048 -0.01911079]
 [ 0.1359327   0.11939432 -0.29100606 -0.15650178  0.11473877  0.
  -0.04252621  0.         -0.0089737   0.0892249 ]] 
Episode: 49: [[ 0.07261661  0.0773246  -0.36776054 -0.318054    0.03642358  0.
  -0.02930981  0.          0.00317181  0.04473067]
 [ 0.06043068  0.19520046 -0.3975004  -0.30909142  0.12141456  0.
  -0.04226413  0.         -0.01725222  0.05125021]
 [ 0.24034238  0.41857922 -0.4238584  -0.2410694   0.14862014  0.
   0.00404279  0.         -0.03533321  0.0207482 ]
 [ 0.505793    0.56117994 -0.42442274 -0.06537385  0.13460138  0.
   0.06880656  0.         -0.04325048 -0.0188199 ]
 [ 0.13616315  0.11942552 -0.29064336 -0.15667158  0.11519919  0.
  -0.04276828  0.         -0.0089737   0.08925614]] 
Episode: 50: [[ 0.07289725  0.07739868 -0.36736527 -0.31825066  0.0368937   0.
  -0.02964906  0.          0.00317181  0.04499621]
 [ 0.06072212  0.19528158 -0.39711523 -0.30926734  0.12188458  0.
  -0.04258935  0.         -0.01725222  0.05147058]
 [ 0.24056494  0.4186608  -0.42351255 -0.24133775  0.14907219  0.
   0.00366324  0.         -0.03533321  0.0211265 ]
 [ 0.5059421   0.5612657  -0.42419592 -0.06568741  0.13499431  0.
   0.06851677  0.         -0.04325048 -0.01843084]
 [ 0.13646369  0.11950792 -0.29028717 -0.15684585  0.11566851  0.
  -0.04309054  0.         -0.0089737   0.08944474]] 
Episode: 51: [[ 0.07316328  0.07745603 -0.36701566 -0.31842753  0.03734315  0.
  -0.03005743  0.          0.00317181  0.04526611]
 [ 0.06099759  0.19534497 -0.39677465 -0.3094251   0.12233499  0.
  -0.04298503  0.         -0.01725222  0.05169233]
 [ 0.24076648  0.418722   -0.42320183 -0.24158067  0.14949998  0.
   0.00321884  0.         -0.03533321  0.02152299]
 [ 0.5060653   0.56132835 -0.423984   -0.06597015  0.13536455  0.
   0.06815178  0.         -0.04325048 -0.0180118 ]
 [ 0.13674684  0.11957722 -0.28997192 -0.15700226  0.11611829  0.
  -0.04348474  0.         -0.0089737   0.08962546]] 
Episode: 52: [[ 0.0734854   0.07760029 -0.3666663  -0.31854454  0.03784396  0.
  -0.03052786  0.          0.00317181  0.04565548]
 [ 0.06132562  0.19548139 -0.39643472 -0.30952492  0.12283178  0.
  -0.04344397  0.         -0.01725222  0.05203808]
 [ 0.2410536   0.41887417 -0.42288238 -0.2417584   0.14998636  0.
   0.00271621  0.         -0.03533321  0.02201315]
 [ 0.5063074   0.56151426 -0.42375126 -0.06617353  0.13581622  0.
   0.06771932  0.         -0.04325048 -0.01750839]
 [ 0.13707477  0.1197098  -0.2896534  -0.1571035   0.11660775  0.
  -0.04394349  0.         -0.0089737   0.08994535]] 
Episode: 53: [[ 0.0737769   0.07771371 -0.3663104  -0.3186893   0.03831826  0.
  -0.03105399  0.          0.00317181  0.04602261]
 [ 0.06162189  0.19559573 -0.39609048 -0.3096522   0.12330434  0.
  -0.04395971  0.         -0.01725222  0.05235106]
 [ 0.24130188  0.41898587 -0.42254803 -0.24196324  0.15044208  0.
   0.00216131  0.         -0.03533321  0.02253317]
 [ 0.50650364  0.5616428  -0.4235021  -0.06640808  0.1362368   0.
   0.06722631  0.         -0.04325048 -0.01693689]
 [ 0.13737015  0.11983057 -0.2893399  -0.15723275  0.11707804  0.
  -0.04446016  0.         -0.0089737   0.09021753]] 
Episode: 54: [[ 0.07401703  0.07781757 -0.365978   -0.31885535  0.0387437   0.
  -0.03163015  0.          0.00317181  0.0463677 ]
 [ 0.06186445  0.19570738 -0.39576998 -0.30980235  0.12373011  0.
  -0.04452644  0.         -0.01725222  0.05263777]
 [ 0.2414845   0.419087   -0.4222336  -0.24218222  0.15084848  0.
   0.00155947  0.         -0.03533321  0.02305555]
 [ 0.50662524  0.5617523  -0.4232623  -0.06665719  0.13660777  0.
   0.06673381  0.         -0.04325048 -0.01633464]
 [ 0.1376106   0.11995188 -0.28905    -0.15738805  0.11750656  0.
  -0.0450288   0.         -0.0089737   0.09044957]] 
Episode: 55: [[ 0.07421801  0.07794121 -0.36565825 -0.31903204  0.03912245  0.
  -0.03204523  0.          0.00317181  0.0466895 ]
 [ 0.06206873  0.19583353 -0.39545774 -0.30996466  0.12410665  0.
  -0.04493314  0.         -0.01725222  0.05290571]
 [ 0.2416115   0.41920474 -0.42195797 -0.24240746  0.15121643  0.
   0.00112108  0.         -0.03533321  0.02355   ]
 [ 0.5066717   0.5618822  -0.42307082 -0.0669127   0.13694721  0.
   0.06639606  0.         -0.04325048 -0.01575737]
 [ 0.13781714  0.12008543 -0.28876248 -0.157559    0.11788438  0.
  -0.04543593  0.         -0.0089737   0.09066118]] 
Episode: 56: [[ 0.07455947  0.07808343 -0.3653349  -0.3190841   0.03959001  0.
  -0.0325214   0.          0.00317181  0.04706823]
 [ 0.06241588  0.19596747 -0.39514267 -0.3100034   0.12456527  0.
  -0.04540169  0.         -0.01725222  0.05324932]
 [ 0.24186793  0.4193605  -0.42167512 -0.24250886  0.15168709  0.
   0.00062413  0.         -0.03533321  0.02401783]
 [ 0.5068323   0.5620701  -0.42288014 -0.06702808  0.13741483  0.
   0.06598765  0.         -0.04325048 -0.01529643]
 [ 0.13814536  0.12021793 -0.2884737  -0.15760559  0.11832813  0.
  -0.04590593  0.         -0.0089737   0.09094784]] 
Episode: 57: [[ 7.48455673e-02  7.82878101e-02 -3.65103513e-01 -3.19140911e-01
   4.00422700e-02  0.00000000e+00 -3.30524519e-02  0.00000000e+00
   3.17181321e-03  4.74501364e-02]
 [ 6.27066344e-02  1.96161598e-01 -3.94914478e-01 -3.10049325e-01
   1.25008240e-01  0.00000000e+00 -4.59258221e-02  0.00000000e+00
  -1.72522180e-02  5.35795279e-02]
 [ 2.42050171e-01  4.19562250e-01 -4.21476901e-01 -2.42605627e-01
   1.52138904e-01  0.00000000e+00  7.45671714e-05  0.00000000e+00
  -3.53332087e-02  2.45486908e-02]
 [ 5.06933928e-01  5.62301219e-01 -4.22753423e-01 -6.71273097e-02
   1.37862951e-01  0.00000000e+00  6.55158386e-02  0.00000000e+00
  -4.32504788e-02 -1.47547591e-02]
 [ 1.38409838e-01  1.20405763e-01 -2.88257718e-01 -1.57664686e-01
   1.18754156e-01  0.00000000e+00 -4.64323796e-02  0.00000000e+00
  -8.97369999e-03  9.12040249e-02]] 
Episode: 58: [[ 7.5113170e-02  7.8500703e-02 -3.6487770e-01 -3.1924981e-01
   4.0468443e-02  0.0000000e+00 -3.3632793e-02  0.0000000e+00
   3.1718132e-03  4.7784314e-02]
 [ 6.2979221e-02  1.9637039e-01 -3.9469555e-01 -3.1014645e-01
   1.2542807e-01  0.0000000e+00 -4.6499878e-02  0.0000000e+00
  -1.7252218e-02  5.3855281e-02]
 [ 2.4219504e-01  4.1976655e-01 -4.2126283e-01 -2.4275501e-01
   1.5255834e-01  0.0000000e+00 -5.2225887e-04  0.0000000e+00
  -3.5333209e-02  2.5067503e-02]
 [ 5.0695300e-01  5.6252462e-01 -4.2256624e-01 -6.7290857e-02
   1.3827360e-01  0.0000000e+00  6.4987108e-02  0.0000000e+00
  -4.3250479e-02 -1.4177037e-02]
 [ 1.3865744e-01  1.2060646e-01 -2.8804681e-01 -1.5777217e-01
   1.1916134e-01  0.0000000e+00 -4.7009505e-02  0.0000000e+00
  -8.9737000e-03  9.1395915e-02]] 
Episode: 59: [[ 0.07533057  0.07874075 -0.3646141  -0.31940782  0.04083388  0.
  -0.03405206  0.          0.00317181  0.04810912]
 [ 0.06320452  0.19660056 -0.39444864 -0.31029144  0.12578477  0.
  -0.04691356  0.         -0.01725222  0.05412292]
 [ 0.24226958  0.42000872 -0.4209742  -0.24295615  0.15292214  0.
  -0.00095655  0.         -0.03533321  0.02557551]
 [ 0.50687575  0.5627865  -0.4222749  -0.06751665  0.13862951  0.
   0.06461619  0.         -0.04325048 -0.01359931]
 [ 0.13887574  0.12080153 -0.2878139  -0.15792456  0.11950211  0.
  -0.04742479  0.         -0.0089737   0.0915759 ]] 
Episode: 60: [[ 0.07549465  0.07896453 -0.36436313 -0.31958774  0.04116967  0.
  -0.03453176  0.          0.00317181  0.04846217]
 [ 0.06337367  0.19681294 -0.39421117 -0.31046158  0.12610939  0.
  -0.0473788   0.         -0.01725222  0.05440157]
 [ 0.2422772   0.42022097 -0.42068806 -0.24316457  0.15325929  0.
  -0.0014496   0.         -0.03533321  0.02616964]
 [ 0.5067638   0.5630173  -0.42198095 -0.06773526  0.13895613  0.
   0.06417833  0.         -0.04325048 -0.01295287]
 [ 0.13902725  0.12099145 -0.28757796 -0.15810724  0.11980759  0.
  -0.04783252  0.         -0.0089737   0.09174736]] 
Episode: 61: [[ 0.07563765  0.07919343 -0.36415866 -0.3198213   0.04143864  0.
  -0.03486067  0.          0.00317181  0.04864647]
 [ 0.06353027  0.19704482 -0.39401272 -0.31067845  0.12637156  0.
  -0.04769458  0.         -0.01725222  0.05450514]
 [ 0.24225312  0.42040643 -0.42047098 -0.24344653  0.15352176  0.
  -0.00179071  0.         -0.03533321  0.02664106]
 [ 0.5066151   0.5631883  -0.4217578  -0.0680574   0.13919638  0.
   0.06388889  0.         -0.04325048 -0.01234842]
 [ 0.13918366  0.12121259 -0.28737292 -0.1583261   0.12005761  0.
  -0.04809475  0.         -0.0089737   0.09176165]] 
Episode: 62: [[ 0.07566579  0.07935484 -0.36385652 -0.32020545  0.04165929  0.
  -0.03505403  0.          0.00317181  0.04874651]
 [ 0.063584    0.19721946 -0.39372087 -0.31103876  0.12659498  0.
  -0.04787602  0.         -0.01725222  0.05450368]
 [ 0.24211131  0.42051563 -0.4201906  -0.24389108  0.15371272  0.
  -0.00199521  0.         -0.03533321  0.02713236]
 [ 0.50638175  0.56326973 -0.42151326 -0.06854241  0.13934804  0.
   0.06373277  0.         -0.04325048 -0.01167772]
 [ 0.1392804   0.12139071 -0.2871     -0.1586776   0.12028863  0.
  -0.04822626  0.         -0.0089737   0.09165958]] 
Episode: 63: [[ 0.07568624  0.0795046  -0.36362216 -0.3206085   0.04184831  0.
  -0.03512552  0.          0.00317181  0.04886454]
 [ 0.06363428  0.19739504 -0.39349902 -0.31141925  0.1267876   0.
  -0.04793669  0.         -0.01725222  0.05450296]
 [ 0.24195667  0.42058912 -0.41996816 -0.2443486   0.1538734   0.
  -0.00207691  0.         -0.03533321  0.02771191]
 [ 0.50612295  0.5632914  -0.42132428 -0.0690425   0.13946643  0.
   0.06369646  0.         -0.04325048 -0.01094835]
 [ 0.1393971   0.1215847  -0.28690168 -0.15904343  0.12049112  0.
  -0.04824031  0.         -0.0089737   0.09152246]] 
Episode: 64: [[ 0.07552629  0.07952742 -0.36342186 -0.32115912  0.04184539  0.
  -0.03508744  0.          0.00317181  0.04905905]
 [ 0.06350042  0.19747585 -0.3933159  -0.31194785  0.12678991  0.
  -0.04788878  0.         -0.01725222  0.05454119]
 [ 0.24164572  0.42052966 -0.41976982 -0.24494602  0.15385816  0.
  -0.00204818  0.         -0.03533321  0.02836928]
 [ 0.5057231   0.5631383  -0.42113814 -0.06968026  0.13940264  0.
   0.0637678   0.         -0.04325048 -0.01016702]
 [ 0.13935396  0.12171435 -0.28673777 -0.15954852  0.12050917  0.
  -0.04814884  0.         -0.0089737   0.09133863]] 
Episode: 65: [[ 0.07543445  0.07951404 -0.363489   -0.32165915  0.0418608   0.
  -0.03495086  0.          0.00317181  0.04915235]
 [ 0.06342717  0.19751365 -0.39339092 -0.31242663  0.12681125  0.
  -0.04774325  0.         -0.01725222  0.05450936]
 [ 0.241453    0.42044932 -0.41984636 -0.24549551  0.15385947  0.
  -0.00192017  0.         -0.03533321  0.02884209]
 [ 0.5053915   0.5629801  -0.42120826 -0.07027746  0.13935952  0.
   0.06393586  0.         -0.04325048 -0.00956129]
 [ 0.13937765  0.12179767 -0.28681493 -0.16000505  0.12054612  0.
  -0.04796255  0.         -0.0089737   0.09113758]] 
Episode: 66: [[ 0.07532697  0.07955935 -0.36368337 -0.322165    0.04197191  0.
  -0.03493028  0.          0.00317181  0.04917609]
 [ 0.06333702  0.19761585 -0.39358938 -0.31291237  0.12693322  0.
  -0.04771472  0.         -0.01725222  0.05441024]
 [ 0.24121344  0.42042366 -0.4200119  -0.24604473  0.1539338   0.
  -0.00190714  0.         -0.03533321  0.02924669]
 [ 0.5050323   0.5628845  -0.42131376 -0.07087165  0.13939089  0.
   0.06398317  0.         -0.04325048 -0.00903011]
 [ 0.13938166  0.12193167 -0.28701156 -0.16047253  0.1206835   0.
  -0.04789897  0.         -0.0089737   0.09087516]] 
Episode: 67: [[ 0.07518988  0.07961301 -0.36387223 -0.3227256   0.04199953  0.
  -0.03480953  0.          0.00317181  0.04905562]
 [ 0.06322502  0.19772665 -0.39377955 -0.3134517   0.12697689  0.
  -0.04758672  0.         -0.01725222  0.0541638 ]
 [ 0.24090725  0.42039743 -0.4201711  -0.24664758  0.15391612  0.
  -0.00179333  0.         -0.03533321  0.02955654]
 [ 0.5045539   0.5627846  -0.42138213 -0.07153773  0.1393184   0.
   0.06412949  0.         -0.04325048 -0.00848478]
 [ 0.13938673  0.12206771 -0.28719026 -0.16098768  0.12075348  0.
  -0.04773791  0.         -0.0089737   0.09047955]] 
Episode: 68: [[ 0.07498454  0.07964076 -0.36400923 -0.32332703  0.042022    0.
  -0.0345987   0.          0.00317181  0.04901911]
 [ 0.06304456  0.1978051  -0.39391762 -0.3140324   0.12701245  0.
  -0.04736929  0.         -0.01725222  0.05399779]
 [ 0.24054576  0.42035773 -0.42027888 -0.24728835  0.15389882  0.
  -0.00158891  0.         -0.03533321  0.02997353]
 [ 0.5040367   0.5626762  -0.42140836 -0.07224374  0.13924992  0.
   0.06436478  0.         -0.04325048 -0.00786719]
 [ 0.13933319  0.12216603 -0.2873189  -0.1615461   0.12081064  0.
  -0.04748925  0.         -0.0089737   0.09015471]] 
Episode: 69: [[ 0.07467736  0.07963708 -0.36413926 -0.32399726  0.04202363  0.
  -0.03430689  0.          0.00317181  0.04896604]
 [ 0.06276476  0.19785614 -0.39405125 -0.31467983  0.12703213  0.
  -0.04707144  0.         -0.01725222  0.05378996]
 [ 0.24005188  0.42029727 -0.42037383 -0.24799858  0.153852    0.
  -0.001303    0.         -0.03533321  0.03046414]
 [ 0.50340885  0.562544   -0.42140156 -0.0730285   0.13914482  0.
   0.06468002  0.         -0.04325048 -0.00718546]
 [ 0.13919625  0.12223991 -0.28745303 -0.16216904  0.1208626   0.
  -0.04716187  0.         -0.0089737   0.08975827]] 
Episode: 70: [[ 0.07429235  0.07958164 -0.3642659  -0.32467908  0.04197074  0.
  -0.03394225  0.          0.00317181  0.04888473]
 [ 0.06240261  0.19785324 -0.3941831  -0.31534198  0.12699685  0.
  -0.04670128  0.         -0.01725222  0.05355768]
 [ 0.2395181   0.4202101  -0.42047375 -0.24871172  0.15376046  0.
  -0.00094382  0.         -0.03533321  0.03092071]
 [ 0.50274247  0.56239414 -0.42139986 -0.07381938  0.13900049  0.
   0.06506713  0.         -0.04325048 -0.00649495]
 [ 0.1389928   0.12225283 -0.2875871  -0.16281202  0.12086108  0.
  -0.04676374  0.         -0.0089737   0.08933601]] 
Episode: 71: [[ 7.39087090e-02  7.94561133e-02 -3.64419192e-01 -3.25366735e-01
   4.19513583e-02  0.00000000e+00 -3.35121229e-02  0.00000000e+00
   3.17181321e-03  4.86516692e-02]
 [ 6.20415397e-02  1.97780654e-01 -3.94342542e-01 -3.16007286e-01
   1.26995549e-01  0.00000000e+00 -4.62661088e-02  0.00000000e+00
  -1.72522180e-02  5.31920120e-02]
 [ 2.39006177e-01  4.20071632e-01 -4.20587301e-01 -2.49436706e-01
   1.53697774e-01  0.00000000e+00 -5.18748420e-04  0.00000000e+00
  -3.53332087e-02  3.11887506e-02]
 [ 5.02095520e-01  5.62175632e-01 -4.21393692e-01 -7.46336132e-02
   1.38883755e-01  0.00000000e+00  6.55188337e-02  0.00000000e+00
  -4.32504788e-02 -6.00511068e-03]
 [ 1.38794109e-01  1.22190945e-01 -2.87748456e-01 -1.63451433e-01
   1.20890886e-01  0.00000000e+00 -4.63020317e-02  0.00000000e+00
  -8.97369999e-03  8.87957588e-02]] 
Episode: 72: [[ 7.3445708e-02  7.9288192e-02 -3.6451051e-01 -3.2609087e-01
   4.1835859e-02  0.0000000e+00 -3.3023112e-02  0.0000000e+00
   3.1718132e-03  4.8464399e-02]
 [ 6.1609015e-02  1.9765216e-01 -3.9445114e-01 -3.1670830e-01
   1.2689522e-01  0.0000000e+00 -4.5772474e-02  0.0000000e+00
  -1.7252218e-02  5.2875917e-02]
 [ 2.3840147e-01  4.1990483e-01 -4.2061719e-01 -2.5019428e-01
   1.5355380e-01  0.0000000e+00 -3.4419500e-05  0.0000000e+00
  -3.5333209e-02  3.1502120e-02]
 [ 5.0135338e-01  5.6195033e-01 -4.2129105e-01 -7.5487271e-02
   1.3869083e-01  0.0000000e+00  6.6028573e-02  0.0000000e+00
  -4.3250479e-02 -5.4384307e-03]
 [ 1.3854201e-01  1.2207259e-01 -2.8787163e-01 -1.6411586e-01
   1.2082225e-01  0.0000000e+00 -4.5783196e-02  0.0000000e+00
  -8.9737000e-03  8.8312551e-02]] 
Episode: 73: [[ 7.3116697e-02  7.9200968e-02 -3.6445457e-01 -3.2683566e-01
   4.1872215e-02  0.0000000e+00 -3.2685153e-02  0.0000000e+00
   3.1718132e-03  4.8178751e-02]
 [ 6.1316524e-02  1.9759928e-01 -3.9441705e-01 -3.1742361e-01
   1.2694782e-01  0.0000000e+00 -4.5430448e-02  0.0000000e+00
  -1.7252218e-02  5.2475259e-02]
 [ 2.3792827e-01  4.1980579e-01 -4.2051294e-01 -2.5098750e-01
   1.5354356e-01  0.0000000e+00  2.9947833e-04  0.0000000e+00
  -3.5333209e-02  3.1697754e-02]
 [ 5.0067562e-01  5.6177479e-01 -4.2108455e-01 -7.6389223e-02
   1.3861641e-01  0.0000000e+00  6.6383697e-02  0.0000000e+00
  -4.3250479e-02 -4.9299439e-03]
 [ 1.3845000e-01  1.2200956e-01 -2.8786570e-01 -1.6478115e-01
   1.2090968e-01  0.0000000e+00 -4.5419995e-02  0.0000000e+00
  -8.9737000e-03  8.7765843e-02]] 
Episode: 74: [[ 7.2845556e-02  7.9189517e-02 -3.6444575e-01 -3.2749668e-01
   4.1878134e-02  0.0000000e+00 -3.2414667e-02  0.0000000e+00
   3.1718132e-03  4.7950845e-02]
 [ 6.1074138e-02  1.9762242e-01 -3.9442500e-01 -3.1805944e-01
   1.2696795e-01  0.0000000e+00 -4.5146678e-02  0.0000000e+00
  -1.7252218e-02  5.2145660e-02]
 [ 2.3752438e-01  4.1977412e-01 -4.2046550e-01 -2.5169143e-01
   1.5351160e-01  0.0000000e+00  5.4398325e-04  0.0000000e+00
  -3.5333209e-02  3.1895451e-02]
 [ 5.0008637e-01  5.6167698e-01 -4.2093989e-01 -7.7188887e-02
   1.3852952e-01  0.0000000e+00  6.6657983e-02  0.0000000e+00
  -4.3250479e-02 -4.4632899e-03]
 [ 1.3837004e-01  1.2201154e-01 -2.8789565e-01 -1.6537581e-01
   1.2096162e-01  0.0000000e+00 -4.5092624e-02  0.0000000e+00
  -8.9737000e-03  8.7300748e-02]] 
Episode: 75: [[ 0.07242559  0.07914302 -0.36439642 -0.32821316  0.04179057  0.
  -0.03206874  0.          0.00317181  0.04764489]
 [ 0.06068189  0.19760543 -0.39440024 -0.31874967  0.12689595  0.
  -0.04478867  0.         -0.01725222  0.05173955]
 [ 0.23699923  0.41971466 -0.42034817 -0.2524465   0.15338695  0.
   0.00086626  0.         -0.03533321  0.0320069 ]
 [ 0.49939504  0.56155926 -0.42070723 -0.07804578  0.13834555  0.
   0.06700859  0.         -0.04325048 -0.00406937]
 [ 0.13815372  0.12196424 -0.2878993  -0.16601814  0.12092536  0.
  -0.04469402  0.         -0.0089737   0.08677724]] 
Episode: 76: [[ 0.07198361  0.07912633 -0.36437204 -0.32889217  0.04167118  0.
  -0.03165497  0.          0.00317181  0.04742986]
 [ 0.06026362  0.19762312 -0.3943951  -0.31940585  0.12679113  0.
  -0.04436393  0.         -0.01725222  0.05141514]
 [ 0.23644781  0.41966978 -0.42025697 -0.25315627  0.15323566  0.
   0.00125848  0.         -0.03533321  0.03223013]
 [ 0.4986993   0.56145656 -0.42049557 -0.07884424  0.13814235  0.
   0.06742778  0.         -0.04325048 -0.00358661]
 [ 0.13789181  0.12197068 -0.28791252 -0.16663636  0.12085744  0.
  -0.04423141  0.         -0.0089737   0.08631242]] 
Episode: 77: [[ 0.0715344   0.0790811  -0.3642229  -0.32954708  0.04165469  0.
  -0.03138524  0.          0.00317181  0.04728705]
 [ 0.05983889  0.19762021 -0.3942679  -0.32003823  0.1267885   0.
  -0.04408444  0.         -0.01725222  0.05115869]
 [ 0.23589243  0.4196176  -0.42004478 -0.2538441   0.15318538  0.
   0.00150911  0.         -0.03533321  0.0325237 ]
 [ 0.4980375   0.5613387  -0.42019036 -0.07961589  0.13804576  0.
   0.06770107  0.         -0.04325048 -0.00303832]
 [ 0.13761966  0.12195441 -0.28780952 -0.1672396   0.12088453  0.
  -0.04391934  0.         -0.0089737   0.08590139]] 
Episode: 78: [[ 0.07114481  0.07904869 -0.36410856 -0.3301426   0.0416632   0.
  -0.0310443   0.          0.00317181  0.04714362]
 [ 0.05947234  0.19763294 -0.39417213 -0.3206127   0.12681092  0.
  -0.04373395  0.         -0.01725222  0.05090892]
 [ 0.23541011  0.41956803 -0.41987857 -0.2544726   0.15315779  0.
   0.00183679  0.         -0.03533321  0.03279556]
 [ 0.49745938  0.56121683 -0.41994184 -0.08032306  0.1379726   0.
   0.06805062  0.         -0.04325048 -0.00250197]
 [ 0.13739635  0.12196486 -0.28773582 -0.16778722  0.12093482  0.
  -0.04356096  0.         -0.0089737   0.08550569]] 
Episode: 79: [[ 0.07087879  0.07911813 -0.36397588 -0.3306268   0.04173282  0.
  -0.03084006  0.          0.00317181  0.04717916]
 [ 0.05922875  0.19772732 -0.3940568  -0.321077    0.12688987  0.
  -0.04352124  0.         -0.01725222  0.05084822]
 [ 0.23506694  0.41962853 -0.41970545 -0.25499302  0.15319486  0.
   0.00202944  0.         -0.03533321  0.0331803 ]
 [ 0.49705428  0.56124085 -0.41970852 -0.08091022  0.1379785   0.
   0.06826137  0.         -0.04325048 -0.00189206]
 [ 0.13728245  0.12203518 -0.28764632 -0.16822504  0.12103549  0.
  -0.04334287  0.         -0.0089737   0.08532634]] 
Episode: 80: [[ 0.07058713  0.0791763  -0.36391783 -0.3311204   0.04178781  0.
  -0.03055386  0.          0.00317181  0.04715345]
 [ 0.05896037  0.1978073  -0.39401415 -0.321551    0.1269543   0.
  -0.0432273   0.         -0.01725222  0.05072732]
 [ 0.2346718   0.41969296 -0.4195845  -0.2555201   0.15321667  0.
   0.00230491  0.         -0.03533321  0.03350189]
 [ 0.49657983  0.56127614 -0.4194954  -0.08150289  0.13796794  0.
   0.06855457  0.         -0.04325048 -0.00135877]
 [ 0.13713765  0.12208023 -0.28761744 -0.16867217  0.12111817  0.
  -0.04304251  0.         -0.0089737   0.08510033]] 
Episode: 81: [[ 0.07030201  0.07917871 -0.36393026 -0.3315906   0.04180569  0.
  -0.03019393  0.          0.00317181  0.04696845]
 [ 0.05869811  0.19782071 -0.3940419  -0.32200155  0.12698224  0.
  -0.04286032  0.         -0.01725222  0.0504591 ]
 [ 0.23426712  0.41972056 -0.41951987 -0.2560236   0.15320091  0.
   0.00265486  0.         -0.03533321  0.03364774]
 [ 0.4960501   0.5612893  -0.4193137  -0.08207262  0.13791662  0.
   0.06892187  0.         -0.04325048 -0.00101105]
 [ 0.13699129  0.12205397 -0.28766286 -0.16909322  0.12116476  0.
  -0.0426682   0.         -0.0089737   0.08479393]] 
Episode: 82: [[ 0.07005607  0.07920124 -0.3639991  -0.3320258   0.04178999  0.
  -0.02976771  0.          0.00317181  0.04675384]
 [ 0.0584747   0.19785082 -0.39412376 -0.32241812  0.12697577  0.
  -0.04242765  0.         -0.01725222  0.05017045]
 [ 0.23389995  0.41975933 -0.419506   -0.25649294  0.15315446  0.
   0.00307179  0.         -0.03533321  0.03373237]
 [ 0.49554574  0.56132495 -0.41917846 -0.08260707  0.13783817  0.
   0.06935579  0.         -0.04325048 -0.00073824]
 [ 0.13687326  0.12205426 -0.28775463 -0.16948539  0.12117792  0.
  -0.04222745  0.         -0.0089737   0.08447521]] 
Episode: 83: [[ 6.9718197e-02  7.9240225e-02 -3.6389047e-01 -3.3249906e-01
   4.1756321e-02  0.0000000e+00 -2.9281884e-02  0.0000000e+00
   3.1718132e-03  4.6679743e-02]
 [ 5.8161784e-02  1.9789559e-01 -3.9402822e-01 -3.2287630e-01
   1.2695041e-01  0.0000000e+00 -4.1935913e-02  0.0000000e+00
  -1.7252218e-02  5.0002895e-02]
 [ 2.3340534e-01  4.1984370e-01 -4.1934454e-01 -2.5698605e-01
   1.5309976e-01  0.0000000e+00  3.5489753e-03  0.0000000e+00
  -3.5333209e-02  3.3949498e-02]
 [ 4.9492931e-01  5.6142956e-01 -4.1892785e-01 -8.3154298e-02
   1.3775735e-01  0.0000000e+00  6.9849603e-02  0.0000000e+00
  -4.3250479e-02 -3.6366229e-04]
 [ 1.3665055e-01  1.2204506e-01 -2.8766185e-01 -1.6992000e-01
   1.2117093e-01  0.0000000e+00 -4.1726962e-02  0.0000000e+00
  -8.9737000e-03  8.4224992e-02]] 
Episode: 84: [[ 6.94690868e-02  7.93163106e-02 -3.63809705e-01 -3.32921445e-01
   4.17572521e-02  0.00000000e+00 -2.89471019e-02  0.00000000e+00
   3.17181321e-03  4.66427095e-02]
 [ 5.79292029e-02  1.97976843e-01 -3.93960655e-01 -3.23285073e-01
   1.26959935e-01  0.00000000e+00 -4.15959284e-02  0.00000000e+00
  -1.72522180e-02  4.98815030e-02]
 [ 2.33011082e-01  4.19951022e-01 -4.19200361e-01 -2.57426828e-01
   1.53073519e-01  0.00000000e+00  3.87630332e-03  0.00000000e+00
  -3.53332087e-02  3.41753364e-02]
 [ 4.94406700e-01  5.61554968e-01 -4.18690085e-01 -8.36434364e-02
   1.37704954e-01  0.00000000e+00  7.01904148e-02  0.00000000e+00
  -4.32504788e-02 -2.41323573e-06]
 [ 1.36475936e-01  1.22072928e-01 -2.87595868e-01 -1.70309290e-01
   1.21197306e-01  0.00000000e+00 -4.13807258e-02  0.00000000e+00
  -8.97369999e-03  8.40253904e-02]] 
Episode: 85: [[ 6.9324821e-02  7.9427078e-02 -3.6377048e-01 -3.3329317e-01
   4.1851334e-02  0.0000000e+00 -2.8748186e-02  0.0000000e+00
   3.1718132e-03  4.6771489e-02]
 [ 5.7797637e-02  1.9809203e-01 -3.9393619e-01 -3.2364157e-01
   1.2705857e-01  0.0000000e+00 -4.1392434e-02  0.0000000e+00
  -1.7252218e-02  4.9934149e-02]
 [ 2.3270564e-01  4.2007968e-01 -4.1907567e-01 -2.5782430e-01
   1.5313873e-01  0.0000000e+00  4.0688301e-03  0.0000000e+00
  -3.5333209e-02  3.4518681e-02]
 [ 4.9396637e-01  5.6170154e-01 -4.1845235e-01 -8.4083259e-02
   1.3775620e-01  0.0000000e+00  7.0393637e-02  0.0000000e+00
  -4.3250479e-02  4.5162809e-04]
 [ 1.3637212e-01  1.2213798e-01 -2.8757146e-01 -1.7065229e-01
   1.2130106e-01  0.0000000e+00 -4.1173186e-02  0.0000000e+00
  -8.9737000e-03  8.3977804e-02]] 
Episode: 86: [[ 0.0694033   0.07966979 -0.36372852 -0.33355317  0.04218675  0.
  -0.02867148  0.          0.00317181  0.04704645]
 [ 0.05788888  0.19831562 -0.39390945 -0.32388246  0.12738883  0.
  -0.04131171  0.         -0.01725222  0.05014034]
 [ 0.23262721  0.4203619  -0.41894487 -0.2581297   0.15344815  0.
   0.0041401   0.         -0.03533321  0.03496632]
 [ 0.4937435   0.5620387  -0.41821352 -0.08442473  0.13808191  0.
   0.07047314  0.         -0.04325048  0.00098832]
 [ 0.13646609  0.12228101 -0.28753728 -0.17088822  0.12161617  0.
  -0.04109035  0.         -0.0089737   0.08410807]] 
Episode: 87: [[ 0.06936534  0.07984723 -0.36359414 -0.33383882  0.04245673  0.
  -0.02850023  0.          0.00317181  0.0471329 ]
 [ 0.05786227  0.1984742  -0.39379573 -0.324151    0.12765713  0.
  -0.04113675  0.         -0.01725222  0.05016701]
 [ 0.23245099  0.42059788 -0.41872877 -0.25845286  0.15369248  0.
   0.00430616  0.         -0.03533321  0.03522715]
 [ 0.4934147   0.56232727 -0.41788843 -0.08478584  0.13833241  0.
   0.07064794  0.         -0.04325048  0.00134008]
 [ 0.1364651   0.1223539  -0.28742832 -0.17115107  0.12187517  0.
  -0.04091203  0.         -0.0089737   0.08409701]] 
Episode: 88: [[ 0.06924499  0.07997821 -0.36349455 -0.33416283  0.04265264  0.
  -0.02824394  0.          0.00317181  0.04717789]
 [ 0.05775798  0.19858232 -0.39371657 -0.32445857  0.12785162  0.
  -0.04087703  0.         -0.01725222  0.05015476]
 [ 0.23217794  0.42080125 -0.41853258 -0.25880733  0.15386787  0.
   0.00455749  0.         -0.03533321  0.03544226]
 [ 0.49297985  0.5625882  -0.41755643 -0.08518019  0.138508    0.
   0.07090843  0.         -0.04325048  0.00164076]
 [ 0.13639681  0.1223753  -0.28734514 -0.17144892  0.12206449  0.
  -0.04064786  0.         -0.0089737   0.08405402]] 
Episode: 89: [[ 0.06912227  0.08011275 -0.36341453 -0.33448595  0.04283209  0.
  -0.02806084  0.          0.00317181  0.04720862]
 [ 0.05765025  0.19869468 -0.3936551  -0.32476625  0.12803084  0.
  -0.04067926  0.         -0.01725222  0.0501266 ]
 [ 0.23191233  0.42099553 -0.4183561  -0.25915775  0.15402451  0.
   0.00468719  0.         -0.03533321  0.03565443]
 [ 0.49255478  0.5628367  -0.4172394  -0.08557009  0.13866077  0.
   0.07103959  0.         -0.04325048  0.00195805]
 [ 0.13632463  0.12240878 -0.28727597 -0.17174745  0.12224156  0.
  -0.04042486  0.         -0.0089737   0.08399241]] 
Episode: 90: [[ 0.06900256  0.08025113 -0.36325467 -0.3348089   0.04298289  0.
  -0.02799874  0.          0.00317181  0.04723547]
 [ 0.05754661  0.19881137 -0.3935151  -0.32507393  0.12818117  0.
  -0.04058488  0.         -0.01725222  0.05009243]
 [ 0.23164697  0.4211887  -0.41811013 -0.2595054   0.15415725  0.
   0.00470196  0.         -0.03533321  0.03586838]
 [ 0.49214166  0.56308544 -0.41686532 -0.08595546  0.1387901   0.
   0.07105442  0.         -0.04325048  0.00225911]
 [ 0.1362525   0.12245092 -0.28713074 -0.17204572  0.12239127  0.
  -0.04026915  0.         -0.0089737   0.08392322]] 
Episode: 91: [[ 0.06894959  0.08041985 -0.36305222 -0.33510315  0.04330239  0.
  -0.02804548  0.          0.00317181  0.04741935]
 [ 0.05750242  0.19894709 -0.39333135 -0.32535034  0.12849031  0.
  -0.04060294  0.         -0.01725222  0.05022099]
 [ 0.23148695  0.42148173 -0.41786167 -0.25983614  0.15447243  0.
   0.00461335  0.         -0.03533321  0.03620106]
 [ 0.4919169   0.5634838  -0.41653046 -0.0863186   0.13913022  0.
   0.07096466  0.         -0.04325048  0.00265977]
 [ 0.13622047  0.12246809 -0.2869531  -0.17232142  0.12268059  0.
  -0.04023388  0.         -0.0089737   0.08403443]] 
Episode: 92: [[ 0.06898025  0.08053178 -0.3628631  -0.33532977  0.04360129  0.
  -0.0281901   0.          0.00317181  0.04774192]
 [ 0.05754564  0.1989921  -0.393159   -0.32555988  0.12877136  0.
  -0.04072212  0.         -0.01725222  0.05049336]
 [ 0.23138908  0.4217699  -0.41762444 -0.26010364  0.1547808   0.
   0.00443173  0.         -0.03533321  0.03661581]
 [ 0.4917316   0.563913   -0.41621476 -0.08661702  0.1394751   0.
   0.07078082  0.         -0.04325048  0.00307652]
 [ 0.13626443  0.12235595 -0.28678468 -0.17252651  0.12292657  0.
  -0.04030688  0.         -0.0089737   0.08430421]] 
Episode: 93: [[ 0.06902268  0.08064226 -0.362704   -0.335572    0.04392243  0.
  -0.02842277  0.          0.00317181  0.04811226]
 [ 0.05759797  0.19904757 -0.39301208 -0.3257847   0.12907517  0.
  -0.04093225  0.         -0.01725222  0.05080536]
 [ 0.23131253  0.42204198 -0.41742858 -0.2603863   0.15510903  0.
   0.00416646  0.         -0.03533321  0.03711476]
 [ 0.49158013  0.5643051  -0.41595706 -0.08693372  0.13983922  0.
   0.07051238  0.         -0.04325048  0.00358089]
 [ 0.13631319  0.1222621  -0.28664047 -0.17274761  0.12319396  0.
  -0.04047721  0.         -0.0089737   0.08458968]] 
Episode: 94: [[ 0.06907227  0.08077993 -0.36253372 -0.33577698  0.04431051  0.
  -0.02873463  0.          0.00317181  0.04850182]
 [ 0.05765181  0.19913538 -0.3928526  -0.32597643  0.1294448   0.
  -0.04122417  0.         -0.01725222  0.0511205 ]
 [ 0.23124763  0.42233407 -0.41722634 -0.26062778  0.1554996   0.
   0.00382592  0.         -0.03533321  0.03767524]
 [ 0.49144608  0.56470776 -0.41570237 -0.08719917  0.14026423  0.
   0.07016787  0.         -0.04325048  0.00416332]
 [ 0.13635491  0.12220385 -0.28648385 -0.17294481  0.12351912  0.
  -0.04073504  0.         -0.0089737   0.08483724]] 
Episode: 95: [[ 0.06909202  0.08091561 -0.3623943  -0.3359949   0.04471921  0.
  -0.0291177   0.          0.00317181  0.04888335]
 [ 0.05768277  0.19922386 -0.39272246 -0.32618007  0.12983786  0.
  -0.04158965  0.         -0.01725222  0.05143253]
 [ 0.23113693  0.42261377 -0.4170542  -0.2608794   0.15590051  0.
   0.00341769  0.         -0.03533321  0.03821487]
 [ 0.4912827   0.5650938  -0.41548246 -0.08747216  0.14069392  0.
   0.06975495  0.         -0.04325048  0.00471158]
 [ 0.13638373  0.1221528  -0.28635487 -0.1731502   0.12387123  0.
  -0.04107153  0.         -0.0089737   0.08507998]] 
Episode: 96: [[ 0.06921697  0.0810463  -0.36217797 -0.33608958  0.04520109  0.
  -0.02956482  0.          0.00317181  0.04938274]
 [ 0.05782111  0.19929339 -0.39251512 -0.32626152  0.13029753  0.
  -0.04202127  0.         -0.01725222  0.05186943]
 [ 0.23112088  0.4228996  -0.41682142 -0.26102066  0.15638115  0.
   0.00294856  0.         -0.03533321  0.03883814]
 [ 0.49118945  0.5655006  -0.41522914 -0.0876285   0.14121574  0.
   0.06928051  0.         -0.04325048  0.00533357]
 [ 0.13651031  0.12207443 -0.2861545  -0.1732404   0.1242735   0.
  -0.0414787   0.         -0.0089737   0.08545141]] 
Episode: 97: [[ 0.06936178  0.08116131 -0.36199936 -0.3362025   0.04561964  0.
  -0.03006955  0.          0.00317181  0.04998612]
 [ 0.05797527  0.19933644 -0.3923437  -0.3263617   0.13069107  0.
  -0.04251238  0.         -0.01725222  0.0524166 ]
 [ 0.23114415  0.42317864 -0.41662732 -0.26117557  0.15680942  0.
   0.00242466  0.         -0.03533321  0.03953562]
 [ 0.4911463   0.5659159  -0.41501525 -0.08780061  0.14169252  0.
   0.06875076  0.         -0.04325048  0.00602121]
 [ 0.13664933  0.12196785 -0.2859901  -0.17334929  0.12461071  0.
  -0.04194943  0.         -0.0089737   0.08591244]] 
Episode: 98: [[ 0.06942593  0.08120867 -0.36186588 -0.33636793  0.0459132   0.
  -0.03042128  0.          0.00317181  0.05052618]
 [ 0.05805259  0.1993038  -0.3922164  -0.32651445  0.13095993  0.
  -0.0428515   0.         -0.01725222  0.0529044 ]
 [ 0.23109551  0.42339715 -0.41647816 -0.26137596  0.15712254  0.
   0.002055    0.         -0.03533321  0.04017802]
 [ 0.49102142  0.56627315 -0.41483396 -0.08802863  0.14205173  0.
   0.068377    0.         -0.04325048  0.0066912 ]
 [ 0.13673583  0.1217742  -0.28586203 -0.17350397  0.12482897  0.
  -0.04226848  0.         -0.0089737   0.08632676]] 
Episode: 99: [[ 0.06969114  0.08128889 -0.3618694  -0.3364003   0.04621207  0.
  -0.03084013  0.          0.00317181  0.05098585]
 [ 0.05833601  0.19929849 -0.39222395 -0.32653436  0.13123459  0.
  -0.04325933  0.         -0.01725222  0.05332547]
 [ 0.23118693  0.42364192 -0.41644633 -0.26145566  0.15743761  0.
   0.00162063  0.         -0.03533321  0.040703  ]
 [ 0.4909607   0.56666577 -0.41476694 -0.08812892  0.14241561  0.
   0.06793789  0.         -0.04325048  0.00721371]
 [ 0.13699663  0.12159718 -0.285876   -0.17352074  0.12504971  0.
  -0.04265983  0.         -0.0089737   0.08669653]] 
Episode: 100: [[ 0.07009007  0.08141721 -0.36185825 -0.33634442  0.04649468  0.
  -0.03131934  0.          0.00317181  0.05155421]
 [ 0.05874531  0.19933496 -0.39221692 -0.32646877  0.13148971  0.
  -0.04372894  0.         -0.01725222  0.05385898]
 [ 0.23144563  0.42394364 -0.41639948 -0.26145247  0.15774485  0.
   0.00112805  0.         -0.03533321  0.04131309]
 [ 0.49107867  0.56712466 -0.41467974 -0.08813793  0.14278229  0.
   0.06744     0.         -0.04325048  0.0078125 ]
 [ 0.13736889  0.12144443 -0.28587976 -0.1734608   0.12524654  0.
  -0.04311617  0.         -0.0089737   0.08719743]] 
Episode: 101: [[ 0.07031091  0.08145725 -0.36176395 -0.33638433  0.04670652  0.
  -0.0316482   0.          0.00317181  0.05209389]
 [ 0.05898002  0.19929042 -0.39212835 -0.32649785  0.13167793  0.
  -0.04404882  0.         -0.01725222  0.05436249]
 [ 0.23153989  0.4241612  -0.41628104 -0.26153108  0.15798222  0.
   0.00078651  0.         -0.03533321  0.04190812]
 [ 0.49104458  0.56749636 -0.41452876 -0.08823376  0.14307235  0.
   0.06709482  0.         -0.04325048  0.00841575]
 [ 0.13759854  0.12123567 -0.28580773 -0.17348658  0.12538856  0.
  -0.04342245  0.         -0.0089737   0.08766428]] 
Episode: 102: [[ 7.04095885e-02  8.14934373e-02 -3.61554235e-01 -3.36486787e-01
   4.69322242e-02  0.00000000e+00 -3.20464037e-02  0.00000000e+00
   3.17181321e-03  5.25127687e-02]
 [ 5.90889454e-02  1.99249730e-01 -3.91928554e-01 -3.26589763e-01
   1.31882712e-01  0.00000000e+00 -4.44392562e-02  0.00000000e+00
  -1.72522180e-02  5.47351092e-02]
 [ 2.31493980e-01  4.24354553e-01 -4.16052431e-01 -2.61666507e-01
   1.58224314e-01  0.00000000e+00  3.77507327e-04  0.00000000e+00
  -3.53332087e-02  4.24198061e-02]
 [ 4.90881860e-01  5.67833662e-01 -4.14266706e-01 -8.83860961e-02
   1.43358797e-01  0.00000000e+00  6.68088347e-02  0.00000000e+00
  -4.32504788e-02  8.94839503e-03]
 [ 1.37692615e-01  1.21048525e-01 -2.85626590e-01 -1.73583925e-01
   1.25551388e-01  0.00000000e+00 -4.38021682e-02  0.00000000e+00
  -8.97369999e-03  8.79992023e-02]] 
Episode: 103: [[ 7.0553511e-02  8.1532434e-02 -3.6156195e-01 -3.3654144e-01
   4.7264986e-02  0.0000000e+00 -3.2506969e-02  0.0000000e+00
   3.1718132e-03  5.2859016e-02]
 [ 5.9237834e-02  1.9922057e-01 -3.9194021e-01 -3.2663584e-01
   1.3220654e-01  0.0000000e+00 -4.4893138e-02  0.0000000e+00
  -1.7252218e-02  5.5037860e-02]
 [ 2.3149727e-01  4.2454854e-01 -4.1602740e-01 -2.6175046e-01
   1.5853469e-01  0.0000000e+00 -9.2194059e-05  0.0000000e+00
  -3.5333209e-02  4.2856768e-02]
 [ 4.9078548e-01  5.6817311e-01 -4.1418707e-01 -8.8477649e-02
   1.4369407e-01  0.0000000e+00  6.6448301e-02  0.0000000e+00
  -4.3250479e-02  9.4130058e-03]
 [ 1.3780414e-01  1.2089193e-01 -2.8563434e-01 -1.7363922e-01
   1.2584765e-01  0.0000000e+00 -4.4247922e-02  0.0000000e+00
  -8.9737000e-03  8.8270903e-02]] 
Episode: 104: [[ 7.0598386e-02  8.1515469e-02 -3.6156917e-01 -3.3668348e-01
   4.7596924e-02  0.0000000e+00 -3.2868549e-02  0.0000000e+00
   3.1718132e-03  5.3172518e-02]
 [ 5.9298646e-02  1.9912919e-01 -3.9195642e-01 -3.2676548e-01
   1.3252614e-01  0.0000000e+00 -4.5245964e-02  0.0000000e+00
  -1.7252218e-02  5.5310432e-02]
 [ 2.3139991e-01  4.2471221e-01 -4.1599247e-01 -2.6191843e-01
   1.5885085e-01  0.0000000e+00 -4.8979645e-04  0.0000000e+00
  -3.5333209e-02  4.3265428e-02]
 [ 4.9058080e-01  5.6848037e-01 -4.1408587e-01 -8.8665962e-02
   1.4403702e-01  0.0000000e+00  6.6149257e-02  0.0000000e+00
  -4.3250479e-02  9.8765846e-03]
 [ 1.3787030e-01  1.2065209e-01 -2.8565413e-01 -1.7376660e-01
   1.2613000e-01  0.0000000e+00 -4.4611420e-02  0.0000000e+00
  -8.9737000e-03  8.8511422e-02]] 
Episode: 105: [[ 0.07070142  0.0815258  -0.3615467  -0.33679807  0.04792109  0.
  -0.0332965   0.          0.00317181  0.05342681]
 [ 0.05941162  0.1990727  -0.39193854 -0.32686824  0.1328405   0.
  -0.04566632  0.         -0.01725222  0.05552844]
 [ 0.23137024  0.42487693 -0.4159321  -0.2620587   0.15915371  0.
  -0.00094968  0.         -0.03533321  0.04361176]
 [ 0.49043056  0.56877416 -0.41396987 -0.08882533  0.14436205  0.
   0.06577653  0.         -0.04325048  0.01027829]
 [ 0.13797176  0.12046567 -0.28563276 -0.17386788  0.12641244  0.
  -0.04504297  0.         -0.0089737   0.08870988]] 
Episode: 106: [[ 0.07079704  0.08156225 -0.36155108 -0.33699313  0.0481917   0.
  -0.03357896  0.          0.00317181  0.05353705]
 [ 0.05952465  0.19903664 -0.39194837 -0.3270464   0.13309671  0.
  -0.04594165  0.         -0.01725222  0.05560911]
 [ 0.23132233  0.4250428  -0.41588712 -0.26228297  0.15941516  0.
  -0.00126139  0.         -0.03533321  0.04382101]
 [ 0.49020925  0.5690542  -0.413856   -0.08908885  0.14464769  0.
   0.06554486  0.         -0.04325048  0.01060764]
 [ 0.13810813  0.12030063 -0.28563246 -0.17403391  0.12663382  0.
  -0.04532668  0.         -0.0089737   0.08878815]] 
Episode: 107: [[ 0.07091001  0.08161163 -0.36158693 -0.33715814  0.04851243  0.
  -0.03393567  0.          0.00317181  0.05363696]
 [ 0.0596479   0.19902566 -0.39198878 -0.32719657  0.13341014  0.
  -0.04629223  0.         -0.01725222  0.05566879]
 [ 0.2313063   0.4252055  -0.41586265 -0.2624776   0.15970609  0.
  -0.00164394  0.         -0.03533321  0.04404606]
 [ 0.49001843  0.5693165  -0.4137457  -0.08932028  0.14495002  0.
   0.06523282  0.         -0.04325048  0.01097906]
 [ 0.13824914  0.12017293 -0.28566363 -0.17418033  0.12692137  0.
  -0.04568636  0.         -0.0089737   0.08881786]] 
Episode: 108: [[ 0.07103664  0.08173972 -0.36132598 -0.33735162  0.0486934   0.
  -0.0341541   0.          0.00317181  0.05367636]
 [ 0.05979457  0.19908363 -0.39173898 -0.32737547  0.13358599  0.
  -0.04650483  0.         -0.01725222  0.05568118]
 [ 0.2312743   0.42543995 -0.41557583 -0.26268822  0.15987462  0.
  -0.00188611  0.         -0.03533321  0.0441791 ]
 [ 0.48977414  0.56965065 -0.4134671  -0.08956124  0.14512639  0.
   0.06505566  0.         -0.04325048  0.01121255]
 [ 0.13841444  0.12009466 -0.28541607 -0.17433837  0.12709239  0.
  -0.04590551  0.         -0.0089737   0.08882169]] 
Episode: 109: [[ 0.07096429  0.08184374 -0.36103168 -0.33773226  0.04890009  0.
  -0.03424812  0.          0.00317181  0.05362363]
 [ 0.05974802  0.1991368  -0.39145684 -0.327737    0.13379218  0.
  -0.04659332  0.         -0.01725222  0.05558318]
 [ 0.23104048  0.425625   -0.4152623  -0.26307726  0.16005383  0.
  -0.00200199  0.         -0.03533321  0.04428113]
 [ 0.48938498  0.56990826 -0.4131627  -0.08999354  0.14530194  0.
   0.06499981  0.         -0.04325048  0.01146616]
 [ 0.13841365  0.12003405 -0.28514206 -0.17466879  0.12729982  0.
  -0.04599829  0.         -0.0089737   0.08870477]] 
Episode: 110: [[ 0.07094686  0.0820574  -0.36075917 -0.33802584  0.04921567  0.
  -0.03443521  0.          0.00317181  0.053632  ]
 [ 0.05976256  0.19929586 -0.3912007  -0.328011    0.13410488  0.
  -0.04677571  0.         -0.01725222  0.05555319]
 [ 0.23080444  0.42588848 -0.4149343  -0.26339027  0.16032861  0.
  -0.00220827  0.         -0.03533321  0.0444198 ]
 [ 0.4889782   0.5702491  -0.4128127  -0.09034031  0.14557268  0.
   0.06484606  0.         -0.04325048  0.01171006]
 [ 0.13844903  0.12006375 -0.28488562 -0.1749184   0.12760139  0.
  -0.04618607  0.         -0.0089737   0.08865964]] 
Episode: 111: [[ 0.07108939  0.08219425 -0.36047003 -0.33820182  0.04951099  0.
  -0.034706    0.          0.00317181  0.05372995]
 [ 0.05993482  0.19931905 -0.39092895 -0.32816994  0.13438919  0.
  -0.04704256  0.         -0.01725222  0.05566662]
 [ 0.23075157  0.42615643 -0.41459343 -0.26358777  0.16060098  0.
  -0.00249588  0.         -0.03533321  0.04448475]
 [ 0.48872313  0.5706774  -0.41245347 -0.09056567  0.14585747  0.
   0.06460427  0.         -0.04325048  0.01179393]
 [ 0.13862818  0.11990678 -0.2846232  -0.17504126  0.12786032  0.
  -0.04645929  0.         -0.0089737   0.08879463]] 
Episode: 112: [[ 0.07137579  0.08232991 -0.36030018 -0.33831537  0.04979414  0.
  -0.03505209  0.          0.00317181  0.05375561]
 [ 0.06024824  0.19934803 -0.39077663 -0.32826567  0.13466355  0.
  -0.04738537  0.         -0.01725222  0.05570892]
 [ 0.23083228  0.42640653 -0.4143452  -0.2637313   0.16085635  0.
  -0.00285666  0.         -0.03533321  0.04447807]
 [ 0.4885795   0.57107776 -0.4121653  -0.09073713  0.14612195  0.
   0.0642833   0.         -0.04325048  0.01180179]
 [ 0.13892889  0.11977233 -0.28448272 -0.17510054  0.12811275  0.
  -0.04680932  0.         -0.0089737   0.08887155]] 
Episode: 113: [[ 0.07155111  0.08240561 -0.36015034 -0.33849317  0.0500269   0.
  -0.03526108  0.          0.00317181  0.05377297]
 [ 0.06043699  0.1993245  -0.39064053 -0.3284277   0.13489045  0.
  -0.04759113  0.         -0.01725222  0.05575073]
 [ 0.23084506  0.4265963  -0.41414005 -0.26392826  0.16106194  0.
  -0.00307934  0.         -0.03533321  0.04444226]
 [ 0.48837727  0.57141227 -0.41192448 -0.09096573  0.14633392  0.
   0.06409791  0.         -0.04325048  0.01177106]
 [ 0.13909881  0.1196029  -0.2843548  -0.17522946  0.12832838  0.
  -0.04702003  0.         -0.0089737   0.08895591]] 
Episode: 114: [[ 0.07171106  0.0825216  -0.3601007  -0.33867323  0.05022756  0.
  -0.03534675  0.          0.00317181  0.0537704 ]
 [ 0.06061217  0.19933723 -0.39060247 -0.32859236  0.13508618  0.
  -0.04767361  0.         -0.01725222  0.05577125]
 [ 0.23081781  0.42680556 -0.41401133 -0.2641242   0.1612334   0.
  -0.00317778  0.         -0.03533321  0.0443987 ]
 [ 0.48811555  0.5717706  -0.41173166 -0.09119248  0.14650829  0.
   0.06403448  0.         -0.04325048  0.01173692]
 [ 0.13925363  0.11946736 -0.2843119  -0.17535926  0.12851566  0.
  -0.04710543  0.         -0.0089737   0.08902431]] 
Episode: 115: [[ 0.07188484  0.08268756 -0.36026642 -0.3388209   0.05045507  0.
  -0.0355262   0.          0.00317181  0.05384326]
 [ 0.06080325  0.19939668 -0.39076442 -0.32872483  0.13530725  0.
  -0.04785046  0.         -0.01725222  0.0558602 ]
 [ 0.23079866  0.42705444 -0.41411433 -0.2642942   0.16142815  0.
  -0.00336827  0.         -0.03533321  0.04444215]
 [ 0.48787066  0.5721576  -0.41178265 -0.09139083  0.14670447  0.
   0.06387409  0.         -0.04325048  0.01179031]
 [ 0.13943706  0.11935943 -0.28445488 -0.17546315  0.12872154  0.
  -0.04728638  0.         -0.0089737   0.08913443]] 
Episode: 116: [[ 0.07218671  0.08289923 -0.36055484 -0.33889014  0.05070214  0.
  -0.03579001  0.          0.00317181  0.05382358]
 [ 0.06111373  0.19951278 -0.3910479  -0.3287783   0.13555273  0.
  -0.04811219  0.         -0.01725222  0.05586188]
 [ 0.23090479  0.42732486 -0.41431442 -0.2643961   0.16163     0.
  -0.00364159  0.         -0.03533321  0.0443795 ]
 [ 0.48773932  0.5725488  -0.41191116 -0.09151939  0.14689988  0.
   0.06362648  0.         -0.04325048  0.0117162 ]
 [ 0.13970251  0.11931585 -0.28471258 -0.17549214  0.1289574   0.
  -0.04755323  0.         -0.0089737   0.08918068]] 
Episode: 117: [[ 0.07263472  0.08312532 -0.3610392  -0.338813    0.05095971  0.
  -0.0361297   0.          0.00317181  0.05374648]
 [ 0.06156883  0.19964108 -0.39152774 -0.32868987  0.13580765  0.
  -0.04845028  0.         -0.01725222  0.0558164 ]
 [ 0.23113453  0.42761487 -0.4146751  -0.26435778  0.16184014  0.
  -0.00398942  0.         -0.03533321  0.04422298]
 [ 0.48769957  0.5729653  -0.41216168 -0.09149035  0.14710368  0.
   0.06330042  0.         -0.04325048  0.01151411]
 [ 0.14008765  0.11927886 -0.2851605  -0.17538388  0.1291928   0.
  -0.04789735  0.         -0.0089737   0.0892027 ]] 
Episode: 118: [[ 0.07316565  0.08330967 -0.36146864 -0.3386907   0.0512177   0.
  -0.03653765  0.          0.00317181  0.05380321]
 [ 0.06210937  0.19972402 -0.3919509  -0.3285568   0.13605681  0.
  -0.04885704  0.         -0.01725222  0.05591946]
 [ 0.23145272  0.42788112 -0.4149885  -0.2642816   0.16206354  0.
  -0.00440427  0.         -0.03533321  0.04415232]
 [ 0.48775676  0.5733679  -0.4123774  -0.09142304  0.14733167  0.
   0.06290383  0.         -0.04325048  0.01133519]
 [ 0.14056388  0.11919352 -0.28555226 -0.17523664  0.12941024  0.
  -0.04831092  0.         -0.0089737   0.08936872]] 
Episode: 119: [[ 0.07359036  0.08346345 -0.36203656 -0.3387587   0.05146476  0.
  -0.03700701  0.          0.00317181  0.0536891 ]
 [ 0.06254571  0.1997797  -0.39250618 -0.32860726  0.1362976   0.
  -0.04932557  0.         -0.01725222  0.05584855]
 [ 0.23168108  0.42813206 -0.41543046 -0.26439694  0.1622688   0.
  -0.00487943  0.         -0.03533321  0.04394156]
 [ 0.4876739   0.57376087 -0.41268453 -0.09158422  0.14753649  0.
   0.0624438   0.         -0.04325048  0.01103903]
 [ 0.14098383  0.11908319 -0.28606358 -0.17527136  0.12962402  0.
  -0.04878696  0.         -0.0089737   0.08933982]] 
Episode: 120: [[ 0.07389114  0.08364143 -0.36260596 -0.33895653  0.05174294  0.
  -0.0375316   0.          0.00317181  0.05354989]
 [ 0.06287014  0.1998886  -0.39306697 -0.32878104  0.13657428  0.
  -0.04984967  0.         -0.01725222  0.05573283]
 [ 0.23178945  0.42836788 -0.41588446 -0.2646401   0.16249558  0.
  -0.00540883  0.         -0.03533321  0.04376702]
 [ 0.4874758   0.57409585 -0.41301754 -0.09189301  0.1477528   0.
   0.06192671  0.         -0.04325048  0.01086308]
 [ 0.14133944  0.11905297 -0.28658447 -0.17540899  0.12988295  0.
  -0.04931916  0.         -0.0089737   0.089244  ]] 
Episode: 121: [[ 0.074025    0.08391719 -0.3632627  -0.33931524  0.05204056  0.
  -0.0379014   0.          0.00317181  0.05346024]
 [ 0.06303174  0.20012014 -0.39371407 -0.32911226  0.13687314  0.
  -0.05021876  0.         -0.01725222  0.05564113]
 [ 0.23173934  0.42865506 -0.4164234  -0.2650348   0.16273792  0.
  -0.00578339  0.         -0.03533321  0.04371182]
 [ 0.48715025  0.57443684 -0.41342646 -0.09236529  0.14798099  0.
   0.0615054   0.         -0.04325048  0.01084067]
 [ 0.14155887  0.11915326 -0.2871853  -0.17569177  0.13016857  0.
  -0.04969409  0.         -0.0089737   0.08913621]] 
Episode: 122: [[ 0.07408207  0.08422584 -0.3638542  -0.33979052  0.05237288  0.
  -0.03813194  0.          0.00317181  0.05335982]
 [ 0.06313418  0.20039709 -0.3943102  -0.329556    0.13720654  0.
  -0.05044841  0.         -0.01725222  0.05553307]
 [ 0.23158494  0.42894593 -0.41686615 -0.265541    0.16301297  0.
  -0.00601865  0.         -0.03533321  0.04368059]
 [ 0.48669195  0.5747565  -0.4137031  -0.0929641   0.14824168  0.
   0.06122985  0.         -0.04325048  0.01089973]
 [ 0.14176746  0.11930859 -0.28774515 -0.17607085  0.13048561  0.
  -0.04992757  0.         -0.0089737   0.0890128 ]] 
Episode: 123: [[ 0.07412593  0.08442733 -0.364432   -0.34037474  0.05258796  0.
  -0.0382372   0.          0.00317181  0.05329618]
 [ 0.06323976  0.20055595 -0.39489448 -0.33010262  0.13741739  0.
  -0.0505526   0.         -0.01725222  0.05545957]
 [ 0.23139277  0.42916447 -0.4172905  -0.2661611   0.16319518  0.
  -0.00612857  0.         -0.03533321  0.04370528]
 [ 0.48618388  0.57501113 -0.4139525  -0.0936962   0.14841571  0.
   0.06108541  0.         -0.04325048  0.01104709]
 [ 0.14201784  0.11934513 -0.28828967 -0.1765366   0.13067986  0.
  -0.05003381  0.         -0.0089737   0.08891194]] 
Episode: 124: [[ 0.07411713  0.08458807 -0.36504716 -0.3409774   0.05283129  0.
  -0.03843408  0.          0.00317181  0.05327892]
 [ 0.06329861  0.2006893  -0.39551887 -0.3306654   0.13766132  0.
  -0.05074877  0.         -0.01725222  0.05540471]
 [ 0.23114155  0.4293253  -0.41774714 -0.26680362  0.16339326  0.
  -0.00632924  0.         -0.03533321  0.04385134]
 [ 0.48560736  0.575195   -0.41423804 -0.09445854  0.14859998  0.
   0.06091958  0.         -0.04325048  0.01131439]
 [ 0.14224544  0.11939362 -0.2888856  -0.17701456  0.13091636  0.
  -0.05023317  0.         -0.0089737   0.08877464]] 
Episode: 125: [[ 0.07413274  0.08473723 -0.36569998 -0.34155244  0.05305872  0.
  -0.03852998  0.          0.00317181  0.05318968]
 [ 0.06337363  0.20080532 -0.3961786  -0.3312043   0.13788739  0.
  -0.05083388  0.         -0.01725222  0.05528539]
 [ 0.23094442  0.4294955  -0.4182619  -0.26741296  0.16358465  0.
  -0.00647562  0.         -0.03533321  0.04388432]
 [ 0.48509765  0.57539827 -0.41459763 -0.09518033  0.14878358  0.
   0.06076609  0.         -0.04325048  0.01142472]
 [ 0.14247979  0.11941493 -0.2895212  -0.17747843  0.13113274  0.
  -0.05033844  0.         -0.0089737   0.08859117]] 
Episode: 126: [[ 0.07421212  0.08494866 -0.3665207  -0.34203294  0.05327614  0.
  -0.03871858  0.          0.00317181  0.05313652]
 [ 0.06350392  0.20096965 -0.39699396 -0.33165237  0.13810019  0.
  -0.05101294  0.         -0.01725222  0.05521229]
 [ 0.2308018   0.4297264  -0.4189602  -0.26792827  0.16376899  0.
  -0.00670946  0.         -0.03533321  0.04391941]
 [ 0.48464245  0.57566845 -0.41515666 -0.09579284  0.14896248  0.
   0.06052373  0.         -0.04325048  0.01149703]
 [ 0.14273551  0.1194445  -0.29029056 -0.17785895  0.13132574  0.
  -0.05053708  0.         -0.0089737   0.08846948]] 
Episode: 127: [[ 0.07421337  0.0849344  -0.36719996 -0.3425925   0.05346419  0.
  -0.03888283  0.          0.00317181  0.05297077]
 [ 0.06354775  0.20089997 -0.39767542 -0.3321825   0.1382765   0.
  -0.05115477  0.         -0.01725222  0.05503615]
 [ 0.23066583  0.42980948 -0.41954732 -0.26851296  0.16394657  0.
  -0.007022    0.         -0.03533321  0.04382979]
 [ 0.4842336   0.57580525 -0.41563797 -0.09648754  0.14914894  0.
   0.06020144  0.         -0.04325048  0.01150752]
 [ 0.14290959  0.11923448 -0.29094195 -0.17833085  0.13147028  0.
  -0.05069818  0.         -0.0089737   0.08828793]] 
Episode: 128: [[ 0.07421101  0.08491866 -0.3679197  -0.34317547  0.05362115  0.
  -0.0389279   0.          0.00317181  0.05285299]
 [ 0.06359631  0.2008236  -0.3983942  -0.33273667  0.13842073  0.
  -0.05117952  0.         -0.01725222  0.05489278]
 [ 0.23049672  0.42989415 -0.42018375 -0.2691157   0.16409484  0.
  -0.00720113  0.         -0.03533321  0.04383178]
 [ 0.4837626   0.5759449  -0.41616204 -0.09719855  0.1493043   0.
   0.06001569  0.         -0.04325048  0.01165214]
 [ 0.14311452  0.11900739 -0.29162455 -0.17881778  0.13157974  0.
  -0.0507388   0.         -0.0089737   0.08810025]] 
Episode: 129: [[ 0.07438894  0.08486115 -0.36877596 -0.34361506  0.05374101  0.
  -0.03907115  0.          0.00317181  0.05267749]
 [ 0.06382521  0.20069847 -0.3992454  -0.33314934  0.13852417  0.
  -0.05130463  0.         -0.01725222  0.05471502]
 [ 0.23049057  0.42995653 -0.42094827 -0.2695804   0.16421776  0.
  -0.00746441  0.         -0.03533321  0.0437058 ]
 [ 0.48342317  0.5760828  -0.4168127  -0.09775835  0.14944427  0.
   0.05974441  0.         -0.04325048  0.0116471 ]
 [ 0.14348207  0.11873069 -0.29242906 -0.17915614  0.13163812  0.
  -0.05087347  0.         -0.0089737   0.08792079]] 
Episode: 130: [[ 0.0746654   0.08484123 -0.3695508  -0.34392828  0.05394016  0.
  -0.0393027   0.          0.00317181  0.05253955]
 [ 0.06414805  0.20061275 -0.40002108 -0.33343884  0.13871124  0.
  -0.05152002  0.         -0.01725222  0.05458805]
 [ 0.23057085  0.4300428  -0.42161492 -0.26992467  0.16439877  0.
  -0.00780337  0.         -0.03533321  0.04357907]
 [ 0.4831694   0.5762503  -0.41736346 -0.0981831   0.14963458  0.
   0.05939622  0.         -0.04325048  0.0115933 ]
 [ 0.1439238   0.11849741 -0.29318398 -0.1793804   0.13178062  0.
  -0.05109894  0.         -0.0089737   0.08779675]] 
Episode: 131: [[ 0.07507183  0.08482192 -0.37038276 -0.34413946  0.05411807  0.
  -0.03961369  0.          0.00317181  0.05235557]
 [ 0.06459621  0.2005205  -0.4008568  -0.33362645  0.13887742  0.
  -0.05181661  0.         -0.01725222  0.05445395]
 [ 0.23080659  0.4301412  -0.4223231  -0.27017334  0.16456155  0.
  -0.00821043  0.         -0.03533321  0.0433167 ]
 [ 0.48306367  0.576443   -0.41794583 -0.09850764  0.14980945  0.
   0.05897887  0.         -0.04325048  0.01141033]
 [ 0.14448708  0.11825029 -0.29400778 -0.17949913  0.13190328  0.
  -0.05139253  0.         -0.0089737   0.08772669]] 
Episode: 132: [[ 0.07537194  0.08480565 -0.37107712 -0.34445035  0.05423452  0.
  -0.03979091  0.          0.00317181  0.0522448 ]
 [ 0.06494685  0.20043    -0.40156645 -0.33391064  0.13897897  0.
  -0.05198072  0.         -0.01725222  0.05436143]
 [ 0.23093978  0.43023932 -0.42288962 -0.2705233   0.16467816  0.
  -0.0084747   0.         -0.03533321  0.04321581]
 [ 0.4828449   0.5766261  -0.41838408 -0.09895161  0.1499438   0.
   0.05870743  0.         -0.04325048  0.01138047]
 [ 0.14499238  0.11799778 -0.29473573 -0.17971179  0.13196081  0.
  -0.05159009  0.         -0.0089737   0.08763503]] 
Episode: 133: [[ 0.07566537  0.08486468 -0.3718324  -0.3447287   0.05437629  0.
  -0.04005296  0.          0.00317181  0.05213263]
 [ 0.06528945  0.20042191 -0.40233454 -0.334162    0.13910635  0.
  -0.05223113  0.         -0.01725222  0.05425439]
 [ 0.23107591  0.4303836  -0.4235327  -0.27085072  0.16481383  0.
  -0.00881451  0.         -0.03533321  0.04314459]
 [ 0.48262388  0.57683736 -0.4189074  -0.09937963  0.15009472  0.
   0.0583592   0.         -0.04325048  0.01143698]
 [ 0.14549345  0.1178311  -0.29551783 -0.17990258  0.13204357  0.
  -0.0518724   0.         -0.0089737   0.08749995]] 
Episode: 134: [[ 0.07587578  0.08496201 -0.3724891  -0.34506032  0.0545954   0.
  -0.04039133  0.          0.00317181  0.05201245]
 [ 0.06554919  0.20044822 -0.40300757 -0.33446616  0.13931087  0.
  -0.05255916  0.         -0.01725222  0.05414429]
 [ 0.23113059  0.43057036 -0.42406946 -0.2712292   0.16501689  0.
  -0.00922228  0.         -0.03533321  0.04304553]
 [ 0.48232663  0.57708967 -0.4192991  -0.09986272  0.15030912  0.
   0.05794191  0.         -0.04325048  0.01144908]
 [ 0.14592488  0.11767291 -0.29621825 -0.18014881  0.13219443  0.
  -0.05223092  0.         -0.0089737   0.08736829]] 
Episode: 135: [[ 0.07594598  0.08503063 -0.3730988  -0.34541896  0.05483767  0.
  -0.0406829   0.          0.00317181  0.05204   ]
 [ 0.0656573   0.20044976 -0.40362293 -0.33480117  0.13954183  0.
  -0.05283741  0.         -0.01725222  0.05417607]
 [ 0.23108545  0.4307388  -0.42458797 -0.27162918  0.16523635  0.
  -0.00962294  0.         -0.03533321  0.04309444]
 [ 0.48198017  0.5773252  -0.419687   -0.10036222  0.1505386   0.
   0.05753315  0.         -0.04325048  0.01158838]
 [ 0.1461903   0.11749625 -0.29683957 -0.18044505  0.13237986  0.
  -0.05256016  0.         -0.0089737   0.08735251]] 
Episode: 136: [[ 0.07608172  0.08510444 -0.37361655 -0.3457161   0.05506871  0.
  -0.04084229  0.          0.00317181  0.05210624]
 [ 0.06582112  0.20046872 -0.40414152 -0.33507755  0.13976556  0.
  -0.05298468  0.         -0.01725222  0.05423374]
 [ 0.23109818  0.43088907 -0.4250225  -0.2719648   0.16543736  0.
  -0.00988113  0.         -0.03533321  0.04320764]
 [ 0.4816927   0.57753676 -0.42000493 -0.10078541  0.15074368  0.
   0.05726972  0.         -0.04325048  0.01180796]
 [ 0.14646095  0.11737208 -0.29734954 -0.18068784  0.13256703  0.
  -0.05275144  0.         -0.0089737   0.08734295]] 
Episode: 137: [[ 0.07609495  0.08518829 -0.37417597 -0.34608594  0.05525336  0.
  -0.04088278  0.          0.00317181  0.0523302 ]
 [ 0.06586854  0.20048748 -0.4047069  -0.33542603  0.13994443  0.
  -0.05301413  0.         -0.01725222  0.05442645]
 [ 0.23097564  0.43106562 -0.42548808 -0.27236775  0.1655931   0.
  -0.01001114  0.         -0.03533321  0.0434576 ]
 [ 0.48127612  0.57778263 -0.42035168 -0.10128042  0.1509018   0.
   0.05713701  0.         -0.04325048  0.01213913]
 [ 0.14664559  0.11721572 -0.29792058 -0.18099914  0.13271466  0.
  -0.05281866  0.         -0.0089737   0.08741316]] 
Episode: 138: [[ 0.07601614  0.08525322 -0.37474945 -0.34649366  0.05549329  0.
  -0.0408163   0.          0.00317181  0.05254657]
 [ 0.065819    0.20048986 -0.40528166 -0.3358139   0.14018074  0.
  -0.05293758  0.         -0.01725222  0.05459626]
 [ 0.23078267  0.4312273  -0.42598733 -0.27279985  0.16579375  0.
  -0.01002582  0.         -0.03533321  0.04374757]
 [ 0.48081556  0.5780138  -0.4207528  -0.10180327  0.15110096  0.
   0.05712186  0.         -0.04325048  0.01255256]
 [ 0.14673369  0.11704555 -0.29849443 -0.18135197  0.13291878  0.
  -0.05277431  0.         -0.0089737   0.08743653]] 
Episode: 139: [[ 0.07599674  0.0853254  -0.3753731  -0.3468429   0.05572617  0.
  -0.04085937  0.          0.00317181  0.05267647]
 [ 0.06582296  0.20049028 -0.4059052  -0.33614585  0.14040811  0.
  -0.05297172  0.         -0.01725222  0.05470189]
 [ 0.23065591  0.43141183 -0.42653337 -0.27317542  0.16599043  0.
  -0.01014132  0.         -0.03533321  0.0438902 ]
 [ 0.48041898  0.5782807  -0.4212044  -0.10226387  0.15129994  0.
   0.05700401  0.         -0.04325048  0.0127899 ]
 [ 0.14686072  0.11685627 -0.29911646 -0.18165895  0.13310654  0.
  -0.05283919  0.         -0.0089737   0.08743308]] 
Episode: 140: [[ 0.07602165  0.08539898 -0.37594184 -0.34715495  0.05594394  0.
  -0.04079527  0.          0.00317181  0.05282929]
 [ 0.06586395  0.20050102 -0.40647188 -0.3364426   0.14062166  0.
  -0.05290429  0.         -0.01725222  0.05482867]
 [ 0.2305714   0.43158236 -0.42702642 -0.27351007  0.16617163  0.
  -0.01014299  0.         -0.03533321  0.04406158]
 [ 0.48007998  0.57852453 -0.42161182 -0.10267322  0.1514802   0.
   0.05700217  0.         -0.04325048  0.01304198]
 [ 0.14698282  0.11670069 -0.29967514 -0.18193287  0.13328548  0.
  -0.05283725  0.         -0.0089737   0.08744823]] 
Episode: 141: [[ 0.07610623  0.08543734 -0.37661138 -0.34741175  0.05617424  0.
  -0.04084042  0.          0.00317181  0.05297433]
 [ 0.06596115  0.20047873 -0.4071419  -0.33668292  0.14085303  0.
  -0.05294662  0.         -0.01725222  0.05494719]
 [ 0.23055243  0.4317265  -0.42760116 -0.2737958   0.16635382  0.
  -0.01017892  0.         -0.03533321  0.04423191]
 [ 0.47979185  0.5787461  -0.4220829  -0.10303277  0.15165186  0.
   0.05710466  0.         -0.04325048  0.01329966]
 [ 0.14716013  0.11651951 -0.3003389  -0.18214546  0.1334931   0.
  -0.05294051  0.         -0.0089737   0.08744857]] 
Episode: 142: [[ 0.07602548  0.08550777 -0.37717512 -0.34782237  0.05635893  0.
  -0.04077824  0.          0.00317181  0.05323562]
 [ 0.0658972   0.20047665 -0.4077029  -0.3370769   0.14103176  0.
  -0.05288173  0.         -0.01725222  0.05517861]
 [ 0.23037583  0.43191013 -0.42809358 -0.27421904  0.16651234  0.
  -0.01010866  0.         -0.03533321  0.04452783]
 [ 0.47937638  0.57900894 -0.4224782  -0.10353197  0.15180863  0.
   0.05730098  0.         -0.04325048  0.01366495]
 [ 0.1471979   0.11633027 -0.30088043 -0.18250541  0.1336417   0.
  -0.05292844  0.         -0.0089737   0.08754441]] 
Episode: 143: [[ 0.0759674   0.08560263 -0.37793133 -0.34818175  0.05652354  0.
  -0.0406746   0.          0.00317181  0.05356913]
 [ 0.06584944  0.2005024  -0.40844893 -0.3374231   0.1411899   0.
  -0.05278616  0.         -0.01725222  0.05547708]
 [ 0.23021393  0.43210262 -0.42878303 -0.27458617  0.16665052  0.
  -0.00994287  0.         -0.03533321  0.04490715]
 [ 0.47899076  0.5792753  -0.4230761  -0.10396095  0.15194328  0.
   0.0575817   0.         -0.04325048  0.0141097 ]
 [ 0.147219    0.116173   -0.30158037 -0.18282303  0.13376787  0.
  -0.05289561  0.         -0.0089737   0.0876966 ]] 
Episode: 144: [[ 0.07596679  0.08578836 -0.37873778 -0.3484494   0.05673286  0.
  -0.04068444  0.          0.00317181  0.05392201]
 [ 0.06586347  0.2006245  -0.40924665 -0.33767796  0.14139277  0.
  -0.05280347  0.         -0.01725222  0.05578717]
 [ 0.2301026   0.4323621  -0.42952228 -0.27487773  0.16682677  0.
  -0.00989623  0.         -0.03533321  0.04531996]
 [ 0.47865006  0.5795937  -0.4237279  -0.10431679  0.15211429  0.
   0.05773022  0.         -0.04325048  0.01459907]
 [ 0.14731134  0.11609913 -0.30233958 -0.18306164  0.13393268  0.
  -0.05297136  0.         -0.0089737   0.08783612]] 
Episode: 145: [[ 0.07619442  0.08598088 -0.37966684 -0.3485092   0.05696286  0.
  -0.04079636  0.          0.00317181  0.05411798]
 [ 0.0661118   0.2007498  -0.4101639  -0.33772415  0.14161575  0.
  -0.05292232  0.         -0.01725222  0.05598732]
 [ 0.23019986  0.43263534 -0.4303792  -0.2749877   0.16702406  0.
  -0.0099568   0.         -0.03533321  0.04554124]
 [ 0.4784896   0.57993406 -0.4244992  -0.10448856  0.15231138  0.
   0.05775983  0.         -0.04325048  0.01490458]
 [ 0.14763816  0.11601765 -0.3032172  -0.18309592  0.13411014  0.
  -0.05314478  0.         -0.0089737   0.0879658 ]] 
Episode: 146: [[ 0.07654059  0.08620444 -0.38079646 -0.34846637  0.05719079  0.
  -0.04100011  0.          0.00317181  0.05429589]
 [ 0.06649042  0.20090814 -0.41128156 -0.33766633  0.14183332  0.
  -0.05313249  0.         -0.01725222  0.0561715 ]
 [ 0.23038185  0.4329378  -0.43143532 -0.27501237  0.16722709  0.
  -0.01011382  0.         -0.03533321  0.04572192]
 [ 0.47835994  0.58029634 -0.42546636 -0.10457965  0.15252204  0.
   0.05768248  0.         -0.04325048  0.01515712]
 [ 0.14812438  0.11595102 -0.30429807 -0.18302315  0.13426934  0.
  -0.053406    0.         -0.0089737   0.08806981]] 
Episode: 147: [[ 0.0769114   0.0865283  -0.38189182 -0.34837434  0.05745902  0.
  -0.04128645  0.          0.00317181  0.0543909 ]
 [ 0.06688915  0.20116231 -0.4123623  -0.33756173  0.14209297  0.
  -0.05342483  0.         -0.01725222  0.05629334]
 [ 0.230563    0.43334326 -0.43243843 -0.27498668  0.1674602   0.
  -0.0103576   0.         -0.03533321  0.0457602 ]
 [ 0.47824118  0.5807674  -0.42636618 -0.10460854  0.15275773  0.
   0.05750894  0.         -0.04325048  0.01525003]
 [ 0.14860314  0.11593373 -0.30533367 -0.18290849  0.13446532  0.
  -0.05374618  0.         -0.0089737   0.08815976]] 
Episode: 148: [[ 0.07721778  0.08677384 -0.38298762 -0.34841737  0.05773138  0.
  -0.04164711  0.          0.00317181  0.05456318]
 [ 0.06723137  0.20134018 -0.41344282 -0.33758932  0.1423545   0.
  -0.05379106  0.         -0.01725222  0.05645627]
 [ 0.23066588  0.43367335 -0.433454   -0.2750839   0.16769728  0.
  -0.01067943  0.         -0.03533321  0.04594262]
 [ 0.47801557  0.5811572  -0.42728528 -0.10476878  0.1529952   0.
   0.05731942  0.         -0.04325048  0.01546674]
 [ 0.14905629  0.11586635 -0.30636242 -0.1829045   0.13466255  0.
  -0.05415736  0.         -0.0089737   0.08821183]] 
Episode: 149: [[ 0.07754955  0.08702898 -0.38416526 -0.34850556  0.05793237  0.
  -0.04186865  0.          0.00317181  0.05472941]
 [ 0.06760854  0.20153596 -0.41460538 -0.33765942  0.14254232  0.
  -0.05401742  0.         -0.01725222  0.05659207]
 [ 0.23078248  0.43398926 -0.43455073 -0.27522978  0.16787618  0.
  -0.01086657  0.         -0.03533321  0.04617926]
 [ 0.47777963  0.5815156  -0.42829642 -0.10498901  0.15317939  0.
   0.05725317  0.         -0.04325048  0.01579417]
 [ 0.1495731   0.11583239 -0.30747575 -0.18293233  0.13478856  0.
  -0.05444236  0.         -0.0089737   0.08820264]] 
Episode: 150: [[ 0.07802998  0.08737312 -0.38537043 -0.34849995  0.05813217  0.
  -0.04217095  0.          0.00317181  0.0547736 ]
 [ 0.0681304   0.20183355 -0.41579986 -0.3376346   0.14273137  0.
  -0.05432424  0.         -0.01725222  0.05662169]
 [ 0.23102899  0.4343506  -0.43565    -0.27529064  0.16804844  0.
  -0.01113741  0.         -0.03533321  0.04624994]
 [ 0.47766167  0.58189803 -0.42929372 -0.1051195   0.15335314  0.
   0.05708933  0.         -0.04325048  0.01595546]
 [ 0.1502015   0.11591519 -0.30863345 -0.18286212  0.1349181   0.
  -0.05480395  0.         -0.0089737   0.08813914]] 
Episode: 151: [[ 0.07842921  0.08775218 -0.38644102 -0.34857607  0.05831018  0.
  -0.04234003  0.          0.00317181  0.05475119]
 [ 0.06856386  0.20219335 -0.41686615 -0.33769295  0.1429095   0.
  -0.0544972   0.         -0.01725222  0.05653162]
 [ 0.23122571  0.4346976  -0.43664208 -0.27541384  0.1681839   0.
  -0.01127869  0.         -0.03533321  0.04640302]
 [ 0.47750586  0.58223444 -0.43021417 -0.10530991  0.1534774   0.
   0.05704612  0.         -0.04325048  0.01623245]
 [ 0.15073535  0.11611017 -0.3096866  -0.18286775  0.13506733  0.
  -0.0550241   0.         -0.0089737   0.08788943]] 
Episode: 152: [[ 0.0788025   0.08806354 -0.38751346 -0.34870705  0.05850179  0.
  -0.04238926  0.          0.00317181  0.05466988]
 [ 0.06897932  0.20248595 -0.41793698 -0.33780417  0.14310211  0.
  -0.05454972  0.         -0.01725222  0.05636951]
 [ 0.23143049  0.43498123 -0.43763533 -0.27558962  0.16832802  0.
  -0.01130343  0.         -0.03533321  0.04653437]
 [ 0.47735673  0.5825045  -0.43112525 -0.10556217  0.15360694  0.
   0.05711141  0.         -0.04325048  0.01655926]
 [ 0.15130521  0.11626092 -0.31074753 -0.18291949  0.13523296  0.
  -0.05512277  0.         -0.0089737   0.08753997]] 
Episode: 153: [[ 0.07910801  0.08830457 -0.3885488  -0.34889385  0.05864733  0.
  -0.04233067  0.          0.00317181  0.05470449]
 [ 0.06933218  0.20270565 -0.4189725  -0.33797252  0.14324793  0.
  -0.05449391  0.         -0.01725222  0.05630869]
 [ 0.2315504   0.43520606 -0.4385891  -0.27580532  0.16843359  0.
  -0.01122331  0.         -0.03533321  0.04679994]
 [ 0.4771201   0.5827246  -0.43199077 -0.10584581  0.15369946  0.
   0.05727429  0.         -0.04325048  0.01698467]
 [ 0.15183188  0.11635683 -0.31177852 -0.18301839  0.13535433  0.
  -0.05510642  0.         -0.0089737   0.08723742]] 
Episode: 154: [[ 0.0792864   0.08837609 -0.3895268  -0.3493423   0.05864252  0.
  -0.04217509  0.          0.00317181  0.05481131]
 [ 0.06956772  0.2027396  -0.41995654 -0.33840147  0.14323902  0.
  -0.05434064  0.         -0.01725222  0.05629911]
 [ 0.23156491  0.43531588 -0.43950263 -0.27624065  0.1684147   0.
  -0.01104885  0.         -0.03533321  0.0471852 ]
 [ 0.47678593  0.582854   -0.43283185 -0.10631264  0.1536732   0.
   0.05752493  0.         -0.04325048  0.01749825]
 [ 0.15229069  0.11625177 -0.312774   -0.18334177  0.13532323  0.
  -0.05498663  0.         -0.0089737   0.08693676]] 
Episode: 155: [[ 0.07945795  0.08840871 -0.3904667  -0.34981483  0.05863702  0.
  -0.04203324  0.          0.00317181  0.05485131]
 [ 0.06979641  0.20273903 -0.42090163 -0.3388524   0.14322981  0.
  -0.05420902  0.         -0.01725222  0.05623809]
 [ 0.2315998   0.43538952 -0.4403912  -0.2767023   0.16839662  0.
  -0.01089622  0.         -0.03533321  0.0474732 ]
 [ 0.47646728  0.58295256 -0.43365732 -0.10681549  0.1536499   0.
   0.05769327  0.         -0.04325048  0.01792726]
 [ 0.15275282  0.1161382  -0.31372693 -0.1836833   0.13529807  0.
  -0.05491067  0.         -0.0089737   0.08661128]] 
Episode: 156: [[ 0.07957722  0.08840426 -0.391334   -0.35033318  0.05865242  0.
  -0.04192128  0.          0.00317181  0.05505608]
 [ 0.06998411  0.2027046  -0.4217844  -0.33934548  0.14324048  0.
  -0.05412818  0.         -0.01725222  0.05632145]
 [ 0.23155239  0.43543157 -0.44118506 -0.27721596  0.16839853  0.
  -0.01073222  0.         -0.03533321  0.04787831]
 [ 0.47604907  0.5830165  -0.43436888 -0.10738151  0.1536469   0.
   0.05794876  0.         -0.04325048  0.01844415]
 [ 0.15320319  0.11599501 -0.3146415  -0.18406077  0.1352887   0.
  -0.05492327  0.         -0.0089737   0.08636114]] 
Episode: 157: [[ 0.07980032  0.08842615 -0.39218202 -0.35075936  0.05866979  0.
  -0.04183497  0.          0.00317181  0.05520766]
 [ 0.0702638   0.20269494 -0.42264476 -0.3397471   0.1432553   0.
  -0.05408148  0.         -0.01725222  0.05637547]
 [ 0.23159422  0.43549478 -0.44194335 -0.27764654  0.1683964   0.
  -0.01053469  0.         -0.03533321  0.04819192]
 [ 0.4757039   0.5831064  -0.43503025 -0.10786323  0.15363733  0.
   0.05828291  0.         -0.04325048  0.01884389]
 [ 0.1536922   0.11587264 -0.31551686 -0.18435535  0.13528518  0.
  -0.05496347  0.         -0.0089737   0.08613879]] 
Episode: 158: [[ 0.0799819   0.08845603 -0.39296123 -0.35119733  0.05868994  0.
  -0.0416534   0.          0.00317181  0.05526865]
 [ 0.07049866  0.20269953 -0.423433   -0.34016195  0.14327873  0.
  -0.05393543  0.         -0.01725222  0.05633234]
 [ 0.23162699  0.435564   -0.44265234 -0.2780831   0.16838878  0.
  -0.01025365  0.         -0.03533321  0.04844789]
 [ 0.4753791   0.583193   -0.43566006 -0.10835129  0.15361197  0.
   0.05868781  0.         -0.04325048  0.019238  ]
 [ 0.15414335  0.11577238 -0.31630963 -0.18466602  0.13530546  0.
  -0.05489381  0.         -0.0089737   0.08582055]] 
Episode: 159: [[ 0.08006094  0.08845934 -0.39368233 -0.3516943   0.05874     0.
  -0.04138616  0.          0.00317181  0.05543093]
 [ 0.07063477  0.2026643  -0.42416254 -0.34063533  0.14332448  0.
  -0.05370002  0.         -0.01725222  0.0563878 ]
 [ 0.23154797  0.4356191  -0.44330588 -0.27857637  0.16841833  0.
  -0.0098975   0.         -0.03533321  0.04881492]
 [ 0.47494617  0.5832776  -0.43623102 -0.10890131  0.15363207  0.
   0.05915634  0.         -0.04325048  0.01972389]
 [ 0.15450472  0.11562112 -0.31703705 -0.18503423  0.13533103  0.
  -0.05472535  0.         -0.0089737   0.08557858]] 
Episode: 160: [[ 0.08037184  0.08856773 -0.3944616  -0.35198212  0.05881489  0.
  -0.04124956  0.          0.00317181  0.05546262]
 [ 0.07099852  0.20274384 -0.42494845 -0.34090072  0.14339454  0.
  -0.05359218  0.         -0.01725222  0.05634097]
 [ 0.23168881  0.43574083 -0.44400594 -0.2788795   0.16847001  0.
  -0.00968028  0.         -0.03533321  0.04899717]
 [ 0.47473326  0.5834166  -0.436838   -0.10925568  0.15367639  0.
   0.0594737   0.         -0.04325048  0.02002832]
 [ 0.1550459   0.11558883 -0.3178161  -0.18520619  0.13537247  0.
  -0.05467954  0.         -0.0089737   0.08531319]] 
Episode: 161: [[ 0.0805464   0.08861243 -0.39503494 -0.35230577  0.05884004  0.
  -0.04102283  0.          0.00317181  0.05566576]
 [ 0.07120794  0.20275961 -0.42552316 -0.34120908  0.14341463  0.
  -0.05339121  0.         -0.01725222  0.05647559]
 [ 0.23172048  0.4358127  -0.444526   -0.27919957  0.16848236  0.
  -0.0093816   0.         -0.03533321  0.04930676]
 [ 0.47445008  0.5835126  -0.43728036 -0.10961388  0.15368325  0.
   0.0598634   0.         -0.04325048  0.02043307]
 [ 0.1553756   0.11551189 -0.31837118 -0.18543713  0.13537322  0.
  -0.05453262  0.         -0.0089737   0.08526704]] 
Episode: 162: [[ 0.08059744  0.08860819 -0.3954784  -0.3527089   0.05894588  0.
  -0.04092262  0.          0.00317181  0.05592044]
 [ 0.07130054  0.20273636 -0.42597947 -0.34159362  0.14351545  0.
  -0.0533143   0.         -0.01725222  0.05665096]
 [ 0.2316447   0.43585223 -0.4449035  -0.27960485  0.16856827  0.
  -0.00921606  0.         -0.03533321  0.04969021]
 [ 0.4740754   0.583566   -0.43757775 -0.11007348  0.15376231  0.
   0.0601099   0.         -0.04325048  0.02092758]
 [ 0.15562576  0.1154153  -0.31883353 -0.18574499  0.13545236  0.
  -0.05450611  0.         -0.0089737   0.08521811]] 
Episode: 163: [[ 0.08080264  0.0886487  -0.39601368 -0.35298866  0.05905276  0.
  -0.04093622  0.          0.00317181  0.05615908]
 [ 0.07154106  0.20275077 -0.42651907 -0.3418565   0.14361694  0.
  -0.05334899  0.         -0.01725222  0.05685309]
 [ 0.23171273  0.43592948 -0.44536763 -0.27989677  0.16865425  0.
  -0.0091703   0.         -0.03533321  0.04994921]
 [ 0.4738386   0.5836664  -0.437961   -0.11041588  0.15384556  0.
   0.06022758  0.         -0.04325048  0.02124076]
 [ 0.1559897   0.11534142 -0.31936142 -0.18593834  0.1355286   0.
  -0.05458789  0.         -0.0089737   0.08527163]] 
Episode: 164: [[ 0.08098258  0.08865891 -0.39658454 -0.35324028  0.05921053  0.
  -0.04105219  0.          0.00317181  0.05642311]
 [ 0.07175512  0.20274109 -0.42709658 -0.34209064  0.14377263  0.
  -0.05348406  0.         -0.01725222  0.05707581]
 [ 0.23175012  0.4359818  -0.44585946 -0.28016847  0.16877876  0.
  -0.00923228  0.         -0.03533321  0.05024181]
 [ 0.4735685   0.58374566 -0.43835783 -0.11074201  0.15396047  0.
   0.06022939  0.         -0.04325048  0.02159144]
 [ 0.15632771  0.11525278 -0.31993186 -0.18611076  0.13566059  0.
  -0.05476703  0.         -0.0089737   0.08532192]] 
Episode: 165: [[ 0.08104952  0.08861446 -0.39720437 -0.35354912  0.05937634  0.
  -0.04112737  0.          0.00317181  0.05683402]
 [ 0.07186289  0.20268226 -0.42772087 -0.34238157  0.14393851  0.
  -0.05361233  0.         -0.01725222  0.05744475]
 [ 0.2316721   0.43597868 -0.44641078 -0.28049737  0.16890739  0.
  -0.00918492  0.         -0.03533321  0.0506502 ]
 [ 0.4731957   0.5837633  -0.43882346 -0.11113182  0.15407369  0.
   0.06033507  0.         -0.04325048  0.02203704]
 [ 0.15658551  0.11513601 -0.3205429  -0.18634169  0.1358105   0.
  -0.05501018  0.         -0.0089737   0.08543596]] 
Episode: 166: [[ 0.08134056  0.08870645 -0.39794284 -0.35367     0.05955804  0.
  -0.04129903  0.          0.00317181  0.0570276 ]
 [ 0.07219049  0.20275517 -0.4284619  -0.34248266  0.1441224   0.
  -0.05383192  0.         -0.01725222  0.05759897]
 [ 0.23176903  0.43607867 -0.44704843 -0.28065905  0.16904186  0.
  -0.00924542  0.         -0.03533321  0.05087088]
 [ 0.472954    0.58387333 -0.43935448 -0.11134882  0.15418795  0.
   0.06032613  0.         -0.04325048  0.02230672]
 [ 0.1570013   0.11512077 -0.32125497 -0.18638587  0.13597386  0.
  -0.05533458  0.         -0.0089737   0.08540885]] 
Episode: 167: [[ 0.08156517  0.08873545 -0.3986911  -0.35385484  0.05970429  0.
  -0.04136829  0.          0.00317181  0.05721711]
 [ 0.07245486  0.20276593 -0.4292142  -0.3426478   0.14426877  0.
  -0.0539545   0.         -0.01725222  0.05773929]
 [ 0.23180027  0.43612632 -0.44768265 -0.28088     0.1691477   0.
  -0.00920489  0.         -0.03533321  0.05112096]
 [ 0.4726556   0.5839229  -0.43986884 -0.11162829  0.15427338  0.
   0.06042208  0.         -0.04325048  0.02264163]
 [ 0.15737046  0.11506295 -0.3219737  -0.18649568  0.13610026  0.
  -0.05560215  0.         -0.0089737   0.08534346]] 
Episode: 168: [[ 0.08173387  0.08879142 -0.39944696 -0.35409796  0.05988918  0.
  -0.04146374  0.          0.00317181  0.05724205]
 [ 0.07266268  0.20280704 -0.42997375 -0.34287086  0.14445129  0.
  -0.0541224   0.         -0.01725222  0.0577189 ]
 [ 0.23180565  0.43618995 -0.44833776 -0.28115502  0.16929246  0.
  -0.00914592  0.         -0.03533321  0.05121563]
 [ 0.47233954  0.5839758  -0.4404111  -0.11197004  0.15440147  0.
   0.06056685  0.         -0.04325048  0.02284883]
 [ 0.15769367  0.11502911 -0.32269695 -0.18666339  0.13625576  0.
  -0.05593755  0.         -0.0089737   0.08515745]] 
Episode: 169: [[ 0.08195348  0.08890861 -0.40017092 -0.35425588  0.06008491  0.
  -0.04165402  0.          0.00317181  0.05724987]
 [ 0.07290702  0.202909   -0.43070194 -0.3430088   0.1446489   0.
  -0.05437798  0.         -0.01725222  0.05769202]
 [ 0.23187666  0.43630403 -0.44894725 -0.28135452  0.16943856  0.
  -0.00919631  0.         -0.03533321  0.05127097]
 [ 0.47209033  0.5840845  -0.44088846 -0.11223438  0.15452719  0.
   0.06059292  0.         -0.04325048  0.02299504]
 [ 0.15801394  0.11504449 -0.32338744 -0.18675965  0.13643496  0.
  -0.05634527  0.         -0.0089737   0.08498601]] 
Episode: 170: [[ 0.08227153  0.08901583 -0.40088278 -0.3543446   0.06033352  0.
  -0.04192958  0.          0.00317181  0.05722773]
 [ 0.07324519  0.20300022 -0.43141887 -0.34307733  0.14490409  0.
  -0.05471243  0.         -0.01725222  0.05764826]
 [ 0.23203981  0.43641686 -0.44954315 -0.28149036  0.16962315  0.
  -0.00934007  0.         -0.03533321  0.05127325]
 [ 0.47192723  0.5842046  -0.44135532 -0.11243192  0.15468591  0.
   0.06055537  0.         -0.04325048  0.0230637 ]
 [ 0.15839583  0.11505089 -0.32407692 -0.18678717  0.13667803  0.
  -0.05679574  0.         -0.0089737   0.08483526]] 
Episode: 171: [[ 0.08278381  0.08913896 -0.40175423 -0.35431132  0.06049038  0.
  -0.04228184  0.          0.00317181  0.05704303]
 [ 0.07378232  0.20309696 -0.43229097 -0.34302154  0.14505741  0.
  -0.05511781  0.         -0.01725222  0.05744188]
 [ 0.23237117  0.4365453  -0.450299   -0.28152135  0.16974562  0.
  -0.00957287  0.         -0.03533321  0.05112949]
 [ 0.47189397  0.58434814 -0.4419863  -0.11252794  0.15479979  0.
   0.06041721  0.         -0.04325048  0.02299451]
 [ 0.15897411  0.11505365 -0.32491317 -0.18669024  0.1367997   0.
  -0.05730705  0.         -0.0089737   0.08454481]] 
Episode: 172: [[ 0.08321568  0.08929482 -0.4025673  -0.35432008  0.06063755  0.
  -0.04249449  0.          0.00317181  0.05704133]
 [ 0.07424628  0.20322455 -0.43311355 -0.34300858  0.145198    0.
  -0.05537811  0.         -0.01725222  0.05739938]
 [ 0.23262005  0.43670344 -0.45099214 -0.28158942  0.16986918  0.
  -0.00967892  0.         -0.03533321  0.05114585]
 [ 0.47178468  0.58451635 -0.4425527  -0.11266223  0.15491918  0.
   0.06039724  0.         -0.04325048  0.02306294]
 [ 0.15950918  0.11507476 -0.32572612 -0.18663247  0.13690399  0.
  -0.05768937  0.         -0.0089737   0.08435392]] 
Episode: 173: [[ 0.08379421  0.08952232 -0.40342847 -0.35420743  0.06079577  0.
  -0.04279009  0.          0.00317181  0.05697457]
 [ 0.07484785  0.20342992 -0.43397972 -0.34287557  0.1453517   0.
  -0.05571671  0.         -0.01725222  0.05729115]
 [ 0.23299006  0.43690994 -0.4517253  -0.2815458   0.16999601  0.
  -0.00986486  0.         -0.03533321  0.05110302]
 [ 0.471773    0.58473    -0.44315624 -0.11267913  0.15503849  0.
   0.06040313  0.         -0.04325048  0.02306409]
 [ 0.16012101  0.11517024 -0.3265692  -0.1864628   0.1370186   0.
  -0.05813946  0.         -0.0089737   0.08410936]] 
Episode: 174: [[ 0.08417433  0.0897334  -0.40424192 -0.3542266   0.06094836  0.
  -0.04295181  0.          0.00317181  0.05708694]
 [ 0.07525737  0.20361052 -0.43479827 -0.34287545  0.14549603  0.
  -0.055917    0.         -0.01725222  0.05736056]
 [ 0.23315944  0.43709767 -0.45241818 -0.28161904  0.17012455  0.
  -0.00992872  0.         -0.03533321  0.05120968]
 [ 0.47160617  0.58492744 -0.4437297  -0.11280994  0.155165    0.
   0.06051305  0.         -0.04325048  0.02319565]
 [ 0.16056854  0.11524395 -0.32736647 -0.18642293  0.13712284  0.
  -0.05843829  0.         -0.0089737   0.08398239]] 
Episode: 175: [[ 0.08455892  0.08995486 -0.405065   -0.35425162  0.06107678  0.
  -0.04299311  0.          0.00317181  0.05718834]
 [ 0.07566626  0.20379965 -0.4356255  -0.34288225  0.14561822  0.
  -0.05599287  0.         -0.01725222  0.05741847]
 [ 0.23336396  0.43729076 -0.45312896 -0.2816939   0.17022878  0.
  -0.00988274  0.         -0.03533321  0.05132068]
 [ 0.47148296  0.58512837 -0.4443238  -0.11294147  0.15526412  0.
   0.06071654  0.         -0.04325048  0.02335804]
 [ 0.16101928  0.11532645 -0.32816875 -0.18639047  0.13721311  0.
  -0.05860109  0.         -0.0089737   0.08384611]] 
Episode: 176: [[ 0.08492155  0.09026362 -0.405919   -0.35419577  0.06123911  0.
  -0.04313446  0.          0.00317181  0.0573189 ]
 [ 0.07604621  0.20407648 -0.4364819  -0.34281105  0.14577745  0.
  -0.05616544  0.         -0.01725222  0.05750439]
 [ 0.23355716  0.43754673 -0.45387626 -0.28169444  0.1703568   0.
  -0.00994478  0.         -0.03533321  0.05145871]
 [ 0.4713621   0.58538306 -0.4449586  -0.11299626  0.15538462  0.
   0.06079506  0.         -0.04325048  0.02353733]
 [ 0.16142657  0.11548878 -0.32900319 -0.18630047  0.13734289  0.
  -0.05885355  0.         -0.0089737   0.08372451]] 
Episode: 177: [[ 0.08547454  0.09067436 -0.40689567 -0.3539591   0.06147303  0.
  -0.0433658   0.          0.00317181  0.05726368]
 [ 0.07661706  0.204464   -0.43746096 -0.3425568   0.14601456  0.
  -0.056425    0.         -0.01725222  0.05740705]
 [ 0.23393649  0.43787214 -0.45472866 -0.28153053  0.17053512  0.
  -0.01010399  0.         -0.03533321  0.0514371 ]
 [ 0.47143146  0.5857009  -0.4456786  -0.11288685  0.1555474   0.
   0.06076119  0.         -0.04325048  0.0235674 ]
 [ 0.1620826   0.11576664 -0.32995355 -0.18601923  0.13755068  0.
  -0.05918664  0.         -0.0089737   0.08343381]] 
Episode: 178: [[ 0.08597665  0.09113525 -0.4078235  -0.35371584  0.06181084  0.
  -0.04367808  0.          0.00317181  0.05723125]
 [ 0.07713141  0.20490168 -0.43839136 -0.342298    0.14635353  0.
  -0.05676279  0.         -0.01725222  0.05734256]
 [ 0.23427498  0.43823665 -0.45553115 -0.28136003  0.17080525  0.
  -0.01035062  0.         -0.03533321  0.05140721]
 [ 0.47147074  0.58605534 -0.44633982 -0.11276971  0.15580001  0.
   0.06062621  0.         -0.04325048  0.02355285]
 [ 0.16266745  0.11608457 -0.3308616  -0.18574567  0.13784231  0.
  -0.05959224  0.         -0.0089737   0.08318698]] 
Episode: 179: [[ 0.08637939  0.09148275 -0.40873146 -0.35352078  0.06212094  0.
  -0.04406316  0.          0.00317181  0.05728962]
 [ 0.07753987  0.2052177  -0.43930396 -0.3420876   0.1466648   0.
  -0.05717095  0.         -0.01725222  0.05737859]
 [ 0.23453361  0.4385203  -0.45631972 -0.2812312   0.17105047  0.
  -0.01060063  0.         -0.03533321  0.05145513]
 [ 0.47144765  0.58634263 -0.44699052 -0.11269201  0.15602611  0.
   0.06059025  0.         -0.04325048  0.02361611]
 [ 0.16314264  0.11628085 -0.33176184 -0.18552169  0.13811249  0.
  -0.06006302  0.         -0.0089737   0.08304881]] 
Episode: 180: [[ 0.0867708   0.09190162 -0.4096487  -0.35335717  0.0623883   0.
  -0.04430557  0.          0.00317181  0.05743894]
 [ 0.07794339  0.20560598 -0.4402271  -0.3419091   0.14693181  0.
  -0.057434    0.         -0.01725222  0.05748771]
 [ 0.23475055  0.43886322 -0.45711607 -0.28112522  0.17126147  0.
  -0.01072196  0.         -0.03533321  0.051635  ]
 [ 0.47137988  0.5866777  -0.44765422 -0.11262964  0.15621822  0.
   0.06066244  0.         -0.04325048  0.02380406]
 [ 0.1636176   0.11653623 -0.3326711  -0.18531924  0.13833825  0.
  -0.06040901  0.         -0.0089737   0.08294006]] 
Episode: 181: [[ 0.08714122  0.09233998 -0.4106293  -0.35316798  0.06268834  0.
  -0.04462773  0.          0.00317181  0.05755405]
 [ 0.07831856  0.20601504 -0.44120666 -0.34170732  0.14723347  0.
  -0.05777485  0.         -0.01725222  0.05756602]
 [ 0.23495857  0.4392219  -0.45798025 -0.28099152  0.1714953   0.
  -0.01093474  0.         -0.03533321  0.05177743]
 [ 0.47132632  0.58702815 -0.44839147 -0.11253399  0.15642937  0.
   0.06062288  0.         -0.04325048  0.02395402]
 [ 0.1640339   0.11680603 -0.33361766 -0.18510187  0.13859946  0.
  -0.06082625  0.         -0.0089737   0.08282057]] 
Episode: 182: [[ 0.08763201  0.09285042 -0.41153842 -0.35286453  0.06301767  0.
  -0.04502163  0.          0.00317181  0.05759798]
 [ 0.07881647  0.20650075 -0.44211262 -0.34139097  0.1475666   0.
  -0.05818569  0.         -0.01725222  0.05760748]
 [ 0.23528874  0.4396451  -0.45878395 -0.28075504  0.1717541   0.
  -0.01122979  0.         -0.03533321  0.05175991]
 [ 0.4713974   0.5874327  -0.44909063 -0.11233351  0.1566651   0.
   0.06048279  0.         -0.04325048  0.02395744]
 [ 0.16456585  0.11713718 -0.33450025 -0.1847739   0.13889116  0.
  -0.06130756  0.         -0.0089737   0.08273808]] 
Episode: 183: [[ 0.08809727  0.09333374 -0.41246915 -0.35254556  0.06333487  0.
  -0.04548005  0.          0.00317181  0.05768762]
 [ 0.07929042  0.20696159 -0.44303888 -0.34106007  0.1478836   0.
  -0.05865946  0.         -0.01725222  0.05768653]
 [ 0.23557904  0.4400525  -0.4596041  -0.28050998  0.17200825  0.
  -0.01159884  0.         -0.03533321  0.05180277]
 [ 0.4714194   0.58782357 -0.44979063 -0.11212882  0.15690087  0.
   0.06025227  0.         -0.04325048  0.02402583]
 [ 0.16507177  0.11743888 -0.33539715 -0.18444352  0.13915296  0.
  -0.06184647  0.         -0.0089737   0.08267158]] 
Episode: 184: [[ 0.08868356  0.09375909 -0.41349727 -0.35212976  0.06362169  0.
  -0.04599651  0.          0.00317181  0.05763962]
 [ 0.07989056  0.20735581 -0.44406146 -0.34063235  0.14816731  0.
  -0.05918985  0.         -0.01725222  0.05766034]
 [ 0.23599982  0.44043013 -0.46052483 -0.28017798  0.17224371  0.
  -0.01203446  0.         -0.03533321  0.05169582]
 [ 0.47156093  0.58819973 -0.45059657 -0.11183855  0.15712573  0.
   0.05994042  0.         -0.04325048  0.02395607]
 [ 0.16571426  0.11765896 -0.33639467 -0.18401778  0.1393746   0.
  -0.06243717  0.         -0.0089737   0.0825926 ]] 
Episode: 185: [[ 0.08926379  0.09413218 -0.41451693 -0.35171267  0.06394088  0.
  -0.04656516  0.          0.00317181  0.05762038]
 [ 0.08048014  0.20769764 -0.44507957 -0.34020165  0.14848775  0.
  -0.05977114  0.         -0.01725222  0.05767136]
 [ 0.2364252   0.44077185 -0.46142253 -0.2798468   0.17249884  0.
  -0.01252996  0.         -0.03533321  0.05159678]
 [ 0.47171682  0.5885476  -0.4513664  -0.11154949  0.15736295  0.
   0.05955543  0.         -0.04325048  0.0238647 ]
 [ 0.16633275  0.11783085 -0.33739397 -0.18358722  0.13964047  0.
  -0.06307442  0.         -0.0089737   0.08255666]] 
Episode: 186: [[ 0.08983681  0.09444925 -0.41558245 -0.3513937   0.06419914  0.
  -0.04697289  0.          0.00317181  0.05763591]
 [ 0.08105905  0.20797983 -0.4461386  -0.33987156  0.14874542  0.
  -0.06019014  0.         -0.01725222  0.05769236]
 [ 0.23684628  0.4410621  -0.46237648 -0.2795916   0.17269859  0.
  -0.01287231  0.         -0.03533321  0.05158074]
 [ 0.4718382   0.5888524  -0.45216963 -0.11132661  0.1575467   0.
   0.05931341  0.         -0.04325048  0.02389548]
 [ 0.16694601  0.11795577 -0.33843458 -0.18324474  0.1398462   0.
  -0.06354196  0.         -0.0089737   0.08247519]] 
Episode: 187: [[ 0.09041562  0.09475821 -0.41663697 -0.35112482  0.0643692   0.
  -0.04723587  0.          0.00317181  0.05763619]
 [ 0.08164841  0.20824406 -0.44718704 -0.33959058  0.14891061  0.
  -0.06046313  0.         -0.01725222  0.0576868 ]
 [ 0.2372682   0.44135383 -0.46331382 -0.27938172  0.17282839  0.
  -0.01307689  0.         -0.03533321  0.05158215]
 [ 0.47194523  0.5891545  -0.45295346 -0.11115179  0.1576659   0.
   0.0592      0.         -0.04325048  0.02397733]
 [ 0.16757973  0.11804817 -0.33945626 -0.18294005  0.13995808  0.
  -0.06386919  0.         -0.0089737   0.0823537 ]] 
Episode: 188: [[ 0.09094035  0.0949937  -0.4177219  -0.35098004  0.06451748  0.
  -0.04736862  0.          0.00317181  0.05754418]
 [ 0.08219131  0.20843546 -0.44826478 -0.339432    0.1490526   0.
  -0.06060477  0.         -0.01725222  0.05758785]
 [ 0.23766842  0.44158754 -0.46429992 -0.27928758  0.17294353  0.
  -0.01315751  0.         -0.03533321  0.05151204]
 [ 0.47202408  0.5894043  -0.4537992  -0.11110345  0.15777501  0.
   0.05920229  0.         -0.04325048  0.02402073]
 [ 0.16820748  0.11808028 -0.34049496 -0.18274781  0.14004716  0.
  -0.0640578   0.         -0.0089737   0.08214854]] 
Episode: 189: [[ 0.09141211  0.09519887 -0.41878074 -0.3508857   0.06466977  0.
  -0.04759191  0.          0.00317181  0.05741814]
 [ 0.08268479  0.20859553 -0.44931743 -0.33932105  0.14919627  0.
  -0.06083618  0.         -0.01725222  0.05745368]
 [ 0.23802266  0.44180402 -0.4652657  -0.27924782  0.17306797  0.
  -0.01333349  0.         -0.03533321  0.05140483]
 [ 0.47203758  0.5896398  -0.45462856 -0.11112128  0.15789966  0.
   0.05910004  0.         -0.04325048  0.02403655]
 [ 0.16880251  0.1180768  -0.3415096  -0.18259917  0.14013341  0.
  -0.06433325  0.         -0.0089737   0.08190246]] 
Episode: 190: [[ 0.09178963  0.09548502 -0.41971332 -0.35079283  0.06487381  0.
  -0.04789666  0.          0.00317181  0.0573714 ]
 [ 0.08307403  0.20884071 -0.45023984 -0.33921447  0.14939533  0.
  -0.06114834  0.         -0.01725222  0.05739654]
 [ 0.23827128  0.4420807  -0.46611148 -0.2792049   0.17322877  0.
  -0.01359525  0.         -0.03533321  0.05136842]
 [ 0.47197995  0.58992946 -0.45534202 -0.11112802  0.15805216  0.
   0.05890378  0.         -0.04325048  0.02408525]
 [ 0.16925086  0.11814838 -0.34238118 -0.18246873  0.14027926  0.
  -0.06468676  0.         -0.0089737   0.08172143]] 
Episode: 191: [[ 0.09222069  0.09579046 -0.42061067 -0.35062033  0.06506013  0.
  -0.04827468  0.          0.00317181  0.05730447]
 [ 0.08351447  0.20910697 -0.45112225 -0.33902982  0.14957789  0.
  -0.06153314  0.         -0.01725222  0.05731529]
 [ 0.23855467  0.4423603  -0.46692848 -0.27908522  0.17337087  0.
  -0.01393419  0.         -0.03533321  0.05132639]
 [ 0.4719514   0.59022176 -0.4560393  -0.11105119  0.15818416  0.
   0.05862293  0.         -0.04325048  0.02413236]
 [ 0.1697135   0.11826453 -0.34319505 -0.18226567  0.14041395  0.
  -0.06511048  0.         -0.0089737   0.08152805]] 
Episode: 192: [[ 0.09261876  0.09607162 -0.4214434  -0.3504515   0.06524401  0.
  -0.04871861  0.          0.00317181  0.0573278 ]
 [ 0.08391187  0.2093531  -0.45194262 -0.33885038  0.14975773  0.
  -0.06198328  0.         -0.01725222  0.05732264]
 [ 0.23880777  0.44261903 -0.4676744  -0.27896667  0.17351128  0.
  -0.01432106  0.         -0.03533321  0.05138018]
 [ 0.4719062   0.5904944  -0.45666417 -0.11097082  0.15831378  0.
   0.05839188  0.         -0.04325048  0.02426454]
 [ 0.17009309  0.11837368 -0.34395057 -0.1820751   0.14054652  0.
  -0.06559734  0.         -0.0089737   0.0814111 ]] 
Episode: 193: [[ 0.0930101   0.09631117 -0.4224197  -0.35035208  0.06535225  0.
  -0.04901429  0.          0.00317181  0.05742464]
 [ 0.0843206   0.20954682 -0.4529001  -0.3387379   0.14985451  0.
  -0.06228444  0.         -0.01725222  0.05737065]
 [ 0.23902528  0.44285434 -0.46858796 -0.27891713  0.17359884  0.
  -0.01456569  0.         -0.03533321  0.05157569]
 [ 0.47179148  0.590753   -0.45747793 -0.11096725  0.15840404  0.
   0.05828849  0.         -0.04325048  0.02451618]
 [ 0.1705482   0.11841353 -0.3448245  -0.1819349   0.14058334  0.
  -0.06593706  0.         -0.0089737   0.08125795]] 
Episode: 194: [[ 0.09326381  0.09644374 -0.42335698 -0.35040224  0.06544244  0.
  -0.04938409  0.          0.00317181  0.05766484]
 [ 0.08460531  0.20962757 -0.4538313  -0.3387723   0.14992723  0.
  -0.06265926  0.         -0.01725222  0.05751778]
 [ 0.23907395  0.4430113  -0.46944666 -0.27901253  0.17368156  0.
  -0.01488928  0.         -0.03533321  0.05189786]
 [ 0.47150704  0.5909291  -0.45822772 -0.11112207  0.15849683  0.
   0.05809099  0.         -0.04325048  0.0248748 ]
 [ 0.17092586  0.11833653 -0.34571323 -0.1819271   0.14058514  0.
  -0.06634831  0.         -0.0089737   0.08109992]] 
Episode: 195: [[ 0.09335896  0.09655824 -0.42428797 -0.35050094  0.06559923  0.
  -0.04981601  0.          0.00317181  0.05805283]
 [ 0.08473311  0.20968488 -0.4547564  -0.33885586  0.15006635  0.
  -0.06310036  0.         -0.01725222  0.05780103]
 [ 0.23896377  0.44317073 -0.47031388 -0.27915794  0.17382619  0.
  -0.01526364  0.         -0.03533321  0.05233317]
 [ 0.47109076  0.591108   -0.45900556 -0.11132882  0.15864958  0.
   0.05789743  0.         -0.04325048  0.02532922]
 [ 0.17116405  0.11821563 -0.3465972  -0.18197872  0.14064726  0.
  -0.0668239   0.         -0.0089737   0.08102874]] 
Episode: 196: [[ 0.09345136  0.09665624 -0.4251862  -0.35055855  0.06577723  0.
  -0.05030838  0.          0.00317181  0.05846723]
 [ 0.08484939  0.20973623 -0.45564833 -0.33890015  0.15023132  0.
  -0.06360106  0.         -0.01725222  0.0581121 ]
 [ 0.2388722   0.44330215 -0.4711539  -0.2792647   0.17398214  0.
  -0.01570402  0.         -0.03533321  0.05280633]
 [ 0.4707202   0.59125894 -0.4597542  -0.11149414  0.15880911  0.
   0.05761854  0.         -0.04325048  0.02582828]
 [ 0.17136769  0.11812335 -0.34744808 -0.18200578  0.14074604  0.
  -0.06735732  0.         -0.0089737   0.08098224]] 
Episode: 197: [[ 0.09352792  0.09676007 -0.4261625  -0.35065708  0.06592522  0.
  -0.05064772  0.          0.00317181  0.05898128]
 [ 0.08495188  0.2098145  -0.45661807 -0.3389869   0.15037125  0.
  -0.06394781  0.         -0.01725222  0.05847408]
 [ 0.2387832   0.44340545 -0.472083   -0.27940497  0.17410748  0.
  -0.01599678  0.         -0.03533321  0.05337679]
 [ 0.47035655  0.59135765 -0.46060702 -0.11169622  0.15893397  0.
   0.05747231  0.         -0.04325048  0.02640864]
 [ 0.1715728   0.1181061  -0.3483721  -0.18207458  0.14083974  0.
  -0.06773175  0.         -0.0089737   0.08087727]] 
Episode: 198: [[ 0.09351207  0.09684718 -0.42714578 -0.35084775  0.06602988  0.
  -0.05084939  0.          0.00317181  0.05961506]
 [ 0.08496901  0.2098847  -0.45760068 -0.3391654   0.15046453  0.
  -0.06415606  0.         -0.01725222  0.05896675]
 [ 0.23859702  0.44349542 -0.47301638 -0.27963063  0.17420371  0.
  -0.01615673  0.         -0.03533321  0.05403411]
 [ 0.46989736  0.5914311  -0.46146443 -0.11198805  0.15903407  0.
   0.05744543  0.         -0.04325048  0.02706175]
 [ 0.17172344  0.11809062 -0.34932032 -0.18222846  0.14088473  0.
  -0.06801996  0.         -0.0089737   0.0807772 ]] 
Episode: 199: [[ 0.09352433  0.09693531 -0.42808253 -0.35096526  0.06615426  0.
  -0.05110086  0.          0.00317181  0.06023306]
 [ 0.08500836  0.20994921 -0.45853043 -0.33927205  0.15058115  0.
  -0.06442302  0.         -0.01725222  0.05946516]
 [ 0.23843844  0.44359738 -0.47390908 -0.27978918  0.17431082  0.
  -0.01632401  0.         -0.03533321  0.05466387]
 [ 0.4694756   0.59153175 -0.46228653 -0.11220966  0.1591406   0.
   0.05748589  0.         -0.04325048  0.02767609]
 [ 0.17186055  0.11805912 -0.35019076 -0.18232381  0.14095834  0.
  -0.0683495   0.         -0.0089737   0.0807467 ]] 
Episode: 200: [[ 0.09356727  0.09705126 -0.42895937 -0.35103935  0.0662642   0.
  -0.05143094  0.          0.00317181  0.06085505]
 [ 0.08507124  0.21004416 -0.45939776 -0.33933663  0.15068421  0.
  -0.06476708  0.         -0.01725222  0.0599741 ]
 [ 0.23830532  0.44371605 -0.4747433  -0.2799022   0.17440213  0.
  -0.01653572  0.         -0.03533321  0.05530534]
 [ 0.46908435  0.5916489  -0.4630512  -0.11237677  0.15923081  0.
   0.05757893  0.         -0.04325048  0.02830933]
 [ 0.17197682  0.11806282 -0.35099474 -0.1823802   0.1410234   0.
  -0.06874599  0.         -0.0089737   0.08076114]] 
Episode: 201: [[ 0.0935543   0.0971605  -0.42988423 -0.35117152  0.06635259  0.
  -0.0516763   0.          0.00317181  0.06154659]
 [ 0.08508249  0.21012993 -0.46031404 -0.33945897  0.15076385  0.
  -0.06504957  0.         -0.01725222  0.06053778]
 [ 0.2381175   0.44382808 -0.47562885 -0.28006628  0.17447728  0.
  -0.01662229  0.         -0.03533321  0.05602647]
 [ 0.46863955  0.5917556  -0.463866   -0.112595    0.15930863  0.
   0.05776767  0.         -0.04325048  0.02901015]
 [ 0.1720712   0.1180506  -0.3518477  -0.1824853   0.14106333  0.
  -0.06913194  0.         -0.0089737   0.08079651]] 
Episode: 202: [[ 0.09360091  0.09727074 -0.43084908 -0.35132325  0.06640331  0.
  -0.05181996  0.          0.00317181  0.06213539]
 [ 0.08515276  0.21020827 -0.46126664 -0.3396008   0.15080495  0.
  -0.06524702  0.         -0.01725222  0.06099293]
 [ 0.23800482  0.4439516  -0.47656724 -0.28024757  0.1745206   0.
  -0.0165963   0.         -0.03533321  0.0566778 ]
 [ 0.468246    0.59187955 -0.46475017 -0.11283362  0.1593571   0.
   0.05804249  0.         -0.04325048  0.02968705]
 [ 0.17222895  0.11802321 -0.3527242  -0.18260422  0.1410707   0.
  -0.06947389  0.         -0.0089737   0.08073001]] 
Episode: 203: [[ 0.0936465   0.09733862 -0.4319056  -0.3515337   0.06645686  0.
  -0.05205332  0.          0.00317181  0.06270739]
 [ 0.08523167  0.21024278 -0.46231017 -0.33979833  0.15084511  0.
  -0.06552896  0.         -0.01725222  0.06141549]
 [ 0.23787987  0.4440559  -0.4776011  -0.28048298  0.17457218  0.
  -0.01667678  0.         -0.03533321  0.05735661]
 [ 0.46782774  0.59197754 -0.46573064 -0.11312756  0.15941647  0.
   0.05818478  0.         -0.04325048  0.03042711]
 [ 0.17243384  0.1179366  -0.35368398 -0.18275708  0.14106734  0.
  -0.06988794  0.         -0.0089737   0.08060096]] 
Episode: 204: [[ 0.09369648  0.0973648  -0.43297103 -0.35180584  0.06647167  0.
  -0.05222408  0.          0.00317181  0.06325142]
 [ 0.08531824  0.21023178 -0.46336547 -0.340056    0.15084527  0.
  -0.06576143  0.         -0.01725222  0.0618017 ]
 [ 0.23778184  0.44411987 -0.47864246 -0.28077707  0.17459033  0.
  -0.01666485  0.         -0.03533321  0.05804729]
 [ 0.4674283   0.5920387  -0.4667167  -0.11348785  0.15944533  0.
   0.05841775  0.         -0.04325048  0.03122365]
 [ 0.17267108  0.11782137 -0.35465774 -0.18296166  0.14103031  0.
  -0.07028221  0.         -0.0089737   0.08042067]] 
Episode: 205: [[ 0.09374984  0.0973777  -0.43403423 -0.35207918  0.06647375  0.
  -0.05246454  0.          0.00317181  0.06375523]
 [ 0.0854118   0.21020602 -0.4644239  -0.34031385  0.15083188  0.
  -0.06605638  0.         -0.01725222  0.06216003]
 [ 0.23768148  0.4441811  -0.47966275 -0.28107604  0.17459978  0.
  -0.01675805  0.         -0.03533321  0.058682  ]
 [ 0.4670128   0.59209937 -0.46766195 -0.11385588  0.15946507  0.
   0.05852246  0.         -0.04325048  0.03195744]
 [ 0.1729294   0.11767896 -0.3556462  -0.18316668  0.1409767   0.
  -0.07070727  0.         -0.0089737   0.08024425]] 
Episode: 206: [[ 0.09376896  0.09732718 -0.43525887 -0.35244492  0.06646725  0.
  -0.05257652  0.          0.00317181  0.06432601]
 [ 0.0854724   0.2101041  -0.46563774 -0.3406625   0.15080494  0.
  -0.06624208  0.         -0.01725222  0.0625785 ]
 [ 0.23754239  0.44420138 -0.48084286 -0.28146088  0.17460664  0.
  -0.016738    0.         -0.03533321  0.05939763]
 [ 0.46654385  0.59213567 -0.46876183 -0.11431126  0.1594879   0.
   0.05872154  0.         -0.04325048  0.03274844]
 [ 0.1731674   0.11745387 -0.3567657  -0.18344523  0.1409033   0.
  -0.07110996  0.         -0.0089737   0.0801051 ]] 
Episode: 207: [[ 0.09402522  0.09710337 -0.43670115 -0.35258082  0.06630946  0.
  -0.05278164  0.          0.00317181  0.06466223]
 [ 0.08576808  0.20978785 -0.4670646  -0.3407768   0.15061143  0.
  -0.06651387  0.         -0.01725222  0.0627728 ]
 [ 0.2376332   0.444127   -0.48225012 -0.2816366   0.1745151   0.
  -0.01682384  0.         -0.03533321  0.05989403]
 [ 0.4663077   0.592121   -0.47010314 -0.11456824  0.15943888  0.
   0.05879582  0.         -0.04325048  0.03332728]
 [ 0.17368166  0.11695392 -0.35809934 -0.18346033  0.14061522  0.
  -0.07144926  0.         -0.0089737   0.07977302]] 
Episode: 208: [[ 0.0942709   0.09694056 -0.43810564 -0.352706    0.06614958  0.
  -0.0528794   0.          0.00317181  0.06502642]
 [ 0.08605389  0.20953839 -0.46845523 -0.34088132  0.15041761  0.
  -0.06668024  0.         -0.01725222  0.06299926]
 [ 0.23770812  0.44409028 -0.483624   -0.28180432  0.17441975  0.
  -0.01679722  0.         -0.03533321  0.06042181]
 [ 0.46607006  0.59213275 -0.4714249  -0.11481495  0.15938376  0.
   0.05896748  0.         -0.04325048  0.03393833]
 [ 0.17417108  0.11652547 -0.35940275 -0.18347488  0.14033324  0.
  -0.07171225  0.         -0.0089737   0.07948865]] 
Episode: 209: [[ 0.09456829  0.09678    -0.43943703 -0.35278192  0.0659895   0.
  -0.05307176  0.          0.00317181  0.06531382]
 [ 0.08638958  0.20929056 -0.46977657 -0.3409368   0.15022573  0.
  -0.06693471  0.         -0.01725222  0.06316821]
 [ 0.23785158  0.44406435 -0.48492151 -0.28192815  0.17432141  0.
  -0.01687711  0.         -0.03533321  0.06084032]
 [ 0.46590054  0.59215957 -0.47266912 -0.11501851  0.15932414  0.
   0.05901714  0.         -0.04325048  0.03442118]
 [ 0.17470309  0.11608483 -0.36065432 -0.18344356  0.14005496  0.
  -0.07205641  0.         -0.0089737   0.07920623]] 
Episode: 210: [[ 0.0948709   0.09671555 -0.4406443  -0.35279128  0.06591463  0.
  -0.05334923  0.          0.00317181  0.06562019]
 [ 0.08672166  0.20914966 -0.47097462 -0.34092712  0.15012743  0.
  -0.06726843  0.         -0.01725222  0.06337147]
 [ 0.2379947   0.44410056 -0.48608527 -0.28199166  0.17428009  0.
  -0.01705281  0.         -0.03533321  0.06126459]
 [ 0.4657363   0.5922325  -0.47377038 -0.11515665  0.15930557  0.
   0.05895706  0.         -0.04325048  0.03490938]
 [ 0.17518115  0.1157498  -0.36178073 -0.18336184  0.13988017  0.
  -0.07247354  0.         -0.0089737   0.07899722]] 
Episode: 211: [[ 0.09535119  0.09666654 -0.44183767 -0.35267827  0.06584785  0.
  -0.05370324  0.          0.00317181  0.0657483 ]
 [ 0.08722979  0.20903581 -0.47215927 -0.340794    0.1500411   0.
  -0.06767342  0.         -0.01725222  0.063403  ]
 [ 0.23828402  0.44413826 -0.48722872 -0.28194672  0.17424041  0.
  -0.01731471  0.         -0.03533321  0.06150686]
 [ 0.4656806   0.5923033  -0.47485214 -0.11518545  0.1592844   0.
   0.05879825  0.         -0.04325048  0.03521827]
 [ 0.17577836  0.11546761 -0.3628992  -0.18316224  0.13972513  0.
  -0.07295629  0.         -0.0089737   0.07867181]] 
Episode: 212: [[ 0.09575655  0.09655283 -0.44306254 -0.35263836  0.06577373  0.
  -0.05391745  0.          0.00317181  0.0660051 ]
 [ 0.0876605   0.20886208 -0.47337905 -0.34073338  0.14995     0.
  -0.0679727   0.         -0.01725222  0.06354105]
 [ 0.23849836  0.44411957 -0.48839477 -0.28196386  0.17418747  0.
  -0.0174466   0.         -0.03533321  0.06186988]
 [ 0.46555027  0.5923212  -0.47594664 -0.11527006  0.15924576  0.
   0.05876008  0.         -0.04325048  0.03562741]
 [ 0.17630613  0.11515252 -0.3640633  -0.18302688  0.13957655  0.
  -0.07346113  0.         -0.0089737   0.07837552]] 
Episode: 213: [[ 0.09612459  0.09647791 -0.4442701  -0.35260567  0.06572803  0.
  -0.0542145   0.          0.00317181  0.06629381]
 [ 0.0880584   0.20872787 -0.47458294 -0.34068003  0.14988773  0.
  -0.06834684  0.         -0.01725222  0.06371343]
 [ 0.23865941  0.4441342  -0.489535   -0.28198785  0.17415677  0.
  -0.01766903  0.         -0.03533321  0.06226933]
 [ 0.4653671   0.59236455 -0.47700745 -0.11535851  0.15922493  0.
   0.05862105  0.         -0.04325048  0.03608197]
 [ 0.17681049  0.11486179 -0.36521494 -0.18289888  0.13945378  0.
  -0.07402287  0.         -0.0089737   0.078118  ]] 
Episode: 214: [[ 0.09647413  0.09641978 -0.44544262 -0.35256332  0.06570077  0.
  -0.054555    0.          0.00317181  0.06656282]
 [ 0.08843074  0.20861195 -0.4757526  -0.34061864  0.14984629  0.
  -0.06875818  0.         -0.01725222  0.06387883]
 [ 0.23881263  0.44416374 -0.49063835 -0.2820004   0.17413796  0.
  -0.01793488  0.         -0.03533321  0.06263257]
 [ 0.46519598  0.5924288  -0.47802895 -0.11543098  0.15921424  0.
   0.05846564  0.         -0.04325048  0.0364872 ]
 [ 0.17726696  0.11458486 -0.36634135 -0.18277228  0.13935594  0.
  -0.07458603  0.         -0.0089737   0.07789892]] 
Episode: 215: [[ 0.09674186  0.09633557 -0.4465029  -0.35261908  0.06563411  0.
  -0.05480112  0.          0.00317181  0.06689538]
 [ 0.08872753  0.2084779  -0.4768187  -0.3406555   0.14976361  0.
  -0.06911824  0.         -0.01725222  0.06406257]
 [ 0.23886646  0.44416052 -0.49162218 -0.28210178  0.17409028  0.
  -0.01807021  0.         -0.03533321  0.06310427]
 [ 0.46491283  0.5924456  -0.47893098 -0.11559135  0.159179    0.
   0.05843072  0.         -0.04325048  0.03698306]
 [ 0.17767152  0.11431471 -0.36738867 -0.18273968  0.13922222  0.
  -0.07518812  0.         -0.0089737   0.07758626]] 
Episode: 216: [[ 0.09693008  0.09616396 -0.4475446  -0.35275525  0.06552     0.
  -0.05491799  0.          0.00317181  0.06736767]
 [ 0.08894405  0.20825358 -0.47786707 -0.3407757   0.14963126  0.
  -0.06933698  0.         -0.01725222  0.06439719]
 [ 0.23884471  0.4440855  -0.49259025 -0.28226748  0.17400476  0.
  -0.01808812  0.         -0.03533321  0.06367291]
 [ 0.4645675   0.5924014  -0.4798048  -0.11580806  0.15911205  0.
   0.05850417  0.         -0.04325048  0.03756008]
 [ 0.1780047   0.11397611 -0.36841702 -0.18278849  0.13904613  0.
  -0.07564447  0.         -0.0089737   0.07735626]] 
Episode: 217: [[ 0.09725401  0.0960208  -0.44850203 -0.35280448  0.06543236  0.
  -0.0551277   0.          0.00317181  0.0677336 ]
 [ 0.08929004  0.20806348 -0.4788303  -0.34080824  0.14952952  0.
  -0.06963898  0.         -0.01725222  0.06463704]
 [ 0.2389395   0.44402945 -0.49345854 -0.2823559   0.17393324  0.
  -0.01820807  0.         -0.03533321  0.06412648]
 [ 0.46431637  0.5923718  -0.48056883 -0.11594727  0.15905115  0.
   0.05846541  0.         -0.04325048  0.03801378]
 [ 0.17841734  0.11367563 -0.36935794 -0.18275367  0.13890342  0.
  -0.07616284  0.         -0.0089737   0.07708406]] 
Episode: 218: [[ 0.09742114  0.09584703 -0.44943276 -0.3529433   0.06531357  0.
  -0.05521186  0.          0.00317181  0.06823517]
 [ 0.08947393  0.20783874 -0.47976285 -0.3409333   0.14939533  0.
  -0.06980556  0.         -0.01725222  0.06501713]
 [ 0.23887959  0.4439522  -0.49430418 -0.28251952  0.17383537  0.
  -0.01821219  0.         -0.03533321  0.06467868]
 [ 0.46394837  0.5923264  -0.4813003  -0.11615317  0.15896542  0.
   0.05853536  0.         -0.04325048  0.03855289]
 [ 0.17865741  0.11333701 -0.37024704 -0.18281695  0.13873254  0.
  -0.0765214   0.         -0.0089737   0.07688147]] 
Episode: 219: [[ 0.09777227  0.09574422 -0.45040238 -0.35292733  0.06520527  0.
  -0.0553921   0.          0.00317181  0.06854234]
 [ 0.08983916  0.2076908  -0.480731   -0.34090388  0.14927383  0.
  -0.07006056  0.         -0.01725222  0.06521218]
 [ 0.23900238  0.44391984 -0.49518687 -0.28253943  0.17374346  0.
  -0.01831969  0.         -0.03533321  0.06503425]
 [ 0.46375015  0.5923204  -0.48207656 -0.11621179  0.15888473  0.
   0.05852508  0.         -0.04325048  0.03890589]
 [ 0.17904584  0.11307936 -0.37116855 -0.18273027  0.13857137  0.
  -0.07693995  0.         -0.0089737   0.07657669]] 
Episode: 220: [[ 0.09807982  0.09564996 -0.45130503 -0.35292834  0.06507719  0.
  -0.05550682  0.          0.00317181  0.06894958]
 [ 0.09015939  0.20755538 -0.48163268 -0.34089315  0.14913261  0.
  -0.07026332  0.         -0.01725222  0.0655013 ]
 [ 0.239085    0.4438872  -0.49600407 -0.2825712   0.17363356  0.
  -0.01831264  0.         -0.03533321  0.06549777]
 [ 0.46352834  0.59230906 -0.48278612 -0.11627681  0.15878467  0.
   0.05862075  0.         -0.04325048  0.03935406]
 [ 0.17938232  0.11284889 -0.372022   -0.1826667   0.13839653  0.
  -0.07733553  0.         -0.0089737   0.07635161]] 
Episode: 221: [[ 0.09837084  0.09560657 -0.45224804 -0.35294732  0.06495022  0.
  -0.0556981   0.          0.00317181  0.06938925]
 [ 0.09046946  0.20747866 -0.4825748  -0.34089905  0.14899284  0.
  -0.07053337  0.         -0.01725222  0.06581254]
 [ 0.23915222  0.44388232 -0.4968726  -0.2826265   0.17352602  0.
  -0.01841007  0.         -0.03533321  0.06602175]
 [ 0.46327254  0.5923111  -0.4835558  -0.11637365  0.15869047  0.
   0.05860194  0.         -0.04325048  0.0398875 ]
 [ 0.17973818  0.11268354 -0.3729185  -0.18262124  0.13822497  0.
  -0.07776755  0.         -0.0089737   0.07611657]] 
Episode: 222: [[ 0.09853958  0.09541576 -0.45322582 -0.35303524  0.06479235  0.
  -0.05576546  0.          0.00317181  0.06995548]
 [ 0.09065256  0.20725228 -0.48355606 -0.3409768   0.14881767  0.
  -0.07067093  0.         -0.01725222  0.06627005]
 [ 0.23911387  0.44376442 -0.4977971  -0.28274426  0.17340167  0.
  -0.01839399  0.         -0.03533321  0.066636  ]
 [ 0.46293852  0.59222    -0.48439145 -0.11653246  0.15859056  0.
   0.05868988  0.         -0.04325048  0.04049733]
 [ 0.17997295  0.11238983 -0.3738761  -0.18265797  0.13801597  0.
  -0.07807577  0.         -0.0089737   0.07595598]] 
Episode: 223: [[ 0.09863439  0.09519493 -0.45417526 -0.35316005  0.06463557  0.
  -0.05572135  0.          0.00317181  0.07063422]
 [ 0.09076089  0.20699589 -0.48450792 -0.3410941   0.14864345  0.
  -0.07071434  0.         -0.01725222  0.06682555]
 [ 0.23899797  0.4436236  -0.4986983  -0.282893    0.17327836  0.
  -0.01827579  0.         -0.03533321  0.0673309 ]
 [ 0.46254632  0.5921082  -0.48521096 -0.11671873  0.15849113  0.
   0.05887386  0.         -0.04325048  0.04117556]
 [ 0.18013431  0.1120699  -0.37479973 -0.1827426   0.13781042  0.
  -0.07835114  0.         -0.0089737   0.07585716]] 
Episode: 224: [[ 0.09886391  0.09492353 -0.45513865 -0.35322255  0.06446546  0.
  -0.05578635  0.          0.00317181  0.07114857]
 [ 0.09101132  0.20668255 -0.48547074 -0.34114602  0.14845298  0.
  -0.07085888  0.         -0.01725222  0.06725045]
 [ 0.23902912  0.44345844 -0.4996099  -0.2829863   0.17315108  0.
  -0.01827314  0.         -0.03533321  0.06781148]
 [ 0.46227664  0.5919902  -0.48604158 -0.11685317  0.15839449  0.
   0.05893458  0.         -0.04325048  0.04165477]
 [ 0.18046007  0.11168414 -0.3757297  -0.18274811  0.13757941  0.
  -0.07870073  0.         -0.0089737   0.07573858]] 
Episode: 225: [[ 0.09929407  0.09462994 -0.45618582 -0.3531724   0.0642959   0.
  -0.05594951  0.          0.00317181  0.0714384 ]
 [ 0.09147281  0.20635746 -0.4865185  -0.34108222  0.14826751  0.
  -0.07109437  0.         -0.01725222  0.0674531 ]
 [ 0.23925798  0.44327092 -0.5005988  -0.28297716  0.17301877  0.
  -0.01837444  0.         -0.03533321  0.06810006]
 [ 0.4621821   0.59185106 -0.48695824 -0.11688742  0.15828976  0.
   0.05888442  0.         -0.04325048  0.04195542]
 [ 0.18102571  0.11130688 -0.3767648  -0.18262412  0.13735263  0.
  -0.0791194   0.         -0.0089737   0.07545301]] 
Episode: 226: [[ 0.09969945  0.0943642  -0.45731774 -0.35314235  0.06409648  0.
  -0.05599168  0.          0.00317181  0.07182405]
 [ 0.09191038  0.20605946 -0.48765156 -0.34104145  0.14805047  0.
  -0.07120084  0.         -0.01725222  0.06773179]
 [ 0.23944354  0.4431044  -0.50167173 -0.28298223  0.1728599   0.
  -0.01836193  0.         -0.03533321  0.06850156]
 [ 0.46208256  0.5917267  -0.4879644  -0.11692948  0.1581573   0.
   0.05894405  0.         -0.04325048  0.04235522]
 [ 0.18156144  0.11094948 -0.37788498 -0.18253268  0.13709223  0.
  -0.07938756  0.         -0.0089737   0.07520266]] 
Episode: 227: [[ 0.10016371  0.0941692  -0.45835614 -0.35309675  0.06392933  0.
  -0.05597807  0.          0.00317181  0.07210968]
 [ 0.09240262  0.20584075 -0.48869202 -0.34098527  0.14786856  0.
  -0.0712564   0.         -0.01725222  0.0679077 ]
 [ 0.23969233  0.44297576 -0.5026461  -0.28297144  0.17272365  0.
  -0.01824723  0.         -0.03533321  0.06882625]
 [ 0.46204305  0.5916291  -0.48886925 -0.11695462  0.15804274  0.
   0.05910245  0.         -0.04325048  0.04270032]
 [ 0.18212599  0.1106885  -0.37891993 -0.18242858  0.13687259  0.
  -0.07961093  0.         -0.0089737   0.07487706]] 
Episode: 228: [[ 0.10048959  0.09396749 -0.45935482 -0.353126    0.06377646  0.
  -0.05607064  0.          0.00317181  0.07253561]
 [ 0.09275971  0.20562214 -0.48969588 -0.34100348  0.14770101  0.
  -0.071412    0.         -0.01725222  0.06821467]
 [ 0.23979527  0.44283795 -0.50358486 -0.2830274   0.17259921  0.
  -0.01823301  0.         -0.03533321  0.06926012]
 [ 0.46186504  0.59151804 -0.4897413  -0.11704403  0.15793903  0.
   0.05925803  0.         -0.04325048  0.04314016]
 [ 0.18257736  0.11043622 -0.3799213  -0.1823917   0.13666907  0.
  -0.07992056  0.         -0.0089737   0.07461262]] 
Episode: 229: [[ 0.100934    0.09378016 -0.46040133 -0.35307816  0.06365267  0.
  -0.05625871  0.          0.00317181  0.07280605]
 [ 0.09323893  0.20541622 -0.49074697 -0.34094158  0.14756595  0.
  -0.07165757  0.         -0.01725222  0.06838425]
 [ 0.2400186   0.44270757 -0.504559   -0.28301746  0.17249216  0.
  -0.0183239   0.         -0.03533321  0.06953103]
 [ 0.46178436  0.5914226  -0.49063978 -0.11707268  0.15784927  0.
   0.05929305  0.         -0.04325048  0.04342591]
 [ 0.1831561   0.11020052 -0.3809738  -0.18226618  0.13649876  0.
  -0.08030774  0.         -0.0089737   0.0742846 ]] 
Episode: 230: [[ 0.10135887  0.093632   -0.4614602  -0.35305512  0.06350869  0.
  -0.05649005  0.          0.00317181  0.07308053]
 [ 0.09369741  0.20524716 -0.49180624 -0.34090453  0.14740987  0.
  -0.0719423   0.         -0.01725222  0.06855303]
 [ 0.24023356  0.44260618 -0.50555545 -0.28303254  0.17236811  0.
  -0.01848577  0.         -0.03533321  0.06983369]
 [ 0.4616919   0.59134877 -0.49156523 -0.11712931  0.15774474  0.
   0.05922195  0.         -0.04325048  0.0437708 ]
 [ 0.18371539  0.10999281 -0.3820186  -0.18216774  0.13630962  0.
  -0.08071374  0.         -0.0089737   0.07395326]] 
Episode: 231: [[ 0.10196161  0.09352317 -0.46256256 -0.35294634  0.06335415  0.
  -0.05680313  0.          0.00317181  0.07315688]
 [ 0.09433357  0.20512334 -0.49290535 -0.34077987  0.14724101  0.
  -0.07230418  0.         -0.01725222  0.06853975]
 [ 0.24062982  0.44252816 -0.5065889  -0.28297117  0.17223908  0.
  -0.01873517  0.         -0.03533321  0.06996328]
 [ 0.46173796  0.59129924 -0.49252024 -0.11711404  0.15764138  0.
   0.05905305  0.         -0.04325048  0.04395112]
 [ 0.18444403  0.10984343 -0.38309914 -0.18197557  0.13609894  0.
  -0.08118199  0.         -0.0089737   0.07352415]] 
Episode: 232: [[ 0.10245091  0.09339724 -0.46359536 -0.35292506  0.06319459  0.
  -0.05697993  0.          0.00317181  0.07338009]
 [ 0.09485772  0.20497726 -0.49393642 -0.3407448   0.14706837  0.
  -0.07252412  0.         -0.01725222  0.06866328]
 [ 0.24089976  0.442444   -0.5075592  -0.28298733  0.17210448  0.
  -0.01885586  0.         -0.03533321  0.0702214 ]
 [ 0.46167505  0.5912489  -0.49341294 -0.11717308  0.15753235  0.
   0.05900598  0.         -0.04325048  0.04424249]
 [ 0.18506199  0.10966817 -0.3841142  -0.18187411  0.13589278  0.
  -0.08149447  0.         -0.0089737   0.07320501]] 
Episode: 233: [[ 0.10291631  0.09330271 -0.4646356  -0.35293353  0.06305581  0.
  -0.05724388  0.          0.00317181  0.07358116]
 [ 0.09535969  0.2048678  -0.49497312 -0.34073886  0.14691612  0.
  -0.07282764  0.         -0.01725222  0.06876023]
 [ 0.24116194  0.442382   -0.50853854 -0.28303334  0.171988    0.
  -0.01906817  0.         -0.03533321  0.07047107]
 [ 0.46160108  0.5912094  -0.49430797 -0.11726632  0.15743913  0.
   0.05885874  0.         -0.04325048  0.04454203]
 [ 0.18567745  0.10952431 -0.3851157  -0.18180072  0.13570486  0.
  -0.08188428  0.         -0.0089737   0.07285358]] 
Episode: 234: [[ 0.10339458  0.09320044 -0.46561262 -0.35289523  0.06290988  0.
  -0.05758623  0.          0.00317181  0.07381393]
 [ 0.09587837  0.20474832 -0.49595255 -0.3406849   0.14675619  0.
  -0.07320634  0.         -0.01725222  0.06888794]
 [ 0.24142142  0.44231945 -0.50943756 -0.28304312  0.17186713  0.
  -0.01936292  0.         -0.03533321  0.07076718]
 [ 0.4615138   0.5911753  -0.4951133  -0.11732767  0.15734361  0.
   0.05862141  0.         -0.04325048  0.04490385]
 [ 0.18632048  0.10936935 -0.38607997 -0.18168356  0.13550608  0.
  -0.08234362  0.         -0.0089737   0.07252116]] 
Episode: 235: [[ 0.10386593  0.09315035 -0.46654984 -0.35281593  0.06276061  0.
  -0.05794186  0.          0.00317181  0.07408262]
 [ 0.09638386  0.20467468 -0.49689263 -0.34059265  0.1465928   0.
  -0.07359888  0.         -0.01725222  0.06905466]
 [ 0.2416667   0.4423015  -0.5102912  -0.28301245  0.17174144  0.
  -0.01964037  0.         -0.03533321  0.07111034]
 [ 0.4614227   0.59118295 -0.49587741 -0.11734281  0.15724027  0.
   0.05848527  0.         -0.04325048  0.04531908]
 [ 0.1869138   0.10923452 -0.3870061  -0.18154003  0.13530429  0.
  -0.08279228  0.         -0.0089737   0.07225378]] 
Episode: 236: [[ 0.10446367  0.09310579 -0.4675558  -0.35260233  0.06264304  0.
  -0.05836686  0.          0.00317181  0.07417871]
 [ 0.09701279  0.20460062 -0.4978951  -0.34036586  0.14646378  0.
  -0.07405782  0.         -0.01725222  0.06906769]
 [ 0.24204025  0.44229704 -0.51121914 -0.2828565   0.17163916  0.
  -0.01999395  0.         -0.03533321  0.07127637]
 [ 0.46145353  0.5912158  -0.49672318 -0.11722953  0.15715681  0.
   0.05825785  0.         -0.04325048  0.04556267]
 [ 0.18760298  0.10909064 -0.3879769  -0.18126501  0.135135    0.
  -0.08330474  0.         -0.0089737   0.0719194 ]] 
Episode: 237: [[ 0.10496672  0.09308641 -0.46846363 -0.35241422  0.06253289  0.
  -0.05876383  0.          0.00317181  0.07440637]
 [ 0.09754644  0.2045453  -0.49879938 -0.3401649   0.14634128  0.
  -0.07449663  0.         -0.01725222  0.06921373]
 [ 0.24232003  0.44231865 -0.51205426 -0.28272608  0.17154375  0.
  -0.02030825  0.         -0.03533321  0.07156715]
 [ 0.46142143  0.59127146 -0.49747783 -0.11714116  0.15707909  0.
   0.05811807  0.         -0.04325048  0.04591085]
 [ 0.18819685  0.10894506 -0.38884917 -0.18102455  0.13497221  0.
  -0.08381913  0.         -0.0089737   0.07170218]] 
Episode: 238: [[ 0.10546851  0.09312261 -0.46938014 -0.35220987  0.06240975  0.
  -0.05910183  0.          0.00317181  0.07465265]
 [ 0.09807908  0.20454869 -0.4997078  -0.33994836  0.1462068   0.
  -0.0748802   0.         -0.01725222  0.06937453]
 [ 0.24260181  0.44238746 -0.5129161  -0.2825843   0.17143731  0.
  -0.02055797  0.         -0.03533321  0.07188386]
 [ 0.4613878   0.5913672  -0.49827477 -0.11704645  0.15699235  0.
   0.05802698  0.         -0.04325048  0.04629516]
 [ 0.18879612  0.10884875 -0.38971776 -0.18077657  0.13479938  0.
  -0.08428529  0.         -0.0089737   0.07148545]] 
Episode: 239: [[ 0.10595482  0.09318107 -0.47024813 -0.35198483  0.06225863  0.
  -0.05936918  0.          0.00317181  0.07495333]
 [ 0.09859119  0.20457514 -0.50056714 -0.3397138   0.14604446  0.
  -0.07519626  0.         -0.01725222  0.06959201]
 [ 0.24286501  0.4424783  -0.5137314  -0.2824204   0.1713083   0.
  -0.02070345  0.         -0.03533321  0.07226291]
 [ 0.4613452   0.59148115 -0.49902856 -0.11692467  0.15688412  0.
   0.05805029  0.         -0.04325048  0.04674228]
 [ 0.18934758  0.10877204 -0.3905344  -0.18052123  0.134603    0.
  -0.08468688  0.         -0.0089737   0.07133732]] 
Episode: 240: [[ 0.10641486  0.09328229 -0.47110948 -0.35175008  0.06211979  0.
  -0.05971541  0.          0.00317181  0.07528642]
 [ 0.09907774  0.20464288 -0.50141764 -0.33947033  0.14589441  0.
  -0.07558707  0.         -0.01725222  0.06984624]
 [ 0.24309246  0.4426072  -0.514547   -0.2822461   0.17119001  0.
  -0.02093881  0.         -0.03533321  0.07267397]
 [ 0.46127352  0.5916302  -0.49979168 -0.11678897  0.15678428  0.
   0.05796603  0.         -0.04325048  0.04721709]
 [ 0.18986957  0.10872186 -0.3913383  -0.18025896  0.13441797  0.
  -0.08512717  0.         -0.0089737   0.07123955]] 
Episode: 241: [[ 0.1068554   0.09336834 -0.4719599  -0.35150027  0.06198692  0.
  -0.06013258  0.          0.00317181  0.07565691]
 [ 0.09954637  0.20469917 -0.5022639  -0.33921114  0.14574917  0.
  -0.07604511  0.         -0.01725222  0.07013428]
 [ 0.2432958   0.4427254  -0.5153409  -0.2820615   0.17108054  0.
  -0.02125503  0.         -0.03533321  0.07313527]
 [ 0.46117887  0.5917659  -0.500528   -0.11664542  0.15669446  0.
   0.057785    0.         -0.04325048  0.04774813]
 [ 0.19037814  0.10866524 -0.39215866 -0.17998335  0.13423373  0.
  -0.08563284  0.         -0.0089737   0.07115442]] 
Episode: 242: [[ 0.10727722  0.09346046 -0.47285682 -0.35125703  0.06186199  0.
  -0.06061357  0.          0.00317181  0.07600917]
 [ 0.09999958  0.20476478 -0.50315595 -0.33895692  0.14561123  0.
  -0.0765636   0.         -0.01725222  0.07040294]
 [ 0.24347696  0.44283894 -0.5161799  -0.28188774  0.17097689  0.
  -0.02164398  0.         -0.03533321  0.073574  ]
 [ 0.46105203  0.59188884 -0.5013105  -0.11651706  0.15660939  0.
   0.05751693  0.         -0.04325048  0.04825461]
 [ 0.19088592  0.10862321 -0.3930212  -0.17971206  0.13405286  0.
  -0.08619726  0.         -0.0089737   0.07104477]] 
Episode: 243: [[ 0.10760505  0.09356094 -0.4737701  -0.35111526  0.06171509  0.
  -0.06115193  0.          0.00317181  0.07645149]
 [ 0.10037078  0.20483312 -0.5040728  -0.33880067  0.14545062  0.
  -0.07713644  0.         -0.01725222  0.07073642]
 [ 0.2435456   0.4429627  -0.5170225  -0.28181794  0.17085433  0.
  -0.02209836  0.         -0.03533321  0.07411011]
 [ 0.4607918   0.5920187  -0.5020856  -0.11650704  0.15650952  0.
   0.05717056  0.         -0.04325048  0.04883937]
 [ 0.19136702  0.10856134 -0.3939256  -0.1795268   0.13385266  0.
  -0.08681449  0.         -0.0089737   0.07092094]] 
Episode: 244: [[ 0.10795237  0.0936778  -0.4746393  -0.35094333  0.06156699  0.
  -0.06154348  0.          0.00317181  0.07688472]
 [ 0.10075472  0.20491801 -0.50494474 -0.33861592  0.14529023  0.
  -0.07756875  0.         -0.01725222  0.07107023]
 [ 0.24363169  0.44309616 -0.51781535 -0.281717    0.17072771  0.
  -0.02240284  0.         -0.03533321  0.07463322]
 [ 0.46055204  0.5921583  -0.5028072  -0.11646076  0.15640292  0.
   0.05696404  0.         -0.04325048  0.04940673]
 [ 0.19183217  0.10851917 -0.39478487 -0.1793209   0.13365215  0.
  -0.08731054  0.         -0.0089737   0.07083296]] 
Episode: 245: [[ 0.10827146  0.09377636 -0.47553757 -0.35086873  0.06141702  0.
  -0.06200138  0.          0.00317181  0.07718007]
 [ 0.1011086   0.20498575 -0.5058432  -0.33852887  0.14512694  0.
  -0.0780641   0.         -0.01725222  0.07125466]
 [ 0.24374795  0.44321358 -0.5186526  -0.28170237  0.17059988  0.
  -0.02278116  0.         -0.03533321  0.07503507]
 [ 0.46033955  0.5922808  -0.5035815  -0.1165077   0.15629672  0.
   0.05667312  0.         -0.04325048  0.04988856]
 [ 0.19229293  0.1084623  -0.39565754 -0.17920513  0.13344954  0.
  -0.08786637  0.         -0.0089737   0.07058813]] 
Episode: 246: [[ 0.10858466  0.09385528 -0.47645822 -0.35083392  0.06128847  0.
  -0.06251896  0.          0.00317181  0.0773401 ]
 [ 0.10145813  0.20503663 -0.50676405 -0.33847943  0.14498605  0.
  -0.07861613  0.         -0.01725222  0.07129864]
 [ 0.24389434  0.44330427 -0.5195116  -0.28172576  0.17048718  0.
  -0.02322592  0.         -0.03533321  0.07530845]
 [ 0.460144    0.5923751  -0.5043751  -0.11659899  0.1562033   0.
   0.05630626  0.         -0.04325048  0.05026777]
 [ 0.19278282  0.10840694 -0.39654842 -0.17911787  0.13327263  0.
  -0.08847594  0.         -0.0089737   0.07020502]] 
Episode: 247: [[ 0.10906996  0.09397518 -0.47735015 -0.35065618  0.0611985   0.
  -0.06309021  0.          0.00317181  0.07731371]
 [ 0.10197565  0.20513552 -0.50765306 -0.33828685  0.14488865  0.
  -0.07921915  0.         -0.01725222  0.07116025]
 [ 0.24420659  0.44342205 -0.5203356  -0.2816134   0.17040078  0.
  -0.02373042  0.         -0.03533321  0.07541153]
 [ 0.4601036   0.5924949  -0.5051382  -0.11654936  0.15612935  0.
   0.05587111  0.         -0.04325048  0.05047832]
 [ 0.19341098  0.10840557 -0.3974127  -0.17888546  0.13313515  0.
  -0.08909889  0.         -0.0089737   0.06968256]] 
Episode: 248: [[ 0.10948887  0.09404322 -0.47817    -0.3505653   0.06107778  0.
  -0.06349868  0.          0.00317181  0.07741141]
 [ 0.10242624  0.20517573 -0.5084705  -0.33818272  0.1447589   0.
  -0.0796554   0.         -0.01725222  0.07113803]
 [ 0.24444234  0.44350937 -0.5210946  -0.28157923  0.17029117  0.
  -0.0240801   0.         -0.03533321  0.07564613]
 [ 0.45998815  0.592593   -0.50584    -0.1165764   0.15603699  0.
   0.05558461  0.         -0.04325048  0.0507975 ]
 [ 0.19396608  0.10834243 -0.39820713 -0.17874141  0.13297103  0.
  -0.08954966  0.         -0.0089737   0.06924257]] 
Episode: 249: [[ 0.10980623  0.09413165 -0.479106   -0.35059613  0.06090368  0.
  -0.06376071  0.          0.00317181  0.07757839]
 [ 0.10277478  0.20523451 -0.5094057  -0.3382      0.14457522  0.
  -0.07996149  0.         -0.01725222  0.07117173]
 [ 0.2445862   0.4436124  -0.5219756  -0.28165585  0.17013577  0.
  -0.02429048  0.         -0.03533321  0.07598816]
 [ 0.4597867   0.59270036 -0.5066625  -0.11671589  0.15590382  0.
   0.05543182  0.         -0.04325048  0.0512141 ]
 [ 0.19443402  0.10829205 -0.39911056 -0.17871158  0.13276508  0.
  -0.089956    0.         -0.0089737   0.06881423]] 
Episode: 250: [[ 0.11006625  0.09414598 -0.4798792  -0.350682    0.06073417  0.
  -0.06410195  0.          0.00317181  0.07767986]
 [ 0.10306963  0.2052186  -0.51017934 -0.33827186  0.14439225  0.
  -0.0803432   0.         -0.01725222  0.07111728]
 [ 0.24470414  0.4436609  -0.5227025  -0.28178975  0.16999356  0.
  -0.02458403  0.         -0.03533321  0.07630467]
 [ 0.459567    0.5927518  -0.5073322  -0.11692514  0.15578675  0.
   0.05518936  0.         -0.04325048  0.05165541]
 [ 0.19486323  0.10817879 -0.3998418  -0.17874293  0.13255894  0.
  -0.09043134  0.         -0.0089737   0.06824629]] 
Episode: 251: [[ 0.11022119  0.09412862 -0.48069555 -0.3508671   0.06053025  0.
  -0.06439371  0.          0.00317181  0.07789742]
 [ 0.10326073  0.20515609 -0.5110001  -0.3384434   0.14417233  0.
  -0.08067962  0.         -0.01725222  0.0711796 ]
 [ 0.24470557  0.44369957 -0.52347594 -0.28201285  0.16982411  0.
  -0.02482979  0.         -0.03533321  0.07673068]
 [ 0.45923942  0.5928012  -0.5080538  -0.11721867  0.15564653  0.
   0.05502108  0.         -0.04325048  0.05218172]
 [ 0.1952049   0.10798976 -0.40063044 -0.17886752  0.1323187   0.
  -0.09088821  0.         -0.0089737   0.0677711 ]] 
Episode: 252: [[ 0.11041559  0.09413306 -0.48144102 -0.35100746  0.06033627  0.
  -0.06455056  0.          0.00317181  0.07808115]
 [ 0.10348176  0.20510909 -0.5117454  -0.33857265  0.14396273  0.
  -0.08087577  0.         -0.01725222  0.07122435]
 [ 0.24473976  0.44376463 -0.5241816  -0.28218383  0.16966254  0.
  -0.02494648  0.         -0.03533321  0.07710902]
 [ 0.45897302  0.5928844  -0.50871634 -0.11744563  0.1555118   0.
   0.05497481  0.         -0.04325048  0.05264973]
 [ 0.19551912  0.10780216 -0.401335   -0.17895296  0.13208629  0.
  -0.09121227  0.         -0.0089737   0.06734771]] 
Episode: 253: [[ 0.11062041  0.09411559 -0.48222935 -0.35115898  0.06015325  0.
  -0.06479733  0.          0.00317181  0.07810072]
 [ 0.10370747  0.20504256 -0.5125308  -0.3387114   0.14376356  0.
  -0.08115875  0.         -0.01725222  0.07109667]
 [ 0.2448362   0.44381335 -0.5249465  -0.28236595  0.16951294  0.
  -0.02515591  0.         -0.03533321  0.07733425]
 [ 0.4587699   0.59295225 -0.5094474  -0.11768905  0.15539105  0.
   0.05482807  0.         -0.04325048  0.05299626]
 [ 0.19583814  0.1076001  -0.40206614 -0.17904663  0.13186216  0.
  -0.09161382  0.         -0.0089737   0.06675603]] 
Episode: 254: [[ 0.11086318  0.0941202  -0.48301664 -0.35125846  0.05995793  0.
  -0.06500328  0.          0.00317181  0.07811265]
 [ 0.10396527  0.20499438 -0.5133121  -0.3387995   0.14355299  0.
  -0.08140416  0.         -0.01725222  0.0709784 ]
 [ 0.24494931  0.44388267 -0.5257107  -0.28249356  0.1693502   0.
  -0.02527435  0.         -0.03533321  0.07753356]
 [ 0.4585858   0.5930439  -0.5101813  -0.11786663  0.15525667  0.
   0.05480111  0.         -0.04325048  0.05330521]
 [ 0.19615223  0.10740209 -0.40279165 -0.17909054  0.13162628  0.
  -0.09196182  0.         -0.0089737   0.06623136]] 
Episode: 255: [[ 0.11104431  0.09411336 -0.48389202 -0.3514046   0.0597229   0.
  -0.06508273  0.          0.00317181  0.07825812]
 [ 0.10416675  0.20491704 -0.5141809  -0.33893496  0.1432971   0.
  -0.08151826  0.         -0.01725222  0.07099057]
 [ 0.24501146  0.44396746 -0.5265656  -0.28267077  0.16916198  0.
  -0.0252764   0.         -0.03533321  0.07785454]
 [ 0.45837116  0.5931528  -0.511015   -0.11810709  0.15510146  0.
   0.05488192  0.         -0.04325048  0.05371309]
 [ 0.19646236  0.10713041 -0.40359247 -0.17918849  0.13133277  0.
  -0.09219626  0.         -0.0089737   0.0657905 ]] 
Episode: 256: [[ 0.11120875  0.09409408 -0.4846797  -0.3515604   0.05947939  0.
  -0.06521816  0.          0.00317181  0.07837914]
 [ 0.10435206  0.20483294 -0.5149668  -0.33907905  0.14303406  0.
  -0.08169997  0.         -0.01725222  0.07097532]
 [ 0.24506627  0.444035   -0.52733046 -0.28285614  0.16896641  0.
  -0.02531823  0.         -0.03533321  0.07815807]
 [ 0.45814234  0.5932438  -0.5117545  -0.11835444  0.1549407   0.
   0.0549289   0.         -0.04325048  0.0541251 ]
 [ 0.19676761  0.10686409 -0.40433168 -0.17929229  0.13103765  0.
  -0.0925036   0.         -0.0089737   0.06531613]] 
Episode: 257: [[ 0.11137653  0.09409259 -0.48544168 -0.3516897   0.05926251  0.
  -0.06523406  0.          0.00317181  0.07854874]
 [ 0.10453784  0.20476496 -0.5157255  -0.3391977   0.14279717  0.
  -0.0817614   0.         -0.01725222  0.0710244 ]
 [ 0.2450985   0.44412255 -0.5280663  -0.28301117  0.16879421  0.
  -0.02525117  0.         -0.03533321  0.0784926 ]
 [ 0.45789784  0.59335864 -0.51246697 -0.11855978  0.15479976  0.
   0.05507642  0.         -0.04325048  0.05455354]
 [ 0.19703881  0.10660665 -0.40503845 -0.1793708   0.130764    0.
  -0.09270655  0.         -0.0089737   0.06494883]] 
Episode: 258: [[ 0.11166687  0.09418012 -0.4861813  -0.3517029   0.05910943  0.
  -0.06535429  0.          0.00317181  0.07861316]
 [ 0.10484844  0.20480451 -0.5164644  -0.33919638  0.14263129  0.
  -0.08192341  0.         -0.01725222  0.07100891]
 [ 0.24523741  0.44424948 -0.52875996 -0.28306508  0.16866483  0.
  -0.02529551  0.         -0.03533321  0.07865286]
 [ 0.45774722  0.5934989  -0.51312387 -0.11866721  0.15469293  0.
   0.05510394  0.         -0.04325048  0.05480806]
 [ 0.19742592  0.10649187 -0.40573993 -0.17931953  0.13056858  0.
  -0.09299958  0.         -0.0089737   0.06463137]] 
Episode: 259: [[ 0.1121463   0.09430955 -0.48696077 -0.35163343  0.05900446  0.
  -0.06556837  0.          0.00317181  0.07855224]
 [ 0.10534789  0.20489632 -0.51724434 -0.33910862  0.14251703  0.
  -0.0821759   0.         -0.01725222  0.07085788]
 [ 0.24553385  0.4443933  -0.52946824 -0.28304932  0.16856676  0.
  -0.0254102   0.         -0.03533321  0.07870354]
 [ 0.4577062   0.5936476  -0.51377094 -0.11870849  0.15461056  0.
   0.05509415  0.         -0.04325048  0.05497042]
 [ 0.19797912  0.10644311 -0.4064864  -0.17916927  0.13042015  0.
  -0.09335522  0.         -0.0089737   0.06418871]] 
Episode: 260: [[ 0.11250376  0.09436826 -0.4878263  -0.3516451   0.05887079  0.
  -0.06565511  0.          0.00317181  0.07866731]
 [ 0.10572325  0.20491704 -0.5181133  -0.33910495  0.14237432  0.
  -0.08229638  0.         -0.01725222  0.07088866]
 [ 0.2457212   0.4444754  -0.5302603  -0.2831028   0.1684424   0.
  -0.02540865  0.         -0.03533321  0.07889099]
 [ 0.45758802  0.5937428  -0.5144977  -0.1188135   0.15450324  0.
   0.05519076  0.         -0.04325048  0.05524675]
 [ 0.19842146  0.10635376 -0.40732324 -0.17911182  0.13025372  0.
  -0.09357876  0.         -0.0089737   0.06383748]] 
Episode: 261: [[ 0.11284642  0.09446354 -0.48874012 -0.35164917  0.05875996  0.
  -0.06583901  0.          0.00317181  0.07868597]
 [ 0.10608117  0.20497786 -0.5190282  -0.33909336  0.14225425  0.
  -0.08251143  0.         -0.01725222  0.07083638]
 [ 0.24594773  0.4445843  -0.5311147  -0.28315422  0.16833815  0.
  -0.02551198  0.         -0.03533321  0.0789552 ]
 [ 0.45753095  0.5938564  -0.5152955  -0.11892677  0.1544147   0.
   0.0551723   0.         -0.04325048  0.05538578]
 [ 0.19886397  0.10630093 -0.40819302 -0.17905365  0.13010594  0.
  -0.09389032  0.         -0.0089737   0.0634438 ]] 
Episode: 262: [[ 0.11321973  0.09457323 -0.4895609  -0.35162443  0.05865597  0.
  -0.06595161  0.          0.00317181  0.07867297]
 [ 0.10646433  0.20504527 -0.5198479  -0.33905542  0.14214015  0.
  -0.08264111  0.         -0.01725222  0.07077362]
 [ 0.24619022  0.4447127  -0.53187877 -0.28317192  0.16824144  0.
  -0.02554172  0.         -0.03533321  0.07895759]
 [ 0.45749477  0.5939955  -0.51600826 -0.11899627  0.15433338  0.
   0.05525318  0.         -0.04325048  0.05543036]
 [ 0.19929247  0.10623492 -0.4089731  -0.17897467  0.1299585   0.
  -0.09408185  0.         -0.0089737   0.06311672]] 
Episode: 263: [[ 0.11356359  0.09464561 -0.49037537 -0.3515912   0.05853241  0.
  -0.06607395  0.          0.00317181  0.07877756]
 [ 0.10682314  0.20506592 -0.52066433 -0.33900884  0.14200398  0.
  -0.08278397  0.         -0.01725222  0.07082869]
 [ 0.24636953  0.4448327  -0.5326312  -0.28318122  0.1681342   0.
  -0.02559108  0.         -0.03533321  0.07909024]
 [ 0.45740744  0.5941384  -0.5167083  -0.11904788  0.15424493  0.
   0.05536373  0.         -0.04325048  0.05560071]
 [ 0.19970198  0.10609223 -0.40976346 -0.17888519  0.12978405  0.
  -0.09428355  0.         -0.0089737   0.06290014]] 
Episode: 264: [[ 0.11382508  0.0947272  -0.49120605 -0.35164663  0.058383    0.
  -0.06607782  0.          0.00317181  0.07901479]
 [ 0.1071071   0.20509742 -0.52150005 -0.339051    0.14183787  0.
  -0.08280553  0.         -0.01725222  0.07098615]
 [ 0.246467    0.444949   -0.5334051  -0.28327227  0.16801155  0.
  -0.02553043  0.         -0.03533321  0.07935097]
 [ 0.45723382  0.59427065 -0.5174259  -0.11918351  0.15414804  0.
   0.05556877  0.         -0.04325048  0.05588387]
 [ 0.20007508  0.10596159 -0.41058058 -0.17887826  0.12957512  0.
  -0.09444157  0.         -0.0089737   0.06267439]] 
Episode: 265: [[ 0.11409228  0.09480103 -0.49201787 -0.3516593   0.05824176  0.
  -0.06604981  0.          0.00317181  0.0792897 ]
 [ 0.10738916  0.20512304 -0.52231693 -0.33905157  0.14168125  0.
  -0.08280797  0.         -0.01725222  0.07118771]
 [ 0.24656086  0.44506592 -0.53415626 -0.28332204  0.16789475  0.
  -0.02538142  0.         -0.03533321  0.07965752]
 [ 0.4570577   0.5944072  -0.5181206  -0.11927272  0.15405418  0.
   0.0558588   0.         -0.04325048  0.05622061]
 [ 0.20040667  0.10582771 -0.41138425 -0.17883758  0.12937358  0.
  -0.09458815  0.         -0.0089737   0.06251863]] 
Episode: 266: [[ 0.1143658   0.09493402 -0.49285847 -0.35167918  0.05809509  0.
  -0.06591823  0.          0.00317181  0.07957085]
 [ 0.10767604  0.20521007 -0.5231602  -0.3390592   0.1415195   0.
  -0.08270419  0.         -0.01725222  0.07139323]
 [ 0.24666777  0.44522208 -0.5349422  -0.28337824  0.16777235  0.
  -0.02514227  0.         -0.03533321  0.07997507]
 [ 0.45690072  0.59457153 -0.5188562  -0.11936893  0.15395373  0.
   0.05622527  0.         -0.04325048  0.05656317]
 [ 0.2007387   0.10575037 -0.41220397 -0.17880352  0.12916882  0.
  -0.09466793  0.         -0.0089737   0.06236059]] 
Episode: 267: [[ 0.11453643  0.09506553 -0.4937132  -0.35170752  0.05794072  0.
  -0.06590619  0.          0.00317181  0.07996339]
 [ 0.10785463  0.20529632 -0.5240211  -0.33907652  0.14134967  0.
  -0.08271796  0.         -0.01725222  0.07171981]
 [ 0.24667941  0.44537774 -0.53573656 -0.28344062  0.1676433   0.
  -0.02503213  0.         -0.03533321  0.08040193]
 [ 0.45669216  0.5947368  -0.5195912  -0.11946598  0.1538491   0.
   0.05646908  0.         -0.04325048  0.05700123]
 [ 0.20094733  0.10566396 -0.4130535  -0.17878674  0.12896039  0.
  -0.09485101  0.         -0.0089737   0.0623352 ]] 
Episode: 268: [[ 0.11480558  0.09520169 -0.49463296 -0.3518311   0.05777001  0.
  -0.06578904  0.          0.00317181  0.0802609 ]
 [ 0.10812932  0.20538929 -0.52494884 -0.33919024  0.1411663   0.
  -0.08262325  0.         -0.01725222  0.07190116]
 [ 0.24683206  0.44552693 -0.5365896  -0.2835807   0.16749425  0.
  -0.02482801  0.         -0.03533321  0.08082168]
 [ 0.45657915  0.5948935  -0.5203915  -0.11964133  0.15372409  0.
   0.056794    0.         -0.04325048  0.05752492]
 [ 0.20127626  0.10559627 -0.4139711  -0.17885746  0.12875304  0.
  -0.09505291  0.         -0.0089737   0.06209631]] 
Episode: 269: [[ 0.11501661  0.0952901  -0.4955586  -0.35199276  0.05758479  0.
  -0.06563071  0.          0.00317181  0.08063908]
 [ 0.1083497   0.20543239 -0.525882   -0.33934218  0.14096494  0.
  -0.08250689  0.         -0.01725222  0.07214687]
 [ 0.24692206  0.44563767 -0.53745675 -0.28376135  0.1673344   0.
  -0.02454812  0.         -0.03533321  0.0813403 ]
 [ 0.4564103   0.5950129  -0.5212058  -0.11986426  0.15359046  0.
   0.05719188  0.         -0.04325048  0.0581254 ]
 [ 0.20156235  0.10548269 -0.41488338 -0.17897004  0.1285229   0.
  -0.09526744  0.         -0.0089737   0.06185998]] 
Episode: 270: [[ 0.11522517  0.09538452 -0.49644837 -0.35215643  0.05739064  0.
  -0.0654183   0.          0.00317181  0.08098369]
 [ 0.10856979  0.2054864  -0.5267796  -0.33949617  0.14075592  0.
  -0.08233766  0.         -0.01725222  0.07236234]
 [ 0.24700709  0.44574702 -0.538291   -0.28394395  0.16716555  0.
  -0.02421265  0.         -0.03533321  0.08182596]
 [ 0.4562428   0.59512854 -0.52199215 -0.12008858  0.15344757  0.
   0.05764565  0.         -0.04325048  0.05868988]
 [ 0.20185703  0.10539291 -0.41576394 -0.17908387  0.12828861  0.
  -0.09542159  0.         -0.0089737   0.06160454]] 
Episode: 271: [[ 0.11539489  0.09547549 -0.4973813  -0.35240334  0.05721461  0.
  -0.06533375  0.          0.00317181  0.08132478]
 [ 0.10875197  0.20554365 -0.52772254 -0.33973148  0.14056352  0.
  -0.08229282  0.         -0.01725222  0.07254234]
 [ 0.24707128  0.44584075 -0.5391768  -0.28420204  0.16701254  0.
  -0.02400768  0.         -0.03533321  0.08236839]
 [ 0.4560564   0.59522027 -0.5228394  -0.12038972  0.15331958  0.
   0.05801561  0.         -0.04325048  0.05932708]
 [ 0.20214526  0.10532508 -0.41669324 -0.17926118  0.12807073  0.
  -0.09567212  0.         -0.0089737   0.06121939]] 
Episode: 272: [[ 0.11560416  0.09565073 -0.49824667 -0.3525818   0.05708913  0.
  -0.06534972  0.          0.00317181  0.08161604]
 [ 0.10896747  0.20568755 -0.5285944  -0.3398995   0.14042322  0.
  -0.08234387  0.         -0.01725222  0.07268257]
 [ 0.24716645  0.44599974 -0.5399955  -0.2843942   0.16690108  0.
  -0.02390193  0.         -0.03533321  0.08284959]
 [ 0.4559023   0.59536415 -0.5236224  -0.12061964  0.15322681  0.
   0.0583154   0.         -0.04325048  0.05989534]
 [ 0.2024278   0.10533249 -0.41754562 -0.17937726  0.12790154  0.
  -0.09595829  0.         -0.0089737   0.06084083]] 
Episode: 273: [[ 0.11595084  0.09583262 -0.49909553 -0.35263538  0.05698406  0.
  -0.06547066  0.          0.00317181  0.08176003]
 [ 0.10931747  0.2058407  -0.52944887 -0.33994088  0.14030443  0.
  -0.08249721  0.         -0.01725222  0.07269049]
 [ 0.24738814  0.4461663  -0.54078895 -0.2844723   0.166807    0.
  -0.02391195  0.         -0.03533321  0.08316499]
 [ 0.45587003  0.595521   -0.5243763  -0.12073385  0.15314887  0.
   0.05847925  0.         -0.04325048  0.06028483]
 [ 0.2028072   0.10535436 -0.41838574 -0.17936233  0.12774721  0.
  -0.09632766  0.         -0.0089737   0.06040784]] 
Episode: 274: [[ 0.11617006  0.09589522 -0.49996364 -0.35274446  0.05687124  0.
  -0.06547294  0.          0.00317181  0.08205161]
 [ 0.10954752  0.20587455 -0.5303274  -0.3400403   0.14017738  0.
  -0.08252779  0.         -0.01725222  0.07281554]
 [ 0.24748269  0.44623327 -0.5416013  -0.28459817  0.16670829  0.
  -0.02381581  0.         -0.03533321  0.08359005]
 [ 0.4557304   0.59557974 -0.52514935 -0.12089199  0.15306403  0.
   0.05873254  0.         -0.04325048  0.06076472]
 [ 0.20311345  0.10528415 -0.41924614 -0.1794129   0.12758715  0.
  -0.09665057  0.         -0.0089737   0.05996535]] 
Episode: 275: [[ 0.11651319  0.09596558 -0.5008651  -0.35272163  0.05675142  0.
  -0.06557027  0.          0.00317181  0.08226765]
 [ 0.10989307  0.20591678 -0.5312332  -0.34000835  0.14004536  0.
  -0.08265674  0.         -0.01725222  0.07287923]
 [ 0.24767289  0.446313   -0.5424459  -0.28460363  0.16660103  0.
  -0.02376544  0.         -0.03533321  0.08393364]
 [ 0.45566913  0.5956572  -0.5259567  -0.12092648  0.15296827  0.
   0.05903053  0.         -0.04325048  0.06115505]
 [ 0.20346767  0.10521984 -0.42011937 -0.17934279  0.12742332  0.
  -0.097002    0.         -0.0089737   0.05952202]] 
Episode: 276: [[ 0.11686043  0.09606746 -0.5017461  -0.35264724  0.05665158  0.
  -0.06576438  0.          0.00317181  0.08248992]
 [ 0.11024202  0.20598683 -0.5321193  -0.33992484  0.1399334   0.
  -0.08288009  0.         -0.01725222  0.07297257]
 [ 0.24785477  0.44642323 -0.543266   -0.28456405  0.16651003  0.
  -0.02382543  0.         -0.03533321  0.08425698]
 [ 0.4555953   0.59576356 -0.5267328  -0.12091549  0.15288627  0.
   0.0591927   0.         -0.04325048  0.06151131]
 [ 0.20381142  0.10516102 -0.4209756  -0.17922579  0.1272727   0.
  -0.09741361  0.         -0.0089737   0.05917303]] 
Episode: 277: [[ 0.11712762  0.09613956 -0.5025625  -0.3526404   0.05654055  0.
  -0.06583252  0.          0.00317181  0.08281973]
 [ 0.11051764  0.2060247  -0.53294283 -0.33990884  0.13980965  0.
  -0.08297373  0.         -0.01725222  0.07317004]
 [ 0.24793686  0.44651887 -0.54401994 -0.28458723  0.16641165  0.
  -0.02377412  0.         -0.03533321  0.0846894 ]
 [ 0.45542312  0.5958607  -0.5274369  -0.1209669   0.152798    0.
   0.05944454  0.         -0.04325048  0.06196164]
 [ 0.20410073  0.10507629 -0.4217743  -0.17917135  0.12711482  0.
  -0.09769076  0.         -0.0089737   0.05890359]] 
Episode: 278: [[ 0.11739645  0.09622598 -0.5032964  -0.35262492  0.05642451  0.
  -0.06582579  0.          0.00317181  0.08317491]
 [ 0.11079735  0.2060832  -0.5336863  -0.3398855   0.13968103  0.
  -0.08299749  0.         -0.01725222  0.07339415]
 [ 0.24800894  0.44662946 -0.54468876 -0.2846019   0.16631052  0.
  -0.02362827  0.         -0.03533321  0.08515941]
 [ 0.45523137  0.59596616 -0.52805805 -0.12100886  0.1527058   0.
   0.05977704  0.         -0.04325048  0.06246545]
 [ 0.20439611  0.10501692 -0.42250827 -0.17911287  0.12695196  0.
  -0.09790357  0.         -0.0089737   0.05865837]] 
Episode: 279: [[ 0.11768454  0.09630567 -0.50405174 -0.35263497  0.05628166  0.
  -0.06586689  0.          0.00317181  0.08347741]
 [ 0.11109754  0.20613286 -0.53444767 -0.33988753  0.13952537  0.
  -0.08306901  0.         -0.01725222  0.07356116]
 [ 0.24812143  0.44672713 -0.54538274 -0.28464052  0.16618605  0.
  -0.02354789  0.         -0.03533321  0.08558754]
 [ 0.4550816   0.59605867 -0.5287029  -0.12107879  0.15259439  0.
   0.06000326  0.         -0.04325048  0.0629392 ]
 [ 0.2047271   0.1049567  -0.42324355 -0.17907648  0.1267677   0.
  -0.09814682  0.         -0.0089737   0.05834217]] 
Episode: 280: [[ 0.11793353  0.09637683 -0.5048558  -0.35269436  0.05611557  0.
  -0.06585225  0.          0.00317181  0.08381581]
 [ 0.11135655  0.20618045 -0.5352596  -0.3399396   0.13934848  0.
  -0.08309773  0.         -0.01725222  0.0737525 ]
 [ 0.2482054   0.4468129  -0.54612774 -0.28472474  0.1660395   0.
  -0.02338632  0.         -0.03533321  0.08606502]
 [ 0.45488775  0.5961385  -0.5293944  -0.12119646  0.1524661   0.
   0.06031279  0.         -0.04325048  0.06347559]
 [ 0.20501989  0.10490937 -0.42404497 -0.17909321  0.12657258  0.
  -0.09838398  0.         -0.0089737   0.05799924]] 
Episode: 281: [[ 0.11817832  0.09653884 -0.50570184 -0.35273835  0.0559877   0.
  -0.06594601  0.          0.00317181  0.08404565]
 [ 0.1116147   0.2063228  -0.5361128  -0.3399729   0.13921256  0.
  -0.08323134  0.         -0.01725222  0.07384952]
 [ 0.24831277  0.44695687 -0.5469189  -0.28480363  0.16592     0.
  -0.02334642  0.         -0.03533321  0.08641314]
 [ 0.45471507  0.59625995 -0.53013223 -0.12132074  0.15235926  0.
   0.06048534  0.         -0.04325048  0.06388607]
 [ 0.20534462  0.10494936 -0.42487636 -0.17908843  0.12641905  0.
  -0.09871022  0.         -0.0089737   0.05760536]] 
Episode: 282: [[ 0.11841761  0.09670151 -0.506458   -0.35274732  0.05587744  0.
  -0.06594665  0.          0.00317181  0.08430611]
 [ 0.11186336  0.20646204 -0.5368736  -0.33997276  0.13909355  0.
  -0.08327892  0.         -0.01725222  0.07399023]
 [ 0.24840741  0.4471073  -0.54762024 -0.2848447   0.16581762  0.
  -0.02320506  0.         -0.03533321  0.08678342]
 [ 0.45455003  0.5963928  -0.5307827  -0.12139896  0.15226737  0.
   0.06074652  0.         -0.04325048  0.06431246]
 [ 0.20563172  0.1049787  -0.42561024 -0.17905428  0.1262778   0.
  -0.09896287  0.         -0.0089737   0.05729539]] 
Episode: 283: [[ 0.11869244  0.09689353 -0.5072401  -0.35274187  0.05575693  0.
  -0.06591361  0.          0.00317181  0.0845682 ]
 [ 0.11214831  0.20663169 -0.5376567  -0.33995852  0.13896455  0.
  -0.08329332  0.         -0.01725222  0.07413671]
 [ 0.24852513  0.4472764  -0.54834896 -0.28486905  0.16570449  0.
  -0.02300836  0.         -0.03533321  0.08715709]
 [ 0.45439744  0.5965388  -0.5314581  -0.12145736  0.15216579  0.
   0.06108743  0.         -0.04325048  0.06474828]
 [ 0.20595652  0.1050339  -0.42636156 -0.179       0.12612478  0.
  -0.09916241  0.         -0.0089737   0.05700426]] 
Episode: 284: [[ 0.11895897  0.09705666 -0.50802773 -0.3527553   0.05564411  0.
  -0.06599102  0.          0.00317181  0.08483063]
 [ 0.11242374  0.20678203 -0.5384454  -0.33996186  0.1388448   0.
  -0.08341431  0.         -0.01725222  0.07429325]
 [ 0.24865049  0.44741905 -0.5490766  -0.28491604  0.16559441  0.
  -0.02293691  0.         -0.03533321  0.08751659]
 [ 0.45424154  0.59665704 -0.53212124 -0.12154588  0.1520647   0.
   0.06128829  0.         -0.04325048  0.06517298]
 [ 0.20628609  0.10508818 -0.4271077  -0.17896423  0.12598501  0.
  -0.09945516  0.         -0.0089737   0.05673687]] 
Episode: 285: [[ 0.11930709  0.09718574 -0.50876224 -0.35270825  0.05555416  0.
  -0.06616779  0.          0.00317181  0.08500821]
 [ 0.11277875  0.206903   -0.53918433 -0.33990127  0.13875133  0.
  -0.08363116  0.         -0.01725222  0.07437338]
 [ 0.24885593  0.44753602 -0.5497389  -0.28491506  0.16550022  0.
  -0.02297814  0.         -0.03533321  0.08778243]
 [ 0.4541573   0.5967581  -0.53270924 -0.12159158  0.15197642  0.
   0.06136318  0.         -0.04325048  0.06550287]
 [ 0.2066831   0.10512447 -0.42782217 -0.17886159  0.1258736   0.
  -0.09983168  0.         -0.0089737   0.05644325]] 
Episode: 286: [[ 0.11957113  0.09734351 -0.5096532  -0.35272163  0.05542134  0.
  -0.06635953  0.          0.00317181  0.0851866 ]
 [ 0.11304718  0.20705393 -0.54007363 -0.33990178  0.13861471  0.
  -0.08390406  0.         -0.01725222  0.07441707]
 [ 0.24900515  0.44768417 -0.5505881  -0.28497142  0.16537274  0.
  -0.02294335  0.         -0.03533321  0.08811226]
 [ 0.4540175   0.596885   -0.5335105  -0.12170397  0.15185982  0.
   0.06153638  0.         -0.04325048  0.06593047]
 [ 0.20701745  0.10517632 -0.42864814 -0.17882578  0.1257287   0.
  -0.10028349  0.         -0.0089737   0.05601316]] 
Episode: 287: [[ 0.11982004  0.09754963 -0.5105083  -0.35278454  0.05529872  0.
  -0.06663933  0.          0.00317181  0.08525082]
 [ 0.1133092   0.2072537  -0.54092646 -0.33994925  0.13848786  0.
  -0.08425763  0.         -0.01725222  0.07435099]
 [ 0.2491702   0.44786188 -0.5514109  -0.28507525  0.1652542   0.
  -0.02301764  0.         -0.03533321  0.08830706]
 [ 0.4538838   0.597031   -0.53429395 -0.12187048  0.15175097  0.
   0.06158643  0.         -0.04325048  0.06622564]
 [ 0.20740049  0.10527214 -0.42943877 -0.17882405  0.12559466  0.
  -0.10080296  0.         -0.0089737   0.05549404]] 
Episode: 288: [[ 0.12003914  0.09778932 -0.5113279  -0.352875    0.05518276  0.
  -0.06699008  0.          0.00317181  0.08524604]
 [ 0.11353746  0.20749336 -0.5417453  -0.34002277  0.13836801  0.
  -0.08468375  0.         -0.01725222  0.07421003]
 [ 0.24932964  0.4480494  -0.55220735 -0.2852019   0.16514057  0.
  -0.02312567  0.         -0.03533321  0.08845367]
 [ 0.4537564   0.59717673 -0.53505856 -0.12205698  0.15164547  0.
   0.06163203  0.         -0.04325048  0.06650274]
 [ 0.20774555  0.10542567 -0.43019873 -0.17884198  0.12547144  0.
  -0.10138323  0.         -0.0089737   0.05490167]] 
Episode: 289: [[ 0.12032464  0.09800408 -0.5120849  -0.35287833  0.05509628  0.
  -0.06741291  0.          0.00317181  0.08523403]
 [ 0.11382749  0.20770326 -0.5425006  -0.34001017  0.13827793  0.
  -0.08517511  0.         -0.01725222  0.07408138]
 [ 0.2495387   0.44822752 -0.5529296  -0.28524598  0.16505143  0.
  -0.02332863  0.         -0.03533321  0.08856559]
 [ 0.45368055  0.5973243  -0.535742   -0.12215466  0.15156043  0.
   0.06158525  0.         -0.04325048  0.06672191]
 [ 0.20811222  0.10553607 -0.43089893 -0.17877947  0.125369    0.
  -0.10195499  0.         -0.0089737   0.05438456]] 
Episode: 290: [[ 0.12054106  0.09811494 -0.5128206  -0.35294992  0.05499737  0.
  -0.06768612  0.          0.00317181  0.08532845]
 [ 0.11404783  0.2077964  -0.5432333  -0.34006798  0.13817298  0.
  -0.08550925  0.         -0.01725222  0.07405952]
 [ 0.24965595  0.44834018 -0.55363506 -0.28534853  0.16495526  0.
  -0.02340552  0.         -0.03533321  0.08879897]
 [ 0.45351577  0.5974261  -0.5364135  -0.12230674  0.15147275  0.
   0.06164919  0.         -0.04325048  0.06705035]
 [ 0.208396    0.10552527 -0.43158552 -0.17878747  0.12524913  0.
  -0.10235617  0.         -0.0089737   0.05395274]] 
Episode: 291: [[ 0.1207616   0.09824316 -0.51359385 -0.35302088  0.05489276  0.
  -0.06785943  0.          0.00317181  0.08543292]
 [ 0.11426455  0.20790194 -0.54400337 -0.34012893  0.1380615   0.
  -0.08575559  0.         -0.01725222  0.07403494]
 [ 0.24977218  0.4484702  -0.5543698  -0.28544298  0.16485392  0.
  -0.023369    0.         -0.03533321  0.08906918]
 [ 0.4533569   0.597545   -0.53710556 -0.12244338  0.15137967  0.
   0.06181273  0.         -0.04325048  0.06743212]
 [ 0.20865272  0.10551341 -0.43230605 -0.17880821  0.12512186  0.
  -0.10271166  0.         -0.0089737   0.05349109]] 
Episode: 292: [[ 0.12101403  0.09834626 -0.5144402  -0.35306373  0.05478727  0.
  -0.06812266  0.          0.00317181  0.08553523]
 [ 0.11451451  0.20798077 -0.54485255 -0.34016368  0.13794348  0.
  -0.08608527  0.         -0.01725222  0.0739973 ]
 [ 0.24989699  0.44858682 -0.5551597  -0.28550985  0.16475877  0.
  -0.02344183  0.         -0.03533321  0.08935213]
 [ 0.4531961   0.5976534  -0.5378369  -0.12255028  0.15129612  0.
   0.0619136   0.         -0.04325048  0.0678276 ]
 [ 0.20894173  0.10546298 -0.43312722 -0.17880498  0.12496764  0.
  -0.10312606  0.         -0.0089737   0.05298769]] 
Episode: 293: [[ 0.12122089  0.09839924 -0.51524806 -0.35312828  0.05470491  0.
  -0.06846673  0.          0.00317181  0.08562595]
 [ 0.11472142  0.2080097  -0.54566604 -0.3402185   0.13784885  0.
  -0.0864899   0.         -0.01725222  0.07395159]
 [ 0.24999169  0.44865975 -0.5559158  -0.28559992  0.16468218  0.
  -0.023613    0.         -0.03533321  0.08961584]
 [ 0.45301238  0.59772265 -0.53853637 -0.12268427  0.15122992  0.
   0.06189822  0.         -0.04325048  0.06819589]
 [ 0.20920911  0.10538071 -0.43391916 -0.17881915  0.12483701  0.
  -0.10361211  0.         -0.0089737   0.05247565]] 
Episode: 294: [[ 0.12143491  0.09851735 -0.5161287  -0.35321096  0.05462302  0.
  -0.06888353  0.          0.00317181  0.08557983]
 [ 0.11493732  0.20811062 -0.54655474 -0.34028926  0.13775635  0.
  -0.08696194  0.         -0.01725222  0.07375826]
 [ 0.25012338  0.44876266 -0.55674285 -0.2857096   0.16460091  0.
  -0.02387265  0.         -0.03533321  0.08975627]
 [ 0.45287186  0.59780675 -0.53929806 -0.1228455   0.15115887  0.
   0.06177825  0.         -0.04325048  0.0684616 ]
 [ 0.20951715  0.105381   -0.43478745 -0.17884575  0.12471479  0.
  -0.10416255  0.         -0.0089737   0.05179945]] 
Episode: 295: [[ 0.12163996  0.09862287 -0.51701903 -0.35327655  0.05452156  0.
  -0.06936572  0.          0.00317181  0.08552733]
 [ 0.1151475   0.20819959 -0.5474527  -0.34034175  0.1376453   0.
  -0.08749458  0.         -0.01725222  0.07356615]
 [ 0.25024393  0.44885632 -0.5575762  -0.28580725  0.16450386  0.
  -0.02421188  0.         -0.03533321  0.08987913]
 [ 0.45272288  0.59788245 -0.5400608  -0.12299688  0.15107508  0.
   0.06156423  0.         -0.04325048  0.06870294]
 [ 0.20983201  0.10537443 -0.43565756 -0.17885445  0.12457884  0.
  -0.10477002  0.         -0.0089737   0.05114143]] 
Episode: 296: [[ 0.12188628  0.09875985 -0.5178712  -0.35329342  0.0544146   0.
  -0.06974989  0.          0.00317181  0.08549751]
 [ 0.11539317  0.20831552 -0.548308   -0.34034806  0.1375287   0.
  -0.08793438  0.         -0.01725222  0.07340579]
 [ 0.2503971   0.44898412 -0.55837464 -0.28585654  0.16440487  0.
  -0.02441696  0.         -0.03533321  0.09001509]
 [ 0.45261177  0.59799755 -0.54079217 -0.12309485  0.1509917   0.
   0.06147771  0.         -0.04325048  0.06894834]
 [ 0.2101427   0.10537574 -0.43647534 -0.17882922  0.12443629  0.
  -0.10529433  0.         -0.0089737   0.05055076]] 
Episode: 297: [[ 0.12223881  0.09893917 -0.5187147  -0.35320994  0.05437418  0.
  -0.07020285  0.          0.00317181  0.08542322]
 [ 0.11574146  0.20847228 -0.54915124 -0.34025434  0.13748069  0.
  -0.08843816  0.         -0.01725222  0.07323141]
 [ 0.25064558  0.449146   -0.55915916 -0.28581318  0.1643588   0.
  -0.02470707  0.         -0.03533321  0.09005931]
 [ 0.4525991   0.59814614 -0.541506   -0.123097    0.15095426  0.
   0.06129383  0.         -0.04325048  0.06905982]
 [ 0.21052156  0.10540263 -0.43727672 -0.17871001  0.12435141  0.
  -0.10578463  0.         -0.0089737   0.05003949]] 
Episode: 298: [[ 0.12259813  0.09909301 -0.5195369  -0.35311168  0.05433866  0.
  -0.07071768  0.          0.00317181  0.08532769]
 [ 0.11609685  0.2086058  -0.5499732  -0.34014422  0.13743797  0.
  -0.08899947  0.         -0.01725222  0.07303948]
 [ 0.250916    0.44929186 -0.55992645 -0.28576067  0.16431828  0.
  -0.02507366  0.         -0.03533321  0.09006339]
 [ 0.45261446  0.5982858  -0.54220784 -0.12309684  0.15092495  0.
   0.06102236  0.         -0.04325048  0.06911054]
 [ 0.21091539  0.10541563 -0.43805856 -0.17857584  0.12427109  0.
  -0.10633919  0.         -0.0089737   0.04951695]] 
Episode: 299: [[ 0.1229322   0.09921622 -0.52035683 -0.35304892  0.0542932   0.
  -0.07125708  0.          0.00317181  0.08525832]
 [ 0.11643178  0.20870914 -0.55079347 -0.34006968  0.1373845   0.
  -0.08957824  0.         -0.01725222  0.07286572]
 [ 0.25115365  0.44941545 -0.5606909  -0.2857403   0.16427036  0.
  -0.0255034   0.         -0.03533321  0.09010808]
 [ 0.45259959  0.5984048  -0.5429099  -0.12312567  0.15088855  0.
   0.06067211  0.         -0.04325048  0.06921073]
 [ 0.21130627  0.1054004  -0.4388407  -0.17847034  0.12418156  0.
  -0.10689504  0.         -0.0089737   0.04898909]] 
Episode: 300: [[ 0.12325823  0.09935496 -0.521174   -0.35296434  0.05423076  0.
  -0.07179204  0.          0.00317181  0.08526766]
 [ 0.11676034  0.20883204 -0.55161124 -0.33997378  0.13731405  0.
  -0.09014454  0.         -0.01725222  0.07277578]
 [ 0.2513739   0.4495558  -0.5614561  -0.2857005   0.16421206  0.
  -0.02595762  0.         -0.03533321  0.09022171]
 [ 0.4525707   0.5985387  -0.5436197  -0.12313312  0.15084425  0.
   0.0602845   0.         -0.04325048  0.06937149]
 [ 0.21168727  0.1054046  -0.43962634 -0.17834763  0.12407939  0.
  -0.10742566  0.         -0.0089737   0.04854302]] 
Episode: 301: [[ 0.12354036  0.09950287 -0.52193934 -0.35290548  0.05418473  0.
  -0.07221632  0.          0.00317181  0.08537401]
 [ 0.11705624  0.20895948 -0.55238014 -0.33990243  0.13726042  0.
  -0.0906027   0.         -0.01725222  0.07277827]
 [ 0.2515186   0.4497088  -0.5621662  -0.28568822  0.16416767  0.
  -0.02630585  0.         -0.03533321  0.09044742]
 [ 0.45246962  0.5986832  -0.54427934 -0.12316824  0.15080968  0.
   0.0600144   0.         -0.04325048  0.06964886]
 [ 0.21206582  0.10539366 -0.44037208 -0.17824389  0.12399284  0.
  -0.1078781   0.         -0.0089737   0.04815272]] 
Episode: 302: [[ 0.12372773  0.09960774 -0.52268445 -0.35291094  0.05411495  0.
  -0.07249053  0.          0.00317181  0.08558936]
 [ 0.11726081  0.20904192 -0.5531308  -0.33989695  0.1371798   0.
  -0.09094769  0.         -0.01725222  0.07285306]
 [ 0.25155056  0.44983122 -0.56285894 -0.2857347   0.16410749  0.
  -0.02651341  0.         -0.03533321  0.0907955 ]
 [ 0.45225978  0.5987971  -0.54492545 -0.12326138  0.15076207  0.
   0.05987751  0.         -0.04325048  0.07003084]
 [ 0.21236938  0.10534368 -0.44110548 -0.17820737  0.12387826  0.
  -0.10833193  0.         -0.0089737   0.04772471]] 
Episode: 303: [[ 0.12393869  0.09972846 -0.5234565  -0.3529263   0.05405767  0.
  -0.07284484  0.          0.00317181  0.08568695]
 [ 0.11748447  0.20913763 -0.55390584 -0.3399019   0.13711002  0.
  -0.09136663  0.         -0.01725222  0.07281543]
 [ 0.2516486   0.4499687  -0.5635853  -0.28578714  0.16405882  0.
  -0.02680592  0.         -0.03533321  0.09100695]
 [ 0.45212483  0.59892726 -0.5456061  -0.12336391  0.15072662  0.
   0.05964823  0.         -0.04325048  0.07026847]
 [ 0.21270022  0.1053005  -0.4418535  -0.17817947  0.12376799  0.
  -0.10885435  0.         -0.0089737   0.04721478]] 
Episode: 304: [[ 0.12410568  0.09985929 -0.5242301  -0.35295227  0.05396606  0.
  -0.07311467  0.          0.00317181  0.08590539]
 [ 0.11766583  0.20923842 -0.55468154 -0.33991864  0.13700414  0.
  -0.09170643  0.         -0.01725222  0.07289547]
 [ 0.25167322  0.4501176  -0.5643175  -0.2858495   0.16398287  0.
  -0.02698951  0.         -0.03533321  0.09134192]
 [ 0.4519113   0.59906787 -0.5462924  -0.12347359  0.15066782  0.
   0.05954801  0.         -0.04325048  0.07061452]
 [ 0.21297778  0.10525037 -0.44259718 -0.17816709  0.12362389  0.
  -0.10932439  0.         -0.0089737   0.04679548]] 
Episode: 305: [[ 0.12425344  0.09998047 -0.5249711  -0.3529849   0.05387761  0.
  -0.07334231  0.          0.00317181  0.08614172]
 [ 0.11782228  0.20932816 -0.5554239  -0.33994377  0.13690285  0.
  -0.09202188  0.         -0.01725222  0.0729828 ]
 [ 0.2516804   0.45025524 -0.5650131  -0.28591147  0.16390656  0.
  -0.02706434  0.         -0.03533321  0.0917258 ]
 [ 0.45169008  0.59919715 -0.5469343  -0.12357654  0.15060538  0.
   0.0595639   0.         -0.04325048  0.07104262]
 [ 0.21321264  0.1051993  -0.44330055 -0.17816503  0.12349214  0.
  -0.10980809  0.         -0.0089737   0.0463603 ]] 
Episode: 306: [[ 0.12441467  0.10009417 -0.5256819  -0.35303718  0.05377188  0.
  -0.07343919  0.          0.00317181  0.08644323]
 [ 0.11799332  0.2094066  -0.5561359  -0.3399893   0.13678528  0.
  -0.09219679  0.         -0.01725222  0.0731437 ]
 [ 0.25168782  0.450392   -0.5656825  -0.285988    0.16381414  0.
  -0.02702585  0.         -0.03533321  0.09217583]
 [ 0.45146868  0.59932864 -0.5475575  -0.12368848  0.15052631  0.
   0.05968423  0.         -0.04325048  0.07154225]
 [ 0.21346013  0.10512544 -0.44398052 -0.17817742  0.12334555  0.
  -0.11012866  0.         -0.0089737   0.04601058]] 
Episode: 307: [[ 0.12459294  0.10021976 -0.5264155  -0.35309488  0.05365693  0.
  -0.07341846  0.          0.00317181  0.08680141]
 [ 0.11818086  0.20949987 -0.5568664  -0.34004113  0.13665895  0.
  -0.0922453   0.         -0.01725222  0.07336015]
 [ 0.25170216  0.45053545 -0.56638086 -0.28606808  0.16371346  0.
  -0.0268854   0.         -0.03533321  0.09269129]
 [ 0.4512457   0.5994646  -0.5482134  -0.12380202  0.1504395   0.
   0.05989852  0.         -0.04325048  0.0721159 ]
 [ 0.21371521  0.10506824 -0.44466856 -0.17819776  0.12318972  0.
  -0.11030258  0.         -0.0089737   0.04570686]] 
Episode: 308: [[ 0.12469554  0.1003019  -0.5271337  -0.35319155  0.05355063  0.
  -0.07331523  0.          0.00317181  0.0872326 ]
 [ 0.11828603  0.20954995 -0.55758214 -0.340133    0.13654414  0.
  -0.0922384   0.         -0.01725222  0.07364139]
 [ 0.25165352  0.45064306 -0.5670639  -0.28617916  0.16361588  0.
  -0.02665324  0.         -0.03533321  0.093299  ]
 [ 0.4509823   0.59956783 -0.5488474  -0.1239415   0.15035352  0.
   0.06019732  0.         -0.04325048  0.07276344]
 [ 0.21388245  0.10497385 -0.4453397  -0.17825931  0.12305765  0.
  -0.11051053  0.         -0.0089737   0.04543224]] 
Episode: 309: [[ 0.12482529  0.10039335 -0.5278794  -0.35325542  0.05343274  0.
  -0.07311443  0.          0.00317181  0.0877509 ]
 [ 0.1184192   0.20961194 -0.5583234  -0.3401923   0.13641763  0.
  -0.09212322  0.         -0.01725222  0.07402421]
 [ 0.251604    0.45075515 -0.5677755  -0.28625956  0.16350877  0.
  -0.02633858  0.         -0.03533321  0.09398019]
 [ 0.45071226  0.59967643 -0.54951507 -0.12404542  0.15026039  0.
   0.06057213  0.         -0.04325048  0.07347722]
 [ 0.21406114  0.10489832 -0.4460361  -0.17828818  0.12291302  0.
  -0.11058304  0.         -0.0089737   0.04528494]] 
Episode: 310: [[ 0.12515515  0.10055025 -0.5287537  -0.35315043  0.05331902  0.
  -0.07304166  0.          0.00317181  0.08804031]
 [ 0.11874455  0.20974036 -0.55918247 -0.3400804   0.13629773  0.
  -0.09212853  0.         -0.01725222  0.07418208]
 [ 0.25174648  0.45090985 -0.56862    -0.28618485  0.16340072  0.
  -0.02616119  0.         -0.03533321  0.09444776]
 [ 0.45060778  0.59982574 -0.5503194  -0.1239951   0.15016598  0.
   0.06081484  0.         -0.04325048  0.07398712]
 [ 0.21437596  0.10489511 -0.44681883 -0.1781413   0.12276983  0.
  -0.110745    0.         -0.0089737   0.04500485]] 
Episode: 311: [[ 0.12547718  0.10069935 -0.5296202  -0.35306558  0.0532079   0.
  -0.07293127  0.          0.00317181  0.08833958]
 [ 0.11906625  0.20986615 -0.5600353  -0.33998865  0.1361804   0.
  -0.09209128  0.         -0.01725222  0.07434824]
 [ 0.2518777   0.45106032 -0.5694555  -0.28612778  0.16329661  0.
  -0.02594794  0.         -0.03533321  0.09492565]
 [ 0.4504972   0.59996736 -0.5511183  -0.12396053  0.15007399  0.
   0.06111652  0.         -0.04325048  0.0745049 ]
 [ 0.21470056  0.1048924  -0.44760314 -0.17800899  0.12262727  0.
  -0.11086094  0.         -0.0089737   0.04472955]] 
Episode: 312: [[ 0.12577361  0.10085548 -0.530525   -0.35301775  0.053079    0.
  -0.0728619   0.          0.00317181  0.08865171]
 [ 0.11936645  0.20999974 -0.5609283  -0.3399334   0.13604496  0.
  -0.09208523  0.         -0.01725222  0.0745258 ]
 [ 0.25198117  0.45121136 -0.57033193 -0.2861044   0.16317695  0.
  -0.02579764  0.         -0.03533321  0.09541852]
 [ 0.4503512   0.6001096  -0.55196315 -0.1239599   0.14997083  0.
   0.06134349  0.         -0.04325048  0.0750476 ]
 [ 0.21502995  0.10490257 -0.4484375  -0.17790689  0.12247097  0.
  -0.11098103  0.         -0.0089737   0.04445232]] 
Episode: 313: [[ 0.12608212  0.10103875 -0.53138965 -0.35296735  0.05295702  0.
  -0.07290769  0.          0.00317181  0.08886878]
 [ 0.11967624  0.21016257 -0.56178206 -0.33987615  0.13591497  0.
  -0.09218903  0.         -0.01725222  0.07459813]
 [ 0.25212473  0.45137587 -0.5711738  -0.2860787   0.1630653   0.
  -0.02576842  0.         -0.03533321  0.09582569]
 [ 0.4502446   0.6002573  -0.5527751  -0.12396045  0.14987713  0.
   0.06144153  0.         -0.04325048  0.07552203]
 [ 0.21537338  0.10493664 -0.44923815 -0.17780893  0.12231527  0.
  -0.11120393  0.         -0.0089737   0.04406063]] 
Episode: 314: [[ 0.1263093   0.10122529 -0.5322289  -0.35295084  0.05281378  0.
  -0.07284073  0.          0.00317181  0.08918919]
 [ 0.11991069  0.21032183 -0.5626133  -0.33985192  0.13576289  0.
  -0.09217321  0.         -0.01725222  0.07476287]
 [ 0.25215793  0.45155412 -0.57199395 -0.2860884   0.162936    0.
  -0.02563613  0.         -0.03533321  0.09633593]
 [ 0.4500259   0.60041577 -0.5535731  -0.12399713  0.14976582  0.
   0.06163589  0.         -0.04325048  0.07608036]
 [ 0.215658    0.1049435  -0.4500277  -0.17774299  0.12213922  0.
  -0.11139708  0.         -0.0089737   0.04370794]] 
Episode: 315: [[ 0.1265023   0.1014826  -0.5330476  -0.35300586  0.05267194  0.
  -0.07270385  0.          0.00317181  0.08949261]
 [ 0.12011218  0.21054927 -0.5634204  -0.33989906  0.13561286  0.
  -0.09210005  0.         -0.01725222  0.07490319]
 [ 0.2521722   0.4517808  -0.5728018  -0.28616032  0.16280515  0.
  -0.02541113  0.         -0.03533321  0.09684116]
 [ 0.44980648  0.6006081  -0.5543602  -0.12409475  0.14965245  0.
   0.06191691  0.         -0.04325048  0.07664432]
 [ 0.21591792  0.10500877 -0.45077747 -0.17774199  0.1219731   0.
  -0.11157592  0.         -0.0089737   0.04330768]] 
Episode: 316: [[ 0.12670022  0.10173033 -0.5338097  -0.35303742  0.05253967  0.
  -0.07256622  0.          0.00317181  0.08983652]
 [ 0.12031695  0.21075964 -0.56416976 -0.3399234   0.13547166  0.
  -0.09203239  0.         -0.01725222  0.07509165]
 [ 0.25218645  0.45201027 -0.5735489  -0.28620905  0.16268474  0.
  -0.02515195  0.         -0.03533321  0.09738339]
 [ 0.44959167  0.60081017 -0.5550811  -0.12416536  0.1495504   0.
   0.06227587  0.         -0.04325048  0.07725209]
 [ 0.21616824  0.10504176 -0.45146957 -0.17772211  0.12181471  0.
  -0.11175704  0.         -0.0089737   0.04296377]] 
Episode: 317: [[ 0.12688334  0.10194546 -0.53460056 -0.35308242  0.05241529  0.
  -0.07246605  0.          0.00317181  0.0901782 ]
 [ 0.12050939  0.21093923 -0.5649519  -0.33996144  0.13533685  0.
  -0.09199652  0.         -0.01725222  0.07527538]
 [ 0.25219223  0.4522132  -0.57432103 -0.2862717   0.16257365  0.
  -0.02494255  0.         -0.03533321  0.09792409]
 [ 0.44937873  0.6009906  -0.55582833 -0.12425283  0.14945638  0.
   0.06258867  0.         -0.04325048  0.07785289]
 [ 0.21641746  0.1050587  -0.45219916 -0.17771645  0.12165894  0.
  -0.11194595  0.         -0.0089737   0.04261149]] 
Episode: 318: [[ 0.1271627   0.10220306 -0.5354361  -0.3530365   0.05227513  0.
  -0.07245405  0.          0.00317181  0.09045447]
 [ 0.12079231  0.21116625 -0.5657789  -0.3399069   0.13518764  0.
  -0.09204702  0.         -0.01725222  0.07540718]
 [ 0.25227857  0.45244813 -0.5751224  -0.28625333  0.1624465   0.
  -0.0247873   0.         -0.03533321  0.09837878]
 [ 0.4492393   0.60120136 -0.5565944  -0.12425964  0.149347    0.
   0.0629008   0.         -0.04325048  0.07835871]
 [ 0.2167156   0.10511568 -0.4529758  -0.17761856  0.12148605  0.
  -0.11215875  0.         -0.0089737   0.04226344]] 
Episode: 319: [[ 0.12766689  0.10240868 -0.5364146  -0.35278463  0.0521402   0.
  -0.07255193  0.          0.00317181  0.09052597]
 [ 0.1213023   0.21133758 -0.56673735 -0.33964333  0.1350458   0.
  -0.09220221  0.         -0.01725222  0.07533911]
 [ 0.25259042  0.4526435  -0.57607883 -0.2860463   0.16232236  0.
  -0.02475404  0.         -0.03533321  0.09864221]
 [ 0.44932172  0.6013898  -0.55751884 -0.12408841  0.14924578  0.
   0.06307519  0.         -0.04325048  0.07868102]
 [ 0.21730715  0.10511673 -0.45385936 -0.17729673  0.12130776  0.
  -0.11246596  0.         -0.0089737   0.04172923]] 
Episode: 320: [[ 0.1281023   0.10258994 -0.53729767 -0.35257822  0.05201409  0.
  -0.07253135  0.          0.00317181  0.09066614]
 [ 0.12174218  0.21147645 -0.5676011  -0.3394262   0.13491021  0.
  -0.09223211  0.         -0.01725222  0.07535298]
 [ 0.2528278   0.4528297  -0.576938   -0.28588113  0.16220967  0.
  -0.02461771  0.         -0.03533321  0.09896321]
 [ 0.44933042  0.6015786  -0.5583435  -0.12395698  0.14915703  0.
   0.06333853  0.         -0.04325048  0.0790673 ]
 [ 0.21781076  0.10507465 -0.4546461  -0.17702566  0.12113272  0.
  -0.11268469  0.         -0.0089737   0.04130292]] 
Episode: 321: [[ 0.12848313  0.10272717 -0.5383415  -0.35243896  0.05187226  0.
  -0.07244102  0.          0.00317181  0.09083557]
 [ 0.12213498  0.21157634 -0.568624   -0.3392748   0.1347553   0.
  -0.09222823  0.         -0.01725222  0.07535185]
 [ 0.25302765  0.45298302 -0.57797694 -0.28578335  0.16208652  0.
  -0.02438865  0.         -0.03533321  0.09936966]
 [ 0.44929984  0.6017303  -0.5593625  -0.1239016   0.14906047  0.
   0.06368189  0.         -0.04325048  0.07954661]
 [ 0.21830924  0.10499544 -0.45557305 -0.1768165   0.12092769  0.
  -0.11296492  0.         -0.0089737   0.04073464]] 
Episode: 322: [[ 0.12877937  0.10288494 -0.5393619  -0.3523609   0.05174144  0.
  -0.07225105  0.          0.00317181  0.091089  ]
 [ 0.12244283  0.21169993 -0.56962657 -0.33918604  0.13461193  0.
  -0.09211489  0.         -0.01725222  0.07541779]
 [ 0.25313663  0.45314506 -0.5789882  -0.28573757  0.16197221  0.
  -0.02407619  0.         -0.03533321  0.09987938]
 [ 0.44919145  0.6018828  -0.56035143 -0.12389261  0.14897043  0.
   0.0640972   0.         -0.04325048  0.08010937]
 [ 0.21871701  0.10494645 -0.45648253 -0.17667201  0.12073937  0.
  -0.11313932  0.         -0.0089737   0.04017918]] 
Episode: 323: [[ 0.12922464  0.1031232  -0.54039234 -0.35217294  0.05163145  0.
  -0.07218879  0.          0.00317181  0.09116893]
 [ 0.12289862  0.21190104 -0.5706342  -0.338988    0.13449113  0.
  -0.09212273  0.         -0.01725222  0.07535661]
 [ 0.25343937  0.4533696  -0.58001363 -0.28558892  0.1618742   0.
  -0.02390137  0.         -0.03533321  0.10019286]
 [ 0.44928074  0.6020927  -0.56136286 -0.12378369  0.14889333  0.
   0.06436454  0.         -0.04325048  0.08048338]
 [ 0.21927753  0.10495134 -0.457398   -0.17642686  0.12056825  0.
  -0.11330276  0.         -0.0089737   0.03964313]] 
Episode: 324: [[ 0.12962176  0.103313   -0.54135805 -0.35203668  0.05153249  0.
  -0.07224141  0.          0.00317181  0.09123462]
 [ 0.12330416  0.21205395 -0.57158226 -0.3388415   0.13438131  0.
  -0.09223957  0.         -0.01725222  0.07529148]
 [ 0.25370434  0.45355603 -0.58097273 -0.28548482  0.16178457  0.
  -0.02385039  0.         -0.03533321  0.10047537]
 [ 0.44933712  0.60226905 -0.56230843 -0.12371481  0.14882231  0.
   0.064506    0.         -0.04325048  0.08082271]
 [ 0.2197882   0.10491699 -0.45827496 -0.17622411  0.12040988  0.
  -0.11353862  0.         -0.0089737   0.03913137]] 
Episode: 325: [[ 0.13000916  0.103513   -0.5422864  -0.35191151  0.05140514  0.
  -0.07218016  0.          0.00317181  0.09138466]
 [ 0.12369943  0.2122197  -0.5724934  -0.33870724  0.13424394  0.
  -0.09223494  0.         -0.01725222  0.07531791]
 [ 0.25394493  0.453747   -0.5818911  -0.28538543  0.16166942  0.
  -0.02369823  0.         -0.03533321  0.10083155]
 [ 0.44935903  0.60244584 -0.56321585 -0.12364198  0.14872567  0.
   0.06473961  0.         -0.04325048  0.08124046]
 [ 0.2202734   0.10489848 -0.4591242  -0.17602968  0.1202308   0.
  -0.11363449  0.         -0.0089737   0.03872361]] 
Episode: 326: [[ 0.13053313  0.10372812 -0.54319435 -0.35166773  0.05132898  0.
  -0.0722336   0.          0.00317181  0.09143624]
 [ 0.12423148  0.21240383 -0.57337755 -0.33845344  0.13415997  0.
  -0.09234047  0.         -0.01725222  0.07527798]
 [ 0.2543226   0.4539447  -0.5827861  -0.2851778   0.16159232  0.
  -0.02366757  0.         -0.03533321  0.10103617]
 [ 0.4495177   0.6026347  -0.5641009  -0.12346253  0.14866021  0.
   0.06484352  0.         -0.04325048  0.08148415]
 [ 0.2208764   0.10492092 -0.45994106 -0.17572027  0.1201017   0.
  -0.11383692  0.         -0.0089737   0.038346  ]] 
Episode: 327: [[ 0.13092142  0.10382816 -0.54418945 -0.3515473   0.05119845  0.
  -0.07239021  0.          0.00317181  0.09161083]
 [ 0.1246362   0.21246581 -0.57435036 -0.33832148  0.13401364  0.
  -0.09254507  0.         -0.01725222  0.0753146 ]
 [ 0.25455317  0.45406586 -0.5837697  -0.28508872  0.16147795  0.
  -0.02374623  0.         -0.03533321  0.10136421]
 [ 0.44953638  0.60275835 -0.56507444 -0.12340505  0.14856537  0.
   0.06483074  0.         -0.04325048  0.0818348 ]
 [ 0.2213919   0.10481792 -0.4608361  -0.1755191   0.1199039   0.
  -0.11413512  0.         -0.0089737   0.03788453]] 
Episode: 328: [[ 0.13144147  0.10395865 -0.545143   -0.35131773  0.0510691   0.
  -0.07263959  0.          0.00317181  0.09164143]
 [ 0.12517242  0.21255706 -0.575281   -0.33807674  0.13386995  0.
  -0.09283876  0.         -0.01725222  0.0752435 ]
 [ 0.25491825  0.4542093  -0.584701   -0.28490874  0.1613653   0.
  -0.02392321  0.         -0.03533321  0.10151492]
 [ 0.44967613  0.6029063  -0.5659856  -0.12326599  0.14847338  0.
   0.06471299  0.         -0.04325048  0.08201853]
 [ 0.2220173   0.10474339 -0.46169406 -0.17521206  0.11970825  0.
  -0.11449029  0.         -0.0089737   0.03745219]] 
Episode: 329: [[ 0.13193582  0.10411505 -0.5460817  -0.35109943  0.05092276  0.
  -0.07284891  0.          0.00317181  0.09171955]
 [ 0.12568778  0.2126794  -0.5761988  -0.33784392  0.13371003  0.
  -0.09309696  0.         -0.01725222  0.07520792]
 [ 0.25524962  0.45436606 -0.58562416 -0.28474033  0.16123845  0.
  -0.02404366  0.         -0.03533321  0.10173019]
 [ 0.44978443  0.6030587  -0.56690043 -0.12314013  0.14836846  0.
   0.0646797   0.         -0.04325048  0.08227275]
 [ 0.22263238  0.10470555 -0.46254808 -0.17491888  0.11950297  0.
  -0.11482348  0.         -0.0089737   0.03701186]] 
Episode: 330: [[ 0.1323341   0.10426504 -0.54700583 -0.35097378  0.05074976  0.
  -0.07301448  0.          0.00317181  0.09185757]
 [ 0.12611164  0.21280475 -0.5771075  -0.33770248  0.133524    0.
  -0.09333146  0.         -0.01725222  0.07519619]
 [ 0.25547746  0.45451412 -0.5865353  -0.28465772  0.16109125  0.
  -0.02407622  0.         -0.03533321  0.10205325]
 [ 0.4497943   0.6031963  -0.56780994 -0.1231003   0.14824961  0.
   0.06475606  0.         -0.04325048  0.08263257]
 [ 0.22318126  0.1046817  -0.46340665 -0.17470524  0.11928236  0.
  -0.11519127  0.         -0.0089737   0.03648959]] 
Episode: 331: [[ 0.13271508  0.10444185 -0.5477998  -0.3508403   0.05061992  0.
  -0.07318866  0.          0.00317181  0.0920163 ]
 [ 0.12651433  0.21296917 -0.5778886  -0.33755422  0.13338546  0.
  -0.09358604  0.         -0.01725222  0.07520006]
 [ 0.25567544  0.4546594  -0.587313   -0.28456572  0.16097249  0.
  -0.02407901  0.         -0.03533321  0.10241326]
 [ 0.44978657  0.60331756 -0.56857914 -0.12304515  0.1481503   0.
   0.06493106  0.         -0.04325048  0.08304536]
 [ 0.22367062  0.10473085 -0.46415016 -0.17449184  0.11911945  0.
  -0.1155939   0.         -0.0089737   0.03596392]] 
Episode: 332: [[ 0.13305283  0.10460699 -0.5486407  -0.35074273  0.05046915  0.
  -0.07323638  0.          0.00317181  0.09223923]
 [ 0.12687413  0.21311507 -0.57871664 -0.3374432   0.13322541  0.
  -0.09370496  0.         -0.01725222  0.07527431]
 [ 0.2558252   0.45480302 -0.5881423  -0.28450432  0.16083804  0.
  -0.02397492  0.         -0.03533321  0.10282993]
 [ 0.44972742  0.6034423  -0.56940424 -0.12301833  0.14803982  0.
   0.06519479  0.         -0.04325048  0.08351862]
 [ 0.22411661  0.10474882 -0.46493778 -0.17431596  0.11893723  0.
  -0.11587178  0.         -0.0089737   0.03550383]] 
Episode: 333: [[ 0.13356473  0.10481525 -0.54947484 -0.3504983   0.05036204  0.
  -0.07338827  0.          0.00317181  0.09229158]
 [ 0.12740229  0.2133073  -0.5795349  -0.33718154  0.13311265  0.
  -0.09392203  0.         -0.01725222  0.07520499]
 [ 0.2561322   0.4549829  -0.58894503 -0.28431123  0.16073623  0.
  -0.02398784  0.         -0.03533321  0.10306045]
 [ 0.44979915  0.60360587 -0.57018673 -0.12286183  0.1479552   0.
   0.06532585  0.         -0.04325048  0.08381281]
 [ 0.2246744   0.10481869 -0.4657036  -0.17398533  0.11880078  0.
  -0.1162383   0.         -0.0089737   0.03501502]] 
Episode: 334: [[ 0.13397679  0.10496043 -0.55027723 -0.35037684  0.05025593  0.
  -0.07353278  0.          0.00317181  0.09241445]
 [ 0.127837    0.21344331 -0.5803268  -0.33704165  0.1330003   0.
  -0.09414308  0.         -0.01725222  0.07519271]
 [ 0.25633925  0.45509818 -0.5897176  -0.2842252   0.16063488  0.
  -0.02397114  0.         -0.03533321  0.10339169]
 [ 0.4497714   0.60370165 -0.57094276 -0.12280539  0.14787014  0.
   0.06552622  0.         -0.04325048  0.08420826]
 [ 0.22518651  0.10487057 -0.46645513 -0.1737522   0.11867151  0.
  -0.11664456  0.         -0.0089737   0.03451707]] 
Episode: 335: [[ 0.13435565  0.10514294 -0.551172   -0.35027146  0.05013871  0.
  -0.07371397  0.          0.00317181  0.09257143]
 [ 0.12824161  0.21361926 -0.58121264 -0.33691758  0.13287415  0.
  -0.09439749  0.         -0.01725222  0.07520575]
 [ 0.2565125   0.4552395  -0.59058183 -0.2841545   0.16052929  0.
  -0.0240013   0.         -0.03533321  0.10376002]
 [ 0.44971555  0.6038161  -0.57178956 -0.12276371  0.14778529  0.
   0.06567786  0.         -0.04325048  0.0846398 ]
 [ 0.2256989   0.10494836 -0.4673016  -0.17353371  0.11852206  0.
  -0.11706603  0.         -0.0089737   0.03400604]] 
Episode: 336: [[ 0.13475855  0.10531798 -0.55196834 -0.350142    0.05002079  0.
  -0.07381969  0.          0.00317181  0.09268902]
 [ 0.1286622   0.213775   -0.5820003  -0.336772    0.1327468   0.
  -0.09458803  0.         -0.01725222  0.07518975]
 [ 0.25672382  0.4553801  -0.5913469  -0.2840543   0.16042168  0.
  -0.02392156  0.         -0.03533321  0.10408521]
 [ 0.4497061   0.6039392  -0.57254016 -0.12268525  0.14769652  0.
   0.06592076  0.         -0.04325048  0.08504239]
 [ 0.22618948  0.10500332 -0.46806005 -0.17330511  0.11837131  0.
  -0.11744049  0.         -0.0089737   0.03350588]] 
Episode: 337: [[ 0.1351573   0.10546388 -0.55272883 -0.34999883  0.04989124  0.
  -0.07392276  0.          0.00317181  0.09284753]
 [ 0.1290745   0.21390162 -0.58275443 -0.3366152   0.13260756  0.
  -0.09476772  0.         -0.01725222  0.07522786]
 [ 0.25692374  0.45550093 -0.5920725  -0.28393865  0.16030492  0.
  -0.02383657  0.         -0.03533321  0.1044334 ]
 [ 0.44969034  0.6040484  -0.57325244 -0.12258711  0.14759946  0.
   0.06621422  0.         -0.04325048  0.08545813]
 [ 0.22664446  0.10503422 -0.4687938  -0.17307435  0.11821008  0.
  -0.11777232  0.         -0.0089737   0.03309588]] 
Episode: 338: [[ 0.13546899  0.10555017 -0.55343646 -0.34989873  0.04975182  0.
  -0.07390591  0.          0.00317181  0.09313748]
 [ 0.12940203  0.21396492 -0.58345944 -0.3365027   0.13245824  0.
  -0.09481866  0.         -0.01725222  0.07539918]
 [ 0.25701573  0.45559248 -0.5927453  -0.28386542  0.16018523  0.
  -0.02365308  0.         -0.03533321  0.10489011]
 [ 0.4495653   0.6041352  -0.5739089  -0.12253144  0.14750166  0.
   0.06658477  0.         -0.04325048  0.08596317]
 [ 0.22701655  0.10499424 -0.46948048 -0.17289321  0.11804164  0.
  -0.11798967  0.         -0.0089737   0.03279484]] 
Episode: 339: [[ 0.13580932  0.10569542 -0.5541386  -0.34974977  0.04963098  0.
  -0.07389473  0.          0.00317181  0.09341319]
 [ 0.12974806  0.2140862  -0.5841556  -0.33634192  0.13232729  0.
  -0.09486903  0.         -0.01725222  0.07558366]
 [ 0.25712734  0.45573238 -0.5933953  -0.2837473   0.16007875  0.
  -0.02345154  0.         -0.03533321  0.10530189]
 [ 0.44947472  0.60426754 -0.57452863 -0.12242903  0.14741331  0.
   0.06702317  0.         -0.04325048  0.08640302]
 [ 0.22734785  0.10499777 -0.47013944 -0.17267233  0.1178849   0.
  -0.11816689  0.         -0.0089737   0.03259784]] 
Episode: 340: [[ 0.1360897   0.10575767 -0.55493224 -0.34967026  0.04946175  0.
  -0.07381142  0.          0.00317181  0.09375276]
 [ 0.1300342   0.21410584 -0.5849415  -0.33625105  0.1321417   0.
  -0.09486101  0.         -0.01725222  0.0758272 ]
 [ 0.25718293  0.45583275 -0.5941494  -0.28368875  0.15993829  0.
  -0.02316304  0.         -0.03533321  0.10579174]
 [ 0.4493269   0.60438097 -0.57525915 -0.12238276  0.14730231  0.
   0.06752411  0.         -0.04325048  0.08692979]
 [ 0.22763848  0.10487294 -0.47088587 -0.17251234  0.11766598  0.
  -0.11833431  0.         -0.0089737   0.03241882]] 
Episode: 341: [[ 0.13633238  0.10585884 -0.5557833  -0.34961537  0.04929549  0.
  -0.07384629  0.          0.00317181  0.09408303]
 [ 0.13028368  0.21416464 -0.5857824  -0.3361839   0.13195983  0.
  -0.09496479  0.         -0.01725222  0.07605016]
 [ 0.25721022  0.45596004 -0.5949707  -0.28365612  0.15979715  0.
  -0.0230106   0.         -0.03533321  0.10628868]
 [ 0.4491483   0.604511   -0.5760622  -0.12236734  0.14718942  0.
   0.06787053  0.         -0.04325048  0.0874807 ]
 [ 0.22790956  0.10477068 -0.47167388 -0.17237346  0.11745483  0.
  -0.1186025   0.         -0.0089737   0.0321941 ]] 
Episode: 342: [[ 0.13670912  0.10595248 -0.55659133 -0.34949347  0.04913222  0.
  -0.07398745  0.          0.00317181  0.09425389]
 [ 0.1306725   0.2142144  -0.58657855 -0.3360472   0.13178158  0.
  -0.0951691   0.         -0.01725222  0.07615267]
 [ 0.25740537  0.45608374 -0.59574753 -0.2835633   0.15966117  0.
  -0.02298055  0.         -0.03533321  0.10659112]
 [ 0.44912362  0.60464674 -0.5768226  -0.12229587  0.14708307  0.
   0.06807583  0.         -0.04325048  0.08784457]
 [ 0.22834224  0.10465976 -0.47241968 -0.172155    0.11724564  0.
  -0.11895044  0.         -0.0089737   0.03197565]] 
Episode: 343: [[ 0.13695839  0.10598631 -0.5573638  -0.34945494  0.04893431  0.
  -0.07400469  0.          0.00317181  0.09458411]
 [ 0.1309399   0.21420036 -0.587344   -0.33599535  0.1315679   0.
  -0.09524201  0.         -0.01725222  0.07641777]
 [ 0.25744918  0.45616847 -0.596488   -0.28354925  0.1594988   0.
  -0.02284643  0.         -0.03533321  0.10700652]
 [ 0.4489487   0.60475105 -0.57754874 -0.12230493  0.14695582  0.
   0.06836695  0.         -0.04325048  0.0883028 ]
 [ 0.22867379  0.10448538 -0.4731483  -0.17201969  0.11701091  0.
  -0.11919108  0.         -0.0089737   0.03184384]] 
Episode: 344: [[ 0.13723831  0.10604668 -0.5580469  -0.34938422  0.04871719  0.
  -0.0739105   0.          0.00317181  0.09493738]
 [ 0.13123386  0.21421704 -0.58802176 -0.33591378  0.13133714  0.
  -0.09519672  0.         -0.01725222  0.07670391]
 [ 0.2575273   0.45627227 -0.59713453 -0.28350237  0.15931873  0.
  -0.02261869  0.         -0.03533321  0.10744644]
 [ 0.44880128  0.6048675  -0.5781783  -0.12227854  0.14680903  0.
   0.06873527  0.         -0.04325048  0.08879206]
 [ 0.22901249  0.10434318 -0.47380465 -0.1718664   0.11676104  0.
  -0.11929331  0.         -0.0089737   0.0317323 ]] 
Episode: 345: [[ 0.13750985  0.10613703 -0.5586526  -0.34929988  0.04850117  0.
  -0.0737161   0.          0.00317181  0.09529555]
 [ 0.13151409  0.21425278 -0.58862174 -0.3358205   0.13110663  0.
  -0.09504906  0.         -0.01725222  0.07700521]
 [ 0.25760326  0.45641327 -0.59770143 -0.28344148  0.15914302  0.
  -0.02230675  0.         -0.03533321  0.10787873]
 [ 0.4486588   0.6050222  -0.578724   -0.1222375   0.14666717  0.
   0.06917304  0.         -0.04325048  0.08927134]
 [ 0.22931363  0.10418662 -0.47438502 -0.17171441  0.11650826  0.
  -0.11932719  0.         -0.0089737   0.03167472]] 
Episode: 346: [[ 0.13773642  0.10622405 -0.5592153  -0.3492402   0.04833847  0.
  -0.07343241  0.          0.00317181  0.09563448]
 [ 0.13174677  0.21428816 -0.5891772  -0.33575252  0.13092999  0.
  -0.09484822  0.         -0.01725222  0.07726669]
 [ 0.25763384  0.45655337 -0.598226   -0.2834009   0.15901284  0.
  -0.02191906  0.         -0.03533321  0.10832387]
 [ 0.44847742  0.6051747  -0.57922095 -0.12221298  0.14656359  0.
   0.06967326  0.         -0.04325048  0.08978549]
 [ 0.2295611   0.10403375 -0.47490492 -0.17159255  0.11630524  0.
  -0.1193995   0.         -0.0089737   0.03152965]] 
Episode: 347: [[ 0.13788365  0.10627644 -0.55974644 -0.34922954  0.04815829  0.
  -0.07306758  0.          0.00317181  0.09608325]
 [ 0.13190323  0.21428572 -0.58970666 -0.33573404  0.13073562  0.
  -0.09455663  0.         -0.01725222  0.07763112]
 [ 0.25757182  0.45667335 -0.5987159  -0.28340954  0.15887344  0.
  -0.02146326  0.         -0.03533321  0.10886773]
 [ 0.44819793  0.60531014 -0.5796783  -0.12224262  0.14645565  0.
   0.07022966  0.         -0.04325048  0.09037901]
 [ 0.22973947  0.103837   -0.47541285 -0.1715227   0.11608661  0.
  -0.11934669  0.         -0.0089737   0.03144496]] 
Episode: 348: [[ 0.13802151  0.10640409 -0.5602834  -0.34927526  0.0480578   0.
  -0.07284891  0.          0.00317181  0.09636649]
 [ 0.13204579  0.21437179 -0.5902397  -0.33576974  0.13062358  0.
  -0.09440516  0.         -0.01725222  0.07781513]
 [ 0.2575372   0.4568349  -0.5992235  -0.28347012  0.15879588  0.
  -0.02116009  0.         -0.03533321  0.10925562]
 [ 0.44794884  0.6054655  -0.5801612  -0.1223237   0.14640062  0.
   0.07062404  0.         -0.04325048  0.09081077]
 [ 0.22990485  0.10374645 -0.47591302 -0.17149805  0.11595178  0.
  -0.11941696  0.         -0.0089737   0.03118045]] 
Episode: 349: [[ 0.13836452  0.10655238 -0.56087327 -0.34915334  0.04794602  0.
  -0.07276169  0.          0.00317181  0.09644379]
 [ 0.13238758  0.21447334 -0.5908184  -0.33564007  0.13049938  0.
  -0.0943797   0.         -0.01725222  0.07779135]
 [ 0.25772518  0.45701444 -0.5997855  -0.28337204  0.15870704  0.
  -0.02099423  0.         -0.03533321  0.10946039]
 [ 0.44790626  0.6056448  -0.58070284 -0.12224591  0.14633383  0.
   0.07087264  0.         -0.04325048  0.09106769]
 [ 0.23023653  0.10365656 -0.4764502  -0.17132482  0.11579064  0.
  -0.11955267  0.         -0.0089737   0.03079709]] 
Episode: 350: [[ 0.13883163  0.10674748 -0.56150347 -0.3489401   0.04788375  0.
  -0.07279271  0.          0.00317181  0.09651516]
 [ 0.13285066  0.21462698 -0.5914327  -0.3354166   0.13042952  0.
  -0.09446757  0.         -0.01725222  0.07784314]
 [ 0.2580501   0.4572246  -0.60038185 -0.28319684  0.15865213  0.
  -0.02095188  0.         -0.03533321  0.10954402]
 [ 0.44799918  0.60586196 -0.5812719  -0.12209854  0.14629853  0.
   0.07099011  0.         -0.04325048  0.0911676 ]
 [ 0.23067777  0.10362923 -0.47701508 -0.17105831  0.11568791  0.
  -0.11971947  0.         -0.0089737   0.03068073]] 
Episode: 351: [[ 0.13929133  0.10691997 -0.5621067  -0.34869903  0.04786748  0.
  -0.07293006  0.          0.00317181  0.09659641]
 [ 0.13330193  0.21475159 -0.5920184  -0.33516672  0.13040769  0.
  -0.09465383  0.         -0.01725222  0.07792602]
 [ 0.25835878  0.4574239  -0.6009482  -0.28299275  0.15863103  0.
  -0.02102065  0.         -0.03533321  0.10961661]
 [ 0.4480896   0.6060764  -0.58180904 -0.12191708  0.14628913  0.
   0.07103419  0.         -0.04325048  0.09124805]
 [ 0.231077    0.1035607  -0.47754404 -0.17077059  0.11563051  0.
  -0.11990556  0.         -0.0089737   0.03066065]] 
Episode: 352: [[ 0.13969441  0.10705301 -0.5627097  -0.34851974  0.0478075   0.
  -0.07294422  0.          0.00317181  0.09672488]
 [ 0.13370816  0.21483497 -0.5926097  -0.3349777   0.13034156  0.
  -0.0947107   0.         -0.01725222  0.07802919]
 [ 0.25860348  0.45759025 -0.60151345 -0.28285038  0.1585746   0.
  -0.02097569  0.         -0.03533321  0.10977285]
 [ 0.4481195   0.6062635  -0.58234686 -0.12180269  0.14625008  0.
   0.07118016  0.         -0.04325048  0.09143203]
 [ 0.23147944  0.10345875 -0.47810256 -0.17053717  0.11553548  0.
  -0.1200237   0.         -0.0089737   0.03057493]] 
Episode: 353: [[ 0.14004402  0.10718688 -0.56329656 -0.3483604   0.04773489  0.
  -0.07291093  0.          0.00317181  0.0969563 ]
 [ 0.13407019  0.21491905 -0.5931868  -0.3348084   0.13026148  0.
  -0.09471931  0.         -0.01725222  0.07822466]
 [ 0.25876537  0.45775396 -0.6020608  -0.28272775  0.15851083  0.
  -0.02088562  0.         -0.03533321  0.11005439]
 [ 0.44805852  0.6064494  -0.58286744 -0.12170646  0.14620654  0.
   0.07138003  0.         -0.04325048  0.09172845]
 [ 0.23186418  0.10336449 -0.4786567  -0.1703192   0.11542685  0.
  -0.12010304  0.         -0.0089737   0.03052761]] 
Episode: 354: [[ 0.14041191  0.10731883 -0.563854   -0.34816864  0.04769424  0.
  -0.07296129  0.          0.00317181  0.09716661]
 [ 0.13444294  0.21500492 -0.5937327  -0.33460733  0.1302149   0.
  -0.09481516  0.         -0.01725222  0.07840102]
 [ 0.25894907  0.45790893 -0.60257566 -0.2825719   0.1584688   0.
  -0.02085186  0.         -0.03533321  0.11031684]
 [ 0.44803405  0.6066268  -0.5833511  -0.12157138  0.1461783   0.
   0.07157741  0.         -0.04325048  0.09200738]
 [ 0.23221925  0.1032897  -0.47917455 -0.17007495  0.11535235  0.
  -0.12024809  0.         -0.0089737   0.03048274]] 
Episode: 355: [[ 0.1407613   0.10743797 -0.5643682  -0.34800246  0.04763424  0.
  -0.07289701  0.          0.00317181  0.09742147]
 [ 0.1347969   0.21508066 -0.59423757 -0.33443293  0.13014947  0.
  -0.09479054  0.         -0.01725222  0.07862578]
 [ 0.2591075   0.45805702 -0.6030484  -0.28243572  0.15841189  0.
  -0.02071439  0.         -0.03533321  0.11062355]
 [ 0.4479816   0.60679847 -0.583796   -0.12144998  0.14613745  0.
   0.07186158  0.         -0.04325048  0.09233733]
 [ 0.23255038  0.10320684 -0.47965991 -0.16985513  0.11526327  0.
  -0.12025999  0.         -0.0089737   0.03049228]] 
Episode: 356: [[ 0.14111115  0.10756122 -0.56485    -0.34782556  0.04755214  0.
  -0.07278243  0.          0.00317181  0.09769205]
 [ 0.1351499   0.21515651 -0.59471124 -0.33424938  0.13005969  0.
  -0.09471633  0.         -0.01725222  0.07886767]
 [ 0.25926667  0.45821783 -0.60348743 -0.28228945  0.15834188  0.
  -0.02051469  0.         -0.03533321  0.11094371]
 [ 0.44793692  0.60698044 -0.584207   -0.12131728  0.14608651  0.
   0.07222381  0.         -0.04325048  0.09267573]
 [ 0.23286895  0.10310453 -0.4801178  -0.16963719  0.11514669  0.
  -0.12023624  0.         -0.0089737   0.03051863]] 
Episode: 357: [[ 0.14145294  0.10766605 -0.5653305  -0.34763122  0.04748381  0.
  -0.07261295  0.          0.00317181  0.0979805 ]
 [ 0.1354962   0.21521549 -0.5951846  -0.33405024  0.12998252  0.
  -0.09458815  0.         -0.01725222  0.0791296 ]
 [ 0.25941908  0.45836714 -0.6039273  -0.28213185  0.15828736  0.
  -0.02025808  0.         -0.03533321  0.11127599]
 [ 0.44788074  0.6071509  -0.5846236  -0.121181    0.14605081  0.
   0.07261333  0.         -0.04325048  0.09302122]
 [ 0.23318599  0.10298265 -0.48058155 -0.16941683  0.11503273  0.
  -0.12017322  0.         -0.0089737   0.03056349]] 
Episode: 358: [[ 0.14170718  0.10774318 -0.5657778  -0.3475269   0.04743433  0.
  -0.07257024  0.          0.00317181  0.0983083 ]
 [ 0.13576967  0.21525499 -0.59563106 -0.33393866  0.12992026  0.
  -0.09458388  0.         -0.01725222  0.07939593]
 [ 0.25945795  0.45849273 -0.6043214  -0.2820636   0.1582561   0.
  -0.0201344   0.         -0.03533321  0.11169574]
 [ 0.44770005  0.6072886  -0.58498675 -0.12113845  0.1460356   0.
   0.07285719  0.         -0.04325048  0.09346332]
 [ 0.23349221  0.1028645  -0.481037   -0.16926187  0.11492492  0.
  -0.12023533  0.         -0.0089737   0.03050692]] 
Episode: 359: [[ 0.1419745   0.10783454 -0.56621534 -0.34743032  0.04737988  0.
  -0.07249828  0.          0.00317181  0.09863745]
 [ 0.13605602  0.21530905 -0.5960677  -0.3338354   0.1298534   0.
  -0.09453893  0.         -0.01725222  0.07966766]
 [ 0.25950637  0.4586222  -0.6047056  -0.2819981   0.15821908  0.
  -0.01999515  0.         -0.03533321  0.11210971]
 [ 0.44753435  0.60742706 -0.58534294 -0.12109322  0.14601447  0.
   0.07313042  0.         -0.04325048  0.09389147]
 [ 0.23380703  0.10277402 -0.48148486 -0.16911247  0.11481763  0.
  -0.12023415  0.         -0.0089737   0.0304702 ]] 
Episode: 360: [[ 0.14243075  0.10778624 -0.56678486 -0.34723338  0.04727124  0.
  -0.07254343  0.          0.00317181  0.09875451]
 [ 0.13654482  0.21520059 -0.59662694 -0.3336269   0.12972648  0.
  -0.09460966  0.         -0.01725222  0.079721  ]
 [ 0.25978336  0.45867476 -0.60524267 -0.28184438  0.15814792  0.
  -0.01997721  0.         -0.03533321  0.11233727]
 [ 0.44757745  0.60752153 -0.5858719  -0.12097058  0.14596926  0.
   0.07326955  0.         -0.04325048  0.09414475]
 [ 0.23438878  0.10249157 -0.48202637 -0.16884314  0.11462802  0.
  -0.12029271  0.         -0.0089737   0.03031129]] 
Episode: 361: [[ 0.14282319  0.10776968 -0.56739026 -0.34706256  0.04717411  0.
  -0.07260972  0.          0.00317181  0.09893125]
 [ 0.13696697  0.21512328 -0.5972164  -0.3334458   0.12961112  0.
  -0.09470685  0.         -0.01725222  0.07983254]
 [ 0.2599922   0.458743   -0.6058298  -0.28171563  0.15808266  0.
  -0.01997141  0.         -0.03533321  0.11263322]
 [ 0.4475539   0.6076254  -0.58645445 -0.12087295  0.14593025  0.
   0.07341468  0.         -0.04325048  0.09448237]
 [ 0.23489486  0.10223719 -0.48257136 -0.16860524  0.11445386  0.
  -0.12039197  0.         -0.0089737   0.03019066]] 
Episode: 362: [[ 0.14304931  0.10772423 -0.5679652  -0.34696636  0.04710187  0.
  -0.07276706  0.          0.00317181  0.09922721]
 [ 0.13722555  0.21500345 -0.59777987 -0.33333996  0.1295164   0.
  -0.09490557  0.         -0.01725222  0.08003763]
 [ 0.2600195   0.45880425 -0.60638505 -0.2816544   0.15804207  0.
  -0.02002161  0.         -0.03533321  0.11304322]
 [ 0.4473693   0.6077253  -0.5870009  -0.12083883  0.14591031  0.
   0.07358496  0.         -0.04325048  0.09491725]
 [ 0.23526828  0.10190527 -0.48309872 -0.16843489  0.11428901  0.
  -0.12060039  0.         -0.0089737   0.03006177]] 
Episode: 363: [[ 0.14329898  0.1076602  -0.56847316 -0.34684193  0.04704211  0.
  -0.07298252  0.          0.00317181  0.09950732]
 [ 0.13749062  0.21487054 -0.5982818  -0.33320713  0.12943248  0.
  -0.09518372  0.         -0.01725222  0.08021632]
 [ 0.26009047  0.4588297  -0.6068629  -0.28156495  0.15801224  0.
  -0.02007295  0.         -0.03533321  0.11346719]
 [ 0.44723314  0.6077902  -0.5874587  -0.12077516  0.1459008   0.
   0.07381912  0.         -0.04325048  0.09538967]
 [ 0.23559666  0.10162057 -0.4835784  -0.16825415  0.11413653  0.
  -0.12090688  0.         -0.0089737   0.02986945]] 
Episode: 364: [[ 0.14354947  0.10760819 -0.5690256  -0.34672412  0.04694188  0.
  -0.07309542  0.          0.00317181  0.09980368]
 [ 0.13775171  0.21475175 -0.598828   -0.33308208  0.12931037  0.
  -0.09536647  0.         -0.01725222  0.08041477]
 [ 0.26016387  0.45886368 -0.60738456 -0.2814778   0.15794353  0.
  -0.02001133  0.         -0.03533321  0.11390381]
 [ 0.4471014   0.6078663  -0.5879569  -0.12070978  0.14585577  0.
   0.0741369   0.         -0.04325048  0.09587476]
 [ 0.2359024   0.10134878 -0.48409793 -0.16808209  0.11395845  0.
  -0.12115548  0.         -0.0089737   0.02970257]] 
Episode: 365: [[ 0.1437706   0.10753696 -0.5695391  -0.34661162  0.04681797  0.
  -0.07323344  0.          0.00317181  0.1001487 ]
 [ 0.13798438  0.2146148  -0.5993388  -0.33296236  0.12916455  0.
  -0.09557178  0.         -0.01725222  0.08066519]
 [ 0.26020074  0.45888266 -0.6078604  -0.28139567  0.15785427  0.
  -0.01997818  0.         -0.03533321  0.11438692]
 [ 0.44693998  0.60793096 -0.588406   -0.12064784  0.14579149  0.
   0.07444961  0.         -0.04325048  0.09640916]
 [ 0.23617664  0.1010645  -0.48459792 -0.1679155   0.11376184  0.
  -0.12141796  0.         -0.0089737   0.02958378]] 
Episode: 366: [[ 0.14391243  0.10740104 -0.5700199  -0.34653258  0.0466988   0.
  -0.07346795  0.          0.00317181  0.10054745]
 [ 0.1381395   0.21441144 -0.59982353 -0.3328756   0.12901908  0.
  -0.09586798  0.         -0.01725222  0.08097057]
 [ 0.2601333   0.45886692 -0.6082934  -0.2813498   0.15777852  0.
  -0.0200563   0.         -0.03533321  0.11493448]
 [ 0.44667593  0.60796857 -0.588803   -0.12062271  0.14574562  0.
   0.07462377  0.         -0.04325048  0.09701928]
 [ 0.23637342  0.10070712 -0.48509797 -0.16778456  0.11355437  0.
  -0.12177335  0.         -0.0089737   0.02951028]] 
Episode: 367: [[ 0.14396405  0.10729593 -0.5705033  -0.34650862  0.04659649  0.
  -0.07356864  0.          0.00317181  0.10101734]
 [ 0.13820454  0.21424726 -0.6003163  -0.33284467  0.12889405  0.
  -0.096023    0.         -0.01725222  0.08134969]
 [ 0.25997266  0.4588554  -0.6087223  -0.28135207  0.15770951  0.
  -0.02001868  0.         -0.03533321  0.1155488 ]
 [ 0.44633037  0.608      -0.5891887  -0.12064116  0.14570153  0.
   0.07488766  0.         -0.04325048  0.09769905]
 [ 0.23649482  0.10040464 -0.48562297 -0.16770753  0.11337673  0.
  -0.12203565  0.         -0.0089737   0.02947893]] 
Episode: 368: [[ 0.1440542   0.10722148 -0.571003   -0.34644544  0.04648087  0.
  -0.07363454  0.          0.00317181  0.10147477]
 [ 0.13830134  0.21409944 -0.60082    -0.33277726  0.1287535   0.
  -0.09613317  0.         -0.01725222  0.08173659]
 [ 0.2598613   0.45887762 -0.60916835 -0.28131196  0.15762998  0.
  -0.01993597  0.         -0.03533321  0.11612291]
 [ 0.44604146  0.6080688  -0.5895863  -0.12061445  0.14564908  0.
   0.07521316  0.         -0.04325048  0.09832808]
 [ 0.23662037  0.10008136 -0.48614216 -0.16760288  0.11317656  0.
  -0.12221957  0.         -0.0089737   0.02951113]] 
Episode: 369: [[ 0.14430815  0.10721179 -0.5715501  -0.3462856   0.04635974  0.
  -0.07380425  0.          0.00317181  0.10176922]
 [ 0.13856332  0.21401821 -0.601369   -0.3326113   0.12860836  0.
  -0.09634386  0.         -0.01725222  0.08196988]
 [ 0.25992927  0.45894587 -0.6096586  -0.28118616  0.15754479  0.
  -0.01996957  0.         -0.03533321  0.11651398]
 [ 0.44592077  0.6081724  -0.59003115 -0.12050913  0.14559105  0.
   0.07539883  0.         -0.04325048  0.09876955]
 [ 0.2369046   0.09980284 -0.48670676 -0.16740043  0.11296665  0.
  -0.12246642  0.         -0.0089737   0.02946848]] 
Episode: 370: [[ 0.14453176  0.1071995  -0.5721292  -0.34617248  0.04627083  0.
  -0.07406733  0.          0.00317181  0.10197624]
 [ 0.13879617  0.21394329 -0.6019552  -0.33249077  0.12849654  0.
  -0.09664494  0.         -0.01725222  0.08207043]
 [ 0.2599818   0.45900127 -0.61018497 -0.2811051   0.15748507  0.
  -0.02010216  0.         -0.03533321  0.11688106]
 [ 0.44577807  0.6082526  -0.5905187  -0.12045206  0.14555451  0.
   0.07552687  0.         -0.04325048  0.09922309]
 [ 0.23718569  0.09955344 -0.4873164  -0.1672392   0.11279444  0.
  -0.12280799  0.         -0.0089737   0.02920082]] 
Episode: 371: [[ 0.14463735  0.10716626 -0.5726981  -0.34611848  0.04618714  0.
  -0.07419367  0.          0.00317181  0.10227659]
 [ 0.13891815  0.21385501 -0.60253334 -0.33242974  0.12838599  0.
  -0.09682025  0.         -0.01725222  0.08223779]
 [ 0.25989768  0.45903036 -0.61070323 -0.2810845   0.1574363   0.
  -0.02011348  0.         -0.03533321  0.11735523]
 [ 0.44550148  0.6082962  -0.59099835 -0.12046154  0.14553022  0.
   0.07574941  0.         -0.04325048  0.09976219]
 [ 0.23738359  0.09930599 -0.48791805 -0.16713725  0.11261103  0.
  -0.12314595  0.         -0.0089737   0.02889862]] 
Episode: 372: [[ 0.14471102  0.10713897 -0.57330567 -0.34614208  0.04608857  0.
  -0.0742184   0.          0.00317181  0.10252751]
 [ 0.13901189  0.21377108 -0.6031449  -0.33244422  0.12826169  0.
  -0.09691983  0.         -0.01725222  0.08234231]
 [ 0.25979894  0.4590564  -0.61127305 -0.2811356   0.15737219  0.
  -0.02001571  0.         -0.03533321  0.11779897]
 [ 0.44520614  0.60833544 -0.59153676 -0.12054221  0.14549097  0.
   0.07605695  0.         -0.04325048  0.10028537]
 [ 0.23758069  0.09906575 -0.48852313 -0.16709527  0.11242705  0.
  -0.12349997  0.         -0.0089737   0.02850453]] 
Episode: 373: [[ 0.14485487  0.10713167 -0.5739857  -0.34610185  0.04596991  0.
  -0.07422487  0.          0.00317181  0.10275745]
 [ 0.13917366  0.21369416 -0.6038228  -0.33239537  0.12811446  0.
  -0.09698819  0.         -0.01725222  0.08245619]
 [ 0.25976217  0.4591157  -0.61191994 -0.2811252   0.15729289  0.
  -0.01989975  0.         -0.03533321  0.11818169]
 [ 0.44497016  0.60841817 -0.5921507  -0.12055718  0.14544068  0.
   0.07638147  0.         -0.04325048  0.10073199]
 [ 0.23783062  0.09878578 -0.48917478 -0.16699453  0.11220396  0.
  -0.12376598  0.         -0.0089737   0.0282046 ]] 
Episode: 374: [[ 0.1451188   0.10710191 -0.5746368  -0.34596416  0.04582352  0.
  -0.07434121  0.          0.00317181  0.10288475]
 [ 0.13944891  0.2135933  -0.6044698  -0.3322478   0.12794131  0.
  -0.09716149  0.         -0.01725222  0.08248734]
 [ 0.2598549   0.45916224 -0.6125323  -0.28102872  0.1571891   0.
  -0.0199035   0.         -0.03533321  0.11843943]
 [ 0.4448548   0.60849434 -0.5927255  -0.12049046  0.14536658  0.
   0.07656607  0.         -0.04325048  0.10104971]
 [ 0.23814829  0.09848083 -0.48978877 -0.1668057   0.11196272  0.
  -0.12412518  0.         -0.0089737   0.02790572]] 
Episode: 375: [[ 0.14535788  0.10705014 -0.5752508  -0.34583458  0.04568988  0.
  -0.07444673  0.          0.00317181  0.10304509]
 [ 0.13969134  0.21347293 -0.60508054 -0.3321085   0.1277846   0.
  -0.09733666  0.         -0.01725222  0.0825582 ]
 [ 0.25994325  0.45918557 -0.6131076  -0.28093848  0.1570909   0.
  -0.0198677   0.         -0.03533321  0.1187288 ]
 [ 0.44474402  0.6085467  -0.5932634  -0.1204285   0.14529383  0.
   0.07680749  0.         -0.04325048  0.10140671]
 [ 0.23841526  0.09818158 -0.49036995 -0.16662845  0.11174932  0.
  -0.1245148   0.         -0.0089737   0.02763848]] 
Episode: 376: [[ 0.14559245  0.10700268 -0.57591015 -0.3456824   0.04553161  0.
  -0.07452824  0.          0.00317181  0.10325111]
 [ 0.13993002  0.21335919 -0.60573596 -0.33194774  0.12760302  0.
  -0.09748948  0.         -0.01725222  0.08267299]
 [ 0.26002815  0.4592127  -0.613731   -0.280831    0.1569737   0.
  -0.01981157  0.         -0.03533321  0.11906459]
 [ 0.44463047  0.60860145 -0.59385645 -0.12035431  0.14520468  0.
   0.0770484   0.         -0.04325048  0.10181437]
 [ 0.23868522  0.09788998 -0.49098733 -0.16644213  0.11151285  0.
  -0.12488247  0.         -0.0089737   0.02739113]] 
Episode: 377: [[ 0.14576747  0.10698211 -0.5764883  -0.34556836  0.04537553  0.
  -0.07461432  0.          0.00317181  0.1035368 ]
 [ 0.14010471  0.21326753 -0.60630727 -0.33182672  0.12742572  0.
  -0.09764992  0.         -0.01725222  0.08288129]
 [ 0.26005164  0.45925644 -0.61427414 -0.28075457  0.15685536  0.
  -0.01974586  0.         -0.03533321  0.1194752 ]
 [ 0.44446868  0.60866815 -0.59436595 -0.12030479  0.14511268  0.
   0.07733678  0.         -0.04325048  0.10230107]
 [ 0.2388758   0.09761123 -0.49150938 -0.16629359  0.1112932   0.
  -0.12525907  0.         -0.0089737   0.02725117]] 
Episode: 378: [[ 0.14595145  0.10693351 -0.5771087  -0.34546965  0.04522955  0.
  -0.07475384  0.          0.00317181  0.10378433]
 [ 0.14028817  0.21315745 -0.60691965 -0.3317209   0.1272595   0.
  -0.09786184  0.         -0.01725222  0.08303787]
 [ 0.26009643  0.4592683  -0.61486775 -0.28069156  0.15674119  0.
  -0.01974401  0.         -0.03533321  0.11986043]
 [ 0.44433257  0.6087049  -0.59493107 -0.12027032  0.14502302  0.
   0.07754064  0.         -0.04325048  0.10276356]
 [ 0.23909098  0.09734512 -0.49207357 -0.16615836  0.11108495  0.
  -0.12566662  0.         -0.0089737   0.02702912]] 
Episode: 379: [[ 0.1460533   0.10697378 -0.5777922  -0.34544387  0.04505459  0.
  -0.07476845  0.          0.00317181  0.10409516]
 [ 0.14039637  0.21313597 -0.6075963  -0.3316879   0.12706466  0.
  -0.09796268  0.         -0.01725222  0.08323108]
 [ 0.2600422   0.45934603 -0.61553186 -0.28069687  0.15660454  0.
  -0.0196337   0.         -0.03533321  0.12033863]
 [ 0.4441066   0.60879356 -0.59556854 -0.12030341  0.1449165   0.
   0.07783189  0.         -0.04325048  0.10331126]
 [ 0.23925999  0.09713102 -0.49269366 -0.16608705  0.11086277  0.
  -0.12602939  0.         -0.0089737   0.02676586]] 
Episode: 380: [[ 0.14611703  0.10700952 -0.57846063 -0.34545454  0.04487864  0.
  -0.07478455  0.          0.00317181  0.10444139]
 [ 0.14047348  0.21311182 -0.60825986 -0.33169085  0.12686792  0.
  -0.09806144  0.         -0.01725222  0.0834508 ]
 [ 0.25993806  0.4594169  -0.6161844  -0.28073817  0.15646628  0.
  -0.01953565  0.         -0.03533321  0.12086114]
 [ 0.44383866  0.6088742  -0.5961968  -0.12037424  0.14480846  0.
   0.0781128   0.         -0.04325048  0.10389762]
 [ 0.23942311  0.09691504 -0.49330786 -0.16604497  0.11063413  0.
  -0.12637837  0.         -0.0089737   0.02649439]] 
Episode: 381: [[ 0.14618531  0.10702155 -0.5791688  -0.3454504   0.04471081  0.
  -0.07491028  0.          0.00317181  0.10481787]
 [ 0.14055529  0.21306522 -0.6089634  -0.33167848  0.12667774  0.
  -0.09826287  0.         -0.01725222  0.08371396]
 [ 0.25983003  0.45947438 -0.61687404 -0.28076676  0.15633728  0.
  -0.01955623  0.         -0.03533321  0.1213959 ]
 [ 0.44356602  0.60894847 -0.5968618  -0.12043159  0.14470996  0.
   0.07825758  0.         -0.04325048  0.10448866]
 [ 0.23958573  0.09668155 -0.49395975 -0.16598709  0.11040372  0.
  -0.12676474  0.         -0.0089737   0.02629001]] 
Episode: 382: [[ 0.14644025  0.10709472 -0.5798839  -0.34534553  0.04452343  0.
  -0.07513461  0.          0.00317181  0.10512322]
 [ 0.1408248   0.21307155 -0.60966754 -0.33156645  0.12646545  0.
  -0.09855661  0.         -0.01725222  0.08395945]
 [ 0.2599554   0.45958942 -0.6175736  -0.28070334  0.15619911  0.
  -0.0196835   0.         -0.03533321  0.12175345]
 [ 0.4435155   0.6090824  -0.59754634 -0.12040654  0.14460899  0.
   0.07827993  0.         -0.04325048  0.10488803]
 [ 0.23994239  0.09646425 -0.4946102  -0.16584027  0.11014236  0.
  -0.12705345  0.         -0.0089737   0.02622811]] 
Episode: 383: [[ 0.14686334  0.10720413 -0.58058506 -0.34509304  0.04439431  0.
  -0.0754476   0.          0.00317181  0.10526553]
 [ 0.14125715  0.21312632 -0.61035484 -0.3313021   0.12631986  0.
  -0.09893335  0.         -0.01725222  0.08404833]
 [ 0.26022026  0.45971915 -0.6182367  -0.28051102  0.15609448  0.
  -0.01990673  0.         -0.03533321  0.12195073]
 [ 0.44358072  0.60922164 -0.59818053 -0.12026011  0.14452715  0.
   0.07819214  0.         -0.04325048  0.10513341]
 [ 0.24040039  0.09633528 -0.49523443 -0.16553794  0.10995357  0.
  -0.1274341   0.         -0.0089737   0.02607533]] 
Episode: 384: [[ 0.14725453  0.10732454 -0.5812817  -0.34487465  0.04423824  0.
  -0.07566201  0.          0.00317181  0.10542065]
 [ 0.1416547   0.21318637 -0.6110376  -0.3310731   0.12614666  0.
  -0.09921153  0.         -0.01725222  0.08415852]
 [ 0.2604527   0.45986366 -0.6188937  -0.28034312  0.15596777  0.
  -0.02000689  0.         -0.03533321  0.12215655]
 [ 0.4436215   0.60937697 -0.5988057  -0.12012958  0.14442602  0.
   0.07822102  0.         -0.04325048  0.10538798]
 [ 0.24080938  0.09619925 -0.49585274 -0.16526695  0.10974259  0.
  -0.12774093  0.         -0.0089737   0.02596358]] 
Episode: 385: [[ 0.14764579  0.10747907 -0.5819289  -0.34461394  0.04412821  0.
  -0.07591943  0.          0.00317181  0.10557195]
 [ 0.14204444  0.21326442 -0.6116703  -0.33080456  0.12601843  0.
  -0.09952078  0.         -0.01725222  0.08427923]
 [ 0.26069227  0.46005493 -0.6194983  -0.2801332   0.15587953  0.
  -0.02015781  0.         -0.03533321  0.12234185]
 [ 0.4436823   0.60958296 -0.5993763  -0.11995525  0.14435814  0.
   0.07820433  0.         -0.04325048  0.10561319]
 [ 0.24117756  0.09602516 -0.49641678 -0.16497535  0.10956009  0.
  -0.1280336   0.         -0.0089737   0.02591161]] 
Episode: 386: [[ 0.14801449  0.10768224 -0.58260214 -0.34443235  0.04405627  0.
  -0.07622567  0.          0.00317181  0.10561735]
 [ 0.14241502  0.21339533 -0.6123314  -0.3306143   0.12593009  0.
  -0.09987798  0.         -0.01725222  0.0842628 ]
 [ 0.26092273  0.46027052 -0.6201319  -0.2799908   0.15581769  0.
  -0.02036969  0.         -0.03533321  0.12246124]
 [ 0.44374177  0.60980165 -0.59997755 -0.11984352  0.14431171  0.
   0.07812811  0.         -0.04325048  0.10578728]
 [ 0.24155739  0.09590874 -0.49701738 -0.16474627  0.10941907  0.
  -0.12838069  0.         -0.0089737   0.02566166]] 
Episode: 387: [[ 0.14834972  0.10792805 -0.58330363 -0.344275    0.0439675   0.
  -0.0764967   0.          0.00317181  0.10572366]
 [ 0.14275709  0.21357465 -0.6130206  -0.33044693  0.12582432  0.
  -0.10019203  0.         -0.01725222  0.0843051 ]
 [ 0.26110587  0.46051407 -0.62079406 -0.27987334  0.15574189  0.
  -0.02057403  0.         -0.03533321  0.12263732]
 [ 0.4437532   0.6100378  -0.60060924 -0.11975528  0.14425205  0.
   0.07803957  0.         -0.04325048  0.10600789]
 [ 0.24192728  0.09583399 -0.49764496 -0.16453174  0.10925929  0.
  -0.12867896  0.         -0.0089737   0.02544868]] 
Episode: 388: [[ 0.14869133  0.10819318 -0.58395016 -0.344086    0.04392602  0.
  -0.07681578  0.          0.00317181  0.10580682]
 [ 0.1430976   0.21377319 -0.61365    -0.3302511   0.1257668   0.
  -0.10054405  0.         -0.01725222  0.08433791]
 [ 0.26130468  0.460776   -0.62140733 -0.27972493  0.15570465  0.
  -0.02083424  0.         -0.03533321  0.12277601]
 [ 0.44379508  0.6102914  -0.60119516 -0.11963524  0.14422493  0.
   0.07789697  0.         -0.04325048  0.10618345]
 [ 0.24225807  0.09576334 -0.49819782 -0.16430865  0.10913917  0.
  -0.12897384  0.         -0.0089737   0.02527999]] 
Episode: 389: [[ 0.1489778   0.10841914 -0.5845865  -0.34389153  0.04390965  0.
  -0.07721449  0.          0.00317181  0.10593544]
 [ 0.14338383  0.21393135 -0.61427385 -0.3300461   0.12573595  0.
  -0.10097373  0.         -0.01725222  0.08442605]
 [ 0.26145393  0.46101713 -0.6220093  -0.27958146  0.15568869  0.
  -0.02117747  0.         -0.03533321  0.12294554]
 [ 0.44379318  0.61053705 -0.6017701  -0.1195272   0.14421637  0.
   0.07766031  0.         -0.04325048  0.10638426]
 [ 0.24254607  0.09565309 -0.49876407 -0.16407904  0.10904777  0.
  -0.12936072  0.         -0.0089737   0.02517167]] 
Episode: 390: [[ 0.14919315  0.10863478 -0.58519024 -0.34373325  0.04384417  0.
  -0.07751051  0.          0.00317181  0.10609727]
 [ 0.14359416  0.21408083 -0.61486846 -0.32988018  0.12565452  0.
  -0.1013428   0.         -0.01725222  0.08450738]
 [ 0.26154026  0.46124312 -0.62258464 -0.27946714  0.15563372  0.
  -0.02137721  0.         -0.03533321  0.12320954]
 [ 0.44373953  0.61076176 -0.6023218  -0.11944509  0.14417295  0.
   0.07755569  0.         -0.04325048  0.10669756]
 [ 0.24275267  0.09554113 -0.49930924 -0.16390024  0.10891444  0.
  -0.12981792  0.         -0.0089737   0.02494339]] 
Episode: 391: [[ 0.14934988  0.10881748 -0.5857737  -0.34362143  0.04377067  0.
  -0.07775206  0.          0.00317181  0.10633704]
 [ 0.143753    0.21419294 -0.61544704 -0.32975897  0.12556028  0.
  -0.10165881  0.         -0.01725222  0.08466436]
 [ 0.26155284  0.46144795 -0.6231353  -0.27939993  0.15558061  0.
  -0.02153476  0.         -0.03533321  0.12355293]
 [ 0.4436081   0.6109682  -0.60284454 -0.11941066  0.14413811  0.
   0.0774713   0.         -0.04325048  0.10708766]
 [ 0.24294156  0.09538589 -0.49985188 -0.16375363  0.10875954  0.
  -0.13024715  0.         -0.0089737   0.02475107]] 
Episode: 392: [[ 0.14947912  0.10892807 -0.58637583 -0.34352756  0.04365332  0.
  -0.07804155  0.          0.00317181  0.10663449]
 [ 0.14388573  0.21422385 -0.61604744 -0.3296551   0.12541841  0.
  -0.10200784  0.         -0.01725222  0.08489607]
 [ 0.26152372  0.46161366 -0.62370265 -0.27934772  0.15549488  0.
  -0.02176714  0.         -0.03533321  0.12392945]
 [ 0.44345042  0.6111526  -0.60338026 -0.11938477  0.14407818  0.
   0.07733528  0.         -0.04325048  0.10748286]
 [ 0.24311382  0.09512588 -0.5004257  -0.16361931  0.10855056  0.
  -0.13066271  0.         -0.0089737   0.02465862]] 
Episode: 393: [[ 0.14965378  0.10907294 -0.58696955 -0.34338483  0.04354715  0.
  -0.07831071  0.          0.00317181  0.10691019]
 [ 0.14405836  0.21428467 -0.6166381  -0.32950544  0.12528735  0.
  -0.10232937  0.         -0.01725222  0.08511721]
 [ 0.26154137  0.46181145 -0.624258   -0.2792418   0.15541942  0.
  -0.02195339  0.         -0.03533321  0.12427695]
 [ 0.44334576  0.6113677  -0.6039066  -0.11929833  0.14402623  0.
   0.07729419  0.         -0.04325048  0.10784751]
 [ 0.24329823  0.094878   -0.50099367 -0.16344652  0.10834401  0.
  -0.13101743  0.         -0.0089737   0.0245983 ]] 
Episode: 394: [[ 0.14982589  0.10922839 -0.58758014 -0.34327075  0.04342648  0.
  -0.07846367  0.          0.00317181  0.10717736]
 [ 0.14422943  0.21435983 -0.6172427  -0.32938358  0.1251444   0.
  -0.10254738  0.         -0.01725222  0.08531857]
 [ 0.261562    0.46201366 -0.6248342  -0.27916452  0.15532908  0.
  -0.02201157  0.         -0.03533321  0.12462717]
 [ 0.44324207  0.6115824  -0.6044536  -0.1192432   0.1439617   0.
   0.07736585  0.         -0.04325048  0.10821845]
 [ 0.24348572  0.09464935 -0.50155777 -0.16329658  0.10813501  0.
  -0.13132767  0.         -0.0089737   0.02449045]] 
Episode: 395: [[ 0.14997825  0.10937361 -0.58816516 -0.34314862  0.043295    0.
  -0.07848912  0.          0.00317181  0.10750514]
 [ 0.14438082  0.21442136 -0.61782235 -0.32925537  0.12499113  0.
  -0.10262986  0.         -0.01725222  0.08559892]
 [ 0.2615466   0.4622162  -0.62538385 -0.27907497  0.15523097  0.
  -0.02195455  0.         -0.03533321  0.12502098]
 [ 0.44310766  0.61180305 -0.60497767 -0.11916816  0.14388902  0.
   0.07753891  0.         -0.04325048  0.10863085]
 [ 0.24363825  0.09439667 -0.5020987  -0.16314198  0.10791862  0.
  -0.13151146  0.         -0.0089737   0.02450166]] 
Episode: 396: [[ 0.15016057  0.10954736 -0.5886814  -0.34297845  0.04322644  0.
  -0.07850077  0.          0.00317181  0.10777612]
 [ 0.14455797  0.2145113  -0.61833155 -0.32908133  0.1249008   0.
  -0.10269903  0.         -0.01725222  0.08582777]
 [ 0.26156956  0.46244332 -0.6258639  -0.27893868  0.15518677  0.
  -0.02185646  0.         -0.03533321  0.12535124]
 [ 0.4430142   0.6120433  -0.60543054 -0.11904815  0.143863    0.
   0.07777718  0.         -0.04325048  0.10898688]
 [ 0.24379541  0.09416172 -0.502564   -0.16295832  0.10774799  0.
  -0.13166775  0.         -0.0089737   0.02449858]] 
Episode: 397: [[ 0.1503351   0.10970334 -0.5891521  -0.34280163  0.04316069  0.
  -0.07839897  0.          0.00317181  0.10809223]
 [ 0.14472508  0.21458337 -0.61879504 -0.32890296  0.12481432  0.
  -0.10264749  0.         -0.01725222  0.08610873]
 [ 0.26158053  0.46265832 -0.6263002  -0.27879456  0.15514398  0.
  -0.02165875  0.         -0.03533321  0.12572442]
 [ 0.44290978  0.6122734  -0.60584337 -0.11891937  0.14383653  0.
   0.07810018  0.         -0.04325048  0.10939161]
 [ 0.24392536  0.0939154  -0.50298667 -0.16278067  0.10758281  0.
  -0.13171515  0.         -0.0089737   0.02455905]] 
Episode: 398: [[ 0.15066124  0.1099101  -0.58964735 -0.34251967  0.04309161  0.
  -0.07835245  0.          0.00317181  0.10830758]
 [ 0.1450394   0.21471609 -0.61927927 -0.32861763  0.12472893  0.
  -0.10264339  0.         -0.01725222  0.08630031]
 [ 0.26175672  0.4629009  -0.6267594  -0.27855742  0.1550944   0.
  -0.02149968  0.         -0.03533321  0.12597382]
 [ 0.44295236  0.61252546 -0.60627764 -0.11870544  0.14380439  0.
   0.07837848  0.         -0.04325048  0.10966749]
 [ 0.2441752   0.09374511 -0.5034237  -0.16250497  0.1074262   0.
  -0.13174456  0.         -0.0089737   0.02459338]] 
Episode: 399: [[ 0.15101716  0.11016055 -0.5901907  -0.3421934   0.04301809  0.
  -0.07825155  0.          0.00317181  0.1085225 ]
 [ 0.1453756   0.2148882  -0.619807   -0.32829148  0.1246387   0.
  -0.10258738  0.         -0.01725222  0.08649586]
 [ 0.26195663  0.46317983 -0.62726957 -0.27826983  0.15503871  0.
  -0.02124697  0.         -0.03533321  0.12622268]
 [ 0.44302186  0.6128078  -0.60676616 -0.1184314   0.14376363  0.
   0.07873763  0.         -0.04325048  0.10994266]
 [ 0.24440117  0.09358727 -0.5038856  -0.16219914  0.10726108  0.
  -0.13172244  0.         -0.0089737   0.02465529]] 
Episode: 400: [[ 0.15136123  0.11043036 -0.59070814 -0.34187168  0.04294086  0.
  -0.0782141   0.          0.00317181  0.1087449 ]
 [ 0.1457003   0.21507563 -0.6203059  -0.32797047  0.12454446  0.
  -0.10259917  0.         -0.01725222  0.08669435]
 [ 0.26214668  0.46347877 -0.62775564 -0.2779905   0.15498266  0.
  -0.02105315  0.         -0.03533321  0.12648202]
 [ 0.4430738   0.6131083  -0.6072237  -0.1181714   0.1437252   0.
   0.07905091  0.         -0.04325048  0.11023373]
 [ 0.24461457  0.09342303 -0.50430566 -0.16190962  0.10709795  0.
  -0.13176945  0.         -0.0089737   0.0247069 ]] 
Episode: 401: [[ 0.151772    0.11076263 -0.5912172  -0.34152097  0.04286568  0.
  -0.07823357  0.          0.00317181  0.10887551]
 [ 0.14609253  0.21533331 -0.620795   -0.32761917  0.12445362  0.
  -0.10265524  0.         -0.01725222  0.08681091]
 [ 0.2624164   0.4638176  -0.62823445 -0.27768463  0.15492804  0.
  -0.02093027  0.         -0.03533321  0.12663828]
 [ 0.44320628  0.6134401  -0.60767615 -0.11788665  0.1436893   0.
   0.07927249  0.         -0.04325048  0.11041884]
 [ 0.2448923   0.09333977 -0.5047124  -0.16158767  0.10694174  0.
  -0.13180538  0.         -0.0089737   0.02473832]] 
Episode: 402: [[ 0.15204589  0.11103354 -0.59158295 -0.3413186   0.04278012  0.
  -0.07836382  0.          0.00317181  0.10900146]
 [ 0.14635013  0.21552795 -0.6211446  -0.32741508  0.12434977  0.
  -0.10281991  0.         -0.01725222  0.08689494]
 [ 0.26254722  0.46412015 -0.62856305 -0.27751273  0.15487155  0.
  -0.02092953  0.         -0.03533321  0.12683797]
 [ 0.4431869   0.6137365  -0.607963   -0.11773193  0.14365676  0.
   0.07936287  0.         -0.04325048  0.11068214]
 [ 0.24506637  0.09319439 -0.50499505 -0.16138536  0.10678174  0.
  -0.1319608   0.         -0.0089737   0.02464968]] 
Episode: 403: [[ 0.15230988  0.11127002 -0.5919521  -0.34112683  0.04267853  0.
  -0.07836831  0.          0.00317181  0.10916789]
 [ 0.14660232  0.21569167 -0.6214995  -0.32722262  0.12422945  0.
  -0.10285387  0.         -0.01725222  0.08702106]
 [ 0.26266226  0.46439356 -0.6288914  -0.27734673  0.15480202  0.
  -0.02081907  0.         -0.03533321  0.12707844]
 [ 0.4431492   0.6140066  -0.60824525 -0.11758012  0.14361238  0.
   0.07955314  0.         -0.04325048  0.1109871 ]
 [ 0.2452508   0.09303157 -0.50529355 -0.16119026  0.10660668  0.
  -0.13201958  0.         -0.0089737   0.02459855]] 
Episode: 404: [[ 0.15248531  0.11144216 -0.59227353 -0.3409825   0.04255221  0.
  -0.0782597   0.          0.00317181  0.10944118]
 [ 0.14677326  0.21579078 -0.62181365 -0.32707828  0.1240814   0.
  -0.10277029  0.         -0.01725222  0.08725289]
 [ 0.26267287  0.4646198  -0.6291673  -0.27723074  0.15471883  0.
  -0.02060994  0.         -0.03533321  0.12743202]
 [ 0.44300064  0.614237   -0.6084748  -0.11748619  0.1435612   0.
   0.07983326  0.         -0.04325048  0.1113953 ]
 [ 0.24537988  0.09282096 -0.5055804  -0.16104229  0.1063994   0.
  -0.13199198  0.         -0.0089737   0.02461546]] 
Episode: 405: [[ 0.15259154  0.11160567 -0.5925826  -0.3409595   0.04238515  0.
  -0.07810056  0.          0.00317181  0.10970128]
 [ 0.14687905  0.21588139 -0.6221194  -0.32705435  0.12389117  0.
  -0.10266639  0.         -0.01725222  0.08743896]
 [ 0.2626185   0.46482816 -0.62943465 -0.27722377  0.15460299  0.
  -0.02031205  0.         -0.03533321  0.12781975]
 [ 0.4427888   0.61444455 -0.60869765 -0.11749739  0.1434807   0.
   0.0801942   0.         -0.04325048  0.11186002]
 [ 0.24547851  0.09261079 -0.5058566  -0.1609901   0.10616341  0.
  -0.13204788  0.         -0.0089737   0.02450149]] 
Episode: 406: [[ 0.15271871  0.11174778 -0.592906   -0.3408732   0.04225039  0.
  -0.07806952  0.          0.00317181  0.10994999]
 [ 0.14699931  0.21594653 -0.622435   -0.32696837  0.1237341   0.
  -0.10268293  0.         -0.01725222  0.0876315 ]
 [ 0.26259476  0.46503    -0.62971485 -0.27715722  0.15451151  0.
  -0.02013576  0.         -0.03533321  0.12817763]
 [ 0.44261676  0.61465925 -0.60892916 -0.11745076  0.14341973  0.
   0.08046519  0.         -0.04325048  0.11229476]
 [ 0.24556787  0.09236949 -0.50612587 -0.16089065  0.10595217  0.
  -0.13215528  0.         -0.0089737   0.02445515]] 
Episode: 407: [[ 0.15289588  0.11189847 -0.5932671  -0.34075198  0.0421127   0.
  -0.07806686  0.          0.00317181  0.11019394]
 [ 0.14716442  0.21601799 -0.62279    -0.32684684  0.12357408  0.
  -0.10271549  0.         -0.01725222  0.08784153]
 [ 0.26262146  0.46524262 -0.6300254  -0.27705732  0.15441674  0.
  -0.01999514  0.         -0.03533321  0.12850213]
 [ 0.4425009   0.61488885 -0.6091876  -0.11736784  0.14335518  0.
   0.08071851  0.         -0.04325048  0.11267913]
 [ 0.24567091  0.09212358 -0.50644225 -0.1607546   0.10573322  0.
  -0.13222319  0.         -0.0089737   0.0244939 ]] 
Episode: 408: [[ 0.1530578   0.11201455 -0.5936725  -0.34065628  0.04198516  0.
  -0.07807735  0.          0.00317181  0.1104489 ]
 [ 0.14731464  0.2160684  -0.623192   -0.32674882  0.12342676  0.
  -0.10278335  0.         -0.01725222  0.08804511]
 [ 0.26264107  0.4654116  -0.63038146 -0.27698427  0.15432467  0.
  -0.01982467  0.         -0.03533321  0.12886007]
 [ 0.442379    0.61507225 -0.6094893  -0.11731458  0.14328963  0.
   0.08105315  0.         -0.04325048  0.11310463]
 [ 0.245776    0.09190357 -0.50680816 -0.16063392  0.10553367  0.
  -0.1323889   0.         -0.0089737   0.02447544]] 
Episode: 409: [[ 0.15315366  0.11213966 -0.59410095 -0.34056947  0.04188982  0.
  -0.07803085  0.          0.00317181  0.11077066]
 [ 0.14740467  0.2161188  -0.62361735 -0.32666028  0.12330844  0.
  -0.10279992  0.         -0.01725222  0.08831732]
 [ 0.2625797   0.4655993  -0.63076466 -0.27692413  0.15426452  0.
  -0.01959482  0.         -0.03533321  0.12928417]
 [ 0.44217774  0.61527073 -0.6098217  -0.11727937  0.14325309  0.
   0.08143791  0.         -0.04325048  0.11359622]
 [ 0.24584419  0.09165014 -0.5071906  -0.16052781  0.10534523  0.
  -0.13253072  0.         -0.0089737   0.02450416]] 
Episode: 410: [[ 0.15350485  0.11226492 -0.59473604 -0.34028637  0.04179501  0.
  -0.07810211  0.          0.00317181  0.11087434]
 [ 0.14775416  0.21616389 -0.62424403 -0.32637364  0.12319156  0.
  -0.10292947  0.         -0.01725222  0.08836357]
 [ 0.26276687  0.4657818  -0.631364   -0.27668864  0.15420276  0.
  -0.01949809  0.         -0.03533321  0.12951703]
 [ 0.44221336  0.61546826 -0.6103806  -0.11708371  0.1432156   0.
   0.08167492  0.         -0.04325048  0.11390375]
 [ 0.24624267  0.09137803 -0.507761   -0.16023405  0.10513736  0.
  -0.13274866  0.         -0.0089737   0.02434609]] 
Episode: 411: [[ 0.15382466  0.11226058 -0.59547323 -0.34010285  0.0417199   0.
  -0.07805317  0.          0.00317181  0.11094018]
 [ 0.14806384  0.21609622 -0.6249752  -0.32618567  0.1230946   0.
  -0.10293141  0.         -0.01725222  0.08833218]
 [ 0.2629423   0.4658529  -0.63207644 -0.2765461   0.1541597   0.
  -0.01930103  0.         -0.03533321  0.12975882]
 [ 0.44223002  0.61556965 -0.61106455 -0.11698245  0.14319694  0.
   0.08199731  0.         -0.04325048  0.11424626]
 [ 0.2465921   0.09105817 -0.5084261  -0.16002795  0.10494579  0.
  -0.1329886   0.         -0.0089737   0.02403182]] 
Episode: 412: [[ 0.15410396  0.11229104 -0.59613657 -0.33988196  0.04164322  0.
  -0.07803819  0.          0.00317181  0.11111207]
 [ 0.14832816  0.21604812 -0.6256304  -0.32596004  0.12299255  0.
  -0.10296675  0.         -0.01725222  0.08843485]
 [ 0.26307297  0.46596348 -0.63271236 -0.27637103  0.15411821  0.
  -0.01913648  0.         -0.03533321  0.13007115]
 [ 0.44223732  0.61570865 -0.61167604 -0.11684608  0.14318006  0.
   0.08231434  0.         -0.04325048  0.11463205]
 [ 0.24686472  0.09071118 -0.50901574 -0.15979765  0.10473891  0.
  -0.13323155  0.         -0.0089737   0.02388674]] 
Episode: 413: [[ 0.15432967  0.1123129  -0.5968341  -0.33970144  0.04156466  0.
  -0.07802001  0.          0.00317181  0.11134684]
 [ 0.14854462  0.21599348 -0.62631965 -0.32577276  0.12288745  0.
  -0.10300148  0.         -0.01725222  0.08860075]
 [ 0.26313975  0.46606913 -0.633384   -0.27623498  0.15407756  0.
  -0.018967    0.         -0.03533321  0.13044049]
 [ 0.4421781   0.6158452  -0.61232257 -0.11674716  0.14316626  0.
   0.08264672  0.         -0.04325048  0.11506972]
 [ 0.24711284  0.09036849 -0.5096343  -0.15959245  0.10453006  0.
  -0.13347538  0.         -0.0089737   0.02378423]] 
Episode: 414: [[ 0.15448196  0.11237044 -0.59746456 -0.33956838  0.04154874  0.
  -0.07795976  0.          0.00317181  0.11167442]
 [ 0.14869179  0.21597856 -0.6269476  -0.32563248  0.12284442  0.
  -0.10298475  0.         -0.01725222  0.08886401]
 [ 0.26311582  0.46619686 -0.6339839  -0.27614307  0.15409185  0.
  -0.01879473  0.         -0.03533321  0.13089436]
 [ 0.4420261   0.615993   -0.61289644 -0.11668848  0.14320208  0.
   0.08292921  0.         -0.04325048  0.11559201]
 [ 0.24729604  0.09007278 -0.5102144  -0.15942754  0.10437527  0.
  -0.13365026  0.         -0.0089737   0.02375197]] 
Episode: 415: [[ 0.15464444  0.11249684 -0.59817165 -0.3395248   0.04153548  0.
  -0.07795166  0.          0.00317181  0.11190656]
 [ 0.14885466  0.21603386 -0.62765086 -0.32557797  0.12279963  0.
  -0.10304502  0.         -0.01725222  0.08899416]
 [ 0.2631119   0.46637064 -0.63467014 -0.2761366   0.15411134  0.
  -0.01864204  0.         -0.03533321  0.13129178]
 [ 0.44187728  0.61616695 -0.61356384 -0.11671477  0.1432418   0.
   0.083217    0.         -0.04325048  0.11606652]
 [ 0.24752906  0.08983281 -0.5108474  -0.15932062  0.10420828  0.
  -0.13393188  0.         -0.0089737   0.02350041]] 
Episode: 416: [[ 0.15478233  0.11261285 -0.5989996  -0.3395567   0.04155409  0.
  -0.07805797  0.          0.00317181  0.11206738]
 [ 0.14900066  0.21609628 -0.6284764  -0.32559386  0.12279027  0.
  -0.10321429  0.         -0.01725222  0.08905543]
 [ 0.26310536  0.46651736 -0.63549036 -0.2762056   0.15415393  0.
  -0.0186153   0.         -0.03533321  0.13159828]
 [ 0.44171467  0.61630875 -0.6143755  -0.11682317  0.14330314  0.
   0.08336625  0.         -0.04325048  0.11643792]
 [ 0.24779208  0.08965725 -0.5115847  -0.15925494  0.1040889   0.
  -0.13430937  0.         -0.0089737   0.02318641]] 
Episode: 417: [[ 0.15494183  0.11272732 -0.59975386 -0.3395902   0.04154016  0.
  -0.07813419  0.          0.00317181  0.11225066]
 [ 0.14916377  0.21616492 -0.62922853 -0.32561377  0.12274987  0.
  -0.10335348  0.         -0.01725222  0.08913481]
 [ 0.26311716  0.46665803 -0.6362323  -0.27626678  0.1541665   0.
  -0.01853925  0.         -0.03533321  0.13193098]
 [ 0.441579    0.61644685 -0.6151066  -0.11691471  0.14333683  0.
   0.08361019  0.         -0.04325048  0.11683138]
 [ 0.24803431  0.08951546 -0.5122612  -0.15919554  0.10395224  0.
  -0.13464601  0.         -0.0089737   0.02288766]] 
Episode: 418: [[ 0.15515494  0.11284173 -0.6005195  -0.33951613  0.04149872  0.
  -0.07831601  0.          0.00317181  0.11244582]
 [ 0.14937086  0.21622433 -0.62998945 -0.32552996  0.12268012  0.
  -0.10358965  0.         -0.01725222  0.08923674]
 [ 0.26317632  0.46680677 -0.6369788  -0.2762248   0.15415512  0.
  -0.01855094  0.         -0.03533321  0.13226274]
 [ 0.441499    0.6166003  -0.6158392  -0.11690135  0.14334795  0.
   0.08382212  0.         -0.04325048  0.11721527]
 [ 0.24826212  0.08933648 -0.51294315 -0.1590594   0.10378081  0.
  -0.13499907  0.         -0.0089737   0.0226441 ]] 
Episode: 419: [[ 0.15534583  0.11298571 -0.6011537  -0.33945653  0.04143155  0.
  -0.07859325  0.          0.00317181  0.11269148]
 [ 0.14955895  0.2163326  -0.6306221  -0.32546043  0.12258826  0.
  -0.10391723  0.         -0.01725222  0.08938763]
 [ 0.2632068   0.4669735  -0.6375887  -0.27619737  0.15412083  0.
  -0.01867223  0.         -0.03533321  0.13264018]
 [ 0.4413759   0.6167622  -0.6164278  -0.11690318  0.14333415  0.
   0.0839109   0.         -0.04325048  0.11764479]
 [ 0.24849337  0.08922318 -0.5135142  -0.15893592  0.10361177  0.
  -0.13544102  0.         -0.0089737   0.02244688]] 
Episode: 420: [[ 0.1554833   0.11307175 -0.60178006 -0.33944213  0.04139568  0.
  -0.07895626  0.          0.00317181  0.1129051 ]
 [ 0.14969668  0.21638952 -0.631248   -0.32543424  0.12252966  0.
  -0.10432699  0.         -0.01725222  0.08949306]
 [ 0.2631917   0.46709424 -0.6381925  -0.27621222  0.15411147  0.
  -0.01889211  0.         -0.03533321  0.13300106]
 [ 0.44120777  0.61688244 -0.6170104  -0.11694538  0.14334121  0.
   0.08389288  0.         -0.04325048  0.11806747]
 [ 0.2486913   0.08909492 -0.51407367 -0.15884854  0.10348039  0.
  -0.13596283  0.         -0.0089737   0.02218103]] 
Episode: 421: [[ 0.15555666  0.11311523 -0.6023786  -0.339469    0.04137477  0.
  -0.07918358  0.          0.00317181  0.11316988]
 [ 0.149769    0.21639647 -0.63184404 -0.32545218  0.12248389  0.
  -0.1046039   0.         -0.01725222  0.08966077]
 [ 0.26311377  0.46718758 -0.6387682  -0.27625903  0.15411769  0.
  -0.01897922  0.         -0.03533321  0.13340734]
 [ 0.4409836   0.616987   -0.6175557  -0.1170158   0.14336646  0.
   0.08398645  0.         -0.04325048  0.11854888]
 [ 0.24881537  0.08892044 -0.5145945  -0.15880607  0.10335586  0.
  -0.13638408  0.         -0.0089737   0.02199485]] 
Episode: 422: [[ 0.15557495  0.11317486 -0.6030416  -0.33951324  0.04135829  0.
  -0.07941508  0.          0.00317181  0.11347123]
 [ 0.14979473  0.21641356 -0.6325038  -0.32548675  0.12244008  0.
  -0.10489149  0.         -0.01725222  0.08985009]
 [ 0.2629547   0.467315   -0.6394159  -0.2763258   0.15413503  0.
  -0.01908922  0.         -0.03533321  0.13387148]
 [ 0.44067064  0.6171243  -0.6181821  -0.11710726  0.14340766  0.
   0.0840233   0.         -0.04325048  0.1190934 ]
 [ 0.24892187  0.08871735 -0.51516896 -0.1587776   0.10321988  0.
  -0.13682379  0.         -0.0089737   0.02178259]] 
Episode: 423: [[ 0.15559833  0.11330479 -0.6037727  -0.3395467   0.04134744  0.
  -0.07973705  0.          0.00317181  0.11373933]
 [ 0.14982916  0.21650805 -0.63323075 -0.3255081   0.12240334  0.
  -0.10526539  0.         -0.01725222  0.08999978]
 [ 0.26279986  0.46748406 -0.6401359  -0.27638623  0.15415294  0.
  -0.01929901  0.         -0.03533321  0.134302  ]
 [ 0.44036284  0.6172883  -0.61888295 -0.11719387  0.14344807  0.
   0.08394659  0.         -0.04325048  0.1195979 ]
 [ 0.24905267  0.08859047 -0.5158022  -0.15873188  0.10309189  0.
  -0.13734372  0.         -0.0089737   0.02151143]] 
Episode: 424: [[ 0.15569559  0.11344013 -0.6044432  -0.33949456  0.04134626  0.
  -0.08014038  0.          0.00317181  0.11400354]
 [ 0.14992937  0.21660079 -0.6338941  -0.3254443   0.12237818  0.
  -0.10571688  0.         -0.01725222  0.0901885 ]
 [ 0.26272973  0.4676609  -0.64079386 -0.27636936  0.15417524  0.
  -0.01959853  0.         -0.03533321  0.13467623]
 [ 0.44015402  0.61746657 -0.6195265  -0.11720435  0.14349008  0.
   0.08376773  0.         -0.04325048  0.12001566]
 [ 0.24919684  0.08845729 -0.516376   -0.15862167  0.10297984  0.
  -0.13783264  0.         -0.0089737   0.02139516]] 
Episode: 425: [[ 0.15579979  0.11358337 -0.6051021  -0.3394459   0.04134066  0.
  -0.08060049  0.          0.00317181  0.11425059]
 [ 0.1500377   0.21669805 -0.63454777 -0.32538408  0.12234709  0.
  -0.10621475  0.         -0.01725222  0.0903587 ]
 [ 0.26267046  0.46784228 -0.6414367  -0.2763553   0.15419339  0.
  -0.01997876  0.         -0.03533321  0.13503139]
 [ 0.4399569   0.6176445  -0.6201562  -0.11721607  0.14352642  0.
   0.083497    0.         -0.04325048  0.12041067]
 [ 0.24935105  0.0883237  -0.51695734 -0.15851474  0.10285999  0.
  -0.13833286  0.         -0.0089737   0.02125194]] 
Episode: 426: [[ 0.15589972  0.11377678 -0.60568625 -0.3393929   0.04131522  0.
  -0.08091068  0.          0.00317181  0.1145329 ]
 [ 0.15014146  0.21685626 -0.63512915 -0.3253214   0.12230076  0.
  -0.10656702  0.         -0.01725222  0.09056079]
 [ 0.26260248  0.46804824 -0.64200133 -0.27633435  0.15419029  0.
  -0.02021015  0.         -0.03533321  0.13542539]
 [ 0.43974933  0.6178345  -0.6207062  -0.11721862  0.14354125  0.
   0.08336319  0.         -0.04325048  0.12084445]
 [ 0.24948697  0.08827534 -0.5174843  -0.15841365  0.10274412  0.
  -0.13872975  0.         -0.0089737   0.02112237]] 
Episode: 427: [[ 0.15603293  0.11396336 -0.606373   -0.33926898  0.04127254  0.
  -0.08130334  0.          0.00317181  0.11481021]
 [ 0.15027577  0.21700525 -0.6358121  -0.3251881   0.12223703  0.
  -0.10699903  0.         -0.01725222  0.09077008]
 [ 0.26257113  0.46825305 -0.642668   -0.27624956  0.15417027  0.
  -0.020529    0.         -0.03533321  0.13579483]
 [ 0.43957424  0.61802423 -0.6213547  -0.11715887  0.14354105  0.
   0.08313306  0.         -0.04325048  0.12125405]
 [ 0.24965356  0.0882052  -0.5181106  -0.15825509  0.10260591  0.
  -0.13918558  0.         -0.0089737   0.02101824]] 
Episode: 428: [[ 0.15616272  0.11417421 -0.60699815 -0.33914062  0.04123189  0.
  -0.08166769  0.          0.00317181  0.11509945]
 [ 0.15040594  0.21717127 -0.6364344  -0.3250518   0.12217634  0.
  -0.10739347  0.         -0.01725222  0.09100278]
 [ 0.2625327   0.4684782  -0.6432691  -0.27615598  0.15414794  0.
  -0.02082849  0.         -0.03533321  0.13616547]
 [ 0.43939504  0.6182344  -0.62193644 -0.11708528  0.143535    0.
   0.08293057  0.         -0.04325048  0.12166496]
 [ 0.2498063   0.08813402 -0.5186909  -0.15809512  0.10247421  0.
  -0.13957727  0.         -0.0089737   0.02096611]] 
Episode: 429: [[ 0.15627596  0.11434204 -0.60760707 -0.33902842  0.04117399  0.
  -0.08190983  0.          0.00317181  0.11542178]
 [ 0.15051985  0.2172907  -0.63704103 -0.32493207  0.12209695  0.
  -0.10767595  0.         -0.01725222  0.09126203]
 [ 0.26247546  0.4686767  -0.6438573  -0.27607778  0.15411295  0.
  -0.02098715  0.         -0.03533321  0.13657303]
 [ 0.43919823  0.61842746 -0.62251186 -0.11702749  0.14351994  0.
   0.08285825  0.         -0.04325048  0.12210745]
 [ 0.24994797  0.08800687 -0.5192626  -0.15795127  0.10231999  0.
  -0.139906    0.         -0.0089737   0.02091668]] 
Episode: 430: [[ 0.15646218  0.11459567 -0.60822755 -0.33886483  0.04118116  0.
  -0.08224143  0.          0.00317181  0.11573363]
 [ 0.15070564  0.2174862  -0.6376563  -0.32476318  0.12208506  0.
  -0.10804537  0.         -0.01725222  0.09155405]
 [ 0.2625001   0.4689444  -0.6444545  -0.27594885  0.15412858  0.
  -0.02124065  0.         -0.03533321  0.13690749]
 [ 0.4390962   0.61868376 -0.6230929  -0.11691816  0.14355046  0.
   0.08268335  0.         -0.04325048  0.12244701]
 [ 0.25014794  0.08791103 -0.5198332  -0.15777     0.10222603  0.
  -0.14011642  0.         -0.0089737   0.02101474]] 
Episode: 431: [[ 0.15665948  0.11484218 -0.60881674 -0.33870673  0.0411533   0.
  -0.08242602  0.          0.00317181  0.11605823]
 [ 0.15090373  0.21768053 -0.6382448  -0.32459965  0.12203985  0.
  -0.10826243  0.         -0.01725222  0.09185061]
 [ 0.2625283   0.4692019  -0.64501536 -0.27582374  0.15411516  0.
  -0.02135801  0.         -0.03533321  0.13726862]
 [ 0.438995    0.6189311  -0.6236376  -0.11680943  0.14355594  0.
   0.08263578  0.         -0.04325048  0.12281679]
 [ 0.25035942  0.08783542 -0.52040017 -0.1575929   0.10211073  0.
  -0.14024287  0.         -0.0089737   0.02109215]] 
Episode: 432: [[ 0.15683997  0.11511027 -0.60944295 -0.33860105  0.04115806  0.
  -0.08270576  0.          0.00317181  0.11633116]
 [ 0.15108466  0.21789455 -0.63887185 -0.32448745  0.1220266   0.
  -0.10857038  0.         -0.01725222  0.09208418]
 [ 0.26254714  0.46946844 -0.6456291  -0.27574578  0.15412436  0.
  -0.02157429  0.         -0.03533321  0.13757434]
 [ 0.43885976  0.61918586 -0.6242328  -0.11674626  0.14358373  0.
   0.08248322  0.         -0.04325048  0.12311952]
 [ 0.25058365  0.08775256 -0.5210365  -0.15745011  0.10201323  0.
  -0.14043367  0.         -0.0089737   0.02106797]] 
Episode: 433: [[ 0.15708236  0.11541033 -0.6100794  -0.33841383  0.04118049  0.
  -0.08306043  0.          0.00317181  0.11654852]
 [ 0.1513218   0.21813892 -0.63950366 -0.3242957   0.12203249  0.
  -0.10893406  0.         -0.01725222  0.09227466]
 [ 0.26264745  0.46976414 -0.64625746 -0.27558953  0.15414642  0.
  -0.02187952  0.         -0.03533321  0.13780467]
 [ 0.4388164   0.6194679  -0.62484676 -0.11660475  0.14362174  0.
   0.08223622  0.         -0.04325048  0.12334219]
 [ 0.25083625  0.0876869  -0.52166015 -0.15725154  0.10193006  0.
  -0.1406099   0.         -0.0089737   0.02105116]] 
Episode: 434: [[ 0.15731682  0.1155814  -0.6108188  -0.33820763  0.04120398  0.
  -0.08349312  0.          0.00317181  0.11673427]
 [ 0.1515566   0.21825299 -0.6402402  -0.32408273  0.12203772  0.
  -0.10937642  0.         -0.01725222  0.09242508]
 [ 0.26274523  0.4699778  -0.64698726 -0.2754257   0.1541733   0.
  -0.02226475  0.         -0.03533321  0.13800615]
 [ 0.43876967  0.6196943  -0.6255629  -0.1164668   0.1436676   0.
   0.08190428  0.         -0.04325048  0.12352369]
 [ 0.2511256   0.08751022 -0.52238744 -0.1570304   0.10183825  0.
  -0.14089398  0.         -0.0089737   0.02097262]] 
Episode: 435: [[ 0.15745832  0.11579664 -0.6115561  -0.3381144   0.04124133  0.
  -0.08399596  0.          0.00317181  0.11696885]
 [ 0.15170284  0.21842541 -0.6409816  -0.32397896  0.12206355  0.
  -0.10988951  0.         -0.01725222  0.09260787]
 [ 0.26276165  0.470207   -0.6477275  -0.2753651   0.15420197  0.
  -0.02272193  0.         -0.03533321  0.13827886]
 [ 0.43863517  0.61991864 -0.62630236 -0.11642963  0.14371052  0.
   0.08149595  0.         -0.04325048  0.12379703]
 [ 0.2513865   0.08742223 -0.52314144 -0.15687713  0.10179844  0.
  -0.14127491  0.         -0.0089737   0.02084343]] 
Episode: 436: [[ 0.15761185  0.11600202 -0.6122591  -0.33799788  0.04128416  0.
  -0.08443086  0.          0.00317181  0.11719288]
 [ 0.15185519  0.21856375 -0.6416851  -0.3238541   0.12209235  0.
  -0.11033759  0.         -0.01725222  0.09279621]
 [ 0.2627908   0.47045994 -0.6484331  -0.27527672  0.15423869  0.
  -0.02308299  0.         -0.03533321  0.13853057]
 [ 0.43852335  0.6201769  -0.62700707 -0.11635897  0.14376055  0.
   0.0812192   0.         -0.04325048  0.1240492 ]
 [ 0.25161725  0.08723745 -0.5238401  -0.1567146   0.1017476   0.
  -0.14160165  0.         -0.0089737   0.02077048]] 
Episode: 437: [[ 0.1578179   0.11621798 -0.61296636 -0.33782265  0.04134418  0.
  -0.08487939  0.          0.00317181  0.11735441]
 [ 0.15205614  0.2187073  -0.6423839  -0.32367247  0.12214046  0.
  -0.11078668  0.         -0.01725222  0.09293759]
 [ 0.26288858  0.47072947 -0.64915156 -0.27513126  0.15428975  0.
  -0.02346904  0.         -0.03533321  0.13869901]
 [ 0.43849224  0.6204565  -0.62773067 -0.11623085  0.1438235   0.
   0.08090629  0.         -0.04325048  0.12420846]
 [ 0.2518719   0.08704389 -0.5245001  -0.15651254  0.10171467  0.
  -0.14187853  0.         -0.0089737   0.02072489]] 
Episode: 438: [[ 0.15801163  0.11643922 -0.61365336 -0.33765182  0.04138792  0.
  -0.08519819  0.          0.00317181  0.11756967]
 [ 0.15224655  0.2188588  -0.6430643  -0.32349613  0.12217247  0.
  -0.1111051   0.         -0.01725222  0.09313843]
 [ 0.262959    0.47099793 -0.64984375 -0.2749893   0.15432695  0.
  -0.02372314  0.         -0.03533321  0.13891804]
 [ 0.43843392  0.62073183 -0.6284239  -0.11610389  0.14387307  0.
   0.0807345   0.         -0.04325048  0.12442094]
 [ 0.2521109   0.08686818 -0.5251484  -0.1563164   0.10166911  0.
  -0.14205077  0.         -0.0089737   0.02073763]] 
Episode: 439: [[ 0.15829968  0.11667223 -0.6142668  -0.33743206  0.04139815  0.
  -0.08547205  0.          0.00317181  0.11770216]
 [ 0.15252663  0.21902758 -0.6436702  -0.3232726   0.12217154  0.
  -0.11138108  0.         -0.01725222  0.0932463 ]
 [ 0.26312125  0.47127026 -0.65045655 -0.27479726  0.15433742  0.
  -0.02389577  0.         -0.03533321  0.1390728 ]
 [ 0.43846056  0.6210099  -0.6290352  -0.11592659  0.1438991   0.
   0.08067481  0.         -0.04325048  0.12458009]
 [ 0.252388    0.08673028 -0.52573204 -0.15607837  0.10159715  0.
  -0.14216256  0.         -0.0089737   0.02068593]] 
Episode: 440: [[ 0.15867016  0.1169405  -0.6148686  -0.33712384  0.04141464  0.
  -0.08583242  0.          0.00317181  0.11777294]
 [ 0.15288317  0.21923731 -0.6442612  -0.32296228  0.12217818  0.
  -0.11174493  0.         -0.01725222  0.0932938 ]
 [ 0.26337788  0.47156233 -0.65105456 -0.27452192  0.15435113  0.
  -0.02416197  0.         -0.03533321  0.13916415]
 [ 0.43858394  0.6212982  -0.62963253 -0.11566739  0.14392316  0.
   0.08051137  0.         -0.04325048  0.12467671]
 [ 0.25270566  0.08664598 -0.5262905  -0.15577291  0.10153558  0.
  -0.14234763  0.         -0.0089737   0.02060731]] 
Episode: 441: [[ 0.15902664  0.11716796 -0.61548924 -0.33679587  0.04139769  0.
  -0.08616358  0.          0.00317181  0.11788781]
 [ 0.15322505  0.21940444 -0.64487195 -0.32263276  0.12214945  0.
  -0.11208508  0.         -0.01725222  0.09338796]
 [ 0.26361284  0.47182262 -0.6516673  -0.27422917  0.1543381   0.
  -0.02439075  0.         -0.03533321  0.1393022 ]
 [ 0.4386886   0.62156135 -0.630243   -0.11538892  0.14392234  0.
   0.08041067  0.         -0.04325048  0.12482398]
 [ 0.2529979   0.08653141 -0.5268711  -0.15545931  0.10143878  0.
  -0.14253223  0.         -0.0089737   0.02056952]] 
Episode: 442: [[ 0.15924402  0.11734974 -0.61608076 -0.3366253   0.04139165  0.
  -0.08647193  0.          0.00317181  0.11802242]
 [ 0.15343675  0.21952257 -0.64546174 -0.32245806  0.12212332  0.
  -0.11240834  0.         -0.01725222  0.09347653]
 [ 0.26368082  0.4720408  -0.6522403  -0.27407727  0.15434459  0.
  -0.02460548  0.         -0.03533321  0.13949902]
 [ 0.43863082  0.62178606 -0.6308026  -0.11523989  0.14394878  0.
   0.08033338  0.         -0.04325048  0.12504515]
 [ 0.25320497  0.08637499 -0.5274604  -0.15525843  0.10132243  0.
  -0.14273667  0.         -0.0089737   0.0204545 ]] 
Episode: 443: [[ 0.15936463  0.11745465 -0.6167     -0.3365373   0.0413211   0.
  -0.08663506  0.          0.00317181  0.11824044]
 [ 0.15355517  0.21955818 -0.64607626 -0.32236665  0.12203009  0.
  -0.11258329  0.         -0.01725222  0.09361751]
 [ 0.26363716  0.4721989  -0.6528465  -0.27400693  0.15430053  0.
  -0.02468751  0.         -0.03533321  0.13982119]
 [ 0.43845728  0.6219576  -0.6313927  -0.1151785   0.1439362   0.
   0.08037383  0.         -0.04325048  0.12538174]
 [ 0.25333816  0.0861398  -0.52805346 -0.15513562  0.10114585  0.
  -0.14284682  0.         -0.0089737   0.02026433]] 
Episode: 444: [[ 0.15947604  0.11751315 -0.61735934 -0.3364968   0.0412283   0.
  -0.08672211  0.          0.00317181  0.11846875]
 [ 0.15367067  0.21955018 -0.64673513 -0.32232103  0.1219154   0.
  -0.11268566  0.         -0.01725222  0.09375718]
 [ 0.2635713   0.47231993 -0.6534854  -0.27398005  0.15423475  0.
  -0.02469024  0.         -0.03533321  0.14016782]
 [ 0.43825737  0.62209904 -0.6320137  -0.11515746  0.14390312  0.
   0.08050606  0.         -0.04325048  0.12574545]
 [ 0.25350007  0.08587603 -0.5287056  -0.15503946  0.10095175  0.
  -0.14291574  0.         -0.0089737   0.02003896]] 
Episode: 445: [[ 0.1596232   0.11760496 -0.618007   -0.33639282  0.04112924  0.
  -0.0866861   0.          0.00317181  0.11869007]
 [ 0.15381427  0.21957552 -0.647378   -0.3222133   0.12179818  0.
  -0.11267719  0.         -0.01725222  0.09390326]
 [ 0.263547    0.4724662  -0.65411776 -0.27389014  0.1541583   0.
  -0.0245815   0.         -0.03533321  0.14049461]
 [ 0.4381053   0.6222637  -0.63263404 -0.11507012  0.1438553   0.
   0.08073501  0.         -0.04325048  0.1260921 ]
 [ 0.25364706  0.08563828 -0.5293226  -0.15489735  0.10076297  0.
  -0.14292137  0.         -0.0089737   0.01986765]] 
Episode: 446: [[ 0.15972435  0.11769281 -0.6186089  -0.33629787  0.04104419  0.
  -0.08653944  0.          0.00317181  0.11897983]
 [ 0.15391463  0.21959154 -0.64797527 -0.32211563  0.12169512  0.
  -0.11255367  0.         -0.01725222  0.09412394]
 [ 0.26346403  0.47261944 -0.654708   -0.27381015  0.15409607  0.
  -0.02437251  0.         -0.03533321  0.14088869]
 [ 0.43789575  0.6224355  -0.6332147  -0.11499505  0.14381966  0.
   0.08105092  0.         -0.04325048  0.12651277]
 [ 0.253755    0.08537551 -0.52989    -0.15477331  0.10058127  0.
  -0.14279975  0.         -0.0089737   0.01976752]] 
Episode: 447: [[ 0.16008814  0.1177519  -0.61943644 -0.33608615  0.04089203  0.
  -0.08652172  0.          0.00317181  0.11904875]
 [ 0.15428165  0.21958527 -0.6487949  -0.32189417  0.12152411  0.
  -0.1125584   0.         -0.01725222  0.09411792]
 [ 0.26363868  0.4727458  -0.65552306 -0.27362576  0.15398248  0.
  -0.02429559  0.         -0.03533321  0.14109021]
 [ 0.43792188  0.6225949  -0.6340233  -0.11482435  0.14374733  0.
   0.08122527  0.         -0.04325048  0.126753  ]
 [ 0.25420463  0.08511377 -0.5306781  -0.15449515  0.10032159  0.
  -0.14268409  0.         -0.0089737   0.0194397 ]] 
Episode: 448: [[ 0.16038944  0.11780865 -0.6202818  -0.3358954   0.0407555   0.
  -0.08651296  0.          0.00317181  0.11916485]
 [ 0.154591    0.21957473 -0.64963406 -0.32169306  0.12136348  0.
  -0.11257823  0.         -0.01725222  0.09414037]
 [ 0.26374573  0.47287744 -0.65636253 -0.27346984  0.15389223  0.
  -0.02424245  0.         -0.03533321  0.14134905]
 [ 0.4378838   0.62275684 -0.63486314 -0.11468897  0.14369959  0.
   0.08134501  0.         -0.04325048  0.12704642]
 [ 0.25461513  0.08482341 -0.5314781  -0.15424779  0.10005429  0.
  -0.14261955  0.         -0.0089737   0.01908108]] 
Episode: 449: [[ 0.1606029   0.11794294 -0.621128   -0.3357571   0.04069233  0.
  -0.08661941  0.          0.00317181  0.11928649]
 [ 0.15481196  0.21965422 -0.6504804  -0.32154247  0.12127993  0.
  -0.11271202  0.         -0.01725222  0.09417225]
 [ 0.26378217  0.47304985 -0.6572008  -0.2733703   0.15385756  0.
  -0.02430587  0.         -0.03533321  0.14159922]
 [ 0.43777576  0.62293595 -0.63570154 -0.11461703  0.14369754  0.
   0.08134276  0.         -0.04325048  0.12732574]
 [ 0.25495368  0.08462586 -0.5322951  -0.15404418  0.09986851  0.
  -0.14268842  0.         -0.0089737   0.01873648]] 
Episode: 450: [[ 0.16083096  0.11808506 -0.621892   -0.3355909   0.04063146  0.
  -0.0866009   0.          0.00317181  0.1194306 ]
 [ 0.15504433  0.21974152 -0.65124345 -0.32136706  0.12120213  0.
  -0.11271647  0.         -0.01725222  0.09423061]
 [ 0.26383555  0.47322595 -0.6579578  -0.273237    0.1538204   0.
  -0.02425173  0.         -0.03533321  0.14187358]
 [ 0.43768945  0.62312    -0.63646287 -0.11450553  0.1436878   0.
   0.08145069  0.         -0.04325048  0.12764171]
 [ 0.25527108  0.08444846 -0.5330341  -0.15383051  0.09969717  0.
  -0.14262356  0.         -0.0089737   0.01843859]] 
Episode: 451: [[ 0.16103975  0.11822239 -0.62265277 -0.3354383   0.04054924  0.
  -0.08654593  0.          0.00317181  0.1196022 ]
 [ 0.15526265  0.21982583 -0.6520005  -0.32120532  0.12110429  0.
  -0.11268719  0.         -0.01725222  0.09431418]
 [ 0.263867    0.4733938  -0.6587202  -0.2731178   0.15376261  0.
  -0.02416218  0.         -0.03533321  0.14217314]
 [ 0.43758032  0.62329465 -0.6372368  -0.11440929  0.14366086  0.
   0.08158061  0.         -0.04325048  0.12797627]
 [ 0.255598    0.08428252 -0.5337607  -0.15362993  0.09951655  0.
  -0.1425494   0.         -0.0089737   0.0181433 ]] 
Episode: 452: [[ 0.16143666  0.11826639 -0.6235786  -0.33515275  0.04039099  0.
  -0.08661085  0.          0.00317181  0.11959918]
 [ 0.15568441  0.21980956 -0.6529131  -0.32090357  0.12092277  0.
  -0.11277683  0.         -0.01725222  0.09422863]
 [ 0.26410478  0.47350633 -0.65965635 -0.27288398  0.15365571  0.
  -0.02419291  0.         -0.03533321  0.14228943]
 [ 0.43765306  0.6234324  -0.6381916  -0.11420724  0.14359678  0.
   0.08158743  0.         -0.04325048  0.12813877]
 [ 0.25618306  0.08401513 -0.53458995 -0.15327111  0.09923407  0.
  -0.1425753   0.         -0.0089737   0.01772495]] 
Episode: 453: [[ 0.1618277   0.11831771 -0.6244438  -0.33485332  0.0402357   0.
  -0.086599    0.          0.00317181  0.11963305]
 [ 0.15609391  0.2198     -0.6537662  -0.32059222  0.12074352  0.
  -0.11279225  0.         -0.01725222  0.09419009]
 [ 0.26433548  0.47362134 -0.66052765 -0.27262932  0.15355045  0.
  -0.02411103  0.         -0.03533321  0.14243697]
 [ 0.43772793  0.6235707  -0.63907903 -0.11397684  0.1435316   0.
   0.0817036   0.         -0.04325048  0.12833679]
 [ 0.25671253  0.08375571 -0.5353673  -0.15291809  0.09895443  0.
  -0.14254588  0.         -0.0089737   0.0173884 ]] 
Episode: 454: [[ 0.16234958  0.11841624 -0.62531805 -0.33441302  0.0400717   0.
  -0.08670274  0.          0.00317181  0.11957794]
 [ 0.15662587  0.21983065 -0.6546213  -0.32014215  0.12055692  0.
  -0.11291514  0.         -0.01725222  0.09408536]
 [ 0.2647154   0.47378206 -0.6614097  -0.27224302  0.15343699  0.
  -0.02411883  0.         -0.03533321  0.1424596 ]
 [ 0.43795034  0.62375605 -0.6399788  -0.11362047  0.14345823  0.
   0.08175729  0.         -0.04325048  0.12839559]
 [ 0.2573181   0.08350062 -0.53612924 -0.15245762  0.09866183  0.
  -0.14252411  0.         -0.0089737   0.01708709]] 
Episode: 455: [[ 0.16300154  0.11853737 -0.6262824  -0.3338963   0.03990107  0.
  -0.08691042  0.          0.00317181  0.11944007]
 [ 0.15728913  0.21987464 -0.6555616  -0.31961644  0.12036507  0.
  -0.11314169  0.         -0.01725222  0.09395434]
 [ 0.26526475  0.4739653  -0.6623881  -0.27178323  0.15331209  0.
  -0.02423712  0.         -0.03533321  0.14232728]
 [ 0.43833545  0.6239718  -0.640989   -0.11319304  0.14337352  0.
   0.08169548  0.         -0.04325048  0.12831032]
 [ 0.25807184  0.08323703 -0.53698254 -0.15192391  0.09835891  0.
  -0.14251721  0.         -0.0089737   0.01692661]] 
Episode: 456: [[ 0.16364726  0.11869102 -0.6271511  -0.33338124  0.03973978  0.
  -0.08713946  0.          0.00317181  0.11934339]
 [ 0.15793782  0.21995609 -0.6564088  -0.31909344  0.12018371  0.
  -0.11338505  0.         -0.01725222  0.09387818]
 [ 0.2658135   0.4741667  -0.6632603  -0.2713271   0.15319352  0.
  -0.0243824   0.         -0.03533321  0.14221838]
 [ 0.43873587  0.62419814 -0.6418838  -0.11277093  0.14329216  0.
   0.0816113   0.         -0.04325048  0.12823254]
 [ 0.25876367  0.08301716 -0.53775746 -0.15141013  0.09807487  0.
  -0.14252144  0.         -0.0089737   0.01685566]] 
Episode: 457: [[ 0.16428106  0.11889389 -0.6279765  -0.33287978  0.03963665  0.
  -0.08738868  0.          0.00317181  0.11926384]
 [ 0.15856558  0.22008678 -0.6572138  -0.31858614  0.12006152  0.
  -0.11363154  0.         -0.01725222  0.09383386]
 [ 0.2663592   0.4744027  -0.6640867  -0.2708751   0.15312083  0.
  -0.02456557  0.         -0.03533321  0.14210792]
 [ 0.4391524   0.62445587 -0.6427295  -0.11234486  0.14325052  0.
   0.08148329  0.         -0.04325048  0.12814061]
 [ 0.2593972   0.08284029 -0.53849584 -0.1509127   0.09784701  0.
  -0.14248654  0.         -0.0089737   0.01686021]] 
Episode: 458: [[ 0.1649625   0.11917255 -0.62876976 -0.33234835  0.03958359  0.
  -0.08772478  0.          0.00317181  0.11925144]
 [ 0.1592437   0.22029692 -0.6579838  -0.31805003  0.11999311  0.
  -0.11390216  0.         -0.01725222  0.09390165]
 [ 0.2669463   0.47468802 -0.664881   -0.2703952   0.15308452  0.
  -0.02484184  0.         -0.03533321  0.14199583]
 [ 0.4396152   0.6247563  -0.6435444  -0.11189193  0.14323965  0.
   0.08125778  0.         -0.04325048  0.12800634]
 [ 0.26007295  0.08273723 -0.53919613 -0.15039158  0.09767802  0.
  -0.14232749  0.         -0.0089737   0.01707285]] 
Episode: 459: [[ 0.165613    0.11947406 -0.6294684  -0.33184046  0.03957598  0.
  -0.08802924  0.          0.00317181  0.11924703]
 [ 0.15988553  0.22052951 -0.6586564  -0.31753844  0.11997342  0.
  -0.11412717  0.         -0.01725222  0.09399206]
 [ 0.26751778  0.4749908  -0.6655819  -0.26993513  0.15308346  0.
  -0.0251223   0.         -0.03533321  0.14186953]
 [ 0.44007874  0.625071   -0.6442642  -0.11145802  0.143259    0.
   0.08097951  0.         -0.04325048  0.12784407]
 [ 0.26068947  0.08265688 -0.53979516 -0.14990231  0.09756311  0.
  -0.14210267  0.         -0.0089737   0.01733517]] 
Episode: 460: [[ 0.16622123  0.11975592 -0.63013095 -0.3313653   0.03951606  0.
  -0.08818847  0.          0.00317181  0.11930559]
 [ 0.16048466  0.22074424 -0.6592976  -0.31706104  0.11990181  0.
  -0.1142131   0.         -0.01725222  0.09412926]
 [ 0.2680379   0.47528106 -0.666246   -0.2695064   0.15303777  0.
  -0.02526305  0.         -0.03533321  0.14183092]
 [ 0.44048387  0.6253717  -0.6449512  -0.11105604  0.14323615  0.
   0.08083951  0.         -0.04325048  0.12778266]
 [ 0.2612581   0.08256273 -0.54038465 -0.1494521   0.09740714  0.
  -0.14178991  0.         -0.0089737   0.01758628]] 
Episode: 461: [[ 0.16679282  0.1200113  -0.6308164  -0.33092877  0.03942369  0.
  -0.08821709  0.          0.00317181  0.11941726]
 [ 0.16104755  0.22093447 -0.6599623  -0.31662267  0.11979857  0.
  -0.11417396  0.         -0.01725222  0.09430505]
 [ 0.26851362  0.47554833 -0.6669355  -0.26911083  0.1529647   0.
  -0.02527814  0.         -0.03533321  0.14187068]
 [ 0.44084868  0.6256524  -0.64566255 -0.11068327  0.1431908   0.
   0.08082388  0.         -0.04325048  0.12780869]
 [ 0.26178995  0.08246589 -0.54099315 -0.1490348   0.09723193  0.
  -0.14140548  0.         -0.0089737   0.01782714]] 
Episode: 462: [[ 0.16730326  0.12025831 -0.63150513 -0.33050948  0.03932982  0.
  -0.08814725  0.          0.00317181  0.11959954]
 [ 0.16155016  0.22111689 -0.6606325  -0.31620336  0.11969519  0.
  -0.11405145  0.         -0.01725222  0.09454421]
 [ 0.26891273  0.4758086  -0.6676261  -0.26872757  0.15288775  0.
  -0.02518021  0.         -0.03533321  0.14199336]
 [ 0.44113657  0.62592596 -0.64637345 -0.1103184   0.14314     0.
   0.08092012  0.         -0.04325048  0.12792358]
 [ 0.26226062  0.08236542 -0.5416099  -0.14863868  0.09706219  0.
  -0.14100046  0.         -0.0089737   0.01809615]] 
Episode: 463: [[ 0.16785082  0.12057577 -0.6321816  -0.33010674  0.03924163  0.
  -0.08796983  0.          0.00317181  0.11968523]
 [ 0.16209613  0.22138001 -0.6612896  -0.31580034  0.1195983   0.
  -0.11382483  0.         -0.01725222  0.09466642]
 [ 0.26936162  0.47609884 -0.6683005  -0.26835462  0.15281275  0.
  -0.02498063  0.         -0.03533321  0.142044  ]
 [ 0.44146788  0.6262172  -0.6470646  -0.10996235  0.14308834  0.
   0.08111697  0.         -0.04325048  0.12798153]
 [ 0.26279265  0.08238523 -0.54220665 -0.14824586  0.0969055   0.
  -0.14051597  0.         -0.0089737   0.01823027]] 
Episode: 464: [[ 0.16830125  0.12087893 -0.63283473 -0.3297825   0.03914477  0.
  -0.08769568  0.          0.00317181  0.11983145]
 [ 0.16254865  0.22162762 -0.66192615 -0.315475    0.1194919   0.
  -0.11350461  0.         -0.01725222  0.09483574]
 [ 0.2696942   0.4763877  -0.66895455 -0.2680559   0.15273364  0.
  -0.02468964  0.         -0.03533321  0.14217913]
 [ 0.44167617  0.62650603 -0.64773434 -0.1096791   0.14303514  0.
   0.08140433  0.         -0.04325048  0.12814125]
 [ 0.26324847  0.08238164 -0.5427857  -0.14791611  0.09673926  0.
  -0.13999216  0.         -0.0089737   0.01835624]] 
Episode: 465: [[ 0.16871798  0.12116689 -0.6334172  -0.32943955  0.03906717  0.
  -0.0873408   0.          0.00317181  0.12000912]
 [ 0.16296534  0.22185802 -0.66249275 -0.315132    0.11940567  0.
  -0.11312722  0.         -0.01725222  0.09503426]
 [ 0.2699906   0.47667235 -0.6695396  -0.26773915  0.15267111  0.
  -0.02431643  0.         -0.03533321  0.14235009]
 [ 0.44185266  0.62679166 -0.64833647 -0.10937633  0.14299506  0.
   0.08177308  0.         -0.04325048  0.1283484 ]
 [ 0.26365232  0.08234456 -0.5432968  -0.14758274  0.09659274  0.
  -0.13948472  0.         -0.0089737   0.01850904]] 
Episode: 466: [[ 0.16922255  0.1214832  -0.6340299  -0.32902217  0.03897053  0.
  -0.08713601  0.          0.00317181  0.12008071]
 [ 0.16347034  0.22211793 -0.66308576 -0.3147147   0.11929842  0.
  -0.11289145  0.         -0.01725222  0.09513053]
 [ 0.27039677  0.47698665 -0.6701559  -0.26735002  0.1525959   0.
  -0.02409201  0.         -0.03533321  0.14239824]
 [ 0.44213802  0.62710804 -0.6489718  -0.10900208  0.14294484  0.
   0.08199469  0.         -0.04325048  0.12842335]
 [ 0.2641511   0.0823225  -0.54382485 -0.14718145  0.09641549  0.
  -0.13902481  0.         -0.0089737   0.01860555]] 
Episode: 467: [[ 0.16966707  0.12178759 -0.63456535 -0.3286117   0.03896172  0.
  -0.08692177  0.          0.00317181  0.1201591 ]
 [ 0.1639089   0.222353   -0.6636004  -0.31430528  0.11927656  0.
  -0.11266681  0.         -0.01725222  0.09522128]
 [ 0.27074328  0.47730628 -0.6706926  -0.26696452  0.15259683  0.
  -0.02379893  0.         -0.03533321  0.142473  ]
 [ 0.4423816   0.62743723 -0.64952135 -0.10862822  0.14296228  0.
   0.08230422  0.         -0.04325048  0.12853292]
 [ 0.26456812  0.08223597 -0.5442748  -0.14679712  0.09629575  0.
  -0.13863648  0.         -0.0089737   0.01865064]] 
Episode: 468: [[ 0.17011482  0.12205062 -0.63512695 -0.32820624  0.03894745  0.
  -0.08680533  0.          0.00317181  0.12020852]
 [ 0.16434677  0.22255623 -0.6641458  -0.31390125  0.11924946  0.
  -0.11254272  0.         -0.01725222  0.09525886]
 [ 0.2710962   0.47758833 -0.6712519  -0.26658392  0.1525933   0.
  -0.02360731  0.         -0.03533321  0.14254941]
 [ 0.4426317   0.62773275 -0.6500911  -0.10825912  0.14297667  0.
   0.08252963  0.         -0.04325048  0.12864996]
 [ 0.26497564  0.0821546  -0.54476887 -0.14642619  0.09617732  0.
  -0.13834992  0.         -0.0089737   0.01858495]] 
Episode: 469: [[ 0.17047644  0.12225491 -0.6356735  -0.3279125   0.03893391  0.
  -0.08681521  0.          0.00317181  0.12025592]
 [ 0.16471234  0.22269996 -0.6646792  -0.31360528  0.11921927  0.
  -0.11254763  0.         -0.01725222  0.09526717]
 [ 0.27133223  0.47782022 -0.6717993  -0.26631367  0.15259242  0.
  -0.02354632  0.         -0.03533321  0.14266053]
 [ 0.44275054  0.62798303 -0.65065217 -0.10799912  0.14299487  0.
   0.08262222  0.         -0.04325048  0.12880725]
 [ 0.26536795  0.08202916 -0.5452581  -0.14613137  0.09605244  0.
  -0.13818406  0.         -0.0089737   0.01840871]] 
Episode: 470: [[ 0.17072102  0.12240241 -0.6362381  -0.3277102   0.03887919  0.
  -0.08670951  0.          0.00317181  0.12040714]
 [ 0.16496253  0.2227754  -0.66523105 -0.31340057  0.11914718  0.
  -0.11243556  0.         -0.01725222  0.09538049]
 [ 0.27142987  0.47802308 -0.6723641  -0.26613423  0.15256101  0.
  -0.02338007  0.         -0.03533321  0.14288622]
 [ 0.4427251   0.6282172  -0.6512217  -0.10783513  0.14298938  0.
   0.08281571  0.         -0.04325048  0.12908803]
 [ 0.2656471   0.08182354 -0.54574674 -0.14592054  0.09589755  0.
  -0.13790664  0.         -0.0089737   0.01830687]] 
Episode: 471: [[ 0.17087728  0.12249643 -0.6367746  -0.32754079  0.03881493  0.
  -0.08657228  0.          0.00317181  0.12064813]
 [ 0.16513175  0.22279093 -0.665759   -0.31322774  0.11906131  0.
  -0.11229383  0.         -0.01725222  0.09558169]
 [ 0.27141285  0.47819752 -0.67290056 -0.26598784  0.1525281   0.
  -0.02318143  0.         -0.03533321  0.14321111]
 [ 0.44259602  0.6284329  -0.65176266 -0.10770304  0.14298563  0.
   0.0830574   0.         -0.04325048  0.12946777]
 [ 0.26587558  0.08155873 -0.54623055 -0.14573143  0.09571871  0.
  -0.13762537  0.         -0.0089737   0.01826055]] 
Episode: 472: [[ 0.17098443  0.12248345 -0.6372664  -0.3274148   0.03872793  0.
  -0.08633418  0.          0.00317181  0.12094884]
 [ 0.16525283  0.22268854 -0.666245   -0.3130992   0.11894839  0.
  -0.11204977  0.         -0.01725222  0.09584384]
 [ 0.27133617  0.4783062  -0.6733903  -0.26588273  0.15248442  0.
  -0.02289125  0.         -0.03533321  0.14359854]
 [ 0.4424031   0.628602   -0.65225583 -0.1076127   0.1429757   0.
   0.08338509  0.         -0.04325048  0.12991473]
 [ 0.2660584   0.08117454 -0.54667926 -0.1455839   0.09550611  0.
  -0.13726252  0.         -0.0089737   0.0182614 ]] 
Episode: 473: [[ 0.17107862  0.12236869 -0.63774216 -0.3273368   0.03863325  0.
  -0.08617976  0.          0.00317181  0.12123156]
 [ 0.16535638  0.22248936 -0.66671926 -0.31301978  0.11882794  0.
  -0.11188463  0.         -0.01725222  0.09607921]
 [ 0.27125207  0.47833094 -0.67385405 -0.26581642  0.15243262  0.
  -0.02270176  0.         -0.03533321  0.14397813]
 [ 0.4422026   0.6287005  -0.65271354 -0.10755419  0.14295791  0.
   0.08362342  0.         -0.04325048  0.13035727]
 [ 0.26621497  0.08074381 -0.547131   -0.14547692  0.09529428  0.
  -0.13696432  0.         -0.0089737   0.01821971]] 
Episode: 474: [[ 0.17116244  0.12232293 -0.638266   -0.32725614  0.03855867  0.
  -0.08615555  0.          0.00317181  0.12140074]
 [ 0.16545486  0.22236611 -0.6672414  -0.3129317   0.11872651  0.
  -0.11185268  0.         -0.01725222  0.09617657]
 [ 0.27117842  0.47840595 -0.6743653  -0.26576012  0.1523995   0.
  -0.02264277  0.         -0.03533321  0.14425297]
 [ 0.44200736  0.62883025 -0.65321416 -0.10751612  0.14295623  0.
   0.08372755  0.         -0.04325048  0.13068272]
 [ 0.26640543  0.08037509 -0.54761326 -0.14534861  0.09509774  0.
  -0.1368246   0.         -0.0089737   0.01800888]] 
Episode: 475: [[ 0.17124794  0.12228224 -0.63881636 -0.3271893   0.03844294  0.
  -0.08614429  0.          0.00317181  0.12157834]
 [ 0.16555996  0.22223468 -0.6677905  -0.31285697  0.11858137  0.
  -0.11183777  0.         -0.01725222  0.09627481]
 [ 0.2711021   0.47849894 -0.67490906 -0.26571733  0.15233319  0.
  -0.02260093  0.         -0.03533321  0.14454283]
 [ 0.44180584  0.6289789  -0.65375423 -0.10749286  0.142927    0.
   0.08380687  0.         -0.04325048  0.13102119]
 [ 0.26663026  0.07994754 -0.54811513 -0.14522749  0.09485593  0.
  -0.13671881  0.         -0.0089737   0.01777103]] 
Episode: 476: [[ 0.17134818  0.12228961 -0.6393946  -0.32708663  0.03831327  0.
  -0.08624897  0.          0.00317181  0.12174498]
 [ 0.16567475  0.22215526 -0.66837007 -0.31274587  0.11842205  0.
  -0.11194107  0.         -0.01725222  0.09637938]
 [ 0.27104545  0.47862607 -0.6754703  -0.26564297  0.15225543  0.
  -0.02267488  0.         -0.03533321  0.14479794]
 [ 0.44162524  0.62915486 -0.6543001  -0.10743793  0.14288871  0.
   0.08376783  0.         -0.04325048  0.1313175 ]
 [ 0.266841    0.07956435 -0.54865736 -0.14507866  0.09460132  0.
  -0.13667998  0.         -0.0089737   0.01758565]] 
Episode: 477: [[ 0.17147565  0.12239155 -0.64002526 -0.32698193  0.03820108  0.
  -0.0864579   0.          0.00317181  0.12181651]
 [ 0.16581027  0.22217633 -0.669      -0.31262994  0.11828133  0.
  -0.11215064  0.         -0.01725222  0.09638435]
 [ 0.2710473   0.47881535 -0.67609394 -0.26557353  0.15219055  0.
  -0.022853    0.         -0.03533321  0.14494705]
 [ 0.44149885  0.6293742  -0.6549176  -0.10739372  0.14286487  0.
   0.08362233  0.         -0.04325048  0.13149358]
 [ 0.26706153  0.07926068 -0.54924613 -0.1449258   0.09436957  0.
  -0.13677365  0.         -0.0089737   0.01731664]] 
Episode: 478: [[ 0.17163803  0.12254476 -0.64073914 -0.3269172   0.03809731  0.
  -0.08676057  0.          0.00317181  0.1217419 ]
 [ 0.16597544  0.2222617  -0.6697135  -0.3125526   0.11814744  0.
  -0.11245576  0.         -0.01725222  0.09623108]
 [ 0.27113512  0.47903687 -0.6768105  -0.2655459   0.15213461  0.
  -0.02312478  0.         -0.03533321  0.14494067]
 [ 0.44143882  0.62961096 -0.65563506 -0.10740112  0.14284901  0.
   0.08338106  0.         -0.04325048  0.13151215]
 [ 0.26732448  0.07902101 -0.5499043  -0.14480121  0.09414382  0.
  -0.13698635  0.         -0.0089737   0.01689825]] 
Episode: 479: [[ 0.17176566  0.12273974 -0.64135885 -0.32683533  0.0380275   0.
  -0.08710116  0.          0.00317181  0.12171575]
 [ 0.16610648  0.2224057  -0.67033553 -0.3124572   0.11804904  0.
  -0.11282068  0.         -0.01725222  0.09611887]
 [ 0.2711755   0.4792612  -0.6774274  -0.2655085   0.1521049   0.
  -0.02339923  0.         -0.03533321  0.14499828]
 [ 0.441342    0.62983394 -0.6562458  -0.10740061  0.14285235  0.
   0.08318476  0.         -0.04325048  0.13159852]
 [ 0.2675522   0.07888316 -0.55048877 -0.14467081  0.09395158  0.
  -0.13730597  0.         -0.0089737   0.01648546]] 
Episode: 480: [[ 0.17191815  0.12295223 -0.6420129  -0.326719    0.03793753  0.
  -0.08730745  0.          0.00317181  0.12173175]
 [ 0.1662618   0.22255471 -0.67098874 -0.31232953  0.11792795  0.
  -0.11305019  0.         -0.01725222  0.09606393]
 [ 0.27123412  0.47950724 -0.6780836  -0.26543498  0.15205798  0.
  -0.02353452  0.         -0.03533321  0.1450823 ]
 [ 0.44126648  0.6300787  -0.65690327 -0.10736111  0.14283997  0.
   0.08311859  0.         -0.04325048  0.13170704]
 [ 0.26779538  0.07870933 -0.55109805 -0.14451987  0.09372461  0.
  -0.13750735  0.         -0.0089737   0.01615718]] 
Episode: 481: [[ 0.17202991  0.12313818 -0.64266866 -0.32670328  0.03784686  0.
  -0.08738545  0.          0.00317181  0.12174088]
 [ 0.16638196  0.22268708 -0.6716499  -0.3123013   0.11780674  0.
  -0.11318435  0.         -0.01725222  0.09597401]
 [ 0.2712543   0.47971654 -0.6787389  -0.26545432  0.15200992  0.
  -0.02354464  0.         -0.03533321  0.14519618]
 [ 0.44114184  0.63027984 -0.6575573  -0.10741286  0.14282371  0.
   0.08316948  0.         -0.04325048  0.131868  ]
 [ 0.26804122  0.07855648 -0.5517208  -0.14444728  0.09350408  0.
  -0.13775384  0.         -0.0089737   0.01571065]] 
Episode: 482: [[ 0.17227472  0.1234886  -0.6433267  -0.32650766  0.03786458  0.
  -0.08757033  0.          0.00317181  0.12169079]
 [ 0.16663338  0.2229866  -0.672308   -0.3120965   0.11780303  0.
  -0.1134094   0.         -0.01725222  0.09585111]
 [ 0.27141818  0.4800545  -0.6793963  -0.26530144  0.1520391   0.
  -0.02366531  0.         -0.03533321  0.14521247]
 [ 0.44117588  0.630586   -0.65821815 -0.10729537  0.14286737  0.
   0.08310487  0.         -0.04325048  0.13191526]
 [ 0.26839554  0.07852276 -0.5523378  -0.14424132  0.09339125  0.
  -0.13792957  0.         -0.0089737   0.01532243]] 
Episode: 483: [[ 0.17242287  0.12375031 -0.6440066  -0.32636952  0.03784752  0.
  -0.08764917  0.          0.00317181  0.12173919]
 [ 0.16679154  0.2231953  -0.6729891  -0.31194854  0.11776166  0.
  -0.11354721  0.         -0.01725222  0.09581453]
 [ 0.27146086  0.48032385 -0.6800738  -0.26520368  0.15204336  0.
  -0.02366235  0.         -0.03533321  0.14535479]
 [ 0.4410875   0.63083506 -0.658898   -0.10723005  0.14288975  0.
   0.0831571   0.         -0.04325048  0.13209765]
 [ 0.26867267  0.0784283  -0.55297107 -0.14407907  0.09324741  0.
  -0.13810526  0.         -0.0089737   0.01494776]] 
Episode: 484: [[ 0.17253923  0.12399003 -0.644674   -0.32624987  0.03780527  0.
  -0.08760538  0.          0.00317181  0.12182257]
 [ 0.16691452  0.22335927 -0.6736543  -0.31182083  0.11769502  0.
  -0.11355446  0.         -0.01725222  0.09582276]
 [ 0.2714698   0.4806001  -0.680746   -0.26511624  0.15202436  0.
  -0.02354819  0.         -0.03533321  0.14552462]
 [ 0.4409709   0.63110673 -0.6595709  -0.1071699   0.14289387  0.
   0.08331443  0.         -0.04325048  0.13231048]
 [ 0.26890025  0.0782359  -0.5535773  -0.1439377   0.09308118  0.
  -0.13819562  0.         -0.0089737   0.01463328]] 
Episode: 485: [[ 0.17272225  0.12422603 -0.6452922  -0.32604954  0.03776165  0.
  -0.08763082  0.          0.00317181  0.12190443]
 [ 0.16709723  0.22351661 -0.6742677  -0.31161308  0.11762898  0.
  -0.11362421  0.         -0.01725222  0.09585211]
 [ 0.27154845  0.480874   -0.6813607  -0.2649516   0.15200092  0.
  -0.02348644  0.         -0.03533321  0.14567111]
 [ 0.44093782  0.63138074 -0.6601862  -0.107031    0.14289042  0.
   0.08345618  0.         -0.04325048  0.13249192]
 [ 0.26913384  0.07804131 -0.55413675 -0.14372945  0.09292334  0.
  -0.1382943   0.         -0.0089737   0.0144157 ]] 
Episode: 486: [[ 0.17283528  0.12440553 -0.64584947 -0.3258666   0.03769069  0.
  -0.08753897  0.          0.00317181  0.12206068]
 [ 0.16720764  0.22360107 -0.6748178  -0.31142464  0.11753236  0.
  -0.1135702   0.         -0.01725222  0.09595958]
 [ 0.27154234  0.48113215 -0.68191594 -0.26480454  0.15196244  0.
  -0.02331931  0.         -0.03533321  0.14589241]
 [ 0.4408282   0.6316564  -0.66074103 -0.1069097   0.14287643  0.
   0.08369416  0.         -0.04325048  0.13274918]
 [ 0.2692772   0.07773852 -0.55462354 -0.14355257  0.09273053  0.
  -0.1383277   0.         -0.0089737   0.01427656]] 
Episode: 487: [[ 0.17300291  0.12462714 -0.6464406  -0.32561558  0.03765519  0.
  -0.08749038  0.          0.00317181  0.12217639]
 [ 0.1673721   0.2237222  -0.67539775 -0.31116757  0.11747451  0.
  -0.11354746  0.         -0.01725222  0.09604251]
 [ 0.27160054  0.481435   -0.6825095  -0.2645902   0.15195099  0.
  -0.02319853  0.         -0.03533321  0.146048  ]
 [ 0.4407893   0.63197625 -0.6613419  -0.10671657  0.14288579  0.
   0.08387805  0.         -0.04325048  0.13293193]
 [ 0.26946864  0.07743555 -0.5551318  -0.14331323  0.09257165  0.
  -0.13832958  0.         -0.0089737   0.01415989]] 
Episode: 488: [[ 0.1731869   0.12482192 -0.6471069  -0.3254474   0.03761322  0.
  -0.0875615   0.          0.00317181  0.12216522]
 [ 0.16755207  0.22382414 -0.67605007 -0.31098852  0.11741296  0.
  -0.11364385  0.         -0.01725222  0.09597508]
 [ 0.2717019   0.4817075  -0.68319386 -0.26446033  0.15193045  0.
  -0.02320154  0.         -0.03533321  0.14609376]
 [ 0.44077426  0.63226545 -0.662044   -0.10661196  0.14288893  0.
   0.08393296  0.         -0.04325048  0.13300046]
 [ 0.2696907   0.0771388  -0.5556827  -0.14311805  0.09242852  0.
  -0.13846049  0.         -0.0089737   0.01385688]] 
Episode: 489: [[ 0.17332639  0.12503597 -0.6477653  -0.32526043  0.03761044  0.
  -0.08759559  0.          0.00317181  0.12219166]
 [ 0.16768229  0.22393435 -0.6766939  -0.310794    0.11739015  0.
  -0.1137048   0.         -0.01725222  0.09596007]
 [ 0.2717614   0.48201022 -0.68386936 -0.26430812  0.15194362  0.
  -0.02314584  0.         -0.03533321  0.14616327]
 [ 0.44074067  0.6325865  -0.66273534 -0.10648254  0.14292105  0.
   0.08406471  0.         -0.04325048  0.13308975]
 [ 0.26984307  0.07680938 -0.5562225  -0.14292563  0.09231007  0.
  -0.13856035  0.         -0.0089737   0.01363443]] 
Episode: 490: [[ 0.17352535  0.12524495 -0.64844996 -0.32512906  0.03760978  0.
  -0.08774118  0.          0.00317181  0.12206125]
 [ 0.16786848  0.22405078 -0.67736477 -0.31065452  0.11736868  0.
  -0.11387656  0.         -0.01725222  0.09577709]
 [ 0.2719173   0.4822931  -0.68457013 -0.26420698  0.15195891  0.
  -0.02320745  0.         -0.03533321  0.14607823]
 [ 0.44077644  0.6328835  -0.6634513  -0.10640609  0.1429554   0.
   0.08407269  0.         -0.04325048  0.13303207]
 [ 0.27005708  0.07652353 -0.5567858  -0.14277786  0.09219208  0.
  -0.13877942  0.         -0.0089737   0.01326548]] 
Episode: 491: [[ 0.17372821  0.12546064 -0.6491946  -0.32505795  0.03758081  0.
  -0.08775729  0.          0.00317181  0.1219454 ]
 [ 0.1680606   0.22417572 -0.6780928  -0.3105746   0.11731919  0.
  -0.1139142   0.         -0.01725222  0.09558962]
 [ 0.27206928  0.48257676 -0.6853449  -0.2641596   0.15194567  0.
  -0.0231512   0.         -0.03533321  0.14603464]
 [ 0.44080284  0.63317895 -0.66425484 -0.10637827  0.1429638   0.
   0.08419041  0.         -0.04325048  0.13301925]
 [ 0.2702866   0.0762578  -0.55739254 -0.1426703   0.09205602  0.
  -0.13893837  0.         -0.0089737   0.01284031]] 
Episode: 492: [[ 0.17390487  0.12571572 -0.6499707  -0.3249945   0.03752872  0.
  -0.08768533  0.          0.00317181  0.12193222]
 [ 0.16823086  0.22434475 -0.6788544  -0.3105033   0.11724681  0.
  -0.113874    0.         -0.01725222  0.09549782]
 [ 0.2721731   0.4828778  -0.6861499  -0.26412517  0.1519132   0.
  -0.02300027  0.         -0.03533321  0.14610577]
 [ 0.44078308  0.63348514 -0.66508746 -0.10636684  0.14296004  0.
   0.08439566  0.         -0.04325048  0.13311836]
 [ 0.27050275  0.07603671 -0.55803156 -0.14257711  0.09190577  0.
  -0.13906547  0.         -0.0089737   0.01246702]] 
Episode: 493: [[ 0.1741029   0.12597664 -0.6506656  -0.3248988   0.03747149  0.
  -0.08773546  0.          0.00317181  0.12193327]
 [ 0.16842121  0.22452556 -0.67953455 -0.31039703  0.11717077  0.
  -0.11395472  0.         -0.01725222  0.09543562]
 [ 0.2722963   0.48317158 -0.6868666  -0.26406345  0.15187332  0.
  -0.02297613  0.         -0.03533321  0.14617717]
 [ 0.4407797   0.63378096 -0.66582423 -0.10632951  0.14294825  0.
   0.08447881  0.         -0.04325048  0.13322303]
 [ 0.27073073  0.07585157 -0.55860585 -0.142442    0.09175801  0.
  -0.13927248  0.         -0.0089737   0.01215804]] 
Episode: 494: [[ 0.17434129  0.12621245 -0.651314   -0.32478783  0.03742902  0.
  -0.0878073   0.          0.00317181  0.12188939]
 [ 0.16864608  0.22468999 -0.68017167 -0.31027728  0.11711153  0.
  -0.11405703  0.         -0.01725222  0.09532769]
 [ 0.2724646   0.48344073 -0.68752503 -0.26398396  0.15184435  0.
  -0.02295435  0.         -0.03533321  0.14621419]
 [ 0.4408353   0.6340582  -0.6664971  -0.1062741   0.14294359  0.
   0.08457896  0.         -0.04325048  0.13329916]
 [ 0.27095607  0.07571111 -0.55916    -0.14230433  0.09163328  0.
  -0.13946708  0.         -0.0089737   0.01185146]] 
Episode: 495: [[ 0.17445518  0.12627605 -0.6519399  -0.32478762  0.03728367  0.
  -0.08798687  0.          0.00317181  0.1219675 ]
 [ 0.16875084  0.22466207 -0.6807937  -0.31026602  0.11694667  0.
  -0.11426603  0.         -0.01725222  0.09534243]
 [ 0.27247265  0.48361555 -0.68815374 -0.26401353  0.15173507  0.
  -0.02304652  0.         -0.03533321  0.14637823]
 [ 0.44073382  0.63427174 -0.6671338  -0.10632683  0.14287288  0.
   0.08455845  0.         -0.04325048  0.13348787]
 [ 0.271101    0.07535607 -0.5597341  -0.14225093  0.09142709  0.
  -0.1397717   0.         -0.0089737   0.01159899]] 
Episode: 496: [[ 0.17481685  0.1263562  -0.6526809  -0.32462847  0.03708905  0.
  -0.08826333  0.          0.00317181  0.12186025]
 [ 0.16910687  0.22464997 -0.6815239  -0.31009555  0.11673217  0.
  -0.11457095  0.         -0.01725222  0.09521013]
 [ 0.27273238  0.48380074 -0.6888997  -0.2638871   0.151585    0.
  -0.02324118  0.         -0.03533321  0.14636964]
 [ 0.4408691   0.63450134 -0.6678931  -0.10622398  0.14276968  0.
   0.08442941  0.         -0.04325048  0.13351686]
 [ 0.27150616  0.07502925 -0.5604074  -0.14204378  0.09116647  0.
  -0.14003766  0.         -0.0089737   0.01134867]] 
Episode: 497: [[ 0.17512828  0.1263607  -0.6533834  -0.32449543  0.03686925  0.
  -0.08839718  0.          0.00317181  0.12181869]
 [ 0.1694228   0.22455518 -0.68222064 -0.30995196  0.11649016  0.
  -0.11472841  0.         -0.01725222  0.09513614]
 [ 0.27289557  0.48393258 -0.68960375 -0.2637849   0.15141574  0.
  -0.02330462  0.         -0.03533321  0.14644901]
 [ 0.44089413  0.6346909  -0.6686074  -0.10614078  0.1426494   0.
   0.08442385  0.         -0.04325048  0.13365486]
 [ 0.2718981   0.07462736 -0.5610676  -0.14185722  0.09087485  0.
  -0.14018033  0.         -0.0089737   0.01110608]] 
Episode: 498: [[ 0.17538755  0.12632461 -0.6541699  -0.32443404  0.03664653  0.
  -0.08840279  0.          0.00317181  0.12185889]
 [ 0.1696963   0.22441508 -0.6829975  -0.30987716  0.11624471  0.
  -0.11475325  0.         -0.01725222  0.0951406 ]
 [ 0.27298102  0.48404    -0.6904075  -0.2637561   0.15124321  0.
  -0.02325004  0.         -0.03533321  0.14660802]
 [ 0.44083685  0.63486576 -0.6694319  -0.10613207  0.14253055  0.
   0.08452939  0.         -0.04325048  0.13386631]
 [ 0.27229124  0.07417014 -0.5617812  -0.14171039  0.0905775   0.
  -0.140211    0.         -0.0089737   0.01089679]] 
Episode: 499: [[ 0.17559259  0.12629429 -0.6549575  -0.32434374  0.03646923  0.
  -0.08832891  0.          0.00317181  0.1219637 ]
 [ 0.16991648  0.2242671  -0.6837773  -0.30977452  0.11604186  0.
  -0.11469728  0.         -0.01725222  0.09522924]
 [ 0.2730052   0.4841769  -0.6912109  -0.26369846  0.15111604  0.
  -0.02309986  0.         -0.03533321  0.14680053]
 [ 0.44073084  0.63507324 -0.67025965 -0.10609327  0.14245349  0.
   0.08472811  0.         -0.04325048  0.13409902]
 [ 0.27263668  0.07364791 -0.56250894 -0.14154525  0.09029059  0.
  -0.14015828  0.         -0.0089737   0.01079787]] 
Episode: 500: [[ 0.17574401  0.12622613 -0.6557159  -0.32428586  0.03629309  0.
  -0.08837727  0.          0.00317181  0.12204309]
 [ 0.17008439  0.22408831 -0.6845324  -0.30970266  0.11583961  0.
  -0.11476374  0.         -0.01725222  0.09526753]
 [ 0.27298862  0.48426828 -0.69198513 -0.26366764  0.15098989  0.
  -0.02305054  0.         -0.03533321  0.14699931]
 [ 0.44058463  0.63523215 -0.6710556  -0.10607661  0.14237396  0.
   0.08487826  0.         -0.04325048  0.13435706]
 [ 0.27294198  0.07312715 -0.56322026 -0.14139283  0.09000812  0.
  -0.14024064  0.         -0.0089737   0.01059672]] 
Episode: 501: [[ 0.17588602  0.12623845 -0.65642756 -0.32418257  0.03612232  0.
  -0.088306    0.          0.00317181  0.12218663]
 [ 0.17024139  0.22399904 -0.6852419  -0.3095895   0.11564546  0.
  -0.11470678  0.         -0.01725222  0.09537362]
 [ 0.27295807  0.48441854 -0.6927105  -0.26358962  0.15086772  0.
  -0.0228945   0.         -0.03533321  0.14725566]
 [ 0.44042912  0.635433   -0.671805   -0.10601091  0.14229363  0.
   0.08512397  0.         -0.04325048  0.13467167]
 [ 0.27321798  0.07268778 -0.56389934 -0.14122564  0.08973414  0.
  -0.14019783  0.         -0.0089737   0.01046895]] 
Episode: 502: [[ 0.17610388  0.12624753 -0.65706074 -0.3240353   0.0360336   0.
  -0.08835661  0.          0.00317181  0.12227488]
 [ 0.17046982  0.22391894 -0.6858733  -0.30942997  0.11554003  0.
  -0.11477223  0.         -0.01725222  0.09542268]
 [ 0.2730151   0.4845459  -0.6933506  -0.26347443  0.15080306  0.
  -0.02286049  0.         -0.03533321  0.14746076]
 [ 0.4403675   0.6356078  -0.67246133 -0.10591184  0.14225598  0.
   0.08526552  0.         -0.04325048  0.1349348 ]
 [ 0.27352595  0.07231821 -0.5645117  -0.14101459  0.08955759  0.
  -0.14028816  0.         -0.0089737   0.01029525]] 
Episode: 503: [[ 0.17624542  0.12621678 -0.6578512  -0.324209    0.03587991  0.
  -0.08851682  0.          0.00317181  0.12225703]
 [ 0.17062968  0.22376497 -0.68666375 -0.3095852   0.11536519  0.
  -0.11494775  0.         -0.01725222  0.09533091]
 [ 0.27300304  0.48468715 -0.69415754 -0.2636547   0.15068945  0.
  -0.02294151  0.         -0.03533321  0.14755858]
 [ 0.4401993   0.63580626 -0.6732815  -0.1060934   0.14218158  0.
   0.08528225  0.         -0.04325048  0.13503143]
 [ 0.27385962  0.07173831 -0.5652537  -0.14100759  0.08932007  0.
  -0.14049888  0.         -0.0089737   0.00992374]] 
Episode: 504: [[ 0.17644519  0.1262189  -0.6586145  -0.32428625  0.03575932  0.
  -0.08854632  0.          0.00317181  0.12220152]
 [ 0.17083773  0.22363931 -0.6874189  -0.30964923  0.1152249   0.
  -0.11499855  0.         -0.01725222  0.09522144]
 [ 0.27306888  0.48485982 -0.6949497  -0.263734    0.1506022   0.
  -0.02290282  0.         -0.03533321  0.14759399]
 [ 0.4401249   0.6360347  -0.67409843 -0.10616991  0.14212915  0.
   0.08540791  0.         -0.04325048  0.135063  ]
 [ 0.27418545  0.07115679 -0.56593937 -0.1409436   0.08910395  0.
  -0.14059398  0.         -0.0089737   0.00961834]] 
Episode: 505: [[ 0.17661983  0.12622166 -0.6595733  -0.32435474  0.0356192   0.
  -0.08868745  0.          0.00317181  0.12208311]
 [ 0.17103404  0.2235282  -0.6883659  -0.30969873  0.11506383  0.
  -0.11516082  0.         -0.01725222  0.09500986]
 [ 0.27310273  0.4850164  -0.6959511  -0.26382464  0.1504994   0.
  -0.02297956  0.         -0.03533321  0.14760888]
 [ 0.4400023   0.6362321  -0.6751323  -0.10627514  0.14206421  0.
   0.08541039  0.         -0.04325048  0.13508183]
 [ 0.27456585  0.0706329  -0.5667578  -0.14085658  0.08886872  0.
  -0.1408089   0.         -0.0089737   0.00911298]] 
Episode: 506: [[ 0.17665918  0.12620467 -0.66053855 -0.3245489   0.03545972  0.
  -0.08884198  0.          0.00317181  0.12203886]
 [ 0.1710996   0.22340065 -0.6893236  -0.30987096  0.11487988  0.
  -0.11532824  0.         -0.01725222  0.09485999]
 [ 0.2729889   0.48514664 -0.6969569  -0.26403764  0.15038772  0.
  -0.02313455  0.         -0.03533321  0.1477022 ]
 [ 0.43975002  0.6364     -0.6761646  -0.10649905  0.141996    0.
   0.08530209  0.         -0.04325048  0.13515984]
 [ 0.27485138  0.07011467 -0.56758547 -0.14086959  0.08860769  0.
  -0.14102592  0.         -0.0089737   0.00860282]] 
Episode: 507: [[ 0.17660542  0.12608358 -0.66156805 -0.3247996   0.0352494   0.
  -0.08886633  0.          0.00317181  0.12211224]
 [ 0.1710773   0.22315237 -0.6903475  -0.3101002   0.11464163  0.
  -0.11536219  0.         -0.01725222  0.09482917]
 [ 0.27275938  0.48521098 -0.69803196 -0.26430866  0.15023585  0.
  -0.02316247  0.         -0.03533321  0.14792134]
 [ 0.43937498  0.63652766 -0.67727304 -0.10678694  0.14189562  0.
   0.08531515  0.         -0.04325048  0.13537115]
 [ 0.27508026  0.069474   -0.56848645 -0.14092992  0.08829184  0.
  -0.14116327  0.         -0.0089737   0.00818332]] 
Episode: 508: [[ 0.17656599  0.1260268  -0.6626351  -0.32497978  0.03507005  0.
  -0.08900286  0.          0.00317181  0.12221518]
 [ 0.17107014  0.22298305 -0.69141054 -0.31025985  0.11443674  0.
  -0.11550934  0.         -0.01725222  0.09482208]
 [ 0.2725391   0.48530838 -0.69914085 -0.26451853  0.15010448  0.
  -0.02329909  0.         -0.03533321  0.1481734 ]
 [ 0.4390038   0.6366757  -0.67841226 -0.10702005  0.14181083  0.
   0.08521643  0.         -0.04325048  0.13562568]
 [ 0.27532542  0.06893494 -0.56943613 -0.14094591  0.08800922  0.
  -0.14136899  0.         -0.0089737   0.00776033]] 
Episode: 509: [[ 0.17660174  0.12606055 -0.6636576  -0.325041    0.03492854  0.
  -0.089078    0.          0.00317181  0.12227574]
 [ 0.17112792  0.22290547 -0.69242424 -0.31030357  0.11427253  0.
  -0.1155955   0.         -0.01725222  0.09480011]
 [ 0.27241185  0.4854717  -0.7002     -0.26461017  0.15000011  0.
  -0.02332383  0.         -0.03533321  0.14835091]
 [ 0.438741    0.6368762  -0.6795     -0.10713185  0.14174415  0.
   0.08523805  0.         -0.04325048  0.13580495]
 [ 0.27557752  0.06846987 -0.57032365 -0.14087626  0.08775777  0.
  -0.1414864   0.         -0.0089737   0.00742199]] 
Episode: 510: [[ 0.17661968  0.1260867  -0.664643   -0.3250741   0.03477729  0.
  -0.0890309   0.          0.00317181  0.12242854]
 [ 0.17116897  0.22282264 -0.6933992  -0.31032145  0.11410003  0.
  -0.11555634  0.         -0.01725222  0.09487356]
 [ 0.27225626  0.48562363 -0.7012272  -0.26467746  0.14988476  0.
  -0.02323462  0.         -0.03533321  0.14861844]
 [ 0.43845144  0.63706183 -0.6805591  -0.10722143  0.14166568  0.
   0.08536792  0.         -0.04325048  0.13607897]
 [ 0.27580282  0.06801109 -0.57116574 -0.14080074  0.08750487  0.
  -0.14152749  0.         -0.0089737   0.00715934]] 
Episode: 511: [[ 0.17657103  0.12612407 -0.6655728  -0.3251078   0.03466162  0.
  -0.08902774  0.          0.00317181  0.12263939]
 [ 0.17114182  0.22274879 -0.69432205 -0.31034002  0.11396074  0.
  -0.11556416  0.         -0.01725222  0.09502577]
 [ 0.27203026  0.48579085 -0.7021966  -0.26474658  0.14980282  0.
  -0.02318341  0.         -0.03533321  0.14892201]
 [ 0.43810278  0.6372648  -0.68156093 -0.10731454  0.14161673  0.
   0.08547534  0.         -0.04325048  0.136388  ]
 [ 0.27595776  0.06754959 -0.5719773  -0.14073181  0.08726838  0.
  -0.14160426  0.         -0.0089737   0.00699339]] 
Episode: 512: [[ 0.17655423  0.12621482 -0.66644686 -0.32508406  0.03455513  0.
  -0.08913967  0.          0.00317181  0.12283498]
 [ 0.17113288  0.22273731 -0.6951928  -0.31030294  0.11383446  0.
  -0.11568793  0.         -0.01725222  0.09516739]
 [ 0.2718582   0.48599    -0.7030966  -0.26475865  0.1497244   0.
  -0.02324892  0.         -0.03533321  0.14920817]
 [ 0.4378226   0.63749194 -0.6824829  -0.10735036  0.14156948  0.
   0.08546147  0.         -0.04325048  0.13668485]
 [ 0.27607933  0.06716849 -0.5727622  -0.14062886  0.0870591   0.
  -0.14178692  0.         -0.0089737   0.00684796]] 
Episode: 513: [[ 0.17659889  0.12634921 -0.66721374 -0.32496312  0.03448724  0.
  -0.08924481  0.          0.00317181  0.12301417]
 [ 0.1711762   0.22277533 -0.69595015 -0.3101725   0.11375117  0.
  -0.11580705  0.         -0.01725222  0.09530395]
 [ 0.27175847  0.48621684 -0.7038925  -0.26467475  0.1496727   0.
  -0.02327081  0.         -0.03533321  0.14946741]
 [ 0.43762544  0.63773817 -0.6833046  -0.10729025  0.14153996  0.
   0.08553247  0.         -0.04325048  0.13696057]
 [ 0.27619025  0.0668406  -0.5734241  -0.14046791  0.08689672  0.
  -0.14193586  0.         -0.0089737   0.0067545 ]] 
Episode: 514: [[ 0.17659006  0.12644951 -0.66788286 -0.32490838  0.03442645  0.
  -0.08922453  0.          0.00317181  0.12325846]
 [ 0.17117386  0.2227813  -0.6966148  -0.31010747  0.11366952  0.
  -0.11579739  0.         -0.01725222  0.09550063]
 [ 0.271577    0.48641357 -0.7045783  -0.2646556   0.14964071  0.
  -0.02317884  0.         -0.03533321  0.14980727]
 [ 0.4373329   0.63795376 -0.68400896 -0.10729514  0.14153638  0.
   0.08570689  0.         -0.04325048  0.13733175]
 [ 0.2762765   0.06649776 -0.57402307 -0.14035538  0.08671264  0.
  -0.14193974  0.         -0.0089737   0.00669264]] 
Episode: 515: [[ 0.17649688  0.12651695 -0.66852665 -0.32490897  0.03436343  0.
  -0.08920728  0.          0.00317181  0.12357856]
 [ 0.17109647  0.2227578  -0.6972591  -0.3100969   0.11358346  0.
  -0.11579043  0.         -0.01725222  0.09576254]
 [ 0.2712901   0.4865717  -0.7052304  -0.26468834  0.14960788  0.
  -0.02310568  0.         -0.03533321  0.15023664]
 [ 0.43694672  0.6381316  -0.68466836 -0.10734797  0.1415299   0.
   0.08586401  0.         -0.04325048  0.1377909 ]
 [ 0.27633414  0.06615859 -0.574617   -0.14028138  0.08652385  0.
  -0.14195076  0.         -0.0089737   0.00663763]] 
Episode: 516: [[ 0.17639542  0.12655602 -0.6691252  -0.32488206  0.03430622  0.
  -0.08912143  0.          0.00317181  0.12393884]
 [ 0.17100994  0.22269061 -0.69785625 -0.3100613   0.11349794  0.
  -0.11572731  0.         -0.01725222  0.09607081]
 [ 0.27099034  0.48672244 -0.70584077 -0.26469406  0.14958704  0.
  -0.02292906  0.         -0.03533321  0.15070048]
 [ 0.43655285  0.63831425 -0.6852866  -0.10737489  0.14153941  0.
   0.08611602  0.         -0.04325048  0.13828622]
 [ 0.2763736   0.06575159 -0.5751657  -0.1402013   0.08631808  0.
  -0.14194272  0.         -0.0089737   0.00663429]] 
Episode: 517: [[ 0.17624648  0.12657052 -0.6696226  -0.3248714   0.03429009  0.
  -0.08905522  0.          0.00317181  0.12436017]
 [ 0.17087969  0.22259216 -0.6983591  -0.3100433   0.11344841  0.
  -0.11567713  0.         -0.01725222  0.09644771]
 [ 0.27063245  0.48686525 -0.7063382  -0.2647139   0.14960946  0.
  -0.02279435  0.         -0.03533321  0.15122178]
 [ 0.43610302  0.63849074 -0.6857844  -0.10741544  0.14158878  0.
   0.08631768  0.         -0.04325048  0.13884585]
 [ 0.2763769   0.06529915 -0.57565534 -0.14013773  0.08612292  0.
  -0.14192365  0.         -0.0089737   0.00669428]] 
Episode: 518: [[ 0.17612447  0.12656063 -0.6702248  -0.32495192  0.03426103  0.
  -0.08911083  0.          0.00317181  0.12464658]
 [ 0.17077851  0.22246438 -0.698966   -0.3101117   0.11338542  0.
  -0.11574914  0.         -0.01725222  0.09668756]
 [ 0.27033806  0.4870021  -0.70694345 -0.2648278   0.14962034  0.
  -0.02278501  0.         -0.03533321  0.15159248]
 [ 0.4356845   0.63866866 -0.68638694 -0.10755465  0.14163204  0.
   0.08638839  0.         -0.04325048  0.13925281]
 [ 0.27644858  0.0648068  -0.5762162  -0.1401282   0.08592247  0.
  -0.1420369   0.         -0.0089737   0.00662048]] 
Episode: 519: [[ 0.17607959  0.12663096 -0.6708519  -0.32505012  0.03422616  0.
  -0.08927599  0.          0.00317181  0.12478585]
 [ 0.1707472   0.22243397 -0.69959724 -0.31019527  0.11332079  0.
  -0.11593102  0.         -0.01725222  0.09677635]
 [ 0.27017066  0.48718694 -0.70757335 -0.26496536  0.14962254  0.
  -0.02288843  0.         -0.03533321  0.1517997 ]
 [ 0.43537036  0.6388796  -0.68701124 -0.10772565  0.14166626  0.
   0.08634131  0.         -0.04325048  0.13948275]
 [ 0.2765816   0.06443013 -0.5767808  -0.14013237  0.08574937  0.
  -0.14226902  0.         -0.0089737   0.00642447]] 
Episode: 520: [[ 0.17604114  0.1266955  -0.67148477 -0.32513678  0.03417324  0.
  -0.08950566  0.          0.00317181  0.12494548]
 [ 0.17072515  0.22240362 -0.7002357  -0.31026775  0.11323739  0.
  -0.11616694  0.         -0.01725222  0.09688047]
 [ 0.26999998  0.48736367 -0.7082101  -0.26509565  0.14961061  0.
  -0.02309327  0.         -0.03533321  0.15203042]
 [ 0.43505323  0.63908327 -0.68764704 -0.10789238  0.14168917  0.
   0.08618826  0.         -0.04325048  0.1397276 ]
 [ 0.27673385  0.06406903 -0.5773624  -0.14012846  0.08555989  0.
  -0.14250885  0.         -0.0089737   0.00622202]] 
Episode: 521: [[ 0.17606542  0.12674977 -0.672122   -0.32515743  0.03417262  0.
  -0.08982741  0.          0.00317181  0.12509893]
 [ 0.1707608   0.22238046 -0.7008804  -0.31027204  0.1132132   0.
  -0.11649629  0.         -0.01725222  0.09700821]
 [ 0.2698953   0.48752093 -0.7088371  -0.26516786  0.14963393  0.
  -0.02338932  0.         -0.03533321  0.15222855]
 [ 0.43482053  0.6392683  -0.6882622  -0.10800316  0.14173962  0.
   0.08593991  0.         -0.04325048  0.13993043]
 [ 0.27690944  0.06376217 -0.5779667  -0.14006144  0.08544124  0.
  -0.14280668  0.         -0.0089737   0.00615003]] 
Episode: 522: [[ 0.17598939  0.12677948 -0.6727862  -0.32531184  0.0341598   0.
  -0.09004176  0.          0.00317181  0.12527269]
 [ 0.170706    0.22234628 -0.7015551  -0.31041333  0.11317112  0.
  -0.11674967  0.         -0.01725222  0.09708696]
 [ 0.2696588   0.4876451  -0.7094902  -0.26535523  0.14965357  0.
  -0.02354396  0.         -0.03533321  0.15254419]
 [ 0.43445486  0.6394058  -0.68889934 -0.10821863  0.14178754  0.
   0.08582708  0.         -0.04325048  0.1402544 ]
 [ 0.27704158  0.06348745 -0.5785967  -0.14010976  0.08529668  0.
  -0.1431462   0.         -0.0089737   0.00587057]] 
Episode: 523: [[ 0.17592694  0.12680076 -0.6733535  -0.32545874  0.03416492  0.
  -0.09030802  0.          0.00317181  0.12538633]
 [ 0.17065333  0.2223019  -0.7021317  -0.31054953  0.11315081  0.
  -0.11707344  0.         -0.01725222  0.09708825]
 [ 0.26946697  0.48775682 -0.710045   -0.26553214  0.14968243  0.
  -0.02372083  0.         -0.03533321  0.15282209]
 [ 0.43413696  0.6395267  -0.6894392  -0.10842399  0.14183651  0.
   0.08572444  0.         -0.04325048  0.14055686]
 [ 0.27713063  0.06320556 -0.5791274  -0.14017029  0.08519034  0.
  -0.14358196  0.         -0.0089737   0.0054864 ]] 
Episode: 524: [[ 0.17586881  0.12677743 -0.67390585 -0.3256341   0.03417974  0.
  -0.09066277  0.          0.00317181  0.12546161]
 [ 0.17060646  0.22220156 -0.70269626 -0.31071192  0.11313909  0.
  -0.11748189  0.         -0.01725222  0.0970485 ]
 [ 0.26928356  0.48784497 -0.7105866  -0.26573873  0.14971772  0.
  -0.02399176  0.         -0.03533321  0.15305775]
 [ 0.43382266  0.6396299  -0.6899737  -0.10865791  0.1418878   0.
   0.08552137  0.         -0.04325048  0.14080665]
 [ 0.2772292   0.0628467  -0.57966125 -0.14024617  0.085087    0.
  -0.1440788   0.         -0.0089737   0.00505792]] 
Episode: 525: [[ 0.17578825  0.126751   -0.67441314 -0.32577592  0.03416961  0.
  -0.09086674  0.          0.00317181  0.1256111 ]
 [ 0.17053503  0.22209167 -0.7032158  -0.31084374  0.11309916  0.
  -0.11773218  0.         -0.01725222  0.09708475]
 [ 0.26906952  0.487941   -0.71108097 -0.26591566  0.14974146  0.
  -0.02412375  0.         -0.03533321  0.15336847]
 [ 0.43347815  0.63974416 -0.6904616  -0.10886753  0.14193338  0.
   0.08544935  0.         -0.04325048  0.14113882]
 [ 0.27728647  0.06246119 -0.58015555 -0.14031869  0.08494627  0.
  -0.14445041  0.         -0.0089737   0.00467752]] 
Episode: 526: [[ 0.17572087  0.12675554 -0.6749381  -0.32590503  0.03409857  0.
  -0.09093513  0.          0.00317181  0.12584043]
 [ 0.17047891  0.22201377 -0.70375013 -0.31096393  0.11300343  0.
  -0.11784026  0.         -0.01725222  0.09721076]
 [ 0.2688552   0.48805937 -0.7115995  -0.26607656  0.14970829  0.
  -0.02413077  0.         -0.03533321  0.15374467]
 [ 0.43313304  0.63988006 -0.69098324 -0.10905703  0.14192964  0.
   0.0854952   0.         -0.04325048  0.14153254]
 [ 0.27735507  0.06210124 -0.58066076 -0.14038007  0.0847738   0.
  -0.14465418  0.         -0.0089737   0.00439263]] 
Episode: 527: [[ 0.17568102  0.1268251  -0.6754677  -0.32602698  0.03408252  0.
  -0.09111173  0.          0.00317181  0.12593257]
 [ 0.17045583  0.22201677 -0.70429116 -0.3110708   0.11296578  0.
  -0.11805452  0.         -0.01725222  0.09717925]
 [ 0.26868472  0.4882165  -0.71212405 -0.2662397   0.14971825  0.
  -0.02424879  0.         -0.03533321  0.15399702]
 [ 0.4328276   0.6400346  -0.6915135  -0.10925246  0.14196174  0.
   0.08542583  0.         -0.04325048  0.14179212]
 [ 0.27749243  0.06183423 -0.5811812  -0.14041162  0.08465827  0.
  -0.1449677   0.         -0.0089737   0.00393344]] 
Episode: 528: [[ 0.17576993  0.12697582 -0.6760282  -0.32601482  0.03410968  0.
  -0.09128611  0.          0.00317181  0.12597577]
 [ 0.17055674  0.22209585 -0.70485663 -0.3110481   0.1129727   0.
  -0.11823501  0.         -0.01725222  0.09712753]
 [ 0.26866564  0.4884459  -0.7126864  -0.26626655  0.14976394  0.
  -0.0244016   0.         -0.03533321  0.15415695]
 [ 0.4326896   0.64025724 -0.6920907  -0.10930905  0.14202726  0.
   0.08527537  0.         -0.04325048  0.1419425 ]
 [ 0.2777202   0.06159506 -0.5817115  -0.14035161  0.08456624  0.
  -0.14513004  0.         -0.0089737   0.0035535 ]] 
Episode: 529: [[ 0.17599086  0.1271765  -0.67657906 -0.32585672  0.03417153  0.
  -0.09155816  0.          0.00317181  0.12593271]
 [ 0.17078054  0.22223808 -0.7054057  -0.310881    0.11302016  0.
  -0.1185145   0.         -0.01725222  0.09699906]
 [ 0.2687944   0.4886937  -0.7132374  -0.26615056  0.14982979  0.
  -0.02463946  0.         -0.03533321  0.1542234 ]
 [ 0.43270624  0.64048964 -0.6926585  -0.10922194  0.1421028   0.
   0.08508266  0.         -0.04325048  0.14201257]
 [ 0.27801433  0.06144489 -0.58221394 -0.14017445  0.08451909  0.
  -0.14532283  0.         -0.0089737   0.00316456]] 
Episode: 530: [[ 0.17611468  0.12729183 -0.67709184 -0.32573748  0.03420658  0.
  -0.09173355  0.          0.00317181  0.12595138]
 [ 0.1709102   0.22228853 -0.7059221  -0.3107544   0.11303419  0.
  -0.11871912  0.         -0.01725222  0.09691348]
 [ 0.26880735  0.48888618 -0.71374446 -0.26607156  0.1498837   0.
  -0.0247417   0.         -0.03533321  0.15437981]
 [ 0.43262446  0.64067996 -0.69317144 -0.10917175  0.14217155  0.
   0.08501998  0.         -0.04325048  0.1421781 ]
 [ 0.27823055  0.06119153 -0.58269936 -0.1400423   0.08441879  0.
  -0.14552659  0.         -0.0089737   0.00275329]] 
Episode: 531: [[ 0.17615956  0.1273547  -0.6776711  -0.32563305  0.03424195  0.
  -0.09200654  0.          0.00317181  0.12606463]
 [ 0.170968    0.22228199 -0.70651424 -0.3106433   0.11304793  0.
  -0.11902037  0.         -0.01725222  0.09692396]
 [ 0.2687117   0.48904067 -0.71430933 -0.26600578  0.14993641  0.
  -0.02494542  0.         -0.03533321  0.15463012]
 [ 0.43244243  0.6408437  -0.69373584 -0.10913178  0.1422399   0.
   0.0848529   0.         -0.04325048  0.1424304 ]
 [ 0.27842093  0.06087509 -0.58328575 -0.13991457  0.08431871  0.
  -0.14580183  0.         -0.0089737   0.00238965]] 
Episode: 532: [[ 0.17625345  0.12747882 -0.6782428  -0.32545698  0.03431196  0.
  -0.09231117  0.          0.00317181  0.12614314]
 [ 0.17106542  0.22232924 -0.70709074 -0.31046224  0.11309659  0.
  -0.11934621  0.         -0.01725222  0.09691847]
 [ 0.26868105  0.48925465 -0.71486837 -0.265868    0.15001781  0.
  -0.02517886  0.         -0.03533321  0.15481974]
 [ 0.43233645  0.6410649  -0.6942922  -0.10901799  0.14233366  0.
   0.08465891  0.         -0.04325048  0.14262062]
 [ 0.27860147  0.06056387 -0.5838261  -0.13974158  0.08423986  0.
  -0.14605683  0.         -0.0089737   0.00207325]] 
Episode: 533: [[ 0.17633896  0.12760726 -0.67881155 -0.32530415  0.03434509  0.
  -0.09246999  0.          0.00317181  0.12629029]
 [ 0.17115748  0.2223853  -0.70766425 -0.3103054   0.11310834  0.
  -0.11952211  0.         -0.01725222  0.0969796 ]
 [ 0.2686277   0.48946974 -0.715434   -0.26574925  0.15006737  0.
  -0.02527708  0.         -0.03533321  0.15508072]
 [ 0.432196    0.6412825  -0.6948682  -0.10892006  0.14239602  0.
   0.08459512  0.         -0.04325048  0.14288689]
 [ 0.27877954  0.06026888 -0.5843647  -0.13958694  0.08412752  0.
  -0.14615558  0.         -0.0089737   0.00179026]] 
Episode: 534: [[ 0.17628902  0.12770817 -0.6793801  -0.3253166   0.03436607  0.
  -0.09272806  0.          0.00317181  0.12653717]
 [ 0.17112406  0.2224284  -0.70824814 -0.3103114   0.11311055  0.
  -0.11979752  0.         -0.01725222  0.09712862]
 [ 0.26840693  0.48964304 -0.71598524 -0.26578766  0.15010357  0.
  -0.02547723  0.         -0.03533321  0.15545538]
 [ 0.43188372  0.6414526  -0.69541436 -0.10897564  0.14244634  0.
   0.08442699  0.         -0.04325048  0.14325589]
 [ 0.2788955   0.06000152 -0.58494544 -0.13953622  0.08403113  0.
  -0.14630063  0.         -0.0089737   0.00153506]] 
Episode: 535: [[ 0.17615604  0.12781481 -0.679933   -0.32534024  0.03439111  0.
  -0.09289569  0.          0.00317181  0.12684245]
 [ 0.17101054  0.22247113 -0.70882106 -0.3103288   0.11310942  0.
  -0.12001512  0.         -0.01725222  0.09731737]
 [ 0.26808596  0.4898293  -0.7165127  -0.26583585  0.15015464  0.
  -0.02554557  0.         -0.03533321  0.15591627]
 [ 0.43147808  0.641632   -0.6959298  -0.10903961  0.1425137   0.
   0.08438642  0.         -0.04325048  0.1437272 ]
 [ 0.27895892  0.05969745 -0.58554214 -0.13949175  0.0838998   0.
  -0.1465083   0.         -0.0089737   0.00122385]] 
Episode: 536: [[ 0.17605478  0.12790912 -0.6804904  -0.3253855   0.03437334  0.
  -0.09293126  0.          0.00317181  0.1271651 ]
 [ 0.17092991  0.22250879 -0.70939624 -0.3103677   0.11306553  0.
  -0.12010285  0.         -0.01725222  0.0975212 ]
 [ 0.2677978   0.4899961  -0.7170462  -0.26590356  0.15016888  0.
  -0.02549535  0.         -0.03533321  0.15639438]
 [ 0.43109795  0.641792   -0.6964507  -0.10912244  0.14255081  0.
   0.0844606   0.         -0.04325048  0.14421336]
 [ 0.279054    0.05941456 -0.58613497 -0.1394589   0.08373648  0.
  -0.14664532  0.         -0.0089737   0.00090972]] 
Episode: 537: [[ 1.7592655e-01  1.2798306e-01 -6.8107420e-01 -3.2543856e-01
   3.4350473e-02  0.0000000e+00 -9.3049228e-02  0.0000000e+00
   3.1718132e-03  1.2752785e-01]
 [ 1.7083015e-01  2.2253235e-01 -7.0999706e-01 -3.1041205e-01
   1.1301860e-01  0.0000000e+00 -1.2026669e-01  0.0000000e+00
  -1.7252218e-02  9.7761035e-02]
 [ 2.6746851e-01  4.9013734e-01 -7.1761012e-01 -2.6598075e-01
   1.5017475e-01  0.0000000e+00 -2.5552835e-02  0.0000000e+00
  -3.5333209e-02  1.5691523e-01]
 [ 4.3067110e-01  6.4193255e-01 -6.9700432e-01 -1.0921504e-01
   1.4258094e-01  0.0000000e+00  8.4421970e-02  0.0000000e+00
  -4.3250479e-02  1.4474429e-01]
 [ 2.7916136e-01  5.9155714e-02 -5.8674949e-01 -1.3941865e-01
   8.3583146e-02  0.0000000e+00 -1.4682627e-01  0.0000000e+00
  -8.9737000e-03  6.0364179e-04]] 
Episode: 538: [[ 1.75837457e-01  1.28083780e-01 -6.81722522e-01 -3.25507522e-01
   3.43250781e-02  0.00000000e+00 -9.32705849e-02  0.00000000e+00
   3.17181321e-03  1.27753615e-01]
 [ 1.70768499e-01  2.22591311e-01 -7.10656941e-01 -3.10466051e-01
   1.12969205e-01  0.00000000e+00 -1.20531350e-01  0.00000000e+00
  -1.72522180e-02  9.78614390e-02]
 [ 2.67212868e-01  4.90288824e-01 -7.18249917e-01 -2.66083896e-01
   1.50177315e-01  0.00000000e+00 -2.57162228e-02  0.00000000e+00
  -3.53332087e-02  1.57285154e-01]
 [ 4.30295616e-01  6.42073452e-01 -6.97638452e-01 -1.09340020e-01
   1.42606765e-01  0.00000000e+00  8.42765793e-02  0.00000000e+00
  -4.32504788e-02  1.45116657e-01]
 [ 2.79311895e-01  5.89527823e-02 -5.87383807e-01 -1.39365032e-01
   8.34359229e-02  0.00000000e+00 -1.47119820e-01  0.00000000e+00
  -8.97369999e-03  1.94289911e-04]] 
Episode: 539: [[ 1.75760195e-01  1.28189236e-01 -6.82385027e-01 -3.25624377e-01
   3.43056619e-02  0.00000000e+00 -9.35849100e-02  0.00000000e+00
   3.17181321e-03  1.27882674e-01]
 [ 1.70719489e-01  2.22660944e-01 -7.11330891e-01 -3.10565472e-01
   1.12928338e-01  0.00000000e+00 -1.20886646e-01  0.00000000e+00
  -1.72522180e-02  9.78497490e-02]
 [ 2.66986638e-01  4.90426064e-01 -7.18904853e-01 -2.66233146e-01
   1.50177807e-01  0.00000000e+00 -2.59748623e-02  0.00000000e+00
  -3.53332087e-02  1.57573462e-01]
 [ 4.29940045e-01  6.42196417e-01 -6.98292434e-01 -1.09510832e-01
   1.42627582e-01  0.00000000e+00  8.40351582e-02  0.00000000e+00
  -4.32504788e-02  1.45416856e-01]
 [ 2.79496014e-01  5.87968305e-02 -5.88022113e-01 -1.39340073e-01
   8.33110884e-02  0.00000000e+00 -1.47514507e-01  0.00000000e+00
  -8.97369999e-03 -3.42813175e-04]] 
Episode: 540: [[ 0.17591897  0.12824191 -0.6832183  -0.32559204  0.03423888  0.
  -0.09398282  0.          0.00317181  0.12779751]
 [ 0.17091785  0.22267435 -0.71217006 -0.3105115   0.1128357   0.
  -0.12132343  0.         -0.01725222  0.09762937]
 [ 0.2670157   0.49053597 -0.71973854 -0.26624513  0.15015107  0.
  -0.02631917  0.         -0.03533321  0.15767421]
 [ 0.42981997  0.64230543 -0.69913864 -0.10954902  0.14263028  0.
   0.08370736  0.         -0.04325048  0.14554459]
 [ 0.27996656  0.0585902  -0.5888006  -0.13916184  0.08311491  0.
  -0.14795814  0.         -0.0089737  -0.00097829]] 
Episode: 541: [[ 0.17604436  0.12828934 -0.6840664  -0.32560202  0.03416124  0.
  -0.09432856  0.          0.00317181  0.12776557]
 [ 0.17108467  0.2226758  -0.71302456 -0.31049955  0.1127317   0.
  -0.12171091  0.         -0.01725222  0.09745865]
 [ 0.26700112  0.49064335 -0.7205898  -0.26630235  0.1501142   0.
  -0.02663113  0.         -0.03533321  0.1578307 ]
 [ 0.42966092  0.6424117  -0.70000553 -0.10963485  0.142627    0.
   0.08337975  0.         -0.04325048  0.14572102]
 [ 0.28042123  0.0583624  -0.5895955  -0.1390193   0.0829141   0.
  -0.14838265  0.         -0.0089737  -0.00161116]] 
Episode: 542: [[ 0.17605722  0.12823892 -0.6849727  -0.32571548  0.03407584  0.
  -0.09464677  0.          0.00317181  0.12780535]
 [ 0.17114356  0.2225675  -0.71393716 -0.31059173  0.11261824  0.
  -0.12206702  0.         -0.01725222  0.09734491]
 [ 0.26684952  0.49068385 -0.72150654 -0.26645604  0.1500733   0.
  -0.02694849  0.         -0.03533321  0.15807633]
 [ 0.42937168  0.64247614 -0.70094335 -0.10981546  0.1426262   0.
   0.08302446  0.         -0.04325048  0.14598578]
 [ 0.28079608  0.0580349  -0.59043425 -0.13896294  0.08271428  0.
  -0.14878479  0.         -0.0089737  -0.00225325]] 
Episode: 543: [[ 0.17619967  0.12825587 -0.6858556  -0.3257178   0.03398265  0.
  -0.09504841  0.          0.00317181  0.12772347]
 [ 0.17132238  0.22252615 -0.7148252  -0.31056982  0.11250077  0.
  -0.12250476  0.         -0.01725222  0.09713798]
 [ 0.26684096  0.49077386 -0.7223908  -0.26650575  0.15002117  0.
  -0.02734012  0.         -0.03533321  0.15818089]
 [ 0.42921883  0.64258003 -0.70184225 -0.10989434  0.14261147  0.
   0.08261723  0.         -0.04325048  0.14612216]
 [ 0.2812295   0.0577662  -0.59125656 -0.13878947  0.08251906  0.
  -0.14917155  0.         -0.0089737  -0.00285615]] 
Episode: 544: [[ 0.17633693  0.12829965 -0.6867465  -0.32579756  0.03391907  0.
  -0.09552506  0.          0.00317181  0.12755358]
 [ 0.17149033  0.22250935 -0.7157186  -0.3106235   0.11241195  0.
  -0.12301588  0.         -0.01725222  0.09684128]
 [ 0.26685673  0.49088618 -0.72329235 -0.26663032  0.14999221  0.
  -0.02780429  0.         -0.03533321  0.15818146]
 [ 0.42908755  0.6427003  -0.70276093 -0.11004861  0.14261907  0.
   0.08214004  0.         -0.04325048  0.14613228]
 [ 0.28165337  0.05750874 -0.59206325 -0.13866958  0.08235247  0.
  -0.14965042  0.         -0.0089737  -0.00354368]] 
Episode: 545: [[ 0.17645027  0.12832741 -0.6875551  -0.32582995  0.03383898  0.
  -0.09596466  0.          0.00317181  0.12747456]
 [ 0.1716278   0.2224688  -0.7165266  -0.31063187  0.11231009  0.
  -0.12349345  0.         -0.01725222  0.09666047]
 [ 0.26684418  0.4909928  -0.72411025 -0.2667102   0.14994398  0.
  -0.02820617  0.         -0.03533321  0.1582469 ]
 [ 0.42894214  0.64282095 -0.70359355 -0.11015962  0.14260562  0.
   0.08175169  0.         -0.04325048  0.14620323]
 [ 0.28200343  0.05722557 -0.5927857  -0.13853258  0.08218944  0.
  -0.15009934  0.         -0.0089737  -0.00407873]] 
Episode: 546: [[ 0.17659459  0.12840864 -0.68831384 -0.32582554  0.03377099  0.
  -0.09647555  0.          0.00317181  0.12737365]
 [ 0.1717891   0.22249606 -0.7172864  -0.31060126  0.1122256   0.
  -0.12404048  0.         -0.01725222  0.09647907]
 [ 0.26687288  0.49112555 -0.7248718  -0.26675454  0.14989987  0.
  -0.02867965  0.         -0.03533321  0.15826832]
 [ 0.42884487  0.64295876 -0.7043643  -0.11023355  0.14259246  0.
   0.08129141  0.         -0.04325048  0.14623122]
 [ 0.28234372  0.05702887 -0.5934793  -0.13835575  0.08205708  0.
  -0.15063007  0.         -0.0089737  -0.00455918]] 
Episode: 547: [[ 0.17669469  0.12844232 -0.6889767  -0.32583618  0.03370318  0.
  -0.09681981  0.          0.00317181  0.12737013]
 [ 0.17190523  0.22246462 -0.71795255 -0.3105909   0.11214194  0.
  -0.12441522  0.         -0.01725222  0.0964029 ]
 [ 0.26684353  0.49123687 -0.7255341  -0.2668062   0.14985748  0.
  -0.02899379  0.         -0.03533321  0.15838532]
 [ 0.42869166  0.6430803  -0.70503104 -0.11031549  0.14257683  0.
   0.08098809  0.         -0.04325048  0.14636138]
 [ 0.28261822  0.05675826 -0.59409255 -0.13822174  0.08191912  0.
  -0.15097629  0.         -0.0089737  -0.00494077]] 
Episode: 548: [[ 0.17689133  0.12852597 -0.6896281  -0.32577458  0.0336643   0.
  -0.09724484  0.          0.00317181  0.12733305]
 [ 0.172116    0.22249225 -0.71860605 -0.31050935  0.11209258  0.
  -0.12486254  0.         -0.01725222  0.09632002]
 [ 0.26692224  0.4913814  -0.7261826  -0.26678655  0.14983302  0.
  -0.02938827  0.         -0.03533321  0.15842688]
 [ 0.42864865  0.6432317  -0.7056824  -0.11032715  0.14257477  0.
   0.08060439  0.         -0.04325048  0.146409  ]
 [ 0.28296128  0.056549   -0.59470564 -0.13803098  0.08182244  0.
  -0.15125869  0.         -0.0089737  -0.0052206 ]] 
Episode: 549: [[ 0.1771239   0.1286618  -0.69022983 -0.32560194  0.03365345  0.
  -0.09752849  0.          0.00317181  0.12734789]
 [ 0.17235728  0.22255448 -0.71920836 -0.3103195   0.1120724   0.
  -0.12517366  0.         -0.01725222  0.09632231]
 [ 0.26702672  0.49158624 -0.7267783  -0.26665598  0.14982732  0.
  -0.02963139  0.         -0.03533321  0.15848882]
 [ 0.42864054  0.6434368  -0.7062833  -0.11022159  0.14257665  0.
   0.08036991  0.         -0.04325048  0.14647394]
 [ 0.28329346  0.05631781 -0.5952743  -0.13776326  0.08173648  0.
  -0.15142244  0.         -0.0089737  -0.00534558]] 
Episode: 550: [[ 0.1773364   0.12881252 -0.6907773  -0.32540995  0.03360756  0.
  -0.09766842  0.          0.00317181  0.1274623 ]
 [ 0.17258133  0.22263762 -0.7197584  -0.31011388  0.11202078  0.
  -0.12533624  0.         -0.01725222  0.09641624]
 [ 0.26709163  0.49179247 -0.7273175  -0.2665033   0.14978583  0.
  -0.02973838  0.         -0.03533321  0.158663  ]
 [ 0.4285985   0.6436347  -0.706832   -0.11009143  0.14254144  0.
   0.08026968  0.         -0.04325048  0.14665802]
 [ 0.28360865  0.05611616 -0.59581274 -0.13749935  0.08163229  0.
  -0.1514386   0.         -0.0089737  -0.00542715]] 
Episode: 551: [[ 0.17744079  0.12899536 -0.6914053  -0.3252815   0.03354098  0.
  -0.09767907  0.          0.00317181  0.12771767]
 [ 0.17270675  0.22275828 -0.7203901  -0.30997077  0.11194789  0.
  -0.12536526  0.         -0.01725222  0.09662362]
 [ 0.26701003  0.4920071  -0.72794724 -0.2664183   0.14972672  0.
  -0.0297229   0.         -0.03533321  0.158978  ]
 [ 0.42840472  0.6438319  -0.70747685 -0.11003264  0.14249158  0.
   0.0802902   0.         -0.04325048  0.14696585]
 [ 0.28386748  0.05593332 -0.59641415 -0.13729128  0.08150633  0.
  -0.1513683   0.         -0.0089737  -0.00550215]] 
Episode: 552: [[ 0.17751348  0.12912935 -0.692029   -0.32513177  0.03347244  0.
  -0.09774258  0.          0.00317181  0.12802184]
 [ 0.17280167  0.22282892 -0.72102016 -0.30980688  0.11187115  0.
  -0.12544508  0.         -0.01725222  0.0968846 ]
 [ 0.26688984  0.49218675 -0.728567   -0.26631585  0.14966844  0.
  -0.0297687   0.         -0.03533321  0.15934397]
 [ 0.4281788   0.6440009  -0.7081058  -0.10995678  0.14244269  0.
   0.08026257  0.         -0.04325048  0.14732727]
 [ 0.2840968   0.05572095 -0.5970171  -0.13707314  0.08137159  0.
  -0.1513367   0.         -0.0089737  -0.00553668]] 
Episode: 553: [[ 0.17752562  0.12929161 -0.6926402  -0.32503626  0.03341205  0.
  -0.09768444  0.          0.00317181  0.1283981 ]
 [ 0.17284569  0.2229227  -0.72163785 -0.3096978   0.11179869  0.
  -0.1253996   0.         -0.01725222  0.09720993]
 [ 0.2666819   0.49238923 -0.72917134 -0.2662611   0.14962019  0.
  -0.02969813  0.         -0.03533321  0.15979595]
 [ 0.4278702   0.64418757 -0.7087205  -0.10992274  0.14240275  0.
   0.08034849  0.         -0.04325048  0.14778134]
 [ 0.28431597  0.0555109  -0.5976055  -0.1368922   0.08122627  0.
  -0.15121104  0.         -0.0089737  -0.00555771]] 
Episode: 554: [[ 0.17751649  0.12941925 -0.69325215 -0.3249279   0.03332454  0.
  -0.09759465  0.          0.00317181  0.12877023]
 [ 0.17286032  0.22297888 -0.7222565  -0.30957964  0.11169808  0.
  -0.125336    0.         -0.01725222  0.09752008]
 [ 0.26646113  0.49257103 -0.7297757  -0.26618814  0.14955114  0.
  -0.02954998  0.         -0.03533321  0.16026038]
 [ 0.4275615   0.6443597  -0.709332   -0.10986898  0.14234675  0.
   0.08053655  0.         -0.04325048  0.1482565 ]
 [ 0.28447556  0.05525966 -0.5981973  -0.13672769  0.08105361  0.
  -0.15111719  0.         -0.0089737  -0.00561668]] 
Episode: 555: [[ 0.17739366  0.1294818  -0.69383055 -0.3249046   0.03328838  0.
  -0.09760159  0.          0.00317181  0.12919414]
 [ 0.17276286  0.22296877 -0.7228493  -0.30954847  0.11164518  0.
  -0.12535538  0.         -0.01725222  0.09786078]
 [ 0.26611164  0.49271488 -0.73033476 -0.26618922  0.14953102  0.
  -0.02952847  0.         -0.03533321  0.16079448]
 [ 0.42714095  0.6445049  -0.70988375 -0.1098813   0.14233667  0.
   0.08059504  0.         -0.04325048  0.14878821]
 [ 0.2845525   0.0549438  -0.59878737 -0.13663886  0.08090744  0.
  -0.15105888  0.         -0.0089737  -0.00569883]] 
Episode: 556: [[ 0.17734104  0.12959799 -0.6943801  -0.32480937  0.03326426  0.
  -0.09753602  0.          0.00317181  0.12958536]
 [ 0.17272721  0.22301358 -0.7234066  -0.30944565  0.111607    0.
  -0.12530556  0.         -0.01725222  0.09819069]
 [ 0.26584426  0.49289125 -0.73086613 -0.2661189   0.14951357  0.
  -0.02939736  0.         -0.03533321  0.16127867]
 [ 0.42681488  0.6446716  -0.7104144  -0.10982016  0.14232102  0.
   0.08075836  0.         -0.04325048  0.14927176]
 [ 0.28463358  0.05468295 -0.59932935 -0.13648973  0.08077554  0.
  -0.15093492  0.         -0.0089737  -0.00571704]] 
Episode: 557: [[ 0.17751443  0.12973088 -0.69499916 -0.3245764   0.03321832  0.
  -0.09759248  0.          0.00317181  0.12975755]
 [ 0.17292154  0.22308779 -0.7240308  -0.30920327  0.11154588  0.
  -0.12537827  0.         -0.01725222  0.09830386]
 [ 0.26583478  0.49306527 -0.7314677  -0.26591706  0.14948085  0.
  -0.02939112  0.         -0.03533321  0.16155522]
 [ 0.42672536  0.64484024 -0.71101904 -0.10963052  0.1422959   0.
   0.08079464  0.         -0.04325048  0.14956406]
 [ 0.2849648   0.0544772  -0.59995216 -0.13620313  0.08060213  0.
  -0.15079077  0.         -0.0089737  -0.00585099]] 
Episode: 558: [[ 0.17761189  0.12985912 -0.69556683 -0.3243805   0.03321889  0.
  -0.09752787  0.          0.00317181  0.1299986 ]
 [ 0.17304459  0.22315861 -0.72461003 -0.3089976   0.11152906  0.
  -0.12532622  0.         -0.01725222  0.09845477]
 [ 0.26573056  0.49323696 -0.7320133  -0.26575646  0.14949343  0.
  -0.02927381  0.         -0.03533321  0.16194493]
 [ 0.4265317   0.64500135 -0.71156645 -0.10948755  0.14231452  0.
   0.08093792  0.         -0.04325048  0.14996901]
 [ 0.28524572  0.05426557 -0.60055155 -0.13595268  0.08045365  0.
  -0.15067019  0.         -0.0089737  -0.00604143]] 
Episode: 559: [[ 0.17772287  0.12999673 -0.69609934 -0.32417297  0.03319542  0.
  -0.09735438  0.          0.00317181  0.13027503]
 [ 0.17317498  0.22323573 -0.725155   -0.30878288  0.11148915  0.
  -0.12516198  0.         -0.01725222  0.0986506 ]
 [ 0.2656444   0.49341607 -0.73251826 -0.26557818  0.14948358  0.
  -0.02905661  0.         -0.03533321  0.16235757]
 [ 0.42635843  0.6451703  -0.7120707  -0.10932204  0.14231147  0.
   0.08117745  0.         -0.04325048  0.15039942]
 [ 0.285499    0.05404484 -0.60112447 -0.1357057   0.08028737  0.
  -0.15042992  0.         -0.0089737  -0.00617157]] 
Episode: 560: [[ 0.17783351  0.13010317 -0.6966245  -0.32401156  0.03314506  0.
  -0.09710867  0.          0.00317181  0.13053896]
 [ 0.17330602  0.22327949 -0.7256921  -0.30861402  0.11142242  0.
  -0.1249357   0.         -0.01725222  0.09882578]
 [ 0.2655615   0.49357742 -0.73302215 -0.26544026  0.14945135  0.
  -0.02874956  0.         -0.03533321  0.16276665]
 [ 0.42619333  0.64532804 -0.71258205 -0.10919295  0.14228918  0.
   0.08150355  0.         -0.04325048  0.1508239 ]
 [ 0.28577077  0.05379538 -0.60169595 -0.13549034  0.08010687  0.
  -0.15018527  0.         -0.0089737  -0.00634811]] 
Episode: 561: [[ 0.17810379  0.13018388 -0.69731057 -0.3237428   0.03306727  0.
  -0.09700295  0.          0.00317181  0.13065083]
 [ 0.17360444  0.22328363 -0.72638077 -0.30833334  0.11132937  0.
  -0.12484956  0.         -0.01725222  0.09890395]
 [ 0.26566076  0.49373624 -0.7336938  -0.2652077   0.14939852  0.
  -0.02858489  0.         -0.03533321  0.16297592]
 [ 0.42618927  0.6454981  -0.7132663  -0.10897744  0.14225687  0.
   0.08168641  0.         -0.04325048  0.15106323]
 [ 0.28624287  0.05346888 -0.6023642  -0.13515763  0.07991199  0.
  -0.1500099   0.         -0.0089737  -0.00645805]] 
Episode: 562: [[ 0.17833352  0.13022931 -0.6980125  -0.32352352  0.03297471  0.
  -0.09679255  0.          0.00317181  0.13083997]
 [ 0.1738622   0.22325864 -0.72708625 -0.30810285  0.11122011  0.
  -0.1246547   0.         -0.01725222  0.09905177]
 [ 0.26570714  0.49386802 -0.7343856  -0.2650269   0.14933662  0.
  -0.02832516  0.         -0.03533321  0.16326527]
 [ 0.42612684  0.64564687 -0.71397555 -0.10881492  0.14221703  0.
   0.08195054  0.         -0.04325048  0.15137206]
 [ 0.28667018  0.05313508 -0.60303986 -0.13487586  0.07970701  0.
  -0.1497908   0.         -0.0089737  -0.00655025]] 
Episode: 563: [[ 0.17852692  0.13023262 -0.6986933  -0.32334033  0.03285405  0.
  -0.09648801  0.          0.00317181  0.13108556]
 [ 0.17408143  0.22319402 -0.7277727  -0.30790952  0.11108484  0.
  -0.12436211  0.         -0.01725222  0.09926207]
 [ 0.26570594  0.49396425 -0.73505515 -0.26487398  0.14924635  0.
  -0.02797995  0.         -0.03533321  0.16361208]
 [ 0.42601356  0.64576757 -0.7146629  -0.10867359  0.1421505   0.
   0.08229872  0.         -0.04325048  0.15175076]
 [ 0.287044    0.05280049 -0.60370904 -0.13462433  0.07948661  0.
  -0.14946169  0.         -0.0089737  -0.00658688]] 
Episode: 564: [[ 0.17872097  0.1302548  -0.6993181  -0.32315663  0.03274303  0.
  -0.09609882  0.          0.00317181  0.13136141]
 [ 0.17429635  0.22314565 -0.7284045  -0.3077182   0.11096202  0.
  -0.12398164  0.         -0.01725222  0.09951595]
 [ 0.26571307  0.49407852 -0.7356671  -0.26471418  0.1491618   0.
  -0.02755784  0.         -0.03533321  0.16397321]
 [ 0.4259146   0.64590454 -0.7152936  -0.1085215   0.1420859   0.
   0.08272249  0.         -0.04325048  0.15214759]
 [ 0.28738672  0.05247042 -0.6043368  -0.13438784  0.0792814   0.
  -0.14903378  0.         -0.0089737  -0.00655238]] 
Episode: 565: [[ 0.17886193  0.13028283 -0.7000112  -0.32299304  0.03263016  0.
  -0.09563351  0.          0.00317181  0.13169976]
 [ 0.1744607   0.22309479 -0.72910285 -0.3075477   0.11083671  0.
  -0.12352216  0.         -0.01725222  0.09982915]
 [ 0.2656527   0.4942076  -0.736358   -0.26457632  0.14907847  0.
  -0.02706659  0.         -0.03533321  0.16440019]
 [ 0.42574272  0.646058   -0.7160059  -0.10839465  0.14203016  0.
   0.08321425  0.         -0.04325048  0.15261048]
 [ 0.2876911   0.05209662 -0.60500675 -0.13417374  0.07906919  0.
  -0.14858687  0.         -0.0089737  -0.00649015]] 
Episode: 566: [[ 0.17901315  0.130361   -0.70067406 -0.32278123  0.0325477   0.
  -0.0951438   0.          0.00317181  0.13202012]
 [ 0.17462946  0.22308765 -0.7297684  -0.3073306   0.11074127  0.
  -0.12304539  0.         -0.01725222  0.10013684]
 [ 0.2656147   0.49438512 -0.73701763 -0.26439208  0.14902015  0.
  -0.02651315  0.         -0.03533321  0.16479371]
 [ 0.42560536  0.64625865 -0.71668404 -0.10822397  0.14199767  0.
   0.08376716  0.         -0.04325048  0.15304174]
 [ 0.28796706  0.05172853 -0.60563624 -0.13393965  0.07887032  0.
  -0.14813265  0.         -0.0089737  -0.0063996 ]] 
Episode: 567: [[ 0.17908365  0.13040675 -0.70128113 -0.322627    0.03246458  0.
  -0.09458804  0.          0.00317181  0.13241072]
 [ 0.17472355  0.2230553  -0.73037934 -0.30717242  0.11064518  0.
  -0.12249925  0.         -0.01725222  0.10049631]
 [ 0.26547557  0.49452126 -0.7376225  -0.26426572  0.14896166  0.
  -0.02590379  0.         -0.03533321  0.16528223]
 [ 0.4253545   0.64641166 -0.71730715 -0.1081176   0.14196198  0.
   0.08437506  0.         -0.04325048  0.15357177]
 [ 0.2881942   0.05136722 -0.60622495 -0.13375351  0.07866943  0.
  -0.14759214  0.         -0.0089737  -0.00632627]] 
Episode: 568: [[ 0.17922288  0.1305156  -0.70187986 -0.3223967   0.03243347  0.
  -0.09406912  0.          0.00317181  0.13273785]
 [ 0.17487803  0.22307555 -0.7309772  -0.3069418   0.11060125  0.
  -0.12197649  0.         -0.01725222  0.10081116]
 [ 0.2654343   0.49472088 -0.7382217  -0.2640598   0.14894623  0.
  -0.02532588  0.         -0.03533321  0.16567698]
 [ 0.42521685  0.64662266 -0.7179297  -0.10793032  0.14196296  0.
   0.08495948  0.         -0.04325048  0.1539976 ]
 [ 0.28844175  0.0510081  -0.60679233 -0.13352549  0.07850192  0.
  -0.14701314  0.         -0.0089737  -0.00621464]] 
Episode: 569: [[ 0.17937179  0.13067311 -0.7024541  -0.32210794  0.03245994  0.
  -0.09370054  0.          0.00317181  0.13304417]
 [ 0.17503217  0.22313467 -0.73154336 -0.30665386  0.11061614  0.
  -0.12159558  0.         -0.01725222  0.10112026]
 [ 0.2654214   0.49497598 -0.73880297 -0.26379746  0.14897694  0.
  -0.02490733  0.         -0.03533321  0.16602622]
 [ 0.4251222   0.64688504 -0.71853465 -0.10768615  0.14200221  0.
   0.08539056  0.         -0.04325048  0.15437204]
 [ 0.28864723  0.05063672 -0.60730064 -0.13326323  0.07838154  0.
  -0.14651138  0.         -0.0089737  -0.00606666]] 
Episode: 570: [[ 0.17963943  0.1308781  -0.70302606 -0.3217504   0.03244977  0.
  -0.0933859   0.          0.00317181  0.1332153 ]
 [ 0.17530231  0.2232453  -0.7321017  -0.3062975   0.1105928   0.
  -0.12127125  0.         -0.01725222  0.10128555]
 [ 0.26555318  0.49525812 -0.73938704 -0.26345992  0.14897494  0.
  -0.02448975  0.         -0.03533321  0.16623677]
 [ 0.42516348  0.6471669  -0.7191438  -0.10736125  0.14201099  0.
   0.08587181  0.         -0.04325048  0.15460786]
 [ 0.28895894  0.05031716 -0.6077911  -0.13293605  0.07822218  0.
  -0.14602497  0.         -0.0089737  -0.00604331]] 
Episode: 571: [[ 0.17986181  0.13112994 -0.70361435 -0.3214276   0.03242569  0.
  -0.09298743  0.          0.00317181  0.13343444]
 [ 0.17553133  0.22340357 -0.732673   -0.305978    0.11055633  0.
  -0.12086201  0.         -0.01725222  0.10149682]
 [ 0.26562557  0.49557367 -0.7399926  -0.26315257  0.14895879  0.
  -0.02400244  0.         -0.03533321  0.16649707]
 [ 0.42514706  0.6474776  -0.71977675 -0.10706522  0.14200889  0.
   0.08641534  0.         -0.04325048  0.15489775]
 [ 0.28924572  0.05003135 -0.608274   -0.13264379  0.07805596  0.
  -0.14545535  0.         -0.0089737  -0.00599276]] 
Episode: 572: [[ 0.18003023  0.13133252 -0.70414484 -0.32113668  0.03242198  0.
  -0.09251358  0.          0.00317181  0.13369353]
 [ 0.17570886  0.22350565 -0.7331928  -0.30569157  0.11053652  0.
  -0.12037645  0.         -0.01725222  0.10173979]
 [ 0.26563185  0.4958617  -0.7405334  -0.26287854  0.14896949  0.
  -0.02345242  0.         -0.03533321  0.16680938]
 [ 0.4250561   0.64776933 -0.7203409  -0.10680704  0.14203534  0.
   0.08701489  0.         -0.04325048  0.15524745]
 [ 0.2894918   0.04968436 -0.60873324 -0.13238817  0.07788972  0.
  -0.14485088  0.         -0.0089737  -0.00593567]] 
Episode: 573: [[ 0.18013452  0.13148953 -0.704692   -0.3208902   0.03243145  0.
  -0.09216368  0.          0.00317181  0.13398692]
 [ 0.17582795  0.22356866 -0.7337345  -0.30544692  0.11052889  0.
  -0.1200137   0.         -0.01725222  0.10200727]
 [ 0.26555628  0.49610615 -0.74108624 -0.2626545   0.14899297  0.
  -0.02305352  0.         -0.03533321  0.16717274]
 [ 0.4248779   0.64802104 -0.72091234 -0.10660349  0.14207447  0.
   0.08744388  0.         -0.04325048  0.15565687]
 [ 0.28971478  0.04934687 -0.60922354 -0.13216226  0.07773753  0.
  -0.144349    0.         -0.0089737  -0.00590596]] 
Episode: 574: [[ 0.18051794  0.13156302 -0.705477   -0.32046095  0.03235479  0.
  -0.09196427  0.          0.00317181  0.13404733]
 [ 0.17622955  0.223541   -0.7345105  -0.30500925  0.1104295   0.
  -0.11980478  0.         -0.01725222  0.10203055]
 [ 0.2657451   0.4963067  -0.7418839  -0.26227117  0.14895613  0.
  -0.02280615  0.         -0.03533321  0.16734049]
 [ 0.4249476   0.6482534  -0.7217279  -0.10625569  0.14207469  0.
   0.08771944  0.         -0.04325048  0.15588233]
 [ 0.29028696  0.04888315 -0.60994095 -0.1317224   0.07745895  0.
  -0.14388417  0.         -0.0089737  -0.00610648]] 
Episode: 575: [[ 0.18088357  0.13166073 -0.7061867  -0.3199973   0.03234268  0.
  -0.09176309  0.          0.00317181  0.13412961]
 [ 0.17660703  0.22353056 -0.7352078  -0.30454063  0.11039493  0.
  -0.11959331  0.         -0.01725222  0.10208876]
 [ 0.26593     0.49653202 -0.74260956 -0.2618497   0.14897168  0.
  -0.02253522  0.         -0.03533321  0.16751176]
 [ 0.42503098  0.64850926 -0.7224731  -0.10586631  0.14211638  0.
   0.0880344   0.         -0.04325048  0.15610574]
 [ 0.29079986  0.04841568 -0.6105731  -0.13128099  0.0772298   0.
  -0.14341542  0.         -0.0089737  -0.00623639]] 
Episode: 576: [[ 0.18124369  0.13185379 -0.70691466 -0.3196248   0.03238471  0.
  -0.09169756  0.          0.00317181  0.13409357]
 [ 0.17697725  0.22365083 -0.73592836 -0.30415595  0.11042603  0.
  -0.11952055  0.         -0.01725222  0.10199334]
 [ 0.266142    0.49678782 -0.74335194 -0.2615246   0.149018    0.
  -0.02240306  0.         -0.03533321  0.16758841]
 [ 0.4251246   0.6487653  -0.72322786 -0.1055766   0.14217924  0.
   0.08820731  0.         -0.04325048  0.1562267 ]
 [ 0.29132146  0.04813902 -0.6112324  -0.13088508  0.077113    0.
  -0.14312646  0.         -0.0089737  -0.00658067]] 
Episode: 577: [[ 0.18152456  0.13206232 -0.7076757  -0.31928992  0.03241734  0.
  -0.09171814  0.          0.00317181  0.13410409]
 [ 0.17727828  0.22380798 -0.7366862  -0.30380762  0.11045008  0.
  -0.11954991  0.         -0.01725222  0.10191838]
 [ 0.26625818  0.4970203  -0.74412024 -0.26124126  0.14905207  0.
  -0.02234947  0.         -0.03533321  0.16774368]
 [ 0.42512122  0.648986   -0.7240004  -0.10533092  0.14223076  0.
   0.08831412  0.         -0.04325048  0.15643696]
 [ 0.29182228  0.04797114 -0.61192536 -0.13051711  0.07701166  0.
  -0.1429889   0.         -0.0089737  -0.00699629]] 
Episode: 578: [[ 0.18180259  0.13232057 -0.7085337  -0.31894982  0.03242953  0.
  -0.09162119  0.          0.00317181  0.13410036]
 [ 0.17758115  0.22401825 -0.73754984 -0.30345428  0.11044255  0.
  -0.11945886  0.         -0.01725222  0.10181168]
 [ 0.2663671   0.497283   -0.74496967 -0.26095477  0.14908482  0.
  -0.02218961  0.         -0.03533321  0.16789791]
 [ 0.42510265  0.64922655 -0.7248417  -0.1050836   0.14229065  0.
   0.08852078  0.         -0.04325048  0.15664627]
 [ 0.29235384  0.04783367 -0.6127561  -0.13014401  0.07682937  0.
  -0.14278099  0.         -0.0089737  -0.007486  ]] 
Episode: 579: [[ 0.18207587  0.13258792 -0.70936346 -0.31861135  0.0324152   0.
  -0.09148951  0.          0.00317181  0.13413982]
 [ 0.17787708  0.22424202 -0.7383841  -0.30310512  0.11040967  0.
  -0.11933327  0.         -0.01725222  0.10175278]
 [ 0.26647246  0.49753925 -0.7457869  -0.2606643   0.14909235  0.
  -0.02198366  0.         -0.03533321  0.16808967]
 [ 0.4250887   0.64945847 -0.7256475  -0.10482736  0.14232752  0.
   0.08879707  0.         -0.04325048  0.15689224]
 [ 0.29285994  0.04773354 -0.61355245 -0.12978342  0.07663909  0.
  -0.14254525  0.         -0.0089737  -0.00792375]] 
Episode: 580: [[ 0.182284    0.13277219 -0.7101585  -0.31828415  0.03235494  0.
  -0.09132325  0.          0.00317181  0.13425693]
 [ 0.17810945  0.22436503 -0.7391855  -0.3027702   0.11032434  0.
  -0.11917789  0.         -0.01725222  0.10177668]
 [ 0.26649755  0.49775118 -0.7465677  -0.26038262  0.14906676  0.
  -0.02172866  0.         -0.03533321  0.16836286]
 [ 0.4250062   0.649663   -0.7264248  -0.10457883  0.14233333  0.
   0.08914655  0.         -0.04325048  0.15722832]
 [ 0.2932998   0.04752216 -0.6143241  -0.12944707  0.07638951  0.
  -0.1423047   0.         -0.0089737  -0.00829291]] 
Episode: 581: [[ 0.18244494  0.13289447 -0.71089077 -0.31795016  0.03230098  0.
  -0.09119284  0.          0.00317181  0.13441591]
 [ 0.17828856  0.22440778 -0.7399211  -0.3024304   0.11024552  0.
  -0.11907317  0.         -0.01725222  0.10184802]
 [ 0.2664803   0.49794754 -0.74729025 -0.26009557  0.14904837  0.
  -0.02148537  0.         -0.03533321  0.16866691]
 [ 0.4248904   0.6498687  -0.7271502  -0.10432636  0.1423476   0.
   0.08948932  0.         -0.04325048  0.15759279]
 [ 0.29366368  0.04717514 -0.6150275  -0.12912945  0.07614002  0.
  -0.14214367  0.         -0.0089737  -0.0085982 ]] 
Episode: 582: [[ 0.18275557  0.13297026 -0.71169573 -0.31758657  0.03220111  0.
  -0.09119127  0.          0.00317181  0.13450706]
 [ 0.17862427  0.22438528 -0.74072164 -0.3020591   0.11011371  0.
  -0.11909672  0.         -0.01725222  0.10189896]
 [ 0.26664457  0.49813145 -0.74809307 -0.2597859   0.14900412  0.
  -0.02137836  0.         -0.03533321  0.16881855]
 [ 0.42491996  0.65008307 -0.7279648  -0.10406056  0.14234686  0.
   0.08968707  0.         -0.04325048  0.15777752]
 [ 0.2941967   0.04674356 -0.61576366 -0.1287675   0.07583433  0.
  -0.1419138   0.         -0.0089737  -0.00875896]] 
Episode: 583: [[ 0.18298659  0.13306035 -0.71239316 -0.3172909   0.0321319   0.
  -0.09110738  0.          0.00317181  0.13468054]
 [ 0.1788875   0.22436495 -0.7414196  -0.30175546  0.11001046  0.
  -0.11903128  0.         -0.01725222  0.10203747]
 [ 0.2667028   0.49833748 -0.7487769  -0.25954014  0.14899006  0.
  -0.02121834  0.         -0.03533321  0.16905639]
 [ 0.42484403  0.65031266 -0.7286556  -0.10385167  0.142371    0.
   0.08993451  0.         -0.04325048  0.15805505]
 [ 0.29467985  0.04627499 -0.6164287  -0.12844874  0.07555009  0.
  -0.14162822  0.         -0.0089737  -0.00885807]] 
Episode: 584: [[ 0.1831617   0.13311258 -0.71299255 -0.31698757  0.03212975  0.
  -0.09094913  0.          0.00317181  0.13492244]
 [ 0.17909643  0.22429472 -0.74202347 -0.30144608  0.10996691  0.
  -0.11889854  0.         -0.01725222  0.10224757]
 [ 0.2666936   0.49853298 -0.7493582  -0.2592874   0.14904675  0.
  -0.02097385  0.         -0.03533321  0.1693623 ]
 [ 0.42470297  0.650539   -0.7292382  -0.10363727  0.14246716  0.
   0.09024362  0.         -0.04325048  0.1584109 ]
 [ 0.29510778  0.04572069 -0.6170268  -0.12814146  0.07527585  0.
  -0.1413221   0.         -0.0089737  -0.00889315]] 
Episode: 585: [[ 0.18345587  0.13324793 -0.7136129  -0.3165819   0.03218598  0.
  -0.09086759  0.          0.00317181  0.13505407]
 [ 0.17942043  0.22431096 -0.7426389  -0.30103463  0.10998917  0.
  -0.11882517  0.         -0.01725222  0.10235912]
 [ 0.26682472  0.49879006 -0.7499738  -0.25893393  0.1491425   0.
  -0.02082121  0.         -0.03533321  0.16954486]
 [ 0.42471114  0.65081906 -0.72986716 -0.10332044  0.14259219  0.
   0.09043857  0.         -0.04325048  0.15863736]
 [ 0.29561114  0.04526162 -0.61760587 -0.12776272  0.07507909  0.
  -0.14100134  0.         -0.0089737  -0.00895736]] 
Episode: 586: [[ 0.18371716  0.1334404  -0.7141525  -0.31619748  0.03219969  0.
  -0.09072325  0.          0.00317181  0.13518873]
 [ 0.17970522  0.22440213 -0.74317336 -0.30064595  0.10997508  0.
  -0.11869723  0.         -0.01725222  0.10247434]
 [ 0.2669308   0.49906588 -0.75050354 -0.25859874  0.14919241  0.
  -0.02058414  0.         -0.03533321  0.16973355]
 [ 0.4247072   0.6511042  -0.73040646 -0.10301961  0.14267044  0.
   0.09072474  0.         -0.04325048  0.15887503]
 [ 0.29604515  0.04492016 -0.618109   -0.1274169   0.07488549  0.
  -0.1406785   0.         -0.0089737  -0.0090165 ]] 
Episode: 587: [[ 0.18391389  0.13355592 -0.7148003  -0.31598562  0.03219483  0.
  -0.09054117  0.          0.00317181  0.13527872]
 [ 0.17993253  0.22441688 -0.7438131  -0.30042768  0.10993464  0.
  -0.11855567  0.         -0.01725222  0.10248381]
 [ 0.26695502  0.49926376 -0.75117296 -0.2584235   0.14923014  0.
  -0.02029547  0.         -0.03533321  0.1699494 ]
 [ 0.4246256   0.6513104  -0.7311116  -0.10286979  0.14274351  0.
   0.09107847  0.         -0.04325048  0.15912846]
 [ 0.2964666   0.04451126 -0.6187062  -0.12717095  0.07464486  0.
  -0.14046036  0.         -0.0089737  -0.00930848]] 
Episode: 588: [[ 0.18415879  0.13367328 -0.71546596 -0.31569347  0.0322236   0.
  -0.09049339  0.          0.00317181  0.13536783]
 [ 0.18019943  0.22443843 -0.74446946 -0.30013004  0.10993172  0.
  -0.11854643  0.         -0.01725222  0.10250542]
 [ 0.26704124  0.49946722 -0.7518524  -0.25816897  0.14929065  0.
  -0.0201478   0.         -0.03533321  0.17014854]
 [ 0.42461663  0.6515249  -0.7318207  -0.10263858  0.14283264  0.
   0.091286    0.         -0.04325048  0.15936588]
 [ 0.29687554  0.04412453 -0.61931366 -0.12687473  0.07444838  0.
  -0.14033258  0.         -0.0089737  -0.00955012]] 
Episode: 589: [[ 0.18437237  0.13377799 -0.7161445  -0.31539732  0.03220704  0.
  -0.09040305  0.          0.00317181  0.13551861]
 [ 0.18042871  0.22443604 -0.7451385  -0.29983112  0.10988054  0.
  -0.11848316  0.         -0.01725222  0.10261108]
 [ 0.2671011   0.49967647 -0.75254333 -0.25790796  0.14931536  0.
  -0.01996227  0.         -0.03533321  0.17038444]
 [ 0.4245973   0.65175575 -0.7325418  -0.10240074  0.14289036  0.
   0.09153602  0.         -0.04325048  0.15963373]
 [ 0.29722053  0.04369928 -0.61992526 -0.12659217  0.07420486  0.
  -0.14013103  0.         -0.0089737  -0.00966365]] 
Episode: 590: [[ 0.18450932  0.13390104 -0.7167706  -0.31513768  0.03247065  0.
  -0.09043787  0.          0.00317181  0.13576727]
 [ 0.1805979   0.22446291 -0.74576604 -0.29956624  0.11009824  0.
  -0.11854437  0.         -0.01725222  0.10279004]
 [ 0.2670361   0.49990687 -0.7531616  -0.25769228  0.14960694  0.
  -0.01990744  0.         -0.03533321  0.1707408 ]
 [ 0.42443672  0.6519926  -0.7331726  -0.10221056  0.14319782  0.
   0.09165018  0.         -0.04325048  0.16001217]
 [ 0.29756653  0.04328698 -0.6205319  -0.12633179  0.07409942  0.
  -0.14000517  0.         -0.0089737  -0.00976933]] 
Episode: 591: [[ 0.18456092  0.1340629  -0.7173591  -0.31483328  0.03289393  0.
  -0.09058523  0.          0.00317181  0.1360813 ]
 [ 0.18067794  0.22452238 -0.7463605  -0.29925817  0.11047895  0.
  -0.11871752  0.         -0.01725222  0.10304974]
 [ 0.2668884   0.5001826  -0.7537367  -0.25743657  0.1500271   0.
  -0.0199702   0.         -0.03533321  0.1711468 ]
 [ 0.42420894  0.6522675  -0.7337602  -0.10198501  0.14360988  0.
   0.09164214  0.         -0.04325048  0.16044231]
 [ 0.2978185   0.04285277 -0.62112355 -0.1260553   0.0741232   0.
  -0.14002551  0.         -0.0089737  -0.00976686]] 
Episode: 592: [[ 0.18457916  0.13419314 -0.7179878  -0.31450605  0.03330506  0.
  -0.09068602  0.          0.00317181  0.13640846]
 [ 0.18072315  0.22454105 -0.7469954  -0.29892984  0.11084332  0.
  -0.1188554   0.         -0.01725222  0.103318  ]
 [ 0.26670823  0.50044847 -0.7543518  -0.25715625  0.15044393  0.
  -0.01995623  0.         -0.03533321  0.17157374]
 [ 0.42394584  0.65253943 -0.73438567 -0.10173507  0.1440213   0.
   0.09171904  0.         -0.04325048  0.16090009]
 [ 0.29803744  0.04235199 -0.62174255 -0.1257743   0.0741117   0.
  -0.14005496  0.         -0.0089737  -0.00978214]] 
Episode: 593: [[ 0.18461949  0.13433877 -0.7186164  -0.3141299   0.03366974  0.
  -0.09077632  0.          0.00317181  0.1367752 ]
 [ 0.18078287  0.22456847 -0.7476257  -0.29855457  0.11116113  0.
  -0.11897346  0.         -0.01725222  0.1036526 ]
 [ 0.2665609   0.50072825 -0.7549681  -0.2568238   0.15081763  0.
  -0.01992643  0.         -0.03533321  0.17201167]
 [ 0.42372906  0.6528285  -0.7350096  -0.10142932  0.14439169  0.
   0.09184325  0.         -0.04325048  0.16136229]
 [ 0.2982334   0.04186139 -0.6223334  -0.12546708  0.07406555  0.
  -0.14003846  0.         -0.0089737  -0.00968048]] 
Episode: 594: [[ 0.18468344  0.13446155 -0.7193379  -0.3138924   0.03408187  0.
  -0.09097381  0.          0.00317181  0.13694389]
 [ 0.1808561   0.22456865 -0.74834895 -0.29831037  0.11151905  0.
  -0.11919794  0.         -0.01725222  0.10377539]
 [ 0.2664948   0.50099015 -0.7556944  -0.2566399   0.15124029  0.
  -0.02001184  0.         -0.03533321  0.1722453 ]
 [ 0.42358884  0.653084   -0.73575056 -0.10128012  0.14480706  0.
   0.09184415  0.         -0.04325048  0.16163439]
 [ 0.29843518  0.04130012 -0.62296903 -0.12523225  0.07404001  0.
  -0.1401573   0.         -0.0089737  -0.00979347]] 
Episode: 595: [[ 0.18459529  0.13456188 -0.7198678  -0.31373626  0.03457892  0.
  -0.09126768  0.          0.00317181  0.13718481]
 [ 0.18078136  0.22453693 -0.748885   -0.29814717  0.11195775  0.
  -0.11951813  0.         -0.01725222  0.10394763]
 [ 0.26626036  0.5012428  -0.7562197  -0.25652725  0.1517425   0.
  -0.02020089  0.         -0.03533321  0.17258175]
 [ 0.42330056  0.65332526 -0.73627824 -0.10119364  0.14528841  0.
   0.09174845  0.         -0.04325048  0.16201364]
 [ 0.29852253  0.04066744 -0.6234479  -0.12505266  0.07406265  0.
  -0.14039771  0.         -0.0089737  -0.00991507]] 
Episode: 596: [[ 0.18456401  0.13468626 -0.72040814 -0.31351587  0.03499651  0.
  -0.0914922   0.          0.00317181  0.1374186 ]
 [ 0.18075542  0.22452964 -0.74942845 -0.29792318  0.11232129  0.
  -0.11976609  0.         -0.01725222  0.10413022]
 [ 0.26609492  0.5015116  -0.75675404 -0.256347    0.15216759  0.
  -0.02030025  0.         -0.03533321  0.17289226]
 [ 0.4230892   0.6535849  -0.7368156  -0.10103773  0.1456972   0.
   0.09176071  0.         -0.04325048  0.16236204]
 [ 0.2986114   0.04006507 -0.623929   -0.12484053  0.07404008  0.
  -0.14055382  0.         -0.0089737  -0.00997788]] 
Episode: 597: [[ 0.1845672   0.13476342 -0.72088426 -0.31330395  0.03537737  0.
  -0.09181045  0.          0.00317181  0.13757686]
 [ 0.18075368  0.22448441 -0.7499101  -0.29770762  0.11265372  0.
  -0.12010744  0.         -0.01725222  0.10422816]
 [ 0.26598537  0.5017379  -0.75721675 -0.2561743   0.15255366  0.
  -0.02050187  0.         -0.03533321  0.1731461 ]
 [ 0.4229378   0.65380937 -0.737274   -0.10088976  0.14606825  0.
   0.09166089  0.         -0.04325048  0.16266364]
 [ 0.2986894   0.03946375 -0.62437725 -0.12464736  0.07402378  0.
  -0.14082772  0.         -0.0089737  -0.01013943]] 
Episode: 598: [[ 0.18459731  0.13486187 -0.72142607 -0.31315446  0.03569415  0.
  -0.09220466  0.          0.00317181  0.1376393 ]
 [ 0.18078414  0.22447102 -0.75045645 -0.2975521   0.11292781  0.
  -0.12052681  0.         -0.01725222  0.10420837]
 [ 0.26591003  0.5019562  -0.75774914 -0.25606295  0.15287444  0.
  -0.02079548  0.         -0.03533321  0.17332812]
 [ 0.42279607  0.6540215  -0.73780435 -0.10080291  0.14638098  0.
   0.09146027  0.         -0.04325048  0.1629056 ]
 [ 0.29883373  0.0389443  -0.6248685  -0.12449364  0.07400067  0.
  -0.1411979   0.         -0.0089737  -0.01046338]] 
Episode: 599: [[ 0.18451375  0.13489416 -0.72193134 -0.3131524   0.03591022  0.
  -0.09267551  0.          0.00317181  0.1377842 ]
 [ 0.18070537  0.22437842 -0.75097007 -0.29754022  0.11309715  0.
  -0.12102228  0.         -0.01725222  0.10428544]
 [ 0.2657058   0.50212854 -0.75824153 -0.25609553  0.15311398  0.
  -0.02117182  0.         -0.03533321  0.17357254]
 [ 0.42251268  0.6541995  -0.7382885  -0.10085895  0.14662676  0.
   0.09116898  0.         -0.04325048  0.16320264]
 [ 0.29890946  0.03832532 -0.6253401  -0.12442367  0.07389288  0.
  -0.14154816  0.         -0.0089737  -0.01068579]] 
Episode: 600: [[ 0.18442526  0.13495028 -0.72245926 -0.3132369   0.03613535  0.
  -0.09321525  0.          0.00317181  0.13782963]
 [ 0.18062516  0.22432147 -0.7515065  -0.29760963  0.11327496  0.
  -0.12158617  0.         -0.01725222  0.10423692]
 [ 0.26550174  0.5023078  -0.75876486 -0.25621933  0.15336084  0.
  -0.02162256  0.         -0.03533321  0.17373371]
 [ 0.4222131   0.6543763  -0.7388103  -0.10100819  0.14687856  0.
   0.09079612  0.         -0.04325048  0.1633972 ]
 [ 0.2990016   0.03777163 -0.6258243  -0.12439214  0.07380339  0.
  -0.14199659  0.         -0.0089737  -0.01106999]] 
Episode: 601: [[ 0.18431224  0.13494952 -0.72296435 -0.31332844  0.03633459  0.
  -0.09358473  0.          0.00317181  0.13795014]
 [ 0.18051812  0.2241854  -0.75201917 -0.2976899   0.11342284  0.
  -0.12197535  0.         -0.01725222  0.10428548]
 [ 0.2652685   0.50247365 -0.7592696  -0.2563427   0.15359022  0.
  -0.02191601  0.         -0.03533321  0.17395009]
 [ 0.4218882   0.6545626  -0.7393166  -0.10115437  0.147118    0.
   0.09057136  0.         -0.04325048  0.1636508 ]
 [ 0.29905292  0.0370939  -0.62628967 -0.12438185  0.07367031  0.
  -0.14227663  0.         -0.0089737  -0.01133431]] 
Episode: 602: [[ 0.18412317  0.13480866 -0.7234675  -0.31345454  0.03650299  0.
  -0.09385473  0.          0.00317181  0.1381442 ]
 [ 0.18034573  0.22392033 -0.7525345  -0.29780337  0.11353756  0.
  -0.12229407  0.         -0.01725222  0.10439259]
 [ 0.2649272   0.5025292  -0.7597679  -0.25650507  0.15380082  0.
  -0.02207527  0.         -0.03533321  0.17426719]
 [ 0.42144504  0.65465784 -0.7398122  -0.1013432   0.14734852  0.
   0.09047983  0.         -0.04325048  0.16401336]
 [ 0.29910144  0.03638014 -0.62677324 -0.12439006  0.07350791  0.
  -0.14259608  0.         -0.0089737  -0.01161293]] 
Episode: 603: [[ 0.18391702  0.13472955 -0.7239473  -0.313589    0.03667354  0.
  -0.09419034  0.          0.00317181  0.138315  ]
 [ 0.18015128  0.22372039 -0.7530269  -0.29792348  0.1136618   0.
  -0.12268692  0.         -0.01725222  0.10448255]
 [ 0.26458102  0.5026151  -0.7602367  -0.25667664  0.15400074  0.
  -0.0223009   0.         -0.03533321  0.1745647 ]
 [ 0.42100605  0.6547773  -0.7402751  -0.10154012  0.14756268  0.
   0.09033708  0.         -0.04325048  0.16436133]
 [ 0.29911202  0.03576699 -0.6272369  -0.12440726  0.07339499  0.
  -0.1430167   0.         -0.0089737  -0.01191323]] 
Episode: 604: [[ 0.18367262  0.13460518 -0.72446966 -0.3137538   0.0367907   0.
  -0.09437612  0.          0.00317181  0.13855688]
 [ 0.17992678  0.22347279 -0.7535638  -0.29807392  0.11373426  0.
  -0.12292448  0.         -0.01725222  0.10463803]
 [ 0.26417723  0.5026638  -0.76075095 -0.25688052  0.15415278  0.
  -0.02239181  0.         -0.03533321  0.1749374 ]
 [ 0.4205059   0.6548683  -0.7407899  -0.10177213  0.14773446  0.
   0.09031938  0.         -0.04325048  0.16478126]
 [ 0.29913145  0.03512076 -0.6277384  -0.12444437  0.07325269  0.
  -0.14333454  0.         -0.0089737  -0.01218871]] 
Episode: 605: [[ 0.18340915  0.13456589 -0.72501624 -0.313921    0.03697136  0.
  -0.09465937  0.          0.00317181  0.13878462]
 [ 0.1796905   0.22333984 -0.75413036 -0.2982213   0.11387886  0.
  -0.12325631  0.         -0.01725222  0.10477787]
 [ 0.26375097  0.5027471  -0.76128715 -0.25709522  0.15434866  0.
  -0.02258567  0.         -0.03533321  0.17528462]
 [ 0.4199828   0.6549689  -0.74132353 -0.1020168   0.1479405   0.
   0.09019274  0.         -0.04325048  0.16515422]
 [ 0.29917932  0.03464635 -0.62827265 -0.12446821  0.07320528  0.
  -0.14375369  0.         -0.0089737  -0.01246771]] 
Episode: 606: [[ 0.18321875  0.13460489 -0.7254897  -0.31400385  0.03716515  0.
  -0.09495858  0.          0.00317181  0.13896926]
 [ 0.1795189   0.22329415 -0.75461715 -0.29828873  0.11404172  0.
  -0.12360132  0.         -0.01725222  0.10487723]
 [ 0.26341566  0.5028758  -0.7617545  -0.25722277  0.15454876  0.
  -0.02278198  0.         -0.03533321  0.17559114]
 [ 0.4195658   0.6551036  -0.74179286 -0.10217337  0.1481471   0.
   0.0900825   0.         -0.04325048  0.16549549]
 [ 0.29923463  0.03427207 -0.62872124 -0.12445388  0.07319022  0.
  -0.14415333  0.         -0.0089737  -0.0127519 ]] 
Episode: 607: [[ 0.18293157  0.13458245 -0.7259695  -0.3141899   0.03731029  0.
  -0.09534394  0.          0.00317181  0.13919595]
 [ 0.1792524   0.2231821  -0.75511414 -0.29845917  0.11415641  0.
  -0.12402987  0.         -0.01725222  0.10501611]
 [ 0.26297724  0.5029548  -0.7622246  -0.25744724  0.15470654  0.
  -0.02307077  0.         -0.03533321  0.17594284]
 [ 0.4190503   0.6551976  -0.7422613  -0.10242569  0.14832015  0.
   0.0898725   0.         -0.04325048  0.16588448]
 [ 0.29922605  0.03383944 -0.6291965  -0.12450459  0.07315317  0.
  -0.14455931  0.         -0.0089737  -0.01303688]] 
Episode: 608: [[ 0.18269688  0.13450296 -0.72643465 -0.31451583  0.03742762  0.
  -0.09577547  0.          0.00317181  0.13926286]
 [ 0.17903422  0.22300476 -0.75559556 -0.29877073  0.11424359  0.
  -0.12451798  0.         -0.01725222  0.10495839]
 [ 0.26262447  0.50299937 -0.7626839  -0.25779113  0.15483776  0.
  -0.02341447  0.         -0.03533321  0.176176  ]
 [ 0.41858888  0.6552677  -0.7427177  -0.10278718  0.14846994  0.
   0.08959091  0.         -0.04325048  0.16617969]
 [ 0.2992617   0.03336071 -0.6296431  -0.12466536  0.07311264  0.
  -0.14505786  0.         -0.0089737  -0.01353935]] 
Episode: 609: [[ 0.18249446  0.13451956 -0.726957   -0.31473148  0.03758346  0.
  -0.0962473   0.          0.00317181  0.13939391]
 [ 0.17885126  0.22293207 -0.7561339  -0.2989734   0.11436977  0.
  -0.1250257   0.         -0.01725222  0.10497774]
 [ 0.2622909   0.5031167  -0.76319945 -0.25803354  0.15500405  0.
  -0.02383587  0.         -0.03533321  0.17645296]
 [ 0.4181486   0.6553903  -0.7432339  -0.10305014  0.14864917  0.
   0.08922673  0.         -0.04325048  0.16650848]
 [ 0.29933122  0.03295714 -0.6301453  -0.12475532  0.07309015  0.
  -0.1454912   0.         -0.0089737  -0.01396433]] 
Episode: 610: [[ 0.18223812  0.13452391 -0.7273882  -0.31495717  0.03772933  0.
  -0.09655559  0.          0.00317181  0.13961194]
 [ 0.17861874  0.2228381  -0.75658387 -0.29918757  0.114489    0.
  -0.12536429  0.         -0.01725222  0.10509892]
 [ 0.26188248  0.5032465  -0.7636168  -0.25828663  0.15516463  0.
  -0.02410289  0.         -0.03533321  0.17681013]
 [ 0.41761804  0.6555301  -0.743643   -0.10332943  0.14883105  0.
   0.08900983  0.         -0.04325048  0.1669307 ]
 [ 0.29936457  0.03249616 -0.6305783  -0.12485602  0.07306405  0.
  -0.14577891  0.         -0.0089737  -0.01427826]] 
Episode: 611: [[ 0.18200538  0.13452613 -0.7278732  -0.31522584  0.03783702  0.
  -0.0969491   0.          0.00317181  0.13980466]
 [ 0.17840734  0.22274405 -0.7570839  -0.2994444   0.11457214  0.
  -0.1257809   0.         -0.01725222  0.10517902]
 [ 0.26150087  0.50337297 -0.7641001  -0.2585858   0.15528865  0.
  -0.02445524  0.         -0.03533321  0.1771526 ]
 [ 0.41710946  0.6556667  -0.74412537 -0.1036568   0.14898142  0.
   0.08870392  0.         -0.04325048  0.16732483]
 [ 0.29939964  0.03203433 -0.63103074 -0.12499509  0.07302706  0.
  -0.14612587  0.         -0.0089737  -0.01468299]] 
Episode: 612: [[ 0.1817691   0.13451496 -0.72835594 -0.31546447  0.03791344  0.
  -0.09718701  0.          0.00317181  0.1400525 ]
 [ 0.17819259  0.22263883 -0.7575823  -0.2996739   0.1146243   0.
  -0.1260376   0.         -0.01725222  0.1053112 ]
 [ 0.26110485  0.50348794 -0.7645858  -0.25885776  0.15538728  0.
  -0.0246602   0.         -0.03533321  0.17755869]
 [ 0.41658     0.6557925  -0.744621   -0.10396347  0.14911012  0.
   0.08853938  0.         -0.04325048  0.1677897 ]
 [ 0.29942614  0.03157187 -0.63150454 -0.12512916  0.07295935  0.
  -0.14635326  0.         -0.0089737  -0.01507069]] 
Episode: 613: [[ 0.18152405  0.13450326 -0.7288405  -0.3157043   0.03797999  0.
  -0.09732721  0.          0.00317181  0.14033528]
 [ 0.17797697  0.22253369 -0.7580825  -0.2999051   0.11466467  0.
  -0.12620725  0.         -0.01725222  0.10546826]
 [ 0.26068133  0.50360906 -0.7650776  -0.25913143  0.15548034  0.
  -0.02475847  0.         -0.03533321  0.17801072]
 [ 0.4160205   0.65592694 -0.7451279  -0.10427315  0.14923191  0.
   0.08848048  0.         -0.04325048  0.16828944]
 [ 0.2994777   0.03111286 -0.63197863 -0.12525848  0.07287785  0.
  -0.14655627  0.         -0.0089737  -0.01548025]] 
Episode: 614: [[ 0.181251    0.1344257  -0.7293433  -0.31600618  0.0379157   0.
  -0.09747711  0.          0.00317181  0.14054494]
 [ 0.17774068  0.22235423 -0.75860035 -0.30019745  0.11456664  0.
  -0.12641716  0.         -0.01725222  0.10550249]
 [ 0.26022404  0.50367105 -0.7655896  -0.25945354  0.15546633  0.
  -0.02480863  0.         -0.03533321  0.17845361]
 [ 0.4154162   0.6560115  -0.7456512  -0.10461993  0.14925897  0.
   0.08853044  0.         -0.04325048  0.16880354]
 [ 0.29959145  0.03057955 -0.632469   -0.12541503  0.07267135  0.
  -0.14687257  0.         -0.0089737  -0.01609354]] 
Episode: 615: [[ 0.18112385  0.13449118 -0.7298921  -0.3161544   0.03793464  0.
  -0.09766816  0.          0.00317181  0.14073318]
 [ 0.17764285  0.22231968 -0.75915897 -0.30033618  0.11456129  0.
  -0.12663421  0.         -0.01725222  0.10555842]
 [ 0.25993347  0.5038399  -0.7661483  -0.2596302   0.15550938  0.
  -0.02493888  0.         -0.03533321  0.17881803]
 [ 0.41499513  0.65618426 -0.74622357 -0.104826    0.14933062  0.
   0.08846467  0.         -0.04325048  0.16922075]
 [ 0.29978344  0.03013992 -0.6329869  -0.12546292  0.07255165  0.
  -0.14704819  0.         -0.0089737  -0.01656418]] 
Episode: 616: [[ 0.1810137   0.13460407 -0.730492   -0.31630367  0.03799662  0.
  -0.09779937  0.          0.00317181  0.1408556 ]
 [ 0.17755538  0.22234422 -0.75977165 -0.300479    0.11460242  0.
  -0.12681308  0.         -0.01725222  0.1055199 ]
 [ 0.2596762   0.5040252  -0.76675564 -0.25980252  0.15558015  0.
  -0.02496689  0.         -0.03533321  0.17915535]
 [ 0.41461456  0.65636015 -0.74684453 -0.10502689  0.14942105  0.
   0.08851618  0.         -0.04325048  0.1696216 ]
 [ 0.29996085  0.0297856  -0.63356787 -0.12552957  0.07248058  0.
  -0.14728886  0.         -0.0089737  -0.01717783]] 
Episode: 617: [[ 0.18090606  0.13474332 -0.7309766  -0.31638914  0.03810025  0.
  -0.09797362  0.          0.00317181  0.14101438]
 [ 0.17746158  0.22240075 -0.7602689  -0.30055946  0.11468951  0.
  -0.1270374   0.         -0.01725222  0.10553612]
 [ 0.25943038  0.50422156 -0.767241   -0.2599152   0.15567973  0.
  -0.02502702  0.         -0.03533321  0.17951448]
 [ 0.41426188  0.6565423  -0.74733984 -0.10517029  0.1495297   0.
   0.08854821  0.         -0.04325048  0.17004734]
 [ 0.30008128  0.02948293 -0.6340566  -0.12556686  0.0724598   0.
  -0.14756598  0.         -0.0089737  -0.01770994]] 
Episode: 618: [[ 0.18079734  0.13485034 -0.7315035  -0.31642836  0.03818092  0.
  -0.0980511   0.          0.00317181  0.14122938]
 [ 0.17737335  0.22242981 -0.7608049  -0.30059347  0.11475325  0.
  -0.12716542  0.         -0.01725222  0.10561486]
 [ 0.25915778  0.50439084 -0.7677792  -0.2599857   0.15575938  0.
  -0.02498954  0.         -0.03533321  0.17992194]
 [ 0.41388723  0.65670455 -0.7478985  -0.10527225  0.14962164  0.
   0.08867231  0.         -0.04325048  0.17051676]
 [ 0.30022895  0.02917165 -0.63456637 -0.12556833  0.07240786  0.
  -0.1477496   0.         -0.0089737  -0.01818335]] 
Episode: 619: [[ 0.18099713  0.13498163 -0.73227894 -0.31619388  0.03821019  0.
  -0.09823737  0.          0.00317181  0.14121531]
 [ 0.17759693  0.2224988  -0.7615718  -0.30034295  0.11476693  0.
  -0.12739918  0.         -0.01725222  0.10546597]
 [ 0.25917366  0.50456953 -0.7685976  -0.25980225  0.15579854  0.
  -0.02506818  0.         -0.03533321  0.18012632]
 [ 0.41378355  0.6568736  -0.7487566  -0.10512173  0.14968129  0.
   0.08867319  0.         -0.04325048  0.17079383]
 [ 0.30074203  0.02889974 -0.6352361  -0.12526938  0.07229796  0.
  -0.14804853  0.         -0.0089737  -0.01885238]] 
Episode: 620: [[ 0.18118043  0.1351231  -0.7330452  -0.3159546   0.03819342  0.
  -0.09828843  0.          0.00317181  0.1413036 ]
 [ 0.17779939  0.22256562 -0.762327   -0.30009204  0.11473562  0.
  -0.12749092  0.         -0.01725222  0.10545535]
 [ 0.25917304  0.5047752  -0.76940626 -0.25960624  0.15579726  0.
  -0.02502661  0.         -0.03533321  0.18038523]
 [ 0.41366136  0.65707374 -0.749603   -0.10495522  0.14970492  0.
   0.08878474  0.         -0.04325048  0.17111956]
 [ 0.30119336  0.02858718 -0.635882   -0.12498926  0.07214711  0.
  -0.14818366  0.         -0.0089737  -0.01930683]] 
Episode: 621: [[ 0.1813265   0.13525014 -0.73375815 -0.31571022  0.03818012  0.
  -0.09821789  0.          0.00317181  0.14145343]
 [ 0.17796502  0.22260813 -0.76302975 -0.29983687  0.11470517  0.
  -0.12745498  0.         -0.01725222  0.10552719]
 [ 0.2591341   0.5049797  -0.7701588  -0.25940746  0.15580234  0.
  -0.02487691  0.         -0.03533321  0.18068196]
 [ 0.41350526  0.65727615 -0.7503893  -0.10478996  0.14973602  0.
   0.08899585  0.         -0.04325048  0.1714811 ]
 [ 0.3016015   0.02823211 -0.63649017 -0.12471731  0.07197955  0.
  -0.14818771  0.         -0.0089737  -0.01965462]] 
Episode: 622: [[ 0.18153815  0.13538842 -0.7344304  -0.31537443  0.03812965  0.
  -0.098038    0.          0.00317181  0.14157425]
 [ 0.1781866   0.22264896 -0.763688   -0.2994923   0.11463784  0.
  -0.12730423  0.         -0.01725222  0.10559022]
 [ 0.25918496  0.50520873 -0.7708706  -0.25911656  0.1557775   0.
  -0.02462997  0.         -0.03533321  0.1809244 ]
 [ 0.4134514   0.65750676 -0.75113785 -0.1045313   0.14974034  0.
   0.08929651  0.         -0.04325048  0.17178702]
 [ 0.3020049   0.02784259 -0.6370505  -0.12439599  0.07177752  0.
  -0.14811963  0.         -0.0089737  -0.01993605]] 
Episode: 623: [[ 0.1817098   0.13550192 -0.7351147  -0.31510887  0.0380644   0.
  -0.09799254  0.          0.00317181  0.14165927]
 [ 0.17837158  0.2226609  -0.7643587  -0.2992163   0.11455451  0.
  -0.12728699  0.         -0.01725222  0.10561305]
 [ 0.25920743  0.5054172  -0.7715955  -0.25889474  0.15573964  0.
  -0.02452002  0.         -0.03533321  0.18113208]
 [ 0.41336647  0.65771514 -0.7518998  -0.10434187  0.14973043  0.
   0.08945636  0.         -0.04325048  0.17204621]
 [ 0.3023877   0.02742197 -0.6376067  -0.12411714  0.07157145  0.
  -0.14818455  0.         -0.0089737  -0.0202629 ]] 
Episode: 624: [[ 0.18187918  0.13559458 -0.7357767  -0.3148344   0.03797812  0.
  -0.0978353   0.          0.00317181  0.14177646]
 [ 0.17855151  0.22265463 -0.76500976 -0.29893455  0.11445265  0.
  -0.12715314  0.         -0.01725222  0.10566662]
 [ 0.25922495  0.5056083  -0.77229416 -0.2586581   0.15567942  0.
  -0.02430889  0.         -0.03533321  0.18137574]
 [ 0.41328323  0.6579126  -0.75263995 -0.10413373  0.14969696  0.
   0.08971084  0.         -0.04325048  0.17234376]
 [ 0.30274418  0.02700873 -0.6381651  -0.1238521   0.07135825  0.
  -0.148166    0.         -0.0089737  -0.0205625 ]] 
Episode: 625: [[ 0.18208194  0.1357202  -0.73638344 -0.31450042  0.03795876  0.
  -0.09776552  0.          0.00317181  0.14186221]
 [ 0.17875989  0.22266944 -0.7656024  -0.29859638  0.11441831  0.
  -0.1270967   0.         -0.01725222  0.10570239]
 [ 0.25929123  0.50584227 -0.7729389  -0.2583596   0.15567443  0.
  -0.02418453  0.         -0.03533321  0.1815698 ]
 [ 0.41326058  0.65815216 -0.7533289  -0.10386325  0.14970909  0.
   0.08988784  0.         -0.04325048  0.17258945]
 [ 0.30309302  0.02657086 -0.6386706  -0.12356553  0.07119168  0.
  -0.14814527  0.         -0.0089737  -0.0208317 ]] 
Episode: 626: [[ 0.18221407  0.13570157 -0.7369639  -0.3143212   0.03789793  0.
  -0.0978131   0.          0.00317181  0.14204003]
 [ 0.17889605  0.22251886 -0.76617473 -0.29840985  0.11433998  0.
  -0.12714264  0.         -0.01725222  0.10586195]
 [ 0.25927892  0.5059806  -0.77354896 -0.25820488  0.15563716  0.
  -0.02418487  0.         -0.03533321  0.18182829]
 [ 0.41317558  0.65832615 -0.7539684  -0.10372599  0.1496987   0.
   0.0899364   0.         -0.04325048  0.17288892]
 [ 0.30337074  0.02594973 -0.639178   -0.12336999  0.07100143  0.
  -0.14815804  0.         -0.0089737  -0.02093337]] 
Episode: 627: [[ 0.18262812  0.13563195 -0.7378616  -0.31391153  0.03780498  0.
  -0.09797224  0.          0.00317181  0.14199243]
 [ 0.17931908  0.22233695 -0.76706064 -0.2979829   0.11423077  0.
  -0.12730232  0.         -0.01725222  0.10578572]
 [ 0.25952744  0.5060826  -0.77447593 -0.25783616  0.1555768   0.
  -0.02429737  0.         -0.03533321  0.18189827]
 [ 0.4133315   0.6584858  -0.7549073  -0.10337889  0.14967744  0.
   0.0898694   0.         -0.04325048  0.17301264]
 [ 0.30399638  0.02531558 -0.639986   -0.12292063  0.07074727  0.
  -0.14811313  0.         -0.0089737  -0.02126883]] 
Episode: 628: [[ 0.18295185  0.13554683 -0.73867935 -0.31358632  0.0376985   0.
  -0.09802921  0.          0.00317181  0.14194326]
 [ 0.17964408  0.22216432 -0.767868   -0.29764056  0.11411618  0.
  -0.12739305  0.         -0.01725222  0.10568923]
 [ 0.25970626  0.50614387 -0.7753226  -0.25754717  0.15549624  0.
  -0.02428643  0.         -0.03533321  0.18198171]
 [ 0.41342166  0.6586015  -0.7557596  -0.10310972  0.14963421  0.
   0.08991978  0.         -0.04325048  0.17315386]
 [ 0.304506    0.02478262 -0.64070785 -0.1225447   0.07053898  0.
  -0.14816491  0.         -0.0089737  -0.02164809]] 
Episode: 629: [[ 0.18326348  0.13550547 -0.7394392  -0.31323075  0.03761489  0.
  -0.09796415  0.          0.00317181  0.14196958]
 [ 0.17995211  0.2220347  -0.76861703 -0.29727224  0.11402353  0.
  -0.12735628  0.         -0.01725222  0.10568826]
 [ 0.25988236  0.50624233 -0.77610654 -0.25722137  0.15543707  0.
  -0.02416445  0.         -0.03533321  0.18211155]
 [ 0.4135207   0.65874714 -0.7565484  -0.10280026  0.1496053   0.
   0.09007574  0.         -0.04325048  0.1733353 ]
 [ 0.30495578  0.02428117 -0.64136857 -0.12217232  0.07033516  0.
  -0.14807753  0.         -0.0089737  -0.02188976]] 
Episode: 630: [[ 0.18357198  0.13550426 -0.7402446  -0.31293246  0.03755134  0.
  -0.09802189  0.          0.00317181  0.14193171]
 [ 0.18025795  0.22195764 -0.76941574 -0.29696068  0.1139487   0.
  -0.12744154  0.         -0.01725222  0.10564169]
 [ 0.260081    0.50635207 -0.776935   -0.25695792  0.1553979   0.
  -0.0241668   0.         -0.03533321  0.18213813]
 [ 0.41362685  0.65889305 -0.75737923 -0.10256037  0.14959764  0.
   0.09010546  0.         -0.04325048  0.17340176]
 [ 0.30541447  0.0238455  -0.6420728  -0.12185676  0.07014521  0.
  -0.1480963   0.         -0.0089737  -0.02211573]] 
Episode: 631: [[ 0.18385586  0.13553232 -0.74102515 -0.31261498  0.03743118  0.
  -0.09799318  0.          0.00317181  0.14195147]
 [ 0.18053634  0.22191662 -0.7701927  -0.2966315   0.11381734  0.
  -0.12744264  0.         -0.01725222  0.1056606 ]
 [ 0.26025003  0.50647366 -0.7777293  -0.25667268  0.15530823  0.
  -0.02405684  0.         -0.03533321  0.18221128]
 [ 0.4137206   0.6590446  -0.7581755  -0.10229442  0.14954188  0.
   0.09024279  0.         -0.04325048  0.17350727]
 [ 0.3058164   0.02346507 -0.64277184 -0.12153642  0.06991208  0.
  -0.14804205  0.         -0.0089737  -0.02226623]] 
Episode: 632: [[ 0.18410742  0.13554554 -0.74171424 -0.31230873  0.03734894  0.
  -0.0980719   0.          0.00317181  0.14202027]
 [ 0.18077992  0.2218715  -0.7708803  -0.29631463  0.11372939  0.
  -0.12754719  0.         -0.01725222  0.10572799]
 [ 0.26038784  0.5065773  -0.7784255  -0.25639582  0.1552424   0.
  -0.02406113  0.         -0.03533321  0.18233216]
 [ 0.4137967   0.65918034 -0.7588696  -0.10203364  0.14950268  0.
   0.09028225  0.         -0.04325048  0.17365557]
 [ 0.30617028  0.02310362 -0.64340365 -0.12122548  0.06973971  0.
  -0.1480523   0.         -0.0089737  -0.02236981]] 
Episode: 633: [[ 0.18432629  0.1355034  -0.74236894 -0.3119932   0.03728807  0.
  -0.09825899  0.          0.00317181  0.14218092]
 [ 0.18098904  0.22174479 -0.7715345  -0.29599005  0.11365888  0.
  -0.1277362   0.         -0.01725222  0.1059241 ]
 [ 0.2604932   0.50666386 -0.7790859  -0.25611132  0.15519634  0.
  -0.02417702  0.         -0.03533321  0.1825001 ]
 [ 0.41385758  0.6593134  -0.75953305 -0.10176519  0.14948042  0.
   0.09020717  0.         -0.04325048  0.17384048]
 [ 0.30647346  0.02260958 -0.64401233 -0.12091468  0.06957058  0.
  -0.14802766  0.         -0.0089737  -0.02228188]] 
Episode: 634: [[ 0.18444592  0.13550016 -0.7429898  -0.31171164  0.03736209  0.
  -0.0983522   0.          0.00317181  0.14241254]
 [ 0.18111423  0.22166988 -0.77216065 -0.29569942  0.11371918  0.
  -0.1278658   0.         -0.01725222  0.10611468]
 [ 0.2604556   0.5067753  -0.7797093  -0.25587156  0.15527351  0.
  -0.02417368  0.         -0.03533321  0.18281363]
 [ 0.4137661   0.65945023 -0.76015985 -0.10154868  0.14956672  0.
   0.0902401   0.         -0.04325048  0.17415261]
 [ 0.3067586   0.02214209 -0.64460516 -0.12064018  0.06947008  0.
  -0.14807634  0.         -0.0089737  -0.02236656]] 
Episode: 635: [[ 0.18447809  0.13544358 -0.74362904 -0.3116411   0.03735403  0.
  -0.09855234  0.          0.00317181  0.14260583]
 [ 0.18115592  0.22154726 -0.7728058  -0.29561716  0.11369704  0.
  -0.12810086  0.         -0.01725222  0.10622478]
 [ 0.2603227   0.5068339  -0.78034616 -0.25582835  0.15527795  0.
  -0.02428267  0.         -0.03533321  0.1831279 ]
 [ 0.41356415  0.65953445 -0.76078635 -0.10151765  0.14959121  0.
   0.09015916  0.         -0.04325048  0.17445791]
 [ 0.3070081   0.02167703 -0.64519954 -0.1204905   0.06933635  0.
  -0.14825433  0.         -0.0089737  -0.02262992]] 
Episode: 636: [[ 0.1844995   0.13542244 -0.7442891  -0.3114786   0.03736237  0.
  -0.09861616  0.          0.00317181  0.14287153]
 [ 0.1811878   0.22146858 -0.7734759  -0.29544744  0.11369649  0.
  -0.1281939   0.         -0.01725222  0.10641188]
 [ 0.26017943  0.5069142  -0.78101605 -0.25570026  0.15529284  0.
  -0.02426877  0.         -0.03533321  0.1835076 ]
 [ 0.41334707  0.65963215 -0.76146805 -0.10141467  0.14962383  0.
   0.09019688  0.         -0.04325048  0.17483824]
 [ 0.3072429   0.02126937 -0.64584863 -0.12031286  0.06922957  0.
  -0.14829533  0.         -0.0089737  -0.02283833]] 
Episode: 637: [[ 0.18445984  0.13545012 -0.74495035 -0.3113953   0.03740795  0.
  -0.09878977  0.          0.00317181  0.14314951]
 [ 0.18115869  0.22145732 -0.77414685 -0.29535702  0.11373418  0.
  -0.12839596  0.         -0.01725222  0.10659248]
 [ 0.25997472  0.50700724 -0.781689   -0.25564417  0.15533458  0.
  -0.02436819  0.         -0.03533321  0.18391858]
 [ 0.41306886  0.65972626 -0.76215094 -0.10137711  0.14967671  0.
   0.0901203   0.         -0.04325048  0.17525004]
 [ 0.3074309   0.02098291 -0.6464846  -0.12018421  0.06916899  0.
  -0.14843561  0.         -0.0089737  -0.02310778]] 
Episode: 638: [[ 0.18443477  0.13544272 -0.74564385 -0.3112524   0.03739608  0.
  -0.09882981  0.          0.00317181  0.14344788]
 [ 0.18114536  0.22141267 -0.7748493  -0.2952097   0.1137137   0.
  -0.12845944  0.         -0.01725222  0.10679505]
 [ 0.259773    0.50707424 -0.7823989  -0.25553313  0.15533096  0.
  -0.02434575  0.         -0.03533321  0.18434681]
 [ 0.41278553  0.6598036  -0.76287884 -0.10129092  0.14969184  0.
   0.09016188  0.         -0.04325048  0.17568412]
 [ 0.30762625  0.02067226 -0.6471485  -0.12003419  0.06904865  0.
  -0.14846705  0.         -0.0089737  -0.02334386]] 
Episode: 639: [[ 0.18444051  0.13542952 -0.74631226 -0.31106243  0.037378    0.
  -0.09874974  0.          0.00317181  0.14377892]
 [ 0.18115647  0.2213475  -0.7755238  -0.29501867  0.11368558  0.
  -0.12839828  0.         -0.01725222  0.1070561 ]
 [ 0.25961336  0.5071536  -0.7830812  -0.2553684   0.15532178  0.
  -0.02421369  0.         -0.03533321  0.1847796 ]
 [ 0.4125559   0.6599001  -0.76358074 -0.10114565  0.14969817  0.
   0.09030975  0.         -0.04325048  0.1761255 ]
 [ 0.30779538  0.02030635 -0.64777553 -0.11986458  0.06891046  0.
  -0.14837804  0.         -0.0089737  -0.02345267]] 
Episode: 640: [[ 0.18442115  0.13543926 -0.7469811  -0.3109213   0.03735287  0.
  -0.09879376  0.          0.00317181  0.1441025 ]
 [ 0.18115179  0.22131543 -0.7762062  -0.29487336  0.11364908  0.
  -0.12846148  0.         -0.01725222  0.10729751]
 [ 0.25941738  0.50723875 -0.78375417 -0.2552518   0.15530759  0.
  -0.02420671  0.         -0.03533321  0.18521711]
 [ 0.41229472  0.6599932  -0.76427233 -0.10104411  0.14970109  0.
   0.09033237  0.         -0.04325048  0.17655614]
 [ 0.30799302  0.020004   -0.64843386 -0.11970755  0.06876905  0.
  -0.14840133  0.         -0.0089737  -0.02362689]] 
Episode: 641: [[ 0.18438414  0.13538219 -0.7475589  -0.3108025   0.03729305  0.
  -0.09872189  0.          0.00317181  0.1444707 ]
 [ 0.18113126  0.2211944  -0.7767996  -0.29475033  0.113571    0.
  -0.12841909  0.         -0.01725222  0.10759024]
 [ 0.2591975   0.5072957  -0.7843266  -0.25515956  0.15527742  0.
  -0.02408861  0.         -0.03533321  0.18569808]
 [ 0.41200238  0.6600739  -0.7648563  -0.10097027  0.14969583  0.
   0.09046313  0.         -0.04325048  0.17703778]
 [ 0.30817422  0.01958621 -0.6490185  -0.11956467  0.06857494  0.
  -0.14837223  0.         -0.0089737  -0.02375905]] 
Episode: 642: [[ 0.18438648  0.13537174 -0.7480829  -0.31061062  0.03730132  0.
  -0.0986041   0.          0.00317181  0.1448079 ]
 [ 0.1811453   0.22110915 -0.7773352  -0.2945581   0.11355972  0.
  -0.1283336   0.         -0.01725222  0.10786036]
 [ 0.25903168  0.507405   -0.7848483  -0.2549883   0.15530798  0.
  -0.02387707  0.         -0.03533321  0.18614228]
 [ 0.41178048  0.66020215 -0.76539135 -0.10081565  0.14974047  0.
   0.09069117  0.         -0.04325048  0.17748652]
 [ 0.3083549   0.01916459 -0.6495371  -0.1193883   0.06841911  0.
  -0.14829776  0.         -0.0089737  -0.02386507]] 
Episode: 643: [[ 0.18440293  0.13539222 -0.7486629  -0.31040913  0.03725564  0.
  -0.09838205  0.          0.00317181  0.14519162]
 [ 0.18117735  0.22104935 -0.77792686 -0.29435927  0.11349571  0.
  -0.12813844  0.         -0.01725222  0.1081816 ]
 [ 0.25887033  0.50754476 -0.78542876 -0.25480515  0.1552915   0.
  -0.02357497  0.         -0.03533321  0.1866282 ]
 [ 0.4115694   0.66035813 -0.76599103 -0.1006516   0.14974594  0.
   0.09100671  0.         -0.04325048  0.17797637]
 [ 0.30855933  0.01874572 -0.6501031  -0.11922204  0.06822553  0.
  -0.14809659  0.         -0.0089737  -0.02392435]] 
Episode: 644: [[ 0.18438523  0.13534981 -0.7492214  -0.31025854  0.03717694  0.
  -0.0982284   0.          0.00317181  0.14554851]
 [ 0.18116821  0.2209354  -0.77849984 -0.29421088  0.11339986  0.
  -0.12804028  0.         -0.01725222  0.10844689]
 [ 0.25868967  0.50762194 -0.78598154 -0.25466818  0.15524323  0.
  -0.0232905   0.         -0.03533321  0.18712798]
 [ 0.41134065  0.66045874 -0.7665574  -0.10052983  0.14972155  0.
   0.09135655  0.         -0.04325048  0.17849703]
 [ 0.30870992  0.01833268 -0.6506624  -0.1190884   0.06802844  0.
  -0.14804977  0.         -0.0089737  -0.02408537]] 
Episode: 645: [[ 0.1844038   0.13529629 -0.7496997  -0.31008258  0.03712707  0.
  -0.09819161  0.          0.00317181  0.14589527]
 [ 0.18118064  0.22079016 -0.7789933  -0.29403833  0.11333014  0.
  -0.1280434   0.         -0.01725222  0.10872754]
 [ 0.25857362  0.5077032  -0.7864467  -0.2545035   0.15521944  0.
  -0.02314639  0.         -0.03533321  0.18759327]
 [ 0.41118988  0.6605678  -0.7670304  -0.10037773  0.1497172   0.
   0.09156504  0.         -0.04325048  0.17897756]
 [ 0.30881947  0.01786016 -0.6511651  -0.11894389  0.06784554  0.
  -0.14803138  0.         -0.0089737  -0.02417944]] 
Episode: 646: [[ 0.18437082  0.13518146 -0.75017923 -0.31003806  0.03705411  0.
  -0.09817255  0.          0.00317181  0.14616534]
 [ 0.1811275   0.22060043 -0.77949136 -0.2940009   0.11324373  0.
  -0.12808813  0.         -0.01725222  0.10887452]
 [ 0.2584372   0.5077187  -0.7869134  -0.2544475   0.15516913  0.
  -0.02299053  0.         -0.03533321  0.18804544]
 [ 0.41101646  0.6606107  -0.7675048  -0.10031962  0.14968841  0.
   0.09181747  0.         -0.04325048  0.1794642 ]
 [ 0.3088365   0.01741875 -0.6516654  -0.11890886  0.06769392  0.
  -0.14814895  0.         -0.0089737  -0.02446903]] 
Episode: 647: [[ 0.18441214  0.13506165 -0.7506258  -0.30992758  0.03698152  0.
  -0.09819242  0.          0.00317181  0.14637893]
 [ 0.18114424  0.2204037  -0.77995044 -0.29389614  0.11315943  0.
  -0.12816675  0.         -0.01725222  0.10899142]
 [ 0.2583901   0.5077305  -0.787349   -0.25432956  0.15511735  0.
  -0.02285747  0.         -0.03533321  0.1884202 ]
 [ 0.4109359   0.6606533  -0.7679463  -0.10020236  0.14965698  0.
   0.0920676   0.         -0.04325048  0.17987928]
 [ 0.3088745   0.01695841 -0.65211433 -0.11880916  0.06754221  0.
  -0.14825436  0.         -0.0089737  -0.02470968]] 
Episode: 648: [[ 0.18446827  0.13495465 -0.75120306 -0.30978462  0.03692948  0.
  -0.09832664  0.          0.00317181  0.14658931]
 [ 0.1811793   0.22021538 -0.78053796 -0.29375932  0.11308153  0.
  -0.12835597  0.         -0.01725222  0.10910156]
 [ 0.25834987  0.50776917 -0.78792316 -0.2541878   0.15510464  0.
  -0.0228498   0.         -0.03533321  0.18879002]
 [ 0.41085503  0.66072476 -0.7685274  -0.10006797  0.14967297  0.
   0.09218211  0.         -0.04325048  0.18028241]
 [ 0.30894667  0.0164546  -0.6526559  -0.1186997   0.06733106  0.
  -0.14841479  0.         -0.0089737  -0.02496775]] 
Episode: 649: [[ 0.18452525  0.13482639 -0.7517297  -0.30964452  0.03684236  0.
  -0.0985637   0.          0.00317181  0.14678419]
 [ 0.1812052   0.22000788 -0.78107536 -0.2936246   0.11296699  0.
  -0.12864462  0.         -0.01725222  0.10920113]
 [ 0.25833446  0.5077847  -0.7884452  -0.25405136  0.15506226  0.
  -0.02295492  0.         -0.03533321  0.18913716]
 [ 0.4108071   0.66077644 -0.7690521  -0.09994014  0.14966269  0.
   0.0921746   0.         -0.04325048  0.18066269]
 [ 0.30896896  0.01595039 -0.6531668  -0.11859859  0.06710027  0.
  -0.14869326  0.         -0.0089737  -0.02521374]] 
Episode: 650: [[ 0.18477459  0.13477129 -0.7523507  -0.30935562  0.03675115  0.
  -0.09889324  0.          0.00317181  0.14678861]
 [ 0.18142232  0.21987231 -0.7816943  -0.2933396   0.11285233  0.
  -0.12902267  0.         -0.01725222  0.1091364 ]
 [ 0.25854334  0.50785893 -0.78908056 -0.25376567  0.15501153  0.
  -0.02316149  0.         -0.03533321  0.18928486]
 [ 0.41097257  0.66087663 -0.76970315 -0.09966125  0.14964327  0.
   0.09205735  0.         -0.04325048  0.18085727]
 [ 0.3091764   0.01549096 -0.6537124  -0.11835985  0.0668648   0.
  -0.1489497   0.         -0.0089737  -0.02550351]] 
Episode: 651: [[ 0.18492611  0.13472636 -0.7528723  -0.3091025   0.03672061  0.
  -0.0992129   0.          0.00317181  0.14687043]
 [ 0.18153886  0.21974556 -0.78221416 -0.29309267  0.1128018   0.
  -0.12939422  0.         -0.01725222  0.10915529]
 [ 0.25864506  0.5079457  -0.78961533 -0.25351083  0.15500526  0.
  -0.02334517  0.         -0.03533321  0.189511  ]
 [ 0.41105404  0.66098607 -0.77024823 -0.09940951  0.14965728  0.
   0.09199327  0.         -0.04325048  0.18112631]
 [ 0.30927554  0.01502878 -0.6541699  -0.11816617  0.06669097  0.
  -0.14922166  0.         -0.0089737  -0.02572332]] 
Episode: 652: [[ 0.185068    0.13465573 -0.75339675 -0.30902073  0.03666349  0.
  -0.09945591  0.          0.00317181  0.1467356 ]
 [ 0.18165676  0.21957846 -0.7827426  -0.2930172   0.11271903  0.
  -0.12972324  0.         -0.01725222  0.10895083]
 [ 0.25874925  0.5080233  -0.7901457  -0.2534131   0.15498161  0.
  -0.02339836  0.         -0.03533321  0.18958244]
 [ 0.41109508  0.6610783  -0.770784   -0.09931017  0.14965086  0.
   0.09204619  0.         -0.04325048  0.18128599]
 [ 0.30943272  0.01451687 -0.65465087 -0.11810316  0.06648049  0.
  -0.14960057  0.         -0.0089737  -0.02616418]] 
Episode: 653: [[ 0.18519697  0.13457686 -0.75390226 -0.30890846  0.03657928  0.
  -0.0995581   0.          0.00317181  0.14666517]
 [ 0.18176669  0.21939923 -0.78325456 -0.29291123  0.11260635  0.
  -0.12990065  0.         -0.01725222  0.10881104]
 [ 0.25882587  0.5080999  -0.7906525  -0.2532895   0.15493928  0.
  -0.02333418  0.         -0.03533321  0.18970957]
 [ 0.41110703  0.66117543 -0.77129763 -0.09918749  0.14962848  0.
   0.09220436  0.         -0.04325048  0.18150169]
 [ 0.3096014   0.01396388 -0.6551348  -0.11801718  0.06622571  0.
  -0.14985645  0.         -0.0089737  -0.02655349]] 
Episode: 654: [[ 0.18534422  0.1345694  -0.75439924 -0.30875644  0.03656117  0.
  -0.09967805  0.          0.00317181  0.14658122]
 [ 0.18189222  0.21930042 -0.7837524  -0.29276726  0.11256331  0.
  -0.13009259  0.         -0.01725222  0.10865778]
 [ 0.25891876  0.50822157 -0.79115283 -0.25312376  0.1549464   0.
  -0.02327198  0.         -0.03533321  0.18982904]
 [ 0.41115388  0.66131014 -0.7717982  -0.0990217   0.1496461   0.
   0.09238441  0.         -0.04325048  0.18171388]
 [ 0.3097646   0.01348991 -0.6555854  -0.11791551  0.06603441  0.
  -0.15009786  0.         -0.0089737  -0.0269486 ]] 
Episode: 655: [[ 0.18545502  0.13461459 -0.75489247 -0.30868366  0.03650564  0.
  -0.09966946  0.          0.00317181  0.14650877]
 [ 0.18198799  0.21925849 -0.78424317 -0.29270175  0.11248489  0.
  -0.13014664  0.         -0.01725222  0.10848941]
 [ 0.25896168  0.50837344 -0.7916582  -0.25303474  0.15491739  0.
  -0.02310388  0.         -0.03533321  0.18998305]
 [ 0.4111511   0.66146433 -0.7723091  -0.09893212  0.14963076  0.
   0.09265703  0.         -0.04325048  0.18195866]
 [ 0.30992484  0.0130646  -0.65600777 -0.11786636  0.06583004  0.
  -0.1502862   0.         -0.0089737  -0.02742569]] 
Episode: 656: [[ 0.18552808  0.13461658 -0.75534815 -0.3085916   0.03645964  0.
  -0.09954527  0.          0.00317181  0.14651337]
 [ 0.18204932  0.2191644  -0.784698   -0.29261804  0.11241078  0.
  -0.13007668  0.         -0.01725222  0.10841602]
 [ 0.2589529   0.50851697 -0.79211795 -0.2529303   0.15490939  0.
  -0.02284053  0.         -0.03533321  0.19018726]
 [ 0.4110916   0.66162103 -0.7727676  -0.09883228  0.14964293  0.
   0.09301293  0.         -0.04325048  0.18225214]
 [ 0.31005427  0.01256783 -0.65640455 -0.11781166  0.06559692  0.
  -0.15035692  0.         -0.0089737  -0.02779048]] 
Episode: 657: [[ 0.18564823  0.13464214 -0.7558166  -0.30845696  0.03642413  0.
  -0.09946231  0.          0.00317181  0.1465431 ]
 [ 0.18215527  0.21909124 -0.78516513 -0.2924938   0.11234562  0.
  -0.13002557  0.         -0.01725222  0.10838474]
 [ 0.25899842  0.5086787  -0.7925935  -0.25278527  0.15491177  0.
  -0.02266155  0.         -0.03533321  0.19038394]
 [ 0.4110882   0.66179466 -0.773249   -0.09869333  0.14966418  0.
   0.09326079  0.         -0.04325048  0.1825293 ]
 [ 0.3102086   0.01207416 -0.65681934 -0.11773916  0.06536312  0.
  -0.15036054  0.         -0.0089737  -0.02807962]] 
Episode: 658: [[ 0.18575335  0.13469437 -0.75627816 -0.30836585  0.03641216  0.
  -0.09938286  0.          0.00317181  0.14654733]
 [ 0.1822435   0.21905892 -0.7856273  -0.29241112  0.11230974  0.
  -0.1299882   0.         -0.01725222  0.10831886]
 [ 0.2590401   0.5088411  -0.79305977 -0.25268143  0.15492488  0.
  -0.02247556  0.         -0.03533321  0.19055754]
 [ 0.41107932  0.6619628  -0.773718   -0.09859143  0.14969143  0.
   0.09351592  0.         -0.04325048  0.18278338]
 [ 0.31033427  0.01166976 -0.65723574 -0.11769437  0.0651826   0.
  -0.150432    0.         -0.0089737  -0.02841735]] 
Episode: 659: [[ 0.185855    0.13472104 -0.7567578  -0.3082859   0.03636289  0.
  -0.09919474  0.          0.00317181  0.14660433]
 [ 0.18233319  0.21898869 -0.7861051  -0.29233828  0.1122349   0.
  -0.12983702  0.         -0.01725222  0.10831536]
 [ 0.2590638   0.5089978  -0.7935526  -0.2525947   0.15490697  0.
  -0.02219595  0.         -0.03533321  0.19076583]
 [ 0.41104713  0.66213495 -0.7742195  -0.09851078  0.1496944   0.
   0.09385621  0.         -0.04325048  0.18306574]
 [ 0.31048405  0.0111952  -0.65765786 -0.11765013  0.0649618   0.
  -0.15040377  0.         -0.0089737  -0.02869453]] 
Episode: 660: [[ 0.18592528  0.13476975 -0.75718665 -0.3081921   0.03634316  0.
  -0.09909662  0.          0.00317181  0.14666967]
 [ 0.1823949   0.21895094 -0.786535   -0.29224584  0.11219263  0.
  -0.12978268  0.         -0.01725222  0.10832562]
 [ 0.25904933  0.50915366 -0.79398876 -0.25250548  0.15490986  0.
  -0.0220028   0.         -0.03533321  0.1909759 ]
 [ 0.41098815  0.66230047 -0.7746589  -0.09843065  0.14971331  0.
   0.09413227  0.         -0.04325048  0.18334202]
 [ 0.3106217   0.0108041  -0.6580523  -0.11757311  0.06478258  0.
  -0.15047759  0.         -0.0089737  -0.0289723 ]] 
Episode: 661: [[ 0.18593813  0.13476834 -0.75750047 -0.30814224  0.03636889  0.
  -0.09910925  0.          0.00317181  0.14679697]
 [ 0.18240555  0.21885367 -0.78685886 -0.292195    0.11218974  0.
  -0.12982126  0.         -0.01725222  0.10841274]
 [ 0.25895998  0.5092805  -0.7943008  -0.25246936  0.15496354  0.
  -0.02194132  0.         -0.03533321  0.19123115]
 [ 0.410844    0.6624459  -0.7749686  -0.09840974  0.14978345  0.
   0.09426985  0.         -0.04325048  0.1836668 ]
 [ 0.3107535   0.01033666 -0.6584006  -0.11751813  0.06460734  0.
  -0.1505528   0.         -0.0089737  -0.02917538]] 
Episode: 662: [[ 0.1861777   0.13478313 -0.75792915 -0.3079618   0.03637275  0.
  -0.09923727  0.          0.00317181  0.14687778]
 [ 0.18264918  0.21877229 -0.7872912  -0.29200965  0.11217015  0.
  -0.12997477  0.         -0.01725222  0.10850378]
 [ 0.25912786  0.5094178  -0.7947347  -0.25231153  0.15499194  0.
  -0.02199827  0.         -0.03533321  0.19133851]
 [ 0.41093534  0.66260576 -0.77541465 -0.0982695   0.14982964  0.
   0.09428287  0.         -0.04325048  0.18381056]
 [ 0.31112185  0.00989147 -0.65885055 -0.11732718  0.06443685  0.
  -0.15050048  0.         -0.0089737  -0.02921639]] 
Episode: 663: [[ 0.18637869  0.13477212 -0.7583814  -0.30783978  0.03632623  0.
  -0.09935714  0.          0.00317181  0.14701568]
 [ 0.18286003  0.21866103 -0.7877427  -0.29188153  0.11209972  0.
  -0.13010718  0.         -0.01725222  0.10864794]
 [ 0.25923783  0.5095395  -0.795201   -0.2522154   0.1549772   0.
  -0.02210558  0.         -0.03533321  0.19150041]
 [ 0.4109621   0.66276217 -0.7758931  -0.09819339  0.14984368  0.
   0.09418473  0.         -0.04325048  0.18399769]
 [ 0.31148684  0.00941519 -0.6592858  -0.11716637  0.0642383   0.
  -0.1504081   0.         -0.0089737  -0.02924252]] 
Episode: 664: [[ 0.18655317  0.13474604 -0.75889    -0.30769235  0.03629486  0.
  -0.09951176  0.          0.00317181  0.14717136]
 [ 0.18303354  0.21853074 -0.7882497  -0.2917319   0.1120457   0.
  -0.13027377  0.         -0.01725222  0.10881259]
 [ 0.2593349   0.50965583 -0.79572123 -0.25208804  0.15497226  0.
  -0.02223255  0.         -0.03533321  0.19168389]
 [ 0.41100016  0.66292113 -0.7764211  -0.09808447  0.14986694  0.
   0.09407864  0.         -0.04325048  0.1842102 ]
 [ 0.31178215  0.00893246 -0.65976185 -0.11701146  0.06405902  0.
  -0.15034178  0.         -0.0089737  -0.0292445 ]] 
Episode: 665: [[ 0.18682355  0.13480695 -0.75938624 -0.3074103   0.03631304  0.
  -0.09976771  0.          0.00317181  0.14726032]
 [ 0.1832961   0.21847272 -0.7887355  -0.2914513   0.11204282  0.
  -0.13054115  0.         -0.01725222  0.10892271]
 [ 0.25954518  0.50985646 -0.7962399  -0.25182498  0.15500368  0.
  -0.02245922  0.         -0.03533321  0.19178389]
 [ 0.41116002  0.6631539  -0.776955   -0.09783968  0.14991547  0.
   0.09389115  0.         -0.04325048  0.18433927]
 [ 0.31211513  0.00843948 -0.6601863  -0.11678651  0.06391051  0.
  -0.1502832   0.         -0.0089737  -0.02922964]] 
Episode: 666: [[ 0.18702312  0.13478711 -0.75994414 -0.30724654  0.03636886  0.
  -0.10011476  0.          0.00317181  0.14734873]
 [ 0.18349428  0.21833313 -0.78928596 -0.2912863   0.11207543  0.
  -0.13090059  0.         -0.01725222  0.10900638]
 [ 0.25967756  0.5099977  -0.7968165  -0.25168234  0.1550687   0.
  -0.02277556  0.         -0.03533321  0.19190507]
 [ 0.41123036  0.66334134 -0.7775371  -0.09771431  0.14999783  0.
   0.09361159  0.         -0.04325048  0.18447858]
 [ 0.31243175  0.0079128  -0.6606531  -0.11663815  0.06380644  0.
  -0.15036574  0.         -0.0089737  -0.02932462]] 
Episode: 667: [[ 0.18745545  0.13474983 -0.76061606 -0.30696237  0.03636534  0.
  -0.10054374  0.          0.00317181  0.14736205]
 [ 0.18393871  0.21817394 -0.78995115 -0.2909974   0.1120449   0.
  -0.13134283  0.         -0.01725222  0.10903693]
 [ 0.2600511   0.51013935 -0.79750717 -0.25142896  0.1550922   0.
  -0.02317257  0.         -0.03533321  0.1918834 ]
 [ 0.41150936  0.6635346  -0.77824503 -0.09748184  0.15004838  0.
   0.09324921  0.         -0.04325048  0.18445536]
 [ 0.31301656  0.00733584 -0.66125804 -0.1163725   0.06362874  0.
  -0.15030974  0.         -0.0089737  -0.02936538]] 
Episode: 668: [[ 0.18797028  0.13473251 -0.7612765  -0.30657953  0.03641825  0.
  -0.10104637  0.          0.00317181  0.14736624]
 [ 0.18446171  0.21805568 -0.79060256 -0.29060552  0.11207948  0.
  -0.13185948  0.         -0.01725222  0.10907979]
 [ 0.26050732  0.5102797  -0.7981848  -0.25109544  0.15515232  0.
  -0.02364212  0.         -0.03533321  0.19183917]
 [ 0.41188076  0.6637235  -0.77893406 -0.09718162  0.15012713  0.
   0.09281233  0.         -0.04325048  0.18440196]
 [ 0.3136313   0.00688969 -0.6618447  -0.11602524  0.06354003  0.
  -0.1503687   0.         -0.0089737  -0.02933108]] 
Episode: 669: [[ 0.18847418  0.13473064 -0.7619334  -0.30620694  0.03645352  0.
  -0.10138191  0.          0.00317181  0.14742732]
 [ 0.18497087  0.21793886 -0.79125047 -0.2902284   0.1120955   0.
  -0.13220552  0.         -0.01725222  0.10919541]
 [ 0.2609514   0.51044524 -0.7988601  -0.2507566   0.15519874  0.
  -0.02395228  0.         -0.03533321  0.19183616]
 [ 0.4122504   0.6639384  -0.7796272  -0.09686573  0.15019548  0.
   0.09253002  0.         -0.04325048  0.18439129]
 [ 0.31421512  0.0063985  -0.66243714 -0.11569805  0.06342639  0.
  -0.15028676  0.         -0.0089737  -0.02920463]] 
Episode: 670: [[ 0.18893078  0.13476226 -0.7624806  -0.30569515  0.03664497  0.
  -0.10163195  0.          0.00317181  0.14752352]
 [ 0.18543443  0.21784009 -0.79178995 -0.2897164   0.11225992  0.
  -0.13252391  0.         -0.01725222  0.10933068]
 [ 0.26133355  0.510664   -0.7994168  -0.2502869   0.15539359  0.
  -0.02411908  0.         -0.03533321  0.1919014 ]
 [ 0.41257504  0.66419697 -0.78019685 -0.09642901  0.15039803  0.
   0.09238675  0.         -0.04325048  0.18446133]
 [ 0.31475237  0.00583638 -0.66294503 -0.11531439  0.06336416  0.
  -0.15034793  0.         -0.0089737  -0.02909493]] 
Episode: 671: [[ 0.18952692  0.13478033 -0.7630814  -0.30511674  0.03674957  0.
  -0.10197361  0.          0.00317181  0.14750563]
 [ 0.18603761  0.21771795 -0.7923703  -0.28913802  0.11233354  0.
  -0.13292919  0.         -0.01725222  0.10936181]
 [ 0.26188534  0.5108795  -0.80005234 -0.24974321  0.15552193  0.
  -0.02438141  0.         -0.03533321  0.19182633]
 [ 0.4130667   0.6644596  -0.780865   -0.09591265  0.15054742  0.
   0.09214711  0.         -0.04325048  0.18437938]
 [ 0.31542426  0.00523662 -0.6634428  -0.11486668  0.06322078  0.
  -0.15040971  0.         -0.0089737  -0.02901191]] 
Episode: 672: [[ 0.19026227  0.13473305 -0.7638288  -0.30452642  0.03675918  0.
  -0.10239764  0.          0.00317181  0.14727776]
 [ 0.18678984  0.21754241 -0.7930966  -0.28854     0.11230702  0.
  -0.13341257  0.         -0.01725222  0.10916591]
 [ 0.2625967   0.51103866 -0.80083764 -0.24918537  0.15558152  0.
  -0.02472967  0.         -0.03533321  0.19159332]
 [ 0.4136855   0.66467947 -0.7816856  -0.09537236  0.15064438  0.
   0.09182078  0.         -0.04325048  0.18415731]
 [ 0.31629372  0.00459176 -0.6640718  -0.11433124  0.06297144  0.
  -0.15054573  0.         -0.0089737  -0.02909239]] 
Episode: 673: [[ 0.19085674  0.13474283 -0.7645491  -0.30399752  0.03677507  0.
  -0.10266252  0.          0.00317181  0.14719465]
 [ 0.18740778  0.21743575 -0.7938038  -0.28800586  0.11229125  0.
  -0.13373725  0.         -0.01725222  0.10909522]
 [ 0.26312482  0.5112289  -0.80158657 -0.24869026  0.15563941  0.
  -0.02493082  0.         -0.03533321  0.19153816]
 [ 0.4141253   0.6649169  -0.7824731  -0.0948993   0.15073457  0.
   0.09163783  0.         -0.04325048  0.18410593]
 [ 0.31706458  0.00401264 -0.66471577 -0.11385943  0.06274103  0.
  -0.15059644  0.         -0.0089737  -0.02914501]] 
Episode: 674: [[ 0.19137561  0.13482824 -0.76525533 -0.30361894  0.03677589  0.
  -0.10301101  0.          0.00317181  0.14710091]
 [ 0.18796232  0.21739767 -0.79449844 -0.28761885  0.11225899  0.
  -0.13412924  0.         -0.01725222  0.10897753]
 [ 0.26355052  0.51146567 -0.8023291  -0.24834535  0.1556805   0.
  -0.02522397  0.         -0.03533321  0.19151273]
 [ 0.41445312  0.6651793  -0.78326076 -0.09457399  0.15080975  0.
   0.09136255  0.         -0.04325048  0.18408516]
 [ 0.31784558  0.00346436 -0.6653324  -0.11347413  0.06251101  0.
  -0.15070055  0.         -0.0089737  -0.02935315]] 
Episode: 675: [[ 0.19178616  0.13482699 -0.765901   -0.30323577  0.03682456  0.
  -0.10325578  0.          0.00317181  0.147201  ]
 [ 0.18841186  0.21726145 -0.79513574 -0.28723064  0.11227816  0.
  -0.13440064  0.         -0.01725222  0.10907844]
 [ 0.26383504  0.5116529  -0.8030204  -0.24799757  0.15575388  0.
  -0.02542727  0.         -0.03533321  0.19165507]
 [ 0.41467494  0.66540754 -0.78400344 -0.0942493   0.15090744  0.
   0.09118426  0.         -0.04325048  0.1842147 ]
 [ 0.3185232   0.00278728 -0.66590875 -0.11310539  0.06232919  0.
  -0.15065911  0.         -0.0089737  -0.02936256]] 
Episode: 676: [[ 0.19215955  0.13482139 -0.76655006 -0.30283737  0.0368373   0.
  -0.10335938  0.          0.00317181  0.14734136]
 [ 0.18881397  0.21711063 -0.7957729  -0.2868325   0.11226393  0.
  -0.13452604  0.         -0.01725222  0.10922816]
 [ 0.2640936   0.51184475 -0.8037203  -0.24762332  0.15579148  0.
  -0.02549799  0.         -0.03533321  0.19183229]
 [ 0.414881    0.6656438  -0.7847578  -0.09389474  0.15096942  0.
   0.09113452  0.         -0.04325048  0.18439183]
 [ 0.31910107  0.00207852 -0.6664579  -0.11275325  0.06212955  0.
  -0.15049101  0.         -0.0089737  -0.0293101 ]] 
Episode: 677: [[ 0.19243962  0.134806   -0.767249   -0.3024698   0.03684828  0.
  -0.10345989  0.          0.00317181  0.14753169]
 [ 0.18912196  0.21697162 -0.7964665  -0.28646675  0.11224921  0.
  -0.13466577  0.         -0.01725222  0.1093983 ]
 [ 0.26424694  0.51199996 -0.8044645  -0.24728426  0.15582626  0.
  -0.02553984  0.         -0.03533321  0.19209917]
 [ 0.4149865   0.66583925 -0.78555435 -0.09358276  0.15102926  0.
   0.0911258   0.         -0.04325048  0.18466608]
 [ 0.31959227  0.00146216 -0.6670739  -0.11244246  0.06193982  0.
  -0.1504228   0.         -0.0089737  -0.02932602]] 
Episode: 678: [[ 0.19265972  0.1348145  -0.76792014 -0.30212286  0.03690131  0.
  -0.10360917  0.          0.00317181  0.14770424]
 [ 0.18937267  0.21688296 -0.79713607 -0.2861197   0.11227788  0.
  -0.13487017  0.         -0.01725222  0.10951437]
 [ 0.26432952  0.5121462  -0.80517423 -0.2469725   0.15589549  0.
  -0.02560515  0.         -0.03533321  0.19239053]
 [ 0.41502118  0.6660157  -0.7863085  -0.09330203  0.15111545  0.
   0.09111349  0.         -0.04325048  0.18497416]
 [ 0.32006058  0.00097403 -0.6676745  -0.11214809  0.06179059  0.
  -0.1504781   0.         -0.0089737  -0.02946097]] 
Episode: 679: [[ 1.92866325e-01  1.34820595e-01 -7.68579364e-01 -3.01774353e-01
   3.69523391e-02  0.00000000e+00 -1.03715524e-01  0.00000000e+00
   3.17181321e-03  1.47873938e-01]
 [ 1.89605609e-01  2.16793597e-01 -7.97793388e-01 -2.85773069e-01
   1.12306297e-01  0.00000000e+00 -1.35030493e-01  0.00000000e+00
  -1.72522180e-02  1.09625772e-01]
 [ 2.64405191e-01  5.12282610e-01 -8.05868745e-01 -2.46652782e-01
   1.55959532e-01  0.00000000e+00 -2.56047212e-02  0.00000000e+00
  -3.53332087e-02  1.92682445e-01]
 [ 4.15064335e-01  6.66183829e-01 -7.87044942e-01 -9.30105373e-02
   1.51195571e-01  0.00000000e+00  9.11954120e-02  0.00000000e+00
  -4.32504788e-02  1.85286909e-01]
 [ 3.20491195e-01  5.13926847e-04 -6.68268621e-01 -1.11860968e-01
   6.16495609e-02  0.00000000e+00 -1.50498524e-01  0.00000000e+00
  -8.97369999e-03 -2.96020247e-02]] 
Episode: 680: [[ 1.93039834e-01  1.34824872e-01 -7.69240618e-01 -3.01543593e-01
   3.70190367e-02  0.00000000e+00 -1.03713244e-01  0.00000000e+00
   3.17181321e-03  1.48028031e-01]
 [ 1.89808547e-01  2.16705039e-01 -7.98451066e-01 -2.85540164e-01
   1.12349927e-01  0.00000000e+00 -1.35088280e-01  0.00000000e+00
  -1.72522180e-02  1.09701805e-01]
 [ 2.64435470e-01  5.12407362e-01 -8.06573570e-01 -2.46449649e-01
   1.56036511e-01  0.00000000e+00 -2.55108327e-02  0.00000000e+00
  -3.53332087e-02  1.92979947e-01]
 [ 4.15055752e-01  6.66335344e-01 -7.87800550e-01 -9.28311199e-02
   1.51287109e-01  0.00000000e+00  9.13455114e-02  0.00000000e+00
  -4.32504788e-02  1.85598642e-01]
 [ 3.20910573e-01  7.17690491e-05 -6.68853462e-01 -1.11632057e-01
   6.15275726e-02  0.00000000e+00 -1.50506631e-01  0.00000000e+00
  -8.97369999e-03 -2.98306216e-02]] 
Episode: 681: [[ 1.93179652e-01  1.34874418e-01 -7.69886255e-01 -3.01345110e-01
   3.70471142e-02  0.00000000e+00 -1.03749029e-01  0.00000000e+00
   3.17181321e-03  1.48210406e-01]
 [ 1.89975485e-01  2.16667131e-01 -7.99094021e-01 -2.85338998e-01
   1.12354338e-01  0.00000000e+00 -1.35187358e-01  0.00000000e+00
  -1.72522180e-02  1.09801464e-01]
 [ 2.64436275e-01  5.12555897e-01 -8.07258785e-01 -2.46281639e-01
   1.56081304e-01  0.00000000e+00 -2.54643299e-02  0.00000000e+00
  -3.53332087e-02  1.93305582e-01]
 [ 4.15012449e-01  6.66497707e-01 -7.88530111e-01 -9.26897600e-02
   1.51349351e-01  0.00000000e+00  9.14403498e-02  0.00000000e+00
  -4.32504788e-02  1.85937867e-01]
 [ 3.21286917e-01 -3.27142363e-04 -6.69417262e-01 -1.11432731e-01
   6.13818876e-02  0.00000000e+00 -1.50593072e-01  0.00000000e+00
  -8.97369999e-03 -3.00651453e-02]] 
Episode: 682: [[ 1.93419352e-01  1.34995714e-01 -7.70519733e-01 -3.01077902e-01
   3.71031836e-02  0.00000000e+00 -1.03872895e-01  0.00000000e+00
   3.17181321e-03  1.48371950e-01]
 [ 1.90245137e-01  2.16704875e-01 -7.99719810e-01 -2.85068721e-01
   1.12388022e-01  0.00000000e+00 -1.35329604e-01  0.00000000e+00
  -1.72522180e-02  1.09912783e-01]
 [ 2.64548033e-01  5.12750268e-01 -8.07935953e-01 -2.46046707e-01
   1.56148210e-01  0.00000000e+00 -2.55350620e-02  0.00000000e+00
  -3.53332087e-02  1.93554640e-01]
 [ 4.15075719e-01  6.66694462e-01 -7.89255083e-01 -9.24837142e-02
   1.51430875e-01  0.00000000e+00  9.14146528e-02  0.00000000e+00
  -4.32504788e-02  1.86189532e-01]
 [ 3.21757585e-01 -6.74460724e-04 -6.69962466e-01 -1.11174725e-01
   6.12515509e-02  0.00000000e+00 -1.50550500e-01  0.00000000e+00
  -8.97369999e-03 -3.01950220e-02]] 
Episode: 683: [[ 0.19390221  0.13518886 -0.7712479  -0.3006495   0.03714445  0.
  -0.10410132  0.          0.00317181  0.14837748]
 [ 0.19075702  0.21682194 -0.80043423 -0.28463605  0.11241345  0.
  -0.13557675  0.         -0.01725222  0.10990869]
 [ 0.26490936  0.5129994  -0.80870926 -0.2456561   0.15619583  0.
  -0.02571124  0.         -0.03533321  0.19361274]
 [ 0.41536728  0.66693765 -0.79008424 -0.09212489  0.15149257  0.
   0.09128053  0.         -0.04325048  0.18626712]
 [ 0.3224435  -0.00096292 -0.67058897 -0.11078671  0.06113175  0.
  -0.15047413  0.         -0.0089737  -0.03028519]] 
Episode: 684: [[ 0.19426909  0.13538249 -0.77191466 -0.30022338  0.03719902  0.
  -0.10418988  0.          0.00317181  0.14848562]
 [ 0.19115686  0.21692125 -0.8010878  -0.2842072   0.11244876  0.
  -0.13567996  0.         -0.01725222  0.11001042]
 [ 0.2651296   0.51326823 -0.80941856 -0.24527426  0.1562604   0.
  -0.02575726  0.         -0.03533321  0.19377463]
 [ 0.41551045  0.66720206 -0.7908432  -0.09178234  0.15156996  0.
   0.09127082  0.         -0.04325048  0.18645743]
 [ 0.3230379  -0.0013235  -0.6711578  -0.11042329  0.0609977   0.
  -0.1503495   0.         -0.0089737  -0.03031006]] 
Episode: 685: [[ 0.1946029   0.13552445 -0.7725709  -0.29976922  0.03724419  0.
  -0.10415264  0.          0.00317181  0.14863811]
 [ 0.191518    0.21696115 -0.8017321  -0.2837547   0.11247493  0.
  -0.13565372  0.         -0.01725222  0.11016058]
 [ 0.2653213   0.51351565 -0.810116   -0.24485692  0.15631716  0.
  -0.02568617  0.         -0.03533321  0.19397904]
 [ 0.4156324   0.6674585  -0.79159266 -0.09140058  0.1516389   0.
   0.09137303  0.         -0.04325048  0.18669952]
 [ 0.3235686  -0.00175314 -0.6717216  -0.11006466  0.06084856  0.
  -0.150131    0.         -0.0089737  -0.03029759]] 
Episode: 686: [[ 0.19481003  0.13570465 -0.7732502  -0.29935688  0.03743757  0.
  -0.10400227  0.          0.00317181  0.14885013]
 [ 0.19176249  0.21704511 -0.80240744 -0.28334516  0.11264263  0.
  -0.13551109  0.         -0.01725222  0.11034103]
 [ 0.26534945  0.51379186 -0.81083715 -0.24448673  0.15651746  0.
  -0.02550977  0.         -0.03533321  0.19427668]
 [ 0.41557765  0.6677263  -0.79236865 -0.09107617  0.15183741  0.
   0.09157594  0.         -0.04325048  0.18704025]
 [ 0.32404146 -0.00213513 -0.6723332  -0.10975093  0.0607533   0.
  -0.14988829  0.         -0.0089737  -0.03033543]] 
Episode: 687: [[ 0.19501151  0.13592674 -0.77387255 -0.298915    0.03757397  0.
  -0.10387003  0.          0.00317181  0.14908499]
 [ 0.19199006  0.21718098 -0.8030281  -0.28290743  0.11275727  0.
  -0.13539179  0.         -0.01725222  0.11055659]
 [ 0.2653836   0.51408666 -0.8114952  -0.24408491  0.15666221  0.
  -0.02532155  0.         -0.03533321  0.19458994]
 [ 0.41554984  0.66800976 -0.7930791  -0.0907165   0.15198457  0.
   0.09182336  0.         -0.04325048  0.18739311]
 [ 0.32443026 -0.00243475 -0.6729126  -0.10943059  0.06064368  0.
  -0.14966747  0.         -0.0089737  -0.03032962]] 
Episode: 688: [[ 0.19525185  0.1362126  -0.77443707 -0.29841194  0.03774034  0.
  -0.10373953  0.          0.00317181  0.14927356]
 [ 0.19224821  0.21737961 -0.80358875 -0.2824105   0.11290409  0.
  -0.13527213  0.         -0.01725222  0.11073235]
 [ 0.2654799   0.5144347  -0.81209034 -0.2436181   0.1568278   0.
  -0.02510137  0.         -0.03533321  0.19484502]
 [ 0.41559792  0.66833603 -0.7937242  -0.09028986  0.15214352  0.
   0.09213071  0.         -0.04325048  0.18769175]
 [ 0.32480755 -0.00270646 -0.67344064 -0.10908093  0.06055876  0.
  -0.14941938  0.         -0.0089737  -0.03031609]] 
Episode: 689: [[ 0.19556428  0.13650478 -0.7750108  -0.297839    0.03787059  0.
  -0.10352574  0.          0.00317181  0.14938788]
 [ 0.19256876  0.21757285 -0.8041517  -0.28184298  0.11301353  0.
  -0.13507822  0.         -0.01725222  0.11084735]
 [ 0.26566955  0.5147939  -0.81269675 -0.24307881  0.15695776  0.
  -0.02479064  0.         -0.03533321  0.19501825]
 [ 0.41574368  0.66867256 -0.7943815  -0.0897872   0.15226644  0.
   0.09251825  0.         -0.04325048  0.18791705]
 [ 0.32519823 -0.00300467 -0.673947   -0.10866782  0.06042511  0.
  -0.14911518  0.         -0.0089737  -0.03029794]] 
Episode: 690: [[ 0.19573823  0.13675983 -0.7755377  -0.29736248  0.03811726  0.
  -0.10321634  0.          0.00317181  0.14960928]
 [ 0.1927549   0.21771802 -0.80466956 -0.28137204  0.11323164  0.
  -0.13478452  0.         -0.01725222  0.11107356]
 [ 0.26569593  0.5151338  -0.8132542  -0.24263649  0.1571999   0.
  -0.02439849  0.         -0.03533321  0.19529974]
 [ 0.41572678  0.6689948  -0.79498005 -0.08938444  0.15249659  0.
   0.09297793  0.         -0.04325048  0.18825139]
 [ 0.32548833 -0.00337146 -0.67441386 -0.10832621  0.0603312   0.
  -0.14878097  0.         -0.0089737  -0.03017944]] 
Episode: 691: [[ 0.19600688  0.13708226 -0.7760594  -0.29682583  0.0383902   0.
  -0.10305501  0.          0.00317181  0.14979683]
 [ 0.19303302  0.21792169 -0.80517644 -0.28084162  0.11348458  0.
  -0.13461146  0.         -0.01725222  0.11129755]
 [ 0.2658419   0.5155296  -0.813806   -0.24213012  0.15745194  0.
  -0.02415819  0.         -0.03533321  0.19549602]
 [ 0.4158375   0.66936785 -0.7955735  -0.0889152   0.15273307  0.
   0.09328059  0.         -0.04325048  0.18848625]
 [ 0.3258438  -0.00374577 -0.6748566  -0.10793125  0.06030128  0.
  -0.14835884  0.         -0.0089737  -0.02996978]] 
Episode: 692: [[ 0.19622827  0.137357   -0.7765215  -0.29630557  0.03867383  0.
  -0.10279288  0.          0.00317181  0.15003043]
 [ 0.19326037  0.21806951 -0.80562526 -0.2803318   0.11374572  0.
  -0.13433655  0.         -0.01725222  0.11157274]
 [ 0.265941    0.5158994  -0.81429917 -0.24163635  0.15771633  0.
  -0.02382947  0.         -0.03533321  0.19573835]
 [ 0.4159012   0.6697242  -0.79610956 -0.08845997  0.15298106  0.
   0.09366385  0.         -0.04325048  0.18877837]
 [ 0.3261305  -0.00417724 -0.67525226 -0.10757829  0.06026268  0.
  -0.1478569   0.         -0.0089737  -0.02971223]] 
Episode: 693: [[ 0.19638442  0.13752905 -0.77707875 -0.2957595   0.03904189  0.
  -0.10267399  0.          0.00317181  0.15029265]
 [ 0.19342597  0.2180781  -0.8061713  -0.27979174  0.11407965  0.
  -0.13420841  0.         -0.01725222  0.11186776]
 [ 0.26596174  0.5162419  -0.8148888  -0.2411296   0.15806982  0.
  -0.02364618  0.         -0.03533321  0.19601673]
 [ 0.41589692  0.6700782  -0.79673547 -0.087997    0.1533194   0.
   0.0938978   0.         -0.04325048  0.1890931 ]
 [ 0.32641333 -0.00487321 -0.6757464  -0.10719078  0.06021452  0.
  -0.1475412   0.         -0.0089737  -0.02950042]] 
Episode: 694: [[ 0.19679622  0.13751924 -0.77775854 -0.29525682  0.03923642  0.
  -0.10268392  0.          0.00317181  0.15034436]
 [ 0.19385423  0.21789274 -0.806827   -0.27928802  0.1142243   0.
  -0.13421226  0.         -0.01725222  0.1119839 ]
 [ 0.26624045  0.5164734  -0.81562483 -0.2406624   0.15830432  0.
  -0.02359373  0.         -0.03533321  0.19610082]
 [ 0.41612688  0.6703637  -0.79752725 -0.08756268  0.1535724   0.
   0.09399745  0.         -0.04325048  0.1892271 ]
 [ 0.32699254 -0.0057152  -0.6762907  -0.1067673   0.05999167  0.
  -0.1473694   0.         -0.0089737  -0.02933324]] 
Episode: 695: [[ 0.19709978  0.1374925  -0.77840483 -0.29482573  0.03938978  0.
  -0.10259281  0.          0.00317181  0.15048659]
 [ 0.19417302  0.21767637 -0.8074467  -0.2788579   0.11432997  0.
  -0.1341283   0.         -0.01725222  0.11218809]
 [ 0.26638964  0.5167031  -0.8163283  -0.24026373  0.15849939  0.
  -0.0234341   0.         -0.03533321  0.19628505]
 [ 0.41622967  0.67065305 -0.7982883  -0.08719437  0.15378942  0.
   0.09419795  0.         -0.04325048  0.1894642 ]
 [ 0.3274579  -0.00660416 -0.6767728  -0.10640954  0.05975753  0.
  -0.14718881  0.         -0.0089737  -0.02912828]] 
Episode: 696: [[ 0.19743286  0.13751322 -0.7791837  -0.29455724  0.03952123  0.
  -0.10262769  0.          0.00317181  0.15045539]
 [ 0.19451432  0.21752632 -0.80819386 -0.2785784   0.11441486  0.
  -0.13417187  0.         -0.01725222  0.11220052]
 [ 0.26660612  0.51694655 -0.8171825  -0.24004087  0.15867698  0.
  -0.02340287  0.         -0.03533321  0.19628489]
 [ 0.4163573   0.67094845 -0.7992023  -0.08699998  0.15400173  0.
   0.09426755  0.         -0.04325048  0.18952864]
 [ 0.32792315 -0.00738083 -0.6773034  -0.10610894  0.05955136  0.
  -0.14716205  0.         -0.0089737  -0.029122  ]] 
Episode: 697: [[ 0.19782826  0.1375898  -0.77987087 -0.29425785  0.03971037  0.
  -0.10277589  0.          0.00317181  0.15038875]
 [ 0.19490458  0.21747567 -0.80885184 -0.27826196  0.11457345  0.
  -0.13433012  0.         -0.01725222  0.11216843]
 [ 0.26691422  0.5171938  -0.8179343  -0.23979633  0.15888311  0.
  -0.02348714  0.         -0.03533321  0.19626261]
 [ 0.41658062  0.6712348  -0.8000032  -0.08678849  0.15422976  0.
   0.09423042  0.         -0.04325048  0.18957473]
 [ 0.32838032 -0.00788565 -0.6777668  -0.10576592  0.05948946  0.
  -0.1472735   0.         -0.0089737  -0.029177  ]] 
Episode: 698: [[ 0.19825384  0.13762178 -0.78054214 -0.29390186  0.03988383  0.
  -0.10279245  0.          0.00317181  0.15030636]
 [ 0.19531919  0.21737535 -0.80948776 -0.2778934   0.11471646  0.
  -0.13435617  0.         -0.01725222  0.11213285]
 [ 0.2672671   0.5174077  -0.8186745  -0.23948209  0.15907516  0.
  -0.02345063  0.         -0.03533321  0.19621043]
 [ 0.41686678  0.6714922  -0.8007988  -0.08649868  0.15444021  0.
   0.0943078   0.         -0.04325048  0.18959413]
 [ 0.32882282 -0.00842454 -0.678182   -0.10540515  0.05940701  0.
  -0.14725408  0.         -0.0089737  -0.02918733]] 
Episode: 699: [[ 0.19868517  0.13768022 -0.78115976 -0.29343078  0.04015771  0.
  -0.10277058  0.          0.00317181  0.15021   ]
 [ 0.19573477  0.21729797 -0.81006527 -0.27741575  0.11496551  0.
  -0.13436177  0.         -0.01725222  0.11208575]
 [ 0.26764265  0.51765984 -0.8193732  -0.2390492   0.1593479   0.
  -0.02330546  0.         -0.03533321  0.19613624]
 [ 0.417191    0.671781   -0.80156446 -0.08609287  0.15471554  0.
   0.0944882   0.         -0.04325048  0.1895854 ]
 [ 0.32923582 -0.00896947 -0.6785301  -0.10501217  0.05940623  0.
  -0.14725186  0.         -0.0089737  -0.02918865]] 
Episode: 700: [[ 0.19932045  0.13771582 -0.78195405 -0.2928263   0.04029635  0.
  -0.10286773  0.          0.00317181  0.1499709 ]
 [ 0.19636622  0.21719535 -0.8108208  -0.2767988   0.11507672  0.
  -0.13448589  0.         -0.01725222  0.11192339]
 [ 0.26823726  0.51789254 -0.82025015 -0.23849665  0.15950826  0.
  -0.02328713  0.         -0.03533321  0.1959037 ]
 [ 0.4177065   0.6720656  -0.8025149  -0.0855757   0.1548963   0.
   0.09453978  0.         -0.04325048  0.18942864]
 [ 0.329909   -0.00954663 -0.6790696  -0.10447602  0.05928742  0.
  -0.14724635  0.         -0.0089737  -0.02917786]] 
Episode: 701: [[ 0.19986637  0.13776693 -0.7827667  -0.2922067   0.04050055  0.
  -0.10283835  0.          0.00317181  0.14978531]
 [ 0.19691713  0.21710819 -0.8116036  -0.27617037  0.11524324  0.
  -0.13452594  0.         -0.01725222  0.11176226]
 [ 0.2687125   0.51813513 -0.82113355 -0.23793423  0.15974255  0.
  -0.02315838  0.         -0.03533321  0.19579028]
 [ 0.41810152  0.6723476  -0.8034619  -0.08505666  0.15514772  0.
   0.09469691  0.         -0.04325048  0.18940231]
 [ 0.33054137 -0.01014828 -0.67965853 -0.10396044  0.05914415  0.
  -0.14733763  0.         -0.0089737  -0.02926627]] 
Episode: 702: [[ 0.2002597   0.13793203 -0.7836304  -0.29171294  0.04072487  0.
  -0.10292866  0.          0.00317181  0.14966153]
 [ 0.19733545  0.21714847 -0.8124457  -0.27566642  0.11543204  0.
  -0.13468105  0.         -0.01725222  0.11160503]
 [ 0.2689831   0.51844656 -0.82206494 -0.23750022  0.15999113  0.
  -0.02315476  0.         -0.03533321  0.19580214]
 [ 0.41827366  0.67266846 -0.80445373 -0.08466866  0.15541105  0.
   0.0947276   0.         -0.04325048  0.18950506]
 [ 0.3311605  -0.01066103 -0.68031496 -0.10351489  0.0590411   0.
  -0.14749514  0.         -0.0089737  -0.02950144]] 
Episode: 703: [[ 0.20057277  0.1381189  -0.7844882  -0.29139003  0.0409073   0.
  -0.10304154  0.          0.00317181  0.14951794]
 [ 0.19768268  0.21722512 -0.8132844  -0.27533105  0.11558045  0.
  -0.1348535   0.         -0.01725222  0.11139745]
 [ 0.26915768  0.5187441  -0.8229839  -0.23723142  0.16019614  0.
  -0.02322707  0.         -0.03533321  0.19582532]
 [ 0.41833237  0.672961   -0.8054258  -0.08443969  0.1556298   0.
   0.09466197  0.         -0.04325048  0.189613  ]
 [ 0.3317602  -0.01107561 -0.6809552  -0.10317651  0.0589397   0.
  -0.14770433  0.         -0.0089737  -0.02989398]] 
Episode: 704: [[ 0.20081773  0.13825053 -0.78536206 -0.29123002  0.04104899  0.
  -0.10302631  0.          0.00317181  0.1494201 ]
 [ 0.19796515  0.21722601 -0.81414086 -0.27515638  0.11568142  0.
  -0.1348895   0.         -0.01725222  0.11123941]
 [ 0.269252    0.5190191  -0.82391834 -0.23712273  0.16037345  0.
  -0.02317989  0.         -0.03533321  0.19588189]
 [ 0.41830778  0.6732476  -0.8064119  -0.0843689   0.15583254  0.
   0.09468888  0.         -0.04325048  0.18974432]
 [ 0.33231488 -0.01159267 -0.6816068  -0.10293233  0.05878491  0.
  -0.14779307  0.         -0.0089737  -0.0302642 ]] 
Episode: 705: [[ 0.20100412  0.13836844 -0.786112   -0.29101822  0.04125497  0.
  -0.10290749  0.          0.00317181  0.14941688]
 [ 0.1981934   0.2172167  -0.81487966 -0.27493304  0.11583689  0.
  -0.13482766  0.         -0.01725222  0.1111802 ]
 [ 0.26926726  0.5192821  -0.8247173  -0.23696846  0.1606213   0.
  -0.02302523  0.         -0.03533321  0.19602972]
 [ 0.41820583  0.6735197  -0.807256   -0.08426131  0.15610318  0.
   0.09482381  0.         -0.04325048  0.18997784]
 [ 0.33282736 -0.01213509 -0.6821952  -0.10267908  0.0585995   0.
  -0.14779861  0.         -0.0089737  -0.0305534 ]] 
Episode: 706: [[ 0.20113051  0.13838895 -0.7867789  -0.29083568  0.04143825  0.
  -0.10286772  0.          0.00317181  0.14947173]
 [ 0.19835824  0.21710964 -0.815542   -0.27474174  0.11597038  0.
  -0.13483676  0.         -0.01725222  0.11117662]
 [ 0.26921916  0.5194664  -0.8254199  -0.23683935  0.16084424  0.
  -0.02297209  0.         -0.03533321  0.1962426 ]
 [ 0.41807136  0.6737254  -0.8079986  -0.08417317  0.15634443  0.
   0.09487515  0.         -0.04325048  0.19026314]
 [ 0.33326206 -0.01269457 -0.68275636 -0.1024727   0.05841456  0.
  -0.14785296  0.         -0.0089737  -0.03084083]] 
Episode: 707: [[ 0.20118171  0.13842459 -0.7875911  -0.29079553  0.0417404   0.
  -0.10294874  0.          0.00317181  0.14949608]
 [ 0.19845806  0.21706273 -0.8163569  -0.2746845   0.11623488  0.
  -0.13496412  0.         -0.01725222  0.11111661]
 [ 0.26908743  0.5196048  -0.8262735  -0.23686023  0.16115716  0.
  -0.02303649  0.         -0.03533321  0.19643721]
 [ 0.4178269   0.6738726  -0.8088908  -0.08423594  0.1566647   0.
   0.09481061  0.         -0.04325048  0.19051592]
 [ 0.3337013  -0.01301458 -0.6834415  -0.10232819  0.0584149   0.
  -0.14803775  0.         -0.0089737  -0.03126936]] 
Episode: 708: [[ 0.20121571  0.13843419 -0.7884042  -0.29088104  0.04203394  0.
  -0.1031384   0.          0.00317181  0.14949472]
 [ 0.19854638  0.21698919 -0.81717485 -0.27475244  0.11648706  0.
  -0.13519356  0.         -0.01725222  0.11102159]
 [ 0.2689286   0.51972395 -0.82712626 -0.23700045  0.16146503  0.
  -0.02320662  0.         -0.03533321  0.19660202]
 [ 0.41754577  0.6740046  -0.80977875 -0.08441079  0.15698348  0.
   0.09464181  0.         -0.04325048  0.19071937]
 [ 0.33415723 -0.01337921 -0.6841326  -0.10226122  0.05839518  0.
  -0.14819944  0.         -0.0089737  -0.0317657 ]] 
Episode: 709: [[ 0.20120509  0.1383266  -0.789308   -0.29109645  0.04226273  0.
  -0.10319231  0.          0.00317181  0.1495738 ]
 [ 0.19859554  0.21678755 -0.81808305 -0.27494946  0.11667063  0.
  -0.13528088  0.         -0.01725222  0.11099277]
 [ 0.26870185  0.5197528  -0.8280869  -0.237273    0.16172633  0.
  -0.02324754  0.         -0.03533321  0.19686165]
 [ 0.41718256  0.6740727  -0.8107879  -0.08472084  0.1572758   0.
   0.09455673  0.         -0.04325048  0.19100584]
 [ 0.33462122 -0.0138462  -0.68490785 -0.10226368  0.05832023  0.
  -0.14826047  0.         -0.0089737  -0.03228149]] 
Episode: 710: [[ 0.20113553  0.13814211 -0.7904066  -0.29098254  0.04287721  0.
  -0.10319091  0.          0.00317181  0.14974326]
 [ 0.19860017  0.21649155 -0.81919914 -0.27482817  0.11720753  0.
  -0.13538915  0.         -0.01725222  0.11100299]
 [ 0.26836857  0.51977825 -0.8292476  -0.23724008  0.16237696  0.
  -0.02317224  0.         -0.03533321  0.19726112]
 [ 0.4167066   0.67413366 -0.8120211  -0.08475758  0.15793093  0.
   0.09459093  0.         -0.04325048  0.19141252]
 [ 0.33510518 -0.01446146 -0.6859111  -0.10215557  0.05826552  0.
  -0.14845134  0.         -0.0089737  -0.03283652]] 
Episode: 711: [[ 0.20102705  0.13799773 -0.7914874  -0.29090005  0.04338192  0.
  -0.1032071   0.          0.00317181  0.14992328]
 [ 0.19855878  0.21623395 -0.82029897 -0.27474114  0.1176396   0.
  -0.13552175  0.         -0.01725222  0.11100601]
 [ 0.26800692  0.5198223  -0.8303795  -0.23722525  0.16291994  0.
  -0.02308494  0.         -0.03533321  0.19768654]
 [ 0.41621888  0.67419803 -0.81321543 -0.08480306  0.15848024  0.
   0.0946841   0.         -0.04325048  0.19184248]
 [ 0.33552593 -0.01507953 -0.6869171  -0.10207295  0.05816275  0.
  -0.14870258  0.         -0.0089737  -0.03341307]] 
Episode: 712: [[ 0.20113225  0.13793094 -0.79256815 -0.2906882   0.04381703  0.
  -0.10328269  0.          0.00317181  0.14994714]
 [ 0.19873172  0.21605349 -0.82139266 -0.27452227  0.11800735  0.
  -0.13567528  0.         -0.01725222  0.11087228]
 [ 0.26788586  0.51992804 -0.8315105  -0.23708095  0.16339593  0.
  -0.02308321  0.         -0.03533321  0.19791642]
 [ 0.41596162  0.6743219  -0.8144094  -0.08471929  0.15896799  0.
   0.09468092  0.         -0.04325048  0.19207992]
 [ 0.33613533 -0.01567357 -0.68792427 -0.1018649   0.05802506  0.
  -0.14880873  0.         -0.0089737  -0.03400885]] 
Episode: 713: [[ 0.20135598  0.13790198 -0.7936274  -0.2904053   0.04420204  0.
  -0.10339425  0.          0.00317181  0.14989339]
 [ 0.19901596  0.21590884 -0.8224572  -0.2742324   0.11833256  0.
  -0.13584329  0.         -0.01725222  0.11068771]
 [ 0.26790878  0.5200618  -0.8326213  -0.23686318  0.163818    0.
  -0.02312305  0.         -0.03533321  0.19803405]
 [ 0.4158495   0.67447734 -0.81558055 -0.08456221  0.15940654  0.
   0.09463228  0.         -0.04325048  0.1922035 ]
 [ 0.33679536 -0.01624454 -0.6888811  -0.10159659  0.0578853   0.
  -0.14883599  0.         -0.0089737  -0.03454218]] 
Episode: 714: [[ 0.20185445  0.13781269 -0.79478914 -0.28998074  0.04448365  0.
  -0.10361166  0.          0.00317181  0.14963126]
 [ 0.19957379  0.21570703 -0.8236149  -0.27379003  0.11855444  0.
  -0.1361139   0.         -0.01725222  0.11029571]
 [ 0.2681865   0.5201418  -0.8338448  -0.23650883  0.16415484  0.
  -0.02327124  0.         -0.03533321  0.19797389]
 [ 0.41598043  0.6745957  -0.81686723 -0.08426762  0.15977642  0.
   0.0944776   0.         -0.04325048  0.19216569]
 [ 0.33775964 -0.01688408 -0.68994087 -0.10111604  0.05763371  0.
  -0.14877589  0.         -0.0089737  -0.03526742]] 
Episode: 715: [[ 0.2022501   0.13764295 -0.795977   -0.28973863  0.0446891   0.
  -0.10392425  0.          0.00317181  0.14933556]
 [ 0.20003013  0.21541005 -0.82480025 -0.2735214   0.11869172  0.
  -0.13647674  0.         -0.01725222  0.10983803]
 [ 0.26836792  0.5201774  -0.8351     -0.23633607  0.1644366   0.
  -0.02351688  0.         -0.03533321  0.1978944 ]
 [ 0.416001    0.674688   -0.81818146 -0.08414227  0.160105    0.
   0.09422754  0.         -0.04325048  0.19208957]
 [ 0.3386448  -0.01764914 -0.6909895  -0.10071089  0.05731289  0.
  -0.14885782  0.         -0.0089737  -0.03610837]] 
Episode: 716: [[ 0.20257296  0.13754284 -0.7970255  -0.28951216  0.04495307  0.
  -0.10432245  0.          0.00317181  0.1491017 ]
 [ 0.20039839  0.21518588 -0.8258395  -0.2732724   0.11890467  0.
  -0.13692124  0.         -0.01725222  0.10947609]
 [ 0.26850772  0.5202649  -0.83621734 -0.23617066  0.1647433   0.
  -0.02385019  0.         -0.03533321  0.19783774]
 [ 0.41600865  0.6748186  -0.81935406 -0.08402082  0.16044195  0.
   0.09389169  0.         -0.04325048  0.19203651]
 [ 0.3393701  -0.01837766 -0.69187456 -0.10034557  0.05713     0.
  -0.14896172  0.         -0.0089737  -0.03678599]] 
Episode: 717: [[ 0.20282626  0.13747875 -0.7980034  -0.28928554  0.04516669  0.
  -0.10461088  0.          0.00317181  0.14896631]
 [ 0.20069246  0.21500213 -0.8268137  -0.27302787  0.11907006  0.
  -0.13725261  0.         -0.01725222  0.10922654]
 [ 0.26858386  0.52037036 -0.8372487  -0.23599938  0.16499919  0.
  -0.02405957  0.         -0.03533321  0.19786651]
 [ 0.4159712   0.67496276 -0.82043046 -0.08389165  0.1607269   0.
   0.09369931  0.         -0.04325048  0.19207595]
 [ 0.33999756 -0.019049   -0.692724   -0.10000946  0.05692878  0.
  -0.14898716  0.         -0.0089737  -0.03735129]] 
Episode: 718: [[ 0.2030278   0.13755448 -0.7989871  -0.289224    0.04534761  0.
  -0.10496758  0.          0.00317181  0.14866099]
 [ 0.20094445  0.21497235 -0.8277984  -0.27294818  0.11920206  0.
  -0.13767008  0.         -0.01725222  0.10877696]
 [ 0.2686022   0.5205572  -0.8382784  -0.23597679  0.16522385  0.
  -0.02429563  0.         -0.03533321  0.19783105]
 [ 0.41585228  0.67515045 -0.82148975 -0.08389574  0.16097945  0.
   0.09353059  0.         -0.04325048  0.1920743 ]
 [ 0.34064135 -0.01961948 -0.69354945 -0.09979443  0.05672393  0.
  -0.14914607  0.         -0.0089737  -0.03810364]] 
Episode: 719: [[ 0.2032068   0.1376368  -0.7999528  -0.2891543   0.04548753  0.
  -0.10520551  0.          0.00317181  0.14843592]
 [ 0.20116742  0.21495491 -0.82876384 -0.27286282  0.11930072  0.
  -0.13797122  0.         -0.01725222  0.10841754]
 [ 0.2686034   0.5207391  -0.83929366 -0.235942    0.1653991   0.
  -0.02439838  0.         -0.03533321  0.1978566 ]
 [ 0.41572878  0.67533654 -0.8225411  -0.0838858   0.16118146  0.
   0.09348969  0.         -0.04325048  0.19212958]
 [ 0.34122875 -0.02012913 -0.69435114 -0.09959144  0.0565358   0.
  -0.14924626  0.         -0.0089737  -0.03877145]] 
Episode: 720: [[ 0.2033952   0.1377705  -0.8009107  -0.28908715  0.04558443  0.
  -0.10538095  0.          0.00317181  0.14821345]
 [ 0.20139389  0.21500082 -0.82972145 -0.27278125  0.11936072  0.
  -0.13821556  0.         -0.01725222  0.10805492]
 [ 0.2686281   0.5209478  -0.840302   -0.23590694  0.1655305   0.
  -0.02443282  0.         -0.03533321  0.19788142]
 [ 0.41563824  0.6755406  -0.8235842  -0.08387376  0.16134238  0.
   0.09351434  0.         -0.04325048  0.19217916]
 [ 0.3417876  -0.0205655  -0.69514555 -0.09940271  0.05634294  0.
  -0.1493539   0.         -0.0089737  -0.03944703]] 
Episode: 721: [[ 0.20350777  0.13786556 -0.8018482  -0.28907457  0.04568906  0.
  -0.10565583  0.          0.00317181  0.14802258]
 [ 0.20153943  0.21501385 -0.8306682  -0.27275416  0.11942928  0.
  -0.1385528   0.         -0.01725222  0.10772388]
 [ 0.2685921   0.52111983 -0.84127384 -0.23592351  0.16566546  0.
  -0.02457623  0.         -0.03533321  0.1979235 ]
 [ 0.41549203  0.6757118  -0.8245792  -0.08390841  0.1615036   0.
   0.09342556  0.         -0.04325048  0.1922404 ]
 [ 0.34226325 -0.02101479 -0.69596225 -0.09926147  0.05617695  0.
  -0.14957622  0.         -0.0089737  -0.04013897]] 
Episode: 722: [[ 0.203622    0.13790992 -0.8028155  -0.28925204  0.04579154  0.
  -0.1060202   0.          0.00317181  0.14769316]
 [ 0.20168188  0.21495901 -0.83163786 -0.27291292  0.11948777  0.
  -0.13897562  0.         -0.01725222  0.10725148]
 [ 0.26858762  0.5212788  -0.84228474 -0.23612285  0.1658097   0.
  -0.02481764  0.         -0.03533321  0.19780895]
 [ 0.41536245  0.6758877  -0.8256023  -0.08411571  0.16168441  0.
   0.09323474  0.         -0.04325048  0.19214591]
 [ 0.34272623 -0.02153167 -0.6967329  -0.09922903  0.05601031  0.
  -0.14991222  0.         -0.0089737  -0.0409589 ]] 
Episode: 723: [[ 0.20372882  0.13789926 -0.8037387  -0.28937295  0.0458562   0.
  -0.10626565  0.          0.00317181  0.14744669]
 [ 0.20180762  0.21483068 -0.8325635  -0.27301854  0.11950569  0.
  -0.13927512  0.         -0.01725222  0.10690185]
 [ 0.26858774  0.5214089  -0.84324753 -0.23626281  0.16592191  0.
  -0.0249225   0.         -0.03533321  0.19773974]
 [ 0.41526037  0.6760479  -0.826579   -0.08426397  0.16183439  0.
   0.09317395  0.         -0.04325048  0.19209844]
 [ 0.34311506 -0.02212765 -0.6974778  -0.09918126  0.05579426  0.
  -0.15012595  0.         -0.0089737  -0.04160585]] 
Episode: 724: [[ 0.20392404  0.13789994 -0.80460584 -0.2894023   0.04592694  0.
  -0.10660354  0.          0.00317181  0.14716138]
 [ 0.20200683  0.21472688 -0.8334337  -0.27302846  0.11953656  0.
  -0.13966398  0.         -0.01725222  0.10652581]
 [ 0.26870164  0.5215302  -0.84414274 -0.23632395  0.16602963  0.
  -0.02512918  0.         -0.03533321  0.19762126]
 [ 0.41527772  0.67619944 -0.82748485 -0.08434199  0.161976    0.
   0.09300837  0.         -0.04325048  0.19200666]
 [ 0.3434964  -0.02266097 -0.69820017 -0.09904773  0.05561848  0.
  -0.15045415  0.         -0.0089737  -0.04221817]] 
Episode: 725: [[ 0.20406923  0.13795015 -0.8055342  -0.28948653  0.04596673  0.
  -0.10683718  0.          0.00317181  0.14686611]
 [ 0.2021558   0.21469414 -0.83436245 -0.27309313  0.11954396  0.
  -0.13998856  0.         -0.01725222  0.10608741]
 [ 0.26876447  0.52166796 -0.845109   -0.23643863  0.16610108  0.
  -0.02520285  0.         -0.03533321  0.1975506 ]
 [ 0.41524428  0.67635345 -0.82846546 -0.08447261  0.16208214  0.
   0.09297024  0.         -0.04325048  0.19197273]
 [ 0.34383857 -0.02308858 -0.6989391  -0.09895611  0.05546596  0.
  -0.15088516  0.         -0.0089737  -0.04298903]] 
Episode: 726: [[ 0.20420066  0.13799118 -0.80640113 -0.28961906  0.04596181  0.
  -0.10704006  0.          0.00317181  0.14657946]
 [ 0.20229068  0.2146314  -0.8352265  -0.2732061   0.11950783  0.
  -0.14028014  0.         -0.01725222  0.10565592]
 [ 0.26881942  0.52181834 -0.84602    -0.23660105  0.1661292   0.
  -0.02527789  0.         -0.03533321  0.19748084]
 [ 0.4152055   0.6765191  -0.82939374 -0.08464946  0.16214775  0.
   0.09289733  0.         -0.04325048  0.19193068]
 [ 0.34416622 -0.02361742 -0.6996086  -0.09890258  0.05528948  0.
  -0.15131304  0.         -0.0089737  -0.04376661]] 
Episode: 727: [[ 0.2043523   0.13805102 -0.8072443  -0.2896541   0.04594771  0.
  -0.1071054   0.          0.00317181  0.14632829]
 [ 0.20243862  0.21456556 -0.8360602  -0.2732269   0.11946494  0.
  -0.14042287  0.         -0.01725222  0.10528744]
 [ 0.26890856  0.52201086 -0.8469187  -0.23665409  0.16614255  0.
  -0.02523304  0.         -0.03533321  0.19741414]
 [ 0.41522104  0.676727   -0.83032334 -0.08471038  0.16219302  0.
   0.09294265  0.         -0.04325048  0.19189729]
 [ 0.34445763 -0.02422952 -0.7002242  -0.09881     0.05509354  0.
  -0.15156192  0.         -0.0089737  -0.04442016]] 
Episode: 728: [[ 0.20446366  0.13810603 -0.8080498  -0.2897014   0.04591203  0.
  -0.10704703  0.          0.00317181  0.14618966]
 [ 0.20254643  0.2144845  -0.83685726 -0.2732635   0.11939996  0.
  -0.14043172  0.         -0.01725222  0.10504013]
 [ 0.26894385  0.5222128  -0.8477823  -0.23671561  0.1661359   0.
  -0.02508034  0.         -0.03533321  0.19745024]
 [ 0.4151829   0.676949   -0.83122313 -0.08478179  0.16221903  0.
   0.09309433  0.         -0.04325048  0.19197156]
 [ 0.34470156 -0.02487227 -0.70081717 -0.09874942  0.0548735   0.
  -0.15164994  0.         -0.0089737  -0.04495954]] 
Episode: 729: [[ 0.2045451   0.13818693 -0.808843   -0.28976527  0.04587901  0.
  -0.10691173  0.          0.00317181  0.14610024]
 [ 0.20263036  0.21444549 -0.8376428  -0.27331784  0.11934398  0.
  -0.1403641   0.         -0.01725222  0.10483691]
 [ 0.2689275   0.52242863 -0.8486367  -0.23679668  0.16612615  0.
  -0.02486157  0.         -0.03533321  0.19754274]
 [ 0.41508624  0.6771777  -0.83211863 -0.08487567  0.16224308  0.
   0.09328756  0.         -0.04325048  0.1920985 ]
 [ 0.34495428 -0.02543017 -0.70140666 -0.09870173  0.05468474  0.
  -0.15168627  0.         -0.0089737  -0.04549191]] 
Episode: 730: [[ 0.20491469  0.13828312 -0.8097895  -0.28961906  0.04576568  0.
  -0.10690716  0.          0.00317181  0.1458056 ]
 [ 0.20301075  0.21443847 -0.8385729  -0.27315158  0.11920951  0.
  -0.1404228   0.         -0.01725222  0.10442872]
 [ 0.26917157  0.52264076 -0.8496472  -0.23668148  0.16605593  0.
  -0.02477709  0.         -0.03533321  0.19745879]
 [ 0.41523233  0.6774058  -0.8331676  -0.08478007  0.16222405  0.
   0.09335047  0.         -0.04325048  0.19206253]
 [ 0.34555677 -0.02592502 -0.7021134  -0.09839655  0.05443477  0.
  -0.15173316  0.         -0.0089737  -0.04614289]] 
Episode: 731: [[ 0.20528103  0.13838944 -0.8107315  -0.2893712   0.04564013  0.
  -0.10678594  0.          0.00317181  0.14558686]
 [ 0.20337741  0.21442065 -0.83949596 -0.27288806  0.11906493  0.
  -0.14035612  0.         -0.01725222  0.10414994]
 [ 0.26943046  0.5228764  -0.85065573 -0.23646016  0.16596667  0.
  -0.02458875  0.         -0.03533321  0.19739924]
 [ 0.41541627  0.67765653 -0.8342224  -0.08457721  0.16217928  0.
   0.093518    0.         -0.04325048  0.19204772]
 [ 0.3460845  -0.02644805 -0.7028096  -0.09804856  0.05417412  0.
  -0.15166053  0.         -0.0089737  -0.04659396]] 
Episode: 732: [[ 0.20560852  0.13843697 -0.8116222  -0.28909376  0.04555959  0.
  -0.10666174  0.          0.00317181  0.14539286]
 [ 0.20370047  0.21432841 -0.8403694  -0.2725991   0.11896029  0.
  -0.14029843  0.         -0.01725222  0.10389484]
 [ 0.26966202  0.52308655 -0.85160714 -0.236207    0.16592193  0.
  -0.02434731  0.         -0.03533321  0.19736686]
 [ 0.41559008  0.67789626 -0.8352158  -0.08434583  0.16217496  0.
   0.09376279  0.         -0.04325048  0.1920683 ]
 [ 0.34654528 -0.02705234 -0.7034773  -0.09771883  0.05391505  0.
  -0.15162505  0.         -0.0089737  -0.04702143]] 
Episode: 733: [[ 0.2058885   0.1385199  -0.8124341  -0.28880012  0.04549793  0.
  -0.10651039  0.          0.00317181  0.14532447]
 [ 0.20397624  0.21426848 -0.841166   -0.272295    0.11887581  0.
  -0.14019771  0.         -0.01725222  0.10380433]
 [ 0.26984346  0.5233268  -0.8524735  -0.23593739  0.165892    0.
  -0.02408974  0.         -0.03533321  0.1974101 ]
 [ 0.41573423  0.67816335 -0.836123   -0.08409703  0.1621827   0.
   0.09402879  0.         -0.04325048  0.19215968]
 [ 0.34693864 -0.02766273 -0.7040897  -0.09739     0.05366961  0.
  -0.15149236  0.         -0.0089737  -0.0472521 ]] 
Episode: 734: [[ 0.20612292  0.1385258  -0.8131474  -0.28850988  0.04543285  0.
  -0.10625696  0.          0.00317181  0.14528671]
 [ 0.20420603  0.21412176 -0.84186566 -0.2719993   0.1187896   0.
  -0.13998745  0.         -0.01725222  0.10373515]
 [ 0.26997304  0.523525   -0.8532344  -0.23566206  0.16585504  0.
  -0.02374555  0.         -0.03533321  0.1975049 ]
 [ 0.4158301   0.6784023  -0.8369229  -0.08383885  0.16217977  0.
   0.09437913  0.         -0.04325048  0.19231892]
 [ 0.34727088 -0.02834162 -0.70463103 -0.09709502  0.05342183  0.
  -0.15132032  0.         -0.0089737  -0.04748873]] 
Episode: 735: [[ 0.20625171  0.13853619 -0.8138718  -0.28810072  0.04562382  0.
  -0.10591173  0.          0.00317181  0.14522128]
 [ 0.20433962  0.21397056 -0.8425819  -0.27159002  0.11895099  0.
  -0.13976799  0.         -0.01725222  0.10353181]
 [ 0.2699612   0.52374464 -0.85400325 -0.23528053  0.16605598  0.
  -0.02332344  0.         -0.03533321  0.19771087]
 [ 0.41579837  0.67864555 -0.83772767 -0.0834913   0.16238502  0.
   0.09480534  0.         -0.04325048  0.19260672]
 [ 0.3475575  -0.02904843 -0.7051911  -0.09678425  0.05328532  0.
  -0.1513017   0.         -0.0089737  -0.04794471]] 
Episode: 736: [[ 0.2063677   0.138563   -0.8146138  -0.28770375  0.04577596  0.
  -0.10548396  0.          0.00317181  0.14523341]
 [ 0.204457    0.21383627 -0.8433143  -0.27119642  0.11907648  0.
  -0.13945085  0.         -0.01725222  0.10344308]
 [ 0.2699418   0.5239791  -0.8547901  -0.23490402  0.16621791  0.
  -0.02283125  0.         -0.03533321  0.19793989]
 [ 0.41576773  0.67890817 -0.83855474 -0.08314681  0.16255529  0.
   0.09529979  0.         -0.04325048  0.19290979]
 [ 0.34780368 -0.0297357  -0.7057557  -0.09650188  0.05313053  0.
  -0.15114899  0.         -0.0089737  -0.04824482]] 
Episode: 737: [[ 0.20648785  0.13859355 -0.8152899  -0.28728476  0.04591321  0.
  -0.1049953   0.          0.00317181  0.14523524]
 [ 0.20457006  0.21370828 -0.84397715 -0.2707831   0.11918803  0.
  -0.1390797   0.         -0.01725222  0.10335621]
 [ 0.26995152  0.52421117 -0.85551196 -0.23450191  0.16636309  0.
  -0.02227604  0.         -0.03533321  0.19814685]
 [ 0.4157759   0.6791687  -0.83931756 -0.08277814  0.16270599  0.
   0.09585562  0.         -0.04325048  0.1932019 ]
 [ 0.3480038  -0.03041664 -0.7062499  -0.09621347  0.05296374  0.
  -0.15097623  0.         -0.0089737  -0.04852616]] 
Episode: 738: [[ 0.20651376  0.1385512  -0.8159891  -0.28668302  0.04631974  0.
  -0.10443854  0.          0.00317181  0.14523317]
 [ 0.20461002  0.21355149 -0.8446771  -0.27019852  0.11955757  0.
  -0.13862613  0.         -0.01725222  0.10310914]
 [ 0.26979858  0.52434844 -0.85624355 -0.23392335  0.1667616   0.
  -0.02166415  0.         -0.03533321  0.19850028]
 [ 0.41562486  0.679303   -0.84008294 -0.08224744  0.16307534  0.
   0.09646667  0.         -0.04325048  0.19361487]
 [ 0.34823513 -0.03095747 -0.70682895 -0.09589913  0.05287004  0.
  -0.15095684  0.         -0.0089737  -0.04902123]] 
Episode: 739: [[ 0.2065189   0.13848153 -0.816686   -0.28611025  0.04664011  0.
  -0.10382053  0.          0.00317181  0.14534031]
 [ 0.20463185  0.21334043 -0.8453761  -0.26964456  0.11983613  0.
  -0.13809843  0.         -0.01725222  0.10301816]
 [ 0.26961035  0.52450025 -0.8569679  -0.23336944  0.16709056  0.
  -0.02100128  0.         -0.03533321  0.1989074 ]
 [ 0.41544193  0.6794646  -0.8408433  -0.08173708  0.16338792  0.
   0.09712736  0.         -0.04325048  0.19408022]
 [ 0.34845304 -0.03163145 -0.7074189  -0.09560804  0.05268629  0.
  -0.15080355  0.         -0.0089737  -0.04935376]] 
Episode: 740: [[ 0.20651248  0.13839929 -0.81725985 -0.28552362  0.04699425  0.
  -0.10325918  0.          0.00317181  0.14549312]
 [ 0.20463546  0.21308425 -0.8459478  -0.2690756   0.1201448   0.
  -0.1376288   0.         -0.01725222  0.10300466]
 [ 0.26943216  0.52468234 -0.8575698  -0.23280773  0.16745746  0.
  -0.02036994  0.         -0.03533321  0.19931453]
 [ 0.41527617  0.6796622  -0.8414796  -0.08122288  0.1637356   0.
   0.09775368  0.         -0.04325048  0.19454212]
 [ 0.3486155  -0.03246897 -0.7078768  -0.09531901  0.05251225  0.
  -0.15068068  0.         -0.0089737  -0.04957207]] 
Episode: 741: [[ 0.20647946  0.1383539  -0.81793875 -0.28493032  0.04742521  0.
  -0.10287131  0.          0.00317181  0.14559415]
 [ 0.2046241   0.21288863 -0.8466315  -0.26849648  0.12052728  0.
  -0.137326    0.         -0.01725222  0.10289558]
 [ 0.26920724  0.5248658  -0.8582747  -0.232249    0.16789809  0.
  -0.01991423  0.         -0.03533321  0.1997354 ]
 [ 0.41505396  0.6798444  -0.84222203 -0.08071472  0.16415341  0.
   0.0982063   0.         -0.04325048  0.19502982]
 [ 0.34882388 -0.03319189 -0.70845157 -0.09502071  0.05238195  0.
  -0.15070605  0.         -0.0089737  -0.04999445]] 
Episode: 742: [[ 0.20646425  0.13826798 -0.818511   -0.28439745  0.04780012  0.
  -0.10261634  0.          0.00317181  0.14571185]
 [ 0.20461196  0.2126508  -0.8472084  -0.2679771   0.12085598  0.
  -0.13715991  0.         -0.01725222  0.10284258]
 [ 0.26904225  0.5250103  -0.8588684  -0.23174527  0.16828428  0.
  -0.01957355  0.         -0.03533321  0.20013013]
 [ 0.41490784  0.67999667 -0.84284717 -0.08025475  0.16452082  0.
   0.09856256  0.         -0.04325048  0.19548135]
 [ 0.34895673 -0.03393241 -0.7089413  -0.09476355  0.05225487  0.
  -0.15086034  0.         -0.0089737  -0.05034453]] 
Episode: 743: [[ 0.20633693  0.13821217 -0.8190505  -0.28379622  0.04837326  0.
  -0.10250408  0.          0.00317181  0.14588703]
 [ 0.20450974  0.21244372 -0.8477623  -0.26739308  0.1213647   0.
  -0.13713014  0.         -0.01725222  0.10275516]
 [ 0.26871434  0.52517486 -0.85941565 -0.23118915  0.16887014  0.
  -0.01937655  0.         -0.03533321  0.2006524 ]
 [ 0.4146016   0.6801368  -0.8434236  -0.07975997  0.16506618  0.
   0.09880392  0.         -0.04325048  0.19603778]
 [ 0.3491063  -0.03468108 -0.70945895 -0.09450685  0.05212989  0.
  -0.15113476  0.         -0.0089737  -0.05076618]] 
Episode: 744: [[ 0.20620501  0.13813691 -0.8194779  -0.28326038  0.04886013  0.
  -0.10240568  0.          0.00317181  0.14606895]
 [ 0.2043871   0.21222153 -0.848197   -0.2668766   0.121792    0.
  -0.13711788  0.         -0.01725222  0.10270185]
 [ 0.26841858  0.52531177 -0.85985273 -0.23068811  0.16937254  0.
  -0.01916688  0.         -0.03533321  0.20115663]
 [ 0.4143429   0.6802605  -0.8438845  -0.07931409  0.16553456  0.
   0.09908091  0.         -0.04325048  0.19658068]
 [ 0.34916586 -0.03542563 -0.7098395  -0.09430163  0.05199489  0.
  -0.15142794  0.         -0.0089737  -0.05113649]] 
Episode: 745: [[ 0.20612834  0.13814905 -0.8198632  -0.28274995  0.04930863  0.
  -0.1023201   0.          0.00317181  0.14621781]
 [ 0.20430799  0.21210827 -0.8485841  -0.26638478  0.12219058  0.
  -0.13711208  0.         -0.01725222  0.10265016]
 [ 0.2682058   0.5254953  -0.8602477  -0.23020773  0.16982748  0.
  -0.01895982  0.         -0.03533321  0.20159392]
 [ 0.41417813  0.6804201  -0.8442994  -0.0788842   0.16595574  0.
   0.099365    0.         -0.04325048  0.19705877]
 [ 0.34919494 -0.03603179 -0.710164   -0.0941019   0.0518963   0.
  -0.15167205  0.         -0.0089737  -0.05144267]] 
Episode: 746: [[ 0.2062257   0.13827012 -0.82029754 -0.28213713  0.0497173   0.
  -0.10231768  0.          0.00317181  0.14620472]
 [ 0.20439327  0.21210988 -0.84900767 -0.26579022  0.12255607  0.
  -0.13717374  0.         -0.01725222  0.10246988]
 [ 0.26820645  0.5257528  -0.86071056 -0.2296158   0.17024021  0.
  -0.0188159   0.         -0.03533321  0.20182753]
 [ 0.41421795  0.6806435  -0.8447937  -0.07833584  0.16634007  0.
   0.09959844  0.         -0.04325048  0.1973379 ]
 [ 0.34933624 -0.03653667 -0.71047187 -0.09380528  0.05179377  0.
  -0.15184493  0.         -0.0089737  -0.05176973]] 
Episode: 747: [[ 0.2063053   0.13839273 -0.8207684  -0.28172076  0.05007389  0.
  -0.10221752  0.          0.00317181  0.14616516]
 [ 0.20447038  0.21212235 -0.84946793 -0.26538485  0.12287436  0.
  -0.13714454  0.         -0.01725222  0.10224995]
 [ 0.26817515  0.52599597 -0.86121494 -0.22922626  0.17059918  0.
  -0.0186037   0.         -0.03533321  0.2020437 ]
 [ 0.41419175  0.680855   -0.84533024 -0.07799035  0.16667855  0.
   0.09984501  0.         -0.04325048  0.1975983 ]
 [ 0.34952486 -0.03700614 -0.71079236 -0.09358284  0.05169804  0.
  -0.15200171  0.         -0.0089737  -0.0521777 ]] 
Episode: 748: [[ 0.20628408  0.13844454 -0.82124156 -0.28148916  0.05034688  0.
  -0.10211121  0.          0.00317181  0.14619206]
 [ 0.20445931  0.21204725 -0.8499379  -0.26515698  0.12310549  0.
  -0.13710494  0.         -0.01725222  0.10210492]
 [ 0.2680112   0.52620333 -0.8617147  -0.22903109  0.1708913   0.
  -0.01842662  0.         -0.03533321  0.20232147]
 [ 0.41402018  0.6810479  -0.8458558  -0.0778419   0.16696335  0.
   0.10001019  0.         -0.04325048  0.1979151 ]
 [ 0.34969687 -0.037575   -0.71114767 -0.09344196  0.05154403  0.
  -0.15214214  0.         -0.0089737  -0.05255971]] 
Episode: 749: [[ 0.2061746   0.13848308 -0.82173294 -0.28133258  0.05063551  0.
  -0.10213305  0.          0.00317181  0.14628506]
 [ 0.20436408  0.21194698 -0.85043645 -0.26500124  0.12334075  0.
  -0.13718934  0.         -0.01725222  0.10204011]
 [ 0.2677543   0.526418   -0.86221904 -0.22891618  0.17121315  0.
  -0.01838009  0.         -0.03533321  0.20264468]
 [ 0.41375825  0.68125105 -0.84637415 -0.0777733   0.16727984  0.
   0.10004736  0.         -0.04325048  0.19826625]
 [ 0.34983915 -0.03822178 -0.7115635  -0.09333903  0.05134922  0.
  -0.15232053  0.         -0.0089737  -0.05290192]] 
Episode: 750: [[ 0.20605408  0.13850662 -0.822152   -0.2811501   0.05089071  0.
  -0.10217665  0.          0.00317181  0.14639872]
 [ 0.20425208  0.2118351  -0.85086435 -0.26481858  0.12354683  0.
  -0.13729796  0.         -0.01725222  0.10202188]
 [ 0.2674979   0.5266104  -0.8626419  -0.22877452  0.17149846  0.
  -0.01833485  0.         -0.03533321  0.2029757 ]
 [ 0.41351816  0.6814342  -0.8468084  -0.07767453  0.16756     0.
   0.10011409  0.         -0.04325048  0.19862874]
 [ 0.34993428 -0.03882984 -0.7119476  -0.09321542  0.05116024  0.
  -0.15252069  0.         -0.0089737  -0.05320735]] 
Episode: 751: [[ 0.20595258  0.13849339 -0.82262474 -0.28119943  0.05111996  0.
  -0.10209834  0.          0.00317181  0.14635305]
 [ 0.2041816   0.21167676 -0.8513433  -0.26485953  0.12372846  0.
  -0.1372756   0.         -0.01725222  0.10177933]
 [ 0.26722085  0.5267611  -0.8631241  -0.22885971  0.17175475  0.
  -0.01818128  0.         -0.03533321  0.20324698]
 [ 0.41320914  0.6815884  -0.8472999  -0.07778742  0.16781063  0.
   0.10028567  0.         -0.04325048  0.1989478 ]
 [ 0.3501506  -0.03943578 -0.7123372  -0.09318164  0.05099299  0.
  -0.15279189  0.         -0.0089737  -0.05372334]] 
Episode: 752: [[ 0.20582351  0.1384398  -0.8231394  -0.28122693  0.05135601  0.
  -0.10214218  0.          0.00317181  0.14634962]
 [ 0.20408708  0.2114747  -0.85187274 -0.26487964  0.12391131  0.
  -0.13735892  0.         -0.01725222  0.10157993]
 [ 0.26690987  0.52689403 -0.863641   -0.22892424  0.1720245   0.
  -0.01815594  0.         -0.03533321  0.2035541 ]
 [ 0.41287026  0.68173325 -0.8478246  -0.07788059  0.16807696  0.
   0.10032855  0.         -0.04325048  0.19929466]
 [ 0.35037246 -0.04007794 -0.7128099  -0.09313988  0.05079622  0.
  -0.15305282  0.         -0.0089737  -0.05422281]] 
Episode: 753: [[ 0.20568565  0.13839455 -0.8236319  -0.28114283  0.05181179  0.
  -0.10229909  0.          0.00317181  0.14638557]
 [ 0.20398289  0.2112629  -0.8523826  -0.2647932   0.12430679  0.
  -0.13755389  0.         -0.01725222  0.10143219]
 [ 0.26659143  0.5270635  -0.8641293  -0.22887589  0.17249697  0.
  -0.01824596  0.         -0.03533321  0.20389408]
 [ 0.41253886  0.6819112  -0.84831715 -0.07786186  0.16852634  0.
   0.10025565  0.         -0.04325048  0.19968249]
 [ 0.35058567 -0.04079682 -0.7132899  -0.09306841  0.05068467  0.
  -0.15338291  0.         -0.0089737  -0.05467657]] 
Episode: 754: [[ 0.20547418  0.13840537 -0.82427263 -0.2814212   0.05218374  0.
  -0.10251419  0.          0.00317181  0.1463308 ]
 [ 0.20379364  0.21109608 -0.8530332  -0.26506478  0.12462067  0.
  -0.1377868   0.         -0.01725222  0.10123438]
 [ 0.26623037  0.52726626 -0.86479145 -0.229171    0.17288855  0.
  -0.01843975  0.         -0.03533321  0.20408992]
 [ 0.41214052  0.6821062  -0.8489877  -0.07816905  0.16890135  0.
   0.10007861  0.         -0.04325048  0.1998944 ]
 [ 0.35071036 -0.04150352 -0.7138045  -0.09317334  0.05057424  0.
  -0.15377557  0.         -0.0089737  -0.0550679 ]] 
Episode: 755: [[ 0.20521756  0.1380806  -0.82486594 -0.28175434  0.05243434  0.
  -0.10282518  0.          0.00317181  0.14637145]
 [ 0.2035729   0.21054664 -0.8536392  -0.26539212  0.12479549  0.
  -0.13811639  0.         -0.01725222  0.1011515 ]
 [ 0.26579148  0.5272814  -0.8654048  -0.22952524  0.17320153  0.
  -0.01872687  0.         -0.03533321  0.20434499]
 [ 0.4116493   0.68218887 -0.849617   -0.07853904  0.16921858  0.
   0.09980787  0.         -0.04325048  0.20016736]
 [ 0.35087946 -0.04263036 -0.7142946  -0.09330924  0.0502964   0.
  -0.15408891  0.         -0.0089737  -0.05541836]] 
Episode: 756: [[ 0.20489436  0.13768014 -0.8254303  -0.2820653   0.05280311  0.
  -0.1032224   0.          0.00317181  0.14649267]
 [ 0.20329112  0.20992781 -0.85422486 -0.2657022   0.12508003  0.
  -0.13853288  0.         -0.01725222  0.10113817]
 [ 0.26526543  0.52724826 -0.8659723  -0.22985858  0.17363487  0.
  -0.01909794  0.         -0.03533321  0.2046907 ]
 [ 0.4110759   0.68223476 -0.85018903 -0.0788931   0.16965339  0.
   0.09945285  0.         -0.04325048  0.20053454]
 [ 0.35102832 -0.04381738 -0.7148148  -0.09347114  0.05003424  0.
  -0.15444168  0.         -0.0089737  -0.05572592]] 
Episode: 757: [[ 0.20459642  0.13732733 -0.8260093  -0.28234595  0.05311909  0.
  -0.10346238  0.          0.00317181  0.14666289]
 [ 0.20303608  0.2093647  -0.85482574 -0.26598266  0.12531196  0.
  -0.13878763  0.         -0.01725222  0.10118823]
 [ 0.26475802  0.52724373 -0.8665524  -0.23016268  0.17402099  0.
  -0.01931912  0.         -0.03533321  0.20506607]
 [ 0.41052186  0.68230593 -0.8507787  -0.07921924  0.17004703  0.
   0.0992448   0.         -0.04325048  0.20093438]
 [ 0.35119414 -0.04494914 -0.7153594  -0.09362102  0.04972908  0.
  -0.15462223  0.         -0.0089737  -0.05596301]] 
Episode: 758: [[ 0.20437779  0.1369177  -0.8267186  -0.28276584  0.05335267  0.
  -0.10379564  0.          0.00317181  0.14672203]
 [ 0.20285606  0.20871928 -0.8555473  -0.26639023  0.12545054  0.
  -0.1391367   0.         -0.01725222  0.10114582]
 [ 0.26436722  0.5272312  -0.8672789  -0.23062634  0.17435305  0.
  -0.01963081  0.         -0.03533321  0.20527016]
 [ 0.41004252  0.6823901  -0.8515122  -0.07970733  0.17040728  0.
   0.09894623  0.         -0.04325048  0.20114274]
 [ 0.35142124 -0.04618197 -0.71591496 -0.09380744  0.0493637   0.
  -0.15492116  0.         -0.0089737  -0.05627276]] 
Episode: 759: [[ 0.20415795  0.1365825  -0.8273944  -0.28323853  0.05356302  0.
  -0.1039888   0.          0.00317181  0.14671749]
 [ 0.20268133  0.20817117 -0.8562349  -0.26685244  0.12557311  0.
  -0.13935418  0.         -0.01725222  0.10100028]
 [ 0.2639585   0.52724516 -0.8679749  -0.23113526  0.17465211  0.
  -0.01980128  0.         -0.03533321  0.20546274]
 [ 0.40953693  0.68248475 -0.8522181  -0.08023756  0.17073438  0.
   0.09878784  0.         -0.04325048  0.20134884]
 [ 0.3516838  -0.04729331 -0.7164474  -0.09402818  0.04902385  0.
  -0.15516853  0.         -0.0089737  -0.05678581]] 
Episode: 760: [[ 0.20391461  0.13618436 -0.8281146  -0.28360417  0.0537889   0.
  -0.10422631  0.          0.00317181  0.1467347 ]
 [ 0.20248786  0.20753358 -0.85696775 -0.2672102   0.1256989   0.
  -0.13964275  0.         -0.01725222  0.10084653]
 [ 0.2635149   0.52723104 -0.8687161  -0.23153703  0.17497997  0.
  -0.01996093  0.         -0.03533321  0.20572628]
 [ 0.40900913  0.682566   -0.8529661  -0.08066282  0.17109314  0.
   0.09867389  0.         -0.04325048  0.20163766]
 [ 0.35195476 -0.04853527 -0.71702236 -0.09420399  0.04861834  0.
  -0.15552758  0.         -0.0089737  -0.05737837]] 
Episode: 761: [[ 0.20366976  0.13587776 -0.82881176 -0.28393778  0.0541002   0.
  -0.10455735  0.          0.00317181  0.14671746]
 [ 0.20230511  0.20699728 -0.8576847  -0.2675341   0.12590834  0.
  -0.1400222   0.         -0.01725222  0.10059745]
 [ 0.26303568  0.5272677  -0.86942977 -0.23191617  0.17538306  0.
  -0.02021731  0.         -0.03533321  0.20602262]
 [ 0.4084415   0.68266803 -0.8536847  -0.08106666  0.17151685  0.
   0.09845995  0.         -0.04325048  0.2019528 ]
 [ 0.35229126 -0.04966151 -0.71762323 -0.09435917  0.04826304  0.
  -0.15598693  0.         -0.0089737  -0.05811554]] 
Episode: 762: [[ 0.20336993  0.13558158 -0.82944304 -0.28394997  0.05462992  0.
  -0.10497249  0.          0.00317181  0.1466305 ]
 [ 0.20207034  0.20645598 -0.8583467  -0.26755413  0.12631297  0.
  -0.1404834   0.         -0.01725222  0.10020668]
 [ 0.26248008  0.5273516  -0.8700598  -0.23198237  0.17602098  0.
  -0.02045021  0.         -0.03533321  0.20635001]
 [ 0.40783164  0.6827941  -0.8543064  -0.08118679  0.17215423  0.
   0.09833384  0.         -0.04325048  0.20229891]
 [ 0.35260436 -0.050834   -0.71823704 -0.09448256  0.04786554  0.
  -0.15653639  0.         -0.0089737  -0.05901667]] 
Episode: 763: [[ 0.2030264   0.135216   -0.82999426 -0.2837421   0.05530072  0.
  -0.10541117  0.          0.00317181  0.14643872]
 [ 0.20180097  0.20582904 -0.8589313  -0.2673563   0.12683383  0.
  -0.14101806  0.         -0.01725222  0.09965327]
 [ 0.2618639   0.527427   -0.8706042  -0.23183814  0.17682008  0.
  -0.02054696  0.         -0.03533321  0.2066731 ]
 [ 0.4071765   0.682899   -0.8548419  -0.08110877  0.17292951  0.
   0.09833181  0.         -0.04325048  0.20264433]
 [ 0.35291937 -0.05213859 -0.71880573 -0.09452379  0.04737632  0.
  -0.15716675  0.         -0.0089737  -0.06006366]] 
Episode: 764: [[ 0.2026587   0.13490763 -0.8305973  -0.28364548  0.05591403  0.
  -0.10585936  0.          0.00317181  0.14621882]
 [ 0.20150599  0.20527826 -0.85956794 -0.2672682   0.12730567  0.
  -0.14156628  0.         -0.01725222  0.09905942]
 [ 0.2612268   0.5275185  -0.87119955 -0.23179603  0.17755702  0.
  -0.02068583  0.         -0.03533321  0.20697877]
 [ 0.4064897   0.68301016 -0.8554216  -0.08112424  0.17364821  0.
   0.09828565  0.         -0.04325048  0.2029706 ]
 [ 0.35322356 -0.05333217 -0.71940535 -0.09460243  0.04691212  0.
  -0.15783879  0.         -0.0089737  -0.06116781]] 
Episode: 765: [[ 0.20251131  0.1345442  -0.8312853  -0.28349003  0.05637413  0.
  -0.10638     0.          0.00317181  0.14590915]
 [ 0.20143847  0.20467658 -0.86028785 -0.26711243  0.12762411  0.
  -0.14217925  0.         -0.01725222  0.09842768]
 [ 0.26083028  0.5275613  -0.87188554 -0.2317      0.1781603   0.
  -0.02092364  0.         -0.03533321  0.20709518]
 [ 0.4060142   0.68309045 -0.85609883 -0.08108107  0.17424665  0.
   0.09813261  0.         -0.04325048  0.20311242]
 [ 0.35373563 -0.05453631 -0.7201112  -0.09456967  0.04636118  0.
  -0.15843257  0.         -0.0089737  -0.06221288]] 
Episode: 766: [[ 0.20238462  0.13430704 -0.8318729  -0.28308013  0.05707147  0.
  -0.10683671  0.          0.00317181  0.14565966]
 [ 0.20139425  0.2041915  -0.8609103  -0.26670676  0.12817757  0.
  -0.14278758  0.         -0.01725222  0.09787317]
 [ 0.26044637  0.5277464  -0.87246156 -0.23135784  0.17898223  0.
  -0.0210248   0.         -0.03533321  0.20725884]
 [ 0.40556484  0.68327624 -0.85667044 -0.08080181  0.17503333  0.
   0.09810638  0.         -0.04325048  0.20328952]
 [ 0.35426325 -0.05577873 -0.7207713  -0.09443905  0.04587968  0.
  -0.15910281  0.         -0.0089737  -0.06313724]] 
Episode: 767: [[ 0.20233984  0.1341719  -0.8324011  -0.28237864  0.05794643  0.
  -0.10713013  0.          0.00317181  0.1454752 ]
 [ 0.2014236   0.20380117 -0.8614693  -0.26601803  0.12892283  0.
  -0.14321503  0.         -0.01725222  0.09741141]
 [ 0.26016203  0.5280217  -0.8729833  -0.23072314  0.17994335  0.
  -0.02100301  0.         -0.03533321  0.20745581]
 [ 0.40523034  0.68352854 -0.8571997  -0.08023954  0.17592937  0.
   0.09819423  0.         -0.04325048  0.20349784]
 [ 0.35479    -0.05696471 -0.7213802  -0.09420859  0.04555604  0.
  -0.1598417   0.         -0.0089737  -0.06389054]] 
Episode: 768: [[ 0.20229745  0.13405126 -0.83291173 -0.28170788  0.05869118  0.
  -0.10727666  0.          0.00317181  0.14531428]
 [ 0.20144726  0.20342933 -0.8620067  -0.26536328  0.12953953  0.
  -0.14347982  0.         -0.01725222  0.096992  ]
 [ 0.25989372  0.52829957 -0.87349045 -0.23010893  0.18078585  0.
  -0.02087064  0.         -0.03533321  0.20765992]
 [ 0.4049196   0.68379086 -0.85771805 -0.07969382  0.17672126  0.
   0.09838469  0.         -0.04325048  0.20372275]
 [ 0.35526884 -0.05812419 -0.72195095 -0.09400497  0.04516222  0.
  -0.16044651  0.         -0.0089737  -0.06459057]] 
Episode: 769: [[ 0.20229831  0.13401198 -0.833387   -0.28102687  0.0593466   0.
  -0.10735735  0.          0.00317181  0.14517748]
 [ 0.20149712  0.20314512 -0.86249775 -0.26470158  0.13007739  0.
  -0.14367002  0.         -0.01725222  0.09663642]
 [ 0.25970787  0.52862155 -0.8739742  -0.22947158  0.1815317   0.
  -0.02065802  0.         -0.03533321  0.20784403]
 [ 0.40471056  0.68409026 -0.8582208  -0.07911756  0.17742142  0.
   0.09866746  0.         -0.04325048  0.20393097]
 [ 0.3556796  -0.05917045 -0.72244084 -0.09380569  0.04477787  0.
  -0.16093656  0.         -0.0089737  -0.06517235]] 
Episode: 770: [[ 0.20250084  0.13409486 -0.8339465  -0.2802421   0.05995492  0.
  -0.10754741  0.          0.00317181  0.14510213]
 [ 0.20175314  0.20301159 -0.86307395 -0.2639284   0.13058418  0.
  -0.14396094  0.         -0.01725222  0.09640519]
 [ 0.2597351   0.5289973  -0.87453264 -0.22874361  0.18221624  0.
  -0.02057946  0.         -0.03533321  0.207985  ]
 [ 0.40469757  0.6844325  -0.85879624 -0.07845622  0.17806756  0.
   0.09881052  0.         -0.04325048  0.20408234]
 [ 0.35626146 -0.06001424 -0.7230294  -0.09346066  0.04446708  0.
  -0.16124856  0.         -0.0089737  -0.06553434]] 
Episode: 771: [[ 0.20258647  0.134026   -0.83444893 -0.27938     0.06059566  0.
  -0.10771258  0.          0.00317181  0.14521354]
 [ 0.20189263  0.2026953  -0.8635999  -0.2630835   0.13111769  0.
  -0.14426404  0.         -0.01725222  0.0963754 ]
 [ 0.2596231   0.52931345 -0.87502927 -0.2279458   0.18293342  0.
  -0.02039606  0.         -0.03533321  0.20828085]
 [ 0.40456408  0.68473345 -0.85931456 -0.07773971  0.17873435  0.
   0.0990506   0.         -0.04325048  0.20437017]
 [ 0.35674    -0.06108935 -0.7235908  -0.09313661  0.04412307  0.
  -0.16162194  0.         -0.0089737  -0.06569522]] 
Episode: 772: [[ 0.20264256  0.13391924 -0.83495563 -0.27868825  0.06113755  0.
  -0.10774364  0.          0.00317181  0.14538331]
 [ 0.20200413  0.20235202 -0.8641269  -0.2624073   0.13156086  0.
  -0.14441688  0.         -0.01725222  0.09640193]
 [ 0.2594677   0.529581   -0.8755416  -0.22731708  0.1835492   0.
  -0.02011834  0.         -0.03533321  0.20863697]
 [ 0.4043699   0.6849985  -0.8598551  -0.07719146  0.1793104   0.
   0.09937794  0.         -0.04325048  0.20471543]
 [ 0.35720685 -0.06214124 -0.72412235 -0.09288052  0.04378026  0.
  -0.1618763   0.         -0.0089737  -0.06585054]] 
Episode: 773: [[ 0.20274529  0.13382155 -0.83539313 -0.27803528  0.06159669  0.
  -0.10783412  0.          0.00317181  0.14553559]
 [ 0.20214525  0.20203027 -0.86457616 -0.26177     0.13193001  0.
  -0.14461578  0.         -0.01725222  0.09643795]
 [ 0.25939518  0.52984095 -0.8759875  -0.22671595  0.18407899  0.
  -0.01991895  0.         -0.03533321  0.20894812]
 [ 0.40427217  0.68526226 -0.8603274  -0.07666162  0.17980736  0.
   0.09963532  0.         -0.04325048  0.20502076]
 [ 0.35761067 -0.0631462  -0.72455955 -0.09264001  0.0434465   0.
  -0.16213189  0.         -0.0089737  -0.06594269]] 
Episode: 774: [[ 0.20269363  0.13368504 -0.83571434 -0.27744168  0.06223502  0.
  -0.10803311  0.          0.00317181  0.14571029]
 [ 0.20214525  0.20169961 -0.86491644 -0.26118702  0.13249812  0.
  -0.14491458  0.         -0.01725222  0.09645535]
 [ 0.25913763  0.5300463  -0.8763073  -0.22618113  0.18473855  0.
  -0.0198523   0.         -0.03533321  0.20935471]
 [ 0.40400398  0.6854768  -0.8606622  -0.07619638  0.18041018  0.
   0.09975553  0.         -0.04325048  0.20543393]
 [ 0.3579626  -0.06411856 -0.7249396  -0.09241389  0.04332483  0.
  -0.16249804  0.         -0.0089737  -0.06616482]] 
Episode: 775: [[ 0.20275247  0.1335772  -0.8359673  -0.27671474  0.06294926  0.
  -0.10823835  0.          0.00317181  0.14577211]
 [ 0.20224653  0.20138232 -0.86518276 -0.2604748   0.1331455   0.
  -0.1452485   0.         -0.01725222  0.09635795]
 [ 0.25903043  0.530294   -0.87655705 -0.22550462  0.18546358  0.
  -0.01968898  0.         -0.03533321  0.20964862]
 [ 0.40389773  0.68572843 -0.86092883 -0.07558642  0.18106773  0.
   0.09997504  0.         -0.04325048  0.20573296]
 [ 0.3583427  -0.06515138 -0.7252472  -0.09214369  0.04324983  0.
  -0.16296352  0.         -0.0089737  -0.06641579]] 
Episode: 776: [[ 0.20278654  0.13344999 -0.83622944 -0.2760145   0.06359896  0.
  -0.10830538  0.          0.00317181  0.14593342]
 [ 0.20231889  0.2010235  -0.86545527 -0.2597924   0.13372737  0.
  -0.14542903  0.         -0.01725222  0.096402  ]
 [ 0.2589008   0.53054935 -0.87682587 -0.22484528  0.18613125  0.
  -0.01942932  0.         -0.03533321  0.20998977]
 [ 0.40377367  0.68599933 -0.8612272  -0.0749893   0.18167639  0.
   0.1002839   0.         -0.04325048  0.20608558]
 [ 0.3586791  -0.0662721  -0.7255451  -0.0918937   0.04312566  0.
  -0.16324604  0.         -0.0089737  -0.06651311]] 
Episode: 777: [[ 0.20281854  0.1333255  -0.8365302  -0.27532837  0.06417864  0.
  -0.10824809  0.          0.00317181  0.14615583]
 [ 0.20238486  0.2006867  -0.865766   -0.25912982  0.13424647  0.
  -0.1454716   0.         -0.01725222  0.09651742]
 [ 0.2587708   0.53078437 -0.8771375  -0.22419247  0.18672843  0.
  -0.01908301  0.         -0.03533321  0.2103803 ]
 [ 0.4036488   0.68625724 -0.86157316 -0.07439969  0.18222512  0.
   0.10067312  0.         -0.04325048  0.20649774]
 [ 0.35899216 -0.06731284 -0.72586536 -0.09168339  0.042993    0.
  -0.16337167  0.         -0.0089737  -0.0665733 ]] 
Episode: 778: [[ 0.20286551  0.13332166 -0.8368116  -0.27459124  0.06471854  0.
  -0.10816456  0.          0.00317181  0.14646319]
 [ 0.20245433  0.20047784 -0.8660532  -0.2584158   0.13473159  0.
  -0.14547351  0.         -0.01725222  0.09677046]
 [ 0.25868106  0.5310891  -0.8774314  -0.22348723  0.18727975  0.
  -0.01871202  0.         -0.03533321  0.2107876 ]
 [ 0.40358192  0.68656296 -0.8619049  -0.07375473  0.18272585  0.
   0.10110123  0.         -0.04325048  0.20692103]
 [ 0.35924512 -0.06823803 -0.7261543  -0.0914231   0.04286266  0.
  -0.1633992   0.         -0.0089737  -0.0664333 ]] 
Episode: 779: [[ 0.20309143  0.13334224 -0.8371825  -0.2738272   0.06518118  0.
  -0.1080985   0.          0.00317181  0.14656746]
 [ 0.20270677  0.20031485 -0.8664228  -0.25766706  0.13514234  0.
  -0.1454754   0.         -0.01725222  0.09681161]
 [ 0.25878567  0.5313894  -0.87782466 -0.22275408  0.18776421  0.
  -0.01836932  0.         -0.03533321  0.21099569]
 [ 0.4036705   0.6868645  -0.8623342  -0.07307503  0.18317357  0.
   0.10149545  0.         -0.04325048  0.20715918]
 [ 0.35967484 -0.06908255 -0.7264769  -0.09107456  0.04269233  0.
  -0.16333313  0.         -0.0089737  -0.06646256]] 
Episode: 780: [[ 0.2032498   0.13334665 -0.8375137  -0.27315247  0.06559291  0.
  -0.10800567  0.          0.00317181  0.14673004]
 [ 0.20287551  0.20013884 -0.8667557  -0.2570099   0.13550246  0.
  -0.1454541   0.         -0.01725222  0.09691076]
 [ 0.25885463  0.5316653  -0.87817156 -0.22209844  0.18819976  0.
  -0.0179909   0.         -0.03533321  0.21126676]
 [ 0.4037393   0.6871475  -0.86271226 -0.07246648  0.18357658  0.
   0.10194797  0.         -0.04325048  0.20746812]
 [ 0.35997942 -0.06991795 -0.72677964 -0.09079371  0.04250766  0.
  -0.1633074   0.         -0.0089737  -0.06648729]] 
Episode: 781: [[ 0.20343035  0.13346066 -0.8378163  -0.2725273   0.06604145  0.
  -0.10792755  0.          0.00317181  0.14700973]
 [ 0.20305616  0.2000859  -0.8670587  -0.2564047   0.13591294  0.
  -0.1454004   0.         -0.01725222  0.09720431]
 [ 0.2589653   0.5320035  -0.8784877  -0.22148332  0.18864694  0.
  -0.01771909  0.         -0.03533321  0.21155944]
 [ 0.40387157  0.68748224 -0.8630562  -0.07189178  0.18398693  0.
   0.10225885  0.         -0.04325048  0.20778207]
 [ 0.36024842 -0.07063663 -0.7270666  -0.09054605  0.04243379  0.
  -0.1631482   0.         -0.0089737  -0.06627144]] 
Episode: 782: [[ 0.20353417  0.13353814 -0.8380852  -0.27194655  0.0665224   0.
  -0.10773932  0.          0.00317181  0.14732131]
 [ 0.2031679   0.19998758 -0.8673285  -0.2558471   0.13634919  0.
  -0.14523192  0.         -0.01725222  0.09747653]
 [ 0.2589621   0.5323203  -0.8787769  -0.22092283  0.1891311   0.
  -0.01736159  0.         -0.03533321  0.21194938]
 [ 0.40387866  0.6877947  -0.8633771  -0.07138224  0.1844303   0.
   0.10265002  0.         -0.04325048  0.20819268]
 [ 0.36049178 -0.0714056  -0.7273194  -0.09035405  0.0423408   0.
  -0.16303258  0.         -0.0089737  -0.06617296]] 
Episode: 783: [[ 0.20348586  0.13342784 -0.83849037 -0.27142692  0.06687414  0.
  -0.10768789  0.          0.00317181  0.14777409]
 [ 0.20314015  0.1996639  -0.86774176 -0.25535065  0.1366242   0.
  -0.14520048  0.         -0.01725222  0.09792189]
 [ 0.25877082  0.5325401  -0.879203   -0.22044182  0.18954712  0.
  -0.01715282  0.         -0.03533321  0.21242326]
 [ 0.40369385  0.68803906 -0.8638334  -0.07097192  0.18482877  0.
   0.10289059  0.         -0.04325048  0.20865381]
 [ 0.36069614 -0.07244281 -0.727674   -0.09020391  0.04199108  0.
  -0.16286275  0.         -0.0089737  -0.06590721]] 
Episode: 784: [[ 0.20346336  0.13331445 -0.8388473  -0.27097952  0.06719784  0.
  -0.10760519  0.          0.00317181  0.14818035]
 [ 0.20312558  0.19934286 -0.86810505 -0.25492865  0.13688074  0.
  -0.14514022  0.         -0.01725222  0.09831089]
 [ 0.258633    0.53273946 -0.8795755  -0.22001942  0.18992333  0.
  -0.01691184  0.         -0.03533321  0.21286812]
 [ 0.40357172  0.6882671  -0.8642289  -0.07060998  0.18518849  0.
   0.10316925  0.         -0.04325048  0.20909777]
 [ 0.36084926 -0.07342584 -0.72798944 -0.09011073  0.04169769  0.
  -0.16270004  0.         -0.0089737  -0.06569022]] 
Episode: 785: [[ 0.2035746   0.1332661  -0.83915675 -0.27043742  0.06761813  0.
  -0.10764875  0.          0.00317181  0.14847186]
 [ 0.20323983  0.1990622  -0.8684052  -0.25441033  0.13724929  0.
  -0.1452062   0.         -0.01725222  0.09862259]
 [ 0.25865942  0.5330216  -0.8799187  -0.21949413  0.19036147  0.
  -0.01680796  0.         -0.03533321  0.21315838]
 [ 0.4036212   0.68857485 -0.86460376 -0.07013644  0.18559816  0.
   0.10330853  0.         -0.04325048  0.20938374]
 [ 0.36108428 -0.07444552 -0.72820187 -0.08994455  0.04156003  0.
  -0.16251342  0.         -0.0089737  -0.06546158]] 
Episode: 786: [[ 0.20365725  0.1329843  -0.83946776 -0.27033547  0.06777492  0.
  -0.10763994  0.          0.00317181  0.14882451]
 [ 0.20333542  0.1985489  -0.86872745 -0.25433165  0.13732208  0.
  -0.14514542  0.         -0.01725222  0.09905633]
 [ 0.2586407   0.53310096 -0.8802327  -0.21939315  0.19061036  0.
  -0.01682742  0.         -0.03533321  0.21340193]
 [ 0.40360555  0.6887229  -0.8649313  -0.07005041  0.18586358  0.
   0.10332242  0.         -0.04325048  0.20958866]
 [ 0.36135036 -0.0756145  -0.7285542  -0.0899929   0.04108838  0.
  -0.16220921  0.         -0.0089737  -0.06504336]] 
Episode: 787: [[ 0.20367987  0.13274452 -0.83988154 -0.27024412  0.06792524  0.
  -0.10758768  0.          0.00317181  0.1491715 ]
 [ 0.2033905   0.19809717 -0.8691527  -0.25426096  0.13739085  0.
  -0.14506577  0.         -0.01725222  0.0994275 ]
 [ 0.2585059   0.53318566 -0.88065743 -0.21931043  0.19084953  0.
  -0.01678894  0.         -0.03533321  0.21371342]
 [ 0.40345475  0.688873   -0.86537373 -0.06998705  0.18612257  0.
   0.10338996  0.         -0.04325048  0.20986907]
 [ 0.36167374 -0.07671086 -0.7289784  -0.09002518  0.04062257  0.
  -0.16196828  0.         -0.0089737  -0.06479578]] 
Episode: 788: [[ 0.20370679  0.132368   -0.8403817  -0.27029175  0.06795206  0.
  -0.10765876  0.          0.00317181  0.14926535]
 [ 0.20345062  0.19749361 -0.8696631  -0.25432053  0.13732822  0.
  -0.14511432  0.         -0.01725222  0.09953559]
 [ 0.25837806  0.53317285 -0.8811801  -0.21936475  0.19098729  0.
  -0.01686729  0.         -0.03533321  0.2138403 ]
 [ 0.40329054  0.68894094 -0.86591727 -0.07005022  0.1862912   0.
   0.10333925  0.         -0.04325048  0.20996906]
 [ 0.36201808 -0.07791553 -0.7294559  -0.09007551  0.0400646   0.
  -0.16188799  0.         -0.0089737  -0.06480995]] 
Episode: 789: [[ 0.2036891   0.1320631  -0.8408914  -0.27036294  0.06803831  0.
  -0.10784046  0.          0.00317181  0.14938721]
 [ 0.20347166  0.19697845 -0.87018746 -0.2544025   0.13733049  0.
  -0.14525911  0.         -0.01725222  0.09965881]
 [ 0.25819725  0.5331891  -0.8817055  -0.21944141  0.19116858  0.
  -0.01705071  0.         -0.03533321  0.21401341]
 [ 0.40307763  0.6890237  -0.86645806 -0.07013184  0.18649419  0.
   0.10318217  0.         -0.04325048  0.21011555]
 [ 0.36235845 -0.07901604 -0.72995    -0.09013623  0.03958501  0.
  -0.16183804  0.         -0.0089737  -0.06484132]] 
Episode: 790: [[ 0.20348425  0.13151447 -0.84143335 -0.2705894   0.06806882  0.
  -0.10812195  0.          0.00317181  0.14955685]
 [ 0.20328733  0.19619682 -0.87075007 -0.25464058  0.13726912  0.
  -0.14550953  0.         -0.01725222  0.0997839 ]
 [ 0.2578642   0.53303844 -0.8822569  -0.21966317  0.19131182  0.
  -0.01732866  0.         -0.03533321  0.21425153]
 [ 0.40271208  0.6889929  -0.8670137  -0.07034913  0.18667424  0.
   0.1029294   0.         -0.04325048  0.21032651]
 [ 0.36248747 -0.08039845 -0.73045087 -0.09030591  0.03905407  0.
  -0.16192952  0.         -0.0089737  -0.06486987]] 
Episode: 791: [[ 0.20320249  0.13079083 -0.84222776 -0.27089027  0.06805597  0.
  -0.10828315  0.          0.00317181  0.14980626]
 [ 0.20303677  0.1952402  -0.8715628  -0.2549645   0.13715526  0.
  -0.14561778  0.         -0.01725222  0.10000973]
 [ 0.25741342  0.5327579  -0.8830825  -0.21994159  0.19143277  0.
  -0.01751927  0.         -0.03533321  0.21456726]
 [ 0.4022385   0.68887734 -0.8678607  -0.07062684  0.18684742  0.
   0.10266107  0.         -0.04325048  0.2105961 ]
 [ 0.362617   -0.08178592 -0.73111194 -0.09057666  0.03844649  0.
  -0.16187549  0.         -0.0089737  -0.06474282]] 
Episode: 792: [[ 0.20286901  0.13010655 -0.8429244  -0.2711426   0.06816097  0.
  -0.10854616  0.          0.00317181  0.15008087]
 [ 0.20274141  0.19430783 -0.8722862  -0.2552435   0.13715146  0.
  -0.14583524  0.         -0.01725222  0.10024071]
 [ 0.25689122  0.53252906 -0.8837896  -0.22017348  0.19167197  0.
  -0.01780372  0.         -0.03533321  0.21494433]
 [ 0.40169016  0.68880457 -0.86857706 -0.07086298  0.18712816  0.
   0.10230814  0.         -0.04325048  0.21093829]
 [ 0.36275452 -0.08320193 -0.7317481  -0.09084867  0.03786789  0.
  -0.16195266  0.         -0.0089737  -0.06463266]] 
Episode: 793: [[ 0.20266308  0.12961046 -0.8435787  -0.27127638  0.06836886  0.
  -0.10890073  0.          0.00317181  0.1503937 ]
 [ 0.20256948  0.19358791 -0.8729648  -0.25539595  0.13727477  0.
  -0.14615087  0.         -0.01725222  0.10057861]
 [ 0.25650623  0.5324231  -0.88444436 -0.2203008   0.19196436  0.
  -0.01817258  0.         -0.03533321  0.2152887 ]
 [ 0.40130174  0.68881994 -0.8692424  -0.0709995   0.18744048  0.
   0.10187911  0.         -0.04325048  0.21123868]
 [ 0.36295047 -0.08442066 -0.7323577  -0.09097995  0.03748669  0.
  -0.1620078   0.         -0.0089737  -0.06433598]] 
Episode: 794: [[ 0.2024373   0.12922105 -0.84415376 -0.27142277  0.06858701  0.
  -0.10922484  0.          0.00317181  0.15072693]
 [ 0.20237796  0.19299021 -0.87356776 -0.25555936  0.1374145   0.
  -0.14643143  0.         -0.01725222  0.10093232]
 [ 0.25610334  0.5323884  -0.885013   -0.22044788  0.1922576   0.
  -0.01854115  0.         -0.03533321  0.21564831]
 [ 0.40089583  0.6888834  -0.8698207  -0.07116224  0.18774876  0.
   0.1014291   0.         -0.04325048  0.21155621]
 [ 0.36312562 -0.08552961 -0.73292935 -0.09111542  0.03713879  0.
  -0.16200851  0.         -0.0089737  -0.06402547]] 
Episode: 795: [[ 0.20218745  0.12878734 -0.84479266 -0.2716806   0.06881006  0.
  -0.10963445  0.          0.00317181  0.15106522]
 [ 0.20217837  0.1923291  -0.8742281  -0.25582466  0.13755113  0.
  -0.1468039   0.         -0.01725222  0.10125473]
 [ 0.25563017  0.53234744 -0.8856763  -0.22072595  0.192563    0.
  -0.01898576  0.         -0.03533321  0.21604249]
 [ 0.40037957  0.68894124 -0.87051266 -0.07145467  0.18807136  0.
   0.10091268  0.         -0.04325048  0.21189569]
 [ 0.3633803  -0.08675694 -0.7335088  -0.09124964  0.03675952  0.
  -0.16206929  0.         -0.0089737  -0.0638028 ]] 
Episode: 796: [[ 0.20194037  0.12841506 -0.8453982  -0.27192345  0.06912018  0.
  -0.109885    0.          0.00317181  0.15148768]
 [ 0.2019838   0.19172953 -0.8748548  -0.25608373  0.13776952  0.
  -0.14701897  0.         -0.01725222  0.10166346]
 [ 0.25514504  0.53236395 -0.88630545 -0.22097716  0.19296098  0.
  -0.01927286  0.         -0.03533321  0.21652374]
 [ 0.39985257  0.689047   -0.87117726 -0.07172269  0.18848564  0.
   0.10055948  0.         -0.04325048  0.21234389]
 [ 0.36362657 -0.08796567 -0.7340564  -0.09142887  0.03638422  0.
  -0.16198756  0.         -0.0089737  -0.06350426]] 
Episode: 797: [[ 0.2018127   0.1281526  -0.84598565 -0.27206346  0.06940467  0.
  -0.11017414  0.          0.00317181  0.15186894]
 [ 0.20190208  0.1912677  -0.8754584  -0.25623438  0.13797304  0.
  -0.14726426  0.         -0.01725222  0.10205401]
 [ 0.25480554  0.53242904 -0.88691455 -0.22113329  0.19332165  0.
  -0.01960614  0.         -0.03533321  0.21693999]
 [ 0.39947644  0.6891836  -0.87181723 -0.07189975  0.18886186  0.
   0.1001469   0.         -0.04325048  0.21273261]
 [ 0.3639222  -0.08899148 -0.7345889  -0.09151173  0.03605622  0.
  -0.16186483  0.         -0.0089737  -0.06320672]] 
Episode: 798: [[ 0.20164187  0.12791055 -0.84661597 -0.2722275   0.0696677   0.
  -0.11038283  0.          0.00317181  0.15229878]
 [ 0.20178695  0.19085418 -0.87610185 -0.25640705  0.13816337  0.
  -0.14742856  0.         -0.01725222  0.10246978]
 [ 0.25438944  0.53246766 -0.88757795 -0.22132099  0.19365194  0.
  -0.01990495  0.         -0.03533321  0.21742798]
 [ 0.39901003  0.68928695 -0.8725183  -0.07211115  0.18920623  0.
   0.09974406  0.         -0.04325048  0.21319671]
 [ 0.36423913 -0.08984398 -0.735128   -0.09158903  0.03576224  0.
  -0.16169842  0.         -0.0089737  -0.062986  ]] 
Episode: 799: [[ 0.20146203  0.12762503 -0.84712946 -0.27241135  0.06991655  0.
  -0.11059886  0.          0.00317181  0.15270169]
 [ 0.20165247  0.19040772 -0.87662745 -0.25660348  0.13834819  0.
  -0.1476      0.         -0.01725222  0.10285318]
 [ 0.25398248  0.53246504 -0.8881195  -0.22151408  0.19395706  0.
  -0.02021579  0.         -0.03533321  0.21791148]
 [ 0.3985729   0.68935627 -0.873097   -0.07231929  0.1895209   0.
   0.09935443  0.         -0.04325048  0.21365945]
 [ 0.3644868  -0.09067431 -0.7355756  -0.09170274  0.03551449  0.
  -0.16155393  0.         -0.0089737  -0.06282329]] 
Episode: 800: [[ 0.20125765  0.12740435 -0.8476069  -0.27262545  0.07011182  0.
  -0.11067505  0.          0.00317181  0.15302216]
 [ 0.20149316  0.1900287  -0.8771162  -0.25683036  0.13848361  0.
  -0.147634    0.         -0.01725222  0.10311551]
 [ 0.25355107  0.53250045 -0.8886251  -0.22173508  0.19420648  0.
  -0.02038233  0.         -0.03533321  0.21837628]
 [ 0.3981056   0.6894511  -0.87363535 -0.07255622  0.18978357  0.
   0.09911549  0.         -0.04325048  0.21412116]
 [ 0.3647155  -0.09144921 -0.7359901  -0.0918388   0.03525892  0.
  -0.16146564  0.         -0.0089737  -0.06284554]] 
Episode: 801: [[ 0.20129356  0.1272943  -0.8481763  -0.2726468   0.07028767  0.
  -0.11084449  0.          0.00317181  0.1531253 ]
 [ 0.20157512  0.18977146 -0.8776883  -0.25685838  0.13860579  0.
  -0.14774655  0.         -0.01725222  0.10317893]
 [ 0.25338912  0.5326033  -0.8892316  -0.22176352  0.19443324  0.
  -0.02062673  0.         -0.03533321  0.21862394]
 [ 0.39789814  0.68959963 -0.8742823  -0.07259716  0.19002387  0.
   0.09882659  0.         -0.04325048  0.21438359]
 [ 0.36516023 -0.0921115  -0.7364624  -0.09180167  0.03501928  0.
  -0.16131955  0.         -0.0089737  -0.06294166]] 
Episode: 802: [[ 0.20147471  0.12732434 -0.84870934 -0.27236593  0.07062918  0.
  -0.11105716  0.          0.00317181  0.15316395]
 [ 0.20179725  0.18963598 -0.8782172  -0.25658312  0.13890544  0.
  -0.14795236  0.         -0.01725222  0.10318343]
 [ 0.25339714  0.5328398  -0.88981146 -0.22149876  0.19478774  0.
  -0.02073875  0.         -0.03533321  0.21879062]
 [ 0.397871    0.68984723 -0.8749132  -0.07235611  0.19036002  0.
   0.09867831  0.         -0.04325048  0.21455376]
 [ 0.36567947 -0.09276252 -0.73689973 -0.09160676  0.03492114  0.
  -0.16132495  0.         -0.0089737  -0.06301526]] 
Episode: 803: [[ 0.2015437   0.1273626  -0.8493398  -0.27185598  0.07108608  0.
  -0.1111303   0.          0.00317181  0.15333535]
 [ 0.20192786  0.1895469  -0.8788559  -0.25609374  0.13930282  0.
  -0.14801732  0.         -0.01725222  0.1032564 ]
 [ 0.25321358  0.5330642  -0.8904991  -0.22102141  0.19528283  0.
  -0.02072641  0.         -0.03533321  0.21911015]
 [ 0.39761677  0.69006145 -0.87566614 -0.07194386  0.19082543  0.
   0.09865652  0.         -0.04325048  0.21485925]
 [ 0.36622727 -0.09328421 -0.73743314 -0.0914048   0.03473723  0.
  -0.16134037  0.         -0.0089737  -0.0631512 ]] 
Episode: 804: [[ 0.20161003  0.12746546 -0.8498824  -0.27148905  0.07156651  0.
  -0.11107796  0.          0.00317181  0.15362155]
 [ 0.20204583  0.18950643 -0.87940747 -0.25575376  0.13973038  0.
  -0.1479556   0.         -0.01725222  0.10350072]
 [ 0.25305244  0.5333506  -0.89108664 -0.22066428  0.19578758  0.
  -0.02060223  0.         -0.03533321  0.21947321]
 [ 0.3974047   0.69033754 -0.8763093  -0.07163849  0.19130115  0.
   0.09871938  0.         -0.04325048  0.21520928]
 [ 0.36670706 -0.0938115  -0.7379085  -0.09131894  0.03461429  0.
  -0.16121745  0.         -0.0089737  -0.06306311]] 
Episode: 805: [[ 0.20170304  0.12761082 -0.8503871  -0.27114025  0.07199592  0.
  -0.11091277  0.          0.00317181  0.153893  ]
 [ 0.20217004  0.18950711 -0.8799143  -0.25543588  0.14011139  0.
  -0.14777996  0.         -0.01725222  0.10375212]
 [ 0.25296608  0.53366905 -0.89163727 -0.22030875  0.19623871  0.
  -0.02037743  0.         -0.03533321  0.21980506]
 [ 0.39728975  0.6906471  -0.87691545 -0.07132544  0.1917276   0.
   0.09888759  0.         -0.04325048  0.21553975]
 [ 0.3670933  -0.09430291 -0.7383232  -0.09126159  0.03448241  0.
  -0.16097023  0.         -0.0089737  -0.06292757]] 
Episode: 806: [[ 0.2017993   0.12767301 -0.85096884 -0.27089676  0.0723778   0.
  -0.11074051  0.          0.00317181  0.15419415]
 [ 0.2023027   0.18939818 -0.8805057  -0.25523397  0.14043128  0.
  -0.14752881  0.         -0.01725222  0.1040882 ]
 [ 0.25288764  0.53396344 -0.8922626  -0.22003093  0.19665888  0.
  -0.02023517  0.         -0.03533321  0.22008167]
 [ 0.39720148  0.69094086 -0.87760866 -0.07108054  0.19212787  0.
   0.09892781  0.         -0.04325048  0.21580262]
 [ 0.3675222  -0.0950528  -0.73885083 -0.0913344   0.0342002   0.
  -0.16061133  0.         -0.0089737  -0.06257354]] 
Episode: 807: [[ 0.20190139  0.12772438 -0.85149467 -0.27059287  0.07282437  0.
  -0.11046737  0.          0.00317181  0.15468274]
 [ 0.20243452  0.18922722 -0.8810379  -0.25497544  0.14082077  0.
  -0.14718279  0.         -0.01725222  0.10461424]
 [ 0.25282422  0.53430367 -0.8928358  -0.21969001  0.19712512  0.
  -0.01999408  0.         -0.03533321  0.22047336]
 [ 0.39714208  0.69128287 -0.87825394 -0.07077367  0.19256444  0.
   0.09907559  0.         -0.04325048  0.21617976]
 [ 0.36790988 -0.09595606 -0.73933154 -0.09139789  0.03397676  0.
  -0.16015211  0.         -0.0089737  -0.06202205]] 
Episode: 808: [[ 0.2020864   0.12782101 -0.85201216 -0.27029586  0.07329243  0.
  -0.11028796  0.          0.00317181  0.15510769]
 [ 0.20264925  0.18912083 -0.88155884 -0.25472233  0.14124404  0.
  -0.14689103  0.         -0.01725222  0.10511088]
 [ 0.2528545   0.53465676 -0.8933958  -0.2193555   0.19759504  0.
  -0.01989022  0.         -0.03533321  0.22076882]
 [ 0.397173    0.6916377  -0.87887883 -0.07046982  0.19300398  0.
   0.099097    0.         -0.04325048  0.21646169]
 [ 0.36834365 -0.09676242 -0.7397966  -0.09145334  0.03384839  0.
  -0.15960278  0.         -0.0089737  -0.06143853]] 
Episode: 809: [[ 0.20225705  0.12785643 -0.8524942  -0.26989886  0.07381867  0.
  -0.11000837  0.          0.00317181  0.15554631]
 [ 0.20284647  0.18892862 -0.88204694 -0.2543726   0.14171849  0.
  -0.14650841  0.         -0.01725222  0.10561112]
 [ 0.25287613  0.53498924 -0.8939136  -0.21892297  0.19812445  0.
  -0.01968373  0.         -0.03533321  0.22110616]
 [ 0.3972045   0.69198173 -0.8794555  -0.07007667  0.1934934   0.
   0.09922781  0.         -0.04325048  0.21679422]
 [ 0.36874378 -0.09767604 -0.7402568  -0.09148823  0.033702    0.
  -0.15907387  0.         -0.0089737  -0.06083681]] 
Episode: 810: [[ 0.20239663  0.1278049  -0.8529932  -0.26960582  0.07429083  0.
  -0.10982119  0.          0.00317181  0.15590028]
 [ 0.20301329  0.18864971 -0.88255143 -0.25412202  0.142138    0.
  -0.14622271  0.         -0.01725222  0.10599628]
 [ 0.25286686  0.5352523  -0.8944538  -0.21859454  0.19860487  0.
  -0.01960031  0.         -0.03533321  0.2214    ]
 [ 0.3972033   0.69226944 -0.88004965 -0.06977962  0.19393963  0.
   0.09923447  0.         -0.04325048  0.21707721]
 [ 0.36913198 -0.09865992 -0.7407222  -0.09155826  0.03353722  0.
  -0.15862304  0.         -0.0089737  -0.06039549]] 
Episode: 811: [[ 0.20249604  0.1277447  -0.8535038  -0.26933658  0.07471532  0.
  -0.1095346   0.          0.00317181  0.15626667]
 [ 0.2031358   0.18838929 -0.88306504 -0.25389308  0.14251721  0.
  -0.14584553  0.         -0.01725222  0.10638771]
 [ 0.25282177  0.53547364 -0.89501214 -0.21828863  0.19903335  0.
  -0.01941224  0.         -0.03533321  0.22173133]
 [ 0.39716613  0.6925241  -0.8806645  -0.06950256  0.19433916  0.
   0.09935196  0.         -0.04325048  0.21741898]
 [ 0.36947143 -0.09952982 -0.74117756 -0.09162474  0.03339124  0.
  -0.15814702  0.         -0.0089737  -0.06000305]] 
Episode: 812: [[ 0.20265773  0.1276473  -0.85407233 -0.2691846   0.07511298  0.
  -0.10939491  0.          0.00317181  0.15645987]
 [ 0.20331074  0.18811837 -0.8836358  -0.25376546  0.14286868  0.
  -0.1456263   0.         -0.01725222  0.10658513]
 [ 0.25287592  0.5356372  -0.895632   -0.21811937  0.19944164  0.
  -0.019356    0.         -0.03533321  0.22189054]
 [ 0.3971957   0.6927201  -0.88133514 -0.06935413  0.1947252   0.
   0.09934621  0.         -0.04325048  0.21757339]
 [ 0.36982548 -0.10033321 -0.74165887 -0.09165817  0.03326131  0.
  -0.15785548  0.         -0.0089737  -0.05977824]] 
Episode: 813: [[ 0.20287018  0.1276061  -0.8545157  -0.2688902   0.07566722  0.
  -0.10931461  0.          0.00317181  0.15662828]
 [ 0.20352685  0.18788515 -0.88407516 -0.2534952   0.14338757  0.
  -0.14549287  0.         -0.01725222  0.10676587]
 [ 0.25300455  0.5358572  -0.89612573 -0.21781434  0.1999709   0.
  -0.01927732  0.         -0.03533321  0.22204176]
 [ 0.39732462  0.69296205 -0.8818768  -0.06907637  0.19521043  0.
   0.09941294  0.         -0.04325048  0.21773098]
 [ 0.37015897 -0.10116822 -0.7420197  -0.09162372  0.03328386  0.
  -0.15766804  0.         -0.0089737  -0.0595645 ]] 
Episode: 814: [[ 0.20305187  0.12757552 -0.8549327  -0.2685996   0.07621624  0.
  -0.10912418  0.          0.00317181  0.15697044]
 [ 0.20371222  0.18765841 -0.88449067 -0.25323594  0.14390112  0.
  -0.14525269  0.         -0.01725222  0.1071486 ]
 [ 0.25309518  0.53610533 -0.89658976 -0.21750563  0.20049706  0.
  -0.01909349  0.         -0.03533321  0.22232062]
 [ 0.3974262   0.69323164 -0.8823911  -0.06879727  0.1956925   0.
   0.09958448  0.         -0.04325048  0.21801239]
 [ 0.37045014 -0.10201138 -0.7423668  -0.09163972  0.0332907   0.
  -0.15736298  0.         -0.0089737  -0.05913926]] 
Episode: 815: [[ 0.20312406  0.12745272 -0.85536313 -0.26840347  0.07673003  0.
  -0.10883468  0.          0.00317181  0.1573659 ]
 [ 0.20379297  0.18730712 -0.88492316 -0.2530741   0.14437596  0.
  -0.14491653  0.         -0.01725222  0.1075545 ]
 [ 0.25304     0.5363244  -0.89707136 -0.21729481  0.20099373  0.
  -0.01881506  0.         -0.03533321  0.22270824]
 [ 0.39735964  0.6934882  -0.8829267  -0.06862305  0.19614924  0.
   0.09985031  0.         -0.04325048  0.21841799]
 [ 0.37068596 -0.10299943 -0.7427284  -0.09172514  0.03326305  0.
  -0.15705292  0.         -0.0089737  -0.05879898]] 
Episode: 816: [[ 0.20318007  0.12732056 -0.8558334  -0.26821294  0.0772196   0.
  -0.10845612  0.          0.00317181  0.15775302]
 [ 0.20386359  0.18694891 -0.8853954  -0.25291833  0.14482227  0.
  -0.14449409  0.         -0.01725222  0.10793354]
 [ 0.2529491   0.5365406  -0.8975931  -0.2170856   0.2014774   0.
  -0.01845155  0.         -0.03533321  0.22312236]
 [ 0.39725763  0.69374955 -0.8835068  -0.06844608  0.19659972  0.
   0.10020096  0.         -0.04325048  0.21885902]
 [ 0.3709381  -0.10400425 -0.7431318  -0.0918136   0.03318534  0.
  -0.15668534  0.         -0.0089737  -0.0585196 ]] 
Episode: 817: [[ 0.20321299  0.12703942 -0.85642016 -0.26790792  0.07781426  0.
  -0.10815503  0.          0.00317181  0.15811951]
 [ 0.20392086  0.18638104 -0.8859944  -0.2526525   0.14534912  0.
  -0.14415488  0.         -0.01725222  0.10828287]
 [ 0.25282124  0.53672725 -0.89822817 -0.21676023  0.20209464  0.
  -0.01812203  0.         -0.03533321  0.22353342]
 [ 0.39711455  0.6940047  -0.88420945 -0.06816247  0.19718024  0.
   0.10053184  0.         -0.04325048  0.21930797]
 [ 0.37124604 -0.10531867 -0.74370944 -0.09187204  0.03299496  0.
  -0.15631866  0.         -0.0089737  -0.05825344]] 
Episode: 818: [[ 0.20321491  0.12668337 -0.8571578  -0.2675034   0.07836211  0.
  -0.10776598  0.          0.00317181  0.15852381]
 [ 0.20395036  0.18573895 -0.8867505  -0.25229564  0.14580123  0.
  -0.14372964  0.         -0.01725222  0.10864501]
 [ 0.25264323  0.5368601  -0.8990201  -0.21633174  0.20271592  0.
  -0.01771247  0.         -0.03533321  0.22401725]
 [ 0.3969209   0.6942149  -0.8850793  -0.06779112  0.19777372  0.
   0.10094109  0.         -0.04325048  0.21982117]
 [ 0.37155178 -0.10660227 -0.7444272  -0.09194381  0.03261537  0.
  -0.15592764  0.         -0.0089737  -0.05801386]] 
Episode: 819: [[ 0.20335752  0.12629455 -0.85784966 -0.26715115  0.07881249  0.
  -0.10744134  0.          0.00317181  0.15899259]
 [ 0.20410983  0.18506613 -0.88745826 -0.25198448  0.14616595  0.
  -0.14328787  0.         -0.01725222  0.10915198]
 [ 0.25264984  0.53696203 -0.8997579  -0.21594821  0.20323119  0.
  -0.01745699  0.         -0.03533321  0.22445476]
 [ 0.39693376  0.69442    -0.8858909  -0.06745237  0.19827288  0.
   0.10119784  0.         -0.04325048  0.22027197]
 [ 0.37191373 -0.10798513 -0.74513185 -0.09197088  0.03222751  0.
  -0.1554393   0.         -0.0089737  -0.05756561]] 
Episode: 820: [[ 0.20345709  0.12585911 -0.85854435 -0.26660737  0.07946937  0.
  -0.10726748  0.          0.00317181  0.15946777]
 [ 0.2042433   0.18436138 -0.88817745 -0.25148526  0.14672649  0.
  -0.14301053  0.         -0.01725222  0.10963944]
 [ 0.25257948  0.5370105  -0.90048057 -0.21538728  0.20395555  0.
  -0.01734012  0.         -0.03533321  0.22494216]
 [ 0.39686933  0.69457245 -0.88668036 -0.06695227  0.19896643  0.
   0.10131738  0.         -0.04325048  0.22076961]
 [ 0.3723298  -0.10927489 -0.7458879  -0.09195389  0.03189724  0.
  -0.15513673  0.         -0.0089737  -0.05712255]] 
Episode: 821: [[ 0.2033955   0.12530576 -0.8591461  -0.2661563   0.08020386  0.
  -0.10722923  0.          0.00317181  0.15995167]
 [ 0.20420943  0.18354483 -0.8888078  -0.2510746   0.14734295  0.
  -0.14288107  0.         -0.01725222  0.11011022]
 [ 0.25235844  0.53697133 -0.9010968  -0.21492684  0.2047838   0.
  -0.01734794  0.         -0.03533321  0.22547084]
 [ 0.3966542   0.6946352  -0.8873511  -0.06655367  0.19975871  0.
   0.10131349  0.         -0.04325048  0.2213142 ]
 [ 0.3725828  -0.11063353 -0.7465737  -0.09197401  0.03146436  0.
  -0.15500112  0.         -0.0089737  -0.05673631]] 
Episode: 822: [[ 0.20346846  0.12487527 -0.8597602  -0.26563168  0.08087542  0.
  -0.10719671  0.          0.00317181  0.16029969]
 [ 0.20430957  0.18287356 -0.889441   -0.25058627  0.14791062  0.
  -0.14275165  0.         -0.01725222  0.11045118]
 [ 0.252293    0.53700286 -0.90173364 -0.21439427  0.20553632  0.
  -0.01735295  0.         -0.03533321  0.2258499 ]
 [ 0.39658883  0.69475126 -0.8880459  -0.06607948  0.20047842  0.
   0.10130039  0.         -0.04325048  0.22170566]
 [ 0.37292752 -0.11185205 -0.7472356  -0.09192616  0.03107117  0.
  -0.15476324  0.         -0.0089737  -0.05643517]] 
Episode: 823: [[ 0.20349084  0.12428066 -0.8603357  -0.26531622  0.08132108  0.
  -0.10728569  0.          0.00317181  0.16053733]
 [ 0.20435345  0.18202901 -0.89003485 -0.25029895  0.14824234  0.
  -0.14275533  0.         -0.01725222  0.11065888]
 [ 0.25219786  0.53690416 -0.9023359  -0.21407132  0.2060995   0.
  -0.01747051  0.         -0.03533321  0.226117  ]
 [ 0.39644998  0.694765   -0.88869745 -0.06580005  0.201036    0.
   0.10117707  0.         -0.04325048  0.2219827 ]
 [ 0.3732231  -0.11324725 -0.7478439  -0.09195004  0.03052036  0.
  -0.15468565  0.         -0.0089737  -0.05627473]] 
Episode: 824: [[ 0.20347016  0.12372786 -0.8608505  -0.26499513  0.08173202  0.
  -0.10748395  0.          0.00317181  0.16080728]
 [ 0.20435533  0.18122153 -0.8905742  -0.25000763  0.14853469  0.
  -0.14287354  0.         -0.01725222  0.11090188]
 [ 0.2520501   0.5368464  -0.9028605  -0.21374007  0.2066379   0.
  -0.01768931  0.         -0.03533321  0.22642384]
 [ 0.39626893  0.6948133  -0.889268   -0.06550825  0.20157151  0.
   0.1009546   0.         -0.04325048  0.22229883]
 [ 0.37348256 -0.11461685 -0.74844915 -0.09198327  0.02992676  0.
  -0.15464333  0.         -0.0089737  -0.05611748]] 
Episode: 825: [[ 0.20342538  0.12327781 -0.8614786  -0.26468775  0.08218644  0.
  -0.10778046  0.          0.00317181  0.1610733 ]
 [ 0.20433703  0.1805295  -0.89123523 -0.2497217   0.14887424  0.
  -0.1430999   0.         -0.01725222  0.11114088]
 [ 0.25187108  0.5368522  -0.9034897  -0.21343747  0.2072091   0.
  -0.01799917  0.         -0.03533321  0.22672525]
 [ 0.3960559   0.694902   -0.8899374  -0.06524877  0.20213565  0.
   0.10064294  0.         -0.04325048  0.22260463]
 [ 0.373769   -0.11589013 -0.74917865 -0.09198007  0.02938369  0.
  -0.15468019  0.         -0.0089737  -0.05601429]] 
Episode: 826: [[ 0.20336469  0.12294143 -0.86202496 -0.26442966  0.08266727  0.
  -0.10812294  0.          0.00317181  0.16137967]
 [ 0.20429449  0.17997275 -0.8918103  -0.24948463  0.14925562  0.
  -0.1433634   0.         -0.01725222  0.11144702]
 [ 0.25169337  0.53690886 -0.90403366 -0.21318203  0.20777954  0.
  -0.01839095  0.         -0.03533321  0.2270391 ]
 [ 0.39586297  0.69502336 -0.89051265 -0.06502981  0.20269041  0.
   0.10025106  0.         -0.04325048  0.22291207]
 [ 0.37398762 -0.11701021 -0.7498088  -0.0920067   0.02897131  0.
  -0.15472099  0.         -0.0089737  -0.05583657]] 
Episode: 827: [[ 0.20329472  0.12247292 -0.86273664 -0.2641028   0.08303326  0.
  -0.1084023   0.          0.00317181  0.16172016]
 [ 0.20423916  0.17926131 -0.8925533  -0.24918611  0.14950684  0.
  -0.14355257  0.         -0.01725222  0.11179979]
 [ 0.25151134  0.5368924  -0.90475225 -0.21284808  0.20826982  0.
  -0.01871269  0.         -0.03533321  0.22736995]
 [ 0.39567548  0.69510084 -0.8912741  -0.0647369   0.20318063  0.
   0.09987877  0.         -0.04325048  0.22323199]
 [ 0.37418827 -0.11827689 -0.75057644 -0.09205128  0.02838215  0.
  -0.15462115  0.         -0.0089737  -0.05559094]] 
Episode: 828: [[ 0.20326287  0.12196726 -0.8635172  -0.26407573  0.0833286   0.
  -0.1087719   0.          0.00317181  0.16186084]
 [ 0.20421322  0.178517   -0.8933628  -0.24918184  0.14968649  0.
  -0.14384289  0.         -0.01725222  0.11193392]
 [ 0.2514025   0.5368304  -0.90554905 -0.21281262  0.20869817  0.
  -0.01911521  0.         -0.03533321  0.22749649]
 [ 0.39550498  0.6951396  -0.89210254 -0.06472785  0.20362777  0.
   0.09943226  0.         -0.04325048  0.2233663 ]
 [ 0.37439346 -0.11958852 -0.7513475  -0.09222151  0.02778076  0.
  -0.1546678   0.         -0.0089737  -0.05545454]] 
Episode: 829: [[ 0.20325989  0.12148991 -0.8642867  -0.26385802  0.08374643  0.
  -0.10904238  0.          0.00317181  0.16202055]
 [ 0.20421416  0.17776117 -0.89415765 -0.24899393  0.14998695  0.
  -0.14406615  0.         -0.01725222  0.11209189]
 [ 0.2513202   0.5368524  -0.90634376 -0.21258406  0.20923956  0.
  -0.01936439  0.         -0.03533321  0.22764038]
 [ 0.39536184  0.6952586  -0.8929369  -0.06453365  0.2041742   0.
   0.09914199  0.         -0.04325048  0.22351997]
 [ 0.37459326 -0.12105355 -0.75210327 -0.0923554   0.02720117  0.
  -0.15470663  0.         -0.0089737  -0.0552763 ]] 
Episode: 830: [[ 0.20316513  0.12104076 -0.8650188  -0.26375628  0.08403683  0.
  -0.10926322  0.          0.00317181  0.16207221]
 [ 0.20412025  0.17707534 -0.89492273 -0.2489265   0.1501621   0.
  -0.14426862  0.         -0.01725222  0.11204679]
 [ 0.25115496  0.5368571  -0.9070848  -0.21245958  0.20966212  0.
  -0.01953122  0.         -0.03533321  0.22779197]
 [ 0.3951419   0.6953545  -0.89370453 -0.06443559  0.2046081   0.
   0.09897044  0.         -0.04325048  0.22369106]
 [ 0.37473002 -0.12232716 -0.75285417 -0.09260245  0.02658941  0.
  -0.15486203  0.         -0.0089737  -0.0553503 ]] 
Episode: 831: [[ 0.20306899  0.12065762 -0.86585647 -0.26387456  0.08431679  0.
  -0.10958028  0.          0.00317181  0.16200581]
 [ 0.20403741  0.1764941  -0.8957827  -0.2490677   0.1503426   0.
  -0.14457104  0.         -0.01725222  0.11183605]
 [ 0.25095654  0.53685766 -0.9079688  -0.21258135  0.2100497   0.
  -0.01979437  0.         -0.03533321  0.22787276]
 [ 0.39485466  0.6954293  -0.89463645 -0.06458659  0.20500918  0.
   0.09870458  0.         -0.04325048  0.22377127]
 [ 0.37494838 -0.12335217 -0.7535947  -0.09288489  0.02610273  0.
  -0.15511657  0.         -0.0089737  -0.05563628]] 
Episode: 832: [[ 0.20329267  0.12037547 -0.8668529  -0.26373243  0.08451582  0.
  -0.10998386  0.          0.00317181  0.16172712]
 [ 0.20427953  0.17603607 -0.89678943 -0.24893664  0.15045092  0.
  -0.14496334  0.         -0.01725222  0.11142352]
 [ 0.2510382   0.5369032  -0.9090292  -0.21245018  0.21035619  0.
  -0.02014416  0.         -0.03533321  0.22777453]
 [ 0.39482957  0.6955383  -0.8957555  -0.06448261  0.20533791  0.
   0.09835389  0.         -0.04325048  0.22369   ]
 [ 0.37549278 -0.12423716 -0.7544741  -0.09290317  0.02560366  0.
  -0.15529844  0.         -0.0089737  -0.05602678]] 
Episode: 833: [[ 0.20345639  0.12005457 -0.8677415  -0.26353514  0.08477642  0.
  -0.11022867  0.          0.00317181  0.16153823]
 [ 0.20446408  0.175527   -0.89769    -0.24875697  0.15061867  0.
  -0.1451961   0.         -0.01725222  0.11110198]
 [ 0.25103933  0.5369403  -0.9099757  -0.21226037  0.2107251   0.
  -0.0203459   0.         -0.03533321  0.22778185]
 [ 0.39472497  0.6956444  -0.8967643  -0.06432561  0.20572263  0.
   0.09814978  0.         -0.04325048  0.2237289 ]
 [ 0.37597716 -0.12518856 -0.7552744  -0.0929353   0.02510568  0.
  -0.15542316  0.         -0.0089737  -0.05638275]] 
Episode: 834: [[ 0.20354676  0.11972979 -0.8685947  -0.2633589   0.08500943  0.
  -0.11038787  0.          0.00317181  0.16150047]
 [ 0.20458193  0.17500189 -0.8985556  -0.24859965  0.15075889  0.
  -0.14532974  0.         -0.01725222  0.1109512 ]
 [ 0.25094464  0.5369863  -0.9108823  -0.21209693  0.21107025  0.
  -0.02052189  0.         -0.03533321  0.22790694]
 [ 0.39452386  0.69576955 -0.8977288  -0.06420016  0.20608868  0.
   0.09792063  0.         -0.04325048  0.22388676]
 [ 0.3764316  -0.12620823 -0.75602794 -0.09298391  0.02459018  0.
  -0.15540172  0.         -0.0089737  -0.05661661]] 
Episode: 835: [[ 0.20358334  0.11944294 -0.8692963  -0.2632085   0.08521952  0.
  -0.11043171  0.          0.00317181  0.1615079 ]
 [ 0.20463341  0.17453048 -0.89926255 -0.24847166  0.15089056  0.
  -0.14536338  0.         -0.01725222  0.11086173]
 [ 0.2508239   0.5370365  -0.9116392  -0.21194834  0.2113716   0.
  -0.02056719  0.         -0.03533321  0.22807156]
 [ 0.39432722  0.6958922  -0.8985426  -0.06408357  0.20640624  0.
   0.09782593  0.         -0.04325048  0.22409514]
 [ 0.37673345 -0.12714271 -0.75662225 -0.09307621  0.02415525  0.
  -0.15535213  0.         -0.0089737  -0.056798  ]] 
Episode: 836: [[ 0.20354581  0.11916347 -0.86997503 -0.2631557   0.08541676  0.
  -0.11045025  0.          0.00317181  0.16154075]
 [ 0.20461325  0.17406811 -0.8999472  -0.24843885  0.15100531  0.
  -0.14539939  0.         -0.01725222  0.11076459]
 [ 0.25061652  0.5370777  -0.9123763  -0.21190648  0.2116641   0.
  -0.02058031  0.         -0.03533321  0.22830178]
 [ 0.39403147  0.69600457 -0.8993356  -0.06407629  0.20671846  0.
   0.09777818  0.         -0.04325048  0.22436854]
 [ 0.3770016  -0.12809202 -0.75718945 -0.09319241  0.02370089  0.
  -0.15543354  0.         -0.0089737  -0.057058  ]] 
Episode: 837: [[ 0.20355889  0.11896802 -0.87056214 -0.26308897  0.08561126  0.
  -0.11054339  0.          0.00317181  0.1615767 ]
 [ 0.20462744  0.17371005 -0.9005403  -0.24839091  0.15112731  0.
  -0.14550745  0.         -0.01725222  0.11069301]
 [ 0.25049913  0.537153   -0.9130107  -0.21184546  0.21193872  0.
  -0.0206667   0.         -0.03533321  0.22851354]
 [ 0.39384204  0.6961387  -0.9000189  -0.06404509  0.20701051  0.
   0.09765785  0.         -0.04325048  0.22462521]
 [ 0.37721792 -0.12892151 -0.7576983  -0.09328123  0.02330769  0.
  -0.15553316  0.         -0.0089737  -0.05727555]] 
Episode: 838: [[ 0.203476    0.11864462 -0.87132084 -0.2633861   0.08548344  0.
  -0.11050872  0.          0.00317181  0.16166835]
 [ 0.20454344  0.17317711 -0.9012957  -0.24871197  0.15089755  0.
  -0.14548431  0.         -0.01725222  0.11064379]
 [ 0.25029173  0.53714544 -0.91383666 -0.21212782  0.21196258  0.
  -0.02063127  0.         -0.03533321  0.22877826]
 [ 0.3935872   0.6961904  -0.90089136 -0.06434633  0.20709053  0.
   0.09766119  0.         -0.04325048  0.22489473]
 [ 0.3773835  -0.12989828 -0.7582294  -0.09356096  0.0225921   0.
  -0.15548617  0.         -0.0089737  -0.05732998]] 
Episode: 839: [[ 0.20325707  0.11829097 -0.87204844 -0.26362672  0.08558804  0.
  -0.11035911  0.          0.00317181  0.1616403 ]
 [ 0.20432237  0.17262788 -0.9020365  -0.24897976  0.15091896  0.
  -0.14539328  0.         -0.01725222  0.11037619]
 [ 0.24994253  0.53707725 -0.914603   -0.21235646  0.21216016  0.
  -0.02048625  0.         -0.03533321  0.22914055]
 [ 0.39321283  0.6961689  -0.90168494 -0.06460024  0.20730695  0.
   0.09777577  0.         -0.04325048  0.22528368]
 [ 0.3774495  -0.130744   -0.7588301  -0.09387233  0.02213949  0.
  -0.15558039  0.         -0.0089737  -0.05761112]] 
Episode: 840: [[ 0.20312083  0.1179102  -0.8727182  -0.26356038  0.08587386  0.
  -0.11016281  0.          0.00317181  0.16161476]
 [ 0.20418422  0.17202543 -0.9027138  -0.24894525  0.15112303  0.
  -0.14529157  0.         -0.01725222  0.11013292]
 [ 0.24968012  0.537047   -0.9153216  -0.21227236  0.21252306  0.
  -0.02024265  0.         -0.03533321  0.22947964]
 [ 0.39293092  0.6961955  -0.90244156 -0.06454708  0.2076688   0.
   0.09799043  0.         -0.04325048  0.22565667]
 [ 0.3775628  -0.1317396  -0.7593709  -0.09407087  0.02175328  0.
  -0.15575247  0.         -0.0089737  -0.05785061]] 
Episode: 841: [[ 0.20294134  0.11752866 -0.87349415 -0.263539    0.08621969  0.
  -0.11001189  0.          0.00317181  0.16155705]
 [ 0.20401971  0.17145158 -0.90349764 -0.24895586  0.15139233  0.
  -0.14523958  0.         -0.01725222  0.10981648]
 [ 0.24933715  0.5369867  -0.91616035 -0.2122382   0.21293466  0.
  -0.0200455   0.         -0.03533321  0.22982456]
 [ 0.39255637  0.69618416 -0.90333045 -0.06454948  0.2080746   0.
   0.09814624  0.         -0.04325048  0.22603936]
 [ 0.37774336 -0.1326472  -0.759982   -0.09429622  0.02141341  0.
  -0.15593192  0.         -0.0089737  -0.05819064]] 
Episode: 842: [[ 0.20293343  0.11732023 -0.8742352  -0.2632794   0.08667952  0.
  -0.10999465  0.          0.00317181  0.16155216]
 [ 0.20403613  0.17105222 -0.90424174 -0.24871781  0.1517945   0.
  -0.14529853  0.         -0.01725222  0.10961729]
 [ 0.24916713  0.5370636  -0.9169634  -0.21198331  0.21341893  0.
  -0.01998128  0.         -0.03533321  0.23013353]
 [ 0.39235693  0.6962811  -0.90418017 -0.06433866  0.20853345  0.
   0.09817483  0.         -0.04325048  0.2263771 ]
 [ 0.37809587 -0.1334712  -0.76058465 -0.09428758  0.02124392  0.
  -0.15599029  0.         -0.0089737  -0.05836977]] 
Episode: 843: [[ 0.20276359  0.11707614 -0.87533003 -0.26312572  0.08686674  0.
  -0.10986064  0.          0.00317181  0.16143665]
 [ 0.20391051  0.17070241 -0.9053417  -0.24860004  0.15191013  0.
  -0.14523102  0.         -0.01725222  0.1092157 ]
 [ 0.2487688   0.53697735 -0.91814566 -0.21180767  0.21367489  0.
  -0.01981035  0.         -0.03533321  0.23056364]
 [ 0.3919513   0.69619846 -0.9054211  -0.06420713  0.20878652  0.
   0.09831215  0.         -0.04325048  0.22683436]
 [ 0.37844893 -0.13383912 -0.76143956 -0.0944152   0.0208317   0.
  -0.15590626  0.         -0.0089737  -0.05876179]] 
Episode: 844: [[ 0.20267281  0.11690278 -0.87630343 -0.26288     0.0871103   0.
  -0.10973146  0.          0.00317181  0.16133699]
 [ 0.20385431  0.17039362 -0.90632063 -0.24838664  0.1520869   0.
  -0.14517945  0.         -0.01725222  0.10884862]
 [ 0.24848011  0.5369837  -0.9191933  -0.21154463  0.21397288  0.
  -0.01958972  0.         -0.03533321  0.23097624]
 [ 0.3916635   0.69620574 -0.9065183  -0.06398924  0.20907485  0.
   0.09852156  0.         -0.04325048  0.2272843 ]
 [ 0.3788036  -0.13431615 -0.7622241  -0.09446543  0.0204751   0.
  -0.15586358  0.         -0.0089737  -0.05911509]] 
Episode: 845: [[ 0.20257163  0.11675573 -0.8771944  -0.2626046   0.08737651  0.
  -0.10969017  0.          0.00317181  0.16135561]
 [ 0.20378     0.17009431 -0.90721977 -0.2481405   0.15228733  0.
  -0.14518228  0.         -0.01725222  0.1086642 ]
 [ 0.2482014   0.53703934 -0.92014515 -0.21125251  0.21429124  0.
  -0.01950438  0.         -0.03533321  0.23141645]
 [ 0.39140213  0.6962684  -0.9075129  -0.0637368   0.20938356  0.
   0.0985984   0.         -0.04325048  0.22776076]
 [ 0.37910283 -0.13485618 -0.7629707  -0.09447181  0.02014183  0.
  -0.15572383  0.         -0.0089737  -0.0592869 ]] 
Episode: 846: [[ 0.20244612  0.11663884 -0.8781346  -0.26232776  0.08772187  0.
  -0.10977162  0.          0.00317181  0.16159193]
 [ 0.20369014  0.1698502  -0.9081719  -0.24787278  0.15257128  0.
  -0.14530551  0.         -0.01725222  0.10872092]
 [ 0.24788867  0.53708595 -0.9211453  -0.21100992  0.21468607  0.
  -0.01954073  0.         -0.03533321  0.23188394]
 [ 0.39107743  0.696301   -0.9085538  -0.06354096  0.20976013  0.
   0.09855597  0.         -0.04325048  0.2281727 ]
 [ 0.37946337 -0.1353053  -0.76371676 -0.09435611  0.0199108   0.
  -0.15573466  0.         -0.0089737  -0.05921651]] 
Episode: 847: [[ 0.20239292  0.11650649 -0.87891173 -0.26202106  0.08808199  0.
  -0.10996346  0.          0.00317181  0.16202278]
 [ 0.20366594  0.16954353 -0.9089558  -0.24757585  0.15287364  0.
  -0.145537    0.         -0.01725222  0.10899317]
 [ 0.24767886  0.53719693 -0.9219904  -0.21073797  0.21508057  0.
  -0.01968657  0.         -0.03533321  0.23235965]
 [ 0.3908762   0.6964149  -0.9094553  -0.06331437  0.21013053  0.
   0.09840624  0.         -0.04325048  0.22853412]
 [ 0.37983882 -0.13599265 -0.76433975 -0.09423789  0.01968102  0.
  -0.15560798  0.         -0.0089737  -0.05892368]] 
Episode: 848: [[ 0.20250878  0.11630376 -0.879566   -0.26171675  0.08842586  0.
  -0.11025458  0.          0.00317181  0.16223058]
 [ 0.20378831  0.16919191 -0.90961087 -0.24727988  0.15317798  0.
  -0.14586584  0.         -0.01725222  0.10904694]
 [ 0.24769327  0.5372365  -0.92270947 -0.21046835  0.21543466  0.
  -0.01993088  0.         -0.03533321  0.23264968]
 [ 0.39088094  0.6964683  -0.9102274  -0.06309199  0.21045557  0.
   0.09816     0.         -0.04325048  0.22875258]
 [ 0.38022578 -0.13668483 -0.76486397 -0.09413653  0.01956682  0.
  -0.15563038  0.         -0.0089737  -0.05883436]] 
Episode: 849: [[ 0.20262514  0.11616418 -0.8801432  -0.26144272  0.08876494  0.
  -0.11055952  0.          0.00317181  0.16243921]
 [ 0.20390716  0.16891629 -0.91018975 -0.24701425  0.15348446  0.
  -0.14619425  0.         -0.01725222  0.10912763]
 [ 0.24772133  0.5373073  -0.9233416  -0.21022451  0.2157744   0.
  -0.02022057  0.         -0.03533321  0.23292083]
 [ 0.3909086   0.6965445  -0.91090757 -0.06289073  0.2107651   0.
   0.0978495   0.         -0.04325048  0.22895618]
 [ 0.38056922 -0.13730602 -0.7653435  -0.09405505  0.01949037  0.
  -0.15560652  0.         -0.0089737  -0.0586957 ]] 
Episode: 850: [[ 0.2027506   0.11606538 -0.88067347 -0.26111156  0.08918966  0.
  -0.11071531  0.          0.00317181  0.16268909]
 [ 0.20402834  0.1686685  -0.91072094 -0.24670015  0.15388356  0.
  -0.14636907  0.         -0.01725222  0.10927004]
 [ 0.24776426  0.5374258  -0.923924   -0.20990926  0.21618034  0.
  -0.02036811  0.         -0.03533321  0.23324412]
 [ 0.3909618   0.6966634  -0.9115422  -0.06261705  0.21113     0.
   0.09768163  0.         -0.04325048  0.2292317 ]
 [ 0.3808498  -0.13790372 -0.7657827  -0.09401599  0.01949423  0.
  -0.15544876  0.         -0.0089737  -0.05853061]] 
Episode: 851: [[ 0.20300564  0.11584721 -0.8812445  -0.26066825  0.08949149  0.
  -0.110974    0.          0.00317181  0.16294688]
 [ 0.20429386  0.16829894 -0.9112951  -0.24625775  0.15415254  0.
  -0.14664693  0.         -0.01725222  0.10945546]
 [ 0.24793251  0.5374685  -0.92453593 -0.20950535  0.21649398  0.
  -0.02061395  0.         -0.03533321  0.23350298]
 [ 0.39110765  0.6967323  -0.9122017  -0.06225707  0.21142232  0.
   0.09741908  0.         -0.04325048  0.22943893]
 [ 0.3812966  -0.1385992  -0.7663106  -0.09378652  0.01939247  0.
  -0.15531646  0.         -0.0089737  -0.05822546]] 
Episode: 852: [[ 0.20328957  0.11572823 -0.88180053 -0.2601668   0.08981172  0.
  -0.11111267  0.          0.00317181  0.16320802]
 [ 0.2045795   0.16801846 -0.9118473  -0.24575697  0.15444466  0.
  -0.14680627  0.         -0.01725222  0.10967612]
 [ 0.24815357  0.5376033  -0.92514086 -0.20903985  0.21681598  0.
  -0.02072209  0.         -0.03533321  0.23373315]
 [ 0.39131826  0.6968819  -0.9128563  -0.06183481  0.21171951  0.
   0.0972943   0.         -0.04325048  0.22962281]
 [ 0.38170207 -0.13929133 -0.7667764  -0.09352094  0.01931852  0.
  -0.15510629  0.         -0.0089737  -0.05783863]] 
Episode: 853: [[ 0.20348172  0.11559666 -0.8823413  -0.25974607  0.09008481  0.
  -0.11122926  0.          0.00317181  0.1635047 ]
 [ 0.2047537   0.16772352 -0.9123903  -0.24534076  0.1546866   0.
  -0.14693706  0.         -0.01725222  0.10994611]
 [ 0.2483179   0.53773516 -0.9257158  -0.20864253  0.21709809  0.
  -0.02081756  0.         -0.03533321  0.23399454]
 [ 0.39148572  0.69703525 -0.91347003 -0.06147305  0.21198177  0.
   0.09716365  0.         -0.04325048  0.22984037]
 [ 0.3819497  -0.139994   -0.7672611  -0.09332866  0.01920461  0.
  -0.15486133  0.         -0.0089737  -0.05743517]] 
Episode: 854: [[ 0.20354387  0.11549322 -0.88288563 -0.2591967   0.0905314   0.
  -0.11133182  0.          0.00317181  0.16378227]
 [ 0.20480569  0.16746907 -0.9129281  -0.24480285  0.15510695  0.
  -0.14714508  0.         -0.01725222  0.11006786]
 [ 0.24831827  0.53787583 -0.92630893 -0.20811766  0.21752623  0.
  -0.02079033  0.         -0.03533321  0.23440126]
 [ 0.39151052  0.697182   -0.9140996  -0.06099242  0.21236399  0.
   0.09715763  0.         -0.04325048  0.23019034]
 [ 0.3821442  -0.1406247  -0.7676577  -0.09316947  0.01920287  0.
  -0.15477745  0.         -0.0089737  -0.05730195]] 
Episode: 855: [[ 0.20355736  0.1153038  -0.88337976 -0.25868762  0.09098922  0.
  -0.1113054   0.          0.00317181  0.16409896]
 [ 0.20482063  0.16711229 -0.91341627 -0.24430661  0.15553388  0.
  -0.14721155  0.         -0.01725222  0.11024158]
 [ 0.24823302  0.5379804  -0.92685074 -0.20763916  0.21797277  0.
  -0.02065272  0.         -0.03533321  0.23484561]
 [ 0.3914327   0.697311   -0.91468096 -0.06056715  0.21276584  0.
   0.09726374  0.         -0.04325048  0.23059621]
 [ 0.382355   -0.14134373 -0.768014   -0.0930314   0.01916443  0.
  -0.15458512  0.         -0.0089737  -0.05716225]] 
Episode: 856: [[ 0.20354722  0.11514241 -0.8838787  -0.25826097  0.09144272  0.
  -0.11140028  0.          0.00317181  0.1643491 ]
 [ 0.2048129   0.16680543 -0.91391355 -0.2438873   0.15595566  0.
  -0.14739197  0.         -0.01725222  0.11035021]
 [ 0.24812537  0.5380778  -0.9273853  -0.20724928  0.21841641  0.
  -0.02064198  0.         -0.03533321  0.23523308]
 [ 0.39131725  0.6974263  -0.91524243 -0.06022599  0.21316712  0.
   0.09724772  0.         -0.04325048  0.23094088]
 [ 0.38257205 -0.14195411 -0.7683958  -0.09290295  0.0191403   0.
  -0.15454844  0.         -0.0089737  -0.05713845]] 
Episode: 857: [[ 0.20346773  0.11492305 -0.88434595 -0.2579257   0.09191287  0.
  -0.11136704  0.          0.00317181  0.16466445]
 [ 0.20474538  0.16643082 -0.914379   -0.24356419  0.15638581  0.
  -0.14743371  0.         -0.01725222  0.11051966]
 [ 0.24790037  0.53813636 -0.92790467 -0.20695138  0.21888843  0.
  -0.02051927  0.         -0.03533321  0.23571396]
 [ 0.39105502  0.6975141  -0.9158082  -0.05998666  0.21359706  0.
   0.09734477  0.         -0.04325048  0.23140219]
 [ 0.38276583 -0.1426231  -0.7687451  -0.09283541  0.0190636   0.
  -0.15446657  0.         -0.0089737  -0.05711345]] 
Episode: 858: [[ 0.20342208  0.11476906 -0.884814   -0.2577061   0.09240575  0.
  -0.11130704  0.          0.00317181  0.16501847]
 [ 0.20470814  0.16611245 -0.9148565  -0.24337205  0.15683618  0.
  -0.14738542  0.         -0.01725222  0.11077143]
 [ 0.24772722  0.5382589  -0.9284013  -0.20673786  0.21938105  0.
  -0.02047072  0.         -0.03533321  0.23615263]
 [ 0.39086613  0.6976472  -0.9163499  -0.05981997  0.2140417   0.
   0.09732065  0.         -0.04325048  0.23180693]
 [ 0.38295192 -0.14336884 -0.76916456 -0.09295846  0.01893967  0.
  -0.15425669  0.         -0.0089737  -0.05689114]] 
Episode: 859: [[ 0.20333067  0.11475856 -0.8853733  -0.2577394   0.09296732  0.
  -0.11137173  0.          0.00317181  0.16520053]
 [ 0.20464206  0.16600457 -0.91542745 -0.24342339  0.15736257  0.
  -0.14746253  0.         -0.01725222  0.11077625]
 [ 0.24747084  0.5384046  -0.9289811  -0.20679143  0.21993151  0.
  -0.02054012  0.         -0.03533321  0.23653454]
 [ 0.39056763  0.6977635  -0.9169549  -0.05991406  0.21454372  0.
   0.09718753  0.         -0.04325048  0.2321475 ]
 [ 0.38323975 -0.1438318  -0.76960355 -0.09315096  0.01892842  0.
  -0.1542041   0.         -0.0089737  -0.0569193 ]] 
Episode: 860: [[ 0.2031843   0.11469128 -0.88584876 -0.25764343  0.09363194  0.
  -0.1113113   0.          0.00317181  0.16545378]
 [ 0.20453495  0.16580059 -0.9159193  -0.24335097  0.15797846  0.
  -0.14741139  0.         -0.01725222  0.11084218]
 [ 0.24711108  0.5385697  -0.9294732  -0.20671968  0.22059818  0.
  -0.0204895   0.         -0.03533321  0.23703246]
 [ 0.3901552   0.6979098  -0.91747296 -0.05989728  0.2151537   0.
   0.09717914  0.         -0.04325048  0.2326081 ]
 [ 0.38354743 -0.14446487 -0.77001905 -0.09333256  0.01886312  0.
  -0.15417248  0.         -0.0089737  -0.05696057]] 
Episode: 861: [[ 0.20294838  0.11458562 -0.88636124 -0.25765908  0.09430429  0.
  -0.11113836  0.          0.00317181  0.16577557]
 [ 0.20435077  0.16556436 -0.9164507  -0.24338497  0.15860042  0.
  -0.14724493  0.         -0.01725222  0.11095759]
 [ 0.24660893  0.53870595 -0.9300146  -0.20678361  0.22127832  0.
  -0.02033094  0.         -0.03533321  0.23762609]
 [ 0.38955924  0.6980401  -0.91803944 -0.06003069  0.21578735  0.
   0.09728297  0.         -0.04325048  0.233174  ]
 [ 0.38385826 -0.14507835 -0.7704455  -0.09351887  0.01880947  0.
  -0.1541571   0.         -0.0089737  -0.0570575 ]] 
Episode: 862: [[ 0.20282713  0.11448702 -0.8868218  -0.2576431   0.09489636  0.
  -0.11086423  0.          0.00317181  0.16598494]
 [ 0.20426302  0.1653533  -0.91691977 -0.24339083  0.15914866  0.
  -0.14697476  0.         -0.01725222  0.11095641]
 [ 0.24626926  0.53883094 -0.9305086  -0.20679438  0.22187594  0.
  -0.02007526  0.         -0.03533321  0.23812562]
 [ 0.38914183  0.69815993 -0.9185582  -0.06009963  0.21634054  0.
   0.09748775  0.         -0.04325048  0.23367277]
 [ 0.384144   -0.14564225 -0.7707974  -0.09368387  0.01873574  0.
  -0.15402772  0.         -0.0089737  -0.05724392]] 
Episode: 863: [[ 0.20271532  0.11432793 -0.8872541  -0.25765568  0.09541651  0.
  -0.11050005  0.          0.00317181  0.16621028]
 [ 0.20418619  0.16507822 -0.91736317 -0.2434246   0.15962477  0.
  -0.1466161   0.         -0.01725222  0.11098995]
 [ 0.24593425  0.5389105  -0.93096894 -0.20683543  0.22240865  0.
  -0.01973223  0.         -0.03533321  0.23862334]
 [ 0.38872442  0.69824666 -0.91904247 -0.06020034  0.21683663  0.
   0.097764    0.         -0.04325048  0.23417743]
 [ 0.38444176 -0.14624256 -0.7711554  -0.0938521   0.01862885  0.
  -0.1538218   0.         -0.0089737  -0.05742057]] 
Episode: 864: [[ 0.20268665  0.1142081  -0.88767874 -0.25736085  0.09616949  0.
  -0.11024139  0.          0.00317181  0.16646034]
 [ 0.20419095  0.16483104 -0.91780275 -0.24315313  0.16033834  0.
  -0.1463958   0.         -0.01725222  0.11106899]
 [ 0.24569513  0.53904957 -0.9314135  -0.20657499  0.22314993  0.
  -0.01938741  0.         -0.03533321  0.23911704]
 [ 0.38841635  0.6983948  -0.9195089  -0.06000968  0.21752475  0.
   0.09809605  0.         -0.04325048  0.23467876]
 [ 0.3847906  -0.14687997 -0.7715458  -0.09391502  0.01865421  0.
  -0.15377289  0.         -0.0089737  -0.05751291]] 
Episode: 865: [[ 0.20274714  0.11410244 -0.8881743  -0.2570172   0.09684101  0.
  -0.10999975  0.          0.00317181  0.16663796]
 [ 0.20427385  0.1645809  -0.91830707 -0.24283183  0.16097166  0.
  -0.14618012  0.         -0.01725222  0.11110759]
 [ 0.24558465  0.53922325 -0.9319448  -0.20625252  0.2238131   0.
  -0.01904766  0.         -0.03533321  0.2394955 ]
 [ 0.38824993  0.6985862  -0.9200755  -0.05974647  0.21814045  0.
   0.09843531  0.         -0.04325048  0.23506208]
 [ 0.38514593 -0.14757022 -0.77196807 -0.09393945  0.0186425   0.
  -0.15365997  0.         -0.0089737  -0.05759314]] 
Episode: 866: [[ 0.20284674  0.11416007 -0.8886093  -0.25660586  0.09754929  0.
  -0.10980427  0.          0.00317181  0.16674231]
 [ 0.20437932  0.16451602 -0.91874874 -0.2424367   0.16165665  0.
  -0.14603637  0.         -0.01725222  0.11106682]
 [ 0.2455514   0.53947836 -0.93240863 -0.20586607  0.22448276  0.
  -0.01866876  0.         -0.03533321  0.23984665]
 [ 0.38818023  0.6988286  -0.9205715  -0.05941874  0.21875104  0.
   0.09885202  0.         -0.04325048  0.23544393]
 [ 0.38542843 -0.14805175 -0.7723372  -0.0938582   0.01876389  0.
  -0.15369293  0.         -0.0089737  -0.05783834]] 
Episode: 867: [[ 0.20303701  0.11422063 -0.88912153 -0.25613588  0.09818972  0.
  -0.10950969  0.          0.00317181  0.16675436]
 [ 0.20456417  0.16443929 -0.919254   -0.24198394  0.1622776   0.
  -0.14578997  0.         -0.01725222  0.11095504]
 [ 0.24565029  0.539753   -0.932977   -0.20540623  0.22508225  0.
  -0.01821467  0.         -0.03533321  0.24007025]
 [ 0.3882496   0.6990961  -0.92118394 -0.05900927  0.21929805  0.
   0.09933843  0.         -0.04325048  0.23569925]
 [ 0.38573495 -0.14860438 -0.7726955  -0.09373409  0.01884977  0.
  -0.15363778  0.         -0.0089737  -0.05806796]] 
Episode: 868: [[ 0.2031881   0.11410255 -0.88968873 -0.25564706  0.09872531  0.
  -0.10918556  0.          0.00317181  0.16681345]
 [ 0.20472063  0.16418579 -0.91981816 -0.24151406  0.1627746   0.
  -0.14553873  0.         -0.01725222  0.11085872]
 [ 0.24567421  0.53988385 -0.9335948  -0.20493004  0.2256176   0.
  -0.01769695  0.         -0.03533321  0.24038073]
 [ 0.38823447  0.6992521  -0.9218416  -0.0585842   0.21979667  0.
   0.09988751  0.         -0.04325048  0.23604426]
 [ 0.38606027 -0.14920989 -0.77312344 -0.09361885  0.01876176  0.
  -0.15365593  0.         -0.0089737  -0.05832909]] 
Episode: 869: [[ 0.20363365  0.11373383 -0.89059675 -0.25530624  0.098848    0.
  -0.1089692   0.          0.00317181  0.16671814]
 [ 0.20517802  0.16365662 -0.92072934 -0.24117875  0.16280454  0.
  -0.14528759  0.         -0.01725222  0.11061707]
 [ 0.24595279  0.5398365  -0.93454564 -0.20459777  0.22586873  0.
  -0.01734424  0.         -0.03533321  0.24048753]
 [ 0.38845092  0.6992792  -0.9228345  -0.05827259  0.22007565  0.
   0.10027019  0.         -0.04325048  0.2361998 ]
 [ 0.3867431  -0.15001737 -0.77389795 -0.09340528  0.01810415  0.
  -0.153536    0.         -0.0089737  -0.0585192 ]] 
Episode: 870: [[ 0.20407416  0.11328486 -0.8914454  -0.25538886  0.0988019   0.
  -0.10865577  0.          0.00317181  0.16670664]
 [ 0.20562857  0.16302782 -0.92158407 -0.24127415  0.16266419  0.
  -0.14494099  0.         -0.01725222  0.11056722]
 [ 0.24625026  0.5397567  -0.9354277  -0.20464927  0.22596592  0.
  -0.01691378  0.         -0.03533321  0.24055956]
 [ 0.38870877  0.6993074  -0.92375493 -0.05831755  0.22022384  0.
   0.1007259   0.         -0.04325048  0.23633137]
 [ 0.3873964  -0.15098113 -0.7746551  -0.0933683   0.01734151  0.
  -0.15329202  0.         -0.0089737  -0.05846208]] 
Episode: 871: [[ 0.20477621  0.11309172 -0.8923842  -0.25523797  0.09872276  0.
  -0.10849252  0.          0.00317181  0.16660304]
 [ 0.20634638  0.16265185 -0.92252374 -0.24112847  0.16250613  0.
  -0.14474979  0.         -0.01725222  0.1104832 ]
 [ 0.2467728   0.5398572  -0.936407   -0.20447157  0.22601296  0.
  -0.01663953  0.         -0.03533321  0.24045226]
 [ 0.38916928  0.6994724  -0.9247837  -0.05813146  0.22032668  0.
   0.10102461  0.         -0.04325048  0.2362951 ]
 [ 0.38835582 -0.15179656 -0.7754998  -0.09315588  0.01667268  0.
  -0.15293655  0.         -0.0089737  -0.05826544]] 
Episode: 872: [[ 0.2053533   0.11288644 -0.89330274 -0.2551415   0.09865418  0.
  -0.10839602  0.          0.00317181  0.16649605]
 [ 0.20693497  0.16227765 -0.9234469  -0.24103728  0.16236226  0.
  -0.14463665  0.         -0.01725222  0.11037352]
 [ 0.2471879   0.53993505 -0.9373589  -0.20434831  0.22606415  0.
  -0.01643236  0.         -0.03533321  0.24036884]
 [ 0.3895233   0.6996129  -0.92577535 -0.05799928  0.22042902  0.
   0.10126282  0.         -0.04325048  0.2362807 ]
 [ 0.38919193 -0.15257697 -0.77633303 -0.09299167  0.01604745  0.
  -0.1527068   0.         -0.0089737  -0.05817015]] 
Episode: 873: [[ 0.20579834  0.11264219 -0.89419985 -0.2551203   0.09861627  0.
  -0.10835058  0.          0.00317181  0.16628988]
 [ 0.20741387  0.16187449 -0.924354   -0.24101877  0.16224705  0.
  -0.1446176   0.         -0.01725222  0.11006057]
 [ 0.24742715  0.53997177 -0.93827724 -0.2043156   0.22614595  0.
  -0.01623865  0.         -0.03533321  0.2403311 ]
 [ 0.38967165  0.6997003  -0.9267184  -0.05796754  0.22055505  0.
   0.10152291  0.         -0.04325048  0.23631911]
 [ 0.39006734 -0.1533489  -0.7771424  -0.09285598  0.0154422   0.
  -0.15263614  0.         -0.0089737  -0.05831134]] 
Episode: 874: [[ 0.20622641  0.11232483 -0.8950196  -0.25508407  0.09862386  0.
  -0.10819086  0.          0.00317181  0.16632189]
 [ 0.20786335  0.16135964 -0.92517674 -0.24099495  0.16218309  0.
  -0.1444798   0.         -0.01725222  0.11000024]
 [ 0.24768241  0.54000336 -0.93913025 -0.20425051  0.22625823  0.
  -0.01595114  0.         -0.03533321  0.24039778]
 [ 0.38986468  0.69981086 -0.9276047  -0.05789986  0.22070622  0.
   0.10186535  0.         -0.04325048  0.23644675]
 [ 0.3908303  -0.15428162 -0.77784634 -0.09278499  0.01490046  0.
  -0.15243673  0.         -0.0089737  -0.05821213]] 
Episode: 875: [[ 0.20656429  0.1120548  -0.8958003  -0.25511852  0.09863074  0.
  -0.10799368  0.          0.00317181  0.16634616]
 [ 0.20822498  0.1608906  -0.9259627  -0.241036    0.16212302  0.
  -0.14431833  0.         -0.01725222  0.10992895]
 [ 0.24783927  0.5400601  -0.9399397  -0.20427004  0.22635932  0.
  -0.01563485  0.         -0.03533321  0.24047938]
 [ 0.38995498  0.6999352  -0.9284455  -0.05791923  0.2208418   0.
   0.10223282  0.         -0.04325048  0.23658314]
 [ 0.39153087 -0.15516658 -0.7785066  -0.09271484  0.01439973  0.
  -0.15232426  0.         -0.0089737  -0.05819687]] 
Episode: 876: [[ 0.20674607  0.11168064 -0.89666593 -0.25505286  0.09871257  0.
  -0.10793516  0.          0.00317181  0.1664449 ]
 [ 0.20844552  0.16030416 -0.92684686 -0.24097833  0.16210674  0.
  -0.14429377  0.         -0.01725222  0.10986998]
 [ 0.247802    0.54005885 -0.94081944 -0.20420301  0.22657894  0.
  -0.01546352  0.         -0.03533321  0.24071644]
 [ 0.38985887  0.7000074  -0.929352   -0.05786355  0.22109555  0.
   0.10245195  0.         -0.04325048  0.23686048]
 [ 0.39220485 -0.15617625 -0.7792996  -0.09265548  0.01373707  0.
  -0.15235893  0.         -0.0089737  -0.05829622]] 
Episode: 877: [[ 0.20717485  0.11136137 -0.89759374 -0.25480548  0.09870556  0.
  -0.10800136  0.          0.00317181  0.16631402]
 [ 0.20891418  0.15980911 -0.92778224 -0.24073061  0.16200416  0.
  -0.14439234  0.         -0.01725222  0.10959706]
 [ 0.2480233   0.5400609  -0.9417764  -0.2039586   0.22672091  0.
  -0.01542258  0.         -0.03533321  0.24075754]
 [ 0.39000067  0.70007765 -0.9303388  -0.0576287   0.22128119  0.
   0.10253762  0.         -0.04325048  0.23695524]
 [ 0.39306888 -0.15704608 -0.78008986 -0.09243722  0.01302917  0.
  -0.15234247  0.         -0.0089737  -0.05858324]] 
Episode: 878: [[ 0.20738544  0.11105062 -0.89862686 -0.25490296  0.09868164  0.
  -0.10817972  0.          0.00317181  0.16616024]
 [ 0.20915362  0.15937261 -0.9288138  -0.24083307  0.16189551  0.
  -0.14460163  0.         -0.01725222  0.10915963]
 [ 0.24803555  0.54000235 -0.9428751  -0.20404789  0.22682808  0.
  -0.01549894  0.         -0.03533321  0.24091594]
 [ 0.3899478   0.7000673  -0.93147695 -0.05772755  0.22142982  0.
   0.10250324  0.         -0.04325048  0.23713516]
 [ 0.39376488 -0.15758386 -0.78080654 -0.09242021  0.01242942  0.
  -0.15234263  0.         -0.0089737  -0.05906518]] 
Episode: 879: [[ 0.20757137  0.11082216 -0.8995583  -0.2549897   0.09864256  0.
  -0.10830691  0.          0.00317181  0.16607288]
 [ 0.20935588  0.15904117 -0.9297453  -0.24092545  0.16178146  0.
  -0.14476229  0.         -0.01725222  0.10881852]
 [ 0.24805714  0.5399779  -0.94386095 -0.2041234   0.22690558  0.
  -0.01552327  0.         -0.03533321  0.24111082]
 [ 0.38992733  0.7000775  -0.9324976  -0.05780897  0.22154531  0.
   0.10252423  0.         -0.04325048  0.23735039]
 [ 0.39433068 -0.15802443 -0.7814664  -0.0924103   0.01187299  0.
  -0.1523303   0.         -0.0089737  -0.05944579]] 
Episode: 880: [[ 0.20772421  0.1107187  -0.90037954 -0.25506976  0.09866672  0.
  -0.10853324  0.          0.00317181  0.16603062]
 [ 0.20952961  0.15884207 -0.9305674  -0.24101335  0.16172716  0.
  -0.14500315  0.         -0.01725222  0.10852535]
 [ 0.24803868  0.5400328  -0.944722   -0.20419616  0.22704583  0.
  -0.01565841  0.         -0.03533321  0.2413445 ]
 [ 0.3898752   0.7001413  -0.9333895  -0.0578902   0.22171491  0.
   0.10243159  0.         -0.04325048  0.23760518]
 [ 0.39487582 -0.15841879 -0.78206605 -0.0924375   0.0113329   0.
  -0.1522964   0.         -0.0089737  -0.0598127 ]] 
Episode: 881: [[ 0.20791727  0.1106621  -0.90107465 -0.25497547  0.0988537   0.
  -0.10879841  0.          0.00317181  0.16602285]
 [ 0.20973645  0.15866964 -0.93125445 -0.24092443  0.16184898  0.
  -0.14529394  0.         -0.01725222  0.10831346]
 [ 0.24808794  0.540149   -0.94546217 -0.20410076  0.22731164  0.
  -0.0157897   0.         -0.03533321  0.24157262]
 [ 0.3899081   0.7002558  -0.93416    -0.05780907  0.22198805  0.
   0.10236583  0.         -0.04325048  0.23785655]
 [ 0.39538592 -0.15885393 -0.78252286 -0.09236622  0.01096331  0.
  -0.15233679  0.         -0.0089737  -0.06007052]] 
Episode: 882: [[ 0.20835415  0.11067966 -0.90150416 -0.2550163   0.0987681   0.
  -0.10912618  0.          0.00317181  0.16605765]
 [ 0.21016796  0.15856159 -0.93168515 -0.24097086  0.16170269  0.
  -0.14550701  0.         -0.01725222  0.10827491]
 [ 0.24838556  0.54033893 -0.94588244 -0.20412548  0.22732139  0.
  -0.01602114  0.         -0.03533321  0.24162179]
 [ 0.3901648   0.7004461  -0.9345994  -0.05783556  0.2220273   0.
   0.10219506  0.         -0.04325048  0.23792784]
 [ 0.3959178  -0.15944247 -0.7828987  -0.09233535  0.0104442   0.
  -0.15223691  0.         -0.0089737  -0.06007759]] 
Episode: 883: [[ 0.20854796  0.11061538 -0.90201294 -0.25531647  0.09865721  0.
  -0.10953997  0.          0.00317181  0.16586934]
 [ 0.21034709  0.15833846 -0.93220735 -0.24129863  0.16150215  0.
  -0.14581949  0.         -0.01725222  0.10802132]
 [ 0.24846354  0.5404681  -0.94637835 -0.20437859  0.22734182  0.
  -0.01634268  0.         -0.03533321  0.2415663 ]
 [ 0.3902179   0.7005725  -0.9351023  -0.05808585  0.22208136  0.
   0.10192984  0.         -0.04325048  0.23790434]
 [ 0.39627486 -0.16006738 -0.783389   -0.09265482  0.00977028  0.
  -0.15214978  0.         -0.0089737  -0.06030734]] 
Episode: 884: [[ 0.20860097  0.11046151 -0.9025741  -0.25567073  0.09853128  0.
  -0.10996384  0.          0.00317181  0.16571474]
 [ 0.21037672  0.15802978 -0.9327892  -0.24168271  0.16129753  0.
  -0.14617069  0.         -0.01725222  0.10776972]
 [ 0.2484113   0.5405305  -0.94692206 -0.20468429  0.22732814  0.
  -0.01666839  0.         -0.03533321  0.24158713]
 [ 0.3901527   0.70064795 -0.93564844 -0.05838606  0.22209567  0.
   0.10167094  0.         -0.04325048  0.23795153]
 [ 0.39649504 -0.16068819 -0.7839423  -0.09303806  0.00918979  0.
  -0.15220198  0.         -0.0089737  -0.06058383]] 
Episode: 885: [[ 0.20858762  0.1102833  -0.90320593 -0.25595906  0.09847014  0.
  -0.11031975  0.          0.00317181  0.16563952]
 [ 0.21035197  0.15767936 -0.93344766 -0.24199536  0.16114315  0.
  -0.14649457  0.         -0.01725222  0.10760122]
 [ 0.24827385  0.54060304 -0.947531   -0.20493974  0.22739485  0.
  -0.01685682  0.         -0.03533321  0.24168749]
 [ 0.38999763  0.70074064 -0.93625337 -0.05864454  0.22219083  0.
   0.10154963  0.         -0.04325048  0.2380776 ]
 [ 0.3967411  -0.1613887  -0.7845724  -0.09336119  0.00856448  0.
  -0.15238509  0.         -0.0089737  -0.06083968]] 
Episode: 886: [[ 0.2085482   0.11006486 -0.90376043 -0.2561507   0.09855861  0.
  -0.11052091  0.          0.00317181  0.1656378 ]
 [ 0.21030134  0.15724592 -0.93402284 -0.24221857  0.16113102  0.
  -0.14666504  0.         -0.01725222  0.1075242 ]
 [ 0.24810946  0.5407018  -0.9480752  -0.20508964  0.2276065   0.
  -0.01691304  0.         -0.03533321  0.24185596]
 [ 0.38982773  0.7008652  -0.93680733 -0.05880196  0.22241454  0.
   0.10155208  0.         -0.04325048  0.23828405]
 [ 0.3969241  -0.16223828 -0.785104   -0.09369897  0.00795016  0.
  -0.15250097  0.         -0.0089737  -0.06097805]] 
Episode: 887: [[ 0.2082095   0.1098373  -0.9046071  -0.2566506   0.09842121  0.
  -0.11082089  0.          0.00317181  0.16582558]
 [ 0.20994575  0.15683755 -0.9349008  -0.24274443  0.16088714  0.
  -0.14693925  0.         -0.01725222  0.10763323]
 [ 0.2477103   0.54075456 -0.9489213  -0.20554984  0.22761613  0.
  -0.01707693  0.         -0.03533321  0.24215144]
 [ 0.38944927  0.7009566  -0.9376657  -0.05925932  0.22245735  0.
   0.10144269  0.         -0.04325048  0.2385708 ]
 [ 0.39675575 -0.16295746 -0.785801   -0.0940835   0.00721296  0.
  -0.15246905  0.         -0.0089737  -0.06089595]] 
Episode: 888: [[ 0.20793638  0.1095852  -0.90538377 -0.25702712  0.09846948  0.
  -0.11097182  0.          0.00317181  0.1660369 ]
 [ 0.20965968  0.15635985 -0.9357023  -0.24315602  0.16082199  0.
  -0.14706513  0.         -0.01725222  0.10779381]
 [ 0.24736696  0.54086286 -0.94971126 -0.20587146  0.22780941  0.
  -0.01711111  0.         -0.03533321  0.24244924]
 [ 0.38912955  0.70111394 -0.938479   -0.05958028  0.22267105  0.
   0.10145584  0.         -0.04325048  0.23887014]
 [ 0.39664406 -0.16382661 -0.7864275  -0.09449244  0.00651377  0.
  -0.1523043   0.         -0.0089737  -0.06074745]] 
Episode: 889: [[ 0.20772143  0.10940832 -0.9061234  -0.2573623   0.09849767  0.
  -0.11104403  0.          0.00317181  0.16626498]
 [ 0.20942935  0.15597135 -0.9364671  -0.2435251   0.16074637  0.
  -0.14710625  0.         -0.01725222  0.10800257]
 [ 0.24709114  0.5410163  -0.9504559  -0.20615293  0.22797264  0.
  -0.01707971  0.         -0.03533321  0.24274136]
 [ 0.38888144  0.7013162  -0.93924195 -0.05986113  0.22285822  0.
   0.10151938  0.         -0.04325048  0.23916434]
 [ 0.3965536  -0.16454476 -0.78705406 -0.0948661   0.00587627  0.
  -0.15205204  0.         -0.0089737  -0.06055574]] 
Episode: 890: [[ 0.2075968   0.10926932 -0.90681714 -0.25757885  0.098555    0.
  -0.11108764  0.          0.00317181  0.16642186]
 [ 0.2092783   0.15562983 -0.93718064 -0.24377152  0.16071333  0.
  -0.14712629  0.         -0.01725222  0.10815537]
 [ 0.246938    0.5411928  -0.9511598  -0.20631592  0.22814465  0.
  -0.01697625  0.         -0.03533321  0.24296139]
 [ 0.38875592  0.7015334  -0.93996555 -0.06002372  0.22304729  0.
   0.1016802   0.         -0.04325048  0.23940036]
 [ 0.39646944 -0.16522093 -0.787628   -0.09512375  0.0053347   0.
  -0.15178834  0.         -0.0089737  -0.06038954]] 
Episode: 891: [[ 0.20742872  0.10910147 -0.90756327 -0.25790137  0.09854976  0.
  -0.11124594  0.          0.00317181  0.1666903 ]
 [ 0.20907514  0.1552915  -0.9379475  -0.24412508  0.16063923  0.
  -0.14726523  0.         -0.01725222  0.10847078]
 [ 0.24676163  0.5413121  -0.9519226  -0.2065813   0.22822502  0.
  -0.01699652  0.         -0.03533321  0.2432038 ]
 [ 0.3886406   0.70171064 -0.94074965 -0.06028557  0.2231526   0.
   0.10171331  0.         -0.04325048  0.23963258]
 [ 0.3963285  -0.16593038 -0.788252   -0.09542866  0.00485625  0.
  -0.15141514  0.         -0.0089737  -0.06001772]] 
Episode: 892: [[ 0.20724058  0.10876084 -0.9082723  -0.25822708  0.09873538  0.
  -0.11150738  0.          0.00317181  0.16700232]
 [ 0.20886911  0.15475547 -0.9386773  -0.24448209  0.16074075  0.
  -0.14750795  0.         -0.01725222  0.1088033 ]
 [ 0.24650347  0.5413416  -0.9526627  -0.20687021  0.2285122   0.
  -0.01712808  0.         -0.03533321  0.24353407]
 [ 0.3884017   0.7018213  -0.94152284 -0.06058328  0.22345993  0.
   0.10163152  0.         -0.04325048  0.23995672]
 [ 0.3962857  -0.16683775 -0.788864   -0.09575603  0.004371    0.
  -0.15111879  0.         -0.0089737  -0.05969576]] 
Episode: 893: [[ 0.20706663  0.10847541 -0.9089342  -0.25846642  0.09896802  0.
  -0.11186157  0.          0.00317181  0.16734831]
 [ 0.20867689  0.15427303 -0.9393584  -0.24474964  0.16089764  0.
  -0.14784715  0.         -0.01725222  0.10918914]
 [ 0.24627118  0.5414279  -0.9533497  -0.20708013  0.22883032  0.
  -0.01735977  0.         -0.03533321  0.2438593 ]
 [ 0.3881978   0.7019814  -0.94224244 -0.06080722  0.22379005  0.
   0.10144637  0.         -0.04325048  0.2402738 ]
 [ 0.39624196 -0.1677538  -0.7894443  -0.0960282   0.00395938  0.
  -0.1508266   0.         -0.0089737  -0.05929767]] 
Episode: 894: [[ 0.20688428  0.10814107 -0.909621   -0.25864366  0.09915692  0.
  -0.1120613   0.          0.00317181  0.16767912]
 [ 0.2084801   0.15373941 -0.9400655  -0.24496728  0.16101319  0.
  -0.14803152  0.         -0.01725222  0.10952128]
 [ 0.24602395  0.54148597 -0.95405906 -0.20720817  0.22910076  0.
  -0.01745496  0.         -0.03533321  0.2442217 ]
 [ 0.3879821   0.7021248  -0.9429819  -0.06095129  0.22406837  0.
   0.1013913   0.         -0.04325048  0.24064247]
 [ 0.39619854 -0.16872506 -0.79004866 -0.09637004  0.00352488  0.
  -0.15042768  0.         -0.0089737  -0.05897433]] 
Episode: 895: [[ 0.20672756  0.10795213 -0.91034555 -0.2589111   0.09935713  0.
  -0.11235989  0.          0.00317181  0.16793106]
 [ 0.20831493  0.15339532 -0.9408127  -0.2452673   0.16115174  0.
  -0.14831813  0.         -0.01725222  0.10975856]
 [ 0.24579719  0.5415802  -0.9548026  -0.20743632  0.22936188  0.
  -0.01765386  0.         -0.03533321  0.24451335]
 [ 0.38775784  0.7022739  -0.9437451  -0.06118549  0.22433728  0.
   0.10123023  0.         -0.04325048  0.24092661]
 [ 0.3962394  -0.16949598 -0.79069525 -0.09671132  0.00320155  0.
  -0.15020497  0.         -0.0089737  -0.0588074 ]] 
Episode: 896: [[ 0.20657939  0.10767795 -0.9110623  -0.25915068  0.09951257  0.
  -0.11250967  0.          0.00317181  0.16823041]
 [ 0.2081564   0.15294234 -0.94155157 -0.24554098  0.16124135  0.
  -0.14845529  0.         -0.01725222  0.11006608]
 [ 0.24558339  0.5416503  -0.9555382  -0.20763259  0.22958885  0.
  -0.0177196   0.         -0.03533321  0.24483128]
 [ 0.3875522   0.7024232  -0.9445008  -0.06139029  0.22457889  0.
   0.1011968   0.         -0.04325048  0.24124716]
 [ 0.39627352 -0.17041199 -0.79134023 -0.09703983  0.00281053  0.
  -0.14986873  0.         -0.0089737  -0.05855711]] 
Episode: 897: [[ 0.20642401  0.10739835 -0.9117571  -0.2591443   0.09985828  0.
  -0.11255787  0.          0.00317181  0.16851296]
 [ 0.20800184  0.1525083  -0.94227564 -0.24557978  0.1615167   0.
  -0.14854568  0.         -0.01725222  0.11029909]
 [ 0.24532895  0.5416967  -0.95624256 -0.20758814  0.23000848  0.
  -0.01766556  0.         -0.03533321  0.24522051]
 [ 0.38728943  0.7025355  -0.94522107 -0.06138639  0.2249988   0.
   0.10127818  0.         -0.04325048  0.24166532]
 [ 0.3963707  -0.17126487 -0.79200816 -0.09737453  0.00244886  0.
  -0.14963408  0.         -0.0089737  -0.0584609 ]] 
Episode: 898: [[ 0.20626986  0.10741737 -0.9127248  -0.25953504  0.10024901  0.
  -0.11272009  0.          0.00317181  0.16860528]
 [ 0.20785932  0.15243256 -0.9432747  -0.24600403  0.16186342  0.
  -0.14874774  0.         -0.01725222  0.11031407]
 [ 0.24505791  0.54188794 -0.9572269  -0.2079431   0.23042902  0.
  -0.01773011  0.         -0.03533321  0.24541076]
 [ 0.38695472  0.7027155  -0.94620836 -0.06169769  0.22541499  0.
   0.10123996  0.         -0.04325048  0.24188589]
 [ 0.39660046 -0.17166322 -0.79281306 -0.09781968  0.00233838  0.
  -0.14955896  0.         -0.0089737  -0.05852646]] 
Episode: 899: [[ 0.20618278  0.10743127 -0.9137349  -0.25997835  0.10060608  0.
  -0.11298483  0.          0.00317181  0.16850348]
 [ 0.20778371  0.1523555  -0.9443135  -0.24647401  0.16217546  0.
  -0.1490502   0.         -0.01725222  0.11012577]
 [ 0.24487172  0.5420623  -0.95825785 -0.20835981  0.23082237  0.
  -0.01790132  0.         -0.03533321  0.24540931]
 [ 0.38667914  0.7028744  -0.9472372  -0.06207195  0.22580807  0.
   0.10109414  0.         -0.04325048  0.24192901]
 [ 0.39688826 -0.17204674 -0.7936183  -0.09826241  0.002247    0.
  -0.14962722  0.         -0.0089737  -0.05878069]] 
Episode: 900: [[ 0.2059759   0.10724538 -0.9148251  -0.26041612  0.10100017  0.
  -0.11325262  0.          0.00317181  0.16849186]
 [ 0.20759599  0.15205981 -0.94542956 -0.24694455  0.16251159  0.
  -0.14938675  0.         -0.01725222  0.10997918]
 [ 0.24452595  0.54210186 -0.9593936  -0.2087755   0.23126435  0.
  -0.01805706  0.         -0.03533321  0.24557072]
 [ 0.3862473   0.7029214  -0.9483779  -0.06245998  0.22624929  0.
   0.10095587  0.         -0.04325048  0.24212274]
 [ 0.3971531  -0.17263442 -0.7944324  -0.09878868  0.0020904   0.
  -0.14982432  0.         -0.0089737  -0.05909043]] 
Episode: 901: [[ 0.20576824  0.10711247 -0.9158111  -0.26071092  0.10151399  0.
  -0.11347119  0.          0.00317181  0.16851246]
 [ 0.2074113   0.15179922 -0.9464412  -0.24726278  0.16297698  0.
  -0.14969058  0.         -0.01725222  0.10986695]
 [ 0.24417645  0.54220957 -0.9604225  -0.20906436  0.23179539  0.
  -0.01810159  0.         -0.03533321  0.24576543]
 [ 0.38582543  0.70302075 -0.94941777 -0.06273337  0.22675066  0.
   0.10094294  0.         -0.04325048  0.24235024]
 [ 0.39741609 -0.17328238 -0.7952055  -0.09916335  0.00204229  0.
  -0.15004702  0.         -0.0089737  -0.05937262]] 
Episode: 902: [[ 0.20557469  0.10706274 -0.9168383  -0.26094514  0.1019709   0.
  -0.11378678  0.          0.00317181  0.16861685]
 [ 0.20724759  0.1516599  -0.9474942  -0.24750872  0.16339248  0.
  -0.15008472  0.         -0.01725222  0.10985842]
 [ 0.24382888  0.54232705 -0.9614916  -0.20931575  0.23226498  0.
  -0.01825488  0.         -0.03533321  0.2459875 ]
 [ 0.38539374  0.70311946 -0.95049345 -0.06297749  0.22719835  0.
   0.10081983  0.         -0.04325048  0.24257915]
 [ 0.39773136 -0.17377385 -0.7960041  -0.099416    0.00199985  0.
  -0.15029182  0.         -0.0089737  -0.05956601]] 
Episode: 903: [[ 0.20528883  0.10720896 -0.9179185  -0.26126134  0.1023593   0.
  -0.11418962  0.          0.00317181  0.16871017]
 [ 0.20698567  0.15173447 -0.9486045  -0.24782866  0.16374686  0.
  -0.15056007  0.         -0.01725222  0.10983116]
 [ 0.24338771  0.5425542  -0.9626096  -0.20965795  0.23265412  0.
  -0.01850599  0.         -0.03533321  0.24620442]
 [ 0.38487443  0.703294   -0.95161057 -0.06331155  0.22757106  0.
   0.10059761  0.         -0.04325048  0.24277452]
 [ 0.39796808 -0.17401819 -0.79684114 -0.09968253  0.00201119  0.
  -0.15064777  0.         -0.0089737  -0.0598474 ]] 
Episode: 904: [[ 0.2050084   0.1072558  -0.91889805 -0.2613861   0.10290783  0.
  -0.11443318  0.          0.00317181  0.16887361]
 [ 0.20672475  0.1516667  -0.9496125  -0.2479664   0.16425642  0.
  -0.150867    0.         -0.01725222  0.10987255]
 [ 0.24295685  0.5427718  -0.96362704 -0.20980045  0.23319893  0.
  -0.01861878  0.         -0.03533321  0.2465064 ]
 [ 0.3843792   0.7034786  -0.95263517 -0.06345957  0.22808474  0.
   0.10050908  0.         -0.04325048  0.24307162]
 [ 0.39815322 -0.17446956 -0.7976119  -0.09993708  0.00204343  0.
  -0.15102479  0.         -0.0089737  -0.06005266]] 
Episode: 905: [[ 0.20467183  0.10723417 -0.9197858  -0.26151332  0.10344775  0.
  -0.11466502  0.          0.00317181  0.16905901]
 [ 0.20639041  0.15152682 -0.95052326 -0.24810874  0.16476442  0.
  -0.15117289  0.         -0.01725222  0.1099393 ]
 [ 0.24250332  0.5429231  -0.96455646 -0.20993857  0.23372     0.
  -0.0186994   0.         -0.03533321  0.24684598]
 [ 0.38387907  0.70360935 -0.9535707  -0.06360377  0.22857155  0.
   0.10044967  0.         -0.04325048  0.24341078]
 [ 0.398197   -0.17495723 -0.79829323 -0.10021681  0.00212585  0.
  -0.15145212  0.         -0.0089737  -0.06026408]] 
Episode: 906: [[ 0.20443569  0.10724529 -0.9206539  -0.2616838   0.10391331  0.
  -0.11499251  0.          0.00317181  0.16910416]
 [ 0.20615177  0.15143792 -0.9514163  -0.24829102  0.1652002   0.
  -0.15156883  0.         -0.01725222  0.1098407 ]
 [ 0.24217589  0.54305595 -0.96545565 -0.21011597  0.23416646  0.
  -0.01888516  0.         -0.03533321  0.24707575]
 [ 0.38349286  0.7037212  -0.9544682  -0.06378011  0.22898984  0.
   0.10028472  0.         -0.04325048  0.24364585]
 [ 0.39830694 -0.1753735  -0.79896396 -0.1004902   0.00219846  0.
  -0.15197226  0.         -0.0089737  -0.0606379 ]] 
Episode: 907: [[ 0.20431672  0.1072672  -0.9214726  -0.26179758  0.10430174  0.
  -0.1153229   0.          0.00317181  0.16907299]
 [ 0.20602138  0.15135007 -0.9522547  -0.24841964  0.16555801  0.
  -0.15195858  0.         -0.01725222  0.10967432]
 [ 0.24199517  0.54320604 -0.9663046  -0.21022537  0.23454516  0.
  -0.01906635  0.         -0.03533321  0.24723527]
 [ 0.38326466  0.7038516  -0.95531535 -0.06388806  0.22934689  0.
   0.10013988  0.         -0.04325048  0.24382223]
 [ 0.39843076 -0.17581508 -0.7995967  -0.10071886  0.00221184  0.
  -0.15238947  0.         -0.0089737  -0.06101461]] 
Episode: 908: [[ 0.2041505   0.10729536 -0.9224038  -0.26187363  0.10476328  0.
  -0.11550119  0.          0.00317181  0.16894011]
 [ 0.20586005  0.15130585 -0.95319986 -0.24851964  0.16598552  0.
  -0.15218845  0.         -0.01725222  0.10930659]
 [ 0.2417151   0.54329884 -0.9672955  -0.21028735  0.23499925  0.
  -0.01911608  0.         -0.03533321  0.24751194]
 [ 0.3829301   0.70390964 -0.9563204  -0.06395648  0.22977449  0.
   0.10012112  0.         -0.04325048  0.2441304 ]
 [ 0.39861143 -0.17601517 -0.80027384 -0.10100745  0.00220584  0.
  -0.15290047  0.         -0.0089737  -0.06157421]] 
Episode: 909: [[ 0.20395619  0.10728554 -0.92325723 -0.26183617  0.10532628  0.
  -0.11569518  0.          0.00317181  0.16887794]
 [ 0.20567767  0.15120338 -0.9540663  -0.24850453  0.16651756  0.
  -0.15245217  0.         -0.01725222  0.10900008]
 [ 0.24138637  0.5433982  -0.96820396 -0.210248    0.23554297  0.
  -0.01915351  0.         -0.03533321  0.24786183]
 [ 0.3825513   0.7039793  -0.9572414  -0.0639361   0.23028144  0.
   0.10009619  0.         -0.04325048  0.24451734]
 [ 0.3987955  -0.17630292 -0.8008968  -0.10124851  0.00225049  0.
  -0.15342453  0.         -0.0089737  -0.06209625]] 
Episode: 910: [[ 0.20406103  0.10716145 -0.9241253  -0.2617226   0.10572537  0.
  -0.11598872  0.          0.00317181  0.16871312]
 [ 0.20581028  0.15097874 -0.954933   -0.24839735  0.16687386  0.
  -0.15281025  0.         -0.01725222  0.10865547]
 [ 0.24134454  0.5434294  -0.96914774 -0.21014458  0.23596527  0.
  -0.01930056  0.         -0.03533321  0.24800389]
 [ 0.38243824  0.7040097  -0.9582129  -0.06384007  0.23069376  0.
   0.09996212  0.         -0.04325048  0.24471004]
 [ 0.39930594 -0.17669073 -0.80151254 -0.10128582  0.00212608  0.
  -0.1538116   0.         -0.0089737  -0.06248167]] 
Episode: 911: [[ 0.20419623  0.10702571 -0.9249018  -0.2615814   0.10612912  0.
  -0.11629371  0.          0.00317181  0.16847347]
 [ 0.20596817  0.15073846 -0.95570797 -0.24827126  0.16723572  0.
  -0.15318334  0.         -0.01725222  0.10823371]
 [ 0.24135332  0.54346657 -0.9699966  -0.20999637  0.23638733  0.
  -0.01942654  0.         -0.03533321  0.24808691]
 [ 0.38239247  0.70404685 -0.9590971  -0.06369944  0.23109499  0.
   0.09985966  0.         -0.04325048  0.24484374]
 [ 0.3997918  -0.17711937 -0.8020782  -0.10139027  0.0019986   0.
  -0.15417121  0.         -0.0089737  -0.0629123 ]] 
Episode: 912: [[ 0.2042919   0.10699647 -0.925715   -0.26147118  0.10652705  0.
  -0.1165855   0.          0.00317181  0.1682309 ]
 [ 0.2060913   0.15060765 -0.956529   -0.24817096  0.16759771  0.
  -0.1535565   0.         -0.01725222  0.10778642]
 [ 0.24131611  0.5435765  -0.9708626  -0.2098825   0.23679312  0.
  -0.01952431  0.         -0.03533321  0.24819654]
 [ 0.38229617  0.70414335 -0.9599833  -0.06358997  0.23148264  0.
   0.09980388  0.         -0.04325048  0.24500082]
 [ 0.40028545 -0.17749856 -0.8027214  -0.10147414  0.00191356  0.
  -0.1546278   0.         -0.0089737  -0.06343805]] 
Episode: 913: [[ 0.20441787  0.10708819 -0.9265344  -0.26138845  0.10691489  0.
  -0.11693467  0.          0.00317181  0.16802815]
 [ 0.206251    0.15061773 -0.95736164 -0.24809186  0.16795719  0.
  -0.15396042  0.         -0.01725222  0.10739491]
 [ 0.24129426  0.54375976 -0.9717307  -0.20981415  0.23718052  0.
  -0.01972579  0.         -0.03533321  0.24829993]
 [ 0.3821954   0.7042965  -0.96086705 -0.06353173  0.23185632  0.
   0.0996419   0.         -0.04325048  0.24512523]
 [ 0.4008376  -0.17769904 -0.80339724 -0.10152559  0.00190054  0.
  -0.15504518  0.         -0.0089737  -0.06395789]] 
Episode: 914: [[ 0.20460281  0.107271   -0.9272349  -0.26118577  0.10731292  0.
  -0.11736799  0.          0.00317181  0.16790149]
 [ 0.20645836  0.1507222  -0.95807105 -0.2478918   0.16832986  0.
  -0.15443574  0.         -0.01725222  0.1071159 ]
 [ 0.24136786  0.5440238  -0.9724802  -0.20962918  0.2375731   0.
  -0.02002058  0.         -0.03533321  0.24842274]
 [ 0.3822124   0.70451766 -0.96163726 -0.06336585  0.23222801  0.
   0.0993844   0.         -0.04325048  0.24526156]
 [ 0.4013515  -0.17787412 -0.8039694  -0.101509    0.00189472  0.
  -0.15535793  0.         -0.0089737  -0.06431957]] 
Episode: 915: [[ 0.20481122  0.1074176  -0.9277948  -0.2608773   0.10790383  0.
  -0.11763871  0.          0.00317181  0.16790274]
 [ 0.20668326  0.1507357  -0.95863014 -0.24759008  0.1689094   0.
  -0.1547424   0.         -0.01725222  0.10701784]
 [ 0.24146807  0.5443234  -0.97309774 -0.20933321  0.2381139   0.
  -0.02017236  0.         -0.03533321  0.24862593]
 [ 0.3822714   0.70477134 -0.9622858  -0.06309628  0.23272221  0.
   0.09926442  0.         -0.04325048  0.24549046]
 [ 0.40181586 -0.17815956 -0.8044142  -0.10146439  0.00206094  0.
  -0.15550318  0.         -0.0089737  -0.06447877]] 
Episode: 916: [[ 0.20527507  0.10745227 -0.92853475 -0.26049718  0.10832523  0.
  -0.11800136  0.          0.00317181  0.16768354]
 [ 0.20717795  0.15065324 -0.95936596 -0.24720411  0.16930783  0.
  -0.15513921  0.         -0.01725222  0.10671175]
 [ 0.24181017  0.5445233  -0.97390884 -0.20896533  0.23852602  0.
  -0.02042237  0.         -0.03533321  0.24863593]
 [ 0.3825508   0.7049574  -0.9631375  -0.06274076  0.2331146   0.
   0.09904476  0.         -0.04325048  0.24554084]
 [ 0.40260407 -0.17845875 -0.80504334 -0.10123584  0.00205192  0.
  -0.15551528  0.         -0.0089737  -0.06482129]] 
Episode: 917: [[ 0.20558734  0.10740707 -0.92934513 -0.26026782  0.10873158  0.
  -0.11820858  0.          0.00317181  0.16760713]
 [ 0.20753323  0.1505104  -0.9601697  -0.24697293  0.1696894   0.
  -0.15537532  0.         -0.01725222  0.10650598]
 [ 0.24193518  0.54462785 -0.9748077  -0.20876226  0.23892544  0.
  -0.02053391  0.         -0.03533321  0.2488172 ]
 [ 0.382576    0.7050719  -0.96408033 -0.06256289  0.23349842  0.
   0.09890977  0.         -0.04325048  0.24574134]
 [ 0.40333387 -0.1787359  -0.8056596  -0.1010925   0.00204643  0.
  -0.15553138  0.         -0.0089737  -0.06517715]] 
Episode: 918: [[ 0.20583917  0.10753895 -0.9302139  -0.2599889   0.10946294  0.
  -0.11827601  0.          0.00317181  0.16731903]
 [ 0.20784818  0.15059005 -0.9610486  -0.24672836  0.17037657  0.
  -0.15562777  0.         -0.01725222  0.10610382]
 [ 0.24194905  0.5447683  -0.9757442  -0.20845823  0.2396466   0.
  -0.02052089  0.         -0.03533321  0.24891078]
 [ 0.38250214  0.7051463  -0.96506375 -0.06228944  0.23415753  0.
   0.09890004  0.         -0.04325048  0.24590221]
 [ 0.40408483 -0.17846729 -0.8064147  -0.10135077  0.00209368  0.
  -0.15568182  0.         -0.0089737  -0.06571688]] 
Episode: 919: [[ 0.2060418   0.10762412 -0.93107885 -0.25964662  0.11014077  0.
  -0.11821771  0.          0.00317181  0.16703656]
 [ 0.20811123  0.15061583 -0.96192497 -0.24642165  0.17100202  0.
  -0.15573399  0.         -0.01725222  0.1056221 ]
 [ 0.2419207   0.5448898  -0.976674   -0.20808941  0.24032636  0.
  -0.02039581  0.         -0.03533321  0.24910383]
 [ 0.38241044  0.70520455 -0.9660421  -0.06195558  0.23477486  0.
   0.09900302  0.         -0.04325048  0.24617204]
 [ 0.40476847 -0.17827392 -0.8071758  -0.10160109  0.00202631  0.
  -0.15590675  0.         -0.0089737  -0.06639257]] 
Episode: 920: [[ 0.20621522  0.10760036 -0.93189204 -0.25936106  0.11077964  0.
  -0.11804633  0.          0.00317181  0.16683492]
 [ 0.20833683  0.1505272  -0.96274966 -0.24617477  0.1715882   0.
  -0.15570869  0.         -0.01725222  0.10523006]
 [ 0.24187484  0.5449406  -0.9775541  -0.20777477  0.24097191  0.
  -0.02016994  0.         -0.03533321  0.24935082]
 [ 0.38230082  0.70521885 -0.96697295 -0.06168031  0.235364    0.
   0.09920737  0.         -0.04325048  0.24649419]
 [ 0.40537846 -0.17817707 -0.8078989  -0.1018896   0.00192838  0.
  -0.15600644  0.         -0.0089737  -0.06699116]] 
Episode: 921: [[ 0.20641169  0.10769078 -0.9325791  -0.25907987  0.11138937  0.
  -0.1179904   0.          0.00317181  0.16663946]
 [ 0.2085642   0.15056625 -0.96344274 -0.24593057  0.17216073  0.
  -0.15579434  0.         -0.01725222  0.10484881]
 [ 0.2419051   0.54505205 -0.9783019  -0.2074642   0.24156433  0.
  -0.02004517  0.         -0.03533321  0.24959427]
 [ 0.38228622  0.70527446 -0.9677637  -0.06140671  0.2358962   0.
   0.09932598  0.         -0.04325048  0.24680786]
 [ 0.40589592 -0.17797898 -0.80848294 -0.10216551  0.00194458  0.
  -0.15622869  0.         -0.0089737  -0.06758734]] 
Episode: 922: [[ 0.20664322  0.10772637 -0.9331501  -0.2586519   0.11209771  0.
  -0.11782119  0.          0.00317181  0.16647105]
 [ 0.20881997  0.15052412 -0.96401876 -0.2455454   0.17283079  0.
  -0.1557506   0.         -0.01725222  0.10451111]
 [ 0.24199416  0.5451774  -0.9789347  -0.20699583  0.24224988  0.
  -0.01981956  0.         -0.03533321  0.24982579]
 [ 0.3823438   0.7053453  -0.96845245 -0.06098294  0.23650295  0.
   0.09954444  0.         -0.04325048  0.24710043]
 [ 0.40637484 -0.17792436 -0.80899304 -0.10243331  0.00197452  0.
  -0.15642397  0.         -0.0089737  -0.06808367]] 
Episode: 923: [[ 0.20681934  0.10770702 -0.9337321  -0.25826845  0.11273053  0.
  -0.1175501   0.          0.00317181  0.16638887]
 [ 0.20901887  0.15039961 -0.96460354 -0.24520597  0.17342144  0.
  -0.1555905   0.         -0.01725222  0.1042882 ]
 [ 0.24202625  0.54530954 -0.97958195 -0.2065695   0.24287215  0.
  -0.01950325  0.         -0.03533321  0.25009915]
 [ 0.38234702  0.7054431  -0.96915644 -0.06060361  0.23705602  0.
   0.09985273  0.         -0.04325048  0.24744196]
 [ 0.4067956  -0.1780511  -0.809491   -0.10270587  0.00191982  0.
  -0.15646367  0.         -0.0089737  -0.06845687]] 
Episode: 924: [[ 0.20692451  0.10761671 -0.9344345  -0.25812262  0.11324727  0.
  -0.1171874   0.          0.00317181  0.16617545]
 [ 0.20914641  0.15020277 -0.9653012  -0.2451023   0.17389493  0.
  -0.15532577  0.         -0.01725222  0.10387085]
 [ 0.24198066  0.54538554 -0.9803794  -0.2063841   0.24338356  0.
  -0.01910535  0.         -0.03533321  0.25031626]
 [ 0.3822568   0.7055007  -0.9700144  -0.06046168  0.23751268  0.
   0.1002418   0.         -0.04325048  0.2477245 ]
 [ 0.40720764 -0.17819157 -0.8099869  -0.10306005  0.00182913  0.
  -0.15660594  0.         -0.0089737  -0.06901152]] 
Episode: 925: [[ 0.20696516  0.10752787 -0.9351236  -0.25792465  0.11387333  0.
  -0.11674232  0.          0.00317181  0.16607003]
 [ 0.20921542  0.14998856 -0.9659958  -0.24494822  0.17446947  0.
  -0.15496695  0.         -0.01725222  0.10356762]
 [ 0.24184857  0.54548    -0.9811449  -0.20615092  0.24400918  0.
  -0.01863405  0.         -0.03533321  0.25064918]
 [ 0.38208827  0.7055748  -0.9708315  -0.0602771   0.23807582  0.
   0.10070357  0.         -0.04325048  0.2481306 ]
 [ 0.40760645 -0.17843023 -0.8105332  -0.10342207  0.00172656  0.
  -0.15673317  0.         -0.0089737  -0.06950463]] 
Episode: 926: [[ 0.20718421  0.10750841 -0.9357739  -0.25756893  0.11453301  0.
  -0.11646061  0.          0.00317181  0.16589773]
 [ 0.20945601  0.14983259 -0.96664476 -0.24462637  0.17508616  0.
  -0.15476474  0.         -0.01725222  0.10324377]
 [ 0.24195157  0.54565126 -0.981869   -0.20576485  0.24465607  0.
  -0.01832323  0.         -0.03533321  0.250815  ]
 [ 0.38216275  0.7057106  -0.971609   -0.05993524  0.23865464  0.
   0.10100743  0.         -0.04325048  0.2483418 ]
 [ 0.4080916  -0.17871523 -0.81104594 -0.10361775  0.00168749  0.
  -0.15681791  0.         -0.0089737  -0.06991433]] 
Episode: 927: [[ 0.20731328  0.10740237 -0.936404   -0.25727132  0.11520199  0.
  -0.11608846  0.          0.00317181  0.16582352]
 [ 0.20961325  0.14958024 -0.9672722  -0.24436691  0.17571265  0.
  -0.15446226  0.         -0.01725222  0.10299694]
 [ 0.24192366  0.5457773  -0.98258066 -0.20544267  0.24531445  0.
  -0.01793034  0.         -0.03533321  0.2510888 ]
 [ 0.38208935  0.705819   -0.9723784  -0.05967001  0.23924637  0.
   0.10139247  0.         -0.04325048  0.24866854]
 [ 0.40853485 -0.17909841 -0.8115198  -0.10384966  0.00164317  0.
  -0.15680514  0.         -0.0089737  -0.07028825]] 
Episode: 928: [[ 0.20743372  0.1072408  -0.9370361  -0.25672543  0.11600567  0.
  -0.11567718  0.          0.00317181  0.1658881 ]
 [ 0.20977247  0.14925729 -0.9679067  -0.24386705  0.17645195  0.
  -0.15413287  0.         -0.01725222  0.10291671]
 [ 0.24185961  0.54590243 -0.9832991  -0.20487416  0.24613973  0.
  -0.01746364  0.         -0.03533321  0.25145593]
 [ 0.38197765  0.705939   -0.97316414 -0.05917771  0.24000205  0.
   0.10185052  0.         -0.04325048  0.2490889 ]
 [ 0.40902516 -0.17963186 -0.81204134 -0.10406747  0.0014605   0.
  -0.15669398  0.         -0.0089737  -0.07047103]] 
Episode: 929: [[ 0.20752802  0.10701053 -0.9375994  -0.25608188  0.11687741  0.
  -0.11534374  0.          0.00317181  0.1660195 ]
 [ 0.20991056  0.1488326  -0.96847445 -0.24326703  0.17725652  0.
  -0.15390557  0.         -0.01725222  0.10290765]
 [ 0.24176201  0.5460324  -0.983939   -0.20421052  0.24702863  0.
  -0.01697981  0.         -0.03533321  0.25188732]
 [ 0.38184655  0.706075   -0.9738684  -0.05859195  0.24081078  0.
   0.10235409  0.         -0.04325048  0.24957661]
 [ 0.4095322  -0.18035898 -0.8125462  -0.10422496  0.00127203  0.
  -0.15667346  0.         -0.0089737  -0.07056192]] 
Episode: 930: [[ 0.20756532  0.10675165 -0.9380915  -0.25554544  0.11765439  0.
  -0.11503162  0.          0.00317181  0.16617541]
 [ 0.20998025  0.14839247 -0.9689698  -0.24277985  0.17797178  0.
  -0.15369777  0.         -0.01725222  0.10291259]
 [ 0.2416321   0.54611236 -0.9844974  -0.2036383   0.24782081  0.
  -0.01652481  0.         -0.03533321  0.25234807]
 [ 0.38170514  0.70617276 -0.97448206 -0.0580857   0.24153276  0.
   0.10283475  0.         -0.04325048  0.25008848]
 [ 0.40990272 -0.18105713 -0.81297046 -0.10446305  0.0010985   0.
  -0.15669186  0.         -0.0089737  -0.07067673]] 
Episode: 931: [[ 2.0755281e-01  1.0641044e-01 -9.3858820e-01 -2.5525206e-01
   1.1840221e-01  0.0000000e+00 -1.1467371e-01  0.0000000e+00
   3.1718132e-03  1.6629389e-01]
 [ 2.1001008e-01  1.4785768e-01 -9.6947187e-01 -2.4253349e-01
   1.7865668e-01  0.0000000e+00 -1.5343164e-01  0.0000000e+00
  -1.7252218e-02  1.0284117e-01]
 [ 2.4141926e-01  5.4613340e-01 -9.8506749e-01 -2.0331438e-01
   2.4858263e-01  0.0000000e+00 -1.6113020e-02  0.0000000e+00
  -3.5333209e-02  2.5280935e-01]
 [ 3.8145387e-01  7.0622408e-01 -9.7510856e-01 -5.7816651e-02
   2.4223121e-01  0.0000000e+00  1.0324466e-01  0.0000000e+00
  -4.3250479e-02  2.5059819e-01]
 [ 4.1029641e-01 -1.8179373e-01 -8.1339109e-01 -1.0478271e-01
   9.3401247e-04  0.0000000e+00 -1.5668647e-01  0.0000000e+00
  -8.9737000e-03 -7.0920654e-02]] 
Episode: 932: [[ 2.07544997e-01  1.06100321e-01 -9.39178824e-01 -2.55129755e-01
   1.19076215e-01  0.00000000e+00 -1.14470609e-01  0.00000000e+00
   3.17181321e-03  1.66333243e-01]
 [ 2.10044041e-01  1.47357658e-01 -9.70065653e-01 -2.42447093e-01
   1.79268971e-01  0.00000000e+00 -1.53312981e-01  0.00000000e+00
  -1.72522180e-02  1.02670878e-01]
 [ 2.41212383e-01  5.46174824e-01 -9.85741079e-01 -2.03185856e-01
   2.49274150e-01  0.00000000e+00 -1.58558916e-02  0.00000000e+00
  -3.53332087e-02  2.53185004e-01]
 [ 3.81193668e-01  7.06288278e-01 -9.75832462e-01 -5.77389821e-02
   2.42870525e-01  0.00000000e+00  1.03501745e-01  0.00000000e+00
  -4.32504788e-02  2.50986367e-01]
 [ 4.10713583e-01 -1.82453230e-01 -8.13828707e-01 -1.05094902e-01
   8.10217927e-04  0.00000000e+00 -1.56817913e-01  0.00000000e+00
  -8.97369999e-03 -7.12668747e-02]] 
Episode: 933: [[ 2.0758115e-01  1.0580047e-01 -9.3975645e-01 -2.5500873e-01
   1.1966862e-01  0.0000000e+00 -1.1416902e-01  0.0000000e+00
   3.1718132e-03  1.6642383e-01]
 [ 2.1010773e-01  1.4685367e-01 -9.7064537e-01 -2.4236719e-01
   1.7979547e-01  0.0000000e+00 -1.5308550e-01  0.0000000e+00
  -1.7252218e-02  1.0258838e-01]
 [ 2.4108958e-01  5.4623580e-01 -9.8639417e-01 -2.0304221e-01
   2.4989729e-01  0.0000000e+00 -1.5511162e-02  0.0000000e+00
  -3.5333209e-02  2.5356382e-01]
 [ 3.8103947e-01  7.0637882e-01 -9.7653353e-01 -5.7639275e-02
   2.4345249e-01  0.0000000e+00  1.0384481e-01  0.0000000e+00
  -4.3250479e-02  2.5138214e-01]
 [ 4.1106838e-01 -1.8316568e-01 -8.1426209e-01 -1.0543130e-01
   6.0808437e-04  0.0000000e+00 -1.5679993e-01  0.0000000e+00
  -8.9737000e-03 -7.1482494e-02]] 
Episode: 934: [[ 2.07918778e-01  1.05278276e-01 -9.40467238e-01 -2.54824817e-01
   1.19857103e-01  0.00000000e+00 -1.14016503e-01  0.00000000e+00
   3.17181321e-03  1.66434467e-01]
 [ 2.10476667e-01  1.46171466e-01 -9.71350014e-01 -2.42203265e-01
   1.79898798e-01  0.00000000e+00 -1.53001532e-01  0.00000000e+00
  -1.72522180e-02  1.02396227e-01]
 [ 2.41231129e-01  5.46089768e-01 -9.87196803e-01 -2.02847257e-01
   2.50202209e-01  0.00000000e+00 -1.53143192e-02  0.00000000e+00
  -3.53332087e-02  2.53782928e-01]
 [ 3.81126493e-01  7.06313550e-01 -9.77391303e-01 -5.74654676e-02
   2.43773863e-01  0.00000000e+00  1.04041785e-01  0.00000000e+00
  -4.32504788e-02  2.51582623e-01]
 [ 4.11767602e-01 -1.83842659e-01 -8.14822257e-01 -1.05531834e-01
   8.58773856e-05  0.00000000e+00 -1.56718299e-01  0.00000000e+00
  -8.97369999e-03 -7.16686845e-02]] 
Episode: 935: [[ 2.08120301e-01  1.04795322e-01 -9.41135287e-01 -2.54655778e-01
   1.20106883e-01  0.00000000e+00 -1.13998070e-01  0.00000000e+00
   3.17181321e-03  1.66404262e-01]
 [ 2.10687101e-01  1.45534083e-01 -9.72027361e-01 -2.42048770e-01
   1.80070683e-01  0.00000000e+00 -1.53046623e-01  0.00000000e+00
  -1.72522180e-02  1.02089524e-01]
 [ 2.41283625e-01  5.45955300e-01 -9.87923801e-01 -2.02674255e-01
   2.50545353e-01  0.00000000e+00 -1.52505180e-02  0.00000000e+00
  -3.53332087e-02  2.54051149e-01]
 [ 3.81151706e-01  7.06242919e-01 -9.78153944e-01 -5.73156066e-02
   2.44122550e-01  0.00000000e+00  1.04107343e-01  0.00000000e+00
  -4.32504788e-02  2.51839101e-01]
 [ 4.12296027e-01 -1.84481010e-01 -8.15434158e-01 -1.05622120e-01
  -3.37026780e-04  0.00000000e+00 -1.56781048e-01  0.00000000e+00
  -8.97369999e-03 -7.19905198e-02]] 
Episode: 936: [[ 2.0835693e-01  1.0425059e-01 -9.4184995e-01 -2.5418672e-01
   1.2050583e-01  0.0000000e+00 -1.1410023e-01  0.0000000e+00
   3.1718132e-03  1.6659752e-01]
 [ 2.1094403e-01  1.4478900e-01 -9.7274929e-01 -2.4159600e-01
   1.8037863e-01  0.0000000e+00 -1.5320779e-01  0.0000000e+00
  -1.7252218e-02  1.0203141e-01]
 [ 2.4136791e-01  5.4585963e-01 -9.8870176e-01 -2.0220527e-01
   2.5105289e-01  0.0000000e+00 -1.5306399e-02  0.0000000e+00
  -3.5333209e-02  2.5436246e-01]
 [ 3.8123408e-01  7.0623869e-01 -9.7898072e-01 -5.6879122e-02
   2.4462858e-01  0.0000000e+00  1.0405467e-01  0.0000000e+00
  -4.3250479e-02  2.5211030e-01]
 [ 4.1290179e-01 -1.8535195e-01 -8.1608981e-01 -1.0563220e-01
  -7.8805373e-04  0.0000000e+00 -1.5670142e-01  0.0000000e+00
  -8.9737000e-03 -7.2059944e-02]] 
Episode: 937: [[ 0.20856228  0.1037046  -0.94246876 -0.253815    0.12091951  0.
  -0.11407344  0.          0.00317181  0.1668308 ]
 [ 0.21117069  0.14401683 -0.97337234 -0.24125068  0.1807033   0.
  -0.15323223  0.         -0.01725222  0.10203931]
 [ 0.24141935  0.545795   -0.98938465 -0.20181666  0.25156605  0.
  -0.01524342  0.         -0.03533321  0.25472   ]
 [ 0.38129124  0.7062716  -0.9797151  -0.05652308  0.24513488  0.
   0.10411891  0.         -0.04325048  0.25245157]
 [ 0.4134573  -0.18631308 -0.81665224 -0.10574688 -0.00123832  0.
  -0.15649381  0.         -0.0089737  -0.0720747 ]] 
Episode: 938: [[ 0.20862837  0.103213   -0.9429554  -0.2537984   0.1213458   0.
  -0.114168    0.          0.00317181  0.16695324]
 [ 0.21126112  0.14330041 -0.9738609  -0.24125132  0.18104888  0.
  -0.15337473  0.         -0.01725222  0.10192372]
 [ 0.24132492  0.54572856 -0.98992294 -0.20180064  0.2520767   0.
  -0.01529999  0.         -0.03533321  0.25499663]
 [ 0.38115752  0.70628774 -0.98028296 -0.05651427  0.2456355   0.
   0.1040651   0.         -0.04325048  0.2527046 ]
 [ 0.41393885 -0.18718861 -0.8170508  -0.10593437 -0.00153959  0.
  -0.15644298  0.         -0.0089737  -0.07219158]] 
Episode: 939: [[ 0.20873366  0.10273583 -0.943383   -0.25366798  0.12178534  0.
  -0.11413445  0.          0.00317181  0.16711313]
 [ 0.21138543  0.14257756 -0.97428656 -0.24114132  0.1814113   0.
  -0.15338247  0.         -0.01725222  0.10190347]
 [ 0.24129182  0.5457101  -0.9904043  -0.20165932  0.25259477  0.
  -0.01523767  0.         -0.03533321  0.2552664 ]
 [ 0.3810992   0.7063473  -0.9807985  -0.05638226  0.24613869  0.
   0.10412827  0.         -0.04325048  0.2529575 ]
 [ 0.4143892  -0.1881241  -0.8173861  -0.10607632 -0.0018385   0.
  -0.15629563  0.         -0.0089737  -0.07217889]] 
Episode: 940: [[ 0.20887016  0.10232702 -0.9437555  -0.2533557   0.122301    0.
  -0.1140923   0.          0.00317181  0.1672683 ]
 [ 0.21153744  0.14192337 -0.97465634 -0.24085276  0.18185015  0.
  -0.15341467  0.         -0.01725222  0.1018782 ]
 [ 0.24130857  0.54574615 -0.99083143 -0.20133476  0.25318003  0.
  -0.01506842  0.         -0.03533321  0.25554845]
 [ 0.3811075   0.7064404  -0.9812632  -0.05607766  0.24669367  0.
   0.10429669  0.         -0.04325048  0.25322467]
 [ 0.41483003 -0.1890186  -0.81769043 -0.10619681 -0.00212175  0.
  -0.15622982  0.         -0.0089737  -0.07212581]] 
Episode: 941: [[ 0.20896922  0.10193214 -0.94404614 -0.25304937  0.12279689  0.
  -0.1140225   0.          0.00317181  0.16745807]
 [ 0.21164118  0.14127544 -0.9749386  -0.24057071  0.18227336  0.
  -0.15341991  0.         -0.01725222  0.10191464]
 [ 0.24132034  0.5458227  -0.9911814  -0.20101406  0.25373957  0.
  -0.01484185  0.         -0.03533321  0.25585002]
 [ 0.381132    0.7065708  -0.98165506 -0.05577794  0.2472197   0.
   0.1045421   0.         -0.04325048  0.25352374]
 [ 0.41516784 -0.18992473 -0.81789833 -0.10631169 -0.00238634  0.
  -0.15615751  0.         -0.0089737  -0.07199905]] 
Episode: 942: [[ 0.20885082  0.10158738 -0.94432116 -0.25305235  0.12315015  0.
  -0.11390737  0.          0.00317181  0.1675977 ]
 [ 0.21154241  0.14076898 -0.9751999  -0.24059612  0.1825736   0.
  -0.15337913  0.         -0.01725222  0.10179177]
 [ 0.24107963  0.5457332  -0.9915205  -0.201012    0.25413114  0.
  -0.01467433  0.         -0.03533321  0.25629425]
 [ 0.380929    0.7065244  -0.9820052  -0.05580628  0.24759902  0.
   0.10465136  0.         -0.04325048  0.25394827]
 [ 0.41547388 -0.19030756 -0.8179914  -0.10648058 -0.00253667  0.
  -0.15601543  0.         -0.0089737  -0.07210422]] 
Episode: 943: [[ 0.20860721  0.10135033 -0.9448258  -0.25354353  0.12337144  0.
  -0.11382613  0.          0.00317181  0.16750252]
 [ 0.2113162   0.14041218 -0.9756947  -0.24110879  0.18276475  0.
  -0.15343343  0.         -0.01725222  0.10146499]
 [ 0.24070702  0.54569316 -0.99209934 -0.20138896  0.25436026  0.
  -0.01445118  0.         -0.03533321  0.25652042]
 [ 0.3805486   0.7065041  -0.9825893  -0.05613635  0.24782372  0.
   0.10486122  0.         -0.04325048  0.2541744 ]
 [ 0.41571322 -0.19058856 -0.8182179  -0.10685255 -0.00255044  0.
  -0.15602364  0.         -0.0089737  -0.07241681]] 
Episode: 944: [[ 0.20844996  0.10117117 -0.9452871  -0.25393346  0.12360364  0.
  -0.11378559  0.          0.00317181  0.16740201]
 [ 0.21116875  0.14009209 -0.976143   -0.2415223   0.1829651   0.
  -0.15350507  0.         -0.01725222  0.10118059]
 [ 0.24045125  0.5457318  -0.992636   -0.20166072  0.2546046   0.
  -0.01427255  0.         -0.03533321  0.25669405]
 [ 0.3802952   0.7065572  -0.9831386  -0.05636277  0.24806195  0.
   0.10503841  0.         -0.04325048  0.25435475]
 [ 0.4159492  -0.1909257  -0.81841844 -0.1071763  -0.00258871  0.
  -0.1559699   0.         -0.0089737  -0.07263508]] 
Episode: 945: [[ 0.20830093  0.10095888 -0.9457044  -0.25426233  0.12389261  0.
  -0.11381627  0.          0.00317181  0.16728546]
 [ 0.211026    0.13970529 -0.9765499  -0.24187662  0.18321529  0.
  -0.1536357   0.         -0.01725222  0.10090124]
 [ 0.2402134   0.54579765 -0.99312025 -0.20187956  0.25490996  0.
  -0.01417805  0.         -0.03533321  0.25685626]
 [ 0.3800728   0.7066438  -0.98363423 -0.0565441   0.24835332  0.
   0.10513786  0.         -0.04325048  0.25453094]
 [ 0.41617113 -0.19140503 -0.81861544 -0.10749889 -0.00265094  0.
  -0.15594001  0.         -0.0089737  -0.07287234]] 
Episode: 946: [[ 0.20817076  0.10054003 -0.94608516 -0.25463274  0.12412409  0.
  -0.11372479  0.          0.00317181  0.1673286 ]
 [ 0.21089567  0.13903286 -0.9769224  -0.24228169  0.1833769   0.
  -0.15363237  0.         -0.01725222  0.10086299]
 [ 0.24000572  0.54583365 -0.9935653  -0.2021326   0.25520906  0.
  -0.01397955  0.         -0.03533321  0.2570686 ]
 [ 0.37989146  0.70675457 -0.9840972  -0.05676639  0.24865319  0.
   0.10533902  0.         -0.04325048  0.25475976]
 [ 0.41634616 -0.19233029 -0.8188083  -0.10790043 -0.00298057  0.
  -0.15577705  0.         -0.0089737  -0.0728674 ]] 
Episode: 947: [[ 0.20800515  0.10003491 -0.9465363  -0.2550253   0.12434637  0.
  -0.11359164  0.          0.00317181  0.16744156]
 [ 0.21073689  0.13822433 -0.9773703  -0.24270467  0.18350369  0.
  -0.15356742  0.         -0.01725222  0.10090166]
 [ 0.23973309  0.5459051  -0.9940841  -0.20243806  0.25554582  0.
  -0.01379513  0.         -0.03533321  0.25730884]
 [ 0.37962818  0.70692194 -0.98464143 -0.05706165  0.24900615  0.
   0.10547708  0.         -0.04325048  0.2550041 ]
 [ 0.41652894 -0.1935193  -0.8190931  -0.10828509 -0.00351307  0.
  -0.1554974   0.         -0.0089737  -0.07277334]] 
Episode: 948: [[ 0.20784836  0.09957238 -0.94687814 -0.25531474  0.124631    0.
  -0.11359096  0.          0.00317181  0.16764912]
 [ 0.21057746  0.13742536 -0.9777094  -0.24302168  0.18369085  0.
  -0.15361863  0.         -0.01725222  0.10109996]
 [ 0.23949587  0.54604566 -0.99448067 -0.20264806  0.2559406   0.
  -0.01374272  0.         -0.03533321  0.25758743]
 [ 0.37942392  0.70714694 -0.9850614  -0.05726396  0.24940455  0.
   0.10548959  0.         -0.04325048  0.2552927 ]
 [ 0.41666692 -0.19480558 -0.8193254  -0.10861713 -0.00403767  0.
  -0.1551938   0.         -0.0089737  -0.07255028]] 
Episode: 949: [[ 0.20764114  0.0990262  -0.9472685  -0.25555584  0.12495679  0.
  -0.11370941  0.          0.00317181  0.16786018]
 [ 0.21038903  0.13652937 -0.9780956  -0.24329264  0.1839118   0.
  -0.15378556  0.         -0.01725222  0.1012387 ]
 [ 0.23914415  0.54614323 -0.99494    -0.20281893  0.2563871   0.
  -0.01380906  0.         -0.03533321  0.25796735]
 [ 0.379092    0.70733976 -0.9855538  -0.05743482  0.24985106  0.
   0.10538915  0.         -0.04325048  0.25568897]
 [ 0.41686618 -0.19613826 -0.8195728  -0.10896393 -0.00457539  0.
  -0.15505674  0.         -0.0089737  -0.07246131]] 
Episode: 950: [[ 0.20751698  0.09852374 -0.94764376 -0.25571698  0.12526003  0.
  -0.11387367  0.          0.00317181  0.16810909]
 [ 0.21027204  0.13570467 -0.9784667  -0.24347684  0.18412183  0.
  -0.15399131  0.         -0.01725222  0.10144795]
 [ 0.23890251  0.5462368  -0.9953767  -0.20292279  0.25679484  0.
  -0.01392917  0.         -0.03533321  0.25833437]
 [ 0.37887755  0.7075214  -0.9860189  -0.05754338  0.25025877  0.
   0.10522001  0.         -0.04325048  0.25606394]
 [ 0.4170521  -0.19737525 -0.8198342  -0.10920382 -0.00506285  0.
  -0.15490678  0.         -0.0089737  -0.07225504]] 
Episode: 951: [[ 0.20736824  0.09804161 -0.94797945 -0.25594112  0.12558222  0.
  -0.11414055  0.          0.00317181  0.16829833]
 [ 0.21013911  0.13490215 -0.97880524 -0.24372631  0.18434991  0.
  -0.15429358  0.         -0.01725222  0.1015614 ]
 [ 0.23862058  0.5463335  -0.99575806 -0.2030921   0.25722155  0.
  -0.01415078  0.         -0.03533321  0.25867414]
 [ 0.3786056   0.7077043  -0.98642325 -0.0577116   0.25068456  0.
   0.10495611  0.         -0.04325048  0.25640187]
 [ 0.41724333 -0.19856365 -0.8201011  -0.10950799 -0.00551283  0.
  -0.15484329  0.         -0.0089737  -0.07215415]] 
Episode: 952: [[ 0.20721067  0.09779754 -0.9485353  -0.25620827  0.12604466  0.
  -0.1144997   0.          0.00317181  0.16843212]
 [ 0.20999533  0.13441056 -0.97938436 -0.24401678  0.1847355   0.
  -0.15468635  0.         -0.01725222  0.10157656]
 [ 0.23834649  0.5465064  -0.99633056 -0.20331529  0.25775334  0.
  -0.01446368  0.         -0.03533321  0.2589874 ]
 [ 0.37834173  0.7079168  -0.98700905 -0.05793919  0.25120473  0.
   0.10460696  0.         -0.04325048  0.2567066 ]
 [ 0.41742915 -0.19933636 -0.82064617 -0.10983674 -0.00577965  0.
  -0.1547822   0.         -0.0089737  -0.07210246]] 
Episode: 953: [[ 0.2073748   0.09743686 -0.9492617  -0.2563346   0.12636803  0.
  -0.11494184  0.          0.00317181  0.16833162]
 [ 0.21017858  0.1338055  -0.9801262  -0.24414286  0.18496722  0.
  -0.15516049  0.         -0.01725222  0.10137779]
 [ 0.2383517   0.5466001  -0.99709773 -0.20340604  0.25819135  0.
  -0.01485871  0.         -0.03533321  0.2590953 ]
 [ 0.37832937  0.7080833  -0.9878044  -0.05801309  0.2516522   0.
   0.10418113  0.         -0.04325048  0.25682443]
 [ 0.41797802 -0.2001972  -0.8213649  -0.10984616 -0.00622301  0.
  -0.15459111  0.         -0.0089737  -0.07211398]] 
Episode: 954: [[ 0.20753357  0.09704362 -0.9499516  -0.25640896  0.12668356  0.
  -0.11530536  0.          0.00317181  0.16827124]
 [ 0.2103486   0.13316083 -0.98082846 -0.24422368  0.18519503  0.
  -0.15555178  0.         -0.01725222  0.10124294]
 [ 0.23837574  0.54668564 -0.9978368  -0.20343901  0.25861394  0.
  -0.01515413  0.         -0.03533321  0.25921175]
 [ 0.3783448   0.7082493  -0.98857856 -0.05803574  0.2520794   0.
   0.10384854  0.         -0.04325048  0.25695932]
 [ 0.4184574  -0.20116612 -0.82203156 -0.10989878 -0.00667992  0.
  -0.15434411  0.         -0.0089737  -0.07208352]] 
Episode: 955: [[ 0.20777944  0.09665059 -0.9506949  -0.25634912  0.126902    0.
  -0.11567986  0.          0.00317181  0.16819495]
 [ 0.21061222  0.13250798 -0.9815863  -0.24415775  0.18532115  0.
  -0.15594696  0.         -0.01725222  0.10108785]
 [ 0.23849475  0.54679376 -0.9986252  -0.20335768  0.2589541   0.
  -0.01545394  0.         -0.03533321  0.25926903]
 [ 0.37843856  0.7084435  -0.98939884 -0.05795022  0.25243664  0.
   0.1035543   0.         -0.04325048  0.25702924]
 [ 0.41901547 -0.2022001  -0.82277286 -0.10976431 -0.00721458  0.
  -0.15413515  0.         -0.0089737  -0.07204704]] 
Episode: 956: [[ 0.2079698   0.0961108  -0.95146376 -0.25648886  0.12704556  0.
  -0.11609674  0.          0.00317181  0.16794728]
 [ 0.21081902  0.13170502 -0.9823691  -0.24429478  0.18536517  0.
  -0.15640634  0.         -0.01725222  0.10073329]
 [ 0.2385632   0.5467757  -0.9994369  -0.20346935  0.2592307   0.
  -0.01578364  0.         -0.03533321  0.25922632]
 [ 0.378463    0.70853794 -0.99023235 -0.05804785  0.2527372   0.
   0.1032546   0.         -0.04325048  0.25699398]
 [ 0.41953    -0.20329052 -0.8234814  -0.10975921 -0.00777421  0.
  -0.15408345  0.         -0.0089737  -0.07223183]] 
Episode: 957: [[ 0.20823696  0.09563959 -0.95219666 -0.25655115  0.12723666  0.
  -0.11653432  0.          0.00317181  0.16764657]
 [ 0.2111045   0.13098647 -0.9831116  -0.24435374  0.18546732  0.
  -0.15686461  0.         -0.01725222  0.1003326 ]
 [ 0.23872094  0.54679126 -1.0002167  -0.20350057  0.25953716  0.
  -0.01616375  0.         -0.03533321  0.25910807]
 [ 0.37857893  0.70865357 -0.99103737 -0.05806403  0.2530592   0.
   0.10289987  0.         -0.04325048  0.25688183]
 [ 0.42009377 -0.20432846 -0.8241502  -0.10970262 -0.00825974  0.
  -0.15394968  0.         -0.0089737  -0.0724306 ]] 
Episode: 958: [[ 0.20858593  0.09523244 -0.95285565 -0.25652105  0.12736934  0.
  -0.11697108  0.          0.00317181  0.16741227]
 [ 0.21144067  0.13033235 -0.98377484 -0.24432494  0.18553372  0.
  -0.15729225  0.         -0.01725222  0.10006207]
 [ 0.2390628   0.5468801  -1.0009277  -0.2034216   0.2597503   0.
  -0.01655214  0.         -0.03533321  0.25895053]
 [ 0.37890688  0.7088446  -0.9917835  -0.05796463  0.2532894   0.
   0.10254806  0.         -0.04325048  0.2567111 ]
 [ 0.42054594 -0.20533201 -0.8247359  -0.1096515  -0.0086478   0.
  -0.15374993  0.         -0.0089737  -0.07247499]] 
Episode: 959: [[ 0.20919164  0.09495015 -0.95350236 -0.25658405  0.1274742   0.
  -0.11736005  0.          0.00317181  0.16706818]
 [ 0.2120285   0.12981464 -0.98441625 -0.24439482  0.18559335  0.
  -0.15755591  0.         -0.01725222  0.09978622]
 [ 0.23961872  0.5470591  -1.0016377  -0.20341441  0.25991294  0.
  -0.01701537  0.         -0.03533321  0.25863528]
 [ 0.3794243   0.7091258  -0.99253273 -0.05791324  0.25348723  0.
   0.1021195   0.         -0.04325048  0.2564014 ]
 [ 0.42113292 -0.20627292 -0.8252909  -0.1096621  -0.0088936   0.
  -0.15343408  0.         -0.0089737  -0.07252055]] 
Episode: 960: [[ 0.2098196   0.09468896 -0.9541297  -0.25660342  0.12760983  0.
  -0.1178294   0.          0.00317181  0.16673921]
 [ 0.21263927  0.12930709 -0.9850272  -0.24442549  0.18568313  0.
  -0.15787111  0.         -0.01725222  0.09957324]
 [ 0.24021673  0.54727584 -1.0023499  -0.20335412  0.2601034   0.
  -0.01754591  0.         -0.03533321  0.25827357]
 [ 0.37999725  0.70943606 -0.9932948  -0.05780835  0.25370544  0.
   0.10162191  0.         -0.04325048  0.2560464 ]
 [ 0.42172608 -0.20728067 -0.8257631  -0.10968067 -0.00914634  0.
  -0.15301391  0.         -0.0089737  -0.0724524 ]] 
Episode: 961: [[ 0.21040753  0.09440926 -0.9547554  -0.2564807   0.12786846  0.
  -0.11826843  0.          0.00317181  0.1665165 ]
 [ 0.2132089   0.12878388 -0.9856394  -0.2443151   0.18589179  0.
  -0.1581772   0.         -0.01725222  0.09948135]
 [ 0.24078454  0.5474787  -1.0030553  -0.20315826  0.2604165   0.
  -0.01798339  0.         -0.03533321  0.2579896 ]
 [ 0.38055414  0.7097293  -0.99405104 -0.05758189  0.25403237  0.
   0.1012241   0.         -0.04325048  0.25576812]
 [ 0.4222689  -0.20830351 -0.82624155 -0.1096935  -0.00939626  0.
  -0.15260847  0.         -0.0089737  -0.07225713]] 
Episode: 962: [[ 0.21091929  0.09413331 -0.9554324  -0.25637525  0.12812516  0.
  -0.11868958  0.          0.00317181  0.16635631]
 [ 0.2137157   0.12828867 -0.9863072  -0.24421984  0.1861047   0.
  -0.15847336  0.         -0.01725222  0.09943479]
 [ 0.24123846  0.5476371  -1.0038123  -0.2029964   0.26071995  0.
  -0.01844996  0.         -0.03533321  0.25779405]
 [ 0.38098696  0.70997536 -0.9948564  -0.05739942  0.2543509   0.
   0.10075666  0.         -0.04325048  0.2555812 ]
 [ 0.42283586 -0.20923258 -0.8267689  -0.10970733 -0.00961177  0.
  -0.15222526  0.         -0.0089737  -0.07208532]] 
Episode: 963: [[ 0.21128668  0.09380818 -0.95601964 -0.25640118  0.12855609  0.
  -0.11894894  0.          0.00317181  0.1663051 ]
 [ 0.21408398  0.12775189 -0.9868906  -0.24426238  0.18648274  0.
  -0.15861855  0.         -0.01725222  0.09943718]
 [ 0.24150543  0.5477604  -1.00448    -0.2029836   0.26120383  0.
  -0.01875596  0.         -0.03533321  0.25775853]
 [ 0.38120356  0.71018857 -0.9955756  -0.05738709  0.25483423  0.
   0.10044803  0.         -0.04325048  0.2555592 ]
 [ 0.4233156  -0.21011968 -0.82723814 -0.10983107 -0.00981382  0.
  -0.15188617  0.         -0.0089737  -0.07191888]] 
Episode: 964: [[ 0.21165185  0.09344729 -0.95657766 -0.25663102  0.12897491  0.
  -0.11906279  0.          0.00317181  0.16634981]
 [ 0.21444206  0.12714268 -0.98744375 -0.2445266   0.18685414  0.
  -0.15862797  0.         -0.01725222  0.09958093]
 [ 0.24179475  0.5479133  -1.0051187  -0.20314184  0.26166415  0.
  -0.01891749  0.         -0.03533321  0.25776103]
 [ 0.38146573  0.7104546  -0.99627006 -0.05753813  0.2552991   0.
   0.1002823   0.         -0.04325048  0.25558966]
 [ 0.4237296  -0.21111885 -0.8276822  -0.11016256 -0.01000108  0.
  -0.15144487  0.         -0.0089737  -0.07157186]] 
Episode: 965: [[ 0.21189328  0.0931132  -0.95725644 -0.25716043  0.12943842  0.
  -0.11904576  0.          0.00317181  0.16616961]
 [ 0.21469598  0.12659584 -0.9881229  -0.24509758  0.1872601   0.
  -0.15851529  0.         -0.01725222  0.09949464]
 [ 0.24189569  0.54800934 -1.0058948  -0.20360143  0.2621743   0.
  -0.01894907  0.         -0.03533321  0.2577903 ]
 [ 0.38151222  0.71063286 -0.99710846 -0.05797648  0.25581533  0.
   0.10024511  0.         -0.04325048  0.2556539 ]
 [ 0.4241816  -0.21186756 -0.8281878  -0.11071703 -0.01017159  0.
  -0.1511842   0.         -0.0089737  -0.07147719]] 
Episode: 966: [[ 0.21207312  0.09281469 -0.95793694 -0.2576815   0.12988883  0.
  -0.11899355  0.          0.00317181  0.1659985 ]
 [ 0.21489334  0.12611099 -0.9888046  -0.24565674  0.1876616   0.
  -0.15838492  0.         -0.01725222  0.09938177]
 [ 0.2419206   0.5480959  -1.0066737  -0.20406035  0.26265752  0.
  -0.01894261  0.         -0.03533321  0.25786108]
 [ 0.38148195  0.7107916  -0.99794656 -0.05841579  0.2563012   0.
   0.10023673  0.         -0.04325048  0.25576362]
 [ 0.42462325 -0.21252565 -0.8286972  -0.11125407 -0.01029558  0.
  -0.15095553  0.         -0.0089737  -0.07149515]] 
Episode: 967: [[ 0.2121174   0.09236986 -0.958883   -0.25838217  0.13009709  0.
  -0.11906608  0.          0.00317181  0.1660543 ]
 [ 0.21494743  0.12542889 -0.98975503 -0.24638723  0.18781896  0.
  -0.15838882  0.         -0.01725222  0.09949528]
 [ 0.24181601  0.54813635 -1.0077336  -0.20472784  0.2629047   0.
  -0.01905062  0.         -0.03533321  0.25794595]
 [ 0.3813216   0.7109462  -0.99906445 -0.05908287  0.2565838   0.
   0.10011718  0.         -0.04325048  0.25583866]
 [ 0.42498857 -0.21346073 -0.82935035 -0.1117438  -0.01052319  0.
  -0.15061362  0.         -0.0089737  -0.07129521]] 
Episode: 968: [[ 0.21213895  0.09196873 -0.95975643 -0.2587464   0.13042952  0.
  -0.1192508   0.          0.00317181  0.16616674]
 [ 0.21498151  0.12481081 -0.99063575 -0.2467838   0.1881047   0.
  -0.1585135   0.         -0.01725222  0.09964713]
 [ 0.24168311  0.548194   -1.0087138  -0.20505956  0.26326805  0.
  -0.01916381  0.         -0.03533321  0.25810713]
 [ 0.381146    0.7110946  -1.0001045  -0.05943144  0.25695965  0.
   0.09998824  0.         -0.04325048  0.2559931 ]
 [ 0.42533085 -0.21434055 -0.8299853  -0.11216813 -0.01071594  0.
  -0.15044227  0.         -0.0089737  -0.07103734]] 
Episode: 969: [[ 0.21213557  0.09159509 -0.9606084  -0.25918436  0.13066253  0.
  -0.11929756  0.          0.00317181  0.16613361]
 [ 0.21499076  0.12423352 -0.99149334 -0.2472519   0.1882929   0.
  -0.15850456  0.         -0.01725222  0.09956909]
 [ 0.24152234  0.54824287 -1.0096722  -0.20547129  0.2635345   0.
  -0.01915177  0.         -0.03533321  0.25823212]
 [ 0.38092414  0.7112283  -1.001116   -0.05985886  0.2572427   0.
   0.09998428  0.         -0.04325048  0.25611117]
 [ 0.42564413 -0.21514708 -0.83058316 -0.11258651 -0.01092603  0.
  -0.15042423  0.         -0.0089737  -0.07102143]] 
Episode: 970: [[ 0.21229567  0.09129321 -0.96144074 -0.2595531   0.1309168   0.
  -0.11945902  0.          0.00317181  0.16608952]
 [ 0.2151603   0.12373188 -0.9923233  -0.24764502  0.18851744  0.
  -0.15861757  0.         -0.01725222  0.09956773]
 [ 0.24156557  0.5483408  -1.0106174  -0.20580645  0.26379704  0.
  -0.0192548   0.         -0.03533321  0.25823727]
 [ 0.3809198   0.7114009  -1.002117   -0.0601991   0.25751683  0.
   0.09986868  0.         -0.04325048  0.25609475]
 [ 0.42605317 -0.21592288 -0.8311545  -0.11289168 -0.01101619  0.
  -0.15027203  0.         -0.0089737  -0.07086171]] 
Episode: 971: [[ 0.21263419  0.09097722 -0.9623011  -0.25977427  0.13108335  0.
  -0.11966525  0.          0.00317181  0.16596664]
 [ 0.21552247  0.12323296 -0.9931805  -0.24787994  0.18865104  0.
  -0.15877144  0.         -0.01725222  0.09946764]
 [ 0.24177815  0.54842794 -1.0115883  -0.20600364  0.2639938   0.
  -0.01940329  0.         -0.03533321  0.2581448 ]
 [ 0.38106146  0.71156913 -1.0031482  -0.0604015   0.25773445  0.
   0.09974903  0.         -0.04325048  0.2559725 ]
 [ 0.4266538  -0.21669987 -0.8318     -0.11301886 -0.01118589  0.
  -0.15012503  0.         -0.0089737  -0.07075523]] 
Episode: 972: [[ 0.21295984  0.09065034 -0.963119   -0.25986463  0.1312404   0.
  -0.1197314   0.          0.00317181  0.1658912 ]
 [ 0.21586697  0.12270805 -0.99399346 -0.2479834   0.18877675  0.
  -0.1588063   0.         -0.01725222  0.09943201]
 [ 0.24198909  0.5485332  -1.012517   -0.20607229  0.26417762  0.
  -0.01942301  0.         -0.03533321  0.25808886]
 [ 0.38120848  0.7117575  -1.0041409  -0.06048334  0.25793198  0.
   0.09975348  0.         -0.04325048  0.25589937]
 [ 0.4272061  -0.21755068 -0.83240104 -0.1131034  -0.01137158  0.
  -0.14996964  0.         -0.0089737  -0.07060426]] 
Episode: 973: [[ 0.21325013  0.09036442 -0.96382016 -0.25993267  0.13149685  0.
  -0.11967155  0.          0.00317181  0.16586268]
 [ 0.21617329  0.12223037 -0.99468565 -0.24807076  0.18900758  0.
  -0.15871656  0.         -0.01725222  0.09942406]
 [ 0.24216135  0.5486536  -1.0133325  -0.20611212  0.26444572  0.
  -0.01932689  0.         -0.03533321  0.25811026]
 [ 0.38131884  0.71195185 -1.0050241  -0.06054137  0.2582027   0.
   0.09986956  0.         -0.04325048  0.25591785]
 [ 0.42771083 -0.21833211 -0.8328719  -0.11324523 -0.01147984  0.
  -0.14981106  0.         -0.0089737  -0.07047815]] 
Episode: 974: [[ 0.21355921  0.09017579 -0.9645012  -0.25996202  0.13167994  0.
  -0.11949839  0.          0.00317181  0.16577256]
 [ 0.21648744  0.12187923 -0.99536026 -0.2481253   0.18917215  0.
  -0.1585148   0.         -0.01725222  0.09933499]
 [ 0.24239817  0.54880565 -1.0141113  -0.20609607  0.2646297   0.
  -0.01912656  0.         -0.03533321  0.2580803 ]
 [ 0.38152498  0.7121592  -1.0058696  -0.06053894  0.2583836   0.
   0.10008609  0.         -0.04325048  0.25588322]
 [ 0.42814898 -0.21898688 -0.8333467  -0.11343671 -0.01160665  0.
  -0.14956215  0.         -0.0089737  -0.07044203]] 
Episode: 975: [[ 0.21386355  0.08990795 -0.9651307  -0.2599843   0.13184442  0.
  -0.11922333  0.          0.00317181  0.16565707]
 [ 0.21678735  0.12142611 -0.9959765  -0.24817716  0.1893188   0.
  -0.15821229  0.         -0.01725222  0.09924642]
 [ 0.24265872  0.54893583 -1.01485    -0.20605704  0.26479346  0.
  -0.0188325   0.         -0.03533321  0.25801972]
 [ 0.3817692   0.7123591  -1.0066789  -0.06050955  0.25854227  0.
   0.10039296  0.         -0.04325048  0.25583592]
 [ 0.42852002 -0.21974882 -0.8337424  -0.11364529 -0.01175059  0.
  -0.14920211  0.         -0.0089737  -0.07040998]] 
Episode: 976: [[ 0.21405211  0.08963914 -0.96593595 -0.2598816   0.13217737  0.
  -0.11885662  0.          0.00317181  0.16569018]
 [ 0.21698639  0.12100415 -0.996781   -0.2481166   0.18962963  0.
  -0.15781918  0.         -0.01725222  0.09928577]
 [ 0.24272452  0.54901576 -1.0157745  -0.20589305  0.26512197  0.
  -0.01845412  0.         -0.03533321  0.25813988]
 [ 0.38179877  0.7124956  -1.0076867  -0.06038408  0.25884286  0.
   0.10078111  0.         -0.04325048  0.2559504 ]
 [ 0.42891368 -0.22036903 -0.8343025  -0.11395155 -0.01188816  0.
  -0.14880896  0.         -0.0089737  -0.07038216]] 
Episode: 977: [[ 0.21418273  0.08938259 -0.9666991  -0.2597467   0.13260266  0.
  -0.11858524  0.          0.00317181  0.16576067]
 [ 0.2171197   0.12059847 -0.9975489  -0.24801926  0.19004704  0.
  -0.15753572  0.         -0.01725222  0.09932344]
 [ 0.24275276  0.54910034 -1.0166429  -0.20570393  0.26551262  0.
  -0.01815916  0.         -0.03533321  0.25832728]
 [ 0.38181219  0.7126303  -1.0086284  -0.06023305  0.25919276  0.
   0.10107762  0.         -0.04325048  0.2561347 ]
 [ 0.42922628 -0.2209504  -0.8348698  -0.11420646 -0.01187117  0.
  -0.14849448  0.         -0.0089737  -0.0703772 ]] 
Episode: 978: [[ 0.2142472   0.08889466 -0.96750504 -0.25965202  0.13298966  0.
  -0.11838912  0.          0.00317181  0.165944  ]
 [ 0.21719557  0.11991789 -0.99836683 -0.24796179  0.19041348  0.
  -0.1573133   0.         -0.01725222  0.09947536]
 [ 0.24267852  0.5490866  -1.0175512  -0.20557162  0.26589036  0.
  -0.01800759  0.         -0.03533321  0.25861186]
 [ 0.3817042   0.71271485 -1.009603   -0.06014913  0.25954202  0.
   0.10123236  0.         -0.04325048  0.25642106]
 [ 0.42955214 -0.22180969 -0.8355036  -0.11448067 -0.01193742  0.
  -0.14816067  0.         -0.0089737  -0.07029018]] 
Episode: 979: [[ 0.21450084  0.08841719 -0.9684008  -0.25951394  0.13319887  0.
  -0.1182617   0.          0.00317181  0.16598351]
 [ 0.21746984  0.11926307 -0.99927557 -0.24784654  0.19058362  0.
  -0.15714324  0.         -0.01725222  0.09948009]
 [ 0.24281026  0.54905    -1.0185466  -0.20540476  0.26613802  0.
  -0.01795754  0.         -0.03533321  0.2587097 ]
 [ 0.38177264  0.71277416 -1.010665   -0.06001667  0.25978652  0.
   0.10131539  0.         -0.04325048  0.2565217 ]
 [ 0.43006232 -0.22260572 -0.83628976 -0.11458707 -0.01223496  0.
  -0.1478053   0.         -0.0089737  -0.0702541 ]] 
Episode: 980: [[ 0.21481323  0.08798277 -0.9692359  -0.25934052  0.13338062  0.
  -0.11803059  0.          0.00317181  0.16603065]
 [ 0.21779121  0.11863044 -1.0001148  -0.2476978   0.1907217   0.
  -0.1568691   0.         -0.01725222  0.09954064]
 [ 0.2430395   0.54908663 -1.0194839  -0.20518905  0.2663696   0.
  -0.01779868  0.         -0.03533321  0.25874987]
 [ 0.38195616  0.71290404 -1.0116677  -0.05982631  0.2600181   0.
   0.10150221  0.         -0.04325048  0.25656378]
 [ 0.43054488 -0.22349091 -0.8369809  -0.11467853 -0.01259766  0.
  -0.1473493   0.         -0.0089737  -0.07007029]] 
Episode: 981: [[ 0.21505676  0.08755175 -0.96999073 -0.25911242  0.13359168  0.
  -0.11772559  0.          0.00317181  0.1661666 ]
 [ 0.21805102  0.11799783 -1.0008785  -0.24749267  0.190888    0.
  -0.15655676  0.         -0.01725222  0.09965489]
 [ 0.24317083  0.54911834 -1.0203276  -0.20492887  0.26662874  0.
  -0.01754194  0.         -0.03533321  0.2589379 ]
 [ 0.3820471   0.7130209  -1.0125723  -0.05959909  0.2602687   0.
   0.10178238  0.         -0.04325048  0.2567583 ]
 [ 0.43101403 -0.22433521 -0.8376461  -0.11475053 -0.01295166  0.
  -0.14696944  0.         -0.0089737  -0.06990149]] 
Episode: 982: [[ 0.21545714  0.08719939 -0.97079647 -0.2587085   0.13379125  0.
  -0.11746647  0.          0.00317181  0.1661489 ]
 [ 0.21846333  0.11746246 -1.0016841  -0.24710189  0.19104917  0.
  -0.15629254  0.         -0.01725222  0.09962275]
 [ 0.24348883  0.5491908  -1.0212346  -0.2044934   0.26686865  0.
  -0.01725426  0.         -0.03533321  0.25895083]
 [ 0.38232043  0.7131633  -1.0135413  -0.05918958  0.26049688  0.
   0.10214443  0.         -0.04325048  0.25677857]
 [ 0.4316048  -0.22509448 -0.8383303  -0.11462774 -0.0132859   0.
  -0.14655702  0.         -0.0089737  -0.06982122]] 
Episode: 983: [[ 0.21591584  0.08681072 -0.97156024 -0.2581778   0.134007    0.
  -0.11711388  0.          0.00317181  0.16606586]
 [ 0.21892332  0.11683055 -1.0024345  -0.24658637  0.19122398  0.
  -0.1559336   0.         -0.01725222  0.09953944]
 [ 0.24390244  0.5493267  -1.0221257  -0.20391496  0.26711956  0.
  -0.01688157  0.         -0.03533321  0.2589005 ]
 [ 0.3827057   0.7133613  -1.0145111  -0.05862855  0.2607249   0.
   0.10258224  0.         -0.04325048  0.256746  ]
 [ 0.4321563  -0.22607963 -0.83888626 -0.11447912 -0.01363263  0.
  -0.14613894  0.         -0.0089737  -0.06975508]] 
Episode: 984: [[ 0.21637407  0.08643131 -0.97226936 -0.25769836  0.13417645  0.
  -0.11667722  0.          0.00317181  0.16613734]
 [ 0.21937399  0.11617115 -1.0031296  -0.2461295   0.19134761  0.
  -0.1554895   0.         -0.01725222  0.09967598]
 [ 0.24433564  0.54951686 -1.0229543  -0.2033754   0.26733258  0.
  -0.01643242  0.         -0.03533321  0.25890356]
 [ 0.38312766  0.71361524 -1.0154201  -0.05810258  0.26092032  0.
   0.10307138  0.         -0.04325048  0.2567584 ]
 [ 0.43263704 -0.22718726 -0.8394052  -0.11439527 -0.01404237  0.
  -0.14562638  0.         -0.0089737  -0.06947963]] 
Episode: 985: [[ 0.21680467  0.0860647  -0.9729244  -0.2572667   0.13434353  0.
  -0.11640376  0.          0.00317181  0.16616437]
 [ 0.21979274  0.11555784 -1.0037749  -0.24572009  0.19147551  0.
  -0.15521109  0.         -0.01725222  0.09973955]
 [ 0.24475153  0.5496656  -1.0237105  -0.20288834  0.2675321   0.
  -0.01614206  0.         -0.03533321  0.25890929]
 [ 0.38353625  0.71382916 -1.0162431  -0.05762913  0.26110402  0.
   0.1033995   0.         -0.04325048  0.2567808 ]
 [ 0.4330971  -0.22817162 -0.8399094  -0.11435654 -0.01438288  0.
  -0.14530185  0.         -0.0089737  -0.06934031]] 
Episode: 986: [[ 0.21724205  0.08571885 -0.97348934 -0.25686452  0.13448006  0.
  -0.11622225  0.          0.00317181  0.16614224]
 [ 0.22020501  0.11498734 -1.0043274  -0.2453405   0.19157656  0.
  -0.1550322   0.         -0.01725222  0.09974964]
 [ 0.245202    0.54979926 -1.0243663  -0.20243151  0.26769975  0.
  -0.01593196  0.         -0.03533321  0.25889057]
 [ 0.3839915   0.71403    -1.0169576  -0.05718523  0.26125857  0.
   0.10364306  0.         -0.04325048  0.2567841 ]
 [ 0.43346775 -0.22909836 -0.84033614 -0.11432381 -0.01470602  0.
  -0.14502724  0.         -0.0089737  -0.06923577]] 
Episode: 987: [[ 0.21768107  0.08532371 -0.9741852  -0.25636864  0.13461101  0.
  -0.11617835  0.          0.00317181  0.16626936]
 [ 0.22061396  0.11435136 -1.0050147  -0.2448631   0.19166149  0.
  -0.1549924   0.         -0.01725222  0.09996615]
 [ 0.24566965  0.5499381  -1.0251518  -0.20189406  0.26788393  0.
  -0.01585674  0.         -0.03533321  0.25892636]
 [ 0.38447872  0.71424645 -1.017804   -0.0566688   0.26143306  0.
   0.10375015  0.         -0.04325048  0.25681508]
 [ 0.43379897 -0.23014559 -0.84086704 -0.11425095 -0.01510394  0.
  -0.1446438   0.         -0.0089737  -0.06894722]] 
Episode: 988: [[ 0.21813965  0.08442619 -0.9753407  -0.25587463  0.13483559  0.
  -0.11601949  0.          0.00317181  0.16616362]
 [ 0.22110368  0.11318913 -1.0061891  -0.24437739  0.1918045   0.
  -0.15490004  0.         -0.01725222  0.09994697]
 [ 0.24601224  0.54972637 -1.0263797  -0.20139398  0.26822177  0.
  -0.01567526  0.         -0.03533321  0.25898343]
 [ 0.38480446  0.71422327 -1.0190768  -0.05620319  0.26179048  0.
   0.10395856  0.         -0.04325048  0.25681505]
 [ 0.4343906  -0.23149154 -0.8417656  -0.11423422 -0.01558014  0.
  -0.1444353   0.         -0.0089737  -0.06890339]] 
Episode: 989: [[ 0.21863139  0.08361737 -0.97648555 -0.25538614  0.13503496  0.
  -0.11575724  0.          0.00317181  0.1660109 ]
 [ 0.22161552  0.11213306 -1.0073453  -0.2438978   0.19193017  0.
  -0.1546958   0.         -0.01725222  0.09989475]
 [ 0.24642292  0.54955137 -1.0276083  -0.20088778  0.26852435  0.
  -0.0153982   0.         -0.03533321  0.25896218]
 [ 0.3852082   0.71423244 -1.0203595  -0.05572395  0.26211414  0.
   0.10425811  0.         -0.04325048  0.25674686]
 [ 0.43494856 -0.23274122 -0.84260416 -0.11420498 -0.01603684  0.
  -0.14411153  0.         -0.0089737  -0.06883391]] 
Episode: 990: [[ 0.21900274  0.08273927 -0.97764796 -0.25498396  0.13526317  0.
  -0.11563972  0.          0.00317181  0.16593681]
 [ 0.22202444  0.11099403 -1.0085238  -0.2435089   0.19208686  0.
  -0.15461175  0.         -0.01725222  0.09988266]
 [ 0.24665628  0.54934186 -1.028854   -0.20047177  0.2688454   0.
  -0.01526265  0.         -0.03533321  0.2590534 ]
 [ 0.38541386  0.7142128  -1.0216566  -0.05533968  0.26245052  0.
   0.10441565  0.         -0.04325048  0.25680104]
 [ 0.4355295  -0.23400359 -0.8434858  -0.11421208 -0.01644168  0.
  -0.14377043  0.         -0.0089737  -0.06878307]] 
Episode: 991: [[ 0.2190712   0.08138249 -0.97875315 -0.25512266  0.13501118  0.
  -0.11565324  0.          0.00317181  0.16608968]
 [ 0.22213437  0.10935805 -1.0096647  -0.24365722  0.19172795  0.
  -0.15465346  0.         -0.01725222  0.100085  ]
 [ 0.24661797  0.5487077  -1.0299857  -0.20047238  0.2687695   0.
  -0.01525439  0.         -0.03533321  0.25930995]
 [ 0.3853777   0.7138521  -1.0228024  -0.05529609  0.26246548  0.
   0.10444544  0.         -0.04325048  0.2570068 ]
 [ 0.43606347 -0.23563482 -0.8444852  -0.11438029 -0.01732196  0.
  -0.1433274   0.         -0.0089737  -0.06852262]] 
Episode: 992: [[ 0.21911551  0.08019499 -0.9797282  -0.25515068  0.13497002  0.
  -0.1157846   0.          0.00317181  0.16621019]
 [ 0.22221994  0.10794333 -1.0106728  -0.2437009   0.19158259  0.
  -0.15481205  0.         -0.01725222  0.10017649]
 [ 0.24654171  0.54812944 -1.0309917  -0.20037653  0.26889402  0.
  -0.01529259  0.         -0.03533321  0.25962773]
 [ 0.38531342  0.71349835 -1.02382    -0.05517511  0.26266113  0.
   0.10444244  0.         -0.04325048  0.25727603]
 [ 0.4365689  -0.23691213 -0.84537566 -0.11462545 -0.01809523  0.
  -0.14306511  0.         -0.0089737  -0.06838677]] 
Episode: 993: [[ 0.21912505  0.07907    -0.9806581  -0.2552054   0.13493696  0.
  -0.1160023   0.          0.00317181  0.16626042]
 [ 0.22226125  0.10661418 -1.0116394  -0.24376793  0.1914569   0.
  -0.15507522  0.         -0.01725222  0.10016216]
 [ 0.2464458   0.5475653  -1.031943   -0.20032111  0.26900622  0.
  -0.01540466  0.         -0.03533321  0.25992838]
 [ 0.3852156   0.71313804 -1.0247748  -0.05509596  0.26283696  0.
   0.10437273  0.         -0.04325048  0.25754067]
 [ 0.43701848 -0.23805054 -0.84625727 -0.11484952 -0.01875638  0.
  -0.14296527  0.         -0.0089737  -0.0684091 ]] 
Episode: 994: [[ 0.21911976  0.07799982 -0.9815154  -0.25538012  0.13489452  0.
  -0.116079    0.          0.00317181  0.16642371]
 [ 0.2222803   0.1053363  -1.0125306  -0.24396716  0.19132411  0.
  -0.15519099  0.         -0.01725222  0.10030565]
 [ 0.24634823  0.5470436  -1.0328212  -0.2003731   0.26910096  0.
  -0.0153917   0.         -0.03533321  0.26027364]
 [ 0.38513306  0.71282196 -1.025659   -0.0551208   0.2629933   0.
   0.10442209  0.         -0.04325048  0.2578638 ]
 [ 0.43738806 -0.23920862 -0.8470863  -0.11520061 -0.01943109  0.
  -0.1427395   0.         -0.0089737  -0.06824991]] 
Episode: 995: [[ 0.21898119  0.07696874 -0.9824415  -0.25562146  0.13491635  0.
  -0.11602889  0.          0.00317181  0.16672279]
 [ 0.22218841  0.10409838 -1.0134856  -0.24422836  0.19124869  0.
  -0.15517792  0.         -0.01725222  0.10054614]
 [ 0.24601544  0.5465681  -1.0338004  -0.20053346  0.2692736   0.
  -0.01533486  0.         -0.03533321  0.26075837]
 [ 0.38483852  0.7125507  -1.0266628  -0.05527409  0.2632254   0.
   0.10445237  0.         -0.04325048  0.2583113 ]
 [ 0.4377927  -0.24033906 -0.84790075 -0.11551527 -0.02011956  0.
  -0.1424798   0.         -0.0089737  -0.06809565]] 
Episode: 996: [[ 0.21899252  0.07602438 -0.98332775 -0.25571725  0.13499509  0.
  -0.11596055  0.          0.00317181  0.16689914]
 [ 0.22223774  0.10293634 -1.014386   -0.24434373  0.19123831  0.
  -0.15514255  0.         -0.01725222  0.10066313]
 [ 0.24587442  0.54619116 -1.0347602  -0.20053937  0.2694871   0.
  -0.01520928  0.         -0.03533321  0.26109844]
 [ 0.38473678  0.71236694 -1.0276581  -0.05526982  0.26348716  0.
   0.10458303  0.         -0.04325048  0.25862044]
 [ 0.43823385 -0.24148466 -0.8486131  -0.11575122 -0.02073867  0.
  -0.14215653  0.         -0.0089737  -0.06795756]] 
Episode: 997: [[ 0.2190027   0.07520437 -0.98402876 -0.2556878   0.13524207  0.
  -0.11601823  0.          0.00317181  0.16709931]
 [ 0.22227854  0.1018922  -1.0150901  -0.2443356   0.19141066  0.
  -0.15523173  0.         -0.01725222  0.10079241]
 [ 0.24575669  0.54593205 -1.0355434  -0.20042017  0.26983485  0.
  -0.01521016  0.         -0.03533321  0.26146498]
 [ 0.38467517  0.7122694  -1.0284759  -0.05514469  0.2638559   0.
   0.10458846  0.         -0.04325048  0.2589644 ]
 [ 0.43861806 -0.2425983  -0.84909934 -0.11599276 -0.02115902  0.
  -0.14200175  0.         -0.0089737  -0.06778996]] 
Episode: 998: [[ 0.21900624  0.074467   -0.98468375 -0.2556382   0.13543846  0.
  -0.11609167  0.          0.00317181  0.16730031]
 [ 0.22229531  0.10094051 -1.0157474  -0.2443054   0.1915379   0.
  -0.15533923  0.         -0.01725222  0.10094441]
 [ 0.24567245  0.5457126  -1.0362686  -0.20028692  0.270125    0.
  -0.01520896  0.         -0.03533321  0.26181194]
 [ 0.3846549   0.712196   -1.0292293  -0.05500678  0.2641668   0.
   0.10460798  0.         -0.04325048  0.25929537]
 [ 0.43887818 -0.24364023 -0.8495536  -0.11618155 -0.02156604  0.
  -0.14187124  0.         -0.0089737  -0.0675923 ]] 
Episode: 999: [[ 0.21895233  0.07370967 -0.9852657  -0.25562903  0.13567717  0.
  -0.11603852  0.          0.00317181  0.16754429]
 [ 0.22226118  0.09997004 -1.0163329  -0.24432042  0.19170459  0.
  -0.15531489  0.         -0.01725222  0.10109283]
 [ 0.24549061  0.54546905 -1.0369289  -0.20019893  0.2704584   0.
  -0.01509394  0.         -0.03533321  0.26224592]
 [ 0.3845304   0.7120985  -1.02993    -0.05492121  0.26451328  0.
   0.10473775  0.         -0.04325048  0.2597167 ]
 [ 0.43913466 -0.24470994 -0.8499695  -0.11640723 -0.02198916  0.
  -0.1417371   0.         -0.0089737  -0.06744118]] 
Episode: 1000: [[ 0.21877258  0.07280413 -0.9858693  -0.25581506  0.13596812  0.
  -0.11610988  0.          0.00317181  0.16798232]
 [ 0.22211964  0.09878946 -1.0169424  -0.24452612  0.19189058  0.
  -0.155414    0.         -0.01725222  0.10143886]
 [ 0.24513072  0.5452494  -1.0376055  -0.20035876  0.27091366  0.
  -0.01510437  0.         -0.03533321  0.26272592]
 [ 0.38419887  0.71206236 -1.0306408  -0.05511081  0.26501346  0.
   0.10474234  0.         -0.04325048  0.26014495]
 [ 0.43941715 -0.24617597 -0.85038686 -0.11670106 -0.02261539  0.
  -0.14148036  0.         -0.0089737  -0.06709114]] 
Episode: 1001: [[ 0.21853559  0.07193121 -0.9864391  -0.25619063  0.1362264   0.
  -0.11605494  0.          0.00317181  0.16831493]
 [ 0.22192565  0.09768709 -1.0175188  -0.24493209  0.19204606  0.
  -0.1553822   0.         -0.01725222  0.10161442]
 [ 0.24468826  0.5449633  -1.0382446  -0.2007011   0.27133256  0.
  -0.01499986  0.         -0.03533321  0.2632236 ]
 [ 0.3837636   0.71195024 -1.0313114  -0.05547678  0.26548168  0.
   0.10485862  0.         -0.04325048  0.26061076]
 [ 0.43968204 -0.24741942 -0.8507508  -0.11719239 -0.02322008  0.
  -0.14120737  0.         -0.0089737  -0.06699082]] 
Episode: 1002: [[ 0.21819024  0.07097973 -0.98717755 -0.2570399   0.1364259   0.
  -0.11612462  0.          0.00317181  0.16839482]
 [ 0.22164154  0.09650605 -1.0182666  -0.24585311  0.19213906  0.
  -0.15547451  0.         -0.01725222  0.10155991]
 [ 0.24409261  0.5446125  -1.0390515  -0.20137179  0.27169788  0.
  -0.01501968  0.         -0.03533321  0.26352772]
 [ 0.38315406  0.71178997 -1.0321332  -0.05610042  0.265916    0.
   0.10485113  0.         -0.04325048  0.26088288]
 [ 0.43993136 -0.24867365 -0.8511984  -0.11797517 -0.02377475  0.
  -0.14109795  0.         -0.0089737  -0.06711398]] 
Episode: 1003: [[ 0.21782723  0.07012969 -0.9877977  -0.2576977   0.13672426  0.
  -0.11615571  0.          0.00317181  0.16856112]
 [ 0.22134285  0.09541675 -1.0188994  -0.24657454  0.19234435  0.
  -0.15555646  0.         -0.01725222  0.10157333]
 [ 0.24346873  0.54433215 -1.0397264  -0.2018737   0.2721261   0.
  -0.01494188  0.         -0.03533321  0.26396286]
 [ 0.38253018  0.71166855 -1.0328233  -0.05656624  0.26638606  0.
   0.10495649  0.         -0.04325048  0.26128453]
 [ 0.44014642 -0.24981439 -0.8515995  -0.11863806 -0.02418784  0.
  -0.14109293  0.         -0.0089737  -0.06722812]] 
Episode: 1004: [[ 0.21755056  0.06933071 -0.9882994  -0.2581699   0.13711569  0.
  -0.11630283  0.          0.00317181  0.16870025]
 [ 0.22111757  0.09436555 -1.0194151  -0.2471099   0.19264509  0.
  -0.15575114  0.         -0.01725222  0.10161047]
 [ 0.2429841   0.54414177 -1.0402714  -0.20219468  0.27264076  0.
  -0.01498571  0.         -0.03533321  0.26429543]
 [ 0.38206506  0.71162593 -1.0333854  -0.05685917  0.26692748  0.
   0.10493921  0.         -0.04325048  0.26157224]
 [ 0.44034484 -0.25103885 -0.8519768  -0.11926463 -0.02457487  0.
  -0.14108537  0.         -0.0089737  -0.06721366]] 
Episode: 1005: [[ 0.21724388  0.06853557 -0.98878986 -0.2585595   0.13751246  0.
  -0.11645731  0.          0.00317181  0.16888893]
 [ 0.22086802  0.09333692 -1.0199243  -0.24755973  0.19294968  0.
  -0.15595868  0.         -0.01725222  0.10169721]
 [ 0.24244548  0.5439353  -1.0408001  -0.2024547   0.27316436  0.
  -0.0150473   0.         -0.03533321  0.26468495]
 [ 0.38153496  0.71156573 -1.0339316  -0.05710554  0.26747385  0.
   0.10488424  0.         -0.04325048  0.2619242 ]
 [ 0.44055513 -0.25223464 -0.85238516 -0.11985599 -0.02499048  0.
  -0.14112717  0.         -0.0089737  -0.06721193]] 
Episode: 1006: [[ 0.2168245   0.06793586 -0.9895583  -0.25905588  0.13785695  0.
  -0.1167155   0.          0.00317181  0.16908017]
 [ 0.22048977  0.09260292 -1.020722   -0.24811953  0.19323209  0.
  -0.1562664   0.         -0.01725222  0.10168758]
 [ 0.24182169  0.54371077 -1.0416154  -0.20281883  0.27358568  0.
  -0.01521663  0.         -0.03533321  0.26516744]
 [ 0.38092524  0.71144056 -1.0347644  -0.05745215  0.26792112  0.
   0.10472264  0.         -0.04325048  0.26238254]
 [ 0.44073442 -0.25295648 -0.8530702  -0.12055562 -0.02529705  0.
  -0.14102855  0.         -0.0089737  -0.06734884]] 
Episode: 1007: [[ 0.21640822  0.0674177  -0.9904722  -0.25968012  0.1382351   0.
  -0.11684523  0.          0.00317181  0.16920671]
 [ 0.22012268  0.09192725 -1.021663   -0.2488032   0.19354956  0.
  -0.15643919  0.         -0.01725222  0.1015676 ]
 [ 0.24117696  0.5435683  -1.0425943  -0.20333143  0.27403334  0.
  -0.01533874  0.         -0.03533321  0.26563618]
 [ 0.38026735  0.71138465 -1.0357668  -0.05794883  0.26839823  0.
   0.1045756   0.         -0.04325048  0.26283798]
 [ 0.44099084 -0.25366437 -0.8538251  -0.12127152 -0.02553747  0.
  -0.14087197  0.         -0.0089737  -0.06755231]] 
Episode: 1008: [[ 0.21619055  0.06701027 -0.99130064 -0.26012582  0.13866706  0.
  -0.1170811   0.          0.00317181  0.16924247]
 [ 0.21995004  0.09137013 -1.0225091  -0.24929772  0.19394122  0.
  -0.15671389  0.         -0.01725222  0.1014004 ]
 [ 0.24076068  0.5435086  -1.0434899  -0.20367949  0.27449995  0.
  -0.01556257  0.         -0.03533321  0.2659625 ]
 [ 0.37983733  0.71139014 -1.0366895  -0.05828675  0.26888007  0.
   0.10433109  0.         -0.04325048  0.26315716]
 [ 0.44134894 -0.2543042  -0.85450137 -0.12179144 -0.02561518  0.
  -0.14063391  0.         -0.0089737  -0.06774333]] 
Episode: 1009: [[ 0.21601936  0.06674026 -0.99207985 -0.26050436  0.13906248  0.
  -0.11730931  0.          0.00317181  0.16927889]
 [ 0.21981083  0.09095369 -1.0233086  -0.24972081  0.19429944  0.
  -0.1569736   0.         -0.01725222  0.10125571]
 [ 0.24042965  0.54353625 -1.0443215  -0.2039679   0.27492496  0.
  -0.01577836  0.         -0.03533321  0.26626942]
 [ 0.3795037   0.71146244 -1.037542   -0.05856738  0.26931742  0.
   0.10410228  0.         -0.04325048  0.26346332]
 [ 0.44165805 -0.25483555 -0.8551813  -0.12225391 -0.02568539  0.
  -0.14040671  0.         -0.0089737  -0.067936  ]] 
Episode: 1010: [[ 0.21596836  0.06643886 -0.9926618  -0.2607124   0.13961203  0.
  -0.11739542  0.          0.00317181  0.16925228]
 [ 0.2197869   0.09045969 -1.0238948  -0.24997303  0.19482732  0.
  -0.15708625  0.         -0.01725222  0.10106134]
 [ 0.24024306  0.5435837  -1.0449722  -0.20407984  0.27546558  0.
  -0.01585851  0.         -0.03533321  0.26653963]
 [ 0.37932217  0.71154386 -1.0382253  -0.0586732   0.26984444  0.
   0.10400865  0.         -0.04325048  0.263751  ]
 [ 0.4419733  -0.25533915 -0.85563684 -0.12263349 -0.02553376  0.
  -0.14020975  0.         -0.0089737  -0.06817279]] 
Episode: 1011: [[ 0.21561976  0.06550033 -0.9936023  -0.26140273  0.13930418  0.
  -0.11756119  0.          0.00317181  0.16929772]
 [ 0.21945518  0.08935764 -1.0248451  -0.2507448   0.19448222  0.
  -0.1571575   0.         -0.01725222  0.10097012]
 [ 0.23983109  0.54305553 -1.045981   -0.20454076  0.27520874  0.
  -0.01604461  0.         -0.03533321  0.26684946]
 [ 0.3789413   0.7111978  -1.039233   -0.05906169  0.26966113  0.
   0.10381217  0.         -0.04325048  0.26405174]
 [ 0.4420805  -0.2562539  -0.85626155 -0.1231616  -0.02589812  0.
  -0.13989621  0.         -0.0089737  -0.06831639]] 
Episode: 1012: [[ 0.21525776  0.06462916 -0.99447995 -0.26202434  0.13911025  0.
  -0.11759114  0.          0.00317181  0.16929027]
 [ 0.21911977  0.08833198 -1.025735   -0.25144595  0.19424643  0.
  -0.15713085  0.         -0.01725222  0.1007666 ]
 [ 0.23936585  0.54256696 -1.0469178  -0.2049519   0.2750686   0.
  -0.01609811  0.         -0.03533321  0.26721662]
 [ 0.37848943  0.71087384 -1.040165   -0.05941449  0.26958254  0.
   0.10374758  0.         -0.04325048  0.26443604]
 [ 0.44221893 -0.25708252 -0.85687345 -0.12371948 -0.02624319  0.
  -0.13975053  0.         -0.0089737  -0.06865858]] 
Episode: 1013: [[ 0.2149421   0.06378438 -0.99533075 -0.26251397  0.13896847  0.
  -0.11759795  0.          0.00317181  0.16931479]
 [ 0.2188277   0.08731432 -1.0265943  -0.25201166  0.19405712  0.
  -0.15709205  0.         -0.01725222  0.10061992]
 [ 0.23895063  0.54215074 -1.0478337  -0.20524466  0.27499026  0.
  -0.01609722  0.         -0.03533321  0.26758912]
 [ 0.3780903   0.71062124 -1.0410866  -0.05965891  0.2695597   0.
   0.10374621  0.         -0.04325048  0.26483598]
 [ 0.44236654 -0.25798917 -0.85745627 -0.12422865 -0.02663026  0.
  -0.13960308  0.         -0.0089737  -0.06894694]] 
Episode: 1014: [[ 0.21457604  0.06303558 -0.99611413 -0.26281157  0.13902366  0.
  -0.11759907  0.          0.00317181  0.16931678]
 [ 0.21848175  0.08640711 -1.027393   -0.2523736   0.19408062  0.
  -0.1571499   0.         -0.01725222  0.10034772]
 [ 0.23848067  0.54182404 -1.0486666  -0.2053747   0.27507314  0.
  -0.01598242  0.         -0.03533321  0.26808092]
 [ 0.37765807  0.7104236  -1.0419177  -0.05975888  0.26966855  0.
   0.10385722  0.         -0.04325048  0.2653528 ]
 [ 0.44245937 -0.25876296 -0.85805666 -0.1246043  -0.02681623  0.
  -0.13960679  0.         -0.0089737  -0.0694186 ]] 
Episode: 1015: [[ 0.21394713  0.06249246 -0.9971247  -0.26348704  0.13880341  0.
  -0.11771941  0.          0.00317181  0.16931081]
 [ 0.21786374  0.08585964 -1.0283976  -0.25310096  0.1938731   0.
  -0.1573231   0.         -0.01725222  0.09989121]
 [ 0.2378154   0.5414239  -1.0497909  -0.2058486   0.2748274   0.
  -0.01599311  0.         -0.03533321  0.2686974 ]
 [ 0.37705263  0.7101008  -1.0430517  -0.06014063  0.26947048  0.
   0.10384487  0.         -0.04325048  0.26597446]
 [ 0.44216275 -0.25889158 -0.8585795  -0.12503001 -0.02692243  0.
  -0.1394739   0.         -0.0089737  -0.07005422]] 
Episode: 1016: [[ 0.2133844   0.06192523 -0.99805146 -0.26399893  0.13870157  0.
  -0.11780964  0.          0.00317181  0.1693318 ]
 [ 0.217308    0.08524233 -1.0293213  -0.25366342  0.19376907  0.
  -0.15747616  0.         -0.01725222  0.09949125]
 [ 0.23722401  0.5410905  -1.0508175  -0.20616972  0.27471828  0.
  -0.01592517  0.         -0.03533321  0.26929942]
 [ 0.37653142  0.70985335 -1.0440902  -0.06038338  0.26939848  0.
   0.10391966  0.         -0.04325048  0.26658586]
 [ 0.44191164 -0.2592364  -0.8590907  -0.12539424 -0.02709362  0.
  -0.13931446  0.         -0.0089737  -0.07056573]] 
Episode: 1017: [[ 0.2128433   0.06134335 -0.99891347 -0.26440784  0.13871214  0.
  -0.1178417   0.          0.00317181  0.16943233]
 [ 0.21678238  0.08457905 -1.0301806  -0.25412205  0.19376928  0.
  -0.15756495  0.         -0.01725222  0.09920389]
 [ 0.23661979  0.5408079  -1.0517801  -0.2064066   0.274735    0.
  -0.01582819  0.         -0.03533321  0.26993862]
 [ 0.37598348  0.70965844 -1.0450714  -0.06055694  0.26944926  0.
   0.10399127  0.         -0.04325048  0.26723728]
 [ 0.4417304  -0.25972453 -0.8595866  -0.12574424 -0.02728174  0.
  -0.13908108  0.         -0.0089737  -0.07099259]] 
Episode: 1018: [[ 0.21242869  0.06092389 -0.9997719  -0.26479763  0.13869321  0.
  -0.11795179  0.          0.00317181  0.16940446]
 [ 0.2163897   0.08409669 -1.0310396  -0.25455764  0.19373971  0.
  -0.1577211   0.         -0.01725222  0.09880156]
 [ 0.23613049  0.5405981  -1.0527314  -0.20664036  0.27472073  0.
  -0.01584438  0.         -0.03533321  0.27043298]
 [ 0.37552786  0.70949864 -1.0460391  -0.06073424  0.2694665   0.
   0.10395283  0.         -0.04325048  0.26775077]
 [ 0.44170034 -0.2601044  -0.86012584 -0.12609166 -0.02748685  0.
  -0.13896143  0.         -0.0089737  -0.07154634]] 
Episode: 1019: [[ 0.21206552  0.06032309 -1.0006222  -0.26538464  0.1386451   0.
  -0.11817032  0.          0.00317181  0.16915974]
 [ 0.21604443  0.08342972 -1.0318893  -0.25517765  0.19366552  0.
  -0.15798292  0.         -0.01725222  0.09822876]
 [ 0.23570712  0.5402422  -1.0536739  -0.20710696  0.274702    0.
  -0.01597301  0.         -0.03533321  0.27070665]
 [ 0.37509966  0.7092189  -1.0469909  -0.06113381  0.2694869   0.
   0.10380593  0.         -0.04325048  0.26805532]
 [ 0.4417183  -0.26054776 -0.86062646 -0.12648588 -0.02771912  0.
  -0.13899009  0.         -0.0089737  -0.07225499]] 
Episode: 1020: [[ 0.2116667   0.05989238 -1.0013344  -0.26587686  0.1388286   0.
  -0.11848638  0.          0.00317181  0.16888787]
 [ 0.21567684  0.08292039 -1.0326091  -0.25569966  0.19382714  0.
  -0.15833975  0.         -0.01725222  0.09760141]
 [ 0.23521142  0.54002416 -1.0544541  -0.20749788  0.27489907  0.
  -0.01620277  0.         -0.03533321  0.27101445]
 [ 0.3745875   0.70904046 -1.0477751  -0.06147465  0.26970595  0.
   0.10356145  0.         -0.04325048  0.26840898]
 [ 0.44183776 -0.2609654  -0.86110497 -0.12685302 -0.02782473  0.
  -0.13915204  0.         -0.0089737  -0.07307626]] 
Episode: 1021: [[ 0.21134439  0.0594297  -1.0020998  -0.2663043   0.13890645  0.
  -0.11889015  0.          0.00317181  0.16859117]
 [ 0.21537986  0.08237377 -1.033389   -0.25614974  0.19387452  0.
  -0.15878204  0.         -0.01725222  0.09695758]
 [ 0.23480876  0.5397976  -1.0552763  -0.20784071  0.27501172  0.
  -0.01652352  0.         -0.03533321  0.27126676]
 [ 0.37415814  0.7088655  -1.0485986  -0.0617763   0.26985016  0.
   0.10322918  0.         -0.04325048  0.268706  ]
 [ 0.44202128 -0.26144236 -0.86168504 -0.12715508 -0.02802914  0.
  -0.13943377  0.         -0.0089737  -0.07391225]] 
Episode: 1022: [[ 0.21105215  0.0589772  -1.002846   -0.26689926  0.13894974  0.
  -0.11937279  0.          0.00317181  0.16833057]
 [ 0.21511748  0.08185139 -1.0341473  -0.25675744  0.19389418  0.
  -0.15930115  0.         -0.01725222  0.09635171]
 [ 0.2344107   0.5395648  -1.0560852  -0.20839493  0.2750834   0.
  -0.01692611  0.         -0.03533321  0.27151355]
 [ 0.37369537  0.70869756 -1.0494065  -0.0622971   0.26996607  0.
   0.10281795  0.         -0.04325048  0.26897192]
 [ 0.4422731  -0.26182953 -0.86221546 -0.1274776  -0.02815161  0.
  -0.13974866  0.         -0.0089737  -0.07473344]] 
Episode: 1023: [[ 0.21088462  0.05854359 -1.003641   -0.26741788  0.1389046   0.
  -0.11968768  0.          0.00317181  0.16804846]
 [ 0.2149662   0.08133857 -1.0349472  -0.25729236  0.19383341  0.
  -0.15964702  0.         -0.01725222  0.09579092]
 [ 0.23418386  0.53935623 -1.0569566  -0.20885491  0.27505487  0.
  -0.01717439  0.         -0.03533321  0.27165464]
 [ 0.373427    0.70855755 -1.0502899  -0.06271794  0.26998377  0.
   0.10256015  0.         -0.04325048  0.26911518]
 [ 0.4425191  -0.26224467 -0.8627521  -0.12778406 -0.02828118  0.
  -0.13989583  0.         -0.0089737  -0.07548051]] 
Episode: 1024: [[ 0.21068718  0.05807838 -1.0043685  -0.2679471   0.13888694  0.
  -0.11985172  0.          0.00317181  0.16785967]
 [ 0.21478978  0.08078602 -1.0356816  -0.25783902  0.19379412  0.
  -0.15983707  0.         -0.01725222  0.09534141]
 [ 0.23389322  0.5391339  -1.0577589  -0.20934413  0.27506176  0.
  -0.01728388  0.         -0.03533321  0.27186638]
 [ 0.37307855  0.70841014 -1.0511075  -0.06318804  0.27003467  0.
   0.10239886  0.         -0.04325048  0.26933613]
 [ 0.4427612  -0.26271686 -0.8632519  -0.12811632 -0.0284586   0.
  -0.13992615  0.         -0.0089737  -0.07613102]] 
Episode: 1025: [[ 0.21044672  0.05758781 -1.0050703  -0.2685041   0.1389097   0.
  -0.12011312  0.          0.00317181  0.16767101]
 [ 0.21457145  0.08020312 -1.0363938  -0.25841287  0.193788    0.
  -0.16012673  0.         -0.01725222  0.09487288]
 [ 0.233544    0.5389124  -1.0585256  -0.20987034  0.2751207   0.
  -0.01749629  0.         -0.03533321  0.27210423]
 [ 0.37266558  0.7082662  -1.051882   -0.06369739  0.27013472  0.
   0.10214148  0.         -0.04325048  0.2695788 ]
 [ 0.4429893  -0.2632468  -0.86374885 -0.12846847 -0.02864962  0.
  -0.14007603  0.         -0.0089737  -0.0768493 ]] 
Episode: 1026: [[ 0.21037325  0.05733953 -1.0057313  -0.26885867  0.13900316  0.
  -0.12037208  0.          0.00317181  0.16751152]
 [ 0.2145213   0.07988624 -1.0370623  -0.25877562  0.19387037  0.
  -0.16040675  0.         -0.01725222  0.09447786]
 [ 0.23337586  0.5388484  -1.0592494  -0.21020614  0.27521977  0.
  -0.01768889  0.         -0.03533321  0.27231345]
 [ 0.3724388   0.7082433  -1.0526155  -0.06402631  0.2702629   0.
   0.10191555  0.         -0.04325048  0.26979172]
 [ 0.4433099  -0.26357028 -0.8642264  -0.12863696 -0.02870098  0.
  -0.14016677  0.         -0.0089737  -0.07746183]] 
Episode: 1027: [[ 0.21024899  0.05711176 -1.0064238  -0.26913813  0.13925931  0.
  -0.12057682  0.          0.00317181  0.16731662]
 [ 0.21442209  0.07956902 -1.0377704  -0.25906157  0.1941182   0.
  -0.16068368  0.         -0.01725222  0.09395491]
 [ 0.23315622  0.5388234  -1.0599855  -0.210473    0.27546278  0.
  -0.01774824  0.         -0.03533321  0.27256972]
 [ 0.37217703  0.7082419  -1.0533555  -0.06429368  0.2705127   0.
   0.10182458  0.         -0.04325048  0.27005243]
 [ 0.44362086 -0.26391432 -0.86478835 -0.12878793 -0.02865624  0.
  -0.14038439  0.         -0.0089737  -0.07818731]] 
Episode: 1028: [[ 0.21008602  0.05685351 -1.0071748  -0.26924032  0.1396889   0.
  -0.12082585  0.          0.00317181  0.16715401]
 [ 0.21429774  0.07920183 -1.0385461  -0.2591737   0.19451632  0.
  -0.16105403  0.         -0.01725222  0.09342732]
 [ 0.23286384  0.5388161  -1.0607753  -0.21055898  0.27590832  0.
  -0.01771037  0.         -0.03533321  0.2729174 ]
 [ 0.37184912  0.7082565  -1.0541481  -0.06439259  0.27094862  0.
   0.10185501  0.         -0.04325048  0.27041858]
 [ 0.44398263 -0.26433688 -0.8654439  -0.12892425 -0.02869853  0.
  -0.14071602  0.         -0.0089737  -0.07889767]] 
Episode: 1029: [[ 0.20988508  0.05669791 -1.0080283  -0.26946285  0.14011408  0.
  -0.12116934  0.          0.00317181  0.16693507]
 [ 0.21413042  0.07892922 -1.039426   -0.25939932  0.19490843  0.
  -0.1615084   0.         -0.01725222  0.09285488]
 [ 0.23253928  0.538883   -1.0616695  -0.21077725  0.2763517   0.
  -0.01779026  0.         -0.03533321  0.2731889 ]
 [ 0.37147945  0.7083266  -1.0550375  -0.06461526  0.27139023  0.
   0.10177013  0.         -0.04325048  0.27067795]
 [ 0.4443318  -0.26474723 -0.8661462  -0.12906517 -0.02869659  0.
  -0.14115009  0.         -0.0089737  -0.07960986]] 
Episode: 1030: [[ 0.20983538  0.05668781 -1.0088418  -0.26952523  0.14055203  0.
  -0.1215978   0.          0.00317181  0.16680501]
 [ 0.21412556  0.07884537 -1.0402628  -0.25945526  0.19532996  0.
  -0.1620383   0.         -0.01725222  0.09242558]
 [ 0.2323578   0.5390246  -1.0625256  -0.2108499   0.2767866   0.
  -0.01797606  0.         -0.03533321  0.27344245]
 [ 0.3712507   0.7084484  -1.0558964  -0.06469988  0.27181828  0.
   0.1015815   0.         -0.04325048  0.27091202]
 [ 0.4448381  -0.26502255 -0.8668546  -0.12901267 -0.02860276  0.
  -0.1414708   0.         -0.0089737  -0.08012156]] 
Episode: 1031: [[ 0.20952441  0.05641293 -1.0099299  -0.27001274  0.14056532  0.
  -0.12186391  0.          0.00317181  0.16690883]
 [ 0.21384026  0.07849646 -1.0413673  -0.25993815  0.19531037  0.
  -0.16239396  0.         -0.01725222  0.09225195]
 [ 0.23195128  0.5389553  -1.0636866  -0.21126704  0.2768421   0.
  -0.01819753  0.         -0.03533321  0.27383104]
 [ 0.370828    0.70844173 -1.0570494  -0.06506462  0.27192274  0.
   0.10129955  0.         -0.04325048  0.27127463]
 [ 0.44516057 -0.26546267 -0.86763066 -0.1291339  -0.0288424   0.
  -0.14162348  0.         -0.0089737  -0.08037001]] 
Episode: 1032: [[ 0.20922832  0.05623904 -1.0110496  -0.27071875  0.14062388  0.
  -0.12222265  0.          0.00317181  0.16678213]
 [ 0.21356504  0.07827754 -1.0425009  -0.26063338  0.19535175  0.
  -0.16283497  0.         -0.01725222  0.09188499]
 [ 0.23157127  0.53889537 -1.0648785  -0.21192138  0.2769136   0.
  -0.01851078  0.         -0.03533321  0.2740053 ]
 [ 0.3704087   0.7084149  -1.0582246  -0.06565647  0.27203628  0.
   0.10093364  0.         -0.04325048  0.2714432 ]
 [ 0.44548917 -0.26569903 -0.8683951  -0.129329   -0.02887671  0.
  -0.14189649  0.         -0.0089737  -0.0808033 ]] 
Episode: 1033: [[ 0.20897053  0.05607419 -1.0121565  -0.27141586  0.14070404  0.
  -0.12266471  0.          0.00317181  0.16654056]
 [ 0.21332608  0.07807103 -1.0436188  -0.2613205   0.19541283  0.
  -0.16335273  0.         -0.01725222  0.09138798]
 [ 0.23123461  0.5388373  -1.0660566  -0.21257481  0.27700973  0.
  -0.01890656  0.         -0.03533321  0.27409488]
 [ 0.3700249   0.70838594 -1.0593816  -0.06625241  0.27217096  0.
   0.10049222  0.         -0.04325048  0.27152294]
 [ 0.4458123  -0.2659211  -0.86913043 -0.12954904 -0.02889829  0.
  -0.14227763  0.         -0.0089737  -0.08138967]] 
Episode: 1034: [[ 0.20894901  0.05596023 -1.0132627  -0.27204224  0.1407044   0.
  -0.12318169  0.          0.00317181  0.16624925]
 [ 0.21333434  0.07791846 -1.0447319  -0.2619365   0.1953959   0.
  -0.16387688  0.         -0.01725222  0.09091325]
 [ 0.23114288  0.5388239  -1.067239   -0.21315432  0.27703187  0.
  -0.0193766   0.         -0.03533321  0.2740286 ]
 [ 0.36989006  0.7083983  -1.0605545  -0.06676895  0.27223983  0.
   0.09998286  0.         -0.04325048  0.27143735]
 [ 0.44633132 -0.26616624 -0.8699089  -0.12971999 -0.02899033  0.
  -0.14248492  0.         -0.0089737  -0.08188674]] 
Episode: 1035: [[ 0.20904444  0.05599744 -1.0141516  -0.272518    0.14072892  0.
  -0.12376602  0.          0.00317181  0.16601452]
 [ 0.21344377  0.07791352 -1.0456244  -0.26240405  0.19542108  0.
  -0.16446945  0.         -0.01725222  0.09060005]
 [ 0.23123638  0.5389671  -1.0681813  -0.21357614  0.27704856  0.
  -0.01991341  0.         -0.03533321  0.27389744]
 [ 0.3699712   0.708541   -1.061489   -0.06712855  0.27229095  0.
   0.0994124   0.         -0.04325048  0.27127832]
 [ 0.44682372 -0.26641515 -0.87053955 -0.12986767 -0.02897681  0.
  -0.1425546   0.         -0.0089737  -0.08224332]] 
Episode: 1036: [[ 0.20903784  0.05596675 -1.0149167  -0.2729334   0.140862    0.
  -0.12441092  0.          0.00317181  0.16594121]
 [ 0.21344995  0.07779506 -1.0463973  -0.26280862  0.19553481  0.
  -0.16512354  0.         -0.01725222  0.09044243]
 [ 0.23121673  0.5391477  -1.0689787  -0.21396314  0.27720714  0.
  -0.02051028  0.         -0.03533321  0.27386975]
 [ 0.36993846  0.7087302  -1.0622724  -0.06746878  0.27248043  0.
   0.09878697  0.         -0.04325048  0.27119955]
 [ 0.44721916 -0.26697665 -0.8710811  -0.12999898 -0.02909783  0.
  -0.14258045  0.         -0.0089737  -0.08245343]] 
Episode: 1037: [[ 0.20912628  0.05595556 -1.0155984  -0.27320188  0.14104965  0.
  -0.12487201  0.          0.00317181  0.16585657]
 [ 0.21354303  0.07768932 -1.0470865  -0.2630685   0.19570647  0.
  -0.16560428  0.         -0.01725222  0.09027412]
 [ 0.23131469  0.5393476  -1.06969    -0.21419738  0.27741095  0.
  -0.02093352  0.         -0.03533321  0.27383763]
 [ 0.37003344  0.7089353  -1.0629756  -0.06766449  0.27270344  0.
   0.09833629  0.         -0.04325048  0.27113155]
 [ 0.44761598 -0.26753283 -0.8716055  -0.13007979 -0.0291938   0.
  -0.14252913  0.         -0.0089737  -0.08263767]] 
Episode: 1038: [[ 0.20926058  0.05594633 -1.0162205  -0.2733816   0.14130746  0.
  -0.12516776  0.          0.00317181  0.16591255]
 [ 0.2136731   0.07755362 -1.0477089  -0.26324606  0.19595286  0.
  -0.16591589  0.         -0.01725222  0.09032702]
 [ 0.23148125  0.5396182  -1.0703533  -0.21432896  0.27767077  0.
  -0.02120054  0.         -0.03533321  0.27384347]
 [ 0.37020937  0.70921284 -1.0636415  -0.06776143  0.27297178  0.
   0.09804282  0.         -0.04325048  0.27110747]
 [ 0.4479648  -0.26820862 -0.8720441  -0.13016324 -0.02926523  0.
  -0.14234746  0.         -0.0089737  -0.08259348]] 
Episode: 1039: [[ 0.20912957  0.05565394 -1.0173802  -0.27402237  0.1411761   0.
  -0.12531479  0.          0.00317181  0.1660345 ]
 [ 0.21353787  0.07717297 -1.048878   -0.2639244   0.19581638  0.
  -0.16607538  0.         -0.01725222  0.09039465]
 [ 0.23138838  0.5395371  -1.0715932  -0.2147945   0.27753568  0.
  -0.02132703  0.         -0.03533321  0.27393505]
 [ 0.37015134  0.7092104  -1.0648983  -0.06813481  0.27289423  0.
   0.09789079  0.         -0.04325048  0.2711491 ]
 [ 0.44822958 -0.26864573 -0.8728877  -0.13054405 -0.02942734  0.
  -0.14204861  0.         -0.0089737  -0.08254267]] 
Episode: 1040: [[ 0.20911059  0.0554603  -1.0184356  -0.274538    0.14106803  0.
  -0.12541959  0.          0.00317181  0.16611597]
 [ 0.21352011  0.07689974 -1.0499395  -0.26447037  0.19570412  0.
  -0.1661943   0.         -0.01725222  0.09043413]
 [ 0.23139833  0.53952074 -1.0727221  -0.21515523  0.2774226   0.
  -0.0213804   0.         -0.03533321  0.27400666]
 [ 0.37019196  0.7092558  -1.0660424  -0.06841704  0.27282888  0.
   0.09781983  0.         -0.04325048  0.27118638]
 [ 0.44855607 -0.26899576 -0.87365603 -0.13079062 -0.02957477  0.
  -0.14172925  0.         -0.0089737  -0.08250773]] 
Episode: 1041: [[ 0.2090576   0.05529865 -1.0194075  -0.2749667   0.14099061  0.
  -0.12539478  0.          0.00317181  0.16606379]
 [ 0.21347088  0.0766627  -1.0509201  -0.26492783  0.19562155  0.
  -0.16623566  0.         -0.01725222  0.09025936]
 [ 0.23135662  0.5395286  -1.0737602  -0.21544054  0.27733967  0.
  -0.02131462  0.         -0.03533321  0.27413198]
 [ 0.37018192  0.70930934 -1.0670937  -0.06863767  0.2727833   0.
   0.09786805  0.         -0.04325048  0.27130884]
 [ 0.44889325 -0.26929486 -0.87438774 -0.13102406 -0.02971142  0.
  -0.14157744  0.         -0.0089737  -0.0826857 ]] 
Episode: 1042: [[ 0.2090294   0.05513147 -1.0203693  -0.27535304  0.14091954  0.
  -0.12549151  0.          0.00317181  0.16594093]
 [ 0.21344177  0.07642408 -1.0518894  -0.26533407  0.1955411   0.
  -0.16639382  0.         -0.01725222  0.09001151]
 [ 0.23134682  0.5395264  -1.0747862  -0.2157121   0.2772735   0.
  -0.02136921  0.         -0.03533321  0.27417928]
 [ 0.37018964  0.7093523  -1.0681286  -0.0688521   0.27275658  0.
   0.09779939  0.         -0.04325048  0.27134007]
 [ 0.44921076 -0.26957545 -0.8751025  -0.13120516 -0.02985232  0.
  -0.14157623  0.         -0.0089737  -0.08293916]] 
Episode: 1043: [[ 0.20899342  0.05489448 -1.0212747  -0.27568322  0.14092787  0.
  -0.12545954  0.          0.00317181  0.16590928]
 [ 0.21340351  0.07611007 -1.0528013  -0.26568833  0.19554134  0.
  -0.16641518  0.         -0.01725222  0.08986921]
 [ 0.23130815  0.53949255 -1.0757637  -0.21593249  0.27727792  0.
  -0.02130457  0.         -0.03533321  0.27431166]
 [ 0.3701538   0.70937926 -1.0691231  -0.0690348   0.27278888  0.
   0.09784964  0.         -0.04325048  0.27147657]
 [ 0.44948575 -0.2699069  -0.8757688  -0.13140823 -0.02998562  0.
  -0.1414399   0.         -0.0089737  -0.08309911]] 
Episode: 1044: [[ 0.20895723  0.05468328 -1.022074   -0.27598035  0.14097984  0.
  -0.12531178  0.          0.00317181  0.16591716]
 [ 0.21336646  0.07580024 -1.0536098  -0.26601258  0.19558103  0.
  -0.16631354  0.         -0.01725222  0.08976368]
 [ 0.23126058  0.5395082  -1.0766264  -0.21612197  0.2773275   0.
  -0.02113268  0.         -0.03533321  0.27450678]
 [ 0.37011424  0.7094475  -1.0700032  -0.06919253  0.2728571   0.
   0.09800685  0.         -0.04325048  0.27169195]
 [ 0.44974113 -0.27031404 -0.8763866  -0.13164344 -0.03013895  0.
  -0.14118837  0.         -0.0089737  -0.08327673]] 
Episode: 1045: [[ 0.20915516  0.05452433 -1.0228767  -0.2761573   0.14103356  0.
  -0.12529778  0.          0.00317181  0.16575913]
 [ 0.21356931  0.07553176 -1.0544161  -0.26621035  0.19561526  0.
  -0.16633303  0.         -0.01725222  0.08953755]
 [ 0.23145993  0.53959787 -1.077489   -0.21619485  0.27739805  0.
  -0.02109172  0.         -0.03533321  0.27450678]
 [ 0.37029463  0.7095814  -1.0708854  -0.0692304   0.2729466   0.
   0.09803633  0.         -0.04325048  0.27172786]
 [ 0.4502149  -0.27077377 -0.87704885 -0.13174385 -0.0303672   0.
  -0.14082704  0.         -0.0089737  -0.08350242]] 
Episode: 1046: [[ 0.20928948  0.05437835 -1.0235827  -0.27632445  0.14112069  0.
  -0.12516628  0.          0.00317181  0.16567579]
 [ 0.21370977  0.07527887 -1.055123   -0.26640588  0.19568197  0.
  -0.16622975  0.         -0.01725222  0.08936046]
 [ 0.23155865  0.53969574 -1.0782613  -0.21625872  0.27749905  0.
  -0.02094118  0.         -0.03533321  0.27462706]
 [ 0.3703518   0.7097203  -1.0716813  -0.06927788  0.27305803  0.
   0.09817483  0.         -0.04325048  0.27191752]
 [ 0.45059016 -0.27118912 -0.8776025  -0.1319301  -0.0305922   0.
  -0.1404234   0.         -0.0089737  -0.08371425]] 
Episode: 1047: [[ 0.20937556  0.05422993 -1.0242106  -0.2763478   0.14137231  0.
  -0.12492909  0.          0.00317181  0.1655882 ]
 [ 0.21380635  0.0750299  -1.0557612  -0.26645654  0.19590403  0.
  -0.16606368  0.         -0.01725222  0.08906976]
 [ 0.2316024   0.5398063  -1.0789365  -0.21618752  0.2777735   0.
  -0.02069208  0.         -0.03533321  0.2748611 ]
 [ 0.37036785  0.70985997 -1.072379   -0.06920725  0.27331987  0.
   0.09841138  0.         -0.04325048  0.27222615]
 [ 0.45095518 -0.27155736 -0.8781475  -0.13208285 -0.03082871  0.
  -0.14014648  0.         -0.0089737  -0.08403344]] 
Episode: 1048: [[ 0.20952374  0.05408267 -1.0247873  -0.2761882   0.14170413  0.
  -0.12459686  0.          0.00317181  0.16555217]
 [ 0.21396099  0.07474757 -1.0563399  -0.26632765  0.1962084   0.
  -0.16579346  0.         -0.01725222  0.08885284]
 [ 0.23172002  0.539977   -1.0795797  -0.21592468  0.27811718  0.
  -0.02035431  0.         -0.03533321  0.2751033 ]
 [ 0.3704653   0.71005446 -1.0730574  -0.0689531   0.27363247  0.
   0.09873615  0.         -0.04325048  0.27253574]
 [ 0.45131293 -0.27201876 -0.87861204 -0.13220116 -0.03102819  0.
  -0.13981536  0.         -0.0089737  -0.08423562]] 
Episode: 1049: [[ 0.2096541   0.05391968 -1.0253199  -0.27604008  0.1420735   0.
  -0.12431866  0.          0.00317181  0.16551518]
 [ 0.21409817  0.07445953 -1.0568819  -0.2662093   0.19655186  0.
  -0.16558076  0.         -0.01725222  0.08861504]
 [ 0.23181291  0.5401168  -1.0801575  -0.21568164  0.27849564  0.
  -0.02008021  0.         -0.03533321  0.27538115]
 [ 0.37054026  0.71022004 -1.0736624  -0.06871968  0.27397475  0.
   0.09899352  0.         -0.04325048  0.27288017]
 [ 0.45163423 -0.27245498 -0.8791008  -0.13235135 -0.03117186  0.
  -0.1395952   0.         -0.0089737  -0.08450736]] 
Episode: 1050: [[ 0.20990181  0.05378779 -1.0258341  -0.2758584   0.14236835  0.
  -0.1241833   0.          0.00317181  0.16538058]
 [ 0.21434748  0.07420532 -1.0574028  -0.26605564  0.19682029  0.
  -0.1654904   0.         -0.01725222  0.08830505]
 [ 0.23206931  0.540246   -1.0807222  -0.2154032   0.27879962  0.
  -0.01994725  0.         -0.03533321  0.27552783]
 [ 0.37078312  0.7103694  -1.0742593  -0.06844805  0.27424768  0.
   0.09911314  0.         -0.04325048  0.2730892 ]
 [ 0.4520002  -0.27282903 -0.8795872  -0.13247512 -0.03134919  0.
  -0.13933805  0.         -0.0089737  -0.08476496]] 
Episode: 1051: [[ 0.2102134   0.05372266 -1.0263468  -0.27566347  0.14258938  0.
  -0.12401683  0.          0.00317181  0.16520034]
 [ 0.21465105  0.07402066 -1.0579154  -0.2658869   0.19701533  0.
  -0.16536218  0.         -0.01725222  0.08795749]
 [ 0.23242658  0.54042536 -1.0812947  -0.21510854  0.27903223  0.
  -0.01975192  0.         -0.03533321  0.27558094]
 [ 0.37113982  0.71055746 -1.0748683  -0.06815388  0.2744525   0.
   0.0993294   0.         -0.04325048  0.27319196]
 [ 0.4523474  -0.2731905  -0.8800439  -0.13257638 -0.03157919  0.
  -0.13903148  0.         -0.0089737  -0.08501086]] 
Episode: 1052: [[ 0.21058176  0.05367445 -1.0268338  -0.27543092  0.14280681  0.
  -0.12374812  0.          0.00317181  0.16500182]
 [ 0.21500479  0.07383761 -1.0583926  -0.26568076  0.19720897  0.
  -0.16512589  0.         -0.01725222  0.08762848]
 [ 0.23286004  0.54064816 -1.0818546  -0.21476904  0.2792586   0.
  -0.01946247  0.         -0.03533321  0.27557385]
 [ 0.3715816   0.7107906  -1.0754687  -0.06780991  0.274649    0.
   0.09963591  0.         -0.04325048  0.27323532]
 [ 0.45269534 -0.27359495 -0.8804099  -0.13264284 -0.03180202  0.
  -0.13863052  0.         -0.0089737  -0.08521379]] 
Episode: 1053: [[ 0.21097612  0.0536832  -1.0272685  -0.27521232  0.14297792  0.
  -0.12346379  0.          0.00317181  0.16482513]
 [ 0.2153773   0.07372393 -1.058817   -0.2654889   0.1973581   0.
  -0.16486472  0.         -0.01725222  0.08735837]
 [ 0.23332846  0.54088956 -1.0823535  -0.21444806  0.2794401   0.
  -0.01915036  0.         -0.03533321  0.27556103]
 [ 0.37206465  0.7110349  -1.0760045  -0.06748554  0.27480656  0.
   0.09995927  0.         -0.04325048  0.27327543]
 [ 0.45300907 -0.27395657 -0.88073856 -0.13270427 -0.03205346  0.
  -0.1381496   0.         -0.0089737  -0.08533429]] 
Episode: 1054: [[ 0.21132644  0.05362314 -1.0276544  -0.27494872  0.14316416  0.
  -0.12314627  0.          0.00317181  0.16480517]
 [ 0.21570203  0.07352587 -1.059188   -0.26525384  0.1975222   0.
  -0.16456164  0.         -0.01725222  0.08729382]
 [ 0.23374763  0.5411295  -1.0828149  -0.21408299  0.27963853  0.
  -0.01877902  0.         -0.03533321  0.27562144]
 [ 0.3724927   0.71128803 -1.0765091  -0.06712323  0.27497858  0.
   0.10033128  0.         -0.04325048  0.27339625]
 [ 0.4532544  -0.27448407 -0.88097936 -0.13276692 -0.03231098  0.
  -0.13758588  0.         -0.0089737  -0.08523262]] 
Episode: 1055: [[ 0.21164244  0.0535461  -1.0280803  -0.2747543   0.1433118   0.
  -0.12283226  0.          0.00317181  0.16471934]
 [ 0.2160011   0.07330195 -1.0595986  -0.26508486  0.19764258  0.
  -0.16427395  0.         -0.01725222  0.08712799]
 [ 0.23410392  0.5413518  -1.0833212  -0.21380255  0.27980685  0.
  -0.01842022  0.         -0.03533321  0.27566227]
 [ 0.372842    0.71152383 -1.0770549  -0.06684665  0.27512553  0.
   0.10067213  0.         -0.04325048  0.27348506]
 [ 0.4535263  -0.27501568 -0.88123363 -0.13284191 -0.03258682  0.
  -0.13714465  0.         -0.0089737  -0.08526777]] 
Episode: 1056: [[ 0.21199542  0.05345131 -1.0284513  -0.27438042  0.1436234   0.
  -0.12258466  0.          0.00317181  0.1646667 ]
 [ 0.2163371   0.07304633 -1.0599558  -0.26473418  0.19792375  0.
  -0.16408613  0.         -0.01725222  0.08700211]
 [ 0.23449583  0.54160815 -1.0837702  -0.21334402  0.28014204  0.
  -0.01800978  0.         -0.03533321  0.27572364]
 [ 0.3732378   0.7117896  -1.077547   -0.06640048  0.27542385  0.
   0.10109092  0.         -0.04325048  0.27358696]
 [ 0.45380577 -0.2756428  -0.88146985 -0.13284382 -0.03282592  0.
  -0.13686974  0.         -0.0089737  -0.08524391]] 
Episode: 1057: [[ 0.212438    0.05341501 -1.0288613  -0.2738993   0.14400722  0.
  -0.12239703  0.          0.00317181  0.16462174]
 [ 0.2167555   0.07281449 -1.060353   -0.26427492  0.19827954  0.
  -0.16393904  0.         -0.01725222  0.0869322 ]
 [ 0.23501928  0.5419722  -1.0842562  -0.21276921  0.28054115  0.
  -0.0176519   0.         -0.03533321  0.27570683]
 [ 0.3737832   0.7121556  -1.0780807  -0.06583068  0.2757814   0.
   0.10146905  0.         -0.04325048  0.27358684]
 [ 0.4541066  -0.2763736  -0.8817673  -0.13280308 -0.03303714  0.
  -0.13652287  0.         -0.0089737  -0.08510102]] 
Episode: 1058: [[ 0.2127177   0.05352359 -1.0294476  -0.27347317  0.14414817  0.
  -0.12229851  0.          0.00317181  0.16460483]
 [ 0.21703523  0.07286427 -1.0609412  -0.26387355  0.19839436  0.
  -0.16385518  0.         -0.01725222  0.08682529]
 [ 0.23528337  0.54222274 -1.084915   -0.21227685  0.28070822  0.
  -0.01744382  0.         -0.03533321  0.27579743]
 [ 0.37405765  0.7123763  -1.0787984  -0.06537742  0.275925    0.
   0.10169714  0.         -0.04325048  0.2736668 ]
 [ 0.45449206 -0.27654302 -0.8823104  -0.13286293 -0.03339447  0.
  -0.1360758   0.         -0.0089737  -0.08517043]] 
Episode: 1059: [[ 0.21297479  0.0535783  -1.0299562  -0.27305916  0.14437668  0.
  -0.12209056  0.          0.00317181  0.16462234]
 [ 0.21728854  0.07282842 -1.0614493  -0.26349553  0.19859812  0.
  -0.16365844  0.         -0.01725222  0.08675282]
 [ 0.2355216   0.54248536 -1.0855047  -0.21177341  0.28095245  0.
  -0.01714269  0.         -0.03533321  0.27595946]
 [ 0.37430963  0.7126167  -1.0794531  -0.06491446  0.2761344   0.
   0.10201452  0.         -0.04325048  0.27384892]
 [ 0.45478174 -0.27677363 -0.8827702  -0.1330326  -0.03370953  0.
  -0.13553867  0.         -0.0089737  -0.0852302 ]] 
Episode: 1060: [[ 0.21327965  0.05362551 -1.0305499  -0.27280155  0.14464404  0.
  -0.12181827  0.          0.00317181  0.16441713]
 [ 0.2176021   0.07283836 -1.0620468  -0.26327437  0.1988455   0.
  -0.16349266  0.         -0.01725222  0.0864771 ]
 [ 0.23577952  0.54260844 -1.0861719  -0.21143454  0.28122574  0.
  -0.01675784  0.         -0.03533321  0.2759463 ]
 [ 0.3745663   0.7127004  -1.0801767  -0.06460687  0.2763737   0.
   0.10241222  0.         -0.04325048  0.27385467]
 [ 0.45521894 -0.27671725 -0.8833159  -0.13334566 -0.03386698  0.
  -0.13519049  0.         -0.0089737  -0.08549277]] 
Episode: 1061: [[ 0.21385233  0.05357201 -1.0312405  -0.27247894  0.14472847  0.
  -0.12169259  0.          0.00317181  0.16415404]
 [ 0.21818954  0.07272798 -1.0627292  -0.26297697  0.19888775  0.
  -0.16346486  0.         -0.01725222  0.08620401]
 [ 0.23625174  0.5426996  -1.0869484  -0.2110297   0.28137344  0.
  -0.01652542  0.         -0.03533321  0.27575886]
 [ 0.3750114   0.7127841  -1.0810132  -0.06421191  0.27651075  0.
   0.10265798  0.         -0.04325048  0.27370206]
 [ 0.45599303 -0.27686036 -0.88397205 -0.13345383 -0.03426007  0.
  -0.13474248  0.         -0.0089737  -0.08565083]] 
Episode: 1062: [[ 0.21443018  0.05354865 -1.031869   -0.27217937  0.14479887  0.
  -0.12147156  0.          0.00317181  0.16390032]
 [ 0.21876678  0.07263713 -1.0633428  -0.26270387  0.19892362  0.
  -0.16332923  0.         -0.01725222  0.08597632]
 [ 0.23678096  0.54282874 -1.0876701  -0.2106366   0.28149387  0.
  -0.01620245  0.         -0.03533321  0.2755269 ]
 [ 0.37553093  0.71290934 -1.0817964  -0.06382     0.27662528  0.
   0.10299119  0.         -0.04325048  0.2735046 ]
 [ 0.45666495 -0.2770269  -0.88451195 -0.13355146 -0.0346155   0.
  -0.13420478  0.         -0.0089737  -0.08570239]] 
Episode: 1063: [[ 0.21516523  0.05359096 -1.0324963  -0.27178997  0.14482927  0.
  -0.12127534  0.          0.00317181  0.16347106]
 [ 0.21950272  0.07260692 -1.0639457  -0.26233503  0.19891912  0.
  -0.16320126  0.         -0.01725222  0.08558795]
 [ 0.23749128  0.5430133  -1.0883986  -0.21014604  0.2815823   0.
  -0.0158594   0.         -0.03533321  0.2751431 ]
 [ 0.37621132  0.7130835  -1.0825843  -0.06332095  0.2767144   0.
   0.10339278  0.         -0.04325048  0.27316943]
 [ 0.45748305 -0.27717865 -0.88498956 -0.13350053 -0.03499306  0.
  -0.13363314  0.         -0.0089737  -0.08587621]] 
Episode: 1064: [[ 0.21583052  0.05357325 -1.0331178  -0.2715519   0.14493918  0.
  -0.12121812  0.          0.00317181  0.16304982]
 [ 0.22017318  0.07253109 -1.0645467  -0.2621061   0.19899118  0.
  -0.1632075   0.         -0.01725222  0.08515984]
 [ 0.23811457  0.54311764 -1.0891049  -0.20984674  0.28175575  0.
  -0.01566459  0.         -0.03533321  0.27476916]
 [ 0.37678206  0.7131816  -1.0833285  -0.06300654  0.27688912  0.
   0.10364209  0.         -0.04325048  0.27278796]
 [ 0.45828184 -0.27723354 -0.8854523  -0.13345754 -0.0352534   0.
  -0.13325368  0.         -0.0089737  -0.08618541]] 
Episode: 1065: [[ 0.21637829  0.05345549 -1.0337417  -0.2712894   0.14507306  0.
  -0.12111394  0.          0.00317181  0.16279852]
 [ 0.22072977  0.07233307 -1.0651511  -0.26185703  0.19907884  0.
  -0.16315277  0.         -0.01725222  0.08493131]
 [ 0.23859717  0.54320204 -1.0898129  -0.20952027  0.2819685   0.
  -0.01543534  0.         -0.03533321  0.2745277 ]
 [ 0.37720826  0.7132867  -1.0840725  -0.06267404  0.2771077   0.
   0.10388508  0.         -0.04325048  0.2725515 ]
 [ 0.4590134  -0.2774841  -0.8858948  -0.1334204  -0.03559412  0.
  -0.13278513  0.         -0.0089737  -0.08632694]] 
Episode: 1066: [[ 0.21678211  0.05333714 -1.0344099  -0.27135655  0.1452079   0.
  -0.12090085  0.          0.00317181  0.16240996]
 [ 0.22112525  0.07216976 -1.065806   -0.26193428  0.19917247  0.
  -0.16304296  0.         -0.01725222  0.08452807]
 [ 0.2389607   0.54319173 -1.0905612  -0.20953621  0.28216442  0.
  -0.01511515  0.         -0.03533321  0.27428046]
 [ 0.37749505  0.7133039  -1.0848519  -0.06266218  0.27730244  0.
   0.10421582  0.         -0.04325048  0.2723188 ]
 [ 0.4595438  -0.27754557 -0.88636714 -0.1335428  -0.03579216  0.
  -0.13249823  0.         -0.0089737  -0.08661431]] 
Episode: 1067: [[ 0.21707709  0.05312042 -1.0350615  -0.27169248  0.1452388   0.
  -0.1205898   0.          0.00317181  0.16213098]
 [ 0.2214219   0.07193328 -1.0664501  -0.26228154  0.1991639   0.
  -0.16282274  0.         -0.01725222  0.0842894 ]
 [ 0.23919159  0.54306114 -1.0912864  -0.20983274  0.28225347  0.
  -0.01471317  0.         -0.03533321  0.27410698]
 [ 0.37765673  0.7132295  -1.0856074  -0.06293578  0.2774007   0.
   0.10462552  0.         -0.04325048  0.27218413]
 [ 0.4600332  -0.27762404 -0.8868422  -0.13374096 -0.03607173  0.
  -0.13210574  0.         -0.0089737  -0.08681371]] 
Episode: 1068: [[ 0.21747792  0.05303397 -1.0357394  -0.2719069   0.14527634  0.
  -0.12040094  0.          0.00317181  0.16176055]
 [ 0.22182271  0.07183377 -1.0671175  -0.26250127  0.19917001  0.
  -0.16270238  0.         -0.01725222  0.08397286]
 [ 0.23954548  0.5430133  -1.0920357  -0.21000645  0.2823357   0.
  -0.01443359  0.         -0.03533321  0.27382073]
 [ 0.3779356   0.7132108  -1.0863829  -0.06308667  0.27748922  0.
   0.10492163  0.         -0.04325048  0.27194443]
 [ 0.46061292 -0.27762565 -0.88736117 -0.1337772  -0.03631408  0.
  -0.13167721  0.         -0.0089737  -0.08708155]] 
Episode: 1069: [[ 0.21771206  0.05282849 -1.0366266  -0.27208382  0.14506336  0.
  -0.12035032  0.          0.00317181  0.16139627]
 [ 0.22206134  0.07161264 -1.0680027  -0.2626855   0.19890559  0.
  -0.16271554  0.         -0.01725222  0.08358716]
 [ 0.23969236  0.5428747  -1.0930096  -0.21015711  0.28221086  0.
  -0.01429592  0.         -0.03533321  0.2736252 ]
 [ 0.37800807  0.7131248  -1.0873885  -0.06323658  0.2774007   0.
   0.10507599  0.         -0.04325048  0.27176216]
 [ 0.4611359  -0.2776807  -0.8880522  -0.13388689 -0.03684151  0.
  -0.13131814  0.         -0.0089737  -0.0874499 ]] 
Episode: 1070: [[ 0.21789932  0.05252858 -1.0374331  -0.2722568   0.14491013  0.
  -0.1201982   0.          0.00317181  0.16110328]
 [ 0.22225682  0.07128136 -1.0688097  -0.2628694   0.19869731  0.
  -0.1626319   0.         -0.01725222  0.08325706]
 [ 0.2397763   0.5427173  -1.0938982  -0.2103046   0.2821519   0.
  -0.01405818  0.         -0.03533321  0.27352038]
 [ 0.37801912  0.7130368  -1.0883113  -0.06339054  0.27737302  0.
   0.10532695  0.         -0.04325048  0.27167678]
 [ 0.46161506 -0.27786335 -0.8886976  -0.13402864 -0.03738826  0.
  -0.13091856  0.         -0.0089737  -0.0877796 ]] 
Episode: 1071: [[ 0.21804705  0.05207255 -1.0381546  -0.27246785  0.14480846  0.
  -0.11996974  0.          0.00317181  0.16088296]
 [ 0.22241798  0.07075087 -1.0695341  -0.26309654  0.19853176  0.
  -0.16244084  0.         -0.01725222  0.08300958]
 [ 0.23980704  0.5425345  -1.0946933  -0.21048738  0.2821593   0.
  -0.0137995   0.         -0.03533321  0.2734806 ]
 [ 0.37798566  0.71294755 -1.0891404  -0.06358127  0.27740735  0.
   0.10556346  0.         -0.04325048  0.2716668 ]
 [ 0.46207127 -0.27827427 -0.88929766 -0.13424902 -0.03796901  0.
  -0.1304246   0.         -0.0089737  -0.08803397]] 
Episode: 1072: [[ 0.21818374  0.05151763 -1.0387586  -0.2725796   0.14481086  0.
  -0.11982116  0.          0.00317181  0.16082202]
 [ 0.22257282  0.07006966 -1.0701455  -0.26323065  0.1984587   0.
  -0.16229764  0.         -0.01725222  0.0829561 ]
 [ 0.23981737  0.5423864  -1.0953554  -0.21056455  0.28229153  0.
  -0.01368064  0.         -0.03533321  0.27352673]
 [ 0.377939    0.71291786 -1.0898339  -0.06367762  0.2775598   0.
   0.10566413  0.         -0.04325048  0.2717375 ]
 [ 0.4625327  -0.27897656 -0.8898502  -0.13448668 -0.03860201  0.
  -0.12984584  0.         -0.0089737  -0.08805421]] 
Episode: 1073: [[ 0.2182595   0.05096348 -1.0393229  -0.27269262  0.14484304  0.
  -0.11980681  0.          0.00317181  0.16085663]
 [ 0.22265242  0.0693847  -1.0707128  -0.26336652  0.19842322  0.
  -0.16229026  0.         -0.01725222  0.08301829]
 [ 0.2398035   0.5422579  -1.0959809  -0.2106419   0.28243998  0.
  -0.01368756  0.         -0.03533321  0.27361777]
 [ 0.37788624  0.7129073  -1.0904908  -0.06377316  0.27772355  0.
   0.1056426   0.         -0.04325048  0.2718437 ]
 [ 0.46282914 -0.27971295 -0.89030725 -0.13475792 -0.03912356  0.
  -0.12936834  0.         -0.0089737  -0.08793688]] 
Episode: 1074: [[ 0.2183629   0.05047991 -1.0398448  -0.27273393  0.1448608   0.
  -0.11974178  0.          0.00317181  0.16090243]
 [ 0.22274758  0.0687371  -1.0712367  -0.26342708  0.19836837  0.
  -0.1622564   0.         -0.01725222  0.08307837]
 [ 0.23985456  0.5422156  -1.0965545  -0.21064831  0.28257337  0.
  -0.01357994  0.         -0.03533321  0.2737331 ]
 [ 0.37791735  0.71296334 -1.0910913  -0.06379972  0.2778677   0.
   0.10573532  0.         -0.04325048  0.27198055]
 [ 0.4630919  -0.280475   -0.8907519  -0.13494624 -0.03969937  0.
  -0.12895003  0.         -0.0089737  -0.08782402]] 
Episode: 1075: [[ 0.2184856   0.05005006 -1.040306   -0.27275297  0.14486986  0.
  -0.11966286  0.          0.00317181  0.1609502 ]
 [ 0.2228574   0.06814321 -1.0716954  -0.2634642   0.19831268  0.
  -0.16219462  0.         -0.01725222  0.08314269]
 [ 0.23994732  0.54221    -1.0970736  -0.21062905  0.28268158  0.
  -0.01345995  0.         -0.03533321  0.27383018]
 [ 0.37800664  0.7130481  -1.091644   -0.06379789  0.27798226  0.
   0.10583146  0.         -0.04325048  0.2720971 ]
 [ 0.4633265  -0.28122225 -0.891143   -0.13510875 -0.04023911  0.
  -0.12845877  0.         -0.0089737  -0.08767132]] 
Episode: 1076: [[ 0.21862037  0.04960379 -1.0407941  -0.27274144  0.14489742  0.
  -0.11963435  0.          0.00317181  0.16103578]
 [ 0.22297075  0.06752239 -1.0721849  -0.26347208  0.19827452  0.
  -0.16215996  0.         -0.01725222  0.08328655]
 [ 0.24007694  0.5422111  -1.0976121  -0.21057612  0.28280896  0.
  -0.01342476  0.         -0.03533321  0.27392432]
 [ 0.37814948  0.71314496 -1.0922112  -0.06376231  0.27811623  0.
   0.10583393  0.         -0.04325048  0.27221084]
 [ 0.46352932 -0.28204083 -0.8915979  -0.13526617 -0.04078588  0.
  -0.12791665  0.         -0.0089737  -0.0874728 ]] 
Episode: 1077: [[ 0.21867184  0.04918367 -1.0412831  -0.2727671   0.14496788  0.
  -0.11956346  0.          0.00317181  0.16121353]
 [ 0.22301391  0.06695826 -1.0726786  -0.2635172   0.19827972  0.
  -0.16208054  0.         -0.01725222  0.08349936]
 [ 0.24007587  0.54218566 -1.098154   -0.2105761   0.28297943  0.
  -0.01340055  0.         -0.03533321  0.27412504]
 [ 0.37814495  0.7132111  -1.0927796  -0.06378842  0.27829432  0.
   0.10577747  0.         -0.04325048  0.2724265 ]
 [ 0.4637429  -0.28274754 -0.89205354 -0.13544387 -0.04131124  0.
  -0.12732525  0.         -0.0089737  -0.08720386]] 
Episode: 1078: [[ 0.21861649  0.04873263 -1.0417705  -0.27280012  0.1450408   0.
  -0.11952864  0.          0.00317181  0.1615051 ]
 [ 0.22294778  0.06636645 -1.073171   -0.26357162  0.1982944   0.
  -0.16203545  0.         -0.01725222  0.08382287]
 [ 0.23996328  0.5421242  -1.098691   -0.21058682  0.2831389   0.
  -0.01344815  0.         -0.03533321  0.27444485]
 [ 0.37804002  0.7132462  -1.0933396  -0.06382724  0.27845874  0.
   0.10562788  0.         -0.04325048  0.27276495]
 [ 0.46384794 -0.28342414 -0.89248383 -0.13565354 -0.04176209  0.
  -0.12680563  0.         -0.0089737  -0.08689492]] 
Episode: 1079: [[ 0.21865936  0.04829469 -1.042263   -0.27275687  0.14504358  0.
  -0.11961699  0.          0.00317181  0.16190457]
 [ 0.22298911  0.06578559 -1.0736711  -0.2635418   0.19823118  0.
  -0.1621167   0.         -0.01725222  0.08428607]
 [ 0.23994577  0.54209733 -1.0992281  -0.21052863  0.28324717  0.
  -0.01360506  0.         -0.03533321  0.2747525 ]
 [ 0.37802184  0.71331114 -1.0939041  -0.06379402  0.27857882  0.
   0.10538103  0.         -0.04325048  0.27307072]
 [ 0.4640641  -0.28414476 -0.8929629  -0.13571203 -0.04227611  0.
  -0.1262738   0.         -0.0089737  -0.08640965]] 
Episode: 1080: [[ 0.21871825  0.04781915 -1.0426791  -0.27250805  0.14512378  0.
  -0.11981611  0.          0.00317181  0.16237439]
 [ 0.22305107  0.06516467 -1.0740991  -0.26331183  0.19824159  0.
  -0.16231158  0.         -0.01725222  0.0848397 ]
 [ 0.23993754  0.5420556  -1.0996805  -0.21025196  0.28343815  0.
  -0.01385993  0.         -0.03533321  0.27510548]
 [ 0.37801912  0.7133633  -1.094389   -0.06355193  0.27877522  0.
   0.10504668  0.         -0.04325048  0.2734161 ]
 [ 0.4643169  -0.28493044 -0.8934482  -0.13577212 -0.04282605  0.
  -0.12577079  0.         -0.0089737  -0.08585237]] 
Episode: 1081: [[ 0.21875797  0.04746105 -1.0431195  -0.27242324  0.14519353  0.
  -0.12011485  0.          0.00317181  0.16259687]
 [ 0.2230817   0.06468476 -1.0745493  -0.2632395   0.19825053  0.
  -0.16260865  0.         -0.01725222  0.08512758]
 [ 0.23993163  0.54204327 -1.1001651  -0.21015316  0.2835966   0.
  -0.01420329  0.         -0.03533321  0.2753569 ]
 [ 0.37800825  0.7134028  -1.0948949  -0.06347746  0.2789305   0.
   0.10463364  0.         -0.04325048  0.27364656]
 [ 0.46452174 -0.28547722 -0.893869   -0.13586631 -0.04320197  0.
  -0.12545317  0.         -0.0089737  -0.08555941]] 
Episode: 1082: [[ 0.21882632  0.04706844 -1.0435079  -0.2722895   0.14526023  0.
  -0.12050318  0.          0.00317181  0.16296309]
 [ 0.22314125  0.06411956 -1.0749421  -0.26311776  0.19823845  0.
  -0.1629976   0.         -0.01725222  0.08559459]
 [ 0.23997746  0.54209113 -1.1006045  -0.21000153  0.28377965  0.
  -0.01462624  0.         -0.03533321  0.27556127]
 [ 0.37806225  0.7135108  -1.0953615  -0.0633497   0.27910802  0.
   0.10414979  0.         -0.04325048  0.27379957]
 [ 0.46473435 -0.2862578  -0.89423245 -0.1359377  -0.04375257  0.
  -0.12503278  0.         -0.0089737  -0.08508958]] 
Episode: 1083: [[ 0.21896079  0.04672889 -1.0438949  -0.2721146   0.14535578  0.
  -0.12092034  0.          0.00317181  0.16331396]
 [ 0.22326083  0.06360739 -1.0753343  -0.2629557   0.19826071  0.
  -0.1633876   0.         -0.01725222  0.08608193]
 [ 0.24011773  0.54217154 -1.101036   -0.20979926  0.28397927  0.
  -0.01510326  0.         -0.03533321  0.27571988]
 [ 0.37822482  0.7136414  -1.0958196  -0.063168    0.27929676  0.
   0.10360226  0.         -0.04325048  0.27391258]
 [ 0.46495765 -0.28701523 -0.89461654 -0.13598749 -0.04425679  0.
  -0.12452003  0.         -0.0089737  -0.08456429]] 
Episode: 1084: [[ 0.21932489  0.04639205 -1.0444554  -0.2718693   0.14541887  0.
  -0.12141522  0.          0.00317181  0.1634263 ]
 [ 0.22362395  0.06313049 -1.0758973  -0.26271483  0.1982539   0.
  -0.16386019  0.         -0.01725222  0.08633289]
 [ 0.24048147  0.5422325  -1.1016554  -0.20952371  0.2841524   0.
  -0.01564647  0.         -0.03533321  0.2756859 ]
 [ 0.37857974  0.71376437 -1.0964662  -0.06290148  0.27947235  0.
   0.10299744  0.         -0.04325048  0.27385557]
 [ 0.46546787 -0.2877167  -0.8951993  -0.13585587 -0.04478296  0.
  -0.12392428  0.         -0.0089737  -0.08416804]] 
Episode: 1085: [[ 0.21968323  0.04604888 -1.0450622  -0.2715981   0.14553086  0.
  -0.12174094  0.          0.00317181  0.1634788 ]
 [ 0.22397609  0.06267317 -1.0765113  -0.2624573   0.19829758  0.
  -0.16420491  0.         -0.01725222  0.0864767 ]
 [ 0.24085495  0.5422427  -1.1023132  -0.20920864  0.28436986  0.
  -0.0160213   0.         -0.03533321  0.27568197]
 [ 0.37895498  0.7138285  -1.0971466  -0.06260268  0.27968454  0.
   0.10256533  0.         -0.04325048  0.27385542]
 [ 0.46594465 -0.28830868 -0.8958138  -0.13584487 -0.0452914   0.
  -0.12348405  0.         -0.0089737  -0.08383928]] 
Episode: 1086: [[ 0.22000463  0.04570579 -1.0456465  -0.27134067  0.1456069   0.
  -0.12215349  0.          0.00317181  0.16357806]
 [ 0.22428347  0.06220951 -1.0771086  -0.26221323  0.19830616  0.
  -0.16463676  0.         -0.01725222  0.08668964]
 [ 0.24121504  0.5422526  -1.1029344  -0.20890473  0.28454715  0.
  -0.01647249  0.         -0.03533321  0.2756965 ]
 [ 0.3793335   0.71388763 -1.0977927  -0.06231255  0.27985662  0.
   0.10206441  0.         -0.04325048  0.2738668 ]
 [ 0.46636075 -0.2889092  -0.89643925 -0.13582881 -0.04582189  0.
  -0.12301261  0.         -0.0089737  -0.08342879]] 
Episode: 1087: [[ 0.22013594  0.04570435 -1.0463996  -0.2712765   0.1456702   0.
  -0.12264411  0.          0.00317181  0.16377755]
 [ 0.22439018  0.06213824 -1.0778799  -0.262163    0.19833364  0.
  -0.16514695  0.         -0.01725222  0.086928  ]
 [ 0.24137469  0.5424693  -1.1037396  -0.20880233  0.2846619   0.
  -0.01699237  0.         -0.03533321  0.27574068]
 [ 0.37950823  0.71409607 -1.0986228  -0.06222462  0.2799643   0.
   0.10150161  0.         -0.04325048  0.27386254]
 [ 0.46666816 -0.28920868 -0.8971917  -0.13589269 -0.04616035  0.
  -0.12245405  0.         -0.0089737  -0.08285379]] 
Episode: 1088: [[ 0.22025241  0.04575105 -1.0470294  -0.27106994  0.14587195  0.
  -0.12296612  0.          0.00317181  0.16397542]
 [ 0.22448687  0.06210409 -1.0785242  -0.2619733   0.19850771  0.
  -0.16552521  0.         -0.01725222  0.08713118]
 [ 0.24150117  0.542745   -1.1044234  -0.20855235  0.28489614  0.
  -0.01734629  0.         -0.03533321  0.2758674 ]
 [ 0.37964737  0.71434814 -1.099335   -0.06199801  0.2801753   0.
   0.10110722  0.         -0.04325048  0.2739645 ]
 [ 0.46696198 -0.28948307 -0.8978271  -0.13593774 -0.0464063   0.
  -0.12199169  0.         -0.0089737  -0.08238227]] 
Episode: 1089: [[ 0.22049928  0.04575385 -1.0475128  -0.27088356  0.14596899  0.
  -0.1233752   0.          0.00317181  0.16411956]
 [ 0.22471096  0.06200735 -1.0790299  -0.2618027   0.1985734   0.
  -0.16594811  0.         -0.01725222  0.08733073]
 [ 0.24181499  0.54301536 -1.1049117  -0.20832603  0.2850373   0.
  -0.01777859  0.         -0.03533321  0.27585313]
 [ 0.37998617  0.7145999  -1.09984    -0.06179433  0.28029975  0.
   0.10064033  0.         -0.04325048  0.2739064 ]
 [ 0.46728826 -0.28984547 -0.8984347  -0.13600942 -0.04673119  0.
  -0.12144131  0.         -0.0089737  -0.08184567]] 
Episode: 1090: [[ 0.22074196  0.04580883 -1.0479405  -0.27055243  0.1462071   0.
  -0.12381842  0.          0.00317181  0.1641938 ]
 [ 0.22493304  0.06195632 -1.0794803  -0.26147893  0.19879201  0.
  -0.16645026  0.         -0.01725222  0.08737386]
 [ 0.24211144  0.54332757 -1.105343   -0.207966    0.28529114  0.
  -0.01805375  0.         -0.03533321  0.2759171 ]
 [ 0.38032058  0.7148783  -1.1002889  -0.06146721  0.28051826  0.
   0.1003322   0.         -0.04325048  0.27394328]
 [ 0.46762505 -0.29010284 -0.89897823 -0.13592789 -0.04686758  0.
  -0.12108071  0.         -0.0089737  -0.08152959]] 
Episode: 1091: [[ 0.22103049  0.04584486 -1.0483379  -0.2700449   0.14659193  0.
  -0.12433656  0.          0.00317181  0.1642446 ]
 [ 0.22520643  0.06186384 -1.0799075  -0.26098016  0.19915196  0.
  -0.16702367  0.         -0.01725222  0.08738074]
 [ 0.24245171  0.5436831  -1.1057334  -0.20742308  0.2856973   0.
  -0.01841513  0.         -0.03533321  0.27594247]
 [ 0.38070232  0.7151886  -1.1007016  -0.0609652   0.28087047  0.
   0.09994296  0.         -0.04325048  0.2739249 ]
 [ 0.46799022 -0.29050672 -0.8995899  -0.13581732 -0.0470355   0.
  -0.12079857  0.         -0.0089737  -0.08118952]] 
Episode: 1092: [[ 0.22120628  0.04581513 -1.0487531  -0.269673    0.1469775   0.
  -0.12468341  0.          0.00317181  0.16432133]
 [ 0.22537756  0.06172849 -1.0803552  -0.26061985  0.19951144  0.
  -0.16741796  0.         -0.01725222  0.08736901]
 [ 0.2426223   0.5439424  -1.1061417  -0.2070296   0.2861064   0.
  -0.01862654  0.         -0.03533321  0.2760901 ]
 [ 0.38088688  0.7154237  -1.1011277  -0.06062242  0.28122956  0.
   0.09970467  0.         -0.04325048  0.27405155]
 [ 0.46833098 -0.2908703  -0.9002101  -0.13579763 -0.04720855  0.
  -0.12054646  0.         -0.0089737  -0.08099828]] 
Episode: 1093: [[ 0.22166024  0.04587819 -1.0493335  -0.26916778  0.14729847  0.
  -0.12511477  0.          0.00317181  0.16417015]
 [ 0.22583377  0.0616921  -1.080958   -0.26011956  0.19980702  0.
  -0.16789424  0.         -0.01725222  0.08715006]
 [ 0.24301468  0.54424495 -1.1067386  -0.2064821   0.28645536  0.
  -0.01893051  0.         -0.03533321  0.2760461 ]
 [ 0.3812659   0.7156967  -1.1017524  -0.06010273  0.2815371   0.
   0.09937831  0.         -0.04325048  0.27400684]
 [ 0.46896952 -0.29116493 -0.90096617 -0.13559099 -0.04740844  0.
  -0.12018516  0.         -0.0089737  -0.08095032]] 
Episode: 1094: [[ 0.22201052  0.0461153  -1.04991    -0.26874432  0.14758949  0.
  -0.12559587  0.          0.00317181  0.16400377]
 [ 0.22617896  0.0618594  -1.0815635  -0.25970247  0.20008802  0.
  -0.16843084  0.         -0.01725222  0.08690064]
 [ 0.24332404  0.54461116 -1.107314   -0.20601748  0.28674752  0.
  -0.01927993  0.         -0.03533321  0.27600202]
 [ 0.3815615   0.71600354 -1.1023413  -0.05966231  0.28179228  0.
   0.09901606  0.         -0.04325048  0.27396205]
 [ 0.46949258 -0.29122457 -0.90172535 -0.13544871 -0.04746907  0.
  -0.11999465  0.         -0.0089737  -0.08094092]] 
Episode: 1095: [[ 0.22232728  0.04624757 -1.0504854  -0.26842242  0.14784348  0.
  -0.1260325   0.          0.00317181  0.16380404]
 [ 0.2264897   0.06191924 -1.082169   -0.25938883  0.2003298   0.
  -0.1689147   0.         -0.01725222  0.08661474]
 [ 0.24360108  0.544888   -1.1078889  -0.2056571   0.28700495  0.
  -0.01962697  0.         -0.03533321  0.27594402]
 [ 0.38182384  0.7162405  -1.1029269  -0.05932122  0.28201848  0.
   0.09863831  0.         -0.04325048  0.27390483]
 [ 0.46999153 -0.29134235 -0.9024731  -0.13538136 -0.04754145  0.
  -0.11982255  0.         -0.0089737  -0.08101597]] 
Episode: 1096: [[ 0.22271273  0.04639252 -1.051107   -0.26807365  0.14804651  0.
  -0.12641416  0.          0.00317181  0.16352738]
 [ 0.22686464  0.06199507 -1.0828106  -0.25904527  0.20051889  0.
  -0.16933769  0.         -0.01725222  0.08626451]
 [ 0.243969    0.54515815 -1.1085253  -0.20526564  0.2872167   0.
  -0.01989745  0.         -0.03533321  0.27579546]
 [ 0.38217825  0.7164764  -1.1035773  -0.058942    0.2822066   0.
   0.09835961  0.         -0.04325048  0.27375996]
 [ 0.470517   -0.2914547  -0.90318865 -0.13524596 -0.04766053  0.
  -0.11959331  0.         -0.0089737  -0.0811563 ]] 
Episode: 1097: [[ 0.22305949  0.04651434 -1.051652   -0.26772895  0.1482439   0.
  -0.12676844  0.          0.00317181  0.16330278]
 [ 0.22719225  0.06204925 -1.0833738  -0.2587056   0.20070817  0.
  -0.16974488  0.         -0.01725222  0.0859655 ]
 [ 0.24431887  0.54539603 -1.1090842  -0.20487745  0.28741     0.
  -0.02010904  0.         -0.03533321  0.27571657]
 [ 0.38253042  0.71668845 -1.1041509  -0.05856507  0.28237352  0.
   0.0981529   0.         -0.04325048  0.2736938 ]
 [ 0.4709466  -0.29153395 -0.90384096 -0.135097   -0.04772282  0.
  -0.11942933  0.         -0.0089737  -0.08130528]] 
Episode: 1098: [[ 0.2234458   0.04663866 -1.0521722  -0.26735857  0.148427    0.
  -0.12696765  0.          0.00317181  0.16306354]
 [ 0.22755276  0.06210582 -1.0839062  -0.2583434   0.20088658  0.
  -0.16998945  0.         -0.01725222  0.08567049]
 [ 0.2447397   0.5456384  -1.1096267  -0.20444858  0.28758535  0.
  -0.02018545  0.         -0.03533321  0.27559838]
 [ 0.38295949  0.7169043  -1.1047109  -0.05814213  0.28252432  0.
   0.09807903  0.         -0.04325048  0.273592  ]
 [ 0.47135153 -0.29162595 -0.90441585 -0.13494249 -0.04779926  0.
  -0.11915406  0.         -0.0089737  -0.08143319]] 
Episode: 1099: [[ 0.22371083  0.04669904 -1.0527631  -0.26721537  0.1484387   0.
  -0.12702738  0.          0.00317181  0.16282548]
 [ 0.2277915   0.06211019 -1.0845174  -0.25822157  0.20088041  0.
  -0.17008777  0.         -0.01725222  0.08535968]
 [ 0.2450263   0.5457955  -1.1102312  -0.20423271  0.28760993  0.
  -0.02014024  0.         -0.03533321  0.27554065]
 [ 0.38325912  0.71705335 -1.1053324  -0.05793125  0.28253564  0.
   0.09812468  0.         -0.04325048  0.27357793]
 [ 0.4716562  -0.29171157 -0.9050881  -0.13500483 -0.04809183  0.
  -0.11877193  0.         -0.0089737  -0.08160606]] 
Episode: 1100: [[ 0.22394799  0.04643617 -1.0535699  -0.26746115  0.14830263  0.
  -0.12720057  0.          0.00317181  0.1624031 ]
 [ 0.22801463  0.06182136 -1.0853472  -0.25847828  0.20069951  0.
  -0.17029789  0.         -0.01725222  0.08488391]
 [ 0.24526039  0.54569006 -1.1110733  -0.20438139  0.2875506   0.
  -0.0202135   0.         -0.03533321  0.27531186]
 [ 0.38346866  0.7170166  -1.1061884  -0.05802477  0.2825017   0.
   0.09805366  0.         -0.04325048  0.27340645]
 [ 0.4720329  -0.29195887 -0.90586096 -0.1352061  -0.04852751  0.
  -0.11856268  0.         -0.0089737  -0.08196767]] 
Episode: 1101: [[ 0.22425713  0.04623811 -1.0543343  -0.26762643  0.14817779  0.
  -0.12730019  0.          0.00317181  0.16194025]
 [ 0.22830895  0.06159106 -1.0861242  -0.2586541   0.20053388  0.
  -0.17042787  0.         -0.01725222  0.08438533]
 [ 0.2455848   0.54564196 -1.111885   -0.20444748  0.2874986   0.
  -0.02017653  0.         -0.03533321  0.27501914]
 [ 0.383772    0.71703005 -1.1070199  -0.05803885  0.28247544  0.
   0.09810184  0.         -0.04325048  0.27317038]
 [ 0.4724215  -0.29221356 -0.90652275 -0.13534737 -0.04896894  0.
  -0.11828968  0.         -0.0089737  -0.08232542]] 
Episode: 1102: [[ 0.22474898  0.04625539 -1.0550565  -0.26766855  0.14819062  0.
  -0.12749399  0.          0.00317181  0.16148418]
 [ 0.22879153  0.06157028 -1.0868583  -0.25869995  0.2005243   0.
  -0.17058824  0.         -0.01725222  0.08393971]
 [ 0.24611093  0.54575664 -1.1126463  -0.20439227  0.2875489   0.
  -0.02025716  0.         -0.03533321  0.27462688]
 [ 0.38425744  0.7171668  -1.1078064  -0.05792983  0.2825388   0.
   0.09803313  0.         -0.04325048  0.27280885]
 [ 0.47298893 -0.2923993  -0.9072172  -0.13532121 -0.0492502   0.
  -0.11790972  0.         -0.0089737  -0.08255588]] 
Episode: 1103: [[ 0.22527066  0.04627865 -1.0557641  -0.26767677  0.14818774  0.
  -0.12767531  0.          0.00317181  0.16101192]
 [ 0.22929725  0.06154586 -1.0875711  -0.25871253  0.200505    0.
  -0.17072058  0.         -0.01725222  0.08349511]
 [ 0.24670427  0.54589134 -1.1134073  -0.20430112  0.28757188  0.
  -0.0203398   0.         -0.03533321  0.27417317]
 [ 0.38482782  0.7173233  -1.1086023  -0.05778586  0.28257266  0.
   0.09796577  0.         -0.04325048  0.2723761 ]
 [ 0.47352004 -0.29257205 -0.9078531  -0.13528527 -0.04948593  0.
  -0.11745484  0.         -0.0089737  -0.08276326]] 
Episode: 1104: [[ 0.22578324  0.04626259 -1.0563725  -0.2675771   0.14823495  0.
  -0.12771888  0.          0.00317181  0.16062969]
 [ 0.2297874   0.0614578  -1.0881768  -0.25861982  0.20054205  0.
  -0.17071779  0.         -0.01725222  0.08317754]
 [ 0.24730279  0.54603165 -1.1140828  -0.20409742  0.2876253   0.
  -0.02030019  0.         -0.03533321  0.27376577]
 [ 0.385414    0.7174852  -1.1093227  -0.05753707  0.28262588  0.
   0.09801728  0.         -0.04325048  0.27199507]
 [ 0.47397333 -0.2928494  -0.90835387 -0.13523027 -0.04968819  0.
  -0.11695157  0.         -0.0089737  -0.08282772]] 
Episode: 1105: [[ 0.22626713  0.04623388 -1.0569366  -0.26743764  0.14831203  0.
  -0.12764402  0.          0.00317181  0.1603721 ]
 [ 0.23023993  0.06132673 -1.0887334  -0.25848904  0.20061089  0.
  -0.1705988   0.         -0.01725222  0.08302228]
 [ 0.24788424  0.54622215 -1.1147174  -0.20385374  0.28770298  0.
  -0.02015062  0.         -0.03533321  0.27344027]
 [ 0.38600013  0.7176969  -1.1100029  -0.05725273  0.2826996   0.
   0.09817572  0.         -0.04325048  0.2716967 ]
 [ 0.47433937 -0.29323703 -0.90878516 -0.1351552  -0.04987682  0.
  -0.11636458  0.         -0.0089737  -0.08272862]] 
Episode: 1106: [[ 0.22678114  0.04634928 -1.0574203  -0.2671998   0.14844252  0.
  -0.127489    0.          0.00317181  0.16017428]
 [ 0.2307151   0.061325   -1.0891987  -0.25825992  0.20074284  0.
  -0.17040491  0.         -0.01725222  0.08297322]
 [ 0.24851719  0.5465288  -1.1152892  -0.2035076   0.28781524  0.
  -0.01990212  0.         -0.03533321  0.2731235 ]
 [ 0.38664496  0.71799713 -1.1106265  -0.05686861  0.28280103  0.
   0.09843037  0.         -0.04325048  0.27140638]
 [ 0.4746754  -0.29354244 -0.90908694 -0.13503061 -0.04997943  0.
  -0.11572529  0.         -0.0089737  -0.08250421]] 
Episode: 1107: [[ 0.22704788  0.04604296 -1.0579708  -0.2674569   0.14828488  0.
  -0.12723     0.          0.00317181  0.16021697]
 [ 0.23093885  0.06092316 -1.0897385  -0.2585627   0.20059107  0.
  -0.17010868  0.         -0.01725222  0.08313762]
 [ 0.24887824  0.5464655  -1.1158988  -0.2035374   0.28763467  0.
  -0.01956464  0.         -0.03533321  0.2730158 ]
 [ 0.3870261   0.71804607 -1.1112552  -0.05680564  0.28265867  0.
   0.09859844  0.         -0.04325048  0.27130428]
 [ 0.4748307  -0.2939619  -0.9093992  -0.13556026 -0.05013292  0.
  -0.11501607  0.         -0.0089737  -0.08209693]] 
Episode: 1108: [[ 0.22733945  0.04577751 -1.058492   -0.2676879   0.14816065  0.
  -0.1268775   0.          0.00317181  0.16024235]
 [ 0.23118298  0.0605588  -1.0902463  -0.25884065  0.20047574  0.
  -0.1697204   0.         -0.01725222  0.08329533]
 [ 0.24927491  0.5464326  -1.1164782  -0.2035494   0.28748226  0.
  -0.01914711  0.         -0.03533321  0.27290693]
 [ 0.38745236  0.71811944 -1.111851   -0.05673184  0.28254014  0.
   0.09886179  0.         -0.04325048  0.2712101 ]
 [ 0.47496542 -0.29437223 -0.9096877  -0.13607028 -0.05025934  0.
  -0.11424402  0.         -0.0089737  -0.08172668]] 
Episode: 1109: [[ 0.22753976  0.0455208  -1.0589952  -0.2679399   0.14815633  0.
  -0.12644716  0.          0.00317181  0.16027787]
 [ 0.23134647  0.06020264 -1.0907422  -0.25913906  0.20047666  0.
  -0.16928099  0.         -0.01725222  0.08339662]
 [ 0.24953234  0.5464106  -1.1170262  -0.20361319  0.28745693  0.
  -0.01865758  0.         -0.03533321  0.27290908]
 [ 0.38772076  0.7181954  -1.1124068  -0.0567284   0.282545    0.
   0.09921084  0.         -0.04325048  0.27123874]
 [ 0.47509432 -0.29477993 -0.9099902  -0.13662173 -0.0503458   0.
  -0.11360045  0.         -0.0089737  -0.08152416]] 
Episode: 1110: [[ 0.22780307  0.04528431 -1.0594169  -0.2680402   0.14824271  0.
  -0.12617938  0.          0.00317181  0.1603179 ]
 [ 0.23158135  0.05986341 -1.0911549  -0.25928038  0.20057699  0.
  -0.16899562  0.         -0.01725222  0.08352476]
 [ 0.24985118  0.5464286  -1.117486   -0.20353001  0.28750947  0.
  -0.01833091  0.         -0.03533321  0.2728844 ]
 [ 0.38806048  0.7183033  -1.1128743  -0.05657916  0.28261244  0.
   0.09941287  0.         -0.04325048  0.27122578]
 [ 0.47531417 -0.29522035 -0.9102479  -0.13703954 -0.05033539  0.
  -0.11294234  0.         -0.0089737  -0.08124923]] 
Episode: 1111: [[ 0.22797088  0.04487617 -1.0598704  -0.26827785  0.14829081  0.
  -0.12581909  0.          0.00317181  0.16038157]
 [ 0.23171371  0.05935203 -1.0916023  -0.25956568  0.2006326   0.
  -0.16861717  0.         -0.01725222  0.08367913]
 [ 0.2500783   0.54630715 -1.117981   -0.20358865  0.28753096  0.
  -0.01792319  0.         -0.03533321  0.2728959 ]
 [ 0.38831726  0.71831125 -1.1133779  -0.05658284  0.28265193  0.
   0.09970669  0.         -0.04325048  0.2712714 ]
 [ 0.4754137  -0.29575396 -0.9105302  -0.13757339 -0.05040663  0.
  -0.11221623  0.         -0.0089737  -0.08094896]] 
Episode: 1112: [[ 0.22806717  0.04449425 -1.0603318  -0.26859143  0.14830698  0.
  -0.12548223  0.          0.00317181  0.16043957]
 [ 0.23178664  0.05888755 -1.0920597  -0.2599194   0.20065853  0.
  -0.16826433  0.         -0.01725222  0.08377327]
 [ 0.25019094  0.5461471  -1.1184796  -0.20375709  0.2875139   0.
  -0.01761134  0.         -0.03533321  0.27296475]
 [ 0.3884378   0.71826833 -1.1138778  -0.05670367  0.28265306  0.
   0.0998804   0.         -0.04325048  0.27137002]
 [ 0.47556132 -0.29611555 -0.9108183  -0.13809457 -0.0504277   0.
  -0.11156005  0.         -0.0089737  -0.08079377]] 
Episode: 1113: [[ 0.22822897  0.04415186 -1.0608221  -0.26873323  0.14837015  0.
  -0.12505972  0.          0.00317181  0.16045871]
 [ 0.23191936  0.05844164 -1.0925435  -0.26010036  0.20073473  0.
  -0.16782512  0.         -0.01725222  0.08384217]
 [ 0.25039327  0.5460609  -1.1190138  -0.2037461   0.2875352   0.
  -0.01721691  0.         -0.03533321  0.27300152]
 [ 0.38865995  0.71828693 -1.1144198  -0.05664933  0.28268552  0.
   0.10014874  0.         -0.04325048  0.27144462]
 [ 0.47570372 -0.296508   -0.9111285  -0.13852455 -0.05043222  0.
  -0.1108764   0.         -0.0089737  -0.0806556 ]] 
Episode: 1114: [[ 0.22839506  0.04383661 -1.0613104  -0.26895228  0.14832304  0.
  -0.1245602   0.          0.00317181  0.16061445]
 [ 0.23205267  0.05801896 -1.0930318  -0.26035893  0.20070069  0.
  -0.16730827  0.         -0.01725222  0.08408137]
 [ 0.2506141   0.54597604 -1.1195253  -0.20382234  0.28744128  0.
  -0.01682791  0.         -0.03533321  0.2730789 ]
 [ 0.38890803  0.7182974  -1.1149306  -0.05668626  0.28260785  0.
   0.10036115  0.         -0.04325048  0.27154046]
 [ 0.47581825 -0.29691234 -0.9114908  -0.13894087 -0.05048293  0.
  -0.11012729  0.         -0.0089737  -0.08032598]] 
Episode: 1115: [[ 0.22850911  0.04354319 -1.0618049  -0.2692037   0.1484096   0.
  -0.12399141  0.          0.00317181  0.16082716]
 [ 0.23215574  0.05760454 -1.0935239  -0.26065156  0.20079929  0.
  -0.1667216   0.         -0.01725222  0.0843179 ]
 [ 0.25069124  0.54592204 -1.1200596  -0.20395745  0.28747723  0.
  -0.01636401  0.         -0.03533321  0.27330983]
 [ 0.38899067  0.7183218  -1.1154649  -0.05679879  0.28264767  0.
   0.10066437  0.         -0.04325048  0.27178589]
 [ 0.47598675 -0.2972845  -0.9118211  -0.13943489 -0.05046325  0.
  -0.10936136  0.         -0.0089737  -0.08007791]] 
Episode: 1116: [[ 0.22869177  0.04325427 -1.0623024  -0.26914576  0.14864227  0.
  -0.12338217  0.          0.00317181  0.16104372]
 [ 0.23233701  0.05718081 -1.0940278  -0.26063755  0.20103502  0.
  -0.1661462   0.         -0.01725222  0.084548  ]
 [ 0.25082028  0.5459308  -1.120597   -0.20376906  0.28767765  0.
  -0.01583276  0.         -0.03533321  0.2735509 ]
 [ 0.38912538  0.7183951  -1.1160179  -0.05662043  0.28283513  0.
   0.10104929  0.         -0.04325048  0.27202895]
 [ 0.4762622  -0.2977502  -0.9122835  -0.13987549 -0.05050926  0.
  -0.10871577  0.         -0.0089737  -0.07979427]] 
Episode: 1117: [[ 0.22880907  0.04297293 -1.0627005  -0.269119    0.1488564   0.
  -0.12287319  0.          0.00317181  0.1612787 ]
 [ 0.23244104  0.05676712 -1.0944331  -0.26065448  0.20125252  0.
  -0.16565844  0.         -0.01725222  0.08482139]
 [ 0.25091457  0.5459401  -1.1210248  -0.20361896  0.28785872  0.
  -0.01541175  0.         -0.03533321  0.27380404]
 [ 0.38923797  0.7184685  -1.1164588  -0.05647853  0.2830009   0.
   0.10134237  0.         -0.04325048  0.27229476]
 [ 0.4764087  -0.29825243 -0.91266567 -0.14033839 -0.05054815  0.
  -0.10812958  0.         -0.0089737  -0.07949605]] 
Episode: 1118: [[ 0.2289006   0.04266728 -1.063062   -0.2691405   0.14908817  0.
  -0.12229586  0.          0.00317181  0.1614858 ]
 [ 0.23252417  0.05632637 -1.0948015  -0.2607214   0.20148455  0.
  -0.16509785  0.         -0.01725222  0.08502758]
 [ 0.2509648   0.5459461  -1.1214153  -0.20352541  0.2880615   0.
  -0.01491906  0.         -0.03533321  0.274095  ]
 [ 0.3893044   0.71854055 -1.1168609  -0.0563965   0.2831863   0.
   0.1017182   0.         -0.04325048  0.27260908]
 [ 0.47655296 -0.29876706 -0.9130227  -0.14084183 -0.05060128  0.
  -0.10754993  0.         -0.0089737  -0.07931689]] 
Episode: 1119: [[ 0.22874385  0.04239676 -1.063762   -0.2693621   0.14893487  0.
  -0.1217726   0.          0.00317181  0.16172418]
 [ 0.23234196  0.05594962 -1.0955139  -0.26099363  0.20130812  0.
  -0.16459     0.         -0.01725222  0.08525676]
 [ 0.25077808  0.54595363 -1.1221586  -0.20364536  0.28793275  0.
  -0.01447383  0.         -0.03533321  0.27446002]
 [ 0.38915145  0.71862215 -1.1176136  -0.05653645  0.28307542  0.
   0.10201501  0.         -0.04325048  0.27299222]
 [ 0.4764793  -0.29923335 -0.913608   -0.14148568 -0.05104187  0.
  -0.10702609  0.         -0.0089737  -0.0791202 ]] 
Episode: 1120: [[ 0.22863905  0.04214396 -1.0644249  -0.2694554   0.14889166  0.
  -0.12118237  0.          0.00317181  0.16191784]
 [ 0.23221211  0.05556571 -1.0961882  -0.26113808  0.20124711  0.
  -0.16401128  0.         -0.01725222  0.08544263]
 [ 0.250648    0.54599404 -1.1228656  -0.20362814  0.28789803  0.
  -0.01395927  0.         -0.03533321  0.27480513]
 [ 0.38906363  0.7187259  -1.1183358  -0.05653804  0.28304458  0.
   0.10239424  0.         -0.04325048  0.27336174]
 [ 0.47641712 -0.29970014 -0.9141675  -0.14206217 -0.05138722  0.
  -0.10650002  0.         -0.0089737  -0.07896011]] 
Episode: 1121: [[ 0.2285017   0.041943   -1.0651758  -0.26943168  0.1489511   0.
  -0.1206084   0.          0.00317181  0.16210474]
 [ 0.23206182  0.05525578 -1.0969571  -0.26116908  0.20128019  0.
  -0.16348901  0.         -0.01725222  0.08558302]
 [ 0.25044122  0.54605067 -1.1236656  -0.2034896   0.28798455  0.
  -0.01338237  0.         -0.03533321  0.2752092 ]
 [ 0.38889092  0.71883833 -1.1191546  -0.05642654  0.28312978  0.
   0.10284761  0.         -0.04325048  0.27379555]
 [ 0.47641826 -0.30008918 -0.91486233 -0.14265986 -0.05177897  0.
  -0.10609847  0.         -0.0089737  -0.07887872]] 
Episode: 1122: [[ 0.22845443  0.04160868 -1.0659122  -0.26941013  0.14895424  0.
  -0.12021147  0.          0.00317181  0.16241893]
 [ 0.23200142  0.05475741 -1.097719   -0.26119703  0.20123038  0.
  -0.16314101  0.         -0.01725222  0.08591839]
 [ 0.2503684   0.5461319  -1.1244195  -0.2033637   0.28806484  0.
  -0.01297715  0.         -0.03533321  0.2754883 ]
 [ 0.3888574   0.71901685 -1.1199155  -0.05632343  0.2832207   0.
   0.10314346  0.         -0.04325048  0.27406117]
 [ 0.4764648  -0.30082533 -0.9155966  -0.14318231 -0.05238153  0.
  -0.10560268  0.         -0.0089737  -0.07859983]] 
Episode: 1123: [[ 0.22842672  0.04123962 -1.0666629  -0.26942882  0.14892437  0.
  -0.11997379  0.          0.00317181  0.16268472]
 [ 0.23194756  0.05423315 -1.0984964  -0.26126105  0.2011437   0.
  -0.16294974  0.         -0.01725222  0.08629487]
 [ 0.25036994  0.546211   -1.125177   -0.20328346  0.2881189   0.
  -0.01271814  0.         -0.03533321  0.27568045]
 [ 0.3889233   0.71920073 -1.1206769  -0.05626658  0.28328297  0.
   0.10334003  0.         -0.04325048  0.27423966]
 [ 0.47647896 -0.30165485 -0.91633046 -0.14364591 -0.05301347  0.
  -0.10520341  0.         -0.0089737  -0.07822861]] 
Episode: 1124: [[ 0.22843654  0.04087725 -1.0674125  -0.26925778  0.14898778  0.
  -0.11971682  0.          0.00317181  0.16293722]
 [ 0.23193105  0.05370658 -1.0992671  -0.2611396   0.2011507   0.
  -0.16275741  0.         -0.01725222  0.08664295]
 [ 0.25041094  0.5463144  -1.1259555  -0.2029966   0.2882683   0.
  -0.01237123  0.         -0.03533321  0.2758779 ]
 [ 0.38902873  0.71940094 -1.1214736  -0.05600287  0.28343654  0.
   0.10362904  0.         -0.04325048  0.274429  ]
 [ 0.47650307 -0.30249336 -0.9170402  -0.14409995 -0.05361759  0.
  -0.10486297  0.         -0.0089737  -0.07788145]] 
Episode: 1125: [[ 0.22846526  0.04046137 -1.0680778  -0.26909235  0.14907892  0.
  -0.1194511   0.          0.00317181  0.16321291]
 [ 0.23193468  0.05311512 -1.0999446  -0.2610224   0.20117828  0.
  -0.1625278   0.         -0.01725222  0.08703843]
 [ 0.25047758  0.54641646 -1.1266651  -0.20271571  0.2884603   0.
  -0.01204017  0.         -0.03533321  0.2760366 ]
 [ 0.3891629   0.7196125  -1.1222118  -0.0557425   0.28363168  0.
   0.10390182  0.         -0.04325048  0.2745751 ]
 [ 0.47652945 -0.3034671  -0.9176234  -0.14451675 -0.05428915  0.
  -0.10442207  0.         -0.0089737  -0.07740764]] 
Episode: 1126: [[ 0.22858259  0.04006495 -1.068479   -0.26898047  0.14907786  0.
  -0.11933158  0.          0.00317181  0.16349648]
 [ 0.23201978  0.05252567 -1.1003509  -0.26095292  0.2011274   0.
  -0.16244315  0.         -0.01725222  0.08755513]
 [ 0.25068638  0.5465352  -1.127098   -0.20248327  0.28853375  0.
  -0.01185618  0.         -0.03533321  0.2760575 ]
 [ 0.38945127  0.71983236 -1.1226696  -0.0555037   0.2837193   0.
   0.10403508  0.         -0.04325048  0.27455816]
 [ 0.47657454 -0.3045685  -0.917981   -0.14484397 -0.05488781  0.
  -0.10389089  0.         -0.0089737  -0.0768091 ]] 
Episode: 1127: [[ 0.22869991  0.0396702  -1.0688207  -0.2688813   0.1491381   0.
  -0.11910452  0.          0.00317181  0.16382226]
 [ 0.2321024   0.05191418 -1.1006933  -0.2609002   0.20113939  0.
  -0.1622451   0.         -0.01725222  0.0881338 ]
 [ 0.2508992   0.546712   -1.1274786  -0.20225863  0.28866497  0.
  -0.01157674  0.         -0.03533321  0.27608767]
 [ 0.3897489   0.7201134  -1.1230799  -0.05527348  0.28385943  0.
   0.10426717  0.         -0.04325048  0.2745585 ]
 [ 0.47659153 -0.30581543 -0.91825354 -0.14521869 -0.05546213  0.
  -0.10327858  0.         -0.0089737  -0.0761042 ]] 
Episode: 1128: [[ 0.22875008  0.03931426 -1.0691525  -0.2686895   0.14923127  0.
  -0.11885037  0.          0.00317181  0.16409232]
 [ 0.23212124  0.051339   -1.1010284  -0.26074812  0.20118283  0.
  -0.16208689  0.         -0.01725222  0.08856006]
 [ 0.25102723  0.5469207  -1.1278445  -0.2019549   0.28883323  0.
  -0.01121145  0.         -0.03533321  0.27622312]
 [ 0.38996765  0.7204101  -1.1234719  -0.05497285  0.28403178  0.
   0.10458815  0.         -0.04325048  0.2746875 ]
 [ 0.47659752 -0.30698487 -0.91852415 -0.14550373 -0.05603208  0.
  -0.10286228  0.         -0.0089737  -0.07565886]] 
Episode: 1129: [[ 0.22879153  0.03881359 -1.069422   -0.2684501   0.14942141  0.
  -0.11862503  0.          0.00317181  0.1644199 ]
 [ 0.23212568  0.0505938  -1.1012992  -0.26055065  0.20131843  0.
  -0.16195394  0.         -0.01725222  0.08902971]
 [ 0.2511565   0.54706633 -1.1281481  -0.20160864  0.28910527  0.
  -0.01087681  0.         -0.03533321  0.27641666]
 [ 0.39018837  0.7206712  -1.1238021  -0.05463348  0.28430185  0.
   0.10487725  0.         -0.04325048  0.27486512]
 [ 0.47652346 -0.30831054 -0.91871256 -0.145853   -0.05658323  0.
  -0.10249332  0.         -0.0089737  -0.07514461]] 
Episode: 1130: [[ 0.22884305  0.03827016 -1.0696826  -0.26833764  0.14952059  0.
  -0.11830386  0.          0.00317181  0.16455771]
 [ 0.23212934  0.0498231  -1.1015544  -0.2604854   0.20136482  0.
  -0.16171706  0.         -0.01725222  0.08925761]
 [ 0.25132978  0.547153   -1.1284515  -0.20137447  0.28928226  0.
  -0.01046179  0.         -0.03533321  0.27649134]
 [ 0.39046133  0.72088975 -1.1241325  -0.05439429  0.2844799   0.
   0.1052496   0.         -0.04325048  0.2749263 ]
 [ 0.47641408 -0.3095764  -0.91885734 -0.1463076  -0.05718146  0.
  -0.10202698  0.         -0.0089737  -0.0748053 ]] 
Episode: 1131: [[ 0.22879273  0.03775887 -1.069909   -0.26816103  0.14976884  0.
  -0.11789529  0.          0.00317181  0.16483346]
 [ 0.23205517  0.04907006 -1.1017772  -0.26035997  0.2015517   0.
  -0.1613952   0.         -0.01725222  0.0895701 ]
 [ 0.2513077   0.54730713 -1.1287318  -0.20109068  0.28963187  0.
  -0.00997447  0.         -0.03533321  0.27673653]
 [ 0.3905135   0.72116786 -1.1244454  -0.05412337  0.2848265   0.
   0.10569684  0.         -0.04325048  0.27514094]
 [ 0.47635496 -0.31089354 -0.91897225 -0.14681146 -0.05782386  0.
  -0.10156378  0.         -0.0089737  -0.0744721 ]] 
Episode: 1132: [[ 0.22867614  0.03738184 -1.0701858  -0.26813588  0.15014489  0.
  -0.11764726  0.          0.00317181  0.16505152]
 [ 0.23193252  0.04850146 -1.1020542  -0.26036867  0.20186909  0.
  -0.16122761  0.         -0.01725222  0.0897562 ]
 [ 0.25115964  0.5474284  -1.1290518  -0.20101565  0.29010272  0.
  -0.00964984  0.         -0.03533321  0.27699772]
 [ 0.39038965  0.7213635  -1.1247809  -0.05406496  0.28528973  0.
   0.10598712  0.         -0.04325048  0.2753382 ]
 [ 0.47640336 -0.31185    -0.9191413  -0.14722706 -0.05830412  0.
  -0.10128163  0.         -0.0089737  -0.07435577]] 
Episode: 1133: [[ 0.2284719   0.03709721 -1.0704714  -0.26818106  0.15059029  0.
  -0.11754363  0.          0.00317181  0.16519627]
 [ 0.23172222  0.04806632 -1.1023452  -0.26044488  0.20226116  0.
  -0.16119877  0.         -0.01725222  0.08979149]
 [ 0.25091553  0.54755855 -1.1293693  -0.20102713  0.29063448  0.
  -0.00947157  0.         -0.03533321  0.27730742]
 [ 0.3901692   0.7215486  -1.1251042  -0.05409794  0.2858081   0.
   0.10613617  0.         -0.04325048  0.27558485]
 [ 0.47642657 -0.31255144 -0.91933715 -0.14767238 -0.05864106  0.
  -0.10116223  0.         -0.0089737  -0.0744266 ]] 
Episode: 1134: [[ 0.228029    0.03687875 -1.0705802  -0.26855242  0.15118837  0.
  -0.11756988  0.          0.00317181  0.16510431]
 [ 0.23128839  0.04769537 -1.1024685  -0.26083982  0.20276494  0.
  -0.16129468  0.         -0.01725222  0.08961487]
 [ 0.2504584   0.5476597  -1.1294862  -0.20137078  0.29137754  0.
  -0.00942498  0.         -0.03533321  0.2776733 ]
 [ 0.3897595   0.72162706 -1.1252154  -0.05440489  0.2865334   0.
   0.10615816  0.         -0.04325048  0.2758536 ]
 [ 0.47641522 -0.31296203 -0.9194274  -0.14829567 -0.05912704  0.
  -0.10118914  0.         -0.0089737  -0.07469377]] 
Episode: 1135: [[ 0.22760735  0.03663455 -1.0706676  -0.26881427  0.15175316  0.
  -0.11771294  0.          0.00317181  0.16516341]
 [ 0.23087019  0.04730435 -1.1025668  -0.26112115  0.20324832  0.
  -0.16150282  0.         -0.01725222  0.08963724]
 [ 0.25003475  0.54776454 -1.1295823  -0.20160905  0.29206884  0.
  -0.00949685  0.         -0.03533321  0.278072  ]
 [ 0.3893942   0.72172594 -1.1253123  -0.05461235  0.28720823  0.
   0.10606584  0.         -0.04325048  0.27616027]
 [ 0.47637543 -0.31346115 -0.919488   -0.14881976 -0.05955117  0.
  -0.10122752  0.         -0.0089737  -0.07473056]] 
Episode: 1136: [[ 0.2272992   0.03652898 -1.0707259  -0.2688198   0.1524237   0.
  -0.11796107  0.          0.00317181  0.16522856]
 [ 0.23056607  0.04705517 -1.1026324  -0.26114285  0.20385098  0.
  -0.16181187  0.         -0.01725222  0.08966498]
 [ 0.24972945  0.54798335 -1.1296574  -0.20157966  0.29284388  0.
  -0.00960125  0.         -0.03533321  0.27844468]
 [ 0.38915128  0.7219152  -1.1253964  -0.05455863  0.28795403  0.
   0.10595723  0.         -0.04325048  0.27644554]
 [ 0.47639826 -0.31389272 -0.91952556 -0.14918283 -0.05985746  0.
  -0.10139249  0.         -0.0089737  -0.07471394]] 
Episode: 1137: [[ 0.22721115  0.03645974 -1.0709071  -0.26878268  0.15282105  0.
  -0.11806494  0.          0.00317181  0.16511841]
 [ 0.23049226  0.04683881 -1.1028162  -0.26111585  0.20415816  0.
  -0.16196817  0.         -0.01725222  0.08950999]
 [ 0.24963161  0.54822206 -1.1298681  -0.20150624  0.29339516  0.
  -0.00958135  0.         -0.03533321  0.27861804]
 [ 0.38908446  0.72213244 -1.1256223  -0.05445838  0.28850016  0.
   0.10597166  0.         -0.04325048  0.27654207]
 [ 0.47664255 -0.31431934 -0.91968375 -0.1494062  -0.06048788  0.
  -0.10143884  0.         -0.0089737  -0.07480349]] 
Episode: 1138: [[ 0.22714463  0.03626583 -1.0711241  -0.26869142  0.15326786  0.
  -0.11803906  0.          0.00317181  0.16503377]
 [ 0.2304465   0.04650492 -1.1030347  -0.26104283  0.20451441  0.
  -0.16198708  0.         -0.01725222  0.08933879]
 [ 0.2495266   0.54838663 -1.130127   -0.20136666  0.2940039   0.
  -0.00944963  0.         -0.03533321  0.27885777]
 [ 0.38900328  0.7222972  -1.1259034  -0.05429966  0.28910387  0.
   0.10609679  0.         -0.04325048  0.27671295]
 [ 0.47689968 -0.3148072  -0.91984904 -0.14971827 -0.0611336   0.
  -0.10143676  0.         -0.0089737  -0.07493166]] 
Episode: 1139: [[ 0.22707883  0.03610772 -1.0713751  -0.2686305   0.15367153  0.
  -0.11811703  0.          0.00317181  0.16495547]
 [ 0.23039787  0.04621087 -1.10329    -0.26099655  0.20483494  0.
  -0.16209617  0.         -0.01725222  0.08917035]
 [ 0.24942529  0.5485926  -1.1304159  -0.20127401  0.2945587   0.
  -0.0094449   0.         -0.03533321  0.2790739 ]
 [ 0.38892496  0.72249967 -1.1262124  -0.05419349  0.28965428  0.
   0.10609727  0.         -0.04325048  0.2768558 ]
 [ 0.47713485 -0.31533054 -0.92006046 -0.15003824 -0.06173905  0.
  -0.10148712  0.         -0.0089737  -0.07506917]] 
Episode: 1140: [[ 0.22701079  0.03607439 -1.0716856  -0.26857126  0.15405811  0.
  -0.1182938   0.          0.00317181  0.16486982]
 [ 0.23034106  0.0460592  -1.1036085  -0.2609494   0.20515338  0.
  -0.16230531  0.         -0.01725222  0.08900578]
 [ 0.24933383  0.5488469  -1.1307569  -0.20118657  0.29506776  0.
  -0.00955017  0.         -0.03533321  0.27927598]
 [ 0.38885367  0.7227381  -1.1265663  -0.05409434  0.29015985  0.
   0.1059856   0.         -0.04325048  0.27699482]
 [ 0.4773461  -0.3157106  -0.9203511  -0.15032512 -0.06221604  0.
  -0.10163676  0.         -0.0089737  -0.07523634]] 
Episode: 1141: [[ 0.22712368  0.03596994 -1.0718946  -0.26847094  0.15423575  0.
  -0.11857213  0.          0.00317181  0.16468786]
 [ 0.23046187  0.04582433 -1.1038256  -0.26085475  0.20526473  0.
  -0.16261512  0.         -0.01725222  0.08876561]
 [ 0.24948327  0.5490914  -1.1309564  -0.20105754  0.2953642   0.
  -0.00975864  0.         -0.03533321  0.27929232]
 [ 0.38900137  0.7229965  -1.1267488  -0.05394588  0.29047376  0.
   0.10577303  0.         -0.04325048  0.2769598 ]
 [ 0.47757986 -0.31623474 -0.92054725 -0.15056096 -0.06274668  0.
  -0.10174312  0.         -0.0089737  -0.07537131]] 
Episode: 1142: [[ 0.22726351  0.03602824 -1.072215   -0.26847157  0.15444906  0.
  -0.11893768  0.          0.00317181  0.16433208]
 [ 0.23061508  0.04577554 -1.1041592  -0.26085716  0.20542689  0.
  -0.16301547  0.         -0.01725222  0.08834225]
 [ 0.24963036  0.54937863 -1.1312699  -0.20104715  0.29566476  0.
  -0.01005994  0.         -0.03533321  0.2792174 ]
 [ 0.3891012   0.72325367 -1.1270396  -0.05391091  0.29078558  0.
   0.10551539  0.         -0.04325048  0.2768115 ]
 [ 0.4778535  -0.3164556  -0.9208536  -0.15081684 -0.06307878  0.
  -0.10197327  0.         -0.0089737  -0.07569577]] 
Episode: 1143: [[ 0.2273496   0.03609519 -1.0726197  -0.26847008  0.15464711  0.
  -0.11938579  0.          0.00317181  0.16396686]
 [ 0.23070946  0.04572618 -1.1045803  -0.26084414  0.20558105  0.
  -0.16349722  0.         -0.01725222  0.08790053]
 [ 0.24972922  0.54967856 -1.1316686  -0.20105883  0.29593146  0.
  -0.01044476  0.         -0.03533321  0.27912572]
 [ 0.38913497  0.7235146  -1.12741    -0.05390129  0.29106006  0.
   0.10517146  0.         -0.04325048  0.27663687]
 [ 0.47808856 -0.3166763  -0.9212142  -0.15094748 -0.06327967  0.
  -0.1023147   0.         -0.0089737  -0.07605299]] 
Episode: 1144: [[ 0.2274422   0.03611376 -1.0729357  -0.26820788  0.15504815  0.
  -0.11990814  0.          0.00317181  0.16374636]
 [ 0.23081188  0.04560118 -1.1049093  -0.26057166  0.20593189  0.
  -0.16405217  0.         -0.01725222  0.08761393]
 [ 0.2498265   0.55002564 -1.1319803  -0.20080155  0.29641712  0.
  -0.01090468  0.         -0.03533321  0.27911758]
 [ 0.38918263  0.72382313 -1.1277006  -0.05363928  0.29154053  0.
   0.10474989  0.         -0.04325048  0.27653837]
 [ 0.47833917 -0.31705204 -0.92151535 -0.15100223 -0.0634898   0.
  -0.10269077  0.         -0.0089737  -0.07620489]] 
Episode: 1145: [[ 0.22750312  0.03609813 -1.0734088  -0.26807532  0.15541707  0.
  -0.1203751   0.          0.00317181  0.16333732]
 [ 0.23090139  0.04544994 -1.1053921  -0.26042387  0.20625179  0.
  -0.16461387  0.         -0.01725222  0.08714934]
 [ 0.24982482  0.5503139  -1.132475   -0.20069565  0.29686233  0.
  -0.01120488  0.         -0.03533321  0.27909032]
 [ 0.3891025   0.72406214 -1.1281759  -0.05353097  0.2919785   0.
   0.10448261  0.         -0.04325048  0.27644366]
 [ 0.47870773 -0.31734586 -0.9218433  -0.15108272 -0.06363478  0.
  -0.10316342  0.         -0.0089737  -0.07654389]] 
Episode: 1146: [[ 0.2275941   0.03599559 -1.0737853  -0.2679169   0.15583909  0.
  -0.120676    0.          0.00317181  0.16296536]
 [ 0.23101142  0.04518887 -1.1057723  -0.26025712  0.20662944  0.
  -0.1650048   0.         -0.01725222  0.08673442]
 [ 0.24987905  0.550574   -1.1328795  -0.20054281  0.2973469   0.
  -0.01136138  0.         -0.03533321  0.279067  ]
 [ 0.38909864  0.72428834 -1.1285726  -0.05337398  0.2924451   0.
   0.10435415  0.         -0.04325048  0.27636924]
 [ 0.47902095 -0.31776989 -0.9220795  -0.15120392 -0.06374137  0.
  -0.10352188  0.         -0.0089737  -0.07681546]] 
Episode: 1147: [[ 0.22780074  0.03594971 -1.074103   -0.26760477  0.15630037  0.
  -0.12106593  0.          0.00317181  0.16269733]
 [ 0.23122819  0.04497858 -1.1060926  -0.25993603  0.20705056  0.
  -0.16547802  0.         -0.01725222  0.0864668 ]
 [ 0.2500992   0.55090344 -1.1332203  -0.20022257  0.2978612   0.
  -0.0116158   0.         -0.03533321  0.27898812]
 [ 0.3892873   0.7245769  -1.1289108  -0.0530487   0.29293722  0.
   0.10412654  0.         -0.04325048  0.27621138]
 [ 0.47935387 -0.3182586  -0.922303   -0.15124005 -0.06383518  0.
  -0.10374122  0.         -0.0089737  -0.07685704]] 
Episode: 1148: [[ 0.22801347  0.03609629 -1.0744153  -0.2674611   0.1567161   0.
  -0.12129759  0.          0.00317181  0.16228047]
 [ 0.23146479  0.04503297 -1.1064066  -0.25978404  0.20744786  0.
  -0.1657823   0.         -0.01725222  0.0860196 ]
 [ 0.25028494  0.5512035  -1.1335622  -0.20008649  0.2982925   0.
  -0.01173115  0.         -0.03533321  0.27894711]
 [ 0.3894282   0.72479343 -1.1292472  -0.05291051  0.2933469   0.
   0.10403372  0.         -0.04325048  0.2761013 ]
 [ 0.4797945  -0.3182914  -0.9224859  -0.15139236 -0.06375539  0.
  -0.10407286  0.         -0.0089737  -0.07709619]] 
Episode: 1149: [[ 0.22827598  0.03616773 -1.0747069  -0.26728377  0.15707518  0.
  -0.12148069  0.          0.00317181  0.16194513]
 [ 0.23173639  0.04498658 -1.1066936  -0.25960016  0.20779465  0.
  -0.16600682  0.         -0.01725222  0.0856944 ]
 [ 0.2505748   0.55151486 -1.1338998  -0.19990821  0.29865327  0.
  -0.01183567  0.         -0.03533321  0.27887   ]
 [ 0.38969907  0.7250534  -1.1295905  -0.0527331   0.29369104  0.
   0.10390603  0.         -0.04325048  0.27595264]
 [ 0.4801744  -0.3185011  -0.92263234 -0.15152866 -0.06369384  0.
  -0.10423689  0.         -0.0089737  -0.07716667]] 
Episode: 1150: [[ 0.22847039  0.03625838 -1.0750185  -0.2671697   0.15744859  0.
  -0.12176463  0.          0.00317181  0.16154507]
 [ 0.23195587  0.04501134 -1.1069978  -0.25947174  0.20816219  0.
  -0.16633031  0.         -0.01725222  0.08522801]
 [ 0.25073078  0.55175364 -1.1342725  -0.19982088  0.29902232  0.
  -0.01204336  0.         -0.03533321  0.27881837]
 [ 0.38980326  0.72522783 -1.1299717  -0.05264962  0.2940424   0.
   0.10367909  0.         -0.04325048  0.27583534]
 [ 0.48060435 -0.31847546 -0.9227511  -0.1516023  -0.06354097  0.
  -0.10451862  0.         -0.0089737  -0.07743116]] 
Episode: 1151: [[ 0.22854015  0.03614613 -1.0752268  -0.26720777  0.15783438  0.
  -0.12194887  0.          0.00317181  0.16127814]
 [ 0.23207673  0.04482967 -1.1072043  -0.25950173  0.20853081  0.
  -0.16654928  0.         -0.01725222  0.08482938]
 [ 0.25065622  0.5518551  -1.1345242  -0.19989894  0.2994238   0.
  -0.01226929  0.         -0.03533321  0.27895093]
 [ 0.3896858   0.72530013 -1.1302241  -0.05274181  0.2944237   0.
   0.10336287  0.         -0.04325048  0.27589038]
 [ 0.48107046 -0.31851804 -0.92283934 -0.15180561 -0.06346785  0.
  -0.10465006  0.         -0.0089737  -0.07766291]] 
Episode: 1152: [[ 0.22851343  0.0360857  -1.075474   -0.267352    0.1581751   0.
  -0.12223385  0.          0.00317181  0.16102934]
 [ 0.23209693  0.04472312 -1.1074535  -0.25964162  0.20885122  0.
  -0.16686521  0.         -0.01725222  0.0844521 ]
 [ 0.25047493  0.5519595  -1.1348101  -0.20009418  0.2997906   0.
  -0.01258626  0.         -0.03533321  0.279083  ]
 [ 0.38946483  0.7253676  -1.1305032  -0.05296174  0.2947819   0.
   0.10296632  0.         -0.04325048  0.27595183]
 [ 0.48148912 -0.31844288 -0.9229654  -0.15207496 -0.06343839  0.
  -0.10463422  0.         -0.0089737  -0.07787708]] 
Episode: 1153: [[ 0.22851315  0.03605274 -1.075908   -0.2673091   0.15846802  0.
  -0.12260865  0.          0.00317181  0.16058534]
 [ 0.23214526  0.04465208 -1.1078849  -0.2596034   0.20909604  0.
  -0.16727091  0.         -0.01725222  0.0839069 ]
 [ 0.2503102   0.55204993 -1.1353072  -0.20006916  0.30015764  0.
  -0.01275782  0.         -0.03533321  0.2792092 ]
 [ 0.38927007  0.7253974  -1.1309998  -0.05296388  0.29514158  0.
   0.10272147  0.         -0.04325048  0.27603078]
 [ 0.48200262 -0.31825194 -0.9232095  -0.15240344 -0.0636705   0.
  -0.10475396  0.         -0.0089737  -0.07827045]] 
Episode: 1154: [[ 0.22850364  0.03597035 -1.0763191  -0.26732007  0.15871632  0.
  -0.12282756  0.          0.00317181  0.1601341 ]
 [ 0.23216784  0.04452907 -1.1082897  -0.25962585  0.20931025  0.
  -0.16752726  0.         -0.01725222  0.08334531]
 [ 0.25018913  0.5520953  -1.1357951  -0.20008017  0.30045006  0.
  -0.01279855  0.         -0.03533321  0.27930042]
 [ 0.38913924  0.72540426 -1.1314937  -0.0529977   0.29542986  0.
   0.1026131   0.         -0.04325048  0.27609032]
 [ 0.48239174 -0.3180975  -0.9234155  -0.15277845 -0.0638388   0.
  -0.10476197  0.         -0.0089737  -0.0786778 ]] 
Episode: 1155: [[ 0.22837031  0.03585029 -1.0768327  -0.26711515  0.15912381  0.
  -0.12311886  0.          0.00317181  0.15950893]
 [ 0.23206322  0.04437068 -1.1088178  -0.25942495  0.2096824   0.
  -0.16787928  0.         -0.01725222  0.08263502]
 [ 0.2499412   0.5521015  -1.1363447  -0.19987747  0.30089518  0.
  -0.0127216   0.         -0.03533321  0.27948222]
 [ 0.3889088   0.72535914 -1.1320343  -0.05283116  0.29584703  0.
   0.10262752  0.         -0.04325048  0.27628317]
 [ 0.48273683 -0.31781858 -0.92384636 -0.1530142  -0.06392004  0.
  -0.10490309  0.         -0.0089737  -0.0792443 ]] 
Episode: 1156: [[ 0.22816725  0.03587034 -1.077278   -0.26699486  0.15953702  0.
  -0.12350007  0.          0.00317181  0.15894671]
 [ 0.23188253  0.04436336 -1.1092815  -0.25930947  0.210068    0.
  -0.16831736  0.         -0.01725222  0.08195229]
 [ 0.24964038  0.5521975  -1.1368158  -0.19975905  0.30132884  0.
  -0.01276594  0.         -0.03533321  0.27970582]
 [ 0.38861367  0.72538525 -1.1324909  -0.05274289  0.29624888  0.
   0.10252859  0.         -0.04325048  0.27651602]
 [ 0.4829388  -0.31742457 -0.92420495 -0.1533469  -0.06384556  0.
  -0.10516386  0.         -0.0089737  -0.0799114 ]] 
Episode: 1157: [[ 0.22796564  0.03579617 -1.0777588  -0.2669259   0.1600065   0.
  -0.12380195  0.          0.00317181  0.15829739]
 [ 0.23171197  0.04423999 -1.1097795  -0.25925195  0.2105052   0.
  -0.16870472  0.         -0.01725222  0.0811336 ]
 [ 0.24929342  0.5522394  -1.1373377  -0.1996845   0.30182856  0.
  -0.01270873  0.         -0.03533321  0.27996188]
 [ 0.3882625   0.7253733  -1.1330078  -0.05269446  0.29671448  0.
   0.10255146  0.         -0.04325048  0.27680877]
 [ 0.4831722  -0.31710666 -0.92456484 -0.15377645 -0.06375372  0.
  -0.10553218  0.         -0.0089737  -0.08071051]] 
Episode: 1158: [[ 0.22781159  0.03581167 -1.0782008  -0.26697376  0.16040213  0.
  -0.12419271  0.          0.00317181  0.15785816]
 [ 0.23157255  0.04421045 -1.1102451  -0.25931177  0.21087918  0.
  -0.16917463  0.         -0.01725222  0.0806037 ]
 [ 0.24906264  0.55232996 -1.1377976  -0.1997239   0.30223376  0.
  -0.01277082  0.         -0.03533321  0.28014174]
 [ 0.3880458   0.72541505 -1.1334693  -0.05275245  0.29709932  0.
   0.10246017  0.         -0.04325048  0.27699804]
 [ 0.48334754 -0.31686    -0.9249585  -0.15421243 -0.06365464  0.
  -0.10572979  0.         -0.0089737  -0.08122853]] 
Episode: 1159: [[ 0.22768956  0.03586651 -1.0786211  -0.26698324  0.16079052  0.
  -0.12466341  0.          0.00317181  0.15748559]
 [ 0.23145388  0.04422463 -1.1106869  -0.2593287   0.21125256  0.
  -0.16971876  0.         -0.01725222  0.08019703]
 [ 0.24889031  0.55243963 -1.1382312  -0.19972919  0.3026218   0.
  -0.01294023  0.         -0.03533321  0.28029177]
 [ 0.3878933   0.7254792  -1.1339009  -0.05277601  0.29746896  0.
   0.10226616  0.         -0.04325048  0.27715257]
 [ 0.48349315 -0.31663275 -0.92534864 -0.15452714 -0.06351891  0.
  -0.10600646  0.         -0.0089737  -0.08159995]] 
Episode: 1160: [[ 0.2275714   0.03589773 -1.0790601  -0.2670345   0.16113749  0.
  -0.12509854  0.          0.00317181  0.15707399]
 [ 0.23133674  0.04421606 -1.1111437  -0.2593844   0.21158378  0.
  -0.17023915  0.         -0.01725222  0.0797343 ]
 [ 0.24872503  0.55252194 -1.1386913  -0.1997862   0.30296904  0.
  -0.01306709  0.         -0.03533321  0.28040287]
 [ 0.38773897  0.72551817 -1.1343572  -0.05285184  0.29779676  0.
   0.10215002  0.         -0.04325048  0.27726874]
 [ 0.48363125 -0.31641456 -0.9257152  -0.15481637 -0.06338592  0.
  -0.10638892  0.         -0.0089737  -0.08206204]] 
Episode: 1161: [[ 0.22743425  0.03582157 -1.0794697  -0.26701757  0.16149226  0.
  -0.1254119   0.          0.00317181  0.15678035]
 [ 0.23120543  0.04408428 -1.1115688  -0.2593747   0.21191679  0.
  -0.17064357  0.         -0.01725222  0.07938118]
 [ 0.24851714  0.5525615  -1.1391323  -0.19977239  0.30333877  0.
  -0.01307033  0.         -0.03533321  0.28059992]
 [ 0.38753596  0.7255359  -1.1348019  -0.05286222  0.29814634  0.
   0.10214511  0.         -0.04325048  0.2774725 ]
 [ 0.4837719  -0.31633803 -0.926051   -0.15510586 -0.06333959  0.
  -0.10669098  0.         -0.0089737  -0.08244668]] 
Episode: 1162: [[ 0.22719638  0.03572606 -1.080096   -0.2671093   0.16170934  0.
  -0.12581302  0.          0.00317181  0.15657505]
 [ 0.23098084  0.04397905 -1.1122093  -0.25946492  0.21211904  0.
  -0.17112887  0.         -0.01725222  0.0789999 ]
 [ 0.248177    0.55250823 -1.1398034  -0.19989827  0.30355817  0.
  -0.01318682  0.         -0.03533321  0.28090996]
 [ 0.3871858   0.72546864 -1.1354674  -0.05302032  0.2983562   0.
   0.1020288   0.         -0.04325048  0.27776015]
 [ 0.48399737 -0.3160282  -0.92646927 -0.15533294 -0.06325753  0.
  -0.10692071  0.         -0.0089737  -0.08276413]] 
Episode: 1163: [[ 0.22702053  0.03562328 -1.0806562  -0.2671064   0.16195199  0.
  -0.12609662  0.          0.00317181  0.15643306]
 [ 0.23081103  0.04384002 -1.1127763  -0.2594651   0.21234682  0.
  -0.17149144  0.         -0.01725222  0.07873712]
 [ 0.24792857  0.55251145 -1.1404212  -0.19990496  0.30380103  0.
  -0.0131781   0.         -0.03533321  0.2811933 ]
 [ 0.38693902  0.7254619  -1.1360897  -0.05305308  0.29858357  0.
   0.10203601  0.         -0.04325048  0.27802715]
 [ 0.48420542 -0.3158897  -0.9267876  -0.15553461 -0.06321029  0.
  -0.10703276  0.         -0.0089737  -0.0829398 ]] 
Episode: 1164: [[ 0.2267396   0.03535965 -1.0815597  -0.2675571   0.16209424  0.
  -0.12623258  0.          0.00317181  0.15635857]
 [ 0.23054461  0.04357686 -1.1136863  -0.2599181   0.21251254  0.
  -0.1716962   0.         -0.01725222  0.07844993]
 [ 0.24752554  0.552314   -1.1414193  -0.20023872  0.30386457  0.
  -0.01305672  0.         -0.03533321  0.2816033 ]
 [ 0.38652247  0.7252926  -1.1370975  -0.05335596  0.29862794  0.
   0.10209405  0.         -0.04325048  0.27835995]
 [ 0.48441797 -0.31561837 -0.9271955  -0.15583442 -0.062793    0.
  -0.10699985  0.         -0.0089737  -0.08307046]] 
Episode: 1165: [[ 0.22648403  0.0350716  -1.0823472  -0.2679949   0.16231021  0.
  -0.12635286  0.          0.00317181  0.1562651 ]
 [ 0.23031469  0.0432971  -1.1144838  -0.2603592   0.21274142  0.
  -0.17189027  0.         -0.01725222  0.07810594]
 [ 0.24711862  0.55209917 -1.1422898  -0.20058581  0.30402696  0.
  -0.01297134  0.         -0.03533321  0.28202254]
 [ 0.38608524  0.7250963  -1.1379777  -0.05368666  0.29876634  0.
   0.10212146  0.         -0.04325048  0.27870214]
 [ 0.48470923 -0.31536713 -0.9275739  -0.156121   -0.0624456   0.
  -0.10701077  0.         -0.0089737  -0.08329389]] 
Episode: 1166: [[ 0.22599386  0.03392177 -1.0835512  -0.2688307   0.16220425  0.
  -0.12634183  0.          0.00317181  0.15618034]
 [ 0.22983792  0.04220917 -1.1156968  -0.26123184  0.2126368   0.
  -0.17194338  0.         -0.01725222  0.07779564]
 [ 0.24651647  0.55115145 -1.1435893  -0.20122166  0.30391046  0.
  -0.0130081   0.         -0.03533321  0.28250152]
 [ 0.3854822   0.72438645 -1.1392696  -0.0542553   0.29868189  0.
   0.10203413  0.         -0.04325048  0.2791368 ]
 [ 0.48485696 -0.31560457 -0.9282047  -0.1564333  -0.06232366  0.
  -0.10688689  0.         -0.0089737  -0.08358879]] 
Episode: 1167: [[ 0.22555389  0.03283432 -1.0846108  -0.26945224  0.16219075  0.
  -0.12645112  0.          0.00317181  0.15623727]
 [ 0.22941755  0.04113806 -1.1167669  -0.2618842   0.21261992  0.
  -0.17211261  0.         -0.01725222  0.07767919]
 [ 0.24597213  0.55032605 -1.1447256  -0.20166752  0.30388877  0.
  -0.01315473  0.         -0.03533321  0.28299904]
 [ 0.3849511   0.7237793  -1.1403997  -0.05465052  0.2986743   0.
   0.10184359  0.         -0.04325048  0.2795636 ]
 [ 0.4850184  -0.31599724 -0.92877364 -0.15666041 -0.06223814  0.
  -0.10685503  0.         -0.0089737  -0.08365414]] 
Episode: 1168: [[ 0.22517116  0.03190615 -1.0856305  -0.2699525   0.16222477  0.
  -0.12647457  0.          0.00317181  0.15622982]
 [ 0.22905898  0.04022024 -1.1178008  -0.2624133   0.21265377  0.
  -0.1722205   0.         -0.01725222  0.07748352]
 [ 0.24548024  0.54962546 -1.1458111  -0.20200813  0.3039039   0.
  -0.01317313  0.         -0.03533321  0.28347075]
 [ 0.3844685   0.7232655  -1.1414795  -0.0549517   0.29869318  0.
   0.10178407  0.         -0.04325048  0.27998742]
 [ 0.48522535 -0.3162641  -0.9293672  -0.15686421 -0.06212414  0.
  -0.10688053  0.         -0.0089737  -0.08382376]] 
Episode: 1169: [[ 0.22484532  0.03104287 -1.0865169  -0.27038023  0.16229366  0.
  -0.12642807  0.          0.00317181  0.15641005]
 [ 0.22874095  0.03931854 -1.1186955  -0.2628703   0.21271755  0.
  -0.1722183   0.         -0.01725222  0.07751294]
 [ 0.24508862  0.5490501  -1.146764   -0.20228231  0.30396128  0.
  -0.01316121  0.         -0.03533321  0.28397304]
 [ 0.38410243  0.7228605  -1.1424317  -0.05518929  0.2987518   0.
   0.10174482  0.         -0.04325048  0.28044313]
 [ 0.48534766 -0.31667855 -0.9298558  -0.15705156 -0.062073    0.
  -0.10676974  0.         -0.0089737  -0.08377708]] 
Episode: 1170: [[ 0.22461142  0.03028799 -1.0872748  -0.27077976  0.1623979   0.
  -0.12650548  0.          0.00317181  0.15666322]
 [ 0.2284992   0.03853801 -1.1194617  -0.26329482  0.21282685  0.
  -0.1723378   0.         -0.01725222  0.0776464 ]
 [ 0.2448288   0.5485198  -1.1475757  -0.20254159  0.30403784  0.
  -0.01326407  0.         -0.03533321  0.28443527]
 [ 0.38386384  0.7224831  -1.1432441  -0.05541315  0.29882553  0.
   0.10159749  0.         -0.04325048  0.28084266]
 [ 0.48545623 -0.3170579  -0.9302968  -0.15722154 -0.06195693  0.
  -0.10661878  0.         -0.0089737  -0.08353658]] 
Episode: 1171: [[ 0.22429727  0.02962025 -1.0879948  -0.2710484   0.16251738  0.
  -0.1264673   0.          0.00317181  0.15701213]
 [ 0.22816974  0.03785092 -1.1201938  -0.26359558  0.21295157  0.
  -0.17238876  0.         -0.01725222  0.0778232 ]
 [ 0.24450293  0.54808265 -1.148346   -0.20266823  0.30413017  0.
  -0.01324306  0.         -0.03533321  0.28500116]
 [ 0.38358048  0.72219247 -1.1440203  -0.05551838  0.29890344  0.
   0.1015769   0.         -0.04325048  0.28133863]
 [ 0.48547468 -0.31745884 -0.9307361  -0.15743811 -0.06193301  0.
  -0.10648293  0.         -0.0089737  -0.08321391]] 
Episode: 1172: [[ 0.22402392  0.02901099 -1.0887634  -0.27124324  0.16262804  0.
  -0.12631375  0.          0.00317181  0.1573375 ]
 [ 0.2278802   0.037187   -1.1209751  -0.2638242   0.21306114  0.
  -0.17231919  0.         -0.01725222  0.07799034]
 [ 0.24422684  0.5477389  -1.149174   -0.20272142  0.30422097  0.
  -0.01311062  0.         -0.03533321  0.28553584]
 [ 0.3833499   0.7219864  -1.1448588  -0.05555662  0.2989825   0.
   0.10167034  0.         -0.04325048  0.28181973]
 [ 0.48550352 -0.31793332 -0.93121755 -0.15767087 -0.06197928  0.
  -0.10632871  0.         -0.0089737  -0.08289126]] 
Episode: 1173: [[ 0.22387269  0.02854947 -1.0894451  -0.27132335  0.16281305  0.
  -0.12629476  0.          0.00317181  0.15758091]
 [ 0.22771217  0.03665585 -1.1216599  -0.2639322   0.2132575   0.
  -0.17237806  0.         -0.01725222  0.07810977]
 [ 0.24408855  0.54754186 -1.1499274  -0.2026672   0.30436388  0.
  -0.01310496  0.         -0.03533321  0.28594443]
 [ 0.38325772  0.721899   -1.1456299  -0.05549044  0.29910356  0.
   0.10164247  0.         -0.04325048  0.28217936]
 [ 0.48559317 -0.31840587 -0.9315972  -0.15780579 -0.06190281  0.
  -0.10621583  0.         -0.0089737  -0.08257416]] 
Episode: 1174: [[ 0.22370848  0.02809046 -1.090345   -0.27167326  0.16278273  0.
  -0.12615855  0.          0.00317181  0.15787213]
 [ 0.22752813  0.03617662 -1.1225666  -0.26432478  0.21325655  0.
  -0.1723096   0.         -0.01725222  0.0783124 ]
 [ 0.24392578  0.547248   -1.1509061  -0.20287366  0.30426785  0.
  -0.01311182  0.         -0.03533321  0.28636912]
 [ 0.38313568  0.72173643 -1.1466179  -0.05568103  0.2990196   0.
   0.10150548  0.         -0.04325048  0.2825603 ]
 [ 0.48572835 -0.31873354 -0.9321422  -0.15817933 -0.06183286  0.
  -0.10598029  0.         -0.0089737  -0.08223835]] 
Episode: 1175: [[ 0.22368963  0.02776647 -1.0911261  -0.27202815  0.16264094  0.
  -0.1261551   0.          0.00317181  0.15816914]
 [ 0.22748119  0.03583009 -1.1233565  -0.2647147   0.21313308  0.
  -0.1723416   0.         -0.01725222  0.07863433]
 [ 0.24394156  0.54705507 -1.1517382  -0.20309845  0.30408558  0.
  -0.01323155  0.         -0.03533321  0.28661954]
 [ 0.3831764   0.7216572  -1.1474524  -0.05588112  0.29886225  0.
   0.10127031  0.         -0.04325048  0.28274423]
 [ 0.48593146 -0.31904078 -0.9327001  -0.15844695 -0.06192642  0.
  -0.10563451  0.         -0.0089737  -0.08176187]] 
Episode: 1176: [[ 0.22368972  0.02747458 -1.0919654  -0.2724263   0.16247024  0.
  -0.12627104  0.          0.00317181  0.15834294]
 [ 0.22746071  0.03552666 -1.1242065  -0.26513734  0.21297136  0.
  -0.17249179  0.         -0.01725222  0.07878884]
 [ 0.24395093  0.5468599  -1.1526309  -0.20340373  0.3038918   0.
  -0.01345284  0.         -0.03533321  0.28680506]
 [ 0.38317773  0.7215622  -1.1483425  -0.05616241  0.2987038   0.
   0.10094682  0.         -0.04325048  0.2828425 ]
 [ 0.4861961  -0.31926158 -0.93328893 -0.15867285 -0.0620078   0.
  -0.10545733  0.         -0.0089737  -0.08150849]] 
Episode: 1177: [[ 0.22387908  0.02727922 -1.0928055  -0.2727469   0.16225384  0.
  -0.1263681   0.          0.00317181  0.15834022]
 [ 0.22763704  0.03531688 -1.1250453  -0.26547772  0.21275653  0.
  -0.17259032  0.         -0.01725222  0.07878575]
 [ 0.24415085  0.5467429  -1.1535497  -0.20362389  0.30367172  0.
  -0.0136672   0.         -0.03533321  0.28679174]
 [ 0.38335297  0.7215278  -1.1492687  -0.05634742  0.298527    0.
   0.10066162  0.         -0.04325048  0.28276932]
 [ 0.48665544 -0.31944075 -0.93385637 -0.15877004 -0.06219749  0.
  -0.10516419  0.         -0.0089737  -0.08135153]] 
Episode: 1178: [[ 0.22386041  0.02695916 -1.0937892  -0.2730139   0.1620152   0.
  -0.12657455  0.          0.00317181  0.1585579 ]
 [ 0.22761838  0.03494221 -1.1260389  -0.2657524   0.21252415  0.
  -0.17280039  0.         -0.01725222  0.07898758]
 [ 0.24409357  0.5466664  -1.1546133  -0.20383725  0.30341318  0.
  -0.01397369  0.         -0.03533321  0.2869595 ]
 [ 0.38329995  0.7215486  -1.1503435  -0.0565512   0.29831073  0.
   0.10029305  0.         -0.04325048  0.28286487]
 [ 0.48710588 -0.3198397  -0.93455034 -0.15875868 -0.06232566  0.
  -0.10494197  0.         -0.0089737  -0.08101257]] 
Episode: 1179: [[ 0.22395316  0.02669064 -1.0947313  -0.2731231   0.16182865  0.
  -0.12687936  0.          0.00317181  0.15873778]
 [ 0.22770077  0.03461529 -1.1269901  -0.265871    0.21234414  0.
  -0.1731108   0.         -0.01725222  0.07918088]
 [ 0.24420738  0.54665    -1.1556311  -0.20387587  0.30320695  0.
  -0.01436304  0.         -0.03533321  0.28701556]
 [ 0.38343653  0.721619   -1.1513747  -0.05657376  0.2981376   0.
   0.09984948  0.         -0.04325048  0.28282908]
 [ 0.48756522 -0.3202411  -0.9352398  -0.15871966 -0.06244466  0.
  -0.10462455  0.         -0.0089737  -0.08061284]] 
Episode: 1180: [[ 0.22415413  0.02637669 -1.0955709  -0.27336138  0.16152617  0.
  -0.12727265  0.          0.00317181  0.15896645]
 [ 0.22786815  0.0342316  -1.1278292  -0.26612243  0.21204834  0.
  -0.17347582  0.         -0.01725222  0.07951449]
 [ 0.2445134   0.546616   -1.1565564  -0.20404206  0.30288267  0.
  -0.01482695  0.         -0.03533321  0.28695303]
 [ 0.38376862  0.72169924 -1.1523187  -0.05671552  0.29785585  0.
   0.09933843  0.         -0.04325048  0.28265217]
 [ 0.4879287  -0.32075003 -0.93579334 -0.15873808 -0.06260508  0.
  -0.10420531  0.         -0.0089737  -0.08005624]] 
Episode: 1181: [[ 0.2243484   0.0259966  -1.0962857  -0.27339393  0.16141678  0.
  -0.12750751  0.          0.00317181  0.15928864]
 [ 0.22803561  0.03374448 -1.128539   -0.26617113  0.21193884  0.
  -0.17368285  0.         -0.01725222  0.07992469]
 [ 0.24478637  0.54662496 -1.1573634  -0.20399284  0.3027693   0.
  -0.01513084  0.         -0.03533321  0.286994  ]
 [ 0.38406286  0.7218261  -1.1531519  -0.05665508  0.29777208  0.
   0.09899046  0.         -0.04325048  0.28259483]
 [ 0.48827916 -0.32142875 -0.93625414 -0.15873235 -0.06281468  0.
  -0.10375065  0.         -0.0089737  -0.07940273]] 
Episode: 1182: [[ 0.22440171  0.02553857 -1.0971072  -0.27370673  0.16113764  0.
  -0.12759985  0.          0.00317181  0.15971373]
 [ 0.22807243  0.03315482 -1.1293641  -0.26651     0.21162865  0.
  -0.1737478   0.         -0.01725222  0.08047295]
 [ 0.24488929  0.5466506  -1.1582652  -0.20423447  0.30254382  0.
  -0.01529079  0.         -0.03533321  0.2870796 ]
 [ 0.38419613  0.72199756 -1.154069   -0.05687119  0.2975955   0.
   0.09878919  0.         -0.04325048  0.28258488]
 [ 0.4886146  -0.32225195 -0.93682563 -0.15892342 -0.06334201  0.
  -0.103208    0.         -0.0089737  -0.0786188 ]] 
Episode: 1183: [[ 0.22445635  0.02509886 -1.0978272  -0.27395338  0.16088623  0.
  -0.127564    0.          0.00317181  0.16017754]
 [ 0.22810313  0.03257991 -1.1300844  -0.26678398  0.21134658  0.
  -0.17368492  0.         -0.01725222  0.08107392]
 [ 0.24500954  0.54668504 -1.1590639  -0.20440353  0.30234182  0.
  -0.01532122  0.         -0.03533321  0.28722262]
 [ 0.38435882  0.7221712  -1.1548866  -0.05701745  0.2974329   0.
   0.09871992  0.         -0.04325048  0.28265232]
 [ 0.48884833 -0.32310212 -0.9372957  -0.1590913  -0.06386829  0.
  -0.10259769  0.         -0.0089737  -0.07779603]] 
Episode: 1184: [[ 0.22440581  0.02492237 -1.0986047  -0.2743558   0.16067027  0.
  -0.12744762  0.          0.00317181  0.16055723]
 [ 0.22804183  0.03234415 -1.1308686  -0.26721472  0.21112786  0.
  -0.17354625  0.         -0.01725222  0.08146644]
 [ 0.24497771  0.5467541  -1.1599044  -0.20474838  0.3021233   0.
  -0.01534311  0.         -0.03533321  0.2874377 ]
 [ 0.38434762  0.7223289  -1.1557246  -0.05733936  0.29725417  0.
   0.09861092  0.         -0.04325048  0.2827864 ]
 [ 0.48910686 -0.32344672 -0.9377894  -0.15941277 -0.0640469   0.
  -0.10207684  0.         -0.0089737  -0.0772536 ]] 
Episode: 1185: [[ 0.22437115  0.02483621 -1.0993187  -0.2747062   0.16051534  0.
  -0.12729886  0.          0.00317181  0.1609749 ]
 [ 0.22799334  0.03219366 -1.1315881  -0.26759136  0.21097676  0.
  -0.1733652   0.         -0.01725222  0.08191273]
 [ 0.24496499  0.54688275 -1.1606772  -0.20504473  0.30195186  0.
  -0.01534345  0.         -0.03533321  0.2876777 ]
 [ 0.38435847  0.72252816 -1.1564939  -0.05761549  0.29711622  0.
   0.09851232  0.         -0.04325048  0.28294882]
 [ 0.4893399  -0.32373053 -0.9382509  -0.15970834 -0.06415419  0.
  -0.10147921  0.         -0.0089737  -0.07668451]] 
Episode: 1186: [[ 0.22435728  0.02481316 -1.0999519  -0.27506256  0.1604254   0.
  -0.12704603  0.          0.00317181  0.16141666]
 [ 0.22795674  0.0320957  -1.1322224  -0.26798132  0.21089962  0.
  -0.17308098  0.         -0.01725222  0.08245749]
 [ 0.24499105  0.54707897 -1.1613694  -0.2053331   0.3018284   0.
  -0.01525181  0.         -0.03533321  0.28789842]
 [ 0.3844152   0.72277826 -1.1571856  -0.05788156  0.29701713  0.
   0.09849828  0.         -0.04325048  0.2831043 ]
 [ 0.4895124  -0.32406193 -0.93863404 -0.1600724  -0.06420403  0.
  -0.10080805  0.         -0.0089737  -0.07597721]] 
Episode: 1187: [[ 0.22444078  0.02478486 -1.1006082  -0.27533537  0.16032013  0.
  -0.12693751  0.          0.00317181  0.16183469]
 [ 0.22802587  0.03199147 -1.1328868  -0.26827246  0.21080144  0.
  -0.17294656  0.         -0.01725222  0.0830392 ]
 [ 0.24510904  0.54725486 -1.1620622  -0.20556699  0.30169645  0.
  -0.01528298  0.         -0.03533321  0.2879933 ]
 [ 0.3845344   0.7229995  -1.1578676  -0.05809755  0.2969124   0.
   0.09837366  0.         -0.04325048  0.28311402]
 [ 0.4898098  -0.32442287 -0.93906945 -0.16030103 -0.0642311   0.
  -0.10033786  0.         -0.0089737  -0.07522903]] 
Episode: 1188: [[ 0.22449778  0.02469411 -1.1012229  -0.27549592  0.16032223  0.
  -0.12672094  0.          0.00317181  0.16227609]
 [ 0.22807667  0.03182251 -1.1335107  -0.26845452  0.21080934  0.
  -0.17270437  0.         -0.01725222  0.08360419]
 [ 0.24515769  0.54739904 -1.1627123  -0.20568651  0.30167952  0.
  -0.01519742  0.         -0.03533321  0.28819096]
 [ 0.3845702   0.7231971  -1.1585126  -0.05821299  0.29691255  0.
   0.09837349  0.         -0.04325048  0.2832461 ]
 [ 0.49010578 -0.32480356 -0.93948925 -0.16055132 -0.06426302  0.
  -0.0998563   0.         -0.0089737  -0.07455199]] 
Episode: 1189: [[ 0.22449622  0.02459251 -1.101824   -0.2756538   0.16041626  0.
  -0.1264072   0.          0.00317181  0.16270941]
 [ 0.2280796   0.03164902 -1.1341231  -0.26863667  0.21090627  0.
  -0.17236526  0.         -0.01725222  0.08410559]
 [ 0.24509881  0.54752195 -1.1633536  -0.20581032  0.30175808  0.
  -0.01500684  0.         -0.03533321  0.28848752]
 [ 0.38447934  0.72336817 -1.1591502  -0.05834447  0.29700112  0.
   0.09848529  0.         -0.04325048  0.28349587]
 [ 0.49041227 -0.3251304  -0.93991494 -0.16085094 -0.06430548  0.
  -0.09942986  0.         -0.0089737  -0.07402673]] 
Episode: 1190: [[ 0.22432978  0.02433222 -1.1025167  -0.27593872  0.1604392   0.
  -0.1261683   0.          0.00317181  0.16317813]
 [ 0.2279084   0.03131906 -1.1348442  -0.26895055  0.21092066  0.
  -0.17211035  0.         -0.01725222  0.08456679]
 [ 0.24488422  0.54750085 -1.1640551  -0.20606633  0.3017796   0.
  -0.0149431   0.         -0.03533321  0.28887   ]
 [ 0.38423064  0.72342545 -1.1598331  -0.05860813  0.297039    0.
   0.09847396  0.         -0.04325048  0.28381857]
 [ 0.49060187 -0.3254827  -0.94047475 -0.16132335 -0.0643884   0.
  -0.09914504  0.         -0.0089737  -0.07347433]] 
Episode: 1191: [[ 0.22422217  0.02404405 -1.1032672  -0.2763292   0.16025968  0.
  -0.12583442  0.          0.00317181  0.1635915 ]
 [ 0.22778918  0.03097933 -1.135619   -0.26937243  0.2107398   0.
  -0.17175975  0.         -0.01725222  0.08500148]
 [ 0.24475627  0.54741156 -1.1648324  -0.20642892  0.30157906  0.
  -0.0147722   0.         -0.03533321  0.28916755]
 [ 0.38407928  0.723424   -1.1606004  -0.0589826   0.29685757  0.
   0.09857568  0.         -0.04325048  0.28406838]
 [ 0.49077043 -0.325825   -0.9410626  -0.16181532 -0.06455109  0.
  -0.09875524  0.         -0.0089737  -0.07289144]] 
Episode: 1192: [[ 0.22417784  0.02377056 -1.1039141  -0.27653044  0.1602289   0.
  -0.12541513  0.          0.00317181  0.16400209]
 [ 0.22773015  0.03062443 -1.1362834  -0.26960373  0.21071085  0.
  -0.17132314  0.         -0.01725222  0.08543684]
 [ 0.24470699  0.54741096 -1.1655166  -0.20658575  0.30152112  0.
  -0.0145049   0.         -0.03533321  0.2894597 ]
 [ 0.38401818  0.7235047  -1.1612841  -0.05915139  0.29680356  0.
   0.0987791   0.         -0.04325048  0.28431967]
 [ 0.49093172 -0.32630426 -0.94154495 -0.16222344 -0.06468243  0.
  -0.09837429  0.         -0.0089737  -0.07227074]] 
Episode: 1193: [[ 0.22412647  0.02346466 -1.1044786  -0.27664033  0.1603156   0.
  -0.12491904  0.          0.00317181  0.16445312]
 [ 0.22766352  0.03021704 -1.1368589  -0.26974463  0.21079995  0.
  -0.17080915  0.         -0.01725222  0.08591344]
 [ 0.24465021  0.54742366 -1.1661264  -0.20664689  0.30157998  0.
  -0.01415087  0.         -0.03533321  0.2898042 ]
 [ 0.38395795  0.723602   -1.1618994  -0.05922963  0.29685745  0.
   0.09907403  0.         -0.04325048  0.28463775]
 [ 0.4910476  -0.32686985 -0.9419241  -0.16262569 -0.06479841  0.
  -0.09792782  0.         -0.0089737  -0.07162778]] 
Episode: 1194: [[ 0.22424318  0.02315971 -1.1050174  -0.27663013  0.16042802  0.
  -0.12450576  0.          0.00317181  0.16484709]
 [ 0.22776012  0.02979516 -1.1374091  -0.2697582   0.21092077  0.
  -0.17034721  0.         -0.01725222  0.08635646]
 [ 0.2448067   0.5474631  -1.1667035  -0.20658515  0.3016545   0.
  -0.01392945  0.         -0.03533321  0.2900231 ]
 [ 0.38411313  0.72371924 -1.1624873  -0.05917794  0.2969255   0.
   0.09922757  0.         -0.04325048  0.28480956]
 [ 0.49124524 -0.32749104 -0.94235826 -0.16290249 -0.06487239  0.
  -0.0973926   0.         -0.0089737  -0.07095566]] 
Episode: 1195: [[ 0.22447726  0.02279231 -1.1055796  -0.27670422  0.1604959   0.
  -0.12405149  0.          0.00317181  0.1651681 ]
 [ 0.22795774  0.02929206 -1.1379794  -0.26985613  0.21099894  0.
  -0.16981041  0.         -0.01725222  0.08680933]
 [ 0.24513978  0.5475011  -1.167314   -0.2065982   0.30168653  0.
  -0.0137301   0.         -0.03533321  0.29008764]
 [ 0.3844612   0.72386336 -1.1631144  -0.05918797  0.29696682  0.
   0.09936719  0.         -0.04325048  0.28483248]
 [ 0.49140793 -0.32824162 -0.9427944  -0.16317676 -0.0649426   0.
  -0.09677765  0.         -0.0089737  -0.0701942 ]] 
Episode: 1196: [[ 0.22468926  0.02255747 -1.1059885  -0.2766146   0.16084386  0.
  -0.12359188  0.          0.00317181  0.1654405 ]
 [ 0.22813314  0.02891036 -1.1383888  -0.26978624  0.21137638  0.
  -0.16933724  0.         -0.01725222  0.08717686]
 [ 0.24545754  0.5476851  -1.167778   -0.20644492  0.30196244  0.
  -0.01343715  0.         -0.03533321  0.29018757]
 [ 0.3848112   0.7241201  -1.1636002  -0.05903719  0.29722363  0.
   0.09960473  0.         -0.04325048  0.28491014]
 [ 0.49153224 -0.3289814  -0.9430687  -0.1633515  -0.06477626  0.
  -0.09635796  0.         -0.0089737  -0.06958861]] 
Episode: 1197: [[ 0.22502564  0.02244737 -1.1064245  -0.27650464  0.16108762  0.
  -0.12311101  0.          0.00317181  0.16558294]
 [ 0.22844015  0.02865016 -1.1388212  -0.26969317  0.21164024  0.
  -0.1688225   0.         -0.01725222  0.08741468]
 [ 0.24589315  0.54794765 -1.1682745  -0.20627087  0.30215424  0.
  -0.01312191  0.         -0.03533321  0.29014346]
 [ 0.38526645  0.72443706 -1.1641202  -0.0588613   0.29740697  0.
   0.09988048  0.         -0.04325048  0.28483525]
 [ 0.49177894 -0.32964027 -0.943361   -0.16345716 -0.06473053  0.
  -0.09584706  0.         -0.0089737  -0.06906208]] 
Episode: 1198: [[ 0.22528544  0.02233403 -1.1068885  -0.27641314  0.16129108  0.
  -0.12255932  0.          0.00317181  0.16576   ]
 [ 0.22866793  0.02839415 -1.1392838  -0.26962057  0.21186127  0.
  -0.1682381   0.         -0.01725222  0.08766035]
 [ 0.24624169  0.54819715 -1.1687968  -0.20611887  0.30230963  0.
  -0.01272464  0.         -0.03533321  0.29017988]
 [ 0.38563555  0.7247464  -1.1646633  -0.05871271  0.2975557   0.
   0.10024056  0.         -0.04325048  0.2848518 ]
 [ 0.49194604 -0.33028197 -0.9436714  -0.16360492 -0.06473039  0.
  -0.0953232   0.         -0.0089737  -0.06856308]] 
Episode: 1199: [[ 0.22551219  0.02231826 -1.1072943  -0.27635244  0.16148387  0.
  -0.12197825  0.          0.00317181  0.16593952]
 [ 0.22886144  0.02825545 -1.1396854  -0.26958033  0.21207634  0.
  -0.16762692  0.         -0.01725222  0.0879113 ]
 [ 0.24655461  0.5484797  -1.1692605  -0.20599654  0.3024453   0.
  -0.01226382  0.         -0.03533321  0.2902423 ]
 [ 0.3859765   0.7250679  -1.1651464  -0.05859228  0.2976804   0.
   0.10067338  0.         -0.04325048  0.28489923]
 [ 0.49205577 -0.3307817  -0.9439468  -0.16377804 -0.06469361  0.
  -0.094772    0.         -0.0089737  -0.06810792]] 
Episode: 1200: [[ 0.22571836  0.02227737 -1.1077151  -0.27628228  0.16166802  0.
  -0.12133643  0.          0.00317181  0.16609372]
 [ 0.22903156  0.02808935 -1.1400988  -0.26953575  0.21228151  0.
  -0.16695578  0.         -0.01725222  0.08811837]
 [ 0.24684185  0.548735   -1.1697487  -0.20585692  0.30257168  0.
  -0.01173559  0.         -0.03533321  0.29033312]
 [ 0.38628852  0.7253704  -1.1656557  -0.05845971  0.29779553  0.
   0.10117476  0.         -0.04325048  0.2849926 ]
 [ 0.4921265  -0.3312766  -0.94419944 -0.16401969 -0.06467013  0.
  -0.09428877  0.         -0.0089737  -0.0677472 ]] 
