Episode: 1: [[-1.4133368  -1.6756753  -1.1260687  -0.1098633  -1.9026297  -1.329045
   0.6840867  -2.1372595  -1.7800534   2.431601   -2.004162   -1.7815267
  -0.20672572]] 
Episode: 2: [[-1.4136368  -1.6759753  -1.1257687  -0.1095633  -1.9029298  -1.328745
   0.6837867  -2.1369598  -1.7797533   2.431301   -2.004462   -1.7812266
  -0.20642571]] 
Episode: 3: [[-1.4139233  -1.6758951  -1.1255287  -0.10931159 -1.9028393  -1.3284858
   0.68397146 -2.1371825  -1.7799033   2.4310648  -2.0046976  -1.7813933
  -0.20651308]] 
Episode: 4: [[-1.4142137  -1.6756939  -1.1252913  -0.10904945 -1.9026413  -1.3282726
   0.68414044 -2.1371558  -1.7801229   2.43081    -2.0049615  -1.7814857
  -0.20642966]] 
Episode: 5: [[-1.4144267 -1.6757843 -1.1250783 -0.1088182 -1.9027543 -1.3280363
   0.6843356 -2.1373246 -1.7803444  2.430573  -2.0051937 -1.781671
  -0.2065826]] 
Episode: 6: [[-1.4146177  -1.6757702  -1.1248897  -0.10860182 -1.9027797  -1.3278896
   0.6844712  -2.1374495  -1.7805761   2.4303484  -2.0054114  -1.7818048
  -0.20663644]] 
Episode: 7: [[-1.4147767  -1.6757427  -1.1247392  -0.10841857 -1.902798   -1.3277469
   0.6845252  -2.1375513  -1.7807325   2.4301689  -2.0055578  -1.7818811
  -0.20663822]] 
Episode: 8: [[-1.4149346  -1.6756872  -1.1246022  -0.10824925 -1.9027987  -1.3275919
   0.6845713  -2.1376455  -1.7808708   2.4300094  -2.0056963  -1.781956
  -0.20664833]] 
Episode: 9: [[-1.4150698  -1.6756854  -1.12447    -0.10809021 -1.9028114  -1.3274654
   0.6846223  -2.1377392  -1.7810035   2.4298542  -2.0058181  -1.7820243
  -0.2066566 ]] 
Episode: 10: [[-1.4151946  -1.6757095  -1.1243495  -0.10794321 -1.9028496  -1.3273187
   0.68467826 -2.1378362  -1.7811081   2.429714   -2.0059326  -1.7820994
  -0.20668341]] 
Episode: 11: [[-1.4153033  -1.6757716  -1.124242   -0.1078234  -1.9029181  -1.3271595
   0.6847429  -2.1379383  -1.781156    2.4296038  -2.0060327  -1.7821884
  -0.20674436]] 
Episode: 12: [[-1.4154152  -1.6758233  -1.1241438  -0.10770851 -1.9029813  -1.3269806
   0.6848009  -2.1380234  -1.7811695   2.4295053  -2.0061226  -1.7822798
  -0.20681715]] 
Episode: 13: [[-1.4154843  -1.6758817  -1.1240437  -0.1076008  -1.9030551  -1.3268199
   0.68484956 -2.1381352  -1.781216    2.429402   -2.0062456  -1.7823822
  -0.20687598]] 
Episode: 14: [[-1.4155865  -1.6759039  -1.1239123  -0.10745286 -1.9031181  -1.3266591
   0.6849296  -2.1382682  -1.7813104   2.4292588  -2.0063958  -1.7825135
  -0.2069624 ]] 
Episode: 15: [[-1.4156517  -1.6759624  -1.1238089  -0.10734855 -1.9032147  -1.3265306
   0.68501985 -2.1384227  -1.7813903   2.4291573  -2.0065231  -1.7826532
  -0.20707616]] 
Episode: 16: [[-1.4156969  -1.6760323  -1.1237146  -0.10725695 -1.9033176  -1.3263932
   0.6851113  -2.138585   -1.7814686   2.4290686  -2.006662   -1.7828062
  -0.20720993]] 
Episode: 17: [[-1.4157178  -1.6761422  -1.1236286  -0.10717433 -1.9034444  -1.3262471
   0.6851846  -2.1387587  -1.7815206   2.428993   -2.0068076  -1.7829767
  -0.20734486]] 
Episode: 18: [[-1.4157252  -1.6762372  -1.1235325  -0.10708882 -1.9035525  -1.3261471
   0.68525887 -2.1389256  -1.7816163   2.428903   -2.0069764  -1.7831357
  -0.20745885]] 
Episode: 19: [[-1.4157919  -1.6762856  -1.123405   -0.1069582  -1.9036407  -1.3259909
   0.68534607 -2.1390972  -1.7817211   2.4287767  -2.00716    -1.7833098
  -0.20758401]] 
Episode: 20: [[-1.4158906  -1.6763266  -1.1232684  -0.10679874 -1.9037421  -1.3257871
   0.6854396  -2.1392958  -1.7818139   2.4286346  -2.0073595  -1.7835083
  -0.20774011]] 
Episode: 21: [[-1.4160221  -1.6762488  -1.1231     -0.10659856 -1.90371    -1.3255547
   0.68556637 -2.1394868  -1.7819668   2.4284437  -2.0075939  -1.7837353
  -0.20791723]] 
Episode: 22: [[-1.4161483  -1.6761768  -1.1229475  -0.10641279 -1.9036736  -1.3253446
   0.68567646 -2.1396525  -1.7821122   2.4282699  -2.007814   -1.7839415
  -0.20807412]] 
Episode: 23: [[-1.4162648  -1.6761266  -1.1228093  -0.10624546 -1.9036443  -1.3251389
   0.68578243 -2.1397943  -1.7822343   2.4281158  -2.0080242  -1.7841351
  -0.20822988]] 
Episode: 24: [[-1.416378   -1.6760613  -1.12267    -0.10607729 -1.9035921  -1.3249699
   0.68587613 -2.139912   -1.7823834   2.427956   -2.0082424  -1.7843021
  -0.20834471]] 
Episode: 25: [[-1.4164783  -1.6760123  -1.1225475  -0.10593041 -1.9035504  -1.3248278
   0.685959   -2.1400173  -1.7825179   2.427816   -2.00843    -1.784441
  -0.20843583]] 
Episode: 26: [[-1.4165568  -1.6760105  -1.1224551  -0.10581468 -1.9035486  -1.3246868
   0.6860282  -2.140125   -1.7825865   2.4277108  -2.0085618  -1.784563
  -0.20852089]] 
Episode: 27: [[-1.4166129  -1.6760494  -1.1223831  -0.10572531 -1.9035748  -1.3245633
   0.68608725 -2.1402276  -1.7826278   2.4276328  -2.008665   -1.7846698
  -0.2086003 ]] 
Episode: 28: [[-1.416665   -1.6760993  -1.1223121  -0.10564007 -1.9036129  -1.3244255
   0.68615395 -2.140334   -1.7826539   2.4275599  -2.008768   -1.7847861
  -0.20870069]] 
Episode: 29: [[-1.4166878  -1.6761742  -1.1222496  -0.105575   -1.90368    -1.3242809
   0.6862352  -2.1404574  -1.7826558   2.427503   -2.0088706  -1.7849231
  -0.20883717]] 
Episode: 30: [[-1.4166896  -1.6762482  -1.1221812  -0.10551309 -1.9037482  -1.3241493
   0.6863158  -2.14059    -1.7826824   2.4274442  -2.009      -1.785069
  -0.20898348]] 
Episode: 31: [[-1.4166855  -1.6763328  -1.1221335  -0.10546899 -1.9038289  -1.3240302
   0.68638194 -2.140715   -1.782677    2.4274058  -2.0090904  -1.7851923
  -0.20911202]] 
Episode: 32: [[-1.4166892  -1.6763877  -1.1220968  -0.10542014 -1.9038767  -1.3239193
   0.6864154  -2.1408067  -1.7826759   2.4273622  -2.00917    -1.7852824
  -0.20917293]] 
Episode: 33: [[-1.4166934  -1.6764488  -1.122041   -0.10536297 -1.9039298  -1.3237933
   0.68648213 -2.1409068  -1.7826953   2.4273028  -2.0092762  -1.7853932
  -0.20925887]] 
Episode: 34: [[-1.4166918  -1.6765368  -1.1220038  -0.10532757 -1.9040031  -1.3236974
   0.6865357  -2.140999   -1.7826972   2.4272683  -2.009345   -1.7854702
  -0.20931864]] 
Episode: 35: [[-1.4166851  -1.676606   -1.1219448  -0.10527472 -1.9040499  -1.3236178
   0.6866039  -2.141084   -1.7827427   2.4271991  -2.0094414  -1.78554
  -0.20934218]] 
Episode: 36: [[-1.4166948  -1.6766328  -1.1218774  -0.10520554 -1.9040524  -1.32354
   0.6866695  -2.1411405  -1.7828237   2.427112   -2.0095656  -1.7856007
  -0.20934588]] 
Episode: 37: [[-1.416678   -1.6766657  -1.121807   -0.10514254 -1.9040607  -1.3234825
   0.68673605 -2.1412165  -1.7829344   2.4270241  -2.0097067  -1.7856685
  -0.20935372]] 
Episode: 38: [[-1.4166391  -1.6767119  -1.1217487  -0.1050969  -1.9040881  -1.3234073
   0.6868075  -2.1413085  -1.7830195   2.4269547  -2.0098476  -1.7857605
  -0.20940278]] 
Episode: 39: [[-1.4165972  -1.6767718  -1.1216975  -0.10506277 -1.9041271  -1.3232969
   0.68688416 -2.1414084  -1.7830704   2.4269042  -2.009988   -1.7858821
  -0.20949593]] 
Episode: 40: [[-1.4165771  -1.6768632  -1.1216618  -0.10503363 -1.9041806  -1.3232174
   0.686933   -2.141494   -1.783107    2.4268742  -2.0100894  -1.7859663
  -0.20955387]] 
Episode: 41: [[-1.416545   -1.6769572  -1.1216289  -0.10501212 -1.9042348  -1.3231522
   0.6869789  -2.1415842  -1.7831534   2.42685    -2.0101907  -1.7860508
  -0.20961608]] 
Episode: 42: [[-1.4165097  -1.6770322  -1.1216025  -0.10499533 -1.9042766  -1.3230988
   0.6870167  -2.1416624  -1.783207    2.4268293  -2.0102856  -1.7861245
  -0.20967136]] 
Episode: 43: [[-1.4164891  -1.6770958  -1.121574   -0.10496998 -1.9043009  -1.3230425
   0.68705255 -2.1417215  -1.7832638   2.4268012  -2.0103793  -1.7861868
  -0.2097136 ]] 
Episode: 44: [[-1.416462   -1.6771916  -1.1215516  -0.10495586 -1.9043508  -1.3229691
   0.6870988  -2.1417882  -1.7832909   2.4267874  -2.0104656  -1.7862616
  -0.20977944]] 
Episode: 45: [[-1.416463   -1.677268   -1.1215173  -0.10491437 -1.9043822  -1.3228725
   0.6871301  -2.1418324  -1.7833127   2.4267511  -2.01056    -1.7863264
  -0.20981847]] 
Episode: 46: [[-1.4164654  -1.6773592  -1.1214925  -0.1048813  -1.9044216  -1.3227775
   0.6871548  -2.1418712  -1.7833163   2.4267282  -2.0106382  -1.7863853
  -0.20985854]] 
Episode: 47: [[-1.4164833  -1.6775053  -1.1214743  -0.10484819 -1.9044935  -1.3226807
   0.687171   -2.141914   -1.7832973   2.4267187  -2.0106885  -1.786426
  -0.20988566]] 
Episode: 48: [[-1.4164969  -1.6776681  -1.1214722  -0.10483089 -1.9045835  -1.3225942
   0.6871684  -2.1419537  -1.783251    2.4267285  -2.0107043  -1.7864443
  -0.20989332]] 
Episode: 49: [[-1.4165058  -1.6778319  -1.1214583  -0.10480684 -1.9046761  -1.3225482
   0.6871637  -2.142004   -1.7832263   2.426727   -2.010717   -1.7864534
  -0.2098873 ]] 
Episode: 50: [[-1.4165123  -1.6780032  -1.1214485  -0.10478739 -1.9047797  -1.3224846
   0.6871721  -2.1420643  -1.7831903   2.426731   -2.0107288  -1.7864755
  -0.20990203]] 
Episode: 51: [[-1.4165069  -1.6781932  -1.1214554  -0.10478562 -1.9049083  -1.322384
   0.68717855 -2.1421366  -1.7831054   2.42676    -2.0107274  -1.7865229
  -0.20995416]] 
Episode: 52: [[-1.4165033  -1.6783593  -1.1214579  -0.1047795  -1.9050231  -1.3222927
   0.68718237 -2.1422052  -1.7830377   2.426781   -2.0107307  -1.7865635
  -0.2099965 ]] 
Episode: 53: [[-1.4165095  -1.6785163  -1.1214575  -0.10476939 -1.9051297  -1.322186
   0.6871945  -2.142265   -1.7829639   2.4267993  -2.0107417  -1.7866122
  -0.21005088]] 
Episode: 54: [[-1.4164975  -1.6786809  -1.1214488  -0.10476454 -1.905252   -1.32207
   0.68723965 -2.142349   -1.7828918   2.4268136  -2.0107667  -1.786687
  -0.21013832]] 
Episode: 55: [[-1.416485   -1.6788365  -1.1214317  -0.1047551  -1.9053686  -1.3219734
   0.68729526 -2.1424391  -1.782843    2.4268162  -2.0107956  -1.7867551
  -0.2102135 ]] 
Episode: 56: [[-1.4164952  -1.6789484  -1.121393   -0.10471586 -1.9054438  -1.3218772
   0.68735623 -2.1425087  -1.7828357   2.4267852  -2.0108497  -1.7868193
  -0.21027452]] 
Episode: 57: [[-1.416508   -1.6790653  -1.1213592  -0.10467916 -1.9055257  -1.3217598
   0.6874138  -2.1425807  -1.7828046   2.426764   -2.0109034  -1.786899
  -0.21035747]] 
Episode: 58: [[-1.416523   -1.6791184  -1.1213129  -0.10461862 -1.9055418  -1.3216656
   0.6874515  -2.1426384  -1.7828307   2.4267097  -2.0109987  -1.7869804
  -0.21039099]] 
Episode: 59: [[-1.4166181  -1.6792551  -1.1211808  -0.1044874  -1.9056423  -1.3215477
   0.68758374 -2.1427855  -1.7829056   2.4265983  -2.0111423  -1.7871243
  -0.21048416]] 
Episode: 60: [[-1.4167066  -1.6793878  -1.1210473  -0.10435424 -1.9057378  -1.3214017
   0.68772596 -2.1429243  -1.7829732   2.4264798  -2.0113063  -1.7872792
  -0.21058574]] 
Episode: 61: [[-1.4167848  -1.6795288  -1.120931   -0.10424221 -1.9058442  -1.3212702
   0.6878558  -2.1430593  -1.783018    2.4263854  -2.0114403  -1.7874236
  -0.21068783]] 
Episode: 62: [[-1.4168553  -1.6796634  -1.120835   -0.10414676 -1.9059384  -1.3211719
   0.68796206 -2.1431677  -1.7830626   2.426308   -2.0115523  -1.7875335
  -0.21076047]] 
Episode: 63: [[-1.4169263  -1.6797818  -1.1207534  -0.10405906 -1.9060204  -1.3210995
   0.68804187 -2.1432595  -1.7831047   2.42624    -2.0116398  -1.7876121
  -0.21080291]] 
Episode: 64: [[-1.4170036  -1.6798856  -1.1206622  -0.10395951 -1.9060793  -1.3210195
   0.6881244  -2.1433368  -1.7831643   2.4261563  -2.0117414  -1.7876865
  -0.210839  ]] 
Episode: 65: [[-1.4170648  -1.68       -1.1205783  -0.10387263 -1.9061501  -1.3209369
   0.68821406 -2.1434186  -1.7832147   2.4260817  -2.0118425  -1.7877657
  -0.21088569]] 
Episode: 66: [[-1.417124   -1.6801006  -1.1205003  -0.10378865 -1.906208   -1.3208735
   0.68828374 -2.143488   -1.7832625   2.4260101  -2.0119276  -1.7878283
  -0.21091533]] 
Episode: 67: [[-1.4171689 -1.6801928 -1.1204392 -0.1037209 -1.906265  -1.3207911
   0.6883427 -2.1435614 -1.7832799  2.425957  -2.0120025 -1.7879019
  -0.2109628]] 
Episode: 68: [[-1.4172214  -1.6802802  -1.1203772  -0.10364079 -1.9063091  -1.3207324
   0.6883839  -2.1436267  -1.7833103   2.425892   -2.0120654  -1.7879496
  -0.21097541]] 
Episode: 69: [[-1.4172609  -1.680364   -1.1203367  -0.10357894 -1.9063464  -1.32068
   0.6884043  -2.1436746  -1.7833258   2.4258451  -2.0121071  -1.7879767
  -0.21097086]] 
Episode: 70: [[-1.4172876  -1.6804644  -1.1203023  -0.10353283 -1.9064063  -1.3206557
   0.68843514 -2.143735   -1.7833384   2.4258063  -2.012124   -1.7879853
  -0.21095121]] 
Episode: 71: [[-1.4173212  -1.680543   -1.1202898  -0.10351729 -1.9064765  -1.3206773
   0.68841445 -2.143802   -1.7833453   2.4258115  -2.0121057  -1.7879553
  -0.21089743]] 
Episode: 72: [[-1.4173447  -1.6806511  -1.120277   -0.10350737 -1.9065758  -1.3206799
   0.68841964 -2.143887   -1.7833339   2.4258196  -2.0120835  -1.7879436
  -0.21086918]] 
Episode: 73: [[-1.4173621  -1.6807586  -1.1202741  -0.10350698 -1.9066775  -1.3206768
   0.68842113 -2.1439693  -1.7833135   2.4258401  -2.01206    -1.7879378
  -0.21085528]] 
Episode: 74: [[-1.4173776  -1.6808429  -1.1202891  -0.10351375 -1.9067646  -1.3206792
   0.6884249  -2.144043   -1.7832971   2.4258664  -2.0120325  -1.7879283
  -0.21083583]] 
Episode: 75: [[-1.4173974  -1.6809086  -1.1202914  -0.10350671 -1.9068305  -1.3206785
   0.68843776 -2.1441057  -1.7832974   2.4258747  -2.0120232  -1.7879287
  -0.21082504]] 
Episode: 76: [[-1.4174571  -1.6809685  -1.1203344  -0.10348229 -1.9069241  -1.3206381
   0.6883527  -2.1441953  -1.78324     2.4259202  -2.011964   -1.7879158
  -0.21080847]] 
Episode: 77: [[-1.4175465  -1.681049   -1.1203861  -0.10344549 -1.9070207  -1.3206054
   0.68823284 -2.144291   -1.7831678   2.4259758  -2.0118756  -1.7878839
  -0.21076454]] 
Episode: 78: [[-1.417612   -1.68114    -1.1204457  -0.10342734 -1.907114   -1.320584
   0.688119   -2.1443698  -1.7830935   2.4260402  -2.01179    -1.7878485
  -0.21072187]] 
Episode: 79: [[-1.4176693  -1.6812179  -1.1204897  -0.10340221 -1.907195   -1.3205507
   0.6880288  -2.144447   -1.7830364   2.4260857  -2.0117314  -1.7878307
  -0.21069556]] 
Episode: 80: [[-1.4176937  -1.6812727  -1.1205397  -0.10339376 -1.907282   -1.3205366
   0.6879379  -2.1445358  -1.7829803   2.426135   -2.0116699  -1.7878137
  -0.21067305]] 
Episode: 81: [[-1.4177186  -1.6813344  -1.120581   -0.10338136 -1.9073668  -1.320516
   0.6878609  -2.1446276  -1.7829292   2.4261763  -2.0116158  -1.7878053
  -0.21065703]] 
Episode: 82: [[-1.4177452  -1.681377   -1.1206094  -0.10336508 -1.9074287  -1.320552
   0.6877722  -2.1447003  -1.782918    2.426203   -2.0115547  -1.7877555
  -0.21058965]] 
Episode: 83: [[-1.4177716  -1.681422   -1.1206198  -0.10333858 -1.9074786  -1.3206012
   0.68771005 -2.1447577  -1.7829379   2.4262064  -2.0115147  -1.7877016
  -0.21051408]] 
Episode: 84: [[-1.4178071  -1.6814681  -1.120626   -0.10330673 -1.9075261  -1.3206401
   0.6876586  -2.144809   -1.7829604   2.4262037  -2.0114827  -1.7876495
  -0.21043904]] 
Episode: 85: [[-1.4178649  -1.6814848  -1.1206183  -0.1032554  -1.907548   -1.3206606
   0.687612   -2.1448433  -1.7829983   2.4261827  -2.011474   -1.787603
  -0.21036533]] 
Episode: 86: [[-1.4179282 -1.6814735 -1.1205955 -0.1031854 -1.9075345 -1.320691
   0.6875651 -2.1448543 -1.7830802  2.4261358 -2.0114994 -1.7875472
  -0.210269 ]] 
Episode: 87: [[-1.4180007  -1.6814332  -1.1205529  -0.10309343 -1.907489   -1.3207405
   0.6875312  -2.1448476  -1.7832048   2.426056   -2.0115519  -1.7874779
  -0.21014994]] 
Episode: 88: [[-1.4180576  -1.6814084  -1.1205167  -0.10301473 -1.9074512  -1.3207545
   0.6875149  -2.1448517  -1.7833021   2.4259872  -2.0116036  -1.7874432
  -0.21007459]] 
Episode: 89: [[-1.4181151  -1.681376   -1.1204747  -0.10293058 -1.9074033  -1.3207783
   0.6875044  -2.1448493  -1.7834167   2.4259095  -2.0116692  -1.7874041
  -0.20999388]] 
Episode: 90: [[-1.4181713  -1.6813442  -1.1204289  -0.10284781 -1.907348   -1.3208058
   0.6875054  -2.1448402  -1.7835363   2.4258277  -2.0117362  -1.7873663
  -0.20991428]] 
Episode: 91: [[-1.4182084  -1.6813209  -1.1203979  -0.10278449 -1.9073063  -1.3208082
   0.68749934 -2.1448402  -1.7836292   2.4257705  -2.0118082  -1.7873526
  -0.20987055]] 
Episode: 92: [[-1.4182676  -1.6812974  -1.120349   -0.10270476 -1.9072549  -1.320808
   0.68750334 -2.1448312  -1.783732    2.425697   -2.011886   -1.7873352
  -0.20981885]] 
Episode: 93: [[-1.4183327  -1.6813539  -1.1203349  -0.10264545 -1.9072464  -1.3207678
   0.6875092  -2.1448019  -1.7837756   2.4256587  -2.0119321  -1.7873079
  -0.2097651 ]] 
Episode: 94: [[-1.4184083  -1.6813831  -1.1203829  -0.10261101 -1.9072546  -1.3206953
   0.68742794 -2.1447535  -1.7837499   2.4256716  -2.011913   -1.78722
  -0.20965502]] 
Episode: 95: [[-1.4184713  -1.6814191  -1.1204466  -0.10259696 -1.9072825  -1.3205943
   0.68734086 -2.144723   -1.7836838   2.425714   -2.0118837  -1.7871656
  -0.20959406]] 
Episode: 96: [[-1.4185402  -1.6814755  -1.1205056  -0.10258263 -1.9073449  -1.3204824
   0.6872628  -2.1447253  -1.7836008   2.4257612  -2.0118432  -1.7871234
  -0.20954908]] 
Episode: 97: [[-1.418659   -1.6816167  -1.1206045  -0.10260105 -1.9074953  -1.3203982
   0.68716526 -2.1447544  -1.783463    2.42588    -2.0117416  -1.7870547
  -0.2094873 ]] 
Episode: 98: [[-1.4187629  -1.6817441  -1.1206995  -0.10262616 -1.9076365  -1.3203351
   0.6870676  -2.1447845  -1.7833344   2.4259949  -2.0116372  -1.7869776
  -0.20941663]] 
Episode: 99: [[-1.4188544  -1.6818858  -1.1207886  -0.10265657 -1.9077771  -1.3202604
   0.6869755  -2.1448271  -1.7832056   2.4261136  -2.0115445  -1.7869238
  -0.20937188]] 
Episode: 100: [[-1.4189198  -1.6820475  -1.1208714  -0.10269529 -1.907941   -1.320163
   0.68689215 -2.1448996  -1.7830561   2.426236   -2.0114536  -1.786904
  -0.20936249]] 
Episode: 101: [[-1.4189947  -1.6822149  -1.1209542  -0.10273843 -1.9081117  -1.3200667
   0.68681556 -2.1449647  -1.782901    2.4263635  -2.0113542  -1.7868783
  -0.20935321]] 
Episode: 102: [[-1.4190737  -1.682365   -1.1210355  -0.10277282 -1.9082758  -1.319951
   0.6867387  -2.145033   -1.7827404   2.4264832  -2.0112545  -1.7868619
  -0.20935154]] 
Episode: 103: [[-1.4191613  -1.6825123  -1.1210915  -0.10278602 -1.9084417  -1.31982
   0.68668646 -2.1451213  -1.7825966   2.426577   -2.011177   -1.7868611
  -0.20936008]] 
Episode: 104: [[-1.4192388  -1.6826526  -1.1211437  -0.10280184 -1.9085944  -1.3197126
   0.686639   -2.1451974  -1.7824674   2.4266658  -2.0111039  -1.7868549
  -0.20936546]] 
Episode: 105: [[-1.4193245  -1.6827548  -1.1211689  -0.10278629 -1.9087011  -1.3196183
   0.68660355 -2.145244   -1.7823945   2.42671    -2.0110784  -1.7868335
  -0.20934267]] 
Episode: 106: [[-1.4193944  -1.6828691  -1.1212078  -0.10279403 -1.908818   -1.3195319
   0.68656826 -2.1452956  -1.7823147   2.4267755  -2.0110426  -1.7868162
  -0.20932986]] 
Episode: 107: [[-1.4194541  -1.6830009  -1.1212504  -0.10282368 -1.9089444  -1.3194778
   0.68652856 -2.1453526  -1.7822385   2.4268584  -2.0109966  -1.7867811
  -0.20930111]] 
Episode: 108: [[-1.419516   -1.6831442  -1.1212711  -0.10283553 -1.9090677  -1.3194296
   0.6865195  -2.1454117  -1.7821883   2.4269142  -2.0109699  -1.7867517
  -0.20927092]] 
Episode: 109: [[-1.419582   -1.6832606  -1.1212875  -0.10283445 -1.9091573  -1.319396
   0.6864968  -2.1454418  -1.7821559   2.4269564  -2.0109532  -1.7867107
  -0.20922656]] 
Episode: 110: [[-1.4196515  -1.6833857  -1.1213013  -0.10282385 -1.9092433  -1.319333
   0.6864663  -2.1454625  -1.782112    2.4269943  -2.0109475  -1.7866758
  -0.20918876]] 
Episode: 111: [[-1.4197127  -1.6834972  -1.121318   -0.10282248 -1.909315   -1.3192911
   0.6864436  -2.1454778  -1.782083    2.4270344  -2.0109477  -1.786641
  -0.2091507 ]] 
Episode: 112: [[-1.4197807  -1.6835802  -1.121317   -0.10280082 -1.9093531  -1.3192607
   0.68642765 -2.1454759  -1.7820842   2.4270465  -2.01097    -1.7866033
  -0.20909685]] 
Episode: 113: [[-1.4198556  -1.6836423  -1.1213019  -0.10276297 -1.909367   -1.3192351
   0.68642116 -2.1454604  -1.7821107   2.427038   -2.0110128  -1.7865657
  -0.2090411 ]] 
Episode: 114: [[-1.4199244  -1.6837008  -1.1212903  -0.10272781 -1.9093792  -1.3192025
   0.68642056 -2.1454418  -1.782131    2.427028   -2.0110512  -1.78653
  -0.2089898 ]] 
Episode: 115: [[-1.4199911  -1.6837641  -1.1212751  -0.10269242 -1.9093894  -1.3191806
   0.68642426 -2.1454175  -1.7821574   2.427014   -2.011088   -1.7864884
  -0.20893198]] 
Episode: 116: [[-1.4200615  -1.6838237  -1.1212542  -0.10265003 -1.9093976  -1.3191488
   0.6864363  -2.145391   -1.7821794   2.4269922  -2.0111268  -1.7864524
  -0.20888224]] 
Episode: 117: [[-1.420133   -1.6838498  -1.1212385  -0.10260789 -1.9093881  -1.3190929
   0.6864418  -2.1453664  -1.7821902   2.4269743  -2.0111735  -1.7864392
  -0.20885926]] 
Episode: 118: [[-1.4202183  -1.6838851  -1.1212084  -0.1025504  -1.9093833  -1.3190391
   0.6864533  -2.1453397  -1.7822036   2.4269404  -2.0112135  -1.7864137
  -0.20882152]] 
Episode: 119: [[-1.4202994  -1.6839708  -1.1211696  -0.10249873 -1.9094096  -1.3189832
   0.6864921  -2.1453156  -1.7822101   2.426908   -2.0112507  -1.7863913
  -0.20879222]] 
Episode: 120: [[-1.4203645  -1.6840861  -1.1211497  -0.10246668 -1.90946    -1.3189099
   0.6865283  -2.1453037  -1.7821832   2.4268975  -2.0112834  -1.786383
  -0.20877053]] 
Episode: 121: [[-1.4203843  -1.6842296  -1.1211665  -0.10248091 -1.9095571  -1.3188308
   0.6865584  -2.1453452  -1.7821044   2.4269361  -2.0112784  -1.7864165
  -0.20879945]] 
Episode: 122: [[-1.4203694  -1.6843944  -1.1212054  -0.10252951 -1.909673   -1.3187414
   0.6865756  -2.145428   -1.782014    2.4270122  -2.0112672  -1.7864742
  -0.20886421]] 
Episode: 123: [[-1.4203664  -1.6845406  -1.121248   -0.10257737 -1.9097708  -1.318682
   0.6865746  -2.1454864  -1.7819349   2.4270873  -2.0112386  -1.786496
  -0.20889096]] 
Episode: 124: [[-1.4202979  -1.6847509  -1.1213238  -0.10268772 -1.9099526  -1.3185608
   0.68658733 -2.1456122  -1.781762    2.4272258  -2.0111835  -1.7865938
  -0.20901963]] 
Episode: 125: [[-1.4202318  -1.6849641  -1.1214072  -0.10280175 -1.9101382  -1.3184394
   0.68658376 -2.1457348  -1.7815812   2.4273734  -2.0111163  -1.7866825
  -0.20914346]] 
Episode: 126: [[-1.420181   -1.685163   -1.1214757  -0.10289564 -1.9102983  -1.3183243
   0.6865905  -2.1458306  -1.7814234   2.4274979  -2.0110683  -1.786762
  -0.20925541]] 
Episode: 127: [[-1.420129   -1.6853701  -1.1215427  -0.10298482 -1.9104605  -1.3182064
   0.6865954  -2.1459246  -1.7812623   2.4276161  -2.011015   -1.7868379
  -0.20935492]] 
Episode: 128: [[-1.4201428  -1.6856012  -1.1215816  -0.10304424 -1.9106315  -1.3180764
   0.6865783  -2.1460302  -1.7811095   2.4277341  -2.0109723  -1.7869059
  -0.20944071]] 
Episode: 129: [[-1.4201548  -1.6858165  -1.1216213  -0.10310029 -1.9107943  -1.3179399
   0.6865682  -2.146126   -1.780955    2.4278448  -2.0109322  -1.7869769
  -0.20953006]] 
Episode: 130: [[-1.4201678  -1.6860101  -1.1216531  -0.10314433 -1.9109323  -1.317813
   0.68655825 -2.146202   -1.7808238   2.4279382  -2.010908   -1.7870355
  -0.20960905]] 
Episode: 131: [[-1.4201703  -1.6862047  -1.1216774  -0.10318814 -1.9110734  -1.317687
   0.686564   -2.146286   -1.7806985   2.4280267  -2.010897   -1.7871096
  -0.209708  ]] 
Episode: 132: [[-1.4201361  -1.6864238  -1.1217248  -0.10326778 -1.9112616  -1.3175137
   0.6865836  -2.1464207  -1.7805146   2.4281495  -2.010863   -1.7872316
  -0.20986594]] 
Episode: 133: [[-1.4201225  -1.6866094  -1.121748   -0.10331535 -1.9114043  -1.3173761
   0.686615   -2.1465142  -1.7803941   2.428231   -2.0108676  -1.7873194
  -0.20998359]] 
Episode: 134: [[-1.4201132  -1.6867855  -1.1217762  -0.10336205 -1.9115328  -1.3172631
   0.6866344  -2.146579   -1.7802893   2.4283104  -2.0108702  -1.7873768
  -0.210072  ]] 
Episode: 135: [[-1.4201503  -1.6869682  -1.1217622  -0.10332754 -1.9116186  -1.3172303
   0.68659645 -2.1466346  -1.780244    2.4283257  -2.0108569  -1.7873731
  -0.21007228]] 
Episode: 136: [[-1.4201912  -1.6871274  -1.1217395  -0.10328466 -1.9116904  -1.3171959
   0.6865716  -2.1466818  -1.7802123   2.4283276  -2.010861   -1.787376
  -0.21007726]] 
Episode: 137: [[-1.4203173  -1.6872513  -1.1216345  -0.10314896 -1.9117653  -1.3170992
   0.6865767  -2.146798   -1.780218    2.4282553  -2.0109134  -1.7874317
  -0.21011452]] 
Episode: 138: [[-1.4204345  -1.6873804  -1.1215317  -0.10302227 -1.9118404  -1.3170074
   0.68659633 -2.1469061  -1.7802322   2.4281862  -2.010974   -1.7874893
  -0.21015641]] 
Episode: 139: [[-1.4205519  -1.6874927  -1.1214294  -0.10289361 -1.9118869  -1.3169394
   0.6866216  -2.1469839  -1.780273    2.428107   -2.0110402  -1.7875285
  -0.2101778 ]] 
Episode: 140: [[-1.4206635  -1.6875858  -1.12133    -0.10276736 -1.9119196  -1.3168948
   0.6866411  -2.1470544  -1.7803327   2.4280245  -2.0111096  -1.7875524
  -0.21017985]] 
Episode: 141: [[-1.4207574 -1.6876725 -1.1212331 -0.1026501 -1.9119515 -1.3168452
   0.6866753 -2.147121  -1.7803886  2.4279423 -2.0111847 -1.7875865
  -0.2101983]] 
Episode: 142: [[-1.4208368  -1.6877625  -1.121145   -0.10254581 -1.9119895  -1.3168156
   0.6867157  -2.1471834  -1.7804452   2.427865   -2.0112474  -1.7876059
  -0.21020682]] 
Episode: 143: [[-1.4208975  -1.6878512  -1.1210622  -0.10245607 -1.9120281  -1.3168075
   0.6867536  -2.1472473  -1.7805024   2.4277942  -2.0112982  -1.7876165
  -0.2102073 ]] 
Episode: 144: [[-1.4209553  -1.6879311  -1.1209866  -0.10237358 -1.9120615  -1.3167866
   0.68678993 -2.1472979  -1.7805434   2.4277298  -2.0113459  -1.7876296
  -0.2102161 ]] 
Episode: 145: [[-1.4209986  -1.6880112  -1.1209143  -0.10230316 -1.9121026  -1.3167614
   0.6868401  -2.147366   -1.7805766   2.4276714  -2.0113924  -1.7876564
  -0.21024068]] 
Episode: 146: [[-1.4210376  -1.6880934  -1.120851   -0.10223833 -1.9121413  -1.3167303
   0.6868808  -2.147422   -1.7805994   2.4276223  -2.01144    -1.7876859
  -0.21027353]] 
Episode: 147: [[-1.4210793  -1.6881939  -1.1207975  -0.10218216 -1.9122     -1.3166754
   0.686926   -2.147479   -1.7806008   2.427587   -2.0114846  -1.7877207
  -0.2103171 ]] 
Episode: 148: [[-1.4211092  -1.6883293  -1.120772   -0.10215568 -1.9122902  -1.3166593
   0.68695325 -2.1475391  -1.7805802   2.4275856  -2.0114853  -1.787727
  -0.21033923]] 
Episode: 149: [[-1.4211512  -1.6884449  -1.1207438  -0.102122   -1.9123827  -1.3166251
   0.6869833  -2.1476154  -1.7805547   2.4275792  -2.011486   -1.7877412
  -0.21036421]] 
Episode: 150: [[-1.421177   -1.6885644  -1.120721   -0.10210059 -1.91249    -1.3165674
   0.68702114 -2.147713   -1.7805023   2.4275832  -2.0114753  -1.7877839
  -0.21042104]] 
Episode: 151: [[-1.4212086  -1.6886393  -1.1206789  -0.10205981 -1.9125516  -1.3165169
   0.6870717  -2.1477997  -1.7804892   2.427561   -2.0114963  -1.7878441
  -0.21048672]] 
Episode: 152: [[-1.4213486  -1.6887548  -1.1205264  -0.10190323 -1.9126506  -1.3163826
   0.6872153  -2.1479666  -1.7805257   2.4274416  -2.0115914  -1.7879846
  -0.21060923]] 
Episode: 153: [[-1.4214659  -1.6888638  -1.120399   -0.1017708  -1.9127469  -1.3162653
   0.68733764 -2.1481194  -1.7805445   2.4273422  -2.0116613  -1.7881049
  -0.21071482]] 
Episode: 154: [[-1.4215796  -1.6889472  -1.120277   -0.10164147 -1.9128196  -1.3161448
   0.68744355 -2.148252   -1.7805684   2.4272459  -2.0117466  -1.7882242
  -0.21081766]] 
Episode: 155: [[-1.4217072  -1.689078   -1.1201818  -0.10152876 -1.9129194  -1.3160571
   0.68749726 -2.1483908  -1.7805712   2.42719    -2.0117881  -1.7883064
  -0.21088567]] 
Episode: 156: [[-1.4218203  -1.6892197  -1.1200907  -0.10142357 -1.9130439  -1.3159461
   0.6875678  -2.1485543  -1.7805558   2.427137   -2.0118237  -1.7884039
  -0.21097   ]] 
Episode: 157: [[-1.4219214  -1.6894324  -1.1200083  -0.10136058 -1.9132289  -1.3158178
   0.6876869  -2.1487389  -1.7805288   2.4271207  -2.0118606  -1.7885113
  -0.21107276]] 
Episode: 158: [[-1.4220134  -1.6896231  -1.1199352  -0.10130458 -1.9133946  -1.315698
   0.68779904 -2.1488948  -1.7805007   2.427105   -2.011894   -1.7886034
  -0.21116394]] 
Episode: 159: [[-1.4221001  -1.6897879  -1.1198728  -0.1012561  -1.9135305  -1.3156048
   0.6878885  -2.1490188  -1.7804823   2.4270937  -2.0119233  -1.7886719
  -0.21123202]] 
Episode: 160: [[-1.4222128  -1.6899333  -1.1198078  -0.10118766 -1.9136425  -1.3155051
   0.6879483  -2.1491337  -1.780476    2.4270744  -2.0119538  -1.7887233
  -0.21127903]] 
Episode: 161: [[-1.4223161  -1.6900764  -1.1197497  -0.10112744 -1.9137511  -1.315418
   0.68800306 -2.1492343  -1.7804646   2.4270604  -2.0119781  -1.7887663
  -0.21132189]] 
Episode: 162: [[-1.4224155  -1.6902074  -1.1196934  -0.10106657 -1.9138389  -1.3153383
   0.6880578  -2.1493082  -1.7804731   2.4270415  -2.0120254  -1.7888013
  -0.21135676]] 
Episode: 163: [[-1.4225168  -1.6903143  -1.1196216  -0.10098624 -1.913889   -1.3152926
   0.68812    -2.1493578  -1.7805252   2.4269917  -2.0120893  -1.7888186
  -0.21136315]] 
Episode: 164: [[-1.4225947  -1.690448   -1.1195735  -0.10093787 -1.9139642  -1.3152422
   0.6881762  -2.1494179  -1.7805492   2.4269764  -2.0121346  -1.7888439
  -0.21138908]] 
Episode: 165: [[-1.4226652  -1.6905674  -1.1195323  -0.10090192 -1.9140364  -1.3152165
   0.68823594 -2.149482   -1.7805821   2.4269707  -2.0121756  -1.7888721
  -0.21142071]] 
Episode: 166: [[-1.4227487  -1.6906474  -1.1194766  -0.10084204 -1.9140687  -1.3152028
   0.68829316 -2.1495242  -1.7806436   2.4269369  -2.012236   -1.7888911
  -0.21143597]] 
Episode: 167: [[-1.4227998  -1.690799   -1.1194112  -0.10079823 -1.9141495  -1.3151802
   0.68840003 -2.149603   -1.7806929   2.4269063  -2.0122957  -1.788936
  -0.21148331]] 
Episode: 168: [[-1.4228636  -1.6909143  -1.1193348  -0.10073661 -1.9141929  -1.3151729
   0.68849957 -2.1496515  -1.7807729   2.4268546  -2.0123744  -1.7889634
  -0.21150993]] 
Episode: 169: [[-1.422923   -1.6910228  -1.1192646  -0.1006787  -1.9142343  -1.3151224
   0.6885924  -2.1497018  -1.7808281   2.4268124  -2.0124614  -1.7890177
  -0.21157011]] 
Episode: 170: [[-1.4229774  -1.691109   -1.1191947  -0.10061859 -1.914259   -1.3150828
   0.68868    -2.149747   -1.780899    2.4267662  -2.0125597  -1.7890748
  -0.21163201]] 
Episode: 171: [[-1.4230316  -1.6911827  -1.119137   -0.10056283 -1.9142687  -1.3150393
   0.6887596  -2.149772   -1.780962    2.4267251  -2.0126588  -1.7891264
  -0.21169047]] 
Episode: 172: [[-1.4230922  -1.691254   -1.1190864  -0.1005114  -1.9142711  -1.3149852
   0.6888158  -2.1497858  -1.78101     2.4266956  -2.0127473  -1.7891706
  -0.21174389]] 
Episode: 173: [[-1.4231162  -1.691342   -1.1190662  -0.1004959  -1.9142996  -1.3149368
   0.6888651  -2.149831   -1.781025    2.4266994  -2.0128093  -1.7892259
  -0.21180978]] 
Episode: 174: [[-1.4231257  -1.691442   -1.1190423  -0.10048828 -1.9143481  -1.3149068
   0.6889111  -2.1499012  -1.7810439   2.4267116  -2.0128727  -1.7892945
  -0.21188658]] 
Episode: 175: [[-1.4232124  -1.6915267  -1.1189995  -0.10042581 -1.9143875  -1.3148284
   0.688927   -2.1499798  -1.7810539   2.4266963  -2.012914   -1.789344
  -0.21193388]] 
Episode: 176: [[-1.4232773  -1.6916505  -1.118965   -0.10039169 -1.914458   -1.314812
   0.6889296  -2.1500921  -1.7810717   2.4267108  -2.012931   -1.7893806
  -0.21197097]] 
Episode: 177: [[-1.4233483  -1.6917672  -1.1189153  -0.10034361 -1.9145132  -1.3147904
   0.68894    -2.1501946  -1.7811056   2.4267063  -2.0129611  -1.7894136
  -0.21200004]] 
Episode: 178: [[-1.4234209  -1.6919016  -1.1188885  -0.10031332 -1.9145851  -1.3147457
   0.6889478  -2.1502955  -1.781107    2.4267275  -2.0129764  -1.7894497
  -0.21203998]] 
Episode: 179: [[-1.4234815  -1.692105   -1.1189004  -0.10033808 -1.91474    -1.3146747
   0.68890536 -2.150432   -1.7810036   2.426832   -2.0129166  -1.7895031
  -0.21212351]] 
Episode: 180: [[-1.4235606  -1.6922784  -1.1189067  -0.10034286 -1.9148566  -1.3145945
   0.6888629  -2.1505277  -1.7809234   2.426914   -2.012881   -1.7895391
  -0.21218337]] 
Episode: 181: [[-1.4236438  -1.6924263  -1.1189106  -0.10033479 -1.914947   -1.3145287
   0.68881017 -2.1505988  -1.7808615   2.4269776  -2.012851   -1.7895523
  -0.21220912]] 
Episode: 182: [[-1.4237223  -1.6925724  -1.1189181  -0.10033073 -1.9150337  -1.3144723
   0.6887578  -2.1506567  -1.7808027   2.4270422  -2.0128193  -1.7895572
  -0.212229  ]] 
Episode: 183: [[-1.4238514  -1.692749   -1.1189313  -0.10029908 -1.9151275  -1.3143079
   0.68864894 -2.1507118  -1.7806844   2.4271185  -2.0127742  -1.7895685
  -0.21225616]] 
Episode: 184: [[-1.4240776  -1.6929698  -1.118803   -0.10014333 -1.915285   -1.3140812
   0.6886801  -2.150883   -1.780642    2.427076   -2.0128276  -1.7896913
  -0.21236701]] 
Episode: 185: [[-1.4242829  -1.6931753  -1.1186862  -0.1000027  -1.9154296  -1.3138772
   0.68871176 -2.1510308  -1.7806048   2.4270377  -2.0128803  -1.7897985
  -0.21246727]] 
Episode: 186: [[-1.4244658  -1.6933651  -1.1185873  -0.09988012 -1.9155685  -1.3136873
   0.68872696 -2.1511695  -1.7805616   2.4270098  -2.0129273  -1.7898915
  -0.21254428]] 
Episode: 187: [[-1.4246258  -1.6935495  -1.1184998  -0.09977585 -1.9157101  -1.3135003
   0.6887467  -2.1513004  -1.7805072   2.4269922  -2.012969   -1.789984
  -0.21263173]] 
Episode: 188: [[-1.4247795  -1.6937243  -1.1184124  -0.09967611 -1.915838   -1.3133248
   0.6887644  -2.1514163  -1.7804724   2.426973   -2.013028   -1.790061
  -0.21270287]] 
Episode: 189: [[-1.4249393  -1.6938971  -1.1183249  -0.09957183 -1.9159524  -1.3131605
   0.68878424 -2.151517   -1.7804493   2.4269495  -2.013091   -1.7901304
  -0.2127667 ]] 
Episode: 190: [[-1.4250886  -1.6940584  -1.1182462  -0.09947771 -1.9160665  -1.3130121
   0.6888002  -2.1516156  -1.7804223   2.4269326  -2.013141   -1.7901946
  -0.21282855]] 
Episode: 191: [[-1.425222   -1.6942025  -1.1181962  -0.09940907 -1.9161713  -1.3128839
   0.68878543 -2.1517026  -1.7803819   2.4269454  -2.0131805  -1.7902507
  -0.21288802]] 
Episode: 192: [[-1.425351   -1.6943077  -1.1181319  -0.09932453 -1.9162319  -1.3128011
   0.6887786  -2.1517663  -1.7804024   2.426927   -2.0132446  -1.7902838
  -0.2129174 ]] 
Episode: 193: [[-1.4254876  -1.6943861  -1.1180493  -0.0992191  -1.9162536  -1.3127447
   0.6887762  -2.151804   -1.7804633   2.4268777  -2.013326   -1.7902956
  -0.21291693]] 
Episode: 194: [[-1.4256171  -1.6944606  -1.1179725  -0.0991212  -1.9162673  -1.3127126
   0.6887747  -2.1518245  -1.7805321   2.426826   -2.0133953  -1.7902784
  -0.21288227]] 
Episode: 195: [[-1.4257561  -1.6945004  -1.1178842  -0.0990058  -1.9162525  -1.3127093
   0.6887869  -2.1518328  -1.7806386   2.426749   -2.0134778  -1.7902535
  -0.21283226]] 
Episode: 196: [[-1.425888   -1.6945525  -1.1178077  -0.09890474 -1.9162579  -1.3126609
   0.6888004  -2.1518538  -1.7807031   2.4266932  -2.013554   -1.7902617
  -0.21282476]] 
Episode: 197: [[-1.426032   -1.6945446  -1.1177131  -0.09877187 -1.9161829  -1.3126861
   0.6887977  -2.1518128  -1.7808521   2.4265914  -2.0136619  -1.7902154
  -0.21274047]] 
Episode: 198: [[-1.4261628  -1.6945473  -1.1176219  -0.09865006 -1.9161247  -1.312718
   0.68880695 -2.1517794  -1.7809919   2.4264946  -2.0137587  -1.7901676
  -0.2126595 ]] 
Episode: 199: [[-1.4262829  -1.6945523  -1.1175354  -0.09853484 -1.9160657  -1.3127757
   0.68880033 -2.151759   -1.7811303   2.426406   -2.0138366  -1.7901179
  -0.21257856]] 
Episode: 200: [[-1.4264072  -1.6945812  -1.1174444  -0.09841336 -1.9160165  -1.3127879
   0.6888222  -2.1517406  -1.781256    2.4263105  -2.0139308  -1.7900906
  -0.21252045]] 
Episode: 201: [[-1.4265258  -1.6945719  -1.1173463  -0.09828381 -1.915937   -1.312814
   0.68884903 -2.1517105  -1.781407    2.4261987  -2.0140455  -1.7900676
  -0.21246392]] 
Episode: 202: [[-1.426688   -1.6946124  -1.1171818  -0.09809662 -1.9159046  -1.3127776
   0.6889475  -2.1517437  -1.7815704   2.4260345  -2.0142019  -1.7901087
  -0.2124611 ]] 
Episode: 203: [[-1.4268363  -1.6946882  -1.1170479  -0.0979442  -1.9159116  -1.3127145
   0.6890355  -2.151782   -1.7816733   2.4259121  -2.0143158  -1.7901539
  -0.21247536]] 
Episode: 204: [[-1.426941   -1.694811   -1.116968   -0.09785369 -1.9159817  -1.3125975
   0.6890955  -2.1518528  -1.7816657   2.4258676  -2.0143692  -1.7902474
  -0.21255949]] 
Episode: 205: [[-1.4270438  -1.6949316  -1.1169026  -0.09777462 -1.9160517  -1.3124887
   0.6891269  -2.1519153  -1.7816405   2.4258404  -2.0143917  -1.7903237
  -0.2126361 ]] 
Episode: 206: [[-1.4271443  -1.6950324  -1.1168536  -0.09770632 -1.916125   -1.3123401
   0.6891452  -2.151983   -1.7815828   2.4258301  -2.0144055  -1.7904176
  -0.21273765]] 
Episode: 207: [[-1.4272497  -1.6951145  -1.1168106  -0.09763731 -1.9161735  -1.3122166
   0.6891506  -2.1520166  -1.7815413   2.425817   -2.014422   -1.7904791
  -0.21280898]] 
Episode: 208: [[-1.4273587  -1.6952085  -1.1167989  -0.09759266 -1.916233   -1.312106
   0.6891242  -2.1520422  -1.781472    2.4258366  -2.0143924  -1.7905068
  -0.21284793]] 
Episode: 209: [[-1.4274791  -1.695339   -1.1167711  -0.09752028 -1.9162997  -1.3119652
   0.68909645 -2.15208    -1.7814023   2.4258351  -2.0143704  -1.7905395
  -0.21288331]] 
Episode: 210: [[-1.4277526  -1.6956446  -1.1165227  -0.09730791 -1.9165571  -1.3117733
   0.68932146 -2.1523502  -1.7814583   2.4256952  -2.0145159  -1.7907662
  -0.21308212]] 
Episode: 211: [[-1.4280155  -1.6959516  -1.1162846  -0.09710669 -1.9167954  -1.3116004
   0.68952966 -2.1525936  -1.7815105   2.425566   -2.01465    -1.7909752
  -0.21326497]] 
Episode: 212: [[-1.4282568  -1.696242   -1.1160727  -0.09692681 -1.9170336  -1.3114053
   0.68971765 -2.1528323  -1.7815226   2.4254627  -2.0147724  -1.7911959
  -0.21346734]] 
Episode: 213: [[-1.4284813  -1.6965177  -1.1158764  -0.09675897 -1.9172621  -1.3112084
   0.6898858  -2.1530583  -1.7815152   2.4253714  -2.0148861  -1.7914138
  -0.21366473]] 
Episode: 214: [[-1.4286854  -1.6967767  -1.115683   -0.09659325 -1.9174747  -1.3110013
   0.6900566  -2.1532807  -1.7815156   2.4252758  -2.0150251  -1.7916437
  -0.2138754 ]] 
Episode: 215: [[-1.4288733  -1.6969959  -1.1154904  -0.09642541 -1.9176536  -1.3108367
   0.69021726 -2.1534877  -1.7815444   2.4251647  -2.0151634  -1.7918473
  -0.21405503]] 
Episode: 216: [[-1.4290514  -1.6972076  -1.1153206  -0.09627345 -1.9178278  -1.3106737
   0.6903544  -2.1536825  -1.7815567   2.4250734  -2.015281   -1.792035
  -0.21422131]] 
Episode: 217: [[-1.4292121  -1.6973878  -1.1151594  -0.0961327  -1.9179631  -1.3105273
   0.69048464 -2.1538486  -1.7815901   2.4249814  -2.015406   -1.7922062
  -0.21436758]] 
Episode: 218: [[-1.4293628  -1.6975442  -1.1150035  -0.09599249 -1.9180757  -1.3103989
   0.69060546 -2.153992   -1.7816372   2.424882   -2.0155327  -1.7923539
  -0.21448857]] 
Episode: 219: [[-1.4295125  -1.697655   -1.1148528  -0.09585784 -1.9181606  -1.3103068
   0.6907041  -2.1541247  -1.7816925   2.4247859  -2.0156462  -1.792484
  -0.21459052]] 
Episode: 220: [[-1.4296525  -1.6977581  -1.114708   -0.09572672 -1.9182359  -1.3102171
   0.6908027  -2.1542459  -1.7817538   2.4246883  -2.0157638  -1.7926042
  -0.21468474]] 
Episode: 221: [[-1.4298338  -1.6978542  -1.1145196  -0.09552298 -1.9183215  -1.3101447
   0.6908715  -2.1544197  -1.7818478   2.424529   -2.015877   -1.7926983
  -0.21472374]] 
Episode: 222: [[-1.4300128  -1.6979315  -1.114334   -0.09531806 -1.9183879  -1.3100753
   0.6909396  -2.1545808  -1.7819487   2.4243643  -2.0159905  -1.7927864
  -0.21475628]] 
Episode: 223: [[-1.4301817  -1.6980046  -1.1141589  -0.09512492 -1.9184483  -1.310031
   0.6910076  -2.1547298  -1.7820544   2.4242055  -2.0160954  -1.7928576
  -0.2147714 ]] 
Episode: 224: [[-1.4303358  -1.698087   -1.1140078  -0.09495804 -1.9185231  -1.3099693
   0.6910677  -2.1548712  -1.7821196   2.424076   -2.0161707  -1.7929293
  -0.21480092]] 
Episode: 225: [[-1.4304707  -1.6981869  -1.113883   -0.09482209 -1.9186096  -1.3098966
   0.69111717 -2.1549993  -1.7821485   2.4239795  -2.0162227  -1.7929951
  -0.2148362 ]] 
Episode: 226: [[-1.4305836  -1.6982946  -1.1137681  -0.09470267 -1.9187051  -1.3098047
   0.6911701  -2.1551318  -1.7821517   2.4238985  -2.0162723  -1.793085
  -0.21490397]] 
Episode: 227: [[-1.4306842  -1.6984043  -1.1136538  -0.0945914  -1.9187953  -1.3097544
   0.69122463 -2.1552577  -1.7821746   2.423818   -2.016317   -1.7931569
  -0.21495594]] 
Episode: 228: [[-1.4307643  -1.6985377  -1.1135565  -0.09450548 -1.9188997  -1.3097364
   0.6912823  -2.1553729  -1.782192    2.4237561  -2.0163412  -1.7932035
  -0.21498765]] 
Episode: 229: [[-1.4308208  -1.6986827  -1.113492   -0.09445535 -1.9190264  -1.3096937
   0.69133365 -2.1554909  -1.7821591   2.4237342  -2.0163395  -1.7932624
  -0.21504717]] 
Episode: 230: [[-1.4309645  -1.6989626  -1.1133329  -0.09430636 -1.9192302  -1.309531
   0.6914687  -2.1556756  -1.7821462   2.4236326  -2.0164018  -1.7933805
  -0.2151478 ]] 
Episode: 231: [[-1.4310887  -1.6992162  -1.1131921  -0.09417479 -1.9194133  -1.3093939
   0.69159174 -2.15584    -1.7821369   2.4235423  -2.0164557  -1.7934848
  -0.2152389 ]] 
Episode: 232: [[-1.4312071  -1.6994637  -1.1130751  -0.09406446 -1.9196007  -1.3092295
   0.6916863  -2.155997   -1.7820829   2.4234865  -2.0164888  -1.7936003
  -0.21535327]] 
Episode: 233: [[-1.4313176  -1.6997052  -1.1129674  -0.09396641 -1.9197874  -1.3090835
   0.69177705 -2.1561573  -1.7820348   2.4234424  -2.0165205  -1.793713
  -0.21546392]] 
Episode: 234: [[-1.4314312  -1.6999052  -1.1128538  -0.09385757 -1.919935   -1.30895
   0.69187516 -2.1563013  -1.7820256   2.423377   -2.0165784  -1.7938174
  -0.2155596 ]] 
Episode: 235: [[-1.4315335 -1.7000949 -1.1127629 -0.0937676 -1.9200822 -1.3088146
   0.6919508 -2.1564353 -1.7819864  2.423335  -2.0166101 -1.7939162
  -0.2156572]] 
Episode: 236: [[-1.4316331  -1.700287   -1.1126738  -0.09368836 -1.9202322  -1.3087082
   0.6920249  -2.1565669  -1.78196     2.4232988  -2.01663    -1.79399
  -0.21572767]] 
Episode: 237: [[-1.4317081  -1.7004684  -1.1125937  -0.09362333 -1.9203782  -1.3086166
   0.6921033  -2.1566963  -1.7819333   2.423266   -2.0166466  -1.7940605
  -0.21579744]] 
Episode: 238: [[-1.4317697  -1.7006474  -1.1125321  -0.09357902 -1.9205248  -1.3085115
   0.69217604 -2.1568253  -1.7818857   2.4232564  -2.0166566  -1.794146
  -0.21588567]] 
Episode: 239: [[-1.4318336  -1.7008544  -1.1124531  -0.09352526 -1.9206948  -1.3084527
   0.6922554  -2.1569679  -1.7818515   2.4232316  -2.0166502  -1.7942073
  -0.21593702]] 
Episode: 240: [[-1.4319004  -1.701031   -1.1123813  -0.09347112 -1.9208398  -1.308373
   0.692323   -2.1570926  -1.7818152   2.4232101  -2.016662   -1.7942783
  -0.21600156]] 
Episode: 241: [[-1.431973   -1.7012115  -1.112313   -0.09342248 -1.9209837  -1.3082753
   0.6923896  -2.157213   -1.7817737   2.4231954  -2.0166748  -1.7943435
  -0.2160591 ]] 
Episode: 242: [[-1.4320307  -1.7013872  -1.112252   -0.09338614 -1.9211255  -1.3082128
   0.69246745 -2.157325   -1.7817495   2.4231815  -2.016678   -1.7943907
  -0.21609938]] 
Episode: 243: [[-1.4320754  -1.7015514  -1.1121979  -0.09335653 -1.9212539  -1.3081688
   0.6925493  -2.1574233  -1.7817411   2.4231682  -2.0166917  -1.7944335
  -0.21613961]] 
Episode: 244: [[-1.4321254  -1.7016897  -1.1121485  -0.09332468 -1.9213548  -1.3081516
   0.6926068  -2.1574976  -1.7817458   2.4231524  -2.0166948  -1.7944448
  -0.21614711]] 
Episode: 245: [[-1.4321676  -1.7018358  -1.112096   -0.09329104 -1.9214524  -1.308172
   0.6926518  -2.15756    -1.7817662   2.4231315  -2.0166903  -1.7944328
  -0.21612735]] 
Episode: 246: [[-1.4321934  -1.7019825  -1.1120577  -0.0932732  -1.9215614  -1.308175
   0.6926928  -2.1576364  -1.781766    2.423126   -2.0166824  -1.7944303
  -0.21611553]] 
Episode: 247: [[-1.4322338  -1.7020923  -1.1120145  -0.09323645 -1.9216261  -1.3081856
   0.69272834 -2.1576803  -1.7817973   2.423099   -2.0167015  -1.7944127
  -0.21608523]] 
Episode: 248: [[-1.4322948  -1.70221    -1.1119283  -0.09316181 -1.9217036  -1.3081511
   0.69282365 -2.157756   -1.7818527   2.4230263  -2.0167642  -1.7944444
  -0.21609713]] 
Episode: 249: [[-1.4323388  -1.7023445  -1.1118566  -0.09310772 -1.9217979  -1.3081168
   0.69291246 -2.1578386  -1.781878    2.4229758  -2.016807   -1.7944808
  -0.21611829]] 
Episode: 250: [[-1.4323877  -1.7024522  -1.1117859  -0.09304715 -1.9218677  -1.3080939
   0.69297975 -2.1579106  -1.7819109   2.422921   -2.0168474  -1.7945095
  -0.21612607]] 
Episode: 251: [[-1.4324148  -1.7025899  -1.1117235  -0.09301016 -1.9219857  -1.3080527
   0.6930611  -2.1580205  -1.7819024   2.4228888  -2.0168686  -1.7945604
  -0.21616274]] 
Episode: 252: [[-1.4324591  -1.7026958  -1.1116582  -0.09296007 -1.9220676  -1.3080097
   0.69314295 -2.158105   -1.7819139   2.4228444  -2.016912   -1.7946109
  -0.21619904]] 
Episode: 253: [[-1.4325193  -1.7028196  -1.1115856  -0.09290012 -1.9221668  -1.3079431
   0.6932394  -2.1581888  -1.7819129   2.422794   -2.0169525  -1.7946684
  -0.21624601]] 
Episode: 254: [[-1.4325556  -1.7029604  -1.1115321  -0.09287144 -1.9222856  -1.3079162
   0.693337   -2.1582797  -1.7819055   2.4227698  -2.0169652  -1.7947111
  -0.2162814 ]] 
Episode: 255: [[-1.4325895  -1.7030848  -1.1114935  -0.09285361 -1.9223964  -1.3078827
   0.6934236  -2.1583664  -1.7818881   2.4227607  -2.0169752  -1.7947581
  -0.21632558]] 
Episode: 256: [[-1.4326215  -1.7031969  -1.1114464  -0.09282654 -1.922489   -1.3078693
   0.69351506 -2.1584394  -1.7819006   2.4227345  -2.0170019  -1.7947928
  -0.21635503]] 
Episode: 257: [[-1.4326664  -1.7032843  -1.1114053  -0.09279447 -1.9225597  -1.307843
   0.69358855 -2.1585023  -1.7819116   2.422714   -2.0170362  -1.7948399
  -0.21639818]] 
Episode: 258: [[-1.4327025  -1.7033452  -1.1113635  -0.09276174 -1.9226117  -1.3077996
   0.6936757  -2.1585603  -1.7819256   2.422685   -2.0170937  -1.7949064
  -0.21646176]] 
Episode: 259: [[-1.4327495  -1.7034128  -1.1113341  -0.09273539 -1.9226725  -1.3077548
   0.6937507  -2.1586106  -1.7819251   2.422672   -2.017135   -1.7949634
  -0.21651961]] 
Episode: 260: [[-1.4327997  -1.7034574  -1.111305   -0.09270342 -1.9227109  -1.3077186
   0.6938162  -2.1586542  -1.7819396   2.4226549  -2.0171885  -1.795021
  -0.2165767 ]] 
Episode: 261: [[-1.4329053  -1.7035105  -1.1111729  -0.0925853  -1.9227757  -1.307642
   0.69398814 -2.15878    -1.7820317   2.4225397  -2.0173247  -1.7951612
  -0.21670431]] 
Episode: 262: [[-1.4330082  -1.7035418  -1.111037   -0.09245776 -1.9228058  -1.3075838
   0.69414896 -2.158877   -1.7821591   2.4224072  -2.017489   -1.7952766
  -0.21679229]] 
Episode: 263: [[-1.4331297  -1.703548   -1.1108979  -0.09231597 -1.9228055  -1.3075467
   0.6942954  -2.1589534  -1.7823147   2.422261   -2.0176554  -1.7953625
  -0.21684405]] 
Episode: 264: [[-1.4332395 -1.7035618 -1.1107745 -0.0921899 -1.9228107 -1.3075033
   0.6944264 -2.1590242 -1.7824409  2.4221344 -2.0178018 -1.7954463
  -0.2169019]] 
Episode: 265: [[-1.4333351  -1.7035868  -1.1106753  -0.09208533 -1.9228312  -1.3074083
   0.69453895 -2.1590967  -1.7825092   2.4220412  -2.017932   -1.7955531
  -0.21699825]] 
Episode: 266: [[-1.4334244  -1.7036505  -1.1106012  -0.09201247 -1.9228913  -1.3073181
   0.6946318  -2.1591845  -1.7825364   2.4219933  -2.018021   -1.7956525
  -0.21709722]] 
Episode: 267: [[-1.4335333  -1.7037108  -1.1105143  -0.09192025 -1.9229412  -1.307222
   0.6947199  -2.1592734  -1.7825712   2.4219308  -2.0181146  -1.7957498
  -0.21718894]] 
Episode: 268: [[-1.4336606  -1.7037868  -1.1104258  -0.09182674 -1.9230018  -1.3071464
   0.69480646 -2.1593552  -1.7826084   2.4218695  -2.0181866  -1.7958194
  -0.21724781]] 
Episode: 269: [[-1.4336938  -1.7037851  -1.1103892  -0.09180965 -1.9230685  -1.3072215
   0.69482815 -2.1594412  -1.7826341   2.4218624  -2.0181892  -1.7958349
  -0.21726207]] 
Episode: 270: [[-1.4337052  -1.7038167  -1.110354   -0.09180695 -1.923162   -1.3072761
   0.69486463 -2.1595466  -1.7826396   2.4218657  -2.0181878  -1.7958697
  -0.21730077]] 
Episode: 271: [[-1.4337198  -1.7038679  -1.1103386  -0.09181334 -1.9232553  -1.3073248
   0.69490093 -2.1596324  -1.7826353   2.4218829  -2.0181732  -1.795893
  -0.21733047]] 
Episode: 272: [[-1.4337704  -1.7039862  -1.1103096  -0.09179976 -1.9233826  -1.307354
   0.69492936 -2.1597378  -1.7826165   2.4218993  -2.0181372  -1.7959018
  -0.21734107]] 
Episode: 273: [[-1.4338413  -1.7041     -1.1102687  -0.09177147 -1.9234983  -1.3073682
   0.6949537  -2.1598349  -1.7826078   2.421904   -2.018112   -1.7959007
  -0.21733874]] 
Episode: 274: [[-1.4339201  -1.7041924  -1.1102302  -0.09173709 -1.9235923  -1.307363
   0.6949769  -2.15991    -1.7825974   2.4219007  -2.0180902  -1.7958933
  -0.21733178]] 
Episode: 275: [[-1.4339943  -1.7042844  -1.1101931  -0.09170076 -1.9236748  -1.3073534
   0.6950078  -2.15997    -1.782596    2.4218922  -2.018087   -1.7958891
  -0.21732827]] 
Episode: 276: [[-1.4340684  -1.7043506  -1.1101574  -0.09166075 -1.9237293  -1.3073479
   0.6950406  -2.1600106  -1.7826116   2.421876   -2.0180964  -1.7958875
  -0.21732754]] 
Episode: 277: [[-1.4341452  -1.7044079  -1.110119   -0.09161293 -1.9237648  -1.3073572
   0.6950723  -2.1600392  -1.7826548   2.42185    -2.0181246  -1.7958769
  -0.2173122 ]] 
Episode: 278: [[-1.4342338  -1.7044519  -1.1100675  -0.09154357 -1.9237802  -1.3073896
   0.69511354 -2.1600533  -1.7827282   2.4217951  -2.018162   -1.795851
  -0.21727017]] 
Episode: 279: [[-1.4343622  -1.7045108  -1.1099648  -0.09143901 -1.9238273  -1.3073622
   0.695214   -2.1601157  -1.7828171   2.4217064  -2.0182424  -1.795883
  -0.21728405]] 
Episode: 280: [[-1.4344732  -1.7045661  -1.1098735  -0.09135079 -1.9238724  -1.3073622
   0.69530827 -2.1601698  -1.7829077   2.4216247  -2.0183034  -1.7958869
  -0.2172691 ]] 
Episode: 281: [[-1.4345644  -1.7046158  -1.1098026  -0.09128273 -1.9239131  -1.3073682
   0.69538057 -2.1602168  -1.7829795   2.4215665  -2.0183532  -1.7958903
  -0.21726294]] 
Episode: 282: [[-1.4346405  -1.7046808  -1.1097422  -0.09122287 -1.923964   -1.3073606
   0.69542795 -2.1602678  -1.783035    2.4215245  -2.0184042  -1.7959013
  -0.2172621 ]] 
Episode: 283: [[-1.4347122  -1.7047524  -1.1096953  -0.09117655 -1.9240221  -1.3073825
   0.69546574 -2.1603193  -1.7830882   2.4214988  -2.0184307  -1.795896
  -0.21724899]] 
Episode: 284: [[-1.4347717  -1.7048309  -1.1096592  -0.0911471  -1.9240892  -1.3073874
   0.6955044  -2.160369   -1.7831113   2.4214907  -2.018448   -1.7959056
  -0.21725911]] 
Episode: 285: [[-1.4348301  -1.704906   -1.1096281  -0.09112087 -1.9241534  -1.3073806
   0.69553775 -2.160411   -1.7831202   2.4214878  -2.0184631  -1.795918
  -0.21727613]] 
Episode: 286: [[-1.434894   -1.7049667  -1.1095989  -0.09108937 -1.9241999  -1.3073897
   0.6955592  -2.1604342  -1.7831378   2.42148    -2.018472   -1.7959135
  -0.2172753 ]] 
Episode: 287: [[-1.4349371  -1.7050453  -1.1095712  -0.09106943 -1.9242688  -1.3073924
   0.6955908  -2.1604824  -1.783141    2.4214802  -2.0184743  -1.7959299
  -0.21729712]] 
Episode: 288: [[-1.4349797  -1.7051601  -1.1095514  -0.09106345 -1.9243721  -1.3073713
   0.69561106 -2.160544   -1.7831019   2.4215016  -2.0184453  -1.7959388
  -0.21731454]] 
Episode: 289: [[-1.4350309  -1.7052587  -1.1095387  -0.09105242 -1.9244719  -1.307373
   0.69562227 -2.1606011  -1.7830734   2.4215212  -2.0184078  -1.7959328
  -0.21731302]] 
Episode: 290: [[-1.4349946  -1.7054396  -1.1095619  -0.09111966 -1.9246751  -1.30728
   0.6956484  -2.1607423  -1.7829177   2.4216244  -2.0183342  -1.7960409
  -0.21744756]] 
Episode: 291: [[-1.43496    -1.7056229  -1.1096096  -0.09120499 -1.9248831  -1.3071724
   0.6956438  -2.1608734  -1.782729    2.4217572  -2.018232   -1.796137
  -0.21757634]] 
Episode: 292: [[-1.4349307  -1.7057978  -1.1096492  -0.09128194 -1.9250854  -1.3070469
   0.69565266 -2.160999   -1.7825382   2.4218802  -2.0181465  -1.7962465
  -0.2177251 ]] 
Episode: 293: [[-1.4348946  -1.705963   -1.1096802  -0.09135514 -1.9252807  -1.3069216
   0.69567776 -2.1611247  -1.7823628   2.4219904  -2.0180826  -1.7963588
  -0.21787675]] 
Episode: 294: [[-1.4348923  -1.7061726  -1.1096884  -0.09142634 -1.9254985  -1.3068162
   0.69571793 -2.1612728  -1.7822016   2.4221082  -2.0180233  -1.7964664
  -0.21802197]] 
Episode: 295: [[-1.4348944  -1.7063537  -1.1096958  -0.09148689 -1.925688   -1.3067155
   0.69575334 -2.1614017  -1.7820579   2.4222116  -2.0179768  -1.7965637
  -0.21815428]] 
Episode: 296: [[-1.4349121  -1.7065209  -1.1096908  -0.09152391 -1.9258543  -1.3066095
   0.6957802  -2.1615093  -1.7819358   2.4222949  -2.0179596  -1.7966548
  -0.21827848]] 
Episode: 297: [[-1.4349073  -1.7066804  -1.1096722  -0.09155523 -1.9260181  -1.3065484
   0.6958236  -2.16163    -1.7818422   2.4223576  -2.0179513  -1.7967492
  -0.21840134]] 
Episode: 298: [[-1.4349067  -1.7068284  -1.1096529  -0.09158275 -1.9261672  -1.3065014
   0.69587505 -2.1617305  -1.7817655   2.4224112  -2.0179517  -1.7968307
  -0.21851146]] 
Episode: 299: [[-1.4349078  -1.7069598  -1.1096228  -0.09159423 -1.9262937  -1.306442
   0.69593674 -2.161816   -1.7817099   2.4224424  -2.0179875  -1.7969166
  -0.2186227 ]] 
Episode: 300: [[-1.4349513  -1.7070966  -1.1095555  -0.09155808 -1.9264129  -1.3063409
   0.6960032  -2.1619182  -1.7816674   2.4224365  -2.0180414  -1.7970179
  -0.21874167]] 
Episode: 301: [[-1.4350039  -1.707206   -1.1094918  -0.09151495 -1.9265045  -1.3062484
   0.6960599  -2.1619964  -1.781644    2.4224236  -2.0181055  -1.7971045
  -0.21884398]] 
Episode: 302: [[-1.4350766  -1.7072815  -1.1094244  -0.09145489 -1.926551   -1.3061717
   0.6960948  -2.16204    -1.7816602   2.4223986  -2.018198   -1.7971704
  -0.21892208]] 
Episode: 303: [[-1.4350992  -1.7073501  -1.109374   -0.09142436 -1.9266019  -1.306157
   0.69613636 -2.162091   -1.7816837   2.422384   -2.0182738  -1.7972275
  -0.21899326]] 
Episode: 304: [[-1.435142   -1.7073613  -1.109309   -0.09135661 -1.9265988  -1.3061498
   0.69616854 -2.1621199  -1.7817581   2.4223292  -2.018393   -1.797279
  -0.2190377 ]] 
Episode: 305: [[-1.4351844  -1.7073903  -1.1092575  -0.09129819 -1.9266032  -1.3061442
   0.6961861  -2.1621463  -1.7818203   2.4222891  -2.0184896  -1.7973132
  -0.21906593]] 
Episode: 306: [[-1.4352853  -1.7074053  -1.109118   -0.09115298 -1.9266219  -1.3061224
   0.6962734  -2.1622407  -1.7819381   2.4221613  -2.018646   -1.7974187
  -0.21914622]] 
Episode: 307: [[-1.4353843  -1.707406   -1.1089934  -0.09101544 -1.9266272  -1.3060839
   0.696344   -2.162331   -1.7820528   2.4220474  -2.0188093  -1.7975304
  -0.21923338]] 
Episode: 308: [[-1.4354901  -1.7073967  -1.1088749  -0.09087643 -1.9266084  -1.3060689
   0.69639385 -2.1623943  -1.7821862   2.4219317  -2.0189652  -1.7976027
  -0.21927875]] 
Episode: 309: [[-1.4356437  -1.7073588  -1.1087317  -0.09068954 -1.9265988  -1.3060571
   0.6964377  -2.1625073  -1.7823359   2.4217806  -2.0191174  -1.7976787
  -0.21930625]] 
Episode: 310: [[-1.4357873  -1.7073234  -1.1086     -0.09051761 -1.9265918  -1.3060485
   0.69646686 -2.162615   -1.7824668   2.421643   -2.0192444  -1.7977384
  -0.21932025]] 
Episode: 311: [[-1.435925   -1.7072965  -1.1084718  -0.09035411 -1.9265895  -1.306054
   0.6964984  -2.1627119  -1.7825919   2.4215074  -2.019351   -1.7977765
  -0.21931455]] 
Episode: 312: [[-1.4360596  -1.7072722  -1.1083505  -0.09019598 -1.9265726  -1.3060814
   0.6965313  -2.1627815  -1.7827327   2.4213703  -2.0194535  -1.7977854
  -0.21927826]] 
Episode: 313: [[-1.4361572  -1.7072873  -1.108265   -0.09008719 -1.9266089  -1.3060547
   0.69656515 -2.1628764  -1.7827951   2.4212892  -2.0195234  -1.7978317
  -0.21929958]] 
Episode: 314: [[-1.4362531  -1.707306   -1.1081827  -0.08998164 -1.9266423  -1.3060296
   0.696596   -2.162963   -1.7828574   2.4212098  -2.0195863  -1.7978674
  -0.21931078]] 
Episode: 315: [[-1.4363513  -1.7073327  -1.1080987  -0.08988027 -1.9266871  -1.3059531
   0.69664055 -2.163061   -1.7828966   2.4211369  -2.0196598  -1.7979293
  -0.21935298]] 
Episode: 316: [[-1.4364215  -1.7073824  -1.1080155  -0.08979421 -1.9267522  -1.3059202
   0.6966955  -2.1631668  -1.7829459   2.421069   -2.0197215  -1.7979823
  -0.21938904]] 
Episode: 317: [[-1.436509   -1.7074519  -1.1079292  -0.08970539 -1.9268383  -1.3058246
   0.6967592  -2.1632862  -1.7829609   2.4210098  -2.0197902  -1.798065
  -0.21946006]] 
Episode: 318: [[-1.4365824  -1.7075372  -1.107842   -0.08962973 -1.9269397  -1.3057181
   0.6968293  -2.1634138  -1.7829684   2.4209604  -2.0198624  -1.7981547
  -0.21954273]] 
Episode: 319: [[-1.4366527  -1.7076024  -1.1077746  -0.08956668 -1.9270287  -1.3056421
   0.6968724  -2.1635296  -1.7829672   2.420926   -2.0199041  -1.7982223
  -0.21960218]] 
Episode: 320: [[-1.4366853  -1.7077034  -1.1077197  -0.08954028 -1.9271613  -1.3055112
   0.6969271  -2.1636798  -1.7829047   2.4209332  -2.0199487  -1.7983589
  -0.21974263]] 
Episode: 321: [[-1.436709   -1.707838   -1.1076642  -0.0895182  -1.9273214  -1.3053733
   0.69699025 -2.1638477  -1.7828276   2.420949   -2.019991   -1.7985128
  -0.21990642]] 
Episode: 322: [[-1.4367347  -1.7079754  -1.1076136  -0.08950163 -1.9274827  -1.3052386
   0.6970472  -2.164008   -1.782743    2.4209716  -2.0200186  -1.798657
  -0.2200636 ]] 
Episode: 323: [[-1.4367673  -1.7081082  -1.107583   -0.08949765 -1.927632   -1.3051025
   0.6970859  -2.1641364  -1.7826458   2.421013   -2.0200331  -1.7987801
  -0.22020705]] 
Episode: 324: [[-1.4367908  -1.7082351  -1.10756    -0.089505   -1.9277576  -1.3050127
   0.6971352  -2.1642272  -1.7825763   2.4210525  -2.0200458  -1.7988738
  -0.22031905]] 
Episode: 325: [[-1.4368334  -1.7083282  -1.1075295  -0.08948994 -1.9278609  -1.3049133
   0.69715595 -2.1643124  -1.7825078   2.421079   -2.0200634  -1.7989697
  -0.22042775]] 
Episode: 326: [[-1.4368758  -1.7084203  -1.1075062  -0.08947747 -1.9279611  -1.3047938
   0.6971841  -2.1643937  -1.782427    2.4211075  -2.020078   -1.7990752
  -0.2205462 ]] 
Episode: 327: [[-1.4369179  -1.708508   -1.1075017  -0.08947389 -1.9280412  -1.3046821
   0.69719213 -2.1644492  -1.7823485   2.4211497  -2.020088   -1.7991631
  -0.22064917]] 
Episode: 328: [[-1.4369653  -1.7085961  -1.1074812  -0.08945195 -1.928116   -1.3045727
   0.6972211  -2.1644988  -1.7822938   2.4211638  -2.0201137  -1.7992424
  -0.22073554]] 
Episode: 329: [[-1.4370159  -1.7086513  -1.107459   -0.08941513 -1.9281518  -1.3044801
   0.6972391  -2.164528   -1.7822686   2.42116    -2.0201578  -1.7993081
  -0.22080554]] 
Episode: 330: [[-1.4370661  -1.708707   -1.1074345  -0.0893769  -1.9281844  -1.3044004
   0.6972645  -2.1645517  -1.7822548   2.4211497  -2.0202045  -1.799363
  -0.22086225]] 
Episode: 331: [[-1.4371437  -1.7087696  -1.1073874  -0.08930204 -1.9281895  -1.304318
   0.6973006  -2.164565   -1.7822754   2.4211044  -2.020273   -1.7994153
  -0.22090554]] 
Episode: 332: [[-1.4372275  -1.7087938  -1.107346   -0.08921789 -1.9281569  -1.3042618
   0.6973134  -2.164553   -1.7823242   2.4210536  -2.0203598  -1.7994518
  -0.22093675]] 
Episode: 333: [[-1.4373133  -1.708814   -1.107303   -0.08913301 -1.9281235  -1.3042065
   0.6973326  -2.1645317  -1.7823716   2.4209995  -2.02045    -1.7994854
  -0.22096737]] 
Episode: 334: [[-1.4373895  -1.7088295  -1.1072634  -0.08905544 -1.9280915  -1.3041312
   0.69734824 -2.164516   -1.782405    2.4209552  -2.020545   -1.7995392
  -0.22102529]] 
Episode: 335: [[-1.4375015  -1.7088205  -1.1071846  -0.088927   -1.928035   -1.3040385
   0.69737816 -2.1645138  -1.7824761   2.420862   -2.0206776  -1.7996135
  -0.2210906 ]] 
Episode: 336: [[-1.4376208  -1.708792   -1.1070939  -0.08878344 -1.9279532  -1.303967
   0.6974062  -2.1644907  -1.7825792   2.4207475  -2.0208282  -1.799666
  -0.22113083]] 
Episode: 337: [[-1.437717   -1.7087857  -1.1070175  -0.08867331 -1.9278959  -1.3039299
   0.6974232  -2.1644747  -1.7826699   2.420663   -2.0209408  -1.7996979
  -0.22115637]] 
Episode: 338: [[-1.4377942  -1.7087994  -1.1069666  -0.08859566 -1.9278646  -1.3038939
   0.6974288  -2.1644688  -1.7827257   2.4206154  -2.021021   -1.7997302
  -0.22118908]] 
Episode: 339: [[-1.4378628  -1.7088282  -1.1069359  -0.08853845 -1.9278508  -1.3038476
   0.69742477 -2.1644652  -1.7827499   2.4205952  -2.0210788  -1.7997669
  -0.22123513]] 
Episode: 340: [[-1.4379344  -1.7088579  -1.1069015  -0.08847601 -1.9278352  -1.3037833
   0.6974131  -2.1644711  -1.7827697   2.4205766  -2.021153   -1.7998247
  -0.22129792]] 
Episode: 341: [[-1.4380081  -1.7088999  -1.106854   -0.08840662 -1.9278314  -1.3037215
   0.6974254  -2.1644828  -1.782801    2.4205422  -2.0212297  -1.7998751
  -0.22135149]] 
Episode: 342: [[-1.4380685  -1.708942   -1.1068114  -0.08834822 -1.9278321  -1.3036748
   0.69743866 -2.1644897  -1.7828337   2.4205112  -2.021299   -1.7999111
  -0.22138879]] 
Episode: 343: [[-1.4381133  -1.7089863  -1.1067837  -0.0883064  -1.9278405  -1.3036124
   0.6974487  -2.1645024  -1.7828447   2.4204981  -2.021361   -1.7999605
  -0.22144635]] 
Episode: 344: [[-1.4381636  -1.7090236  -1.1067355  -0.08824521 -1.9278368  -1.3035481
   0.697477   -2.1645122  -1.7828703   2.4204574  -2.0214376  -1.8000139
  -0.22150324]] 
Episode: 345: [[-1.4382191  -1.7090564  -1.1066943  -0.08818942 -1.9278276  -1.3035289
   0.6975062  -2.1645136  -1.782917    2.42042    -2.021504   -1.8000424
  -0.22153316]] 
Episode: 346: [[-1.4382881  -1.7090867  -1.1066537  -0.08812889 -1.9278188  -1.303478
   0.6975303  -2.1645215  -1.7829483   2.4203844  -2.0215676  -1.8000787
  -0.22156978]] 
Episode: 347: [[-1.4383944  -1.709152   -1.106635   -0.08807543 -1.9278458  -1.3033663
   0.6975387  -2.1645255  -1.7829211   2.4203851  -2.021606   -1.8001227
  -0.22162417]] 
Episode: 348: [[-1.4384727  -1.7092395  -1.1066403  -0.08805127 -1.9279033  -1.3032138
   0.69753504 -2.1645598  -1.7828276   2.420426   -2.0216227  -1.8002187
  -0.22173712]] 
Episode: 349: [[-1.4386064  -1.7093234  -1.1066319  -0.08799391 -1.9279623  -1.3030145
   0.69750834 -2.1645973  -1.7827203   2.4204552  -2.0216334  -1.8003082
  -0.22183798]] 
Episode: 350: [[-1.4387332  -1.7094054  -1.1066372  -0.0879488  -1.9280207  -1.3028282
   0.6974745  -2.1646235  -1.7826103   2.4204931  -2.0216274  -1.8003734
  -0.22191502]] 
Episode: 351: [[-1.4388472  -1.7094831  -1.1066346  -0.08790237 -1.9280775  -1.3026497
   0.69745815 -2.1646528  -1.7825109   2.4205208  -2.0216405  -1.80045
  -0.22200318]] 
Episode: 352: [[-1.4389707  -1.7095672  -1.1066298  -0.08785585 -1.9281466  -1.3025024
   0.6974202  -2.1646955  -1.7824075   2.4205508  -2.0216131  -1.8004915
  -0.22205082]] 
Episode: 353: [[-1.439105   -1.7096434  -1.1065832  -0.08778421 -1.9282205  -1.3023626
   0.69742686 -2.1647708  -1.7823436   2.420546   -2.0216224  -1.8005631
  -0.22212462]] 
Episode: 354: [[-1.4392385  -1.7097182  -1.1065227  -0.08770562 -1.9282951  -1.3022254
   0.6974479  -2.164867   -1.7823032   2.4205334  -2.0216606  -1.8006557
  -0.22221835]] 
Episode: 355: [[-1.439377   -1.7098507  -1.1064762  -0.08764684 -1.9284006  -1.3020498
   0.6974735  -2.1649709  -1.78224     2.420554   -2.0217009  -1.8007578
  -0.22232892]] 
Episode: 356: [[-1.439511   -1.7099571  -1.1064243  -0.08758051 -1.9284829  -1.3018861
   0.6974967  -2.1650553  -1.7821901   2.4205575  -2.0217435  -1.8008466
  -0.22242452]] 
Episode: 357: [[-1.4396302  -1.7100735  -1.1063844  -0.08752962 -1.9285799  -1.3017069
   0.69751513 -2.1651511  -1.7821115   2.4205782  -2.021776   -1.8009492
  -0.2225347 ]] 
Episode: 358: [[-1.4397312  -1.7101891  -1.1063555  -0.08749381 -1.9286745  -1.3015308
   0.6975287  -2.1652427  -1.7820225   2.4206133  -2.0218089  -1.8010633
  -0.22266081]] 
Episode: 359: [[-1.4398327  -1.7102892  -1.1063362  -0.08745888 -1.9287542  -1.301389
   0.6975325  -2.1653166  -1.7819496   2.4206464  -2.0218244  -1.8011519
  -0.22275892]] 
Episode: 360: [[-1.4399319  -1.7103865  -1.1063159  -0.08742325 -1.928828   -1.3012791
   0.69754446 -2.1653757  -1.7818933   2.420669   -2.021831   -1.801214
  -0.22282797]] 
Episode: 361: [[-1.4400148  -1.7104564  -1.1062586  -0.08735494 -1.9288932  -1.3012199
   0.69758725 -2.1654644  -1.7818851   2.4206414  -2.021867   -1.8013016
  -0.22291094]] 
Episode: 362: [[-1.4401001  -1.710539   -1.1061883  -0.08727246 -1.9289556  -1.3011553
   0.6976415  -2.1655471  -1.7818868   2.4205942  -2.0219088  -1.8013831
  -0.22298384]] 
Episode: 363: [[-1.4401816  -1.7106522  -1.1061286  -0.08720876 -1.9290365  -1.3011087
   0.6976777  -2.1656249  -1.7818696   2.420569   -2.021918   -1.801436
  -0.22303042]] 
Episode: 364: [[-1.4402446  -1.7107762  -1.1060691  -0.08715853 -1.9291369  -1.3010659
   0.69771814 -2.1657162  -1.7818466   2.420552   -2.0219204  -1.8014926
  -0.2230847 ]] 
Episode: 365: [[-1.440281   -1.7108586  -1.1060225  -0.08713055 -1.9292202  -1.3010662
   0.69774914 -2.165809   -1.7818351   2.4205415  -2.0219162  -1.8015333
  -0.22310892]] 
Episode: 366: [[-1.4403127  -1.710938   -1.1059917  -0.08711559 -1.9292963  -1.301068
   0.69779015 -2.1658823  -1.7818193   2.4205403  -2.0219135  -1.8015696
  -0.22313206]] 
Episode: 367: [[-1.4403495  -1.7109845  -1.105956   -0.08708585 -1.9293332  -1.3011056
   0.6978196  -2.1659386  -1.7818464   2.4205196  -2.0219228  -1.8015823
  -0.22312543]] 
Episode: 368: [[-1.4404186  -1.7109898  -1.1059008  -0.08701522 -1.9293128  -1.3011675
   0.6978443  -2.165947   -1.7819432   2.4204507  -2.0219707  -1.801543
  -0.22305344]] 
Episode: 369: [[-1.4405047  -1.7109749  -1.105851   -0.08693781 -1.929264   -1.301219
   0.6978469  -2.1659214  -1.7820461   2.4203832  -2.0220304  -1.8014872
  -0.22297323]] 
Episode: 370: [[-1.4405913  -1.7109534  -1.1058048  -0.08685742 -1.929207   -1.3012558
   0.6978367  -2.165892   -1.7821441   2.4203186  -2.0220997  -1.801439
  -0.22290416]] 
Episode: 371: [[-1.4406663  -1.7109666  -1.1057427  -0.08677592 -1.9291756  -1.3012828
   0.6978615  -2.1658833  -1.7822404   2.4202452  -2.0221825  -1.8014119
  -0.22285625]] 
Episode: 372: [[-1.440727   -1.7109754  -1.1056812  -0.08670446 -1.9291444  -1.3013095
   0.69788384 -2.1658852  -1.7823259   2.42018    -2.0222573  -1.8013988
  -0.22283009]] 
Episode: 373: [[-1.4407618  -1.7109808  -1.1056339  -0.08665148 -1.9291103  -1.3013545
   0.697905   -2.1658862  -1.7824142   2.4201283  -2.0223293  -1.8013912
  -0.22281405]] 
Episode: 374: [[-1.4408033  -1.710972   -1.105584   -0.08659074 -1.9290607  -1.3014042
   0.6979282  -2.1658747  -1.782524    2.4200654  -2.0224156  -1.8013687
  -0.22278015]] 
Episode: 375: [[-1.4408545  -1.710971   -1.1055279  -0.08652207 -1.9290173  -1.3014553
   0.6979592  -2.165864   -1.7826332   2.4199946  -2.0224917  -1.8013409
  -0.22274092]] 
Episode: 376: [[-1.4408957  -1.7109885  -1.1054949  -0.08647625 -1.92899    -1.301511
   0.6979677  -2.1658616  -1.7827152   2.4199572  -2.0225413  -1.8013177
  -0.22270918]] 
Episode: 377: [[-1.4408975  -1.7110218  -1.1054815  -0.0864555  -1.9289759  -1.3015902
   0.69798976 -2.165871   -1.7827992   2.4199338  -2.022583   -1.8012981
  -0.222682  ]] 
Episode: 378: [[-1.4408523  -1.7111616  -1.1055167  -0.08648996 -1.929011   -1.3017155
   0.69805205 -2.165877   -1.782867    2.4199665  -2.0226169  -1.8012887
  -0.22268145]] 
Episode: 379: [[-1.4408184  -1.7112852  -1.1055561  -0.08652279 -1.9290419  -1.3018159
   0.69809794 -2.1658723  -1.7829165   2.420003   -2.0226402  -1.801273
  -0.22267899]] 
Episode: 380: [[-1.4407854  -1.71142    -1.1055882  -0.0865507  -1.9290764  -1.3019104
   0.6981397  -2.1659005  -1.7829729   2.4200401  -2.022673   -1.8012706
  -0.22268766]] 
Episode: 381: [[-1.4407473  -1.7115424  -1.1056439  -0.08659639 -1.9291077  -1.3020146
   0.69817835 -2.1659214  -1.7830253   2.4200943  -2.0226893  -1.8012578
  -0.22268759]] 
Episode: 382: [[-1.4407119  -1.7116643  -1.1057065  -0.08665512 -1.9291599  -1.3020571
   0.69820917 -2.1659482  -1.783025    2.4201715  -2.0227027  -1.801275
  -0.22272813]] 
Episode: 383: [[-1.4406726  -1.7117895  -1.105762   -0.08671387 -1.9292259  -1.3020735
   0.69825196 -2.165986   -1.7830076   2.4202464  -2.0227206  -1.8013133
  -0.22278911]] 
Episode: 384: [[-1.4406314  -1.7119137  -1.1058329  -0.08678576 -1.9293017  -1.3020773
   0.69828045 -2.1660235  -1.7829547   2.4203398  -2.0227065  -1.8013536
  -0.22285764]] 
Episode: 385: [[-1.4406183  -1.7120231  -1.1059008  -0.08684129 -1.929354   -1.302082
   0.69830084 -2.166028   -1.7829108   2.4204218  -2.022693   -1.8013742
  -0.22290517]] 
Episode: 386: [[-1.4405965  -1.7121395  -1.1059631  -0.08689911 -1.9294274  -1.3020581
   0.69832224 -2.1660619  -1.7828375   2.4205081  -2.02267    -1.8014249
  -0.22298189]] 
Episode: 387: [[-1.4405746  -1.7122579  -1.1060197  -0.08695465 -1.9295089  -1.3020295
   0.69834405 -2.1661036  -1.7827522   2.4205918  -2.0226402  -1.8014778
  -0.22306332]] 
Episode: 388: [[-1.4406021  -1.7123673  -1.1060097  -0.08696575 -1.9296383  -1.3020493
   0.69834846 -2.166259   -1.7827014   2.4206486  -2.0226042  -1.8015423
  -0.2231389 ]] 
Episode: 389: [[-1.4406407  -1.7124571  -1.1059777  -0.08695123 -1.929742   -1.3020542
   0.6983646  -2.1663907  -1.7826741   2.420673   -2.0226     -1.8016062
  -0.22321211]] 
Episode: 390: [[-1.4406871  -1.7125347  -1.105953   -0.08693792 -1.929831   -1.3020638
   0.698364   -2.1664941  -1.7826457   2.4206991  -2.0225806  -1.8016438
  -0.22326119]] 
Episode: 391: [[-1.4406812  -1.7125951  -1.1059986  -0.08699027 -1.9299222  -1.3021412
   0.6983142  -2.166572   -1.7825906   2.4207828  -2.022486   -1.8016187
  -0.22325248]] 
Episode: 392: [[-1.4406788  -1.7126355  -1.106037   -0.08703089 -1.9299997  -1.302204
   0.698269   -2.166644   -1.7825402   2.4208515  -2.0224044  -1.8016014
  -0.2232492 ]] 
Episode: 393: [[-1.4406667  -1.712688   -1.106077   -0.08708098 -1.9300888  -1.3022442
   0.69823533 -2.1667173  -1.7824756   2.4209275  -2.0223281  -1.8015989
  -0.22326635]] 
Episode: 394: [[-1.440676   -1.7127265  -1.1060967  -0.08709943 -1.9301488  -1.302269
   0.6982177  -2.166768   -1.7824423   2.4209673  -2.0222828  -1.8015908
  -0.22327158]] 
Episode: 395: [[-1.440758   -1.7127638  -1.1060861  -0.08704852 -1.9301957  -1.302274
   0.6981588  -2.1668525  -1.7824099   2.4209723  -2.0222318  -1.8015918
  -0.22326632]] 
Episode: 396: [[-1.4408332  -1.7128031  -1.1060747  -0.08699882 -1.9302344  -1.3022931
   0.6981109  -2.1669197  -1.7823964   2.4209712  -2.0221956  -1.8015808
  -0.22325103]] 
Episode: 397: [[-1.4409027  -1.7128394  -1.1060579  -0.08694845 -1.9302729  -1.3023108
   0.6980753  -2.1669912  -1.7823867   2.420963   -2.0221646  -1.8015767
  -0.22323965]] 
Episode: 398: [[-1.4411566  -1.7130133  -1.1058724  -0.0867414  -1.9303657  -1.3022414
   0.69806105 -2.1671371  -1.782419    2.4208043  -2.0221822  -1.801599
  -0.22319786]] 
Episode: 399: [[-1.441404   -1.7131411  -1.1056936  -0.08652911 -1.9304056  -1.3022082
   0.6980438  -2.1672328  -1.7824961   2.4206305  -2.0222127  -1.801579
  -0.22312067]] 
Episode: 400: [[-1.4416399  -1.7132542  -1.1055243  -0.08632585 -1.9304401  -1.3021799
   0.6980221  -2.1673183  -1.7825713   2.4204657  -2.0222425  -1.8015538
  -0.22304322]] 
Episode: 401: [[-1.441875   -1.7133745  -1.1053796  -0.08614258 -1.9304882  -1.3020678
   0.6980055  -2.1674082  -1.7826055   2.420333   -2.0222847  -1.8015572
  -0.22300144]] 
Episode: 402: [[-1.4420727  -1.7135146  -1.1052691  -0.08600087 -1.9305581  -1.3019751
   0.6979802  -2.1675005  -1.7826124   2.4202392  -2.0222914  -1.8015469
  -0.22294961]] 
Episode: 403: [[-1.4422635  -1.7136414  -1.1051607  -0.08586201 -1.930621   -1.3018873
   0.6979663  -2.16759    -1.7826297   2.4201431  -2.022302   -1.8015321
  -0.22289373]] 
Episode: 404: [[-1.4424407  -1.7137456  -1.1050444  -0.08571833 -1.9306585  -1.3018214
   0.6979725  -2.1676624  -1.7826774   2.4200304  -2.022339   -1.801519
  -0.22284052]] 
Episode: 405: [[-1.442603   -1.7138393  -1.104938   -0.08558743 -1.9306903  -1.3017725
   0.6979804  -2.1677253  -1.7827293   2.4199262  -2.0223715  -1.8014992
  -0.22278512]] 
Episode: 406: [[-1.4427704  -1.7139107  -1.1048285  -0.08544619 -1.9306872  -1.3017318
   0.6979835  -2.1677594  -1.7828064   2.4198127  -2.022427   -1.8014731
  -0.22272816]] 
Episode: 407: [[-1.4429181  -1.7139865  -1.1047423  -0.08532759 -1.9306909  -1.3016956
   0.69798315 -2.167786   -1.7828692   2.4197235  -2.0224733  -1.8014488
  -0.22268103]] 
Episode: 408: [[-1.4430398  -1.714069   -1.1046691  -0.08522887 -1.9307076  -1.3016589
   0.6979939  -2.167816   -1.782919    2.4196491  -2.0225194  -1.8014349
  -0.22264907]] 
Episode: 409: [[-1.4431564  -1.7141213  -1.1045932  -0.08512428 -1.9306962  -1.3016624
   0.69801223 -2.1678243  -1.7830083   2.419557   -2.022573   -1.8013942
  -0.22259012]] 
Episode: 410: [[-1.4432733  -1.7141598  -1.1045201  -0.08502036 -1.9306781  -1.3016422
   0.6980232  -2.1678247  -1.7830801   2.4194696  -2.022632   -1.801365
  -0.22254609]] 
Episode: 411: [[-1.4434011  -1.7142147  -1.1044428  -0.08491635 -1.9306961  -1.3015511
   0.6980738  -2.1678464  -1.7831275   2.4193857  -2.0227087  -1.8013754
  -0.22254498]] 
Episode: 412: [[-1.4435291  -1.7142597  -1.104372   -0.08481418 -1.930707   -1.3014495
   0.6981196  -2.1678576  -1.7831577   2.4193075  -2.0227838  -1.8013959
  -0.22255759]] 
Episode: 413: [[-1.4436387  -1.7143149  -1.1043222  -0.08473612 -1.9307296  -1.3013805
   0.6981458  -2.1678627  -1.783178    2.4192543  -2.0228274  -1.8013934
  -0.22255214]] 
Episode: 414: [[-1.4437059  -1.7144033  -1.1042861  -0.08469381 -1.9307998  -1.301277
   0.6981761  -2.1679084  -1.7831469   2.419237   -2.0228598  -1.8014373
  -0.22259735]] 
Episode: 415: [[-1.4437568  -1.7144895  -1.1042544  -0.0846594  -1.9308618  -1.3011941
   0.6982097  -2.1679459  -1.783127    2.4192202  -2.0228946  -1.8014727
  -0.22263552]] 
Episode: 416: [[-1.4438021  -1.7145962  -1.1042246  -0.08462968 -1.9309311  -1.3011342
   0.6982539  -2.167981   -1.7831166   2.419205   -2.0229225  -1.8014951
  -0.22266017]] 
Episode: 417: [[-1.4438326  -1.7147166  -1.1042073  -0.08461978 -1.931027   -1.30106
   0.6982842  -2.1680386  -1.7830714   2.419217   -2.0229414  -1.8015375
  -0.22270776]] 
Episode: 418: [[-1.4438257  -1.7148621  -1.104202   -0.08464132 -1.9311603  -1.300963
   0.69832593 -2.1681314  -1.7829856   2.4192593  -2.0229557  -1.8016272
  -0.22280614]] 
Episode: 419: [[-1.4438049  -1.7149931  -1.1041983  -0.08465821 -1.9312748  -1.3008759
   0.69837695 -2.1682239  -1.7829175   2.4192915  -2.022988   -1.8017331
  -0.22291619]] 
Episode: 420: [[-1.4437951  -1.7151204  -1.1041934  -0.0846669  -1.9313712  -1.3007996
   0.69843847 -2.168285   -1.782866    2.419311   -2.0230227  -1.8018154
  -0.22300355]] 
Episode: 421: [[-1.4438032  -1.7152632  -1.1041776  -0.08466295 -1.9314795  -1.3007011
   0.6985041  -2.1683385  -1.7828065   2.419321   -2.0230565  -1.801887
  -0.22308041]] 
Episode: 422: [[-1.4438317  -1.715386   -1.1041411  -0.08463249 -1.9315641  -1.3006022
   0.6985812  -2.168386   -1.7827792   2.4193048  -2.0231185  -1.8019646
  -0.22316177]] 
Episode: 423: [[-1.4438579  -1.7154897  -1.1041108  -0.08460338 -1.9316323  -1.3005222
   0.6986417  -2.1684287  -1.7827606   2.4192886  -2.0231702  -1.802026
  -0.22322133]] 
Episode: 424: [[-1.4438783  -1.7155838  -1.1040782  -0.08457778 -1.9317008  -1.3004556
   0.6987002  -2.168479   -1.7827502   2.4192736  -2.023221   -1.8020887
  -0.22328146]] 
Episode: 425: [[-1.4438953  -1.7156602  -1.1040534  -0.0845601  -1.9317509  -1.3004276
   0.69873947 -2.1685264  -1.7827592   2.4192684  -2.0232701  -1.8021398
  -0.22332855]] 
Episode: 426: [[-1.443917   -1.7157185  -1.1040305  -0.08453137 -1.9317595  -1.3004383
   0.69877636 -2.1685402  -1.7828078   2.4192474  -2.023324   -1.802161
  -0.22334847]] 
Episode: 427: [[-1.4439127  -1.7157769  -1.1040225  -0.08452863 -1.9317875  -1.3004614
   0.69883394 -2.168575   -1.7828557   2.419246   -2.0233793  -1.8022008
  -0.2233927 ]] 
Episode: 428: [[-1.4439144  -1.7158339  -1.1040083  -0.08452111 -1.9318132  -1.3005058
   0.69888556 -2.1686075  -1.7829131   2.419239   -2.0234292  -1.8022237
  -0.22341628]] 
Episode: 429: [[-1.4439195  -1.7158897  -1.1039895  -0.08451165 -1.9318423  -1.3005217
   0.6989426  -2.1686378  -1.7829568   2.419231   -2.023484   -1.8022575
  -0.22345643]] 
Episode: 430: [[-1.4439182  -1.7159324  -1.1039789  -0.08450492 -1.9318608  -1.3005038
   0.69898087 -2.1686773  -1.782986    2.4192355  -2.0235507  -1.8023258
  -0.22353463]] 
Episode: 431: [[-1.4438994  -1.7159976  -1.1039836  -0.08452591 -1.9319112  -1.3004869
   0.6990144  -2.168733   -1.7829754   2.419269   -2.0235808  -1.8023973
  -0.22362334]] 
Episode: 432: [[-1.4438834  -1.7160838  -1.1039978  -0.08455487 -1.9319805  -1.3004618
   0.6990472  -2.1687894  -1.782949    2.4193141  -2.0235934  -1.8024597
  -0.22370143]] 
Episode: 433: [[-1.4438661  -1.7161889  -1.1040256  -0.08460127 -1.9320837  -1.3004141
   0.6990947  -2.1688566  -1.7828753   2.419377   -2.0235727  -1.8025302
  -0.22378927]] 
Episode: 434: [[-1.4438597  -1.716281   -1.1040435  -0.08463326 -1.9321743  -1.3003478
   0.6991419  -2.1689177  -1.7827998   2.4194276  -2.0235608  -1.8026091
  -0.22388722]] 
Episode: 435: [[-1.4438639  -1.7163508  -1.1040504  -0.08464795 -1.9322405  -1.300283
   0.6991977  -2.168958   -1.7827526   2.4194574  -2.0235748  -1.8026845
  -0.2239832 ]] 
Episode: 436: [[-1.4438959  -1.716393   -1.1040357  -0.08462881 -1.9322684  -1.3002094
   0.6992538  -2.1689749  -1.7827442   2.4194546  -2.023628   -1.8027507
  -0.22406814]] 
Episode: 437: [[-1.4439214  -1.7164296  -1.1040109  -0.08460182 -1.9322976  -1.300128
   0.699315   -2.1690078  -1.7827319   2.4194381  -2.0236826  -1.8028284
  -0.22415517]] 
Episode: 438: [[-1.4439375  -1.7164888  -1.1039922  -0.08458656 -1.9323534  -1.3000001
   0.6993786  -2.1690578  -1.7826749   2.419442   -2.023743   -1.8029474
  -0.22428949]] 
Episode: 439: [[-1.4440441  -1.7165364  -1.1039779  -0.08453115 -1.9323673  -1.2999918
   0.69925165 -2.1691363  -1.7826097   2.4194663  -2.02367    -1.8029414
  -0.22427084]] 
Episode: 440: [[-1.4441398  -1.7165914  -1.1039733  -0.08449211 -1.9323887  -1.2999941
   0.69913274 -2.1692016  -1.7825439   2.4195023  -2.0235915  -1.8029262
  -0.22425067]] 
Episode: 441: [[-1.4442234  -1.7166479  -1.1039673  -0.08445803 -1.9324151  -1.3000005
   0.69903386 -2.1692646  -1.7824832   2.419534   -2.0235176  -1.8029153
  -0.22423613]] 
Episode: 442: [[-1.4443157  -1.7166883  -1.1039451  -0.08440232 -1.9324114  -1.3000271
   0.6989512  -2.1692982  -1.7824756   2.4195344  -2.023479   -1.8028823
  -0.22420147]] 
Episode: 443: [[-1.4443996  -1.7167282  -1.103918   -0.08434532 -1.9324013  -1.3000687
   0.6988851  -2.169318   -1.7824948   2.419522   -2.023456   -1.8028349
  -0.22415055]] 
Episode: 444: [[-1.4444922  -1.716727   -1.1038716  -0.08426285 -1.9323522  -1.300091
   0.69884765 -2.1693358  -1.7825472   2.4194753  -2.0234787  -1.8028198
  -0.22412315]] 
Episode: 445: [[-1.4445949  -1.7167144  -1.1038202  -0.08416772 -1.9322866  -1.3001224
   0.6988004  -2.1693332  -1.7826096   2.4194167  -2.0234964  -1.8027906
  -0.2240804 ]] 
Episode: 446: [[-1.4446996  -1.7166958  -1.1037619  -0.08406454 -1.9322199  -1.300159
   0.698784   -2.1693273  -1.7826921   2.4193387  -2.0235245  -1.802757
  -0.22402892]] 
Episode: 447: [[-1.4448091  -1.7166516  -1.1036919  -0.08394716 -1.9321185  -1.3002299
   0.698768   -2.1693006  -1.7828193   2.4192386  -2.0235662  -1.8027002
  -0.22395429]] 
Episode: 448: [[-1.4449096  -1.7166094  -1.10362    -0.08383202 -1.9320277  -1.3002797
   0.698761   -2.169288   -1.7829286   2.4191403  -2.0236216  -1.8026698
  -0.223908  ]] 
Episode: 449: [[-1.4450278  -1.7164662  -1.1034847  -0.08364592 -1.9318835  -1.3004328
   0.6987903  -2.1693263  -1.7831374   2.4189515  -2.0237155  -1.8026682
  -0.22386046]] 
Episode: 450: [[-1.445128   -1.7163411  -1.1033779  -0.08349197 -1.9317621  -1.3005658
   0.69879776 -2.1693616  -1.7832968   2.4188     -2.0237727  -1.8026636
  -0.22381845]] 
Episode: 451: [[-1.4452289  -1.716241   -1.1032802  -0.08334991 -1.931664   -1.3006558
   0.69879097 -2.169403   -1.7834083   2.4186716  -2.0238092  -1.802683
  -0.22379579]] 
Episode: 452: [[-1.4453479  -1.7161212  -1.1032019  -0.08321057 -1.9315443  -1.3007685
   0.69872934 -2.1694162  -1.7835116   2.4185593  -2.0238073  -1.802657
  -0.22373058]] 
Episode: 453: [[-1.4455491  -1.71599    -1.103035   -0.08295367 -1.9314605  -1.3007928
   0.6987376  -2.1695144  -1.7836335   2.4183414  -2.0238643  -1.8027236
  -0.22372775]] 
Episode: 454: [[-1.4457344  -1.7158915  -1.1028754  -0.08271953 -1.9313974  -1.3007922
   0.6987556  -2.1696181  -1.7837352   2.4181466  -2.0239258  -1.8028072
  -0.22375081]] 
Episode: 455: [[-1.4459168  -1.7157863  -1.1027182  -0.08248989 -1.93132    -1.300786
   0.69877565 -2.1696992  -1.783847    2.417953   -2.024004   -1.8028826
  -0.22377223]] 
Episode: 456: [[-1.4460847  -1.7157136  -1.102589   -0.08229692 -1.9312593  -1.3007789
   0.6987843  -2.169771   -1.7839329   2.4178     -2.0240636  -1.8029408
  -0.22378647]] 
Episode: 457: [[-1.4462162  -1.7156585  -1.1024764  -0.08214026 -1.9312242  -1.3008047
   0.6988099  -2.169854   -1.7840184   2.4176686  -2.0241048  -1.8029864
  -0.22379243]] 
Episode: 458: [[-1.4463145  -1.7156287  -1.1023871  -0.0820185  -1.9312104  -1.3008494
   0.6988314  -2.1699355  -1.7840894   2.417569   -2.0241284  -1.8030243
  -0.22380312]] 
Episode: 459: [[-1.4464087  -1.7156156  -1.1023271  -0.08192316 -1.9312172  -1.3008726
   0.6988117  -2.1700203  -1.7841164   2.41751    -2.0241184  -1.8030536
  -0.22380458]] 
Episode: 460: [[-1.4465108  -1.7155896  -1.1022582  -0.08181743 -1.9311986  -1.300925
   0.6987981  -2.1700804  -1.784184    2.4174345  -2.0241206  -1.8030574
  -0.22378272]] 
Episode: 461: [[-1.4465996  -1.7155722  -1.1021986  -0.08172344 -1.9311832  -1.3009514
   0.6987926  -2.1701298  -1.7842437   2.417369   -2.0241454  -1.8030729
  -0.22377802]] 
Episode: 462: [[-1.4466898  -1.7155555  -1.1021414  -0.08162882 -1.931156   -1.3009777
   0.6987892  -2.1701612  -1.7843157   2.4173014  -2.024182   -1.8030757
  -0.22376622]] 
Episode: 463: [[-1.4467698  -1.7155466  -1.1020893  -0.08154574 -1.931136   -1.3010072
   0.69879645 -2.1701846  -1.784383    2.4172409  -2.0242152  -1.8030772
  -0.22376063]] 
Episode: 464: [[-1.4468324  -1.7155441  -1.1020505  -0.08148229 -1.931128   -1.3010657
   0.69880563 -2.1702123  -1.784447    2.4171953  -2.0242283  -1.8030711
  -0.22374953]] 
Episode: 465: [[-1.4468786  -1.7155651  -1.1020093  -0.08144209 -1.9311432  -1.3011501
   0.69882256 -2.1702554  -1.7845111   2.4171655  -2.0242245  -1.8030537
  -0.2237301 ]] 
Episode: 466: [[-1.4469116  -1.7154535  -1.1019387  -0.08140309 -1.9310971  -1.3013322
   0.6988122  -2.1703584  -1.7846334   2.4171164  -2.0242245  -1.8030335
  -0.22369212]] 
Episode: 467: [[-1.446947   -1.7153462  -1.1018715  -0.08136343 -1.9310502  -1.3014925
   0.69880664 -2.1704476  -1.7847486   2.4170685  -2.0242364  -1.803019
  -0.22366485]] 
Episode: 468: [[-1.4469937  -1.71525    -1.1017935  -0.08130769 -1.9309968  -1.3016329
   0.69881684 -2.1705241  -1.7848681   2.4170027  -2.024263   -1.8030055
  -0.22363475]] 
Episode: 469: [[-1.4470373  -1.7151802  -1.1017153  -0.08125248 -1.9309558  -1.3017501
   0.69883204 -2.1705935  -1.7849733   2.4169374  -2.0242898  -1.8029926
  -0.22360632]] 
Episode: 470: [[-1.4470241  -1.7150913  -1.101672   -0.08125057 -1.9309268  -1.3019589
   0.69881296 -2.1706634  -1.7850772   2.4169123  -2.0242712  -1.8029374
  -0.22354487]] 
Episode: 471: [[-1.4469886  -1.7151223  -1.1015627  -0.08121567 -1.9309744  -1.3021584
   0.6989018  -2.1708     -1.7852187   2.4168353  -2.02431    -1.8029425
  -0.22353765]] 
Episode: 472: [[-1.4469506  -1.7151574  -1.1014766  -0.08119904 -1.9310261  -1.3023291
   0.69897926 -2.1709228  -1.7853295   2.4167824  -2.0243385  -1.8029492
  -0.22353597]] 
Episode: 473: [[-1.446915   -1.7151904  -1.1014144  -0.08119308 -1.9310614  -1.3025357
   0.699019   -2.171028   -1.7854434   2.41675    -2.0243406  -1.8029232
  -0.22350283]] 
Episode: 474: [[-1.4468988  -1.7152158  -1.101346   -0.08117298 -1.9310825  -1.3027089
   0.6990528  -2.171122   -1.7855555   2.4167123  -2.0243654  -1.8029113
  -0.22348426]] 
Episode: 475: [[-1.4468645  -1.7152628  -1.1012896  -0.08116896 -1.931121   -1.3028711
   0.6990877  -2.1712093  -1.7856433   2.4166903  -2.0243773  -1.8029046
  -0.22348084]] 
Episode: 476: [[-1.4468141  -1.715327   -1.1012442  -0.08118512 -1.9311746  -1.3030156
   0.6991303  -2.1713002  -1.785714    2.4166849  -2.0243855  -1.8029037
  -0.22348444]] 
Episode: 477: [[-1.4468046  -1.7153882  -1.1011877  -0.08117298 -1.931215   -1.3031363
   0.69915646 -2.171373   -1.785784    2.416664   -2.0243962  -1.8028872
  -0.22346763]] 
Episode: 478: [[-1.446779   -1.7154737  -1.1011511  -0.08118615 -1.9312936  -1.3032011
   0.69918394 -2.1714668  -1.7857934   2.4166772  -2.0243983  -1.8029141
  -0.22350293]] 
Episode: 479: [[-1.4467669  -1.7155551  -1.1011318  -0.08120236 -1.9313626  -1.3032272
   0.699198   -2.1715307  -1.7857727   2.4167044  -2.0243936  -1.8029443
  -0.22355069]] 
Episode: 480: [[-1.4467417  -1.7156521  -1.1011258  -0.08123435 -1.9314444  -1.3032378
   0.6991816  -2.171619   -1.7857181   2.4167624  -2.0243778  -1.8030158
  -0.22363055]] 
Episode: 481: [[-1.4468163  -1.7158195  -1.10105    -0.08121312 -1.9316131  -1.3031429
   0.6992543  -2.1717803  -1.7856672   2.4167914  -2.0244236  -1.8031571
  -0.22376996]] 
Episode: 482: [[-1.4468961  -1.7159718  -1.1009909  -0.08119322 -1.9317522  -1.3030648
   0.6993001  -2.171899   -1.7856219   2.4168227  -2.0244458  -1.8032537
  -0.22386964]] 
Episode: 483: [[-1.4469678  -1.7161192  -1.1009423  -0.08118121 -1.9318856  -1.3029999
   0.69933784 -2.1720028  -1.7855723   2.416859   -2.024456   -1.8033314
  -0.22395632]] 
Episode: 484: [[-1.447012   -1.7162763  -1.100906   -0.08118933 -1.9320364  -1.3029213
   0.6993781  -2.1721199  -1.7854881   2.4169111  -2.0244536  -1.8034298
  -0.22406635]] 
Episode: 485: [[-1.4470692  -1.7164091  -1.1008548  -0.08117641 -1.9321643  -1.3028545
   0.6994247  -2.172227   -1.785438    2.4169388  -2.0244772  -1.8035167
  -0.22416689]] 
Episode: 486: [[-1.4471368  -1.7165045  -1.1007714  -0.08114709 -1.9322883  -1.3027745
   0.6995358  -2.172364   -1.7854198   2.416932   -2.0245404  -1.8036444
  -0.22430037]] 
Episode: 487: [[-1.4472015  -1.716587   -1.1006932  -0.08111279 -1.9323869  -1.3027036
   0.69961536 -2.1724763  -1.7854084   2.4169207  -2.0245905  -1.8037422
  -0.22440402]] 
Episode: 488: [[-1.4472522  -1.716676   -1.100633   -0.08109572 -1.9324902  -1.3026087
   0.699695   -2.172578   -1.7853692   2.416927   -2.0246422  -1.8038505
  -0.22452526]] 
Episode: 489: [[-1.4472934  -1.7167562  -1.1006001  -0.08109806 -1.9325978  -1.3025405
   0.69976085 -2.1726677  -1.7853259   2.416953   -2.0246668  -1.8039354
  -0.22462456]] 
Episode: 490: [[-1.4473183  -1.716879   -1.1005948  -0.08113105 -1.9327426  -1.3025128
   0.69983786 -2.1727533  -1.785276    2.4170065  -2.0246487  -1.8039868
  -0.22469945]] 
Episode: 491: [[-1.4473492  -1.7169905  -1.1005807  -0.08114987 -1.9328644  -1.3025008
   0.6999173  -2.1728158  -1.7852526   2.417039   -2.0246394  -1.8040136
  -0.2247474 ]] 
Episode: 492: [[-1.4473792  -1.7170957  -1.100558   -0.08115559 -1.9329606  -1.3025196
   0.70000315 -2.1728582  -1.7852671   2.417051   -2.0246444  -1.8040248
  -0.22477795]] 
Episode: 493: [[-1.4474105  -1.7171919  -1.1005424  -0.08116372 -1.9330429  -1.3025491
   0.70007086 -2.1728835  -1.7852825   2.4170668  -2.0246377  -1.8040162
  -0.22479038]] 
Episode: 494: [[-1.4474229  -1.7172871  -1.100557   -0.08119787 -1.9331367  -1.3025937
   0.70010626 -2.1729138  -1.7852744   2.417115   -2.0246024  -1.8039984
  -0.22479512]] 
Episode: 495: [[-1.4474467  -1.7173795  -1.1005728  -0.08123037 -1.9332293  -1.3026321
   0.7001278  -2.1729352  -1.7852492   2.4171655  -2.0245512  -1.8039687
  -0.22478646]] 
Episode: 496: [[-1.4474518  -1.7174754  -1.1005869  -0.08126992 -1.9333305  -1.3026538
   0.70016074 -2.1729705  -1.7852101   2.4172163  -2.0245044  -1.8039597
  -0.22479814]] 
Episode: 497: [[-1.4474653  -1.7175653  -1.1005896  -0.08129623 -1.9334174  -1.3026907
   0.70020175 -2.1729918  -1.7851946   2.417249   -2.0244641  -1.803935
  -0.22479405]] 
Episode: 498: [[-1.4474719  -1.7176523  -1.1005877  -0.08131864 -1.9334995  -1.3027425
   0.7002443  -2.1730134  -1.7851924   2.4172747  -2.0244298  -1.8039117
  -0.22479191]] 
Episode: 499: [[-1.4474696  -1.7177539  -1.1005951  -0.08135433 -1.9335926  -1.3027701
   0.70027906 -2.1730373  -1.7851679   2.4173198  -2.0244038  -1.8039042
  -0.22481033]] 
Episode: 500: [[-1.4474548  -1.7178046  -1.1005964  -0.08138847 -1.933659   -1.3028286
   0.70032007 -2.1730752  -1.7851703   2.41735    -2.024385   -1.8039013
  -0.22482927]] 
Episode: 501: [[-1.4474292  -1.7178799  -1.1005793  -0.08141101 -1.9337426  -1.302902
   0.70037335 -2.173126   -1.7851802   2.4173605  -2.0243602  -1.8038965
  -0.22483921]] 
Episode: 502: [[-1.4474143  -1.7179513  -1.1005657  -0.08142744 -1.9338088  -1.3029938
   0.7004232  -2.173154   -1.7852141   2.4173648  -2.0243332  -1.8038666
  -0.22482179]] 
Episode: 503: [[-1.4474031  -1.718013   -1.1005493  -0.08143838 -1.9338593  -1.3030893
   0.70047146 -2.1731691  -1.785258    2.417363   -2.0243182  -1.803832
  -0.2248008 ]] 
Episode: 504: [[-1.4473956  -1.7180779  -1.100545   -0.08145609 -1.9339092  -1.3032019
   0.70049274 -2.1731732  -1.7852955   2.4173727  -2.0242772  -1.8037677
  -0.224748  ]] 
Episode: 505: [[-1.447362   -1.7181598  -1.1005654  -0.08150839 -1.9339939  -1.303288
   0.70049834 -2.1732082  -1.7852781   2.4174252  -2.0242167  -1.8037359
  -0.22473207]] 
Episode: 506: [[-1.4473441  -1.71827    -1.1006236  -0.08156031 -1.9340782  -1.3034031
   0.70043576 -2.173237   -1.7852321   2.4175022  -2.0240808  -1.803652
  -0.22465926]] 
Episode: 507: [[-1.4473416  -1.7183318  -1.1006504  -0.08157067 -1.9341272  -1.3034985
   0.70037806 -2.1732702  -1.7852056   2.417533   -2.0239737  -1.8035917
  -0.22459875]] 
Episode: 508: [[-1.4473778  -1.7183772  -1.1006529  -0.08154384 -1.9341418  -1.3035729
   0.70033216 -2.1732736  -1.7852058   2.417532   -2.0239096  -1.8035382
  -0.22454411]] 
Episode: 509: [[-1.4474546  -1.718462   -1.1006035  -0.08146258 -1.9341651  -1.3035752
   0.70033073 -2.173287   -1.7852076   2.417483   -2.0238943  -1.8035331
  -0.22453186]] 
Episode: 510: [[-1.4475248  -1.7185636  -1.1005518  -0.08138828 -1.9342092  -1.3035859
   0.7003463  -2.1733074  -1.7852116   2.4174345  -2.0238743  -1.8035183
  -0.22451045]] 
Episode: 511: [[-1.4476342  -1.7186437  -1.1004634  -0.08127073 -1.9342307  -1.3035196
   0.7004137  -2.1733475  -1.7852358   2.4173467  -2.023925   -1.8035761
  -0.22455817]] 
Episode: 512: [[-1.4477351  -1.7187141  -1.1003809  -0.08115998 -1.934244   -1.3034731
   0.70047325 -2.173378   -1.7852685   2.4172604  -2.0239697  -1.8036146
  -0.22458592]] 
Episode: 513: [[-1.4478308  -1.7187575  -1.1002975  -0.08104465 -1.9342272  -1.3034593
   0.7005469  -2.17338    -1.785343    2.4171543  -2.0240288  -1.8036284
  -0.22458215]] 
Episode: 514: [[-1.4480287  -1.7189097  -1.1000612  -0.08081247 -1.9343551  -1.3034123
   0.7007777  -2.1735554  -1.7854886   2.416946   -2.0242023  -1.8037843
  -0.22469269]] 
Episode: 515: [[-1.4481993  -1.7190578  -1.0998493  -0.08061028 -1.9344872  -1.3033484
   0.700986   -2.1737301  -1.7855946   2.4167688  -2.0243638  -1.8039478
  -0.2248182 ]] 
Episode: 516: [[-1.448363   -1.7191937  -1.0996531  -0.08042319 -1.9346062  -1.3032733
   0.7011781  -2.1738849  -1.7856792   2.41661    -2.0245214  -1.8041133
  -0.22495374]] 
Episode: 517: [[-1.4485216  -1.7193255  -1.0994819  -0.08026772 -1.9347476  -1.3032184
   0.7013372  -2.174086   -1.7857486   2.4164975  -2.0246458  -1.804283
  -0.22509164]] 
Episode: 518: [[-1.4486854  -1.7194341  -1.0993345  -0.08012474 -1.9348571  -1.3031839
   0.7014779  -2.1742442  -1.7858324   2.4163954  -2.0247607  -1.804408
  -0.22518441]] 
Episode: 519: [[-1.4488301  -1.7195439  -1.0992004  -0.07999697 -1.9349658  -1.3031354
   0.7016048  -2.174404   -1.785902    2.4163089  -2.0248759  -1.8045384
  -0.22528419]] 
Episode: 520: [[-1.449011   -1.7196475  -1.0990549  -0.07985035 -1.9350792  -1.3030033
   0.7017803  -2.1745706  -1.7859615   2.4162087  -2.0250297  -1.8047171
  -0.22543643]] 
Episode: 521: [[-1.4491746  -1.7197341  -1.0989258  -0.0797174  -1.9351742  -1.3028816
   0.70194    -2.1747198  -1.7860236   2.416119   -2.0251837  -1.8048853
  -0.22557999]] 
Episode: 522: [[-1.449333   -1.7198102  -1.0988028  -0.07958852 -1.9352552  -1.3027993
   0.7020844  -2.1748526  -1.7861012   2.416027   -2.025314   -1.8050143
  -0.22568248]] 
Episode: 523: [[-1.4494835  -1.7199045  -1.0986891  -0.07949114 -1.9353647  -1.3026943
   0.70223546 -2.174987   -1.7861569   2.4159648  -2.0254347  -1.8051405
  -0.22579025]] 
Episode: 524: [[-1.4496238  -1.7199949  -1.0985843  -0.07940078 -1.9354591  -1.3026344
   0.70236677 -2.1750982  -1.7862343   2.415901   -2.0255253  -1.8052125
  -0.22584155]] 
Episode: 525: [[-1.4497566  -1.7200718  -1.09848    -0.07931031 -1.9355356  -1.3025928
   0.7024977  -2.175193   -1.7863213   2.4158287  -2.0256166  -1.8052672
  -0.22587709]] 
Episode: 526: [[-1.4498849  -1.72014    -1.0983704  -0.07920951 -1.9355868  -1.3025856
   0.70262665 -2.1752698  -1.7864454   2.4157367  -2.0257115  -1.8052924
  -0.22587831]] 
Episode: 527: [[-1.4499955  -1.7202199  -1.0982655  -0.07911839 -1.9356536  -1.3025625
   0.7027509  -2.1753619  -1.7865362   2.4156537  -2.0257893  -1.8053343
  -0.22589536]] 
Episode: 528: [[-1.4501009  -1.7202864  -1.0981688  -0.07903429 -1.935715   -1.3025126
   0.7028619  -2.175451   -1.7865952   2.4155793  -2.0258613  -1.8053863
  -0.22592191]] 
Episode: 529: [[-1.4502102  -1.7203325  -1.098084   -0.0789492  -1.9357536  -1.3024694
   0.70294154 -2.1755185  -1.7866555   2.415509   -2.0259197  -1.805416
  -0.22592807]] 
Episode: 530: [[-1.4502946  -1.7203974  -1.0980157  -0.07889469 -1.9358189  -1.3024305
   0.70301515 -2.1755962  -1.7866822   2.4154687  -2.0259569  -1.805451
  -0.22594562]] 
Episode: 531: [[-1.4503616  -1.7204709  -1.0979555  -0.07885552 -1.9358882  -1.3024055
   0.7030873  -2.1756725  -1.7867063   2.4154403  -2.0259912  -1.8054818
  -0.22596301]] 
Episode: 532: [[-1.450434   -1.7205725  -1.097865   -0.07881654 -1.9359858  -1.3023897
   0.7031639  -2.1757796  -1.7867306   2.4154112  -2.026032   -1.8055109
  -0.22597875]] 
Episode: 533: [[-1.4505161  -1.7206633  -1.09777    -0.0787667  -1.9360715  -1.3023708
   0.7032421  -2.1758807  -1.7867657   2.4153726  -2.0260878  -1.8055402
  -0.22599405]] 
Episode: 534: [[-1.4505999  -1.7207445  -1.0976701  -0.0787078  -1.9361441  -1.3023266
   0.70332265 -2.1759725  -1.7868016   2.415327   -2.0261745  -1.8055904
  -0.22603293]] 
Episode: 535: [[-1.4507719  -1.7208258  -1.0974631  -0.07853416 -1.9362552  -1.302255
   0.7034735  -2.1761518  -1.7868936   2.41518    -2.0263367  -1.8057293
  -0.22613391]] 
Episode: 536: [[-1.4509013  -1.7209549  -1.0973089  -0.07841927 -1.9364133  -1.3021532
   0.7035919  -2.1763453  -1.7869011   2.4151044  -2.0264482  -1.8058838
  -0.22626053]] 
Episode: 537: [[-1.4509922  -1.721087   -1.0971967  -0.07835288 -1.936581   -1.3020446
   0.7036993  -2.176529   -1.786865    2.4150734  -2.0265248  -1.8060359
  -0.22639738]] 
Episode: 538: [[-1.4510882  -1.7212026  -1.0970925  -0.07828384 -1.9367245  -1.3019747
   0.70379484 -2.1766806  -1.7868587   2.415034   -2.0265908  -1.806139
  -0.2264823 ]] 
Episode: 539: [[-1.4511732  -1.7213413  -1.097      -0.07823136 -1.9368848  -1.3018833
   0.70386875 -2.1768503  -1.7868172   2.4150205  -2.0266414  -1.8062581
  -0.2265789 ]] 
Episode: 540: [[-1.4512634  -1.7214572  -1.0969247  -0.07818707 -1.9370191  -1.3018051
   0.7039117  -2.1769905  -1.7867815   2.4150226  -2.0266807  -1.8063601
  -0.22666332]] 
Episode: 541: [[-1.4513651  -1.7215426  -1.0968462  -0.07812126 -1.9371072  -1.3017513
   0.7039411  -2.1770816  -1.7867842   2.4149966  -2.0267289  -1.8064176
  -0.22669882]] 
Episode: 542: [[-1.4514512  -1.7216153  -1.0967712  -0.07806066 -1.937189   -1.3016969
   0.703985   -2.1771772  -1.7867823   2.414967   -2.0267768  -1.806488
  -0.2267487 ]] 
Episode: 543: [[-1.4515389  -1.7216688  -1.0966876  -0.07798294 -1.9372354  -1.3016759
   0.7040297  -2.17725    -1.7868294   2.4149117  -2.0268464  -1.8065323
  -0.22676659]] 
Episode: 544: [[-1.451636   -1.7216887  -1.0966089  -0.07789414 -1.9372709  -1.3016577
   0.7040085  -2.1773558  -1.7868626   2.4148643  -2.026891   -1.8065677
  -0.22677529]] 
Episode: 545: [[-1.4517354  -1.7217424  -1.0965613  -0.07782765 -1.9373343  -1.3016003
   0.70398015 -2.177444   -1.7868543   2.4148505  -2.026915   -1.8065939
  -0.22678517]] 
Episode: 546: [[-1.4518458  -1.7217828  -1.0965049  -0.07774565 -1.9373696  -1.3015649
   0.70395714 -2.1775007  -1.7868779   2.4148145  -2.026948   -1.806595
  -0.22676781]] 
Episode: 547: [[-1.4519321  -1.7218412  -1.0964962  -0.07770994 -1.9374244  -1.3015211
   0.7039229  -2.1775513  -1.7868699   2.4148316  -2.026958   -1.8065948
  -0.22676446]] 
Episode: 548: [[-1.4520204  -1.721876   -1.0964814  -0.07766226 -1.9374484  -1.3014826
   0.70388776 -2.1775804  -1.7868838   2.4148312  -2.0269833  -1.8065854
  -0.2267511 ]] 
Episode: 549: [[-1.4520831  -1.7219149  -1.0964807  -0.07763284 -1.9374588  -1.301523
   0.7038586  -2.1775715  -1.7869344   2.4148312  -2.0269907  -1.8065256
  -0.22668664]] 
Episode: 550: [[-1.452132   -1.7219532  -1.0964717  -0.07760254 -1.9374719  -1.3015767
   0.7038369  -2.1775818  -1.787       2.414826   -2.0270088  -1.8064821
  -0.22663544]] 
Episode: 551: [[-1.4521631  -1.7220068  -1.096465   -0.07758855 -1.9375031  -1.3016521
   0.70383114 -2.1775975  -1.7870623   2.414828   -2.027015   -1.8064336
  -0.22658424]] 
Episode: 552: [[-1.4522132  -1.7220234  -1.0964353  -0.07754439 -1.9374995  -1.3017381
   0.703824   -2.1776068  -1.7871532   2.4147942  -2.0270321  -1.8063753
  -0.22651069]] 
Episode: 553: [[-1.4522536  -1.72205    -1.0964079  -0.07750887 -1.9375082  -1.3018141
   0.70381355 -2.1776218  -1.7872258   2.4147713  -2.0270498  -1.8063319
  -0.22645526]] 
Episode: 554: [[-1.4523056  -1.7220727  -1.0963937  -0.07747817 -1.9375116  -1.3018745
   0.70377463 -2.1776338  -1.7872782   2.4147651  -2.0270493  -1.8062818
  -0.22639275]] 
Episode: 555: [[-1.4523711  -1.7220914  -1.0963802  -0.07744374 -1.9375107  -1.3019079
   0.7037396  -2.1776378  -1.7873254   2.4147573  -2.02705    -1.8062294
  -0.2263312 ]] 
Episode: 556: [[-1.4523642  -1.7220361  -1.096369   -0.07742988 -1.9374913  -1.3019439
   0.7036779  -2.1777034  -1.7873647   2.4147432  -2.0270314  -1.8061925
  -0.22627795]] 
Episode: 557: [[-1.4523735  -1.7219641  -1.096346   -0.07739419 -1.937442   -1.3019893
   0.7036217  -2.177745   -1.7874341   2.414705   -2.02703    -1.8061478
  -0.22621153]] 
Episode: 558: [[-1.452375   -1.7218984  -1.0963228  -0.07736197 -1.9373995  -1.3020236
   0.7035756  -2.1777954  -1.7874883   2.414669   -2.0270317  -1.806125
  -0.22616632]] 
Episode: 559: [[-1.4523668  -1.7218796  -1.096304   -0.07734446 -1.9373975  -1.3020332
   0.70354325 -2.177861   -1.7875122   2.4146504  -2.0270276  -1.8061156
  -0.22613929]] 
Episode: 560: [[-1.4523579  -1.7218715  -1.0962957  -0.07733802 -1.9374051  -1.3020283
   0.7035157  -2.177925   -1.787516    2.4146452  -2.0270152  -1.8061122
  -0.22612166]] 
Episode: 561: [[-1.4523414  -1.7218767  -1.0962896  -0.07733945 -1.9374233  -1.3020222
   0.7035001  -2.1779876  -1.7875216   2.414645   -2.0270061  -1.8061104
  -0.22611058]] 
Episode: 562: [[-1.452322   -1.7218844  -1.0962843  -0.07734869 -1.9374517  -1.3020262
   0.70351493 -2.178074   -1.7875462   2.4146495  -2.027011   -1.8061277
  -0.2261215 ]] 
Episode: 563: [[-1.4523093  -1.7219223  -1.0962963  -0.077378   -1.9374903  -1.3019779
   0.70352614 -2.1781545  -1.7875435   2.4146855  -2.0270216  -1.806154
  -0.22614895]] 
Episode: 564: [[-1.4523002  -1.7219807  -1.0962932  -0.07739366 -1.9375349  -1.3019215
   0.7035405  -2.1782317  -1.7875453   2.4147067  -2.0270371  -1.8061743
  -0.22616892]] 
Episode: 565: [[-1.4523015  -1.7220052  -1.0962797  -0.0773927  -1.9375526  -1.3018951
   0.70356405 -2.178286   -1.7875763   2.4147022  -2.0270574  -1.8061749
  -0.22616825]] 
Episode: 566: [[-1.4523046  -1.7220236  -1.0962647  -0.07739111 -1.9375732  -1.3018618
   0.703577   -2.1783438  -1.7875943   2.4147015  -2.0270784  -1.8061826
  -0.22617769]] 
Episode: 567: [[-1.4523226  -1.722048   -1.0962322  -0.07737354 -1.9375978  -1.3018167
   0.70360273 -2.1783984  -1.7876118   2.4146848  -2.0271115  -1.8061972
  -0.22619061]] 
Episode: 568: [[-1.4523528  -1.7220632  -1.0961918  -0.07733738 -1.9376025  -1.3017681
   0.70363855 -2.1784353  -1.7876316   2.4146504  -2.0271611  -1.8062252
  -0.22621545]] 
Episode: 569: [[-1.452407   -1.7220571  -1.0961463  -0.0772776  -1.9375933  -1.3017204
   0.70365125 -2.1784792  -1.7876564   2.4146023  -2.027202   -1.806246
  -0.22622417]] 
Episode: 570: [[-1.4524566  -1.7220528  -1.0961044  -0.07722924 -1.9375733  -1.3016788
   0.7036428  -2.1785166  -1.787685    2.414572   -2.0272493  -1.8062701
  -0.22624105]] 
Episode: 571: [[-1.452543   -1.7220503  -1.0960468  -0.07715058 -1.9375311  -1.3016542
   0.70362425 -2.1785378  -1.7877486   2.4145205  -2.027298   -1.8062714
  -0.22622839]] 
Episode: 572: [[-1.4526137  -1.7220651  -1.0959724  -0.07707092 -1.9375038  -1.3016557
   0.70364696 -2.1785734  -1.7878405   2.414454   -2.0273669  -1.8062835
  -0.22622758]] 
Episode: 573: [[-1.4526831  -1.7220416  -1.0958952  -0.07698193 -1.9374275  -1.3016949
   0.70365316 -2.1785805  -1.7879746   2.4143672  -2.0274384  -1.8062656
  -0.22617824]] 
Episode: 574: [[-1.4527459  -1.7220274  -1.095824   -0.07690134 -1.9373615  -1.3017217
   0.7036639  -2.1785905  -1.7880951   2.4142902  -2.027511   -1.8062583
  -0.22614452]] 
Episode: 575: [[-1.4528074  -1.7220166  -1.0957611  -0.076828   -1.9373006  -1.3017429
   0.70367205 -2.1785862  -1.7882029   2.4142237  -2.0275834  -1.8062503
  -0.22612025]] 
Episode: 576: [[-1.4528716  -1.7220044  -1.095704   -0.07675351 -1.9372382  -1.3017482
   0.7036674  -2.1785789  -1.7882979   2.4141617  -2.0276499  -1.8062451
  -0.22609903]] 
Episode: 577: [[-1.4529195  -1.7220196  -1.0956677  -0.07670812 -1.9372077  -1.3017553
   0.70365775 -2.17858    -1.7883618   2.414132   -2.0276918  -1.8062373
  -0.22608386]] 
Episode: 578: [[-1.4529648  -1.7220421  -1.095645   -0.07667192 -1.937188   -1.3017305
   0.703641   -2.1785839  -1.788395    2.4141212  -2.0277352  -1.8062524
  -0.22609691]] 
Episode: 579: [[-1.4529907  -1.7220805  -1.0956742  -0.07668573 -1.9371958  -1.3017493
   0.7035768  -2.1786215  -1.7884022   2.4141746  -2.0277112  -1.8062398
  -0.22608416]] 
Episode: 580: [[-1.4530324  -1.7221045  -1.0956964  -0.07668258 -1.9371812  -1.3017699
   0.703505   -2.1786373  -1.7884214   2.4142118  -2.027689   -1.8062139
  -0.22605337]] 
Episode: 581: [[-1.4530847 -1.7221105 -1.0957098 -0.076667  -1.9371508 -1.3017888
   0.7034416 -2.17864   -1.7884445  2.4142318 -2.0276687 -1.8061845
  -0.2260166]] 
Episode: 582: [[-1.4531134  -1.7221422  -1.0957402  -0.07667844 -1.9371568  -1.3017877
   0.70336294 -2.1786575  -1.7884239   2.4142892  -2.0276446  -1.8061831
  -0.22602257]] 
Episode: 583: [[-1.4531449  -1.7221762  -1.0957677  -0.0766851  -1.9371594  -1.3017738
   0.70329237 -2.1786637  -1.7883996   2.4143412  -2.027632   -1.8061864
  -0.22603615]] 
Episode: 584: [[-1.4531813  -1.7222228  -1.0957907  -0.07668411 -1.9371618  -1.3017645
   0.7032263  -2.17866    -1.7883829   2.4143865  -2.0276215  -1.806186
  -0.2260467 ]] 
Episode: 585: [[-1.4532064  -1.7222699  -1.095829   -0.07670183 -1.9371803  -1.3017443
   0.7031583  -2.178664   -1.7883363   2.4144497  -2.0275943  -1.80619
  -0.22606295]] 
Episode: 586: [[-1.4532323  -1.7223166  -1.0958627  -0.07671697 -1.9371983  -1.3017052
   0.70309573 -2.178671   -1.7882814   2.4145105  -2.027572   -1.80621
  -0.22609521]] 
Episode: 587: [[-1.4532604  -1.7223747  -1.0958828  -0.07672196 -1.9372255  -1.3016596
   0.7030412  -2.1786895  -1.7882279   2.4145646  -2.0275688  -1.8062509
  -0.22615106]] 
Episode: 588: [[-1.453274   -1.7223865  -1.0959202  -0.07673679 -1.9372329  -1.3016236
   0.70297694 -2.1787066  -1.7881739   2.414622   -2.0275612  -1.8062886
  -0.22620106]] 
Episode: 589: [[-1.4531982  -1.7224596  -1.0960288  -0.07686765 -1.9372987  -1.301716
   0.7029428  -2.1787212  -1.7881134   2.4147692  -2.0274966  -1.8062763
  -0.22621916]] 
Episode: 590: [[-1.453121   -1.7225382  -1.0961146  -0.07698157 -1.9373726  -1.3017864
   0.70294183 -2.1787548  -1.7880695   2.4148936  -2.0274768  -1.8062943
  -0.22626637]] 
Episode: 591: [[-1.453066   -1.7226195  -1.0961732  -0.07707395 -1.9374442  -1.3018236
   0.7029633  -2.1788042  -1.7880346   2.4149983  -2.0274823  -1.8063369
  -0.22633858]] 
Episode: 592: [[-1.4530455  -1.7226362  -1.0962011  -0.07709385 -1.9374341  -1.3018684
   0.7030158  -2.1788363  -1.7880648   2.4150257  -2.027543   -1.8064151
  -0.22642569]] 
Episode: 593: [[-1.4530356  -1.7226428  -1.0962132  -0.07709287 -1.9374069  -1.301928
   0.70308024 -2.1788492  -1.788127    2.4150229  -2.0276132  -1.8064662
  -0.22648217]] 
Episode: 594: [[-1.4530301  -1.7226505  -1.0962251  -0.07708976 -1.9373739  -1.3020095
   0.7031398  -2.1788485  -1.7882082   2.415016   -2.0276766  -1.8064895
  -0.22651096]] 
Episode: 595: [[-1.4530208  -1.7226607  -1.0962342  -0.0770901  -1.9373555  -1.3020781
   0.70319736 -2.1788611  -1.788272    2.4150116  -2.0277283  -1.8065169
  -0.22654398]] 
Episode: 596: [[-1.4529926  -1.7226963  -1.0962387  -0.07709952 -1.9373621  -1.3022021
   0.7032728  -2.1788912  -1.7883539   2.4150054  -2.0277607  -1.8065286
  -0.22655852]] 
Episode: 597: [[-1.452957   -1.7227517  -1.0962484  -0.07712738 -1.9374104  -1.3022813
   0.70333964 -2.178952   -1.7883794   2.4150283  -2.0277834  -1.8065723
  -0.22661532]] 
Episode: 598: [[-1.4529071  -1.7228205  -1.0962657  -0.07717171 -1.9374646  -1.3023791
   0.7034315  -2.1790066  -1.7884153   2.4150581  -2.0278015  -1.8066146
  -0.2266724 ]] 
Episode: 599: [[-1.452879   -1.7228705  -1.0962709  -0.07719617 -1.9374908  -1.3024758
   0.70351845 -2.1790383  -1.7884765   2.4150703  -2.0278397  -1.806646
  -0.22671697]] 
Episode: 600: [[-1.4528561  -1.7229271  -1.0962759  -0.07721921 -1.9375254  -1.3025867
   0.7036052  -2.1790679  -1.7885395   2.4150784  -2.027859   -1.8066527
  -0.2267338 ]] 
Episode: 601: [[-1.4528184  -1.7229974  -1.096308   -0.07727777 -1.9375771  -1.3027239
   0.7036909  -2.1791017  -1.7885879   2.4151194  -2.0278425  -1.8066412
  -0.22673258]] 
Episode: 602: [[-1.452788   -1.7230829  -1.096327   -0.07731865 -1.9376272  -1.3028742
   0.7037977  -2.1791208  -1.7886598   2.4151344  -2.02783    -1.8066089
  -0.22670604]] 
Episode: 603: [[-1.4527426  -1.7232339  -1.096345   -0.07738    -1.937731   -1.3029966
   0.7039457  -2.179166   -1.7887154   2.415168   -2.0278292  -1.8066032
  -0.22671257]] 
Episode: 604: [[-1.4526994  -1.7233685  -1.0963603  -0.07743339 -1.9378169  -1.3031223
   0.7040795  -2.1792014  -1.7887731   2.4151907  -2.027814   -1.806583
  -0.22669828]] 
Episode: 605: [[-1.4526742  -1.7234904  -1.0963688  -0.07747306 -1.9378873  -1.303245
   0.70420617 -2.1792157  -1.7888476   2.4152029  -2.0278106  -1.8065492
  -0.22667255]] 
Episode: 606: [[-1.4526397  -1.7236227  -1.096379   -0.07751807 -1.937974   -1.3033359
   0.70433474 -2.1792464  -1.7889022   2.415222   -2.0278091  -1.8065345
  -0.22666799]] 
Episode: 607: [[-1.452629   -1.7237312  -1.0963717  -0.07753523 -1.9380337  -1.3034126
   0.70444256 -2.1792712  -1.7889668   2.4152215  -2.027824   -1.8065244
  -0.22666323]] 
Episode: 608: [[-1.452618   -1.7238268  -1.0963624  -0.07754755 -1.938083   -1.30348
   0.70455027 -2.179284   -1.7890289   2.415215   -2.0278473  -1.8065175
  -0.22666793]] 
Episode: 609: [[-1.4525992  -1.7239269  -1.0963572  -0.07756768 -1.9381486  -1.3035074
   0.70464593 -2.1793149  -1.7890527   2.4152248  -2.027875   -1.8065453
  -0.22670858]] 
Episode: 610: [[-1.4525448  -1.7240741  -1.0964224  -0.0776561  -1.9382746  -1.3035117
   0.70468384 -2.1793709  -1.7890013   2.4153242  -2.0278356  -1.8065673
  -0.22674923]] 
Episode: 611: [[-1.4525192  -1.7242151  -1.0964597  -0.07770979 -1.9383951  -1.3034592
   0.70474494 -2.1794307  -1.78894     2.4153938  -2.0278354  -1.8066282
  -0.22682808]] 
Episode: 612: [[-1.4525051  -1.72436    -1.096472   -0.07774296 -1.9385117  -1.3034081
   0.70482916 -2.1794844  -1.7889024   2.4154375  -2.0278616  -1.8066906
  -0.22690797]] 
Episode: 613: [[-1.4524925  -1.7244902  -1.0964934  -0.07778083 -1.9386184  -1.3033615
   0.70488197 -2.1795344  -1.7888615   2.4154925  -2.0278802  -1.8067437
  -0.22697577]] 
Episode: 614: [[-1.4525033  -1.7246277  -1.0965103  -0.07778245 -1.9387138  -1.3032694
   0.7049139  -2.179608   -1.7888085   2.415529   -2.0278988  -1.8068148
  -0.22705276]] 
Episode: 615: [[-1.4525082  -1.7247823  -1.0965244  -0.07778712 -1.9388232  -1.3031946
   0.7049553  -2.179691   -1.7887539   2.415564   -2.0279062  -1.8068808
  -0.22711958]] 
Episode: 616: [[-1.452518   -1.7249242  -1.0965472  -0.07779827 -1.9389256  -1.3031353
   0.70498556 -2.179762   -1.7887036   2.4156053  -2.0278986  -1.8069221
  -0.22716326]] 
Episode: 617: [[-1.452526   -1.7250875  -1.0965201  -0.07779    -1.9390637  -1.3030394
   0.70509547 -2.1798804  -1.7886745   2.4156103  -2.0279443  -1.8070215
  -0.22726297]] 
Episode: 618: [[-1.4525315  -1.7252365  -1.0964959  -0.0777839  -1.939198   -1.3029367
   0.7051941  -2.1800075  -1.7886301   2.4156175  -2.0279765  -1.8071249
  -0.22736259]] 
Episode: 619: [[-1.4525337  -1.7253686  -1.0964732  -0.07777993 -1.9393222  -1.302842
   0.70528525 -2.1801286  -1.788589    2.4156249  -2.0280135  -1.8072227
  -0.2274567 ]] 
Episode: 620: [[-1.4525471  -1.7254725  -1.0964478  -0.0777603  -1.9394178  -1.3027421
   0.7053688  -2.180242   -1.7885607   2.415619   -2.0280635  -1.8073238
  -0.22755137]] 
Episode: 621: [[-1.4525661  -1.7255446  -1.0964215  -0.07774006 -1.9395063  -1.3026602
   0.70545197 -2.1803746  -1.7885458   2.415611   -2.0281105  -1.8074285
  -0.22764374]] 
Episode: 622: [[-1.4526026  -1.7256104  -1.0963857  -0.07770719 -1.9395785  -1.30258
   0.70552665 -2.180492   -1.78854     2.4155943  -2.0281653  -1.8075228
  -0.22772528]] 
Episode: 623: [[-1.4526478  -1.7256835  -1.0963533  -0.07767778 -1.9396722  -1.302437
   0.70559764 -2.1806288  -1.7884837   2.4155948  -2.028225   -1.8076612
  -0.22785509]] 
Episode: 624: [[-1.4526894  -1.7257527  -1.0963241  -0.07764945 -1.9397503  -1.3023146
   0.7056609  -2.1807437  -1.7884469   2.415594   -2.028291   -1.8077779
  -0.2279676 ]] 
Episode: 625: [[-1.4527341  -1.7258075  -1.096291   -0.07761494 -1.939812   -1.3021986
   0.7057232  -2.1808395  -1.7884216   2.4155836  -2.0283606  -1.8078831
  -0.22807215]] 
Episode: 626: [[-1.4527904  -1.7258567  -1.0962409  -0.07756657 -1.9398597  -1.3021058
   0.70579636 -2.1809237  -1.7884282   2.4155543  -2.028437   -1.807975
  -0.22816281]] 
Episode: 627: [[-1.4528345  -1.7259376  -1.0962029  -0.07753137 -1.9399309  -1.3019966
   0.70587105 -2.1809938  -1.7884129   2.41554    -2.0285096  -1.8080648
  -0.22825928]] 
Episode: 628: [[-1.4528867  -1.7259912  -1.0961629  -0.07748459 -1.9399756  -1.3018799
   0.7059408  -2.1810517  -1.7884134   2.4155154  -2.0286093  -1.80816
  -0.22835854]] 
Episode: 629: [[-1.4529505  -1.7260491  -1.0961167  -0.07743234 -1.9400259  -1.3017503
   0.7060079  -2.1811147  -1.7884073   2.4154918  -2.0287075  -1.8082645
  -0.22846846]] 
Episode: 630: [[-1.4530025  -1.7260996  -1.0960827  -0.07739265 -1.9400707  -1.3016206
   0.70606875 -2.1811683  -1.7883962   2.4154778  -2.028803   -1.8083618
  -0.22857411]] 
Episode: 631: [[-1.4530545  -1.7261336  -1.0960455  -0.07735004 -1.940099   -1.3015007
   0.70612836 -2.1812093  -1.7884034   2.4154582  -2.0289118  -1.8084537
  -0.22867829]] 
Episode: 632: [[-1.4531255  -1.726177   -1.0960025  -0.07729553 -1.9401239  -1.3014009
   0.7061839  -2.1812358  -1.7884247   2.4154325  -2.0290122  -1.8085296
  -0.22876707]] 
Episode: 633: [[-1.4531851  -1.7262244  -1.0959691  -0.07725153 -1.9401507  -1.301297
   0.70622396 -2.181263   -1.788436    2.4154224  -2.029118   -1.8086149
  -0.22886789]] 
Episode: 634: [[-1.4532487  -1.7262629  -1.0959443  -0.07720922 -1.94017    -1.301209
   0.7062376  -2.1812854  -1.7884395   2.4154186  -2.0291934  -1.808681
  -0.2289475 ]] 
Episode: 635: [[-1.453285   -1.7263386  -1.0959667  -0.07719874 -1.9402083  -1.3011023
   0.70623577 -2.1812873  -1.788406    2.4154494  -2.0292344  -1.8087246
  -0.22901072]] 
Episode: 636: [[-1.4533271  -1.7264524  -1.095942   -0.07717845 -1.9402962  -1.3009839
   0.7062747  -2.181337   -1.788379    2.4154634  -2.029296   -1.8087927
  -0.22909681]] 
Episode: 637: [[-1.4533604  -1.7265719  -1.0959285  -0.07717167 -1.9403876  -1.3008652
   0.7062935  -2.1813855  -1.7883366   2.4154966  -2.0293474  -1.8088628
  -0.22918727]] 
Episode: 638: [[-1.4533976  -1.7266868  -1.0959187  -0.07716721 -1.9404643  -1.3007785
   0.7063145  -2.181407   -1.7883142   2.4155238  -2.0293832  -1.8088925
  -0.22923633]] 
Episode: 639: [[-1.4534758  -1.7267605  -1.0958698  -0.07710566 -1.940484   -1.300711
   0.70633584 -2.181405   -1.7883579   2.4154956  -2.0294669  -1.8089175
  -0.22927031]] 
Episode: 640: [[-1.4535433  -1.7268305  -1.0958396  -0.07705746 -1.940502   -1.3006285
   0.7063506  -2.1813955  -1.7883754   2.4154832  -2.0295405  -1.8089535
  -0.22931999]] 
Episode: 641: [[-1.453675   -1.7270316  -1.0956037  -0.07686562 -1.9406598  -1.3005857
   0.70658225 -2.1815934  -1.7885276   2.415313   -2.0297549  -1.8091508
  -0.22949696]] 
Episode: 642: [[-1.4538262  -1.727219   -1.0953552  -0.07666606 -1.9408096  -1.3005213
   0.706823   -2.1817877  -1.7886777   2.4151344  -2.0299768  -1.8093549
  -0.22968099]] 
Episode: 643: [[-1.4539723  -1.7273787  -1.0951337  -0.07647973 -1.940932   -1.3004427
   0.70702946 -2.1819494  -1.788806    2.4149747  -2.0301893  -1.8095479
  -0.22985977]] 
Episode: 644: [[-1.4541194  -1.7274994  -1.0949188  -0.07629092 -1.9410183  -1.300375
   0.70722157 -2.1820893  -1.7889487   2.4148088  -2.0304046  -1.8097229
  -0.23002173]] 
Episode: 645: [[-1.4543619  -1.7278284  -1.0945631  -0.07601605 -1.9413055  -1.3002788
   0.7076134  -2.1824126  -1.789154    2.4145687  -2.030734   -1.8100429
  -0.23031315]] 
Episode: 646: [[-1.4546043  -1.7281225  -1.09425    -0.07576695 -1.9415642  -1.3001757
   0.70794976 -2.1826968  -1.7893248   2.4143658  -2.031023   -1.8103298
  -0.23057893]] 
Episode: 647: [[-1.4548222  -1.7284     -1.0939751  -0.07553725 -1.9417824  -1.3000638
   0.70826924 -2.1829355  -1.789484    2.4141772  -2.0313     -1.8105986
  -0.23083049]] 
Episode: 648: [[-1.4549997  -1.7286513  -1.0937315  -0.07534054 -1.9419829  -1.2999613
   0.70855343 -2.1831615  -1.7896148   2.4140167  -2.0315466  -1.81086
  -0.231078  ]] 
Episode: 649: [[-1.4551708  -1.7288623  -1.0934997  -0.07514742 -1.9421476  -1.2998793
   0.70881367 -2.1833708  -1.7897617   2.4138527  -2.0317779  -1.8110882
  -0.23128489]] 
Episode: 650: [[-1.4553672  -1.7290268  -1.0932739  -0.07493658 -1.9422598  -1.2997952
   0.7090279  -2.183539   -1.7899209   2.413681   -2.0320103  -1.8112853
  -0.23146085]] 
Episode: 651: [[-1.4555376  -1.7292072  -1.0930678  -0.07474888 -1.94239    -1.2997105
   0.7092272  -2.183725   -1.7900498   2.413532   -2.0322154  -1.8114783
  -0.23163137]] 
Episode: 652: [[-1.4557335  -1.729359   -1.09288    -0.07455555 -1.9424896  -1.2996157
   0.70937896 -2.183888   -1.790165    2.413392   -2.0323863  -1.8116422
  -0.2317699 ]] 
Episode: 653: [[-1.4559212  -1.7294935  -1.0927005  -0.07437091 -1.9425764  -1.2995161
   0.7095153  -2.1840353  -1.7902706   2.4132576  -2.0325496  -1.8117914
  -0.23189685]] 
Episode: 654: [[-1.4560928  -1.7296301  -1.092529   -0.07420128 -1.9426701  -1.2994013
   0.7096553  -2.1841908  -1.7903538   2.413135   -2.0327077  -1.8119569
  -0.2320408 ]] 
Episode: 655: [[-1.4562488  -1.7297504  -1.0923682  -0.07403634 -1.9427469  -1.2993022
   0.7097993  -2.1843295  -1.7904449   2.4130082  -2.0328636  -1.8121144
  -0.23217691]] 
Episode: 656: [[-1.4563677  -1.7299176  -1.092231   -0.07392132 -1.9428769  -1.2992563
   0.7099385  -2.184474   -1.7905121   2.4129176  -2.0329483  -1.8122082
  -0.23225413]] 
Episode: 657: [[-1.4564673  -1.7300732  -1.0921088  -0.0738227  -1.9429984  -1.2992026
   0.71006244 -2.1846077  -1.7905561   2.4128416  -2.0330224  -1.8123038
  -0.23233749]] 
Episode: 658: [[-1.4565635  -1.7302139  -1.0919964  -0.0737289  -1.9431049  -1.2991586
   0.71018183 -2.1847315  -1.7906134   2.41277    -2.0331008  -1.8123949
  -0.23241864]] 
Episode: 659: [[-1.4566559  -1.7303504  -1.0918999  -0.07364803 -1.943208   -1.2991183
   0.71028894 -2.1848347  -1.7906529   2.4127116  -2.03316    -1.8124678
  -0.23248586]] 
Episode: 660: [[-1.4567324  -1.7304952  -1.0918232  -0.0735895  -1.9433218  -1.2990913
   0.710383   -2.1849382  -1.7906662   2.4126735  -2.0331767  -1.8125247
  -0.23253368]] 
Episode: 661: [[-1.4568012  -1.7306255  -1.0917726  -0.07354829 -1.9434227  -1.2990761
   0.7104513  -2.1850188  -1.7906736   2.4126549  -2.0331724  -1.8125522
  -0.23255903]] 
Episode: 662: [[-1.4568727  -1.7307471  -1.0917271  -0.07351074 -1.9435159  -1.2990667
   0.7105085  -2.1850858  -1.7906806   2.4126396  -2.033153   -1.8125598
  -0.23256713]] 
Episode: 663: [[-1.4569267  -1.7308816  -1.0916946  -0.07349103 -1.9436296  -1.2990278
   0.71056736 -2.185166   -1.7906598   2.412646   -2.033138   -1.8125961
  -0.23260854]] 
Episode: 664: [[-1.4569715  -1.731033   -1.0916692  -0.07348679 -1.9437732  -1.2989409
   0.7106257  -2.1852674  -1.7905874   2.4126756  -2.0331235  -1.812669
  -0.23269159]] 
Episode: 665: [[-1.4569992  -1.7311791  -1.0916607  -0.07350315 -1.9439194  -1.2989107
   0.71066755 -2.185364   -1.790518    2.412719   -2.0330667  -1.812702
  -0.23273243]] 
Episode: 666: [[-1.4570633  -1.7313226  -1.0915794  -0.07344508 -1.9440627  -1.2988853
   0.71076286 -2.185503   -1.7905074   2.4126794  -2.0330598  -1.8127738
  -0.2327967 ]] 
Episode: 667: [[-1.4571375  -1.7314466  -1.0914692  -0.07336175 -1.9441779  -1.2988914
   0.71087474 -2.1856234  -1.7905431   2.4125993  -2.0330672  -1.812824
  -0.23283158]] 
Episode: 668: [[-1.4571997  -1.731652   -1.0912735  -0.07323874 -1.9443436  -1.2988706
   0.7110954  -2.1858163  -1.7906287   2.4124577  -2.0331645  -1.8129625
  -0.23295186]] 
Episode: 669: [[-1.4572763  -1.731827   -1.0910918  -0.07311545 -1.944485   -1.2988687
   0.7112905  -2.1859794  -1.7907221   2.4123197  -2.0332422  -1.8130672
  -0.2330379 ]] 
Episode: 670: [[-1.4573478  -1.7319856  -1.0909327  -0.07300738 -1.9446079  -1.2988877
   0.7114705  -2.186119   -1.7908204   2.4121962  -2.0333047  -1.8131473
  -0.23310181]] 
Episode: 671: [[-1.4573656  -1.7322048  -1.0907724  -0.07292296 -1.9447584  -1.2989392
   0.7117116  -2.1862738  -1.7909477   2.4120705  -2.0333867  -1.8132354
  -0.23317926]] 
Episode: 672: [[-1.4573748  -1.732404   -1.090618   -0.07284397 -1.9448965  -1.2989892
   0.71194386 -2.186425   -1.7910783   2.4119496  -2.0334826  -1.8133267
  -0.2332629 ]] 
Episode: 673: [[-1.4573442  -1.7326297  -1.0904968  -0.07281011 -1.9450808  -1.2989776
   0.71217084 -2.1866064  -1.7911196   2.411879   -2.0335488  -1.8134634
  -0.23339973]] 
Episode: 674: [[-1.4573264  -1.7328353  -1.0904001  -0.07278425 -1.9452481  -1.2989409
   0.7123664  -2.1867616  -1.7911365   2.4118314  -2.0336144  -1.8135974
  -0.23353761]] 
Episode: 675: [[-1.4573882  -1.7330699  -1.0902699  -0.07272801 -1.9454534  -1.2988392
   0.7125852  -2.1869457  -1.7911508   2.411777   -2.0337064  -1.8137558
  -0.23369657]] 
Episode: 676: [[-1.4574133  -1.7333312  -1.0901489  -0.07270198 -1.945701   -1.2987232
   0.71282697 -2.1871538  -1.7911278   2.4117444  -2.0337982  -1.8139404
  -0.23388821]] 
Episode: 677: [[-1.4574411  -1.7335594  -1.090042   -0.07267731 -1.9459218  -1.29861
   0.7130461  -2.1873384  -1.7911067   2.4117162  -2.033891   -1.8141116
  -0.23406897]] 
Episode: 678: [[-1.4574705  -1.7337707  -1.0899479  -0.07265802 -1.9461272  -1.2985026
   0.7132381  -2.1875038  -1.7910798   2.4116988  -2.0339737  -1.8142644
  -0.23423569]] 
Episode: 679: [[-1.4574989  -1.7339798  -1.0898715  -0.07265178 -1.9463336  -1.298384
   0.71341    -2.1876624  -1.791028    2.4117026  -2.0340462  -1.8144149
  -0.23440349]] 
Episode: 680: [[-1.4574887  -1.7341868  -1.0898163  -0.07267911 -1.9465379  -1.2983513
   0.7135775  -2.187799   -1.7909981   2.4117231  -2.0340865  -1.8145198
  -0.23452741]] 
Episode: 681: [[-1.4574763  -1.7343768  -1.0897491  -0.07269504 -1.9467297  -1.298334
   0.7137511  -2.1879363  -1.7909933   2.4117248  -2.034139   -1.8146219
  -0.23464586]] 
Episode: 682: [[-1.4574692  -1.7345575  -1.0897001  -0.07271386 -1.9468993  -1.2982942
   0.713909   -2.188039   -1.7909832   2.4117339  -2.0341911  -1.814707
  -0.2347528 ]] 
Episode: 683: [[-1.4574696  -1.7347158  -1.0896509  -0.07272254 -1.9470431  -1.2982758
   0.71405286 -2.1881223  -1.7909964   2.4117305  -2.0342364  -1.8147653
  -0.23482873]] 
Episode: 684: [[-1.4574796  -1.7348522  -1.0896007  -0.07271936 -1.9471639  -1.2982491
   0.7141804  -2.1881886  -1.7910157   2.4117193  -2.0342937  -1.8148208
  -0.23489946]] 
Episode: 685: [[-1.4574944  -1.7349832  -1.0895457  -0.07271015 -1.9472823  -1.2982264
   0.7143051  -2.1882544  -1.7910339   2.4117017  -2.034342   -1.8148727
  -0.23496471]] 
Episode: 686: [[-1.4574943  -1.7351153  -1.0895116  -0.07272107 -1.9473944  -1.2981919
   0.7144163  -2.188307   -1.7910371   2.4117045  -2.0343802  -1.8149166
  -0.23502703]] 
Episode: 687: [[-1.4574965  -1.7352424  -1.0894896  -0.072742   -1.9475065  -1.2981542
   0.7145026  -2.1883626  -1.7910204   2.4117293  -2.0344062  -1.8149664
  -0.23509942]] 
Episode: 688: [[-1.45751    -1.735336   -1.0894802  -0.07275495 -1.9475757  -1.2981195
   0.71454614 -2.1884015  -1.7910151   2.4117599  -2.0344405  -1.8150121
  -0.23516314]] 
Episode: 689: [[-1.4575119  -1.7354426  -1.0894755  -0.07277944 -1.9476708  -1.298066
   0.71459115 -2.1884623  -1.7909774   2.4118028  -2.0344594  -1.815073
  -0.23524295]] 
Episode: 690: [[-1.4575104  -1.7355517  -1.0894824  -0.07281405 -1.947778   -1.2979878
   0.71463037 -2.188526   -1.7909046   2.4118607  -2.0344698  -1.8151456
  -0.235338  ]] 
Episode: 691: [[-1.4575447  -1.7356677  -1.08949    -0.07283426 -1.9478831  -1.2979141
   0.7146313  -2.1885896  -1.7908196   2.4119236  -2.0344524  -1.8151926
  -0.23540002]] 
Episode: 692: [[-1.4575771  -1.735773   -1.0894821  -0.07284188 -1.9479713  -1.2978706
   0.7146451  -2.188646   -1.7907636   2.4119644  -2.0344512  -1.8152332
  -0.23545499]] 
Episode: 693: [[-1.4576083  -1.7358549  -1.0894861  -0.07285795 -1.9480397  -1.2978493
   0.7146427  -2.188697   -1.7907234   2.4120157  -2.0344486  -1.8152643
  -0.23549977]] 
Episode: 694: [[-1.4576433  -1.7359201  -1.0894864  -0.07286529 -1.9480879  -1.2978354
   0.7146417  -2.1887288  -1.7906991   2.4120545  -2.0344558  -1.8152885
  -0.2355383 ]] 
Episode: 695: [[-1.4576781  -1.7359874  -1.0894887  -0.07287488 -1.948143   -1.2977985
   0.7146341  -2.1887665  -1.7906535   2.4121     -2.0344625  -1.8153248
  -0.23558924]] 
Episode: 696: [[-1.4576982  -1.7360511  -1.0895009  -0.07289594 -1.9481955  -1.2977804
   0.7146146  -2.1888025  -1.7906073   2.412156   -2.034458   -1.8153543
  -0.2356353 ]] 
Episode: 697: [[-1.457664   -1.7361394  -1.0895566  -0.07298004 -1.9482754  -1.297813
   0.7145878  -2.1888454  -1.7905402   2.4122646  -2.0343986  -1.8153551
  -0.2356611 ]] 
Episode: 698: [[-1.4576278  -1.7362269  -1.0896293  -0.07307721 -1.9483587  -1.2978526
   0.714553   -2.1888802  -1.7904605   2.4123871  -2.0343194  -1.8153409
  -0.23567156]] 
Episode: 699: [[-1.4575777  -1.7364224  -1.0896403  -0.07317787 -1.9485396  -1.2978987
   0.7146234  -2.1890142  -1.7904046   2.412496   -2.0342774  -1.8153849
  -0.23574553]] 
Episode: 700: [[-1.4575384  -1.7365824  -1.089654   -0.07326422 -1.9486834  -1.2979482
   0.7146766  -2.189122   -1.7903645   2.4125917  -2.0342422  -1.8154134
  -0.23580341]] 
Episode: 701: [[-1.4575031  -1.7367308  -1.0896585  -0.07333789 -1.9488033  -1.29804
   0.71474284 -2.1892056  -1.7903734   2.4126587  -2.0342066  -1.8153983
  -0.23580828]] 
Episode: 702: [[-1.4575148  -1.7368547  -1.0896713  -0.0733977  -1.9489127  -1.2981061
   0.7147767  -2.1892862  -1.7903619   2.412735   -2.034161   -1.8153777
  -0.23580588]] 
Episode: 703: [[-1.4575324  -1.7369473  -1.0896741  -0.07343162 -1.9489832  -1.298187
   0.7148132  -2.189342   -1.7903922   2.4127774  -2.0341413  -1.8153447
  -0.23578347]] 
Episode: 704: [[-1.4575741  -1.7370358  -1.0896672  -0.07344559 -1.9490495  -1.2982275
   0.71484894 -2.1893897  -1.7904164   2.4128082  -2.0341458  -1.8153217
  -0.23577148]] 
Episode: 705: [[-1.4576224  -1.7371281  -1.0896463  -0.0734421  -1.9491062  -1.2982957
   0.714908   -2.189423   -1.790471    2.4128118  -2.0341578  -1.8152894
  -0.23574214]] 
Episode: 706: [[-1.4576946  -1.7371844  -1.089609   -0.07340706 -1.9491256  -1.2983676
   0.71495724 -2.1894412  -1.7905561   2.4127858  -2.034191   -1.8152525
  -0.23570016]] 
Episode: 707: [[-1.4577792  -1.7372168  -1.0895696  -0.07335719 -1.9491135  -1.298452
   0.7150021  -2.1894324  -1.7906681   2.4127426  -2.0342283  -1.8151991
  -0.23563786]] 
Episode: 708: [[-1.4578797  -1.7372303  -1.0895251  -0.07328783 -1.9490678  -1.2985618
   0.7150426  -2.1893864  -1.7908216   2.4126751  -2.0342753  -1.8151053
  -0.23553336]] 
Episode: 709: [[-1.4579813  -1.7372276  -1.0894767  -0.07320926 -1.9490093  -1.2986757
   0.715061   -2.1893492  -1.7909911   2.4126046  -2.034338   -1.8150148
  -0.23542716]] 
Episode: 710: [[-1.4580649  -1.7372328  -1.0894402  -0.07314935 -1.9489576  -1.2988234
   0.7150694  -2.1893175  -1.7911594   2.4125483  -2.0343707  -1.8149031
  -0.23529899]] 
Episode: 711: [[-1.4581016  -1.7372434  -1.0894525  -0.07315566 -1.9489245  -1.2989855
   0.71506083 -2.1892838  -1.7912941   2.4125538  -2.0343697  -1.814773
  -0.23516689]] 
Episode: 712: [[-1.4581611  -1.7373224  -1.0893788  -0.07308044 -1.9489304  -1.2991762
   0.7151004  -2.189314   -1.7914726   2.4124746  -2.0344026  -1.8146807
  -0.23504913]] 
Episode: 713: [[-1.4582479  -1.737391   -1.0893327  -0.07300983 -1.948908   -1.2994161
   0.7150398  -2.1893442  -1.791645    2.4124298  -2.0343485  -1.8145242
  -0.23485711]] 
Episode: 714: [[-1.4583203  -1.7374984  -1.089287   -0.07295953 -1.9489337  -1.2996455
   0.7149866  -2.1893919  -1.7917826   2.4124057  -2.0342705  -1.8143747
  -0.23468116]] 
Episode: 715: [[-1.4583777  -1.737616   -1.089249   -0.07292382 -1.948986   -1.2998359
   0.7149417  -2.1894572  -1.7918764   2.4123955  -2.0341856  -1.8142519
  -0.23453382]] 
Episode: 716: [[-1.4584562  -1.7376992  -1.089192   -0.07286185 -1.9490137  -1.30001
   0.71490604 -2.1895201  -1.791992    2.4123569  -2.0341299  -1.8141472
  -0.23439173]] 
Episode: 717: [[-1.45854    -1.7377634  -1.0891224  -0.07279854 -1.9490557  -1.3001308
   0.71491516 -2.189602   -1.7920997   2.4123106  -2.034111   -1.814096
  -0.23430702]] 
Episode: 718: [[-1.4587119  -1.7378685  -1.0889517  -0.07263758 -1.9491528  -1.3002025
   0.7150134  -2.1897671  -1.7922496   2.412179   -2.0341733  -1.8141385
  -0.23429947]] 
Episode: 719: [[-1.4588588  -1.7379797  -1.0888194  -0.07251565 -1.9492579  -1.3002646
   0.7150848  -2.1899111  -1.7923613   2.4120903  -2.0342042  -1.8141636
  -0.2342862 ]] 
Episode: 720: [[-1.4590123  -1.738059   -1.0886849  -0.0723821  -1.9493169  -1.3003218
   0.71515226 -2.1900206  -1.7924923   2.411984   -2.034253   -1.8141757
  -0.23426017]] 
Episode: 721: [[-1.459172   -1.7381258  -1.0885261  -0.07222341 -1.94936    -1.3003612
   0.71526104 -2.1901472  -1.7926543   2.4118447  -2.0343451  -1.814229
  -0.23427464]] 
Episode: 722: [[-1.4593264  -1.7382004  -1.0883741  -0.07207895 -1.9494292  -1.3003684
   0.71535105 -2.1903048  -1.7927648   2.411727   -2.034404   -1.8143023
  -0.23430024]] 
Episode: 723: [[-1.4594933 -1.7382792 -1.0881926 -0.0718924 -1.9495112 -1.3003536
   0.7154551 -2.1905072 -1.7928848  2.411568  -2.0344722 -1.8144007
  -0.2343384]] 
Episode: 724: [[-1.4596552  -1.7383223  -1.0880313  -0.07171112 -1.9495441  -1.3003597
   0.71553165 -2.1906524  -1.793023    2.411413   -2.0345461  -1.8144654
  -0.23435093]] 
Episode: 725: [[-1.4597807  -1.7383533  -1.0878966  -0.07156205 -1.9495802  -1.3003331
   0.7155994  -2.1908112  -1.7931167   2.4112923  -2.0346253  -1.8145767
  -0.23441468]] 
Episode: 726: [[-1.4598503  -1.7383981  -1.0877924  -0.07145581 -1.9496437  -1.3003626
   0.7156484  -2.1909719  -1.7931932   2.4112065  -2.0346715  -1.8146635
  -0.23446307]] 
Episode: 727: [[-1.4599282  -1.7384616  -1.0877092  -0.07137142 -1.9497331  -1.3003834
   0.7156876  -2.1911159  -1.7932357   2.41115    -2.0346828  -1.8147264
  -0.23449649]] 
Episode: 728: [[-1.4599631  -1.7385668  -1.087673   -0.07135262 -1.9498838  -1.300341
   0.7157097  -2.191286   -1.7931626   2.4111688  -2.0346441  -1.814823
  -0.23457886]] 
Episode: 729: [[-1.4599859  -1.738674   -1.0876505  -0.07134227 -1.9500333  -1.3002703
   0.7157198  -2.1914532  -1.793068    2.4111996  -2.0346074  -1.8149301
  -0.23467231]] 
Episode: 730: [[-1.4600157  -1.7387735  -1.0876209  -0.07131975 -1.9501703  -1.3001922
   0.7157357  -2.1916084  -1.7929803   2.4112167  -2.0345833  -1.8150387
  -0.23476894]] 
Episode: 731: [[-1.4600323  -1.7388994  -1.087594   -0.07131069 -1.9503384  -1.3000746
   0.71576166 -2.1917853  -1.7928612   2.4112527  -2.0345738  -1.8151851
  -0.23491088]] 
Episode: 732: [[-1.4600639  -1.7389868  -1.087534   -0.07126621 -1.9504652  -1.299949
   0.7158271  -2.1919613  -1.7927972   2.4112434  -2.0346375  -1.8153676
  -0.23508647]] 
Episode: 733: [[-1.4600897  -1.7390949  -1.0875493  -0.07127254 -1.9505856  -1.2998574
   0.71579623 -2.1920817  -1.7926831   2.411308   -2.0346146  -1.815451
  -0.23517138]] 
Episode: 734: [[-1.4601245  -1.739185   -1.0875579  -0.07126874 -1.9506855  -1.2997748
   0.7157651  -2.1921911  -1.7925848   2.411361   -2.0346012  -1.8155313
  -0.23525138]] 
Episode: 735: [[-1.4601495  -1.7392792  -1.087572   -0.07127704 -1.9507918  -1.2996693
   0.71573716 -2.1922958  -1.7924722   2.4114256  -2.0345976  -1.8156244
  -0.23535018]] 
Episode: 736: [[-1.4601709  -1.739374   -1.0875969  -0.07129618 -1.9508946  -1.2995667
   0.7157123  -2.1923814  -1.7923611   2.411497   -2.0345862  -1.8156984
  -0.23543683]] 
Episode: 737: [[-1.4602053  -1.7394897  -1.0876005  -0.07129734 -1.9510138  -1.2994348
   0.71571946 -2.192473   -1.7922467   2.4115486  -2.0345995  -1.8157934
  -0.2355453 ]] 
Episode: 738: [[-1.4602743  -1.7395874  -1.0875612  -0.07124351 -1.9511054  -1.299253
   0.7157993  -2.1925774  -1.7921826   2.4115362  -2.0346882  -1.8159461
  -0.23570658]] 
Episode: 739: [[-1.4604058  -1.7396561  -1.0874443  -0.07110963 -1.9511874  -1.2991011
   0.7159176  -2.1927245  -1.7921809   2.4114442  -2.034818   -1.8161347
  -0.23588498]] 
Episode: 740: [[-1.4605587  -1.7397671  -1.0872872  -0.07095188 -1.9513001  -1.2989117
   0.716103   -2.192893   -1.7921977   2.4113204  -2.0349858  -1.8163599
  -0.23609859]] 
Episode: 741: [[-1.4607056  -1.7398664  -1.0871255  -0.07078965 -1.951397   -1.2987552
   0.7162895  -2.1930475  -1.7922407   2.4111829  -2.0351527  -1.8165632
  -0.2362863 ]] 
Episode: 742: [[-1.4609746  -1.7399675  -1.0868198  -0.0704941  -1.9515245  -1.2985526
   0.71657914 -2.1933055  -1.7923715   2.4109182  -2.0354261  -1.8168716
  -0.23655099]] 
Episode: 743: [[-1.4612491  -1.7400523  -1.0865197  -0.07020268 -1.9516279  -1.2983508
   0.7168521  -2.193538   -1.7925124   2.4106567  -2.0356987  -1.8171525
  -0.23678863]] 
Episode: 744: [[-1.4615308  -1.7400515  -1.086213   -0.06988128 -1.9516449  -1.2982292
   0.7171133  -2.1937225  -1.7927427   2.4103513  -2.0360029  -1.8174022
  -0.23696835]] 
Episode: 745: [[-1.4618305  -1.7400143  -1.0859848  -0.06960322 -1.951629   -1.2982178
   0.71724576 -2.1938744  -1.7929533   2.4101222  -2.0361722  -1.817539
  -0.23703384]] 
Episode: 746: [[-1.4620911  -1.7399788  -1.0857747  -0.06935315 -1.9516125  -1.2982162
   0.71738625 -2.1940076  -1.793159    2.4099085  -2.0363429  -1.8176727
  -0.2371073 ]] 
Episode: 747: [[-1.4622995  -1.7398984  -1.0855608  -0.06913003 -1.9515904  -1.2982258
   0.7175661  -2.1941583  -1.7933809   2.409691   -2.0365348  -1.8178353
  -0.23721537]] 
Episode: 748: [[-1.462493   -1.7398298  -1.0853516  -0.06891724 -1.9515753  -1.2982389
   0.71773446 -2.1943066  -1.7935984   2.4094827  -2.036716   -1.8179854
  -0.23731634]] 
Episode: 749: [[-1.4626755  -1.7397565  -1.0851494  -0.06870896 -1.9515319  -1.2982966
   0.71789163 -2.1944196  -1.7938399   2.409269   -2.0368824  -1.8180914
  -0.23736982]] 
Episode: 750: [[-1.4628386  -1.7396915  -1.0849694  -0.06852186 -1.951493   -1.2983516
   0.71802497 -2.1945198  -1.7940508   2.409077   -2.037018   -1.818176
  -0.2374061 ]] 
Episode: 751: [[-1.4629792  -1.7396203  -1.0848153  -0.06837197 -1.9514592  -1.298413
   0.71812195 -2.1946454  -1.7942352   2.4089293  -2.037138   -1.8182635
  -0.23744199]] 
Episode: 752: [[-1.4631046  -1.7395555  -1.0846844  -0.06824198 -1.9514111  -1.2985091
   0.71820056 -2.1947358  -1.7944236   2.4087996  -2.037237   -1.8183101
  -0.23744716]] 
Episode: 753: [[-1.4632375  -1.739474   -1.0845673  -0.06810865 -1.951342   -1.2985764
   0.7182758  -2.1948035  -1.7946092   2.4086697  -2.037345   -1.8183559
  -0.23745427]] 
Episode: 754: [[-1.4633397  -1.7394143  -1.0844693  -0.06800169 -1.9512969  -1.2986295
   0.71834743 -2.1948798  -1.7947583   2.4085658  -2.0374415  -1.8184135
  -0.23748048]] 
Episode: 755: [[-1.4636728  -1.7394737  -1.0841079  -0.06774224 -1.9514027  -1.298567
   0.71863955 -2.195184   -1.7950389   2.4083228  -2.0377407  -1.8186911
  -0.23768677]] 
Episode: 756: [[-1.4639525  -1.7395349  -1.0837816  -0.06751836 -1.9515128  -1.2984966
   0.71891534 -2.1954758  -1.7952778   2.4081087  -2.0380216  -1.8189617
  -0.2378991 ]] 
Episode: 757: [[-1.4641726  -1.7395446  -1.0835037  -0.06733012 -1.951572   -1.2985388
   0.7191893  -2.1957428  -1.7955471   2.4079092  -2.0382783  -1.8192066
  -0.23808526]] 
Episode: 758: [[-1.4643521  -1.7395396  -1.0832499  -0.06716184 -1.9516181  -1.2985908
   0.7194476  -2.1959994  -1.7958026   2.4077215  -2.0385218  -1.8194453
  -0.23826528]] 
Episode: 759: [[-1.4645132  -1.7395601  -1.0830181  -0.0670143  -1.9516857  -1.2986263
   0.71969277 -2.1962464  -1.7960259   2.4075577  -2.038746   -1.8196702
  -0.23843789]] 
Episode: 760: [[-1.4646722  -1.7395213  -1.0828196  -0.06687417 -1.9517256  -1.2986538
   0.7198872  -2.1964617  -1.7962193   2.4074097  -2.0389404  -1.8198678
  -0.23858568]] 
Episode: 761: [[-1.4647958  -1.7395092  -1.0826521  -0.06676967 -1.9517924  -1.2986506
   0.720061   -2.1966822  -1.7963603   2.407303   -2.0391185  -1.8200749
  -0.23874955]] 
Episode: 762: [[-1.4649137  -1.7394953  -1.0824971  -0.06666951 -1.9518473  -1.2986516
   0.72022814 -2.1968756  -1.7964973   2.4071987  -2.0392838  -1.8202598
  -0.23889613]] 
Episode: 763: [[-1.465027   -1.7394841  -1.0823482  -0.06656917 -1.9518894  -1.2986705
   0.72038513 -2.1970434  -1.7966472   2.407094   -2.0394464  -1.8204218
  -0.23902658]] 
Episode: 764: [[-1.4651242  -1.7394685  -1.0822291  -0.06649308 -1.9519268  -1.2986716
   0.72050756 -2.1972003  -1.7967646   2.4070234  -2.0395918  -1.8205785
  -0.23915894]] 
Episode: 765: [[-1.4652108  -1.7394618  -1.0821308  -0.06643256 -1.9519664  -1.2986679
   0.72061116 -2.1973372  -1.7968551   2.4069717  -2.0397117  -1.8207152
  -0.23927876]] 
Episode: 766: [[-1.4652969  -1.7394574  -1.0820365  -0.06637142 -1.9520054  -1.2986525
   0.7207146  -2.1974583  -1.796936    2.4069192  -2.039831   -1.820846
  -0.23939705]] 
Episode: 767: [[-1.4653873  -1.7394505  -1.0819402  -0.06629951 -1.9520252  -1.2986456
   0.7208088  -2.1975532  -1.7970312   2.4068544  -2.0399482  -1.8209516
  -0.23949084]] 
Episode: 768: [[-1.4654828  -1.7394313  -1.081853   -0.0662263  -1.9520262  -1.2986431
   0.7208852  -2.1976233  -1.7971253   2.406792   -2.0400577  -1.8210386
  -0.23956819]] 
Episode: 769: [[-1.4655544  -1.7394408  -1.0817839  -0.06616583 -1.9520097  -1.2987019
   0.72099006 -2.1976912  -1.7972662   2.4067316  -2.0401747  -1.8211203
  -0.23963082]] 
Episode: 770: [[-1.4656183  -1.7394646  -1.0817263  -0.06611751 -1.9520077  -1.2987446
   0.7210859  -2.197756   -1.7973784   2.406686   -2.0402708  -1.8211956
  -0.2396915 ]] 
Episode: 771: [[-1.4656838  -1.7395056  -1.081677   -0.06607606 -1.9520202  -1.2987584
   0.7211646  -2.1978173  -1.7974588   2.4066575  -2.0403545  -1.8212708
  -0.23975885]] 
Episode: 772: [[-1.465781   -1.7395612  -1.081583   -0.06597169 -1.9520234  -1.2986552
   0.7212383  -2.197921   -1.7975405   2.4065814  -2.0404954  -1.8214014
  -0.23986642]] 
Episode: 773: [[-1.4658724  -1.739602   -1.0814916  -0.06586765 -1.9520077  -1.298579
   0.72130764 -2.198002   -1.797643    2.4065006  -2.0406368  -1.8215166
  -0.23995887]] 
Episode: 774: [[-1.4659607  -1.7396562  -1.0814053  -0.06578345 -1.9520199  -1.2985053
   0.7213922  -2.1980927  -1.7977339   2.40644    -2.040772   -1.8216407
  -0.24006926]] 
Episode: 775: [[-1.4660181  -1.7397276  -1.0813389  -0.06572904 -1.9520518  -1.298451
   0.72146624 -2.1981812  -1.7977955   2.406405   -2.0408719  -1.8217508
  -0.2401726 ]] 
Episode: 776: [[-1.4660729  -1.7397872  -1.0812829  -0.06567901 -1.9520694  -1.2984264
   0.7215285  -2.1982453  -1.7978672   2.4063709  -2.040952   -1.8218268
  -0.24024434]] 
Episode: 777: [[-1.4662174  -1.7397792  -1.0810554  -0.06547172 -1.9521086  -1.2979516
   0.72147006 -2.1984763  -1.7977793   2.406216   -2.0411282  -1.8221109
  -0.24053621]] 
Episode: 778: [[-1.4663408  -1.7397816  -1.0808558  -0.06530511 -1.9521782  -1.2975034
   0.72141033 -2.198712   -1.7976546   2.4061005  -2.0412617  -1.8223773
  -0.24081475]] 
Episode: 779: [[-1.4664513  -1.7397949  -1.080673   -0.06515124 -1.9522302  -1.297119
   0.7213773  -2.198913   -1.7975769   2.4059875  -2.0413942  -1.8226162
  -0.24106568]] 
Episode: 780: [[-1.4665456  -1.7398313  -1.0805014  -0.06501769 -1.9523084  -1.2967557
   0.72136456 -2.1991155  -1.7974826   2.4058897  -2.041513   -1.8228498
  -0.24131481]] 
Episode: 781: [[-1.4666233  -1.7398516  -1.080383   -0.06491587 -1.9523458  -1.2964835
   0.7213123  -2.1992655  -1.7974153   2.4058275  -2.0415826  -1.8230139
  -0.24149208]] 
Episode: 782: [[-1.4666957  -1.7398953  -1.0802726  -0.06482393 -1.9523855  -1.2962486
   0.72127324 -2.1993926  -1.7973665   2.4057698  -2.0416453  -1.8231496
  -0.24164088]] 
Episode: 783: [[-1.466761   -1.739925   -1.0801941  -0.06475057 -1.9524095  -1.2960565
   0.72122407 -2.1994913  -1.7973217   2.405731   -2.041681   -1.8232528
  -0.24175559]] 
Episode: 784: [[-1.4668126  -1.7399777  -1.0801294  -0.06469803 -1.9524503  -1.2958913
   0.7211795  -2.1995814  -1.7972702   2.4057078  -2.0416932  -1.8233296
  -0.24184367]] 
Episode: 785: [[-1.4668639  -1.740051   -1.0800724  -0.0646493  -1.9524963  -1.2957566
   0.72113395 -2.19966    -1.7972319   2.40569    -2.0416903  -1.8233833
  -0.24190499]] 
Episode: 786: [[-1.4669226  -1.7400962  -1.0800107  -0.06458965 -1.9525186  -1.2956629
   0.72109926 -2.1997325  -1.7972338   2.405656   -2.0416946  -1.8234289
  -0.24195322]] 
Episode: 787: [[-1.4670678  -1.7401701  -1.0798545  -0.06444079 -1.9525844  -1.2955624
   0.7211424  -2.1998787  -1.7972922   2.4055412  -2.0417717  -1.8235421
  -0.24205205]] 
Episode: 788: [[-1.4672027  -1.7402452  -1.079715   -0.06430705 -1.9526529  -1.2954471
   0.7211727  -2.2000139  -1.7973213   2.4054468  -2.0418487  -1.82366
  -0.2421599 ]] 
Episode: 789: [[-1.4673296  -1.7403201  -1.0795994  -0.06419048 -1.952716   -1.2953287
   0.72118604 -2.2001333  -1.7973373   2.4053779  -2.041929   -1.8237759
  -0.24226789]] 
Episode: 790: [[-1.4674442  -1.7403895  -1.0795045  -0.06409155 -1.952768   -1.2952191
   0.72117966 -2.2002327  -1.7973461   2.4053338  -2.042017   -1.8238882
  -0.2423803 ]] 
Episode: 791: [[-1.4675583  -1.7404692  -1.0794162  -0.06399593 -1.9528222  -1.2951037
   0.72117996 -2.2003136  -1.7973481   2.4052916  -2.042102   -1.8239913
  -0.2424875 ]] 
Episode: 792: [[-1.467683   -1.7405577  -1.0793421  -0.06391019 -1.9528786  -1.2949826
   0.7211627  -2.200377   -1.7973273   2.4052694  -2.0421658  -1.824083
  -0.24258436]] 
Episode: 793: [[-1.4677913  -1.7406352  -1.0792593  -0.06382044 -1.9529227  -1.2948807
   0.7211605  -2.2004354  -1.7973347   2.4052308  -2.0422447  -1.8241754
  -0.24268088]] 
Episode: 794: [[-1.4679005  -1.7407006  -1.0791863  -0.06373364 -1.9529492  -1.2948023
   0.72115356 -2.2004664  -1.7973588   2.4051912  -2.042311   -1.8242372
  -0.24274753]] 
Episode: 795: [[-1.4680947  -1.7407603  -1.0790534  -0.06356096 -1.9529543  -1.2946682
   0.7212111  -2.2005026  -1.7974187   2.4050705  -2.0424418  -1.8243517
  -0.24285203]] 
Episode: 796: [[-1.4682624  -1.7408086  -1.078927   -0.06340504 -1.952946   -1.2945951
   0.72128683 -2.2005107  -1.7975473   2.4049435  -2.0425787  -1.8244138
  -0.24290712]] 
Episode: 797: [[-1.468397   -1.7408785  -1.0788223  -0.06328342 -1.9529626  -1.2945216
   0.7213561  -2.2005277  -1.7976394   2.404851   -2.0426993  -1.824481
  -0.242977  ]] 
Episode: 798: [[-1.4685284  -1.7409298  -1.0786303  -0.06312122 -1.9530072  -1.2944248
   0.72156656 -2.2006354  -1.7977874   2.4046757  -2.0429134  -1.8246558
  -0.24315402]] 
Episode: 799: [[-1.4686254  -1.7410135  -1.0784689  -0.0630042  -1.953094   -1.2943251
   0.72176677 -2.2007587  -1.7978787   2.4045482  -2.043088   -1.824832
  -0.24334069]] 
Episode: 800: [[-1.4687182  -1.7410749  -1.0783143  -0.06288574 -1.9531577  -1.2942485
   0.721947   -2.2008781  -1.7979816   2.4044182  -2.0432458  -1.8249893
  -0.24350177]] 
Episode: 801: [[-1.4688075  -1.7411397  -1.0781692  -0.06277372 -1.9532202  -1.2941748
   0.7221095  -2.2009861  -1.7980696   2.404297   -2.0433862  -1.8251296
  -0.24364418]] 
Episode: 802: [[-1.4688568  -1.7412417  -1.07806    -0.06270429 -1.9533026  -1.2941815
   0.72226584 -2.2010846  -1.7981817   2.4042108  -2.0434818  -1.8252206
  -0.24373527]] 
Episode: 803: [[-1.4689115  -1.7413551  -1.0779741  -0.06264391 -1.9533832  -1.2941697
   0.72239065 -2.201156   -1.7982527   2.4041457  -2.0435472  -1.8252921
  -0.2438095 ]] 
Episode: 804: [[-1.468994   -1.741454   -1.0778672  -0.06255364 -1.9534506  -1.2941083
   0.72247195 -2.201244   -1.798295    2.4040663  -2.0436065  -1.8253695
  -0.24388231]] 
Episode: 805: [[-1.4690101  -1.7415612  -1.0777692  -0.06252534 -1.9535536  -1.2941247
   0.72257465 -2.201367   -1.7983614   2.4040213  -2.0436401  -1.82543
  -0.24394329]] 
Episode: 806: [[-1.4690152  -1.7416806  -1.0776864  -0.0625131  -1.9536688  -1.2941203
   0.72267175 -2.2014968  -1.798389    2.4039967  -2.0436625  -1.8255026
  -0.2440193 ]] 
Episode: 807: [[-1.4690032  -1.7418009  -1.0776186  -0.06251956 -1.9537936  -1.2941151
   0.72276485 -2.2016282  -1.7983942   2.403989   -2.043672   -1.825575
  -0.24409825]] 
Episode: 808: [[-1.4690183  -1.741895   -1.0775484  -0.0625031  -1.9538825  -1.2941226
   0.7228364  -2.2017307  -1.7984291   2.403963   -2.0436811  -1.8256145
  -0.24413522]] 
Episode: 809: [[-1.4690317  -1.7419684  -1.077496   -0.06248948 -1.9539453  -1.2941562
   0.722876   -2.201815   -1.7984799   2.4039435  -2.0436728  -1.8256192
  -0.24413386]] 
Episode: 810: [[-1.4689882  -1.7420766  -1.0774814  -0.06255139 -1.9540532  -1.2942426
   0.72291315 -2.201915   -1.7985191   2.4039924  -2.0436366  -1.8256037
  -0.24412471]] 
Episode: 811: [[-1.4689412  -1.742173   -1.0774798  -0.06262021 -1.9541459  -1.294373
   0.7229488  -2.2020016  -1.7985853   2.4040425  -2.043583   -1.825557
  -0.2440794 ]] 
Episode: 812: [[-1.4689109  -1.7422259  -1.0774871  -0.06267764 -1.954198   -1.2945089
   0.7229411  -2.202073   -1.7986722   2.404094   -2.0435326  -1.8255024
  -0.24401098]] 
Episode: 813: [[-1.4688892  -1.7422842  -1.0774933  -0.06272721 -1.9542559  -1.2946048
   0.72293144 -2.2021453  -1.7987266   2.4041467  -2.0434926  -1.8254728
  -0.24397351]] 
Episode: 814: [[-1.4688703  -1.7423476  -1.0774968  -0.06277184 -1.9543163  -1.2946842
   0.7229275  -2.2022111  -1.7987714   2.4041944  -2.0434575  -1.8254483
  -0.24394369]] 
Episode: 815: [[-1.4688586  -1.7424067  -1.0775211  -0.06282719 -1.9543713  -1.2947837
   0.72290266 -2.2022848  -1.7988194   2.4042642  -2.0433965  -1.8254108
  -0.24390036]] 
Episode: 816: [[-1.4688369  -1.7424728  -1.0775428  -0.06288747 -1.9544331  -1.2948589
   0.72290397 -2.2023473  -1.7988605   2.4043317  -2.0433605  -1.8253907
  -0.2438847 ]] 
Episode: 817: [[-1.4688387  -1.7425386  -1.077531   -0.06290863 -1.9544896  -1.2949117
   0.72293586 -2.202414   -1.798932    2.404362   -2.0433788  -1.8254075
  -0.2439116 ]] 
Episode: 818: [[-1.4688463  -1.7425947  -1.0775039  -0.06291854 -1.9545332  -1.2950096
   0.7229737  -2.2024858  -1.799054    2.4043763  -2.043405   -1.8254113
  -0.24392132]] 
Episode: 819: [[-1.4688348  -1.7426499  -1.0774822  -0.06294283 -1.9545882  -1.2951093
   0.7230017  -2.202574   -1.7991649   2.4044044  -2.0434272  -1.8254193
  -0.24393897]] 
Episode: 820: [[-1.4688107  -1.7427214  -1.0774846  -0.06299055 -1.9546434  -1.2952396
   0.723023   -2.2026308  -1.7992705   2.4044526  -2.043416   -1.8253901
  -0.24392296]] 
Episode: 821: [[-1.4687787  -1.7428062  -1.0774804  -0.0630349  -1.9547154  -1.2953485
   0.72305924 -2.202706   -1.7993587   2.4044945  -2.0434165  -1.8253808
  -0.24392805]] 
Episode: 822: [[-1.4687531  -1.7428848  -1.0774765  -0.06307296 -1.9547749  -1.2954564
   0.72308964 -2.2027683  -1.79944     2.4045312  -2.0434113  -1.8253675
  -0.24392715]] 
Episode: 823: [[-1.4687368  -1.7429693  -1.0774534  -0.06309412 -1.9548409  -1.2955372
   0.7231319  -2.2028403  -1.7995117   2.4045537  -2.0434353  -1.8253831
  -0.24395792]] 
Episode: 824: [[-1.4687345  -1.7431298  -1.0774279  -0.06312273 -1.9549481  -1.2955977
   0.7231697  -2.2029157  -1.7995586   2.4045951  -2.0434446  -1.8253826
  -0.24397428]] 
Episode: 825: [[-1.4687438  -1.7432754  -1.0773939  -0.06314473 -1.9550463  -1.2956864
   0.723209   -2.20298    -1.7996305   2.4046247  -2.043445   -1.8253579
  -0.24396245]] 
Episode: 826: [[-1.4687365  -1.7434398  -1.077412   -0.06323806 -1.9551708  -1.2958165
   0.723182   -2.2030373  -1.7996521   2.4047427  -2.0433617  -1.8252789
  -0.24390773]] 
Episode: 827: [[-1.4687526  -1.7435696  -1.0774285  -0.06330794 -1.955258   -1.2959261
   0.7231387  -2.2030795  -1.7996807   2.4048443  -2.0432875  -1.8252001
  -0.24384816]] 
Episode: 828: [[-1.4687809  -1.7436708  -1.0774317  -0.06335377 -1.9553183  -1.2960339
   0.72309846 -2.2031064  -1.7997222   2.4049177  -2.0432234  -1.8251218
  -0.24378584]] 
Episode: 829: [[-1.4687945  -1.7437598  -1.077444   -0.06340876 -1.9553719  -1.2961391
   0.723052   -2.2031283  -1.7997583   2.4049993  -2.0431628  -1.8250511
  -0.24373336]] 
Episode: 830: [[-1.4688102  -1.743833   -1.0774525  -0.06344919 -1.9554005  -1.2962407
   0.7230082  -2.203132   -1.7998126   2.4050634  -2.0431216  -1.8249804
  -0.24368162]] 
Episode: 831: [[-1.4688368  -1.7438942  -1.0774654  -0.06348163 -1.9554161  -1.2963243
   0.7229503  -2.2031314  -1.7998524   2.4051266  -2.0430825  -1.824915
  -0.24363016]] 
Episode: 832: [[-1.4688734  -1.7439462  -1.0774773  -0.06350293 -1.9554154  -1.2964079
   0.7228918  -2.2031133  -1.7999018   2.405179   -2.043047   -1.8248432
  -0.24357055]] 
Episode: 833: [[-1.468888   -1.7440012  -1.0774802  -0.06350699 -1.9554179  -1.2964165
   0.7228104  -2.2031214  -1.7999102   2.4052184  -2.0430288  -1.8248057
  -0.24354632]] 
Episode: 834: [[-1.4689052  -1.7440516  -1.0774864  -0.06352016 -1.9554359  -1.2964052
   0.72273463 -2.2031405  -1.7998978   2.4052682  -2.0430079  -1.8247782
  -0.24353756]] 
Episode: 835: [[-1.4689208  -1.744115   -1.077491   -0.06353655 -1.9554719  -1.296377
   0.7226715  -2.2031717  -1.7998695   2.4053216  -2.0429933  -1.8247696
  -0.24354707]] 
Episode: 836: [[-1.4689351  -1.7441794  -1.0775013  -0.06356113 -1.9555179  -1.2963426
   0.72260684 -2.203213   -1.7998371   2.4053848  -2.0429826  -1.8247637
  -0.2435549 ]] 
Episode: 837: [[-1.4689462  -1.7442352  -1.0775223  -0.06359139 -1.9555603  -1.296297
   0.72254235 -2.2032454  -1.7997873   2.4054544  -2.0429697  -1.8247639
  -0.24357297]] 
Episode: 838: [[-1.4689639  -1.7442926  -1.0775309  -0.06360818 -1.9555981  -1.2962607
   0.7224935  -2.2032719  -1.7997589   2.405505   -2.0429666  -1.8247606
  -0.24358438]] 
Episode: 839: [[-1.4690028  -1.7443439  -1.0775363  -0.06360575 -1.9556121  -1.2962191
   0.72245586 -2.2032688  -1.7997422   2.4055364  -2.0429716  -1.8247542
  -0.24358964]] 
Episode: 840: [[-1.4690373  -1.7444122  -1.0775398  -0.06360317 -1.9556403  -1.2961689
   0.7224246  -2.2032716  -1.7997174   2.4055676  -2.042981   -1.824756
  -0.24360247]] 
Episode: 841: [[-1.4690597  -1.7444793  -1.0775341  -0.06359788 -1.9556595  -1.2961504
   0.7224134  -2.2032707  -1.7997247   2.405581   -2.0429947  -1.8247445
  -0.24359874]] 
Episode: 842: [[-1.4690819  -1.7445785  -1.0775176  -0.06361056 -1.9557163  -1.2961613
   0.7224251  -2.2032866  -1.7997485   2.40561    -2.0430071  -1.824737
  -0.24360372]] 
Episode: 843: [[-1.4691098  -1.7446741  -1.0774968  -0.06361422 -1.9557699  -1.2961657
   0.7224294  -2.203297   -1.7997731   2.4056327  -2.0430226  -1.8247249
  -0.24360658]] 
Episode: 844: [[-1.4691354  -1.744785   -1.0774832  -0.06362554 -1.9558419  -1.2961535
   0.722425   -2.2033195  -1.7997627   2.4056704  -2.0430195  -1.8247265
  -0.24362291]] 
Episode: 845: [[-1.4691495  -1.7449011  -1.077479   -0.06364775 -1.9559244  -1.2961462
   0.7224109  -2.2033544  -1.7997403   2.4057198  -2.0429976  -1.8247259
  -0.24363406]] 
Episode: 846: [[-1.4691826  -1.7449927  -1.0774629  -0.06364152 -1.9559658  -1.2961528
   0.72240335 -2.203357   -1.7997649   2.4057357  -2.043004   -1.8247055
  -0.24362198]] 
Episode: 847: [[-1.4692453  -1.7450905  -1.0774182  -0.06359754 -1.9560283  -1.2960414
   0.72235805 -2.203413   -1.7997121   2.4057405  -2.0430145  -1.8247448
  -0.24366784]] 
Episode: 848: [[-1.4693193  -1.7451618  -1.0773656  -0.06353989 -1.9560592  -1.2959524
   0.7223266  -2.203441   -1.799701    2.4057224  -2.0430431  -1.8247633
  -0.24369411]] 
Episode: 849: [[-1.4693649  -1.7452495  -1.0773609  -0.06351088 -1.9560828  -1.2958868
   0.7222836  -2.2034464  -1.7996768   2.4057324  -2.0430386  -1.8247516
  -0.24369243]] 
Episode: 850: [[-1.4693738  -1.7454153  -1.0773563  -0.06351503 -1.9561785  -1.2958415
   0.72224504 -2.2034829  -1.7996317   2.405769   -2.0429997  -1.8247203
  -0.24367523]] 
Episode: 851: [[-1.4694067  -1.7455406  -1.07735    -0.06349666 -1.9562155  -1.2958384
   0.7222113  -2.203466   -1.7996633   2.405774   -2.0429778  -1.8246379
  -0.24360193]] 
Episode: 852: [[-1.4694391  -1.7456651  -1.0773398  -0.06347571 -1.9562545  -1.2958298
   0.7221891  -2.203445   -1.7996936   2.4057744  -2.042967   -1.8245646
  -0.24354225]] 
Episode: 853: [[-1.4694486  -1.7457793  -1.0773587  -0.06349901 -1.9562824  -1.2959036
   0.7221244  -2.203442   -1.7997329   2.4058247  -2.0428915  -1.8244588
  -0.24345542]] 
Episode: 854: [[-1.4694611  -1.7458788  -1.0773772  -0.06352314 -1.9563042  -1.2959901
   0.72205603 -2.2034476  -1.7997824   2.405877   -2.042822   -1.8243592
  -0.24336658]] 
Episode: 855: [[-1.4694823  -1.7459728  -1.0773913  -0.06354918 -1.9563348  -1.2960672
   0.72198653 -2.2034674  -1.7998234   2.4059339  -2.0427556  -1.8242686
  -0.24327986]] 
Episode: 856: [[-1.4695057  -1.7460722  -1.0773791  -0.06355972 -1.9563764  -1.2961619
   0.7219521  -2.2035215  -1.7998945   2.40597    -2.0427182  -1.824212
  -0.24322641]] 
Episode: 857: [[-1.4695492  -1.7461867  -1.0773573  -0.06355952 -1.9564242  -1.2962346
   0.7219349  -2.2035708  -1.7999611   2.4060006  -2.0427113  -1.8241721
  -0.243191  ]] 
Episode: 858: [[-1.4696054  -1.7462803  -1.0773162  -0.06353075 -1.9564434  -1.296303
   0.7219369  -2.2036157  -1.8000609   2.4059966  -2.0427358  -1.8241447
  -0.24316213]] 
Episode: 859: [[-1.4696676  -1.7463939  -1.0772682  -0.06349318 -1.9564816  -1.2963264
   0.7219637  -2.2036517  -1.8001335   2.405982   -2.042774   -1.8241382
  -0.24315909]] 
Episode: 860: [[-1.4697375  -1.7465     -1.0772215  -0.06345345 -1.9565274  -1.2963308
   0.72198063 -2.203703   -1.8001829   2.405973   -2.0428085  -1.8241491
  -0.24316715]] 
Episode: 861: [[-1.469806   -1.7466075  -1.0771886  -0.063426   -1.95658    -1.2963208
   0.72198546 -2.2037492  -1.8002002   2.4059808  -2.0428295  -1.824159
  -0.24317552]] 
Episode: 862: [[-1.4698862  -1.7466956  -1.0771617  -0.06338876 -1.9566048  -1.2962767
   0.7219774  -2.203775   -1.800202    2.405989   -2.0428758  -1.8241891
  -0.24320658]] 
Episode: 863: [[-1.4698981  -1.7468476  -1.0771629  -0.06342127 -1.9567258  -1.2961869
   0.7219817  -2.2038524  -1.8001028   2.4060674  -2.0429037  -1.8242742
  -0.24331751]] 
Episode: 864: [[-1.4698993  -1.7469971  -1.0771787  -0.0634682  -1.956847   -1.296098
   0.72197497 -2.2039144  -1.7999872   2.4061592  -2.0429182  -1.8243454
  -0.24341834]] 
Episode: 865: [[-1.4698801  -1.7471663  -1.0771948  -0.06352549 -1.95698    -1.2960229
   0.7219975  -2.2039778  -1.7998911   2.406251   -2.042948   -1.824421
  -0.24353121]] 
Episode: 866: [[-1.4698561  -1.7473241  -1.0772231  -0.06359049 -1.957108   -1.2959386
   0.7220008  -2.2040453  -1.7997706   2.406356   -2.0429633  -1.8245068
  -0.24364899]] 
Episode: 867: [[-1.4698426  -1.7474595  -1.0772399  -0.06363882 -1.9572163  -1.2958587
   0.72200537 -2.2041047  -1.7996682   2.4064398  -2.0429845  -1.824585
  -0.24375345]] 
Episode: 868: [[-1.4698086  -1.7476008  -1.0772372  -0.06368011 -1.9573241  -1.2958065
   0.7220553  -2.204181   -1.7996057   2.4064977  -2.0430324  -1.8246822
  -0.24387571]] 
Episode: 869: [[-1.469792   -1.7477119  -1.0772218  -0.06369593 -1.9574     -1.2957771
   0.72211057 -2.2042375  -1.7995913   2.4065225  -2.0430875  -1.8247519
  -0.24396499]] 
Episode: 870: [[-1.4697788  -1.747802   -1.0772052  -0.0637092  -1.957458   -1.2957734
   0.7221686  -2.2042856  -1.7996005   2.406539   -2.0431397  -1.8248076
  -0.24403667]] 
Episode: 871: [[-1.4697745  -1.7478797  -1.0771774  -0.06371068 -1.9574982  -1.2957791
   0.722237   -2.2043254  -1.7996364   2.4065394  -2.0432029  -1.8248621
  -0.24410595]] 
Episode: 872: [[-1.4697644  -1.7479697  -1.0771551  -0.06371839 -1.9575564  -1.2957492
   0.72230184 -2.2043796  -1.7996349   2.4065511  -2.0432682  -1.8249377
  -0.24419646]] 
Episode: 873: [[-1.4697503  -1.7480367  -1.0771406  -0.06372197 -1.9575908  -1.2957247
   0.7223542  -2.2044222  -1.7996405   2.4065595  -2.0433393  -1.8250105
  -0.24428217]] 
Episode: 874: [[-1.4697676  -1.7480453  -1.0770103  -0.06366324 -1.9575832  -1.2956942
   0.72251153 -2.2045372  -1.7997605   2.4064682  -2.043524   -1.8251638
  -0.24443594]] 
Episode: 875: [[-1.4697913  -1.7480536  -1.0768865  -0.06360466 -1.9575745  -1.2956704
   0.7226586  -2.204645   -1.7998691   2.4063811  -2.0436947  -1.8253069
  -0.24457833]] 
Episode: 876: [[-1.4697813  -1.7481118  -1.0767814  -0.06357665 -1.9576116  -1.2956144
   0.7228125  -2.2047684  -1.7999288   2.4063258  -2.043871   -1.8254769
  -0.24474768]] 
Episode: 877: [[-1.4697704  -1.7481635  -1.0766909  -0.06356091 -1.9576516  -1.295585
   0.72295713 -2.2048812  -1.7999966   2.4062853  -2.0440338  -1.8256276
  -0.24489999]] 
Episode: 878: [[-1.4697564  -1.7482239  -1.0766078  -0.06355227 -1.957702   -1.2955693
   0.72309774 -2.2049885  -1.8000585   2.4062514  -2.044176   -1.8257608
  -0.24503835]] 
Episode: 879: [[-1.4697815  -1.7482963  -1.0765245  -0.06352191 -1.9577553  -1.2955134
   0.72321665 -2.205089   -1.8000877   2.4062169  -2.0443165  -1.8258963
  -0.2451762 ]] 
Episode: 880: [[-1.4698013  -1.7483664  -1.0764482  -0.06349535 -1.9578086  -1.2954632
   0.7233303  -2.2051778  -1.8001227   2.4061847  -2.0444522  -1.8260131
  -0.245303  ]] 
Episode: 881: [[-1.4697791  -1.7484057  -1.0764022  -0.06352843 -1.9578574  -1.2955563
   0.72345585 -2.2052577  -1.8002268   2.4061844  -2.044532   -1.826063
  -0.2453576 ]] 
Episode: 882: [[-1.4697585  -1.7484466  -1.0763673  -0.06356318 -1.9579055  -1.2956451
   0.7235711  -2.2053263  -1.8003126   2.4061887  -2.044588   -1.8261019
  -0.24540295]] 
Episode: 883: [[-1.4697345  -1.7485421  -1.076319   -0.06360168 -1.9579881  -1.2957501
   0.7237212  -2.2053998  -1.8004061   2.4061923  -2.0446508  -1.8261501
  -0.24546036]] 
Episode: 884: [[-1.469729   -1.7486285  -1.0762616  -0.06362325 -1.9580745  -1.2958479
   0.72386193 -2.205483   -1.8004881   2.4061854  -2.0447042  -1.8262008
  -0.24551727]] 
Episode: 885: [[-1.4697205  -1.7487073  -1.0762123  -0.06364394 -1.958148   -1.2959386
   0.7239883  -2.2055516  -1.800564    2.4061794  -2.0447538  -1.8262421
  -0.24556589]] 
Episode: 886: [[-1.469721   -1.7487829  -1.0761628  -0.06365584 -1.9582126  -1.2960259
   0.72411025 -2.2056077  -1.8006387   2.4061654  -2.0447943  -1.8262724
  -0.24560271]] 
Episode: 887: [[-1.4697363  -1.7489429  -1.076063   -0.06362475 -1.9583313  -1.2960821
   0.7242797  -2.2057066  -1.8007196   2.4061072  -2.0448587  -1.8263342
  -0.2456688 ]] 
Episode: 888: [[-1.4697498  -1.7491006  -1.0759847  -0.06360947 -1.9584566  -1.2961084
   0.72442883 -2.2058032  -1.8007567   2.4060752  -2.044908   -1.8264061
  -0.24574791]] 
Episode: 889: [[-1.4697943  -1.7492383  -1.0758878  -0.06356344 -1.9585657  -1.2961284
   0.7245829  -2.2059007  -1.8008047   2.406015   -2.0449667  -1.8264815
  -0.24582233]] 
Episode: 890: [[-1.4697992  -1.7493745  -1.0758041  -0.06354504 -1.9586769  -1.2962078
   0.72475594 -2.205988   -1.8008798   2.4059622  -2.0450115  -1.8265342
  -0.2458786 ]] 
Episode: 891: [[-1.4697874  -1.749514   -1.0757425  -0.06354313 -1.9587897  -1.2962964
   0.7249284  -2.2060673  -1.8009529   2.4059262  -2.045049   -1.8265841
  -0.24593717]] 
Episode: 892: [[-1.4697481  -1.7496507  -1.0756927  -0.06356017 -1.9589013  -1.2964112
   0.72511214 -2.2061357  -1.8010414   2.4058957  -2.045086   -1.8266215
  -0.24598263]] 
Episode: 893: [[-1.469726   -1.7497731  -1.0756521  -0.06357391 -1.9589971  -1.296511
   0.72526634 -2.2061827  -1.8011117   2.405871   -2.0451     -1.826638
  -0.24600911]] 
Episode: 894: [[-1.4697114  -1.749893   -1.0756218  -0.06359091 -1.9590907  -1.2966044
   0.72540414 -2.2062163  -1.8011674   2.4058552  -2.0450954  -1.8266398
  -0.24602331]] 
Episode: 895: [[-1.4697016  -1.7499875  -1.075581   -0.06359541 -1.9591675  -1.2966874
   0.7255403  -2.2062597  -1.8012431   2.405827   -2.0451195  -1.8266554
  -0.24604708]] 
Episode: 896: [[-1.4696912  -1.7500806  -1.0755597  -0.06361756 -1.9592506  -1.296761
   0.7256515  -2.2062967  -1.8012906   2.4058251  -2.0451186  -1.8266596
  -0.24606404]] 
Episode: 897: [[-1.4696865  -1.7501723  -1.0755386  -0.06363583 -1.9593334  -1.2968194
   0.7257655  -2.2063317  -1.8013293   2.4058218  -2.0451262  -1.8266724
  -0.24609064]] 
Episode: 898: [[-1.4696736  -1.7502751  -1.0755223  -0.06365875 -1.9594197  -1.2968892
   0.7258866  -2.2063613  -1.8013779   2.4058213  -2.045138   -1.8266839
  -0.24611737]] 
Episode: 899: [[-1.4696397  -1.7504026  -1.0755022  -0.06368878 -1.9595295  -1.296941
   0.72602385 -2.2064157  -1.8014147   2.405823   -2.0451643  -1.826717
  -0.24616735]] 
Episode: 900: [[-1.4696195  -1.750524   -1.075483   -0.06371217 -1.959623   -1.2970041
   0.72614044 -2.2064488  -1.8014557   2.4058232  -2.04518    -1.8267283
  -0.2461927 ]] 
Episode: 901: [[-1.4696114  -1.7506436  -1.0754546  -0.06372025 -1.9597112  -1.2970483
   0.7262558  -2.2064857  -1.8014947   2.4058118  -2.0451992  -1.8267483
  -0.24622533]] 
Episode: 902: [[-1.4695976  -1.7507592  -1.0754321  -0.06373369 -1.9597977  -1.2970959
   0.72636616 -2.2065141  -1.8015324   2.4058037  -2.0452132  -1.8267565
  -0.24624947]] 
Episode: 903: [[-1.4695777  -1.7509406  -1.075424   -0.06377519 -1.959952   -1.2970692
   0.72643864 -2.2065852  -1.8014883   2.4058592  -2.0452306  -1.8268232
  -0.24634415]] 
Episode: 904: [[-1.4695587  -1.7511308  -1.075406   -0.06381127 -1.9601127  -1.297035
   0.72652227 -2.206661   -1.8014455   2.405909   -2.0452666  -1.8269007
  -0.24645561]] 
Episode: 905: [[-1.469537   -1.7513053  -1.0753777  -0.06383871 -1.9602723  -1.2969828
   0.7266166  -2.2067564  -1.8013945   2.4059458  -2.0453184  -1.8270047
  -0.24658526]] 
Episode: 906: [[-1.469525   -1.7514641  -1.0753539  -0.06385912 -1.9604112  -1.2969329
   0.7267027  -2.2068286  -1.8013482   2.4059758  -2.045366   -1.8270929
  -0.24669772]] 
Episode: 907: [[-1.4695182  -1.7516085  -1.0753264  -0.06387272 -1.9605359  -1.2968746
   0.7267926  -2.206891   -1.8013012   2.405999   -2.0454254  -1.8271878
  -0.24682285]] 
Episode: 908: [[-1.4695147  -1.7517183  -1.0753     -0.06387269 -1.9606183  -1.2968816
   0.72687393 -2.2069426  -1.8013171   2.4059985  -2.045462   -1.8272401
  -0.24688801]] 
Episode: 909: [[-1.469541   -1.7517952  -1.0752828  -0.06385734 -1.9606636  -1.2968955
   0.7269264  -2.206967   -1.8013394   2.4059918  -2.0454824  -1.8272653
  -0.2469173 ]] 
Episode: 910: [[-1.4695759  -1.7518667  -1.0752594  -0.06383099 -1.9606953  -1.2969012
   0.7269756  -2.2069802  -1.8013606   2.405973   -2.0455022  -1.8272842
  -0.24693683]] 
Episode: 911: [[-1.4696236  -1.7519553  -1.0752349  -0.06380006 -1.9607494  -1.2968743
   0.72701955 -2.207015   -1.8013448   2.4059653  -2.0455294  -1.8273386
  -0.24699162]] 
Episode: 912: [[-1.469644   -1.7520623  -1.0752167  -0.0637915  -1.9608333  -1.2968326
   0.72706866 -2.2070694  -1.8012955   2.4059784  -2.045559   -1.8274157
  -0.2470777 ]] 
Episode: 913: [[-1.4696817  -1.752171   -1.0751796  -0.06376363 -1.9609269  -1.2967643
   0.72713935 -2.2071388  -1.80125     2.4059706  -2.045605   -1.8275094
  -0.24717619]] 
Episode: 914: [[-1.4697433  -1.7522418  -1.0751712  -0.06374522 -1.9609914  -1.296731
   0.7271419  -2.207184   -1.8011975   2.4059887  -2.0455916  -1.8275427
  -0.24720895]] 
Episode: 915: [[-1.469803   -1.752308   -1.0751662  -0.06372902 -1.9610484  -1.2967103
   0.72714525 -2.2072115  -1.801151    2.406004   -2.045567   -1.827559
  -0.2472255 ]] 
Episode: 916: [[-1.4698457  -1.7523835  -1.0751672  -0.06372551 -1.9611138  -1.2966888
   0.72714496 -2.207241   -1.8010951   2.4060297  -2.045537   -1.8275746
  -0.24724488]] 
Episode: 917: [[-1.4698904  -1.752424   -1.075169   -0.06371528 -1.9611562  -1.2966669
   0.7271349  -2.2072783  -1.8010468   2.406052   -2.0455198  -1.8276055
  -0.24727863]] 
Episode: 918: [[-1.4699335  -1.7524582  -1.0751776  -0.0637086  -1.9611958  -1.2966322
   0.72711444 -2.207317   -1.800979    2.40608    -2.0454926  -1.827638
  -0.24731107]] 
Episode: 919: [[-1.4699646  -1.7525041  -1.0752025  -0.06372381 -1.9612559  -1.2965776
   0.7270858  -2.2073648  -1.8008809   2.4061356  -2.0454593  -1.8276786
  -0.2473614 ]] 
Episode: 920: [[-1.4700015  -1.752553   -1.0752306  -0.06374839 -1.961325   -1.2965103
   0.7270653  -2.2074037  -1.8007686   2.406202   -2.045428   -1.8277224
  -0.24742542]] 
Episode: 921: [[-1.4700038  -1.7526425  -1.0752677  -0.0638041  -1.9614446  -1.2964194
   0.7270497  -2.2074792  -1.8006097   2.4063017  -2.045392   -1.8278
  -0.24753208]] 
Episode: 922: [[-1.4700167  -1.7527069  -1.0752984  -0.06384214 -1.961526   -1.2963526
   0.7270318  -2.2075236  -1.8004949   2.4063745  -2.0453577  -1.827842
  -0.24759391]] 
Episode: 923: [[-1.4700005  -1.7528244  -1.0753186  -0.06390105 -1.9616506  -1.2963212
   0.7270562  -2.207591   -1.8003992   2.406449   -2.0453146  -1.8278743
  -0.2476492 ]] 
Episode: 924: [[-1.4699945  -1.7529258  -1.0753422  -0.06395459 -1.9617583  -1.2962698
   0.72706956 -2.207652   -1.800296    2.4065242  -2.0452795  -1.8279176
  -0.24770877]] 
Episode: 925: [[-1.4700148  -1.7529969  -1.0753584  -0.06398352 -1.9618225  -1.2962517
   0.7270664  -2.2076862  -1.8002398   2.4065769  -2.0452416  -1.8279309
  -0.24772927]] 
Episode: 926: [[-1.4700321  -1.7530603  -1.075378   -0.0640121  -1.9618677  -1.2962633
   0.727062   -2.2076936  -1.8002107   2.4066226  -2.045196   -1.827915
  -0.24772331]] 
Episode: 927: [[-1.470069   -1.7531214  -1.0753827  -0.06401893 -1.9619004  -1.2962688
   0.7270476  -2.207693   -1.8001941   2.4066505  -2.045157   -1.8278899
  -0.247702  ]] 
Episode: 928: [[-1.4700933  -1.7532021  -1.0754063  -0.06406475 -1.9619789  -1.2963145
   0.72703785 -2.2077177  -1.8001636   2.4067163  -2.0450776  -1.8278457
  -0.24766795]] 
Episode: 929: [[-1.4701071  -1.7533281  -1.0754502  -0.06414112 -1.9620934  -1.2963895
   0.72702086 -2.2077334  -1.8001156   2.406817   -2.044967   -1.827777
  -0.24761367]] 
Episode: 930: [[-1.4701024  -1.7534448  -1.0755093  -0.06423736 -1.9621966  -1.2964909
   0.7269979  -2.2077303  -1.8000757   2.4069312  -2.0448513  -1.8276917
  -0.2475432 ]] 
Episode: 931: [[-1.470103   -1.7536125  -1.0755451  -0.06432182 -1.9623353  -1.2966082
   0.72701013 -2.2077484  -1.8000503   2.4070275  -2.0447352  -1.8276086
  -0.24746887]] 
Episode: 932: [[-1.4701034  -1.7537717  -1.0755728  -0.06439932 -1.9624709  -1.2967165
   0.7270401  -2.2077694  -1.8000314   2.4071116  -2.0446398  -1.827539
  -0.24741   ]] 
Episode: 933: [[-1.4701221  -1.7539229  -1.0755858  -0.06445443 -1.9626     -1.2967812
   0.7270705  -2.2077894  -1.800001    2.4071796  -2.0445738  -1.8274914
  -0.2473728 ]] 
Episode: 934: [[-1.4701576  -1.7540742  -1.0755956  -0.06449864 -1.9627277  -1.2967978
   0.72708344 -2.2078357  -1.7999542   2.4072535  -2.0445285  -1.827476
  -0.24736388]] 
Episode: 935: [[-1.4702004  -1.7542164  -1.0755895  -0.0645254  -1.9628419  -1.2968237
   0.7271046  -2.2078803  -1.7999345   2.4073045  -2.0444944  -1.8274554
  -0.24734564]] 
Episode: 936: [[-1.4702209  -1.7543683  -1.0755991  -0.06457853 -1.9629707  -1.2968792
   0.72709936 -2.2079294  -1.7999148   2.40738    -2.0444207  -1.8274025
  -0.24729331]] 
Episode: 937: [[-1.4702475  -1.75452    -1.0756077  -0.06463223 -1.9630927  -1.2969463
   0.72710687 -2.207974   -1.7999016   2.407454   -2.044351   -1.8273524
  -0.24724092]] 
Episode: 938: [[-1.4702507  -1.7546862  -1.0756273  -0.06471315 -1.9632297  -1.2970513
   0.7271472  -2.2080202  -1.7999085   2.4075387  -2.0442686  -1.8272866
  -0.24717657]] 
Episode: 939: [[-1.4703014  -1.7548178  -1.0756166  -0.06474037 -1.9633214  -1.297133
   0.7271807  -2.208054   -1.7999438   2.4075787  -2.0442228  -1.8272316
  -0.24711348]] 
Episode: 940: [[-1.4703612  -1.7549304  -1.0755953  -0.06474989 -1.9633988  -1.2972107
   0.72722584 -2.2080839  -1.7999942   2.4075963  -2.0441945  -1.8271806
  -0.24705082]] 
Episode: 941: [[-1.4704298  -1.7550236  -1.0755656  -0.06473842 -1.9634444  -1.2972885
   0.72727454 -2.2080898  -1.8000757   2.40759    -2.0441892  -1.8271242
  -0.24698219]] 
Episode: 942: [[-1.4705266  -1.7551367  -1.075539   -0.0647348  -1.963478   -1.2974503
   0.7273024  -2.2080395  -1.8002157   2.4075959  -2.044157   -1.8269972
  -0.24683283]] 
Episode: 943: [[-1.4706169  -1.7552483  -1.0755072  -0.06472903 -1.9635174  -1.2975966
   0.7273464  -2.2080033  -1.8003452   2.4075959  -2.0441327  -1.826893
  -0.24670944]] 
Episode: 944: [[-1.470703   -1.7553428  -1.0754769  -0.06472383 -1.9635541  -1.297724
   0.72738934 -2.207974   -1.8004644   2.4075959  -2.0441127  -1.8268012
  -0.24660045]] 
Episode: 945: [[-1.4707837  -1.7554386  -1.0754551  -0.06472526 -1.9635901  -1.2978489
   0.7274205  -2.207948   -1.8005728   2.4076083  -2.044092   -1.8267158
  -0.24650091]] 
Episode: 946: [[-1.4708512  -1.7555355  -1.0754387  -0.0647334  -1.9636353  -1.2979579
   0.72745556 -2.2079308  -1.8006595   2.4076252  -2.0440722  -1.826642
  -0.24641664]] 
Episode: 947: [[-1.4709291  -1.7555828  -1.0754188  -0.0647153  -1.963629   -1.298065
   0.7274727  -2.2079058  -1.8007711   2.4076185  -2.0440743  -1.8265735
  -0.24632883]] 
Episode: 948: [[-1.4709924  -1.7556508  -1.0753986  -0.06470507 -1.963655   -1.2981213
   0.7274999  -2.2079058  -1.80083     2.4076211  -2.0440798  -1.826545
  -0.24628419]] 
Episode: 949: [[-1.4710504  -1.7557209  -1.0753776  -0.06469721 -1.9636908  -1.2981734
   0.7275167  -2.2079244  -1.8008772   2.4076304  -2.0440776  -1.8265262
  -0.24625063]] 
Episode: 950: [[-1.4710977  -1.7557917  -1.0753576  -0.06469355 -1.9637322  -1.298203
   0.7275412  -2.2079458  -1.8009062   2.4076416  -2.0440881  -1.8265224
  -0.24623907]] 
Episode: 951: [[-1.4711244  -1.7558798  -1.0753458  -0.06470686 -1.9638102  -1.2981935
   0.72756714 -2.2079952  -1.8008715   2.4076722  -2.0440862  -1.8265526
  -0.24626558]] 
Episode: 952: [[-1.4711484  -1.7559873  -1.0753458  -0.06473358 -1.9639188  -1.2981478
   0.72758275 -2.2080626  -1.8007876   2.407729   -2.0440743  -1.8266091
  -0.24632455]] 
Episode: 953: [[-1.4711671  -1.7560889  -1.0753379  -0.06475429 -1.9640206  -1.29811
   0.7276158  -2.2081223  -1.8007201   2.4077697  -2.0440736  -1.8266615
  -0.24638183]] 
Episode: 954: [[-1.4712065  -1.7561568  -1.0753139  -0.06474296 -1.9640771  -1.2980754
   0.7276469  -2.2081554  -1.800694    2.4077764  -2.044102   -1.8267034
  -0.24642481]] 
Episode: 955: [[-1.4712783  -1.7561945  -1.0752832  -0.06470841 -1.9641006  -1.2980559
   0.7276607  -2.2081804  -1.8006861   2.4077666  -2.0441208  -1.8267297
  -0.24644454]] 
Episode: 956: [[-1.4713464  -1.7562193  -1.0752344  -0.06466431 -1.9641278  -1.298024
   0.72770953 -2.2082279  -1.8006955   2.407737   -2.0441678  -1.8267848
  -0.24649471]] 
Episode: 957: [[-1.47142    -1.7562629  -1.0751528  -0.06460077 -1.9641659  -1.2979577
   0.7278258  -2.2082932  -1.8007312   2.407675   -2.0442681  -1.8268851
  -0.24659576]] 
Episode: 958: [[-1.471488   -1.75632    -1.0750754  -0.06454854 -1.9642166  -1.2978903
   0.72793806 -2.2083545  -1.8007531   2.4076242  -2.04436    -1.8269762
  -0.24669124]] 
Episode: 959: [[-1.4715384  -1.7563976  -1.075009   -0.06451561 -1.9642885  -1.2978381
   0.7280455  -2.2084122  -1.8007673   2.407592   -2.0444381  -1.8270562
  -0.24678144]] 
Episode: 960: [[-1.4716226  -1.7564441  -1.0749083  -0.06444459 -1.9643562  -1.2977678
   0.7281967  -2.2084997  -1.8008105   2.407518   -2.044554   -1.8271755
  -0.24690558]] 
Episode: 961: [[-1.4716921  -1.756498   -1.0748204  -0.06438874 -1.9644314  -1.2976887
   0.7283384  -2.2085834  -1.8008364   2.4074602  -2.044668   -1.827294
  -0.24703266]] 
Episode: 962: [[-1.4717275  -1.7565674  -1.0747458  -0.06436056 -1.9645193  -1.2976316
   0.72847414 -2.2086658  -1.8008609   2.407422   -2.0447626  -1.8273953
  -0.24714741]] 
Episode: 963: [[-1.4717629  -1.7566487  -1.0746709  -0.06433646 -1.9646267  -1.2975519
   0.7286105  -2.2087636  -1.8008549   2.4073932  -2.0448594  -1.8275168
  -0.24728334]] 
Episode: 964: [[-1.4717824  -1.7567321  -1.0746182  -0.06435011 -1.9647421  -1.2975693
   0.72877324 -2.2088265  -1.8008878   2.4073834  -2.044938   -1.8275881
  -0.24736476]] 
Episode: 965: [[-1.4718283  -1.756786   -1.0745499  -0.06432854 -1.9648259  -1.2975487
   0.72892135 -2.2088876  -1.8009181   2.4073484  -2.0450444  -1.8276774
  -0.24746272]] 
Episode: 966: [[-1.4718406  -1.7568613  -1.0745031  -0.06433503 -1.9649347  -1.2974912
   0.7290561  -2.2089834  -1.8009051   2.4073443  -2.0451355  -1.8277842
  -0.2475822 ]] 
Episode: 967: [[-1.47184    -1.756943   -1.0744662  -0.06434839 -1.9650425  -1.297443
   0.7291836  -2.2090719  -1.8008969   2.407346   -2.0452209  -1.8278782
  -0.24769178]] 
Episode: 968: [[-1.4718357  -1.7570646  -1.0744497  -0.06439535 -1.9651862  -1.2974336
   0.729297   -2.209158   -1.8008701   2.4073853  -2.0452538  -1.8279338
  -0.24776223]] 
Episode: 969: [[-1.4718494  -1.7572247  -1.0744048  -0.06441232 -1.965343   -1.2973963
   0.72944653 -2.209264   -1.8008583   2.4073951  -2.045319   -1.8280193
  -0.24785793]] 
Episode: 970: [[-1.4718697  -1.7573617  -1.0743594  -0.06441744 -1.9654756  -1.2973508
   0.7295842  -2.2093608  -1.8008475   2.407397   -2.0453954  -1.8281127
  -0.24795836]] 
Episode: 971: [[-1.4718891  -1.7574799  -1.074325   -0.06442717 -1.9655951  -1.2973244
   0.72970617 -2.2094488  -1.8008426   2.407404   -2.045457   -1.8281876
  -0.24803829]] 
Episode: 972: [[-1.4719044  -1.7575628  -1.0742736  -0.06441692 -1.965679   -1.2973293
   0.7298498  -2.2095459  -1.8008868   2.4073794  -2.0455418  -1.8282746
  -0.24812979]] 
Episode: 973: [[-1.4720672  -1.7577883  -1.0740767  -0.06429319 -1.9658973  -1.2972875
   0.73011965 -2.2097778  -1.8009835   2.407268   -2.045721   -1.8284601
  -0.24830346]] 
Episode: 974: [[-1.4724274  -1.7581717  -1.0736203  -0.06401533 -1.9663036  -1.2972261
   0.73060346 -2.2102454  -1.8012259   2.4070137  -2.0460916  -1.8288468
  -0.24863935]] 
Episode: 975: [[-1.4726882  -1.7585464  -1.0732323  -0.06381653 -1.9667066  -1.2972136
   0.7310705  -2.2107077  -1.8014596   2.4068174  -2.0464067  -1.8291999
  -0.24895668]] 
Episode: 976: [[-1.4729413  -1.7588781  -1.0728902  -0.06364022 -1.967066   -1.2971832
   0.7314515  -2.2111278  -1.8016468   2.4066665  -2.0466866  -1.8295262
  -0.24925482]] 
Episode: 977: [[-1.473195   -1.7591665  -1.0725727  -0.06346019 -1.9673746  -1.2971395
   0.7317923  -2.2114966  -1.8018167   2.4065142  -2.046951   -1.8298178
  -0.2495192 ]] 
Episode: 978: [[-1.4734198  -1.7594436  -1.0722865  -0.06329688 -1.9676518  -1.2971108
   0.732095   -2.2118196  -1.8019875   2.4063756  -2.0471897  -1.8300647
  -0.24974145]] 
Episode: 979: [[-1.4738162  -1.7597035  -1.0719198  -0.06299765 -1.9678924  -1.2970506
   0.7323306  -2.212155   -1.8021834   2.4061608  -2.0474403  -1.8303059
  -0.24993032]] 
Episode: 980: [[-1.4741447  -1.7599641  -1.0716017  -0.06276112 -1.9681541  -1.2969784
   0.73254573 -2.2124872  -1.802312    2.4059992  -2.0476532  -1.8305357
  -0.25012094]] 
Episode: 981: [[-1.4744599  -1.7602571  -1.0713394  -0.06256139 -1.9684502  -1.2969157
   0.73272914 -2.212808   -1.8023984   2.4058907  -2.0478072  -1.8307291
  -0.2502794 ]] 
Episode: 982: [[-1.4747397  -1.7605336  -1.0711118  -0.06240172 -1.9687351  -1.2968491
   0.7329086  -2.2131054  -1.8024622   2.4058135  -2.047948   -1.8309116
  -0.2504386 ]] 
Episode: 983: [[-1.4750086  -1.7607793  -1.0708796  -0.06222075 -1.9689689  -1.2968053
   0.7330785  -2.213372   -1.8025674   2.4057012  -2.0480957  -1.8310682
  -0.250561  ]] 
Episode: 984: [[-1.4752508  -1.7610052  -1.0706741  -0.06206795 -1.9691993  -1.2967576
   0.73322475 -2.2136278  -1.8026419   2.405616   -2.0482209  -1.8312155
  -0.25068083]] 
Episode: 985: [[-1.4754694  -1.7612221  -1.0704972  -0.06193783 -1.9694178  -1.2967035
   0.7333502  -2.213859   -1.8026943   2.4055526  -2.048328   -1.8313475
  -0.2507894 ]] 
Episode: 986: [[-1.4756527  -1.7614253  -1.0703233  -0.06181994 -1.9696221  -1.2966585
   0.73348725 -2.2140787  -1.8027549   2.405481   -2.0484383  -1.8314734
  -0.25089273]] 
Episode: 987: [[-1.4758317  -1.7615951  -1.0701581  -0.06169345 -1.9697777  -1.2966415
   0.73361087 -2.2142484  -1.802853    2.405391   -2.0485454  -1.8315569
  -0.25095028]] 
Episode: 988: [[-1.4760087  -1.7617486  -1.0699992  -0.06156269 -1.9699066  -1.2966341
   0.7337099  -2.214399   -1.8029581   2.4052994  -2.048644   -1.8316246
  -0.25099233]] 
Episode: 989: [[-1.4761772  -1.7619061  -1.0698559  -0.06145281 -1.9700391  -1.2966361
   0.7337932  -2.21455    -1.8030617   2.4052308  -2.0487206  -1.8316727
  -0.25101566]] 
Episode: 990: [[-1.4763296  -1.7620497  -1.0697215  -0.06134883 -1.9701596  -1.2966361
   0.7338756  -2.2146916  -1.8031638   2.4051614  -2.0487936  -1.8317169
  -0.2510382 ]] 
Episode: 991: [[-1.4764477  -1.762214   -1.0695916  -0.06126613 -1.9703     -1.2966769
   0.7339697  -2.2148333  -1.8032672   2.4051     -2.0488508  -1.8317523
  -0.25105375]] 
Episode: 992: [[-1.4766037  -1.7623463  -1.0693574  -0.06107888 -1.9704506  -1.2967213
   0.7341625  -2.2150595  -1.8034533   2.404913   -2.049005   -1.8318884
  -0.25115147]] 
Episode: 993: [[-1.4767712  -1.7624272  -1.0691314  -0.0608754  -1.9705325  -1.2967819
   0.7343333  -2.2152288  -1.8036865   2.4047046  -2.049168   -1.8319786
  -0.25119925]] 
Episode: 994: [[-1.4769276  -1.7624955  -1.068929   -0.0606908  -1.9706014  -1.296827
   0.7344811  -2.2153764  -1.8038924   2.4045193  -2.049318   -1.8320594
  -0.25124523]] 
Episode: 995: [[-1.4770736  -1.7625631  -1.0687526  -0.06052567 -1.9706609  -1.2968776
   0.7346115  -2.215495   -1.8040905   2.404356   -2.0494509  -1.8321168
  -0.2512733 ]] 
Episode: 996: [[-1.4772215  -1.762604   -1.0685797  -0.06035491 -1.9706923  -1.2969007
   0.7347288  -2.2156053  -1.804279    2.4041882  -2.0496063  -1.8321792
  -0.2513018 ]] 
Episode: 997: [[-1.4773737  -1.7626157  -1.0684133  -0.06017433 -1.9706893  -1.2969093
   0.734835   -2.2156944  -1.8044652   2.4040134  -2.049772   -1.8322475
  -0.25133774]] 
Episode: 998: [[-1.4775143  -1.7626343  -1.0682619  -0.06000897 -1.9706925  -1.2969251
   0.73493123 -2.2157686  -1.8046333   2.4038522  -2.049913   -1.8322959
  -0.2513564 ]] 
Episode: 999: [[-1.4776251  -1.7626675  -1.068132   -0.05987743 -1.9707185  -1.2969322
   0.7350259  -2.2158432  -1.8047605   2.4037237  -2.050038   -1.8323519
  -0.25139472]] 
Episode: 1000: [[-1.4777501  -1.7627217  -1.0680305  -0.05975355 -1.9707575  -1.2969099
   0.73509544 -2.2159135  -1.8048503   2.403622   -2.0501392  -1.8323967
  -0.25142244]] 
Episode: 1001: [[-1.4778532  -1.7627842  -1.0679445  -0.05965626 -1.9708165  -1.2968718
   0.7351609  -2.2159905  -1.804901    2.403549   -2.0502305  -1.8324559
  -0.25147718]] 
Episode: 1002: [[-1.4779577  -1.7628412  -1.067866   -0.05956623 -1.9708701  -1.2968308
   0.735216   -2.2160642  -1.8049389   2.4034886  -2.0503201  -1.8325185
  -0.25153828]] 
Episode: 1003: [[-1.4780662  -1.7628617  -1.067773   -0.05946019 -1.9709096  -1.2968034
   0.7352828  -2.2161512  -1.8049952   2.403405   -2.0504172  -1.8325937
  -0.2516075 ]] 
Episode: 1004: [[-1.478153   -1.7628978  -1.067683   -0.05936994 -1.9709688  -1.296768
   0.7353575  -2.2162466  -1.8050299   2.4033322  -2.050511   -1.8326806
  -0.25169504]] 
Episode: 1005: [[-1.4782054  -1.7629582  -1.0676094  -0.05931324 -1.9710512  -1.2967227
   0.73543227 -2.216348   -1.8050379   2.403292   -2.0505981  -1.8327818
  -0.25180808]] 
Episode: 1006: [[-1.4782736  -1.7630124  -1.0675545  -0.05926917 -1.9711404  -1.2966481
   0.7354895  -2.216442   -1.805015    2.4032767  -2.0506694  -1.8328778
  -0.25191963]] 
Episode: 1007: [[-1.4783257  -1.7630687  -1.0675135  -0.05924785 -1.9712377  -1.2965983
   0.73555464 -2.2165287  -1.8049895   2.4032755  -2.0507193  -1.8329568
  -0.25201657]] 
Episode: 1008: [[-1.4783815  -1.7631269  -1.067474   -0.05922825 -1.9713372  -1.2965387
   0.735617   -2.2166076  -1.8049542   2.4032772  -2.0507624  -1.8330312
  -0.25211176]] 
Episode: 1009: [[-1.4784449  -1.7631731  -1.0674365  -0.05920709 -1.9714261  -1.296484
   0.73567235 -2.2166781  -1.8049244   2.4032784  -2.0508008  -1.8330948
  -0.25219473]] 
Episode: 1010: [[-1.4784952  -1.7632245  -1.0674088  -0.05919904 -1.9715203  -1.2964207
   0.7357237  -2.2167442  -1.8048766   2.4032927  -2.0508325  -1.8331593
  -0.2522859 ]] 
Episode: 1011: [[-1.4785596  -1.7632966  -1.0673608  -0.05917848 -1.9716256  -1.296373
   0.73578304 -2.2168221  -1.8048445   2.403295   -2.0508683  -1.8332229
  -0.25236997]] 
Episode: 1012: [[-1.4786303  -1.7633857  -1.0673183  -0.05916023 -1.9717506  -1.296318
   0.73584616 -2.21691    -1.8048059   2.4033039  -2.050894   -1.8332856
  -0.2524491 ]] 
Episode: 1013: [[-1.478711   -1.7634367  -1.0672582  -0.05911096 -1.9718325  -1.2962695
   0.7359257  -2.2169843  -1.8048193   2.4032724  -2.0509593  -1.8333526
  -0.2525294 ]] 
Episode: 1014: [[-1.4787737  -1.7634962  -1.0672042  -0.05907748 -1.9719231  -1.2962135
   0.7360112  -2.2170622  -1.8048235   2.4032533  -2.0510323  -1.8334287
  -0.25262412]] 
Episode: 1015: [[-1.4788839  -1.7634592  -1.0671458  -0.0589921  -1.9719158  -1.2961234
   0.73607606 -2.2171278  -1.80487     2.4031982  -2.0511672  -1.8335367
  -0.25274107]] 
Episode: 1016: [[-1.4790003  -1.7634299  -1.0670782  -0.0589001  -1.9719051  -1.2960458
   0.73614424 -2.217181   -1.8049338   2.4031317  -2.051295   -1.8336228
  -0.25283644]] 
Episode: 1017: [[-1.4791309  -1.7633762  -1.0670418  -0.05881989 -1.9718723  -1.29599
   0.73616046 -2.2172053  -1.8049957   2.403094   -2.0513847  -1.8336725
  -0.25289026]] 
Episode: 1018: [[-1.4792371  -1.7633262  -1.0670013  -0.05874887 -1.9718369  -1.2960007
   0.73621243 -2.217228   -1.8051053   2.4030404  -2.0514662  -1.833701
  -0.2529138 ]] 
Episode: 1019: [[-1.4792949  -1.7632865  -1.0669822  -0.05873295 -1.9718283  -1.2960304
   0.736285   -2.2172608  -1.8052046   2.4030254  -2.0515382  -1.8337303
  -0.25294858]] 
Episode: 1020: [[-1.4793564  -1.7632732  -1.066955   -0.0587132  -1.9718299  -1.2960407
   0.736363   -2.2172873  -1.8052893   2.4030077  -2.0516179  -1.8337642
  -0.25299007]] 
Episode: 1021: [[-1.4793931  -1.763299   -1.0669456  -0.0587254  -1.9718614  -1.2960526
   0.73642415 -2.217317   -1.8053472   2.4030294  -2.051689   -1.8337975
  -0.2530386 ]] 
Episode: 1022: [[-1.4794259  -1.7633233  -1.0669413  -0.05873962 -1.9718926  -1.296054
   0.7364765  -2.2173414  -1.8053907   2.403055   -2.0517533  -1.8338294
  -0.25308788]] 
Episode: 1023: [[-1.4794703  -1.7633841  -1.0669081  -0.05874206 -1.9719684  -1.296034
   0.73656654 -2.2174022  -1.8054376   2.4030664  -2.0518405  -1.8338921
  -0.25316626]] 
Episode: 1024: [[-1.4795165  -1.7634652  -1.0668762  -0.05872878 -1.9720485  -1.2960144
   0.7366428  -2.2174466  -1.8054671   2.4030652  -2.0518959  -1.8339373
  -0.25322542]] 
Episode: 1025: [[-1.4795625  -1.7635357  -1.0668511  -0.05871487 -1.9721124  -1.2960011
   0.7367056  -2.2174754  -1.8054962   2.4030647  -2.0519445  -1.833971
  -0.25327232]] 
Episode: 1026: [[-1.4795893  -1.763515   -1.0669098  -0.05875424 -1.9721444  -1.2959996
   0.736637   -2.2174754  -1.8054498   2.4031405  -2.051895   -1.8339268
  -0.25323504]] 
Episode: 1027: [[-1.4796338  -1.7634715  -1.0669656  -0.05877825 -1.9721439  -1.2959957
   0.7365774  -2.2174475  -1.8054179   2.4031992  -2.0518615  -1.8338829
  -0.25319633]] 
Episode: 1028: [[-1.4796735  -1.7634456  -1.0670149  -0.05880369 -1.9721599  -1.2959902
   0.73652977 -2.217428   -1.8053802   2.4032576  -2.051831   -1.8338515
  -0.25317198]] 
Episode: 1029: [[-1.4797004  -1.7633873  -1.0670869  -0.05882926 -1.9721569  -1.2959888
   0.7364715  -2.2174003  -1.8053366   2.403316   -2.0517933  -1.8338223
  -0.2531455 ]] 
Episode: 1030: [[-1.4797628  -1.7633661  -1.0671214  -0.05881707 -1.9721814  -1.295924
   0.7364534  -2.217396   -1.8052877   2.4033418  -2.0517936  -1.8338381
  -0.25316498]] 
Episode: 1031: [[-1.479797   -1.7633665  -1.0671653  -0.05883222 -1.9722232  -1.2958856
   0.73645175 -2.217388   -1.8052408   2.4033823  -2.0517797  -1.8338407
  -0.2531759 ]] 
Episode: 1032: [[-1.4797949  -1.7634119  -1.0672343  -0.05889107 -1.9723079  -1.2958316
   0.7364496  -2.217398   -1.8051445   2.4034648  -2.0517385  -1.8338412
  -0.2531941 ]] 
Episode: 1033: [[-1.4798092  -1.7634416  -1.0672857  -0.05892425 -1.9723601  -1.2958144
   0.73643625 -2.2173994  -1.8050885   2.4035168  -2.051685   -1.8338122
  -0.2531673 ]] 
Episode: 1034: [[-1.4798529  -1.7634497  -1.0673314  -0.0589408  -1.9724225  -1.2958046
   0.73640335 -2.2174213  -1.8050243   2.4035633  -2.051607   -1.8337764
  -0.2531232 ]] 
Episode: 1035: [[-1.4798994  -1.7634654  -1.0673659  -0.05894716 -1.9724737  -1.2957977
   0.7363854  -2.2174323  -1.8049853   2.4035947  -2.051552   -1.8337386
  -0.2530816 ]] 
Episode: 1036: [[-1.4799381  -1.7634866  -1.067406   -0.05896676 -1.9725273  -1.2957987
   0.7363723  -2.2174351  -1.8049498   2.4036367  -2.0515013  -1.8336934
  -0.2530391 ]] 
Episode: 1037: [[-1.480023   -1.7634485  -1.0674341  -0.05894204 -1.9725126  -1.2958009
   0.7363103  -2.217409   -1.8049552   2.4036508  -2.0514698  -1.8336266
  -0.25296476]] 
Episode: 1038: [[-1.4801173  -1.7634126  -1.0674232  -0.05888303 -1.9725125  -1.2958163
   0.7362623  -2.2174275  -1.8049815   2.4036286  -2.051453   -1.8335847
  -0.25290847]] 
Episode: 1039: [[-1.4802032  -1.7633582  -1.0674077  -0.05881958 -1.9724934  -1.2958306
   0.7362139  -2.2174437  -1.8050216   2.4035988  -2.051456   -1.8335534
  -0.25286624]] 
Episode: 1040: [[-1.4802746  -1.7633027  -1.0673954  -0.05877063 -1.9724743  -1.2958674
   0.73617506 -2.2174554  -1.8050795   2.403572   -2.0514522  -1.8335056
  -0.25280666]] 
Episode: 1041: [[-1.4803383  -1.7632453  -1.0673767  -0.05871848 -1.972448   -1.2959039
   0.73614496 -2.2174637  -1.8051425   2.403537   -2.05146    -1.8334665
  -0.25275886]] 
Episode: 1042: [[-1.4803948  -1.763178   -1.0673573  -0.05866038 -1.9723986  -1.2959645
   0.73612314 -2.2174566  -1.8052555   2.4034848  -2.051484   -1.8334031
  -0.2526824 ]] 
Episode: 1043: [[-1.4804482  -1.763117   -1.0673306  -0.05860277 -1.9723566  -1.2960175
   0.7361081  -2.2174592  -1.8053594   2.4034312  -2.051511   -1.8333524
  -0.25261956]] 
Episode: 1044: [[-1.4805014  -1.7630639  -1.0673074  -0.05855329 -1.9723126  -1.2960925
   0.7360906  -2.2174606  -1.8054794   2.403386   -2.0515318  -1.8332894
  -0.25254235]] 
Episode: 1045: [[-1.48055    -1.7630165  -1.0672749  -0.05849735 -1.9722677  -1.2961612
   0.736093   -2.2174668  -1.8056074   2.4033258  -2.051561   -1.8332334
  -0.2524705 ]] 
Episode: 1046: [[-1.4806037  -1.762978   -1.0672393  -0.05844019 -1.9722276  -1.2962271
   0.73608935 -2.217478   -1.8057321   2.403266   -2.0515802  -1.8331743
  -0.25238764]] 
Episode: 1047: [[-1.4806312  -1.7629615  -1.0672115  -0.05839778 -1.9722023  -1.2962818
   0.7360867  -2.2174916  -1.8058368   2.4032223  -2.0516145  -1.8331388
  -0.25233474]] 
Episode: 1048: [[-1.4806613  -1.7629578  -1.0671868  -0.05836288 -1.9721926  -1.2963191
   0.7360861  -2.2175112  -1.805921    2.4031892  -2.0516422  -1.8331094
  -0.25228846]] 
Episode: 1049: [[-1.4806907  -1.7629452  -1.0671705  -0.05832952 -1.9721725  -1.2963387
   0.73606914 -2.2175264  -1.8059801   2.403164   -2.0516653  -1.8330885
  -0.25225142]] 
Episode: 1050: [[-1.4808518  -1.7627231  -1.067123   -0.05819022 -1.9720353  -1.2963555
   0.7359338  -2.2175705  -1.8060704   2.40308    -2.0516782  -1.8330598
  -0.2521761 ]] 
Episode: 1051: [[-1.4809833  -1.7625362  -1.0671053  -0.0581064  -1.9719324  -1.2963905
   0.73579144 -2.2176323  -1.8061383   2.403055   -2.0516522  -1.8330296
  -0.25210246]] 
Episode: 1052: [[-1.4811115  -1.7623706  -1.0670927  -0.05803277 -1.9718412  -1.2964104
   0.73565215 -2.217689   -1.8061881   2.403042   -2.0516229  -1.8330017
  -0.2520367 ]] 
Episode: 1053: [[-1.4812018  -1.7621825  -1.067109   -0.05798843 -1.971753   -1.2964717
   0.73553264 -2.2177625  -1.8062454   2.4030466  -2.0515866  -1.8329809
  -0.25198373]] 
Episode: 1054: [[-1.4812733  -1.7620555  -1.0671297  -0.05797024 -1.9717132  -1.2965178
   0.73542446 -2.2178376  -1.8062606   2.4030755  -2.0515337  -1.8329607
  -0.25193766]] 
Episode: 1055: [[-1.4813342  -1.7619597  -1.0671455  -0.0579552  -1.9716779  -1.2965809
   0.7353337  -2.2178962  -1.8062855   2.4030967  -2.0514705  -1.8329254
  -0.25187656]] 
Episode: 1056: [[-1.4814016  -1.7618966  -1.0671607  -0.05794055 -1.9716665  -1.296603
   0.73524463 -2.217959   -1.8062689   2.4031286  -2.0514119  -1.832915
  -0.25184318]] 
Episode: 1057: [[-1.4814427  -1.7618514  -1.0671867  -0.05794585 -1.971664   -1.2966411
   0.7351784  -2.2180088  -1.806265    2.4031694  -2.051362   -1.832902
  -0.2518139 ]] 
Episode: 1058: [[-1.4814996  -1.7617929  -1.0671973  -0.05792642 -1.9716299  -1.2966985
   0.7351202  -2.2180324  -1.806304    2.4031773  -2.0513248  -1.8328661
  -0.25175563]] 
Episode: 1059: [[-1.4815345  -1.7617675  -1.0672113  -0.05792478 -1.9716285  -1.2967308
   0.7350763  -2.2180684  -1.8063045   2.4032013  -2.0512915  -1.8328563
  -0.25173137]] 
Episode: 1060: [[-1.4815845  -1.7617333  -1.0672176  -0.05790761 -1.9716045  -1.2967769
   0.73503417 -2.2180798  -1.8063307   2.4032083  -2.0512638  -1.83283
  -0.25169066]] 
Episode: 1061: [[-1.4816327  -1.7617056  -1.067231   -0.05790214 -1.9715748  -1.296811
   0.7349962  -2.2180831  -1.8063678   2.4032323  -2.0512712  -1.8328141
  -0.25167343]] 
Episode: 1062: [[-1.4816953  -1.7616844  -1.0672228  -0.05786903 -1.9715335  -1.2968516
   0.7349839  -2.2180762  -1.8064396   2.4032207  -2.0513003  -1.8327944
  -0.25164956]] 
Episode: 1063: [[-1.481735   -1.7616897  -1.0672108  -0.05784878 -1.9715322  -1.2968895
   0.73499274 -2.218097   -1.8064938   2.403211   -2.0513172  -1.832781
  -0.25163195]] 
Episode: 1064: [[-1.4817959  -1.7617086  -1.0671045  -0.05776597 -1.9715486  -1.2969052
   0.7351005  -2.2181575  -1.8066045   2.4031043  -2.051413   -1.8328143
  -0.2516555 ]] 
Episode: 1065: [[-1.4818624  -1.7617198  -1.0670012  -0.05767585 -1.9715526  -1.2969129
   0.7352015  -2.218206   -1.8067139   2.4029937  -2.0515153  -1.8328474
  -0.25167844]] 
Episode: 1066: [[-1.4819024  -1.7617695  -1.0669097  -0.05760993 -1.9715878  -1.2969223
   0.73531085 -2.2182593  -1.8068012   2.4029045  -2.0516095  -1.8328836
  -0.25171086]] 
Episode: 1067: [[-1.4819449  -1.761813   -1.0668263  -0.05754815 -1.9716172  -1.296946
   0.73541814 -2.2183032  -1.8068953   2.402819   -2.0516918  -1.8329065
  -0.25172848]] 
Episode: 1068: [[-1.4820021  -1.7618356  -1.0667309  -0.05746793 -1.9716245  -1.2969713
   0.73552316 -2.2183344  -1.8070037   2.4027123  -2.0517821  -1.8329195
  -0.25173253]] 
Episode: 1069: [[-1.4820628  -1.7618653  -1.066646   -0.05739784 -1.9716378  -1.2969947
   0.73561543 -2.2183561  -1.807091    2.4026225  -2.0518515  -1.832924
  -0.25173306]] 
Episode: 1070: [[-1.4820946  -1.7619231  -1.0665805  -0.0573594  -1.9716803  -1.2970198
   0.7357004  -2.218394   -1.8071522   2.4025671  -2.0519001  -1.8329359
  -0.25174537]] 
Episode: 1071: [[-1.4821197  -1.7619814  -1.0665284  -0.05733677 -1.971723   -1.2970625
   0.7357725  -2.218431   -1.807211    2.40253    -2.051929   -1.8329364
  -0.2517458 ]] 
Episode: 1072: [[-1.482151   -1.7620316  -1.0664763  -0.05731141 -1.9717599  -1.29711
   0.73583984 -2.2184594  -1.8072773   2.4024885  -2.0519493  -1.8329195
  -0.25172684]] 
Episode: 1073: [[-1.482201  -1.7620518 -1.0664214 -0.0572717 -1.9717607 -1.2971469
   0.7359061 -2.2184637 -1.8073533  2.4024389 -2.05199   -1.8329171
  -0.2517341]] 
Episode: 1074: [[-1.4822303  -1.7621042  -1.0663799  -0.05725631 -1.9717962  -1.2972097
   0.7359707  -2.218479   -1.8074108   2.4024088  -2.051988   -1.8328902
  -0.25171468]] 
Episode: 1075: [[-1.482247   -1.7621706  -1.0663643  -0.05726914 -1.9718494  -1.2972597
   0.7360084  -2.2184935  -1.8074235   2.4024184  -2.0519516  -1.8328651
  -0.25169986]] 
Episode: 1076: [[-1.4822496  -1.7622536  -1.0663837  -0.05731573 -1.97193    -1.2973369
   0.7360213  -2.218507   -1.8074113   2.4024704  -2.0518706  -1.8328143
  -0.2516584 ]] 
Episode: 1077: [[-1.4822375  -1.7622938  -1.0663993  -0.0573626  -1.9719894  -1.2974186
   0.73605514 -2.2185476  -1.8074248   2.4025095  -2.05182    -1.8327959
  -0.25163537]] 
Episode: 1078: [[-1.4822311  -1.76236    -1.0663954  -0.05738982 -1.9720572  -1.2974988
   0.7361007  -2.218592   -1.8074487   2.4025245  -2.0517778  -1.8327707
  -0.25160012]] 
Episode: 1079: [[-1.4823025  -1.7625049  -1.0663115  -0.05734561 -1.9721922  -1.2975162
   0.7362167  -2.2187026  -1.8074902   2.4024816  -2.0518005  -1.8328147
  -0.25162444]] 
Episode: 1080: [[-1.482355   -1.7626538  -1.0662472  -0.05732526 -1.9723345  -1.297532
   0.7363331  -2.2188046  -1.8075178   2.4024599  -2.0518155  -1.8328539
  -0.25165108]] 
Episode: 1081: [[-1.4823945  -1.7627139  -1.0661668  -0.05724169 -1.9724145  -1.2976149
   0.73640645 -2.2189264  -1.8075925   2.4023669  -2.0518115  -1.832879
  -0.25163668]] 
Episode: 1082: [[-1.4824367  -1.762761   -1.0660906  -0.05715607 -1.9724755  -1.297686
   0.73647606 -2.2190268  -1.8076631   2.402274   -2.0518215  -1.832907
  -0.25163233]] 
Episode: 1083: [[-1.4824759  -1.7628239  -1.0660292  -0.0570948  -1.972561   -1.2977316
   0.7365366  -2.2191315  -1.8076949   2.4022126  -2.051812   -1.8329375
  -0.25163922]] 
Episode: 1084: [[-1.4824988  -1.7628919  -1.0659796  -0.05704672 -1.9726479  -1.2977556
   0.73659486 -2.2192414  -1.8077061   2.402168   -2.0518074  -1.8329945
  -0.25167647]] 
Episode: 1085: [[-1.4825234  -1.7629629  -1.0659415  -0.05700708 -1.9727256  -1.2977606
   0.7366366  -2.2193289  -1.8077065   2.402136   -2.0517964  -1.833037
  -0.25170058]] 
Episode: 1086: [[-1.482536   -1.7630662  -1.0659163  -0.05699596 -1.9728321  -1.2977636
   0.73666584 -2.2194238  -1.8076822   2.4021404  -2.0517669  -1.8330796
  -0.25173062]] 
Episode: 1087: [[-1.4825386  -1.7631642  -1.0658983  -0.05699672 -1.972939   -1.2977463
   0.7366969  -2.2195199  -1.8076401   2.4021564  -2.0517526  -1.8331375
  -0.2517803 ]] 
Episode: 1088: [[-1.4825252  -1.7632668  -1.0658784  -0.05700826 -1.9730524  -1.2977456
   0.7367529  -2.2196217  -1.807618    2.4021707  -2.05175    -1.833198
  -0.25183168]] 
Episode: 1089: [[-1.482505   -1.7633637  -1.0658605  -0.05702717 -1.9731576  -1.2977422
   0.73680824 -2.2197127  -1.8075924   2.4021928  -2.0517645  -1.8332676
  -0.25190172]] 
Episode: 1090: [[-1.4826496  -1.7635657  -1.0656515  -0.05687877 -1.9733759  -1.297696
   0.7370155  -2.2199678  -1.8076687   2.4020584  -2.0519242  -1.8334858
  -0.25208354]] 
Episode: 1091: [[-1.4827938  -1.7637489  -1.0654554  -0.05672853 -1.9735643  -1.2976356
   0.7371957  -2.2201986  -1.8077366   2.401928   -2.0520794  -1.8336914
  -0.25225663]] 
Episode: 1092: [[-1.4829115 -1.7639276 -1.0652834 -0.0566068 -1.9737482 -1.2975893
   0.7373647 -2.2204096 -1.8077939  2.40182   -2.0522134 -1.8338709
  -0.2524107]] 
Episode: 1093: [[-1.483013   -1.7640303  -1.0651109  -0.05648121 -1.9739032  -1.2975779
   0.73753387 -2.2206376  -1.8078805   2.4016943  -2.0523524  -1.8340523
  -0.25256142]] 
Episode: 1094: [[-1.4830947  -1.7641448  -1.0649629  -0.05637442 -1.9740475  -1.2975433
   0.73767364 -2.2208421  -1.807941    2.401595   -2.052483   -1.8342296
  -0.25271225]] 
Episode: 1095: [[-1.4831756  -1.7642494  -1.064824   -0.05626717 -1.9741747  -1.2974793
   0.7377963  -2.221028   -1.8079884   2.4015033  -2.0526297  -1.8344151
  -0.25287637]] 
Episode: 1096: [[-1.483248   -1.7643297  -1.0646973  -0.05616587 -1.9742744  -1.2974328
   0.73791075 -2.2211914  -1.8080518   2.401413   -2.0527735  -1.834583
  -0.25302425]] 
Episode: 1097: [[-1.4833252  -1.7643955  -1.0645778  -0.05606099 -1.9743507  -1.297393
   0.7380149  -2.2213247  -1.8081292   2.401318   -2.0529187  -1.8347251
  -0.25314626]] 
Episode: 1098: [[-1.4834232  -1.7644554  -1.0644327  -0.05592838 -1.974416   -1.2973546
   0.7381386  -2.221461   -1.8082277   2.4011898  -2.0530732  -1.8348695
  -0.25326577]] 
Episode: 1099: [[-1.4835229  -1.764508   -1.064295   -0.05579777 -1.9744627  -1.2973312
   0.73824596 -2.221578   -1.8083417   2.4010644  -2.0532167  -1.8349872
  -0.25335747]] 
Episode: 1100: [[-1.4836105  -1.764575   -1.0641634  -0.05567876 -1.974516   -1.2973044
   0.73836416 -2.2216837  -1.8084531   2.400946   -2.0533633  -1.8351036
  -0.25345305]] 
Episode: 1101: [[-1.4836707  -1.7646499  -1.064054   -0.05558736 -1.974575   -1.2973008
   0.73848    -2.2217774  -1.8085575   2.4008489  -2.053487   -1.835203
  -0.25353462]] 
Episode: 1102: [[-1.4837388  -1.764715   -1.0639572  -0.05549999 -1.9746188  -1.2973046
   0.73857546 -2.2218492  -1.8086597   2.4007614  -2.0535963  -1.8352795
  -0.25359234]] 
Episode: 1103: [[-1.4838058  -1.7647787  -1.063865   -0.05542108 -1.9746732  -1.2972981
   0.7386612  -2.2219326  -1.8087409   2.4006846  -2.0536911  -1.8353544
  -0.25364566]] 
Episode: 1104: [[-1.4838831  -1.7648193  -1.0637735  -0.05532845 -1.9747001  -1.2973001
   0.7387297  -2.2220016  -1.8088392   2.4005978  -2.0537913  -1.8354144
  -0.25368276]] 
Episode: 1105: [[-1.4839579  -1.7648717  -1.0637017  -0.05525634 -1.9747423  -1.2972801
   0.7387907  -2.2220619  -1.8088987   2.400539   -2.0538828  -1.835476
  -0.2537277 ]] 
Episode: 1106: [[-1.4840218  -1.7649261  -1.0636197  -0.05518097 -1.974781   -1.2972399
   0.7388673  -2.2221377  -1.808971    2.4004714  -2.0540051  -1.8355602
  -0.2537987 ]] 
Episode: 1107: [[-1.4841541  -1.7648973  -1.0635152  -0.05502383 -1.9747506  -1.2972394
   0.73889965 -2.2222357  -1.8090919   2.4003386  -2.0541003  -1.8356224
  -0.25381604]] 
Episode: 1108: [[-1.4842756  -1.7648801  -1.0634221  -0.0548832  -1.9747248  -1.297242
   0.73893195 -2.2223175  -1.8092015   2.40022    -2.05418    -1.8356719
  -0.25382885]] 
Episode: 1109: [[-1.484467   -1.7648987  -1.0632255  -0.05464981 -1.9747498  -1.2971863
   0.73906064 -2.2224793  -1.809357    2.4000053  -2.0543494  -1.8358175
  -0.25392678]] 
Episode: 1110: [[-1.4846553  -1.7649093  -1.0630344  -0.05442833 -1.9747736  -1.2971203
   0.7391698  -2.2226539  -1.8095087   2.3998096  -2.0545223  -1.8359696
  -0.25402963]] 
Episode: 1111: [[-1.4847575  -1.764973   -1.0628774  -0.05428489 -1.9748682  -1.2970558
   0.7392851  -2.2228625  -1.8095945   2.399683   -2.0546691  -1.836146
  -0.25417885]] 
Episode: 1112: [[-1.4848673  -1.7650076  -1.0627317  -0.05413674 -1.9749255  -1.2970058
   0.7393865  -2.2230422  -1.8096915   2.3995512  -2.0547993  -1.8363042
  -0.2543032 ]] 
Episode: 1113: [[-1.484971   -1.7650313  -1.0626     -0.05399599 -1.9749571  -1.2970011
   0.7394736  -2.223187   -1.8098148   2.3994215  -2.0549052  -1.8364147
  -0.2543822 ]] 
Episode: 1114: [[-1.4851342  -1.7650473  -1.0624496  -0.05381261 -1.9749751  -1.2969176
   0.7395568  -2.2233481  -1.8099121   2.3992712  -2.0550377  -1.8365651
  -0.25449467]] 
Episode: 1115: [[-1.4852823  -1.7650723  -1.0623071  -0.05364468 -1.9750044  -1.2968273
   0.73964363 -2.2235067  -1.8099945   2.3991332  -2.055167   -1.8367136
  -0.2546123 ]] 
Episode: 1116: [[-1.4854157  -1.7650645  -1.0621779  -0.05348502 -1.974987   -1.2967498
   0.73972577 -2.2236338  -1.8101006   2.3989956  -2.0553124  -1.8368515
  -0.25472328]] 
Episode: 1117: [[-1.4855262  -1.7650661  -1.0620714  -0.05335306 -1.9749804  -1.2966999
   0.7397934  -2.2237475  -1.810198    2.3988826  -2.0554237  -1.8369584
  -0.2548054 ]] 
Episode: 1118: [[-1.485621   -1.765074   -1.0619775  -0.05323937 -1.9749815  -1.2966421
   0.73985916 -2.223852   -1.81027     2.3987858  -2.0555265  -1.8370631
  -0.2548924 ]] 
Episode: 1119: [[-1.485711   -1.7650763  -1.0618978  -0.05313788 -1.9749753  -1.2965896
   0.7399111  -2.223938   -1.8103423   2.3987038  -2.055625   -1.837154
  -0.2549689 ]] 
Episode: 1120: [[-1.4857943  -1.7650828  -1.0618237  -0.05304651 -1.9749728  -1.2965463
   0.73996675 -2.2240145  -1.8104123   2.398627   -2.0557137  -1.8372312
  -0.2550323 ]] 
Episode: 1121: [[-1.4858842  -1.7650776  -1.061737   -0.05293724 -1.9749604  -1.2964855
   0.7400188  -2.2240908  -1.8104788   2.3985326  -2.0558195  -1.8373222
  -0.25510234]] 
Episode: 1122: [[-1.4858998  -1.7651489  -1.0617007  -0.05290765 -1.9750222  -1.29651
   0.74004143 -2.2241862  -1.810503    2.3985167  -2.0558343  -1.8373616
  -0.2551311 ]] 
Episode: 1123: [[-1.4859531  -1.7652013  -1.0616258  -0.05283696 -1.9750762  -1.2965229
   0.7400381  -2.224312   -1.8105513   2.3984704  -2.0558534  -1.8374025
  -0.25515133]] 
Episode: 1124: [[-1.4859896  -1.7652758  -1.0615523  -0.05278189 -1.9751577  -1.296515
   0.7400537  -2.2244453  -1.8105692   2.3984354  -2.055873   -1.837464
  -0.25520086]] 
Episode: 1125: [[-1.48601    -1.7653445  -1.0614932  -0.05274095 -1.9752399  -1.2964941
   0.7400593  -2.2245808  -1.8105574   2.3984168  -2.055883   -1.8375399
  -0.2552679 ]] 
Episode: 1126: [[-1.4860166  -1.7654536  -1.0614281  -0.05271025 -1.9753476  -1.2964715
   0.7401092  -2.2247205  -1.8105619   2.398395   -2.0559072  -1.8376212
  -0.25534427]] 
Episode: 1127: [[-1.4860858  -1.765568   -1.061369   -0.0526521  -1.975465   -1.2964486
   0.7401122  -2.2248724  -1.8105549   2.3983774  -2.0558906  -1.8376653
  -0.25536945]] 
Episode: 1128: [[-1.4861437  -1.7656947  -1.061315   -0.05260786 -1.9755989  -1.2964109
   0.7401225  -2.2250261  -1.8105216   2.3983715  -2.0558658  -1.8377211
  -0.25540933]] 
Episode: 1129: [[-1.4862044  -1.7657989  -1.0612671  -0.0525668  -1.9757118  -1.296387
   0.74011886 -2.225168   -1.8105038   2.3983722  -2.0558457  -1.8377708
  -0.25544536]] 
Episode: 1130: [[-1.4862711  -1.7658944  -1.0612239  -0.05252467 -1.9758114  -1.296355
   0.74011225 -2.225285   -1.8104802   2.3983722  -2.055825   -1.8378112
  -0.25547767]] 
Episode: 1131: [[-1.4863383  -1.7659822  -1.061196   -0.0524898  -1.9758916  -1.2963338
   0.7400856  -2.2253704  -1.8104535   2.3983831  -2.0557911  -1.8378295
  -0.25548995]] 
Episode: 1132: [[-1.4864103  -1.7660561  -1.0611614  -0.05244542 -1.9759471  -1.2963326
   0.7400635  -2.2254333  -1.8104554   2.3983805  -2.0557756  -1.8378388
  -0.25549537]] 
Episode: 1133: [[-1.4864815  -1.766129   -1.061125   -0.05240581 -1.9760032  -1.2963196
   0.74005413 -2.225485   -1.810454    2.3983793  -2.0557745  -1.8378553
  -0.25551492]] 
Episode: 1134: [[-1.4865538  -1.7661947  -1.0610859  -0.05236029 -1.9760487  -1.2962961
   0.7400532  -2.2255278  -1.8104593   2.3983688  -2.0557895  -1.8378761
  -0.25554016]] 
Episode: 1135: [[-1.4866253  -1.766247   -1.061051   -0.05231246 -1.9760779  -1.2962694
   0.74005413 -2.225557   -1.8104722   2.3983548  -2.0558178  -1.8378991
  -0.25556973]] 
Episode: 1136: [[-1.4867004  -1.7662951  -1.0610315  -0.0522706  -1.9760983  -1.2962472
   0.7400358  -2.2255642  -1.8104731   2.3983507  -2.0558214  -1.8378992
  -0.25557473]] 
Episode: 1137: [[-1.4867717  -1.7663276  -1.0609955  -0.05221513 -1.9761078  -1.2962407
   0.7400539  -2.225589   -1.810509    2.3983214  -2.0558605  -1.8379285
  -0.25560462]] 
Episode: 1138: [[-1.4868349  -1.766382   -1.0609672  -0.05217451 -1.9761353  -1.2962171
   0.74007136 -2.2256126  -1.8105203   2.3983092  -2.0558941  -1.8379595
  -0.25564274]] 
Episode: 1139: [[-1.4868907  -1.7664257  -1.0609424  -0.05213691 -1.9761547  -1.2961942
   0.7400851  -2.2256324  -1.8105272   2.398296   -2.0559196  -1.837989
  -0.2556753 ]] 
Episode: 1140: [[-1.4869567  -1.7664475  -1.0609096  -0.05209201 -1.9761639  -1.2961521
   0.7401084  -2.2256591  -1.8105354   2.3982766  -2.0559666  -1.8380395
  -0.25573456]] 
Episode: 1141: [[-1.4870301  -1.7664822  -1.0608748  -0.05204335 -1.9761771  -1.2961022
   0.74012285 -2.225681   -1.8105428   2.3982596  -2.0560164  -1.8380874
  -0.25579172]] 
Episode: 1142: [[-1.4870918  -1.7665313  -1.0608357  -0.05200412 -1.9762111  -1.2960364
   0.74013793 -2.225717   -1.8105311   2.3982525  -2.05607    -1.8381497
  -0.25586876]] 
Episode: 1143: [[-1.4871451  -1.7665986  -1.0608166  -0.05198882 -1.976269   -1.2959536
   0.7401427  -2.2257614  -1.8104823   2.3982759  -2.0561025  -1.8382112
  -0.2559483 ]] 
Episode: 1144: [[-1.4872016  -1.7666706  -1.0607929  -0.05197049 -1.9763272  -1.295863
   0.74015087 -2.2258036  -1.8104322   2.3982964  -2.0561442  -1.838278
  -0.25603172]] 
Episode: 1145: [[-1.487212   -1.7667905  -1.0607964  -0.05200851 -1.9764525  -1.2957301
   0.7401394  -2.2258973  -1.8102832   2.3983862  -2.0561574  -1.8383948
  -0.2561737 ]] 
Episode: 1146: [[-1.4872302  -1.7669003  -1.0607986  -0.05204127 -1.9765632  -1.2956219
   0.74012643 -2.2259724  -1.8101531   2.3984659  -2.0561576  -1.8384838
  -0.25628415]] 
Episode: 1147: [[-1.4872322  -1.7670265  -1.0607966  -0.05208223 -1.9766868  -1.2955505
   0.7401387  -2.226053   -1.8100421   2.39854    -2.056147   -1.8385628
  -0.2563853 ]] 
Episode: 1148: [[-1.4871697  -1.7672004  -1.0608473  -0.05222539 -1.9768752  -1.2955853
   0.74019074 -2.2261279  -1.8099196   2.3986948  -2.0560813  -1.8386039
  -0.25646162]] 
Episode: 1149: [[-1.4871141 -1.7673588 -1.0608964 -0.052352  -1.9770437 -1.2956134
   0.7402305 -2.226194  -1.8098065  2.3988385 -2.0560298 -1.8386507
  -0.2565428]] 
Episode: 1150: [[-1.487067   -1.7675041  -1.060948   -0.05247613 -1.9772068  -1.2956295
   0.74025905 -2.2262588  -1.8096911   2.3989818  -2.0559747  -1.8386872
  -0.25660896]] 
Episode: 1151: [[-1.4870174  -1.7676668  -1.0610006  -0.05260463 -1.9773889  -1.2956046
   0.74029505 -2.226334   -1.8095422   2.399132   -2.0559282  -1.838742
  -0.2566995 ]] 
Episode: 1152: [[-1.486965   -1.7678254  -1.0610375  -0.0527223  -1.9775716  -1.2955693
   0.7403475  -2.2264163  -1.8094071   2.399266   -2.0559127  -1.838815
  -0.25681037]] 
Episode: 1153: [[-1.4869164  -1.7679777  -1.0610646  -0.05282911 -1.9777454  -1.2955394
   0.74040526 -2.2264974  -1.8092905   2.3993845  -2.0559058  -1.8388829
  -0.25691205]] 
Episode: 1154: [[-1.4868636  -1.7681036  -1.0610864  -0.05292712 -1.9778905  -1.2955288
   0.74045914 -2.2265646  -1.809208    2.3994884  -2.0559156  -1.8389437
  -0.25700527]] 
Episode: 1155: [[-1.4868133  -1.7682664  -1.0611145  -0.05304417 -1.9780695  -1.2955441
   0.740538   -2.2266295  -1.8091263   2.399608   -2.0559072  -1.8389857
  -0.257083  ]] 
Episode: 1156: [[-1.4867799  -1.7684051  -1.0611298  -0.0531343  -1.978224   -1.2955481
   0.7406153  -2.2266839  -1.809059    2.399701   -2.0559163  -1.839031
  -0.25716332]] 
Episode: 1157: [[-1.4868071  -1.7685456  -1.0610505  -0.05313427 -1.9783949  -1.2955228
   0.740778   -2.2268078  -1.8090568   2.3996959  -2.0560095  -1.8391601
  -0.25731355]] 
Episode: 1158: [[-1.486846   -1.7686636  -1.0609686  -0.05311053 -1.9785246  -1.2955238
   0.7409328  -2.2268991  -1.8091042   2.3996634  -2.0561075  -1.8392587
  -0.25742537]] 
Episode: 1159: [[-1.4868925  -1.7687606  -1.0608853  -0.05306961 -1.9786214  -1.295543
   0.7410827  -2.226968   -1.809183    2.3996096  -2.0562062  -1.839336
  -0.25750962]] 
Episode: 1160: [[-1.4869616  -1.7688241  -1.060788   -0.05299832 -1.9786723  -1.295572
   0.74122    -2.2270033  -1.8093058   2.399523   -2.056321   -1.8393853
  -0.25755963]] 
Episode: 1161: [[-1.487049   -1.7688688  -1.0607337  -0.05291736 -1.9786956  -1.2955605
   0.7412683  -2.2270155  -1.8093724   2.399456   -2.056374   -1.8393939
  -0.25755718]] 
Episode: 1162: [[-1.4871877  -1.768946   -1.0606258  -0.05280453 -1.9787885  -1.2955037
   0.7413724  -2.227093   -1.8094462   2.3993635  -2.0564697  -1.8394587
  -0.25760853]] 
Episode: 1163: [[-1.4873288  -1.7690102  -1.0605115  -0.05267793 -1.9788549  -1.295458
   0.74147177 -2.2271523  -1.8095478   2.3992531  -2.056574   -1.8395092
  -0.2576427 ]] 
Episode: 1164: [[-1.4874573  -1.7690617  -1.0604129  -0.05256399 -1.9789035  -1.2954227
   0.7415574  -2.227193   -1.8096455   2.3991542  -2.0566673  -1.8395457
  -0.25766793]] 
Episode: 1165: [[-1.4875758  -1.7690912  -1.060325   -0.0524559  -1.9789233  -1.2954186
   0.74162745 -2.2272177  -1.8097556   2.3990564  -2.0567434  -1.8395615
  -0.2576669 ]] 
Episode: 1166: [[-1.4876888  -1.76911    -1.060233   -0.05234155 -1.9789245  -1.2954183
   0.7416994  -2.2272334  -1.809885    2.3989465  -2.0568333  -1.8395731
  -0.2576602 ]] 
Episode: 1167: [[-1.4877911  -1.7691576  -1.0601473  -0.05223788 -1.9789512  -1.2953906
   0.7417529  -2.227268   -1.8099676   2.3988566  -2.0569093  -1.8395995
  -0.25766677]] 
Episode: 1168: [[-1.487871   -1.7692229  -1.0600817  -0.05216531 -1.9789943  -1.2953624
   0.7418006  -2.2272985  -1.8100157   2.3987973  -2.056964   -1.8396192
  -0.25767553]] 
Episode: 1169: [[-1.48796    -1.7693005  -1.0599843  -0.05206965 -1.9790502  -1.2953537
   0.7418895  -2.2273536  -1.8100957   2.3987076  -2.0570421  -1.839667
  -0.2577135 ]] 
Episode: 1170: [[-1.488044   -1.7693655  -1.0598665  -0.05195507 -1.9790895  -1.2953584
   0.74201363 -2.2274077  -1.8102162   2.3985844  -2.0571556  -1.8397323
  -0.25776824]] 
Episode: 1171: [[-1.4881321  -1.7694372  -1.0597564  -0.05184636 -1.9791434  -1.2953757
   0.74214536 -2.2274854  -1.8103422   2.3984716  -2.0572653  -1.8398064
  -0.25782707]] 
Episode: 1172: [[-1.4882793  -1.7694453  -1.0596191  -0.05168021 -1.9791425  -1.2953435
   0.7422326  -2.2275748  -1.8104725   2.3983204  -2.0573921  -1.839893
  -0.25788006]] 
Episode: 1173: [[-1.4884229  -1.7694467  -1.0595129  -0.05153748 -1.9791396  -1.295285
   0.7422943  -2.2276542  -1.8105586   2.3982048  -2.0575042  -1.8399805
  -0.25793934]] 
Episode: 1174: [[-1.4885067  -1.7693958  -1.0594503  -0.05144985 -1.9791126  -1.2953168
   0.7423556  -2.2277353  -1.810673    2.3981252  -2.0575864  -1.840046
  -0.25798362]] 
Episode: 1175: [[-1.4886158  -1.7693576  -1.0594035  -0.05138352 -1.9791149  -1.2953397
   0.7423752  -2.2278183  -1.8107417   2.3980892  -2.0576258  -1.8400863
  -0.25800687]] 
Episode: 1176: [[-1.4887049  -1.7693405  -1.0593638  -0.05133284 -1.979135   -1.2953483
   0.7423858  -2.2279084  -1.8107803   2.3980718  -2.0576599  -1.8401402
  -0.25804782]] 
Episode: 1177: [[-1.4887941  -1.7693267  -1.059323   -0.05128086 -1.979154   -1.2953559
   0.74239254 -2.2279925  -1.8108146   2.3980525  -2.0576878  -1.8401878
  -0.2580813 ]] 
Episode: 1178: [[-1.4888575  -1.7693316  -1.0592846  -0.05124405 -1.979188   -1.2953665
   0.74241537 -2.2280798  -1.8108459   2.3980398  -2.0577219  -1.8402445
  -0.25812897]] 
Episode: 1179: [[-1.4889195  -1.7693366  -1.0592471  -0.05120825 -1.9792181  -1.2953825
   0.7424397  -2.2281532  -1.8108792   2.3980234  -2.057749   -1.840285
  -0.25816065]] 
Episode: 1180: [[-1.4889767  -1.7693368  -1.059215   -0.05117198 -1.9792376  -1.2953904
   0.7424644  -2.2282093  -1.8109189   2.3980017  -2.0577807  -1.8403136
  -0.25818   ]] 
Episode: 1181: [[-1.489033   -1.7693346  -1.0591809  -0.05113364 -1.9792536  -1.2953963
   0.7424819  -2.2282693  -1.8109561   2.3979783  -2.0578074  -1.840343
  -0.25819513]] 
Episode: 1182: [[-1.4890429  -1.7693902  -1.0591851  -0.05115864 -1.9793384  -1.2953489
   0.7424777  -2.228357   -1.8108726   2.3980303  -2.0577867  -1.8404022
  -0.2582578 ]] 
Episode: 1183: [[-1.4890007  -1.7694848  -1.0592175  -0.05124279 -1.9794952  -1.2952607
   0.7424536  -2.2284985  -1.8106947   2.3981493  -2.0577254  -1.8405024
  -0.25836954]] 
Episode: 1184: [[-1.4889498  -1.7696005  -1.0592593  -0.05134639 -1.9796749  -1.2951707
   0.74242646 -2.2286406  -1.8104924   2.3982866  -2.057629   -1.8405874
  -0.25847182]] 
Episode: 1185: [[-1.4889183  -1.7696978  -1.0592935  -0.05143195 -1.9798235  -1.2951088
   0.74238867 -2.228769   -1.8103414   2.3984103  -2.0575504  -1.8406574
  -0.25855324]] 
Episode: 1186: [[-1.4888692  -1.7698016  -1.0593381  -0.05153344 -1.9799774  -1.2950705
   0.7423692  -2.22889    -1.8102047   2.3985384  -2.057465   -1.8407108
  -0.25862056]] 
Episode: 1187: [[-1.4888773  -1.7698863  -1.0593208  -0.05157733 -1.9801359  -1.2949978
   0.74240804 -2.2290568  -1.810109    2.3986065  -2.0574453  -1.8408196
  -0.25873822]] 
Episode: 1188: [[-1.4888893  -1.7699714  -1.0593038  -0.05161751 -1.9802874  -1.2949287
   0.7424461  -2.2292101  -1.81002     2.3986702  -2.0574245  -1.8409172
  -0.25884473]] 
Episode: 1189: [[-1.4889023  -1.7700526  -1.059285   -0.0516504  -1.9804258  -1.2948674
   0.74249345 -2.229351   -1.8099515   2.398722   -2.057421   -1.8410085
  -0.2589431 ]] 
Episode: 1190: [[-1.4889165  -1.7701501  -1.0592676  -0.05168588 -1.9805605  -1.2948332
   0.74252874 -2.2294676  -1.80991     2.3987777  -2.0574112  -1.841067
  -0.25901157]] 
Episode: 1191: [[-1.4889416  -1.7702345  -1.0592498  -0.05171147 -1.9806721  -1.294798
   0.74254197 -2.2295685  -1.8098745   2.3988287  -2.057399   -1.8411112
  -0.25906336]] 
Episode: 1192: [[-1.4889727  -1.7703022  -1.0592244  -0.05171826 -1.9807523  -1.2947787
   0.7425667  -2.2296467  -1.8098763   2.3988547  -2.0574088  -1.8411496
  -0.25910702]] 
Episode: 1193: [[-1.4889839  -1.7703749  -1.0592021  -0.05174075 -1.9808289  -1.2947996
   0.7426292  -2.2297294  -1.8099098   2.3988824  -2.0574334  -1.8411942
  -0.25916362]] 
Episode: 1194: [[-1.4889933  -1.7704506  -1.0591892  -0.05176738 -1.9809057  -1.2948105
   0.7426881  -2.2297983  -1.8099283   2.3989165  -2.0574563  -1.8412381
  -0.25922245]] 
Episode: 1195: [[-1.4890112  -1.770502   -1.0591666  -0.05177622 -1.9809575  -1.2948177
   0.7427442  -2.2298608  -1.8099629   2.3989327  -2.0574956  -1.8412895
  -0.2592865 ]] 
Episode: 1196: [[-1.4890324  -1.7705511  -1.0591376  -0.05176831 -1.9809953  -1.2948083
   0.7428148  -2.2299094  -1.8099952   2.3989284  -2.0575578  -1.841353
  -0.2593632 ]] 
Episode: 1197: [[-1.4890703  -1.7705855  -1.0591066  -0.05174391 -1.981015   -1.2947866
   0.7428766  -2.2299418  -1.8100296   2.398912   -2.0576246  -1.8414121
  -0.2594328 ]] 
Episode: 1198: [[-1.4891173  -1.77061    -1.0590743  -0.05171057 -1.9810237  -1.2947646
   0.7429324  -2.229969   -1.8100716   2.3988893  -2.0576985  -1.8414677
  -0.25949666]] 
Episode: 1199: [[-1.4891754  -1.7706214  -1.0590425  -0.0516705  -1.9810151  -1.2947475
   0.74297905 -2.2299786  -1.8101193   2.3988628  -2.0577717  -1.8415146
  -0.25955153]] 
Episode: 1200: [[-1.4892151  -1.770633   -1.0590245  -0.0516471  -1.98101    -1.2947247
   0.74300855 -2.2299912  -1.810147    2.3988547  -2.057831   -1.8415627
  -0.25960788]] 
