Episode: 1: [[-0.00157494 -0.02344849 -0.20249392 -0.2466056  -0.03348872  0.
  -0.01473545  0.          0.00317181  0.01108918]
 [-0.00167831  0.10139623 -0.23416623 -0.23812497  0.04982126  0.
  -0.02541874  0.         -0.01725222  0.02579883]
 [ 0.1371886   0.26837078 -0.25639182 -0.18080689  0.10596623  0.
  -0.00983493  0.         -0.03533321  0.00847336]
 [ 0.35146594  0.3600052  -0.25722003 -0.02365263  0.10494792  0.
   0.02554556  0.         -0.04325048 -0.01174624]
 [ 0.22538349  0.08645372 -0.11242832 -0.03549751  0.03378949  0.
   0.01490321  0.         -0.0089737   0.01419764]] 
Episode: 2: [[-0.00107494 -0.02294849 -0.20299391 -0.24610561 -0.03298872  0.
  -0.01523545  0.          0.00317181  0.01158918]
 [-0.00117831  0.10189623 -0.23466623 -0.23762497  0.05032126  0.
  -0.02591874  0.         -0.01725222  0.02629882]
 [ 0.13768859  0.26887077 -0.25689182 -0.1803069   0.10646623  0.
  -0.01033493  0.         -0.03533321  0.00897336]
 [ 0.35196593  0.3605052  -0.25772002 -0.02315263  0.10544792  0.
   0.02504556  0.         -0.04325048 -0.01124624]
 [ 0.22588348  0.08695372 -0.11292832 -0.03499751  0.03428949  0.
   0.01440321  0.         -0.0089737   0.01469764]] 
Episode: 3: [[-0.00057449 -0.02244915 -0.20349385 -0.24560711 -0.03249808  0.
  -0.01573545  0.          0.00317181  0.01149131]
 [-0.00067785  0.10239492 -0.23516607 -0.23712659  0.05081138  0.
  -0.02641874  0.         -0.01725222  0.02619231]
 [ 0.13818865  0.26936704 -0.257391   -0.17980798  0.10695431  0.
  -0.01083493  0.         -0.03533321  0.00882759]
 [ 0.35242826  0.36100203 -0.25822034 -0.02265436  0.10593651  0.
   0.02454557  0.         -0.04325048 -0.01149826]
 [ 0.22638364  0.08745429 -0.11342888 -0.03449741  0.0347803   0.
   0.01390321  0.         -0.0089737   0.01508356]] 
Episode: 4: [[-9.69174871e-05 -2.19549257e-02 -2.03890800e-01 -2.45181248e-01
  -3.20025571e-02  0.00000000e+00 -1.62354484e-02  0.00000000e+00
   3.17181321e-03  1.12338094e-02]
 [-1.98015929e-04  1.02888882e-01 -2.35562712e-01 -2.36699373e-01
   5.13066091e-02  0.00000000e+00 -2.69187391e-02  0.00000000e+00
  -1.72522180e-02  2.59247161e-02]
 [ 1.38626799e-01  2.69860715e-01 -2.57781833e-01 -1.79378986e-01
   1.07447676e-01  0.00000000e+00 -1.13349333e-02  0.00000000e+00
  -3.53332087e-02  8.53238720e-03]
 [ 3.52765650e-01  3.61495048e-01 -2.58605123e-01 -2.22186223e-02
   1.06430046e-01  0.00000000e+00  2.40455661e-02  0.00000000e+00
  -4.32504788e-02 -1.18650170e-02]
 [ 2.26744041e-01  8.79500508e-02 -1.13827147e-01 -3.40571404e-02
   3.52757685e-02  0.00000000e+00  1.34032071e-02  0.00000000e+00
  -8.97369999e-03  1.54116694e-02]] 
Episode: 5: [[ 3.89468943e-04 -2.14598160e-02 -2.04326868e-01 -2.44728044e-01
  -3.15185301e-02  0.00000000e+00 -1.67354476e-02  0.00000000e+00
   3.17181321e-03  1.13174831e-02]
 [ 2.89927237e-04  1.03383474e-01 -2.35998586e-01 -2.36245349e-01
   5.17906398e-02  0.00000000e+00 -2.74187382e-02  0.00000000e+00
  -1.72522180e-02  2.59937439e-02]
 [ 1.39088303e-01  2.70353168e-01 -2.58214116e-01 -1.78923935e-01
   1.07920229e-01  0.00000000e+00 -1.18349334e-02  0.00000000e+00
  -3.53332087e-02  8.55610706e-03]
 [ 3.53147238e-01  3.61983448e-01 -2.59033471e-01 -2.17596218e-02
   1.06885172e-01  0.00000000e+00  2.35455669e-02  0.00000000e+00
  -4.32504788e-02 -1.19232135e-02]
 [ 2.27151453e-01  8.84392709e-02 -1.14263460e-01 -3.35948654e-02
   3.57663855e-02  0.00000000e+00  1.29032070e-02  0.00000000e+00
  -8.97369999e-03  1.57858189e-02]] 
Episode: 6: [[ 0.00087889 -0.02099113 -0.20474605 -0.24428625 -0.03105094  0.
  -0.01723545  0.          0.00317181  0.01120872]
 [ 0.00078125  0.10385196 -0.23641738 -0.2358029   0.05225832  0.
  -0.02791874  0.         -0.01725222  0.0258779 ]
 [ 0.13955992  0.2708226  -0.2586282  -0.17848079  0.10837651  0.
  -0.01233493  0.         -0.03533321  0.00841819]
 [ 0.35355783  0.36245325 -0.2594404  -0.02131426  0.10733016  0.
   0.02304557  0.         -0.04325048 -0.01210804]
 [ 0.2275845   0.08885809 -0.11468423 -0.03313959  0.03623965  0.
   0.01240321  0.         -0.0089737   0.01601367]] 
Episode: 7: [[ 0.00137474 -0.02053735 -0.20514704 -0.2438367  -0.03061105  0.
  -0.01773545  0.          0.00317181  0.01099331]
 [ 0.00127844  0.10430391 -0.23681782 -0.23535228  0.05269756  0.
  -0.02841874  0.         -0.01725222  0.02565839]
 [ 0.14004298  0.27127832 -0.25901902 -0.17803064  0.10880919  0.
  -0.01283493  0.         -0.03533321  0.00818609]
 [ 0.35399732  0.3629112  -0.2598213  -0.02086403  0.10775429  0.
   0.02254557  0.         -0.04325048 -0.01237034]
 [ 0.22802071  0.08924532 -0.11508877 -0.03266829  0.03665962  0.
   0.01190321  0.         -0.0089737   0.0159886 ]] 
Episode: 8: [[ 0.00186191 -0.02012195 -0.20550764 -0.24344707 -0.03028708  0.
  -0.01804377  0.          0.00317181  0.01074792]
 [ 0.00176776  0.10471697 -0.23717783 -0.23496175  0.05302115  0.
  -0.02872706  0.         -0.01725222  0.0254086 ]
 [ 0.14050817  0.2716941  -0.2593688  -0.17763692  0.10911811  0.
  -0.01314325  0.         -0.03533321  0.00792199]
 [ 0.3544      0.36333045 -0.26015952 -0.02046433  0.10804763  0.
   0.02223725  0.         -0.04325048 -0.01267015]
 [ 0.22841962  0.08958678 -0.11544868 -0.03226009  0.03698593  0.
   0.01159489  0.         -0.0089737   0.01595426]] 
Episode: 9: [[ 0.00235636 -0.01968027 -0.20586626 -0.24302614 -0.02995134  0.
  -0.01838574  0.          0.00317181  0.01066582]
 [ 0.00226374  0.10515701 -0.23753604 -0.23454013  0.05335661  0.
  -0.02906903  0.         -0.01725222  0.0253215 ]
 [ 0.14098638  0.27213636 -0.25971726 -0.17721279  0.10944096  0.
  -0.01348523  0.         -0.03533321  0.00781797]
 [ 0.3548242   0.3637752  -0.26049826 -0.02003547  0.10835531  0.
   0.02189527  0.         -0.04325048 -0.01281258]
 [ 0.22883014  0.08996849 -0.11580571 -0.03182831  0.03732054  0.
   0.01125291  0.         -0.0089737   0.01606563]] 
Episode: 10: [[ 0.00283456 -0.01926013 -0.20618312 -0.24264312 -0.02962351  0.
  -0.01875351  0.          0.00317181  0.0106994 ]
 [ 0.00274469  0.10557563 -0.2378524  -0.23415622  0.05368416  0.
  -0.0294368   0.         -0.01725222  0.02535013]
 [ 0.14145346  0.2725564  -0.26002425 -0.17682707  0.10975771  0.
  -0.013853    0.         -0.03533321  0.00782946]
 [ 0.35524768  0.36419755 -0.26079538 -0.01964587  0.10865951  0.
   0.0215275   0.         -0.04325048 -0.01283875]
 [ 0.22925009  0.09034395 -0.11611938 -0.03142731  0.03765277  0.
   0.01088514  0.         -0.0089737   0.01626889]] 
Episode: 11: [[ 0.00332208 -0.01882386 -0.2065169  -0.24223742 -0.02926194  0.
  -0.01914159  0.          0.00317181  0.0106353 ]
 [ 0.00323425  0.10601018 -0.23818576 -0.23374937  0.05404538  0.
  -0.02982488  0.         -0.01725222  0.0252826 ]
 [ 0.14193179  0.27299234 -0.26034817 -0.17641903  0.11011004  0.
  -0.01424108  0.         -0.03533321  0.00775011]
 [ 0.35568607  0.36463615 -0.26110923 -0.01923396  0.10900234  0.
   0.02113943  0.         -0.04325048 -0.01294531]
 [ 0.22968242  0.09073725 -0.11645379 -0.03100181  0.0380151   0.
   0.01049707  0.         -0.0089737   0.01639334]] 
Episode: 12: [[ 0.00377268 -0.01858465 -0.20682016 -0.24188876 -0.02900125  0.
  -0.01940024  0.          0.00317181  0.01049609]
 [ 0.00368736  0.10625045 -0.23848872 -0.23340058  0.05430734  0.
  -0.03008353  0.         -0.01725222  0.02514097]
 [ 0.14237374  0.27323982 -0.26064187 -0.1760668   0.11036262  0.
  -0.01449973  0.         -0.03533321  0.00760028]
 [ 0.35608506  0.3648833  -0.26139298 -0.01887718  0.10923985  0.
   0.02088078  0.         -0.04325048 -0.01311505]
 [ 0.23008563  0.09089268 -0.11675839 -0.03064594  0.03826132  0.
   0.01023841  0.         -0.0089737   0.01639089]] 
Episode: 13: [[ 0.00423766 -0.01842612 -0.20711215 -0.24154258 -0.02880944  0.
  -0.01955317  0.          0.00317181  0.01045862]
 [ 0.00415419  0.10640916 -0.23878045 -0.23305432  0.05450002  0.
  -0.03023646  0.         -0.01725222  0.02510095]
 [ 0.14283301  0.27340642 -0.2609222  -0.175718    0.11054192  0.
  -0.01465266  0.         -0.03533321  0.00755138]
 [ 0.3565144   0.36505175 -0.26166052 -0.01852612  0.10939994  0.
   0.02072785  0.         -0.04325048 -0.01318446]
 [ 0.23052078  0.09096649 -0.11705686 -0.03027086  0.03843264  0.
   0.01008548  0.         -0.0089737   0.01648367]] 
Episode: 14: [[ 0.00470368 -0.01824217 -0.20744675 -0.24118799 -0.02861628  0.
  -0.01967848  0.          0.00317181  0.01050306]
 [ 0.00462265  0.10659367 -0.23911491 -0.23269975  0.05469401  0.
  -0.0303613   0.         -0.01725222  0.02514282]
 [ 0.14329055  0.2735966  -0.26124594 -0.17536086  0.1107168   0.
  -0.01474482  0.         -0.03533321  0.00758421]
 [ 0.3569396   0.36524367 -0.26197264 -0.01816579  0.10955236  0.
   0.02066247  0.         -0.04325048 -0.013172  ]
 [ 0.23093653  0.09108223 -0.11739918 -0.02989208  0.03860848  0.
   0.00990019  0.         -0.0089737   0.01664983]] 
Episode: 15: [[ 0.00518116 -0.01798971 -0.2078336  -0.24078725 -0.02841277  0.
  -0.01985443  0.          0.00317181  0.01046817]
 [ 0.00510194  0.10684715 -0.23950166 -0.232299    0.05489836  0.
  -0.03053685  0.         -0.01725222  0.02510605]
 [ 0.14376238  0.2738545  -0.26162484 -0.17495823  0.1108946   0.
  -0.01489116  0.         -0.03533321  0.00754089]
 [ 0.35738933  0.36550307 -0.2623428  -0.01776062  0.10970553  0.
   0.02054073  0.         -0.04325048 -0.01323061]
 [ 0.23137997  0.09126948 -0.11779117 -0.02947321  0.03879005  0.
   0.00967322  0.         -0.0089737   0.0167075 ]] 
Episode: 16: [[ 0.00566791 -0.01776303 -0.20819873 -0.24040361 -0.02828796  0.
  -0.01994274  0.          0.00317181  0.01039433]
 [ 0.00558997  0.10707656 -0.23986655 -0.23191535  0.05502344  0.
  -0.03062481  0.         -0.01725222  0.02503743]
 [ 0.1442457   0.27408808 -0.26197797 -0.17457332  0.11098524  0.
  -0.01495462  0.         -0.03533321  0.00745585]
 [ 0.35784116  0.36573488 -0.26268274 -0.01737418  0.10976539  0.
   0.02049729  0.         -0.04325048 -0.01332885]
 [ 0.23183276  0.09142891 -0.11815497 -0.02906421  0.0388972   0.
   0.00953899  0.         -0.0089737   0.0167643 ]] 
Episode: 17: [[ 0.00616222 -0.01751757 -0.20854588 -0.24004023 -0.02815654  0.
  -0.02007698  0.          0.00317181  0.01026031]
 [ 0.00608517  0.10732547 -0.24021336 -0.23155184  0.05515542  0.
  -0.03075989  0.         -0.01725222  0.02490792]
 [ 0.14473835  0.27433893 -0.26231095 -0.1742081   0.11108156  0.
  -0.01504713  0.         -0.03533321  0.0073135 ]
 [ 0.3583035   0.3659816  -0.26300097 -0.01700734  0.10982864  0.
   0.02045898  0.         -0.04325048 -0.01348092]
 [ 0.23230094  0.09162092 -0.11850164 -0.02866862  0.03901552  0.
   0.00936694  0.         -0.0089737   0.01673328]] 
Episode: 18: [[ 0.006617   -0.0173128  -0.20886244 -0.23971389 -0.02805493  0.
  -0.02013259  0.          0.00317181  0.01007568]
 [ 0.00654111  0.10753389 -0.24052964 -0.23122567  0.05525792  0.
  -0.03081633  0.         -0.01725222  0.02472719]
 [ 0.14519207  0.2745496  -0.26261428 -0.17387974  0.11115125  0.
  -0.01506588  0.         -0.03533321  0.00712276]
 [ 0.35872933  0.36618772 -0.26329044 -0.01667731  0.10986654  0.
   0.0204872   0.         -0.04325048 -0.01367867]
 [ 0.23273422  0.09177179 -0.11881839 -0.02831594  0.03909995  0.
   0.00927711  0.         -0.0089737   0.01663015]] 
Episode: 19: [[ 0.00705849 -0.01712812 -0.2091584  -0.23941351 -0.0280002   0.
  -0.02012068  0.          0.00317181  0.00995379]
 [ 0.00698457  0.10772199 -0.24082525 -0.23092538  0.05531322  0.
  -0.03080522  0.         -0.01725222  0.02461016]
 [ 0.14562337  0.2747394  -0.26289722 -0.17357683  0.1111732   0.
  -0.01502132  0.         -0.03533321  0.00699478]
 [ 0.35912514  0.3663736  -0.26356035 -0.01637164  0.10985797  0.
   0.02057261  0.         -0.04325048 -0.01382587]
 [ 0.23312935  0.09190542 -0.11911626 -0.02799375  0.03914561  0.
   0.00925803  0.         -0.0089737   0.01661298]] 
Episode: 20: [[ 0.00751482 -0.0169522  -0.20943755 -0.23912849 -0.02798517  0.
  -0.02005045  0.          0.00317181  0.00978127]
 [ 0.00744231  0.10790395 -0.24110393 -0.23064084  0.05532925  0.
  -0.03073577  0.         -0.01725222  0.02444192]
 [ 0.1460723   0.2749212  -0.26316217 -0.17328848  0.11115243  0.
  -0.0149221   0.         -0.03533321  0.00681797]
 [ 0.3595279   0.3665435  -0.26381254 -0.01607931  0.10980319  0.
   0.02070742  0.         -0.04325048 -0.01401853]
 [ 0.23353326  0.09202763 -0.11939353 -0.02768342  0.0391649   0.
   0.00930012  0.         -0.0089737   0.01657229]] 
Episode: 21: [[ 0.00798357 -0.01675832 -0.20972845 -0.23884332 -0.02798304  0.
  -0.02004702  0.          0.00317181  0.00956535]
 [ 0.00791205  0.10810513 -0.2413944  -0.23035623  0.05533221  0.
  -0.03073296  0.         -0.01725222  0.02422979]
 [ 0.14653604  0.27512088 -0.26343438 -0.17299971  0.11111161  0.
  -0.0148932   0.         -0.03533321  0.00659922]
 [ 0.35994834  0.3667295  -0.26406956 -0.01578609  0.10972035  0.
   0.02079567  0.         -0.04325048 -0.01425034]
 [ 0.23395914  0.09218007 -0.11968416 -0.02736181  0.03916671  0.
   0.00927939  0.         -0.0089737   0.01646503]] 
Episode: 22: [[ 0.00845116 -0.01649976 -0.21002252 -0.23852882 -0.02794856  0.
  -0.02010178  0.          0.00317181  0.00943776]
 [ 0.00838137  0.10836922 -0.24168831 -0.23004188  0.05536699  0.
  -0.03078821  0.         -0.01725222  0.02410552]
 [ 0.14699036  0.27538398 -0.26371247 -0.17268226  0.1111053   0.
  -0.01492555  0.         -0.03533321  0.0064679 ]
 [ 0.3603467   0.3669813  -0.26433694 -0.01546414  0.10967493  0.
   0.0208296   0.         -0.04325048 -0.01439442]
 [ 0.23436074  0.09239276 -0.11998229 -0.02701966  0.03920313  0.
   0.00920386  0.         -0.0089737   0.01644095]] 
Episode: 23: [[ 0.00890868 -0.01625214 -0.21030512 -0.23820828 -0.02786537  0.
  -0.02020743  0.          0.00317181  0.00926325]
 [ 0.0088414   0.10862175 -0.24197072 -0.22972105  0.05545054  0.
  -0.03089425  0.         -0.01725222  0.02393395]
 [ 0.1474357   0.27563572 -0.26398054 -0.17235883  0.11115298  0.
  -0.01501143  0.         -0.03533321  0.00629093]
 [ 0.3607476   0.36722532 -0.26459712 -0.0151352   0.10968915  0.
   0.02080135  0.         -0.04325048 -0.01458184]
 [ 0.23475538  0.09260004 -0.12027168 -0.02666494  0.03928684  0.
   0.00908035  0.         -0.0089737   0.01635168]] 
Episode: 24: [[ 0.00936761 -0.01598851 -0.21060282 -0.23787272 -0.02776612  0.
  -0.0203577   0.          0.00317181  0.00911279]
 [ 0.00930355  0.10888997 -0.24226828 -0.22938533  0.05555031  0.
  -0.03104482  0.         -0.01725222  0.02377986]
 [ 0.14788365  0.27590254 -0.2642638  -0.17202152  0.11121657  0.
  -0.01514426  0.         -0.03533321  0.006141  ]
 [ 0.36115736  0.3674881  -0.2648709  -0.01479498  0.10972115  0.
   0.02071867  0.         -0.04325048 -0.01475359]
 [ 0.23514737  0.09282813 -0.1205764  -0.02629847  0.03938533  0.
   0.00891471  0.         -0.0089737   0.01622939]] 
Episode: 25: [[ 0.00981905 -0.01575496 -0.21089922 -0.23754975 -0.02765676  0.
  -0.02054723  0.          0.00317181  0.00904094]
 [ 0.00975874  0.10912711 -0.24256481 -0.22906207  0.05566002  0.
  -0.03123456  0.         -0.01725222  0.0237048 ]
 [ 0.14830948  0.2761359  -0.264546   -0.17169641  0.1112905   0.
  -0.01531836  0.         -0.03533321  0.00606859]
 [ 0.36152777  0.36771405 -0.26514512 -0.01446572  0.10976077  0.
   0.02058824  0.         -0.04325048 -0.01484632]
 [ 0.23550688  0.09302226 -0.12088334 -0.02594092  0.03949503  0.
   0.00871199  0.         -0.0089737   0.0161882 ]] 
Episode: 26: [[ 0.01027871 -0.01555275 -0.21121322 -0.23722513 -0.02748194  0.
  -0.02074323  0.          0.00317181  0.00903776]
 [ 0.01022226  0.10933632 -0.24287882 -0.22873735  0.05583619  0.
  -0.03143373  0.         -0.01725222  0.02369877]
 [ 0.14873375  0.27634236 -0.26484224 -0.17137249  0.11143179  0.
  -0.01546787  0.         -0.03533321  0.006064  ]
 [ 0.36186424  0.36791214 -0.26542836 -0.01414299  0.109869    0.
   0.02052316  0.         -0.04325048 -0.01486979]
 [ 0.23584668  0.09317728 -0.121213   -0.02557866  0.03966894  0.
   0.00847656  0.         -0.0089737   0.0162172 ]] 
Episode: 27: [[ 0.01071075 -0.015361   -0.21150765 -0.23694019 -0.02732736  0.
  -0.02086233  0.          0.00317181  0.00909473]
 [ 0.01065793  0.10953455 -0.24317335 -0.22845241  0.05599206  0.
  -0.03155578  0.         -0.01725222  0.02375321]
 [ 0.14911826  0.2765419  -0.26511964 -0.1710877   0.11155412  0.
  -0.01554517  0.         -0.03533321  0.0061189 ]
 [ 0.36214638  0.36810848 -0.2656933  -0.01385873  0.10995962  0.
   0.02052112  0.         -0.04325048 -0.01483244]
 [ 0.23613499  0.09332324 -0.12152293 -0.02526067  0.03983158  0.
   0.00832064  0.         -0.0089737   0.01630715]] 
Episode: 28: [[ 0.01113506 -0.01525167 -0.21176903 -0.23668864 -0.02716224  0.
  -0.02091343  0.          0.00317181  0.00920451]
 [ 0.011086    0.1096535  -0.24343438 -0.22820088  0.05615952  0.
  -0.03160962  0.         -0.01725222  0.02386076]
 [ 0.14948942  0.27666327 -0.26536193 -0.17083682  0.11169017  0.
  -0.01555866  0.         -0.03533321  0.00622612]
 [ 0.36240402  0.36822414 -0.26591864 -0.01361117  0.11006375  0.
   0.0205748   0.         -0.04325048 -0.01474153]
 [ 0.23639768  0.09339105 -0.12178962 -0.02498037  0.04001385  0.
   0.00823517  0.         -0.0089737   0.01645021]] 
Episode: 29: [[ 0.01156078 -0.01517436 -0.21203089 -0.23644052 -0.02699474  0.
  -0.02099695  0.          0.00317181  0.00932472]
 [ 0.01151554  0.10973793 -0.24369575 -0.22795261  0.05632885  0.
  -0.03169804  0.         -0.01725222  0.02397359]
 [ 0.1498544   0.2767483  -0.26560298 -0.17059043  0.1118276   0.
  -0.0155969   0.         -0.03533321  0.00634375]
 [ 0.3626305   0.3683058  -0.2661414  -0.01336978  0.11017179  0.
   0.02063085  0.         -0.04325048 -0.01463641]
 [ 0.23665021  0.09342576 -0.12205812 -0.02470145  0.04018941  0.
   0.00811668  0.         -0.0089737   0.01661354]] 
Episode: 30: [[ 0.01198262 -0.01506993 -0.2122645  -0.2362069  -0.02682309  0.
  -0.02101661  0.          0.00317181  0.00949084]
 [ 0.01194135  0.10984846 -0.24392886 -0.22771855  0.05650224  0.
  -0.03172226  0.         -0.01725222  0.02413321]
 [ 0.15021488  0.27685726 -0.26581857 -0.1703568   0.11197264  0.
  -0.01557557  0.         -0.03533321  0.00650692]
 [ 0.3628524   0.36841065 -0.26634312 -0.01313805  0.1102915   0.
   0.02073662  0.         -0.04325048 -0.01448506]
 [ 0.23688293  0.09350568 -0.12230193 -0.02443966  0.0403842   0.
   0.00806425  0.         -0.0089737   0.01682135]] 
Episode: 31: [[ 0.01240694 -0.01497855 -0.21245721 -0.23598187 -0.026674    0.
  -0.0209796   0.          0.00317181  0.00969746]
 [ 0.01237012  0.10994551 -0.24412039 -0.22749318  0.05665296  0.
  -0.03168948  0.         -0.01725222  0.0243341 ]
 [ 0.15057515  0.2769515  -0.26599059 -0.17013162  0.11209341  0.
  -0.0155014   0.         -0.03533321  0.00671029]
 [ 0.36306873  0.36849806 -0.2664968  -0.01291534  0.11038636  0.
   0.02088647  0.         -0.04325048 -0.01429284]
 [ 0.23711137  0.09357607 -0.1224875  -0.02418499  0.0405633   0.
   0.00807057  0.         -0.0089737   0.01706814]] 
Episode: 32: [[ 0.01281704 -0.01486033 -0.21269128 -0.23577023 -0.02650796  0.
  -0.02089221  0.          0.00317181  0.00993983]
 [ 0.01278421  0.11006966 -0.244354   -0.22728105  0.05682083  0.
  -0.03160603  0.         -0.01725222  0.02457142]
 [ 0.15092401  0.27707186 -0.26620802 -0.16991995  0.1122322   0.
  -0.0153803   0.         -0.03533321  0.00694919]
 [ 0.36328837  0.3686121  -0.26670176 -0.01270647  0.11050078  0.
   0.02107544  0.         -0.04325048 -0.01406445]
 [ 0.23732117  0.09368769 -0.12272379 -0.0239454   0.04075639  0.
   0.00812919  0.         -0.0089737   0.01734912]] 
Episode: 33: [[ 0.01319728 -0.01477095 -0.21290502 -0.23558111 -0.02640502  0.
  -0.02076     0.          0.00317181  0.01009871]
 [ 0.0131684   0.11016447 -0.24456729 -0.2270918   0.05692524  0.
  -0.03147748  0.         -0.01725222  0.02472571]
 [ 0.15124941  0.2771634  -0.2664063  -0.16973042  0.11230925  0.
  -0.01521748  0.         -0.03533321  0.00710569]
 [ 0.36349702  0.36869758 -0.26688826 -0.01251925  0.11055418  0.
   0.02129917  0.         -0.04325048 -0.01391664]
 [ 0.23752312  0.09376542 -0.12293969 -0.02373371  0.04087044  0.
   0.00823444  0.         -0.0089737   0.01753874]] 
Episode: 34: [[ 0.01360346 -0.0146398  -0.21308063 -0.23538145 -0.02628197  0.
  -0.02069531  0.          0.00317181  0.01018354]
 [ 0.0135775   0.1102999  -0.24474186 -0.22689164  0.05704909  0.
  -0.03141592  0.         -0.01725222  0.02480637]
 [ 0.15161163  0.2772971  -0.26656744 -0.1695302   0.11240976  0.
  -0.01512587  0.         -0.03533321  0.00718905]
 [ 0.36374465  0.368832   -0.2670398  -0.01232035  0.11063907  0.
   0.02144511  0.         -0.04325048 -0.0138404 ]
 [ 0.23778065  0.09389232 -0.12310904 -0.02349376  0.04101217  0.
   0.00827626  0.         -0.0089737   0.01764768]] 
Episode: 35: [[ 0.01399844 -0.0145692  -0.21322614 -0.23519692 -0.02617752  0.
  -0.02058387  0.          0.00317181  0.01031616]
 [ 0.01397562  0.1103743  -0.24488588 -0.22670665  0.05715466  0.
  -0.03130741  0.         -0.01725222  0.02493531]
 [ 0.15195554  0.2773699  -0.26669705 -0.16934527  0.11249273  0.
  -0.01498989  0.         -0.03533321  0.00731981]
 [ 0.36396563  0.36890763 -0.26715797 -0.01213762  0.11070697  0.
   0.02162992  0.         -0.04325048 -0.01371656]
 [ 0.23801522  0.09396277 -0.12324569 -0.02327169  0.04114422  0.
   0.00836608  0.         -0.0089737   0.01780453]] 
Episode: 36: [[ 0.01440945 -0.01441727 -0.21342994 -0.2349583  -0.02605142  0.
  -0.02053724  0.          0.00317181  0.0104812 ]
 [ 0.01439014  0.11053022 -0.24508858 -0.22646728  0.0572818   0.
  -0.03126328  0.         -0.01725222  0.02510093]
 [ 0.15231173  0.27752566 -0.26688606 -0.16910677  0.11259323  0.
  -0.01492172  0.         -0.03533321  0.00748714]
 [ 0.36418873  0.3690645  -0.2673346  -0.01190264  0.11078954  0.
   0.02174165  0.         -0.04325048 -0.01355499]
 [ 0.23826458  0.09410197 -0.12343998 -0.02299736  0.04129181  0.
   0.0083945   0.         -0.0089737   0.01795344]] 
Episode: 37: [[ 0.0148428  -0.01415744 -0.21363467 -0.23466374 -0.02576145  0.
  -0.0205485   0.          0.00317181  0.01057244]
 [ 0.01482602  0.11079401 -0.24529222 -0.22617096  0.05757286  0.
  -0.03127664  0.         -0.01725222  0.02519274]
 [ 0.15270117  0.2777888  -0.26707652 -0.16881375  0.11286811  0.
  -0.01491408  0.         -0.03533321  0.00758116]
 [ 0.36447933  0.36933005 -0.26751545 -0.01161378  0.11105459  0.
   0.02178816  0.         -0.04325048 -0.01346553]
 [ 0.2385882   0.09437026 -0.12364522 -0.02263875  0.04160472  0.
   0.00836802  0.         -0.0089737   0.01802653]] 
Episode: 38: [[ 0.01526324 -0.01393731 -0.21385106 -0.23439296 -0.02548666  0.
  -0.0205057   0.          0.00317181  0.01071028]
 [ 0.01524905  0.11101657 -0.24550763 -0.22589867  0.0578485   0.
  -0.03123586  0.         -0.01725222  0.02533103]
 [ 0.15306763  0.2780094  -0.26727715 -0.1685437   0.11312623  0.
  -0.01485394  0.         -0.03533321  0.00772087]
 [ 0.36472765  0.36955523 -0.26770294 -0.01134642  0.11130047  0.
   0.02188332  0.         -0.04325048 -0.01333041]
 [ 0.23887783  0.09459703 -0.12386288 -0.0223103   0.04189494  0.
   0.0083961   0.         -0.0089737   0.01815125]] 
Episode: 39: [[ 0.01570502 -0.01366664 -0.21409367 -0.2340692  -0.02518438  0.
  -0.02052004  0.          0.00317181  0.01088961]
 [ 0.01569256  0.11128879 -0.24574937 -0.2255724   0.05815033  0.
  -0.03125187  0.         -0.01725222  0.02551072]
 [ 0.15346612  0.27828062 -0.26750103 -0.16822203  0.11340814  0.
  -0.0148531   0.         -0.03533321  0.00790131]
 [ 0.3650384   0.369833   -0.26791173 -0.01102929  0.11157069  0.
   0.0219154   0.         -0.04325048 -0.01315457]
 [ 0.23923321  0.09488526 -0.12412366 -0.02190524  0.04221722  0.
   0.00836959  0.         -0.0089737   0.01832176]] 
Episode: 40: [[ 0.01615261 -0.01339352 -0.21436842 -0.23374498 -0.02490985  0.
  -0.02048032  0.          0.00317181  0.01110592]
 [ 0.01614255  0.11156267 -0.24602348 -0.22524536  0.05842448  0.
  -0.03121378  0.         -0.01725222  0.02572729]
 [ 0.15386869  0.2785527  -0.2677585  -0.16789772  0.11365777  0.
  -0.0147994   0.         -0.03533321  0.00811805]
 [ 0.36535364  0.37011108 -0.26815605 -0.01070534  0.11180688  0.
   0.0219973   0.         -0.04325048 -0.01294239]
 [ 0.23957942  0.09517109 -0.12441401 -0.02150546  0.04251962  0.
   0.00839738  0.         -0.0089737   0.01853289]] 
Episode: 41: [[ 0.01661816 -0.013142   -0.2146236  -0.23343378 -0.024648    0.
  -0.02049711  0.          0.00317181  0.01135518]
 [ 0.01660969  0.11181448 -0.24627785 -0.22493136  0.05868573  0.
  -0.03123192  0.         -0.01725222  0.02597673]
 [ 0.1542987   0.2788026  -0.2679966  -0.16758639  0.11389583  0.
  -0.01480401  0.         -0.03533321  0.00836719]
 [ 0.36572102  0.3703668  -0.26838097 -0.01039462  0.11203191  0.
   0.02201783  0.         -0.04325048 -0.01269779]
 [ 0.23998134  0.09543492 -0.12468445 -0.02111512  0.04280787  0.
   0.00837085  0.         -0.0089737   0.0187801 ]] 
Episode: 42: [[ 0.0170993  -0.01294962 -0.2148891  -0.23311052 -0.02433809  0.
  -0.02056451  0.          0.00317181  0.01163383]
 [ 0.0170917   0.11201244 -0.24654318 -0.22460537  0.0589962   0.
  -0.03130043  0.         -0.01725222  0.02625551]
 [ 0.15475236  0.2790083  -0.26824465 -0.16726482  0.1141857   0.
  -0.01486082  0.         -0.03533321  0.00864524]
 [ 0.36613214  0.3705849  -0.26861647 -0.01007633  0.11230911  0.
   0.02198345  0.         -0.04325048 -0.01242421]
 [ 0.240429    0.09563877 -0.12497348 -0.02070166  0.04314845  0.
   0.00829563  0.         -0.0089737   0.01905937]] 
Episode: 43: [[ 0.01756547 -0.01275045 -0.21514238 -0.23281214 -0.02407773  0.
  -0.02057283  0.          0.00317181  0.0119387 ]
 [ 0.01755945  0.11221666 -0.24679637 -0.22430453  0.05925677  0.
  -0.03130985  0.         -0.01725222  0.02656044]
 [ 0.15518521  0.27921903 -0.26848182 -0.16696623  0.11442511  0.
  -0.01485927  0.         -0.03533321  0.0089491 ]
 [ 0.36651322  0.37080595 -0.26884386 -0.00977759  0.11253378  0.
   0.02200528  0.         -0.04325048 -0.01212476]
 [ 0.24084988  0.09584368 -0.1252511  -0.02031591  0.04343835  0.
   0.00827935  0.         -0.0089737   0.01936712]] 
Episode: 44: [[ 0.01804725 -0.01247288 -0.2153947  -0.23249578 -0.02379211  0.
  -0.02063241  0.          0.00317181  0.01215737]
 [ 0.0180421   0.11249722 -0.24704862 -0.22398496  0.05954211  0.
  -0.03137032  0.         -0.01725222  0.02677922]
 [ 0.15564144  0.27950525 -0.26871744 -0.16664985  0.11468971  0.
  -0.01491033  0.         -0.03533321  0.00916745]
 [ 0.36693576  0.37110212 -0.26906916 -0.0094618   0.11278418  0.
   0.0219723   0.         -0.04325048 -0.01190561]
 [ 0.24131304  0.09613881 -0.12553255 -0.01990404  0.04375482  0.
   0.0082135   0.         -0.0089737   0.01958605]] 
Episode: 45: [[ 0.01848853 -0.01222987 -0.21563853 -0.23221442 -0.02359415  0.
  -0.02063392  0.          0.00317181  0.01229892]
 [ 0.0184844   0.11274324 -0.24729267 -0.22370113  0.05973939  0.
  -0.03137273  0.         -0.01725222  0.02692093]
 [ 0.15605868  0.27975678 -0.26894587 -0.16636807  0.1148668   0.
  -0.01490385  0.         -0.03533321  0.00930929]
 [ 0.36731747  0.37136227 -0.2692874  -0.00918054  0.11294615  0.
   0.02199515  0.         -0.04325048 -0.0117627 ]
 [ 0.24173582  0.09639619 -0.12581027 -0.01953959  0.04396912  0.
   0.00820547  0.         -0.0089737   0.01972503]] 
Episode: 46: [[ 0.01894841 -0.01199173 -0.21594734 -0.23185389 -0.02341169  0.
  -0.02068721  0.          0.00317181  0.01248042]
 [ 0.01894465  0.11297848 -0.24760248 -0.22333728  0.05991869  0.
  -0.03142672  0.         -0.01725222  0.02710252]
 [ 0.15650119  0.27999622 -0.26923862 -0.16600771  0.11501987  0.
  -0.01495027  0.         -0.03533321  0.00949059]
 [ 0.36774006  0.37162328 -0.2695691  -0.00882308  0.11308713  0.
   0.0219633   0.         -0.04325048 -0.01158074]
 [ 0.24219987  0.0966483  -0.1261718  -0.01908392  0.04416424  0.
   0.00814716  0.         -0.0089737   0.01990653]] 
Episode: 47: [[ 0.01938755 -0.01176722 -0.21622752 -0.23153143 -0.02324149  0.
  -0.02068324  0.          0.00317181  0.01269765]
 [ 0.01938507  0.11320031 -0.24788351 -0.22301179  0.06008614  0.
  -0.03142349  0.         -0.01725222  0.0273198 ]
 [ 0.1569243   0.28022125 -0.26950327 -0.16568549  0.11516191  0.
  -0.01493982  0.         -0.03533321  0.00970719]
 [ 0.36814022  0.3718672  -0.2698216  -0.00850378  0.11321538  0.
   0.02198697  0.         -0.04325048 -0.01136383]
 [ 0.24262968  0.09688235 -0.12649691 -0.01867742  0.04435296  0.
   0.00814577  0.         -0.0089737   0.02012596]] 
Episode: 48: [[ 0.01984567 -0.01150224 -0.2166357  -0.23109803 -0.02302186  0.
  -0.02073145  0.          0.00317181  0.01294684]
 [ 0.0198438   0.11346661 -0.24829255 -0.22257806  0.06030359  0.
  -0.03147227  0.         -0.01725222  0.02756899]
 [ 0.15737206  0.28049695 -0.26989907 -0.1652592   0.1153444   0.
  -0.01498251  0.         -0.03533321  0.00995539]
 [ 0.36857352  0.37217435 -0.27020612 -0.00808213  0.11338855  0.
   0.02195604  0.         -0.04325048 -0.01111563]
 [ 0.2430917   0.09714136 -0.126936   -0.01818743  0.04457029  0.
   0.00809355  0.         -0.0089737   0.02037923]] 
Episode: 49: [[ 0.02032037 -0.01117297 -0.21708877 -0.23062165 -0.0227965   0.
  -0.02082649  0.          0.00317181  0.01311652]
 [ 0.02031854  0.1137979  -0.24874695 -0.22210023  0.06052651  0.
  -0.03156773  0.         -0.01725222  0.02773872]
 [ 0.1578412   0.2808392  -0.27034408 -0.16478477  0.11553162  0.
  -0.01507286  0.         -0.03533321  0.01012468]
 [ 0.36903498  0.37254474 -0.2706463  -0.00760766  0.11356483  0.
   0.02187613  0.         -0.04325048 -0.010946  ]
 [ 0.24356672  0.0974455  -0.12741993 -0.01766891  0.04477975  0.
   0.00799567  0.         -0.0089737   0.02055957]] 
Episode: 50: [[ 0.02079998 -0.01085984 -0.21750301 -0.23017101 -0.02256757  0.
  -0.02096356  0.          0.00317181  0.01328537]
 [ 0.02080052  0.11411344 -0.24916239 -0.22164789  0.06075354  0.
  -0.0317051   0.         -0.01725222  0.02791241]
 [ 0.15831909  0.28116295 -0.27075    -0.16433568  0.11572576  0.
  -0.01520599  0.         -0.03533321  0.01029525]
 [ 0.36951056  0.37288892 -0.27104616 -0.00715839  0.11374567  0.
   0.02175227  0.         -0.04325048 -0.01077303]
 [ 0.24405093  0.0977383  -0.12786043 -0.01717445  0.04499597  0.
   0.00785678  0.         -0.0089737   0.02073777]] 
Episode: 51: [[ 0.02129353 -0.01056565 -0.21787494 -0.22975197 -0.02239533  0.
  -0.02103521  0.          0.00317181  0.01341423]
 [ 0.02129566  0.11441001 -0.24953522 -0.22122738  0.06092389  0.
  -0.0317771   0.         -0.01725222  0.02804518]
 [ 0.15881452  0.28146598 -0.27111486 -0.16391712  0.1158644   0.
  -0.0152738   0.         -0.03533321  0.01042672]
 [ 0.3700058   0.37321177 -0.27140793 -0.00673994  0.11387234  0.
   0.02169292  0.         -0.04325048 -0.01063533]
 [ 0.24455836  0.09801953 -0.12825903 -0.0167105   0.04516621  0.
   0.00778271  0.         -0.0089737   0.02088283]] 
Episode: 52: [[ 0.02178943 -0.010336   -0.21823283 -0.22933766 -0.02220605  0.
  -0.02115114  0.          0.00317181  0.01358474]
 [ 0.02179423  0.11464277 -0.24989387 -0.22081123  0.06111211  0.
  -0.03189327  0.         -0.01725222  0.02821911]
 [ 0.15930471  0.2817052  -0.27146477 -0.16350222  0.11602245  0.
  -0.01538656  0.         -0.03533321  0.01059913]
 [ 0.37048024  0.37346998 -0.27175277 -0.0063245   0.11401664  0.
   0.02158766  0.         -0.04325048 -0.01045758]
 [ 0.24503875  0.09824626 -0.12863845 -0.01625666  0.04535316  0.
   0.00766531  0.         -0.0089737   0.02107025]] 
Episode: 53: [[ 0.02228965 -0.01009924 -0.21860269 -0.22890761 -0.02199229  0.
  -0.02130686  0.          0.00317181  0.01371549]
 [ 0.02229839  0.11488233 -0.2502647  -0.22037858  0.06132492  0.
  -0.03204913  0.         -0.01725222  0.02834916]
 [ 0.15979557  0.28195107 -0.27182743 -0.16306902  0.11620558  0.
  -0.01553967  0.         -0.03533321  0.01072595]
 [ 0.37094915  0.3737347  -0.27211234 -0.00588798  0.11418601  0.
   0.02144117  0.         -0.04325048 -0.01033633]
 [ 0.24550991  0.09847323 -0.12903081 -0.01578953  0.0455617   0.
   0.00750895  0.         -0.0089737   0.02122417]] 
Episode: 54: [[ 0.02279318 -0.00982486 -0.21900226 -0.2284538  -0.02178003  0.
  -0.02149832  0.          0.00317181  0.01382928]
 [ 0.02280671  0.11515974 -0.25066566 -0.21992162  0.06153611  0.
  -0.03224063  0.         -0.01725222  0.02846103]
 [ 0.1602899   0.28223467 -0.27222383 -0.16260786  0.11638644  0.
  -0.01572902  0.         -0.03533321  0.01083696]
 [ 0.37141988  0.3740351  -0.27250686 -0.00541961  0.1143508   0.
   0.02125768  0.         -0.04325048 -0.01023183]
 [ 0.24596885  0.09873044 -0.12944178 -0.01531699  0.0457642   0.
   0.00731759  0.         -0.0089737   0.02133573]] 
Episode: 55: [[ 0.02330066 -0.00956331 -0.21937302 -0.22802892 -0.0215735   0.
  -0.02172186  0.          0.00317181  0.01387585]
 [ 0.02332038  0.11542501 -0.25103754 -0.21949367  0.06174151  0.
  -0.03246415  0.         -0.01725222  0.02850601]
 [ 0.16078003  0.28250834 -0.2725897  -0.16217616  0.11656349  0.
  -0.01595091  0.         -0.03533321  0.01088157]
 [ 0.37188002  0.37432674 -0.27286988 -0.00498086  0.11451077  0.
   0.02104096  0.         -0.04325048 -0.01019265]
 [ 0.24642318  0.09897082 -0.1298223  -0.01487035  0.04595723  0.
   0.00709476  0.         -0.0089737   0.02137779]] 
Episode: 56: [[ 0.02381665 -0.00925693 -0.21978413 -0.22756957 -0.02132492  0.
  -0.02197424  0.          0.00317181  0.01386221]
 [ 0.02384311  0.11573488 -0.25145027 -0.21903044  0.06198926  0.
  -0.03271643  0.         -0.01725222  0.02849106]
 [ 0.16127616  0.28282565 -0.27299812 -0.16170701  0.11678269  0.
  -0.01620202  0.         -0.03533321  0.01086667]
 [ 0.3723427   0.37465984 -0.27327892 -0.00450125  0.11471069  0.
   0.02079439  0.         -0.04325048 -0.010212  ]
 [ 0.2468704   0.09925411 -0.13024433 -0.01439976  0.04618393  0.
   0.00684364  0.         -0.0089737   0.02135774]] 
Episode: 57: [[ 0.02434215 -0.0089581  -0.22017024 -0.22712953 -0.02106843  0.
  -0.02225252  0.          0.00317181  0.0138634 ]
 [ 0.02437392  0.11603732 -0.2518378  -0.2185866   0.06224493  0.
  -0.03299455  0.         -0.01725222  0.02847899]
 [ 0.16178788  0.28313822 -0.27338082 -0.1612579   0.11701109  0.
  -0.01647938  0.         -0.03533321  0.0108633 ]
 [ 0.37283564  0.37499493 -0.2736639  -0.00404348  0.11492202  0.
   0.02052102  0.         -0.04325048 -0.01024398]
 [ 0.24735592  0.09953529 -0.13064349 -0.01394149  0.04642563  0.
   0.0065671   0.         -0.0089737   0.0213482 ]] 
Episode: 58: [[ 0.02487591 -0.00865266 -0.22056158 -0.22670957 -0.0208513   0.
  -0.02245153  0.          0.00317181  0.01392024]
 [ 0.02491175  0.11634545 -0.2522309  -0.21816276  0.06246029  0.
  -0.0331935   0.         -0.01725222  0.02852383]
 [ 0.16231313  0.28345627 -0.27376786 -0.1608285   0.11719655  0.
  -0.01667731  0.         -0.03533321  0.01091556]
 [ 0.3733545   0.37533644 -0.2740528  -0.00360548  0.11508784  0.
   0.0203268   0.         -0.04325048 -0.01021783]
 [ 0.24787396  0.09983688 -0.13106224 -0.01349089  0.04662979  0.
   0.00636896  0.         -0.0089737   0.02139773]] 
Episode: 59: [[ 0.02537672 -0.00835493 -0.2209472  -0.22631049 -0.02065405  0.
  -0.02268175  0.          0.00317181  0.01402692]
 [ 0.02541694  0.1166461  -0.2526184  -0.21775968  0.06265567  0.
  -0.0334236   0.         -0.01725222  0.02861965]
 [ 0.16280338  0.28376526 -0.27415034 -0.16041973  0.11736245  0.
  -0.01690677  0.         -0.03533321  0.01101767]
 [ 0.37383404  0.37566674 -0.27443868 -0.00318706  0.11523554  0.
   0.02010057  0.         -0.04325048 -0.01013958]
 [ 0.24834989  0.10013524 -0.13147855 -0.01306298  0.04681454  0.
   0.0061401   0.         -0.0089737   0.02149035]] 
Episode: 60: [[ 0.02587476 -0.00803433 -0.2213427  -0.22591567 -0.02048061  0.
  -0.02283762  0.          0.00317181  0.01417824]
 [ 0.0259199   0.11697149 -0.2530159  -0.21736078  0.06282747  0.
  -0.03357943  0.         -0.01725222  0.02876113]
 [ 0.16328067  0.28410006 -0.2745436  -0.16001396  0.11750218  0.
  -0.01706171  0.         -0.03533321  0.01116445]
 [ 0.37429208  0.37601987 -0.27483547 -0.00276971  0.11535432  0.
   0.01994865  0.         -0.04325048 -0.01001463]
 [ 0.2487961   0.10044838 -0.13190584 -0.01264009  0.04698024  0.
   0.00596696  0.         -0.0089737   0.02163137]] 
Episode: 61: [[ 0.02634775 -0.0076822  -0.22172785 -0.22554794 -0.02032319  0.
  -0.02292664  0.          0.00317181  0.01436952]
 [ 0.02639761  0.11732876 -0.253403   -0.21698904  0.06298321  0.
  -0.0336685   0.         -0.01725222  0.02894351]
 [ 0.1637361   0.28446773 -0.27492827 -0.15963405  0.11762472  0.
  -0.01714967  0.         -0.03533321  0.01135123]
 [ 0.37473413  0.37640443 -0.27522466 -0.00237676  0.11545503  0.
   0.01986351  0.         -0.04325048 -0.00984783]
 [ 0.24920584  0.10077921 -0.13231282 -0.01225859  0.04713401  0.
   0.00586202  0.         -0.0089737   0.02178799]] 
Episode: 62: [[ 0.02683523 -0.00732898 -0.22210325 -0.22515005 -0.02006222  0.
  -0.02305787  0.          0.00317181  0.01448604]
 [ 0.02688857  0.11768831 -0.25378042 -0.21658674  0.06324368  0.
  -0.03379969  0.         -0.01725222  0.02905211]
 [ 0.16421199  0.28484112 -0.2753033  -0.15922621  0.11786098  0.
  -0.01728014  0.         -0.03533321  0.01146417]
 [ 0.37520054  0.37679508 -0.2756058  -0.00196004  0.11567288  0.
   0.01973547  0.         -0.04325048 -0.00975243]
 [ 0.24965794  0.10112178 -0.13271922 -0.01183295  0.0474016   0.
   0.00571683  0.         -0.0089737   0.02187045]] 
Episode: 63: [[ 0.027318   -0.00700142 -0.22243512 -0.22478303 -0.0198304   0.
  -0.02312478  0.          0.00317181  0.01455974]
 [ 0.02737625  0.11802166 -0.25411388 -0.21621555  0.06347495  0.
  -0.03386666  0.         -0.01725222  0.02911738]
 [ 0.16468109  0.28518638 -0.27563575 -0.15884982  0.1180713   0.
  -0.01734616  0.         -0.03533321  0.01153266]
 [ 0.3756516   0.37715527 -0.27594554 -0.00157585  0.1158673   0.
   0.01967174  0.         -0.04325048 -0.0096996 ]
 [ 0.25010026  0.10144061 -0.1330788  -0.01143866  0.04764193  0.
   0.00563698  0.         -0.0089737   0.02191355]] 
Episode: 64: [[ 0.02776938 -0.00670363 -0.2227365  -0.22444871 -0.01962479  0.
  -0.02319077  0.          0.00317181  0.01463166]
 [ 0.02783285  0.11832466 -0.25441667 -0.21587741  0.06367993  0.
  -0.03393301  0.         -0.01725222  0.02918194]
 [ 0.16512214  0.28550014 -0.27593744 -0.15850691  0.11825697  0.
  -0.01741129  0.         -0.03533321  0.01160024]
 [ 0.37607855  0.37748262 -0.27625358 -0.00122591  0.1160383   0.
   0.01960959  0.         -0.04325048 -0.00964608]
 [ 0.25052008  0.10173064 -0.13340516 -0.01107871  0.04785431  0.
   0.00555881  0.         -0.0089737   0.02195857]] 
Episode: 65: [[ 0.0282283  -0.00641569 -0.22301835 -0.22413555 -0.0194152   0.
  -0.02330163  0.          0.00317181  0.01466628]
 [ 0.02829846  0.11861682 -0.25469968 -0.21556051  0.06388883  0.
  -0.03404412  0.         -0.01725222  0.02920712]
 [ 0.16557139  0.28580117 -0.27621767 -0.15818526  0.11844647  0.
  -0.01752157  0.         -0.03533321  0.01162821]
 [ 0.37651607  0.37779745 -0.27653864 -0.00089664  0.11621182  0.
   0.01950189  0.         -0.04325048 -0.00963746]
 [ 0.2509523   0.10201585 -0.13371079 -0.01073597  0.04806973  0.
   0.00543734  0.         -0.0089737   0.02196261]] 
Episode: 66: [[ 0.02868643 -0.00609591 -0.22331019 -0.2238085  -0.01921195  0.
  -0.02345281  0.          0.00317181  0.01465219]
 [ 0.02876332  0.11894076 -0.25499266 -0.21522956  0.06409143  0.
  -0.03419548  0.         -0.01725222  0.02917987]
 [ 0.16602406  0.28613445 -0.27651024 -0.15784621  0.11862879  0.
  -0.01766667  0.         -0.03533321  0.01160155]
 [ 0.37696308  0.3781441  -0.27683797 -0.00054677  0.11637864  0.
   0.0193866   0.         -0.04325048 -0.00968493]
 [ 0.25136945  0.1023215  -0.13401596 -0.01039759  0.04827495  0.
   0.00527694  0.         -0.0089737   0.02191113]] 
Episode: 67: [[ 2.91586723e-02 -5.77218691e-03 -2.23590925e-01 -2.23498538e-01
  -1.90250911e-02  0.00000000e+00 -2.36302037e-02  0.00000000e+00
   3.17181321e-03  1.46957729e-02]
 [ 2.92431302e-02  1.19267508e-01 -2.55274445e-01 -2.14915752e-01
   6.42769188e-02  0.00000000e+00 -3.43747847e-02  0.00000000e+00
  -1.72522180e-02  2.92114262e-02]
 [ 1.66493446e-01  2.86468595e-01 -2.76789337e-01 -1.57524750e-01
   1.18792720e-01  0.00000000e+00 -1.78329647e-02  0.00000000e+00
  -3.53332087e-02  1.16332360e-02]
 [ 3.77424985e-01  3.78490925e-01 -2.77120858e-01 -2.15080217e-04
   1.16526045e-01  0.00000000e+00  1.92590971e-02  0.00000000e+00
  -4.32504788e-02 -9.67245828e-03]
 [ 2.51812786e-01  1.02640800e-01 -1.34313583e-01 -1.00684492e-02
   4.84619439e-02  0.00000000e+00  5.09336684e-03  0.00000000e+00
  -8.97369999e-03  2.19236966e-02]] 
Episode: 68: [[ 2.9632956e-02 -5.4060756e-03 -2.2392057e-01 -2.2317587e-01
  -1.8863425e-02  0.0000000e+00 -2.3769509e-02  0.0000000e+00
   3.1718132e-03  1.4791029e-02]
 [ 2.9725408e-02  1.1963748e-01 -2.5560576e-01 -2.1458873e-01
   6.4437017e-02  0.0000000e+00 -3.4513537e-02  0.0000000e+00
  -1.7252218e-02  2.9295685e-02]
 [ 1.6696972e-01  2.8684604e-01 -2.7712303e-01 -1.5718746e-01
   1.1892636e-01  0.0000000e+00 -1.7930580e-02  0.0000000e+00
  -3.5333209e-02  1.1717229e-02]
 [ 3.7790272e-01  3.7887940e-01 -2.7746558e-01  1.3511002e-04
   1.1664113e-01  0.0000000e+00  1.9196881e-02  0.0000000e+00
  -4.3250479e-02 -9.6062450e-03]
 [ 2.5224069e-01  1.0299479e-01 -1.3465244e-01 -9.7465916e-03
   4.8627507e-02  0.0000000e+00  4.8769661e-03  0.0000000e+00
  -8.9737000e-03  2.1974176e-02]] 
Episode: 69: [[ 0.03008173 -0.00504116 -0.22423129 -0.22286586 -0.01870317  0.
  -0.02394669  0.          0.00317181  0.01493258]
 [ 0.0301817   0.12000643 -0.255918   -0.21427466  0.06459592  0.
  -0.03469012  0.         -0.01725222  0.02942717]
 [ 0.16741781  0.28722093 -0.2774378  -0.15686314  0.11905926  0.
  -0.01807028  0.         -0.03533321  0.01184811]
 [ 0.3783446   0.37926355 -0.27779222  0.00047191  0.11675514  0.
   0.01909934  0.         -0.04325048 -0.00949183]
 [ 0.25262827  0.10335068 -0.13497214 -0.00944186  0.04879451  0.
   0.00463106  0.         -0.0089737   0.02207821]] 
Episode: 70: [[ 0.03054821 -0.00468547 -0.22455125 -0.22256558 -0.01861946  0.
  -0.02405419  0.          0.00317181  0.01511563]
 [ 0.03065401  0.12036403 -0.25623915 -0.21397045  0.06467627  0.
  -0.03479719  0.         -0.01725222  0.02960099]
 [ 0.16788767  0.287582   -0.27775726 -0.15654877  0.11910474  0.
  -0.01814406  0.         -0.03533321  0.01202103]
 [ 0.37881973  0.3796341  -0.27811906  0.00079728  0.11677583  0.
   0.01906415  0.         -0.04325048 -0.00933419]
 [ 0.2530618   0.10370736 -0.13530575 -0.00913426  0.0488807   0.
   0.00446105  0.         -0.0089737   0.02223014]] 
Episode: 71: [[ 0.03097423 -0.00436187 -0.22484149 -0.22229329 -0.0185454   0.
  -0.02410655  0.          0.00317181  0.01527445]
 [ 0.03108549  0.12068941 -0.25653046 -0.21369462  0.06474729  0.
  -0.03484593  0.         -0.01725222  0.029751  ]
 [ 0.16831723  0.28791055 -0.27804694 -0.15626362  0.11914402  0.
  -0.01816105  0.         -0.03533321  0.01216995]
 [ 0.37925455  0.37997112 -0.27841526  0.00109243  0.11679247  0.
   0.01908465  0.         -0.04325048 -0.00919937]
 [ 0.25345927  0.10403219 -0.13560838 -0.00885514  0.04895652  0.
   0.00435352  0.         -0.0089737   0.02236024]] 
Episode: 72: [[ 0.03140008 -0.00400709 -0.2251581  -0.22198565 -0.01847092  0.
  -0.02420554  0.          0.00317181  0.01538633]
 [ 0.03151711  0.12104687 -0.25684837 -0.21338294  0.06481889  0.
  -0.03494153  0.         -0.01725222  0.02985179]
 [ 0.16874884  0.28827325 -0.2783666  -0.1559393   0.11918313  0.
  -0.01822817  0.         -0.03533321  0.01226276]
 [ 0.37969592  0.38034135 -0.27874514  0.00143139  0.11680909  0.
   0.01905064  0.         -0.04325048 -0.00912578]
 [ 0.25384593  0.10437397 -0.13592835 -0.00855753  0.04902836  0.
   0.00420553  0.         -0.0089737   0.02246579]] 
Episode: 73: [[ 0.03184637 -0.00365762 -0.2254697  -0.2216684  -0.01834788  0.
  -0.02434645  0.          0.00317181  0.01554325]
 [ 0.03196767  0.12139881 -0.257161   -0.21306115  0.06493899  0.
  -0.03507925  0.         -0.01725222  0.02999853]
 [ 0.1692042   0.28863063 -0.27867678 -0.15560721  0.11927012  0.
  -0.01834037  0.         -0.03533321  0.0124019 ]
 [ 0.38017046  0.38070738 -0.2790612   0.00177498  0.11687367  0.
   0.01896766  0.         -0.04325048 -0.0090045 ]
 [ 0.25427857  0.10472057 -0.13624762 -0.00822914  0.04915253  0.
   0.00402115  0.         -0.0089737   0.02261972]] 
Episode: 74: [[ 0.03231071 -0.0032817  -0.22583607 -0.22130331 -0.01823332  0.
  -0.02452504  0.          0.00317181  0.01571336]
 [ 0.03243496  0.12177739 -0.2575286  -0.21269102  0.06505045  0.
  -0.03525482  0.         -0.01725222  0.0301585 ]
 [ 0.16967079  0.28901458 -0.27904516 -0.1552217   0.11934379  0.
  -0.01849307  0.         -0.03533321  0.01256047]
 [ 0.380649    0.38110214 -0.27943805  0.00217834  0.11692675  0.
   0.01884068  0.         -0.04325048 -0.00886159]
 [ 0.25470662  0.10508209 -0.13661584 -0.00786776  0.04926777  0.
   0.00380407  0.         -0.0089737   0.02278584]] 
Episode: 75: [[ 0.03275635 -0.00291013 -0.22621399 -0.22094359 -0.01812285  0.
  -0.02472574  0.          0.00317181  0.01591358]
 [ 0.03288377  0.12215147 -0.25790808 -0.21232617  0.06515795  0.
  -0.0354545   0.         -0.01725222  0.03035168]
 [ 0.17011835  0.28939518 -0.27942833 -0.15484093  0.11941507  0.
  -0.01866037  0.         -0.03533321  0.01275491]
 [ 0.38110742  0.3814953  -0.27983245  0.00257805  0.11697982  0.
   0.01872012  0.         -0.04325048 -0.00868191]
 [ 0.25510252  0.10543055 -0.13699117 -0.00752137  0.04937794  0.
   0.00356022  0.         -0.0089737   0.02297509]] 
Episode: 76: [[ 0.03315998 -0.00261111 -0.2265469  -0.22064094 -0.01799259  0.
  -0.02485433  0.          0.00317181  0.01615003]
 [ 0.03328961  0.12245151 -0.258242   -0.21201912  0.06528568  0.
  -0.03558233  0.         -0.01725222  0.03058159]
 [ 0.1705112   0.2897024  -0.27976304 -0.15452133  0.11950967  0.
  -0.01875884  0.         -0.03533321  0.01298543]
 [ 0.3814901   0.38181576 -0.28017327  0.00291205  0.11705603  0.
   0.01866439  0.         -0.04325048 -0.00846517]
 [ 0.25542465  0.10570428 -0.137314   -0.00723954  0.04951495  0.
   0.00338413  0.         -0.0089737   0.02320441]] 
Episode: 77: [[ 0.03356647 -0.00230326 -0.22687857 -0.22032277 -0.01786801  0.
  -0.0250219   0.          0.00317181  0.01635461]
 [ 0.03369883  0.1227607  -0.25857463 -0.21169618  0.06540773  0.
  -0.03574907  0.         -0.01725222  0.03077926]
 [ 0.17090702  0.2900179  -0.28009647 -0.15418522  0.119598    0.
  -0.01889939  0.         -0.03533321  0.01317748]
 [ 0.38187355  0.38214275 -0.28050986  0.00326394  0.11712849  0.
   0.01856163  0.         -0.04325048 -0.00829118]
 [ 0.25573838  0.10598314 -0.13763551 -0.00694129  0.04964668  0.
   0.00317442  0.         -0.0089737   0.02341395]] 
Episode: 78: [[ 0.03397404 -0.00205342 -0.22719908 -0.22002392 -0.01774246  0.
  -0.02512075  0.          0.00317181  0.01659523]
 [ 0.03410954  0.12301194 -0.25889602 -0.21139316  0.06553124  0.
  -0.03584732  0.         -0.01725222  0.03101346]
 [ 0.17129703  0.29027736 -0.28041622 -0.15387048  0.1196887   0.
  -0.01897387  0.         -0.03533321  0.0134061 ]
 [ 0.38223323  0.38241488 -0.28082788  0.00359056  0.11720028  0.
   0.01852181  0.         -0.04325048 -0.00807935]
 [ 0.25603628  0.10620607 -0.13794672 -0.00665961  0.04977593  0.
   0.00303702  0.         -0.0089737   0.02366171]] 
Episode: 79: [[ 0.03438889 -0.00177771 -0.22752658 -0.21972074 -0.01762906  0.
  -0.02515781  0.          0.00317181  0.01686814]
 [ 0.03452802  0.12328975 -0.25922447 -0.21108575  0.06564246  0.
  -0.03588401  0.         -0.01725222  0.03128038]
 [ 0.17169213  0.29056156 -0.2807431  -0.15355079  0.11976513  0.
  -0.01898895  0.         -0.03533321  0.01366748]
 [ 0.3825923   0.38270637 -0.28115326  0.00392282  0.11725522  0.
   0.01853857  0.         -0.04325048 -0.00783359]
 [ 0.25632915  0.10646208 -0.13826735 -0.00637019  0.04989391  0.
   0.00296467  0.         -0.0089737   0.02394361]] 
Episode: 80: [[ 0.03480694 -0.00144424 -0.22786827 -0.21939169 -0.01752209  0.
  -0.02524297  0.          0.00317181  0.01716995]
 [ 0.03494989  0.12362582 -0.25956726 -0.21075231  0.06574704  0.
  -0.03596869  0.         -0.01725222  0.03157659]
 [ 0.17208906  0.29090506 -0.28108588 -0.1532032   0.11983365  0.
  -0.01905441  0.         -0.03533321  0.01395823]
 [ 0.38294965  0.3830567  -0.2814969   0.00428453  0.11730206  0.
   0.01850844  0.         -0.04325048 -0.00755742]
 [ 0.25661704  0.10676956 -0.13860504 -0.00605782  0.05000537  0.
   0.00284834  0.         -0.0089737   0.02423589]] 
Episode: 81: [[ 0.03524001 -0.00108148 -0.22824274 -0.21904656 -0.01742533  0.
  -0.02534468  0.          0.00317181  0.01746969]
 [ 0.03538762  0.12399188 -0.25994298 -0.21040243  0.06584116  0.
  -0.03607043  0.         -0.01725222  0.03187212]
 [ 0.17250144  0.29127777 -0.2814623  -0.15283762  0.1198871   0.
  -0.01911057  0.         -0.03533321  0.0142511 ]
 [ 0.3833308   0.38343477 -0.28187534  0.00466756  0.11733083  0.
   0.01853392  0.         -0.04325048 -0.00728203]
 [ 0.25691843  0.10710829 -0.13898206 -0.00572434  0.05010498  0.
   0.00269498  0.         -0.0089737   0.02451025]] 
Episode: 82: [[ 0.0356572  -0.00072369 -0.22862029 -0.21870914 -0.01730419  0.
  -0.02548824  0.          0.00317181  0.01779576]
 [ 0.03580924  0.12435156 -0.26032194 -0.21006013  0.06595942  0.
  -0.03621386  0.         -0.01725222  0.03219418]
 [ 0.17289214  0.291644   -0.28184342 -0.15248032  0.1199687   0.
  -0.01921328  0.         -0.03533321  0.01457027]
 [ 0.38368687  0.38380772 -0.28226107  0.0050427   0.11739117  0.
   0.0185043   0.         -0.04325048 -0.00697905]
 [ 0.25719857  0.10744018 -0.13936831 -0.00539452  0.0502276   0.
   0.00250575  0.         -0.0089737   0.02481639]] 
Episode: 83: [[ 3.60712335e-02 -3.29073489e-04 -2.28996009e-01 -2.18373567e-01
  -1.71909183e-02  0.00000000e+00 -2.56642792e-02  0.00000000e+00
   3.17181321e-03  1.80878788e-02]
 [ 3.62281278e-02  1.24748245e-01 -2.60699213e-01 -2.09719479e-01
   6.60697520e-02  0.00000000e+00 -3.63925286e-02  0.00000000e+00
  -1.72522180e-02  3.24785188e-02]
 [ 1.73285425e-01  2.92048872e-01 -2.82225102e-01 -1.52124003e-01
   1.20043680e-01  0.00000000e+00 -1.93436220e-02  0.00000000e+00
  -3.53332087e-02  1.48567390e-02]
 [ 3.84052366e-01  3.84220243e-01 -2.82651842e-01  5.41760679e-03
   1.17447510e-01  0.00000000e+00  1.84537601e-02  0.00000000e+00
  -4.32504788e-02 -6.70445291e-03]
 [ 2.57477850e-01  1.07805252e-01 -1.39754921e-01 -5.07032592e-03
   5.03433011e-02  0.00000000e+00  2.28428934e-03  0.00000000e+00
  -8.97369999e-03  2.50708237e-02]] 
Episode: 84: [[ 3.64602506e-02  2.66600600e-05 -2.29344934e-01 -2.18065739e-01
  -1.70832090e-02  0.00000000e+00 -2.57705599e-02  0.00000000e+00
   3.17181321e-03  1.84073430e-02]
 [ 3.66213806e-02  1.25105917e-01 -2.61049449e-01 -2.09406883e-01
   6.61747232e-02  0.00000000e+00 -3.65013629e-02  0.00000000e+00
  -1.72522180e-02  3.27907689e-02]
 [ 1.73647493e-01  2.92414069e-01 -2.82578975e-01 -1.51797026e-01
   1.20114855e-01  0.00000000e+00 -1.94085613e-02  0.00000000e+00
  -3.53332087e-02  1.51704103e-02]
 [ 3.84376734e-01  3.84592712e-01 -2.83013701e-01  5.76220220e-03
   1.17500290e-01  0.00000000e+00  1.84610784e-02  0.00000000e+00
  -4.32504788e-02 -6.40192907e-03]
 [ 2.57719785e-01  1.08132020e-01 -1.40114695e-01 -4.77256952e-03
   5.04569449e-02  0.00000000e+00  2.10501836e-03  0.00000000e+00
  -8.97369999e-03  2.53592320e-02]] 
Episode: 85: [[ 0.03683015  0.00039151 -0.22970153 -0.21777885 -0.01696666  0.
  -0.02587464  0.          0.00317181  0.01875128]
 [ 0.03699496  0.12547241 -0.2614075  -0.20911542  0.06628849  0.
  -0.03660731  0.         -0.01725222  0.03312801]
 [ 0.17398892  0.29278946 -0.2829423  -0.15149087  0.12019477  0.
  -0.01944481  0.         -0.03533321  0.01550844]
 [ 0.38467708  0.38497594 -0.28338525  0.00608438  0.11756036  0.
   0.01852039  0.         -0.04325048 -0.00607439]
 [ 0.25793907  0.10845862 -0.14047493 -0.00450667  0.05057922  0.
   0.00189227  0.         -0.0089737   0.02559926]] 
Episode: 86: [[ 0.03722807  0.00075626 -0.23006095 -0.2174522  -0.0167972   0.
  -0.0260206   0.          0.00317181  0.0190034 ]
 [ 0.03739516  0.12583911 -0.26176825 -0.20878367  0.06645575  0.
  -0.03675477  0.         -0.01725222  0.03337436]
 [ 0.17435603  0.29316652 -0.28330636 -0.15114439  0.12033129  0.
  -0.01952993  0.         -0.03533321  0.01575607]
 [ 0.38498497  0.38536242 -0.28375572  0.00644755  0.11767906  0.
   0.01852104  0.         -0.04325048 -0.00583564]
 [ 0.25818104  0.10878802 -0.14084272 -0.00418532  0.05074678  0.
   0.00164942  0.         -0.0089737   0.02576914]] 
Episode: 87: [[ 0.03762393  0.00112647 -0.23042916 -0.21710578 -0.01662159  0.
  -0.02620422  0.          0.00317181  0.01925825]
 [ 0.0377937   0.12621163 -0.26213783 -0.20843206  0.06662931  0.
  -0.03693957  0.         -0.01725222  0.03362416]
 [ 0.17472364  0.2935486  -0.28368056 -0.15077707  0.12047514  0.
  -0.01965899  0.         -0.03533321  0.01600708]
 [ 0.3853035   0.3857539  -0.28413704  0.00683266  0.11780749  0.
   0.01846897  0.         -0.04325048 -0.00559857]
 [ 0.25841838  0.1091318  -0.14121698 -0.00385021  0.05091894  0.
   0.0013795   0.         -0.0089737   0.02594995]] 
Episode: 88: [[ 0.03799663  0.00146314 -0.23076549 -0.2167884  -0.01646288  0.
  -0.02642168  0.          0.00317181  0.01953766]
 [ 0.03816956  0.12654999 -0.2624754  -0.20810984  0.06678582  0.
  -0.0371579   0.         -0.01725222  0.03390156]
 [ 0.17507294  0.2938955  -0.2840222  -0.15044083  0.12060449  0.
  -0.01982752  0.         -0.03533321  0.01628732]
 [ 0.38561073  0.38610986 -0.2844853   0.00718481  0.11792321  0.
   0.01836951  0.         -0.04325048 -0.00532974]
 [ 0.25865397  0.1094449  -0.14156093 -0.0035407   0.05107439  0.
   0.00108525  0.         -0.0089737   0.02616878]] 
Episode: 89: [[ 0.03838233  0.00186465 -0.23119973 -0.21642642 -0.01632197  0.
  -0.02666954  0.          0.00317181  0.01984567]
 [ 0.03855803  0.12695304 -0.2629116  -0.20774254  0.06692337  0.
  -0.0374064   0.         -0.01725222  0.03420752]
 [ 0.17543441  0.2943061  -0.2844665  -0.15005656  0.12070507  0.
  -0.02001235  0.         -0.03533321  0.01659532]
 [ 0.38592598  0.38652965 -0.28494158  0.00758665  0.11800659  0.
   0.01830291  0.         -0.04325048 -0.00503242]
 [ 0.25888246  0.109827   -0.14200526 -0.00320403  0.05121297  0.
   0.00076912  0.         -0.0089737   0.0264097 ]] 
Episode: 90: [[ 0.03877792  0.00228834 -0.23165864 -0.2160424  -0.0161885   0.
  -0.02694473  0.          0.00317181  0.02013206]
 [ 0.03895673  0.12737882 -0.26337272 -0.20735314  0.06705343  0.
  -0.03768199  0.         -0.01725222  0.03449034]
 [ 0.17580727  0.29474148 -0.28493768 -0.14964867  0.12079525  0.
  -0.02023119  0.         -0.03533321  0.01687864]
 [ 0.38625473  0.38697523 -0.2854272   0.00801319  0.11807831  0.
   0.01819019  0.         -0.04325048 -0.00476341]
 [ 0.25911665  0.11022825 -0.142473   -0.00284903  0.05134583  0.
   0.00043332  0.         -0.0089737   0.02663475]] 
Episode: 91: [[ 3.91889177e-02  2.68444768e-03 -2.32094213e-01 -2.15668455e-01
  -1.60775278e-02  0.00000000e+00 -2.72444766e-02  0.00000000e+00
   3.17181321e-03  2.03513540e-02]
 [ 3.93717699e-02  1.27777591e-01 -2.63810158e-01 -2.06973910e-01
   6.71607703e-02  0.00000000e+00 -3.79819311e-02  0.00000000e+00
  -1.72522180e-02  3.47012617e-02]
 [ 1.76185131e-01  2.95150310e-01 -2.85381138e-01 -1.49252921e-01
   1.20861605e-01  0.00000000e+00 -2.04684641e-02  0.00000000e+00
  -3.53332087e-02  1.70865860e-02]
 [ 3.86579633e-01  3.87394518e-01 -2.85881430e-01  8.42661969e-03
   1.18123747e-01  0.00000000e+00  1.80854797e-02  0.00000000e+00
  -4.32504788e-02 -4.57762927e-03]
 [ 2.59358883e-01  1.10601686e-01 -1.42916679e-01 -2.49359990e-03
   5.14491871e-02  0.00000000e+00  1.00952930e-04  0.00000000e+00
  -8.97369999e-03  2.68090703e-02]] 
Episode: 92: [[ 3.95824239e-02  3.05555458e-03 -2.32497454e-01 -2.15328187e-01
  -1.59684103e-02  0.00000000e+00 -2.74619255e-02  0.00000000e+00
   3.17181321e-03  2.06057075e-02]
 [ 3.97692323e-02  1.28151461e-01 -2.64214814e-01 -2.06628770e-01
   6.72665983e-02  0.00000000e+00 -3.81997377e-02  0.00000000e+00
  -1.72522180e-02  3.49477977e-02]
 [ 1.76539868e-01  2.95533180e-01 -2.85789937e-01 -1.48892447e-01
   1.20927580e-01  0.00000000e+00 -2.06291880e-02  0.00000000e+00
  -3.53332087e-02  1.73299033e-02]
 [ 3.86880130e-01  3.87788087e-01 -2.86298513e-01  8.80413409e-03
   1.18169956e-01  0.00000000e+00  1.80444159e-02  0.00000000e+00
  -4.32504788e-02 -4.35478752e-03]
 [ 2.59576857e-01  1.10956147e-01 -1.43327877e-01 -2.17201514e-03
   5.15575781e-02  0.00000000e+00 -1.46511535e-04  0.00000000e+00
  -8.97369999e-03  2.70265993e-02]] 
Episode: 93: [[ 0.04000204  0.00343772 -0.2328732  -0.21498892 -0.01580146  0.
  -0.02770968  0.          0.00317181  0.02077777]
 [ 0.04019136  0.12853621 -0.26459146 -0.20628446  0.06743038  0.
  -0.03844766  0.         -0.01725222  0.03511236]
 [ 0.17692985  0.29592484 -0.2861671  -0.14853516  0.12105367  0.
  -0.0208264   0.         -0.03533321  0.01749217]
 [ 0.38722196  0.38818857 -0.28668046  0.00917609  0.11827715  0.
   0.01795442  0.         -0.04325048 -0.00421032]
 [ 0.25985736  0.11133613 -0.1437097  -0.00183291  0.05172892  0.
  -0.00042069  0.         -0.0089737   0.02716091]] 
Episode: 94: [[ 0.04041858  0.00378905 -0.2332277  -0.21465337 -0.01565142  0.
  -0.02798468  0.          0.00317181  0.02091563]
 [ 0.04061104  0.12888928 -0.26494685 -0.20594361  0.06757694  0.
  -0.03872265  0.         -0.01725222  0.03524202]
 [ 0.17731385  0.2962846  -0.28652263 -0.1481826   0.12116411  0.
  -0.0210564   0.         -0.03533321  0.0176159 ]
 [ 0.3875487   0.38855782 -0.28704053  0.00954289  0.11836877  0.
   0.01782046  0.         -0.04325048 -0.00410706]
 [ 0.26013342  0.11168585 -0.14407074 -0.0014905   0.05188523  0.
  -0.00071888  0.         -0.0089737   0.02726871]] 
Episode: 95: [[ 0.04085135  0.00418836 -0.23360409 -0.21427616 -0.01550367  0.
  -0.02828416  0.          0.00317181  0.02102498]
 [ 0.04104735  0.12929113 -0.26532438 -0.20556067  0.06772116  0.
  -0.03902197  0.         -0.01725222  0.03534117]
 [ 0.17771563  0.29669407 -0.2869016  -0.14778465  0.121269    0.
  -0.02131586  0.         -0.03533321  0.01770607]
 [ 0.38789672  0.38897648 -0.28742597  0.00995815  0.11845217  0.
   0.017647    0.         -0.04325048 -0.00404412]
 [ 0.2604189   0.11207459 -0.14445414 -0.00111341  0.05203437  0.
  -0.00103865  0.         -0.0089737   0.02734783]] 
Episode: 96: [[ 0.04126038  0.00458196 -0.23396376 -0.21392004 -0.01537025  0.
  -0.02850149  0.          0.00317181  0.0211368 ]
 [ 0.04146009  0.12968752 -0.2656853  -0.20519899  0.06785129  0.
  -0.03923932  0.         -0.01725222  0.03544368]
 [ 0.17810035  0.29709905 -0.28726557 -0.14740774  0.12136174  0.
  -0.02149668  0.         -0.03533321  0.01780449]
 [ 0.38823903  0.38939062 -0.28779843  0.010353    0.11852507  0.
   0.01754393  0.         -0.04325048 -0.00396671]
 [ 0.2606878   0.11245298 -0.14481826 -0.00076432  0.05217039  0.
  -0.0013046   0.         -0.0089737   0.02741606]] 
Episode: 97: [[ 0.04165231  0.00496837 -0.2343168  -0.21356387 -0.01524499  0.
  -0.02874904  0.          0.00317181  0.02119826]
 [ 0.04185587  0.13007699 -0.2660397  -0.2048373   0.06797343  0.
  -0.03948674  0.         -0.01725222  0.03549303]
 [ 0.17847183  0.29749942 -0.2876244  -0.14702977  0.12144867  0.
  -0.02171184  0.         -0.03533321  0.01784298]
 [ 0.3885734   0.38980132 -0.28816703  0.01075015  0.11859367  0.
   0.01739832  0.         -0.04325048 -0.00395353]
 [ 0.26094615  0.1128112  -0.14517552 -0.00041956  0.0522938   0.
  -0.00159557  0.         -0.0089737   0.02745753]] 
Episode: 98: [[ 4.20472734e-02  5.31820208e-03 -2.34659642e-01 -2.13216618e-01
  -1.51147870e-02  0.00000000e+00 -2.89197136e-02  0.00000000e+00
   3.17181321e-03  2.13116184e-02]
 [ 4.22552191e-02  1.30429074e-01 -2.66383708e-01 -2.04484597e-01
   6.81007877e-02  0.00000000e+00 -3.96574587e-02  0.00000000e+00
  -1.72522180e-02  3.55951339e-02]
 [ 1.78843260e-01  2.97860235e-01 -2.87970752e-01 -1.46661267e-01
   1.21540345e-01  0.00000000e+00 -2.18528938e-02  0.00000000e+00
  -3.53332087e-02  1.79346390e-02]
 [ 3.88911396e-01  3.90173674e-01 -2.88521707e-01  1.11388080e-02
   1.18667759e-01  0.00000000e+00  1.73202418e-02  0.00000000e+00
  -4.32504788e-02 -3.88538232e-03]
 [ 2.61209220e-01  1.13133021e-01 -1.45528257e-01 -7.25485661e-05
   5.24251089e-02  0.00000000e+00 -1.80566043e-03  0.00000000e+00
  -8.97369999e-03  2.75567267e-02]] 
Episode: 99: [[ 4.2437743e-02  5.6499396e-03 -2.3496795e-01 -2.1289028e-01
  -1.4967797e-02  0.0000000e+00 -2.9125253e-02  0.0000000e+00
   3.1718132e-03  2.1368943e-02]
 [ 4.2650662e-02  1.3076381e-01 -2.6669297e-01 -2.0415302e-01
   6.8245657e-02  0.0000000e+00 -3.9862890e-02  0.0000000e+00
  -1.7252218e-02  3.5639089e-02]
 [ 1.7920956e-01  2.9820374e-01 -2.8828236e-01 -1.4631569e-01
   1.2165477e-01  0.0000000e+00 -2.2032233e-02  0.0000000e+00
  -3.5333209e-02  1.7967280e-02]
 [ 3.8924146e-01  3.9052713e-01 -2.8884116e-01  1.1502448e-02
   1.1876733e-01  0.0000000e+00  1.7197164e-02  0.0000000e+00
  -4.3250479e-02 -3.8749713e-03]
 [ 2.6147148e-01  1.1344084e-01 -1.4584602e-01  2.5852164e-04
   5.2579042e-02  0.0000000e+00 -2.0463360e-03  0.0000000e+00
  -8.9737000e-03  2.7601656e-02]] 
Episode: 100: [[ 0.04284215  0.00595032 -0.23524919 -0.21259263 -0.01488139  0.
  -0.02925817  0.          0.00317181  0.02144298]
 [ 0.04306109  0.13106656 -0.26697478 -0.2038506   0.06832948  0.
  -0.03999588  0.         -0.01725222  0.03570416]
 [ 0.1795824   0.29851422 -0.2885649  -0.1459989   0.12170687  0.
  -0.02214111  0.         -0.03533321  0.0180207 ]
 [ 0.38956726  0.39084783 -0.28913003  0.01183745  0.11880259  0.
   0.01713928  0.         -0.04325048 -0.00384536]
 [ 0.26174584  0.11371747 -0.1461356   0.00056564  0.0526682   0.
  -0.00221122  0.         -0.0089737   0.02767735]] 
Episode: 101: [[ 0.04323589  0.00623216 -0.23552741 -0.21229295 -0.01480292  0.
  -0.02937821  0.          0.00317181  0.02146022]
 [ 0.04346105  0.13135064 -0.26725373 -0.2035462   0.0684055   0.
  -0.04011567  0.         -0.01725222  0.03570977]
 [ 0.17995149  0.2988053  -0.288846   -0.14567935  0.12175221  0.
  -0.0222329   0.         -0.03533321  0.01801173]
 [ 0.38989693  0.39114875 -0.2894189   0.01217552  0.11883169  0.
   0.01709951  0.         -0.04325048 -0.00387523]
 [ 0.2620208   0.11397535 -0.14642082  0.00087092  0.05274658  0.
  -0.00235943  0.         -0.0089737   0.02769843]] 
Episode: 102: [[ 0.04364175  0.00651041 -0.23579459 -0.21199864 -0.01469383  0.
  -0.02953842  0.          0.00317181  0.02141734]
 [ 0.04387441  0.13163088 -0.2675215  -0.203247    0.06851255  0.
  -0.04027551  0.         -0.01725222  0.03565693]
 [ 0.18033391  0.29909235 -0.28911453 -0.14536609  0.12183098  0.
  -0.02236813  0.         -0.03533321  0.01794655]
 [ 0.39023727  0.39144713 -0.28969398  0.01250608  0.11889547  0.
   0.01701069  0.         -0.04325048 -0.00395846]
 [ 0.26231828  0.11423581 -0.1466998   0.00118218  0.05285728  0.
  -0.00254466  0.         -0.0089737   0.02765528]] 
Episode: 103: [[ 0.04403377  0.00675986 -0.23605286 -0.21172553 -0.01460813  0.
  -0.02963033  0.          0.00317181  0.02138901]
 [ 0.04427369  0.13188191 -0.26778024 -0.2029693   0.06859603  0.
  -0.04036725  0.         -0.01725222  0.03562071]
 [ 0.18069959  0.2993495  -0.28937256 -0.1450744   0.12188517  0.
  -0.02243712  0.         -0.03533321  0.01789628]
 [ 0.39055866  0.39171636 -0.28995648  0.01281562  0.11893456  0.
   0.01698382  0.         -0.04325048 -0.00403155]
 [ 0.26260397  0.11446788 -0.14697242  0.0014772   0.05294272  0.
  -0.00265943  0.         -0.0089737   0.02763711]] 
Episode: 104: [[ 0.04443258  0.00703613 -0.23631963 -0.21143396 -0.01451898  0.
  -0.0297652   0.          0.00317181  0.02134389]
 [ 0.04467983  0.1321607  -0.26804757 -0.20267306  0.06868301  0.
  -0.04050182  0.         -0.01725222  0.03556586]
 [ 0.18107128  0.29963556 -0.2896383  -0.14476395  0.12194148  0.
  -0.0225518   0.         -0.03533321  0.01782656]
 [ 0.3908832   0.39201444 -0.2902255   0.01314371  0.11897403  0.
   0.01690668  0.         -0.04325048 -0.00412895]
 [ 0.2628934   0.11472596 -0.1472558   0.00179393  0.05302818  0.
  -0.00281454  0.         -0.0089737   0.02759886]] 
Episode: 105: [[ 0.04481786  0.00732988 -0.23657891 -0.21112476 -0.01442381  0.
  -0.02993868  0.          0.00317181  0.02133674]
 [ 0.04507214  0.13245659 -0.26830727 -0.20235902  0.06877598  0.
  -0.04067489  0.         -0.01725222  0.03554945]
 [ 0.18143277  0.2999379  -0.28989702 -0.14443527  0.1220047   0.
  -0.02270755  0.         -0.03533321  0.01780497]
 [ 0.39120153  0.3923276  -0.2904879   0.01348973  0.11902395  0.
   0.01678435  0.         -0.04325048 -0.00416792]
 [ 0.2631721   0.11499769 -0.14753053  0.00212457  0.05311959  0.
  -0.00300592  0.         -0.0089737   0.02757062]] 
Episode: 106: [[ 0.04514969  0.0076084  -0.23679295 -0.21086313 -0.01430513  0.
  -0.03004858  0.          0.00317181  0.02138927]
 [ 0.04540875  0.13273685 -0.26852128 -0.20209321  0.06889287  0.
  -0.04077974  0.         -0.01725222  0.03559317]
 [ 0.1817359   0.3002251  -0.2901076  -0.14415722  0.12209496  0.
  -0.02279508  0.         -0.03533321  0.01784322]
 [ 0.3914551   0.39262396 -0.2906971   0.01378157  0.11910238  0.
   0.01672724  0.         -0.04325048 -0.00414615]
 [ 0.26338133  0.11526041 -0.14774407  0.00239333  0.05323615  0.
  -0.003204    0.         -0.0089737   0.027608  ]] 
Episode: 107: [[ 0.04546374  0.00791191 -0.23701383 -0.21061024 -0.01420786  0.
  -0.03013086  0.          0.00317181  0.02149528]
 [ 0.04572721  0.13304277 -0.26874253 -0.20183611  0.06898797  0.
  -0.04085474  0.         -0.01725222  0.0356908 ]
 [ 0.18202163  0.3005422  -0.29032838 -0.1438864   0.12216403  0.
  -0.02282897  0.         -0.03533321  0.01793512]
 [ 0.3916923   0.39295322 -0.29092112  0.01406851  0.11916067  0.
   0.01672874  0.         -0.04325048 -0.00406988]
 [ 0.26356012  0.11553074 -0.14796466  0.00263636  0.05333231  0.
  -0.00341838  0.         -0.0089737   0.02769145]] 
Episode: 108: [[ 0.04576707  0.00814781 -0.23722525 -0.21037216 -0.01410121  0.
  -0.0301983   0.          0.00317181  0.02164924]
 [ 0.04603436  0.13328014 -0.26895425 -0.20159408  0.069093    0.
  -0.04091332  0.         -0.01725222  0.03583677]
 [ 0.18229109  0.30078927 -0.2905393  -0.14363192  0.12224545  0.
  -0.02282984  0.         -0.03533321  0.01807516]
 [ 0.3919082   0.3932119  -0.2911355   0.01433787  0.1192309   0.
   0.01678293  0.         -0.04325048 -0.0039447 ]
 [ 0.26372176  0.11572607 -0.14818048  0.00286906  0.05344006  0.
  -0.00361842  0.         -0.0089737   0.0278289 ]] 
Episode: 109: [[ 0.04609269  0.00842462 -0.23745912 -0.21010917 -0.01401197  0.
  -0.03031161  0.          0.00317181  0.02174857]
 [ 0.04636452  0.13355911 -0.2691887  -0.20132679  0.06918014  0.
  -0.04101846  0.         -0.01725222  0.03592484]
 [ 0.1825876   0.3010779  -0.29077384 -0.14335217  0.12230635  0.
  -0.02288337  0.         -0.03533321  0.01814966]
 [ 0.3921559   0.39351115 -0.29137534  0.01463231  0.11928069  0.
   0.01677887  0.         -0.04325048 -0.00388875]
 [ 0.26391366  0.1159692  -0.14842626  0.00313906  0.05352945  0.
  -0.00385076  0.         -0.0089737   0.02793273]] 
Episode: 110: [[ 0.04642606  0.00867269 -0.23770162 -0.20982406 -0.01390588  0.
  -0.03046617  0.          0.00317181  0.02181504]
 [ 0.04670244  0.13380852 -0.26943177 -0.20103674  0.06928427  0.
  -0.04116547  0.         -0.01725222  0.03597707]
 [ 0.18288502  0.30133593 -0.2910154  -0.14304899  0.12238371  0.
  -0.02298426  0.         -0.03533321  0.01818671]
 [ 0.39239898  0.39378214 -0.29162025  0.01495229  0.11934839  0.
   0.01672242  0.         -0.04325048 -0.00387814]
 [ 0.2641081   0.11618576 -0.14868386  0.00344341  0.05363313  0.
  -0.00411214  0.         -0.0089737   0.02801299]] 
Episode: 111: [[ 0.04679423  0.00898902 -0.23803006 -0.20945914 -0.01380103  0.
  -0.0306578   0.          0.00317181  0.02185429]
 [ 0.04707346  0.13412729 -0.26976192 -0.20066598  0.06938678  0.
  -0.0413501   0.         -0.01725222  0.03600155]
 [ 0.18322675  0.301664   -0.2913501  -0.14265941  0.1224517   0.
  -0.0231277   0.         -0.03533321  0.01819839]
 [ 0.39270145  0.3941242  -0.2919676   0.01536417  0.11940522  0.
   0.01661889  0.         -0.04325048 -0.00388585]
 [ 0.26433724  0.11646361 -0.14902918  0.00381329  0.0537327   0.
  -0.00439961  0.         -0.0089737   0.02805191]] 
Episode: 112: [[ 0.04715548  0.00932755 -0.23838039 -0.20909007 -0.01371056  0.
  -0.03080757  0.          0.00317181  0.02194873]
 [ 0.04743716  0.13446869 -0.27011433 -0.20029083  0.06947456  0.
  -0.04148968  0.         -0.01725222  0.03608219]
 [ 0.18355884  0.30201682 -0.29170942 -0.14226356  0.12250278  0.
  -0.02320405  0.         -0.03533321  0.01826663]
 [ 0.39299497  0.39449155 -0.29234406  0.01578552  0.11944371  0.
   0.0165785   0.         -0.04325048 -0.00383597]
 [ 0.26454636  0.11675634 -0.1493956   0.00417946  0.05381582  0.
  -0.0046691   0.         -0.0089737   0.02814992]] 
Episode: 113: [[ 0.0475263   0.00966908 -0.23873596 -0.20870636 -0.01363062  0.
  -0.03099506  0.          0.00317181  0.02205109]
 [ 0.04781093  0.13481367 -0.2704719  -0.19990091  0.06955145  0.
  -0.04166777  0.         -0.01725222  0.03617313]
 [ 0.18389747  0.30237243 -0.29207337 -0.14185376  0.12254223  0.
  -0.02332538  0.         -0.03533321  0.01834595]
 [ 0.39328945  0.3948608  -0.29272646  0.01621983  0.11947051  0.
   0.01648946  0.         -0.04325048 -0.00377789]
 [ 0.2647623   0.11705465 -0.14977528  0.00456955  0.05388704  0.
  -0.00496407  0.         -0.0089737   0.02825176]] 
Episode: 114: [[ 0.04790104  0.01001193 -0.23912531 -0.20830692 -0.01355704  0.
  -0.03121645  0.          0.00317181  0.02208373]
 [ 0.04818869  0.13516082 -0.27086377 -0.19949515  0.06962184  0.
  -0.04188051  0.         -0.01725222  0.03619605]
 [ 0.18423799  0.30273098 -0.29247236 -0.14142774  0.12257261  0.
  -0.02348714  0.         -0.03533321  0.01835934]
 [ 0.39358225  0.3952331  -0.2931443   0.01667082  0.11948476  0.
   0.01635669  0.         -0.04325048 -0.00378267]
 [ 0.26498213  0.11735641 -0.1501928   0.00497813  0.05394635  0.
  -0.00528195  0.         -0.0089737   0.02829325]] 
Episode: 115: [[ 0.04826762  0.0103553  -0.2395106  -0.20791252 -0.01349486  0.
  -0.03138221  0.          0.00317181  0.02211243]
 [ 0.04855828  0.13550839 -0.27125168 -0.1990944   0.06968084  0.
  -0.04203488  0.         -0.01725222  0.03621322]
 [ 0.18457536  0.30309087 -0.2928694  -0.14100519  0.12259191  0.
  -0.02358006  0.         -0.03533321  0.0183646 ]
 [ 0.39388105  0.39560777 -0.2935613   0.0171201   0.11948843  0.
   0.01628991  0.         -0.04325048 -0.00379999]
 [ 0.26519644  0.1176564  -0.15059891  0.00537317  0.05399652  0.
  -0.00554137  0.         -0.0089737   0.02833968]] 
Episode: 116: [[ 0.04860657  0.01072387 -0.23986734 -0.20757084 -0.01344079  0.
  -0.03147846  0.          0.00317181  0.02219769]
 [ 0.04889962  0.13588107 -0.27161083 -0.19874714  0.06973158  0.
  -0.04212114  0.         -0.01725222  0.0362876 ]
 [ 0.18488918  0.30347744 -0.29323718 -0.1406381   0.12260391  0.
  -0.02361108  0.         -0.03533321  0.01842739]
 [ 0.3941577   0.39600876 -0.29394776  0.01751088  0.11948399  0.
   0.01628245  0.         -0.04325048 -0.00375841]
 [ 0.2653738   0.1179796  -0.15096784  0.00569771  0.05404138  0.
  -0.00572205  0.         -0.0089737   0.02844481]] 
Episode: 117: [[ 0.04893813  0.0111186  -0.24019852 -0.20726003 -0.01333708  0.
  -0.03151223  0.          0.00317181  0.02233364]
 [ 0.04923368  0.13627852 -0.27194372 -0.1984311   0.06983244  0.
  -0.04214616  0.         -0.01725222  0.03641326]
 [ 0.18518855  0.30388576 -0.29357645 -0.14030407  0.12266938  0.
  -0.02358645  0.         -0.03533321  0.01854178]
 [ 0.39441028  0.3964299  -0.29430386  0.01786704  0.11953469  0.
   0.01632834  0.         -0.04325048 -0.00366397]
 [ 0.26552653  0.11835472 -0.15131187  0.00599214  0.05414627  0.
  -0.00583193  0.         -0.0089737   0.02860246]] 
Episode: 118: [[ 0.04927262  0.01150262 -0.24054053 -0.20694727 -0.01324653  0.
  -0.03159288  0.          0.00317181  0.0224934 ]
 [ 0.04957131  0.1366653  -0.27228773 -0.19811298  0.06991994  0.
  -0.04222123  0.         -0.01725222  0.03656543]
 [ 0.185494    0.30428204 -0.29392675 -0.13996896  0.12271988  0.
  -0.02360354  0.         -0.03533321  0.01869261]
 [ 0.39467382  0.39683756 -0.29467008  0.01822383  0.11956881  0.
   0.01635487  0.         -0.04325048 -0.00352473]
 [ 0.2656952   0.11872432 -0.1516721   0.00629522  0.05423737  0.
  -0.00598339  0.         -0.0089737   0.02874925]] 
Episode: 119: [[ 0.0496056   0.01187801 -0.24089073 -0.20663722 -0.01316544  0.
  -0.03161263  0.          0.00317181  0.02266073]
 [ 0.04990734  0.1370439  -0.27264    -0.19779746  0.06999801  0.
  -0.04223622  0.         -0.01725222  0.03672691]
 [ 0.18580163  0.3046705  -0.29428634 -0.13963419  0.1227589   0.
  -0.02356631  0.         -0.03533321  0.01886017]
 [ 0.3949485   0.39723733 -0.29504743  0.01858284  0.11958904  0.
   0.01643152  0.         -0.04325048 -0.00336196]
 [ 0.26586238  0.11908222 -0.15203772  0.00658846  0.05431743  0.
  -0.00609513  0.         -0.0089737   0.02887795]] 
Episode: 120: [[ 0.04995977  0.01223062 -0.2412464  -0.20631358 -0.01307612  0.
  -0.03168317  0.          0.00317181  0.02280502]
 [ 0.05026532  0.13739939 -0.27299768 -0.19746806  0.07008432  0.
  -0.04230221  0.         -0.01725222  0.03686455]
 [ 0.18612628  0.30503395 -0.294648   -0.1392867   0.12280338  0.
  -0.02358539  0.         -0.03533321  0.01900536]
 [ 0.39522934  0.39761218 -0.29542089  0.01895384  0.11961322  0.
   0.01644772  0.         -0.04325048 -0.00322289]
 [ 0.2660495   0.11942394 -0.1524125   0.00690886  0.05440336  0.
  -0.00624841  0.         -0.0089737   0.02897287]] 
Episode: 121: [[ 0.05031846  0.01260089 -0.24160276 -0.2059845  -0.01299472  0.
  -0.03178919  0.          0.00317181  0.02290309]
 [ 0.05062844  0.1377725  -0.27335614 -0.19713308  0.07016257  0.
  -0.04240597  0.         -0.01725222  0.03695238]
 [ 0.18645975  0.3054146  -0.29501182 -0.13893273  0.12284011  0.
  -0.02363805  0.         -0.03533321  0.01909572]
 [ 0.39552858  0.39800254 -0.29579955  0.0193332   0.11962982  0.
   0.01644612  0.         -0.04325048 -0.00314451]
 [ 0.26624894  0.11978592 -0.15279056  0.00723801  0.05448055  0.
  -0.00641246  0.         -0.0089737   0.02903355]] 
Episode: 122: [[ 0.05065556  0.01293268 -0.24196176 -0.20567589 -0.01291789  0.
  -0.03191581  0.          0.00317181  0.02296344]
 [ 0.05096904  0.13810664 -0.27371708 -0.19681911  0.07023626  0.
  -0.04253196  0.         -0.01725222  0.03700239]
 [ 0.18677078  0.30575183 -0.295377   -0.13860123  0.12287015  0.
  -0.02371207  0.         -0.03533321  0.01915303]
 [ 0.39579985  0.39834884 -0.29617432  0.01968659  0.11964169  0.
   0.01642651  0.         -0.04325048 -0.0030923 ]
 [ 0.26644063  0.1201212  -0.15317173  0.0075486   0.05454895  0.
  -0.00658903  0.         -0.0089737   0.02902552]] 
Episode: 123: [[ 0.05099633  0.01330126 -0.2423274  -0.2053561  -0.01284497  0.
  -0.03208264  0.          0.00317181  0.02302793]
 [ 0.05131356  0.13847856 -0.27408493 -0.19649376  0.07030585  0.
  -0.04269797  0.         -0.01725222  0.03705712]
 [ 0.18708818  0.30612835 -0.29575008 -0.13825855  0.1228963   0.
  -0.02383149  0.         -0.03533321  0.0192145 ]
 [ 0.39607972  0.3987341  -0.29655892  0.0200512   0.11965062  0.
   0.01635574  0.         -0.04325048 -0.00303573]
 [ 0.2666436   0.1204954  -0.1535644   0.00787789  0.05461176  0.
  -0.00680093  0.         -0.0089737   0.02902928]] 
Episode: 124: [[ 0.05132717  0.01362948 -0.24266943 -0.2050636  -0.01276837  0.
  -0.0321798   0.          0.00317181  0.02311989]
 [ 0.05164781  0.13880956 -0.2744287  -0.19619614  0.07037937  0.
  -0.04279466  0.         -0.01725222  0.03714188]
 [ 0.18738575  0.30646455 -0.29609632 -0.13794461  0.1229281   0.
  -0.02388611  0.         -0.03533321  0.01930363]
 [ 0.3963316   0.39908028 -0.29691258  0.02038638  0.11966486  0.
   0.01634518  0.         -0.04325048 -0.0029579 ]
 [ 0.26682854  0.12082601 -0.15393096  0.00818167  0.05467868  0.
  -0.00693849  0.         -0.0089737   0.029075  ]] 
Episode: 125: [[ 0.05168277  0.01397676 -0.2430516  -0.2047285  -0.01266439  0.
  -0.03232009  0.          0.00317181  0.0231419 ]
 [ 0.05200756  0.13916017 -0.27481303 -0.19585544  0.07048052  0.
  -0.04293426  0.         -0.01725222  0.03715804]
 [ 0.18771     0.3068194  -0.29648387 -0.13758731  0.12298596  0.
  -0.02398802  0.         -0.03533321  0.01932473]
 [ 0.39660946  0.39944512 -0.29730752  0.02076518  0.11970615  0.
   0.01628261  0.         -0.04325048 -0.00294593]
 [ 0.2670442   0.12118699 -0.15434243  0.0085393   0.05476986  0.
  -0.00711524  0.         -0.0089737   0.02906047]] 
Episode: 126: [[ 0.05204429  0.0143649  -0.24346034 -0.20439772 -0.01255555  0.
  -0.03242296  0.          0.00317181  0.02322213]
 [ 0.05237339  0.13955267 -0.27522427 -0.19551903  0.07058655  0.
  -0.04303356  0.         -0.01725222  0.03723243]
 [ 0.18804385  0.30721655 -0.29689997 -0.13723354  0.1230476   0.
  -0.02402724  0.         -0.03533321  0.01940257]
 [ 0.39690548  0.39985237 -0.29773396  0.02114187  0.11975159  0.
   0.01627937  0.         -0.04325048 -0.00287728]
 [ 0.26726452  0.12159406 -0.1547894   0.00888961  0.05486543  0.
  -0.00727051  0.         -0.0089737   0.02910603]] 
Episode: 127: [[ 0.0523984   0.01472214 -0.24383016 -0.20409139 -0.01241917  0.
  -0.03256853  0.          0.00317181  0.02333606]
 [ 0.05273266  0.13991375 -0.27559623 -0.19520737  0.07072072  0.
  -0.04317564  0.         -0.01725222  0.03734352]
 [ 0.18837519  0.3075816  -0.29727575 -0.1369067   0.12314214  0.
  -0.02411525  0.         -0.03533321  0.0195178 ]
 [ 0.39720374  0.40022656 -0.29811856  0.02148896  0.11983183  0.
   0.01622344  0.         -0.04325048 -0.00276898]
 [ 0.26750094  0.12197061 -0.15519315  0.00921841  0.0549972   0.
  -0.00746339  0.         -0.0089737   0.0291946 ]] 
Episode: 128: [[ 0.05274924  0.01506288 -0.24418388 -0.20379129 -0.01230161  0.
  -0.03268361  0.          0.00317181  0.02349554]
 [ 0.05308833  0.14025785 -0.2759518  -0.194902    0.0708357   0.
  -0.04328511  0.         -0.01725222  0.03750313]
 [ 0.1886987   0.30792943 -0.29763418 -0.13658589  0.12321755  0.
  -0.02414921  0.         -0.03533321  0.01968017]
 [ 0.39748806  0.40058315 -0.29848385  0.02183142  0.11989199  0.
   0.01622612  0.         -0.04325048 -0.00261382]
 [ 0.26772547  0.12232807 -0.15557827  0.00953977  0.05510853  0.
  -0.00763914  0.         -0.0089737   0.02930577]] 
Episode: 129: [[ 0.05310889  0.01543754 -0.2445762  -0.20345975 -0.01219163  0.
  -0.03277926  0.          0.00317181  0.02363015]
 [ 0.05345239  0.14063622 -0.27634647 -0.19456477  0.07094281  0.
  -0.04337282  0.         -0.01725222  0.03763633]
 [ 0.18903169  0.30831203 -0.29803497 -0.13622898  0.12328051  0.
  -0.02413727  0.         -0.03533321  0.01982122]
 [ 0.3977849   0.40097526 -0.2988958   0.02221364  0.1199368   0.
   0.01628151  0.         -0.04325048 -0.00247555]
 [ 0.26795575  0.12271979 -0.15600178  0.00988521  0.05520935  0.
  -0.00780262  0.         -0.0089737   0.0293621 ]] 
Episode: 130: [[ 0.05345671  0.01576544 -0.24493615 -0.20315795 -0.01208112  0.
  -0.03281187  0.          0.00317181  0.02381164]
 [ 0.05380464  0.140967   -0.27670825 -0.19425762  0.07105075  0.
  -0.0433986   0.         -0.01725222  0.03781594]
 [ 0.18935111  0.3086472  -0.29840067 -0.135904    0.12334646  0.
  -0.02407372  0.         -0.03533321  0.02000693]
 [ 0.39806327  0.40132168 -0.29926956  0.02256132  0.11998615  0.
   0.01638427  0.         -0.04325048 -0.0022933 ]
 [ 0.26817384  0.12306159 -0.15638885  0.0101997   0.05531324  0.
  -0.00790902  0.         -0.0089737   0.02947706]] 
Episode: 131: [[ 0.05379861  0.01607279 -0.24529839 -0.20286313 -0.01197849  0.
  -0.03278782  0.          0.00317181  0.02403514]
 [ 0.05415014  0.14127678 -0.27707246 -0.19395769  0.07115071  0.
  -0.04336869  0.         -0.01725222  0.03803713]
 [ 0.18966536  0.3089601  -0.29876912 -0.13558452  0.12340344  0.
  -0.02396377  0.         -0.03533321  0.02023269]
 [ 0.39833316  0.40164587 -0.29964316  0.02290393  0.12002608  0.
   0.01652963  0.         -0.04325048 -0.00207158]
 [ 0.26837277  0.12338631 -0.15677167  0.01049595  0.05540806  0.
  -0.0079761   0.         -0.0089737   0.02964447]] 
Episode: 132: [[ 0.05415609  0.01636383 -0.24565795 -0.20255552 -0.01185702  0.
  -0.03281954  0.          0.00317181  0.02426059]
 [ 0.05451203  0.14156994 -0.27743387 -0.19364485  0.07126983  0.
  -0.04339486  0.         -0.01725222  0.0382604 ]
 [ 0.18999399  0.30925497 -0.29913312 -0.13525335  0.12348109  0.
  -0.02391761  0.         -0.03533321  0.02046374]
 [ 0.39861444  0.40195096 -0.3000109   0.02325674  0.12008649  0.
   0.0166075   0.         -0.04325048 -0.0018457 ]
 [ 0.26858565  0.12369446 -0.15715757  0.01081615  0.0555206   0.
  -0.00809027  0.         -0.0089737   0.02980853]] 
Episode: 133: [[ 0.05452387  0.016635   -0.24599168 -0.20226213 -0.01174681  0.
  -0.0329014   0.          0.00317181  0.02441778]
 [ 0.05488508  0.14184307 -0.27776912 -0.1933465   0.07137758  0.
  -0.04347144  0.         -0.01725222  0.03841226]
 [ 0.19033138  0.30952844 -0.2994695  -0.13493873  0.12354864  0.
  -0.02392883  0.         -0.03533321  0.02062005]
 [ 0.39890522  0.40223333 -0.30034956  0.02359068  0.12013668  0.
   0.01662468  0.         -0.04325048 -0.00170071]
 [ 0.26881835  0.12398279 -0.15751672  0.01112896  0.05562234  0.
  -0.00824677  0.         -0.0089737   0.02990993]] 
Episode: 134: [[ 0.05485513  0.01690636 -0.24628487 -0.20200814 -0.01164345  0.
  -0.03293702  0.          0.00317181  0.02461957]
 [ 0.05522063  0.1421167  -0.27806345 -0.19308804  0.07147865  0.
  -0.04349868  0.         -0.01725222  0.03860863]
 [ 0.1906312   0.30980453 -0.29976434 -0.13466491  0.12361247  0.
  -0.02388621  0.         -0.03533321  0.02081945]
 [ 0.3991646   0.40251958 -0.3006463   0.02388357  0.12018364  0.
   0.01669298  0.         -0.04325048 -0.00151247]
 [ 0.26901278  0.12426607 -0.15782942  0.01139442  0.05571998  0.
  -0.00836684  0.         -0.0089737   0.03004565]] 
Episode: 135: [[ 0.05517314  0.01721185 -0.24656078 -0.20176664 -0.01155586  0.
  -0.03291568  0.          0.00317181  0.0248613 ]
 [ 0.05554267  0.14242499 -0.2783403  -0.19284226  0.0715636   0.
  -0.04347011  0.         -0.01725222  0.03884487]
 [ 0.19091746  0.31011805 -0.30004126 -0.13440333  0.12366179  0.
  -0.02379518  0.         -0.03533321  0.02105749]
 [ 0.3994131   0.40284374 -0.30092496  0.02416556  0.12021606  0.
   0.01680723  0.         -0.04325048 -0.00128543]
 [ 0.2691905   0.12458225 -0.15812644  0.01164736  0.05580203  0.
  -0.00842088  0.         -0.0089737   0.03023187]] 
Episode: 136: [[ 0.05551006  0.01756742 -0.24686696 -0.20149127 -0.0114634   0.
  -0.03293312  0.          0.00317181  0.02507175]
 [ 0.05588327  0.14278373 -0.27864763 -0.19256221  0.07165299  0.
  -0.04348217  0.         -0.01725222  0.03904806]
 [ 0.19122134  0.31048384 -0.3003482  -0.13410686  0.12371285  0.
  -0.02373279  0.         -0.03533321  0.0212586 ]
 [ 0.39967242  0.40322182 -0.3012311   0.02448226  0.12024998  0.
   0.01691158  0.         -0.04325048 -0.00109938]
 [ 0.26939055  0.12494797 -0.15845668  0.01194461  0.05588072  0.
  -0.0084922   0.         -0.0089737   0.03039311]] 
Episode: 137: [[ 0.05584976  0.01794399 -0.2472104  -0.20120111 -0.01137971  0.
  -0.03295878  0.          0.00317181  0.02525819]
 [ 0.05622634  0.14316346 -0.27899277 -0.19226728  0.07173325  0.
  -0.04350246  0.         -0.01725222  0.03922722]
 [ 0.19153091  0.3108716  -0.30069804 -0.1337928   0.12375222  0.
  -0.02366275  0.         -0.03533321  0.02144024]
 [ 0.39994138  0.4036231  -0.30158812  0.02481947  0.12027183  0.
   0.01704769  0.         -0.04325048 -0.00092545]
 [ 0.26959088  0.12533255 -0.15882403  0.01224852  0.05594941  0.
  -0.00858285  0.         -0.0089737   0.03051091]] 
Episode: 138: [[ 0.05622718  0.01834324 -0.24758743 -0.20086806 -0.01128513  0.
  -0.03303552  0.          0.00317181  0.02537782]
 [ 0.05660538  0.14356571 -0.27937183 -0.19192886  0.07182396  0.
  -0.04357406  0.         -0.01725222  0.03933456]
 [ 0.19188246  0.31128246 -0.30108184 -0.1334356   0.12379967  0.
  -0.02365278  0.         -0.03533321  0.02154424]
 [ 0.40025297  0.40404856 -0.30198023  0.0252005   0.12030205  0.
   0.01711708  0.         -0.04325048 -0.00082733]
 [ 0.26983526  0.12573875 -0.15923806  0.01261319  0.05602701  0.
  -0.00871863  0.         -0.0089737   0.03059622]] 
Episode: 139: [[ 0.05658066  0.0187032  -0.24791567 -0.20059504 -0.01121515  0.
  -0.03305093  0.          0.00317181  0.02554612]
 [ 0.05696018  0.14392793 -0.27970135 -0.1916515   0.07189047  0.
  -0.04358515  0.         -0.01725222  0.03949115]
 [ 0.19219941  0.3116505  -0.3014152  -0.13313928  0.12382518  0.
  -0.0235908   0.         -0.03533321  0.02169682]
 [ 0.40051815  0.4044293  -0.30232129  0.02552078  0.12030971  0.
   0.01723253  0.         -0.04325048 -0.00068103]
 [ 0.27004007  0.12610249 -0.15959583  0.01290279  0.0560861   0.
  -0.00878654  0.         -0.0089737   0.03073766]] 
Episode: 140: [[ 0.0569704   0.01905434 -0.24820696 -0.20032589 -0.01115035  0.
  -0.03311837  0.          0.00317181  0.02563659]
 [ 0.05734972  0.14428116 -0.2799933  -0.19137827  0.07195152  0.
  -0.04364841  0.         -0.01725222  0.03957179]
 [ 0.192563    0.31201062 -0.301711   -0.1328485   0.12384991  0.
  -0.02358705  0.         -0.03533321  0.0217749 ]
 [ 0.40082157  0.4048049  -0.3026251   0.02583303  0.12032116  0.
   0.01731123  0.         -0.04325048 -0.00060757]
 [ 0.2703093   0.12646472 -0.15991373  0.01320144  0.0561451   0.
  -0.00889671  0.         -0.0089737   0.03079993]] 
Episode: 141: [[ 0.05734494  0.01944711 -0.248511   -0.20006134 -0.01110466  0.
  -0.0332326   0.          0.00317181  0.02577848]
 [ 0.05772388  0.14467636 -0.2802982  -0.1911095   0.0719919   0.
  -0.04375857  0.         -0.01725222  0.03970419]
 [ 0.1929061   0.31241304 -0.3020193  -0.13256457  0.1238521   0.
  -0.02363664  0.         -0.03533321  0.02190401]
 [ 0.40110093  0.40522164 -0.3029436   0.02613692  0.12031004  0.
   0.01732886  0.         -0.04325048 -0.00048358]
 [ 0.27055582  0.12688045 -0.16025852  0.01350074  0.05618607  0.
  -0.00904996  0.         -0.0089737   0.03092036]] 
Episode: 142: [[ 5.7703190e-02  1.9825621e-02 -2.4883370e-01 -1.9980414e-01
  -1.1064110e-02  0.0000000e+00 -3.3281822e-02  0.0000000e+00
   3.1718132e-03  2.5925281e-02]
 [ 5.8081836e-02  1.4505731e-01 -2.8062209e-01 -1.9084801e-01
   7.2027273e-02  0.0000000e+00 -4.3804441e-02  0.0000000e+00
  -1.7252218e-02  3.9842352e-02]
 [ 1.9323674e-01  3.1280366e-01 -3.0234969e-01 -1.3228542e-01
   1.2384862e-01  0.0000000e+00 -2.3628306e-02  0.0000000e+00
  -3.5333209e-02  2.2045603e-02]
 [ 4.0138102e-01  4.0562990e-01 -3.0328780e-01  2.6439544e-02
   1.2029356e-01  0.0000000e+00  1.7397856e-02  0.0000000e+00
  -4.3250479e-02 -3.4398070e-04]
 [ 2.7078933e-01  1.2727234e-01 -1.6061752e-01  1.3781627e-02
   5.6219559e-02  0.0000000e+00 -9.1357604e-03  0.0000000e+00
  -8.9737000e-03  3.1027455e-02]] 
Episode: 143: [[ 5.8067366e-02  2.0216014e-02 -2.4922022e-01 -1.9950300e-01
  -1.1031022e-02  0.0000000e+00 -3.3341698e-02  0.0000000e+00
   3.1718132e-03  2.6117872e-02]
 [ 5.8445372e-02  1.4545032e-01 -2.8101048e-01 -1.9054195e-01
   7.2054744e-02  0.0000000e+00 -4.3860011e-02  0.0000000e+00
  -1.7252218e-02  4.0026527e-02]
 [ 1.9357307e-01  3.1320801e-01 -3.0274808e-01 -1.3195808e-01
   1.2382936e-01  0.0000000e+00 -2.3602810e-02  0.0000000e+00
  -3.5333209e-02  2.2231868e-02]
 [ 4.0166959e-01  4.0605325e-01 -3.0370513e-01  2.6794426e-02
   1.2025536e-01  0.0000000e+00  1.7513029e-02  0.0000000e+00
  -4.3250479e-02 -1.6046947e-04]
 [ 2.7101883e-01  1.2766710e-01 -1.6104285e-01  1.4102067e-02
   5.6239922e-02  0.0000000e+00 -9.2523983e-03  0.0000000e+00
  -8.9737000e-03  3.1167068e-02]] 
Episode: 144: [[ 5.84390610e-02  2.06026472e-02 -2.49619424e-01 -1.99195743e-01
  -1.10014845e-02  0.00000000e+00 -3.34492400e-02  0.00000000e+00
   3.17181321e-03  2.63513550e-02]
 [ 5.88168241e-02  1.45839825e-01 -2.81411767e-01 -1.90229818e-01
   7.20786527e-02  0.00000000e+00 -4.39633839e-02  0.00000000e+00
  -1.72522180e-02  4.02519442e-02]
 [ 1.93911478e-01  3.13608199e-01 -3.03160220e-01 -1.31625280e-01
   1.23808049e-01  0.00000000e+00 -2.36329660e-02  0.00000000e+00
  -3.53332087e-02  2.24581938e-02]
 [ 4.01957214e-01  4.06473458e-01 -3.04138064e-01  2.71545351e-02
   1.20219432e-01  0.00000000e+00  1.75676439e-02  0.00000000e+00
  -4.32504788e-02  6.24348540e-05]
 [ 2.71250904e-01  1.28061816e-01 -1.61491349e-01  1.44364731e-02
   5.62574081e-02  0.00000000e+00 -9.41150542e-03  0.00000000e+00
  -8.97369999e-03  3.13468091e-02]] 
Episode: 145: [[ 5.87960668e-02  2.09763758e-02 -2.50005603e-01 -1.98895842e-01
  -1.09711895e-02  0.00000000e+00 -3.35416943e-02  0.00000000e+00
   3.17181321e-03  2.65767910e-02]
 [ 5.91732487e-02  1.46216735e-01 -2.81799853e-01 -1.89925179e-01
   7.21036941e-02  0.00000000e+00 -4.40503471e-02  0.00000000e+00
  -1.72522180e-02  4.04711701e-02]
 [ 1.94235742e-01  3.13996136e-01 -3.03558052e-01 -1.31299242e-01
   1.23789221e-01  0.00000000e+00 -2.36333646e-02  0.00000000e+00
  -3.53332087e-02  2.26793997e-02]
 [ 4.02236491e-01  4.06881064e-01 -3.04553598e-01  2.75087561e-02
   1.20187901e-01  0.00000000e+00  1.76698640e-02  0.00000000e+00
  -4.32504788e-02  2.78221269e-04]
 [ 2.71466762e-01  1.28440484e-01 -1.61922559e-01  1.47554632e-02
   5.62730506e-02  0.00000000e+00 -9.55644436e-03  0.00000000e+00
  -8.97369999e-03  3.15083303e-02]] 
Episode: 146: [[ 0.05915027  0.02136513 -0.2503868  -0.19857894 -0.01094193  0.
  -0.03366091  0.          0.00317181  0.02672636]
 [ 0.05952705  0.1466093  -0.28218308 -0.18960331  0.07212802  0.
  -0.04416577  0.         -0.01725222  0.04061043]
 [ 0.19456095  0.31440312 -0.30395207 -0.13095327  0.12377035  0.
  -0.02365698  0.         -0.03533321  0.02281915]
 [ 0.40252554  0.4073095  -0.30496615  0.02788624  0.12015568  0.
   0.0177597   0.         -0.04325048  0.00041409]
 [ 0.27168468  0.12882416 -0.16234455  0.0150862   0.05628686  0.
  -0.00971251  0.         -0.0089737   0.03161081]] 
Episode: 147: [[ 0.05951294  0.02177002 -0.25077105 -0.19825289 -0.01090753  0.
  -0.03380813  0.          0.00317181  0.02691072]
 [ 0.0598901   0.14701797 -0.28256944 -0.18927206  0.07215724  0.
  -0.04431088  0.         -0.01725222  0.04078765]
 [ 0.19489425  0.31482473 -0.30434862 -0.130599    0.12375659  0.
  -0.02369897  0.         -0.03533321  0.02299861]
 [ 0.4028241   0.4077507  -0.30538222  0.02827193  0.12012766  0.
   0.01785737  0.         -0.04325048  0.00058718]
 [ 0.2719132   0.12923247 -0.1627772   0.01543596  0.05630819  0.
  -0.00989385  0.         -0.0089737   0.03174482]] 
Episode: 148: [[ 0.05986149  0.02216201 -0.25117198 -0.19793302 -0.01088037  0.
  -0.03389889  0.          0.00317181  0.02705177]
 [ 0.06023932  0.14741378 -0.2829728  -0.18894698  0.07217934  0.
  -0.04439591  0.         -0.01725222  0.04092003]
 [ 0.19521882  0.31523353 -0.30476555 -0.13025026  0.12373541  0.
  -0.02368322  0.         -0.03533321  0.02313052]
 [ 0.40312645  0.40818003 -0.30582294  0.02865387  0.12009349  0.
   0.01799867  0.         -0.04325048  0.00070815]
 [ 0.27213988  0.1296264  -0.1632243   0.0157757   0.05632187  0.
  -0.01001857  0.         -0.0089737   0.0318442 ]] 
Episode: 149: [[ 0.06022548  0.02252137 -0.25153422 -0.19762498 -0.01083979  0.
  -0.03403459  0.          0.00317181  0.02718034]
 [ 0.06060569  0.14777683 -0.28333694 -0.1886338   0.07221538  0.
  -0.04452614  0.         -0.01725222  0.04104242]
 [ 0.1955595   0.31560856 -0.30514055 -0.12991606  0.12373082  0.
  -0.02372254  0.         -0.03533321  0.02325264]
 [ 0.4034449   0.40857542 -0.3062188   0.02901859  0.1200761   0.
   0.01807236  0.         -0.04325048  0.00081901]
 [ 0.27239272  0.12999046 -0.16362654  0.01611221  0.05635407  0.
  -0.0101854   0.         -0.0089737   0.03194007]] 
Episode: 150: [[ 0.06059554  0.02292258 -0.25194937 -0.19727781 -0.01079892  0.
  -0.0342107   0.          0.00317181  0.02727837]
 [ 0.06097816  0.14818253 -0.28375468 -0.18828115  0.07225134  0.
  -0.044697    0.         -0.01725222  0.04113314]
 [ 0.1959063   0.31602666 -0.30557042 -0.12954205  0.12372316  0.
  -0.02381138  0.         -0.03533321  0.02334171]
 [ 0.40376595  0.4090142  -0.30667275  0.02942311  0.12005582  0.
   0.01808527  0.         -0.04325048  0.00089712]
 [ 0.27265602  0.13040383 -0.16409543  0.01649689  0.05638159  0.
  -0.01039007  0.         -0.0089737   0.03199623]] 
Episode: 151: [[ 0.06094796  0.02330891 -0.2523619  -0.19693413 -0.0107617   0.
  -0.03432354  0.          0.00317181  0.02735712]
 [ 0.06133281  0.14857318 -0.28417003 -0.18793191  0.07228394  0.
  -0.04480104  0.         -0.01725222  0.04120406]
 [ 0.19624032  0.31643116 -0.30600038 -0.12917027  0.12371351  0.
  -0.02383785  0.         -0.03533321  0.02340406]
 [ 0.40408292  0.40944058 -0.30712962  0.02982706  0.12003411  0.
   0.01815024  0.         -0.04325048  0.0009409 ]
 [ 0.27290514  0.13079287 -0.16455539  0.01687053  0.05640354  0.
  -0.01053647  0.         -0.0089737   0.03205423]] 
Episode: 152: [[ 0.06128841  0.02368682 -0.25277776 -0.19659835 -0.01073309  0.
  -0.03437367  0.          0.00317181  0.02741686]
 [ 0.06167577  0.14895518 -0.28458893 -0.18759063  0.07230787  0.
  -0.04484094  0.         -0.01725222  0.04125581]
 [ 0.19656788  0.31682757 -0.30643675 -0.12880458  0.1236957   0.
  -0.02380825  0.         -0.03533321  0.02344839]
 [ 0.4044023   0.40985972 -0.30759647  0.0302272   0.12000508  0.
   0.01826201  0.         -0.04325048  0.00096826]
 [ 0.27314797  0.13116917 -0.16501199  0.01722894  0.05641529  0.
  -0.01064373  0.         -0.0089737   0.03208665]] 
Episode: 153: [[ 0.06166797  0.02405015 -0.25315544 -0.19626729 -0.01071587  0.
  -0.0344728   0.          0.00317181  0.02740885]
 [ 0.06205615  0.14932233 -0.2849688  -0.18725428  0.07232     0.
  -0.04493048  0.         -0.01725222  0.0412414 ]
 [ 0.19694266  0.31720525 -0.30683088 -0.12844653  0.1236669   0.
  -0.02383501  0.         -0.03533321  0.02342838]
 [ 0.4047837   0.41025695 -0.30801734  0.03061508  0.11996703  0.
   0.01830925  0.         -0.04325048  0.00093401]
 [ 0.27347746  0.13153705 -0.16542701  0.01759637  0.05641532  0.
  -0.01079501  0.         -0.0089737   0.03204975]] 
Episode: 154: [[ 0.06205666  0.02434287 -0.25352943 -0.19594952 -0.01069874  0.
  -0.03461597  0.          0.00317181  0.02741506]
 [ 0.06244639  0.14961828 -0.28534484 -0.18693171  0.07233246  0.
  -0.04506466  0.         -0.01725222  0.04124264]
 [ 0.19732274  0.31751212 -0.30721846 -0.12810539  0.12363937  0.
  -0.02391244  0.         -0.03533321  0.02342257]
 [ 0.40514997  0.41058612 -0.30842566  0.03097975  0.11993464  0.
   0.01829847  0.         -0.04325048  0.00091715]
 [ 0.27381262  0.13182338 -0.16584313  0.01795429  0.05641466  0.
  -0.01098584  0.         -0.0089737   0.0320372 ]] 
Episode: 155: [[ 0.06243308  0.02468428 -0.25391975 -0.19563363 -0.01070132  0.
  -0.03471464  0.          0.00317181  0.02747714]
 [ 0.06282383  0.14996333 -0.28573757 -0.18661073  0.07232438  0.
  -0.0451522   0.         -0.01725222  0.04130173]
 [ 0.1976879   0.31787005 -0.30762416 -0.12776494  0.12358694  0.
  -0.02392877  0.         -0.03533321  0.02347729]
 [ 0.4054987   0.41096616 -0.3088549   0.03134635  0.11987115  0.
   0.01834203  0.         -0.04325048  0.00096094]
 [ 0.27412277  0.13215895 -0.16627578  0.01830515  0.0563923   0.
  -0.01114674  0.         -0.0089737   0.03206332]] 
Episode: 156: [[ 0.06280302  0.02500587 -0.25433356 -0.19530971 -0.01070583  0.
  -0.03485749  0.          0.00317181  0.02751599]
 [ 0.06319433  0.15028878 -0.28615385 -0.18628171  0.07231411  0.
  -0.04528465  0.         -0.01725222  0.04133542]
 [ 0.19804367  0.31821007 -0.30805144 -0.12741734  0.12352835  0.
  -0.02399676  0.         -0.03533321  0.02350259]
 [ 0.4058371   0.4113316  -0.3093013   0.03171796  0.11980084  0.
   0.01832798  0.         -0.04325048  0.00096872]
 [ 0.27442056  0.13247262 -0.16673358  0.01866804  0.05636425  0.
  -0.01134637  0.         -0.0089737   0.03207387]] 
Episode: 157: [[ 0.06315612  0.02530681 -0.2547202  -0.19501428 -0.01071458  0.
  -0.03493191  0.          0.00317181  0.02761277]
 [ 0.06354811  0.1505935  -0.2865427  -0.18598147  0.07229977  0.
  -0.04535011  0.         -0.01725222  0.04142679]
 [ 0.19837798  0.3185289  -0.30844888 -0.1271      0.12346752  0.
  -0.02400464  0.         -0.03533321  0.02358533]
 [ 0.4061454   0.41167513 -0.30971462  0.03205794  0.11972611  0.
   0.01836855  0.         -0.04325048  0.00103469]
 [ 0.2746925   0.13276881 -0.16716303  0.01899786  0.05633465  0.
  -0.01147102  0.         -0.0089737   0.03214969]] 
Episode: 158: [[ 0.06352404  0.02558629 -0.25507742 -0.19472668 -0.01071269  0.
  -0.03505288  0.          0.00317181  0.02765927]
 [ 0.06391754  0.15087588 -0.2869013  -0.1856892   0.07229593  0.
  -0.04546265  0.         -0.01725222  0.0414652 ]
 [ 0.19871542  0.3188249  -0.30881184 -0.12679163  0.12341715  0.
  -0.02406498  0.         -0.03533321  0.0236128 ]
 [ 0.40645096  0.41199622 -0.31009012  0.03238879  0.11965976  0.
   0.01835187  0.         -0.04325048  0.00103679]
 [ 0.27496916  0.13304648 -0.16755645  0.01932978  0.05631271  0.
  -0.01163797  0.         -0.0089737   0.0321714 ]] 
Episode: 159: [[ 0.06386963  0.0258615  -0.25542846 -0.1944621  -0.01071152  0.
  -0.0351077   0.          0.00317181  0.02769172]
 [ 0.06426457  0.15115395 -0.28725377 -0.18542017  0.07229151  0.
  -0.04551025  0.         -0.01725222  0.04148987]
 [ 0.19903567  0.3191172  -0.30917132 -0.12650591  0.12336645  0.
  -0.02406604  0.         -0.03533321  0.02362845]
 [ 0.40674978  0.41231424 -0.31046447  0.03269776  0.11959355  0.
   0.01839001  0.         -0.04325048  0.00102963]
 [ 0.27522877  0.13331442 -0.1679356   0.01962923  0.05629177  0.
  -0.01174904  0.         -0.0089737   0.03217194]] 
Episode: 160: [[ 0.06420739  0.02612427 -0.2557544  -0.19421098 -0.01070695  0.
  -0.03521097  0.          0.00317181  0.02771759]
 [ 0.06460436  0.15141946 -0.2875811  -0.18516468  0.07229073  0.
  -0.04560667  0.         -0.01725222  0.04150772]
 [ 0.19935167  0.31939617 -0.3095048  -0.12623525  0.12332306  0.
  -0.02412019  0.         -0.03533321  0.02363491]
 [ 0.40705067  0.41261682 -0.3108116   0.03299036  0.11953533  0.
   0.0183712   0.         -0.04325048  0.00100976]
 [ 0.27549133  0.13357323 -0.16829021  0.01991954  0.05627635  0.
  -0.0119038   0.         -0.0089737   0.03217433]] 
Episode: 161: [[ 0.06454435  0.02635346 -0.2560702  -0.1939645  -0.01070401  0.
  -0.0353578   0.          0.00317181  0.02780211]
 [ 0.06494356  0.15165159 -0.28789815 -0.18491396  0.07228862  0.
  -0.04574697  0.         -0.01725222  0.04158521]
 [ 0.19966483  0.31964228 -0.30982766 -0.12597072  0.12328161  0.
  -0.0242221   0.         -0.03533321  0.02370105]
 [ 0.40734154  0.41288644 -0.31114775  0.03327553  0.11948208  0.
   0.01830889  0.         -0.04325048  0.00105113]
 [ 0.27574754  0.13379437 -0.16864008  0.02020814  0.05626082  0.
  -0.01209783  0.         -0.0089737   0.03224292]] 
Episode: 162: [[ 0.06487652  0.02658637 -0.25638646 -0.1937206  -0.01070208  0.
  -0.03548696  0.          0.00317181  0.02788056]
 [ 0.06527831  0.15188746 -0.28821594 -0.18466592  0.07228558  0.
  -0.04586935  0.         -0.01725222  0.04165692]
 [ 0.19997527  0.3198917  -0.31015167 -0.12570846  0.12324025  0.
  -0.02429946  0.         -0.03533321  0.02376002]
 [ 0.40763128  0.41315904 -0.31148538  0.03355928  0.11942957  0.
   0.0182844   0.         -0.04325048  0.00108254]
 [ 0.2760028   0.13402094 -0.16899423  0.02049674  0.05624376  0.
  -0.01225934  0.         -0.0089737   0.03231051]] 
Episode: 163: [[ 0.06518962  0.02685591 -0.2567189  -0.19350122 -0.01068067  0.
  -0.03563637  0.          0.00317181  0.02801339]
 [ 0.06559231  0.15216102 -0.28855044 -0.18444291  0.07230227  0.
  -0.04601194  0.         -0.01725222  0.0417829 ]
 [ 0.20025508  0.32017782 -0.3104918  -0.12547107  0.12321765  0.
  -0.02436373  0.         -0.03533321  0.02387345]
 [ 0.40787348  0.41346577 -0.3118377   0.03381735  0.11939631  0.
   0.0183156   0.         -0.04325048  0.00117011]
 [ 0.276202    0.13429348 -0.16937295  0.02074834  0.05625097  0.
  -0.01245957  0.         -0.0089737   0.03243785]] 
Episode: 164: [[ 0.06550771  0.02715917 -0.25707817 -0.19326164 -0.01066349  0.
  -0.0357267   0.          0.00317181  0.0280877 ]
 [ 0.06591128  0.15246877 -0.28891206 -0.18419942  0.07231467  0.
  -0.04609127  0.         -0.01725222  0.04184812]
 [ 0.20054409  0.32050014 -0.3108624  -0.12521002  0.12318839  0.
  -0.02436804  0.         -0.03533321  0.02392227]
 [ 0.40813112  0.41381025 -0.31222555  0.03410251  0.11935508  0.
   0.01839689  0.         -0.04325048  0.00119064]
 [ 0.27641362  0.13459595 -0.16977872  0.02101912  0.05625018  0.
  -0.01259952  0.         -0.0089737   0.03250445]] 
Episode: 165: [[ 0.06580272  0.02747114 -0.25741827 -0.19304149 -0.01064253  0.
  -0.03586219  0.          0.00317181  0.02815487]
 [ 0.0662071   0.15278481 -0.28925464 -0.18397567  0.0723311   0.
  -0.04621645  0.         -0.01725222  0.041905  ]
 [ 0.2008167   0.32083118 -0.31121618 -0.12496946  0.12316789  0.
  -0.0244254   0.         -0.03533321  0.02396443]
 [ 0.40837967  0.41416287 -0.31260115  0.03436514  0.11932325  0.
   0.01841683  0.         -0.04325048  0.00120753]
 [ 0.2765993   0.13491036 -0.17015971  0.02125729  0.05625797  0.
  -0.01278038  0.         -0.0089737   0.03256646]] 
Episode: 166: [[ 0.06610269  0.02780672 -0.2577922  -0.19279708 -0.01063361  0.
  -0.03592985  0.          0.00317181  0.02818583]
 [ 0.06650782  0.15312484 -0.28963134 -0.1837273   0.07233525  0.
  -0.04627526  0.         -0.01725222  0.04192404]
 [ 0.20109746  0.3211881  -0.31160805 -0.12469961  0.1231302   0.
  -0.02442354  0.         -0.03533321  0.02396513]
 [ 0.40864375  0.41454357 -0.31302014  0.03466273  0.11927136  0.
   0.01848794  0.         -0.04325048  0.00117801]
 [ 0.27679136  0.13524388 -0.17057206  0.02151404  0.05624927  0.
  -0.01288809  0.         -0.0089737   0.03259848]] 
Episode: 167: [[ 0.06636636  0.0281787  -0.25814968 -0.19260718 -0.01061385  0.
  -0.03600512  0.          0.00317181  0.02827627]
 [ 0.0667709   0.15350069 -0.2899919  -0.1835343   0.07234994  0.
  -0.0463429   0.         -0.01725222  0.04200294]
 [ 0.20133772  0.3215828  -0.31198308 -0.12448855  0.12310547  0.
  -0.02440089  0.         -0.03533321  0.02402638]
 [ 0.40885073  0.4149621  -0.31341964  0.03489469  0.11923535  0.
   0.01860506  0.         -0.04325048  0.00121091]
 [ 0.2769247   0.13561958 -0.17096993  0.02169188  0.05626012  0.
  -0.01303988  0.         -0.0089737   0.03269413]] 
Episode: 168: [[ 0.06662861  0.0285645  -0.25849873 -0.19241162 -0.01058838  0.
  -0.03603836  0.          0.00317181  0.02838035]
 [ 0.06703283  0.15389025 -0.29034397 -0.18333562  0.07237057  0.
  -0.04636567  0.         -0.01725222  0.04209577]
 [ 0.20158206  0.3219923  -0.3123504  -0.1242705   0.12308887  0.
  -0.02432695  0.         -0.03533321  0.02410919]
 [ 0.4090723   0.41539663 -0.31381258  0.03513571  0.11920919  0.
   0.01876356  0.         -0.04325048  0.00127428]
 [ 0.27706128  0.13600709 -0.1713573   0.02187199  0.0562765   0.
  -0.01315309  0.         -0.0089737   0.03279037]] 
Episode: 169: [[ 0.06688341  0.02890855 -0.25880578 -0.19224335 -0.01056677  0.
  -0.03601383  0.          0.00317181  0.02853652]
 [ 0.06728743  0.15423857 -0.29065344 -0.18316455  0.07238822  0.
  -0.04633215  0.         -0.01725222  0.04224101]
 [ 0.20181389  0.32235983 -0.31267303 -0.12408146  0.12307126  0.
  -0.02420689  0.         -0.03533321  0.02424427]
 [ 0.4092743   0.41579    -0.31415746  0.03534552  0.11918245  0.
   0.01895925  0.         -0.04325048  0.00139068]
 [ 0.27718076  0.13635266 -0.17169334  0.02201949  0.05629748  0.
  -0.01319989  0.         -0.0089737   0.0329437 ]] 
Episode: 170: [[ 0.06717128  0.02928651 -0.25918052 -0.19200145 -0.01055231  0.
  -0.03602922  0.          0.00317181  0.02865131]
 [ 0.06757519  0.15462098 -0.2910309  -0.18291907  0.07239797  0.
  -0.04633987  0.         -0.01725222  0.04234457]
 [ 0.20208007  0.32276186 -0.3130653  -0.12381303  0.12303565  0.
  -0.02411287  0.         -0.03533321  0.02433429]
 [ 0.4095124   0.41621947 -0.3145734   0.03564066  0.11913235  0.
   0.01914908  0.         -0.04325048  0.00145881]
 [ 0.27733338  0.13673338 -0.17210399  0.02225218  0.05630043  0.
  -0.01327115  0.         -0.0089737   0.03304679]] 
Episode: 171: [[ 0.06745826  0.02963133 -0.25953415 -0.19176649 -0.01050668  0.
  -0.03609752  0.          0.00317181  0.028721  ]
 [ 0.06786233  0.15496963 -0.29138693 -0.18268067  0.07243936  0.
  -0.04640085  0.         -0.01725222  0.04240228]
 [ 0.2023371   0.32312906 -0.31343308 -0.12355381  0.1230341   0.
  -0.02408197  0.         -0.03533321  0.02437729]
 [ 0.40972596  0.41661364 -0.3149615   0.03592423  0.11911633  0.
   0.0192666   0.         -0.04325048  0.0014775 ]
 [ 0.27747485  0.13708101 -0.17249317  0.02248706  0.05633776  0.
  -0.01339034  0.         -0.0089737   0.03310983]] 
Episode: 172: [[ 0.06776068  0.02998039 -0.25989884 -0.19148567 -0.01049572  0.
  -0.03621339  0.          0.00317181  0.02884642]
 [ 0.06816569  0.15532304 -0.29175425 -0.18239604  0.07244545  0.
  -0.04650973  0.         -0.01725222  0.04251611]
 [ 0.20261306  0.3235011  -0.31381238 -0.12324779  0.12299366  0.
  -0.02410782  0.         -0.03533321  0.02447669]
 [ 0.4099626   0.41701144 -0.31536284  0.03625736  0.11905817  0.
   0.01933205  0.         -0.04325048  0.00155382]
 [ 0.27763918  0.1374299  -0.17290151  0.02278236  0.05633656  0.
  -0.01355261  0.         -0.0089737   0.03323344]] 
Episode: 173: [[ 0.06804612  0.03030553 -0.26025197 -0.19123276 -0.01049905  0.
  -0.03626322  0.          0.00317181  0.02902179]
 [ 0.0684517   0.15565203 -0.2921099  -0.18213938  0.07243717  0.
  -0.04655368  0.         -0.01725222  0.04268026]
 [ 0.2028749   0.32385108 -0.3141816  -0.12296858  0.12293921  0.
  -0.02407746  0.         -0.03533321  0.0246267 ]
 [ 0.41019472  0.4173912  -0.31575665  0.03656595  0.11898687  0.
   0.01944421  0.         -0.04325048  0.00168185]
 [ 0.27778104  0.1377432  -0.17329209  0.02303318  0.05632279  0.
  -0.01364352  0.         -0.0089737   0.03339301]] 
Episode: 174: [[ 0.06832185  0.03062477 -0.26058838 -0.19098371 -0.01050506  0.
  -0.03626591  0.          0.00317181  0.02915495]
 [ 0.06872837  0.15597512 -0.29244876 -0.1818866   0.07242649  0.
  -0.04654769  0.         -0.01725222  0.04280109]
 [ 0.20313387  0.3241957  -0.31453493 -0.12269335  0.12288468  0.
  -0.02399654  0.         -0.03533321  0.02472931]
 [ 0.41043475  0.41776544 -0.31613544  0.03687052  0.11891646  0.
   0.01959837  0.         -0.04325048  0.00175784]
 [ 0.27792832  0.13804848 -0.17366162  0.0232807   0.05630715  0.
  -0.01368746  0.         -0.0089737   0.03352206]] 
Episode: 175: [[ 0.06861243  0.03097445 -0.26095173 -0.19073431 -0.01051502  0.
  -0.0362139   0.          0.00317181  0.02929839]
 [ 0.06901996  0.15632892 -0.29281473 -0.1816336   0.07241161  0.
  -0.04648831  0.         -0.01725222  0.04293305]
 [ 0.2034132   0.32457343 -0.31491745 -0.12241608  0.12282301  0.
  -0.02387018  0.         -0.03533321  0.02484896]
 [ 0.41070387  0.41817448 -0.31654623  0.03717918  0.11883562  0.
   0.01979029  0.         -0.04325048  0.00185859]
 [ 0.27808857  0.13837953 -0.17405906  0.02352379  0.05628308  0.
  -0.01367192  0.         -0.0089737   0.03364906]] 
Episode: 176: [[ 0.06894498  0.03130178 -0.26127285 -0.1904839  -0.01050125  0.
  -0.03622152  0.          0.00317181  0.02936436]
 [ 0.06935612  0.15665989 -0.29313776 -0.18137968  0.07242085  0.
  -0.04648887  0.         -0.01725222  0.04298956]
 [ 0.20373632  0.32492495 -0.31525585 -0.12214035  0.12279249  0.
  -0.02381006  0.         -0.03533321  0.02489565]
 [ 0.41101816  0.41855454 -0.3169111   0.03748339  0.11879236  0.
   0.01990973  0.         -0.04325048  0.00188961]
 [ 0.2783138   0.13869517 -0.17441103  0.02378325  0.0562913   0.
  -0.01371297  0.         -0.0089737   0.03369582]] 
Episode: 177: [[ 0.06929389  0.03158779 -0.2615785  -0.1902412  -0.01044725  0.
  -0.03628273  0.          0.00317181  0.02941586]
 [ 0.06970946  0.15695027 -0.29344484 -0.18113364  0.07247148  0.
  -0.0465433   0.         -0.01725222  0.04303433]
 [ 0.20406921  0.32523468 -0.3155742  -0.12187504  0.12280431  0.
  -0.02380949  0.         -0.03533321  0.02493141]
 [ 0.41132924  0.41888982 -0.31725115  0.03777395  0.11878844  0.
   0.01997373  0.         -0.04325048  0.001911  ]
 [ 0.2785509   0.1389683  -0.17474589  0.02404166  0.05634395  0.
  -0.01380488  0.         -0.0089737   0.03373002]] 
Episode: 178: [[ 0.06964894  0.03187136 -0.261899   -0.1899676  -0.01039485  0.
  -0.03635143  0.          0.00317181  0.02944272]
 [ 0.07006904  0.15723825 -0.29376665 -0.18085647  0.07252041  0.
  -0.04660564  0.         -0.01725222  0.04305383]
 [ 0.20441213  0.32554132 -0.3159078  -0.12157654  0.12281249  0.
  -0.02380721  0.         -0.03533321  0.02493798]
 [ 0.41165802  0.41922116 -0.31760776  0.03810111  0.11877881  0.
   0.02005624  0.         -0.04325048  0.00189632]
 [ 0.2788004   0.13924097 -0.1750974   0.02433782  0.05639042  0.
  -0.01389688  0.         -0.0089737   0.0337426 ]] 
Episode: 179: [[ 0.06995898  0.03207819 -0.26218933 -0.1897534  -0.01033092  0.
  -0.03635874  0.          0.00317181  0.02952997]
 [ 0.07038254  0.15744795 -0.29405797 -0.18063924  0.07258175  0.
  -0.04660764  0.         -0.01725222  0.04313366]
 [ 0.2047013   0.3257669  -0.31620836 -0.12133984  0.12283475  0.
  -0.0237515   0.         -0.03533321  0.02500495]
 [ 0.4119198   0.41947174 -0.3179285   0.0383629   0.11878274  0.
   0.02018381  0.         -0.04325048  0.00194286]
 [ 0.27899295  0.13942693 -0.17541403  0.02455923  0.05645621  0.
  -0.01392451  0.         -0.0089737   0.03382137]] 
Episode: 180: [[ 0.07028803  0.03228522 -0.26246127 -0.18953504 -0.01024686  0.
  -0.03639026  0.          0.00317181  0.02967137]
 [ 0.07071558  0.15765737 -0.2943306  -0.1804179   0.07266336  0.
  -0.0466356   0.         -0.01725222  0.04326758]
 [ 0.2050047   0.32598963 -0.31648973 -0.12110142  0.12288034  0.
  -0.02370064  0.         -0.03533321  0.0251261 ]
 [ 0.41218773  0.41971773 -0.31822953  0.03862354  0.11880998  0.
   0.02033779  0.         -0.04325048  0.00204436]
 [ 0.279196    0.13962178 -0.17571226  0.02479295  0.05655087  0.
  -0.01399597  0.         -0.0089737   0.03395937]] 
Episode: 181: [[ 0.07065061  0.03246298 -0.26271057 -0.18933219 -0.01018202  0.
  -0.03636403  0.          0.00317181  0.0298613 ]
 [ 0.07108375  0.15783598 -0.29458025 -0.18021226  0.07272558  0.
  -0.0466066   0.         -0.01725222  0.04345   ]
 [ 0.20533678  0.3261823  -0.31674597 -0.12087987  0.1229092   0.
  -0.02360108  0.         -0.03533321  0.02529586]
 [ 0.41247022  0.41993925 -0.31850147  0.03886447  0.1188233   0.
   0.0205297   0.         -0.04325048  0.00219518]
 [ 0.27943978  0.13978912 -0.17598477  0.02501426  0.05662235  0.
  -0.01400514  0.         -0.0089737   0.03415041]] 
Episode: 182: [[ 0.07098872  0.03269472 -0.26294053 -0.1891236  -0.01008539  0.
  -0.03639498  0.          0.00317181  0.03009473]
 [ 0.07142597  0.15806857 -0.29481032 -0.18000084  0.07281984  0.
  -0.04663463  0.         -0.01725222  0.04367591]
 [ 0.20564033  0.3264287  -0.31698114 -0.12065355  0.1229732   0.
  -0.0235653   0.         -0.03533321  0.02550922]
 [ 0.41272     0.42021203 -0.3187486   0.03911019  0.1188741   0.
   0.02064898  0.         -0.04325048  0.00239025]
 [ 0.27965394  0.14002167 -0.17623492  0.02524661  0.05672882  0.
  -0.01406845  0.         -0.0089737   0.0343889 ]] 
Episode: 183: [[ 0.07131397  0.03291783 -0.26316473 -0.18892573 -0.00999437  0.
  -0.03644173  0.          0.00317181  0.0303515 ]
 [ 0.07175487  0.15829267 -0.29503462 -0.17980042  0.07290831  0.
  -0.04667935  0.         -0.01725222  0.04392774]
 [ 0.20592827  0.32666624 -0.31720877 -0.12044016  0.12303196  0.
  -0.02354016  0.         -0.03533321  0.02575183]
 [ 0.41294867  0.4204745  -0.31898543  0.03934087  0.11891866  0.
   0.02077209  0.         -0.04325048  0.00261682]
 [ 0.2798538   0.14024746 -0.17648062  0.02546912  0.05682485  0.
  -0.01414743  0.         -0.0089737   0.03465328]] 
Episode: 184: [[ 0.07166065  0.03308098 -0.26336458 -0.18874788 -0.00996066  0.
  -0.03642913  0.          0.00317181  0.03064491]
 [ 0.07210696  0.15845783 -0.2952342  -0.17962046  0.07294022  0.
  -0.04666534  0.         -0.01725222  0.04421594]
 [ 0.20624217  0.32684624 -0.31741044 -0.12024795  0.12303554  0.
  -0.02346364  0.         -0.03533321  0.02603058]
 [ 0.41320142  0.42067605 -0.3191944   0.03954809  0.11890499  0.
   0.02093633  0.         -0.04325048  0.00287991]
 [ 0.28009886  0.14039983 -0.17669696  0.02566927  0.05685232  0.
  -0.01416329  0.         -0.0089737   0.03495748]] 
Episode: 185: [[ 0.07196531  0.03325859 -0.26353818 -0.18862142 -0.00992303  0.
  -0.03636317  0.          0.00317181  0.03097112]
 [ 0.07241595  0.15863785 -0.2954075  -0.17949201  0.07297629  0.
  -0.04659852  0.         -0.01725222  0.04453671]
 [ 0.20651454  0.32704198 -0.31758633 -0.12010825  0.12304714  0.
  -0.02334092  0.         -0.03533321  0.02634172]
 [ 0.41342345  0.4208934  -0.3193797   0.03970354  0.11890072  0.
   0.02113756  0.         -0.04325048  0.00317576]
 [ 0.28029877  0.14056905 -0.17688513  0.02580356  0.05688576  0.
  -0.01412537  0.         -0.0089737   0.0352619 ]] 
Episode: 186: [[ 0.07225418  0.03342395 -0.2637207  -0.1884961  -0.00987946  0.
  -0.0362832   0.          0.00317181  0.03132368]
 [ 0.07270814  0.1588052  -0.29558972 -0.17936482  0.07301829  0.
  -0.04651557  0.         -0.01725222  0.04488666]
 [ 0.20677091  0.3272244  -0.3177717  -0.11996978  0.12306485  0.
  -0.02318914  0.         -0.03533321  0.02668189]
 [ 0.4136348   0.42109758 -0.31957543  0.03985784  0.11890472  0.
   0.02137204  0.         -0.04325048  0.00350021]
 [ 0.2804788   0.14072417 -0.17708665  0.0259357   0.05692552  0.
  -0.01407646  0.         -0.0089737   0.03560006]] 
Episode: 187: [[ 0.07254191  0.0335576  -0.26389462 -0.18837239 -0.00979079  0.
  -0.03626598  0.          0.00317181  0.03162627]
 [ 0.072999    0.15894024 -0.29576313 -0.17923933  0.07310604  0.
  -0.04649526  0.         -0.01725222  0.04518606]
 [ 0.20702285  0.32737356 -0.31794608 -0.11983374  0.12313079  0.
  -0.02310651  0.         -0.03533321  0.02697024]
 [ 0.4138375   0.42126915 -0.31975755  0.04000892  0.11895879  0.
   0.02152956  0.         -0.04325048  0.00376862]
 [ 0.2806548   0.1408444  -0.17727783  0.02607132  0.05701376  0.
  -0.01408774  0.         -0.0089737   0.03589432]] 
Episode: 188: [[ 0.07287816  0.03370433 -0.2640553  -0.1882276  -0.00968611  0.
  -0.03630519  0.          0.00317181  0.03183556]
 [ 0.07333641  0.15908748 -0.2959225  -0.17909294  0.07320828  0.
  -0.04653127  0.         -0.01725222  0.04539332]
 [ 0.20732988  0.32753506 -0.31810263 -0.11967943  0.12321088  0.
  -0.02308606  0.         -0.03533321  0.02716878]
 [ 0.41408807  0.42145506 -0.31991783  0.04017564  0.11902963  0.
   0.02161785  0.         -0.04325048  0.00395053]
 [ 0.28089473  0.14098704 -0.17744876  0.02624228  0.05711587  0.
  -0.01415312  0.         -0.0089737   0.0360917 ]] 
Episode: 189: [[ 0.07321191  0.03382971 -0.26419568 -0.18807691 -0.00952897  0.
  -0.03639512  0.          0.00317181  0.03200734]
 [ 0.07367165  0.15921395 -0.29606134 -0.17894052  0.073364    0.
  -0.04661791  0.         -0.01725222  0.04556337]
 [ 0.20763133  0.3276759  -0.318238   -0.11952047  0.12334989  0.
  -0.02312152  0.         -0.03533321  0.02732777]
 [ 0.41433334  0.42161968 -0.32005554  0.04034635  0.11916417  0.
   0.02164391  0.         -0.04325048  0.0040865 ]
 [ 0.2811293   0.14110711 -0.17759489  0.02642699  0.05728177  0.
  -0.01426711  0.         -0.0089737   0.0362543 ]] 
Episode: 190: [[ 0.07358923  0.03399172 -0.26434162 -0.1878892  -0.00928525  0.
  -0.03653064  0.          0.00317181  0.03209905]
 [ 0.07404868  0.1593774  -0.2962053  -0.17875081  0.07360636  0.
  -0.04675008  0.         -0.01725222  0.04565434]
 [ 0.20798728  0.32785204 -0.31837523 -0.11932595  0.12357595  0.
  -0.02320725  0.         -0.03533321  0.02740999]
 [ 0.41465157  0.4218176  -0.32019255  0.04055117  0.11938604  0.
   0.02161398  0.         -0.04325048  0.00414932]
 [ 0.2814543   0.14127724 -0.17775016  0.0266749   0.05754419  0.
  -0.01442481  0.         -0.0089737   0.03633344]] 
Episode: 191: [[ 0.07395794  0.03417817 -0.26451898 -0.1876973  -0.00903788  0.
  -0.03670714  0.          0.00317181  0.03223298]
 [ 0.0744165   0.1595651  -0.29638082 -0.17855729  0.07385199  0.
  -0.04692316  0.         -0.01725222  0.04578834]
 [ 0.20833412  0.32805276 -0.31854397 -0.1191269   0.1238021   0.
  -0.0233287   0.         -0.03533321  0.02754448]
 [ 0.4149586   0.42204174 -0.32035837  0.04076063  0.11960832  0.
   0.0215673   0.         -0.04325048  0.00426512]
 [ 0.2817584   0.14147773 -0.17793944  0.02691854  0.05780558  0.
  -0.01462177  0.         -0.0089737   0.03643451]] 
Episode: 192: [[ 0.07431664  0.03435983 -0.26468    -0.18750422 -0.00880273  0.
  -0.03692047  0.          0.00317181  0.03232165]
 [ 0.07477472  0.15974785 -0.29653987 -0.1783626   0.07408521  0.
  -0.04713303  0.         -0.01725222  0.04587418]
 [ 0.20867118  0.32824755 -0.31869507 -0.11892714  0.1240161   0.
  -0.02349179  0.         -0.03533321  0.02762625]
 [ 0.41525826  0.42225802 -0.3205044   0.040971    0.11981717  0.
   0.02147183  0.         -0.04325048  0.00432091]
 [ 0.28205475  0.14167364 -0.17810857  0.02716768  0.05805051  0.
  -0.01485402  0.         -0.0089737   0.03649669]] 
Episode: 193: [[ 0.07471632  0.03452277 -0.26487577 -0.18724343 -0.00848136  0.
  -0.0371669   0.          0.00317181  0.03233868]
 [ 0.07517239  0.15991114 -0.29673293 -0.17809999  0.07440461  0.
  -0.04737596  0.         -0.01725222  0.0458895 ]
 [ 0.20905893  0.32842183 -0.31887472 -0.11866081  0.12431459  0.
  -0.02369233  0.         -0.03533321  0.02763917]
 [ 0.41562983  0.42245713 -0.32067168  0.04124719  0.12011258  0.
   0.0213325   0.         -0.04325048  0.00431179]
 [ 0.28243712  0.1418509  -0.17832023  0.02751851  0.05838929  0.
  -0.01511797  0.         -0.0089737   0.03648556]] 
Episode: 194: [[ 0.07513192  0.03467611 -0.2651     -0.18695308 -0.0081509   0.
  -0.03744308  0.          0.00317181  0.0323866 ]
 [ 0.07558671  0.16006489 -0.29695472 -0.17780773  0.07473313  0.
  -0.0476486   0.         -0.01725222  0.04593663]
 [ 0.20945904  0.328583   -0.31908262 -0.11836617  0.12461952  0.
  -0.02392652  0.         -0.03533321  0.02768921]
 [ 0.4160046   0.42263737 -0.32086876  0.04155035  0.1204109   0.
   0.02115372  0.         -0.04325048  0.00435021]
 [ 0.28283107  0.14202511 -0.17857246  0.02791255  0.05873256  0.
  -0.01541041  0.         -0.0089737   0.03650102]] 
Episode: 195: [[ 0.07549957  0.03480277 -0.26528656 -0.18671988 -0.00787271  0.
  -0.03763703  0.          0.00317181  0.03249231]
 [ 0.07595246  0.16019191 -0.29713884 -0.17757297  0.07501001  0.
  -0.04783978  0.         -0.01725222  0.04604081]
 [ 0.20980722  0.32871333 -0.31925228 -0.11812796  0.12487194  0.
  -0.02408343  0.         -0.03533321  0.02779475]
 [ 0.4163235   0.4227804  -0.32102653  0.04179707  0.12065145  0.
   0.0210463   0.         -0.04325048  0.00444398]
 [ 0.28315565  0.14217135 -0.17877662  0.02822463  0.05901864  0.
  -0.01561846  0.         -0.0089737   0.03658186]] 
Episode: 196: [[ 0.075834    0.03491908 -0.265446   -0.18652262 -0.00762552  0.
  -0.03777144  0.          0.00317181  0.03261811]
 [ 0.07628455  0.16030894 -0.2972958  -0.17737432  0.0752561   0.
  -0.04796837  0.         -0.01725222  0.0461673 ]
 [ 0.21012276  0.32883686 -0.3193942  -0.11792412  0.12509474  0.
  -0.02417084  0.         -0.03533321  0.02792788]
 [ 0.41661516  0.42291936 -0.32115448  0.04201112  0.120862    0.
   0.02100303  0.         -0.04325048  0.00457055]
 [ 0.2834401   0.14229904 -0.17894752  0.02848467  0.05927416  0.
  -0.01577318  0.         -0.0089737   0.03667016]] 
Episode: 197: [[ 0.07615884  0.03503666 -0.26560882 -0.1863226  -0.00738671  0.
  -0.03794685  0.          0.00317181  0.03278575]
 [ 0.07660717  0.16042724 -0.29745626 -0.1771728   0.07549369  0.
  -0.04813814  0.         -0.01725222  0.04633849]
 [ 0.21042642  0.328962   -0.31954053 -0.1177174   0.12531026  0.
  -0.0243032   0.         -0.03533321  0.028107  ]
 [ 0.416896    0.42306128 -0.32128862  0.04222914  0.12106717  0.
   0.02092236  0.         -0.04325048  0.00474207]
 [ 0.28371063  0.14243066 -0.17912678  0.02875014  0.05952241  0.
  -0.0159674   0.         -0.0089737   0.03680284]] 
Episode: 198: [[ 0.07645158  0.03515607 -0.26575792 -0.18616289 -0.00715819  0.
  -0.03805015  0.          0.00317181  0.03299899]
 [ 0.07689776  0.16054854 -0.29760334 -0.17701186  0.07572188  0.
  -0.04823679  0.         -0.01725222  0.04655411]
 [ 0.21069731  0.32908812 -0.31967568 -0.11755167  0.12551725  0.
  -0.02436857  0.         -0.03533321  0.02832849]
 [ 0.4171421   0.42319837 -0.32141554  0.04240447  0.12126007  0.
   0.02090319  0.         -0.04325048  0.00495542]
 [ 0.28393468  0.14257075 -0.17929338  0.02895538  0.05976735  0.
  -0.01608707  0.         -0.0089737   0.03698893]] 
Episode: 199: [[ 0.07675201  0.03532945 -0.2659628  -0.185984   -0.00696719  0.
  -0.03808863  0.          0.00317181  0.03317957]
 [ 0.0771958   0.16072306 -0.2978061  -0.17683189  0.07591156  0.
  -0.04827148  0.         -0.01725222  0.04673625]
 [ 0.21097863  0.32927153 -0.31987253 -0.11736245  0.12567785  0.
  -0.0243737   0.         -0.03533321  0.02851221]
 [ 0.41740504  0.42339748 -0.32161352  0.04260929  0.12140255  0.
   0.02093934  0.         -0.04325048  0.00512845]
 [ 0.28416273  0.14275669 -0.17952205  0.02917457  0.05996559  0.
  -0.01613973  0.         -0.0089737   0.03714344]] 
Episode: 200: [[ 0.0770511   0.03555053 -0.2661821  -0.18577209 -0.00678992  0.
  -0.03817767  0.          0.00317181  0.0333586 ]
 [ 0.07749213  0.16094498 -0.29802346 -0.17661902  0.07608689  0.
  -0.04835672  0.         -0.01725222  0.04691574]
 [ 0.21125582  0.32950345 -0.32008478 -0.11713857  0.12582263  0.
  -0.02443198  0.         -0.03533321  0.02869437]
 [ 0.41766095  0.42364708 -0.3218275   0.04285171  0.12153074  0.
   0.02092043  0.         -0.04325048  0.00530046]
 [ 0.2843826   0.14299591 -0.17977029  0.02943434  0.06014732  0.
  -0.01624204  0.         -0.0089737   0.03728945]] 
Episode: 201: [[ 0.07735173  0.03577897 -0.26642564 -0.18553852 -0.00663788  0.
  -0.03822502  0.          0.00317181  0.03353381]
 [ 0.07778962  0.16117385 -0.2982648  -0.17638466  0.0762365   0.
  -0.04839759  0.         -0.01725222  0.0470909 ]
 [ 0.2115333   0.3297426  -0.3203227  -0.11689018  0.12593712  0.
  -0.02443077  0.         -0.03533321  0.02887203]
 [ 0.41792163  0.42390618 -0.32206866  0.04312361  0.12162631  0.
   0.02095678  0.         -0.04325048  0.00546475]
 [ 0.2845984   0.14324166 -0.18004286  0.02971563  0.06029927  0.
  -0.01630112  0.         -0.0089737   0.03742819]] 
Episode: 202: [[ 0.07770023  0.03603381 -0.26666185 -0.18528216 -0.00647781  0.
  -0.03832211  0.          0.00317181  0.03366001]
 [ 0.07813369  0.16142829 -0.2984983  -0.17612714  0.07639302  0.
  -0.04848842  0.         -0.01725222  0.04721491]
 [ 0.2118686   0.33000365 -0.32054973 -0.11662108  0.12605532  0.
  -0.02448329  0.         -0.03533321  0.02900087]
 [ 0.41825926  0.42418423 -0.3222958   0.04341193  0.12172423  0.
   0.02093614  0.         -0.04325048  0.00558798]
 [ 0.28490975  0.14352858 -0.18030825  0.03004261  0.06045888  0.
  -0.01640927  0.         -0.0089737   0.03751607]] 
Episode: 203: [[ 0.07809133  0.03628244 -0.26689732 -0.18502177 -0.00628363  0.
  -0.03846389  0.          0.00317181  0.0338365 ]
 [ 0.07851926  0.16167529 -0.29873043 -0.17586547  0.07658277  0.
  -0.04862418  0.         -0.01725222  0.04738861]
 [ 0.21225522  0.33026096 -0.32077107 -0.1163498   0.12620606  0.
  -0.02458412  0.         -0.03533321  0.02917763]
 [ 0.41863927  0.42446503 -0.32251257  0.04369793  0.1218591   0.
   0.02086425  0.         -0.04325048  0.00575842]
 [ 0.2853042   0.14381444 -0.1805708   0.03038506  0.06065453  0.
  -0.01656151  0.         -0.0089737   0.03766241]] 
Episode: 204: [[ 0.07847361  0.03652794 -0.26711786 -0.18475108 -0.00609647  0.
  -0.03864585  0.          0.00317181  0.03395291]
 [ 0.07889682  0.16191919 -0.2989477  -0.17559338  0.07676545  0.
  -0.04880033  0.         -0.01725222  0.04749945]
 [ 0.21263096  0.33051497 -0.32097766 -0.11606869  0.12635241  0.
  -0.0247284   0.         -0.03533321  0.02928532]
 [ 0.41900644  0.42474225 -0.32271406  0.04399403  0.12199076  0.
   0.02074628  0.         -0.04325048  0.00585205]
 [ 0.285683    0.14409935 -0.1808168   0.03074344  0.0608441   0.
  -0.0167534   0.         -0.0089737   0.03775287]] 
Episode: 205: [[ 0.07889482  0.03672031 -0.26735637 -0.18447457 -0.00593612  0.
  -0.03880437  0.          0.00317181  0.03412055]
 [ 0.07931228  0.16210853 -0.29918274 -0.17531535  0.07691973  0.
  -0.0489523   0.         -0.01725222  0.04766125]
 [ 0.2130535   0.33071378 -0.32119855 -0.115784    0.12646517  0.
  -0.02481863  0.         -0.03533321  0.02944299]
 [ 0.41943797  0.4249651  -0.32292798  0.04428911  0.1220846   0.
   0.02069342  0.         -0.04325048  0.00599574]
 [ 0.28613675  0.14431828 -0.18109284  0.03111775  0.0609972   0.
  -0.01689906  0.         -0.0089737   0.03790142]] 
Episode: 206: [[ 0.07930457  0.03691508 -0.26759553 -0.18419744 -0.00576521  0.
  -0.03900151  0.          0.00317181  0.03433413]
 [ 0.07971673  0.16230077 -0.29941857 -0.17503656  0.07708497  0.
  -0.04914315  0.         -0.01725222  0.04786876]
 [ 0.2134599   0.33091512 -0.32142022 -0.11549869  0.12659015  0.
  -0.02495339  0.         -0.03533321  0.0296455 ]
 [ 0.41984743  0.42518845 -0.32314137  0.04458594  0.12219121  0.
   0.02059261  0.         -0.04325048  0.00618436]
 [ 0.28655615  0.14454088 -0.18137145  0.03149198  0.06116236  0.
  -0.0170851   0.         -0.0089737   0.03810202]] 
Episode: 207: [[ 0.07968102  0.03711134 -0.26783004 -0.18394183 -0.00560882  0.
  -0.03912433  0.          0.00317181  0.03454797]
 [ 0.08008786  0.16249475 -0.29964998 -0.1747793   0.07723618  0.
  -0.04926072  0.         -0.01725222  0.04807755]
 [ 0.21383087  0.33111933 -0.321641   -0.11523182  0.12670217  0.
  -0.02502106  0.         -0.03533321  0.02985167]
 [ 0.42022866  0.42541513 -0.3233584   0.04487006  0.1222835   0.
   0.02055515  0.         -0.04325048  0.00637423]
 [ 0.2869325   0.14476092 -0.18163961  0.03183172  0.06131423  0.
  -0.01719745  0.         -0.0089737   0.03829675]] 
Episode: 208: [[ 0.08008278  0.03727049 -0.26803774 -0.1837072  -0.00552317  0.
  -0.03918032  0.          0.00317181  0.0348031 ]
 [ 0.08048721  0.16265246 -0.29985464 -0.17454329  0.07731684  0.
  -0.04931239  0.         -0.01725222  0.04832733]
 [ 0.21422689  0.3312869  -0.321836   -0.1149869   0.12674575  0.
  -0.02502838  0.         -0.03533321  0.03009782]
 [ 0.42062542  0.4256022  -0.32354975  0.04512969  0.12230562  0.
   0.02057467  0.         -0.04325048  0.00660444]
 [ 0.28734195  0.14493552 -0.18187554  0.03214508  0.06138459  0.
  -0.01724356  0.         -0.0089737   0.03853883]] 
Episode: 209: [[ 0.08047825  0.0374539  -0.2683098  -0.18344516 -0.00544861  0.
  -0.03920818  0.          0.00317181  0.03505502]
 [ 0.0808795   0.16283453 -0.30012375 -0.17427991  0.07738595  0.
  -0.04933355  0.         -0.01725222  0.04857508]
 [ 0.21461102  0.3314797  -0.32209736 -0.11471107  0.12676954  0.
  -0.02498442  0.         -0.03533321  0.03034216]
 [ 0.4210057   0.4258193  -0.32380885  0.04542549  0.12230632  0.
   0.02064543  0.         -0.04325048  0.00683303]
 [ 0.28772944  0.14513534 -0.18218522  0.03248866  0.06143632  0.
  -0.01725872  0.         -0.0089737   0.03877801]] 
Episode: 210: [[ 0.08084998  0.03764642 -0.26859248 -0.18318506 -0.00535954  0.
  -0.03924543  0.          0.00317181  0.03534442]
 [ 0.08124624  0.16302526 -0.3004035  -0.17401865  0.07746936  0.
  -0.0493655   0.         -0.01725222  0.04885993]
 [ 0.21495298  0.33168542 -0.3223694  -0.11443781  0.12680748  0.
  -0.02493327  0.         -0.03533321  0.03062267]
 [ 0.42130077  0.4260556  -0.32407647  0.0457164   0.12232343  0.
   0.02074968  0.         -0.04325048  0.00709811]
 [ 0.28804284  0.14534315 -0.18250449  0.03281908  0.06150624  0.
  -0.01732058  0.         -0.0089737   0.03906002]] 
Episode: 211: [[ 0.08124651  0.03786189 -0.26894107 -0.18289033 -0.00529471  0.
  -0.03931796  0.          0.00317181  0.03566739]
 [ 0.08163948  0.16324076 -0.30074975 -0.17372282  0.07752807  0.
  -0.04943629  0.         -0.01725222  0.04917802]
 [ 0.21532916  0.33191505 -0.3227104  -0.11413071  0.12681448  0.
  -0.02489691  0.         -0.03533321  0.03093564]
 [ 0.42163685  0.4263144  -0.32441846  0.04603907  0.12231039  0.
   0.02087687  0.         -0.04325048  0.00739594]
 [ 0.28838113  0.14557709 -0.18290874  0.03318433  0.06154247  0.
  -0.01743125  0.         -0.0089737   0.03937322]] 
Episode: 212: [[ 0.08163608  0.03807244 -0.26926386 -0.1825912  -0.00520344  0.
  -0.03943798  0.          0.00317181  0.03594657]
 [ 0.08202663  0.16345069 -0.3010701  -0.17342259  0.07761371  0.
  -0.04955433  0.         -0.01725222  0.04945088]
 [ 0.21570103  0.33213732 -0.32302496 -0.11381987  0.12685327  0.
  -0.024918    0.         -0.03533321  0.03120114]
 [ 0.4219719   0.42656276 -0.32473272  0.04636567  0.12233067  0.
   0.02093798  0.         -0.04325048  0.0076439 ]
 [ 0.2887133   0.14580737 -0.18328318  0.03355836  0.06161078  0.
  -0.01758582  0.         -0.0089737   0.03964129]] 
Episode: 213: [[ 0.08200948  0.03831879 -0.26954404 -0.1822984  -0.00510121  0.
  -0.03955175  0.          0.00317181  0.03626043]
 [ 0.08239774  0.16369788 -0.30134782 -0.17312871  0.07771105  0.
  -0.04966686  0.         -0.01725222  0.04975827]
 [ 0.21605477  0.3323968  -0.3232976  -0.11351566  0.126909    0.
  -0.02491755  0.         -0.03533321  0.03150067]
 [ 0.42229143  0.4268438  -0.32500583  0.04668696  0.12236748  0.
   0.02104626  0.         -0.04325048  0.00792641]
 [ 0.28901333  0.14608698 -0.18360253  0.03391838  0.0616967   0.
  -0.01775856  0.         -0.0089737   0.03994919]] 
Episode: 214: [[ 0.08233417  0.03857102 -0.26979584 -0.1820874  -0.0050097   0.
  -0.03967125  0.          0.00317181  0.0365986 ]
 [ 0.08271918  0.16395102 -0.30159748 -0.17291702  0.0777979   0.
  -0.04978585  0.         -0.01725222  0.05009229]
 [ 0.2163609   0.3326663  -0.3235457  -0.11329509  0.1269599   0.
  -0.02492093  0.         -0.03533321  0.03183071]
 [ 0.42256588  0.42713863 -0.32526183  0.04692011  0.12240059  0.
   0.02116784  0.         -0.04325048  0.0082399 ]
 [ 0.28924835  0.1463632  -0.18388496  0.03416343  0.06177574  0.
  -0.01796372  0.         -0.0089737   0.04024879]] 
Episode: 215: [[ 0.08265724  0.03880963 -0.27003175 -0.18187653 -0.00493359  0.
  -0.03983375  0.          0.00317181  0.03687258]
 [ 0.08303948  0.16419005 -0.3018312  -0.17270532  0.07786866  0.
  -0.04994748  0.         -0.01725222  0.05036015]
 [ 0.21665923  0.33292082 -0.32377657 -0.11307555  0.12699544  0.
  -0.02497801  0.         -0.03533321  0.03209293]
 [ 0.42282933  0.42741784 -0.32549873  0.04715211  0.12241875  0.
   0.02122384  0.         -0.04325048  0.00848166]
 [ 0.28947836  0.14662515 -0.18414931  0.03441528  0.06183594  0.
  -0.01820333  0.         -0.0089737   0.0404845 ]] 
Episode: 216: [[ 0.08302612  0.03903015 -0.2702632  -0.18164499 -0.00486659  0.
  -0.0400349   0.          0.00317181  0.03705584]
 [ 0.08340429  0.16441347 -0.30205953 -0.17247288  0.07793044  0.
  -0.05014743  0.         -0.01725222  0.05053877]
 [ 0.21701324  0.33316588 -0.32399836 -0.11283707  0.12702094  0.
  -0.02508337  0.         -0.03533321  0.03226781]
 [ 0.42315817  0.4276954  -0.32572293  0.04739785  0.12242822  0.
   0.02123566  0.         -0.04325048  0.00863951]
 [ 0.2898001   0.14686677 -0.18440907  0.03470623  0.06188589  0.
  -0.01847388  0.         -0.0089737   0.04064436]] 
Episode: 217: [[ 0.0833898   0.0392733  -0.27051893 -0.1813883  -0.0048093   0.
  -0.04018441  0.          0.00317181  0.03721536]
 [ 0.08376444  0.16465913 -0.30231246 -0.17221525  0.07798252  0.
  -0.05029298  0.         -0.01725222  0.05069304]
 [ 0.21736653  0.33343178 -0.3242487  -0.11256991  0.1270355   0.
  -0.02512689  0.         -0.03533321  0.03241872]
 [ 0.4234987   0.42799327 -0.32598206  0.04767881  0.12242712  0.
   0.02129971  0.         -0.04325048  0.00877357]
 [ 0.29011932  0.14713341 -0.18470033  0.03502386  0.06192437  0.
  -0.01868079  0.         -0.0089737   0.0407807 ]] 
Episode: 218: [[ 0.08375511  0.03949652 -0.2707777  -0.1811177  -0.00472846  0.
  -0.04037393  0.          0.00317181  0.037337  ]
 [ 0.08412705  0.16488439 -0.30256867 -0.17194359  0.07805838  0.
  -0.0504785   0.         -0.01725222  0.05080785]
 [ 0.2177165   0.3336762  -0.32450137 -0.11228986  0.12707597  0.
  -0.02522004  0.         -0.03533321  0.03252704]
 [ 0.42382336  0.42826873 -0.32624266  0.04797232  0.12245309  0.
   0.02130393  0.         -0.04325048  0.0088614 ]
 [ 0.29043263  0.14737797 -0.18500037  0.03536476  0.06198736  0.
  -0.01892197  0.         -0.0089737   0.04088514]] 
Episode: 219: [[ 0.08410946  0.03971167 -0.27102315 -0.18087037 -0.00466146  0.
  -0.0404894   0.          0.00317181  0.03749582]
 [ 0.08447935  0.16510105 -0.30281144 -0.17169532  0.07812005  0.
  -0.05059082  0.         -0.01725222  0.05096237]
 [ 0.21805485  0.33390966 -0.3247403  -0.11203412  0.12710336  0.
  -0.02524987  0.         -0.03533321  0.03267625]
 [ 0.42413634  0.42852977 -0.32648885  0.04823985  0.12246609  0.
   0.02136111  0.         -0.04325048  0.00899127]
 [ 0.29073474  0.1476169  -0.18528815  0.03567684  0.06203726  0.
  -0.01908388  0.         -0.0089737   0.04103561]] 
Episode: 220: [[ 0.08444937  0.03993514 -0.2712885  -0.18062888 -0.00459419  0.
  -0.04054036  0.          0.00317181  0.03765143]
 [ 0.08481707  0.16532621 -0.30307433 -0.17145297  0.07818243  0.
  -0.0506373   0.         -0.01725222  0.05111395]
 [ 0.21838109  0.33415252 -0.3250032  -0.11178168  0.12713037  0.
  -0.02522277  0.         -0.03533321  0.03282542]
 [ 0.42444512  0.42880106 -0.32676437  0.04850761  0.12247772  0.
   0.02146591  0.         -0.04325048  0.00912417]
 [ 0.29102105  0.14786059 -0.18559693  0.03597741  0.06208759  0.
  -0.0191854   0.         -0.0089737   0.0411755 ]] 
Episode: 221: [[ 0.08478018  0.04015801 -0.27157265 -0.18036781 -0.00453579  0.
  -0.04061464  0.          0.00317181  0.0377686 ]
 [ 0.08514608  0.1655507  -0.3033563  -0.17119105  0.07823605  0.
  -0.05070842  0.         -0.01725222  0.05122584]
 [ 0.21870317  0.33439484 -0.3252891  -0.11150723  0.12714867  0.
  -0.02522542  0.         -0.03533321  0.03292839]
 [ 0.42476046  0.42907292 -0.32706884  0.04880116  0.12248245  0.
   0.02153518  0.         -0.04325048  0.00920131]
 [ 0.29130384  0.1481014  -0.18592794  0.03629897  0.06212851  0.
  -0.01929218  0.         -0.0089737   0.04128697]] 
Episode: 222: [[ 0.08509156  0.04037543 -0.2718633  -0.1801261  -0.00448851  0.
  -0.0406264   0.          0.00317181  0.03786628]
 [ 0.08545534  0.16576928 -0.30364487 -0.17094845  0.07827868  0.
  -0.05071778  0.         -0.01725222  0.05131761]
 [ 0.21900679  0.33463088 -0.32558447 -0.11125028  0.12715478  0.
  -0.02517379  0.         -0.03533321  0.03300953]
 [ 0.42506498  0.42933944 -0.32738534  0.04908061  0.12247474  0.
   0.02165094  0.         -0.04325048  0.0092531 ]
 [ 0.29156813  0.14833447 -0.18626101  0.03659134  0.06215606  0.
  -0.01933306  0.         -0.0089737   0.04138079]] 
Episode: 223: [[ 0.08541093  0.04061843 -0.27219415 -0.17983858 -0.00444175  0.
  -0.04062155  0.          0.00317181  0.03794217]
 [ 0.08577256  0.16601305 -0.30397373 -0.17065994  0.07832056  0.
  -0.05070847  0.         -0.01725222  0.0513878 ]
 [ 0.21932054  0.3348936  -0.32592213 -0.11094265  0.12715669  0.
  -0.02509408  0.         -0.03533321  0.03305997]
 [ 0.4253843   0.4296364  -0.3277465   0.04941854  0.1224653   0.
   0.02180851  0.         -0.04325048  0.0092619 ]
 [ 0.2918367   0.14858967 -0.18664388  0.03693617  0.06217735  0.
  -0.01934193  0.         -0.0089737   0.04146871]] 
Episode: 224: [[ 0.08570886  0.04086667 -0.27248663 -0.17961633 -0.00439233  0.
  -0.04056203  0.          0.00317181  0.03804194]
 [ 0.08606826  0.1662617  -0.30426425 -0.17043701  0.07836532  0.
  -0.05064537  0.         -0.01725222  0.0514826 ]
 [ 0.21961641  0.33516118 -0.3262222  -0.1107008   0.12716536  0.
  -0.0249683   0.         -0.03533321  0.03315477]
 [ 0.42568812  0.4299359  -0.32807165  0.04968788  0.12246086  0.
   0.02200367  0.         -0.04325048  0.00932985]
 [ 0.2920678   0.14884703 -0.18697822  0.03718671  0.0622077   0.
  -0.01932039  0.         -0.0089737   0.04155025]] 
Episode: 225: [[ 0.08600684  0.04115278 -0.27277884 -0.17938286 -0.00434325  0.
  -0.04056362  0.          0.00317181  0.03817889]
 [ 0.08636437  0.16654736 -0.30455458 -0.17020273  0.07840892  0.
  -0.0506433   0.         -0.01725222  0.05161555]
 [ 0.21990901  0.3354646  -0.32652134 -0.1104471   0.12717183  0.
  -0.02490919  0.         -0.03533321  0.0332936 ]
 [ 0.42598587  0.43026978 -0.3283949   0.04997146  0.12245242  0.
   0.02214997  0.         -0.04325048  0.0094501 ]
 [ 0.29229158  0.14914867 -0.18731433  0.03745393  0.06223712  0.
  -0.01935633  0.         -0.0089737   0.0416657 ]] 
Episode: 226: [[ 0.08629796  0.04143937 -0.2730522  -0.17915922 -0.0042882   0.
  -0.04062013  0.          0.00317181  0.03830646]
 [ 0.08665366  0.16683473 -0.30482575 -0.16997825  0.07845869  0.
  -0.0506961   0.         -0.01725222  0.05174029]
 [ 0.22018787  0.33576965 -0.32679808 -0.1102054   0.1271856   0.
  -0.02491004  0.         -0.03533321  0.03342394]
 [ 0.42625764  0.43060398 -0.32869     0.05024025  0.12245109  0.
   0.02224636  0.         -0.04325048  0.00956246]
 [ 0.29249677  0.14945684 -0.18762687  0.03771257  0.06227347  0.
  -0.01944394  0.         -0.0089737   0.04176898]] 
Episode: 227: [[ 0.08663932  0.04160086 -0.27331078 -0.17895603 -0.00434083  0.
  -0.0406159   0.          0.00317181  0.03848509]
 [ 0.08699179  0.16700047 -0.30508223 -0.16977468  0.07840196  0.
  -0.05068896  0.         -0.01725222  0.05191552]
 [ 0.22052561  0.3359546  -0.32705975 -0.10998541  0.12709291  0.
  -0.0248568   0.         -0.03533321  0.03360271]
 [ 0.42659461  0.4308121  -0.3289696   0.05048311  0.12233834  0.
   0.02238662  0.         -0.04325048  0.00972354]
 [ 0.2927963   0.14960283 -0.18792889  0.03794921  0.06218215  0.
  -0.0194675   0.         -0.0089737   0.04193028]] 
Episode: 228: [[ 0.08696767  0.0417479  -0.27356642 -0.17875521 -0.00438284  0.
  -0.04064739  0.          0.00317181  0.03868693]
 [ 0.08731711  0.16715083 -0.30533594 -0.16957334  0.07835574  0.
  -0.05071948  0.         -0.01725222  0.05211566]
 [ 0.22084622  0.3361215  -0.32731745 -0.1097686   0.12701164  0.
  -0.02483666  0.         -0.03533321  0.03380907]
 [ 0.42690796  0.43100068 -0.32924327  0.0507225   0.12223758  0.
   0.02250576  0.         -0.04325048  0.00991612]
 [ 0.29307514  0.14973576 -0.1882318   0.03818718  0.06210327  0.
  -0.01951906  0.         -0.0089737   0.0421207 ]] 
Episode: 229: [[ 0.08731074  0.04188863 -0.27383748 -0.17852654 -0.00441766  0.
  -0.04073081  0.          0.00317181  0.03883629]
 [ 0.08765776  0.16729407 -0.30560502 -0.16934383  0.07831603  0.
  -0.05080161  0.         -0.01725222  0.0522612 ]
 [ 0.22117521  0.33628044 -0.32758808 -0.1095247   0.12693456  0.
  -0.0248726   0.         -0.03533321  0.03395133]
 [ 0.4272221   0.43118134 -0.3295277   0.05098924  0.12213961  0.
   0.02255931  0.         -0.04325048  0.01002988]
 [ 0.29336283  0.14986031 -0.18855737  0.03847093  0.06202743  0.
  -0.01962076  0.         -0.0089737   0.04226423]] 
Episode: 230: [[ 0.08769856  0.04197257 -0.27410054 -0.17829508 -0.00450227  0.
  -0.04075078  0.          0.00317181  0.03903455]
 [ 0.08804186  0.16737844 -0.3058657  -0.16911134  0.07822496  0.
  -0.05082085  0.         -0.01725222  0.05245515]
 [ 0.22155766  0.33637774 -0.32784742 -0.10928056  0.12680222  0.
  -0.0248509   0.         -0.03533321  0.0341408 ]
 [ 0.42760783  0.43129912 -0.32979694  0.0512504   0.12198406  0.
   0.02266111  0.         -0.04325048  0.0101921 ]
 [ 0.2937363   0.14991511 -0.1888736   0.03876505  0.06188973  0.
  -0.01965695  0.         -0.0089737   0.04246168]] 
Episode: 231: [[ 0.08806483  0.04207455 -0.27434933 -0.17807916 -0.00458018  0.
  -0.04071772  0.          0.00317181  0.03920885]
 [ 0.08840471  0.16748066 -0.3061122  -0.16889448  0.07814102  0.
  -0.05078354  0.         -0.01725222  0.05262425]
 [ 0.22192277  0.33649597 -0.32809412 -0.10904954  0.12667926  0.
  -0.02477735  0.         -0.03533321  0.03430681]
 [ 0.42798638  0.43144178 -0.33005506  0.05150221  0.12183955  0.
   0.0228063   0.         -0.04325048  0.01033211]
 [ 0.2940849   0.149985   -0.18916978  0.03903215  0.06176388  0.
  -0.01964466  0.         -0.0089737   0.04262934]] 
Episode: 232: [[ 0.08841184  0.04220023 -0.27463028 -0.17786631 -0.0046529   0.
  -0.04065262  0.          0.00317181  0.03941037]
 [ 0.08874738  0.16760635 -0.30639082 -0.16868097  0.07806193  0.
  -0.05071127  0.         -0.01725222  0.05282238]
 [ 0.2222616   0.33663994 -0.32837576 -0.10881936  0.1265586   0.
  -0.02465718  0.         -0.03533321  0.0345082 ]
 [ 0.4283311   0.4316149  -0.3303524   0.05175634  0.12169592  0.
   0.02299051  0.         -0.04325048  0.0105152 ]
 [ 0.29439193  0.15008105 -0.18950057  0.03929007  0.06164166  0.
  -0.01960555  0.         -0.0089737   0.04281591]] 
Episode: 233: [[ 0.0887314   0.04231822 -0.274883   -0.17765944 -0.0047185   0.
  -0.04060249  0.          0.00317181  0.03960212]
 [ 0.08906294  0.16772431 -0.30664134 -0.1684734   0.07799055  0.
  -0.05065493  0.         -0.01725222  0.05301066]
 [ 0.22257453  0.33677545 -0.32862946 -0.10859437  0.12644939  0.
  -0.02455459  0.         -0.03533321  0.03469884]
 [ 0.42865378  0.43177825 -0.33062172  0.05200723  0.12156624  0.
   0.02315862  0.         -0.04325048  0.01068606]
 [ 0.2946704   0.15017036 -0.18979758  0.03953763  0.06153248  0.
  -0.01957406  0.         -0.0089737   0.04300067]] 
Episode: 234: [[ 0.08906763  0.04245447 -0.27519107 -0.17740755 -0.00476758  0.
  -0.04061263  0.          0.00317181  0.03981311]
 [ 0.08939606  0.16786091 -0.3069475  -0.16822076  0.0779355   0.
  -0.05065901  0.         -0.01725222  0.05322023]
 [ 0.222905    0.33692798 -0.3289418  -0.10832252  0.12635407  0.
  -0.02451641  0.         -0.03533321  0.03491306]
 [ 0.42899695  0.43195713 -0.3309573   0.05231061  0.12144893  0.
   0.02325853  0.         -0.04325048  0.01088368]
 [ 0.29496264  0.15028556 -0.19016922  0.03984389  0.06143981  0.
  -0.01960124  0.         -0.0089737   0.04320387]] 
Episode: 235: [[ 0.08938292  0.04259736 -0.27549013 -0.1771718  -0.00481194  0.
  -0.04058309  0.          0.00317181  0.03998643]
 [ 0.08970836  0.16800374 -0.30724466 -0.16798441  0.07788552  0.
  -0.0506215   0.         -0.01725222  0.05339064]
 [ 0.22321913  0.33708832 -0.32924822 -0.10806552  0.1262655   0.
  -0.02442797  0.         -0.03533321  0.03508424]
 [ 0.42933115  0.4321456  -0.3312908   0.05260038  0.12133984  0.
   0.02340211  0.         -0.04325048  0.01103515]
 [ 0.2952338   0.15040463 -0.1905247   0.04012261  0.06135548  0.
  -0.01959694  0.         -0.0089737   0.04337438]] 
Episode: 236: [[ 0.0896958   0.04274352 -0.27576533 -0.17694151 -0.00484162  0.
  -0.04057654  0.          0.00317181  0.04020547]
 [ 0.09001808  0.16814949 -0.30751774 -0.16775352  0.07785039  0.
  -0.05060849  0.         -0.01725222  0.05360737]
 [ 0.22351928  0.33724946 -0.32952777 -0.10781591  0.12619215  0.
  -0.02434382  0.         -0.03533321  0.03530008]
 [ 0.42963865  0.4323313  -0.33159277  0.05288081  0.12123952  0.
   0.02358332  0.         -0.04325048  0.01123159]
 [ 0.295482    0.15053266 -0.1908483   0.04039976  0.06129109  0.
  -0.0196066   0.         -0.0089737   0.04359365]] 
Episode: 237: [[ 0.08998908  0.04287626 -0.27604926 -0.17670085 -0.00487192  0.
  -0.04052491  0.          0.00317181  0.04039109]
 [ 0.09030816  0.16828178 -0.3077994  -0.16751227  0.07781482  0.
  -0.05054781  0.         -0.01725222  0.0537901 ]
 [ 0.22380225  0.33739752 -0.32981935 -0.10755397  0.12611875  0.
  -0.02421392  0.         -0.03533321  0.03547423]
 [ 0.4299334   0.43250647 -0.3319093   0.053177    0.12114473  0.
   0.0238      0.         -0.04325048  0.01137566]
 [ 0.29571685  0.1506448  -0.1911755   0.04068624  0.0612247   0.
  -0.01956832  0.         -0.0089737   0.04379476]] 
Episode: 238: [[ 0.09027494  0.04300867 -0.2763313  -0.1764641  -0.00490811  0.
  -0.04042309  0.          0.00317181  0.04054347]
 [ 0.09059078  0.16841356 -0.30807906 -0.16727501  0.07777348  0.
  -0.05043833  0.         -0.01725222  0.05393895]
 [ 0.22408141  0.3375474  -0.33011046 -0.10729397  0.1260396   0.
  -0.0240429   0.         -0.03533321  0.03561123]
 [ 0.43023124  0.43268725 -0.33222675  0.05347349  0.1210471   0.
   0.02404859  0.         -0.04325048  0.01147837]
 [ 0.29594597  0.15075153 -0.19149782  0.04096479  0.06115307  0.
  -0.01947819  0.         -0.0089737   0.04396389]] 
Episode: 239: [[ 0.09061237  0.04314401 -0.2766014  -0.17621003 -0.00492288  0.
  -0.04038686  0.          0.00317181  0.04061573]
 [ 0.09092372  0.1685477  -0.30834645 -0.1670203   0.07775243  0.
  -0.05039471  0.         -0.01725222  0.05400896]
 [ 0.22442016  0.33769825 -0.33038616 -0.10701992  0.1259822   0.
  -0.02394319  0.         -0.03533321  0.03567225]
 [ 0.43060297  0.4328677  -0.3325255   0.05378     0.12097331  0.
   0.02421861  0.         -0.04325048  0.01151033]
 [ 0.29626635  0.15086848 -0.19180834  0.04127768  0.06110321  0.
  -0.01945278  0.         -0.0089737   0.04404657]] 
Episode: 240: [[ 0.09092837  0.04328722 -0.2768823  -0.17597495 -0.00494331  0.
  -0.04029894  0.          0.00317181  0.04067791]
 [ 0.09123527  0.16868958 -0.30862466 -0.16678463  0.07772603  0.
  -0.05030064  0.         -0.01725222  0.05406802]
 [ 0.22473946  0.33785942 -0.33067718 -0.10676313  0.12591775  0.
  -0.02379936  0.         -0.03533321  0.03572306]
 [ 0.43096158  0.43306237 -0.33284637  0.05407255  0.12089024  0.
   0.02442518  0.         -0.04325048  0.01153212]
 [ 0.2965621   0.15098874 -0.1921262   0.04155971  0.06105071  0.
  -0.01937429  0.         -0.0089737   0.04411836]] 
Episode: 241: [[ 0.09122448  0.04342992 -0.27717236 -0.17574365 -0.00496953  0.
  -0.04017752  0.          0.00317181  0.04071765]
 [ 0.09152699  0.1688305  -0.3089121  -0.16655289  0.07769403  0.
  -0.050171    0.         -0.01725222  0.05410374]
 [ 0.22504123  0.33802253 -0.33098117 -0.10650861  0.12584698  0.
  -0.02361586  0.         -0.03533321  0.03574644]
 [ 0.4313058   0.43326318 -0.33318576  0.05436449  0.12080161  0.
   0.02466461  0.         -0.04325048  0.01152194]
 [ 0.29683796  0.15110043 -0.19245176  0.04183086  0.06099258  0.
  -0.01926644  0.         -0.0089737   0.04417416]] 
Episode: 242: [[ 0.09153506  0.04359915 -0.27749377 -0.17546944 -0.00497436  0.
  -0.04012363  0.          0.00317181  0.04076053]
 [ 0.0918332   0.16899844 -0.30923072 -0.16627872  0.07768306  0.
  -0.05010922  0.         -0.01725222  0.05414245]
 [ 0.22535525  0.33821124 -0.33131385 -0.10621114  0.12579417  0.
  -0.02350486  0.         -0.03533321  0.03577862]
 [ 0.43164903  0.43348917 -0.3335486   0.05469835  0.12073191  0.
   0.02482646  0.         -0.04325048  0.01153323]
 [ 0.29711688  0.15124938 -0.19281407  0.04215215  0.06095177  0.
  -0.0192251   0.         -0.0089737   0.04421767]] 
Episode: 243: [[ 0.09189475  0.04376915 -0.2777929  -0.17520633 -0.00502253  0.
  -0.04001986  0.          0.00317181  0.04073406]
 [ 0.09218742  0.16916768 -0.30952656 -0.16601574  0.07762885  0.
  -0.04999882  0.         -0.01725222  0.05411313]
 [ 0.22572523  0.3383997  -0.33161923 -0.10592669  0.12569395  0.
  -0.02335094  0.         -0.03533321  0.03574508]
 [ 0.43204924  0.43371198 -0.33387783  0.05501428  0.12060849  0.
   0.02502562  0.         -0.04325048  0.01148272]
 [ 0.2974762   0.1514023  -0.19314882  0.0424681   0.06085913  0.
  -0.01913227  0.         -0.0089737   0.04418824]] 
Episode: 244: [[ 0.09224459  0.04395014 -0.27807707 -0.17494223 -0.00502366  0.
  -0.03998179  0.          0.00317181  0.04071962]
 [ 0.0925324   0.16934766 -0.3098074  -0.1657517   0.07762184  0.
  -0.04995431  0.         -0.01725222  0.0540957 ]
 [ 0.22607933  0.33859748 -0.33190742 -0.10564293  0.12564546  0.
  -0.0232665   0.         -0.03533321  0.03572311]
 [ 0.43242294  0.43394175 -0.33418673  0.05532803  0.12054098  0.
   0.02515128  0.         -0.04325048  0.01144226]
 [ 0.29781142  0.15157561 -0.19346778  0.04279111  0.06082155  0.
  -0.01910438  0.         -0.0089737   0.04417227]] 
Episode: 245: [[ 0.09255593  0.04413761 -0.27834168 -0.17472543 -0.00502414  0.
  -0.03989229  0.          0.00317181  0.04075876]
 [ 0.09283828  0.1695342  -0.31006888 -0.16553493  0.07761592  0.
  -0.0498595   0.         -0.01725222  0.05413457]
 [ 0.22639224  0.33880296 -0.33217722 -0.10540662  0.12560038  0.
  -0.02313652  0.         -0.03533321  0.03576484]
 [ 0.43275544  0.43418014 -0.33447874  0.05559468  0.12047701  0.
   0.02531784  0.         -0.04325048  0.01146664]
 [ 0.29809391  0.15175469 -0.19376455  0.04304687  0.06079009  0.
  -0.01902372  0.         -0.0089737   0.04420404]] 
Episode: 246: [[ 0.09284712  0.04432414 -0.2786145  -0.17453411 -0.0050321   0.
  -0.03975656  0.          0.00317181  0.04079567]
 [ 0.09312394  0.16971958 -0.31033862 -0.16534367  0.07760275  0.
  -0.04971946  0.         -0.01725222  0.05417065]
 [ 0.22668864  0.33900946 -0.33245987 -0.10519416  0.12554792  0.
  -0.02296559  0.         -0.03533321  0.0358036 ]
 [ 0.43307996  0.43442264 -0.33479077  0.05583926  0.12040579  0.
   0.02552119  0.         -0.04325048  0.01148941]
 [ 0.29835075  0.1519273  -0.19406739  0.04326372  0.0607536   0.
  -0.01889562  0.         -0.0089737   0.04423526]] 
Episode: 247: [[ 0.09311317  0.04453141 -0.27889484 -0.17437463 -0.00503103  0.
  -0.03957928  0.          0.00317181  0.04087409]
 [ 0.09338392  0.16992545 -0.3106159  -0.16518441  0.07759858  0.
  -0.04953878  0.         -0.01725222  0.0542498 ]
 [ 0.22695863  0.33923706 -0.33275178 -0.10501274  0.12550358  0.
  -0.02275783  0.         -0.03533321  0.03589612]
 [ 0.43337712  0.4346877  -0.33511436  0.05605386  0.12034092  0.
   0.02575761  0.         -0.04325048  0.0115707 ]
 [ 0.29856908  0.15212461 -0.1943771   0.04343157  0.06073051  0.
  -0.0187266   0.         -0.0089737   0.04429319]] 
Episode: 248: [[ 0.09341294  0.0447868  -0.27923533 -0.17413612 -0.00502117  0.
  -0.03947497  0.          0.00317181  0.0409543 ]
 [ 0.09367817  0.17017816 -0.31095335 -0.1649463   0.07760192  0.
  -0.04943092  0.         -0.01725222  0.05432925]
 [ 0.22725882  0.33951086 -0.33310276 -0.10475148  0.12546188  0.
  -0.02262488  0.         -0.03533321  0.03598674]
 [ 0.43369758  0.43500143 -0.33549595  0.05635117  0.12028055  0.
   0.02591687  0.         -0.04325048  0.0116504 ]
 [ 0.2988152   0.15237977 -0.19476987  0.04370955  0.06071021  0.
  -0.01863006  0.         -0.0089737   0.0443584 ]] 
Episode: 249: [[ 0.09372826  0.04505681 -0.27965686 -0.17381363 -0.00501159  0.
  -0.03943627  0.          0.00317181  0.04099885]
 [ 0.09398794  0.17044473 -0.31137165 -0.16462488  0.07760418  0.
  -0.04938857  0.         -0.01725222  0.05437097]
 [ 0.22757566  0.33979788 -0.3335381  -0.10440184  0.12541431  0.
  -0.0225592   0.         -0.03533321  0.0360286 ]
 [ 0.43404102  0.4353308  -0.33596712  0.05674652  0.12021526  0.
   0.02600671  0.         -0.04325048  0.01166681]
 [ 0.29907748  0.1526526  -0.19526057  0.0440876   0.0606806   0.
  -0.01859867  0.         -0.0089737   0.04439344]] 
Episode: 250: [[ 0.09402665  0.04531148 -0.28008446 -0.17350894 -0.00500924  0.
  -0.03934635  0.          0.00317181  0.0410306 ]
 [ 0.09428088  0.17069595 -0.311796   -0.16432127  0.0775996   0.
  -0.04929582  0.         -0.01725222  0.05439919]
 [ 0.2278775   0.340071   -0.33398384 -0.10406744  0.12536146  0.
  -0.02244619  0.         -0.03533321  0.03605695]
 [ 0.4343768   0.43564898 -0.33645603  0.05713045  0.12014623  0.
   0.02614097  0.         -0.04325048  0.01166975]
 [ 0.29932418  0.15290451 -0.19575566  0.04443803  0.06064539  0.
  -0.01851501  0.         -0.0089737   0.04441356]] 
Episode: 251: [[ 0.09428687  0.04555229 -0.28046337 -0.17329533 -0.00501841  0.
  -0.03921038  0.          0.00317181  0.04110022]
 [ 0.09453535  0.17093556 -0.31217164 -0.16410838  0.07758484  0.
  -0.04915776  0.         -0.01725222  0.05446728]
 [ 0.22814372  0.34033957 -0.3343783  -0.1038283   0.12530358  0.
  -0.02229063  0.         -0.03533321  0.03613863]
 [ 0.43468237  0.43596837 -0.3368884   0.05740916  0.1200744   0.
   0.02631517  0.         -0.04325048  0.01173338]
 [ 0.2995328   0.15314153 -0.19618815  0.04467156  0.06060278  0.
  -0.01838435  0.         -0.0089737   0.04445735]] 
Episode: 252: [[ 0.09456681  0.04584976 -0.28086814 -0.173034   -0.00503105  0.
  -0.03914312  0.          0.00317181  0.04112658]
 [ 0.09480965  0.17123106 -0.31257296 -0.16384822  0.07756602  0.
  -0.04908816  0.         -0.01725222  0.05448887]
 [ 0.2284308   0.3406664  -0.33480015 -0.10353833  0.1252369   0.
  -0.02220455  0.         -0.03533321  0.03617134]
 [ 0.43500912  0.4363476  -0.33735242  0.05774393  0.11998769  0.
   0.02644138  0.         -0.04325048  0.01174865]
 [ 0.2997591   0.15343824 -0.19665194  0.04496066  0.06055119  0.
  -0.01832219  0.         -0.0089737   0.04444749]] 
Episode: 253: [[ 0.09489974  0.04604985 -0.28125194 -0.17278272 -0.00505727  0.
  -0.03902758  0.          0.00317181  0.04121597]
 [ 0.09513599  0.17143214 -0.3129533  -0.16359825  0.07753402  0.
  -0.04897097  0.         -0.01725222  0.05457303]
 [ 0.2287702   0.3409015  -0.33519667 -0.10326182  0.1251584   0.
  -0.02207324  0.         -0.03533321  0.03626363]
 [ 0.43536806  0.43663242 -0.33778504  0.05805767  0.11988798  0.
   0.02660839  0.         -0.04325048  0.01182333]
 [ 0.30005413  0.15361606 -0.19709466  0.04524605  0.06048241  0.
  -0.01821092  0.         -0.0089737   0.04450902]] 
Episode: 254: [[ 0.09525935  0.04627028 -0.2816813  -0.17249578 -0.00504694  0.
  -0.03897865  0.          0.00317181  0.0413122 ]
 [ 0.0954895   0.17165312 -0.31337905 -0.16331255  0.07753795  0.
  -0.0489201   0.         -0.01725222  0.0546632 ]
 [ 0.22913115  0.34115207 -0.33563688 -0.10295098  0.12511343  0.
  -0.02200895  0.         -0.03533321  0.03636458]
 [ 0.4357406   0.4369289  -0.3382603   0.05840594  0.11982616  0.
   0.02670521  0.         -0.04325048  0.01191347]
 [ 0.3003666   0.15382902 -0.19760011  0.04558546  0.06045419  0.
  -0.01816616  0.         -0.0089737   0.04457563]] 
Episode: 255: [[ 0.09562778  0.04649043 -0.28214103 -0.1721693  -0.00502788  0.
  -0.03898962  0.          0.00317181  0.04138365]
 [ 0.09585246  0.17187321 -0.31383526 -0.16298747  0.07755021  0.
  -0.04892886  0.         -0.01725222  0.05472807]
 [ 0.22950153  0.34140044 -0.33610883 -0.10260001  0.12507693  0.
  -0.02200493  0.         -0.03533321  0.03643274]
 [ 0.43612197  0.43722433 -0.33876923  0.05879608  0.11977544  0.
   0.0267389   0.         -0.04325048  0.01196177]
 [ 0.30068758  0.15404338 -0.19814707  0.0459806   0.06043142  0.
  -0.01818118  0.         -0.0089737   0.04462766]] 
Episode: 256: [[ 0.09599496  0.04673944 -0.28261602 -0.1718416  -0.00499212  0.
  -0.03905443  0.          0.00317181  0.04147578]
 [ 0.09621429  0.1721218  -0.314307   -0.16266116  0.07757875  0.
  -0.04899124  0.         -0.01725222  0.05481373]
 [ 0.22986718  0.34167513 -0.33659428 -0.10225013  0.12505493  0.
  -0.02205511  0.         -0.03533321  0.03652604]
 [ 0.43648958  0.43754354 -0.33928692  0.05918158  0.11973539  0.
   0.02671579  0.         -0.04325048  0.01204499]
 [ 0.30100334  0.15429914 -0.19871339  0.0463802   0.06042204  0.
  -0.01824996  0.         -0.0089737   0.0446983 ]] 
Episode: 257: [[ 0.09634583  0.04697907 -0.28309307 -0.17152034 -0.00494092  0.
  -0.03911358  0.          0.00317181  0.04156815]
 [ 0.09656005  0.17236102 -0.31478083 -0.16234149  0.07762311  0.
  -0.04904821  0.         -0.01725222  0.05490012]
 [ 0.23021986  0.34193856 -0.3370836  -0.1019055   0.12505117  0.
  -0.02208583  0.         -0.03533321  0.03662315]
 [ 0.43685445  0.4378498  -0.3398097   0.05956401  0.11971622  0.
   0.02673502  0.         -0.04325048  0.01213602]
 [ 0.30130538  0.1545471  -0.19928113  0.04676818  0.06043072  0.
  -0.01832012  0.         -0.0089737   0.0447624 ]] 
Episode: 258: [[ 0.09671602  0.0472674  -0.2836289  -0.17113952 -0.0048967   0.
  -0.03922183  0.          0.00317181  0.04162297]
 [ 0.09692531  0.1726496  -0.31531316 -0.16196296  0.07766009  0.
  -0.04915406  0.         -0.01725222  0.05494813]
 [ 0.23059195  0.34225094 -0.33763388 -0.10149926  0.12503183  0.
  -0.02216736  0.         -0.03533321  0.03667509]
 [ 0.4372382   0.4382044  -0.34039846  0.060012    0.1196752   0.
   0.02669887  0.         -0.04325048  0.01217336]
 [ 0.30162477  0.1548565  -0.19992115  0.0472303   0.06042704  0.
  -0.01843858  0.         -0.0089737   0.04479112]] 
Episode: 259: [[ 0.09705934  0.04754415 -0.28416035 -0.17080148 -0.00485776  0.
  -0.0392848   0.          0.00317181  0.04170617]
 [ 0.09726326  0.17292608 -0.31584075 -0.16162695  0.07769172  0.
  -0.04921341  0.         -0.01725222  0.05502552]
 [ 0.23093665  0.34255338 -0.33818126 -0.10113572  0.12500738  0.
  -0.02218684  0.         -0.03533321  0.03676565]
 [ 0.43760076  0.43855426 -0.34098667  0.06041684  0.1196325   0.
   0.02671978  0.         -0.04325048  0.01226158]
 [ 0.30191025  0.1551486  -0.20055027  0.04763311  0.06042173  0.
  -0.01853518  0.         -0.0089737   0.04484067]] 
Episode: 260: [[ 0.09739704  0.04780537 -0.28466028 -0.17048042 -0.00482528  0.
  -0.03939654  0.          0.00317181  0.04177685]
 [ 0.09759638  0.17318653 -0.31633705 -0.16130774  0.07771677  0.
  -0.04932145  0.         -0.01725222  0.05509008]
 [ 0.23127238  0.34283713 -0.33869407 -0.10079142  0.12497783  0.
  -0.02225821  0.         -0.03533321  0.03684042]
 [ 0.4379487   0.43888184 -0.3415358   0.06079901  0.11958434  0.
   0.02668518  0.         -0.04325048  0.01232919]
 [ 0.30219203  0.15542491 -0.20114508  0.04802134  0.06040899  0.
  -0.01867752  0.         -0.0089737   0.04488004]] 
Episode: 261: [[ 0.09773165  0.04806272 -0.28518012 -0.1701336  -0.00479302  0.
  -0.03955211  0.          0.00317181  0.04183174]
 [ 0.09792659  0.17344294 -0.3168533  -0.16096304  0.07774132  0.
  -0.04947325  0.         -0.01725222  0.05513893]
 [ 0.23160513  0.34311575 -0.3392269  -0.10042176  0.12494647  0.
  -0.02237626  0.         -0.03533321  0.03689793]
 [ 0.43829438  0.4392044  -0.34210348  0.06120531  0.11953577  0.
   0.02660067  0.         -0.04325048  0.01237767]
 [ 0.30247587  0.15569861 -0.20176578  0.04844442  0.06039225  0.
  -0.01886097  0.         -0.0089737   0.04490115]] 
Episode: 262: [[ 0.09811389  0.04830178 -0.28566957 -0.16977765 -0.00472339  0.
  -0.0397471   0.          0.00317181  0.04181448]
 [ 0.09830336  0.17368121 -0.31733832 -0.16060896  0.07780287  0.
  -0.0496644   0.         -0.01725222  0.05511722]
 [ 0.23199296  0.3433758  -0.3397205  -0.10004617  0.12494978  0.
  -0.02253628  0.         -0.03533321  0.03688601]
 [ 0.4386991   0.43950716 -0.3426236   0.06161326  0.1195182   0.
   0.02647126  0.         -0.04325048  0.01235976]
 [ 0.30284193  0.15595356 -0.20234315  0.04889118  0.06041103  0.
  -0.01908139  0.         -0.0089737   0.04484878]] 
Episode: 263: [[ 0.09847338  0.04852469 -0.28612447 -0.16943443 -0.00466022  0.
  -0.03997752  0.          0.00317181  0.04179281]
 [ 0.098658    0.17390327 -0.3177891  -0.16026743  0.07785842  0.
  -0.04989093  0.         -0.01725222  0.05509127]
 [ 0.23235957  0.34361947 -0.34017947 -0.09968435  0.12495233  0.
  -0.02273405  0.         -0.03533321  0.03686449]
 [ 0.4390864   0.43979144 -0.3431078   0.06200648  0.11950111  0.
   0.02630147  0.         -0.04325048  0.01232443]
 [ 0.30318654  0.15618818 -0.20288098  0.0493225   0.06042434  0.
  -0.01933503  0.         -0.0089737   0.04480369]] 
Episode: 264: [[ 0.09884532  0.04879433 -0.28659585 -0.16905951 -0.00460465  0.
  -0.0402398   0.          0.00317181  0.04179401]
 [ 0.09902538  0.17417087 -0.31825614 -0.15989442  0.07790522  0.
  -0.05014927  0.         -0.01725222  0.0550875 ]
 [ 0.23273493  0.34390935 -0.3406539  -0.09929121  0.12494268  0.
  -0.02296575  0.         -0.03533321  0.03686335]
 [ 0.4394777   0.44012222 -0.3436063   0.0624315   0.11947034  0.
   0.02609537  0.         -0.04325048  0.01230745]
 [ 0.30353597  0.15647884 -0.20344397  0.04979771  0.06042664  0.
  -0.01961853  0.         -0.0089737   0.04478142]] 
Episode: 265: [[ 0.09922985  0.04907012 -0.28711522 -0.16862682 -0.00457228  0.
  -0.0405307   0.          0.00317181  0.04174793]
 [ 0.0994055   0.1744439  -0.3187707  -0.15946473  0.07792814  0.
  -0.0504362   0.         -0.01725222  0.05503381]
 [ 0.23312482  0.3442116  -0.34117854 -0.0988362   0.12490492  0.
  -0.02322797  0.         -0.03533321  0.03681201]
 [ 0.43988442  0.4404787  -0.34415802  0.06292186  0.11941544  0.
   0.0258566   0.         -0.04325048  0.01224344]
 [ 0.30389938  0.15676631 -0.20406504  0.05033762  0.06039956  0.
  -0.01992887  0.         -0.0089737   0.04470155]] 
Episode: 266: [[ 0.09959494  0.04933964 -0.28760022 -0.16821352 -0.00452246  0.
  -0.04084732  0.          0.00317181  0.04174246]
 [ 0.0997659   0.17471051 -0.31925097 -0.15905415  0.07796896  0.
  -0.05074883  0.         -0.01725222  0.05502292]
 [ 0.2334872   0.34450477 -0.3416658  -0.09840255  0.12488641  0.
  -0.02351763  0.         -0.03533321  0.03680344]
 [ 0.4402588   0.44082096 -0.34466764  0.06338874  0.11937501  0.
   0.02559996  0.         -0.04325048  0.01221822]
 [ 0.30423123  0.1570495  -0.20464373  0.05085757  0.06039327  0.
  -0.02026332  0.         -0.0089737   0.04466586]] 
Episode: 267: [[ 0.0999322   0.04957617 -0.28803477 -0.16784404 -0.0044823   0.
  -0.04108346  0.          0.00317181  0.04175554]
 [ 0.100099    0.17494501 -0.31968114 -0.15868714  0.07800123  0.
  -0.0509783   0.         -0.01725222  0.05503292]
 [ 0.23381959  0.34476477 -0.342102   -0.09801494  0.12486485  0.
  -0.02372452  0.         -0.03533321  0.03681533]
 [ 0.44059622  0.44112632 -0.34512407  0.06380575  0.11933328  0.
   0.0254224   0.         -0.04325048  0.01221466]
 [ 0.3045317   0.15729633 -0.20516226  0.05132089  0.06038428  0.
  -0.02051209  0.         -0.0089737   0.04465629]] 
Episode: 268: [[ 0.10024466  0.04980304 -0.28845096 -0.16751404 -0.00445352  0.
  -0.04124097  0.          0.00317181  0.04177538]
 [ 0.10040712  0.17516948 -0.3200929  -0.15835945  0.07802268  0.
  -0.05113027  0.         -0.01725222  0.05504958]
 [ 0.23412919  0.34501785 -0.34252357 -0.09766467  0.12483482  0.
  -0.02385695  0.         -0.03533321  0.03683642]
 [ 0.44091883  0.44142795 -0.34557056  0.06418817  0.11928409  0.
   0.02531596  0.         -0.04325048  0.01222311]
 [ 0.3048069   0.15752538 -0.20565514  0.05172941  0.06036645  0.
  -0.02068064  0.         -0.0089737   0.0446515 ]] 
Episode: 269: [[ 0.10058954  0.05002361 -0.28883946 -0.16719726 -0.00440838  0.
  -0.04143756  0.          0.00317181  0.04179623]
 [ 0.1007502   0.17538804 -0.320477   -0.15804479  0.07806049  0.
  -0.05132143  0.         -0.01725222  0.05506751]
 [ 0.23447274  0.34526455 -0.34291482 -0.09733071  0.12482505  0.
  -0.02402979  0.         -0.03533321  0.03686025]
 [ 0.4412681   0.4417222  -0.34598276  0.06454939  0.11925767  0.
   0.02516689  0.         -0.04325048  0.0122404 ]
 [ 0.3051267   0.15775454 -0.20611538  0.05212542  0.06037066  0.
  -0.02088747  0.         -0.0089737   0.04465531]] 
Episode: 270: [[ 0.10093001  0.05024873 -0.28920522 -0.16686384 -0.00436355  0.
  -0.04166929  0.          0.00317181  0.04177279]
 [ 0.10108922  0.17561115 -0.3208384  -0.15771367  0.07809829  0.
  -0.05154784  0.         -0.01725222  0.05503982]
 [ 0.234816    0.34551525 -0.3432836  -0.09697936  0.12481794  0.
  -0.02423896  0.         -0.03533321  0.03682785]
 [ 0.4416225   0.44201854 -0.34637207  0.06492966  0.11923561  0.
   0.02497946  0.         -0.04325048  0.01219383]
 [ 0.30544505  0.15798946 -0.2065474   0.05254272  0.06037652  0.
  -0.02112873  0.         -0.0089737   0.04462075]] 
Episode: 271: [[ 0.10124704  0.05046688 -0.28956044 -0.16658023 -0.00432689  0.
  -0.0418229   0.          0.00317181  0.04173993]
 [ 0.10140449  0.17582677 -0.3211892  -0.15743206  0.07812841  0.
  -0.05169712  0.         -0.01725222  0.05500182]
 [ 0.23513931  0.34576163 -0.34364635 -0.09667756  0.12480485  0.
  -0.0243735   0.         -0.03533321  0.03678704]
 [ 0.44196522  0.44231477 -0.34676108  0.06526046  0.11920841  0.
   0.02486411  0.         -0.04325048  0.01214145]
 [ 0.30573848  0.15820932 -0.20696156  0.05289067  0.06037621  0.
  -0.0212906   0.         -0.0089737   0.04457412]] 
Episode: 272: [[ 0.10154824  0.05067587 -0.28992024 -0.16630994 -0.00431406  0.
  -0.04190627  0.          0.00317181  0.04170011]
 [ 0.10170356  0.17603272 -0.32154435 -0.157164    0.07813492  0.
  -0.05177704  0.         -0.01725222  0.05495755]
 [ 0.23544887  0.34600314 -0.34401894 -0.0963854   0.12476755  0.
  -0.02444092  0.         -0.03533321  0.0367335 ]
 [ 0.44230324  0.44261232 -0.34716782  0.06558695  0.11915729  0.
   0.02481359  0.         -0.04325048  0.01206498]
 [ 0.3060147   0.15840748 -0.20737775  0.05321437  0.06035046  0.
  -0.02138107  0.         -0.0089737   0.04452874]] 
Episode: 273: [[ 0.10182829  0.05089947 -0.29023936 -0.1660644  -0.00425404  0.
  -0.04203134  0.          0.00317181  0.04169446]
 [ 0.10198093  0.17625374 -0.32185897 -0.15692043  0.07818937  0.
  -0.05190219  0.         -0.01725222  0.05494894]
 [ 0.23572719  0.3462587  -0.3443472  -0.09612062  0.12478513  0.
  -0.02454093  0.         -0.03533321  0.03671608]
 [ 0.44259483  0.442921   -0.3475236   0.06588235  0.1191649   0.
   0.02475345  0.         -0.04325048  0.01202418]
 [ 0.30625322  0.15863082 -0.20774364  0.05350943  0.06038583  0.
  -0.02151757  0.         -0.0089737   0.04452445]] 
Episode: 274: [[ 0.10211007  0.05116956 -0.29056552 -0.16578984 -0.0042047   0.
  -0.04219866  0.          0.00317181  0.04165833]
 [ 0.10226009  0.17652066 -0.32218033 -0.15664825  0.07823267  0.
  -0.05206912  0.         -0.01725222  0.05490885]
 [ 0.23601077  0.34656388 -0.34468547 -0.09582556  0.12478863  0.
  -0.02468459  0.         -0.03533321  0.03666302]
 [ 0.44289798  0.4432834  -0.3478945   0.06621034  0.11915833  0.
   0.02464599  0.         -0.04325048  0.01194301]
 [ 0.3064943   0.15890421 -0.20811777  0.05383677  0.06041346  0.
  -0.02169547  0.         -0.0089737   0.04448759]] 
Episode: 275: [[ 0.10237612  0.05143723 -0.29089305 -0.16552053 -0.00415545  0.
  -0.04232193  0.          0.00317181  0.04161299]
 [ 0.10252342  0.176785   -0.322503   -0.15638138  0.07827642  0.
  -0.05219021  0.         -0.01725222  0.05485935]
 [ 0.23628244  0.34687087 -0.3450295  -0.09553373  0.12479371  0.
  -0.02477628  0.         -0.03533321  0.03659356]
 [ 0.44319725  0.4436528  -0.34827706  0.06653786  0.11915485  0.
   0.02459606  0.         -0.04325048  0.01183422]
 [ 0.30672082  0.15916605 -0.20849046  0.05415368  0.06044417  0.
  -0.02182752  0.         -0.0089737   0.04445925]] 
Episode: 276: [[ 0.10263351  0.05168788 -0.2912466  -0.16525808 -0.00411968  0.
  -0.04240861  0.          0.00317181  0.0415701 ]
 [ 0.10277778  0.17703208 -0.3228514  -0.1561215   0.07830653  0.
  -0.0522729   0.         -0.01725222  0.05481142]
 [ 0.23654795  0.34716034 -0.3454032  -0.09524827  0.12478342  0.
  -0.02482148  0.         -0.03533321  0.03652827]
 [ 0.44349235  0.44400704 -0.3486924   0.06685802  0.11913946  0.
   0.02459987  0.         -0.04325048  0.01173476]
 [ 0.30694067  0.15940653 -0.20889165  0.05445959  0.06045883  0.
  -0.02192478  0.         -0.0089737   0.04443433]] 
Episode: 277: [[ 0.10286625  0.05192932 -0.29159692 -0.16503644 -0.00409379  0.
  -0.04245019  0.          0.00317181  0.04156068]
 [ 0.10300693  0.17726976 -0.3231965  -0.15590201  0.07832676  0.
  -0.05230939  0.         -0.01725222  0.05479876]
 [ 0.23678711  0.34744018 -0.34577492 -0.09500463  0.12476213  0.
  -0.02480841  0.         -0.03533321  0.03650188]
 [ 0.4437643   0.44435212 -0.34910703  0.0671362   0.11911166  0.
   0.02465665  0.         -0.04325048  0.01167706]
 [ 0.30712923  0.15963799 -0.20928678  0.05471433  0.06046371  0.
  -0.02198172  0.         -0.0089737   0.04444549]] 
Episode: 278: [[ 0.10310397  0.0521919  -0.29196844 -0.16479145 -0.00405682  0.
  -0.04254259  0.          0.00317181  0.04151833]
 [ 0.10324123  0.17752852 -0.32356256 -0.15565987  0.07835799  0.
  -0.05239674  0.         -0.01725222  0.05475179]
 [ 0.23703404  0.34774226 -0.3461702  -0.09473605  0.1247506   0.
  -0.02485037  0.         -0.03533321  0.03643974]
 [ 0.4440389   0.44472125 -0.34954873  0.0674395   0.11909507  0.
   0.02465439  0.         -0.04325048  0.01158636]
 [ 0.3073238   0.15989146 -0.20971057  0.05499383  0.06047974  0.
  -0.02208826  0.         -0.0089737   0.04441825]] 
Episode: 279: [[ 0.10335354  0.05246963 -0.29239395 -0.16450265 -0.00402937  0.
  -0.04265727  0.          0.00317181  0.04145186]
 [ 0.10348661  0.17780206 -0.32398236 -0.15537429  0.07837903  0.
  -0.0525075   0.         -0.01725222  0.05467834]
 [ 0.23729011  0.3480561  -0.3466184  -0.09442143  0.12471978  0.
  -0.02490754  0.         -0.03533321  0.03635028]
 [ 0.4443192   0.4451005  -0.35003975  0.06779162  0.11905356  0.
   0.02464485  0.         -0.04325048  0.01146793]
 [ 0.3075301   0.1601685  -0.2101979   0.05533141  0.06047462  0.
  -0.02220558  0.         -0.0089737   0.04435758]] 
Episode: 280: [[ 0.1035668   0.05274026 -0.29278207 -0.16431615 -0.00400235  0.
  -0.04270541  0.          0.00317181  0.04142138]
 [ 0.10369446  0.1780677  -0.32436514 -0.15519015  0.07840004  0.
  -0.05255257  0.         -0.01725222  0.05464288]
 [ 0.23751117  0.34836873 -0.34702948 -0.09421154  0.12469326  0.
  -0.02490518  0.         -0.03533321  0.03630327]
 [ 0.44457224  0.445486   -0.35049298  0.06803288  0.11901825  0.
   0.02468969  0.         -0.04325048  0.0113967 ]
 [ 0.3076856   0.16042428 -0.21063882  0.05553329  0.06047471  0.
  -0.02227523  0.         -0.0089737   0.04433987]] 
Episode: 281: [[ 0.10378131  0.05300361 -0.29316604 -0.1641278  -0.00397709  0.
  -0.04274165  0.          0.00317181  0.04138413]
 [ 0.10390379  0.17832647 -0.324744   -0.15500416  0.07841935  0.
  -0.05258535  0.         -0.01725222  0.05459987]
 [ 0.23773365  0.34867153 -0.34743562 -0.09399963  0.12466601  0.
  -0.02488621  0.         -0.03533321  0.03624697]
 [ 0.4448257   0.44585642 -0.35094005  0.0682773   0.11898036  0.
   0.02476033  0.         -0.04325048  0.01131332]
 [ 0.3078439   0.16067474 -0.21107797  0.05573968  0.06047066  0.
  -0.02232545  0.         -0.0089737   0.04431636]] 
Episode: 282: [[ 0.1039514   0.05322677 -0.2934902  -0.16400215 -0.00399058  0.
  -0.04271912  0.          0.00317181  0.04141913]
 [ 0.10406841  0.17854561 -0.32506356 -0.15488058  0.07840094  0.
  -0.05256018  0.         -0.01725222  0.05462863]
 [ 0.23791386  0.3489308  -0.34777927 -0.09385313  0.12460343  0.
  -0.02481527  0.         -0.03533321  0.0362616 ]
 [ 0.44504136  0.44617578 -0.35131943  0.06845393  0.11890183  0.
   0.02487737  0.         -0.04325048  0.01130129]
 [ 0.3079524   0.16088021 -0.21144195  0.05585752  0.06042798  0.
  -0.02231508  0.         -0.0089737   0.04436838]] 
Episode: 283: [[ 0.10410967  0.0534386  -0.29378024 -0.16387948 -0.00395018  0.
  -0.04275396  0.          0.00317181  0.04149679]
 [ 0.10422088  0.17875372 -0.3253491  -0.15475976  0.07843681  0.
  -0.05259218  0.         -0.01725222  0.05470181]
 [ 0.23807396  0.34917536 -0.3480857  -0.09371044  0.12460261  0.
  -0.0248053   0.         -0.03533321  0.03632432]
 [ 0.44523033  0.44647577 -0.35165724  0.06862672  0.11889016  0.
   0.0249292   0.         -0.04325048  0.01133572]
 [ 0.3080351   0.16107905 -0.21176618  0.05597774  0.06045296  0.
  -0.02236127  0.         -0.0089737   0.04446778]] 
Episode: 284: [[ 0.10425204  0.05363116 -0.29406592 -0.16378562 -0.00391193  0.
  -0.04276074  0.          0.00317181  0.0415759 ]
 [ 0.10435655  0.17894286 -0.3256303  -0.15466754  0.07847084  0.
  -0.05259445  0.         -0.01725222  0.0547771 ]
 [ 0.23821425  0.34940195 -0.34838766 -0.09359632  0.12460054  0.
  -0.02475243  0.         -0.03533321  0.03639162]
 [ 0.44539762  0.44676074 -0.35198903  0.06877038  0.11887978  0.
   0.0250293   0.         -0.04325048  0.011377  ]
 [ 0.30809698  0.16125542 -0.21208426  0.0560604   0.06047591  0.
  -0.02237639  0.         -0.0089737   0.04456383]] 
Episode: 285: [[ 0.10438758  0.053812   -0.294369   -0.16368671 -0.00384231  0.
  -0.04276855  0.          0.00317181  0.04171547]
 [ 0.10448535  0.17912266 -0.32592958 -0.15457007  0.07853756  0.
  -0.05259852  0.         -0.01725222  0.05491218]
 [ 0.23834375  0.34961745 -0.34870693 -0.09348097  0.1246342   0.
  -0.02469085  0.         -0.03533321  0.03651736]
 [ 0.44554418  0.44703075 -0.352338    0.06891034  0.1189049   0.
   0.02515915  0.         -0.04325048  0.01147711]
 [ 0.3081479   0.16142839 -0.21243493  0.05615154  0.06054193  0.
  -0.02240393  0.         -0.0089737   0.04472316]] 
Episode: 286: [[ 0.10451915  0.05400513 -0.29466212 -0.16358772 -0.00377924  0.
  -0.04276501  0.          0.00317181  0.0418501 ]
 [ 0.10461023  0.17931455 -0.32621902 -0.15447246  0.07859769  0.
  -0.05259075  0.         -0.01725222  0.05504253]
 [ 0.23846969  0.3498437  -0.34901607 -0.09336451  0.12466137  0.
  -0.02461081  0.         -0.03533321  0.03663956]
 [ 0.44569498  0.4473088  -0.35267705  0.06905317  0.11892232  0.
   0.02532467  0.         -0.04325048  0.01157304]
 [ 0.3081983   0.16161816 -0.21277504  0.05624567  0.06059972  0.
  -0.02241431  0.         -0.0089737   0.044874  ]] 
Episode: 287: [[ 0.10465053  0.05419281 -0.29495406 -0.16347851 -0.00371814  0.
  -0.04279261  0.          0.00317181  0.0420066 ]
 [ 0.10473477  0.17950082 -0.32650748 -0.15436462  0.07865555  0.
  -0.05261595  0.         -0.01725222  0.0551959 ]
 [ 0.23859738  0.35006168 -0.3493236  -0.09323691  0.1246862   0.
  -0.02456382  0.         -0.03533321  0.03678668]
 [ 0.44585124  0.44757506 -0.35301408  0.06920899  0.11893597  0.
   0.02546046  0.         -0.04325048  0.01169576]
 [ 0.30824792  0.1618045  -0.21311572  0.05635417  0.06065186  0.
  -0.0224551   0.         -0.0089737   0.04505009]] 
Episode: 288: [[ 0.10485348  0.05438897 -0.2952211  -0.16333438 -0.00361642  0.
  -0.0428729   0.          0.00317181  0.04207861]
 [ 0.10492999  0.17969537 -0.32677066 -0.15422152  0.07875401  0.
  -0.05269359  0.         -0.01725222  0.05526618]
 [ 0.2388046   0.35028505 -0.3496021  -0.09307725  0.12475352  0.
  -0.02457568  0.         -0.03533321  0.03685353]
 [ 0.446101    0.44784328 -0.35331777  0.0693922   0.1189929   0.
   0.02552905  0.         -0.04325048  0.01174296]
 [ 0.30841458  0.16200651 -0.21342462  0.05651956  0.06075245  0.
  -0.02254763  0.         -0.0089737   0.04513509]] 
Episode: 289: [[ 0.10505764  0.05458592 -0.29549274 -0.16316687 -0.00353139  0.
  -0.04290919  0.          0.00317181  0.04214011]
 [ 0.10512693  0.17989054 -0.3270385  -0.15405522  0.07883582  0.
  -0.05272499  0.         -0.01725222  0.0553253 ]
 [ 0.23901418  0.35051012 -0.34988663 -0.09289064  0.12480354  0.
  -0.02453224  0.         -0.03533321  0.03690747]
 [ 0.4463563   0.4481154  -0.3536298   0.06960832  0.1190321   0.
   0.02564434  0.         -0.04325048  0.0117732 ]
 [ 0.30858347  0.16220874 -0.21373966  0.05671445  0.06083426  0.
  -0.02258553  0.         -0.0089737   0.0452091 ]] 
Episode: 290: [[ 0.10529788  0.05479598 -0.2957956  -0.16294345 -0.00344155  0.
  -0.04299732  0.          0.00317181  0.04219422]
 [ 0.10536068  0.18009867 -0.32733753 -0.15383308  0.07892124  0.
  -0.05280825  0.         -0.01725222  0.0553764 ]
 [ 0.23925744  0.35074577 -0.3501997  -0.09264826  0.12485506  0.
  -0.02454725  0.         -0.03533321  0.03695196]
 [ 0.44664046  0.44839838 -0.3539654   0.06988043  0.1190774   0.
   0.02569451  0.         -0.04325048  0.01179127]
 [ 0.30878735  0.16243246 -0.21409641  0.05699039  0.0609167   0.
  -0.02267545  0.         -0.0089737   0.04527474]] 
Episode: 291: [[ 0.10559351  0.05501713 -0.29607296 -0.1627244  -0.00335787  0.
  -0.04310306  0.          0.00317181  0.04219289]
 [ 0.10565264  0.18031807 -0.3276109  -0.15361512  0.07900003  0.
  -0.0529098   0.         -0.01725222  0.05536893]
 [ 0.2395502   0.35099205 -0.3504842  -0.09241236  0.12490223  0.
  -0.02456779  0.         -0.03533321  0.03693761]
 [ 0.44695684  0.44869012 -0.3542687   0.07014251  0.1191197   0.
   0.0257596   0.         -0.04325048  0.01174987]
 [ 0.30904782  0.16267687 -0.21442187  0.05726619  0.06099249  0.
  -0.02276131  0.         -0.0089737   0.04527324]] 
Episode: 292: [[ 0.10585682  0.05521799 -0.2963144  -0.16256799 -0.00327228  0.
  -0.04316393  0.          0.00317181  0.04220672]
 [ 0.10591241  0.18051673 -0.32784888 -0.1534593   0.07908098  0.
  -0.05296529  0.         -0.01725222  0.05537642]
 [ 0.23981126  0.3512165  -0.35073203 -0.09224232  0.12495764  0.
  -0.02453804  0.         -0.03533321  0.03694823]
 [ 0.4472405   0.44895697 -0.354534    0.07033254  0.11917045  0.
   0.02587178  0.         -0.04325048  0.01174975]
 [ 0.30927366  0.1628988  -0.21470472  0.05746082  0.06107277  0.
  -0.02281662  0.         -0.0089737   0.04528037]] 
Episode: 293: [[ 0.10611183  0.05540792 -0.29655766 -0.16239387 -0.00320405  0.
  -0.0431658   0.          0.00317181  0.04221804]
 [ 0.10616396  0.18070433 -0.3280886  -0.15328608  0.07914468  0.
  -0.0529601   0.         -0.01725222  0.05538189]
 [ 0.24006493  0.3514328  -0.35098463 -0.0920501   0.12499623  0.
  -0.02445709  0.         -0.03533321  0.03695525]
 [ 0.4475192   0.4492191  -0.35481015  0.07055124  0.11920393  0.
   0.02602633  0.         -0.04325048  0.01174318]
 [ 0.30949253  0.16309924 -0.2149903   0.05767507  0.06113095  0.
  -0.02281036  0.         -0.0089737   0.04528505]] 
Episode: 294: [[ 0.10635521  0.05557898 -0.29679555 -0.16220845 -0.0031541   0.
  -0.04315403  0.          0.00317181  0.04221627]
 [ 0.10640434  0.18087323 -0.32832295 -0.15310183  0.07919031  0.
  -0.05294111  0.         -0.01725222  0.05537448]
 [ 0.24031277  0.3516294  -0.35123494 -0.09184437  0.12501633  0.
  -0.02436664  0.         -0.03533321  0.03694152]
 [ 0.44780046  0.44946024 -0.3550884   0.0707873   0.1192186   0.
   0.02618699  0.         -0.04325048  0.01170456]
 [ 0.30970618  0.16327594 -0.21526606  0.05789908  0.06116822  0.
  -0.02278829  0.         -0.0089737   0.04528583]] 
Episode: 295: [[ 0.10657883  0.05573868 -0.29702145 -0.16204906 -0.00311292  0.
  -0.04315021  0.          0.00317181  0.04225062]
 [ 0.10662474  0.18103121 -0.32854545 -0.15294364  0.07922742  0.
  -0.05293126  0.         -0.01725222  0.05540475]
 [ 0.24054064  0.35181457 -0.35147473 -0.09166546  0.12502986  0.
  -0.02428194  0.         -0.03533321  0.03697386]
 [ 0.4480612   0.44968873 -0.35535794  0.07099615  0.11922699  0.
   0.0263567   0.         -0.04325048  0.01172287]
 [ 0.30989307  0.16343987 -0.21552677  0.0580857   0.06119841  0.
  -0.02278403  0.         -0.0089737   0.04531866]] 
Episode: 296: [[ 0.10677943  0.05590344 -0.29723623 -0.16192333 -0.00307839  0.
  -0.04311464  0.          0.00317181  0.04228715]
 [ 0.10682168  0.1811944  -0.3287571  -0.15281919  0.07925824  0.
  -0.05288886  0.         -0.01725222  0.05543786]
 [ 0.24074577  0.35200852 -0.35170466 -0.09151893  0.12503836  0.
  -0.02415387  0.         -0.03533321  0.03701366]
 [ 0.44829953  0.44992843 -0.35561976  0.07117372  0.11923001  0.
   0.02656316  0.         -0.04325048  0.01175659]
 [ 0.31005082  0.16360392 -0.2157746   0.05822195  0.06122198  0.
  -0.02276091  0.         -0.0089737   0.04534787]] 
Episode: 297: [[ 0.10696401  0.05610299 -0.29747212 -0.16178061 -0.00304626  0.
  -0.04308243  0.          0.00317181  0.04234308]
 [ 0.10700202  0.18139225 -0.32898977 -0.15267813  0.07928673  0.
  -0.05285065  0.         -0.01725222  0.05549071]
 [ 0.24093606  0.35224062 -0.35196134 -0.09135162  0.1250416   0.
  -0.02402848  0.         -0.03533321  0.03707348]
 [ 0.4485263   0.45021063 -0.3559169   0.07137805  0.11922762  0.
   0.02677633  0.         -0.04325048  0.01181182]
 [ 0.31018734  0.16380765 -0.21604602  0.05837318  0.06124524  0.
  -0.02274456  0.         -0.0089737   0.04540015]] 
Episode: 298: [[ 0.10716711  0.05631037 -0.29770005 -0.16160245 -0.00300169  0.
  -0.04310941  0.          0.00317181  0.04233266]
 [ 0.10720154  0.18159735 -0.32921457 -0.15250145  0.07932709  0.
  -0.05287173  0.         -0.01725222  0.05547274]
 [ 0.24114342  0.3524769  -0.35220757 -0.09114894  0.12505782  0.
  -0.02397013  0.         -0.03533321  0.03706114]
 [ 0.44876844  0.45049432 -0.3561997   0.07161804  0.11923927  0.
   0.02691431  0.         -0.04325048  0.0117978 ]
 [ 0.31034386  0.16402534 -0.21631037  0.05858123  0.06128159  0.
  -0.02278623  0.         -0.0089737   0.04537832]] 
Episode: 299: [[ 0.10737936  0.05653074 -0.29795545 -0.16140641 -0.0029771   0.
  -0.04312026  0.          0.00317181  0.04230975]
 [ 0.10741029  0.1818156  -0.32946694 -0.15230693  0.07934732  0.
  -0.05287579  0.         -0.01725222  0.05544188]
 [ 0.24136089  0.35272548 -0.35248342 -0.0909263   0.12504923  0.
  -0.02388625  0.         -0.03533321  0.03703398]
 [ 0.44902045  0.4507903  -0.3565157   0.07188083  0.11922435  0.
   0.02709225  0.         -0.04325048  0.01176564]
 [ 0.31050912  0.16426119 -0.2166124   0.05881365  0.06129396  0.
  -0.02280414  0.         -0.0089737   0.04534552]] 
Episode: 300: [[ 0.10757063  0.05674566 -0.29821315 -0.16121769 -0.0029292   0.
  -0.04314552  0.          0.00317181  0.04235157]
 [ 0.10759696  0.1820282  -0.32972142 -0.15211976  0.07939116  0.
  -0.05289496  0.         -0.01725222  0.0554786 ]
 [ 0.24155563  0.35296983 -0.35276142 -0.0907082   0.12506734  0.
  -0.02381154  0.         -0.03533321  0.03707567]
 [ 0.44925472  0.45108506 -0.35683298  0.07214383  0.11924089  0.
   0.02728012  0.         -0.04325048  0.01180044]
 [ 0.31064346  0.16449103 -0.21691495  0.05903339  0.06133547  0.
  -0.02283448  0.         -0.0089737   0.0453871 ]] 
Episode: 301: [[ 0.10776631  0.05692355 -0.29844558 -0.16104367 -0.00284854  0.
  -0.0431191   0.          0.00317181  0.04242375]
 [ 0.10778849  0.1822043  -0.32995066 -0.15194714  0.07946872  0.
  -0.0528597   0.         -0.01725222  0.05554827]
 [ 0.24174601  0.35317615 -0.3530116  -0.09050728  0.12512392  0.
  -0.0236897   0.         -0.03533321  0.03714835]
 [ 0.449475    0.45133877 -0.3571185   0.07238627  0.11929525  0.
   0.02750301  0.         -0.04325048  0.01185843]
 [ 0.31077147  0.16467713 -0.21718794  0.05923858  0.06142004  0.
  -0.02280524  0.         -0.0089737   0.04546644]] 
Episode: 302: [[ 0.10796323  0.05709487 -0.2986699  -0.16088252 -0.00276401  0.
  -0.04303943  0.          0.00317181  0.04254653]
 [ 0.10798137  0.18237443 -0.33017185 -0.1517872   0.07955027  0.
  -0.05277236  0.         -0.01725222  0.05567164]
 [ 0.24193399  0.35337487 -0.3532507  -0.09032077  0.12518556  0.
  -0.02352549  0.         -0.03533321  0.0372777 ]
 [ 0.44968954  0.4515824  -0.3573887   0.07261199  0.11935406  0.
   0.0277574   0.         -0.04325048  0.01197427]
 [ 0.31089762  0.16486026 -0.21745266  0.05943191  0.06150875  0.
  -0.02272242  0.         -0.0089737   0.04560488]] 
Episode: 303: [[ 0.10818466  0.05726919 -0.2989048  -0.16068037 -0.00261526  0.
  -0.04302387  0.          0.00317181  0.04267321]
 [ 0.10819917  0.18254696 -0.3304034  -0.151586    0.07969622  0.
  -0.05274938  0.         -0.01725222  0.05579902]
 [ 0.24214372  0.353571   -0.35349736 -0.09009389  0.12531246  0.
  -0.02343233  0.         -0.03533321  0.03740909]
 [ 0.449918    0.4518173  -0.35766357  0.0728773   0.1194803   0.
   0.02793244  0.         -0.04325048  0.01209047]
 [ 0.31104603  0.1650493  -0.21773492  0.05968648  0.06167042  0.
  -0.02270441  0.         -0.0089737   0.04574984]] 
Episode: 304: [[ 0.10841724  0.05747225 -0.29914925 -0.1604341  -0.00248503  0.
  -0.04306595  0.          0.00317181  0.04283026]
 [ 0.10842816  0.18274811 -0.33064458 -0.15134086  0.07982287  0.
  -0.05278428  0.         -0.01725222  0.05595804]
 [ 0.24236666  0.35379797 -0.35375243 -0.08982097  0.12541969  0.
  -0.02340308  0.         -0.03533321  0.03757065]
 [ 0.45015895  0.45208484 -0.35794458  0.07319055  0.11958858  0.
   0.02803881  0.         -0.04325048  0.01223489]
 [ 0.3112055   0.16527134 -0.21803127  0.06000065  0.06180437  0.
  -0.02274465  0.         -0.0089737   0.04592719]] 
Episode: 305: [[ 0.10864096  0.05767879 -0.29939795 -0.16019082 -0.00236217  0.
  -0.04313824  0.          0.00317181  0.04298937]
 [ 0.1086484   0.18295316 -0.3308903  -0.15109855  0.079942    0.
  -0.05285176  0.         -0.01725222  0.05611934]
 [ 0.24258086  0.35402635 -0.35401124 -0.08955257  0.12551835  0.
  -0.02340723  0.         -0.03533321  0.03773379]
 [ 0.45039126  0.45234975 -0.35822782  0.07349807  0.11968682  0.
   0.02811825  0.         -0.04325048  0.01237936]
 [ 0.3113598   0.16550244 -0.21833567  0.06031349  0.06192822  0.
  -0.02281503  0.         -0.0089737   0.04610588]] 
Episode: 306: [[ 0.1088249   0.05787162 -0.29963762 -0.16012944 -0.00226345  0.
  -0.04314716  0.          0.00317181  0.04316773]
 [ 0.10882755  0.18314469 -0.33112702 -0.15103723  0.08003699  0.
  -0.05285688  0.         -0.01725222  0.05629951]
 [ 0.24275425  0.35424268 -0.35426173 -0.08947723  0.12559323  0.
  -0.02335637  0.         -0.03533321  0.03794309]
 [ 0.45058355  0.45260647 -0.35850132  0.07359308  0.1197634   0.
   0.02824362  0.         -0.04325048  0.01257313]
 [ 0.31146687  0.1657188  -0.2186228   0.06038975  0.06202414  0.
  -0.02282186  0.         -0.0089737   0.04627401]] 
Episode: 307: [[ 0.10899854  0.05805499 -0.2998698  -0.1600773  -0.00218997  0.
  -0.04312496  0.          0.00317181  0.04332953]
 [ 0.10899664  0.18332617 -0.3313565  -0.15098509  0.08010662  0.
  -0.05282918  0.         -0.01725222  0.05646216]
 [ 0.24291877  0.3544508  -0.35450432 -0.08941186  0.12564142  0.
  -0.02326727  0.         -0.03533321  0.03813478]
 [ 0.45076835  0.45285675 -0.3587659   0.07367647  0.11981106  0.
   0.0284103   0.         -0.04325048  0.01275357]
 [ 0.31157112  0.1659189  -0.21890208  0.06045387  0.06209035  0.
  -0.02279738  0.         -0.0089737   0.0464233 ]] 
Episode: 308: [[ 0.10919769  0.05823059 -0.30009964 -0.16000558 -0.00207889  0.
  -0.04316113  0.          0.00317181  0.04346127]
 [ 0.10919235  0.1835001  -0.3315836  -0.15091328  0.08021419  0.
  -0.0528599   0.         -0.01725222  0.05659422]
 [ 0.24310647  0.35464963 -0.35474223 -0.08932804  0.12572862  0.
  -0.02324173  0.         -0.03533321  0.03829062]
 [ 0.45096892  0.45309508 -0.35902363  0.07377723  0.11989686  0.
   0.02851139  0.         -0.04325048  0.01289506]
 [ 0.3117016   0.1661122  -0.21918084  0.06054784  0.06220102  0.
  -0.02283188  0.         -0.0089737   0.04654288]] 
Episode: 309: [[ 0.1094143   0.05839881 -0.3003123  -0.15993346 -0.00197721  0.
  -0.04322363  0.          0.00317181  0.04355422]
 [ 0.10940672  0.1836668  -0.33179346 -0.1508409   0.08031239  0.
  -0.05291835  0.         -0.01725222  0.05668706]
 [ 0.24330796  0.35483867 -0.35496092 -0.08924454  0.1258065   0.
  -0.02323954  0.         -0.03533321  0.03840599]
 [ 0.45117566  0.45332196 -0.3592598   0.0738764   0.11997291  0.
   0.02859632  0.         -0.04325048  0.01299594]
 [ 0.3118522   0.16630115 -0.21943931  0.06064481  0.06230154  0.
  -0.02288162  0.         -0.0089737   0.04662159]] 
Episode: 310: [[ 0.10969545  0.05857154 -0.30053118 -0.159838   -0.00187115  0.
  -0.04333605  0.          0.00317181  0.04357658]
 [ 0.10968424  0.18383823 -0.33200943 -0.15074521  0.08041466  0.
  -0.0530266   0.         -0.01725222  0.05670572]
 [ 0.24358329  0.35502955 -0.35518274 -0.08913933  0.12588476  0.
  -0.02329225  0.         -0.03533321  0.0384452 ]
 [ 0.45146704  0.45354602 -0.359496    0.07399409  0.12004418  0.
   0.02861876  0.         -0.04325048  0.01302383]
 [ 0.3121056   0.16649912 -0.21970855  0.06077801  0.06240305  0.
  -0.02298293  0.         -0.0089737   0.04661921]] 
Episode: 311: [[ 0.10997445  0.0587489  -0.3007867  -0.15970203 -0.00180331  0.
  -0.04349333  0.          0.00317181  0.04358659]
 [ 0.10995911  0.18401386 -0.33226213 -0.15060908  0.0804775   0.
  -0.05317962  0.         -0.01725222  0.05671101]
 [ 0.24385303  0.3552271  -0.35544145 -0.08899067  0.12591527  0.
  -0.02339432  0.         -0.03533321  0.03846461]
 [ 0.4517496   0.45378006 -0.35976982  0.07415973  0.12006159  0.
   0.02858501  0.         -0.04325048  0.01302345]
 [ 0.3123494   0.16669752 -0.22002484  0.060964    0.0624516   0.
  -0.02313062  0.         -0.0089737   0.04660524]] 
Episode: 312: [[ 0.11024435  0.05891357 -0.301061   -0.15959364 -0.00174266  0.
  -0.04357868  0.          0.00317181  0.0435824 ]
 [ 0.11022505  0.18417667 -0.33253372 -0.15050068  0.08053323  0.
  -0.05326166  0.         -0.01725222  0.05670091]
 [ 0.24411713  0.35541236 -0.3557253  -0.08886768  0.12593783  0.
  -0.02343151  0.         -0.03533321  0.03847968]
 [ 0.45202956  0.45400432 -0.36007768  0.07429963  0.12007312  0.
   0.02860857  0.         -0.04325048  0.01303958]
 [ 0.31258544  0.16687931 -0.2203605   0.0611078   0.06249356  0.
  -0.02320695  0.         -0.0089737   0.04656105]] 
Episode: 313: [[ 0.11052201  0.05912091 -0.30136117 -0.1594315  -0.00169115  0.
  -0.04371157  0.          0.00317181  0.04354222]
 [ 0.11049918  0.18438232 -0.33283138 -0.15033865  0.08057939  0.
  -0.05339106  0.         -0.01725222  0.05665253]
 [ 0.24439056  0.35564244 -0.3560355  -0.08868823  0.12594639  0.
  -0.02351959  0.         -0.03533321  0.03845   ]
 [ 0.45231515  0.45427456 -0.36041296  0.0744997   0.12006618  0.
   0.02857585  0.         -0.04325048  0.01300634]
 [ 0.31283048  0.16711196 -0.22073057  0.06131973  0.06252243  0.
  -0.0233321   0.         -0.0089737   0.04647965]] 
Episode: 314: [[ 0.11085792  0.05934923 -0.30164334 -0.15926495 -0.00157676  0.
  -0.04388719  0.          0.00317181  0.04351997]
 [ 0.11083033  0.18460783 -0.33311093 -0.15017194  0.08068825  0.
  -0.05356304  0.         -0.01725222  0.05662288]
 [ 0.24473026  0.35588783 -0.35632506 -0.08850665  0.12602133  0.
  -0.02365343  0.         -0.03533321  0.03843793]
 [ 0.45266843  0.4545546  -0.36072406  0.07469769  0.12013028  0.
   0.02849251  0.         -0.04325048  0.01299824]
 [ 0.3131651   0.16737707 -0.22107954  0.0615411   0.06263041  0.
  -0.02350114  0.         -0.0089737   0.04642203]] 
Episode: 315: [[ 0.11119346  0.05958649 -0.3019306  -0.15907897 -0.00146407  0.
  -0.04410122  0.          0.00317181  0.04347835]
 [ 0.11116194  0.18484254 -0.33339587 -0.1499856   0.08079527  0.
  -0.05377329  0.         -0.01725222  0.05657306]
 [ 0.24507284  0.3561417  -0.35661924 -0.08830599  0.12609468  0.
  -0.02382842  0.         -0.03533321  0.03840135]
 [ 0.45303172  0.45484287 -0.36103892  0.07491432  0.1201951   0.
   0.02836365  0.         -0.04325048  0.01295889]
 [ 0.31350267  0.16765524 -0.22143744  0.0617894   0.06273564  0.
  -0.02370963  0.         -0.0089737   0.04634691]] 
Episode: 316: [[ 0.11150201  0.0598129  -0.30218413 -0.15890278 -0.00130329  0.
  -0.04434977  0.          0.00317181  0.04351156]
 [ 0.11146647  0.18506655 -0.33364713 -0.149809    0.08095134  0.
  -0.05401796  0.         -0.01725222  0.05659766]
 [ 0.24538407  0.35638264 -0.35687798 -0.08811633  0.12622446  0.
  -0.0240404   0.         -0.03533321  0.03843538]
 [ 0.45335695  0.45511404 -0.36131528  0.07512004  0.12032127  0.
   0.02819383  0.         -0.04325048  0.01298796]
 [ 0.31380045  0.16792154 -0.22175191  0.06202403  0.06290141  0.
  -0.02395357  0.         -0.0089737   0.04635429]] 
Episode: 317: [[ 0.11178547  0.0600375  -0.3024338  -0.158769   -0.00115823  0.
  -0.04451738  0.          0.00317181  0.04352189]
 [ 0.11174601  0.18528883 -0.33389473 -0.14967494  0.0810919   0.
  -0.05418257  0.         -0.01725222  0.05659859]
 [ 0.24567264  0.35662544 -0.35713646 -0.08796819  0.12633933  0.
  -0.02417659  0.         -0.03533321  0.03844737]
 [ 0.45366502  0.45539162 -0.36159647  0.07528467  0.12043361  0.
   0.0280949   0.         -0.04325048  0.01299951]
 [ 0.31407106  0.16818081 -0.22205983  0.06219856  0.06305119  0.
  -0.02411663  0.         -0.0089737   0.04633578]] 
Episode: 318: [[ 0.1120624   0.06024441 -0.30266196 -0.15864061 -0.00103349  0.
  -0.04467867  0.          0.00317181  0.04350378]
 [ 0.11201988  0.18549383 -0.33412078 -0.14954628  0.0812123   0.
  -0.05434124  0.         -0.01725222  0.05657092]
 [ 0.24595234  0.35684943 -0.3573713  -0.08782692  0.12643479  0.
  -0.02430387  0.         -0.03533321  0.03842774]
 [ 0.45395848  0.45564812 -0.3618505   0.07544044  0.12052493  0.
   0.02801205  0.         -0.04325048  0.01297477]
 [ 0.3143329   0.16842109 -0.22233996  0.0623673   0.06317687  0.
  -0.02426565  0.         -0.0089737   0.04628721]] 
Episode: 319: [[ 0.11229938  0.06043889 -0.30287525 -0.1585957  -0.00091473  0.
  -0.04476769  0.          0.00317181  0.04349829]
 [ 0.11225312  0.18568555 -0.33433223 -0.14950113  0.08132694  0.
  -0.05442841  0.         -0.01725222  0.05655668]
 [ 0.2461913   0.3570658  -0.35759237 -0.08777374  0.12652583  0.
  -0.02436377  0.         -0.03533321  0.03842539]
 [ 0.45421872  0.45590544 -0.36209252  0.07550203  0.12061158  0.
   0.02799144  0.         -0.04325048  0.0129729 ]
 [ 0.31454742  0.16863541 -0.22260036  0.06242654  0.06329805  0.
  -0.02435173  0.         -0.0089737   0.04625439]] 
Episode: 320: [[ 0.11253523  0.06065212 -0.30309898 -0.15851901 -0.00081227  0.
  -0.04481062  0.          0.00317181  0.04347734]
 [ 0.11248574  0.18589646 -0.33455405 -0.1494241   0.08142517  0.
  -0.054467    0.         -0.01725222  0.0565263 ]
 [ 0.24642983  0.35730445 -0.3578248  -0.08768538  0.12659732  0.
  -0.02436307  0.         -0.03533321  0.03840404]
 [ 0.45448098  0.4561881  -0.36234656  0.07560442  0.12067577  0.
   0.02802682  0.         -0.04325048  0.01294719]
 [ 0.31476572  0.16886963 -0.22287177  0.06252624  0.06339821  0.
  -0.02438607  0.         -0.0089737   0.04620419]] 
Episode: 321: [[ 0.11276709  0.06084963 -0.30330658 -0.15842526 -0.00069495  0.
  -0.04490533  0.          0.00317181  0.04348101]
 [ 0.11271476  0.18609141 -0.3347596  -0.14932981  0.0815383   0.
  -0.0545573   0.         -0.01725222  0.05652224]
 [ 0.24665903  0.3575239  -0.3580393  -0.08758023  0.1266857   0.
  -0.02441701  0.         -0.03533321  0.03840698]
 [ 0.4547264   0.45644835 -0.36258042  0.07572477  0.12075939  0.
   0.02800474  0.         -0.04325048  0.01293974]
 [ 0.31496745  0.16908816 -0.22312416  0.06265079  0.06351974  0.
  -0.02447343  0.         -0.0089737   0.04618616]] 
Episode: 322: [[ 0.11301268  0.06104127 -0.30349225 -0.15832777 -0.00057359  0.
  -0.04493446  0.          0.00317181  0.04348506]
 [ 0.11295862  0.1862805  -0.33494297 -0.14923175  0.08165584  0.
  -0.05458298  0.         -0.01725222  0.05651887]
 [ 0.24689883  0.3577361  -0.35822952 -0.08747213  0.12677903  0.
  -0.02441098  0.         -0.03533321  0.03840768]
 [ 0.45497918  0.45669872 -0.362787    0.07584722  0.12084585  0.
   0.02803877  0.         -0.04325048  0.01292504]
 [ 0.31518105  0.1693026  -0.22334749  0.0627832   0.06364743  0.
  -0.02449557  0.         -0.0089737   0.04617096]] 
Episode: 323: [[ 0.11324683  0.06121558 -0.30369765 -0.15819782 -0.00049066  0.
  -0.04490464  0.          0.00317181  0.04349143]
 [ 0.11319117  0.18645237 -0.3351464  -0.14910093  0.08173483  0.
  -0.05455054  0.         -0.01725222  0.05651916]
 [ 0.2471329   0.35794172 -0.35844675 -0.08732715  0.12683119  0.
  -0.02435102  0.         -0.03533321  0.03840021]
 [ 0.45523903  0.45695862 -0.36303076  0.07601354  0.12089303  0.
   0.02812325  0.         -0.04325048  0.01288531]
 [ 0.3153888   0.16948129 -0.22359161  0.06295285  0.06373233  0.
  -0.02445906  0.         -0.0089737   0.04617726]] 
Episode: 324: [[ 1.13544576e-01  6.13610037e-02 -3.03904682e-01 -1.58036232e-01
  -4.39176802e-04  0.00000000e+00 -4.49338183e-02  0.00000000e+00
   3.17181321e-03  4.35684174e-02]
 [ 1.13485865e-01  1.86593771e-01 -3.35350901e-01 -1.48938179e-01
   8.17796513e-02  0.00000000e+00 -5.45768663e-02  0.00000000e+00
  -1.72522180e-02  5.65894432e-02]
 [ 2.47438163e-01  3.58113468e-01 -3.58659685e-01 -8.71546268e-02
   1.26843080e-01  0.00000000e+00 -2.43515931e-02  0.00000000e+00
  -3.53332087e-02  3.84610370e-02]
 [ 4.55584109e-01  4.57184523e-01 -3.63263786e-01  7.62008354e-02
   1.20900348e-01  0.00000000e+00  2.81454120e-02  0.00000000e+00
  -4.32504788e-02  1.29146259e-02]
 [ 3.15698743e-01  1.69626608e-01 -2.23837137e-01  6.31698295e-02
   6.37699813e-02  0.00000000e+00 -2.44826097e-02  0.00000000e+00
  -8.97369999e-03  4.62583490e-02]] 
Episode: 325: [[ 1.13899030e-01  6.14927262e-02 -3.04098129e-01 -1.57861635e-01
  -3.88682995e-04  0.00000000e+00 -4.50160541e-02  0.00000000e+00
   3.17181321e-03  4.36757803e-02]
 [ 1.13836013e-01  1.86719850e-01 -3.35541368e-01 -1.48762211e-01
   8.18222612e-02  0.00000000e+00 -5.46560436e-02  0.00000000e+00
  -1.72522180e-02  5.66924624e-02]
 [ 2.47806743e-01  3.58266622e-01 -3.58855486e-01 -8.69712308e-02
   1.26852155e-01  0.00000000e+00 -2.44066119e-02  0.00000000e+00
  -3.53332087e-02  3.85579504e-02]
 [ 4.56001788e-01  4.57389295e-01 -3.63475472e-01  7.63946548e-02
   1.20906495e-01  0.00000000e+00  2.81115100e-02  0.00000000e+00
  -4.32504788e-02  1.29918326e-02]
 [ 3.16098690e-01  1.69758052e-01 -2.24064738e-01  6.34082109e-02
   6.38040006e-02  0.00000000e+00 -2.45601665e-02  0.00000000e+00
  -8.97369999e-03  4.63791899e-02]] 
Episode: 326: [[ 1.1423036e-01  6.1641473e-02 -3.0431646e-01 -1.5770747e-01
  -3.4882946e-04  0.0000000e+00 -4.5034073e-02  0.0000000e+00
   3.1718132e-03  4.3774668e-02]
 [ 1.1416332e-01  1.8686333e-01 -3.3575732e-01 -1.4860694e-01
   8.1854351e-02  0.0000000e+00 -5.4671805e-02  0.0000000e+00
  -1.7252218e-02  5.6787234e-02]
 [ 2.4815220e-01  3.5843799e-01 -3.5908222e-01 -8.6806722e-02
   1.2684904e-01  0.0000000e+00 -2.4401627e-02  0.0000000e+00
  -3.5333209e-02  3.8658138e-02]
 [ 4.5639560e-01  4.5761234e-01 -3.6372626e-01  7.6571673e-02
   1.2089836e-01  0.0000000e+00  2.8134830e-02  0.0000000e+00
  -4.3250479e-02  1.3090821e-02]
 [ 3.1647018e-01  1.6990863e-01 -2.2432312e-01  6.3613705e-02
   6.3824691e-02  0.0000000e+00 -2.4573591e-02  0.0000000e+00
  -8.9737000e-03  4.6474192e-02]] 
Episode: 327: [[ 1.14541046e-01  6.17836267e-02 -3.04543197e-01 -1.57560423e-01
  -3.16809485e-04  0.00000000e+00 -4.49943468e-02  0.00000000e+00
   3.17181321e-03  4.39290293e-02]
 [ 1.14469722e-01  1.87000349e-01 -3.35982054e-01 -1.48458734e-01
   8.18788484e-02  0.00000000e+00 -5.46305403e-02  0.00000000e+00
  -1.72522180e-02  5.69408871e-02]
 [ 2.48471484e-01  3.58599454e-01 -3.59317005e-01 -8.66490230e-02
   1.26836881e-01  0.00000000e+00 -2.43426766e-02  0.00000000e+00
  -3.53332087e-02  3.88157628e-02]
 [ 4.56755608e-01  4.57820773e-01 -3.63983035e-01  7.67419711e-02
   1.20879136e-01  0.00000000e+00  2.82096211e-02  0.00000000e+00
  -4.32504788e-02  1.32448142e-02]
 [ 3.16805989e-01  1.70054927e-01 -2.24595398e-01  6.38104156e-02
   6.38364106e-02  0.00000000e+00 -2.45293509e-02  0.00000000e+00
  -8.97369999e-03  4.66278382e-02]] 
Episode: 328: [[ 1.14823073e-01  6.18895143e-02 -3.04779857e-01 -1.57459110e-01
  -3.13315191e-04  0.00000000e+00 -4.49027009e-02  0.00000000e+00
   3.17181321e-03  4.40670997e-02]
 [ 1.14747018e-01  1.87101692e-01 -3.36216986e-01 -1.48356423e-01
   8.18751678e-02  0.00000000e+00 -5.45379966e-02  0.00000000e+00
  -1.72522180e-02  5.70792891e-02]
 [ 2.48762861e-01  3.58729333e-01 -3.59565765e-01 -8.65339339e-02
   1.26795575e-01  0.00000000e+00 -2.42351908e-02  0.00000000e+00
  -3.53332087e-02  3.89569700e-02]
 [ 4.57091957e-01  4.58005100e-01 -3.64258826e-01  7.68726394e-02
   1.20833226e-01  0.00000000e+00  2.83307079e-02  0.00000000e+00
  -4.32504788e-02  1.33798812e-02]
 [ 3.17102432e-01  1.70152187e-01 -2.24879086e-01  6.39415979e-02
   6.38171285e-02  0.00000000e+00 -2.44332664e-02  0.00000000e+00
  -8.97369999e-03  4.67662662e-02]] 
Episode: 329: [[ 1.15082547e-01  6.19913936e-02 -3.05031419e-01 -1.57359511e-01
  -3.28752707e-04  0.00000000e+00 -4.47643735e-02  0.00000000e+00
   3.17181321e-03  4.41935621e-02]
 [ 1.15001723e-01  1.87199295e-01 -3.36467147e-01 -1.48255765e-01
   8.18526819e-02  0.00000000e+00 -5.43993451e-02  0.00000000e+00
  -1.72522180e-02  5.72060496e-02]
 [ 2.49031112e-01  3.58858585e-01 -3.59833211e-01 -8.64175931e-02
   1.26734704e-01  0.00000000e+00 -2.40840539e-02  0.00000000e+00
  -3.53332087e-02  3.90811078e-02]
 [ 4.57408249e-01  4.58193213e-01 -3.64558011e-01  7.70096704e-02
   1.20767154e-01  0.00000000e+00  2.84934323e-02  0.00000000e+00
  -4.32504788e-02  1.34873316e-02]
 [ 3.17373008e-01  1.70240223e-01 -2.25181296e-01  6.40692562e-02
   6.37742504e-02  0.00000000e+00 -2.42905691e-02  0.00000000e+00
  -8.97369999e-03  4.68980372e-02]] 
Episode: 330: [[ 1.15359858e-01  6.20867684e-02 -3.05278212e-01 -1.57257333e-01
  -3.21287225e-04  0.00000000e+00 -4.46957909e-02  0.00000000e+00
   3.17181321e-03  4.42588180e-02]
 [ 1.15276292e-01  1.87291235e-01 -3.36712539e-01 -1.48152485e-01
   8.18536803e-02  0.00000000e+00 -5.43299839e-02  0.00000000e+00
  -1.72522180e-02  5.72707951e-02]
 [ 2.49312177e-01  3.58979762e-01 -3.60093296e-01 -8.63007307e-02
   1.26698121e-01  0.00000000e+00 -2.40024887e-02  0.00000000e+00
  -3.53332087e-02  3.91437709e-02]
 [ 4.57722783e-01  4.58369404e-01 -3.64846468e-01  7.71443024e-02
   1.20723516e-01  0.00000000e+00  2.85860803e-02  0.00000000e+00
  -4.32504788e-02  1.35355042e-02]
 [ 3.17657173e-01  1.70325175e-01 -2.25481540e-01  6.42018765e-02
   6.37573674e-02  0.00000000e+00 -2.42184382e-02  0.00000000e+00
  -8.97369999e-03  4.69667427e-02]] 
Episode: 331: [[ 1.1561616e-01  6.2182218e-02 -3.0552858e-01 -1.5720335e-01
  -3.3415243e-04  0.0000000e+00 -4.4578262e-02  0.0000000e+00
   3.1718132e-03  4.4326559e-02]
 [ 1.1552979e-01  1.8738322e-01 -3.3696169e-01 -1.4809759e-01
   8.1834279e-02  0.0000000e+00 -5.4212231e-02  0.0000000e+00
  -1.7252218e-02  5.7338562e-02]
 [ 2.4957275e-01  3.5910362e-01 -3.6036074e-01 -8.6232364e-02
   1.2664030e-01  0.0000000e+00 -2.3874709e-02  0.0000000e+00
  -3.5333209e-02  3.9218646e-02]
 [ 4.5802203e-01  4.5855156e-01 -3.6514768e-01  7.7230133e-02
   1.2065687e-01  0.0000000e+00  2.8723190e-02  0.0000000e+00
  -4.3250479e-02  1.3608216e-02]
 [ 3.1791896e-01  1.7040637e-01 -2.2578359e-01  6.4269707e-02
   6.3716352e-02  0.0000000e+00 -2.4097342e-02  0.0000000e+00
  -8.9737000e-03  4.7028795e-02]] 
Episode: 332: [[ 1.15876645e-01  6.22902177e-02 -3.05783153e-01 -1.57127559e-01
  -3.40730126e-04  0.00000000e+00 -4.45283428e-02  0.00000000e+00
   3.17181321e-03  4.43998538e-02]
 [ 1.15788318e-01  1.87487900e-01 -3.37215096e-01 -1.48020774e-01
   8.18208456e-02  0.00000000e+00 -5.41616268e-02  0.00000000e+00
  -1.72522180e-02  5.74119948e-02]
 [ 2.49836415e-01  3.59238476e-01 -3.60629827e-01 -8.61422643e-02
   1.26587600e-01  0.00000000e+00 -2.38141231e-02  0.00000000e+00
  -3.53332087e-02  3.92990038e-02]
 [ 4.58319843e-01  4.58742172e-01 -3.65446717e-01  7.73375630e-02
   1.20591708e-01  0.00000000e+00  2.87928209e-02  0.00000000e+00
  -4.32504788e-02  1.36849312e-02]
 [ 3.18180114e-01  1.70506075e-01 -2.26092368e-01  6.43702000e-02
   6.36785179e-02  0.00000000e+00 -2.40445882e-02  0.00000000e+00
  -8.97369999e-03  4.70991358e-02]] 
Episode: 333: [[ 1.16139181e-01  6.23765364e-02 -3.06025535e-01 -1.57044202e-01
  -3.31366464e-04  0.00000000e+00 -4.45392206e-02  0.00000000e+00
   3.17181321e-03  4.45374250e-02]
 [ 1.16049714e-01  1.87571287e-01 -3.37456167e-01 -1.47936329e-01
   8.18240494e-02  0.00000000e+00 -5.41714095e-02  0.00000000e+00
  -1.72522180e-02  5.75484224e-02]
 [ 2.50094324e-01  3.59349042e-01 -3.60884398e-01 -8.60459283e-02
   1.26552507e-01  0.00000000e+00 -2.38108281e-02  0.00000000e+00
  -3.53332087e-02  3.94391716e-02]
 [ 4.58597749e-01  4.58902985e-01 -3.65729064e-01  7.74499476e-02
   1.20541871e-01  0.00000000e+00  2.88233366e-02  0.00000000e+00
  -4.32504788e-02  1.38192363e-02]
 [ 3.18431437e-01  1.70580879e-01 -2.26389825e-01  6.44835308e-02
   6.36613518e-02  0.00000000e+00 -2.40489189e-02  0.00000000e+00
  -8.97369999e-03  4.72380929e-02]] 
Episode: 334: [[ 1.1642341e-01  6.2485524e-02 -3.0625033e-01 -1.5693797e-01
  -2.5125357e-04  0.0000000e+00 -4.4604767e-02  0.0000000e+00
   3.1718132e-03  4.4589415e-02]
 [ 1.1633485e-01  1.8767761e-01 -3.3767951e-01 -1.4782879e-01
   8.1898749e-02  0.0000000e+00 -5.4235499e-02  0.0000000e+00
  -1.7252218e-02  5.7600662e-02]
 [ 2.5037917e-01  3.5948071e-01 -3.6111960e-01 -8.5928820e-02
   1.2659614e-01  0.0000000e+00 -2.3862218e-02  0.0000000e+00
  -3.5333209e-02  3.9497282e-02]
 [ 4.5890370e-01  4.5908108e-01 -3.6598957e-01  7.7580243e-02
   1.2057582e-01  0.0000000e+00  2.8797019e-02  0.0000000e+00
  -4.3250479e-02  1.3874693e-02]
 [ 3.1871518e-01  1.7068748e-01 -2.2666712e-01  6.4630613e-02
   6.3733414e-02  0.0000000e+00 -2.4108963e-02  0.0000000e+00
  -8.9737000e-03  4.7287244e-02]] 
Episode: 335: [[ 1.1670535e-01  6.2600523e-02 -3.0646664e-01 -1.5681300e-01
  -1.5835480e-04  0.0000000e+00 -4.4680793e-02  0.0000000e+00
   3.1718132e-03  4.4647202e-02]
 [ 1.1661715e-01  1.8779078e-01 -3.3789432e-01 -1.4770243e-01
   8.1986710e-02  0.0000000e+00 -5.4310281e-02  0.0000000e+00
  -1.7252218e-02  5.7658542e-02]
 [ 2.5065395e-01  3.5961717e-01 -3.6134365e-01 -8.5792333e-02
   1.2665440e-01  0.0000000e+00 -2.3912745e-02  0.0000000e+00
  -3.5333209e-02  3.9554521e-02]
 [ 4.5919052e-01  4.5925862e-01 -3.6623403e-01  7.7731065e-02
   1.2062228e-01  0.0000000e+00  2.8792009e-02  0.0000000e+00
  -4.3250479e-02  1.3917334e-02]
 [ 3.1897923e-01  1.7080666e-01 -2.2693180e-01  6.4805903e-02
   6.3818440e-02  0.0000000e+00 -2.4159728e-02  0.0000000e+00
  -8.9737000e-03  4.7346074e-02]] 
Episode: 336: [[ 1.17012724e-01  6.27179891e-02 -3.06714594e-01 -1.56631842e-01
  -4.86990866e-05  0.00000000e+00 -4.48050126e-02  0.00000000e+00
   3.17181321e-03  4.47365642e-02]
 [ 1.16925679e-01  1.87907130e-01 -3.38141263e-01 -1.47519335e-01
   8.20913464e-02  0.00000000e+00 -5.44329099e-02  0.00000000e+00
  -1.72522180e-02  5.77498488e-02]
 [ 2.50955552e-01  3.59754890e-01 -3.61597002e-01 -8.55995417e-02
   1.26729533e-01  0.00000000e+00 -2.40126345e-02  0.00000000e+00
  -3.53332087e-02  3.96485738e-02]
 [ 4.59502339e-01  4.59435940e-01 -3.66502404e-01  7.79380500e-02
   1.20689318e-01  0.00000000e+00  2.87336595e-02  0.00000000e+00
  -4.32504788e-02  1.40038952e-02]
 [ 3.19267184e-01  1.70935795e-01 -2.27238655e-01  6.50557801e-02
   6.39216825e-02  0.00000000e+00 -2.42616162e-02  0.00000000e+00
  -8.97369999e-03  4.74379882e-02]] 
Episode: 337: [[ 1.17295682e-01  6.28389716e-02 -3.06957334e-01 -1.56490073e-01
   4.10615248e-05  0.00000000e+00 -4.48609591e-02  0.00000000e+00
   3.17181321e-03  4.48192507e-02]
 [ 1.17209375e-01  1.88027248e-01 -3.38383347e-01 -1.47375867e-01
   8.21763054e-02  0.00000000e+00 -5.44879027e-02  0.00000000e+00
  -1.72522180e-02  5.78344390e-02]
 [ 2.51236290e-01  3.59900147e-01 -3.61848861e-01 -8.54444951e-02
   1.26784950e-01  0.00000000e+00 -2.40480918e-02  0.00000000e+00
  -3.53332087e-02  3.97405624e-02]
 [ 4.59800631e-01  4.59625900e-01 -3.66774142e-01  7.81095698e-02
   1.20736413e-01  0.00000000e+00  2.87349857e-02  0.00000000e+00
  -4.32504788e-02  1.40960161e-02]
 [ 3.19529086e-01  1.71064883e-01 -2.27537438e-01  6.52479455e-02
   6.40050620e-02  0.00000000e+00 -2.42970772e-02  0.00000000e+00
  -8.97369999e-03  4.75178994e-02]] 
Episode: 338: [[ 1.1762364e-01  6.2956035e-02 -3.0718043e-01 -1.5634865e-01
   8.2017767e-05  0.0000000e+00 -4.4855513e-02  0.0000000e+00
   3.1718132e-03  4.4925358e-02]
 [ 1.1754045e-01  1.8814352e-01 -3.3860514e-01 -1.4723282e-01
   8.2211435e-02  0.0000000e+00 -5.4482069e-02  0.0000000e+00
  -1.7252218e-02  5.7943840e-02]
 [ 2.5156003e-01  3.6004081e-01 -3.6207706e-01 -8.5290618e-02
   1.2678744e-01  0.0000000e+00 -2.4025597e-02  0.0000000e+00
  -3.5333209e-02  3.9858460e-02]
 [ 4.6013039e-01  4.5981100e-01 -3.6701787e-01  7.8277551e-02
   1.2072823e-01  0.0000000e+00  2.8789990e-02  0.0000000e+00
  -4.3250479e-02  1.4216429e-02]
 [ 3.1984082e-01  1.7119369e-01 -2.2780910e-01  6.5442815e-02
   6.4026266e-02  0.0000000e+00 -2.4272809e-02  0.0000000e+00
  -8.9737000e-03  4.7631286e-02]] 
Episode: 339: [[ 1.1792175e-01  6.3068390e-02 -3.0741948e-01 -1.5622705e-01
   1.0609199e-04  0.0000000e+00 -4.4862583e-02  0.0000000e+00
   3.1718132e-03  4.4993028e-02]
 [ 1.1784064e-01  1.8825571e-01 -3.3884326e-01 -1.4710975e-01
   8.2229830e-02  0.0000000e+00 -5.4489177e-02  0.0000000e+00
  -1.7252218e-02  5.8012668e-02]
 [ 2.5185540e-01  3.6018297e-01 -3.6232749e-01 -8.5156769e-02
   1.2677278e-01  0.0000000e+00 -2.4019571e-02  0.0000000e+00
  -3.5333209e-02  3.9921023e-02]
 [ 4.6043378e-01  4.6000645e-01 -3.6729136e-01  7.8424245e-02
   1.2070785e-01  0.0000000e+00  2.8817983e-02  0.0000000e+00
  -4.3250479e-02  1.4261042e-02]
 [ 3.2012036e-01  1.7131120e-01 -2.2809580e-01  6.5608084e-02
   6.4025968e-02  0.0000000e+00 -2.4258116e-02  0.0000000e+00
  -8.9737000e-03  4.7719803e-02]] 
Episode: 340: [[ 1.18227802e-01  6.32091239e-02 -3.07634532e-01 -1.56068176e-01
   1.43498430e-04  0.00000000e+00 -4.49247882e-02  0.00000000e+00
   3.17181321e-03  4.50418368e-02]
 [ 1.18149251e-01  1.88396662e-01 -3.39057207e-01 -1.46949187e-01
   8.22618529e-02  0.00000000e+00 -5.45509458e-02  0.00000000e+00
  -1.72522180e-02  5.80599606e-02]
 [ 2.52158195e-01  3.60352874e-01 -3.62551659e-01 -8.49862546e-02
   1.26775399e-01  0.00000000e+00 -2.40686163e-02  0.00000000e+00
  -3.53332087e-02  3.99646871e-02]
 [ 4.60741878e-01  4.60224956e-01 -3.67534995e-01  7.86068663e-02
   1.20705195e-01  0.00000000e+00  2.87892986e-02  0.00000000e+00
  -4.32504788e-02  1.42906131e-02]
 [ 3.20409000e-01  1.71465516e-01 -2.28351757e-01  6.58249855e-02
   6.40423149e-02  0.00000000e+00 -2.43011396e-02  0.00000000e+00
  -8.97369999e-03  4.77775149e-02]] 
Episode: 341: [[ 1.18505292e-01  6.33393899e-02 -3.07879806e-01 -1.55988902e-01
   1.64074270e-04  0.00000000e+00 -4.49249260e-02  0.00000000e+00
   3.17181321e-03  4.50650752e-02]
 [ 1.18427359e-01  1.88527361e-01 -3.39301437e-01 -1.46868572e-01
   8.22766870e-02  0.00000000e+00 -5.45511618e-02  0.00000000e+00
  -1.72522180e-02  5.80820739e-02]
 [ 2.52432406e-01  3.60522419e-01 -3.62809747e-01 -8.48932192e-02
   1.26754403e-01  0.00000000e+00 -2.40582936e-02  0.00000000e+00
  -3.53332087e-02  3.99788804e-02]
 [ 4.61029470e-01  4.60461110e-01 -3.67815435e-01  7.87124187e-02
   1.20680004e-01  0.00000000e+00  2.88173463e-02  0.00000000e+00
  -4.32504788e-02  1.42841460e-02]
 [ 3.20652485e-01  1.71597138e-01 -2.28639945e-01  6.59322888e-02
   6.40373006e-02  0.00000000e+00 -2.42836289e-02  0.00000000e+00
  -8.97369999e-03  4.78138775e-02]] 
Episode: 342: [[ 1.18802063e-01  6.35305420e-02 -3.08161020e-01 -1.55846208e-01
   1.61330609e-04  0.00000000e+00 -4.49560657e-02  0.00000000e+00
   3.17181321e-03  4.50642817e-02]
 [ 1.18725136e-01  1.88718602e-01 -3.39582056e-01 -1.46723941e-01
   8.22667778e-02  0.00000000e+00 -5.45829162e-02  0.00000000e+00
  -1.72522180e-02  5.80786429e-02]
 [ 2.52727926e-01  3.60750347e-01 -3.63105386e-01 -8.47332403e-02
   1.26703233e-01  0.00000000e+00 -2.40701586e-02  0.00000000e+00
  -3.53332087e-02  3.99633795e-02]
 [ 4.61340487e-01  4.60752398e-01 -3.68135929e-01  7.88901523e-02
   1.20622426e-01  0.00000000e+00  2.88324039e-02  0.00000000e+00
  -4.32504788e-02  1.42421415e-02]
 [ 3.20918351e-01  1.71808541e-01 -2.28977516e-01  6.61243349e-02
   6.39978126e-02  0.00000000e+00 -2.42838003e-02  0.00000000e+00
  -8.97369999e-03  4.78186458e-02]] 
Episode: 343: [[ 1.19045392e-01  6.37060478e-02 -3.08425218e-01 -1.55797929e-01
   1.78716087e-04  0.00000000e+00 -4.49282266e-02  0.00000000e+00
   3.17181321e-03  4.51358184e-02]
 [ 1.18967906e-01  1.88895196e-01 -3.39845955e-01 -1.46674573e-01
   8.22783932e-02  0.00000000e+00 -5.45560941e-02  0.00000000e+00
  -1.72522180e-02  5.81465177e-02]
 [ 2.52968729e-01  3.60958219e-01 -3.63382727e-01 -8.46727416e-02
   1.26677036e-01  0.00000000e+00 -2.40263250e-02  0.00000000e+00
  -3.53332087e-02  4.00178358e-02]
 [ 4.61596251e-01  4.61015135e-01 -3.68435621e-01  7.89634362e-02
   1.20586924e-01  0.00000000e+00  2.88998839e-02  0.00000000e+00
  -4.32504788e-02  1.42700030e-02]
 [ 3.21120799e-01  1.72013775e-01 -2.29295060e-01  6.61888495e-02
   6.39892891e-02  0.00000000e+00 -2.42297761e-02  0.00000000e+00
  -8.97369999e-03  4.78873402e-02]] 
Episode: 344: [[ 1.1929389e-01  6.3895442e-02 -3.0871972e-01 -1.5575893e-01
   1.8748539e-04  0.0000000e+00 -4.4847351e-02  0.0000000e+00
   3.1718132e-03  4.5210473e-02]
 [ 1.1921562e-01  1.8908590e-01 -3.4014043e-01 -1.4663471e-01
   8.2280688e-02  0.0000000e+00 -5.4476593e-02  0.0000000e+00
  -1.7252218e-02  5.8218792e-02]
 [ 2.5321183e-01  3.6117950e-01 -3.6369067e-01 -8.4621094e-02
   1.2663971e-01  0.0000000e+00 -2.3932397e-02  0.0000000e+00
  -3.5333209e-02  4.0089887e-02]
 [ 4.6184948e-01  4.6129042e-01 -3.6876449e-01  7.9027504e-02
   1.2054160e-01  0.0000000e+00  2.9014515e-02  0.0000000e+00
  -4.3250479e-02  1.4337260e-02]
 [ 3.2132179e-01  1.7224039e-01 -2.2965090e-01  6.6238299e-02
   6.3970394e-02  0.0000000e+00 -2.4124919e-02  0.0000000e+00
  -8.9737000e-03  4.7946546e-02]] 
Episode: 345: [[ 1.1954156e-01  6.4090848e-02 -3.0901986e-01 -1.5569262e-01
   1.8948132e-04  0.0000000e+00 -4.4830400e-02  0.0000000e+00
   3.1718132e-03  4.5277521e-02]
 [ 1.1946250e-01  1.8928260e-01 -3.4044072e-01 -1.4656752e-01
   8.2275823e-02  0.0000000e+00 -5.4460417e-02  0.0000000e+00
  -1.7252218e-02  5.8285065e-02]
 [ 2.5345075e-01  3.6140352e-01 -3.6400375e-01 -8.4542617e-02
   1.2659307e-01  0.0000000e+00 -2.3902362e-02  0.0000000e+00
  -3.5333209e-02  4.0156309e-02]
 [ 4.6208474e-01  4.6156362e-01 -3.6909598e-01  7.9116434e-02
   1.2048491e-01  0.0000000e+00  2.9063752e-02  0.0000000e+00
  -4.3250479e-02  1.4402565e-02]
 [ 3.2151315e-01  1.7247383e-01 -2.3001370e-01  6.6321418e-02
   6.3939869e-02  0.0000000e+00 -2.4086822e-02  0.0000000e+00
  -8.9737000e-03  4.7997668e-02]] 
Episode: 346: [[ 1.19801864e-01  6.42651916e-02 -3.09291035e-01 -1.55626863e-01
   1.85455705e-04  0.00000000e+00 -4.47593667e-02  0.00000000e+00
   3.17181321e-03  4.53126766e-02]
 [ 1.19723417e-01  1.89457998e-01 -3.40711653e-01 -1.46500975e-01
   8.22652727e-02  0.00000000e+00 -5.43905385e-02  0.00000000e+00
  -1.72522180e-02  5.83183877e-02]
 [ 2.53701627e-01  3.61603618e-01 -3.64285171e-01 -8.44657943e-02
   1.26542658e-01  0.00000000e+00 -2.38208845e-02  0.00000000e+00
  -3.53332087e-02  4.01895680e-02]
 [ 4.62326854e-01  4.61808801e-01 -3.69393140e-01  7.92024434e-02
   1.20423548e-01  0.00000000e+00  2.91619394e-02  0.00000000e+00
  -4.32504788e-02  1.44338822e-02]
 [ 3.21721524e-01  1.72681898e-01 -2.30340317e-01  6.64047897e-02
   6.39030635e-02  0.00000000e+00 -2.39963438e-02  0.00000000e+00
  -8.97369999e-03  4.80142236e-02]] 
Episode: 347: [[ 1.20074131e-01  6.44570366e-02 -3.09573650e-01 -1.55526325e-01
   1.74322820e-04  0.00000000e+00 -4.47451957e-02  0.00000000e+00
   3.17181321e-03  4.53142785e-02]
 [ 1.19996995e-01  1.89651310e-01 -3.40994179e-01 -1.46399274e-01
   8.22474882e-02  0.00000000e+00 -5.43801002e-02  0.00000000e+00
  -1.72522180e-02  5.83165288e-02]
 [ 2.53964305e-01  3.61821324e-01 -3.64576817e-01 -8.43548030e-02
   1.26481742e-01  0.00000000e+00 -2.37907656e-02  0.00000000e+00
  -3.53332087e-02  4.01889980e-02]
 [ 4.62571710e-01  4.62071121e-01 -3.69699508e-01  7.93212429e-02
   1.20350704e-01  0.00000000e+00  2.92205065e-02  0.00000000e+00
  -4.32504788e-02  1.44356973e-02]
 [ 3.21946055e-01  1.72912136e-01 -2.30685353e-01  6.65360093e-02
   6.38553128e-02  0.00000000e+00 -2.39672139e-02  0.00000000e+00
  -8.97369999e-03  4.79906872e-02]] 
Episode: 348: [[ 1.2031872e-01  6.4625762e-02 -3.0982915e-01 -1.5552694e-01
   1.3730802e-04  0.0000000e+00 -4.4676684e-02  0.0000000e+00
   3.1718132e-03  4.5321178e-02]
 [ 1.2024256e-01  1.8982266e-01 -3.4124961e-01 -1.4639992e-01
   8.2203910e-02  0.0000000e+00 -5.4315414e-02  0.0000000e+00
  -1.7252218e-02  5.8322225e-02]
 [ 2.5419870e-01  3.6203533e-01 -3.6484531e-01 -8.4351666e-02
   1.2639736e-01  0.0000000e+00 -2.3709206e-02  0.0000000e+00
  -3.5333209e-02  4.0203545e-02]
 [ 4.6278733e-01  4.6235153e-01 -3.6998889e-01  7.9322703e-02
   1.2025197e-01  0.0000000e+00  2.9327132e-02  0.0000000e+00
  -4.3250479e-02  1.4461433e-02]
 [ 3.2213733e-01  1.7308886e-01 -2.3099211e-01  6.6531688e-02
   6.3779749e-02  0.0000000e+00 -2.3884835e-02  0.0000000e+00
  -8.9737000e-03  4.7974318e-02]] 
Episode: 349: [[ 1.20550156e-01  6.47839159e-02 -3.10075223e-01 -1.55533805e-01
   1.05329505e-04  0.00000000e+00 -4.45593111e-02  0.00000000e+00
   3.17181321e-03  4.52992469e-02]
 [ 1.20475151e-01  1.89983487e-01 -3.41495782e-01 -1.46406725e-01
   8.21660385e-02  0.00000000e+00 -5.42019419e-02  0.00000000e+00
  -1.72522180e-02  5.82979769e-02]
 [ 2.54424393e-01  3.62237573e-01 -3.65106195e-01 -8.43527168e-02
   1.26322687e-01  0.00000000e+00 -2.35813800e-02  0.00000000e+00
  -3.53332087e-02  4.01815958e-02]
 [ 4.63004738e-01  4.62618679e-01 -3.70273799e-01  7.93232173e-02
   1.20166324e-01  0.00000000e+00  2.94769835e-02  0.00000000e+00
  -4.32504788e-02  1.44396219e-02]
 [ 3.22323084e-01  1.73253536e-01 -2.31288537e-01  6.65196553e-02
   6.37125447e-02  0.00000000e+00 -2.37545781e-02  0.00000000e+00
  -8.97369999e-03  4.79311571e-02]] 
Episode: 350: [[ 1.2076730e-01  6.4921141e-02 -3.1032479e-01 -1.5554075e-01
   8.4589577e-05  0.0000000e+00 -4.4398002e-02  0.0000000e+00
   3.1718132e-03  4.5331113e-02]
 [ 1.2069292e-01  1.9012380e-01 -3.4174553e-01 -1.4641368e-01
   8.2140200e-02  0.0000000e+00 -5.4044601e-02  0.0000000e+00
  -1.7252218e-02  5.8331255e-02]
 [ 2.5463310e-01  3.6241478e-01 -3.6536968e-01 -8.4353551e-02
   1.2626237e-01  0.0000000e+00 -2.3411946e-02  0.0000000e+00
  -3.5333209e-02  4.0221538e-02]
 [ 4.6320286e-01  4.6285450e-01 -3.7056053e-01  7.9324976e-02
   1.2009587e-01  0.0000000e+00  2.9665712e-02  0.0000000e+00
  -4.3250479e-02  1.4482761e-02]
 [ 3.2249007e-01  1.7339675e-01 -2.3159283e-01  6.6507742e-02
   6.3658290e-02  0.0000000e+00 -2.3581276e-02  0.0000000e+00
  -8.9737000e-03  4.7948353e-02]] 
Episode: 351: [[ 1.2096256e-01  6.5051563e-02 -3.1057045e-01 -1.5557656e-01
   6.4731983e-05  0.0000000e+00 -4.4214636e-02  0.0000000e+00
   3.1718132e-03  4.5363076e-02]
 [ 1.2088854e-01  1.9025715e-01 -3.4199175e-01 -1.4644998e-01
   8.2115367e-02  0.0000000e+00 -5.3860955e-02  0.0000000e+00
  -1.7252218e-02  5.8365326e-02]
 [ 2.5482109e-01  3.6258247e-01 -3.6563203e-01 -8.4385008e-02
   1.2620559e-01  0.0000000e+00 -2.3205092e-02  0.0000000e+00
  -3.5333209e-02  4.0266339e-02]
 [ 4.6338469e-01  4.6307698e-01 -3.7084982e-01  7.9293981e-02
   1.2002965e-01  0.0000000e+00  2.9889407e-02  0.0000000e+00
  -4.3250479e-02  1.4535251e-02]
 [ 3.2263491e-01  1.7353551e-01 -2.3189414e-01  6.6458538e-02
   6.3610181e-02  0.0000000e+00 -2.3391405e-02  0.0000000e+00
  -8.9737000e-03  4.7961522e-02]] 
Episode: 352: [[ 1.2116844e-01  6.5167204e-02 -3.1079057e-01 -1.5560681e-01
   5.1945950e-05  0.0000000e+00 -4.3993942e-02  0.0000000e+00
   3.1718132e-03  4.5412108e-02]
 [ 1.2109615e-01  1.9037488e-01 -3.4221211e-01 -1.4648063e-01
   8.2098067e-02  0.0000000e+00 -5.3640474e-02  0.0000000e+00
  -1.7252218e-02  5.8416825e-02]
 [ 2.5502262e-01  3.6273119e-01 -3.6586630e-01 -8.4410995e-02
   1.2615894e-01  0.0000000e+00 -2.2964587e-02  0.0000000e+00
  -3.5333209e-02  4.0328708e-02]
 [ 4.6357924e-01  4.6327630e-01 -3.7110779e-01  7.9268068e-02
   1.1997376e-01  0.0000000e+00  3.0144548e-02  0.0000000e+00
  -4.3250479e-02  1.4606080e-02]
 [ 3.2280362e-01  1.7365777e-01 -2.3216255e-01  6.6417910e-02
   6.3572332e-02  0.0000000e+00 -2.3164446e-02  0.0000000e+00
  -8.9737000e-03  4.7999110e-02]] 
Episode: 353: [[ 1.21404685e-01  6.53104261e-02 -3.11052501e-01 -1.55564219e-01
   2.86401464e-05  0.00000000e+00 -4.38511074e-02  0.00000000e+00
   3.17181321e-03  4.54672687e-02]
 [ 1.21334828e-01  1.90520510e-01 -3.42474699e-01 -1.46437407e-01
   8.20690915e-02  0.00000000e+00 -5.34973554e-02  0.00000000e+00
  -1.72522180e-02  5.84742464e-02]
 [ 2.55255699e-01  3.62908304e-01 -3.66142005e-01 -8.43605101e-02
   1.26095414e-01  0.00000000e+00 -2.28025783e-02  0.00000000e+00
  -3.53332087e-02  4.03958857e-02]
 [ 4.63807642e-01  4.63505268e-01 -3.71405900e-01  7.93232322e-02
   1.19900420e-01  0.00000000e+00  3.03419866e-02  0.00000000e+00
  -4.32504788e-02  1.46786002e-02]
 [ 3.23002338e-01  1.73815295e-01 -2.32488379e-01  6.64748847e-02
   6.35177344e-02  0.00000000e+00 -2.30163988e-02  0.00000000e+00
  -8.97369999e-03  4.80413996e-02]] 
Episode: 354: [[ 1.2162587e-01  6.5438025e-02 -3.1134972e-01 -1.5549132e-01
  -1.9150809e-06  0.0000000e+00 -4.3706048e-02  0.0000000e+00
   3.1718132e-03  4.5521729e-02]
 [ 1.2155795e-01  1.9065082e-01 -3.4277356e-01 -1.4636299e-01
   8.2032822e-02  0.0000000e+00 -5.3349938e-02  0.0000000e+00
  -1.7252218e-02  5.8530342e-02]
 [ 2.5547993e-01  3.6307365e-01 -3.6646223e-01 -8.4270209e-02
   1.2602338e-01  0.0000000e+00 -2.2623798e-02  0.0000000e+00
  -3.5333209e-02  4.0454548e-02]
 [ 4.6404144e-01  4.6372959e-01 -3.7175998e-01  7.9430677e-02
   1.1982293e-01  0.0000000e+00  3.0572161e-02  0.0000000e+00
  -4.3250479e-02  1.4732392e-02]
 [ 3.2318705e-01  1.7395124e-01 -2.3285544e-01  6.6562466e-02
   6.3455477e-02  0.0000000e+00 -2.2867577e-02  0.0000000e+00
  -8.9737000e-03  4.8093066e-02]] 
Episode: 355: [[ 1.21869825e-01  6.55695349e-02 -3.11618060e-01 -1.55405790e-01
   1.46221537e-05  0.00000000e+00 -4.36313190e-02  0.00000000e+00
   3.17181321e-03  4.55372557e-02]
 [ 1.21804856e-01  1.90785632e-01 -3.43043000e-01 -1.46275759e-01
   8.20445418e-02  0.00000000e+00 -5.32726124e-02  0.00000000e+00
  -1.72522180e-02  5.85463084e-02]
 [ 2.55722523e-01  3.63241166e-01 -3.66750389e-01 -8.41687769e-02
   1.26005441e-01  0.00000000e+00 -2.25173589e-02  0.00000000e+00
  -3.53332087e-02  4.04699780e-02]
 [ 4.64289933e-01  4.63951588e-01 -3.72078300e-01  7.95473382e-02
   1.19802944e-01  0.00000000e+00  3.07253618e-02  0.00000000e+00
  -4.32504788e-02  1.47364549e-02]
 [ 3.23391944e-01  1.74096137e-01 -2.33187094e-01  6.66702315e-02
   6.34546131e-02  0.00000000e+00 -2.27898844e-02  0.00000000e+00
  -8.97369999e-03  4.81014214e-02]] 
Episode: 356: [[ 1.2211226e-01  6.5707833e-02 -3.1188104e-01 -1.5530099e-01
   4.4089698e-05  0.0000000e+00 -4.3619838e-02  0.0000000e+00
   3.1718132e-03  4.5543488e-02]
 [ 1.2205029e-01  1.9092670e-01 -3.4330714e-01 -1.4616889e-01
   8.2069181e-02  0.0000000e+00 -5.3258326e-02  0.0000000e+00
  -1.7252218e-02  5.8551613e-02]
 [ 2.5596467e-01  3.6341304e-01 -3.6703250e-01 -8.4047765e-02
   1.2600292e-01  0.0000000e+00 -2.2475988e-02  0.0000000e+00
  -3.5333209e-02  4.0472880e-02]
 [ 4.6453899e-01  4.6417519e-01 -3.7238997e-01  7.9683833e-02
   1.1980009e-01  0.0000000e+00  3.0809321e-02  0.0000000e+00
  -4.3250479e-02  1.4724695e-02]
 [ 3.2359868e-01  1.7425069e-01 -2.3351464e-01  6.6805780e-02
   6.3468829e-02  0.0000000e+00 -2.2776153e-02  0.0000000e+00
  -8.9737000e-03  4.8101623e-02]] 
Episode: 357: [[ 1.2240959e-01  6.5867133e-02 -3.1213558e-01 -1.5518332e-01
   1.1387608e-04  0.0000000e+00 -4.3665238e-02  0.0000000e+00
   3.1718132e-03  4.5487054e-02]
 [ 1.2235305e-01  1.9108836e-01 -3.4356245e-01 -1.4604890e-01
   8.2133807e-02  0.0000000e+00 -5.3300731e-02  0.0000000e+00
  -1.7252218e-02  5.8491237e-02]
 [ 2.5626504e-01  3.6360133e-01 -3.6730227e-01 -8.3915934e-02
   1.2604092e-01  0.0000000e+00 -2.2493144e-02  0.0000000e+00
  -3.5333209e-02  4.0409043e-02]
 [ 4.6484491e-01  4.6440852e-01 -3.7268516e-01  7.9827689e-02
   1.1983965e-01  0.0000000e+00  3.0830992e-02  0.0000000e+00
  -4.3250479e-02  1.4650285e-02]
 [ 3.2388157e-01  1.7443700e-01 -2.3383312e-01  6.6961795e-02
   6.3530609e-02  0.0000000e+00 -2.2819938e-02  0.0000000e+00
  -8.9737000e-03  4.8027646e-02]] 
Episode: 358: [[ 1.22656494e-01  6.59794956e-02 -3.12373459e-01 -1.55144244e-01
   1.59784322e-04  0.00000000e+00 -4.36503775e-02  0.00000000e+00
   3.17181321e-03  4.55096699e-02]
 [ 1.22603364e-01  1.91201612e-01 -3.43801141e-01 -1.46008730e-01
   8.21739435e-02  0.00000000e+00 -5.32836430e-02  0.00000000e+00
  -1.72522180e-02  5.85089512e-02]
 [ 2.56512403e-01  3.63737285e-01 -3.67553294e-01 -8.38667974e-02
   1.26055107e-01  0.00000000e+00 -2.24542189e-02  0.00000000e+00
  -3.53332087e-02  4.04209532e-02]
 [ 4.65096712e-01  4.64585304e-01 -3.72955948e-01  7.98839629e-02
   1.19855806e-01  0.00000000e+00  3.09043489e-02  0.00000000e+00
  -4.32504788e-02  1.46497432e-02]
 [ 3.24095994e-01  1.74563825e-01 -2.34125227e-01  6.70085624e-02
   6.35617450e-02  0.00000000e+00 -2.28032134e-02  0.00000000e+00
  -8.97369999e-03  4.80384529e-02]] 
Episode: 359: [[ 1.2288074e-01  6.6080071e-02 -3.1261480e-01 -1.5511918e-01
   1.8576802e-04  0.0000000e+00 -4.3581326e-02  0.0000000e+00
   3.1718132e-03  4.5543224e-02]
 [ 1.2283013e-01  1.9130293e-01 -3.4404370e-01 -1.4598252e-01
   8.2193799e-02  0.0000000e+00 -5.3213049e-02  0.0000000e+00
  -1.7252218e-02  5.8538217e-02]
 [ 2.5673911e-01  3.6386272e-01 -3.6781156e-01 -8.3829656e-02
   1.2604517e-01  0.0000000e+00 -2.2364851e-02  0.0000000e+00
  -3.5333209e-02  4.0441893e-02]
 [ 4.6533591e-01  4.6475399e-01 -3.7323806e-01  7.9931565e-02
   1.1984385e-01  0.0000000e+00  3.1024193e-02  0.0000000e+00
  -4.3250479e-02  1.4653068e-02]
 [ 3.2428467e-01  1.7467239e-01 -2.3441862e-01  6.7031637e-02
   6.3570201e-02  0.0000000e+00 -2.2732079e-02  0.0000000e+00
  -8.9737000e-03  4.8067186e-02]] 
Episode: 360: [[ 1.23093866e-01  6.61753118e-02 -3.12848806e-01 -1.55104727e-01
   1.91005704e-04  0.00000000e+00 -4.34635468e-02  0.00000000e+00
   3.17181321e-03  4.55652997e-02]
 [ 1.23045877e-01  1.91399992e-01 -3.44279230e-01 -1.45966932e-01
   8.21934715e-02  0.00000000e+00 -5.30943386e-02  0.00000000e+00
  -1.72522180e-02  5.85563667e-02]
 [ 2.56960005e-01  3.63990694e-01 -3.68065357e-01 -8.37981254e-02
   1.26017392e-01  0.00000000e+00 -2.22301148e-02  0.00000000e+00
  -3.53332087e-02  4.04555053e-02]
 [ 4.65581208e-01  4.64932770e-01 -3.73519897e-01  7.99789950e-02
   1.19813778e-01  0.00000000e+00  3.11858524e-02  0.00000000e+00
  -4.32504788e-02  1.46529535e-02]
 [ 3.24466974e-01  1.74767733e-01 -2.34703064e-01  6.70388415e-02
   6.35554790e-02  0.00000000e+00 -2.26120204e-02  0.00000000e+00
  -8.97369999e-03  4.80766892e-02]] 
Episode: 361: [[ 1.23265214e-01  6.62239939e-02 -3.13060373e-01 -1.55263364e-01
   1.53116649e-04  0.00000000e+00 -4.33074869e-02  0.00000000e+00
   3.17181321e-03  4.56117727e-02]
 [ 1.23218618e-01  1.91449776e-01 -3.44492078e-01 -1.46127671e-01
   8.21491480e-02  0.00000000e+00 -5.29323593e-02  0.00000000e+00
  -1.72522180e-02  5.86018413e-02]
 [ 2.57134885e-01  3.64081055e-01 -3.68293494e-01 -8.39575753e-02
   1.25949100e-01  0.00000000e+00 -2.20545754e-02  0.00000000e+00
  -3.53332087e-02  4.05196249e-02]
 [ 4.65774715e-01  4.65088904e-01 -3.73771608e-01  7.98265785e-02
   1.19746476e-01  0.00000000e+00  3.13851200e-02  0.00000000e+00
  -4.32504788e-02  1.47193270e-02]
 [ 3.24598759e-01  1.74791202e-01 -2.34960645e-01  6.68254346e-02
   6.34880438e-02  0.00000000e+00 -2.24642362e-02  0.00000000e+00
  -8.97369999e-03  4.81005721e-02]] 
Episode: 362: [[ 1.23395056e-01  6.62821829e-02 -3.13228995e-01 -1.55528173e-01
   1.41340352e-04  0.00000000e+00 -4.31114510e-02  0.00000000e+00
   3.17181321e-03  4.57171537e-02]
 [ 1.23348147e-01  1.91508994e-01 -3.44661385e-01 -1.46396488e-01
   8.21320862e-02  0.00000000e+00 -5.27314730e-02  0.00000000e+00
  -1.72522180e-02  5.87096587e-02]
 [ 2.57261604e-01  3.64179283e-01 -3.68473589e-01 -8.42367560e-02
   1.25912726e-01  0.00000000e+00 -2.18423381e-02  0.00000000e+00
  -3.53332087e-02  4.06466275e-02]
 [ 4.65917468e-01  4.65248704e-01 -3.73967499e-01  7.95382634e-02
   1.19711414e-01  0.00000000e+00  3.16182151e-02  0.00000000e+00
  -4.32504788e-02  1.48453796e-02]
 [ 3.24675679e-01  1.74826726e-01 -2.35162497e-01  6.64856583e-02
   6.34535998e-02  0.00000000e+00 -2.22752113e-02  0.00000000e+00
  -8.97369999e-03  4.81897555e-02]] 
Episode: 363: [[ 1.23535894e-01  6.63802922e-02 -3.13409925e-01 -1.55720592e-01
   1.35207039e-04  0.00000000e+00 -4.29907031e-02  0.00000000e+00
   3.17181321e-03  4.58034500e-02]
 [ 1.23489313e-01  1.91608712e-01 -3.44843388e-01 -1.46591768e-01
   8.21206346e-02  0.00000000e+00 -5.26058786e-02  0.00000000e+00
  -1.72522180e-02  5.87970242e-02]
 [ 2.57405043e-01  3.64317626e-01 -3.68668258e-01 -8.44365880e-02
   1.25882596e-01  0.00000000e+00 -2.17056628e-02  0.00000000e+00
  -3.53332087e-02  4.07505520e-02]
 [ 4.66085881e-01  4.65445995e-01 -3.74181896e-01  7.93365538e-02
   1.19682692e-01  0.00000000e+00  3.17779817e-02  0.00000000e+00
  -4.32504788e-02  1.49454866e-02]
 [ 3.24771285e-01  1.74913928e-01 -2.35383838e-01  6.62374794e-02
   6.34235889e-02  0.00000000e+00 -2.21612137e-02  0.00000000e+00
  -8.97369999e-03  4.82559428e-02]] 
Episode: 364: [[ 1.23665981e-01  6.64881542e-02 -3.13607842e-01 -1.55896604e-01
   1.19749260e-04  0.00000000e+00 -4.28638421e-02  0.00000000e+00
   3.17181321e-03  4.58789989e-02]
 [ 1.23618916e-01  1.91718325e-01 -3.45042735e-01 -1.46770075e-01
   8.20995048e-02  0.00000000e+00 -5.24719805e-02  0.00000000e+00
  -1.72522180e-02  5.88733554e-02]
 [ 2.57539511e-01  3.64468038e-01 -3.68884146e-01 -8.46152529e-02
   1.25840038e-01  0.00000000e+00 -2.15397961e-02  0.00000000e+00
  -3.53332087e-02  4.08389904e-02]
 [ 4.66253251e-01  4.65659022e-01 -3.74423981e-01  7.91615173e-02
   1.19641148e-01  0.00000000e+00  3.19755189e-02  0.00000000e+00
  -4.32504788e-02  1.50244124e-02]
 [ 3.24851364e-01  1.75011590e-01 -2.35626519e-01  6.60055503e-02
   6.33833259e-02  0.00000000e+00 -2.20403746e-02  0.00000000e+00
  -8.97369999e-03  4.83125113e-02]] 
Episode: 365: [[ 1.23785466e-01  6.66078776e-02 -3.13809901e-01 -1.56081900e-01
   1.02797072e-04  0.00000000e+00 -4.26940396e-02  0.00000000e+00
   3.17181321e-03  4.59271893e-02]
 [ 1.23737544e-01  1.91840589e-01 -3.45246702e-01 -1.46957576e-01
   8.20772499e-02  0.00000000e+00 -5.22963181e-02  0.00000000e+00
  -1.72522180e-02  5.89211397e-02]
 [ 2.57664561e-01  3.64635617e-01 -3.69108468e-01 -8.48008245e-02
   1.25795111e-01  0.00000000e+00 -2.13362705e-02  0.00000000e+00
  -3.53332087e-02  4.08927053e-02]
 [ 4.66415435e-01  4.65894997e-01 -3.74680221e-01  7.89817125e-02
   1.19596303e-01  0.00000000e+00  3.22070271e-02  0.00000000e+00
  -4.32504788e-02  1.50606548e-02]
 [ 3.24921072e-01  1.75121933e-01 -2.35873237e-01  6.57604337e-02
   6.33434951e-02  0.00000000e+00 -2.18755584e-02  0.00000000e+00
  -8.97369999e-03  4.83427718e-02]] 
Episode: 366: [[ 1.23948261e-01  6.67037293e-02 -3.14000040e-01 -1.56233698e-01
   1.25455292e-04  0.00000000e+00 -4.25969288e-02  0.00000000e+00
   3.17181321e-03  4.60157320e-02]
 [ 1.23901926e-01  1.91939503e-01 -3.45438093e-01 -1.47111148e-01
   8.20953920e-02  0.00000000e+00 -5.21934554e-02  0.00000000e+00
  -1.72522180e-02  5.90133406e-02]
 [ 2.57836998e-01  3.64774555e-01 -3.69317263e-01 -8.49537626e-02
   1.25792086e-01  0.00000000e+00 -2.12074239e-02  0.00000000e+00
  -3.53332087e-02  4.09881435e-02]
 [ 4.66624588e-01  4.66093332e-01 -3.74917716e-01  7.88323656e-02
   1.19591095e-01  0.00000000e+00  3.23615745e-02  0.00000000e+00
  -4.32504788e-02  1.51385525e-02]
 [ 3.25055420e-01  1.75204039e-01 -2.36106291e-01  6.55608103e-02
   6.33529201e-02  0.00000000e+00 -2.17833705e-02  0.00000000e+00
  -8.97369999e-03  4.84238192e-02]] 
Episode: 367: [[ 1.2410478e-01  6.6784464e-02 -3.1417814e-01 -1.5637404e-01
   1.4115947e-04  0.0000000e+00 -4.2453934e-02  0.0000000e+00
   3.1718132e-03  4.6150777e-02]
 [ 1.2405973e-01  1.9202301e-01 -3.4561723e-01 -1.4725308e-01
   8.2106881e-02  0.0000000e+00 -5.2045755e-02  0.0000000e+00
  -1.7252218e-02  5.9155319e-02]
 [ 2.5799933e-01  3.6489433e-01 -3.6951137e-01 -8.5094608e-02
   1.2578002e-01  0.0000000e+00 -2.1037240e-02  0.0000000e+00
  -3.5333209e-02  4.1135125e-02]
 [ 4.6681863e-01  4.6626729e-01 -3.7513697e-01  7.8695931e-02
   1.1957206e-01  0.0000000e+00  3.2554377e-02  0.0000000e+00
  -4.3250479e-02  1.5269160e-02]
 [ 3.2517445e-01  1.7527039e-01 -2.3632410e-01  6.5375522e-02
   6.3356102e-02  0.0000000e+00 -2.1644376e-02  0.0000000e+00
  -8.9737000e-03  4.8561692e-02]] 
Episode: 368: [[ 1.24252848e-01  6.68707117e-02 -3.14357311e-01 -1.56475618e-01
   1.57432369e-04  0.00000000e+00 -4.23547216e-02  0.00000000e+00
   3.17181321e-03  4.62619290e-02]
 [ 1.24208905e-01  1.92111716e-01 -3.45797688e-01 -1.47355527e-01
   8.21189508e-02  0.00000000e+00 -5.19439131e-02  0.00000000e+00
  -1.72522180e-02  5.92716932e-02]
 [ 2.58155078e-01  3.65018040e-01 -3.69708449e-01 -8.51922259e-02
   1.25769079e-01  0.00000000e+00 -2.09141020e-02  0.00000000e+00
  -3.53332087e-02  4.12545837e-02]
 [ 4.67007101e-01  4.66444016e-01 -3.75361234e-01  7.86066353e-02
   1.19556032e-01  0.00000000e+00  3.26976664e-02  0.00000000e+00
  -4.32504788e-02  1.53722297e-02]
 [ 3.25288653e-01  1.75346062e-01 -2.36541972e-01  6.52376860e-02
   6.33590743e-02  0.00000000e+00 -2.15515103e-02  0.00000000e+00
  -8.97369999e-03  4.86739613e-02]] 
Episode: 369: [[ 1.24427140e-01  6.69581294e-02 -3.14519048e-01 -1.56542554e-01
   1.87334837e-04  0.00000000e+00 -4.23211344e-02  0.00000000e+00
   3.17181321e-03  4.63333502e-02]
 [ 1.24385700e-01  1.92201018e-01 -3.45960230e-01 -1.47422835e-01
   8.21446329e-02  0.00000000e+00 -5.19074798e-02  0.00000000e+00
  -1.72522180e-02  5.93459569e-02]
 [ 2.58337677e-01  3.65139425e-01 -3.69885117e-01 -8.52549002e-02
   1.25772938e-01  0.00000000e+00 -2.08576079e-02  0.00000000e+00
  -3.53332087e-02  4.13294807e-02]
 [ 4.67222184e-01  4.66614455e-01 -3.75561893e-01  7.85525516e-02
   1.19554706e-01  0.00000000e+00  3.27728093e-02  0.00000000e+00
  -4.32504788e-02  1.54268537e-02]
 [ 3.25432628e-01  1.75426543e-01 -2.36737251e-01  6.51483536e-02
   6.33791909e-02  0.00000000e+00 -2.15240568e-02  0.00000000e+00
  -8.97369999e-03  4.87397350e-02]] 
Episode: 370: [[ 1.2460887e-01  6.7053318e-02 -3.1465349e-01 -1.5657443e-01
   2.4671634e-04  0.0000000e+00 -4.2346563e-02  0.0000000e+00
   3.1718132e-03  4.6438765e-02]
 [ 1.2457025e-01  1.9229780e-01 -3.4609509e-01 -1.4745460e-01
   8.2200252e-02  0.0000000e+00 -5.1929872e-02  0.0000000e+00
  -1.7252218e-02  5.9454449e-02]
 [ 2.5852406e-01  3.6526591e-01 -3.7003160e-01 -8.5283004e-02
   1.2581092e-01  0.0000000e+00 -2.0861059e-02  0.0000000e+00
  -3.5333209e-02  4.1441198e-02]
 [ 4.6742862e-01  4.6678329e-01 -3.7572873e-01  7.8531086e-02
   1.1958810e-01  0.0000000e+00  3.2796979e-02  0.0000000e+00
  -4.3250479e-02  1.5525083e-02]
 [ 3.2557610e-01  1.7552011e-01 -2.3689644e-01  6.5105438e-02
   6.3438274e-02  0.0000000e+00 -2.1555426e-02  0.0000000e+00
  -8.9737000e-03  4.8843574e-02]] 
Episode: 371: [[ 1.24789849e-01  6.71639889e-02 -3.14805716e-01 -1.56576633e-01
   3.22390348e-04  0.00000000e+00 -4.24250625e-02  0.00000000e+00
   3.17181321e-03  4.65705507e-02]
 [ 1.24753796e-01  1.92409843e-01 -3.46248060e-01 -1.47456244e-01
   8.22718516e-02  0.00000000e+00 -5.20051681e-02  0.00000000e+00
  -1.72522180e-02  5.95906414e-02]
 [ 2.58707732e-01  3.65405232e-01 -3.70195478e-01 -8.52814838e-02
   1.25864282e-01  0.00000000e+00 -2.09184308e-02  0.00000000e+00
  -3.53332087e-02  4.15830538e-02]
 [ 4.67628628e-01  4.66960937e-01 -3.75912219e-01  7.85398111e-02
   1.19636163e-01  0.00000000e+00  3.27649340e-02  0.00000000e+00
  -4.32504788e-02  1.56576354e-02]
 [ 3.25716525e-01  1.75635144e-01 -2.37083569e-01  6.51008934e-02
   6.35159984e-02  0.00000000e+00 -2.16396879e-02  0.00000000e+00
  -8.97369999e-03  4.89776433e-02]] 
Episode: 372: [[ 1.2496587e-01  6.7283660e-02 -3.1496164e-01 -1.5654401e-01
   3.9647182e-04  0.0000000e+00 -4.2551287e-02  0.0000000e+00
   3.1718132e-03  4.6684042e-02]
 [ 1.2493235e-01  1.9253115e-01 -3.4640494e-01 -1.4742251e-01
   8.2342014e-02  0.0000000e+00 -5.2128043e-02  0.0000000e+00
  -1.7252218e-02  5.9706815e-02]
 [ 2.5888866e-01  3.6555460e-01 -3.7036404e-01 -8.5241444e-02
   1.2591830e-01  0.0000000e+00 -2.1024302e-02  0.0000000e+00
  -3.5333209e-02  4.1699111e-02]
 [ 4.6782881e-01  4.6715000e-01 -3.7610126e-01  7.8591250e-02
   1.1969127e-01  0.0000000e+00  3.2682322e-02  0.0000000e+00
  -4.3250479e-02  1.5757488e-02]
 [ 3.2585141e-01  1.7576262e-01 -2.3727788e-01  6.5139815e-02
   6.3592941e-02  0.0000000e+00 -2.1771513e-02  0.0000000e+00
  -8.9737000e-03  4.9095798e-02]] 
Episode: 373: [[ 1.2513267e-01  6.7419462e-02 -3.1511712e-01 -1.5650800e-01
   4.5102258e-04  0.0000000e+00 -4.2687207e-02  0.0000000e+00
   3.1718132e-03  4.6740808e-02]
 [ 1.2510146e-01  1.9266936e-01 -3.4656146e-01 -1.4738530e-01
   8.2392499e-02  0.0000000e+00 -5.2261911e-02  0.0000000e+00
  -1.7252218e-02  5.9764359e-02]
 [ 2.5906292e-01  3.6572397e-01 -3.7053397e-01 -8.5195750e-02
   1.2595153e-01  0.0000000e+00 -2.1138407e-02  0.0000000e+00
  -3.5333209e-02  4.1747771e-02]
 [ 4.6802780e-01  4.6736133e-01 -3.7629575e-01  7.8650236e-02
   1.1972150e-01  0.0000000e+00  3.2595754e-02  0.0000000e+00
  -4.3250479e-02  1.5780440e-02]
 [ 3.2598060e-01  1.7590819e-01 -2.3747432e-01  6.5182775e-02
   6.3647434e-02  0.0000000e+00 -2.1911085e-02  0.0000000e+00
  -8.9737000e-03  4.9151465e-02]] 
Episode: 374: [[ 0.12530802  0.06760338 -0.31529325 -0.15643567  0.00048943  0.
  -0.04280125  0.          0.00317181  0.04677031]
 [ 0.12527917  0.19285634 -0.34673905 -0.1473111   0.08242617  0.
  -0.05237264  0.         -0.01725222  0.05979249]
 [ 0.25924847  0.36594594 -0.3707269  -0.08510865  0.12596303  0.
  -0.02121902  0.         -0.03533321  0.0417625 ]
 [ 0.4682412   0.46762857 -0.37651554  0.0787555   0.11972582  0.
   0.03255522  0.         -0.04325048  0.01576431]
 [ 0.32612234  0.17611308 -0.23769754  0.06527207  0.06367832  0.
  -0.02201957  0.         -0.0089737   0.04917625]] 
Episode: 375: [[ 0.12552005  0.06777312 -0.31546634 -0.156359    0.00053842  0.
  -0.04295959  0.          0.00317181  0.0468304 ]
 [ 0.12549576  0.19302888 -0.34691325 -0.14723273  0.0824701   0.
  -0.05252753  0.         -0.01725222  0.05985273]
 [ 0.2594763   0.36614975 -0.37091297 -0.08501932  0.12598346  0.
  -0.02134592  0.         -0.03533321  0.04181085]
 [ 0.46849886  0.4678725  -0.37672374  0.07885977  0.11973698  0.
   0.03246487  0.         -0.04325048  0.01578485]
 [ 0.3263245   0.17630318 -0.23791592  0.06536806  0.06371819  0.
  -0.02217331  0.         -0.0089737   0.04923801]] 
Episode: 376: [[ 0.12570944  0.06793121 -0.31563282 -0.15637103  0.00056084  0.
  -0.04304632  0.          0.00317181  0.04689356]
 [ 0.1256885   0.19319083 -0.34708062 -0.14724436  0.08248747  0.
  -0.05261163  0.         -0.01725222  0.05991812]
 [ 0.2596804   0.36634818 -0.37109235 -0.08502249  0.12597513  0.
  -0.02140574  0.         -0.03533321  0.04187711]
 [ 0.4687335   0.46811703 -0.3769261   0.07886702  0.11971501  0.
   0.03243744  0.         -0.04325048  0.01584355]
 [ 0.32649094  0.17647599 -0.23812282  0.0653442   0.06372394  0.
  -0.02225549  0.         -0.0089737   0.04929543]] 
Episode: 377: [[ 0.12588903  0.06808314 -0.31582752 -0.15637338  0.00056684  0.
  -0.04307229  0.          0.00317181  0.04693345]
 [ 0.12587054  0.19334653 -0.34727693 -0.14724605  0.08248795  0.
  -0.05263207  0.         -0.01725222  0.05995853]
 [ 0.25987387  0.36654258 -0.3713053  -0.08501262  0.12594561  0.
  -0.02140522  0.         -0.03533321  0.04191387]
 [ 0.4689574   0.4683616  -0.37716654  0.0788892   0.11967076  0.
   0.03246662  0.         -0.04325048  0.01586667]
 [ 0.3266476   0.17663874 -0.23836361  0.06533247  0.06370708  0.
  -0.02227332  0.         -0.0089737   0.04932716]] 
Episode: 378: [[ 0.12611173  0.06824376 -0.31601307 -0.15634927  0.00059675  0.
  -0.04315135  0.          0.00317181  0.04690663]
 [ 0.12609757  0.1935102  -0.34746334 -0.1472209   0.08251221  0.
  -0.05270567  0.         -0.01725222  0.05992888]
 [ 0.26011074  0.36674094 -0.3715046  -0.0849769   0.1259394   0.
  -0.02145907  0.         -0.03533321  0.04187963]
 [ 0.4692217   0.4686061  -0.3773894   0.0789359   0.11964926  0.
   0.03243904  0.         -0.04325048  0.01582053]
 [ 0.32685688  0.17681757 -0.23859161  0.06536049  0.06371721  0.
  -0.02234545  0.         -0.0089737   0.04928056]] 
Episode: 379: [[ 0.1263227   0.06841051 -0.31619337 -0.15632504  0.00061767  0.
  -0.04317805  0.          0.00317181  0.04687816]
 [ 0.12631257  0.19368011 -0.34764472 -0.14719532  0.08252745  0.
  -0.05272286  0.         -0.01725222  0.059897  ]
 [ 0.26034003  0.36694688 -0.371701   -0.08493607  0.1259268   0.
  -0.02145322  0.         -0.03533321  0.04184651]
 [ 0.469487    0.46885964 -0.377611    0.07899255  0.11962557  0.
   0.03246805  0.         -0.04325048  0.01578022]
 [ 0.3270556   0.17700441 -0.23881081  0.06538467  0.06371653  0.
  -0.02236437  0.         -0.0089737   0.04923009]] 
Episode: 380: [[ 0.12655205  0.06856883 -0.3163705  -0.15628688  0.00060398  0.
  -0.04319032  0.          0.00317181  0.04685085]
 [ 0.12654698  0.19384265 -0.34782252 -0.14715585  0.08250746  0.
  -0.0527252   0.         -0.01725222  0.0598674 ]
 [ 0.26058584  0.36714464 -0.3718902  -0.08488326  0.12587403  0.
  -0.02142042  0.         -0.03533321  0.04181276]
 [ 0.46976152  0.4691022  -0.37782064  0.07905868  0.11955564  0.
   0.03254357  0.         -0.04325048  0.01573447]
 [ 0.3272765   0.17718436 -0.23902446  0.06542997  0.06367013  0.
  -0.02236274  0.         -0.0089737   0.04918523]] 
Episode: 381: [[ 0.12677541  0.06875056 -0.31656766 -0.15623596  0.00060974  0.
  -0.04321899  0.          0.00317181  0.04685901]
 [ 0.12677501  0.19402812 -0.34802097 -0.14710335  0.08250698  0.
  -0.05274568  0.         -0.01725222  0.05987426]
 [ 0.26082236  0.36736146 -0.37210068 -0.08481746  0.1258406   0.
  -0.02139314  0.         -0.03533321  0.04182039]
 [ 0.47002402  0.4693586  -0.3780529   0.07913888  0.11950178  0.
   0.03263854  0.         -0.04325048  0.01573475]
 [ 0.32748362  0.17739762 -0.2392708   0.06549301  0.06364807  0.
  -0.02237654  0.         -0.0089737   0.04917787]] 
Episode: 382: [[ 0.12700841  0.06894982 -0.31678095 -0.15616682  0.00063315  0.
  -0.04326396  0.          0.00317181  0.04690773]
 [ 0.12701313  0.19423026 -0.3482359  -0.14703238  0.08252399  0.
  -0.05278305  0.         -0.01725222  0.05992331]
 [ 0.26106945  0.36759275 -0.37232813 -0.08473408  0.1258251   0.
  -0.02137286  0.         -0.03533321  0.0418754 ]
 [ 0.47029585  0.46962824 -0.37830347  0.07923517  0.11946712  0.
   0.03274585  0.         -0.04325048  0.01578887]
 [ 0.32770124  0.17763428 -0.2395444   0.06558029  0.06364993  0.
  -0.02241189  0.         -0.0089737   0.04921714]] 
Episode: 383: [[ 0.12727825  0.06914699 -0.31698772 -0.1560822   0.00063879  0.
  -0.04330183  0.          0.00317181  0.04692138]
 [ 0.12728944  0.19442993 -0.34844363 -0.14694592  0.08252221  0.
  -0.05281245  0.         -0.01725222  0.05993567]
 [ 0.26134968  0.36781886 -0.372544   -0.08463743  0.12578675  0.
  -0.02133451  0.         -0.03533321  0.04189156]
 [ 0.47059146  0.46989015 -0.37853664  0.07934175  0.11940558  0.
   0.03288416  0.         -0.04325048  0.01580113]
 [ 0.32795802  0.17787062 -0.23980536  0.06568934  0.06362385  0.
  -0.02242439  0.         -0.0089737   0.04921438]] 
Episode: 384: [[ 0.12757699  0.06935555 -0.31723377 -0.15591152  0.00067075  0.
  -0.04339191  0.          0.00317181  0.04694986]
 [ 0.12759429  0.19464123 -0.3486907  -0.14677234  0.08254592  0.
  -0.05289441  0.         -0.01725222  0.05996351]
 [ 0.26164815  0.36805454 -0.37279472 -0.08445445  0.12576364  0.
  -0.0213546   0.         -0.03533321  0.04192786]
 [ 0.4708791   0.47015727 -0.37879807  0.07953244  0.119349    0.
   0.03295463  0.         -0.04325048  0.01584314]
 [ 0.32822943  0.17812033 -0.24011284  0.06591137  0.06361093  0.
  -0.02249201  0.         -0.0089737   0.04922917]] 
Episode: 385: [[ 0.12784113  0.06950754 -0.31744984 -0.15590383  0.00062608  0.
  -0.04341696  0.          0.00317181  0.04697065]
 [ 0.12786368  0.19479492 -0.34890732 -0.14676484  0.08249189  0.
  -0.05291265  0.         -0.01725222  0.0599865 ]
 [ 0.2619099   0.36822823 -0.373012   -0.08445073  0.12565657  0.
  -0.0213181   0.         -0.03533321  0.04200258]
 [ 0.47112536  0.47035918 -0.3790197   0.07952584  0.11920161  0.
   0.033072    0.         -0.04325048  0.01594809]
 [ 0.32846174  0.17830026 -0.24038094  0.06592341  0.06351221  0.
  -0.0224965   0.         -0.0089737   0.04920558]] 
Episode: 386: [[ 0.12811951  0.06965388 -0.3176494  -0.15587199  0.00058615  0.
  -0.04349547  0.          0.00317181  0.04696108]
 [ 0.12814835  0.19494268 -0.34910703 -0.14673273  0.08244283  0.
  -0.05298454  0.         -0.01725222  0.05997755]
 [ 0.26218697  0.36839494 -0.37321162 -0.08442207  0.12555863  0.
  -0.02133982  0.         -0.03533321  0.04203647]
 [ 0.47138786  0.4705532  -0.37922326  0.07954548  0.11906744  0.
   0.03312366  0.         -0.04325048  0.01600261]
 [ 0.32871354  0.17847458 -0.2406295   0.06596946  0.06342249  0.
  -0.02255686  0.         -0.0089737   0.04915169]] 
Episode: 387: [[ 0.12845251  0.0698209  -0.31788528 -0.15578523  0.00056405  0.
  -0.04362204  0.          0.00317181  0.04687727]
 [ 0.12849045  0.19511165 -0.34934354 -0.14664504  0.08241133  0.
  -0.05310467  0.         -0.01725222  0.05989582]
 [ 0.2625282   0.36858335 -0.37344715 -0.08433735  0.12547776  0.
  -0.02141392  0.         -0.03533321  0.04199633]
 [ 0.47171986  0.47076845 -0.37946245  0.07962096  0.11894918  0.
   0.0331162   0.         -0.04325048  0.01598448]
 [ 0.32904208  0.17867664 -0.24092798  0.06608967  0.06334493  0.
  -0.02266746  0.         -0.0089737   0.04902457]] 
Episode: 388: [[ 0.12874255  0.06997655 -0.31810796 -0.15574618  0.00055652  0.
  -0.04367998  0.          0.00317181  0.04682695]
 [ 0.12878789  0.19526918 -0.3495671  -0.14660558  0.08239531  0.
  -0.05315731  0.         -0.01725222  0.05984891]
 [ 0.26282483  0.36876154 -0.37367147 -0.08430028  0.12541565  0.
  -0.02142606  0.         -0.03533321  0.04199954]
 [ 0.4720143   0.47097453 -0.37969238  0.07965145  0.1188509   0.
   0.03316342  0.         -0.04325048  0.01602358]
 [ 0.32932004  0.1788624  -0.24120972  0.06614591  0.06329006  0.
  -0.02271068  0.         -0.0089737   0.04893001]] 
Episode: 389: [[ 0.12899715  0.07010508 -0.3182896  -0.15575804  0.00055599  0.
  -0.04376733  0.          0.00317181  0.04683546]
 [ 0.12904859  0.19539924 -0.349749   -0.1466177   0.08238711  0.
  -0.05324112  0.         -0.01725222  0.05986389]
 [ 0.2630854   0.36891317 -0.37385258 -0.08431371  0.12536834  0.
  -0.02146195  0.         -0.03533321  0.04207296]
 [ 0.47227576  0.47115567 -0.37987596  0.07963385  0.11877326  0.
   0.03320602  0.         -0.04325048  0.01612575]
 [ 0.32955006  0.17901398 -0.24143659  0.06613103  0.06325372  0.
  -0.02279449  0.         -0.0089737   0.0488978 ]] 
Episode: 390: [[ 0.1292886   0.07022664 -0.31845033 -0.15575413  0.00055136  0.
  -0.04390185  0.          0.00317181  0.04685339]
 [ 0.1293483   0.19552189 -0.3499094  -0.14661382  0.0823746   0.
  -0.05337198  0.         -0.01725222  0.05988832]
 [ 0.26338512  0.36905617 -0.37401164 -0.08431136  0.12532006  0.
  -0.02154883  0.         -0.03533321  0.04215042]
 [ 0.47257724  0.47132608 -0.3800368   0.07963147  0.11869691  0.
   0.03319036  0.         -0.04325048  0.01622913]
 [ 0.32983148  0.17915815 -0.24163595  0.06613892  0.06321557  0.
  -0.02292616  0.         -0.0089737   0.04888292]] 
Episode: 391: [[ 0.12957144  0.07035055 -0.31862986 -0.15572856  0.00052277  0.
  -0.04403345  0.          0.00317181  0.04689242]
 [ 0.12963876  0.19564727 -0.3500893  -0.14658773  0.08233774  0.
  -0.05349981  0.         -0.01725222  0.05993396]
 [ 0.26367784  0.36920276 -0.37419242 -0.08428443  0.12524568  0.
  -0.02162596  0.         -0.03533321  0.04224205]
 [ 0.47287735  0.47150168 -0.38022277  0.07965651  0.11859439  0.
   0.03319551  0.         -0.04325048  0.01633845]
 [ 0.3301016   0.17930509 -0.24186279  0.06617448  0.06314851  0.
  -0.02304832  0.         -0.0089737   0.0488957 ]] 
Episode: 392: [[ 1.2988818e-01  7.0421994e-02 -3.1878856e-01 -1.5570180e-01
   4.4181495e-04  0.0000000e+00 -4.4095840e-02  0.0000000e+00
   3.1718132e-03  4.7002796e-02]
 [ 1.2996559e-01  1.9572118e-01 -3.5024798e-01 -1.4656065e-01
   8.2249455e-02  0.0000000e+00 -5.3559292e-02  0.0000000e+00
  -1.7252218e-02  6.0048763e-02]
 [ 2.6400843e-01  3.6929885e-01 -3.7435213e-01 -8.4257081e-02
   1.2512237e-01  0.0000000e+00 -2.1640694e-02  0.0000000e+00
  -3.5333209e-02  4.2394988e-02]
 [ 4.7320613e-01  4.7162563e-01 -3.8038710e-01  7.9679929e-02
   1.1844379e-01  0.0000000e+00  3.3254195e-02  0.0000000e+00
  -4.3250479e-02  1.6503848e-02]
 [ 3.3042195e-01  1.7938416e-01 -2.4206300e-01  6.6210613e-02
   6.3022181e-02  0.0000000e+00 -2.3101881e-02  0.0000000e+00
  -8.9737000e-03  4.8986014e-02]] 
Episode: 393: [[ 1.30174682e-01  7.04924539e-02 -3.18959981e-01 -1.55691922e-01
   3.55998054e-04  0.00000000e+00 -4.40979041e-02  0.00000000e+00
   3.17181321e-03  4.70950827e-02]
 [ 1.30261004e-01  1.95794344e-01 -3.50420445e-01 -1.46550357e-01
   8.21563974e-02  0.00000000e+00 -5.35573177e-02  0.00000000e+00
  -1.72522180e-02  6.01433478e-02]
 [ 2.64311761e-01  3.69398981e-01 -3.74533623e-01 -8.42438266e-02
   1.24993175e-01  0.00000000e+00 -2.15993151e-02  0.00000000e+00
  -3.53332087e-02  4.25153077e-02]
 [ 4.73519862e-01  4.71761972e-01 -3.80584061e-01  7.96942189e-02
   1.18289404e-01  0.00000000e+00  3.33610252e-02  0.00000000e+00
  -4.32504788e-02  1.66212060e-02]
 [ 3.30707669e-01  1.79458156e-01 -2.42276996e-01  6.62222281e-02
   6.28924072e-02  0.00000000e+00 -2.30937526e-02  0.00000000e+00
  -8.97369999e-03  4.90655415e-02]] 
Episode: 394: [[ 1.30479574e-01  7.05436692e-02 -3.19112808e-01 -1.55674398e-01
   3.21832864e-04  0.00000000e+00 -4.41088602e-02  0.00000000e+00
   3.17181321e-03  4.71974425e-02]
 [ 1.30576149e-01  1.95848733e-01 -3.50573421e-01 -1.46532252e-01
   8.21166486e-02  0.00000000e+00 -5.35641275e-02  0.00000000e+00
  -1.72522180e-02  6.02518059e-02]
 [ 2.64632314e-01  3.69480580e-01 -3.74691993e-01 -8.42231661e-02
   1.24918483e-01  0.00000000e+00 -2.15481762e-02  0.00000000e+00
  -3.53332087e-02  4.26484719e-02]
 [ 4.73847359e-01  4.71880853e-01 -3.80753279e-01  7.97154829e-02
   1.18191175e-01  0.00000000e+00  3.35083567e-02  0.00000000e+00
  -4.32504788e-02  1.67514794e-02]
 [ 3.31010282e-01  1.79512635e-01 -2.42462739e-01  6.62438944e-02
   6.28299937e-02  0.00000000e+00 -2.30949223e-02  0.00000000e+00
  -8.97369999e-03  4.91661541e-02]] 
Episode: 395: [[ 1.3073823e-01  7.0631668e-02 -3.1929007e-01 -1.5571953e-01
   2.8978279e-04  0.0000000e+00 -4.4077586e-02  0.0000000e+00
   3.1718132e-03  4.7347307e-02]
 [ 1.3084263e-01  1.9594172e-01 -3.5075188e-01 -1.4657772e-01
   8.2078703e-02  0.0000000e+00 -5.3522035e-02  0.0000000e+00
  -1.7252218e-02  6.0412243e-02]
 [ 2.6490644e-01  3.6961144e-01 -3.7488079e-01 -8.4264003e-02
   1.2484228e-01  0.0000000e+00 -2.1447465e-02  0.0000000e+00
  -3.5333209e-02  4.2838808e-02]
 [ 4.7413516e-01  4.7206306e-01 -3.8095829e-01  7.9677314e-02
   1.1808935e-01  0.0000000e+00  3.3694938e-02  0.0000000e+00
  -4.3250479e-02  1.6935775e-02]
 [ 3.3124435e-01  1.7961006e-01 -2.4267818e-01  6.6176273e-02
   6.2775217e-02  0.0000000e+00 -2.3074709e-02  0.0000000e+00
  -8.9737000e-03  4.9318500e-02]] 
Episode: 396: [[ 1.30988762e-01  7.07625821e-02 -3.19510281e-01 -1.55720323e-01
   2.53619568e-04  0.00000000e+00 -4.40932103e-02  0.00000000e+00
   3.17181321e-03  4.75008488e-02]
 [ 1.31100312e-01  1.96077466e-01 -3.50974679e-01 -1.46577686e-01
   8.20356235e-02  0.00000000e+00 -5.35296723e-02  0.00000000e+00
  -1.72522180e-02  6.05745837e-02]
 [ 2.65174806e-01  3.69787633e-01 -3.75119627e-01 -8.42551664e-02
   1.24759667e-01  0.00000000e+00 -2.13957522e-02  0.00000000e+00
  -3.53332087e-02  4.30328846e-02]
 [ 4.74422604e-01  4.72295523e-01 -3.81222099e-01  7.96939358e-02
   1.17985174e-01  0.00000000e+00  3.38309780e-02  0.00000000e+00
  -4.32504788e-02  1.71319600e-02]
 [ 3.31471205e-01  1.79760009e-01 -2.42953241e-01  6.61630183e-02
   6.27123266e-02  0.00000000e+00 -2.31043007e-02  0.00000000e+00
  -8.97369999e-03  4.94743548e-02]] 
Episode: 397: [[ 1.3122030e-01  7.0893265e-02 -3.1972411e-01 -1.5571311e-01
   2.1891874e-04  0.0000000e+00 -4.4065882e-02  0.0000000e+00
   3.1718132e-03  4.7638312e-02]
 [ 1.3133827e-01  1.9621302e-01 -3.5119134e-01 -1.4656930e-01
   8.1994325e-02  0.0000000e+00 -5.3491026e-02  0.0000000e+00
  -1.7252218e-02  6.0719036e-02]
 [ 2.6542503e-01  3.6996505e-01 -3.7535399e-01 -8.4235869e-02
   1.2468009e-01  0.0000000e+00 -2.1294508e-02  0.0000000e+00
  -3.5333209e-02  4.3205008e-02]
 [ 4.7469708e-01  4.7253099e-01 -3.8148329e-01  7.9724066e-02
   1.1788523e-01  0.0000000e+00  3.4007430e-02  0.0000000e+00
  -4.3250479e-02  1.7303118e-02]
 [ 3.3168209e-01  1.7990738e-01 -2.4321987e-01  6.6159502e-02
   6.2651500e-02  0.0000000e+00 -2.3084674e-02  0.0000000e+00
  -8.9737000e-03  4.9614020e-02]] 
Episode: 398: [[ 1.31442368e-01  7.10362345e-02 -3.19977641e-01 -1.55687243e-01
   1.82985765e-04  0.00000000e+00 -4.40388210e-02  0.00000000e+00
   3.17181321e-03  4.77544591e-02]
 [ 1.31565839e-01  1.96361214e-01 -3.51449221e-01 -1.46541640e-01
   8.19517300e-02  0.00000000e+00 -5.34525029e-02  0.00000000e+00
  -1.72522180e-02  6.08393252e-02]
 [ 2.65666008e-01  3.70154858e-01 -3.75635475e-01 -8.41939896e-02
   1.24595635e-01  0.00000000e+00 -2.11866591e-02  0.00000000e+00
  -3.53332087e-02  4.33492661e-02]
 [ 4.74964797e-01  4.72778708e-01 -3.81799221e-01  7.97802731e-02
   1.17780693e-01  0.00000000e+00  3.42004336e-02  0.00000000e+00
  -4.32504788e-02  1.74453538e-02]
 [ 3.31882119e-01  1.80070251e-01 -2.43539006e-01  6.61782399e-02
   6.25843853e-02  0.00000000e+00 -2.30608918e-02  0.00000000e+00
  -8.97369999e-03  4.97271381e-02]] 
Episode: 399: [[ 1.3166541e-01  7.1168557e-02 -3.2021287e-01 -1.5564606e-01
   1.6176880e-04  0.0000000e+00 -4.4070687e-02  0.0000000e+00
   3.1718132e-03  4.7860149e-02]
 [ 1.3179396e-01  1.9649847e-01 -3.5168812e-01 -1.4649858e-01
   8.1924051e-02  0.0000000e+00 -5.3473521e-02  0.0000000e+00
  -1.7252218e-02  6.0948774e-02]
 [ 2.6589930e-01  3.7033123e-01 -3.7589502e-01 -8.4137969e-02
   1.2452920e-01  0.0000000e+00 -2.1144398e-02  0.0000000e+00
  -3.5333209e-02  4.3478243e-02]
 [ 4.7521782e-01  4.7300851e-01 -3.8208964e-01  7.9849362e-02
   1.1769357e-01  0.0000000e+00  3.4320012e-02  0.0000000e+00
  -4.3250479e-02  1.7565548e-02]
 [ 3.3207199e-01  1.8022005e-01 -2.4383578e-01  6.6220291e-02
   6.2536322e-02  0.0000000e+00 -2.3096045e-02  0.0000000e+00
  -8.9737000e-03  4.9827524e-02]] 
Episode: 400: [[ 1.31803721e-01  7.12671950e-02 -3.20283860e-01 -1.55862644e-01
   1.58494717e-04  0.00000000e+00 -4.40431684e-02  0.00000000e+00
   3.17181321e-03  4.80308793e-02]
 [ 1.31934583e-01  1.96602985e-01 -3.51758540e-01 -1.46710992e-01
   8.19172710e-02  0.00000000e+00 -5.34367748e-02  0.00000000e+00
  -1.72522180e-02  6.11213222e-02]
 [ 2.66041160e-01  3.70478332e-01 -3.75965685e-01 -8.43075514e-02
   1.24498464e-01  0.00000000e+00 -2.10516173e-02  0.00000000e+00
  -3.53332087e-02  4.36651111e-02]
 [ 4.75376129e-01  4.73208487e-01 -3.82160127e-01  7.97211006e-02
   1.17641270e-01  0.00000000e+00  3.44816707e-02  0.00000000e+00
  -4.32504788e-02  1.77410636e-02]
 [ 3.32150191e-01  1.80329248e-01 -2.43911192e-01  6.59358799e-02
   6.25285581e-02  0.00000000e+00 -2.30711456e-02  0.00000000e+00
  -8.97369999e-03  4.99969199e-02]] 
Episode: 401: [[ 1.31930575e-01  7.13507384e-02 -3.20409536e-01 -1.56067729e-01
   1.47938699e-04  0.00000000e+00 -4.39749733e-02  0.00000000e+00
   3.17181321e-03  4.81856689e-02]
 [ 1.32062793e-01  1.96692690e-01 -3.51885766e-01 -1.46911994e-01
   8.19028169e-02  0.00000000e+00 -5.33548221e-02  0.00000000e+00
  -1.72522180e-02  6.12779446e-02]
 [ 2.66172111e-01  3.70614946e-01 -3.76102298e-01 -8.44646990e-02
   1.24456525e-01  0.00000000e+00 -2.09133998e-02  0.00000000e+00
  -3.53332087e-02  4.38335352e-02]
 [ 4.75526959e-01  4.73406702e-01 -3.82308394e-01  7.96079934e-02
   1.17580026e-01  0.00000000e+00  3.46811749e-02  0.00000000e+00
  -4.32504788e-02  1.78969447e-02]
 [ 3.32215399e-01  1.80414021e-01 -2.44056597e-01  6.56636879e-02
   6.25064149e-02  0.00000000e+00 -2.30015758e-02  0.00000000e+00
  -8.97369999e-03  5.01507930e-02]] 
Episode: 402: [[ 1.3206141e-01  7.1435198e-02 -3.2055670e-01 -1.5622391e-01
   1.2993318e-04  0.0000000e+00 -4.3955136e-02  0.0000000e+00
   3.1718132e-03  4.8315484e-02]
 [ 1.3219477e-01  1.9678326e-01 -3.5203493e-01 -1.4706349e-01
   8.1880480e-02  0.0000000e+00 -5.3324979e-02  0.0000000e+00
  -1.7252218e-02  6.1407931e-02]
 [ 2.6630658e-01  3.7075010e-01 -3.7626126e-01 -8.4572680e-02
   1.2440423e-01  0.0000000e+00 -2.0827429e-02  0.0000000e+00
  -3.5333209e-02  4.3968212e-02]
 [ 4.7568417e-01  4.7360110e-01 -3.8247943e-01  7.9545543e-02
   1.1750844e-01  0.0000000e+00  3.4833081e-02  0.0000000e+00
  -4.3250479e-02  1.8008156e-02]
 [ 3.3228680e-01  1.8050335e-01 -2.4423122e-01  6.5456733e-02
   6.2471725e-02  0.0000000e+00 -2.2974649e-02  0.0000000e+00
  -8.9737000e-03  5.0277960e-02]] 
Episode: 403: [[ 1.3222227e-01  7.1570046e-02 -3.2080105e-01 -1.5629004e-01
   1.4237881e-04  0.0000000e+00 -4.3993503e-02  0.0000000e+00
   3.1718132e-03  4.8431728e-02]
 [ 1.3235775e-01  1.9692411e-01 -3.5228351e-01 -1.4712343e-01
   8.1887729e-02  0.0000000e+00 -5.3353786e-02  0.0000000e+00
  -1.7252218e-02  6.1522819e-02]
 [ 2.6647863e-01  3.7093544e-01 -3.7651989e-01 -8.4590428e-02
   1.2437806e-01  0.0000000e+00 -2.0804837e-02  0.0000000e+00
  -3.5333209e-02  4.4082537e-02]
 [ 4.7588381e-01  4.7385085e-01 -3.8274780e-01  7.9572059e-02
   1.1747199e-01  0.0000000e+00  3.4915667e-02  0.0000000e+00
  -4.3250479e-02  1.8095866e-02]
 [ 3.3240008e-01  1.8066607e-01 -2.4453521e-01  6.5365419e-02
   6.2468283e-02  0.0000000e+00 -2.3006978e-02  0.0000000e+00
  -8.9737000e-03  5.0392956e-02]] 
Episode: 404: [[ 1.3240278e-01  7.1712881e-02 -3.2105935e-01 -1.5629873e-01
   1.5511262e-04  0.0000000e+00 -4.4084210e-02  0.0000000e+00
   3.1718132e-03  4.8529815e-02]
 [ 1.3254134e-01  1.9707239e-01 -3.5254633e-01 -1.4712512e-01
   8.1894748e-02  0.0000000e+00 -5.3435344e-02  0.0000000e+00
  -1.7252218e-02  6.1618622e-02]
 [ 2.6667464e-01  3.7112525e-01 -3.7679273e-01 -8.4551603e-02
   1.2435012e-01  0.0000000e+00 -2.0839252e-02  0.0000000e+00
  -3.5333209e-02  4.4175699e-02]
 [ 4.7611308e-01  4.7410172e-01 -3.8303116e-01  7.9654641e-02
   1.1743344e-01  0.0000000e+00  3.4935895e-02  0.0000000e+00
  -4.3250479e-02  1.8160582e-02]
 [ 3.3254528e-01  1.8084019e-01 -2.4486053e-01  6.5349899e-02
   6.2460911e-02  0.0000000e+00 -2.3092590e-02  0.0000000e+00
  -8.9737000e-03  5.0486621e-02]] 
Episode: 405: [[ 1.32572606e-01  7.18485564e-02 -3.21316540e-01 -1.56305999e-01
   1.84728240e-04  0.00000000e+00 -4.41864021e-02  0.00000000e+00
   3.17181321e-03  4.86179926e-02]
 [ 1.32714018e-01  1.97213322e-01 -3.52808177e-01 -1.47125825e-01
   8.19195434e-02  0.00000000e+00 -5.35295196e-02  0.00000000e+00
  -1.72522180e-02  6.17047735e-02]
 [ 2.66861588e-01  3.71305585e-01 -3.77066314e-01 -8.45126957e-02
   1.24342851e-01  0.00000000e+00 -2.08787266e-02  0.00000000e+00
  -3.53332087e-02  4.42585871e-02]
 [ 4.76335436e-01  4.74340349e-01 -3.83318424e-01  7.97364786e-02
   1.17416814e-01  0.00000000e+00  3.49666849e-02  0.00000000e+00
  -4.32504788e-02  1.82156488e-02]
 [ 3.32677752e-01  1.81005344e-01 -2.45185450e-01  6.53329939e-02
   6.24738857e-02  0.00000000e+00 -2.31922641e-02  0.00000000e+00
  -8.97369999e-03  5.05703390e-02]] 
Episode: 406: [[ 1.3274449e-01  7.1896583e-02 -3.2155761e-01 -1.5632921e-01
   1.3631757e-04  0.0000000e+00 -4.4222102e-02  0.0000000e+00
   3.1718132e-03  4.8620980e-02]
 [ 1.3288940e-01  1.9726825e-01 -3.5305345e-01 -1.4714377e-01
   8.1869215e-02  0.0000000e+00 -5.3558558e-02  0.0000000e+00
  -1.7252218e-02  6.1707526e-02]
 [ 2.6704749e-01  3.7139806e-01 -3.7732121e-01 -8.4492840e-02
   1.2425849e-01  0.0000000e+00 -2.0859439e-02  0.0000000e+00
  -3.5333209e-02  4.4261690e-02]
 [ 4.7654423e-01  4.7448486e-01 -3.8358453e-01  7.9795733e-02
   1.1731183e-01  0.0000000e+00  3.5048530e-02  0.0000000e+00
  -4.3250479e-02  1.8197296e-02]
 [ 3.3281505e-01  1.8105334e-01 -2.4549045e-01  6.5296285e-02
   6.2389918e-02  0.0000000e+00 -2.3225360e-02  0.0000000e+00
  -8.9737000e-03  5.0565846e-02]] 
Episode: 407: [[ 1.32972956e-01  7.19759688e-02 -3.21781069e-01 -1.56330705e-01
   1.25784092e-04  0.00000000e+00 -4.43104319e-02  0.00000000e+00
   3.17181321e-03  4.86755297e-02]
 [ 1.33124471e-01  1.97353363e-01 -3.53280336e-01 -1.47139996e-01
   8.18559229e-02  0.00000000e+00 -5.36403507e-02  0.00000000e+00
  -1.72522180e-02  6.17638491e-02]
 [ 2.67293334e-01  3.71517241e-01 -3.77555788e-01 -8.44560117e-02
   1.24214195e-01  0.00000000e+00 -2.08968725e-02  0.00000000e+00
  -3.53332087e-02  4.43211645e-02]
 [ 4.76810813e-01  4.74652261e-01 -3.83828133e-01  7.98665807e-02
   1.17251001e-01  0.00000000e+00  3.50680426e-02  0.00000000e+00
  -4.32504788e-02  1.82381943e-02]
 [ 3.33029211e-01  1.81146458e-01 -2.45773509e-01  6.52890876e-02
   6.23552352e-02  0.00000000e+00 -2.33116820e-02  0.00000000e+00
  -8.97369999e-03  5.06249778e-02]] 
Episode: 408: [[ 1.3327150e-01  7.2047502e-02 -3.2200372e-01 -1.5630016e-01
   1.3822035e-04  0.0000000e+00 -4.4446092e-02  0.0000000e+00
   3.1718132e-03  4.8800584e-02]
 [ 1.3342689e-01  1.9742748e-01 -3.5350561e-01 -1.4710414e-01
   8.1864282e-02  0.0000000e+00 -5.3769588e-02  0.0000000e+00
  -1.7252218e-02  6.1888929e-02]
 [ 2.6761496e-01  3.7161925e-01 -3.7778607e-01 -8.4391467e-02
   1.2418859e-01  0.0000000e+00 -2.0985324e-02  0.0000000e+00
  -3.5333209e-02  4.4445843e-02]
 [ 4.7716820e-01  4.7480053e-01 -3.8406548e-01  7.9958156e-02
   1.1720864e-01  0.0000000e+00  3.5031486e-02  0.0000000e+00
  -4.3250479e-02  1.8342689e-02]
 [ 3.3334991e-01  1.8122870e-01 -2.4605784e-01  6.5326579e-02
   6.2346272e-02  0.0000000e+00 -2.3445865e-02  0.0000000e+00
  -8.9737000e-03  5.0757486e-02]] 
Episode: 409: [[ 1.33538976e-01  7.21210465e-02 -3.22228998e-01 -1.56326607e-01
   1.47890270e-04  0.00000000e+00 -4.45119664e-02  0.00000000e+00
   3.17181321e-03  4.89203706e-02]
 [ 1.33697525e-01  1.97503135e-01 -3.53734165e-01 -1.47127032e-01
   8.18695575e-02  0.00000000e+00 -5.38302325e-02  0.00000000e+00
  -1.72522180e-02  6.20089956e-02]
 [ 2.67906934e-01  3.71718943e-01 -3.78024280e-01 -8.43894631e-02
   1.24158755e-01  0.00000000e+00 -2.10101511e-02  0.00000000e+00
  -3.53332087e-02  4.45767008e-02]
 [ 4.77498949e-01  4.74943042e-01 -3.84316653e-01  7.99814314e-02
   1.17164239e-01  0.00000000e+00  3.50526944e-02  0.00000000e+00
  -4.32504788e-02  1.84727386e-02]
 [ 3.33631247e-01  1.81316391e-01 -2.46344402e-01  6.52884990e-02
   6.23355024e-02  0.00000000e+00 -2.35100780e-02  0.00000000e+00
  -8.97369999e-03  5.08797728e-02]] 
Episode: 410: [[ 1.33796722e-01  7.22173080e-02 -3.22460800e-01 -1.56322002e-01
   1.97573652e-04  0.00000000e+00 -4.46273834e-02  0.00000000e+00
   3.17181321e-03  4.90741730e-02]
 [ 1.33958310e-01  1.97601691e-01 -3.53969544e-01 -1.47118464e-01
   8.19154531e-02  0.00000000e+00 -5.39404005e-02  0.00000000e+00
  -1.72522180e-02  6.21650182e-02]
 [ 2.68185109e-01  3.71838719e-01 -3.78269166e-01 -8.43576863e-02
   1.24172628e-01  0.00000000e+00 -2.10872293e-02  0.00000000e+00
  -3.53332087e-02  4.47461009e-02]
 [ 4.77809340e-01  4.75099742e-01 -3.84574711e-01  8.00333992e-02
   1.17165625e-01  0.00000000e+00  3.50176916e-02  0.00000000e+00
  -4.32504788e-02  1.86452456e-02]
 [ 3.33895564e-01  1.81433946e-01 -2.46643677e-01  6.52917847e-02
   6.23743050e-02  0.00000000e+00 -2.36243252e-02  0.00000000e+00
  -8.97369999e-03  5.10413498e-02]] 
Episode: 411: [[ 1.3409416e-01  7.2294973e-02 -3.2269579e-01 -1.5629812e-01
   3.0311738e-04  0.0000000e+00 -4.4787344e-02  0.0000000e+00
   3.1718132e-03  4.9288359e-02]
 [ 1.3426173e-01  1.9768187e-01 -3.5420784e-01 -1.4709072e-01
   8.2017787e-02  0.0000000e+00 -5.4095108e-02  0.0000000e+00
  -1.7252218e-02  6.2379651e-02]
 [ 2.6850531e-01  3.7194112e-01 -3.7851357e-01 -8.4310606e-02
   1.2424794e-01  0.0000000e+00 -2.1211302e-02  0.0000000e+00
  -3.5333209e-02  4.4969536e-02]
 [ 4.7814775e-01  4.7524166e-01 -3.8482597e-01  8.0094993e-02
   1.1723530e-01  0.0000000e+00  3.4932122e-02  0.0000000e+00
  -4.3250479e-02  1.8867983e-02]
 [ 3.3421317e-01  1.8153109e-01 -2.4694675e-01  6.5319963e-02
   6.2484164e-02  0.0000000e+00 -2.3783561e-02  0.0000000e+00
  -8.9737000e-03  5.1265780e-02]] 
Episode: 412: [[ 1.3439618e-01  7.2403401e-02 -3.2296708e-01 -1.5622120e-01
   3.8784274e-04  0.0000000e+00 -4.4961579e-02  0.0000000e+00
   3.1718132e-03  4.9457081e-02]
 [ 1.3457023e-01  1.9779342e-01 -3.5448354e-01 -1.4700861e-01
   8.2098350e-02  0.0000000e+00 -5.4266088e-02  0.0000000e+00
  -1.7252218e-02  6.2546417e-02]
 [ 2.6883513e-01  3.7207454e-01 -3.7880096e-01 -8.4204093e-02
   1.2429605e-01  0.0000000e+00 -2.1350982e-02  0.0000000e+00
  -3.5333209e-02  4.5137852e-02]
 [ 4.7850448e-01  4.7541350e-01 -3.8512930e-01  8.0222994e-02
   1.1727492e-01  0.0000000e+00  3.4828935e-02  0.0000000e+00
  -4.3250479e-02  1.9026354e-02]
 [ 3.3453980e-01  1.8166669e-01 -2.4729925e-01  6.5415375e-02
   6.2562898e-02  0.0000000e+00 -2.3953361e-02  0.0000000e+00
  -8.9737000e-03  5.1441368e-02]] 
Episode: 413: [[ 0.13469386  0.07251931 -0.32321873 -0.15614364  0.00050826  0.
  -0.04517449  0.          0.00317181  0.04965138]
 [ 0.13487482  0.1979131  -0.3547391  -0.14692622  0.08221517  0.
  -0.05447553  0.         -0.01725222  0.06274184]
 [ 0.26915878  0.372214   -0.37906653 -0.08410034  0.12438532  0.
  -0.02153142  0.         -0.03533321  0.04533507]
 [ 0.4788518   0.47558516 -0.38540897  0.08034531  0.11735741  0.
   0.03468197  0.         -0.04325048  0.01921433]
 [ 0.33486477  0.18181375 -0.24762727  0.06551229  0.0626881   0.
  -0.02416261  0.         -0.0089737   0.0516511 ]] 
Episode: 414: [[ 0.13498671  0.07264379 -0.3234737  -0.15605055  0.00060303  0.
  -0.04542218  0.          0.00317181  0.04985402]
 [ 0.13517469  0.1980424  -0.35499835 -0.1468283   0.08230604  0.
  -0.05471957  0.         -0.01725222  0.06294816]
 [ 0.26947743  0.3723649  -0.37933776 -0.08398061  0.12445015  0.
  -0.02174851  0.         -0.03533321  0.04554575]
 [ 0.47919333  0.4757678  -0.3856974   0.08048432  0.11741596  0.
   0.03449564  0.         -0.04325048  0.01941905]
 [ 0.33517942  0.1819705  -0.24796371  0.06562775  0.06278125  0.
  -0.02440733  0.         -0.0089737   0.05186869]] 
Episode: 415: [[ 0.13526063  0.07278404 -0.32373556 -0.15594825  0.00069842  0.
  -0.04569655  0.          0.00317181  0.0500259 ]
 [ 0.13545483  0.19818792 -0.35526484 -0.14672107  0.08239767  0.
  -0.05499408  0.         -0.01725222  0.06312174]
 [ 0.2697764   0.372534   -0.37961853 -0.08385065  0.12451757  0.
  -0.02199857  0.         -0.03533321  0.04571935]
 [ 0.47951576  0.47597113 -0.38599867  0.08063494  0.11748163  0.
   0.03427389  0.         -0.04325048  0.01958218]
 [ 0.33547083  0.18214656 -0.24831009  0.06575555  0.06287407  0.
  -0.0246793   0.         -0.0089737   0.0520515 ]] 
Episode: 416: [[ 0.1354953   0.07291258 -0.3239556  -0.1559229   0.00079289  0.
  -0.04588728  0.          0.00317181  0.05020848]
 [ 0.13569456  0.19832237 -0.35548875 -0.14669281  0.08248943  0.
  -0.0551855   0.         -0.01725222  0.06330816]
 [ 0.2700355   0.3726958  -0.3798551  -0.08380379  0.12458919  0.
  -0.02216884  0.         -0.03533321  0.04591764]
 [ 0.4798017   0.47617096 -0.386253    0.08069684  0.11755158  0.
   0.03412843  0.         -0.04325048  0.01978732]
 [ 0.33570915  0.18230668 -0.24859971  0.06578158  0.06297163  0.
  -0.02486753  0.         -0.0089737   0.05224318]] 
Episode: 417: [[ 0.13571568  0.07303206 -0.32419363 -0.15591665  0.00085614  0.
  -0.04600279  0.          0.00317181  0.05034994]
 [ 0.13591948  0.19844776 -0.35573164 -0.1466839   0.08254891  0.
  -0.05530217  0.         -0.01725222  0.06345244]
 [ 0.2702808   0.3728546  -0.38011703 -0.08377456  0.124623    0.
  -0.02226734  0.         -0.03533321  0.0460792 ]
 [ 0.48007837  0.4763784  -0.38654113  0.0807429   0.11758182  0.
   0.03405163  0.         -0.04325048  0.01996479]
 [ 0.3359321   0.18245089 -0.24891147  0.06578316  0.06303051  0.
  -0.02498044  0.         -0.0089737   0.05238504]] 
Episode: 418: [[ 0.13592422  0.07315352 -0.32444066 -0.15589638  0.00092981  0.
  -0.04614598  0.          0.00317181  0.05047107]
 [ 0.13613202  0.19857569 -0.35598376 -0.14666085  0.08261886  0.
  -0.05544851  0.         -0.01725222  0.06357522]
 [ 0.27051213  0.37301537 -0.38038883 -0.08373114  0.1246664   0.
  -0.02239527  0.         -0.03533321  0.04621831]
 [ 0.4803387   0.4765873  -0.38683915  0.08080368  0.11761951  0.
   0.03394844  0.         -0.04325048  0.02011939]
 [ 0.336138    0.1825991  -0.24923077  0.06580152  0.06309987  0.
  -0.02512214  0.         -0.0089737   0.05250659]] 
Episode: 419: [[ 0.13615787  0.07331207 -0.3247288  -0.15581238  0.001017    0.
  -0.0463309   0.          0.00317181  0.05059828]
 [ 0.13637014  0.19874015 -0.35627753 -0.14657295  0.08270124  0.
  -0.05563574  0.         -0.01725222  0.06370354]
 [ 0.27076572  0.37321195 -0.38069955 -0.08362288  0.12471738  0.
  -0.0225651   0.         -0.03533321  0.04636241]
 [ 0.4806169   0.47683102 -0.38717297  0.08092991  0.11766062  0.
   0.0338015   0.         -0.04325048  0.02027615]
 [ 0.3363685   0.18279536 -0.24960303  0.06590435  0.06317223  0.
  -0.02530604  0.         -0.0089737   0.05263487]] 
Episode: 420: [[ 0.136365    0.07347843 -0.3250069  -0.15577844  0.00108819  0.
  -0.04644119  0.          0.00317181  0.05071888]
 [ 0.13658059  0.1989123  -0.3565612  -0.1465362   0.08276721  0.
  -0.05574865  0.         -0.01725222  0.06382522]
 [ 0.270991    0.37341666 -0.38100085 -0.08356902  0.12475014  0.
  -0.0226632   0.         -0.03533321  0.04650053]
 [ 0.4808717   0.4770822  -0.3874976   0.08099882  0.1176796   0.
   0.03372336  0.         -0.04325048  0.0204264 ]
 [ 0.33656868  0.18300271 -0.24995932  0.06594469  0.06322537  0.
  -0.02541508  0.         -0.0089737   0.05275591]] 
Episode: 421: [[ 0.13656689  0.07365675 -0.325295   -0.15574116  0.0011472   0.
  -0.04648436  0.          0.00317181  0.05082842]
 [ 0.1367858   0.19909641 -0.35685524 -0.14649594  0.08282083  0.
  -0.05579471  0.         -0.01725222  0.06393579]
 [ 0.2712138   0.3736341  -0.38131505 -0.08350937  0.12477122  0.
  -0.02269678  0.         -0.03533321  0.04662978]
 [ 0.48113072  0.47734794 -0.38783935  0.08107717  0.11768936  0.
   0.03370712  0.         -0.04325048  0.0205716 ]
 [ 0.33676448  0.18322484 -0.25033045  0.0659883   0.06326295  0.
  -0.0254568   0.         -0.0089737   0.05286293]] 
Episode: 422: [[ 0.13676421  0.07381571 -0.3255598  -0.15569095  0.00123913  0.
  -0.04657923  0.          0.00317181  0.05093904]
 [ 0.13698602  0.19926076 -0.35712492 -0.14644273  0.0829081   0.
  -0.05589166  0.         -0.01725222  0.06404801]
 [ 0.27142504  0.37382737 -0.38160056 -0.08343815  0.1248282   0.
  -0.02278166  0.         -0.03533321  0.04675884]
 [ 0.48136896  0.47758374 -0.38814676  0.08116609  0.11773431  0.
   0.03363846  0.         -0.04325048  0.02071184]
 [ 0.33694276  0.18342353 -0.2506677   0.06604887  0.06333894  0.
  -0.02555069  0.         -0.0089737   0.0529716 ]] 
Episode: 423: [[ 0.1369528   0.07398333 -0.32582644 -0.15562265  0.00132986  0.
  -0.04664193  0.          0.00317181  0.05103246]
 [ 0.1371774   0.1994341  -0.35739678 -0.14637089  0.0829946   0.
  -0.05595415  0.         -0.01725222  0.06414153]
 [ 0.2716299   0.37403116 -0.38189092 -0.08334551  0.12488531  0.
  -0.02282718  0.         -0.03533321  0.04686163]
 [ 0.48160607  0.47783104 -0.3884628   0.08128038  0.11778038  0.
   0.03361369  0.         -0.04325048  0.02081478]
 [ 0.33711675  0.183632   -0.25100842  0.06613255  0.0634139   0.
  -0.02560394  0.         -0.0089737   0.05306327]] 
Episode: 424: [[ 0.1371518   0.07415035 -0.32605457 -0.15556087  0.00141911  0.
  -0.04664225  0.          0.00317181  0.05115042]
 [ 0.13737991  0.19960633 -0.35762915 -0.14630589  0.0830803   0.
  -0.05595483  0.         -0.01725222  0.06426118]
 [ 0.27184293  0.37423134 -0.38214007 -0.08326104  0.12494502  0.
  -0.02281344  0.         -0.03533321  0.04699066]
 [ 0.4818477   0.47807    -0.38873565  0.08138475  0.11782844  0.
   0.03364547  0.         -0.04325048  0.02094365]
 [ 0.33730164  0.1838416  -0.2512986   0.0662094   0.06349323  0.
  -0.02559546  0.         -0.0089737   0.0531871 ]] 
Episode: 425: [[ 0.1373585   0.07432202 -0.32627878 -0.15547559  0.00151698  0.
  -0.0466986   0.          0.00317181  0.05126745]
 [ 0.13759018  0.19978285 -0.3578573  -0.14621696  0.08317463  0.
  -0.05601097  0.         -0.01725222  0.06437945]
 [ 0.27206075  0.37443414 -0.3823835  -0.08315264  0.12501554  0.
  -0.02285577  0.         -0.03533321  0.04711746]
 [ 0.4820933   0.47830865 -0.38900092  0.08151396  0.11789119  0.
   0.03362001  0.         -0.04325048  0.02106608]
 [ 0.33749002  0.18405834 -0.2515864   0.06631912  0.06358477  0.
  -0.02564419  0.         -0.0089737   0.05330703]] 
Episode: 426: [[ 0.13762777  0.07446446 -0.32649457 -0.1553791   0.00156132  0.
  -0.04669327  0.          0.00317181  0.05131639]
 [ 0.1378664   0.19992974 -0.35807616 -0.146117    0.08321406  0.
  -0.05600597  0.         -0.01725222  0.06442756]
 [ 0.27234346  0.37460732 -0.38261452 -0.08303583  0.12502724  0.
  -0.02283918  0.         -0.03533321  0.04717205]
 [ 0.482391    0.4785202  -0.38924986  0.08164682  0.11789501  0.
   0.03365114  0.         -0.04325048  0.02111921]
 [ 0.337756    0.18423736 -0.2518638   0.06644387  0.0636106   0.
  -0.0256317   0.         -0.0089737   0.05335272]] 
Episode: 427: [[ 0.13786814  0.07457822 -0.32671112 -0.15532775  0.00158264  0.
  -0.04663244  0.          0.00317181  0.05137001]
 [ 0.13811241  0.20004736 -0.35829607 -0.14606279  0.08322989  0.
  -0.055946    0.         -0.01725222  0.0644812 ]
 [ 0.2725972   0.3747531  -0.38285038 -0.08296435  0.12501137  0.
  -0.0227696   0.         -0.03533321  0.04723335]
 [ 0.48266378  0.47870836 -0.3895086   0.08173591  0.11786631  0.
   0.03373319  0.         -0.04325048  0.02118067]
 [ 0.33798456  0.18437617 -0.25214013  0.06650816  0.06360791  0.
  -0.02556414  0.         -0.0089737   0.05340557]] 
Episode: 428: [[ 0.13808315  0.07464902 -0.32693574 -0.15528956  0.00158549  0.
  -0.04656323  0.          0.00317181  0.05142768]
 [ 0.13833189  0.20012175 -0.3585247  -0.14602181  0.08322729  0.
  -0.05587647  0.         -0.01725222  0.06453828]
 [ 0.27282512  0.37486258 -0.3830984  -0.0829054   0.12497726  0.
  -0.02268824  0.         -0.03533321  0.04728626]
 [ 0.48291573  0.47887376 -0.38978237  0.08181396  0.11782414  0.
   0.03382815  0.         -0.04325048  0.02121572]
 [ 0.3381852   0.18445699 -0.2524251   0.06655631  0.06358429  0.
  -0.02548002  0.         -0.0089737   0.05346974]] 
Episode: 429: [[ 0.13831326  0.07478128 -0.32718793 -0.15520696  0.00157926  0.
  -0.04655703  0.          0.00317181  0.05148313]
 [ 0.13856691  0.2002586  -0.35878146 -0.14593545  0.0832144   0.
  -0.05586945  0.         -0.01725222  0.06459168]
 [ 0.27307138  0.37503642 -0.38337427 -0.08279916  0.12492821  0.
  -0.02266975  0.         -0.03533321  0.04733142]
 [ 0.48318982  0.47910187 -0.39008406  0.08194238  0.1177637   0.
   0.03385951  0.         -0.04325048  0.02123776]
 [ 0.33840463  0.18461531 -0.25274858  0.06666247  0.063543    0.
  -0.02546071  0.         -0.0089737   0.05353343]] 
Episode: 430: [[ 0.13851139  0.07495148 -0.32743677 -0.15516008  0.00156641  0.
  -0.04658131  0.          0.00317181  0.05154409]
 [ 0.13876833  0.20043541 -0.35903496 -0.14588533  0.08319411  0.
  -0.05589413  0.         -0.01725222  0.06464976]
 [ 0.27328452  0.37526467 -0.38364932 -0.08272693  0.12486561  0.
  -0.02267649  0.         -0.03533321  0.0473728 ]
 [ 0.48343405  0.47940022 -0.3903867   0.08203893  0.1176831   0.
   0.03387788  0.         -0.04325048  0.02124272]
 [ 0.33857727  0.18481518 -0.25306395  0.0667193   0.06349376  0.
  -0.02547323  0.         -0.0089737   0.05360882]] 
Episode: 431: [[ 0.13871752  0.07510263 -0.3276673  -0.15511425  0.0014992   0.
  -0.04654704  0.          0.00317181  0.05161227]
 [ 0.13897835  0.2005924  -0.35926926 -0.1458366   0.08311838  0.
  -0.05586077  0.         -0.01725222  0.06471609]
 [ 0.27350286  0.37546974 -0.38390166 -0.08265754  0.1247436   0.
  -0.0226278   0.         -0.03533321  0.0474223 ]
 [ 0.48368102  0.47967124 -0.39066303  0.08213088  0.11753717  0.
   0.03394857  0.         -0.04325048  0.02125334]
 [ 0.3387577   0.18499254 -0.25335413  0.06677637  0.06337582  0.
  -0.0254281   0.         -0.0089737   0.05369274]] 
Episode: 432: [[ 0.13890721  0.07524455 -0.32789865 -0.15507884  0.00143034  0.
  -0.04646014  0.          0.00317181  0.05166991]
 [ 0.13917136  0.2007404  -0.35950482 -0.14579824  0.08304136  0.
  -0.05577521  0.         -0.01725222  0.06477133]
 [ 0.2737075   0.3756682  -0.38415897 -0.08259664  0.12461995  0.
  -0.02252925  0.         -0.03533321  0.04745541]
 [ 0.48392406  0.4799387  -0.3909493   0.08221772  0.11738952  0.
   0.0340663   0.         -0.04325048  0.02123859]
 [ 0.3389233   0.18515626 -0.25364468  0.06681949  0.06325722  0.
  -0.02533112  0.         -0.0089737   0.05376625]] 
Episode: 433: [[ 0.13908315  0.07539907 -0.3281404  -0.1550392   0.00134594  0.
  -0.04643802  0.          0.00317181  0.05175113]
 [ 0.13934992  0.20090075 -0.35975116 -0.1457555   0.08294784  0.
  -0.05575376  0.         -0.01725222  0.06485143]
 [ 0.273897    0.37588027 -0.3844278  -0.08253079  0.1244769   0.
  -0.02249531  0.         -0.03533321  0.04751691]
 [ 0.4841508   0.48022187 -0.39124852  0.08231125  0.11722135  0.
   0.03411812  0.         -0.04325048  0.02125743]
 [ 0.33907023  0.18533505 -0.25395146  0.06686687  0.06312057  0.
  -0.02530023  0.         -0.0089737   0.05386506]] 
Episode: 434: [[ 0.13925909  0.07556601 -0.32838503 -0.1549953   0.00126572  0.
  -0.04642491  0.          0.00317181  0.05181356]
 [ 0.13952838  0.20107374 -0.3600004  -0.14570856  0.08285856  0.
  -0.05574057  0.         -0.01725222  0.06491168]
 [ 0.27408728  0.37610587 -0.38469952 -0.08246091  0.12433787  0.
  -0.02245464  0.         -0.03533321  0.04755929]
 [ 0.4843786   0.48051995 -0.39154994  0.08240794  0.1170591   0.
   0.03419784  0.         -0.04325048  0.02125921]
 [ 0.33921984  0.18552957 -0.2542624   0.06691883  0.06298946  0.
  -0.02527943  0.         -0.0089737   0.05393966]] 
Episode: 435: [[ 0.13943487  0.07577302 -0.32864553 -0.15490551  0.00119406  0.
  -0.04646924  0.          0.00317181  0.05187914]
 [ 0.13970652  0.20128746 -0.36026582 -0.14561486  0.08277773  0.
  -0.05578429  0.         -0.01725222  0.06497461]
 [ 0.27427837  0.37637308 -0.38498753 -0.0823426   0.12420879  0.
  -0.02247283  0.         -0.03533321  0.0476016 ]
 [ 0.4846063   0.48085904 -0.3918675   0.08255452  0.11690988  0.
   0.03421542  0.         -0.04325048  0.02125851]
 [ 0.33937156  0.18577641 -0.25459626  0.06703003  0.06286745  0.
  -0.02531713  0.         -0.0089737   0.05401859]] 
Episode: 436: [[ 0.1396177   0.07595827 -0.32890314 -0.15480761  0.00112485  0.
  -0.04652575  0.          0.00317181  0.05194795]
 [ 0.13989198  0.20147865 -0.360528   -0.14551312  0.08269963  0.
  -0.05584048  0.         -0.01725222  0.06504176]
 [ 0.27447498  0.37661287 -0.3852697  -0.08221798  0.12408238  0.
  -0.02249387  0.         -0.03533321  0.04765043]
 [ 0.48483777  0.48116574 -0.3921762   0.08270515  0.11676172  0.
   0.034249    0.         -0.04325048  0.02126571]
 [ 0.33952913  0.18599732 -0.2549277   0.06715285  0.06274855  0.
  -0.02536295  0.         -0.0089737   0.05409981]] 
Episode: 437: [[ 0.13987759  0.07613115 -0.329144   -0.15468848  0.00102982  0.
  -0.0466325   0.          0.00317181  0.05199528]
 [ 0.14015207  0.20165682 -0.3607725  -0.1453904   0.08259495  0.
  -0.05594667  0.         -0.01725222  0.06508569]
 [ 0.27475473  0.37683433 -0.38552937 -0.08207653  0.12392537  0.
  -0.02255526  0.         -0.03533321  0.04767929]
 [ 0.48514163  0.48144755 -0.39245608  0.08286653  0.11657829  0.
   0.03424328  0.         -0.04325048  0.02125923]
 [ 0.3397853   0.18620346 -0.25523174  0.06730261  0.06259274  0.
  -0.02544835  0.         -0.0089737   0.05415559]] 
Episode: 438: [[ 0.14014928  0.07633393 -0.329413   -0.15453242  0.00096176  0.
  -0.0467847   0.          0.00317181  0.05201951]
 [ 0.14042501  0.20186535 -0.36104572 -0.14522998  0.08251751  0.
  -0.05609783  0.         -0.01725222  0.06510456]
 [ 0.27505094  0.37708473 -0.38581872 -0.08189677  0.12379759  0.
  -0.02266535  0.         -0.03533321  0.04767773]
 [ 0.48546934  0.481755   -0.39276764  0.08306774  0.11642788  0.
   0.03418389  0.         -0.04325048  0.02121695]
 [ 0.3400609   0.1864499  -0.255578    0.06750202  0.06246845  0.
  -0.02558166  0.         -0.0089737   0.05418478]] 
Episode: 439: [[ 0.1404172   0.0765615  -0.32968163 -0.15435821  0.00090626  0.
  -0.04697775  0.          0.00317181  0.05206034]
 [ 0.14069445  0.20209807 -0.36131838 -0.14505091  0.08245252  0.
  -0.05628943  0.         -0.01725222  0.06513986]
 [ 0.27534127  0.3773572  -0.3861064  -0.08169754  0.1236849   0.
  -0.02281925  0.         -0.03533321  0.04769797]
 [ 0.48579228  0.48208132 -0.39307582  0.08329106  0.11629786  0.
   0.03407623  0.         -0.04325048  0.02120299]
 [ 0.34033027  0.18672991 -0.2559261   0.06772741  0.06236076  0.
  -0.02575805  0.         -0.0089737   0.05423049]] 
Episode: 440: [[ 0.14070255  0.07683552 -0.33000347 -0.15413772  0.00086748  0.
  -0.04720754  0.          0.00317181  0.0520875 ]
 [ 0.14098227  0.20237748 -0.36164525 -0.14482468  0.08240397  0.
  -0.05651739  0.         -0.01725222  0.06516037]
 [ 0.27565172  0.37767634 -0.38645187 -0.08144806  0.12358824  0.
  -0.02301256  0.         -0.03533321  0.04770095]
 [ 0.4861385   0.4824543  -0.39344698  0.08356786  0.11618907  0.
   0.03392513  0.         -0.04325048  0.02116866]
 [ 0.34062156  0.18706992 -0.2563487   0.0680133   0.06226894  0.
  -0.02597317  0.         -0.0089737   0.05425943]] 
Episode: 441: [[ 0.14099708  0.07710072 -0.33030638 -0.15391721  0.00081391  0.
  -0.04747037  0.          0.00317181  0.05209468]
 [ 0.14127973  0.20264845 -0.36195233 -0.14459866  0.08234053  0.
  -0.05677805  0.         -0.01725222  0.06516068]
 [ 0.27596235  0.37798485 -0.38677335 -0.08120097  0.12347483  0.
  -0.0232413   0.         -0.03533321  0.04768246]
 [ 0.48647457  0.48281217 -0.39378968  0.08383947  0.11606002  0.
   0.03373499  0.         -0.04325048  0.02110969]
 [ 0.3409124   0.18740003 -0.25674337  0.06830146  0.06215477  0.
  -0.02622311  0.         -0.0089737   0.05426487]] 
Episode: 442: [[ 0.14126137  0.07736473 -0.33059344 -0.15372717  0.00075494  0.
  -0.04765945  0.          0.00317181  0.05212574]
 [ 0.14154622  0.20291854 -0.36224353 -0.14440365  0.08227198  0.
  -0.05696021  0.         -0.01725222  0.06518658]
 [ 0.27624148  0.37829688 -0.38708    -0.08098463  0.12335712  0.
  -0.02339231  0.         -0.03533321  0.04769727]
 [ 0.48678106  0.4831775  -0.39411777  0.08408082  0.1159245   0.
   0.03361809  0.         -0.04325048  0.0210945 ]
 [ 0.3411663   0.18772651 -0.257116    0.06854884  0.06203759  0.
  -0.0263944   0.         -0.0089737   0.0542966 ]] 
Episode: 443: [[ 0.1414938   0.07763298 -0.33085597 -0.15362059  0.00069855  0.
  -0.04777349  0.          0.00317181  0.05216398]
 [ 0.14177999  0.20319298 -0.36251006 -0.14429381  0.0822066   0.
  -0.05706856  0.         -0.01725222  0.06522158]
 [ 0.27648693  0.37861446 -0.3873624  -0.08085853  0.12324479  0.
  -0.02347339  0.         -0.03533321  0.04773789]
 [ 0.48705328  0.48354834 -0.39442188  0.0842262   0.11579402  0.
   0.03356707  0.         -0.04325048  0.02113139]
 [ 0.3413813   0.18805775 -0.25745666  0.0686864   0.06192839  0.
  -0.02649214  0.         -0.0089737   0.05433107]] 
Episode: 444: [[ 0.141729    0.0779079  -0.3311412  -0.15349643  0.00063773  0.
  -0.04785967  0.          0.00317181  0.0521795 ]
 [ 0.14201678  0.20347364 -0.36279988 -0.14416595  0.08213662  0.
  -0.05714712  0.         -0.01725222  0.06523253]
 [ 0.2767403   0.37893832 -0.38767084 -0.08071028  0.12312558  0.
  -0.02350578  0.         -0.03533321  0.0477558 ]
 [ 0.48733974  0.48392716 -0.39475474  0.0843968   0.11565951  0.
   0.03357533  0.         -0.04325048  0.02115019]
 [ 0.34160477  0.1883981  -0.25782853  0.06884564  0.06181361  0.
  -0.02655773  0.         -0.0089737   0.05433486]] 
Episode: 445: [[ 0.141939    0.07818247 -0.33141735 -0.1534334   0.00055116  0.
  -0.04790251  0.          0.00317181  0.05219381]
 [ 0.14222755  0.20375484 -0.36308053 -0.14410022  0.08204061  0.
  -0.05717838  0.         -0.01725222  0.0652436 ]
 [ 0.2769691   0.37927148 -0.3879712  -0.0806254   0.12297759  0.
  -0.02348012  0.         -0.03533321  0.04778243]
 [ 0.48760644  0.48432642 -0.3950807   0.08450164  0.11549367  0.
   0.03363692  0.         -0.04325048  0.02119086]
 [ 0.34179723  0.18873651 -0.2581869   0.06892353  0.06166946  0.
  -0.02657448  0.         -0.0089737   0.0543363 ]] 
Episode: 446: [[ 1.4213106e-01  7.8442693e-02 -3.3171400e-01 -1.5336058e-01
   4.7796077e-04  0.0000000e+00 -4.7950916e-02  0.0000000e+00
   3.1718132e-03  5.2203637e-02]
 [ 1.4241970e-01  2.0402139e-01 -3.6338234e-01 -1.4402445e-01
   8.1958555e-02  0.0000000e+00 -5.7216324e-02  0.0000000e+00
  -1.7252218e-02  6.5249309e-02]
 [ 2.7717838e-01  3.7958986e-01 -3.8829765e-01 -8.0527186e-02
   1.2284560e-01  0.0000000e+00 -2.3456082e-02  0.0000000e+00
  -3.5333209e-02  4.7794778e-02]
 [ 4.8785502e-01  4.8471212e-01 -3.9543921e-01  8.4623717e-02
   1.1534950e-01  0.0000000e+00  3.3711266e-02  0.0000000e+00
  -4.3250479e-02  2.1202756e-02]
 [ 3.4196773e-01  1.8905570e-01 -2.5857452e-01  6.9013990e-02
   6.1542474e-02  0.0000000e+00 -2.6595419e-02  0.0000000e+00
  -8.9737000e-03  5.4334372e-02]] 
Episode: 447: [[ 1.42394617e-01  7.86614269e-02 -3.31999838e-01 -1.53263718e-01
   4.17359232e-04  0.00000000e+00 -4.80507016e-02  0.00000000e+00
   3.17181321e-03  5.22916280e-02]
 [ 1.42686307e-01  2.04244852e-01 -3.63672316e-01 -1.43924579e-01
   8.18876252e-02  0.00000000e+00 -5.73061518e-02  0.00000000e+00
  -1.72522180e-02  6.53319135e-02]
 [ 2.77464896e-01  3.79859358e-01 -3.88607830e-01 -8.04094896e-02
   1.22725405e-01  0.00000000e+00 -2.34893095e-02  0.00000000e+00
  -3.53332087e-02  4.78798337e-02]
 [ 4.88175005e-01  4.85042155e-01 -3.95776957e-01  8.47589821e-02
   1.15214631e-01  0.00000000e+00  3.37239653e-02  0.00000000e+00
  -4.32504788e-02  2.12834496e-02]
 [ 3.42235118e-01  1.89320311e-01 -2.58947462e-01  6.91351071e-02
   6.14291392e-02  0.00000000e+00 -2.66707782e-02  0.00000000e+00
  -8.97369999e-03  5.44150136e-02]] 
Episode: 448: [[ 1.4265291e-01  7.8896835e-02 -3.3227211e-01 -1.5314868e-01
   3.5607288e-04  0.0000000e+00 -4.8196696e-02  0.0000000e+00
   3.1718132e-03  5.2360844e-02]
 [ 1.4294738e-01  2.0448402e-01 -3.6394832e-01 -1.4380629e-01
   8.1815682e-02  0.0000000e+00 -5.7442643e-02  0.0000000e+00
  -1.7252218e-02  6.5394290e-02]
 [ 2.7774134e-01  3.8013965e-01 -3.8890243e-01 -8.0272764e-02
   1.2260516e-01  0.0000000e+00 -2.3574047e-02  0.0000000e+00
  -3.5333209e-02  4.7941081e-02]
 [ 4.8848218e-01  4.8537657e-01 -3.9609748e-01  8.4915124e-02
   1.1508027e-01  0.0000000e+00  3.3681203e-02  0.0000000e+00
  -4.3250479e-02  2.1332905e-02]
 [ 3.4248981e-01  1.8960761e-01 -2.5930321e-01  6.9282107e-02
   6.1315726e-02  0.0000000e+00 -2.6795071e-02  0.0000000e+00
  -8.9737000e-03  5.4473810e-02]] 
Episode: 449: [[ 1.42907664e-01  7.91620314e-02 -3.32556158e-01 -1.53011590e-01
   3.07119015e-04  0.00000000e+00 -4.83516119e-02  0.00000000e+00
   3.17181321e-03  5.24335876e-02]
 [ 1.43205062e-01  2.04753444e-01 -3.64236295e-01 -1.43665552e-01
   8.17562267e-02  0.00000000e+00 -5.75897805e-02  0.00000000e+00
  -1.72522180e-02  6.54606000e-02]
 [ 2.78015435e-01  3.80448014e-01 -3.89209747e-01 -8.01123083e-02
   1.22499645e-01  0.00000000e+00 -2.36634165e-02  0.00000000e+00
  -3.53332087e-02  4.80089337e-02]
 [ 4.88788545e-01  4.85735089e-01 -3.96432161e-01  8.50976259e-02
   1.14963397e-01  0.00000000e+00  3.36491168e-02  0.00000000e+00
  -4.32504788e-02  2.13920474e-02]
 [ 3.42741430e-01  1.89935803e-01 -2.59678811e-01  6.94570392e-02
   6.12193681e-02  0.00000000e+00 -2.69293115e-02  0.00000000e+00
  -8.97369999e-03  5.45360669e-02]] 
Episode: 450: [[ 1.4314401e-01  7.9421952e-02 -3.3282250e-01 -1.5288162e-01
   2.6449218e-04  0.0000000e+00 -4.8442941e-02  0.0000000e+00
   3.1718132e-03  5.2504659e-02]
 [ 1.4344405e-01  2.0501743e-01 -3.6450642e-01 -1.4353196e-01
   8.1703819e-02  0.0000000e+00 -5.7669520e-02  0.0000000e+00
  -1.7252218e-02  6.5525770e-02]
 [ 2.7827254e-01  3.8074929e-01 -3.8949978e-01 -7.9957463e-02
   1.2240301e-01  0.0000000e+00 -2.3688929e-02  0.0000000e+00
  -3.5333209e-02  4.8077356e-02]
 [ 4.8908448e-01  4.8608366e-01 -3.9675102e-01  8.5277103e-02
   1.1485300e-01  0.0000000e+00  3.3674493e-02  0.0000000e+00
  -4.3250479e-02  2.1452630e-02]
 [ 3.4297585e-01  1.9025812e-01 -2.6003146e-01  6.9623083e-02
   6.1133299e-02  0.0000000e+00 -2.6993545e-02  0.0000000e+00
  -8.9737000e-03  5.4596361e-02]] 
Episode: 451: [[ 1.4338152e-01  7.9701819e-02 -3.3311194e-01 -1.5272871e-01
   2.1621972e-04  0.0000000e+00 -4.8581373e-02  0.0000000e+00
   3.1718132e-03  5.2564543e-02]
 [ 1.4368382e-01  2.0530170e-01 -3.6479983e-01 -1.4337505e-01
   8.1645355e-02  0.0000000e+00 -5.7796966e-02  0.0000000e+00
  -1.7252218e-02  6.5578930e-02]
 [ 2.7852979e-01  3.8107076e-01 -3.8981232e-01 -7.9777971e-02
   1.2229831e-01  0.0000000e+00 -2.3766765e-02  0.0000000e+00
  -3.5333209e-02  4.8128255e-02]
 [ 4.8938316e-01  4.8645252e-01 -3.9709082e-01  8.5483707e-02
   1.1473497e-01  0.0000000e+00  3.3643093e-02  0.0000000e+00
  -4.3250479e-02  2.1487001e-02]
 [ 3.4320968e-01  1.9060670e-01 -2.6041588e-01  6.9820672e-02
   6.1035872e-02  0.0000000e+00 -2.7107848e-02  0.0000000e+00
  -8.9737000e-03  5.4644689e-02]] 
Episode: 452: [[ 1.4364637e-01  7.9938322e-02 -3.3338484e-01 -1.5258217e-01
   1.4366016e-04  0.0000000e+00 -4.8649672e-02  0.0000000e+00
   3.1718132e-03  5.2697755e-02]
 [ 1.4395265e-01  2.0554210e-01 -3.6507604e-01 -1.4322488e-01
   8.1562415e-02  0.0000000e+00 -5.7855945e-02  0.0000000e+00
  -1.7252218e-02  6.5704420e-02]
 [ 2.7881193e-01  3.8134491e-01 -3.9010397e-01 -7.9607889e-02
   1.2216855e-01  0.0000000e+00 -2.3781933e-02  0.0000000e+00
  -3.5333209e-02  4.8248213e-02]
 [ 4.8969591e-01  4.8677042e-01 -3.9740512e-01  8.5677035e-02
   1.1458955e-01  0.0000000e+00  3.3669062e-02  0.0000000e+00
  -4.3250479e-02  2.1588141e-02]
 [ 3.4347641e-01  1.9089946e-01 -2.6077646e-01  7.0010439e-02
   6.0906138e-02  0.0000000e+00 -2.7154187e-02  0.0000000e+00
  -8.9737000e-03  5.4770697e-02]] 
Episode: 453: [[ 1.43882111e-01  8.01594555e-02 -3.33671421e-01 -1.52498379e-01
   6.61197628e-05  0.00000000e+00 -4.86548953e-02  0.00000000e+00
   3.17181321e-03  5.28045744e-02]
 [ 1.44190773e-01  2.05767691e-01 -3.65366518e-01 -1.43138304e-01
   8.14750642e-02  0.00000000e+00 -5.78533411e-02  0.00000000e+00
  -1.72522180e-02  6.58036694e-02]
 [ 2.79063374e-01  3.81612688e-01 -3.90415400e-01 -7.95029029e-02
   1.22033596e-01  0.00000000e+00 -2.37407293e-02  0.00000000e+00
  -3.53332087e-02  4.83375043e-02]
 [ 4.89981711e-01  4.87095416e-01 -3.97744745e-01  8.58034417e-02
   1.14442766e-01  0.00000000e+00  3.37466337e-02  0.00000000e+00
  -4.32504788e-02  2.16536615e-02]
 [ 3.43706369e-01  1.91172346e-01 -2.61152983e-01  7.01194182e-02
   6.07707724e-02  0.00000000e+00 -2.71394029e-02  0.00000000e+00
  -8.97369999e-03  5.48700131e-02]] 
Episode: 454: [[ 1.44100115e-01  8.03572908e-02 -3.33943099e-01 -1.52431279e-01
  -2.04139214e-05  0.00000000e+00 -4.86491770e-02  0.00000000e+00
   3.17181321e-03  5.28756455e-02]
 [ 1.44410893e-01  2.05970213e-01 -3.65641892e-01 -1.43068507e-01
   8.13790932e-02  0.00000000e+00 -5.78389727e-02  0.00000000e+00
  -1.72522180e-02  6.58670142e-02]
 [ 2.79299170e-01  3.81859571e-01 -3.90712112e-01 -7.94125497e-02
   1.21893235e-01  0.00000000e+00 -2.36835089e-02  0.00000000e+00
  -3.53332087e-02  4.83861193e-02]
 [ 4.90254551e-01  4.87403750e-01 -3.98070425e-01  8.59174654e-02
   1.14294618e-01  0.00000000e+00  3.38474475e-02  0.00000000e+00
  -4.32504788e-02  2.16728393e-02]
 [ 3.43917191e-01  1.91415802e-01 -2.61510730e-01  7.02057555e-02
   6.06283769e-02  0.00000000e+00 -2.71103960e-02  0.00000000e+00
  -8.97369999e-03  5.49315438e-02]] 
Episode: 455: [[ 1.44384459e-01  8.05090591e-02 -3.34204942e-01 -1.52347237e-01
  -8.52425801e-05  0.00000000e+00 -4.87003103e-02  0.00000000e+00
   3.17181321e-03  5.30189164e-02]
 [ 1.44700944e-01  2.06125110e-01 -3.65906626e-01 -1.42981678e-01
   8.13040435e-02  0.00000000e+00 -5.78817651e-02  0.00000000e+00
  -1.72522180e-02  6.60016760e-02]
 [ 2.79605895e-01  3.82054716e-01 -3.90993714e-01 -7.93088973e-02
   1.21774018e-01  0.00000000e+00 -2.36869212e-02  0.00000000e+00
  -3.53332087e-02  4.85040508e-02]
 [ 4.90593195e-01  4.87655818e-01 -3.98375809e-01  8.60390440e-02
   1.14165194e-01  0.00000000e+00  3.38839181e-02  0.00000000e+00
  -4.32504788e-02  2.17603371e-02]
 [ 3.44217241e-01  1.91597790e-01 -2.61853993e-01  7.03134835e-02
   6.05095699e-02  0.00000000e+00 -2.71408204e-02  0.00000000e+00
  -8.97369999e-03  5.50693907e-02]] 
Episode: 456: [[ 1.4467154e-01  8.0712564e-02 -3.3449990e-01 -1.5221579e-01
  -1.2919820e-04  0.0000000e+00 -4.8802570e-02  0.0000000e+00
   3.1718132e-03  5.3144146e-02]
 [ 1.4499339e-01  2.0633176e-01 -3.6620513e-01 -1.4284670e-01
   8.1249356e-02  0.0000000e+00 -5.7975970e-02  0.0000000e+00
  -1.7252218e-02  6.6117339e-02]
 [ 2.7991459e-01  3.8230097e-01 -3.9130953e-01 -7.9155572e-02
   1.2167405e-01  0.0000000e+00 -2.3744874e-02  0.0000000e+00
  -3.5333209e-02  4.8601519e-02]
 [ 4.9093261e-01  4.8795655e-01 -3.9871556e-01  8.6211599e-02
   1.1405581e-01  0.0000000e+00  3.3862505e-02  0.0000000e+00
  -4.3250479e-02  2.1826692e-02]
 [ 3.4451732e-01  1.9184831e-01 -2.6224351e-01  7.0483983e-02
   6.0412198e-02  0.0000000e+00 -2.7224692e-02  0.0000000e+00
  -8.9737000e-03  5.5186614e-02]] 
Episode: 457: [[ 1.44930512e-01  8.08865651e-02 -3.34794044e-01 -1.52130574e-01
  -1.48812367e-04  0.00000000e+00 -4.88383323e-02  0.00000000e+00
   3.17181321e-03  5.32761849e-02]
 [ 1.45256385e-01  2.06509039e-01 -3.66502821e-01 -1.42758727e-01
   8.12201574e-02  0.00000000e+00 -5.80050424e-02  0.00000000e+00
  -1.72522180e-02  6.62425980e-02]
 [ 2.80192763e-01  3.82518411e-01 -3.91623586e-01 -7.90497065e-02
   1.21603169e-01  0.00000000e+00 -2.37421505e-02  0.00000000e+00
  -3.53332087e-02  4.87257093e-02]
 [ 4.91243213e-01  4.88230556e-01 -3.99050325e-01  8.63372386e-02
   1.13980606e-01  0.00000000e+00  3.38974521e-02  0.00000000e+00
  -4.32504788e-02  2.19404623e-02]
 [ 3.44781041e-01  1.92062914e-01 -2.62628406e-01  7.05938488e-02
   6.03480153e-02  0.00000000e+00 -2.72436682e-02  0.00000000e+00
  -8.97369999e-03  5.53095303e-02]] 
Episode: 458: [[ 1.45178810e-01  8.10934529e-02 -3.35067064e-01 -1.52033433e-01
  -1.70958738e-04  0.00000000e+00 -4.88475785e-02  0.00000000e+00
   3.17181321e-03  5.34361824e-02]
 [ 1.45508558e-01  2.06719577e-01 -3.66779119e-01 -1.42658532e-01
   8.11886713e-02  0.00000000e+00 -5.80056906e-02  0.00000000e+00
  -1.72522180e-02  6.63972944e-02]
 [ 2.80463666e-01  3.82771343e-01 -3.91915590e-01 -7.89284930e-02
   1.21531457e-01  0.00000000e+00 -2.36962494e-02  0.00000000e+00
  -3.53332087e-02  4.88823615e-02]
 [ 4.91553932e-01  4.88539249e-01 -3.99363071e-01  8.64828750e-02
   1.13903485e-01  0.00000000e+00  3.39830965e-02  0.00000000e+00
  -4.32504788e-02  2.20896248e-02]
 [ 3.45029801e-01  1.92320108e-01 -2.62986481e-01  7.07178116e-02
   6.02837875e-02  0.00000000e+00 -2.72294693e-02  0.00000000e+00
  -8.97369999e-03  5.54679409e-02]] 
Episode: 459: [[ 1.45466954e-01  8.13008323e-02 -3.35340053e-01 -1.51912004e-01
  -1.40735196e-04  0.00000000e+00 -4.89121750e-02  0.00000000e+00
   3.17181321e-03  5.35082743e-02]
 [ 1.45801917e-01  2.06930205e-01 -3.67054880e-01 -1.42534152e-01
   8.12095180e-02  0.00000000e+00 -5.80619946e-02  0.00000000e+00
  -1.72522180e-02  6.64584115e-02]
 [ 2.80767471e-01  3.83022517e-01 -3.92201960e-01 -7.87862763e-02
   1.21513315e-01  0.00000000e+00 -2.37098206e-02  0.00000000e+00
  -3.53332087e-02  4.89488207e-02]
 [ 4.91885811e-01  4.88843650e-01 -3.99664283e-01  8.66452381e-02
   1.13879658e-01  0.00000000e+00  3.40059698e-02  0.00000000e+00
  -4.32504788e-02  2.21534409e-02]
 [ 3.45315516e-01  1.92579672e-01 -2.63339877e-01  7.08742216e-02
   6.02769367e-02  0.00000000e+00 -2.72731986e-02  0.00000000e+00
  -8.97369999e-03  5.55275492e-02]] 
Episode: 460: [[ 1.4572905e-01  8.1470370e-02 -3.3567238e-01 -1.5182108e-01
  -1.2497223e-04  0.0000000e+00 -4.8995730e-02  0.0000000e+00
   3.1718132e-03  5.3575434e-02]
 [ 1.4606705e-01  2.0710249e-01 -3.6739135e-01 -1.4244065e-01
   8.1215307e-02  0.0000000e+00 -5.8138341e-02  0.0000000e+00
  -1.7252218e-02  6.6517107e-02]
 [ 2.8104401e-01  3.8323602e-01 -3.9255714e-01 -7.8670606e-02
   1.2147120e-01  0.0000000e+00 -2.3723148e-02  0.0000000e+00
  -3.5333209e-02  4.9011897e-02]
 [ 4.9219257e-01  4.8911601e-01 -4.0004030e-01  8.6784989e-02
   1.1383053e-01  0.0000000e+00  3.4065209e-02  0.0000000e+00
  -4.3250479e-02  2.2212902e-02]
 [ 3.4556213e-01  1.9279025e-01 -2.6376697e-01  7.0988625e-02
   6.0246807e-02  0.0000000e+00 -2.7334481e-02  0.0000000e+00
  -8.9737000e-03  5.5582032e-02]] 
Episode: 461: [[ 1.45998806e-01  8.16334933e-02 -3.35979640e-01 -1.51714295e-01
  -1.25065897e-04  0.00000000e+00 -4.90855947e-02  0.00000000e+00
   3.17181321e-03  5.36271892e-02]
 [ 1.46340385e-01  2.07267165e-01 -3.67701977e-01 -1.42331079e-01
   8.12048092e-02  0.00000000e+00 -5.82219921e-02  0.00000000e+00
  -1.72522180e-02  6.65601417e-02]
 [ 2.81323671e-01  3.83439928e-01 -3.92883331e-01 -7.85408765e-02
   1.21411547e-01  0.00000000e+00 -2.37360969e-02  0.00000000e+00
  -3.53332087e-02  4.90560420e-02]
 [ 4.92495209e-01  4.89378273e-01 -4.00383472e-01  8.69363546e-02
   1.13761075e-01  0.00000000e+00  3.41405272e-02  0.00000000e+00
  -4.32504788e-02  2.22470388e-02]
 [ 3.45812052e-01  1.92993104e-01 -2.64160275e-01  7.11260438e-02
   6.01992607e-02  0.00000000e+00 -2.73916218e-02  0.00000000e+00
  -8.97369999e-03  5.56230359e-02]] 
Episode: 462: [[ 1.4623979e-01  8.1778318e-02 -3.3626094e-01 -1.5161529e-01
  -1.2776430e-04  0.0000000e+00 -4.9196087e-02  0.0000000e+00
   3.1718132e-03  5.3670201e-02]
 [ 1.4658457e-01  2.0741354e-01 -3.6798644e-01 -1.4222935e-01
   8.1192739e-02  0.0000000e+00 -5.8329582e-02  0.0000000e+00
  -1.7252218e-02  6.6594571e-02]
 [ 2.8157496e-01  3.8362539e-01 -3.9318526e-01 -7.8418605e-02
   1.2135783e-01  0.0000000e+00 -2.3791540e-02  0.0000000e+00
  -3.5333209e-02  4.9081560e-02]
 [ 4.9276865e-01  4.8962292e-01 -4.0070620e-01  8.7082699e-02
   1.1370511e-01  0.0000000e+00  3.4154031e-02  0.0000000e+00
  -4.3250479e-02  2.2249594e-02]
 [ 3.4603241e-01  1.9317199e-01 -2.6452324e-01  7.1253039e-02
   6.0156435e-02  0.0000000e+00 -2.7475689e-02  0.0000000e+00
  -8.9737000e-03  5.5660397e-02]] 
Episode: 463: [[ 1.46553054e-01  8.19298998e-02 -3.36529166e-01 -1.51490077e-01
  -1.27223611e-04  0.00000000e+00 -4.93519232e-02  0.00000000e+00
   3.17181321e-03  5.36291115e-02]
 [ 1.46898434e-01  2.07566127e-01 -3.68256956e-01 -1.42101124e-01
   8.11825544e-02  0.00000000e+00 -5.84822558e-02  0.00000000e+00
  -1.72522180e-02  6.65474981e-02]
 [ 2.81904757e-01  3.83814722e-01 -3.93469065e-01 -7.82726705e-02
   1.21305004e-01  0.00000000e+00 -2.38964465e-02  0.00000000e+00
  -3.53332087e-02  4.90300283e-02]
 [ 4.93127584e-01  4.89869684e-01 -4.01006609e-01  8.72472897e-02
   1.13650270e-01  0.00000000e+00  3.41119319e-02  0.00000000e+00
  -4.32504788e-02  2.21814904e-02]
 [ 3.46360862e-01  1.93362415e-01 -2.64867693e-01  7.14157224e-02
   6.01151884e-02  0.00000000e+00 -2.76079848e-02  0.00000000e+00
  -8.97369999e-03  5.56111783e-02]] 
Episode: 464: [[ 1.46875933e-01  8.20693299e-02 -3.36775959e-01 -1.51336387e-01
  -1.03866587e-04  0.00000000e+00 -4.95485365e-02  0.00000000e+00
   3.17181321e-03  5.35966568e-02]
 [ 1.47222936e-01  2.07706302e-01 -3.68505478e-01 -1.41943917e-01
   8.11961219e-02  0.00000000e+00 -5.86754680e-02  0.00000000e+00
  -1.72522180e-02  6.65093437e-02]
 [ 2.82242090e-01  3.83988708e-01 -3.93728793e-01 -7.80980736e-02
   1.21280044e-01  0.00000000e+00 -2.40458399e-02  0.00000000e+00
  -3.53332087e-02  4.89838310e-02]
 [ 4.93495226e-01  4.90096390e-01 -4.01281029e-01  8.74404535e-02
   1.13622807e-01  0.00000000e+00  3.40198129e-02  0.00000000e+00
  -4.32504788e-02  2.21101474e-02]
 [ 3.46694350e-01  1.93538159e-01 -2.65184253e-01  7.16177002e-02
   6.01053424e-02  0.00000000e+00 -2.77836490e-02  0.00000000e+00
  -8.97369999e-03  5.55721819e-02]] 
Episode: 465: [[ 1.4726232e-01  8.2240567e-02 -3.3701593e-01 -1.5114921e-01
   7.8714908e-07  0.0000000e+00 -4.9781814e-02  0.0000000e+00
   3.1718132e-03  5.3487848e-02]
 [ 1.4760855e-01  2.0787860e-01 -3.6874628e-01 -1.4175287e-01
   8.1291653e-02  0.0000000e+00 -5.8905136e-02  0.0000000e+00
  -1.7252218e-02  6.6397116e-02]
 [ 2.8264245e-01  3.8419151e-01 -3.9397669e-01 -7.7892743e-02
   1.2133967e-01  0.0000000e+00 -2.4235247e-02  0.0000000e+00
  -3.5333209e-02  4.8867881e-02]
 [ 4.9391991e-01  4.9034673e-01 -4.0154037e-01  8.7659881e-02
   1.1368117e-01  0.0000000e+00  3.3882700e-02  0.0000000e+00
  -4.3250479e-02  2.1975627e-02]
 [ 3.4709916e-01  1.9375601e-01 -2.6548976e-01  7.1864240e-02
   6.0192104e-02  0.0000000e+00 -2.7998308e-02  0.0000000e+00
  -8.9737000e-03  5.5454485e-02]] 
Episode: 466: [[ 1.47645190e-01  8.24114680e-02 -3.37264538e-01 -1.50944993e-01
   1.14096634e-04  0.00000000e+00 -5.00480607e-02  0.00000000e+00
   3.17181321e-03  5.33643700e-02]
 [ 1.47991747e-01  2.08050817e-01 -3.68995905e-01 -1.41544506e-01
   8.13959911e-02  0.00000000e+00 -5.91675825e-02  0.00000000e+00
  -1.72522180e-02  6.62687346e-02]
 [ 2.83037394e-01  3.84392172e-01 -3.94231588e-01 -7.76716024e-02
   1.21409357e-01  0.00000000e+00 -2.44606398e-02  0.00000000e+00
  -3.53332087e-02  4.87332046e-02]
 [ 4.94331062e-01  4.90591764e-01 -4.01803821e-01  8.78930241e-02
   1.13749251e-01  0.00000000e+00  3.37051153e-02  0.00000000e+00
  -4.32504788e-02  2.18216814e-02]
 [ 3.47499371e-01  1.93975598e-01 -2.65807897e-01  7.21342191e-02
   6.02887310e-02  0.00000000e+00 -2.82480270e-02  0.00000000e+00
  -8.97369999e-03  5.53185865e-02]] 
Episode: 467: [[ 1.47956878e-01  8.25846791e-02 -3.37514907e-01 -1.50900230e-01
   2.14967047e-04  0.00000000e+00 -5.02312444e-02  0.00000000e+00
   3.17181321e-03  5.32948114e-02]
 [ 1.48301080e-01  2.08225742e-01 -3.69247824e-01 -1.41498148e-01
   8.14881027e-02  0.00000000e+00 -5.93479089e-02  0.00000000e+00
  -1.72522180e-02  6.61977306e-02]
 [ 2.83354521e-01  3.84609997e-01 -3.94493312e-01 -7.76221380e-02
   1.21462107e-01  0.00000000e+00 -2.46084780e-02  0.00000000e+00
  -3.53332087e-02  4.86849137e-02]
 [ 4.94665176e-01  4.90872294e-01 -4.02078867e-01  8.79454389e-02
   1.13794625e-01  0.00000000e+00  3.35995257e-02  0.00000000e+00
  -4.32504788e-02  2.17536706e-02]
 [ 3.47805470e-01  1.94194540e-01 -2.66127139e-01  7.21933767e-02
   6.03714772e-02  0.00000000e+00 -2.84161121e-02  0.00000000e+00
  -8.97369999e-03  5.52399978e-02]] 
Episode: 468: [[ 1.48270622e-01  8.27729478e-02 -3.37786257e-01 -1.50815532e-01
   3.72904498e-04  0.00000000e+00 -5.04523776e-02  0.00000000e+00
   3.17181321e-03  5.31836785e-02]
 [ 1.48613185e-01  2.08416775e-01 -3.69520992e-01 -1.41411260e-01
   8.16385522e-02  0.00000000e+00 -5.95659278e-02  0.00000000e+00
  -1.72522180e-02  6.60813078e-02]
 [ 2.83673584e-01  3.84842485e-01 -3.94774646e-01 -7.75294751e-02
   1.21578395e-01  0.00000000e+00 -2.47964375e-02  0.00000000e+00
  -3.53332087e-02  4.85853590e-02]
 [ 4.94997799e-01  4.91162330e-01 -4.02370721e-01  8.80444795e-02
   1.13906533e-01  0.00000000e+00  3.34503315e-02  0.00000000e+00
  -4.32504788e-02  2.16342323e-02]
 [ 3.48110884e-01  1.94433123e-01 -2.66473681e-01  7.23047927e-02
   6.05188236e-02  0.00000000e+00 -2.86238883e-02  0.00000000e+00
  -8.97369999e-03  5.51097207e-02]] 
Episode: 469: [[ 0.14864868  0.08295265 -0.338039   -0.15071608  0.00052731  0.
  -0.05070764  0.          0.00317181  0.0530889 ]
 [ 0.14898755  0.20859815 -0.36977503 -0.1413095   0.08178465  0.
  -0.05981784  0.         -0.01725222  0.06598134]
 [ 0.28406352  0.38506007 -0.39503658 -0.07742394  0.121693    0.
  -0.02502048  0.         -0.03533321  0.04850068]
 [ 0.4954099   0.4914308  -0.40264356  0.08815286  0.11401831  0.
   0.03326191  0.         -0.04325048  0.02153168]
 [ 0.34851187  0.19466196 -0.2668009   0.07243451  0.06066807  0.
  -0.02886735  0.         -0.0089737   0.05499627]] 
Episode: 470: [[ 0.1489863   0.08306968 -0.33831316 -0.15070555  0.00061976  0.
  -0.050881    0.          0.00317181  0.05298031]
 [ 0.14932086  0.208716   -0.37005112 -0.14129795  0.081868    0.
  -0.05998875  0.         -0.01725222  0.0658685 ]
 [ 0.28440994  0.3852205  -0.39532655 -0.07741661  0.12174187  0.
  -0.02516715  0.         -0.03533321  0.04839654]
 [ 0.49577838  0.491657   -0.40294978  0.08815274  0.11407071  0.
   0.03314654  0.         -0.04325048  0.02140472]
 [ 0.34886497  0.19481058 -0.26715386  0.07245161  0.06074172  0.
  -0.02902988  0.         -0.0089737   0.05487025]] 
Episode: 471: [[ 0.14931428  0.0832118  -0.33860156 -0.15065989  0.00070561  0.
  -0.05109324  0.          0.00317181  0.05287902]
 [ 0.14964458  0.20885964 -0.37034148 -0.1412507   0.08194426  0.
  -0.06019824  0.         -0.01725222  0.06576274]
 [ 0.28473955  0.38540456 -0.39562845 -0.07737116  0.12178081  0.
  -0.02535402  0.         -0.03533321  0.04829871]
 [ 0.49612233  0.49190244 -0.40326464  0.08819366  0.11411121  0.
   0.03298857  0.         -0.04325048  0.02128345]
 [ 0.34919477  0.19499467 -0.26752466  0.07251576  0.06080305  0.
  -0.02923259  0.         -0.0089737   0.05474932]] 
Episode: 472: [[ 0.14962555  0.08336715 -0.33890486 -0.15060866  0.00077491  0.
  -0.05122794  0.          0.00317181  0.05276284]
 [ 0.14995217  0.20901684 -0.37064722 -0.14119776  0.08200426  0.
  -0.06033102  0.         -0.01725222  0.06564079]
 [ 0.28505492  0.3856036  -0.39595112 -0.07731698  0.12180217  0.
  -0.02546727  0.         -0.03533321  0.048184  ]
 [ 0.49645618  0.49216428 -0.40360767  0.08824649  0.11413525  0.
   0.03290058  0.         -0.04325048  0.02114818]
 [ 0.3495113   0.19519587 -0.26791716  0.07258748  0.06084661  0.
  -0.02935848  0.         -0.0089737   0.05460995]] 
Episode: 473: [[ 0.14989471  0.08349135 -0.33920136 -0.15067801  0.00082723  0.
  -0.0512929   0.          0.00317181  0.0526452 ]
 [ 0.15021665  0.2091429  -0.37094635 -0.14126699  0.08204757  0.
  -0.06039479  0.         -0.01725222  0.06551904]
 [ 0.2853242   0.3857769  -0.39627123 -0.07739966  0.12180597  0.
  -0.0255143   0.         -0.03533321  0.04806826]
 [ 0.49674398  0.49240932 -0.4039512   0.08814507  0.11414201  0.
   0.03287552  0.         -0.04325048  0.02101206]
 [ 0.34977543  0.19535503 -0.26829764  0.07250553  0.0608712   0.
  -0.0294153   0.         -0.0089737   0.05447257]] 
Episode: 474: [[ 0.15014504  0.0836255  -0.33951575 -0.1507661   0.00084065  0.
  -0.05129513  0.          0.00317181  0.05253211]
 [ 0.15046191  0.20927988 -0.37126356 -0.14135525  0.08205152  0.
  -0.06039649  0.         -0.01725222  0.06540222]
 [ 0.28557584  0.38596892 -0.39661393 -0.07749698  0.12176358  0.
  -0.02550176  0.         -0.03533321  0.04796382]
 [ 0.497014    0.49268305 -0.40432245  0.08803233  0.11409951  0.
   0.03290709  0.         -0.04325048  0.02090017]
 [ 0.350017    0.19552687 -0.26870057  0.07239804  0.06084856  0.
  -0.02940998  0.         -0.0089737   0.05433792]] 
Episode: 475: [[ 0.15037876  0.08374835 -0.33982578 -0.15086512  0.00084077  0.
  -0.05124094  0.          0.00317181  0.05240143]
 [ 0.15069099  0.20940517 -0.3715765  -0.1414545   0.08204246  0.
  -0.06034237  0.         -0.01725222  0.06526648]
 [ 0.28581277  0.38614786 -0.39695477 -0.07760436  0.12170947  0.
  -0.02543564  0.         -0.03533321  0.04784193]
 [ 0.49727228  0.49294248 -0.40469527  0.0879108   0.11404721  0.
   0.03298959  0.         -0.04325048  0.02077657]
 [ 0.35024643  0.19568342 -0.26909876  0.07227622  0.06081079  0.
  -0.02934878  0.         -0.0089737   0.05418128]] 
Episode: 476: [[ 0.15060379  0.08389334 -0.34018263 -0.15095033  0.00082349  0.
  -0.05114945  0.          0.00317181  0.05227936]
 [ 0.15091039  0.20955253 -0.3719366  -0.14153975  0.0820153   0.
  -0.06024689  0.         -0.01725222  0.06513973]
 [ 0.286038    0.3863501  -0.3973447  -0.07769192  0.12162846  0.
  -0.02532133  0.         -0.03533321  0.04772481]
 [ 0.49752122  0.49322686 -0.4051182   0.08781597  0.11396278  0.
   0.03311792  0.         -0.04325048  0.02065213]
 [ 0.35045967  0.19586787 -0.26955613  0.07217362  0.06074263  0.
  -0.02923733  0.         -0.0089737   0.05403014]] 
Episode: 477: [[ 0.15082023  0.08403916 -0.34054625 -0.15100667  0.00079887  0.
  -0.05101094  0.          0.00317181  0.05216045]
 [ 0.15112166  0.20970087 -0.37230366 -0.14159575  0.08198129  0.
  -0.06010535  0.         -0.01725222  0.06501574]
 [ 0.28625774  0.38655388 -0.39774537 -0.07774473  0.12154146  0.
  -0.02516366  0.         -0.03533321  0.0476132 ]
 [ 0.4977698   0.4935137  -0.40555704  0.08776282  0.11387414  0.
   0.03328746  0.         -0.04325048  0.02053956]
 [ 0.3506696   0.19605309 -0.27002326  0.0721076   0.0606661   0.
  -0.02908069  0.         -0.0089737   0.05388171]] 
Episode: 478: [[ 0.15100463  0.08419127 -0.34090546 -0.15109335  0.00076229  0.
  -0.05085674  0.          0.00317181  0.05206292]
 [ 0.15129986  0.20985512 -0.37266627 -0.14168227  0.08193525  0.
  -0.0599456   0.         -0.01725222  0.06491457]
 [ 0.28644368  0.3867625  -0.39814258 -0.07782727  0.12144151  0.
  -0.02496765  0.         -0.03533321  0.04752362]
 [ 0.49798593  0.49380377 -0.40599334  0.08768188  0.11377188  0.
   0.03349408  0.         -0.04325048  0.02044805]
 [ 0.35083872  0.19624652 -0.27048382  0.07200132  0.06057791  0.
  -0.02890152  0.         -0.0089737   0.05376037]] 
Episode: 479: [[ 0.15125935  0.08434868 -0.34123805 -0.15114523  0.00071043  0.
  -0.05076488  0.          0.00317181  0.05197879]
 [ 0.15155251  0.21001461 -0.37300122 -0.14173384  0.08187293  0.
  -0.05985105  0.         -0.01725222  0.06482735]
 [ 0.2867005   0.3869733  -0.398507   -0.0778769   0.12132646  0.
  -0.02482422  0.         -0.03533321  0.04744802]
 [ 0.49826047  0.49409002 -0.40639168  0.08763118  0.11365211  0.
   0.03367152  0.         -0.04325048  0.02037234]
 [ 0.35108775  0.19644673 -0.27090907  0.07193866  0.06047093  0.
  -0.02877683  0.         -0.0089737   0.05365635]] 
Episode: 480: [[ 0.15148838  0.08448198 -0.34153867 -0.15119499  0.00066596  0.
  -0.05067541  0.          0.00317181  0.05191494]
 [ 0.15177943  0.21015033 -0.3733039  -0.14178331  0.08181927  0.
  -0.05975825  0.         -0.01725222  0.06476078]
 [ 0.28693318  0.3871615  -0.39883655 -0.07792506  0.12122612  0.
  -0.02468348  0.         -0.03533321  0.04738938]
 [ 0.4985156   0.494354   -0.4067522   0.08758013  0.11354881  0.
   0.03384893  0.         -0.04325048  0.02030658]
 [ 0.35131338  0.19661555 -0.271293    0.07187913  0.06037823  0.
  -0.02865441  0.         -0.0089737   0.05357823]] 
Episode: 481: [[ 0.15173511  0.08462688 -0.3418593  -0.15118107  0.00064184  0.
  -0.05065121  0.          0.00317181  0.05183207]
 [ 0.15202534  0.21029681 -0.37362695 -0.1417685   0.08178595  0.
  -0.0597305   0.         -0.01725222  0.06467228]
 [ 0.2871891   0.3873596  -0.39918584 -0.07790693  0.12114797  0.
  -0.02461173  0.         -0.03533321  0.04729924]
 [ 0.49879947  0.4946268  -0.40713236  0.08759719  0.11346897  0.
   0.03395438  0.         -0.04325048  0.02019783]
 [ 0.35156417  0.19679801 -0.27170727  0.07190075  0.06030905  0.
  -0.02860075  0.         -0.0089737   0.053478  ]] 
Episode: 482: [[ 0.15194759  0.08477022 -0.34217036 -0.15121344  0.00061561  0.
  -0.05057316  0.          0.00317181  0.05176624]
 [ 0.15223573  0.21044177 -0.37394038 -0.14180028  0.081751    0.
  -0.0596498   0.         -0.01725222  0.06460141]
 [ 0.2874094   0.38755405 -0.39952642 -0.07793526  0.12107096  0.
  -0.0244923   0.         -0.03533321  0.04722831]
 [ 0.4990526   0.4948933  -0.40750605  0.0875699   0.11339309  0.
   0.03410344  0.         -0.04325048  0.0201096 ]
 [ 0.3517729   0.19697955 -0.27211016  0.07186358  0.06024076  0.
  -0.02849602  0.         -0.0089737   0.0533964 ]] 
Episode: 483: [[ 0.1521441   0.08490022 -0.3424814  -0.1512538   0.00057713  0.
  -0.05046665  0.          0.00317181  0.05170529]
 [ 0.1524296   0.21057357 -0.37425375 -0.14184034  0.08170389  0.
  -0.05953768  0.         -0.01725222  0.06453524]
 [ 0.28761274  0.38774198 -0.39986658 -0.0779715   0.12097963  0.
  -0.02432998  0.         -0.03533321  0.04715663]
 [ 0.4992852   0.49516147 -0.40787596  0.08753311  0.11330027  0.
   0.03429171  0.         -0.04325048  0.02001426]
 [ 0.3519595   0.19714218 -0.27250826  0.07181524  0.06015519  0.
  -0.02835451  0.         -0.0089737   0.05332108]] 
Episode: 484: [[ 0.1524015   0.08503786 -0.34277555 -0.15126947  0.00050235  0.
  -0.05037091  0.          0.00317181  0.05166161]
 [ 0.15268691  0.21071267 -0.37454924 -0.14185555  0.08161939  0.
  -0.0594357   0.         -0.01725222  0.06448805]
 [ 0.28787315  0.38793293 -0.40018362 -0.07798366  0.12084669  0.
  -0.02416421  0.         -0.03533321  0.04710631]
 [ 0.49956122  0.4954265  -0.4082176   0.08751842  0.11316529  0.
   0.03449098  0.         -0.04325048  0.01994585]
 [ 0.3522115   0.19731764 -0.27288216  0.07179978  0.0600206   0.
  -0.02820463  0.         -0.0089737   0.05326892]] 
Episode: 485: [[ 1.5263550e-01  8.5180774e-02 -3.4306982e-01 -1.5129276e-01
   4.2595179e-04  0.0000000e+00 -5.0228409e-02  0.0000000e+00
   3.1718132e-03  5.1620040e-02]
 [ 1.5292022e-01  2.1085709e-01 -3.7484512e-01 -1.4187831e-01
   8.1533588e-02  0.0000000e+00 -5.9288144e-02  0.0000000e+00
  -1.7252218e-02  6.4442143e-02]
 [ 2.8811309e-01  3.8813490e-01 -4.0050611e-01 -7.8000851e-02
   1.2071031e-01  0.0000000e+00 -2.3960155e-02  0.0000000e+00
  -3.5333209e-02  4.7049683e-02]
 [ 4.9982572e-01  4.9570918e-01 -4.0857136e-01  8.7502643e-02
   1.1302309e-01  0.0000000e+00  3.4724470e-02  0.0000000e+00
  -4.3250479e-02  1.9860698e-02]
 [ 3.5243842e-01  1.9749752e-01 -2.7325597e-01  7.1774364e-02
   5.9886187e-02  0.0000000e+00 -2.8013261e-02  0.0000000e+00
  -8.9737000e-03  5.3222012e-02]] 
Episode: 486: [[ 1.5285696e-01  8.5354336e-02 -3.4336004e-01 -1.5130396e-01
   3.5413727e-04  0.0000000e+00 -5.0043855e-02  0.0000000e+00
   3.1718132e-03  5.1563211e-02]
 [ 1.5314110e-01  2.1103267e-01 -3.7513709e-01 -1.4188887e-01
   8.1452876e-02  0.0000000e+00 -5.9099596e-02  0.0000000e+00
  -1.7252218e-02  6.4380042e-02]
 [ 2.8834370e-01  3.8837111e-01 -4.0082759e-01 -7.8001522e-02
   1.2058312e-01  0.0000000e+00 -2.3721660e-02  0.0000000e+00
  -3.5333209e-02  4.6972882e-02]
 [ 5.0008655e-01  4.9602768e-01 -4.0892866e-01  8.7509438e-02
   1.1289397e-01  0.0000000e+00  3.4988742e-02  0.0000000e+00
  -4.3250479e-02  1.9750886e-02]
 [ 3.5265502e-01  1.9771564e-01 -2.7362615e-01  7.1763523e-02
   5.9759416e-02  0.0000000e+00 -2.7784601e-02  0.0000000e+00
  -8.9737000e-03  5.3158954e-02]] 
Episode: 487: [[ 1.53078094e-01  8.55021551e-02 -3.43620569e-01 -1.51304245e-01
   2.96204526e-04  0.00000000e+00 -4.98997904e-02  0.00000000e+00
   3.17181321e-03  5.15011735e-02]
 [ 1.53361812e-01  2.11182341e-01 -3.75398666e-01 -1.41888559e-01
   8.13867375e-02  0.00000000e+00 -5.89530766e-02  0.00000000e+00
  -1.72522180e-02  6.43124133e-02]
 [ 2.88566053e-01  3.88577968e-01 -4.01114404e-01 -7.79917538e-02
   1.20474145e-01  0.00000000e+00 -2.35225521e-02  0.00000000e+00
  -3.53332087e-02  4.68883552e-02]
 [ 5.00326276e-01  4.96312648e-01 -4.09246355e-01  8.75264332e-02
   1.12782754e-01  0.00000000e+00  3.52263749e-02  0.00000000e+00
  -4.32504788e-02  1.96283814e-02]
 [ 3.52857620e-01  1.97900057e-01 -2.73955017e-01  7.17677847e-02
   5.96495196e-02  0.00000000e+00 -2.75876671e-02  0.00000000e+00
  -8.97369999e-03  5.30909076e-02]] 
Episode: 488: [[ 1.5329191e-01  8.5652962e-02 -3.4388354e-01 -1.5128145e-01
   2.3135658e-04  0.0000000e+00 -4.9764104e-02  0.0000000e+00
   3.1718132e-03  5.1412623e-02]
 [ 1.5357539e-01  2.1133512e-01 -3.7566295e-01 -1.4186494e-01
   8.1313789e-02  0.0000000e+00 -5.8814131e-02  0.0000000e+00
  -1.7252218e-02  6.4216666e-02]
 [ 2.8878498e-01  3.8879150e-01 -4.0140560e-01 -7.7955931e-02
   1.2036055e-01  0.0000000e+00 -2.3330372e-02  0.0000000e+00
  -3.5333209e-02  4.6769474e-02]
 [ 5.0056750e-01  4.9660838e-01 -4.0957037e-01  8.7571889e-02
   1.1267052e-01  0.0000000e+00  3.5456717e-02  0.0000000e+00
  -4.3250479e-02  1.9464411e-02]
 [ 3.5305929e-01  1.9808663e-01 -2.7428880e-01  7.1801275e-02
   5.9533425e-02  0.0000000e+00 -2.7400009e-02  0.0000000e+00
  -8.9737000e-03  5.2992359e-02]] 
Episode: 489: [[ 1.53503284e-01  8.57890546e-02 -3.44188511e-01 -1.51228219e-01
   1.47551036e-04  0.00000000e+00 -4.96299826e-02  0.00000000e+00
   3.17181321e-03  5.13296574e-02]
 [ 1.53786227e-01  2.11472556e-01 -3.75969738e-01 -1.41810521e-01
   8.12211707e-02  0.00000000e+00 -5.86754307e-02  0.00000000e+00
  -1.72522180e-02  6.41267151e-02]
 [ 2.89003134e-01  3.88986170e-01 -4.01742995e-01 -7.78834000e-02
   1.20223589e-01  0.00000000e+00 -2.31283270e-02  0.00000000e+00
  -3.53332087e-02  4.66616638e-02]
 [ 5.00813127e-01  4.96885270e-01 -4.09944236e-01  8.76605585e-02
   1.12538606e-01  0.00000000e+00  3.57139558e-02  0.00000000e+00
  -4.32504788e-02  1.93188619e-02]
 [ 3.53260279e-01  1.98255599e-01 -2.74678409e-01  7.18735829e-02
   5.93920201e-02  0.00000000e+00 -2.72084884e-02  0.00000000e+00
  -8.97369999e-03  5.28967790e-02]] 
Episode: 490: [[ 1.53699592e-01  8.59597027e-02 -3.44484538e-01 -1.51192710e-01
   7.12158726e-05  0.00000000e+00 -4.94527891e-02  0.00000000e+00
   3.17181321e-03  5.12629449e-02]
 [ 1.53981373e-01  2.11645037e-01 -3.76267552e-01 -1.41773984e-01
   8.11362937e-02  0.00000000e+00 -5.84946722e-02  0.00000000e+00
  -1.72522180e-02  6.40533641e-02]
 [ 2.89206237e-01  3.89214247e-01 -4.02071625e-01 -7.78262913e-02
   1.20092824e-01  0.00000000e+00 -2.28914805e-02  0.00000000e+00
  -3.53332087e-02  4.65793647e-02]
 [ 5.01045167e-01  4.97189969e-01 -4.10308778e-01  8.77370834e-02
   1.12410486e-01  0.00000000e+00  3.59997191e-02  0.00000000e+00
  -4.32504788e-02  1.92126408e-02]
 [ 3.53440404e-01  1.98469445e-01 -2.75057048e-01  7.19221309e-02
   5.92610575e-02  0.00000000e+00 -2.69795097e-02  0.00000000e+00
  -8.97369999e-03  5.28145507e-02]] 
Episode: 491: [[ 1.5388852e-01  8.6125091e-02 -3.4477168e-01 -1.5114665e-01
  -5.1610459e-06  0.0000000e+00 -4.9257893e-02  0.0000000e+00
   3.1718132e-03  5.1195364e-02]
 [ 1.5416938e-01  2.1181208e-01 -3.7655652e-01 -1.4172672e-01
   8.1051633e-02  0.0000000e+00 -5.8293503e-02  0.0000000e+00
  -1.7252218e-02  6.3978665e-02]
 [ 2.8940493e-01  3.8943344e-01 -4.0239179e-01 -7.7756181e-02
   1.1996350e-01  0.0000000e+00 -2.2625148e-02  0.0000000e+00
  -3.5333209e-02  4.6498083e-02]
 [ 5.0127590e-01  4.9748147e-01 -4.1066563e-01  8.7829195e-02
   1.1228336e-01  0.0000000e+00  3.6311135e-02  0.0000000e+00
  -4.3250479e-02  1.9111132e-02]
 [ 3.5361728e-01  1.9867700e-01 -2.7542508e-01  7.1983851e-02
   5.9132174e-02  0.0000000e+00 -2.6730390e-02  0.0000000e+00
  -8.9737000e-03  5.2732430e-02]] 
Episode: 492: [[ 1.54058948e-01  8.62791017e-02 -3.45048070e-01 -1.51160911e-01
  -9.31344985e-05  0.00000000e+00 -4.90260050e-02  0.00000000e+00
   3.17181321e-03  5.11086322e-02]
 [ 1.54338539e-01  2.11967513e-01 -3.76834810e-01 -1.41740307e-01
   8.09554681e-02  0.00000000e+00 -5.80565296e-02  0.00000000e+00
  -1.72522180e-02  6.38840273e-02]
 [ 2.89585471e-01  3.89644355e-01 -4.02703792e-01 -7.77545944e-02
   1.19823836e-01  0.00000000e+00 -2.23304834e-02  0.00000000e+00
  -3.53332087e-02  4.63960879e-02]
 [ 5.01491010e-01  4.97769386e-01 -4.11018044e-01  8.78446400e-02
   1.12145931e-01  0.00000000e+00  3.66456173e-02  0.00000000e+00
  -4.32504788e-02  1.89893208e-02]
 [ 3.53775054e-01  1.98868960e-01 -2.75778979e-01  7.19681904e-02
   5.89909516e-02  0.00000000e+00 -2.64495946e-02  0.00000000e+00
  -8.97369999e-03  5.26289269e-02]] 
Episode: 493: [[ 1.5418275e-01  8.6460747e-02 -3.4527600e-01 -1.5136829e-01
  -1.3513194e-04  0.0000000e+00 -4.8760854e-02  0.0000000e+00
   3.1718132e-03  5.1066484e-02]
 [ 1.5445924e-01  2.1215108e-01 -3.7706384e-01 -1.4194933e-01
   8.0906644e-02  0.0000000e+00 -5.7787362e-02  0.0000000e+00
  -1.7252218e-02  6.3837826e-02]
 [ 2.8971711e-01  3.8989151e-01 -4.0295723e-01 -7.7975810e-02
   1.1974218e-01  0.0000000e+00 -2.2010341e-02  0.0000000e+00
  -3.5333209e-02  4.6360075e-02]
 [ 5.0166076e-01  4.9810031e-01 -4.1129962e-01  8.7666489e-02
   1.1207714e-01  0.0000000e+00  3.7000846e-02  0.0000000e+00
  -4.3250479e-02  1.8951833e-02]
 [ 3.5387361e-01  1.9909939e-01 -2.7606511e-01  7.1711503e-02
   5.8913685e-02  0.0000000e+00 -2.6140319e-02  0.0000000e+00
  -8.9737000e-03  5.2572571e-02]] 
Episode: 494: [[ 1.54297888e-01  8.66744667e-02 -3.45521510e-01 -1.51558563e-01
  -1.54290043e-04  0.00000000e+00 -4.84657958e-02  0.00000000e+00
   3.17181321e-03  5.11105917e-02]
 [ 1.54570311e-01  2.12367043e-01 -3.77310842e-01 -1.42141134e-01
   8.08813050e-02  0.00000000e+00 -5.74892461e-02  0.00000000e+00
  -1.72522180e-02  6.38764650e-02]
 [ 2.89835215e-01  3.90166879e-01 -4.03227210e-01 -7.81770423e-02
   1.19683258e-01  0.00000000e+00 -2.16672886e-02  0.00000000e+00
  -3.53332087e-02  4.64039706e-02]
 [ 5.01812935e-01  4.98451501e-01 -4.11595881e-01  8.75060335e-02
   1.12025894e-01  0.00000000e+00  3.73747312e-02  0.00000000e+00
  -4.32504788e-02  1.89900324e-02]
 [ 3.53952199e-01  1.99372351e-01 -2.76378065e-01  7.14758784e-02
   5.88630103e-02  0.00000000e+00 -2.58054435e-02  0.00000000e+00
  -8.97369999e-03  5.26068434e-02]] 
Episode: 495: [[ 1.5445170e-01  8.6896047e-02 -3.4580153e-01 -1.5167467e-01
  -1.5677718e-04  0.0000000e+00 -4.8256826e-02  0.0000000e+00
   3.1718132e-03  5.1121950e-02]
 [ 1.5472162e-01  2.1259069e-01 -3.7759298e-01 -1.4225808e-01
   8.0871947e-02  0.0000000e+00 -5.7276953e-02  0.0000000e+00
  -1.7252218e-02  6.3880466e-02]
 [ 2.8999552e-01  3.9044717e-01 -4.0353107e-01 -7.8299016e-02
   1.1964397e-01  0.0000000e+00 -2.1413611e-02  0.0000000e+00
  -3.5333209e-02  4.6409708e-02]
 [ 5.0200284e-01  4.9880356e-01 -4.1192335e-01  8.7423965e-02
   1.1200450e-01  0.0000000e+00  3.7656911e-02  0.0000000e+00
  -4.3250479e-02  1.8989827e-02]
 [ 3.5407487e-01  1.9965748e-01 -2.7673811e-01  7.1333475e-02
   5.8831293e-02  0.0000000e+00 -2.5560774e-02  0.0000000e+00
  -8.9737000e-03  5.2605104e-02]] 
Episode: 496: [[ 1.54583693e-01  8.70774239e-02 -3.46075535e-01 -1.51794285e-01
  -1.65355130e-04  0.00000000e+00 -4.80695255e-02  0.00000000e+00
   3.17181321e-03  5.11620231e-02]
 [ 1.54850289e-01  2.12773934e-01 -3.77869219e-01 -1.42378435e-01
   8.08569640e-02  0.00000000e+00 -5.70853949e-02  0.00000000e+00
  -1.72522180e-02  6.39155433e-02]
 [ 2.90132701e-01  3.90698045e-01 -4.03831422e-01 -7.84199759e-02
   1.19598299e-01  0.00000000e+00 -2.11581215e-02  0.00000000e+00
  -3.53332087e-02  4.64535356e-02]
 [ 5.02167404e-01  4.99143332e-01 -4.12248015e-01  8.73414129e-02
   1.11977704e-01  0.00000000e+00  3.79650407e-02  0.00000000e+00
  -4.32504788e-02  1.90359671e-02]
 [ 3.54168177e-01  1.99887872e-01 -2.77090341e-01  7.11836815e-02
   5.87985292e-02  0.00000000e+00 -2.53422335e-02  0.00000000e+00
  -8.97369999e-03  5.26404753e-02]] 
Episode: 497: [[ 1.5472674e-01  8.7240405e-02 -3.4632835e-01 -1.5190643e-01
  -2.1485046e-04  0.0000000e+00 -4.7844481e-02  0.0000000e+00
   3.1718132e-03  5.1217671e-02]
 [ 1.5499139e-01  2.1293838e-01 -3.7812397e-01 -1.4249133e-01
   8.0800913e-02  0.0000000e+00 -5.6857072e-02  0.0000000e+00
  -1.7252218e-02  6.3968241e-02]
 [ 2.9027373e-01  3.9092323e-01 -4.0410778e-01 -7.8533240e-02
   1.1950924e-01  0.0000000e+00 -2.0873221e-02  0.0000000e+00
  -3.5333209e-02  4.6517745e-02]
 [ 5.0231636e-01  4.9944952e-01 -4.1254619e-01  8.7262429e-02
   1.1190134e-01  0.0000000e+00  3.8296510e-02  0.0000000e+00
  -4.3250479e-02  1.9106509e-02]
 [ 3.5426587e-01  2.0009539e-01 -2.7741596e-01  7.1042649e-02
   5.8716405e-02  0.0000000e+00 -2.5088957e-02  0.0000000e+00
  -8.9737000e-03  5.2701369e-02]] 
Episode: 498: [[ 1.54855177e-01  8.73913020e-02 -3.46586734e-01 -1.52016908e-01
  -2.74288177e-04  0.00000000e+00 -4.75854948e-02  0.00000000e+00
   3.17181321e-03  5.12711443e-02]
 [ 1.55117601e-01  2.13090405e-01 -3.78384590e-01 -1.42602339e-01
   8.07349682e-02  0.00000000e+00 -5.65956868e-02  0.00000000e+00
  -1.72522180e-02  6.40191659e-02]
 [ 2.90402532e-01  3.91135067e-01 -4.04394746e-01 -7.86403716e-02
   1.19410574e-01  0.00000000e+00 -2.05618721e-02  0.00000000e+00
  -3.53332087e-02  4.65797186e-02]
 [ 5.02461255e-01  4.99742478e-01 -4.12862509e-01  8.71926472e-02
   1.11815661e-01  0.00000000e+00  3.86489667e-02  0.00000000e+00
  -4.32504788e-02  1.91733893e-02]
 [ 3.54351282e-01  2.00287163e-01 -2.77750999e-01  7.09036142e-02
   5.86232841e-02  0.00000000e+00 -2.48044506e-02  0.00000000e+00
  -8.97369999e-03  5.27609028e-02]] 
Episode: 499: [[ 1.5498583e-01  8.7524012e-02 -3.4680268e-01 -1.5211442e-01
  -3.3467612e-04  0.0000000e+00 -4.7295991e-02  0.0000000e+00
   3.1718132e-03  5.1376663e-02]
 [ 1.5524633e-01  2.1322428e-01 -3.7860203e-01 -1.4270028e-01
   8.0669008e-02  0.0000000e+00 -5.6304574e-02  0.0000000e+00
  -1.7252218e-02  6.4125650e-02]
 [ 2.9053333e-01  3.9132249e-01 -4.0463656e-01 -7.8734331e-02
   1.1931315e-01  0.0000000e+00 -2.0226741e-02  0.0000000e+00
  -3.5333209e-02  4.6700351e-02]
 [ 5.0260603e-01  5.0000298e-01 -4.1313326e-01  8.7132014e-02
   1.1172565e-01  0.0000000e+00  3.9020296e-02  0.0000000e+00
  -4.3250479e-02  1.9300308e-02]
 [ 3.5443863e-01  2.0045663e-01 -2.7803212e-01  7.0780627e-02
   5.8535796e-02  0.0000000e+00 -2.4491867e-02  0.0000000e+00
  -8.9737000e-03  5.2880872e-02]] 
Episode: 500: [[ 1.5510288e-01  8.7617211e-02 -3.4706369e-01 -1.5222977e-01
  -4.1454445e-04  0.0000000e+00 -4.7016099e-02  0.0000000e+00
   3.1718132e-03  5.1449090e-02]
 [ 1.5536076e-01  2.1331766e-01 -3.7886515e-01 -1.4281602e-01
   8.0582790e-02  0.0000000e+00 -5.6020953e-02  0.0000000e+00
  -1.7252218e-02  6.4198174e-02]
 [ 2.9065487e-01  3.9147195e-01 -4.0493840e-01 -7.8838229e-02
   1.1919220e-01  0.0000000e+00 -1.9886333e-02  0.0000000e+00
  -3.5333209e-02  4.6777390e-02]
 [ 5.0275356e-01  5.0023717e-01 -4.1348377e-01  8.7067917e-02
   1.1161608e-01  0.0000000e+00  3.9408598e-02  0.0000000e+00
  -4.3250479e-02  1.9370107e-02]
 [ 3.5450855e-01  2.0057417e-01 -2.7837583e-01  7.0632055e-02
   5.8424771e-02  0.0000000e+00 -2.4183253e-02  0.0000000e+00
  -8.9737000e-03  5.2965995e-02]] 
Episode: 501: [[ 1.55242190e-01  8.77336189e-02 -3.47343385e-01 -1.52280197e-01
  -4.79285256e-04  0.00000000e+00 -4.68208231e-02  0.00000000e+00
   3.17181321e-03  5.14822938e-02]
 [ 1.55497715e-01  2.13434935e-01 -3.79147083e-01 -1.42866179e-01
   8.05110782e-02  0.00000000e+00 -5.58217615e-02  0.00000000e+00
  -1.72522180e-02  6.42291307e-02]
 [ 2.90797204e-01  3.91644835e-01 -4.05255020e-01 -7.88748562e-02
   1.19084544e-01  0.00000000e+00 -1.96350552e-02  0.00000000e+00
  -3.53332087e-02  4.68067192e-02]
 [ 5.02920210e-01  5.00490367e-01 -4.13842738e-01  8.70705619e-02
   1.11516997e-01  0.00000000e+00  3.97038274e-02  0.00000000e+00
  -4.32504788e-02  1.93837602e-02]
 [ 3.54601860e-01  2.00723618e-01 -2.78742373e-01  7.05674887e-02
   5.83241098e-02  0.00000000e+00 -2.39622500e-02  0.00000000e+00
  -8.97369999e-03  5.30013293e-02]] 
Episode: 502: [[ 1.55392796e-01  8.79002288e-02 -3.47619742e-01 -1.52284503e-01
  -4.83738113e-04  0.00000000e+00 -4.67016548e-02  0.00000000e+00
   3.17181321e-03  5.14989384e-02]
 [ 1.55646488e-01  2.13602439e-01 -3.79425257e-01 -1.42869934e-01
   8.04995671e-02  0.00000000e+00 -5.56985103e-02  0.00000000e+00
  -1.72522180e-02  6.42417297e-02]
 [ 2.90955275e-01  3.91866595e-01 -4.05564040e-01 -7.88639635e-02
   1.19041726e-01  0.00000000e+00 -1.94639564e-02  0.00000000e+00
  -3.53332087e-02  4.68114130e-02]
 [ 5.03108680e-01  5.00787258e-01 -4.14189011e-01  8.71199146e-02
   1.11483276e-01  0.00000000e+00  3.99153195e-02  0.00000000e+00
  -4.32504788e-02  1.93649400e-02]
 [ 3.54712635e-01  2.00938568e-01 -2.79103100e-01  7.05622807e-02
   5.82947843e-02  0.00000000e+00 -2.38200501e-02  0.00000000e+00
  -8.97369999e-03  5.30156083e-02]] 
Episode: 503: [[ 1.5556763e-01  8.8057466e-02 -3.4788546e-01 -1.5226632e-01
  -4.8615079e-04  0.0000000e+00 -4.6566680e-02  0.0000000e+00
   3.1718132e-03  5.1518213e-02]
 [ 1.5582079e-01  2.1376088e-01 -3.7969247e-01 -1.4285107e-01
   8.0490574e-02  0.0000000e+00 -5.5557881e-02  0.0000000e+00
  -1.7252218e-02  6.4257734e-02]
 [ 2.9113761e-01  3.9207652e-01 -4.0585923e-01 -7.8831010e-02
   1.1900135e-01  0.0000000e+00 -1.9265864e-02  0.0000000e+00
  -3.5333209e-02  4.6818119e-02]
 [ 5.0331718e-01  5.0106764e-01 -4.1451913e-01  8.7188140e-02
   1.1144782e-01  0.0000000e+00  4.0159762e-02  0.0000000e+00
  -4.3250479e-02  1.9346131e-02]
 [ 3.5485211e-01  2.0114115e-01 -2.7945256e-01  7.0587516e-02
   5.8267634e-02  0.0000000e+00 -2.3647159e-02  0.0000000e+00
  -8.9737000e-03  5.3034332e-02]] 
Episode: 504: [[ 1.5573701e-01  8.8200323e-02 -3.4819797e-01 -1.5220754e-01
  -4.8271721e-04  0.0000000e+00 -4.6501793e-02  0.0000000e+00
   3.1718132e-03  5.1513817e-02]
 [ 1.5598887e-01  2.1390601e-01 -3.8000679e-01 -1.4279148e-01
   8.0487572e-02  0.0000000e+00 -5.5487346e-02  0.0000000e+00
  -1.7252218e-02  6.4249419e-02]
 [ 2.9131696e-01  3.9227256e-01 -4.0620825e-01 -7.8746416e-02
   1.1896467e-01  0.0000000e+00 -1.9142620e-02  0.0000000e+00
  -3.5333209e-02  4.6795707e-02]
 [ 5.0352812e-01  5.0133479e-01 -4.1490957e-01  8.7317541e-02
   1.1141802e-01  0.0000000e+00  4.0325582e-02  0.0000000e+00
  -4.3250479e-02  1.9291798e-02]
 [ 3.5498390e-01  2.0132689e-01 -2.7986249e-01  7.0662819e-02
   5.8245204e-02  0.0000000e+00 -2.3548238e-02  0.0000000e+00
  -8.9737000e-03  5.3022973e-02]] 
Episode: 505: [[ 1.55810907e-01  8.82686675e-02 -3.48405302e-01 -1.52425095e-01
  -4.85432829e-04  0.00000000e+00 -4.64590937e-02  0.00000000e+00
   3.17181321e-03  5.15865758e-02]
 [ 1.56058148e-01  2.13976339e-01 -3.80215615e-01 -1.42991513e-01
   8.04797113e-02  0.00000000e+00 -5.54400645e-02  0.00000000e+00
  -1.72522180e-02  6.43225983e-02]
 [ 2.91390508e-01  3.92397821e-01 -4.06435132e-01 -7.88911209e-02
   1.18935421e-01  0.00000000e+00 -1.89767517e-02  0.00000000e+00
  -3.53332087e-02  4.68522236e-02]
 [ 5.03625572e-01  5.01534879e-01 -4.15155947e-01  8.72422904e-02
   1.11399926e-01  0.00000000e+00  4.05289084e-02  0.00000000e+00
  -4.32504788e-02  1.93151087e-02]
 [ 3.54981542e-01  2.01416761e-01 -2.80128807e-01  7.04290345e-02
   5.82272708e-02  0.00000000e+00 -2.34978758e-02  0.00000000e+00
  -8.97369999e-03  5.30980453e-02]] 
Episode: 506: [[ 1.55878171e-01  8.83288085e-02 -3.48622471e-01 -1.52665541e-01
  -4.87043377e-04  0.00000000e+00 -4.63640839e-02  0.00000000e+00
   3.17181321e-03  5.16388752e-02]
 [ 1.56120762e-01  2.14041010e-01 -3.80434304e-01 -1.43216759e-01
   8.04745406e-02  0.00000000e+00 -5.53414859e-02  0.00000000e+00
  -1.72522180e-02  6.43770322e-02]
 [ 2.91457653e-01  3.92520845e-01 -4.06674802e-01 -7.90664256e-02
   1.18908115e-01  0.00000000e+00 -1.87725462e-02  0.00000000e+00
  -3.53332087e-02  4.69043739e-02]
 [ 5.03714502e-01  5.01735210e-01 -4.15420532e-01  8.71298462e-02
   1.11379251e-01  0.00000000e+00  4.07659672e-02  0.00000000e+00
  -4.32504788e-02  1.93551797e-02]
 [ 3.54969651e-01  2.01500461e-01 -2.80410618e-01  7.01604635e-02
   5.82130812e-02  0.00000000e+00 -2.33959332e-02  0.00000000e+00
  -8.97369999e-03  5.31517677e-02]] 
Episode: 507: [[ 0.15599746  0.08841715 -0.34881967 -0.15286805 -0.00051341  0.
  -0.04631712  0.          0.00317181  0.05168685]
 [ 0.15623803  0.21413285 -0.38063225 -0.1434054   0.08044291  0.
  -0.05529343  0.         -0.01725222  0.06442642]
 [ 0.29157972  0.392665   -0.40688986 -0.07921021  0.11885047  0.
  -0.01862212  0.         -0.03533321  0.04695301]
 [ 0.5038533   0.5019475  -0.4156566   0.0870414   0.11132605  0.
   0.04095273  0.         -0.04325048  0.01939328]
 [ 0.3550274   0.201621   -0.28066385  0.0699368   0.05816471  0.
  -0.02333855  0.         -0.0089737   0.05320072]] 
Episode: 508: [[ 0.15611833  0.08851317 -0.349034   -0.15302338 -0.00054674  0.
  -0.04629004  0.          0.00317181  0.05172379]
 [ 0.15635715  0.21423176 -0.38084763 -0.14354783  0.08040409  0.
  -0.0552661   0.         -0.01725222  0.06446352]
 [ 0.29170644  0.39281568 -0.4071242  -0.07930814  0.11878624  0.
  -0.01850114  0.         -0.03533321  0.04698673]
 [ 0.5040022   0.50216615 -0.4159133   0.08699843  0.11126965  0.
   0.04110594  0.         -0.04325048  0.01941342]
 [ 0.3550972   0.2017506  -0.28094178  0.06977003  0.05810723  0.
  -0.0232999   0.         -0.0089737   0.05323636]] 
Episode: 509: [[ 0.15622571  0.0886309  -0.34924215 -0.15315501 -0.00056776  0.
  -0.046209    0.          0.00317181  0.05176124]
 [ 0.15646239  0.21435253 -0.38105687 -0.14366764  0.08037788  0.
  -0.05518541  0.         -0.01725222  0.06450102]
 [ 0.29182094  0.39299238 -0.40735212 -0.07938179  0.11873457  0.
  -0.01833723  0.         -0.03533321  0.04702486]
 [ 0.5041427   0.5024127  -0.4161622   0.08698153  0.11122354  0.
   0.04129801  0.         -0.04325048  0.01944395]
 [ 0.35515866  0.20190823 -0.2812107   0.06962971  0.05806577  0.
  -0.02320842  0.         -0.0089737   0.05326972]] 
Episode: 510: [[ 0.15632184  0.088737   -0.34946167 -0.1532888  -0.00060545  0.
  -0.04607945  0.          0.00317181  0.0517929 ]
 [ 0.1565556   0.21446094 -0.38127762 -0.14379066  0.08033492  0.
  -0.05505673  0.         -0.01725222  0.06453231]
 [ 0.2919257   0.39316005 -0.40759528 -0.07945824  0.11866061  0.
  -0.01813471  0.         -0.03533321  0.04704595]
 [ 0.5042782   0.5026573  -0.4164283   0.08696231  0.11115408  0.
   0.04152502  0.         -0.04325048  0.01944307]
 [ 0.35521     0.20204958 -0.28149232  0.06948536  0.05800208  0.
  -0.02306941  0.         -0.0089737   0.05329999]] 
Episode: 511: [[ 0.15640604  0.08885964 -0.34966123 -0.15343408 -0.00065797  0.
  -0.04590627  0.          0.00317181  0.05183657]
 [ 0.15663677  0.21458615 -0.38147825 -0.14392658  0.08027718  0.
  -0.05488488  0.         -0.01725222  0.06457566]
 [ 0.29202068  0.39335328 -0.40781578 -0.07955249  0.11856854  0.
  -0.01789748  0.         -0.03533321  0.04708399]
 [ 0.5044074   0.50293434 -0.41666806  0.08692     0.11105912  0.
   0.04178347  0.         -0.04325048  0.01946641]
 [ 0.3552533   0.20220934 -0.28174737  0.06932255  0.05792163  0.
  -0.02288768  0.         -0.0089737   0.05334436]] 
Episode: 512: [[ 0.1565488   0.08903898 -0.35001576 -0.15343627 -0.00070112  0.
  -0.04580707  0.          0.00317181  0.05181417]
 [ 0.1567762   0.21476747 -0.38183498 -0.14391893  0.08022466  0.
  -0.05478632  0.         -0.01725222  0.06454834]
 [ 0.2921671   0.3936061  -0.40819547 -0.07949778  0.11846673  0.
  -0.01773903  0.         -0.03533321  0.0470411 ]
 [ 0.50457066  0.5032759  -0.4170653   0.08702942  0.11095633  0.
   0.04196186  0.         -0.04325048  0.01941487]
 [ 0.35534748  0.20244046 -0.2822012   0.06933815  0.05782497  0.
  -0.02278083  0.         -0.0089737   0.05330802]] 
Episode: 513: [[ 0.15668885  0.08921035 -0.35034877 -0.15342712 -0.00073332  0.
  -0.04571011  0.          0.00317181  0.05182446]
 [ 0.15691268  0.2149402  -0.38216978 -0.14390068  0.08018348  0.
  -0.05468881  0.         -0.01725222  0.06455507]
 [ 0.2923061   0.3938444  -0.40854996 -0.07943613  0.11837836  0.
  -0.01757199  0.         -0.03533321  0.0470339 ]
 [ 0.50472045  0.5035964  -0.41743398  0.08714092  0.11086646  0.
   0.04217184  0.         -0.04325048  0.01939667]
 [ 0.35543466  0.20266108 -0.28262636  0.06936786  0.05774332  0.
  -0.02266537  0.         -0.0089737   0.0533108 ]] 
Episode: 514: [[ 0.1568137   0.08934119 -0.3506609  -0.15339175 -0.00074182  0.
  -0.04567954  0.          0.00317181  0.05191668]
 [ 0.15703444  0.21507123 -0.38248393 -0.14385694  0.08016645  0.
  -0.05465719  0.         -0.01725222  0.06464218]
 [ 0.2924395   0.39403662 -0.4088866  -0.07934827  0.11832481  0.
  -0.01747674  0.         -0.03533321  0.04710444]
 [ 0.50487506  0.5038716  -0.41779026  0.08727836  0.11082379  0.
   0.04230662  0.         -0.04325048  0.01945279]
 [ 0.3555128   0.20282486 -0.28303385  0.06942382  0.05770263  0.
  -0.02261819  0.         -0.0089737   0.05339888]] 
Episode: 515: [[ 0.15692906  0.08946346 -0.3509465  -0.15335922 -0.00073887  0.
  -0.04564763  0.          0.00317181  0.0520508 ]
 [ 0.1571463   0.21519344 -0.3827712  -0.14381678  0.08016161  0.
  -0.05462364  0.         -0.01725222  0.0647738 ]
 [ 0.2925578   0.39421496 -0.4091928  -0.07926723  0.11828429  0.
  -0.01737177  0.         -0.03533321  0.04722508]
 [ 0.5050099   0.5041264  -0.41811198  0.08740591  0.11078902  0.
   0.04247483  0.         -0.04325048  0.0195603 ]
 [ 0.3555732   0.20297895 -0.28340393  0.06947597  0.05767673  0.
  -0.02256118  0.         -0.0089737   0.05353947]] 
Episode: 516: [[ 0.15703726  0.08957437 -0.35120866 -0.15333286 -0.00074     0.
  -0.04557842  0.          0.00317181  0.05215644]
 [ 0.15725146  0.21530426 -0.38303494 -0.1437835   0.08015331  0.
  -0.05454991  0.         -0.01725222  0.06487599]
 [ 0.29267165  0.39438182 -0.40947637 -0.07919514  0.11824114  0.
  -0.01722223  0.         -0.03533321  0.04731384]
 [ 0.5051452   0.50436884 -0.41841355  0.08752222  0.11074804  0.
   0.04268033  0.         -0.04325048  0.01963213]
 [ 0.3556341   0.20311801 -0.2837441   0.0695198   0.05764901  0.
  -0.02246263  0.         -0.0089737   0.05364783]] 
Episode: 517: [[ 0.15713245  0.0896734  -0.3514603  -0.15330847 -0.00072819  0.
  -0.04546893  0.          0.00317181  0.05230563]
 [ 0.15734312  0.21540345 -0.38328815 -0.1437528   0.08015898  0.
  -0.05443256  0.         -0.01725222  0.06502481]
 [ 0.29276904  0.3945332  -0.40974805 -0.07912882  0.11821464  0.
  -0.01703261  0.         -0.03533321  0.04745309]
 [ 0.50526214  0.50459087 -0.4187015   0.08762914  0.11072291  0.
   0.04291939  0.         -0.04325048  0.01975464]
 [ 0.35567817  0.20324272 -0.28407112  0.06956068  0.05763965  0.
  -0.02231721  0.         -0.0089737   0.05380924]] 
Episode: 518: [[ 0.15725994  0.08975416 -0.35169205 -0.1532745  -0.00073318  0.
  -0.04533996  0.          0.00317181  0.05243753]
 [ 0.15746899  0.21548443 -0.38352096 -0.143713    0.0801478   0.
  -0.05429385  0.         -0.01725222  0.06515715]
 [ 0.2929017   0.3946626  -0.40999645 -0.07905704  0.11817157  0.
  -0.01681541  0.         -0.03533321  0.04757725]
 [ 0.50541323  0.50478613 -0.41896367  0.08773661  0.11067998  0.
   0.04318864  0.         -0.04325048  0.01986278]
 [ 0.35576743  0.20334502 -0.28437126  0.06961282  0.05761028  0.
  -0.02214018  0.         -0.0089737   0.05395379]] 
Episode: 519: [[ 0.15738374  0.08985516 -0.35190335 -0.15324113 -0.00073943  0.
  -0.04516715  0.          0.00317181  0.05259559]
 [ 0.15759088  0.21558575 -0.3837329  -0.14367437  0.08013543  0.
  -0.05411285  0.         -0.01725222  0.06531694]
 [ 0.29302526  0.39480895 -0.41022083 -0.0789891   0.11812512  0.
  -0.01656491  0.         -0.03533321  0.04773146]
 [ 0.5055459   0.5049916  -0.41919798  0.08783715  0.11062792  0.
   0.04348502  0.         -0.04325048  0.02000264]
 [ 0.35584635  0.2034734  -0.28464088  0.0696635   0.05757806  0.
  -0.02192417  0.         -0.0089737   0.05413098]] 
Episode: 520: [[ 0.15757592  0.08995412 -0.35210142 -0.15318091 -0.00069854  0.
  -0.04506843  0.          0.00317181  0.05267986]
 [ 0.15778421  0.21568523 -0.38393092 -0.14360912  0.08017026  0.
  -0.05400619  0.         -0.01725222  0.06539943]
 [ 0.29322287  0.39495027 -0.4104278  -0.07889823  0.11812866  0.
  -0.01639458  0.         -0.03533321  0.04780781]
 [ 0.5057509   0.50518715 -0.41941148  0.08795601  0.11062426  0.
   0.0436976   0.         -0.04325048  0.02006689]
 [ 0.3560108   0.2036004  -0.28488842  0.06974608  0.05759902  0.
  -0.02178654  0.         -0.0089737   0.0542193 ]] 
Episode: 521: [[ 0.15775545  0.09004624 -0.3523349  -0.15312032 -0.00065688  0.
  -0.04495612  0.          0.00317181  0.05275627]
 [ 0.15796423  0.21577758 -0.3841651  -0.14354382  0.08020588  0.
  -0.05388415  0.         -0.01725222  0.06547364]
 [ 0.2934127   0.39508972 -0.41067648 -0.0788065   0.11813261  0.
  -0.01619578  0.         -0.03533321  0.04786598]
 [ 0.5059582   0.50539035 -0.41967306  0.08807556  0.11062276  0.
   0.04394298  0.         -0.04325048  0.0200992 ]
 [ 0.35616577  0.20371759 -0.28518394  0.06982853  0.05761914  0.
  -0.02163373  0.         -0.0089737   0.05430153]] 
Episode: 522: [[ 0.15792248  0.09013772 -0.3525642  -0.15305676 -0.00061478  0.
  -0.04485402  0.          0.00317181  0.05280081]
 [ 0.1581316   0.2158695  -0.3843953  -0.14347574  0.08024257  0.
  -0.05377269  0.         -0.01725222  0.06551476]
 [ 0.29359242  0.39523086 -0.4109243  -0.07870975  0.11813898  0.
  -0.01600282  0.         -0.03533321  0.04788598]
 [ 0.50616103  0.5055975  -0.4199389   0.08820221  0.1106234   0.
   0.04419613  0.         -0.04325048  0.02008589]
 [ 0.3563124   0.20383391 -0.28547555  0.06991392  0.0576416   0.
  -0.0214927   0.         -0.0089737   0.05434629]] 
Episode: 523: [[ 0.15805054  0.09017759 -0.3527907  -0.15316245 -0.00061369  0.
  -0.04481902  0.          0.00317181  0.0528167 ]
 [ 0.15825835  0.21590945 -0.3846231  -0.14358018  0.08023761  0.
  -0.0537287   0.         -0.01725222  0.06552597]
 [ 0.2937312   0.39533016 -0.41117185 -0.07880953  0.11811218  0.
  -0.01588433  0.         -0.03533321  0.04787344]
 [ 0.5063203   0.5057854  -0.4202062   0.0881265   0.11061186  0.
   0.04436979  0.         -0.04325048  0.02004043]
 [ 0.35640895  0.20388877 -0.28576344  0.06978376  0.05762196  0.
  -0.02142262  0.         -0.0089737   0.05435903]] 
Episode: 524: [[ 0.1581133   0.09023915 -0.35293615 -0.15332615 -0.00057519  0.
  -0.04478351  0.          0.00317181  0.05291421]
 [ 0.15831721  0.21597253 -0.3847688  -0.14374352  0.08027327  0.
  -0.05368463  0.         -0.01725222  0.06561732]
 [ 0.29380628  0.3954446  -0.41133696 -0.0789691   0.11813187  0.
  -0.01575637  0.         -0.03533321  0.04793933]
 [ 0.50643504  0.5059726  -0.420394    0.08799057  0.1106388   0.
   0.04458017  0.         -0.04325048  0.02007216]
 [ 0.35643566  0.20397162 -0.28595072  0.06957906  0.05765758  0.
  -0.02135213  0.         -0.0089737   0.05445609]] 
Episode: 525: [[ 0.15818378  0.0903253  -0.35309362 -0.15346687 -0.00052457  0.
  -0.04473158  0.          0.00317181  0.05300803]
 [ 0.1583843   0.21606004 -0.38492677 -0.14388373  0.08032101  0.
  -0.05362308  0.         -0.01725222  0.06570564]
 [ 0.2938921   0.39557815 -0.4115145  -0.0791046   0.11816367  0.
  -0.01559851  0.         -0.03533321  0.04800856]
 [ 0.5065626   0.5061709  -0.4205949   0.0878778   0.11067973  0.
   0.04482356  0.         -0.04325048  0.02011625]
 [ 0.35647532  0.20408659 -0.2861566   0.06940282  0.05770833  0.
  -0.02126459  0.         -0.0089737   0.05454893]] 
Episode: 526: [[ 1.5826438e-01  9.0441205e-02 -3.5330716e-01 -1.5355565e-01
  -4.6516772e-04  0.0000000e+00 -4.4741835e-02  0.0000000e+00
   3.1718132e-03  5.3083740e-02]
 [ 1.5846147e-01  2.1617703e-01 -3.8514152e-01 -1.4397134e-01
   8.0376506e-02  0.0000000e+00 -5.3624090e-02  0.0000000e+00
  -1.7252218e-02  6.5775014e-02]
 [ 2.9399219e-01  3.9574355e-01 -4.1175613e-01 -7.9179436e-02
   1.1820067e-01  0.0000000e+00 -1.5511650e-02  0.0000000e+00
  -3.5333209e-02  4.8055053e-02]
 [ 5.0671452e-01  5.0640553e-01 -4.2086759e-01  8.7834619e-02
   1.1073159e-01  0.0000000e+00  4.4988487e-02  0.0000000e+00
  -4.3250479e-02  2.0131636e-02]
 [ 3.5653090e-01  2.0423970e-01 -2.8643540e-01  6.9291793e-02
   5.7766385e-02  0.0000000e+00 -2.1242758e-02  0.0000000e+00
  -8.9737000e-03  5.4620020e-02]] 
Episode: 527: [[ 1.58368737e-01  9.05852467e-02 -3.53561044e-01 -1.53570309e-01
  -3.96907039e-04  0.00000000e+00 -4.48080115e-02  0.00000000e+00
   3.17181321e-03  5.31245284e-02]
 [ 1.58563033e-01  2.16322005e-01 -3.85397106e-01 -1.43983841e-01
   8.04401562e-02  0.00000000e+00 -5.36813773e-02  0.00000000e+00
  -1.72522180e-02  6.58076406e-02]
 [ 2.94121832e-01  3.95938724e-01 -4.12041545e-01 -7.91721195e-02
   1.18243381e-01  0.00000000e+00 -1.54886525e-02  0.00000000e+00
  -3.53332087e-02  4.80526537e-02]
 [ 5.06904662e-01  5.06671727e-01 -4.21187907e-01  8.78806040e-02
   1.10789947e-01  0.00000000e+00  4.50828038e-02  0.00000000e+00
  -4.32504788e-02  2.00807974e-02]
 [ 3.56620401e-01  2.04427153e-01 -2.86767215e-01  6.92744032e-02
   5.78278825e-02  0.00000000e+00 -2.12800074e-02  0.00000000e+00
  -8.97369999e-03  5.46507947e-02]] 
Episode: 528: [[ 1.5845491e-01  9.0727046e-02 -3.5380235e-01 -1.5364629e-01
  -3.5673057e-04  0.0000000e+00 -4.4810619e-02  0.0000000e+00
   3.1718132e-03  5.3151317e-02]
 [ 1.5864597e-01  2.1646430e-01 -3.8564017e-01 -1.4405921e-01
   8.0475107e-02  0.0000000e+00 -5.3676561e-02  0.0000000e+00
  -1.7252218e-02  6.5826721e-02]
 [ 2.9422739e-01  3.9612252e-01 -4.1231161e-01 -7.9246923e-02
   1.1825170e-01  0.0000000e+00 -1.5412817e-02  0.0000000e+00
  -3.5333209e-02  4.8041001e-02]
 [ 5.0705844e-01  5.0691533e-01 -4.2148727e-01  8.7817140e-02
   1.1080672e-01  0.0000000e+00  4.5221742e-02  0.0000000e+00
  -4.3250479e-02  2.0027487e-02]
 [ 3.5668597e-01  2.0461394e-01 -2.8708068e-01  6.9180407e-02
   5.7856314e-02  0.0000000e+00 -2.1256646e-02  0.0000000e+00
  -8.9737000e-03  5.4666217e-02]] 
Episode: 529: [[ 1.5853155e-01  9.0892479e-02 -3.5407165e-01 -1.5369809e-01
  -2.6724476e-04  0.0000000e+00 -4.4869874e-02  0.0000000e+00
   3.1718132e-03  5.3196482e-02]
 [ 1.5871783e-01  2.1663086e-01 -3.8591149e-01 -1.4411025e-01
   8.0559328e-02  0.0000000e+00 -5.3728566e-02  0.0000000e+00
  -1.7252218e-02  6.5865077e-02]
 [ 2.9431173e-01  3.9633229e-01 -4.1260594e-01 -7.9296514e-02
   1.1831335e-01  0.0000000e+00 -1.5399712e-02  0.0000000e+00
  -3.5333209e-02  4.8055921e-02]
 [ 5.0717646e-01  5.0718516e-01 -4.2180368e-01  8.7779634e-02
   1.1088153e-01  0.0000000e+00  4.5292702e-02  0.0000000e+00
  -4.3250479e-02  2.0007687e-02]
 [ 3.5672671e-01  2.0483084e-01 -2.8742552e-01  6.9116153e-02
   5.7934206e-02  0.0000000e+00 -2.1292482e-02  0.0000000e+00
  -8.9737000e-03  5.4700587e-02]] 
Episode: 530: [[ 1.58580214e-01  9.10421610e-02 -3.54290307e-01 -1.53890371e-01
  -1.59384450e-04  0.00000000e+00 -4.48662937e-02  0.00000000e+00
   3.17181321e-03  5.32586314e-02]
 [ 1.58761099e-01  2.16782346e-01 -3.86131436e-01 -1.44304350e-01
   8.06635916e-02  0.00000000e+00 -5.37190363e-02  0.00000000e+00
  -1.72522180e-02  6.59222826e-02]
 [ 2.94366896e-01  3.96526724e-01 -4.12841171e-01 -7.95067325e-02
   1.18399695e-01  0.00000000e+00 -1.53328059e-02  0.00000000e+00
  -3.53332087e-02  4.81052846e-02]
 [ 5.07267892e-01  5.07437050e-01 -4.22050118e-01  8.75625089e-02
   1.10976569e-01  0.00000000e+00  4.54105996e-02  0.00000000e+00
  -4.32504788e-02  2.00432688e-02]
 [ 3.56731355e-01  2.05027938e-01 -2.87701428e-01  6.88774288e-02
   5.80383763e-02  0.00000000e+00 -2.12678891e-02  0.00000000e+00
  -8.97369999e-03  5.47554530e-02]] 
Episode: 531: [[ 1.5864173e-01  9.1210470e-02 -3.5454762e-01 -1.5403257e-01
  -4.9346312e-05  0.0000000e+00 -4.4919942e-02  0.0000000e+00
   3.1718132e-03  5.3294823e-02]
 [ 1.5881771e-01  2.1695246e-01 -3.8639066e-01 -1.4444757e-01
   8.0769397e-02  0.0000000e+00 -5.3766765e-02  0.0000000e+00
  -1.7252218e-02  6.5952361e-02]
 [ 2.9443836e-01  3.9674199e-01 -4.1312081e-01 -7.9658583e-02
   1.1848767e-01  0.0000000e+00 -1.5327707e-02  0.0000000e+00
  -3.5333209e-02  4.8127837e-02]
 [ 5.0737953e-01  5.0771296e-01 -4.2234936e-01  8.7411620e-02
   1.1107711e-01  0.0000000e+00  4.5462649e-02  0.0000000e+00
  -4.3250479e-02  2.0052942e-02]
 [ 3.5675424e-01  2.0524821e-01 -2.8803265e-01  6.8700567e-02
   5.8144040e-02  0.0000000e+00 -2.1302577e-02  0.0000000e+00
  -8.9737000e-03  5.4778341e-02]] 
Episode: 532: [[ 1.58699811e-01  9.13556665e-02 -3.54791045e-01 -1.54152930e-01
   5.02652802e-05  0.00000000e+00 -4.49612550e-02  0.00000000e+00
   3.17181321e-03  5.33355623e-02]
 [ 1.58871025e-01  2.17099637e-01 -3.86635929e-01 -1.44568563e-01
   8.08649361e-02  0.00000000e+00 -5.38017079e-02  0.00000000e+00
  -1.72522180e-02  6.59872219e-02]
 [ 2.94506967e-01  3.96935701e-01 -4.13385510e-01 -7.97851235e-02
   1.18566953e-01  0.00000000e+00 -1.53064905e-02  0.00000000e+00
  -3.53332087e-02  4.81496044e-02]
 [ 5.07491469e-01  5.07969201e-01 -4.22632277e-01  8.72893780e-02
   1.11168660e-01  0.00000000e+00  4.55395319e-02  0.00000000e+00
  -4.32504788e-02  2.00512204e-02]
 [ 3.56775761e-01  2.05437467e-01 -2.88345158e-01  6.85514808e-02
   5.82384802e-02  0.00000000e+00 -2.13212725e-02  0.00000000e+00
  -8.97369999e-03  5.48091047e-02]] 
Episode: 533: [[ 1.58762500e-01  9.14740637e-02 -3.55035752e-01 -1.54257178e-01
   1.41060271e-04  0.00000000e+00 -4.49928865e-02  0.00000000e+00
   3.17181321e-03  5.34139387e-02]
 [ 1.58929154e-01  2.17219770e-01 -3.86882395e-01 -1.44673213e-01
   8.09516609e-02  0.00000000e+00 -5.38264886e-02  0.00000000e+00
  -1.72522180e-02  6.60627559e-02]
 [ 2.94574976e-01  3.97098869e-01 -4.13649321e-01 -7.98950940e-02
   1.18634909e-01  0.00000000e+00 -1.52652087e-02  0.00000000e+00
  -3.53332087e-02  4.82153036e-02]
 [ 5.07591128e-01  5.08192420e-01 -4.22911912e-01  8.71830359e-02
   1.11244015e-01  0.00000000e+00  4.56627794e-02  0.00000000e+00
  -4.32504788e-02  2.00935900e-02]
 [ 3.56794506e-01  2.05592304e-01 -2.88659990e-01  6.84219450e-02
   5.83222359e-02  0.00000000e+00 -2.13243365e-02  0.00000000e+00
  -8.97369999e-03  5.48866950e-02]] 
Episode: 534: [[ 1.5882055e-01  9.1591358e-02 -3.5529155e-01 -1.5436396e-01
   2.2816847e-04  0.0000000e+00 -4.4998672e-02  0.0000000e+00
   3.1718132e-03  5.3459950e-02]
 [ 1.5898278e-01  2.1733882e-01 -3.8714051e-01 -1.4478040e-01
   8.1034660e-02  0.0000000e+00 -5.3823560e-02  0.0000000e+00
  -1.7252218e-02  6.6104278e-02]
 [ 2.9464039e-01  3.9726031e-01 -4.1393101e-01 -8.0006041e-02
   1.1869726e-01  0.0000000e+00 -1.5186187e-02  0.0000000e+00
  -3.5333209e-02  4.8239958e-02]
 [ 5.0769049e-01  5.0841349e-01 -4.2321754e-01  8.7075636e-02
   1.1131234e-01  0.0000000e+00  4.5827735e-02  0.0000000e+00
  -4.3250479e-02  2.0085519e-02]
 [ 3.5681194e-01  2.0574625e-01 -2.8898966e-01  6.8289474e-02
   5.8402475e-02  0.0000000e+00 -2.1299185e-02  0.0000000e+00
  -8.9737000e-03  5.4929145e-02]] 
Episode: 535: [[ 1.5889238e-01  9.1716453e-02 -3.5557735e-01 -1.5441592e-01
   3.1333501e-04  0.0000000e+00 -4.5060918e-02  0.0000000e+00
   3.1718132e-03  5.3469416e-02]
 [ 1.5905106e-01  2.1746559e-01 -3.8742948e-01 -1.4483170e-01
   8.1115507e-02  0.0000000e+00 -5.3877395e-02  0.0000000e+00
  -1.7252218e-02  6.6107035e-02]
 [ 2.9472670e-01  3.9743227e-01 -4.1424954e-01 -8.0050901e-02
   1.1875739e-01  0.0000000e+00 -1.5170305e-02  0.0000000e+00
  -3.5333209e-02  4.8212256e-02]
 [ 5.0782061e-01  5.0864917e-01 -4.2356813e-01  8.7046757e-02
   1.1138111e-01  0.0000000e+00  4.5922123e-02  0.0000000e+00
  -4.3250479e-02  2.0006716e-02]
 [ 3.5685095e-01  2.0590904e-01 -2.8936023e-01  6.8224169e-02
   5.8478422e-02  0.0000000e+00 -2.1333527e-02  0.0000000e+00
  -8.9737000e-03  5.4930273e-02]] 
Episode: 536: [[ 1.58983275e-01  9.18393284e-02 -3.55893165e-01 -1.54420778e-01
   4.23551479e-04  0.00000000e+00 -4.51739393e-02  0.00000000e+00
   3.17181321e-03  5.34675568e-02]
 [ 1.59138933e-01  2.17589766e-01 -3.87748659e-01 -1.44835129e-01
   8.12208578e-02  0.00000000e+00 -5.39822765e-02  0.00000000e+00
  -1.72522180e-02  6.60978854e-02]
 [ 2.94834673e-01  3.97599548e-01 -4.14597929e-01 -8.00454170e-02
   1.18845627e-01  0.00000000e+00 -1.52112199e-02  0.00000000e+00
  -3.53332087e-02  4.81729619e-02]
 [ 5.07976353e-01  5.08879900e-01 -4.23948169e-01  8.70706886e-02
   1.11484975e-01  0.00000000e+00  4.59530205e-02  0.00000000e+00
  -4.32504788e-02  1.99164432e-02]
 [ 3.56915057e-01  2.06069157e-01 -2.89770514e-01  6.82173520e-02
   5.85800521e-02  0.00000000e+00 -2.14213710e-02  0.00000000e+00
  -8.97369999e-03  5.49176522e-02]] 
Episode: 537: [[ 0.1590854   0.09195784 -0.3561751  -0.154423    0.00052013  0.
  -0.04523616  0.          0.00317181  0.05351161]
 [ 0.15923904  0.21770956 -0.38803333 -0.14483601  0.08131266  0.
  -0.0540343   0.         -0.01725222  0.06613785]
 [ 0.29495433  0.39775774 -0.41490877 -0.08003824  0.11892033  0.
  -0.0151953   0.         -0.03533321  0.04818591]
 [ 0.50814277  0.5090943  -0.424288    0.08709448  0.11157175  0.
   0.04603485  0.         -0.04325048  0.01987964]
 [ 0.3569954   0.20622359 -0.29013652  0.06821359  0.05866828  0.
  -0.0214458   0.         -0.0089737   0.05496062]] 
Episode: 538: [[ 0.15915033  0.09206536 -0.35645115 -0.15452948  0.00060413  0.
  -0.04530786  0.          0.00317181  0.05354521]
 [ 0.15930064  0.21781921 -0.38831252 -0.14494309  0.08139246  0.
  -0.05409823  0.         -0.01725222  0.06616557]
 [ 0.29503536  0.3979123  -0.41521823 -0.08014678  0.11898457  0.
  -0.01520586  0.         -0.03533321  0.04816221]
 [ 0.5082795   0.5093164  -0.4246341   0.08699013  0.11165453  0.
   0.04607701  0.         -0.04325048  0.01977366]
 [ 0.35702595  0.20636436 -0.29049703  0.0680825   0.05874565  0.
  -0.02148222  0.         -0.0089737   0.05499396]] 
Episode: 539: [[ 0.15923268  0.0921874  -0.35675904 -0.15458235  0.00070246  0.
  -0.04542945  0.          0.00317181  0.05353898]
 [ 0.15938006  0.2179433  -0.3886239  -0.1449956   0.08148605  0.
  -0.05421225  0.         -0.01725222  0.0661509 ]
 [ 0.2951342   0.39808252 -0.41556096 -0.08019441  0.1190592   0.
  -0.0152706   0.         -0.03533321  0.04809049]
 [ 0.5084314   0.5095554  -0.42501396  0.086954    0.11174623  0.
   0.0460609   0.         -0.04325048  0.01961357]
 [ 0.35707602  0.20652276 -0.2908959   0.06801829  0.05883253  0.
  -0.02157195  0.         -0.0089737   0.05497944]] 
Episode: 540: [[ 0.15930048  0.09229321 -0.35704905 -0.15466985  0.00078071  0.
  -0.04551323  0.          0.00317181  0.05352431]
 [ 0.1594448   0.21805169 -0.38891748 -0.1450834   0.08155981  0.
  -0.05428652  0.         -0.01725222  0.06612799]
 [ 0.29521826  0.39824516 -0.41588923 -0.08027975  0.11911699  0.
  -0.01528361  0.         -0.03533321  0.0480058 ]
 [ 0.50856847  0.509799   -0.425385    0.08687617  0.11182591  0.
   0.04610044  0.         -0.04325048  0.01943384]
 [ 0.35711026  0.20666061 -0.29127192  0.06791194  0.05889989  0.
  -0.02162149  0.         -0.0089737   0.05495618]] 
Episode: 541: [[ 0.15938641  0.09242727 -0.35735896 -0.15469787  0.00085634  0.
  -0.04564573  0.          0.00317181  0.05344938]
 [ 0.15952836  0.21818888 -0.38923123 -0.14511071  0.08163022  0.
  -0.05440988  0.         -0.01725222  0.0660415 ]
 [ 0.29532403  0.39844456 -0.4162398  -0.08029676  0.11917147  0.
  -0.01535054  0.         -0.03533321  0.04785451]
 [ 0.5087286   0.5100868  -0.42578176  0.08687462  0.11190373  0.
   0.04608199  0.         -0.04325048  0.0191995 ]
 [ 0.35716948  0.20683326 -0.29167488  0.06787803  0.05896164  0.
  -0.02172305  0.         -0.0089737   0.05486066]] 
Episode: 542: [[ 0.1594526   0.09255903 -0.3576124  -0.15478654  0.00091523  0.
  -0.04570784  0.          0.00317181  0.05339755]
 [ 0.15959196  0.21832417 -0.38948762 -0.14520004  0.08168396  0.
  -0.05446434  0.         -0.01725222  0.06598105]
 [ 0.29540807  0.39864475 -0.41652843 -0.08038328  0.1192081   0.
  -0.01535555  0.         -0.03533321  0.04774403]
 [ 0.50886714  0.51037705 -0.42611122  0.08679476  0.11195571  0.
   0.04611941  0.         -0.04325048  0.01902427]
 [ 0.35720465  0.20700213 -0.29200235  0.0677688   0.05900751  0.
  -0.02175745  0.         -0.0089737   0.05479179]] 
Episode: 543: [[ 0.1595279   0.09269852 -0.35786858 -0.15483889  0.00096128  0.
  -0.04572866  0.          0.00317181  0.05333449]
 [ 0.15966533  0.2184673  -0.38974702 -0.14525223  0.08172476  0.
  -0.05447528  0.         -0.01725222  0.0659086 ]
 [ 0.2955065   0.39885458 -0.41682214 -0.08042619  0.1192306   0.
  -0.01531375  0.         -0.03533321  0.04761852]
 [ 0.5090269   0.5106785  -0.42644906  0.08676622  0.11199225  0.
   0.04620565  0.         -0.04325048  0.0188288 ]
 [ 0.35725752  0.2071797  -0.2923346   0.06770462  0.05903791  0.
  -0.02174349  0.         -0.0089737   0.05471077]] 
Episode: 544: [[ 0.15958342  0.09283718 -0.3581158  -0.15492769  0.00098923  0.
  -0.04580007  0.          0.00317181  0.05325978]
 [ 0.15971817  0.21861038 -0.38999775 -0.14534116  0.08174758  0.
  -0.05454164  0.         -0.01725222  0.06582575]
 [ 0.29558474  0.39907333 -0.417111   -0.08050327  0.11923422  0.
  -0.01533135  0.         -0.03533321  0.0474722 ]
 [ 0.50917023  0.5109993  -0.42678732  0.08670644  0.11200991  0.
   0.04622925  0.         -0.04325048  0.018596  ]
 [ 0.35728583  0.20735496 -0.29265475  0.06759594  0.05904786  0.
  -0.02178791  0.         -0.0089737   0.05461779]] 
Episode: 545: [[ 0.15965433  0.09300034 -0.3583806  -0.15497655  0.00103617  0.
  -0.04585293  0.          0.00317181  0.05319789]
 [ 0.15978698  0.21877801 -0.3902663  -0.14538936  0.08178984  0.
  -0.05458789  0.         -0.01725222  0.06575633]
 [ 0.29568267  0.3993149  -0.41741773 -0.08053582  0.11925808  0.
  -0.01531322  0.         -0.03533321  0.04734457]
 [ 0.5093414   0.51134086 -0.42714486  0.08669606  0.11204846  0.
   0.04630448  0.         -0.04325048  0.01838587]
 [ 0.3573357   0.20756339 -0.29300052  0.0675372   0.05908053  0.
  -0.02180693  0.         -0.0089737   0.05453977]] 
Episode: 546: [[ 0.15976705  0.09323546 -0.35868266 -0.15492538  0.00114815  0.
  -0.04595765  0.          0.00317181  0.05314213]
 [ 0.1598982   0.21901791 -0.39057195 -0.14533594  0.08189581  0.
  -0.05468606  0.         -0.01725222  0.06569196]
 [ 0.2958224   0.3996283  -0.4177567  -0.08046381  0.11934416  0.
  -0.01535213  0.         -0.03533321  0.04721767]
 [ 0.5095516   0.5117487  -0.42752725  0.08679406  0.11214899  0.
   0.0463182   0.         -0.04325048  0.0181701 ]
 [ 0.35742766  0.2078624  -0.29338908  0.06760193  0.05917911  0.
  -0.02188105  0.         -0.0089737   0.0544661 ]] 
Episode: 547: [[ 0.15993303  0.09348486 -0.3589582  -0.1548588   0.00126052  0.
  -0.04610902  0.          0.00317181  0.05306853]
 [ 0.16006504  0.21927132 -0.39085028 -0.145267    0.08200173  0.
  -0.05483094  0.         -0.01725222  0.0656087 ]
 [ 0.29601198  0.3999486  -0.41806468 -0.08037909  0.11943206  0.
  -0.01544235  0.         -0.03533321  0.04707955]
 [ 0.50979924  0.5121546  -0.42787436  0.0869006   0.11225135  0.
   0.04627657  0.         -0.04325048  0.01795266]
 [ 0.3575774   0.20818137 -0.29374376  0.06768516  0.05928195  0.
  -0.02200472  0.         -0.0089737   0.05437307]] 
Episode: 548: [[ 0.16010526  0.09379786 -0.3592903  -0.1547401   0.00138824  0.
  -0.04630231  0.          0.00317181  0.05300926]
 [ 0.16023797  0.21958876 -0.39118594 -0.1451447   0.08212142  0.
  -0.05501783  0.         -0.01725222  0.06554087]
 [ 0.29620913  0.400335   -0.41843393 -0.08023225  0.11952735  0.
  -0.01557874  0.         -0.03533321  0.04697243]
 [ 0.5100561   0.5126281  -0.42828658  0.08708112  0.11235909  0.
   0.04618719  0.         -0.04325048  0.01778921]
 [ 0.3577319   0.20858198 -0.29417077  0.06783029  0.05939783  0.
  -0.02217295  0.         -0.0089737   0.0542937 ]] 
Episode: 549: [[ 0.16027242  0.09410057 -0.35962108 -0.15459019  0.00152359  0.
  -0.04653332  0.          0.00317181  0.05299063]
 [ 0.16040534  0.21989578 -0.3915202  -0.14499071  0.08224884  0.
  -0.05524248  0.         -0.01725222  0.06551584]
 [ 0.29639858  0.40070635 -0.41880035 -0.08005156  0.11963049  0.
  -0.01575664  0.         -0.03533321  0.04691537]
 [ 0.510302    0.51308    -0.4286939   0.08729808  0.11246837  0.
   0.04605281  0.         -0.04325048  0.01768132]
 [ 0.35787767  0.20896976 -0.29459503  0.06801351  0.05952138  0.
  -0.02238125  0.         -0.0089737   0.05425973]] 
Episode: 550: [[ 0.16039614  0.09434687 -0.35993075 -0.15459794  0.00164146  0.
  -0.04668408  0.          0.00317181  0.05296593]
 [ 0.1605279   0.22014594 -0.39183372 -0.14499795  0.08235971  0.
  -0.0553881   0.         -0.01725222  0.06548577]
 [ 0.2965418   0.40102494 -0.41914913 -0.08004732  0.11971854  0.
  -0.01586154  0.         -0.03533321  0.0468516 ]
 [ 0.5105029   0.5134892  -0.42908832  0.08731749  0.11256287  0.
   0.04598584  0.         -0.04325048  0.01756192]
 [ 0.35796475  0.20928584 -0.29499334  0.06800261  0.0596319   0.
  -0.02251172  0.         -0.0089737   0.0542196 ]] 
Episode: 551: [[ 0.16049187  0.09456969 -0.36021113 -0.15468274  0.00172631  0.
  -0.04676264  0.          0.00317181  0.05292727]
 [ 0.1606213   0.22037238 -0.39211714 -0.14508358  0.08243709  0.
  -0.05546265  0.         -0.01725222  0.06544262]
 [ 0.29665384  0.40132582 -0.41946343 -0.08012354  0.11976941  0.
  -0.01590076  0.         -0.03533321  0.04678158]
 [ 0.51067454  0.51388955 -0.4294435   0.08725657  0.11261351  0.
   0.0459795   0.         -0.04325048  0.01744497]
 [ 0.35801432  0.20957236 -0.29535165  0.06789713  0.05970554  0.
  -0.0225722   0.         -0.0089737   0.05415833]] 
Episode: 552: [[ 0.16053353  0.09468161 -0.36043477 -0.15483361  0.00168767  0.
  -0.04677628  0.          0.00317181  0.05297768]
 [ 0.16065896  0.22048719 -0.39234355 -0.14523654  0.08239149  0.
  -0.05547325  0.         -0.01725222  0.06548692]
 [ 0.2966993   0.40150633 -0.41972256 -0.08026749  0.11969084  0.
  -0.01588091  0.         -0.03533321  0.04679716]
 [ 0.5107633   0.51416266 -0.42974523  0.08712785  0.11252183  0.
   0.04602773  0.         -0.04325048  0.01741306]
 [ 0.35798392  0.2097143  -0.29564244  0.06770821  0.05964317  0.
  -0.02256973  0.         -0.0089737   0.05419061]] 
Episode: 553: [[ 0.16060212  0.09478936 -0.36064157 -0.15496387  0.00164043  0.
  -0.04680869  0.          0.00317181  0.05303022]
 [ 0.16072513  0.22059731 -0.39255273 -0.1453685   0.08233714  0.
  -0.05550382  0.         -0.01725222  0.06553418]
 [ 0.29677284  0.40167588 -0.41996065 -0.08039133  0.11960471  0.
  -0.0158805   0.         -0.03533321  0.04681972]
 [ 0.5108773   0.51441616 -0.43002132  0.08701756  0.11242367  0.
   0.04605731  0.         -0.04325048  0.01739194]
 [ 0.3579931   0.20985103 -0.295911    0.06754564  0.059569    0.
  -0.02258396  0.         -0.0089737   0.0542296 ]] 
Episode: 554: [[ 0.16070893  0.09490338 -0.36085778 -0.15505315  0.00161446  0.
  -0.04689492  0.          0.00317181  0.05305086]
 [ 0.16083102  0.22071359 -0.3927711  -0.14545873  0.08230405  0.
  -0.05558782  0.         -0.01725222  0.06554831]
 [ 0.29688504  0.4018491  -0.4202031  -0.08047335  0.11953676  0.
  -0.01593531  0.         -0.03533321  0.04680723]
 [ 0.51102376  0.5146699  -0.43029553  0.08694786  0.11233704  0.
   0.04602995  0.         -0.04325048  0.01733359]
 [ 0.3580469   0.20999712 -0.29618835  0.06743584  0.05951338  0.
  -0.02265368  0.         -0.0089737   0.05423408]] 
Episode: 555: [[ 0.16081537  0.09501152 -0.36108726 -0.15511635  0.00157371  0.
  -0.04692213  0.          0.00317181  0.05305274]
 [ 0.16093673  0.22082452 -0.3930037  -0.14552169  0.08225604  0.
  -0.05560773  0.         -0.01725222  0.06554282]
 [ 0.2970035   0.40202162 -0.42046776 -0.08051956  0.11945353  0.
  -0.01592946  0.         -0.03533321  0.04676434]
 [ 0.511188    0.5149316  -0.43060327  0.08692359  0.11224004  0.
   0.0460593   0.         -0.04325048  0.0172292 ]
 [ 0.35810727  0.2101363  -0.29648417  0.06735906  0.05943968  0.
  -0.02265951  0.         -0.0089737   0.05421835]] 
Episode: 556: [[ 0.16091661  0.09512618 -0.36129305 -0.15515742  0.00154369  0.
  -0.04700367  0.          0.00317181  0.05306324]
 [ 0.16103758  0.2209422  -0.39321232 -0.14556192  0.08221939  0.
  -0.05568211  0.         -0.01725222  0.06554702]
 [ 0.29711956  0.40219545 -0.420706   -0.08054171  0.11938594  0.
  -0.01597936  0.         -0.03533321  0.04673855]
 [ 0.5113523   0.51518553 -0.43088144  0.08692476  0.11216174  0.
   0.04603175  0.         -0.04325048  0.01715253]
 [ 0.35816792  0.21028504 -0.2967498   0.06730912  0.05938303  0.
  -0.02272164  0.         -0.0089737   0.0542137 ]] 
Episode: 557: [[ 0.16102074  0.09522969 -0.36148337 -0.15519027  0.00151145  0.
  -0.04704215  0.          0.00317181  0.05310191]
 [ 0.16114156  0.22104856 -0.393405   -0.14559394  0.08218084  0.
  -0.05571057  0.         -0.01725222  0.06558241]
 [ 0.29723683  0.40235394 -0.42092475 -0.08055674  0.11931725  0.
  -0.01597068  0.         -0.03533321  0.04674596]
 [ 0.51151496  0.5154184  -0.43113604  0.08693137  0.1120807   0.
   0.04606091  0.         -0.04325048  0.01710875]
 [ 0.35823205  0.2104211  -0.29699516  0.06727004  0.05932657  0.
  -0.02272609  0.         -0.0089737   0.05424472]] 
Episode: 558: [[ 0.16121778  0.09544094 -0.36169842 -0.1551826   0.00153513  0.
  -0.04713385  0.          0.00317181  0.05311261]
 [ 0.16133584  0.22126243 -0.3936216  -0.14558505  0.0821947   0.
  -0.05579265  0.         -0.01725222  0.06558693]
 [ 0.2974529   0.402612   -0.42115906 -0.08053478  0.11929461  0.
  -0.016018    0.         -0.03533321  0.04672887]
 [ 0.5117898   0.5157344  -0.431396    0.08696757  0.11204476  0.
   0.04603321  0.         -0.04325048  0.0170528 ]
 [ 0.35842735  0.21069698 -0.2972661   0.06728069  0.05932243  0.
  -0.02278697  0.         -0.0089737   0.05424546]] 
Episode: 559: [[ 0.16143824  0.09566816 -0.361974   -0.15510595  0.00154251  0.
  -0.04727339  0.          0.00317181  0.05312967]
 [ 0.16155529  0.22149187 -0.3939002  -0.14550507  0.08219027  0.
  -0.05592295  0.         -0.01725222  0.06559783]
 [ 0.29769865  0.40288937 -0.4214571  -0.08043592  0.11925172  0.
  -0.0161157   0.         -0.03533321  0.04671821]
 [ 0.51209575  0.51607955 -0.43171963  0.08708747  0.11200158  0.
   0.04595438  0.         -0.04325048  0.01700487]
 [ 0.35865092  0.21099226 -0.29761752  0.06737641  0.0592943   0.
  -0.02289858  0.         -0.0089737   0.05425595]] 
Episode: 560: [[ 0.16164526  0.09587807 -0.36223733 -0.15502025  0.00154141  0.
  -0.0473964   0.          0.00317181  0.05313373]
 [ 0.1617618   0.22170433 -0.39416677 -0.14541553  0.08217797  0.
  -0.05603751  0.         -0.01725222  0.06559433]
 [ 0.29793388  0.40315    -0.42174545 -0.08032504  0.11920033  0.
  -0.01620186  0.         -0.03533321  0.04668558]
 [ 0.5123947   0.5164082  -0.43203652  0.08722293  0.11194678  0.
   0.04587901  0.         -0.04325048  0.01692396]
 [ 0.3588648   0.21126474 -0.29795364  0.06748348  0.05925786  0.
  -0.02299405  0.         -0.0089737   0.05425315]] 
Episode: 561: [[ 0.16191228  0.09606714 -0.36248857 -0.15492547  0.00157602  0.
  -0.04756417  0.          0.00317181  0.05322301]
 [ 0.16203189  0.22189526 -0.39442056 -0.14531705  0.08220165  0.
  -0.05619708  0.         -0.01725222  0.06567472]
 [ 0.2982289   0.40338874 -0.4220168  -0.08020844  0.11918865  0.
  -0.01633456  0.         -0.03533321  0.04673519]
 [ 0.5127431   0.516714   -0.43233138  0.08735924  0.11193261  0.
   0.04575722  0.         -0.04325048  0.0169248 ]
 [ 0.35914847  0.21151371 -0.2982726   0.06760124  0.05926628  0.
  -0.02313683  0.         -0.0089737   0.05433838]] 
Episode: 562: [[ 0.16212139  0.09626839 -0.36268896 -0.1550862   0.00161792  0.
  -0.04777218  0.          0.00317181  0.05325937]
 [ 0.16224252  0.22209929 -0.3946225  -0.14547193  0.08223262  0.
  -0.05639713  0.         -0.01725222  0.0657028 ]
 [ 0.2984663   0.40363878 -0.42223507 -0.0803131   0.11918288  0.
  -0.01648365  0.         -0.03533321  0.04675293]
 [ 0.5130423   0.5170241  -0.43257058  0.08730275  0.11191359  0.
   0.04568228  0.         -0.04325048  0.01692322]
 [ 0.35934836  0.21177666 -0.29852122  0.06743194  0.05928526  0.
  -0.02332216  0.         -0.0089737   0.05436599]] 
Episode: 563: [[ 0.16233395  0.09648092 -0.36289793 -0.15519138  0.001671    0.
  -0.04801638  0.          0.00317181  0.05327398]
 [ 0.1624572   0.22231466 -0.3948333  -0.14557058  0.08227486  0.
  -0.05663357  0.         -0.01725222  0.06570748]
 [ 0.29870805  0.40389866 -0.42246228 -0.08036292  0.11919238  0.
  -0.016673    0.         -0.03533321  0.0467427 ]
 [ 0.51334596  0.51734173 -0.43281925  0.08730059  0.11191742  0.
   0.04556086  0.         -0.04325048  0.01688662]
 [ 0.35955513  0.2120535  -0.29878402  0.06732924  0.05931824  0.
  -0.02354575  0.         -0.0089737   0.05436721]] 
Episode: 564: [[ 0.16256234  0.09667514 -0.3630877  -0.15527079  0.0017782   0.
  -0.04829312  0.          0.00317181  0.05326255]
 [ 0.16268837  0.22251125 -0.39502433 -0.14564376  0.08237304  0.
  -0.05690276  0.         -0.01725222  0.06568573]
 [ 0.29895595  0.4041361  -0.4226659  -0.08039231  0.11926211  0.
  -0.01689856  0.         -0.03533321  0.04670903]
 [ 0.51364005  0.51763207 -0.43304014  0.08731345  0.11198001  0.
   0.04539762  0.         -0.04325048  0.01683061]
 [ 0.35976884  0.21230644 -0.29901925  0.06725601  0.05941707  0.
  -0.02380374  0.         -0.0089737   0.05434056]] 
Episode: 565: [[ 0.16275944  0.09687945 -0.36327392 -0.15534143  0.00192501  0.
  -0.04859912  0.          0.00317181  0.05331477]
 [ 0.1628863   0.22271864 -0.39521167 -0.1457087   0.08251234  0.
  -0.05720137  0.         -0.01725222  0.06573195]
 [ 0.29916626  0.4043809  -0.422864   -0.08041742  0.11937668  0.
  -0.01715669  0.         -0.03533321  0.04674596]
 [ 0.5138987   0.5179231  -0.43325353  0.08732793  0.11208573  0.
   0.04520355  0.         -0.04325048  0.01684124]
 [ 0.3599424   0.21257219 -0.29924992  0.06719177  0.05956202  0.
  -0.02409267  0.         -0.0089737   0.05438569]] 
Episode: 566: [[ 0.16295567  0.0970815  -0.36348808 -0.15536344  0.00203218  0.
  -0.04890934  0.          0.00317181  0.05331689]
 [ 0.1630837   0.22292493 -0.39542818 -0.1457236   0.08261114  0.
  -0.05750814  0.         -0.01725222  0.06572447]
 [ 0.29938152  0.4046306  -0.42309514 -0.080387    0.11944614  0.
  -0.01743471  0.         -0.03533321  0.04671349]
 [ 0.5141679   0.51822704 -0.43350247  0.08740429  0.1121462   0.
   0.04497495  0.         -0.04325048  0.01677719]
 [ 0.3601237   0.21283528 -0.299517    0.06718604  0.05965501  0.
  -0.024387    0.         -0.0089737   0.05436894]] 
Episode: 567: [[ 0.16311835  0.0972131  -0.36348635 -0.15563376  0.00212813  0.
  -0.04913142  0.          0.00317181  0.05329923]
 [ 0.16324808  0.22305879 -0.3954202  -0.14597252  0.08270174  0.
  -0.05772772  0.         -0.01725222  0.06570476]
 [ 0.2995565   0.40479413 -0.4230665  -0.08056439  0.11952224  0.
  -0.01762969  0.         -0.03533321  0.04673916]
 [ 0.5143782   0.5184189  -0.4334554   0.08729668  0.11219667  0.
   0.04482321  0.         -0.04325048  0.01679314]
 [ 0.36025822  0.21299796 -0.29950002  0.06691737  0.05974473  0.
  -0.02459497  0.         -0.0089737   0.05433685]] 
Episode: 568: [[ 0.16331507  0.09736495 -0.3634832  -0.15585841  0.00226669  0.
  -0.04938823  0.          0.00317181  0.05328125]
 [ 0.16344833  0.22321208 -0.3954108  -0.14617744  0.08283492  0.
  -0.05798169  0.         -0.01725222  0.06568297]
 [ 0.29976526  0.40497515 -0.42303735 -0.08070564  0.11964451  0.
  -0.01786029  0.         -0.03533321  0.04675963]
 [ 0.5146181   0.5186254  -0.43340877  0.08721727  0.11229806  0.
   0.04463271  0.         -0.04325048  0.0168051 ]
 [ 0.3604337   0.21318719 -0.29948053  0.06669814  0.05988795  0.
  -0.02483889  0.         -0.0089737   0.05430363]] 
Episode: 569: [[ 0.16349967  0.09752793 -0.36352998 -0.15603758  0.00237573  0.
  -0.04967589  0.          0.00317181  0.05325262]
 [ 0.1636359   0.22337748 -0.39545363 -0.1463373   0.08293774  0.
  -0.0582666   0.         -0.01725222  0.06564888]
 [ 0.29996422  0.40517172 -0.4230696  -0.08080012  0.11973081  0.
  -0.01812292  0.         -0.03533321  0.04675039]
 [ 0.5148558   0.5188538  -0.43343416  0.0871888   0.1123664   0.
   0.04440735  0.         -0.04325048  0.01676748]
 [ 0.3605983   0.21339236 -0.29952866  0.06653068  0.05999247  0.
  -0.02511514  0.         -0.0089737   0.05425692]] 
Episode: 570: [[ 0.16369535  0.09769559 -0.36360937 -0.15616669  0.00248154  0.
  -0.04999166  0.          0.00317181  0.05321178]
 [ 0.16383535  0.2235474  -0.39553013 -0.14644793  0.08303688  0.
  -0.05857931  0.         -0.01725222  0.06560091]
 [ 0.30017537  0.40537196 -0.4231379  -0.08085113  0.11981369  0.
  -0.01841435  0.         -0.03533321  0.04671696]
 [ 0.51510704  0.5190868  -0.43349805  0.08719786  0.11243518  0.
   0.04415062  0.         -0.04325048  0.01669471]
 [ 0.3607827   0.21360391 -0.29962337  0.06642123  0.06009342  0.
  -0.02542045  0.         -0.0089737   0.05419557]] 
Episode: 571: [[ 0.1639609   0.09787337 -0.3636856  -0.15625593  0.00259311  0.
  -0.05033271  0.          0.00317181  0.05315975]
 [ 0.16410805  0.22372623 -0.39560303 -0.14651993  0.08314027  0.
  -0.05891704  0.         -0.01725222  0.06553996]
 [ 0.30045998  0.40557817 -0.4232016  -0.08087008  0.11990014  0.
  -0.01873169  0.         -0.03533321  0.04667423]
 [ 0.51542366  0.5193231  -0.4335558   0.08723062  0.11251     0.
   0.04386569  0.         -0.04325048  0.01662428]
 [ 0.36105296  0.21382765 -0.29971194  0.06635615  0.060199    0.
  -0.02575189  0.         -0.0089737   0.05412435]] 
Episode: 572: [[ 0.16421309  0.09806177 -0.36375073 -0.15632892  0.00270314  0.
  -0.05063634  0.          0.00317181  0.05316969]
 [ 0.1643671   0.22391511 -0.39566496 -0.14657722  0.08324225  0.
  -0.05921675  0.         -0.01725222  0.06554405]
 [ 0.30073017  0.40579036 -0.4232558  -0.08087914  0.1199843   0.
  -0.01899586  0.         -0.03533321  0.04669462]
 [ 0.5157267   0.51955974 -0.43360618  0.08727013  0.11257706  0.
   0.04366066  0.         -0.04325048  0.01661525]
 [ 0.3613066   0.21406232 -0.29978728  0.06630733  0.06030307  0.
  -0.02603863  0.         -0.0089737   0.05412443]] 
Episode: 573: [[ 0.16444445  0.09825199 -0.36386853 -0.15636773  0.00280298  0.
  -0.05094698  0.          0.00317181  0.05314779]
 [ 0.16460451  0.22410768 -0.39578232 -0.14660004  0.08333429  0.
  -0.05952592  0.         -0.01725222  0.06551398]
 [ 0.3009839   0.40601462 -0.42337653 -0.08084889  0.12005805  0.
  -0.01927055  0.         -0.03533321  0.04666324]
 [ 0.5160203   0.5198181  -0.4337369   0.08735516  0.11263793  0.
   0.04344169  0.         -0.04325048  0.01653771]
 [ 0.3615363   0.21430126 -0.2999351   0.06629428  0.06039457  0.
  -0.02633534  0.         -0.0089737   0.05408448]] 
Episode: 574: [[ 0.1646659   0.09841368 -0.3639828  -0.15637167  0.00289198  0.
  -0.05119926  0.          0.00317181  0.05309922]
 [ 0.1648321   0.22427088 -0.39589605 -0.14658792  0.08341664  0.
  -0.05977298  0.         -0.01725222  0.06545711]
 [ 0.30123073  0.40619767 -0.42349133 -0.08078201  0.12012339  0.
  -0.01946943  0.         -0.03533321  0.0466142 ]
 [ 0.51631004  0.520022   -0.43385872  0.08747802  0.11268996  0.
   0.0432986   0.         -0.04325048  0.01645908]
 [ 0.36176324  0.21450649 -0.3000786   0.06632163  0.06047572  0.
  -0.02656697  0.         -0.0089737   0.05401377]] 
Episode: 575: [[ 0.16487609  0.09859128 -0.36413223 -0.15636389  0.00298807  0.
  -0.0514023   0.          0.00317181  0.05305559]
 [ 0.1650476   0.22445132 -0.39604598 -0.14656487  0.08350646  0.
  -0.05996683  0.         -0.01725222  0.06540594]
 [ 0.30146772  0.40640256 -0.4236448  -0.08070446  0.12019391  0.
  -0.01959319  0.         -0.03533321  0.04657081]
 [ 0.5166002   0.5202542  -0.43402046  0.08761257  0.11274958  0.
   0.04322378  0.         -0.04325048  0.01638565]
 [ 0.36197695  0.21473521 -0.30026728  0.06636199  0.06056421  0.
  -0.02673418  0.         -0.0089737   0.05394693]] 
Episode: 576: [[ 0.16515766  0.09878083 -0.36426362 -0.15633303  0.00307436  0.
  -0.0515331   0.          0.00317181  0.05305522]
 [ 0.1653371   0.22464262 -0.39617684 -0.14651978  0.08358567  0.
  -0.06008473  0.         -0.01725222  0.06539968]
 [ 0.30177176  0.4066138  -0.42377654 -0.08061075  0.12024917  0.
  -0.01964937  0.         -0.03533321  0.04657548]
 [ 0.5169411   0.5204862  -0.43415818  0.08775514  0.11279007  0.
   0.04321038  0.         -0.04325048  0.01636707]
 [ 0.36226267  0.2149783  -0.30042854  0.06642719  0.06063743  0.
  -0.02682775  0.         -0.0089737   0.05392995]] 
Episode: 577: [[ 0.16541278  0.0989909  -0.36438754 -0.15631631  0.00317082  0.
  -0.05164748  0.          0.00317181  0.05305735]
 [ 0.16559924  0.22485667 -0.39630058 -0.14649053  0.08367616  0.
  -0.06018396  0.         -0.01725222  0.06539783]
 [ 0.30204883  0.40685478 -0.4239033  -0.08053608  0.12031724  0.
  -0.01966398  0.         -0.03533321  0.04659392]
 [ 0.5172536   0.5207514  -0.43429273  0.08787463  0.11284167  0.
   0.04325224  0.         -0.04325048  0.01637813]
 [ 0.3625171   0.21524662 -0.30058005  0.06647142  0.06072402  0.
  -0.026903    0.         -0.0089737   0.05391632]] 
Episode: 578: [[ 0.16564387  0.09920642 -0.36451015 -0.15628628  0.00325511  0.
  -0.0517117   0.          0.00317181  0.05305107]
 [ 0.16583699  0.22507791 -0.396424   -0.14644772  0.0837549   0.
  -0.06022973  0.         -0.01725222  0.06538634]
 [ 0.302304    0.4071103  -0.4240359  -0.08044446  0.12037533  0.
  -0.01962193  0.         -0.03533321  0.04659303]
 [ 0.51754934  0.521039   -0.43444228  0.08801534  0.11288556  0.
   0.04334382  0.         -0.04325048  0.01635954]
 [ 0.3627489   0.21552421 -0.3007336   0.06653108  0.06079895  0.
  -0.02692179  0.         -0.0089737   0.05389405]] 
Episode: 579: [[ 0.16586122  0.09943057 -0.36467043 -0.15623955  0.00332843  0.
  -0.05181737  0.          0.00317181  0.05305161]
 [ 0.16606037  0.22530702 -0.39658663 -0.14638779  0.08382134  0.
  -0.06032202  0.         -0.01725222  0.06538054]
 [ 0.3025482   0.40737346 -0.4242143  -0.08033077  0.12041511  0.
  -0.01963215  0.         -0.03533321  0.04658746]
 [ 0.5178414   0.5213364  -0.43464503  0.08818536  0.11291084  0.
   0.04338684  0.         -0.04325048  0.0163229 ]
 [ 0.36296147  0.21581157 -0.30093917  0.06661022  0.06085825  0.
  -0.02698441  0.         -0.0089737   0.05387831]] 
Episode: 580: [[ 0.16605262  0.09960563 -0.3648563  -0.15623564  0.00333595  0.
  -0.05185706  0.          0.00317181  0.05307261]
 [ 0.16625734  0.22548847 -0.396777   -0.14637221  0.08382064  0.
  -0.06034848  0.         -0.01725222  0.0653947 ]
 [ 0.30276966  0.40761152 -0.42443165 -0.08026136  0.12039091  0.
  -0.01958617  0.         -0.03533321  0.04658072]
 [ 0.51812     0.52164334 -0.4349017   0.08831295  0.11288969  0.
   0.04347946  0.         -0.04325048  0.01625713]
 [ 0.3631455   0.21604122 -0.30118257  0.06663678  0.06083982  0.
  -0.02698382  0.         -0.0089737   0.05389054]] 
Episode: 581: [[ 0.16625407  0.09982397 -0.36505756 -0.15618935  0.00334037  0.
  -0.05189075  0.          0.00317181  0.05307896]
 [ 0.1664648   0.22571428 -0.39698315 -0.14631356  0.08381652  0.
  -0.06036862  0.         -0.01725222  0.06539312]
 [ 0.3030063   0.4078933  -0.42466414 -0.08014876  0.12035912  0.
  -0.01952621  0.         -0.03533321  0.04655943]
 [ 0.5184209   0.5219879  -0.43517175  0.08848327  0.11285642  0.
   0.04359948  0.         -0.04325048  0.01618147]
 [ 0.36334738  0.21632639 -0.30144596  0.06671441  0.06081434  0.
  -0.02697084  0.         -0.0089737   0.05388343]] 
Episode: 582: [[ 0.16642535  0.10001998 -0.36519015 -0.15616909  0.00338782  0.
  -0.05189127  0.          0.00317181  0.05312089]
 [ 0.1666413   0.22591703 -0.3971189  -0.14628272  0.0838582   0.
  -0.0603541   0.         -0.01725222  0.06542956]
 [ 0.30320984  0.4081412  -0.42482305 -0.08006928  0.12037647  0.
  -0.01942458  0.         -0.03533321  0.04657974]
 [ 0.5186854   0.5222833  -0.4353661   0.08861578  0.11286089  0.
   0.04376141  0.         -0.04325048  0.01615196]
 [ 0.36351287  0.21658096 -0.30161688  0.06675801  0.06084531  0.
  -0.02692384  0.         -0.0089737   0.05391845]] 
Episode: 583: [[ 0.1666266   0.10023512 -0.36541867 -0.15609758  0.00345335  0.
  -0.05194904  0.          0.00317181  0.05321867]
 [ 0.16684866  0.22613773 -0.39735234 -0.1461996   0.08391549  0.
  -0.0603977   0.         -0.01725222  0.06552558]
 [ 0.30344665  0.40840676 -0.4250801  -0.07993844  0.12040178  0.
  -0.01938836  0.         -0.03533321  0.04666588]
 [ 0.5189854   0.5226024  -0.43565664  0.08879816  0.11287615  0.
   0.04385319  0.         -0.04325048  0.01619288]
 [ 0.36371085  0.21685918 -0.3019141   0.06686272  0.0608902   0.
  -0.02693857  0.         -0.0089737   0.05402056]] 
Episode: 584: [[ 0.16679715  0.10047637 -0.3656812  -0.15604584  0.00347171  0.
  -0.05197414  0.          0.00317181  0.0533582 ]
 [ 0.16702393  0.22638716 -0.39762205 -0.1461362   0.0839235   0.
  -0.0604037   0.         -0.01725222  0.06566586]
 [ 0.30365422  0.40872335 -0.42538446 -0.0798208   0.12037302  0.
  -0.01930055  0.         -0.03533321  0.04679442]
 [ 0.519264    0.52299833 -0.4360079   0.08897662  0.11284036  0.
   0.0439897   0.         -0.04325048  0.01627383]
 [ 0.36386615  0.2171737  -0.30225518  0.066942    0.06087655  0.
  -0.02691082  0.         -0.0089737   0.05417598]] 
Episode: 585: [[ 0.1669286   0.10071862 -0.36587754 -0.15607415  0.00349916  0.
  -0.05205406  0.          0.00317181  0.05350568]
 [ 0.16715872  0.22664182 -0.39782315 -0.1461585   0.08394261  0.
  -0.06046578  0.         -0.01725222  0.06581187]
 [ 0.3038195   0.40906215 -0.42561066 -0.07981042  0.12036397  0.
  -0.01927675  0.         -0.03533321  0.04690002]
 [ 0.5195036   0.52342963 -0.43626985  0.08902445  0.11282596  0.
   0.04405862  0.         -0.04325048  0.01629042]
 [ 0.36397448  0.21749093 -0.30250782  0.0669199   0.06087936  0.
  -0.02694286  0.         -0.0089737   0.0543372 ]] 
Episode: 586: [[ 0.16704991  0.10093047 -0.3660787  -0.15610828  0.00349494  0.
  -0.05206864  0.          0.00317181  0.0536232 ]
 [ 0.16728294  0.2268651  -0.3980298  -0.146187    0.08392955  0.
  -0.06046497  0.         -0.01725222  0.06592737]
 [ 0.3039743   0.40936607 -0.4258455  -0.07980642  0.12032027  0.
  -0.01920015  0.         -0.03533321  0.0469833 ]
 [ 0.5197341   0.5238243  -0.43654355  0.08906546  0.11277606  0.
   0.04417454  0.         -0.04325048  0.01629766]
 [ 0.36407796  0.21777022 -0.3027673   0.06689052  0.06084515  0.
  -0.0269147   0.         -0.0089737   0.05446518]] 
Episode: 587: [[ 0.16717583  0.10115889 -0.36629623 -0.15612108  0.00348939  0.
  -0.05209613  0.          0.00317181  0.05369927]
 [ 0.16741207  0.22710508 -0.3982536  -0.14619355  0.08391537  0.
  -0.0604789   0.         -0.01725222  0.06599928]
 [ 0.30413663  0.40968347 -0.4260989  -0.07977837  0.12027457  0.
  -0.01913969  0.         -0.03533321  0.04702473]
 [ 0.51997346  0.52422684 -0.4368354   0.08913249  0.11272553  0.
   0.0442775   0.         -0.04325048  0.01627046]
 [ 0.3641935   0.21807046 -0.30304745  0.0668869   0.0608072   0.
  -0.02690267  0.         -0.0089737   0.05454367]] 
Episode: 588: [[ 0.16729304  0.10136091 -0.36652705 -0.15613858  0.0034599   0.
  -0.05207263  0.          0.00317181  0.05374085]
 [ 0.1675324   0.2273178  -0.39849168 -0.14620468  0.08387645  0.
  -0.06043646  0.         -0.01725222  0.06603656]
 [ 0.3042933   0.40997237 -0.42637163 -0.0797505   0.1202008   0.
  -0.01903006  0.         -0.03533321  0.04703391]
 [ 0.5202118   0.5246036  -0.43715116  0.08920448  0.11264917  0.
   0.04442409  0.         -0.04325048  0.01621736]
 [ 0.36430347  0.21833786 -0.30334556  0.06687739  0.06074216  0.
  -0.02683482  0.         -0.0089737   0.05458121]] 
Episode: 589: [[ 0.16740082  0.10147876 -0.36676627 -0.15621999  0.00337676  0.
  -0.05199413  0.          0.00317181  0.05371922]
 [ 0.16764268  0.22744693 -0.39873928 -0.14628316  0.08378293  0.
  -0.06034158  0.         -0.01725222  0.06600836]
 [ 0.30443886  0.41018775 -0.42665902 -0.07980212  0.12006552  0.
  -0.01887619  0.         -0.03533321  0.04696687]
 [ 0.52043897  0.5249279  -0.43748596  0.08918478  0.11250848  0.
   0.04460994  0.         -0.04325048  0.01609548]
 [ 0.3644014   0.21850157 -0.30365244  0.06678747  0.06061099  0.
  -0.02671677  0.         -0.0089737   0.05454347]] 
Episode: 590: [[ 0.16749306  0.10157564 -0.36698946 -0.1563218   0.00329136  0.
  -0.05188687  0.          0.00317181  0.05369784]
 [ 0.1677372   0.22755384 -0.3989707  -0.1463831   0.08368771  0.
  -0.06021461  0.         -0.01725222  0.06598036]
 [ 0.30456978  0.4103745  -0.42693055 -0.07987814  0.11993311  0.
  -0.01868255  0.         -0.03533321  0.04690337]
 [ 0.5206537   0.52521926 -0.43780643  0.08913846  0.11237639  0.
   0.0448311   0.         -0.04325048  0.01598137]
 [ 0.36448416  0.21863906 -0.30394056  0.06667201  0.06048156  0.
  -0.026564    0.         -0.0089737   0.05450646]] 
Episode: 591: [[ 0.1676114   0.10175374 -0.36726096 -0.15634531  0.00322851  0.
  -0.05184773  0.          0.00317181  0.05365305]
 [ 0.16785835  0.22774197 -0.3992514  -0.14640214  0.08361416  0.
  -0.06015705  0.         -0.01725222  0.06592542]
 [ 0.30472833  0.41063857 -0.42725167 -0.07986812  0.11982143  0.
  -0.0185635   0.         -0.03533321  0.04681099]
 [ 0.5208949   0.525578   -0.43817532  0.08918161  0.11226899  0.
   0.04497619  0.         -0.04325048  0.01583803]
 [ 0.3645981   0.21887955 -0.3042929   0.06665333  0.06037353  0.
  -0.02648354  0.         -0.0089737   0.05443957]] 
Episode: 592: [[ 0.16773269  0.1019491  -0.36754203 -0.1563453   0.00319804  0.
  -0.05175517  0.          0.00317181  0.05365478]
 [ 0.16798207  0.22794694 -0.39954135 -0.14639725  0.08357415  0.
  -0.0600486   0.         -0.01725222  0.0659208 ]
 [ 0.30488563  0.41091365 -0.42757845 -0.07983392  0.11974625  0.
  -0.01840121  0.         -0.03533321  0.04678155]
 [ 0.52112585  0.52594036 -0.43854353  0.08924794  0.1122017   0.
   0.04516065  0.         -0.04325048  0.01577087]
 [ 0.3647106   0.21914235 -0.30465508  0.06666331  0.06030425  0.
  -0.02635418  0.         -0.0089737   0.05442792]] 
Episode: 593: [[ 0.16783498  0.10214277 -0.36779526 -0.15635331  0.00319606  0.
  -0.05161457  0.          0.00317181  0.05371425]
 [ 0.16808584  0.22815026 -0.39980242 -0.14640114  0.08356453  0.
  -0.05989438  0.         -0.01725222  0.06597801]
 [ 0.3050181   0.41118044 -0.42787343 -0.07981194  0.11970457  0.
  -0.01820002  0.         -0.03533321  0.04682764]
 [ 0.52132404  0.52628464 -0.43887696  0.0892988   0.1121655   0.
   0.04538054  0.         -0.04325048  0.01578462]
 [ 0.36479813  0.21940306 -0.30498058  0.0666616   0.06027227  0.
  -0.02618083  0.         -0.0089737   0.0544857 ]] 
Episode: 594: [[ 0.1679224   0.10231023 -0.3680237  -0.1563615   0.0032778   0.
  -0.05154538  0.          0.00317181  0.05383144]
 [ 0.16817348  0.22832672 -0.4000376  -0.14640562  0.08364093  0.
  -0.05981225  0.         -0.01725222  0.06609678]
 [ 0.30512416  0.4114142  -0.42813787 -0.07979298  0.11975547  0.
  -0.01807414  0.         -0.03533321  0.0469383 ]
 [ 0.5214819   0.5265883  -0.43917412  0.089345    0.11221866  0.
   0.04552452  0.         -0.04325048  0.01586157]
 [ 0.3648494   0.2196284  -0.30527133  0.06665845  0.06034464  0.
  -0.02608181  0.         -0.0089737   0.05461248]] 
Episode: 595: [[ 0.168025    0.10248303 -0.36827382 -0.15634607  0.00336742  0.
  -0.05150062  0.          0.00317181  0.05394513]
 [ 0.16827619  0.22850749 -0.40029436 -0.14638612  0.08372469  0.
  -0.0597555   0.         -0.01725222  0.06621138]
 [ 0.3052382   0.41165078 -0.4284196  -0.07975186  0.11981321  0.
  -0.01796442  0.         -0.03533321  0.04704576]
 [ 0.52163386  0.52689546 -0.4394818   0.08940914  0.11228413  0.
   0.04567313  0.         -0.04325048  0.01593602]
 [ 0.36490896  0.21986163 -0.30558747  0.06668309  0.06042175  0.
  -0.02600254  0.         -0.0089737   0.05473673]] 
Episode: 596: [[ 0.16811548  0.10265534 -0.36851588 -0.15632804  0.0034481   0.
  -0.05151769  0.          0.00317181  0.0540368 ]
 [ 0.16836657  0.22868808 -0.40054306 -0.14636405  0.08379959  0.
  -0.05976111  0.         -0.01725222  0.06630191]
 [ 0.30534062  0.41188854 -0.42869374 -0.07970855  0.11986393  0.
  -0.01792089  0.         -0.03533321  0.0471214 ]
 [ 0.5217746   0.52720404 -0.43978128  0.08947515  0.11234622  0.
   0.04575292  0.         -0.04325048  0.01597144]
 [ 0.36495933  0.22009492 -0.3058935   0.06671046  0.06049161  0.
  -0.0259882   0.         -0.0089737   0.0548365 ]] 
Episode: 597: [[ 0.16819859  0.10279722 -0.3687595  -0.15633664  0.00350618  0.
  -0.05147573  0.          0.00317181  0.05410863]
 [ 0.16844957  0.22883737 -0.40079385 -0.14636947  0.08385191  0.
  -0.05970951  0.         -0.01725222  0.0663721 ]
 [ 0.30543897  0.41209355 -0.42897335 -0.07969302  0.11989047  0.
  -0.01782653  0.         -0.03533321  0.04718012]
 [ 0.5219174   0.52747935 -0.44009     0.0895139   0.1123812   0.
   0.04587865  0.         -0.04325048  0.01599525]
 [ 0.36500788  0.22028822 -0.30620342  0.06670554  0.06053431  0.
  -0.02591833  0.         -0.0089737   0.05491296]] 
Episode: 598: [[ 0.16828999  0.10295144 -0.36903316 -0.15631135  0.00354637  0.
  -0.05148659  0.          0.00317181  0.05413649]
 [ 0.16854098  0.22899957 -0.40107572 -0.1463396   0.08388545  0.
  -0.05971442  0.         -0.01725222  0.06639501]
 [ 0.30554956  0.41231588 -0.42928982 -0.07963613  0.11989523  0.
  -0.01778877  0.         -0.03533321  0.04718646]
 [ 0.5220783   0.5277768  -0.44044137  0.08959961  0.11239646  0.
   0.04595094  0.         -0.04325048  0.01596263]
 [ 0.36507037  0.22049701 -0.306554    0.06674232  0.06055257  0.
  -0.02590386  0.         -0.0089737   0.05493558]] 
Episode: 599: [[ 0.16838716  0.10310724 -0.36931115 -0.15627223  0.00357595  0.
  -0.05150209  0.          0.00317181  0.05414607]
 [ 0.16863853  0.2291635  -0.40136206 -0.14629552  0.08390807  0.
  -0.05972395  0.         -0.01725222  0.06639868]
 [ 0.30566797  0.41254067 -0.42961162 -0.07956382  0.1198872   0.
  -0.0177497   0.         -0.03533321  0.04717266]
 [ 0.52224725  0.5280764  -0.44079867  0.08970172  0.11239705  0.
   0.04603358  0.         -0.04325048  0.01591099]
 [ 0.3651441   0.22070727 -0.30690974  0.06679591  0.06055544  0.
  -0.02589256  0.         -0.0089737   0.05493663]] 
Episode: 600: [[ 0.16851929  0.10330939 -0.3696201  -0.15619177  0.00364175  0.
  -0.05155956  0.          0.00317181  0.05412268]
 [ 0.16877227  0.22937404 -0.40167946 -0.14620915  0.0839664   0.
  -0.05977785  0.         -0.01725222  0.06636616]
 [ 0.3058204   0.41281012 -0.4299605  -0.07944843  0.11991406  0.
  -0.01774463  0.         -0.03533321  0.0471167 ]
 [ 0.5224358   0.52841496 -0.4411757   0.08984479  0.11243339  0.
   0.04609479  0.         -0.04325048  0.0158153 ]
 [ 0.3652489   0.22097893 -0.30730024  0.06690056  0.06059878  0.
  -0.02592031  0.         -0.0089737   0.05489848]] 
Episode: 601: [[ 0.1686811   0.1035481  -0.3699578  -0.1560616   0.00371193  0.
  -0.05166864  0.          0.00317181  0.05408456]
 [ 0.16893688  0.22962171 -0.4020259  -0.14607155  0.08402847  0.
  -0.05988304  0.         -0.01725222  0.06631692]
 [ 0.30600998  0.4131144  -0.43033752 -0.07927907  0.11994292  0.
  -0.01779534  0.         -0.03533321  0.04704034]
 [ 0.52267265  0.5287833  -0.44157925  0.090044    0.1124743   0.
   0.04609582  0.         -0.04325048  0.01569386]
 [ 0.3653968   0.22129716 -0.30772895  0.06706726  0.06064262  0.
  -0.02600232  0.         -0.0089737   0.05484135]] 
Episode: 602: [[ 0.16884561  0.10381019 -0.37031093 -0.15590839  0.00379458  0.
  -0.05182415  0.          0.00317181  0.05405245]
 [ 0.16910449  0.2298929  -0.4023882  -0.14591026  0.08410318  0.
  -0.06003438  0.         -0.01725222  0.06627481]
 [ 0.30620182  0.41344005 -0.43073085 -0.07908594  0.11998694  0.
  -0.01789624  0.         -0.03533321  0.04697601]
 [ 0.5229119   0.5291696  -0.44199896  0.09026687  0.11253501  0.
   0.04604273  0.         -0.04325048  0.01558965]
 [ 0.3655507   0.22164614 -0.3081797   0.06726251  0.06070499  0.
  -0.02613313  0.         -0.0089737   0.05479268]] 
Episode: 603: [[ 0.16901746  0.10406737 -0.37063408 -0.155754    0.0038876   0.
  -0.0520214   0.          0.00317181  0.05400087]
 [ 0.16927981  0.23015839 -0.40271923 -0.14574803  0.08418845  0.
  -0.06022721  0.         -0.01725222  0.06621246]
 [ 0.30639657  0.4137561  -0.43108848 -0.07889476  0.12004242  0.
  -0.01804227  0.         -0.03533321  0.04689176]
 [ 0.52314866  0.5295411  -0.44237924  0.09048491  0.11260501  0.
   0.04594092  0.         -0.04325048  0.01546625]
 [ 0.3657094   0.2219887  -0.30858955  0.06745905  0.06077844  0.
  -0.02630781  0.         -0.0089737   0.0547214 ]] 
Episode: 604: [[ 0.16915846  0.10426913 -0.3709154  -0.1557695   0.00398716  0.
  -0.05214154  0.          0.00317181  0.05396308]
 [ 0.16942313  0.23036654 -0.40300736 -0.14576341  0.08428197  0.
  -0.06034405  0.         -0.01725222  0.06616907]
 [ 0.3065569   0.4140045  -0.43139923 -0.07891114  0.12011287  0.
  -0.01811843  0.         -0.03533321  0.04686517]
 [ 0.52335095  0.52983725 -0.44270977  0.09050346  0.11269154  0.
   0.04590333  0.         -0.04325048  0.01542975]
 [ 0.36583072  0.22225896 -0.30894586  0.0674425   0.06086743  0.
  -0.02640799  0.         -0.0089737   0.05467156]] 
Episode: 605: [[ 0.16929679  0.10444956 -0.37119454 -0.15577734  0.00407845  0.
  -0.05227209  0.          0.00317181  0.05390581]
 [ 0.16956392  0.23055294 -0.4032936  -0.14577052  0.08436723  0.
  -0.06047392  0.         -0.01725222  0.06610367]
 [ 0.3067191   0.41423076 -0.43171215 -0.07891513  0.12017422  0.
  -0.01822176  0.         -0.03533321  0.0468    ]
 [ 0.5235631   0.530114   -0.44304678  0.09053513  0.11277015  0.
   0.04581894  0.         -0.04325048  0.01533549]
 [ 0.36595443  0.22250168 -0.30930126  0.06743619  0.06094784  0.
  -0.02652078  0.         -0.0089737   0.0545991 ]] 
Episode: 606: [[ 0.16946746  0.10470047 -0.3715049  -0.15572454  0.00423482  0.
  -0.0524469   0.          0.00317181  0.05384225]
 [ 0.16973843  0.23081028 -0.40361148 -0.1457151   0.08451803  0.
  -0.06064746  0.         -0.01725222  0.06602995]
 [ 0.30691922  0.41452712 -0.43205553 -0.07885347  0.12030303  0.
  -0.01836998  0.         -0.03533321  0.04672453]
 [ 0.5238163   0.53045475 -0.44341224  0.09063163  0.1129166   0.
   0.04568899  0.         -0.04325048  0.01523098]
 [ 0.36611855  0.22283247 -0.30969748  0.0675037   0.06110246  0.
  -0.02667926  0.         -0.0089737   0.05451677]] 
Episode: 607: [[ 0.16961312  0.104825   -0.37176314 -0.1557986   0.00430769  0.
  -0.05254684  0.          0.00317181  0.05376569]
 [ 0.16988713  0.23094133 -0.40387493 -0.1457924   0.08458667  0.
  -0.06074692  0.         -0.01725222  0.06594975]
 [ 0.3070867   0.41467777 -0.43233326 -0.07894953  0.12035748  0.
  -0.01844811  0.         -0.03533321  0.04667986]
 [ 0.5240211   0.53062725 -0.44370216  0.09054433  0.11298614  0.
   0.04562606  0.         -0.04325048  0.01521138]
 [ 0.3662587   0.22300825 -0.31002602  0.06741242  0.06116847  0.
  -0.02676486  0.         -0.0089737   0.05442614]] 
Episode: 608: [[ 0.16975467  0.10495064 -0.37201732 -0.15585965  0.00437233  0.
  -0.05257945  0.          0.00317181  0.05367529]
 [ 0.17003211  0.2310733  -0.40413475 -0.14585532  0.08464727  0.
  -0.06077977  0.         -0.01725222  0.06585471]
 [ 0.30725235  0.4148335  -0.43261144 -0.07902122  0.12040461  0.
  -0.01846318  0.         -0.03533321  0.04662211]
 [ 0.5242278   0.53081006 -0.44399709  0.09048995  0.11305071  0.
   0.04562341  0.         -0.04325048  0.01518414]
 [ 0.36639738  0.2231839  -0.31035215  0.06733891  0.06122692  0.
  -0.02678489  0.         -0.0089737   0.05431908]] 
Episode: 609: [[ 0.16990882  0.10510622 -0.37228683 -0.15586627  0.00445301  0.
  -0.05266608  0.          0.00317181  0.05356939]
 [ 0.17019024  0.23123586 -0.40441033 -0.14586157  0.08472389  0.
  -0.06086595  0.         -0.01725222  0.06574194]
 [ 0.3074368   0.41502142 -0.4329066  -0.0790275   0.12046691  0.
  -0.01853196  0.         -0.03533321  0.04653464]
 [ 0.5244626   0.5310247  -0.44430956  0.09050819  0.11313187  0.
   0.04556705  0.         -0.04325048  0.01511208]
 [ 0.3665545   0.22339688 -0.31069908  0.06733312  0.06130372  0.
  -0.02685987  0.         -0.0089737   0.05418932]] 
Episode: 610: [[ 0.17003174  0.10527628 -0.37248382 -0.1559648   0.00449967  0.
  -0.05275182  0.          0.00317181  0.05343086]
 [ 0.17031606  0.2314145  -0.40461135 -0.14596291  0.08476534  0.
  -0.06095199  0.         -0.01725222  0.06559431]
 [ 0.3075884   0.41522977 -0.43311962 -0.07913715  0.1204811   0.
  -0.01860339  0.         -0.03533321  0.04640249]
 [ 0.52465874  0.5312567  -0.44453242  0.09041101  0.113146    0.
   0.04551128  0.         -0.04325048  0.0149875 ]
 [ 0.36666614  0.22362597 -0.3109516   0.06721148  0.06134027  0.
  -0.02693338  0.         -0.0089737   0.05401887]] 
Episode: 611: [[ 0.17014557  0.10541275 -0.37268904 -0.15606779  0.00451785  0.
  -0.0527873   0.          0.00317181  0.05328638]
 [ 0.17043245  0.23155846 -0.40482137 -0.14606883  0.08477794  0.
  -0.06098372  0.         -0.01725222  0.06543989]
 [ 0.30773118  0.4154018  -0.43334717 -0.07925117  0.12046729  0.
  -0.0186124   0.         -0.03533321  0.0462544 ]
 [ 0.52484846  0.5314553  -0.4447759   0.09030735  0.11313789  0.
   0.04551511  0.         -0.04325048  0.01483585]
 [ 0.3667716   0.2238124  -0.31121594  0.06708486  0.0613428   0.
  -0.02694657  0.         -0.0089737   0.05384135]] 
Episode: 612: [[ 0.17022589  0.10553076 -0.3728693  -0.15627767  0.00453498  0.
  -0.05276187  0.          0.00317181  0.05316074]
 [ 0.1705139   0.23168322 -0.40500596 -0.1462863   0.08479007  0.
  -0.06095559  0.         -0.01725222  0.06530707]
 [ 0.30783528  0.4155526  -0.43354636 -0.07949639  0.12045472  0.
  -0.01856527  0.         -0.03533321  0.04614436]
 [ 0.5249959   0.5316326  -0.44498673  0.09005161  0.11313158  0.
   0.04557257  0.         -0.04325048  0.01474393]
 [ 0.3668338   0.22397608 -0.31144673  0.06682587  0.06134788  0.
  -0.02690145  0.         -0.0089737   0.05369051]] 
Episode: 613: [[ 0.17029946  0.10565427 -0.37305376 -0.15645212  0.00462783  0.
  -0.05279633  0.          0.00317181  0.05307109]
 [ 0.17058776  0.23181258 -0.4051945  -0.146467    0.08487914  0.
  -0.06098694  0.         -0.01725222  0.06521112]
 [ 0.30792627  0.41570547 -0.4337473  -0.07970124  0.12052579  0.
  -0.01857809  0.         -0.03533321  0.04606782]
 [ 0.52512634  0.53180975 -0.44519693  0.08983924  0.11321031  0.
   0.04557028  0.         -0.04325048  0.01467804]
 [ 0.36687893  0.22414519 -0.3116815   0.06661043  0.06144401  0.
  -0.02691783  0.         -0.0089737   0.05358125]] 
Episode: 614: [[ 0.17037755  0.10580386 -0.37323928 -0.15659693  0.00470413  0.
  -0.05280352  0.          0.00317181  0.05297782]
 [ 0.17066635  0.23196866 -0.40538415 -0.14661677  0.08495101  0.
  -0.06098823  0.         -0.01725222  0.065111  ]
 [ 0.30802456  0.41589013 -0.43395    -0.07986912  0.12057839  0.
  -0.0185499   0.         -0.03533321  0.04599019]
 [ 0.5252676   0.53202164 -0.4454088   0.08966821  0.11327149  0.
   0.04562112  0.         -0.04325048  0.01461716]
 [ 0.36693528  0.22434664 -0.31191707  0.06643145  0.06151743  0.
  -0.02690004  0.         -0.0089737   0.05346707]] 
Episode: 615: [[ 0.170472    0.10594106 -0.3734035  -0.15671255  0.00482298  0.
  -0.05286736  0.          0.00317181  0.05285207]
 [ 0.17076147  0.23211212 -0.40555143 -0.14673655  0.08506663  0.
  -0.06104608  0.         -0.01725222  0.06497718]
 [ 0.3081315   0.4160642  -0.43412808 -0.08000525  0.12068177  0.
  -0.01857978  0.         -0.03533321  0.04587407]
 [ 0.5254111   0.5322255  -0.44559464  0.08952955  0.11338662  0.
   0.0456129   0.         -0.04325048  0.01451149]
 [ 0.3669986   0.22453247 -0.31212482  0.06628846  0.06164579  0.
  -0.02694102  0.         -0.0089737   0.05331263]] 
Episode: 616: [[ 0.17065422  0.10611617 -0.37355876 -0.15678611  0.00496829  0.
  -0.05298214  0.          0.00317181  0.05269569]
 [ 0.17094763  0.23229413 -0.40570846 -0.14681318  0.08520834  0.
  -0.0611548   0.         -0.01725222  0.06481083]
 [ 0.3083217   0.41627613 -0.43429217 -0.08009762  0.12080884  0.
  -0.0186619   0.         -0.03533321  0.04572433]
 [ 0.52562106  0.53246266 -0.44576383  0.08943164  0.11352384  0.
   0.04555152  0.         -0.04325048  0.01437602]
 [ 0.36715198  0.22476855 -0.31231716  0.06619669  0.06180151  0.
  -0.02703487  0.         -0.0089737   0.05312623]] 
Episode: 617: [[ 0.17076385  0.10627859 -0.37353486 -0.15709707  0.00512717  0.
  -0.05314272  0.          0.00317181  0.05261809]
 [ 0.17105858  0.23246445 -0.4056785  -0.14711192  0.08536699  0.
  -0.06130928  0.         -0.01725222  0.06473234]
 [ 0.308428    0.41646886 -0.43423715 -0.08037788  0.12096721  0.
  -0.018791    0.         -0.03533321  0.04567076]
 [ 0.5257303   0.53266436 -0.44568962  0.08917524  0.11367996  0.
   0.04544233  0.         -0.04325048  0.01432877]
 [ 0.36720765  0.22498384 -0.31227762  0.06586452  0.06198471  0.
  -0.02717626  0.         -0.0089737   0.05303749]] 
Episode: 618: [[ 0.17087927  0.10645393 -0.37353182 -0.1573604   0.00535217  0.
  -0.0533445   0.          0.00317181  0.05261961]
 [ 0.17117572  0.23264745 -0.40567014 -0.14736356  0.08559246  0.
  -0.0615049   0.         -0.01725222  0.06473817]
 [ 0.3085386   0.41667116 -0.43420506 -0.08061251  0.1211944   0.
  -0.01896237  0.         -0.03533321  0.04570343]
 [ 0.52583796  0.5328722  -0.44563803  0.08896361  0.11390316  0.
   0.04529012  0.         -0.04325048  0.01436072]
 [ 0.36726677  0.22521397 -0.31226462  0.065585    0.06224846  0.
  -0.0273604   0.         -0.0089737   0.05304389]] 
Episode: 619: [[ 0.17098475  0.1065882  -0.37353107 -0.15761378  0.00547978  0.
  -0.05346876  0.          0.00317181  0.05270956]
 [ 0.1712826   0.2327883  -0.4056645  -0.14760691  0.08571872  0.
  -0.06162428  0.         -0.01725222  0.06482954]
 [ 0.30863604  0.41682872 -0.43417796 -0.0808398   0.12131146  0.
  -0.01906137  0.         -0.03533321  0.04581346]
 [ 0.5259286   0.53303605 -0.4455932   0.08875812  0.11400945  0.
   0.04520711  0.         -0.04325048  0.01446376]
 [ 0.36731148  0.22539097 -0.31225532  0.06531353  0.06239212  0.
  -0.02746916  0.         -0.0089737   0.05313935]] 
Episode: 620: [[ 0.17109819  0.10668769 -0.37353665 -0.15783454  0.00560274  0.
  -0.05355823  0.          0.00317181  0.05284045]
 [ 0.17139742  0.23289399 -0.4056652  -0.14781842  0.08584076  0.
  -0.06170664  0.         -0.01725222  0.06496499]
 [ 0.30873504  0.41695362 -0.4341578  -0.08103604  0.12142224  0.
  -0.01909843  0.         -0.03533321  0.04596662]
 [ 0.52601826  0.53317153 -0.44555593  0.08858211  0.11410659  0.
   0.04518634  0.         -0.04325048  0.01460421]
 [ 0.36735368  0.22552468 -0.31225303  0.06507938  0.06252717  0.
  -0.02751746  0.         -0.0089737   0.05328549]] 
Episode: 621: [[ 0.17118925  0.10679327 -0.37355328 -0.15807703  0.00571704  0.
  -0.05362175  0.          0.00317181  0.05294965]
 [ 0.17148894  0.23300761 -0.40567812 -0.14805391  0.08595414  0.
  -0.06175777  0.         -0.01725222  0.06507937]
 [ 0.3088125   0.41709623 -0.43415582 -0.0812588   0.12152416  0.
  -0.0190766   0.         -0.03533321  0.04611032]
 [ 0.52608585  0.53333426 -0.4455411   0.08837643  0.11419868  0.
   0.04522157  0.         -0.04325048  0.01475444]
 [ 0.3673699   0.2256675  -0.31226543  0.06481488  0.06265239  0.
  -0.02753472  0.         -0.0089737   0.0534071 ]] 
Episode: 622: [[ 0.1713136   0.10691229 -0.37357408 -0.15828134  0.0058765   0.
  -0.05373626  0.          0.00317181  0.05298279]
 [ 0.17161544  0.23313376 -0.4056952  -0.14825149  0.08611298  0.
  -0.06186046  0.         -0.01725222  0.06511313]
 [ 0.30892622  0.41724935 -0.43415865 -0.0814451   0.12167566  0.
  -0.01911212  0.         -0.03533321  0.0461684 ]
 [ 0.52618873  0.53350496 -0.44553205  0.08820444  0.11434432  0.
   0.04519936  0.         -0.04325048  0.01481856]
 [ 0.36743024  0.22582677 -0.31228358  0.06459383  0.06283258  0.
  -0.0276072   0.         -0.0089737   0.05343864]] 
Episode: 623: [[ 0.17143096  0.10702097 -0.37362725 -0.15846556  0.00600389  0.
  -0.05378194  0.          0.00317181  0.05303812]
 [ 0.1717346   0.23324943 -0.40574622 -0.14842926  0.08623897  0.
  -0.06189618  0.         -0.01725222  0.0651717 ]
 [ 0.3090388   0.41739482 -0.43420085 -0.08160877  0.1217884   0.
  -0.01908893  0.         -0.03533321  0.04626317]
 [ 0.5263031   0.5336729  -0.44556674  0.08805751  0.11444662  0.
   0.04523328  0.         -0.04325048  0.01493268]
 [ 0.36749047  0.22597297 -0.31234398  0.06439562  0.06296968  0.
  -0.02761549  0.         -0.0089737   0.0534962 ]] 
Episode: 624: [[ 0.17154308  0.10710309 -0.37367463 -0.15864317  0.00610551  0.
  -0.05382845  0.          0.00317181  0.05310141]
 [ 0.17184903  0.23333783 -0.40579206 -0.14860113  0.08633883  0.
  -0.0619328   0.         -0.01725222  0.06523847]
 [ 0.30915412  0.41751695 -0.4342444  -0.08176729  0.12187329  0.
  -0.0190572   0.         -0.03533321  0.04637183]
 [ 0.5264304   0.53382635 -0.44561186  0.0879156   0.11452286  0.
   0.04529356  0.         -0.04325048  0.01506905]
 [ 0.36755452  0.22608653 -0.31240207  0.06420185  0.06307927  0.
  -0.0276272   0.         -0.0089737   0.05356605]] 
Episode: 625: [[ 0.1716421   0.10719792 -0.37375963 -0.15881194  0.00620428  0.
  -0.05392495  0.          0.00317181  0.05313117]
 [ 0.17194934  0.23343943 -0.40587714 -0.14876479  0.08643507  0.
  -0.06202247  0.         -0.01725222  0.06526927]
 [ 0.30925626  0.41765663 -0.43433315 -0.08191662  0.12195306  0.
  -0.01907854  0.         -0.03533321  0.04643989]
 [ 0.52654237  0.5340032  -0.4457061   0.08778284  0.11459962  0.
   0.04530975  0.         -0.04325048  0.01516442]
 [ 0.36760354  0.22621691 -0.31250834  0.06401607  0.06318309  0.
  -0.02769471  0.         -0.0089737   0.05359605]] 
Episode: 626: [[ 0.17176747  0.10730255 -0.3738581  -0.15894674  0.00632306  0.
  -0.0539941   0.          0.00317181  0.05316457]
 [ 0.17207643  0.23355061 -0.40597543 -0.14889452  0.0865514   0.
  -0.0620821   0.         -0.01725222  0.06530366]
 [ 0.3093911   0.41780666 -0.43443373 -0.08203253  0.12205163  0.
  -0.0190476   0.         -0.03533321  0.04650225]
 [ 0.52669394  0.5341924  -0.4458106   0.08768147  0.11469115  0.
   0.04537828  0.         -0.04325048  0.01524167]
 [ 0.36769164  0.22636148 -0.31263226  0.06387122  0.06331177  0.
  -0.02770952  0.         -0.0089737   0.05362443]] 
Episode: 627: [[ 0.17190447  0.10742947 -0.37399468 -0.15902482  0.00640902  0.
  -0.05408185  0.          0.00317181  0.05316653]
 [ 0.17221586  0.23368436 -0.40611327 -0.14896566  0.08663308  0.
  -0.0621621   0.         -0.01725222  0.0653034 ]
 [ 0.30954698  0.41798595 -0.43457896 -0.08208088  0.12211164  0.
  -0.01903936  0.         -0.03533321  0.04652071]
 [ 0.52687913  0.53441906 -0.44596323  0.08765465  0.11474985  0.
   0.04542524  0.         -0.04325048  0.01526532]
 [ 0.36780423  0.22653529 -0.31280655  0.06379476  0.06339955  0.
  -0.0277435   0.         -0.0089737   0.05361376]] 
Episode: 628: [[ 0.17203665  0.10754095 -0.37413323 -0.15908164  0.0064741   0.
  -0.05410332  0.          0.00317181  0.0531496 ]
 [ 0.17235067  0.23380247 -0.406254   -0.14901482  0.08669379  0.
  -0.06217728  0.         -0.01725222  0.06528264]
 [ 0.30970132  0.4181491  -0.4347329  -0.08210167  0.12214866  0.
  -0.0189767   0.         -0.03533321  0.04651437]
 [ 0.5270675   0.5346315  -0.44613048  0.08765999  0.11478674  0.
   0.0455215   0.         -0.04325048  0.01525978]
 [ 0.3679185   0.22668952 -0.31298453  0.06374396  0.06346265  0.
  -0.02771705  0.         -0.0089737   0.05358265]] 
Episode: 629: [[ 0.1720821   0.10758921 -0.37419286 -0.15937424  0.00648074  0.
  -0.05406518  0.          0.00317181  0.05322327]
 [ 0.17239505  0.23385738 -0.40631264 -0.14928657  0.08669454  0.
  -0.06213415  0.         -0.01725222  0.06535038]
 [ 0.30975813  0.41825595 -0.43478358 -0.08231718  0.12212066  0.
  -0.0188651   0.         -0.03533321  0.04658953]
 [ 0.52715653  0.5347954  -0.4461698   0.08749598  0.11474369  0.
   0.04566211  0.         -0.04325048  0.01532924]
 [ 0.36791402  0.22676894 -0.31305188  0.063452    0.06346078  0.
  -0.02763627  0.         -0.0089737   0.05364453]] 
Episode: 630: [[ 0.17212208  0.10764965 -0.37426051 -0.1596431   0.00649229  0.
  -0.05397343  0.          0.00317181  0.05336656]
 [ 0.17243375  0.23392458 -0.4063797  -0.14953677  0.08670032  0.
  -0.06203859  0.         -0.01725222  0.06549393]
 [ 0.30980483  0.41837004 -0.4348439  -0.08251635  0.12209672  0.
  -0.01870946  0.         -0.03533321  0.04673776]
 [ 0.5272307   0.53495836 -0.44622037  0.08734448  0.11469752  0.
   0.04584262  0.         -0.04325048  0.01546601]
 [ 0.3678993   0.22686233 -0.3131303   0.06318257  0.06346296  0.
  -0.02750661  0.         -0.0089737   0.05378972]] 
Episode: 631: [[ 0.17224321  0.10774549 -0.3743392  -0.1598647   0.00659172  0.
  -0.0539483   0.          0.00317181  0.05343031]
 [ 0.17255695  0.23402698 -0.40645713 -0.14974102  0.08679412  0.
  -0.06200935  0.         -0.01725222  0.06555489]
 [ 0.3099392   0.4185121  -0.434912   -0.08267573  0.12216239  0.
  -0.01862463  0.         -0.03533321  0.04679926]
 [ 0.52739155  0.53513825 -0.44627663  0.08722556  0.11473921  0.
   0.04595108  0.         -0.04325048  0.01551724]
 [ 0.36799106  0.22699763 -0.313219    0.06296396  0.06356381  0.
  -0.02744691  0.         -0.0089737   0.05383755]] 
Episode: 632: [[ 0.17236574  0.10786169 -0.37442946 -0.1600512   0.00667514  0.
  -0.05386829  0.          0.00317181  0.05347357]
 [ 0.17268188  0.23415045 -0.40654707 -0.14991082  0.08687218  0.
  -0.06192632  0.         -0.01725222  0.06559443]
 [ 0.31007957  0.4186803  -0.43499884 -0.08279855  0.1222135   0.
  -0.01849311  0.         -0.03533321  0.04684377]
 [ 0.5275655   0.5353483  -0.44635895  0.0871454   0.1147703   0.
   0.04610264  0.         -0.04325048  0.01555742]
 [ 0.3680927   0.22715764 -0.3133256   0.06278359  0.06364583  0.
  -0.02733626  0.         -0.0089737   0.0538629 ]] 
Episode: 633: [[ 0.17250295  0.1079804  -0.37450323 -0.16020304  0.00687246  0.
  -0.05385368  0.          0.00317181  0.0534853 ]
 [ 0.17282243  0.23427567 -0.40661997 -0.15004717  0.08706775  0.
  -0.06190833  0.         -0.01725222  0.06559955]
 [ 0.31023502  0.41884723 -0.43506774 -0.08289228  0.12239478  0.
  -0.01842994  0.         -0.03533321  0.04684455]
 [ 0.5277516   0.535554   -0.44642302  0.08709003  0.11493737  0.
   0.04618506  0.         -0.04325048  0.01554459]
 [ 0.3682079   0.22731894 -0.3134097   0.06263968  0.0638667   0.
  -0.02729363  0.         -0.0089737   0.05385216]] 
Episode: 634: [[ 0.17263588  0.10807687 -0.37459823 -0.16032611  0.0070771   0.
  -0.05389791  0.          0.00317181  0.05353096]
 [ 0.17295824  0.2343786  -0.40671486 -0.15015572  0.08727099  0.
  -0.06194883  0.         -0.01725222  0.06564134]
 [ 0.31038383  0.41898817 -0.4351597  -0.08295958  0.12258627  0.
  -0.01842826  0.         -0.03533321  0.0468917 ]
 [ 0.5279277   0.5357317  -0.4465087   0.08705907  0.11512002  0.
   0.04620529  0.         -0.04325048  0.01558836]
 [ 0.36831167  0.22745202 -0.31351903  0.0625261   0.06409542  0.
  -0.02731217  0.         -0.0089737   0.05388131]] 
Episode: 635: [[ 0.1727722   0.10820065 -0.37471107 -0.16042042  0.00724916  0.
  -0.05392033  0.          0.00317181  0.05358414]
 [ 0.17309752  0.23450896 -0.40682808 -0.15023626  0.08744016  0.
  -0.0619645   0.         -0.01725222  0.0656914 ]
 [ 0.31053612  0.41915694 -0.43527114 -0.08300068  0.12273706  0.
  -0.01838078  0.         -0.03533321  0.04694412]
 [ 0.52810735  0.5359359  -0.44661477  0.08705236  0.11525714  0.
   0.04627742  0.         -0.04325048  0.01563136]
 [ 0.36841825  0.22761935 -0.31365228  0.06244496  0.06428268  0.
  -0.02729853  0.         -0.0089737   0.0539204 ]] 
Episode: 636: [[ 0.17290017  0.10835156 -0.37483767 -0.16050063  0.00739434  0.
  -0.05392738  0.          0.00317181  0.05362539]
 [ 0.17322828  0.23466784 -0.40695605 -0.15030332  0.08758199  0.
  -0.06196333  0.         -0.01725222  0.06572888]
 [ 0.31068474  0.41936034 -0.4354028  -0.0830263   0.12285837  0.
  -0.01830949  0.         -0.03533321  0.04698482]
 [ 0.5282929   0.5361776  -0.44674677  0.08706423  0.11536593  0.
   0.04638619  0.         -0.04325048  0.01566397]
 [ 0.3685212   0.22782068 -0.31380516  0.06237839  0.06443737  0.
  -0.02726661  0.         -0.0089737   0.05394669]] 
Episode: 637: [[ 0.17306003  0.10851267 -0.37497243 -0.16055308  0.00756523  0.
  -0.05399118  0.          0.00317181  0.05361152]
 [ 0.17339253  0.23483688 -0.40709198 -0.1503432   0.08775012  0.
  -0.06201906  0.         -0.01725222  0.06570888]
 [ 0.31087115  0.41957113 -0.43554157 -0.08302827  0.12301006  0.
  -0.01830054  0.         -0.03533321  0.04696567]
 [ 0.5285203   0.5364226  -0.44688508  0.08709554  0.11550805  0.
   0.04643012  0.         -0.04325048  0.01563611]
 [ 0.36867148  0.22803561 -0.31397006  0.06234306  0.06462529  0.
  -0.02729486  0.         -0.0089737   0.05390931]] 
Episode: 638: [[ 0.17321908  0.1086553  -0.37511343 -0.1605871   0.00772976  0.
  -0.05402534  0.          0.00317181  0.05363521]
 [ 0.17355567  0.23498608 -0.4072342  -0.1503652   0.08791163  0.
  -0.06204177  0.         -0.01725222  0.06572964]
 [ 0.31105763  0.41975856 -0.4356872  -0.08301257  0.1231527   0.
  -0.0182373   0.         -0.03533321  0.04699227]
 [ 0.52875304  0.5366437  -0.44703102  0.08714477  0.1156382   0.
   0.04652359  0.         -0.04325048  0.01565482]
 [ 0.36881763  0.22822668 -0.31414375  0.06232821  0.06480461  0.
  -0.02727818  0.         -0.0089737   0.05391431]] 
Episode: 639: [[ 0.1733933   0.10881308 -0.37536687 -0.1605604   0.00791007  0.
  -0.05411356  0.          0.00317181  0.0536659 ]
 [ 0.17373343  0.23515065 -0.40749082 -0.15032554  0.0880874   0.
  -0.06211902  0.         -0.01725222  0.06575784]
 [ 0.3112581   0.41996244 -0.4359484  -0.08293429  0.12330912  0.
  -0.01823557  0.         -0.03533321  0.04702625]
 [ 0.529001    0.5368868  -0.44728854  0.08725559  0.11580298  0.
   0.04655377  0.         -0.04325048  0.01567933]
 [ 0.3689753   0.22843842 -0.314458    0.06238337  0.06499533  0.
  -0.02732014  0.         -0.0089737   0.05392928]] 
Episode: 640: [[ 0.17353778  0.10895777 -0.37559515 -0.16063158  0.00805951  0.
  -0.05413546  0.          0.00317181  0.05371173]
 [ 0.1738803   0.23530157 -0.40772173 -0.15039001  0.08823233  0.
  -0.06213173  0.         -0.01725222  0.06580532]
 [ 0.31142417  0.42014864 -0.4361807  -0.08298496  0.12343494  0.
  -0.01817885  0.         -0.03533321  0.04710379]
 [ 0.52921075  0.5371085  -0.44751456  0.08721498  0.11593553  0.
   0.04663484  0.         -0.04325048  0.01577581]
 [ 0.3690987   0.22863245 -0.31473956  0.06231587  0.06515028  0.
  -0.02730094  0.         -0.0089737   0.05396575]] 
Episode: 641: [[ 0.17369877  0.10913293 -0.3758335  -0.16065146  0.00818892  0.
  -0.05421261  0.          0.00317181  0.0537081 ]
 [ 0.17404465  0.23548362 -0.40796316 -0.150402    0.08835664  0.
  -0.06219994  0.         -0.01725222  0.06579851]
 [ 0.3116152   0.42037073 -0.43642688 -0.08297812  0.12354068  0.
  -0.01818297  0.         -0.03533321  0.04710862]
 [ 0.52945423  0.53736776 -0.44775832  0.08723629  0.11605118  0.
   0.04665389  0.         -0.04325048  0.01578818]
 [ 0.36925122  0.22886325 -0.31503555  0.06230906  0.06527855  0.
  -0.0273406   0.         -0.0089737   0.05394344]] 
Episode: 642: [[ 0.1738703   0.10932164 -0.3760944  -0.16064054  0.00831748  0.
  -0.05428138  0.          0.00317181  0.05370168]
 [ 0.17421928  0.23568028 -0.40822744 -0.15038292  0.08848021  0.
  -0.06225824  0.         -0.01725222  0.06579003]
 [ 0.31181175  0.4206104  -0.43669802 -0.08293833  0.12364549  0.
  -0.01815825  0.         -0.03533321  0.04712055]
 [ 0.5296934   0.5376467  -0.44802833  0.08729038  0.11617067  0.
   0.04672492  0.         -0.04325048  0.0158172 ]
 [ 0.36940664  0.22911365 -0.31536067  0.0623377   0.0654071   0.
  -0.02735917  0.         -0.0089737   0.05391962]] 
Episode: 643: [[ 0.17407149  0.10952572 -0.37633288 -0.16060399  0.00841136  0.
  -0.05428577  0.          0.00317181  0.05367936]
 [ 0.1744248   0.23589173 -0.4084686  -0.15033819  0.08856862  0.
  -0.06225387  0.         -0.01725222  0.06576383]
 [ 0.31203094  0.42086467 -0.43694526 -0.0828739   0.12371194  0.
  -0.01808084  0.         -0.03533321  0.04710907]
 [ 0.52993846  0.53794235 -0.44827402  0.08736654  0.11625464  0.
   0.04684272  0.         -0.04325048  0.01581573]
 [ 0.3695865   0.22938445 -0.315659    0.06239683  0.06549738  0.
  -0.0273189   0.         -0.0089737   0.05388135]] 
Episode: 644: [[ 0.17426705  0.10969307 -0.37654448 -0.16058463  0.00840906  0.
  -0.05423225  0.          0.00317181  0.05374859]
 [ 0.17462488  0.23606549 -0.40868205 -0.15031184  0.08855896  0.
  -0.06219314  0.         -0.01725222  0.06582697]
 [ 0.31223986  0.4210776  -0.43716285 -0.08282898  0.12366319  0.
  -0.01795603  0.         -0.03533321  0.04717973]
 [ 0.53016585  0.5381943  -0.44848928  0.08742331  0.11620584  0.
   0.0470026   0.         -0.04325048  0.01588879]
 [ 0.36975303  0.22960861 -0.3159209   0.06243453  0.06547012  0.
  -0.02722572  0.         -0.0089737   0.0539369 ]] 
Episode: 645: [[ 0.1744378   0.10986472 -0.37669405 -0.16058363  0.00840073  0.
  -0.05424155  0.          0.00317181  0.05384227]
 [ 0.17479977  0.23624684 -0.40883222 -0.15030521  0.08854457  0.
  -0.06219529  0.         -0.01725222  0.06591533]
 [ 0.3124244   0.4213128  -0.4373142  -0.08280637  0.12361138  0.
  -0.01789887  0.         -0.03533321  0.04725872]
 [ 0.53036755  0.5384769  -0.44863868  0.08745537  0.11614276  0.
   0.0470926   0.         -0.04325048  0.01594878]
 [ 0.3698931   0.2298361  -0.31610754  0.06244831  0.06543808  0.
  -0.02719881  0.         -0.0089737   0.05402407]] 
Episode: 646: [[ 0.17460613  0.11001351 -0.37685722 -0.1605629   0.00843793  0.
  -0.05430734  0.          0.00317181  0.05398574]
 [ 0.17497203  0.23640448 -0.40899613 -0.15027876  0.08857693  0.
  -0.06225398  0.         -0.01725222  0.06605703]
 [ 0.31260416  0.42152247 -0.43747914 -0.08276507  0.12361267  0.
  -0.01790257  0.         -0.03533321  0.04739035]
 [ 0.5305649   0.5387357  -0.44880164  0.08750579  0.11613484  0.
   0.04711973  0.         -0.04325048  0.01605354]
 [ 0.37003052  0.23003416 -0.31631237  0.06248523  0.06545973  0.
  -0.02723153  0.         -0.0089737   0.05417165]] 
Episode: 647: [[ 0.17472908  0.11015805 -0.3770008  -0.16056396  0.00849171  0.
  -0.05435782  0.          0.00317181  0.0541967 ]
 [ 0.17509632  0.23655766 -0.40914008 -0.15027508  0.08862683  0.
  -0.06229654  0.         -0.01725222  0.06627052]
 [ 0.31272778  0.4217241  -0.43762228 -0.08274803  0.12363465  0.
  -0.01788125  0.         -0.03533321  0.04758947]
 [ 0.53070134  0.53898287 -0.44894034  0.08753345  0.11614474  0.
   0.04719799  0.         -0.04325048  0.01622207]
 [ 0.3701051   0.23022786 -0.31649047  0.06249575  0.06550299  0.
  -0.02724265  0.         -0.0089737   0.05439381]] 
Episode: 648: [[ 0.17483176  0.1102616  -0.3771429  -0.16056682  0.00854761  0.
  -0.05434577  0.          0.00317181  0.05447506]
 [ 0.17519882  0.23666887 -0.40928254 -0.15027364  0.08867958  0.
  -0.06227804  0.         -0.01725222  0.06654856]
 [ 0.31282088  0.4218806  -0.43776318 -0.08273379  0.12366036  0.
  -0.01780691  0.         -0.03533321  0.0478491 ]
 [ 0.5307988   0.539186   -0.44907585  0.08755825  0.11615764  0.
   0.04732225  0.         -0.04325048  0.01644781]
 [ 0.3701391   0.23037018 -0.3166674   0.06250358  0.06555224  0.
  -0.02719571  0.         -0.0089737   0.05468274]] 
Episode: 649: [[ 0.17498417  0.11036712 -0.37731683 -0.1605357   0.00863355  0.
  -0.05439238  0.          0.00317181  0.05468412]
 [ 0.17535253  0.23678054 -0.40945643 -0.1502378   0.08876088  0.
  -0.06231817  0.         -0.01725222  0.06675508]
 [ 0.31296432  0.42203358 -0.4379303  -0.08268681  0.12370495  0.
  -0.01779517  0.         -0.03533321  0.04803972]
 [ 0.5309335   0.5393819  -0.4492298   0.08761218  0.11618152  0.
   0.04738024  0.         -0.04325048  0.01661602]
 [ 0.3702275   0.23051253 -0.3168735   0.06254892  0.06561803  0.
  -0.02721041  0.         -0.0089737   0.05489532]] 
Episode: 650: [[ 0.1750263   0.11034629 -0.37746695 -0.16074839  0.00871156  0.
  -0.05449174  0.          0.00317181  0.05495875]
 [ 0.17539054  0.23676205 -0.40960515 -0.15043263  0.08883537  0.
  -0.06241104  0.         -0.01725222  0.06702671]
 [ 0.3129763   0.4220549  -0.43805692 -0.08284104  0.12375271  0.
  -0.01783974  0.         -0.03533321  0.0482916 ]
 [ 0.53091925  0.5394629  -0.449324    0.0874922   0.11622139  0.
   0.0473786   0.         -0.04325048  0.01684143]
 [ 0.3701656   0.23050177 -0.31704602  0.06234521  0.0656853   0.
  -0.02728055  0.         -0.0089737   0.05517546]] 
Episode: 651: [[ 0.1750489   0.11029642 -0.37758553 -0.16103573  0.00878797  0.
  -0.05452372  0.          0.00317181  0.05524356]
 [ 0.1754089   0.23671386 -0.40972203 -0.1507076   0.08890786  0.
  -0.06243786  0.         -0.01725222  0.06731296]
 [ 0.31297204  0.4220442  -0.43815428 -0.08309095  0.12379333  0.
  -0.01782473  0.         -0.03533321  0.04858847]
 [ 0.5308932   0.53951246 -0.44939384  0.08726452  0.11624335  0.
   0.04743094  0.         -0.04325048  0.01711816]
 [ 0.37008104  0.23045449 -0.31718144  0.06204627  0.06575736  0.
  -0.02728676  0.         -0.0089737   0.05547741]] 
Episode: 652: [[ 0.17502105  0.11027585 -0.37770903 -0.16152269  0.00886866  0.
  -0.05460988  0.          0.00317181  0.0554276 ]
 [ 0.17537464  0.23670009 -0.40984473 -0.15117149  0.0889824   0.
  -0.06251872  0.         -0.01725222  0.06749413]
 [ 0.31291154  0.42212993 -0.43826514 -0.08350483  0.12383547  0.
  -0.01786633  0.         -0.03533321  0.04878182]
 [ 0.53079534  0.5397158  -0.44948435  0.08689636  0.11625472  0.
   0.04742423  0.         -0.04325048  0.01730564]
 [ 0.3699174   0.23044637 -0.3173209   0.06154644  0.06582966  0.
  -0.02734923  0.         -0.0089737   0.05567134]] 
Episode: 653: [[ 0.17500024  0.11022011 -0.37784702 -0.16198754  0.0089138   0.
  -0.05463004  0.          0.00317181  0.05557015]
 [ 0.17534813  0.2366511  -0.40998286 -0.15161641  0.08902179  0.
  -0.06253475  0.         -0.01725222  0.06763396]
 [ 0.31286556  0.42218012 -0.43839645 -0.08390632  0.12384598  0.
  -0.01784866  0.         -0.03533321  0.04893759]
 [ 0.53071994  0.5398871  -0.4495998   0.08653378  0.1162423   0.
   0.04747199  0.         -0.04325048  0.01746728]
 [ 0.3697755   0.23039758 -0.31747872  0.06106408  0.06586392  0.
  -0.02734857  0.         -0.0089737   0.05582146]] 
Episode: 654: [[ 0.1749869   0.11018677 -0.3780429  -0.16241196  0.00894863  0.
  -0.05464129  0.          0.00317181  0.05568598]
 [ 0.17532903  0.23662643 -0.41018027 -0.15202262  0.08905093  0.
  -0.06253879  0.         -0.01725222  0.06774919]
 [ 0.31283802  0.42225966 -0.43859452 -0.08426881  0.12384532  0.
  -0.01779202  0.         -0.03533321  0.04907297]
 [ 0.5306791   0.5400933  -0.4497899   0.08621119  0.11622609  0.
   0.04756875  0.         -0.04325048  0.0176147 ]
 [ 0.36965704  0.23038442 -0.31770974  0.06062311  0.06588738  0.
  -0.02733025  0.         -0.0089737   0.05594083]] 
Episode: 655: [[ 0.17498785  0.11020482 -0.37827215 -0.16277336  0.0089857   0.
  -0.05470882  0.          0.00317181  0.05578431]
 [ 0.1753241   0.23665325 -0.41041157 -0.15236668  0.08908165  0.
  -0.06259917  0.         -0.01725222  0.06784621]
 [ 0.31282696  0.42238528 -0.43882856 -0.08456843  0.12384417  0.
  -0.01779616  0.         -0.03533321  0.04918718]
 [ 0.5306585   0.5403351  -0.4500159   0.08595162  0.11621403  0.
   0.04760204  0.         -0.04325048  0.01773807]
 [ 0.3695588   0.23043309 -0.3179817   0.06025163  0.06590764  0.
  -0.02737066  0.         -0.0089737   0.0560372 ]] 
Episode: 656: [[ 0.17501214  0.11022516 -0.37848282 -0.1630836   0.00904078  0.
  -0.05482696  0.          0.00317181  0.05584886]
 [ 0.17534338  0.23668137 -0.41062367 -0.15266094  0.08913025  0.
  -0.06271025  0.         -0.01725222  0.0679075 ]
 [ 0.31283805  0.42250502 -0.4390415  -0.0848226   0.12386513  0.
  -0.01785499  0.         -0.03533321  0.04925917]
 [ 0.53065866  0.54056215 -0.4502198   0.08573316  0.11622609  0.
   0.04757823  0.         -0.04325048  0.01781157]
 [ 0.36948723  0.23048207 -0.31822866  0.05993484  0.06594654  0.
  -0.0274639   0.         -0.0089737   0.05609298]] 
Episode: 657: [[ 0.17498869  0.11029878 -0.37860796 -0.16349089  0.00915276  0.
  -0.05498542  0.          0.00317181  0.05593127]
 [ 0.175314    0.23676209 -0.41074884 -0.15305896  0.08923837  0.
  -0.06286413  0.         -0.01725222  0.06798989]
 [ 0.3127999   0.42265397 -0.43916366 -0.08520276  0.1239507   0.
  -0.01794485  0.         -0.03533321  0.04937636]
 [ 0.53061026  0.54078215 -0.4503373   0.08537432  0.11628626  0.
   0.04755829  0.         -0.04325048  0.01795189]
 [ 0.36935687  0.23059155 -0.31837386  0.05949525  0.06605829  0.
  -0.02760466  0.         -0.0089737   0.05617236]] 
Episode: 658: [[ 0.1749488   0.11042834 -0.3787307  -0.16389517  0.00925299  0.
  -0.0551689   0.          0.00317181  0.05603376]
 [ 0.1752676   0.2369005  -0.41087237 -0.15345564  0.08933344  0.
  -0.06304623  0.         -0.01725222  0.06809139]
 [ 0.3127475   0.42288077 -0.43929213 -0.08558089  0.12402077  0.
  -0.01807479  0.         -0.03533321  0.04948904]
 [ 0.53055423  0.5410986  -0.4504697   0.08501891  0.11633381  0.
   0.04749022  0.         -0.04325048  0.01805629]
 [ 0.36920515  0.23077099 -0.31851572  0.05905555  0.0661569   0.
  -0.02777521  0.         -0.0089737   0.05627624]] 
Episode: 659: [[ 0.17493647  0.11055927 -0.378862   -0.16423747  0.00931293  0.
  -0.05539136  0.          0.00317181  0.05615459]
 [ 0.17524987  0.23703988 -0.41100433 -0.15379043  0.08938693  0.
  -0.0632668   0.         -0.01725222  0.06821313]
 [ 0.31272757  0.42310235 -0.43942794 -0.08589822  0.12404242  0.
  -0.01824683  0.         -0.03533321  0.04961872]
 [ 0.53053504  0.54140216 -0.45060804  0.0847226   0.11632751  0.
   0.04737515  0.         -0.04325048  0.01817261]
 [ 0.369092    0.23095004 -0.31866825  0.05868468  0.0662027   0.
  -0.02798551  0.         -0.0089737   0.05640199]] 
Episode: 660: [[ 0.1749459   0.11074946 -0.37902358 -0.1645152   0.00936058  0.
  -0.05564887  0.          0.00317181  0.05626812]
 [ 0.17525461  0.23723926 -0.41116711 -0.15406013  0.08942754  0.
  -0.06352196  0.         -0.01725222  0.06832757]
 [ 0.31273368  0.4233813  -0.43959713 -0.08614612  0.1240498   0.
  -0.01845673  0.         -0.03533321  0.04974356]
 [ 0.5305482   0.54175574 -0.45078245  0.08449925  0.11631009  0.
   0.04721847  0.         -0.04325048  0.01828644]
 [ 0.3690079   0.23120219 -0.3188613   0.05838748  0.06623226  0.
  -0.02823157  0.         -0.0089737   0.05651925]] 
Episode: 661: [[ 0.17496255  0.11094348 -0.37921363 -0.16476591  0.00939375  0.
  -0.05582321  0.          0.00317181  0.05633281]
 [ 0.17526704  0.23744313 -0.41135967 -0.15430291  0.08945362  0.
  -0.06369484  0.         -0.01725222  0.06839067]
 [ 0.31275624  0.42367545 -0.43980885 -0.08636115  0.12404094  0.
  -0.01859051  0.         -0.03533321  0.04980659]
 [ 0.53059405  0.5421388  -0.45101342  0.08431546  0.11628428  0.
   0.04713128  0.         -0.04325048  0.0183279 ]
 [ 0.3689436   0.23145975 -0.31909266  0.05812082  0.06624495  0.
  -0.02839613  0.         -0.0089737   0.05657932]] 
Episode: 662: [[ 0.17497383  0.11113261 -0.3794013  -0.16499953  0.00943374  0.
  -0.05595919  0.          0.00317181  0.05640045]
 [ 0.17527375  0.23764166 -0.41155    -0.1545294   0.08948717  0.
  -0.0638266   0.         -0.01725222  0.06845679]
 [ 0.31277496  0.42396536 -0.4400191  -0.08655885  0.12404382  0.
  -0.0186674   0.         -0.03533321  0.04987165]
 [ 0.5306409   0.5425198  -0.45124257  0.08414933  0.11627425  0.
   0.04710661  0.         -0.04325048  0.01836973]
 [ 0.36887535  0.23170929 -0.31931958  0.05787171  0.06626496  0.
  -0.02851212  0.         -0.0089737   0.05664192]] 
Episode: 663: [[ 0.17500572  0.11133356 -0.37962234 -0.16518001  0.00945751  0.
  -0.05613892  0.          0.00317181  0.05644297]
 [ 0.1753017   0.23785163 -0.4117742  -0.15470229  0.08950354  0.
  -0.06400187  0.         -0.01725222  0.06849607]
 [ 0.3128204   0.4242679  -0.44026595 -0.08669992  0.12402999  0.
  -0.01879167  0.         -0.03533321  0.04989965]
 [ 0.53072095  0.54291594 -0.45151007  0.0840423   0.11625586  0.
   0.04703062  0.         -0.04325048  0.01836399]
 [ 0.3688385   0.23197295 -0.31958976  0.05768345  0.06626252  0.
  -0.02867332  0.         -0.0089737   0.05667531]] 
Episode: 664: [[ 0.17505144  0.11152352 -0.3798749  -0.16530928  0.00946406  0.
  -0.056316    0.          0.00317181  0.05651028]
 [ 0.17534362  0.23805012 -0.41203034 -0.1548234   0.08950215  0.
  -0.06417501  0.         -0.01725222  0.06856145]
 [ 0.3128844   0.42455384 -0.44054708 -0.0867857   0.12399562  0.
  -0.01890774  0.         -0.03533321  0.04995826]
 [ 0.53082883  0.54329395 -0.45181295  0.08399366  0.11622239  0.
   0.04696849  0.         -0.04325048  0.01839335]
 [ 0.36882427  0.2322233  -0.31989938  0.05755441  0.06623872  0.
  -0.02882519  0.         -0.0089737   0.05673688]] 
Episode: 665: [[ 0.17512244  0.11174904 -0.38016653 -0.16537476  0.009457    0.
  -0.05653042  0.          0.00317181  0.05659141]
 [ 0.17541106  0.23828426 -0.41232565 -0.1548798   0.08948589  0.
  -0.06438755  0.         -0.01725222  0.06864111]
 [ 0.31297317  0.42487156 -0.44086605 -0.08680476  0.12394014  0.
  -0.01906194  0.         -0.03533321  0.05002878]
 [ 0.5309602   0.5436969  -0.45215005  0.08401291  0.11616526  0.
   0.0468767   0.         -0.04325048  0.01842991]
 [ 0.3688396   0.23251714 -0.32025462  0.05749945  0.06618886  0.
  -0.02901169  0.         -0.0089737   0.05681401]] 
Episode: 666: [[ 0.175248    0.11198006 -0.3804388  -0.16541874  0.0094921   0.
  -0.05678073  0.          0.00317181  0.05664875]
 [ 0.17553549  0.23852299 -0.41260087 -0.15491527  0.08951183  0.
  -0.06463552  0.         -0.01725222  0.06869571]
 [ 0.3131186   0.42518523 -0.44116127 -0.08680723  0.12393026  0.
  -0.01925582  0.         -0.03533321  0.05007773]
 [ 0.5311415   0.5440858  -0.45246005  0.08404315  0.11615546  0.
   0.04674026  0.         -0.04325048  0.01845185]
 [ 0.36892676  0.2328168  -0.32058534  0.05746742  0.06619041  0.
  -0.02923637  0.         -0.0089737   0.05686512]] 
Episode: 667: [[ 0.17536528  0.11217951 -0.38070253 -0.16547164  0.0095013   0.
  -0.05694856  0.          0.00317181  0.05668327]
 [ 0.17565173  0.23872975 -0.4128678  -0.15496057  0.08951144  0.
  -0.06480191  0.         -0.01725222  0.06872623]
 [ 0.31326106  0.42547473 -0.4414524  -0.08682084  0.12388743  0.
  -0.01937515  0.         -0.03533321  0.05009687]
 [ 0.5313278   0.54446304 -0.45277083  0.08406115  0.11610749  0.
   0.04667132  0.         -0.04325048  0.01843932]
 [ 0.36901048  0.23307596 -0.32090634  0.0574226   0.0661621   0.
  -0.02938166  0.         -0.0089737   0.05689316]] 
Episode: 668: [[ 0.1754804   0.11236941 -0.38098016 -0.16549462  0.00951583  0.
  -0.05715692  0.          0.00317181  0.05672348]
 [ 0.1757653   0.23892647 -0.41314885 -0.15497577  0.08951665  0.
  -0.06500832  0.         -0.01725222  0.06876226]
 [ 0.31339976  0.42574966 -0.44175822 -0.0868022   0.12385274  0.
  -0.01953764  0.         -0.03533321  0.05012067]
 [ 0.5315119   0.5448227  -0.45309648  0.08411395  0.1160738   0.
   0.04655546  0.         -0.04325048  0.01842893]
 [ 0.36909166  0.23332314 -0.32124493  0.05741208  0.06614003  0.
  -0.02956923  0.         -0.0089737   0.05692695]] 
Episode: 669: [[ 0.17559545  0.1125126  -0.38125423 -0.16554423  0.0095024   0.
  -0.05728704  0.          0.00317181  0.0567488 ]
 [ 0.17587928  0.23907499 -0.4134266  -0.15501921  0.08949403  0.
  -0.06513734  0.         -0.01725222  0.06878509]
 [ 0.31354097  0.4259641  -0.44206363 -0.08681684  0.12379318  0.
  -0.01962875  0.         -0.03533321  0.05015066]
 [ 0.5316979   0.5451131  -0.45342624  0.08412672  0.11602126  0.
   0.04650502  0.         -0.04325048  0.01845443]
 [ 0.36917925  0.23351175 -0.32158196  0.05736792  0.0660898   0.
  -0.02968116  0.         -0.0089737   0.05694623]] 
Episode: 670: [[ 0.17569378  0.11263521 -0.38151133 -0.16565944  0.00948197  0.
  -0.05734679  0.          0.00317181  0.0567724 ]
 [ 0.1759761   0.23920177 -0.41368732 -0.15513174  0.08946465  0.
  -0.06519675  0.         -0.01725222  0.06880702]
 [ 0.31366196  0.4261513  -0.44235092 -0.0869189   0.1237248   0.
  -0.01965564  0.         -0.03533321  0.05019888]
 [ 0.5318638   0.54537207 -0.4537363   0.08403287  0.11595403  0.
   0.04651345  0.         -0.04325048  0.01852338]
 [ 0.3692518   0.23367354 -0.32189777  0.05724462  0.06603318  0.
  -0.02972504  0.         -0.0089737   0.0569672 ]] 
Episode: 671: [[ 0.17578624  0.11275785 -0.38176444 -0.16574822  0.00944844  0.
  -0.05737466  0.          0.00317181  0.05677872]
 [ 0.17606722  0.23932849 -0.4139443  -0.15521732  0.08942228  0.
  -0.06522202  0.         -0.01725222  0.0688106 ]
 [ 0.31377655  0.4263357  -0.44263634 -0.08699004  0.12364257  0.
  -0.0196392   0.         -0.03533321  0.05021684]
 [ 0.5320216   0.5456243  -0.45404652  0.08397453  0.1158721   0.
   0.04657441  0.         -0.04325048  0.01854831]
 [ 0.36932293  0.23383473 -0.32221004  0.05715232  0.06596217  0.
  -0.02973183  0.         -0.0089737   0.05696708]] 
Episode: 672: [[ 0.17587526  0.11287174 -0.38200706 -0.16581345  0.0094228   0.
  -0.05740775  0.          0.00317181  0.05679007]
 [ 0.17615512  0.23944648 -0.41419062 -0.15527886  0.0893887   0.
  -0.06525291  0.         -0.01725222  0.06881933]
 [ 0.31389013  0.42651105 -0.44291082 -0.08703297  0.12357213  0.
  -0.01962637  0.         -0.03533321  0.05023235]
 [ 0.5321854   0.54586834 -0.45434603  0.08394999  0.11580366  0.
   0.04663622  0.         -0.04325048  0.01855926]
 [ 0.36939302  0.23398472 -0.3225101   0.05708819  0.06590293  0.
  -0.02974143  0.         -0.0089737   0.05697271]] 
Episode: 673: [[ 0.1759519   0.11296254 -0.38222966 -0.1658909   0.00939368  0.
  -0.05740393  0.          0.00317181  0.05679977]
 [ 0.17623022  0.23954187 -0.4144165  -0.15535337  0.08935224  0.
  -0.06524285  0.         -0.01725222  0.06882785]
 [ 0.31398985  0.4266692  -0.44316223 -0.08709069  0.12349962  0.
  -0.01955968  0.         -0.03533321  0.05025336]
 [ 0.5323344   0.5461007  -0.45461974  0.0839089   0.11573039  0.
   0.0467457   0.         -0.04325048  0.01858457]
 [ 0.36945102  0.23410702 -0.32278427  0.05700843  0.06584214  0.
  -0.02970693  0.         -0.0089737   0.05697657]] 
Episode: 674: [[ 0.176038    0.11307004 -0.3824325  -0.1659484   0.00939847  0.
  -0.05745794  0.          0.00317181  0.05681292]
 [ 0.17631489  0.2396537  -0.41462177 -0.15540782  0.08935046  0.
  -0.06529058  0.         -0.01725222  0.06883975]
 [ 0.314093    0.42683822 -0.44338936 -0.08712845  0.12346497  0.
  -0.01955481  0.         -0.03533321  0.05027963]
 [ 0.53247756  0.5463358  -0.45486563  0.0838879   0.11569498  0.
   0.04679037  0.         -0.04325048  0.01861519]
 [ 0.369512    0.23425017 -0.32303295  0.05695198  0.06582262  0.
  -0.0297328   0.         -0.0089737   0.05698272]] 
Episode: 675: [[ 0.1761222   0.11306904 -0.38258564 -0.16609989  0.00936446  0.
  -0.05750624  0.          0.00317181  0.05676653]
 [ 0.17639783  0.23965737 -0.41477624 -0.15556163  0.08930984  0.
  -0.06533112  0.         -0.01725222  0.06879255]
 [ 0.3141916   0.42691198 -0.44355693 -0.08729839  0.12338981  0.
  -0.01953665  0.         -0.03533321  0.05025409]
 [ 0.53260803  0.54649895 -0.45504078  0.08370559  0.11561581  0.
   0.04687018  0.         -0.04325048  0.01860607]
 [ 0.36957425  0.23426239 -0.32321635  0.0567791   0.06576134  0.
  -0.02975229  0.         -0.0089737   0.05692431]] 
Episode: 676: [[ 0.1761623   0.11303899 -0.38272    -0.16631697  0.00932809  0.
  -0.057579    0.          0.00317181  0.05678304]
 [ 0.17643543  0.23963235 -0.41491222 -0.15578349  0.08926761  0.
  -0.06539661  0.         -0.01725222  0.06881206]
 [ 0.31424242  0.42696196 -0.44370788 -0.08754428  0.12331343  0.
  -0.019527    0.         -0.03533321  0.0503091 ]
 [ 0.53269476  0.546646   -0.455204    0.08344149  0.11553294  0.
   0.04698972  0.         -0.04325048  0.01867292]
 [ 0.3695798   0.2342391  -0.32338077  0.05652735  0.06570344  0.
  -0.02980326  0.         -0.0089737   0.05693929]] 
Episode: 677: [[ 0.17621776  0.11302388 -0.38284877 -0.1664955   0.00928519  0.
  -0.05760023  0.          0.00317181  0.05681053]
 [ 0.17648894  0.23962069 -0.41504222 -0.15596576  0.08921842  0.
  -0.06540628  0.         -0.01725222  0.06884292]
 [ 0.31431395  0.42702177 -0.44385058 -0.08774479  0.12322951  0.
  -0.01946308  0.         -0.03533321  0.05037693]
 [ 0.53280866  0.54679906 -0.4553569   0.08322689  0.11544093  0.
   0.04715116  0.         -0.04325048  0.01875684]
 [ 0.36960772  0.23423323 -0.3235378   0.05632174  0.0656371   0.
  -0.02979213  0.         -0.0089737   0.05696518]] 
Episode: 678: [[ 0.1762493   0.1130455  -0.38294637 -0.16667049  0.00927211  0.
  -0.05767686  0.          0.00317181  0.05686853]
 [ 0.17651765  0.2396471  -0.41514066 -0.15614419  0.08919947  0.
  -0.06547184  0.         -0.01725222  0.06890503]
 [ 0.3143624   0.427123   -0.44396254 -0.08793754  0.12317526  0.
  -0.01946079  0.         -0.03533321  0.05046328]
 [ 0.5329068   0.5469915  -0.455483    0.08302537  0.11536831  0.
   0.04724257  0.         -0.04325048  0.01884237]
 [ 0.3696041   0.23427173 -0.3236568   0.05611913  0.06560922  0.
  -0.02983909  0.         -0.0089737   0.05702549]] 
Episode: 679: [[ 0.17628604  0.11314847 -0.38306057 -0.16682766  0.00927256  0.
  -0.05770856  0.          0.00317181  0.05694039]
 [ 0.1765513   0.23975718 -0.41525605 -0.15630427  0.0891946   0.
  -0.06548853  0.         -0.01725222  0.06898106]
 [ 0.31441462  0.427306   -0.4440902  -0.08810865  0.12312938  0.
  -0.01940352  0.         -0.03533321  0.05057257]
 [ 0.5330044   0.54725474 -0.45562255  0.08284692  0.11529652  0.
   0.04737867  0.         -0.04325048  0.01896518]
 [ 0.36960098  0.23441337 -0.32379374  0.05593713  0.06559175  0.
  -0.02983185  0.         -0.0089737   0.05710168]] 
Episode: 680: [[ 0.17642394  0.11325584 -0.38318056 -0.16693698  0.00935798  0.
  -0.05779462  0.          0.00317181  0.05695925]
 [ 0.17668943  0.23987058 -0.41537625 -0.15641555  0.08927459  0.
  -0.06556042  0.         -0.01725222  0.06900115]
 [ 0.31456742  0.4274856  -0.44421828 -0.08823147  0.12317107  0.
  -0.01940718  0.         -0.03533321  0.05062513]
 [ 0.53318834  0.54750675 -0.455759    0.08271409  0.11531386  0.
   0.04744731  0.         -0.04325048  0.01903822]
 [ 0.36971045  0.23455898 -0.32393357  0.05580989  0.06566889  0.
  -0.02988228  0.         -0.0089737   0.05711797]] 
Episode: 681: [[ 0.17655912  0.11333305 -0.38335115 -0.16699792  0.0094177   0.
  -0.05782137  0.          0.00317181  0.05696272]
 [ 0.17682485  0.23995294 -0.41554826 -0.15647644  0.08932833  0.
  -0.06557007  0.         -0.01725222  0.0690048 ]
 [ 0.31472242  0.42763042 -0.44440567 -0.08829141  0.12318867  0.
  -0.0193553   0.         -0.03533321  0.05064975]
 [ 0.53338397  0.54772806 -0.45595995  0.08265688  0.11532395  0.
   0.0475629   0.         -0.04325048  0.01907025]
 [ 0.36982754  0.23466899 -0.3241363   0.055742    0.06571671  0.
  -0.02987073  0.         -0.0089737   0.05711302]] 
Episode: 682: [[ 0.17669138  0.11341256 -0.3835153  -0.16704132  0.00951217  0.
  -0.05790295  0.          0.00317181  0.05696628]
 [ 0.17695737  0.2400372  -0.41571346 -0.15651947  0.08941741  0.
  -0.06563559  0.         -0.01725222  0.06900837]
 [ 0.314872    0.42777136 -0.44458428 -0.08833299  0.12324554  0.
  -0.01936378  0.         -0.03533321  0.05066921]
 [ 0.5335712   0.5479381  -0.45615035  0.08261827  0.11537219  0.
   0.0476131   0.         -0.04325048  0.01909067]
 [ 0.36993927  0.23478015 -0.32433128  0.05569499  0.06580653  0.
  -0.02991724  0.         -0.0089737   0.0571074 ]] 
Episode: 683: [[ 0.17679839  0.11347189 -0.38366944 -0.16712695  0.00958866  0.
  -0.05793619  0.          0.00317181  0.05696389]
 [ 0.17706397  0.24010284 -0.41586873 -0.1566059   0.0894896   0.
  -0.06564964  0.         -0.01725222  0.06900799]
 [ 0.3149975   0.4279     -0.44475242 -0.08841945  0.12329455  0.
  -0.01931625  0.         -0.03533321  0.05068626]
 [ 0.5337345   0.5481434  -0.45633036  0.08253241  0.11542475  0.
   0.04771208  0.         -0.04325048  0.01911063]
 [ 0.37002128  0.2348727  -0.32451338  0.05559805  0.0658844   0.
  -0.0299055   0.         -0.0089737   0.05709879]] 
Episode: 684: [[ 0.1768962   0.11350258 -0.38383275 -0.16720322  0.00965959  0.
  -0.05802361  0.          0.00317181  0.05694365]
 [ 0.17716116  0.24013923 -0.4160334  -0.15668282  0.08955627  0.
  -0.0657191   0.         -0.01725222  0.06898847]
 [ 0.315114    0.4279961  -0.44492987 -0.08849487  0.12334085  0.
  -0.01932864  0.         -0.03533321  0.05067296]
 [ 0.533885    0.548316   -0.45651785  0.08245956  0.115481    0.
   0.04774735  0.         -0.04325048  0.0190902 ]
 [ 0.37009168  0.23492962 -0.324707    0.05551128  0.06595554  0.
  -0.02995183  0.         -0.0089737   0.05706961]] 
Episode: 685: [[ 0.17700498  0.1136143  -0.38403854 -0.16723284  0.00973688  0.
  -0.05812333  0.          0.00317181  0.05699785]
 [ 0.17726877  0.24025542 -0.41624048 -0.15671209  0.08962724  0.
  -0.06580275  0.         -0.01725222  0.06904505]
 [ 0.31523666  0.42817155 -0.44514576 -0.08852035  0.12338469  0.
  -0.01933964  0.         -0.03533321  0.0507384 ]
 [ 0.5340342   0.54856145 -0.45673573  0.08243795  0.11552929  0.
   0.0478103   0.         -0.04325048  0.0191472 ]
 [ 0.37016448  0.23508433 -0.32494745  0.05547802  0.06601975  0.
  -0.0300046   0.         -0.0089737   0.0571238 ]] 
Episode: 686: [[ 0.17713286  0.11375096 -0.38425478 -0.16722032  0.00982737  0.
  -0.0582706   0.          0.00317181  0.05703219]
 [ 0.1773962   0.24039666 -0.41645795 -0.15669811  0.08971147  0.
  -0.06593486  0.         -0.01725222  0.0690801 ]
 [ 0.3153796   0.42837095 -0.4453725  -0.0884978   0.123445    0.
  -0.01940474  0.         -0.03533321  0.05078142]
 [ 0.53420115  0.5488283  -0.45696503  0.08246861  0.11559903  0.
   0.04781311  0.         -0.04325048  0.01918252]
 [ 0.37025782  0.2352685  -0.32520273  0.05549474  0.06609911  0.
  -0.030109    0.         -0.0089737   0.05715633]] 
Episode: 687: [[ 0.17725441  0.11386915 -0.38446677 -0.16722994  0.00989084  0.
  -0.05835075  0.          0.00317181  0.05703828]
 [ 0.17751738  0.24051982 -0.41667166 -0.15670714  0.08976856  0.
  -0.06599689  0.         -0.01725222  0.0690854 ]
 [ 0.3155167   0.4285627  -0.44560078 -0.08850393  0.12347497  0.
  -0.01940813  0.         -0.03533321  0.05078664]
 [ 0.5343627   0.54910046 -0.45720258  0.0824637   0.11563534  0.
   0.04786947  0.         -0.04325048  0.01917191]
 [ 0.37034953  0.23543078 -0.32545543  0.05548435  0.06614707  0.
  -0.03014603  0.         -0.0089737   0.05715951]] 
Episode: 688: [[ 0.17736858  0.11402975 -0.38469666 -0.1672326   0.00993229  0.
  -0.05839616  0.          0.00317181  0.05703203]
 [ 0.17763099  0.2406865  -0.41690382 -0.15670891  0.08980337  0.
  -0.06602279  0.         -0.01725222  0.06907844]
 [ 0.31565052  0.42880684 -0.4458522  -0.08849721  0.12347929  0.
  -0.01935602  0.         -0.03533321  0.05078467]
 [ 0.53453016  0.5494287  -0.4574684   0.08247822  0.11564364  0.
   0.04797398  0.         -0.04325048  0.01916431]
 [ 0.37043694  0.23564464 -0.3257312   0.05548202  0.06616594  0.
  -0.03014476  0.         -0.0089737   0.05714602]] 
Episode: 689: [[ 0.1774353   0.11422196 -0.38486087 -0.16734648  0.01002948  0.
  -0.05837945  0.          0.00317181  0.05708095]
 [ 0.17769584  0.24088635 -0.41706946 -0.15682565  0.08989547  0.
  -0.06598924  0.         -0.01725222  0.06912638]
 [ 0.31573492  0.42909372 -0.44602707 -0.08862829  0.12354016  0.
  -0.01925397  0.         -0.03533321  0.05085631]
 [ 0.534651    0.5498023  -0.45764607  0.08233351  0.115688    0.
   0.04812183  0.         -0.04325048  0.0192329 ]
 [ 0.3704686   0.2358997  -0.3259216   0.05534589  0.06625682  0.
  -0.0300867   0.         -0.0089737   0.05719634]] 
Episode: 690: [[ 0.1775028   0.11441088 -0.3850074  -0.1674489   0.01012067  0.
  -0.05830687  0.          0.00317181  0.05718378]
 [ 0.1777611   0.24108194 -0.41721696 -0.15693066  0.08998191  0.
  -0.06590221  0.         -0.01725222  0.06923024]
 [ 0.31580824  0.42936683 -0.44618207 -0.08874569  0.12359263  0.
  -0.019107    0.         -0.03533321  0.05098298]
 [ 0.53475076  0.5501523  -0.4578036   0.08220487  0.1157162   0.
   0.04830867  0.         -0.04325048  0.01934783]
 [ 0.37048313  0.23614837 -0.3260899   0.05522413  0.06633884  0.
  -0.02997756  0.         -0.0089737   0.05730912]] 
Episode: 691: [[ 0.17757618  0.11457489 -0.3851748  -0.16751847  0.01018582  0.
  -0.05823573  0.          0.00317181  0.05732239]
 [ 0.1778321   0.24125206 -0.41738534 -0.15700199  0.09004182  0.
  -0.06581645  0.         -0.01725222  0.06937248]
 [ 0.31588572  0.4296082  -0.4463562  -0.08882778  0.12361703  0.
  -0.01894642  0.         -0.03533321  0.05115593]
 [ 0.5348491   0.55046517 -0.45797706  0.08211261  0.11571555  0.
   0.04853057  0.         -0.04325048  0.01951993]
 [ 0.37050304  0.23636724 -0.32628232  0.05513849  0.06638729  0.
  -0.02986799  0.         -0.0089737   0.05746529]] 
Episode: 692: [[ 0.17764479  0.11475259 -0.3854131  -0.16759643  0.01026433  0.
  -0.05822931  0.          0.00317181  0.05739792]
 [ 0.17789765  0.24143669 -0.4176256  -0.15708154  0.090115    0.
  -0.06579617  0.         -0.01725222  0.06944902]
 [ 0.31597105  0.42987165 -0.44661912 -0.08890846  0.12366392  0.
  -0.01884774  0.         -0.03533321  0.05124008]
 [ 0.5349768   0.5508119  -0.45825955  0.08203284  0.11576478  0.
   0.04872042  0.         -0.04325048  0.01959937]
 [ 0.37051588  0.23660535 -0.32656857  0.05504445  0.0664551   0.
  -0.02982635  0.         -0.0089737   0.0575457 ]] 
Episode: 693: [[ 0.17771092  0.11493731 -0.38564876 -0.16764174  0.01033692  0.
  -0.0582583   0.          0.00317181  0.05747651]
 [ 0.17796066  0.24162781 -0.41786316 -0.15712747  0.0901821   0.
  -0.06581477  0.         -0.01725222  0.06952842]
 [ 0.31605762  0.43014386 -0.44688132 -0.08894759  0.12370475  0.
  -0.0188039   0.         -0.03533321  0.05131113]
 [ 0.5351129   0.5511694  -0.458544    0.08200251  0.11580815  0.
   0.04883743  0.         -0.04325048  0.01964358]
 [ 0.37053213  0.23685037 -0.32685268  0.05499015  0.06651607  0.
  -0.02982386  0.         -0.0089737   0.05762865]] 
Episode: 694: [[ 0.17778412  0.11515614 -0.38589635 -0.16767295  0.01039583  0.
  -0.05826746  0.          0.00317181  0.0575342 ]
 [ 0.17803058  0.24185254 -0.4181125  -0.15715885  0.09023466  0.
  -0.06581189  0.         -0.01725222  0.06958637]
 [ 0.316151    0.43044746 -0.44715518 -0.08896948  0.12372658  0.
  -0.01871929  0.         -0.03533321  0.05136868]
 [ 0.53525674  0.5515522  -0.4588392   0.08199146  0.11582846  0.
   0.04899655  0.         -0.04325048  0.01968449]
 [ 0.37055793  0.23713702 -0.3271514   0.05495354  0.06655756  0.
  -0.02979119  0.         -0.0089737   0.05768719]] 
Episode: 695: [[ 0.1779627   0.11541209 -0.38614112 -0.16766119  0.01063388  0.
  -0.05833335  0.          0.00317181  0.057551  ]
 [ 0.17820294  0.24211313 -0.4183577  -0.15714656  0.09046514  0.
  -0.06586623  0.         -0.01725222  0.06959815]
 [ 0.31635427  0.43078217 -0.4474191  -0.08895142  0.12393733  0.
  -0.01869835  0.         -0.03533321  0.05138584]
 [ 0.5354996   0.5519592  -0.45911884  0.08201464  0.11604333  0.
   0.04908591  0.         -0.04325048  0.01969421]
 [ 0.37071428  0.23746924 -0.3274438   0.05496519  0.06681017  0.
  -0.02981877  0.         -0.0089737   0.05770089]] 
Episode: 696: [[ 0.1781277   0.1156413  -0.38637108 -0.16765064  0.01085808  0.
  -0.05844984  0.          0.00317181  0.05751771]
 [ 0.17836218  0.24234642 -0.41858828 -0.15713559  0.09068216  0.
  -0.06597205  0.         -0.01725222  0.06955762]
 [ 0.31654257  0.4310865  -0.4476685  -0.08893501  0.12413482  0.
  -0.0187347   0.         -0.03533321  0.05133393]
 [ 0.53572017  0.5523339  -0.4593824   0.08203577  0.11624555  0.
   0.04911253  0.         -0.04325048  0.01962761]
 [ 0.37085778  0.23776585 -0.32771775  0.05497471  0.06704734  0.
  -0.02990056  0.         -0.0089737   0.05765628]] 
Episode: 697: [[ 0.17828684  0.11586565 -0.38656127 -0.16763549  0.01110207  0.
  -0.05861225  0.          0.00317181  0.05753313]
 [ 0.17851634  0.24257405 -0.4187787  -0.15711999  0.0909198   0.
  -0.06612416  0.         -0.01725222  0.06956671]
 [ 0.31672347  0.43137917 -0.44787663 -0.08891474  0.12435754  0.
  -0.01882259  0.         -0.03533321  0.05133363]
 [ 0.5359324   0.5526913  -0.45960534  0.08206015  0.11647396  0.
   0.04908269  0.         -0.04325048  0.01961035]
 [ 0.37099203  0.23805569 -0.32794476  0.05498897  0.06731673  0.
  -0.0300311   0.         -0.0089737   0.05766901]] 
Episode: 698: [[ 0.17851046  0.11610576 -0.38674915 -0.16760682  0.01137746  0.
  -0.05881597  0.          0.00317181  0.05749109]
 [ 0.17873763  0.24281639 -0.41896623 -0.15709068  0.0911882   0.
  -0.0663179   0.         -0.01725222  0.06951578]
 [ 0.31696403  0.43167987 -0.44807753 -0.08888213  0.12461295  0.
  -0.01895683  0.         -0.03533321  0.05128029]
 [ 0.53619003  0.55304945 -0.45981634  0.0820941   0.1167358   0.
   0.04900205  0.         -0.04325048  0.0195491 ]
 [ 0.3711958   0.23836459 -0.32816693  0.05501891  0.06762102  0.
  -0.03020549  0.         -0.0089737   0.0576195 ]] 
Episode: 699: [[ 0.17875373  0.11632282 -0.38693205 -0.16755456  0.01166937  0.
  -0.05905682  0.          0.00317181  0.05738584]
 [ 0.17897983  0.2430353  -0.41914842 -0.15703732  0.09147318  0.
  -0.06654909  0.         -0.01725222  0.06939983]
 [ 0.3172245   0.4319555  -0.4482703  -0.08882548  0.12489013  0.
  -0.01913277  0.         -0.03533321  0.05115861]
 [ 0.5364648   0.5533825  -0.46001646  0.08215125  0.11702293  0.
   0.04887572  0.         -0.04325048  0.01941877]
 [ 0.3714236   0.23864563 -0.3283826   0.05507698  0.06794517  0.
  -0.03041931  0.         -0.0089737   0.05749521]] 
Episode: 700: [[ 0.17898159  0.11653139 -0.3871223  -0.16749151  0.01193936  0.
  -0.05931479  0.          0.00317181  0.05727351]
 [ 0.17920655  0.24324556 -0.41933826 -0.15697286  0.09173656  0.
  -0.0668007   0.         -0.01725222  0.06927657]
 [ 0.3174712   0.43222198 -0.4484739  -0.08875347  0.12514412  0.
  -0.01933666  0.         -0.03533321  0.05102417]
 [ 0.5367301   0.5537067  -0.46022892  0.08222818  0.11728842  0.
   0.04871421  0.         -0.04325048  0.01926922]
 [ 0.371638    0.23891546 -0.32860717  0.05514763  0.06824377  0.
  -0.030657    0.         -0.0089737   0.05736282]] 
Episode: 701: [[ 0.17920333  0.11673974 -0.38734293 -0.16742899  0.01216426  0.
  -0.05948933  0.          0.00317181  0.05714509]
 [ 0.17942715  0.24345538 -0.4195587  -0.15690884  0.09195442  0.
  -0.06697021  0.         -0.01725222  0.0691371 ]
 [ 0.31771633  0.4324903  -0.44871393 -0.08867759  0.12534828  0.
  -0.01946496  0.         -0.03533321  0.05087399]
 [ 0.5370009   0.55403703 -0.4604827   0.08231236  0.11750795  0.
   0.04862265  0.         -0.04325048  0.01910476]
 [ 0.37185186  0.23918422 -0.3288715   0.0552189   0.06848731  0.
  -0.03081395  0.         -0.0089737   0.05721286]] 
Episode: 702: [[ 0.17940392  0.11691336 -0.38755557 -0.1673833   0.01236436  0.
  -0.05959971  0.          0.00317181  0.05702724]
 [ 0.1796266   0.24363053 -0.41977143 -0.15686198  0.09214819  0.
  -0.06707256  0.         -0.01725222  0.06900895]
 [ 0.31793973  0.432726   -0.44895056 -0.08862207  0.12553121  0.
  -0.01952528  0.         -0.03533321  0.05072916]
 [ 0.53725064  0.5543395  -0.4607386   0.08237301  0.1177102   0.
   0.04859402  0.         -0.04325048  0.01893838]
 [ 0.37204573  0.23941049 -0.32912788  0.05527079  0.06870342  0.
  -0.03089879  0.         -0.0089737   0.05707537]] 
Episode: 703: [[ 0.17958574  0.11706251 -0.387774   -0.16735224  0.01253637  0.
  -0.05967756  0.          0.00317181  0.05692305]
 [ 0.17980675  0.24378106 -0.41998994 -0.15683001  0.09231394  0.
  -0.06714118  0.         -0.01725222  0.06889525]
 [ 0.31814247  0.43293327 -0.44919482 -0.08858152  0.12568374  0.
  -0.01953534  0.         -0.03533321  0.05060633]
 [ 0.53748053  0.5546125  -0.46100307  0.08241881  0.11788368  0.
   0.04862202  0.         -0.04325048  0.01880322]
 [ 0.37221885  0.2396065  -0.32939193  0.05530617  0.06888673  0.
  -0.03094428  0.         -0.0089737   0.05695347]] 
Episode: 704: [[ 0.17974734  0.1171945  -0.38797987 -0.16733916  0.01269418  0.
  -0.05980521  0.          0.00317181  0.05682797]
 [ 0.17996661  0.24391405 -0.42019585 -0.15681629  0.09246573  0.
  -0.06725983  0.         -0.01725222  0.06879158]
 [ 0.31832516  0.43311974 -0.44942746 -0.08855731  0.12582238  0.
  -0.01959952  0.         -0.03533321  0.05049426]
 [ 0.53769094  0.5548632  -0.46125808  0.08245104  0.11804282  0.
   0.04859346  0.         -0.04325048  0.01868103]
 [ 0.37236956  0.23978038 -0.32964188  0.05532059  0.06905545  0.
  -0.03104213  0.         -0.0089737   0.05684274]] 
Episode: 705: [[ 0.17990766  0.11735521 -0.38820258 -0.16730805  0.01286698  0.
  -0.05993695  0.          0.00317181  0.05677699]
 [ 0.1801248   0.24407512 -0.4204185  -0.15678422  0.09263218  0.
  -0.0673839   0.         -0.01725222  0.06873281]
 [ 0.31850147  0.43332896 -0.44967306 -0.08851331  0.1259713   0.
  -0.01965024  0.         -0.03533321  0.05043351]
 [ 0.53789085  0.5551284  -0.46152046  0.0825045   0.1182074   0.
   0.04861426  0.         -0.04325048  0.01861354]
 [ 0.3725084   0.2399879  -0.32991055  0.05535663  0.06923681  0.
  -0.03113879  0.         -0.0089737   0.05678255]] 
Episode: 706: [[ 0.18005988  0.11751446 -0.38845053 -0.1672685   0.01299593  0.
  -0.06003892  0.          0.00317181  0.05673415]
 [ 0.18027453  0.24423496 -0.42066652 -0.15674363  0.09275444  0.
  -0.06747723  0.         -0.01725222  0.06868335]
 [ 0.31867105  0.43353933 -0.44994682 -0.08845721  0.12607096  0.
  -0.01966611  0.         -0.03533321  0.05038057]
 [ 0.5380869   0.5553978  -0.46181312  0.08257382  0.11832052  0.
   0.04867579  0.         -0.04325048  0.01855081]
 [ 0.3726388   0.24019334 -0.3302106   0.05540233  0.06936367  0.
  -0.03119902  0.         -0.0089737   0.05673173]] 
Episode: 707: [[ 0.18020682  0.11766663 -0.38870385 -0.16722947  0.01310564  0.
  -0.0600969   0.          0.00317181  0.05669037]
 [ 0.18041895  0.24438772 -0.42091995 -0.15670356  0.09285756  0.
  -0.06752449  0.         -0.01725222  0.06863321]
 [ 0.31883729  0.43374363 -0.4502271  -0.08840086  0.12615103  0.
  -0.01962517  0.         -0.03533321  0.0503234 ]
 [ 0.53828436  0.55566245 -0.46211335  0.08264359  0.1184139   0.
   0.04878492  0.         -0.04325048  0.01847845]
 [ 0.37276715  0.24038985 -0.33051825  0.05544816  0.06946737  0.
  -0.03120711  0.         -0.0089737   0.05667796]] 
Episode: 708: [[ 0.18033849  0.1177856  -0.3889472  -0.16724205  0.01317533  0.
  -0.06009135  0.          0.00317181  0.05663614]
 [ 0.18054804  0.24450709 -0.4211636  -0.15671587  0.09292094  0.
  -0.06751002  0.         -0.01725222  0.0685726 ]
 [ 0.31899014  0.4339194  -0.45050013 -0.08840283  0.12619042  0.
  -0.01953313  0.         -0.03533321  0.05025437]
 [ 0.53847516  0.5559061  -0.46240965  0.08265065  0.11846764  0.
   0.04893687  0.         -0.04325048  0.0183913 ]
 [ 0.3728834   0.2405454  -0.33081532  0.05543433  0.06952526  0.
  -0.03115739  0.         -0.0089737   0.05661456]] 
Episode: 709: [[ 0.1804527   0.11788504 -0.38918674 -0.16730623  0.01321826  0.
  -0.06002866  0.          0.00317181  0.05655816]
 [ 0.18065941  0.24460717 -0.42140368 -0.15678056  0.09295794  0.
  -0.06744     0.         -0.01725222  0.06848799]
 [ 0.31912863  0.43407908 -0.45077497 -0.0884652   0.1262018   0.
  -0.01939513  0.         -0.03533321  0.05014372]
 [ 0.53865933  0.5561398  -0.46271324  0.08258909  0.11849602  0.
   0.04912734  0.         -0.04325048  0.01824143]
 [ 0.37298256  0.24067856 -0.33110908  0.05536097  0.06955322  0.
  -0.03105567  0.         -0.0089737   0.0565256 ]] 
Episode: 710: [[ 0.18052861  0.1180034  -0.38940993 -0.16739695  0.01325556  0.
  -0.05991486  0.          0.00317181  0.05656942]
 [ 0.18073103  0.2447263  -0.42162722 -0.15687215  0.09298936  0.
  -0.06732005  0.         -0.01725222  0.06849524]
 [ 0.31922317  0.43425706 -0.4510282  -0.08855743  0.12620722  0.
  -0.01921577  0.         -0.03533321  0.05012689]
 [ 0.5388      0.5563881  -0.46298683  0.08249752  0.11851712  0.
   0.04935248  0.         -0.04325048  0.01818234]
 [ 0.37303084  0.2408348  -0.3313791   0.05525682  0.069575    0.
  -0.03090718  0.         -0.0089737   0.05653732]] 
Episode: 711: [[ 0.18062869  0.11807491 -0.38969004 -0.16744293  0.01329085  0.
  -0.05984555  0.          0.00317181  0.05659447]
 [ 0.1808266   0.24479927 -0.42190757 -0.1569184   0.09301877  0.
  -0.06724622  0.         -0.01725222  0.06851805]
 [ 0.31933585  0.43438393 -0.4513338  -0.08860184  0.12620656  0.
  -0.0190789   0.         -0.03533321  0.05012426]
 [ 0.5389453   0.55658764 -0.46330312  0.082453    0.11853523  0.
   0.04954411  0.         -0.04325048  0.01813095]
 [ 0.3730955   0.24093603 -0.33171493  0.05520483  0.0695869   0.
  -0.03079519  0.         -0.0089737   0.05656405]] 
Episode: 712: [[ 0.18072672  0.11814806 -0.3899585  -0.16748136  0.01331386  0.
  -0.0597255   0.          0.00317181  0.05659271]
 [ 0.18092074  0.24487446 -0.42217636 -0.15695703  0.09303634  0.
  -0.06712282  0.         -0.01725222  0.0685127 ]
 [ 0.31945065  0.43450975 -0.45162982 -0.0886343   0.12619542  0.
  -0.01890054  0.         -0.03533321  0.05011404]
 [ 0.539098    0.55678177 -0.46361405  0.08242379  0.11854345  0.
   0.04977033  0.         -0.04325048  0.01810072]
 [ 0.3731661   0.2410393  -0.33203906  0.05516179  0.06958754  0.
  -0.03063742  0.         -0.0089737   0.05656069]] 
Episode: 713: [[ 0.18083405  0.1182326  -0.39025846 -0.16747397  0.01331779  0.
  -0.05965683  0.          0.00317181  0.05658218]
 [ 0.18102436  0.24496068 -0.42247665 -0.15694922  0.09303419  0.
  -0.06705275  0.         -0.01725222  0.06849857]
 [ 0.31958115  0.43465176 -0.45196152 -0.08861146  0.12616615  0.
  -0.01878013  0.         -0.03533321  0.05008634]
 [ 0.539275    0.5569986  -0.46396464  0.08245709  0.11854304  0.
   0.04993149  0.         -0.04325048  0.01804235]
 [ 0.37325284  0.24115655 -0.3324044   0.05517229  0.06956586  0.
  -0.03053459  0.         -0.0089737   0.0565458 ]] 
Episode: 714: [[ 0.181029    0.11832445 -0.39053082 -0.16744502  0.01329619  0.
  -0.05965275  0.          0.00317181  0.05653155]
 [ 0.18121873  0.24505371 -0.42274836 -0.15691975  0.09300487  0.
  -0.06704669  0.         -0.01725222  0.0684414 ]
 [ 0.31979847  0.43479767 -0.45225942 -0.08856865  0.12610857  0.
  -0.01872699  0.         -0.03533321  0.05002008]
 [ 0.53952366  0.55721354 -0.4642776   0.08250637  0.11851554  0.
   0.05002273  0.         -0.04325048  0.0179554 ]
 [ 0.37343493  0.24128245 -0.33273226  0.05520795  0.0695104   0.
  -0.03049907  0.         -0.0089737   0.0564861 ]] 
Episode: 715: [[ 0.18122345  0.11842005 -0.39083317 -0.16738795  0.01326731  0.
  -0.05969546  0.          0.00317181  0.05648082]
 [ 0.18141183  0.2451514  -0.4230498  -0.15686178  0.09296791  0.
  -0.06708923  0.         -0.01725222  0.06838505]
 [ 0.32001612  0.43495333 -0.45258594 -0.08849337  0.1260407   0.
  -0.018716    0.         -0.03533321  0.04995323]
 [ 0.53977436  0.5574415  -0.46461558  0.08258967  0.11847799  0.
   0.05008467  0.         -0.04325048  0.01786515]
 [ 0.37361553  0.24141432 -0.33309424  0.05527672  0.06944192  0.
  -0.03050983  0.         -0.0089737   0.05642542]] 
Episode: 716: [[ 0.18139957  0.11851829 -0.39109874 -0.16733244  0.01329665  0.
  -0.05978761  0.          0.00317181  0.05649742]
 [ 0.18158612  0.24525207 -0.42331424 -0.15680535  0.09299039  0.
  -0.06718421  0.         -0.01725222  0.06839958]
 [ 0.3202115   0.4351062  -0.45287216 -0.08842036  0.126038    0.
  -0.01875012  0.         -0.03533321  0.04996237]
 [ 0.5400053   0.55765784 -0.4649119   0.08267204  0.11849941  0.
   0.05012899  0.         -0.04325048  0.01784866]
 [ 0.37376764  0.24154948 -0.33341074  0.05534345  0.0694468   0.
  -0.03057337  0.         -0.0089737   0.0564412 ]] 
Episode: 717: [[ 0.18156306  0.11864346 -0.39134714 -0.16726209  0.01334269  0.
  -0.05992819  0.          0.00317181  0.05653664]
 [ 0.18174714  0.2453789  -0.42356133 -0.15673386  0.09302925  0.
  -0.06732662  0.         -0.01725222  0.06843662]
 [ 0.3203907   0.43528205 -0.45313984 -0.08833141  0.12605521  0.
  -0.01883607  0.         -0.03533321  0.04999662]
 [ 0.5402176   0.55789024 -0.46518973  0.08277095  0.11853888  0.
   0.05011501  0.         -0.04325048  0.01785848]
 [ 0.3738997   0.24171515 -0.3337088   0.0554268   0.06947391  0.
  -0.03068753  0.         -0.0089737   0.05648113]] 
Episode: 718: [[ 0.18163702  0.11871353 -0.3915084  -0.16743624  0.01336009  0.
  -0.05999702  0.          0.00317181  0.05663411]
 [ 0.18181637  0.24544841 -0.42372116 -0.15689391  0.09303887  0.
  -0.06739782  0.         -0.01725222  0.06853385]
 [ 0.3204604   0.43540996 -0.45330152 -0.08844484  0.12602635  0.
  -0.01885817  0.         -0.03533321  0.05011015]
 [ 0.54030377  0.55807734 -0.46534508  0.08269501  0.11848737  0.
   0.05015628  0.         -0.04325048  0.01794314]
 [ 0.3739112   0.24181066 -0.33389777  0.05526489  0.06947382  0.
  -0.03073327  0.         -0.0089737   0.05659445]] 
Episode: 719: [[ 0.18165646  0.11877891 -0.39153254 -0.16777034  0.01336994  0.
  -0.06000131  0.          0.00317181  0.05677387]
 [ 0.18183002  0.24551183 -0.42374352 -0.15721832  0.09304156  0.
  -0.06740496  0.         -0.01725222  0.06867422]
 [ 0.32046756  0.43554264 -0.4532941  -0.08873545  0.12599902  0.
  -0.01882284  0.         -0.03533321  0.05027783]
 [ 0.54032207  0.55827343 -0.46530104  0.08246475  0.11842844  0.
   0.05024728  0.         -0.04325048  0.01809497]
 [ 0.37385213  0.24189757 -0.33391374  0.05491226  0.06947241  0.
  -0.03071746  0.         -0.0089737   0.05675708]] 
Episode: 720: [[ 0.18167242  0.11883867 -0.39155853 -0.16808903  0.01338089  0.
  -0.05994754  0.          0.00317181  0.0568941 ]
 [ 0.18184061  0.24557027 -0.42376795 -0.15752849  0.09304635  0.
  -0.06735447  0.         -0.01725222  0.06879482]
 [ 0.3204762   0.43567294 -0.45329446 -0.08901895  0.12597543  0.
  -0.01873585  0.         -0.03533321  0.05041354]
 [ 0.54034853  0.5584709  -0.46527186  0.08223151  0.1183751   0.
   0.05038301  0.         -0.04325048  0.01820307]
 [ 0.37379742  0.24197859 -0.33393386  0.05457462  0.06947415  0.
  -0.0306463   0.         -0.0089737   0.05689771]] 
Episode: 721: [[ 0.18165325  0.1188969  -0.39150953 -0.16848114  0.01336114  0.
  -0.05984156  0.          0.00317181  0.05709274]
 [ 0.18181525  0.24562879 -0.42371738 -0.1579147   0.09302168  0.
  -0.06725216  0.         -0.01725222  0.06899224]
 [ 0.3204506   0.43579906 -0.4532164  -0.0893946   0.1259212   0.
  -0.01860238  0.         -0.03533321  0.0506181 ]
 [ 0.54034376  0.5586568  -0.46516183  0.08188874  0.11828233  0.
   0.05055898  0.         -0.04325048  0.01837593]
 [ 0.37369803  0.24205728 -0.3338592   0.05414891  0.06944402  0.
  -0.03052535  0.         -0.0089737   0.0571156 ]] 
Episode: 722: [[ 0.18161747  0.11900227 -0.3914968  -0.16886023  0.0133982   0.
  -0.05970457  0.          0.00317181  0.05736296]
 [ 0.18177196  0.24573533 -0.42370337 -0.1582889   0.09305441  0.
  -0.06711628  0.         -0.01725222  0.06925849]
 [ 0.32040355  0.43596753 -0.4531776  -0.08976008  0.12592083  0.
  -0.01842711  0.         -0.03533321  0.0508844 ]
 [ 0.5403082   0.5588753  -0.4650912   0.08155197  0.11823396  0.
   0.05077115  0.         -0.04325048  0.0186069 ]
 [ 0.37356943  0.24219246 -0.33382735  0.05373454  0.06947509  0.
  -0.03037022  0.         -0.0089737   0.05740266]] 
Episode: 723: [[ 0.18159477  0.11911551 -0.3915351  -0.16919845  0.01339888  0.
  -0.05955533  0.          0.00317181  0.05758077]
 [ 0.18174174  0.24584965 -0.42374036 -0.15862264  0.09305003  0.
  -0.06696621  0.         -0.01725222  0.06947219]
 [ 0.32037568  0.4361458  -0.45319718 -0.09008004  0.12587772  0.
  -0.01821742  0.         -0.03533321  0.05109537]
 [ 0.5402985   0.55910885 -0.46508494  0.08126349  0.11815024  0.
   0.0510159   0.         -0.04325048  0.01878456]
 [ 0.37346277  0.242338   -0.33385837  0.05336573  0.06946173  0.
  -0.03019436  0.         -0.0089737   0.05763031]] 
Episode: 724: [[ 0.18161951  0.11922748 -0.3915816  -0.16949597  0.0133806   0.
  -0.05936342  0.          0.00317181  0.05776663]
 [ 0.18176101  0.2459619  -0.4237852  -0.15891598  0.09302587  0.
  -0.06677425  0.         -0.01725222  0.06965385]
 [ 0.32039762  0.43631658 -0.45322487 -0.09036083  0.12581408  0.
  -0.01797357  0.         -0.03533321  0.0512766 ]
 [ 0.54033107  0.5593314  -0.46508753  0.08100986  0.11804968  0.
   0.05128995  0.         -0.04325048  0.01893853]
 [ 0.373416    0.24248196 -0.33389932  0.05304204  0.06942241  0.
  -0.02997918  0.         -0.0089737   0.05782579]] 
Episode: 725: [[ 0.18163887  0.11933281 -0.39160118 -0.16979414  0.01338262  0.
  -0.05917433  0.          0.00317181  0.05794239]
 [ 0.18177536  0.24606761 -0.42380333 -0.15921089  0.09302323  0.
  -0.06658416  0.         -0.01725222  0.06982558]
 [ 0.32041728  0.4364751  -0.4532227  -0.09065183  0.1257735   0.
  -0.01772833  0.         -0.03533321  0.05144669]
 [ 0.5403688   0.55953443 -0.46505842  0.08073691  0.1179681   0.
   0.05157495  0.         -0.04325048  0.01908004]
 [ 0.3733712   0.24261554 -0.33390874  0.05271501  0.0694091   0.
  -0.02976677  0.         -0.0089737   0.05801195]] 
Episode: 726: [[ 0.18165548  0.1194304  -0.39163405 -0.17010765  0.01339991  0.
  -0.05900426  0.          0.00317181  0.0580491 ]
 [ 0.18178684  0.2461665  -0.42383474 -0.15952216  0.09303594  0.
  -0.0664128   0.         -0.01725222  0.06992742]
 [ 0.3204353   0.43663156 -0.45323855 -0.09096141  0.12575038  0.
  -0.01748624  0.         -0.03533321  0.05154722]
 [ 0.5404029   0.55974215 -0.46505228  0.08044405  0.11790833  0.
   0.05188345  0.         -0.04325048  0.01915801]
 [ 0.37332338  0.24273998 -0.33393517  0.05236872  0.06941433  0.
  -0.02957382  0.         -0.0089737   0.05812079]] 
Episode: 727: [[ 0.1816958   0.11955033 -0.39172283 -0.17036219  0.01341231  0.
  -0.05890897  0.          0.00317181  0.05819586]
 [ 0.18182147  0.2462866  -0.42392156 -0.15977417  0.09304195  0.
  -0.06631563  0.         -0.01725222  0.07007156]
 [ 0.32047465  0.4368057  -0.4533083  -0.09121095  0.12571223  0.
  -0.01732364  0.         -0.03533321  0.05168583]
 [ 0.5404544   0.5599645  -0.46509495  0.08021031  0.11783317  0.
   0.05210724  0.         -0.04325048  0.01926709]
 [ 0.3732962   0.2428899  -0.33402404  0.05208824  0.06939872  0.
  -0.02945725  0.         -0.0089737   0.05827596]] 
Episode: 728: [[ 0.18175177  0.11969844 -0.39184842 -0.1705636   0.01341582  0.
  -0.05887339  0.          0.00317181  0.05830254]
 [ 0.18187222  0.24643482 -0.4240452  -0.15997289  0.09303865  0.
  -0.0662808   0.         -0.01725222  0.07017431]
 [ 0.3205372   0.437016   -0.4534236  -0.09139992  0.12566821  0.
  -0.01723255  0.         -0.03533321  0.05176813]
 [ 0.5405418   0.56023216 -0.4651921   0.08004275  0.11776551  0.
   0.05225481  0.         -0.04325048  0.01930245]
 [ 0.37329566  0.24307376 -0.3341605   0.05186813  0.06937311  0.
  -0.02940345  0.         -0.0089737   0.05838523]] 
Episode: 729: [[ 0.18191664  0.11987543 -0.39197412 -0.17072137  0.01341741  0.
  -0.05889909  0.          0.00317181  0.05838522]
 [ 0.18202902  0.24661073 -0.42416838 -0.1601278   0.09303126  0.
  -0.06630645  0.         -0.01725222  0.07025176]
 [ 0.32071435  0.4372467  -0.4535367  -0.09154711  0.12561816  0.
  -0.01720581  0.         -0.03533321  0.0518309 ]
 [ 0.5407508   0.5605126  -0.46528605  0.07991086  0.11769747  0.
   0.05233381  0.         -0.04325048  0.01932864]
 [ 0.37344244  0.2432926  -0.33429596  0.05169632  0.06934094  0.
  -0.02941206  0.         -0.0089737   0.0584692 ]] 
Episode: 730: [[ 0.18204576  0.11999957 -0.39212334 -0.17099681  0.01338052  0.
  -0.05887635  0.          0.00317181  0.05842936]
 [ 0.18214971  0.24673417 -0.42431548 -0.16040264  0.09298544  0.
  -0.06628001  0.         -0.01725222  0.0702901 ]
 [ 0.3208557   0.43744096 -0.4536855  -0.09184562  0.12553288  0.
  -0.01712654  0.         -0.03533321  0.05184897]
 [ 0.54093     0.5607814  -0.46542925  0.0796323   0.11760715  0.
   0.05245868  0.         -0.04325048  0.01930683]
 [ 0.37354657  0.24345048 -0.3344639   0.05138888  0.06926786  0.
  -0.02936426  0.         -0.0089737   0.0585114 ]] 
Episode: 731: [[ 0.18214506  0.12011182 -0.39224735 -0.1713027   0.01332833  0.
  -0.05882293  0.          0.00317181  0.05848877]
 [ 0.18224046  0.24684474 -0.42443758 -0.16070877  0.09292427  0.
  -0.06622112  0.         -0.01725222  0.07034388]
 [ 0.3209677   0.43762055 -0.45381007 -0.09217736  0.1254335   0.
  -0.01700002  0.         -0.03533321  0.05191299]
 [ 0.5410814   0.5610337  -0.46555176  0.07931484  0.11749884  0.
   0.05262484  0.         -0.04325048  0.019363  ]
 [ 0.37361434  0.24359268 -0.33460495  0.05104515  0.069184    0.
  -0.02928343  0.         -0.0089737   0.05857257]] 
Episode: 732: [[ 0.18225922  0.12026137 -0.39237505 -0.17155285  0.01328837  0.
  -0.05877931  0.          0.00317181  0.05854436]
 [ 0.18234716  0.2469924  -0.42456335 -0.16095883  0.09287552  0.
  -0.06617265  0.         -0.01725222  0.07039387]
 [ 0.32109684  0.43783203 -0.45393896 -0.09244807  0.12534553  0.
  -0.01687973  0.         -0.03533321  0.05196916]
 [ 0.5412515   0.5613091  -0.46567926  0.07905831  0.11740015  0.
   0.05279542  0.         -0.04325048  0.01940575]
 [ 0.37370086  0.2437784  -0.33475113  0.05076507  0.06911297  0.
  -0.02920672  0.         -0.0089737   0.05862762]] 
Episode: 733: [[ 0.18237583  0.1204184  -0.39253345 -0.17177287  0.01323851  0.
  -0.05876209  0.          0.00317181  0.05855538]
 [ 0.18245655  0.24714746 -0.42471975 -0.1611788   0.09281709  0.
  -0.06615227  0.         -0.01725222  0.07039823]
 [ 0.32123137  0.43805486 -0.45410633 -0.09268247  0.12524426  0.
  -0.01678102  0.         -0.03533321  0.05197261]
 [ 0.541431    0.5616009  -0.46585172  0.07884055  0.11729088  0.
   0.0529578   0.         -0.04325048  0.01939066]
 [ 0.37379193  0.24397326 -0.33493385  0.05051843  0.06902855  0.
  -0.02915745  0.         -0.0089737   0.05863079]] 
Episode: 734: [[ 0.18247902  0.12055418 -0.39270017 -0.17200017  0.01318505  0.
  -0.05871434  0.          0.00317181  0.05855308]
 [ 0.18255287  0.24728175 -0.42488456 -0.16140635  0.09275549  0.
  -0.06609963  0.         -0.01725222  0.07038961]
 [ 0.3213504   0.43824878 -0.45428592 -0.09293023  0.12513861  0.
  -0.01663735  0.         -0.03533321  0.05196639]
 [ 0.54159534  0.56185746 -0.46604094  0.07860209  0.11717491  0.
   0.0531578   0.         -0.04325048  0.01937054]
 [ 0.3738708   0.24414292 -0.33512795  0.05026272  0.068941    0.
  -0.02907519  0.         -0.0089737   0.05862008]] 
Episode: 735: [[ 0.18256098  0.12068379 -0.39284977 -0.17223631  0.01314713  0.
  -0.05866358  0.          0.00317181  0.05855314]
 [ 0.1826281   0.24741028 -0.42503253 -0.161643    0.09271041  0.
  -0.06604405  0.         -0.01725222  0.07038385]
 [ 0.3214462   0.43843397 -0.45444906 -0.09319173  0.1250541   0.
  -0.01647961  0.         -0.03533321  0.05196567]
 [ 0.54173523  0.5621015  -0.46621525  0.07834323  0.1170807   0.
   0.05339163  0.         -0.04325048  0.01935987]
 [ 0.3739265   0.24430482 -0.33530277  0.0499961   0.06887464  0.
  -0.02899211  0.         -0.0089737   0.05861376]] 
Episode: 736: [[ 0.18263835  0.12080465 -0.39300236 -0.17244773  0.01309602  0.
  -0.05861782  0.          0.00317181  0.05853986]
 [ 0.18269917  0.24752966 -0.42518348 -0.16185482  0.09265238  0.
  -0.06599376  0.         -0.01725222  0.07036518]
 [ 0.3215406   0.43861726 -0.45462036 -0.09342265  0.12495743  0.
  -0.0163373   0.         -0.03533321  0.05193647]
 [ 0.54187816  0.5623527  -0.46640366  0.0781178   0.11697741  0.
   0.05359875  0.         -0.04325048  0.01930274]
 [ 0.37398103  0.24445602 -0.3354823   0.04975763  0.06879461  0.
  -0.02891567  0.         -0.0089737   0.05859492]] 
Episode: 737: [[ 0.18273035  0.12095362 -0.3931683  -0.17260738  0.01308634  0.
  -0.05863462  0.          0.00317181  0.05856054]
 [ 0.18278536  0.24767768 -0.42534763 -0.16201463  0.09263582  0.
  -0.06600575  0.         -0.01725222  0.07038195]
 [ 0.32165143  0.43882668 -0.45480412 -0.09359679  0.12490547  0.
  -0.01626461  0.         -0.03533321  0.0519411 ]
 [ 0.5420371   0.5626228  -0.46660343  0.07795114  0.11691856  0.
   0.05373123  0.         -0.04325048  0.01927508]
 [ 0.37405002  0.24463986 -0.33567768  0.04957718  0.06876061  0.
  -0.02890412  0.         -0.0089737   0.05861356]] 
Episode: 738: [[ 0.18288834  0.12112018 -0.3933202  -0.17273928  0.01314128  0.
  -0.05870769  0.          0.00317181  0.05852098]
 [ 0.18294086  0.24784262 -0.42549735 -0.16214654  0.09268361  0.
  -0.06607375  0.         -0.01725222  0.07033629]
 [ 0.3218333   0.43904668 -0.45497108 -0.09374223  0.12492512  0.
  -0.01625455  0.         -0.03533321  0.05188649]
 [ 0.5422585   0.5628958  -0.46678475  0.07781047  0.11693355  0.
   0.05379654  0.         -0.04325048  0.01919837]
 [ 0.3742033   0.24484494 -0.33585644  0.04942763  0.06880517  0.
  -0.02895095  0.         -0.0089737   0.05856485]] 
Episode: 739: [[ 0.18303756  0.12128493 -0.39351663 -0.17285985  0.01318729  0.
  -0.05873125  0.          0.00317181  0.05848197]
 [ 0.18308711  0.24800587 -0.42569155 -0.16226722  0.0927227   0.
  -0.0660904   0.         -0.01725222  0.07029164]
 [ 0.32201344  0.4392717  -0.45518523 -0.09387027  0.12493444  0.
  -0.01619016  0.         -0.03533321  0.05184449]
 [ 0.54248714  0.56318337 -0.4670124   0.07769035  0.11694303  0.
   0.0539092   0.         -0.04325048  0.01915212]
 [ 0.37435183  0.2450518  -0.33608633  0.04929044  0.06883889  0.
  -0.02894467  0.         -0.0089737   0.05851837]] 
Episode: 740: [[ 0.1831775   0.12143377 -0.39373034 -0.17296003  0.01321045  0.
  -0.05870082  0.          0.00317181  0.05842989]
 [ 0.18322402  0.2481532  -0.42590296 -0.16236752  0.09273949  0.
  -0.06605104  0.         -0.01725222  0.07023368]
 [ 0.32218805  0.43948078 -0.45542613 -0.09396899  0.12491764  0.
  -0.01607689  0.         -0.03533321  0.05178085]
 [ 0.5427203   0.5634573  -0.46727815  0.07760839  0.11692523  0.
   0.05406446  0.         -0.04325048  0.01907451]
 [ 0.37449372  0.24523884 -0.3363394   0.04917669  0.06884632  0.
  -0.0288818   0.         -0.0089737   0.05845677]] 
Episode: 741: [[ 0.18333592  0.12161962 -0.39397824 -0.17298877  0.01323145  0.
  -0.0587314   0.          0.00317181  0.05834495]
 [ 0.18337943  0.24833712 -0.42614833 -0.16239594  0.09275313  0.
  -0.06607282  0.         -0.01725222  0.07014172]
 [ 0.32238525  0.4397249  -0.45570162 -0.09398665  0.1248972   0.
  -0.01603029  0.         -0.03533321  0.05167028]
 [ 0.54298246  0.56376266 -0.46757773  0.07761296  0.11690909  0.
   0.05415031  0.         -0.04325048  0.01893638]
 [ 0.37465763  0.24546875 -0.33663377  0.04914414  0.06884667  0.
  -0.02888243  0.         -0.0089737   0.05835601]] 
Episode: 742: [[ 0.18349555  0.1218109  -0.39420566 -0.17300552  0.01326065  0.
  -0.05881684  0.          0.00317181  0.05826993]
 [ 0.18353596  0.24852584 -0.42637286 -0.16241235  0.09277456  0.
  -0.06614961  0.         -0.01725222  0.07005967]
 [ 0.3225761   0.43996924 -0.45595232 -0.09399298  0.12488434  0.
  -0.01604366  0.         -0.03533321  0.05157033]
 [ 0.5432317   0.56406295 -0.46784955  0.07762692  0.11689734  0.
   0.05417369  0.         -0.04325048  0.01880668]
 [ 0.37481245  0.2457052  -0.3369016   0.04912563  0.06885368  0.
  -0.02894017  0.         -0.0089737   0.05826424]] 
Episode: 743: [[ 0.18365987  0.121998   -0.39441553 -0.17301026  0.01329564  0.
  -0.05894507  0.          0.00317181  0.05820411]
 [ 0.1836973   0.24871014 -0.4265796  -0.16241667  0.09280148  0.
  -0.0662725   0.         -0.01725222  0.06998772]
 [ 0.32276297  0.44020766 -0.4561813  -0.09398761  0.1248771   0.
  -0.01609725  0.         -0.03533321  0.05148134]
 [ 0.54346794  0.5643552  -0.46809655  0.07765072  0.11688884  0.
   0.05417822  0.         -0.04325048  0.01868502]
 [ 0.37495932  0.24593596 -0.3371473   0.0491213   0.06886654  0.
  -0.02903654  0.         -0.0089737   0.0581848 ]] 
Episode: 744: [[ 0.18382631  0.12220043 -0.39464387 -0.1729893   0.01333492  0.
  -0.05910138  0.          0.00317181  0.05812965]
 [ 0.18386059  0.24890962 -0.42680478 -0.16239515  0.09283292  0.
  -0.06642576  0.         -0.01725222  0.06990689]
 [ 0.3229562   0.44046322 -0.4564303  -0.09395236  0.1248769   0.
  -0.01618417  0.         -0.03533321  0.05138047]
 [ 0.5437168   0.5646647  -0.4683649   0.07770652  0.11689132  0.
   0.05414812  0.         -0.04325048  0.01854823]
 [ 0.37511346  0.24618454 -0.33741623  0.04914653  0.06888401  0.
  -0.02916135  0.         -0.0089737   0.05809523]] 
Episode: 745: [[ 0.1840153   0.12237463 -0.3948478  -0.17296684  0.01333571  0.
  -0.05918409  0.          0.00317181  0.05803986]
 [ 0.1840475   0.24908079 -0.4270054  -0.1623722   0.0928262   0.
  -0.06650648  0.         -0.01725222  0.06981107]
 [ 0.3231694   0.4406887  -0.45665196 -0.09391637  0.12483902  0.
  -0.01620705  0.         -0.03533321  0.05126601]
 [ 0.543979    0.564945   -0.4686036   0.07776105  0.11685686  0.
   0.05417497  0.         -0.04325048  0.01839742]
 [ 0.37528813  0.2464002  -0.33765557  0.04917391  0.06885903  0.
  -0.02921645  0.         -0.0089737   0.05798868]] 
Episode: 746: [[ 0.18421666  0.12255381 -0.395044   -0.1729307   0.01332347  0.
  -0.05931641  0.          0.00317181  0.05793424]
 [ 0.18424734  0.24925701 -0.42719823 -0.16233541  0.092806    0.
  -0.06663626  0.         -0.01725222  0.06969941]
 [ 0.32338887  0.44091663 -0.45686153 -0.09386768  0.12478775  0.
  -0.01628296  0.         -0.03533321  0.05113794]
 [ 0.5442351   0.5652237  -0.46882543  0.07782565  0.11681084  0.
   0.05414522  0.         -0.04325048  0.01823537]
 [ 0.3754701   0.24662277 -0.33788353  0.04921753  0.06881785  0.
  -0.0293232   0.         -0.0089737   0.05786837]] 
Episode: 747: [[ 0.18439905  0.12271093 -0.3952308  -0.17289442  0.01330197  0.
  -0.05942136  0.          0.00317181  0.05783815]
 [ 0.18442816  0.24941128 -0.42738178 -0.16229853  0.09277721  0.
  -0.06673797  0.         -0.01725222  0.06959835]
 [ 0.32359248  0.44112557 -0.4570634  -0.09381743  0.12473096  0.
  -0.01632523  0.         -0.03533321  0.05101554]
 [ 0.54448205  0.56548786 -0.46904147  0.07789322  0.1167616   0.
   0.05415767  0.         -0.04325048  0.01807333]
 [ 0.3756377   0.24682057 -0.3381004   0.04926119  0.06877078  0.
  -0.02940055  0.         -0.0089737   0.05776006]] 
Episode: 748: [[ 0.18460262  0.12283182 -0.39541885 -0.17284857  0.01325705  0.
  -0.05950467  0.          0.00317181  0.0577176 ]
 [ 0.18463054  0.24952945 -0.42756617 -0.16225207  0.09272461  0.
  -0.06681699  0.         -0.01725222  0.0694727 ]
 [ 0.32381085  0.44129774 -0.4572621  -0.09375866  0.12464567  0.
  -0.01633602  0.         -0.03533321  0.05086705]
 [ 0.5447317   0.56571805 -0.46925014  0.07796682  0.11667898  0.
   0.05421468  0.         -0.04325048  0.01788347]
 [ 0.3758184   0.24697436 -0.33831626  0.04931574  0.06869005  0.
  -0.02944223  0.         -0.0089737   0.05762639]] 
Episode: 749: [[ 0.18480329  0.12295775 -0.39562073 -0.17278141  0.01322494  0.
  -0.05963762  0.          0.00317181  0.05765428]
 [ 0.18482915  0.24965207 -0.42776403 -0.16218406  0.0926844   0.
  -0.06694532  0.         -0.01725222  0.06940569]
 [ 0.32402015  0.44147325 -0.45747116 -0.09367739  0.12457184  0.
  -0.01640111  0.         -0.03533321  0.05077893]
 [ 0.5449697   0.5659519  -0.46946457  0.07806326  0.11660726  0.
   0.05422268  0.         -0.04325048  0.01774862]
 [ 0.3759857   0.24713439 -0.33854672  0.04939564  0.06862016  0.
  -0.02953697  0.         -0.0089737   0.057555  ]] 
Episode: 750: [[ 0.18499249  0.12308031 -0.39580432 -0.17271556  0.0132033   0.
  -0.05972864  0.          0.00317181  0.05758097]
 [ 0.1850164   0.24977152 -0.427944   -0.1621176   0.09265573  0.
  -0.06703074  0.         -0.01725222  0.06932832]
 [ 0.32422584  0.44164434 -0.4576628  -0.09359292  0.12451071  0.
  -0.01641582  0.         -0.03533321  0.05067462]
 [ 0.5452135   0.56617755 -0.46966428  0.07816715  0.11654391  0.
   0.05428383  0.         -0.04325048  0.01759281]
 [ 0.37614787  0.24728867 -0.33875847  0.04947338  0.06856627  0.
  -0.0295897   0.         -0.0089737   0.05747092]] 
Episode: 751: [[ 0.18518156  0.12322245 -0.39598733 -0.17264526  0.01327264  0.
  -0.05986855  0.          0.00317181  0.0575565 ]
 [ 0.18520325  0.24991117 -0.42812324 -0.16204676  0.09271891  0.
  -0.06716486  0.         -0.01725222  0.06930159]
 [ 0.32442594  0.44183138 -0.45785114 -0.09350605  0.12454303  0.
  -0.01648443  0.         -0.03533321  0.05062881]
 [ 0.5454375   0.566411   -0.46985808  0.07827088  0.11656245  0.
   0.05429563  0.         -0.04325048  0.01750459]
 [ 0.3763      0.24746382 -0.33896858  0.04955474  0.06861623  0.
  -0.0296944   0.         -0.0089737   0.05744266]] 
Episode: 752: [[ 0.1853567   0.12336468 -0.39615244 -0.17257394  0.01332721  0.
  -0.05993768  0.          0.00317181  0.05754348]
 [ 0.18537626  0.25005043 -0.42828485 -0.16197506  0.09276783  0.
  -0.06722829  0.         -0.01725222  0.06928616]
 [ 0.32461792  0.44202682 -0.4580231  -0.09341363  0.12456208  0.
  -0.01649081  0.         -0.03533321  0.05059622]
 [ 0.5456626   0.56666    -0.4700378   0.07838465  0.11656621  0.
   0.0543602   0.         -0.04325048  0.01743397]
 [ 0.3764449   0.24763808 -0.33915898  0.04963816  0.0686511   0.
  -0.02973136  0.         -0.0089737   0.0574264 ]] 
Episode: 753: [[ 0.18556064  0.12351914 -0.3963059  -0.17249323  0.01344028  0.
  -0.06005784  0.          0.00317181  0.05750184]
 [ 0.18557926  0.2502015  -0.42843473 -0.16189395  0.09287371  0.
  -0.06734258  0.         -0.01725222  0.06923915]
 [ 0.3248378   0.44223145 -0.4581815  -0.09331474  0.12464788  0.
  -0.0165519   0.         -0.03533321  0.05053538]
 [ 0.5459094   0.566914   -0.47020236  0.0785006   0.11664412  0.
   0.05436435  0.         -0.04325048  0.0173443 ]
 [ 0.37662318  0.24782695 -0.3393352   0.04973122  0.06875698  0.
  -0.02982184  0.         -0.0089737   0.05737893]] 
Episode: 754: [[ 0.185839    0.12363265 -0.39645645 -0.17240773  0.01349897  0.
  -0.060108    0.          0.00317181  0.05755799]
 [ 0.18585965  0.25031105 -0.42858136 -0.16180791  0.0929242   0.
  -0.0673882   0.         -0.01725222  0.06928746]
 [ 0.3251373   0.44239    -0.45833385 -0.09321381  0.12467387  0.
  -0.01655152  0.         -0.03533321  0.05056451]
 [ 0.54622686  0.56712157 -0.47035792  0.07861407  0.11666008  0.
   0.05442204  0.         -0.04325048  0.01734022]
 [ 0.3768968   0.24796547 -0.33950692  0.04982857  0.06879649  0.
  -0.02984604  0.         -0.0089737   0.05742917]] 
Episode: 755: [[ 0.18607412  0.12379163 -0.39658406 -0.17233174  0.01356366  0.
  -0.06015362  0.          0.00317181  0.05770149]
 [ 0.18609503  0.25046676 -0.42870525 -0.16173145  0.09298176  0.
  -0.06742976  0.         -0.01725222  0.06942118]
 [ 0.32539558  0.44259068 -0.45846638 -0.09312271  0.12470765  0.
  -0.0165386   0.         -0.03533321  0.05067435]
 [ 0.54652053  0.5673603  -0.47049877  0.07871847  0.11668154  0.
   0.054508    0.         -0.04325048  0.017413  ]
 [ 0.3771243   0.24815676 -0.33965567  0.04991499  0.06884435  0.
  -0.0298613   0.         -0.0089737   0.05756693]] 
Episode: 756: [[ 0.18636677  0.12392674 -0.39670706 -0.17224577  0.01364402  0.
  -0.06025266  0.          0.00317181  0.05792344]
 [ 0.18639016  0.25059846 -0.4288242  -0.16164482  0.09305374  0.
  -0.0675244   0.         -0.01725222  0.06963142]
 [ 0.32571468  0.44276386 -0.45859182 -0.09302437  0.12475733  0.
  -0.01658235  0.         -0.03533321  0.05085655]
 [ 0.5468666   0.56757075 -0.47063065  0.07882589  0.11672145  0.
   0.0545314   0.         -0.04325048  0.01755475]
 [ 0.37742496  0.24831943 -0.33979875  0.05001137  0.06891116  0.
  -0.02993227  0.         -0.0089737   0.05778306]] 
Episode: 757: [[ 0.18663572  0.12403762 -0.3968292  -0.17217682  0.01370417  0.
  -0.06030266  0.          0.00317181  0.05810009]
 [ 0.18666133  0.25070587 -0.4289424  -0.16157532  0.09310617  0.
  -0.06756883  0.         -0.01725222  0.06979714]
 [ 0.32601053  0.44291398 -0.45872086 -0.09294496  0.12478688  0.
  -0.01656635  0.         -0.03533321  0.05099291]
 [ 0.54718906  0.5677623  -0.47077143  0.07891138  0.1167416   0.
   0.05460641  0.         -0.04325048  0.01765134]
 [ 0.37770247  0.24845317 -0.33994228  0.05008873  0.0689557   0.
  -0.02994966  0.         -0.0089737   0.05795182]] 
Episode: 758: [[ 0.18688492  0.1240871  -0.3969406  -0.1721164   0.01373195  0.
  -0.06028964  0.          0.00317181  0.0582875 ]
 [ 0.18691264  0.25075307 -0.42905024 -0.16151427  0.09312746  0.
  -0.06755156  0.         -0.01725222  0.06997504]
 [ 0.32628146  0.44300058 -0.458837   -0.09288003  0.1247832   0.
  -0.0164966   0.         -0.03533321  0.05115872]
 [ 0.5474795   0.5678931  -0.47089428  0.07897335  0.11672656  0.
   0.05472785  0.         -0.04325048  0.01779162]
 [ 0.37795854  0.24851517 -0.34007198  0.05015624  0.06896612  0.
  -0.02990807  0.         -0.0089737   0.05813772]] 
Episode: 759: [[ 0.18714702  0.12412623 -0.39705023 -0.17205627  0.01370251  0.
  -0.06021996  0.          0.00317181  0.05845713]
 [ 0.18717712  0.2507895  -0.42915618 -0.16145356  0.09309208  0.
  -0.06747879  0.         -0.01725222  0.07013673]
 [ 0.3265634   0.44307572 -0.4589492  -0.09281468  0.12471703  0.
  -0.0163785   0.         -0.03533321  0.05130908]
 [ 0.5477771   0.5680132  -0.47101113  0.0790357   0.11664627  0.
   0.05489107  0.         -0.04325048  0.01791542]
 [ 0.37822697  0.2485649  -0.34019864  0.05022518  0.06890844  0.
  -0.02981344  0.         -0.0089737   0.05830793]] 
Episode: 760: [[ 0.18738109  0.12415745 -0.39715984 -0.1720411   0.01365885  0.
  -0.06009931  0.          0.00317181  0.05859673]
 [ 0.18741298  0.25081807 -0.4292622  -0.1614376   0.09304321  0.
  -0.0673561   0.         -0.01725222  0.07026792]
 [ 0.32681498  0.44314197 -0.45906493 -0.09280153  0.1246324   0.
  -0.01621689  0.         -0.03533321  0.05145043]
 [ 0.5480463   0.56812465 -0.47113472  0.07903991  0.11654255  0.
   0.05509187  0.         -0.04325048  0.0180575 ]
 [ 0.3784638   0.2486064  -0.34032646  0.05024321  0.06883747  0.
  -0.0296711   0.         -0.0089737   0.05844808]] 
Episode: 761: [[ 0.18756522  0.1241795  -0.39726356 -0.17204814  0.0136783   0.
  -0.05993282  0.          0.00317181  0.05881526]
 [ 0.18759634  0.2508383  -0.4293619  -0.16144396  0.09305852  0.
  -0.06718852  0.         -0.01725222  0.07047598]
 [ 0.32699814  0.44319263 -0.45917192 -0.09281135  0.12460906  0.
  -0.01601616  0.         -0.03533321  0.05166104]
 [ 0.5482329   0.56821567 -0.47124642  0.07902345  0.11648525  0.
   0.05532647  0.         -0.04325048  0.0182616 ]
 [ 0.37860993  0.24863726 -0.3404441   0.05023506  0.0688429   0.
  -0.02948584  0.         -0.0089737   0.05866642]] 
Episode: 762: [[ 0.18773235  0.12421671 -0.39738134 -0.17204991  0.01371838  0.
  -0.05977136  0.          0.00317181  0.05904635]
 [ 0.1877618   0.25087366 -0.42947546 -0.1614452   0.0930943   0.
  -0.06702589  0.         -0.01725222  0.07069778]
 [ 0.32716274  0.44325384 -0.4592921  -0.09281398  0.12460541  0.
  -0.01580452  0.         -0.03533321  0.05188812]
 [ 0.54840344  0.5683102  -0.47136953  0.07901676  0.11644566  0.
   0.0555915   0.         -0.04325048  0.01848111]
 [ 0.37873387  0.24868582 -0.34057745  0.05023348  0.0688688   0.
  -0.02929945  0.         -0.0089737   0.05889913]] 
Episode: 763: [[ 0.18790352  0.1242756  -0.39752796 -0.17201672  0.01374978  0.
  -0.05960276  0.          0.00317181  0.05925825]
 [ 0.18793106  0.2509304  -0.4296176  -0.16141184  0.09312153  0.
  -0.0668553   0.         -0.01725222  0.07090091]
 [ 0.32733926  0.4433399  -0.4594456  -0.09277272  0.12459189  0.
  -0.01556632  0.         -0.03533321  0.05209529]
 [ 0.5485972   0.568431   -0.47153053  0.07906193  0.11639868  0.
   0.05588389  0.         -0.04325048  0.01867919]
 [ 0.37887     0.24876058 -0.3407472   0.05027267  0.06888253  0.
  -0.02909862  0.         -0.0089737   0.05911263]] 
Episode: 764: [[ 0.18807137  0.12435076 -0.39769813 -0.17197277  0.01376372  0.
  -0.05947332  0.          0.00317181  0.05945976]
 [ 0.18809627  0.25100297 -0.42978296 -0.16136797  0.09313074  0.
  -0.06672578  0.         -0.01725222  0.0710943 ]
 [ 0.32751626  0.4434427  -0.45962378 -0.09271705  0.12455411  0.
  -0.0153514   0.         -0.03533321  0.05229408]
 [ 0.5487975   0.5685685  -0.47171614  0.07912455  0.11632343  0.
   0.05618575  0.         -0.04325048  0.01887177]
 [ 0.37900156  0.2488544  -0.34094498  0.05032399  0.06887219  0.
  -0.02893553  0.         -0.0089737   0.05931569]] 
Episode: 765: [[ 0.18821636  0.1244183  -0.39791536 -0.17193146  0.01378432  0.
  -0.05941492  0.          0.00317181  0.05964262]
 [ 0.18823709  0.25106925 -0.4299944  -0.1613272   0.09314683  0.
  -0.06666657  0.         -0.01725222  0.07127063]
 [ 0.32767507  0.443543   -0.45986104 -0.09265462  0.12453043  0.
  -0.01521341  0.         -0.03533321  0.05246151]
 [ 0.54899424  0.56871384 -0.4719721   0.0792053   0.11628404  0.
   0.05640347  0.         -0.04325048  0.01901498]
 [ 0.37910607  0.24894416 -0.3412007   0.05037291  0.06887366  0.
  -0.02884526  0.         -0.0089737   0.0594976 ]] 
Episode: 766: [[ 0.18835425  0.12446304 -0.39813328 -0.17189874  0.01379125  0.
  -0.05930435  0.          0.00317181  0.05987081]
 [ 0.1883699   0.25111324 -0.43020648 -0.16129498  0.09314986  0.
  -0.066556    0.         -0.01725222  0.07149545]
 [ 0.32782346  0.44362083 -0.46009523 -0.09260166  0.12449127  0.
  -0.01503386  0.         -0.03533321  0.05267355]
 [ 0.5491806   0.56883883 -0.4722213   0.07927593  0.11622908  0.
   0.0566533   0.         -0.04325048  0.01919056]
 [ 0.37919533  0.2490071  -0.34145662  0.05041267  0.0688578   0.
  -0.02870677  0.         -0.0089737   0.05973189]] 
Episode: 767: [[ 0.18846382  0.12450714 -0.3983032  -0.17188388  0.01379629  0.
  -0.05914684  0.          0.00317181  0.06016891]
 [ 0.18847424  0.25115782 -0.430371   -0.16128068  0.0931528   0.
  -0.06639923  0.         -0.01725222  0.07178764]
 [ 0.32793838  0.44369447 -0.46027914 -0.09256811  0.12444972  0.
  -0.01481692  0.         -0.03533321  0.05294775]
 [ 0.54932976  0.568949   -0.47241974  0.079327    0.11615826  0.
   0.05693201  0.         -0.04325048  0.0194249 ]
 [ 0.37924615  0.24906763 -0.34165373  0.05043199  0.06884252  0.
  -0.02852491  0.         -0.0089737   0.06003477]] 
Episode: 768: [[ 0.18857329  0.1246057  -0.39848235 -0.17185573  0.01382027  0.
  -0.0590128   0.          0.00317181  0.06044677]
 [ 0.18857804  0.2512547  -0.4305447  -0.16125321  0.09317391  0.
  -0.06626692  0.         -0.01725222  0.07205915]
 [ 0.3280562   0.44382164 -0.46047255 -0.09252003  0.1244252   0.
  -0.01460265  0.         -0.03533321  0.05321152]
 [ 0.5494833   0.569108   -0.47262722  0.07939292  0.11610286  0.
   0.05723669  0.         -0.04325048  0.01966428]
 [ 0.3793      0.2491915  -0.34186292  0.05046527  0.06884599  0.
  -0.02836357  0.         -0.0089737   0.06031559]] 
Episode: 769: [[ 0.18869896  0.12473506 -0.39866844 -0.17179975  0.01383949  0.
  -0.05893575  0.          0.00317181  0.06068389]
 [ 0.18869849  0.25138175 -0.43072546 -0.1611979   0.09318978  0.
  -0.06619335  0.         -0.01725222  0.07228928]
 [ 0.32819602  0.44398016 -0.46067277 -0.09244178  0.12439699  0.
  -0.01445151  0.         -0.03533321  0.05343343]
 [ 0.54966503  0.56929713 -0.47284064  0.07948994  0.11604808  0.
   0.0574729   0.         -0.04325048  0.01986201]
 [ 0.37938192  0.24935204 -0.3420814   0.05053103  0.06884271  0.
  -0.02826129  0.         -0.0089737   0.06055209]] 
Episode: 770: [[ 0.18883678  0.12489153 -0.39887697 -0.17172009  0.01387004  0.
  -0.0589245   0.          0.00317181  0.06090435]
 [ 0.18883085  0.2515356  -0.43092814 -0.16111904  0.09321623  0.
  -0.06618448  0.         -0.01725222  0.07250282]
 [ 0.3283526   0.44416654 -0.46089503 -0.0923372   0.12437779  0.
  -0.01436947  0.         -0.03533321  0.05364154]
 [ 0.54987174  0.5695117  -0.47307515  0.07961509  0.11600215  0.
   0.05766031  0.         -0.04325048  0.02004682]
 [ 0.37948033  0.24954447 -0.34232745  0.05062367  0.06885029  0.
  -0.02822657  0.         -0.0089737   0.06076973]] 
Episode: 771: [[ 0.18896064  0.1250286  -0.3990673  -0.17165756  0.01389041  0.
  -0.05887174  0.          0.00317181  0.06109194]
 [ 0.18894964  0.2516699  -0.43111315 -0.16105717  0.09323313  0.
  -0.06613261  0.         -0.01725222  0.07268406]
 [ 0.32849556  0.44433877 -0.46109983 -0.09225294  0.12435059  0.
  -0.01424023  0.         -0.03533321  0.05381084]
 [ 0.5500639   0.5697191  -0.4732933   0.079717    0.11594911  0.
   0.0578829   0.         -0.04325048  0.02018692]
 [ 0.379569    0.2497138  -0.34255248  0.05069671  0.06884848  0.
  -0.02814528  0.         -0.0089737   0.06095361]] 
Episode: 772: [[ 0.18912187  0.12518601 -0.39924237 -0.17159009  0.01387394  0.
  -0.05876621  0.          0.00317181  0.06125611]
 [ 0.18910661  0.25182337 -0.43128264 -0.16099025  0.09321263  0.
  -0.06602862  0.         -0.01725222  0.07284251]
 [ 0.3286728   0.4445275  -0.46128583 -0.09216482  0.12428117  0.
  -0.01406854  0.         -0.03533321  0.0539588 ]
 [ 0.55028236  0.5699388  -0.47349036  0.07982043  0.11585352  0.
   0.05813713  0.         -0.04325048  0.02030654]
 [ 0.3796949   0.24990854 -0.34275788  0.05077662  0.06880166  0.
  -0.02801484  0.         -0.0089737   0.06111449]] 
Episode: 773: [[ 0.18927497  0.12534985 -0.39941475 -0.17155907  0.01383714  0.
  -0.05864415  0.          0.00317181  0.06136403]
 [ 0.18925513  0.25198323 -0.43144962 -0.16095981  0.09317161  0.
  -0.06590798  0.         -0.01725222  0.07294573]
 [ 0.32884777  0.44472298 -0.46147117 -0.09211319  0.12419546  0.
  -0.01385866  0.         -0.03533321  0.05405609]
 [ 0.5505068   0.5701652  -0.473689    0.07988768  0.11574785  0.
   0.05841982  0.         -0.04325048  0.02038229]
 [ 0.3798148   0.25011167 -0.3429618   0.05081524  0.0687345   0.
  -0.02786016  0.         -0.0089737   0.06121473]] 
Episode: 774: [[ 0.1894172   0.12551679 -0.39962003 -0.17153145  0.01381291  0.
  -0.05859241  0.          0.00317181  0.06142844]
 [ 0.18939228  0.25214577 -0.43164918 -0.16093302  0.09314299  0.
  -0.06585678  0.         -0.01725222  0.0730048 ]
 [ 0.32901356  0.44493547 -0.46169248 -0.092062    0.12412676  0.
  -0.01372519  0.         -0.03533321  0.05410962]
 [ 0.55072206  0.5704255  -0.47392547  0.07995815  0.1156687   0.
   0.05862029  0.         -0.04325048  0.02041912]
 [ 0.3799254   0.25032112 -0.3432062   0.05084983  0.0686844   0.
  -0.02777828  0.         -0.0089737   0.06126688]] 
Episode: 775: [[ 0.18955767  0.12569794 -0.3998441  -0.17148465  0.01378089  0.
  -0.05860051  0.          0.00317181  0.06147944]
 [ 0.18952739  0.25232208 -0.431867   -0.16088721  0.09310622  0.
  -0.06586798  0.         -0.01725222  0.0730506 ]
 [ 0.32918024  0.44516551 -0.46193323 -0.09198871  0.1240463   0.
  -0.01365483  0.         -0.03533321  0.05414786]
 [ 0.5509445   0.5707057  -0.47418115  0.08005356  0.11557707  0.
   0.05876429  0.         -0.04325048  0.02043748]
 [ 0.38003922  0.25054723 -0.34347224  0.05090675  0.0686219   0.
  -0.02775966  0.         -0.0089737   0.06130404]] 
Episode: 776: [[ 0.18970227  0.12586926 -0.400054   -0.17143084  0.01375294  0.
  -0.05860456  0.          0.00317181  0.06153726]
 [ 0.18966693  0.25248903 -0.4320709  -0.16083431  0.09307382  0.
  -0.06587431  0.         -0.01725222  0.07310393]
 [ 0.3293441   0.44538218 -0.46215677 -0.09191074  0.12397026  0.
  -0.01358069  0.         -0.03533321  0.05419251]
 [ 0.55115324  0.57096875 -0.4744166   0.08015093  0.11548737  0.
   0.05891707  0.         -0.04325048  0.02045692]
 [ 0.38015172  0.25076005 -0.3437209   0.05097156  0.06856324  0.
  -0.02773078  0.         -0.0089737   0.06135062]] 
Episode: 777: [[ 0.18983527  0.1260251  -0.4002775  -0.17137519  0.01371647  0.
  -0.05856001  0.          0.00317181  0.06158159]
 [ 0.18979475  0.2526406  -0.43228808 -0.16077988  0.09303352  0.
  -0.06583027  0.         -0.01725222  0.07314423]
 [ 0.3295003   0.44558996 -0.46240065 -0.09182681  0.12388222  0.
  -0.01345856  0.         -0.03533321  0.05422059]
 [ 0.55136174  0.5712314  -0.47467986  0.08025862  0.11538438  0.
   0.05910851  0.         -0.04325048  0.02045853]
 [ 0.38025802  0.25095493 -0.34398744  0.05103818  0.06849512  0.
  -0.02764748  0.         -0.0089737   0.06138315]] 
Episode: 778: [[ 0.18997651  0.12616545 -0.40048024 -0.17131779  0.01375265  0.
  -0.05857803  0.          0.00317181  0.06162678]
 [ 0.18993193  0.25277805 -0.43248487 -0.1607236   0.09306559  0.
  -0.065848    0.         -0.01725222  0.07318591]
 [ 0.3296623   0.44577807 -0.4626211  -0.0917448   0.12387643  0.
  -0.01340408  0.         -0.03533321  0.05425175]
 [ 0.55156785  0.5714672  -0.4749177   0.08036122  0.11536359  0.
   0.05922682  0.         -0.04325048  0.0204672 ]
 [ 0.38037506  0.25112996 -0.34422877  0.0511055   0.06851397  0.
  -0.02762983  0.         -0.0089737   0.06141997]] 
Episode: 779: [[ 0.19010644  0.12630366 -0.400691   -0.17125608  0.01378912  0.
  -0.05865233  0.          0.00317181  0.06164699]
 [ 0.1900571   0.25291318 -0.43268937 -0.16066335  0.09309809  0.
  -0.0659213   0.         -0.01725222  0.073203  ]
 [ 0.3298166   0.4459709  -0.46285343 -0.09165446  0.12387454  0.
  -0.01341044  0.         -0.03533321  0.05424302]
 [ 0.5517746   0.5717176  -0.47517264  0.08047768  0.11535558  0.
   0.05927933  0.         -0.04325048  0.02041806]
 [ 0.38048035  0.25130287 -0.34448212  0.05117727  0.06853607  0.
  -0.02767123  0.         -0.0089737   0.06142745]] 
Episode: 780: [[ 0.190195    0.12638721 -0.40085733 -0.17130202  0.0137788   0.
  -0.05866111  0.          0.00317181  0.06168129]
 [ 0.19014013  0.25299588 -0.4328506  -0.16070981  0.09308506  0.
  -0.06592992  0.         -0.01725222  0.07323567]
 [ 0.32992566  0.44610885 -0.46303764 -0.09169061  0.12382194  0.
  -0.01336079  0.         -0.03533321  0.05426385]
 [ 0.55192876  0.5719143  -0.47537434  0.08044884  0.1152835   0.
   0.05938053  0.         -0.04325048  0.02041644]
 [ 0.38052943  0.25141066 -0.3446789   0.05112539  0.06850791  0.
  -0.02765122  0.         -0.0089737   0.06145335]] 
Episode: 781: [[ 0.19026865  0.12644926 -0.4010166  -0.17137368  0.01377389  0.
  -0.05869889  0.          0.00317181  0.06171227]
 [ 0.19020814  0.253057   -0.433005   -0.1607817   0.09307769  0.
  -0.06596853  0.         -0.01725222  0.07326611]
 [ 0.33001998  0.44622767 -0.46321565 -0.09175666  0.12378098  0.
  -0.01335729  0.         -0.03533321  0.05427528]
 [ 0.55207     0.5720964  -0.47557023  0.08038671  0.11522876  0.
   0.059419    0.         -0.04325048  0.0203966 ]
 [ 0.3805641   0.2514927  -0.3448668   0.05104426  0.06848728  0.
  -0.02766705  0.         -0.0089737   0.06147771]] 
Episode: 782: [[ 0.19033451  0.12650554 -0.4011815  -0.1714399   0.01376215  0.
  -0.05870489  0.          0.00317181  0.06172634]
 [ 0.19026822  0.25311154 -0.4331648  -0.16084842  0.09306355  0.
  -0.06597444  0.         -0.01725222  0.07327954]
 [ 0.33010948  0.44634864 -0.46340394 -0.09181181  0.1237335   0.
  -0.01330459  0.         -0.03533321  0.05426039]
 [ 0.55221206  0.57229143 -0.4757813   0.08034163  0.11517127  0.
   0.05950755  0.         -0.04325048  0.02034017]
 [ 0.38059458  0.2515685  -0.3450625   0.05096973  0.06845953  0.
  -0.02764691  0.         -0.0089737   0.0614836 ]] 
Episode: 783: [[ 0.19048876  0.12656438 -0.40135714 -0.17147195  0.01375757  0.
  -0.05876841  0.          0.00317181  0.06183312]
 [ 0.19041914  0.2531663  -0.43333483 -0.16088064  0.09305339  0.
  -0.06603715  0.         -0.01725222  0.07338279]
 [ 0.33028796  0.44646212 -0.46359566 -0.09183516  0.12368745  0.
  -0.01331256  0.         -0.03533321  0.05433151]
 [ 0.552427    0.5724775  -0.47598842  0.08032338  0.11512043  0.
   0.0595333   0.         -0.04325048  0.02036662]
 [ 0.38072878  0.2516476  -0.3452677   0.05093303  0.06843306  0.
  -0.02768611  0.         -0.0089737   0.06158227]] 
Episode: 784: [[ 0.19071445  0.12664787 -0.40151387 -0.17146742  0.01381845  0.
  -0.05888367  0.          0.00317181  0.06188105]
 [ 0.19064361  0.25324562 -0.43348542 -0.16087614  0.09310771  0.
  -0.06615093  0.         -0.01725222  0.07342479]
 [ 0.33053926  0.4465984  -0.46376342 -0.09182366  0.12371301  0.
  -0.01337511  0.         -0.03533321  0.05434669]
 [ 0.55270374  0.57268244 -0.47616786  0.08033682  0.1151448   0.
   0.05950256  0.         -0.04325048  0.02034752]
 [ 0.38094342  0.2517573  -0.34544685  0.05093665  0.06848278  0.
  -0.02777867  0.         -0.0089737   0.06161969]] 
Episode: 785: [[ 0.19090368  0.1267141  -0.40164977 -0.17159986  0.01385279  0.
  -0.05892929  0.          0.00317181  0.06187476]
 [ 0.19083071  0.2533078  -0.43361554 -0.16100743  0.09313688  0.
  -0.06619595  0.         -0.01725222  0.07341281]
 [ 0.33075377  0.4467363  -0.4639146  -0.09197393  0.12370876  0.
  -0.01337603  0.         -0.03533321  0.05431724]
 [ 0.5529491   0.5729118  -0.47633693  0.0801845   0.11513232  0.
   0.05952881  0.         -0.04325048  0.02029982]
 [ 0.38111272  0.25184837 -0.34560236  0.05078359  0.06850526  0.
  -0.02780467  0.         -0.0089737   0.0616012 ]] 
Episode: 786: [[ 0.19111586  0.12683053 -0.40185916 -0.17165221  0.01391249  0.
  -0.05902839  0.          0.00317181  0.06187275]
 [ 0.19104019  0.2534184  -0.43381834 -0.16105896  0.09318958  0.
  -0.06629379  0.         -0.01725222  0.07340501]
 [ 0.33099174  0.44692415 -0.46413866 -0.09203721  0.12373182  0.
  -0.01343221  0.         -0.03533321  0.05428289]
 [ 0.5532201   0.57319343 -0.4765759   0.08012241  0.11515945  0.
   0.05949853  0.         -0.04325048  0.02023322]
 [ 0.38130438  0.25199884 -0.34584805  0.05072165  0.06855207  0.
  -0.02788532  0.         -0.0089737   0.06158713]] 
Episode: 787: [[ 0.19131045  0.12692687 -0.40207058 -0.17170694  0.01396187  0.
  -0.05906098  0.          0.00317181  0.06185572]
 [ 0.19123176  0.25350848 -0.4340232  -0.16111316  0.09323252  0.
  -0.06632451  0.         -0.01725222  0.07338239]
 [ 0.3312125   0.44709626 -0.4643683  -0.09209893  0.12374879  0.
  -0.01342742  0.         -0.03533321  0.05423985]
 [ 0.5534761   0.5734658  -0.4768247   0.08006488  0.11518495  0.
   0.05952518  0.         -0.04325048  0.02016583]
 [ 0.38147748  0.25212616 -0.34609845  0.0506565   0.06858995  0.
  -0.02790065  0.         -0.0089737   0.06155937]] 
Episode: 788: [[ 0.19155142  0.12699859 -0.4022613  -0.17174712  0.01395839  0.
  -0.05903226  0.          0.00317181  0.06191156]
 [ 0.19147177  0.2535746  -0.4342075  -0.16115282  0.09322253  0.
  -0.06629485  0.         -0.01725222  0.07343565]
 [ 0.33148295  0.4472363  -0.46457386 -0.09214582  0.12371036  0.
  -0.01336778  0.         -0.03533321  0.0542741 ]
 [ 0.5537743   0.5736976  -0.47704637  0.08001988  0.11515355  0.
   0.05960304  0.         -0.04325048  0.02017272]
 [ 0.38171265  0.25222287 -0.34632272  0.05060775  0.0685654   0.
  -0.02785721  0.         -0.0089737   0.06161665]] 
Episode: 789: [[ 0.19175659  0.12711185 -0.4024681  -0.17180891  0.01394473  0.
  -0.05899382  0.          0.00317181  0.06195273]
 [ 0.19167429  0.2536822  -0.4344079  -0.16121459  0.09320261  0.
  -0.06625714  0.         -0.01725222  0.07347314]
 [ 0.33171764  0.44741923 -0.46479926 -0.0922104   0.12365888  0.
  -0.01325879  0.         -0.03533321  0.05430366]
 [ 0.5540393   0.5739683  -0.47728857  0.07995838  0.11511046  0.
   0.05972697  0.         -0.04325048  0.02019171]
 [ 0.38190046  0.25237054 -0.34656492  0.05053388  0.06852885  0.
  -0.02780053  0.         -0.0089737   0.06165899]] 
Episode: 790: [[ 0.19196452  0.12724075 -0.40271944 -0.17183863  0.01390462  0.
  -0.05895199  0.          0.00317181  0.06194428]
 [ 0.19187881  0.25380495 -0.43465194 -0.16124505  0.09315636  0.
  -0.06621605  0.         -0.01725222  0.07346066]
 [ 0.3319622   0.4476242  -0.46507573 -0.0922327   0.12357645  0.
  -0.01313125  0.         -0.03533321  0.05427611]
 [ 0.5543227   0.5742659  -0.47758675  0.07994678  0.11503906  0.
   0.05988771  0.         -0.04325048  0.02015018]
 [ 0.38209596  0.25253692 -0.34686124  0.05049723  0.06845836  0.
  -0.02773496  0.         -0.0089737   0.06164501]] 
Episode: 791: [[ 0.19214891  0.12735665 -0.40296555 -0.17187339  0.01387684  0.
  -0.05896218  0.          0.00317181  0.06194074]
 [ 0.19205952  0.2539153  -0.43489096 -0.1612807   0.09312287  0.
  -0.06622795  0.         -0.01725222  0.07345345]
 [ 0.33218303  0.44781104 -0.4653489  -0.0922569   0.12351362  0.
  -0.01307183  0.         -0.03533321  0.05425484]
 [ 0.5545866   0.5745397  -0.47788396  0.07993653  0.11499228  0.
   0.05997849  0.         -0.04325048  0.02011524]
 [ 0.3822679   0.25268716 -0.34715268  0.05045572  0.06840418  0.
  -0.02772959  0.         -0.0089737   0.06163745]] 
Episode: 792: [[ 0.1923412   0.12749542 -0.4032802  -0.1718599   0.01383791  0.
  -0.05896924  0.          0.00317181  0.06190684]
 [ 0.19224778  0.25404826 -0.43519682 -0.16126885  0.09307829  0.
  -0.06623679  0.         -0.01725222  0.07341608]
 [ 0.3324177   0.44802773 -0.46570048 -0.09222183  0.12343389  0.
  -0.01299633  0.         -0.03533321  0.05419299]
 [ 0.5548755   0.5748507  -0.47826767  0.07999431  0.11493292  0.
   0.06010195  0.         -0.04325048  0.02002892]
 [ 0.38245645  0.25286666 -0.34752786  0.05047039  0.06833236  0.
  -0.0277165   0.         -0.0089737   0.06159588]] 
Episode: 793: [[ 0.19255234  0.12764394 -0.40354982 -0.17183544  0.01384726  0.
  -0.05903376  0.          0.00317181  0.06186375]
 [ 0.19245619  0.25418994 -0.43545806 -0.16124578  0.09308083  0.
  -0.06630217  0.         -0.01725222  0.07336858]
 [ 0.33266664  0.44824702 -0.46600312 -0.09217801  0.12341144  0.
  -0.01298376  0.         -0.03533321  0.05412678]
 [ 0.55516845  0.57515705 -0.47860038  0.08005793  0.1149366   0.
   0.06015917  0.         -0.04325048  0.01994156]
 [ 0.38266343  0.25305805 -0.3478493   0.05049775  0.06832357  0.
  -0.02776208  0.         -0.0089737   0.06154567]] 
Episode: 794: [[ 0.1927914   0.12783715 -0.4038596  -0.17175306  0.01392816  0.
  -0.05914997  0.          0.00317181  0.06179561]
 [ 0.19269255  0.25437436 -0.4357588  -0.16116494  0.09315218  0.
  -0.06641842  0.         -0.01725222  0.07329451]
 [ 0.33294293  0.4485066  -0.46634242 -0.09207417  0.12346372  0.
  -0.01302781  0.         -0.03533321  0.05403463]
 [ 0.5554819   0.575499   -0.47896415  0.08018098  0.11502187  0.
   0.06015678  0.         -0.04325048  0.01983281]
 [ 0.38290033  0.2533021  -0.34821707  0.0505903   0.06838932  0.
  -0.02786041  0.         -0.0089737   0.06146773]] 
Episode: 795: [[ 0.19299364  0.12802012 -0.40413982 -0.17172068  0.01400335  0.
  -0.05920431  0.          0.00317181  0.06175113]
 [ 0.19289145  0.25454974 -0.4360305  -0.16113387  0.09321886  0.
  -0.0664707   0.         -0.01725222  0.07324462]
 [ 0.3331814   0.44874465 -0.46665254 -0.09202302  0.12351131  0.
  -0.0130121   0.         -0.03533321  0.05397699]
 [ 0.5557647   0.5758065  -0.47930107  0.08025234  0.1150969   0.
   0.0602085   0.         -0.04325048  0.01976814]
 [ 0.38309592  0.25353295 -0.34855098  0.0506266   0.06845093  0.
  -0.02789157  0.         -0.0089737   0.06141573]] 
Episode: 796: [[ 0.19318625  0.128219   -0.40441743 -0.1716788   0.01407884  0.
  -0.05924356  0.          0.00317181  0.06174931]
 [ 0.19308051  0.2547408  -0.43629986 -0.1610932   0.09328601  0.
  -0.06650823  0.         -0.01725222  0.07323826]
 [ 0.33340448  0.4489946  -0.46695647 -0.09196334  0.12355731  0.
  -0.01296651  0.         -0.03533321  0.05396902]
 [ 0.5560279   0.5761196  -0.4796274   0.08033046  0.11516361  0.
   0.0603089   0.         -0.04325048  0.01975275]
 [ 0.38327652  0.25378224 -0.34888142  0.05067429  0.06851121  0.
  -0.02790003  0.         -0.0089737   0.06141112]] 
Episode: 797: [[ 0.19337259  0.12842982 -0.4046909  -0.17161548  0.01415853  0.
  -0.05933705  0.          0.00317181  0.06173771]
 [ 0.19326311  0.25494426 -0.4365654  -0.16103119  0.09335665  0.
  -0.06659944  0.         -0.01725222  0.07322166]
 [ 0.33362013  0.44925508 -0.46725282 -0.09188239  0.12361009  0.
  -0.01298085  0.         -0.03533321  0.05395085]
 [ 0.5562856   0.57643837 -0.4799425   0.08042894  0.11524013  0.
   0.06034539  0.         -0.04325048  0.01972567]
 [ 0.38345262  0.25404474 -0.34920666  0.0507465   0.06857448  0.
  -0.02796498  0.         -0.0089737   0.06139286]] 
Episode: 798: [[ 0.19354644  0.12864041 -0.40497106 -0.17154223  0.01422792  0.
  -0.05946856  0.          0.00317181  0.06170366]
 [ 0.19343312  0.25514698 -0.43683717 -0.16095982  0.09341724  0.
  -0.06673064  0.         -0.01725222  0.07318233]
 [ 0.33382577  0.44951928 -0.4675627  -0.09178454  0.12365544  0.
  -0.0130491   0.         -0.03533321  0.05390628]
 [ 0.5565399   0.57676405 -0.4802795   0.08055165  0.11531366  0.
   0.06032439  0.         -0.04325048  0.01967027]
 [ 0.38362083  0.25430682 -0.3495426   0.05083077  0.06862771  0.
  -0.02807542  0.         -0.0089737   0.06134937]] 
Episode: 799: [[ 0.19367996  0.12883    -0.4052405  -0.17160314  0.0142654   0.
  -0.05952871  0.          0.00317181  0.06165729]
 [ 0.19356167  0.25532833 -0.4370979  -0.16101949  0.09344713  0.
  -0.06679125  0.         -0.01725222  0.07313149]
 [ 0.33398992  0.44977015 -0.46786895 -0.09184889  0.12366375  0.
  -0.01305517  0.         -0.03533321  0.05384344]
 [ 0.5567582   0.5770879  -0.48062018  0.08049757  0.11534622  0.
   0.06035933  0.         -0.04325048  0.01958837]
 [ 0.38373956  0.2545454  -0.3498665   0.05076243  0.06864693  0.
  -0.02811746  0.         -0.0089737   0.06129383]] 
Episode: 800: [[ 0.1938336   0.1290821  -0.40556708 -0.17159376  0.01429816  0.
  -0.05964098  0.          0.00317181  0.0616015 ]
 [ 0.19371003  0.25557116 -0.43741426 -0.1610101   0.09347115  0.
  -0.0669032   0.         -0.01725222  0.07307119]
 [ 0.33417422  0.45009318 -0.46823505 -0.0918325   0.12366299  0.
  -0.01311597  0.         -0.03533321  0.05376178]
 [ 0.55699426  0.57748634 -0.48101905  0.08053072  0.11537474  0.
   0.06033694  0.         -0.04325048  0.01947989]
 [ 0.38388145  0.2548591  -0.35025647  0.0507745   0.06865539  0.
  -0.0282126   0.         -0.0089737   0.06122476]] 
Episode: 801: [[ 0.19394715  0.12932487 -0.40585214 -0.17165601  0.01435876  0.
  -0.05974239  0.          0.00317181  0.06157214]
 [ 0.19381751  0.25580588 -0.4376901  -0.16107118  0.09352435  0.
  -0.06700566  0.         -0.01725222  0.07303669]
 [ 0.3343117   0.4504047  -0.46855506 -0.09189866  0.12369443  0.
  -0.01315336  0.         -0.03533321  0.0537219 ]
 [ 0.5571808   0.5778677  -0.48136762  0.08047151  0.11543072  0.
   0.06037061  0.         -0.04325048  0.01943036]
 [ 0.38397092  0.25516135 -0.35059553  0.05070403  0.06870059  0.
  -0.02829704  0.         -0.0089737   0.06118548]] 
Episode: 802: [[ 0.1940507   0.12953469 -0.40613294 -0.1717191   0.01439506  0.
  -0.05982025  0.          0.00317181  0.06153682]
 [ 0.19391516  0.25600752 -0.4379615  -0.16113324  0.09355414  0.
  -0.06708366  0.         -0.01725222  0.072997  ]
 [ 0.33443996  0.45068547 -0.4688747  -0.09196285  0.12369875  0.
  -0.01316735  0.         -0.03533321  0.05367063]
 [ 0.5573618   0.57822466 -0.48172113  0.08041625  0.11545721  0.
   0.06042634  0.         -0.04325048  0.01936114]
 [ 0.38405377  0.25542456 -0.3509314   0.05063366  0.06872009  0.
  -0.02835498  0.         -0.0089737   0.06113961]] 
Episode: 803: [[ 0.19414262  0.1297213  -0.4063954  -0.17181094  0.01441799  0.
  -0.05983206  0.          0.00317181  0.06148859]
 [ 0.19400114  0.2561864  -0.43821496 -0.16122362  0.09357144  0.
  -0.06709635  0.         -0.01725222  0.07294425]
 [ 0.33455744  0.45094213 -0.46917614 -0.09205723  0.12369172  0.
  -0.01312454  0.         -0.03533321  0.05361041]
 [ 0.55753326  0.5785588  -0.48205733  0.08032858  0.11547381  0.
   0.06053033  0.         -0.04325048  0.01929035]
 [ 0.38412568  0.25566024 -0.35124624  0.05053175  0.06872709  0.
  -0.02834972  0.         -0.0089737   0.0610814 ]] 
Episode: 804: [[ 0.19432704  0.12987304 -0.40662786 -0.17187877  0.01440115  0.
  -0.05978446  0.          0.00317181  0.06154032]
 [ 0.19418226  0.2563311  -0.43843865 -0.16129011  0.09354886  0.
  -0.06705029  0.         -0.01725222  0.07298891]
 [ 0.33476922  0.45115522 -0.46944317 -0.09212796  0.1236428   0.
  -0.01303061  0.         -0.03533321  0.05364155]
 [ 0.55777776  0.578843   -0.48235682  0.0802604   0.11544552  0.
   0.06067775  0.         -0.04325048  0.01930451]
 [ 0.38430405  0.255851   -0.35152593  0.05045617  0.06869072  0.
  -0.02828762  0.         -0.0089737   0.06112324]] 
Episode: 805: [[ 0.1945364   0.13005075 -0.40683275 -0.17191246  0.0144623   0.
  -0.05979985  0.          0.00317181  0.0615342 ]
 [ 0.19438896  0.25650257 -0.43863508 -0.16132265  0.09360428  0.
  -0.0670663   0.         -0.01725222  0.0729761 ]
 [ 0.33500212  0.45139942 -0.4696763  -0.09216464  0.12367872  0.
  -0.01300148  0.         -0.03533321  0.05360916]
 [ 0.55803025  0.57915545 -0.48261636  0.08022367  0.11549891  0.
   0.06075658  0.         -0.04325048  0.01925446]
 [ 0.38450408  0.25607643 -0.3517674   0.05041832  0.06874426  0.
  -0.0282891   0.         -0.0089737   0.0611042 ]] 
Episode: 806: [[ 0.19474378  0.13023394 -0.4070282  -0.1719252   0.01455527  0.
  -0.05987187  0.          0.00317181  0.06154119]
 [ 0.19459316  0.25667864 -0.43882215 -0.16133446  0.09369101  0.
  -0.06713817  0.         -0.01725222  0.07297696]
 [ 0.3352262   0.45164776 -0.46989465 -0.09217895  0.12374585  0.
  -0.01303064  0.         -0.03533321  0.05358734]
 [ 0.5582683   0.5794711  -0.48285604  0.08020929  0.11557811  0.
   0.06077369  0.         -0.04325048  0.01920688]
 [ 0.3846907   0.25630808 -0.3519948   0.05040523  0.06883196  0.
  -0.02834777  0.         -0.0089737   0.06110094]] 
Episode: 807: [[ 0.19494264  0.13041437 -0.40723625 -0.17192732  0.01464282  0.
  -0.05990236  0.          0.00317181  0.06154484]
 [ 0.19478825  0.2568519  -0.43902162 -0.16133614  0.09377249  0.
  -0.06716762  0.         -0.01725222  0.07297424]
 [ 0.33544523  0.45188844 -0.47012544 -0.09217948  0.12380707  0.
  -0.01300373  0.         -0.03533321  0.05356631]
 [ 0.5585094   0.5797748  -0.48310724  0.08021159  0.1156524   0.
   0.0608429   0.         -0.04325048  0.01916407]
 [ 0.38487273  0.25653496 -0.3522384   0.05040425  0.06891268  0.
  -0.02835648  0.         -0.0089737   0.0610934 ]] 
Episode: 808: [[ 0.1951205   0.13055588 -0.40744323 -0.17195903  0.01470408  0.
  -0.05995426  0.          0.00317181  0.06150568]
 [ 0.19496155  0.2569858  -0.43921947 -0.16136706  0.09382819  0.
  -0.06721982  0.         -0.01725222  0.07293167]
 [ 0.33565018  0.45209792 -0.4703625  -0.09221026  0.12384275  0.
  -0.01300315  0.         -0.03533321  0.05348051]
 [ 0.5587538   0.58006054 -0.4833743   0.08018412  0.11570452  0.
   0.06088314  0.         -0.04325048  0.01904781]
 [ 0.38503602  0.25671586 -0.3524828   0.05036984  0.06896383  0.
  -0.02839078  0.         -0.0089737   0.06103842]] 
Episode: 809: [[ 0.19527583  0.13066237 -0.4076236  -0.17203349  0.01476745  0.
  -0.0599741   0.          0.00317181  0.06144925]
 [ 0.19511212  0.25708562 -0.43939176 -0.16143978  0.09388706  0.
  -0.06724004  0.         -0.01725222  0.07287207]
 [ 0.33583245  0.45226872 -0.47057104 -0.09228967  0.12388562  0.
  -0.01295941  0.         -0.03533321  0.05337869]
 [ 0.55897534  0.58030593 -0.48361152  0.08010217  0.11576407  0.
   0.06097319  0.         -0.04325048  0.01891511]
 [ 0.38517427  0.2568548  -0.35269627  0.05028637  0.06902134  0.
  -0.02839026  0.         -0.0089737   0.0609654 ]] 
Episode: 810: [[ 0.19545154  0.1308282  -0.40783733 -0.1720435   0.01485913  0.
  -0.06005023  0.          0.00317181  0.06137537]
 [ 0.19528234  0.25724268 -0.43959615 -0.16144983  0.09397215  0.
  -0.06731578  0.         -0.01725222  0.07279437]
 [ 0.33604196  0.45249927 -0.47081318 -0.09229566  0.12395889  0.
  -0.01297547  0.         -0.03533321  0.05325284]
 [ 0.55923253  0.5806066  -0.48388144  0.08010048  0.11586228  0.
   0.0610004   0.         -0.04325048  0.01875174]
 [ 0.38534066  0.25706288 -0.35294926  0.05027587  0.06910642  0.
  -0.0284472   0.         -0.0089737   0.06087048]] 
Episode: 811: [[ 0.19558263  0.1309985  -0.40802312 -0.17215453  0.01494153  0.
  -0.06006046  0.          0.00317181  0.06131098]
 [ 0.195407    0.2574048  -0.4397733  -0.16155769  0.09404836  0.
  -0.0673264   0.         -0.01725222  0.07272506]
 [ 0.3362032   0.45272562 -0.47102642 -0.09242004  0.12402412  0.
  -0.01293452  0.         -0.03533321  0.0531546 ]
 [ 0.55944216  0.5808927  -0.4841219   0.07996373  0.11595138  0.
   0.0610787   0.         -0.04325048  0.01863794]
 [ 0.38545048  0.25727564 -0.35316846  0.05015029  0.06918511  0.
  -0.02844104  0.         -0.0089737   0.0607889 ]] 
Episode: 812: [[ 0.1956794   0.13116336 -0.4082099  -0.17229378  0.01502687  0.
  -0.06001144  0.          0.00317181  0.06126682]
 [ 0.19549626  0.25756094 -0.43995136 -0.16169381  0.09412785  0.
  -0.06727847  0.         -0.01725222  0.07267659]
 [ 0.33632675  0.4529503  -0.47124255 -0.09257098  0.12409458  0.
  -0.01284229  0.         -0.03533321  0.05308267]
 [ 0.5596167   0.581179   -0.48436713  0.07980375  0.11604124  0.
   0.06120298  0.         -0.04325048  0.01855285]
 [ 0.3855161   0.25747967 -0.35338962  0.04999319  0.06926641  0.
  -0.02837814  0.         -0.0089737   0.06073162]] 
Episode: 813: [[ 0.19571497  0.13127683 -0.40836716 -0.17245887  0.01508968  0.
  -0.05990912  0.          0.00317181  0.06132246]
 [ 0.195524    0.25766852 -0.4401011  -0.16185585  0.09418668  0.
  -0.06717785  0.         -0.01725222  0.07272539]
 [ 0.3363795   0.4531171  -0.47142634 -0.09274686  0.12414005  0.
  -0.01270393  0.         -0.03533321  0.05310342]
 [ 0.5597138   0.5814005  -0.484577    0.07962269  0.11608846  0.
   0.06136864  0.         -0.04325048  0.01855421]
 [ 0.38550332  0.25762337 -0.35357296  0.04980496  0.06932332  0.
  -0.02826419  0.         -0.0089737   0.06077451]] 
Episode: 814: [[ 0.19577093  0.13142936 -0.40853494 -0.17257318  0.01517954  0.
  -0.05987526  0.          0.00317181  0.06136853]
 [ 0.19557202  0.25781348 -0.44026065 -0.1619687   0.09427121  0.
  -0.06714478  0.         -0.01725222  0.07276509]
 [ 0.3364592   0.45332322 -0.47162086 -0.09286415  0.12421579  0.
  -0.01263479  0.         -0.03533321  0.05311452]
 [ 0.5598468   0.58166087 -0.48479816  0.07950788  0.11617288  0.
   0.0614639   0.         -0.04325048  0.01854302]
 [ 0.38552096  0.25781342 -0.35376975  0.0496749   0.06941033  0.
  -0.02821899  0.         -0.0089737   0.06080753]] 
Episode: 815: [[ 0.19582601  0.13161147 -0.40872023 -0.17263873  0.01524093  0.
  -0.05990297  0.          0.00317181  0.06135927]
 [ 0.19561918  0.2579894  -0.4404363  -0.16203547  0.09432729  0.
  -0.06717248  0.         -0.01725222  0.07275075]
 [ 0.33654293  0.4535605  -0.47183898 -0.09291701  0.12426528  0.
  -0.01262792  0.         -0.03533321  0.05306212]
 [ 0.5599925   0.58194435 -0.48505086  0.07947391  0.11624169  0.
   0.06149582  0.         -0.04325048  0.01846205]
 [ 0.38554642  0.25803992 -0.3539902   0.04960163  0.06946694  0.
  -0.02823565  0.         -0.0089737   0.06077649]] 
Episode: 816: [[ 0.1959078   0.1317705  -0.40890008 -0.17269202  0.01526428  0.
  -0.05990138  0.          0.00317181  0.0614067 ]
 [ 0.1956941   0.25814185 -0.44060692 -0.16208987  0.09434492  0.
  -0.06716928  0.         -0.01725222  0.07279481]
 [ 0.33664665  0.45377153 -0.4720467  -0.092959    0.12427428  0.
  -0.0125825   0.         -0.03533321  0.05307583]
 [ 0.56014454  0.58220726 -0.48528764  0.07944842  0.11627301  0.
   0.06157698  0.         -0.04325048  0.01844304]
 [ 0.38559553  0.2582388  -0.35420343  0.04954205  0.06947778  0.
  -0.02821007  0.         -0.0089737   0.06081683]] 
Episode: 817: [[ 0.19597918  0.13191971 -0.409062   -0.17276345  0.01530123  0.
  -0.05984176  0.          0.00317181  0.06143847]
 [ 0.19575858  0.25828415 -0.4407602  -0.1621617   0.09437679  0.
  -0.06710893  0.         -0.01725222  0.07282361]
 [ 0.33674142  0.45397726 -0.47223583 -0.09302166  0.12430004  0.
  -0.01248626  0.         -0.03533321  0.05307497]
 [ 0.56029314  0.5824688  -0.4855055   0.0794004   0.11631925  0.
   0.0617038   0.         -0.04325048  0.01840795]
 [ 0.3856368   0.25842732 -0.35439566  0.04946236  0.06950648  0.
  -0.02812974  0.         -0.0089737   0.06084188]] 
Episode: 818: [[ 0.19602     0.13205886 -0.40917844 -0.17289552  0.01536378  0.
  -0.05979167  0.          0.00317181  0.06150749]
 [ 0.19579132  0.2584177  -0.44086966 -0.16229254  0.09443489  0.
  -0.06706188  0.         -0.01725222  0.07288954]
 [ 0.3368093   0.4541659  -0.4723777  -0.09315143  0.1243552   0.
  -0.01237679  0.         -0.03533321  0.05312344]
 [ 0.5604253   0.5827057  -0.48567814  0.07928054  0.11638866  0.
   0.06187169  0.         -0.04325048  0.01843151]
 [ 0.38564256  0.25860274 -0.35453618  0.04931333  0.06956783  0.
  -0.02805915  0.         -0.0089737   0.06091021]] 
Episode: 819: [[ 0.19603898  0.13218531 -0.4092885  -0.17309666  0.01541543  0.
  -0.05970876  0.          0.00317181  0.06154663]
 [ 0.1958019   0.25853863 -0.44097275 -0.16248925  0.09448314  0.
  -0.06698361  0.         -0.01725222  0.07292724]
 [ 0.33685482  0.45434627 -0.4725154  -0.0933643   0.12439873  0.
  -0.0122229   0.         -0.03533321  0.05313257]
 [ 0.5605392   0.58293855 -0.48584917  0.0790621   0.11644462  0.
   0.06207655  0.         -0.04325048  0.01840438]
 [ 0.38562453  0.2587658  -0.35466957  0.04908655  0.06961937  0.
  -0.02794794  0.         -0.0089737   0.06094404]] 
Episode: 820: [[ 0.1960603   0.13229343 -0.409419   -0.17326345  0.01549798  0.
  -0.05969241  0.          0.00317181  0.06163697]
 [ 0.19581454  0.25864172 -0.44109607 -0.16265236  0.09456198  0.
  -0.06697072  0.         -0.01725222  0.07301657]
 [ 0.33689845  0.45450243 -0.4726691  -0.09354126  0.12447176  0.
  -0.0121398   0.         -0.03533321  0.05319944]
 [ 0.5606456   0.5831437  -0.48602936  0.07888096  0.11652503  0.
   0.06221565  0.         -0.04325048  0.01843582]
 [ 0.3856056   0.25890523 -0.35482475  0.04889793  0.06970093  0.
  -0.02790525  0.         -0.0089737   0.06103453]] 
Episode: 821: [[ 0.19609511  0.13242918 -0.40955564 -0.17339431  0.01556986  0.
  -0.05973594  0.          0.00317181  0.06168662]
 [ 0.19584092  0.25877047 -0.44122517 -0.162781    0.09462988  0.
  -0.06701663  0.         -0.01725222  0.07306457]
 [ 0.33696023  0.45469284 -0.4728306  -0.0936764   0.12453332  0.
  -0.01212039  0.         -0.03533321  0.05322682]
 [ 0.56077373  0.583387   -0.4862204   0.0787466   0.11659533  0.
   0.06228706  0.         -0.04325048  0.01843441]
 [ 0.38560826  0.25907668 -0.35498917  0.04874962  0.06977004  0.
  -0.02792417  0.         -0.0089737   0.0610793 ]] 
Episode: 822: [[ 0.1961183   0.13251731 -0.40970767 -0.17356628  0.01563087  0.
  -0.05971725  0.          0.00317181  0.0617218 ]
 [ 0.19585517  0.2588535  -0.4413682  -0.16294967  0.09468754  0.
  -0.06700104  0.         -0.01725222  0.07309788]
 [ 0.33701214  0.4548318  -0.47301397 -0.09385417  0.12458535  0.
  -0.01204758  0.         -0.03533321  0.05324287]
 [ 0.56089956  0.58358145 -0.48644012  0.07856833  0.11666138  0.
   0.06240508  0.         -0.04325048  0.01842478]
 [ 0.3856001   0.25919226 -0.35517356  0.0485564   0.06982932  0.
  -0.02788388  0.         -0.0089737   0.06110796]] 
Episode: 823: [[ 0.1961462   0.1325983  -0.4098674  -0.17372178  0.01567394  0.
  -0.05967017  0.          0.00317181  0.06172024]
 [ 0.19587407  0.2589284  -0.44151816 -0.16310291  0.09472781  0.
  -0.06695651  0.         -0.01725222  0.07309516]
 [ 0.33707288  0.45497072 -0.47320864 -0.09400918  0.12461764  0.
  -0.01193501  0.         -0.03533321  0.05321578]
 [ 0.5610408   0.58378637 -0.4866759   0.07841885  0.1167096   0.
   0.06256504  0.         -0.04325048  0.01836476]
 [ 0.38560292  0.25930014 -0.35536867  0.04838266  0.06986885  0.
  -0.02780947  0.         -0.0089737   0.06109664]] 
Episode: 824: [[ 0.19616981  0.13266715 -0.4100148  -0.17388755  0.01571126  0.
  -0.05963313  0.          0.00317181  0.06171549]
 [ 0.19588898  0.2589909  -0.44165626 -0.16326633  0.09476277  0.
  -0.0669224   0.         -0.01725222  0.07308795]
 [ 0.3371267   0.4550975  -0.47338942 -0.09417423  0.12464328  0.
  -0.01183282  0.         -0.03533321  0.05319631]
 [ 0.56116986  0.5839811  -0.48689517  0.07826059  0.11674868  0.
   0.06272391  0.         -0.04325048  0.01832787]
 [ 0.3856001   0.2593939  -0.35554814  0.04819748  0.06990289  0.
  -0.02774598  0.         -0.0089737   0.06108262]] 
Episode: 825: [[ 0.19617069  0.13273321 -0.41014585 -0.17410156  0.015757    0.
  -0.05965808  0.          0.00317181  0.06170896]
 [ 0.19588059  0.2590484  -0.4417789  -0.16347651  0.09480544  0.
  -0.06694926  0.         -0.01725222  0.07307921]
 [ 0.33715788  0.45523334 -0.47355154 -0.09439251  0.12468573  0.
  -0.01179627  0.         -0.03533321  0.05317277]
 [ 0.56128     0.5841973  -0.48709297  0.07804425  0.11681266  0.
   0.06281308  0.         -0.04325048  0.01828481]
 [ 0.38557264  0.2594857  -0.35570818  0.04795779  0.06995086  0.
  -0.02774624  0.         -0.0089737   0.06106425]] 
Episode: 826: [[ 0.19617     0.13279833 -0.41028187 -0.17430177  0.01580158  0.
  -0.05962891  0.          0.00317181  0.06172818]
 [ 0.1958707   0.25910416 -0.44190666 -0.16367339  0.09484734  0.
  -0.06692124  0.         -0.01725222  0.07309573]
 [ 0.33718833  0.45536503 -0.47371817 -0.0945956   0.1247265   0.
  -0.01170799  0.         -0.03533321  0.05318333]
 [ 0.56139237  0.5844078  -0.4872937   0.07784537  0.11687161  0.
   0.06294711  0.         -0.04325048  0.01828274]
 [ 0.3855456   0.25957477 -0.35587397  0.04773299  0.06999698  0.
  -0.02768911  0.         -0.0089737   0.06107617]] 
Episode: 827: [[ 0.19629005  0.13290587 -0.41041973 -0.17444205  0.01596964  0.
  -0.05966093  0.          0.00317181  0.06164974]
 [ 0.1959788   0.2592015  -0.4420357  -0.16381104  0.09500919  0.
  -0.06695357  0.         -0.01725222  0.07301784]
 [ 0.3373423   0.45553198 -0.47387907 -0.09474005  0.12489202  0.
  -0.01168393  0.         -0.03533321  0.05310717]
 [ 0.56161445  0.58464324 -0.48748124  0.07769969  0.11705189  0.
   0.06301394  0.         -0.04325048  0.01820285]
 [ 0.38566068  0.2597136  -0.35603574  0.04757434  0.07017851  0.
  -0.02769506  0.         -0.0089737   0.06099229]] 
Episode: 828: [[ 0.19642252  0.13298136 -0.41055527 -0.1745666   0.01606314  0.
  -0.05963149  0.          0.00317181  0.06160135]
 [ 0.19610007  0.25926787 -0.44216275 -0.16393328  0.09509813  0.
  -0.06692513  0.         -0.01725222  0.07297076]
 [ 0.33750662  0.45566228 -0.47403392 -0.0948677   0.12497286  0.
  -0.01160691  0.         -0.03533321  0.0530594 ]
 [ 0.56184226  0.5848401  -0.48765823  0.07757063  0.11714101  0.
   0.06312785  0.         -0.04325048  0.01814549]
 [ 0.38578734  0.25981355 -0.356193    0.04743417  0.07027075  0.
  -0.02764307  0.         -0.0089737   0.06094213]] 
Episode: 829: [[ 0.19654748  0.13312355 -0.41071534 -0.17464961  0.01617567  0.
  -0.05966323  0.          0.00317181  0.06156448]
 [ 0.1962137   0.25939912 -0.44231364 -0.16401522  0.09520432  0.
  -0.06695706  0.         -0.01725222  0.07293425]
 [ 0.33766043  0.45585737 -0.4742124  -0.09495106  0.12507159  0.
  -0.01159296  0.         -0.03533321  0.05302021]
 [ 0.56205577  0.58509445 -0.48785695  0.0774888   0.11725099  0.
   0.06317659  0.         -0.04325048  0.0180926 ]
 [ 0.38590342  0.2599913  -0.35637933  0.04733986  0.07038029  0.
  -0.02765362  0.         -0.0089737   0.06090016]] 
Episode: 830: [[ 0.19669588  0.13327093 -0.4108933  -0.17470546  0.01624342  0.
  -0.05973155  0.          0.00317181  0.06149929]
 [ 0.19635138  0.2595352  -0.44248196 -0.16407058  0.09526598  0.
  -0.06702669  0.         -0.01725222  0.07286922]
 [ 0.33783907  0.45605877 -0.47440615 -0.09500626  0.12511778  0.
  -0.0116223   0.         -0.03533321  0.05294691]
 [ 0.56228703  0.5853556  -0.48806703  0.0774347   0.11730497  0.
   0.06317881  0.         -0.04325048  0.0180042 ]
 [ 0.3860469   0.26017508 -0.35658577  0.04727571  0.07043462  0.
  -0.02770364  0.         -0.0089737   0.06082645]] 
Episode: 831: [[ 0.19687386  0.13344184 -0.41107705 -0.17470713  0.01647837  0.
  -0.05985125  0.          0.00317181  0.06141417]
 [ 0.19651927  0.25969526 -0.44265577 -0.16407256  0.09549147  0.
  -0.06714685  0.         -0.01725222  0.07278544]
 [ 0.338044    0.456288   -0.47460133 -0.09500813  0.12534657  0.
  -0.01170406  0.         -0.03533321  0.05283909]
 [ 0.5625403   0.58564186 -0.4882759   0.07743247  0.11754192  0.
   0.06312703  0.         -0.04325048  0.01786373]
 [ 0.38621792  0.26038614 -0.35679716  0.04727106  0.07067649  0.
  -0.02780597  0.         -0.0089737   0.06072711]] 
Episode: 832: [[ 0.19693558  0.13361795 -0.4111496  -0.17494626  0.01668185  0.
  -0.05990074  0.          0.00317181  0.06143348]
 [ 0.19656819  0.25986254 -0.44272435 -0.16429958  0.09568737  0.
  -0.06719746  0.         -0.01725222  0.072803  ]
 [ 0.3381229   0.4565209  -0.47466573 -0.09520039  0.12554581  0.
  -0.01172228  0.         -0.03533321  0.05282791]
 [ 0.56267947  0.58592165 -0.48832837  0.07726885  0.11773039  0.
   0.0631342   0.         -0.04325048  0.01781552]
 [ 0.38623512  0.26060584 -0.35686418  0.04703564  0.07088996  0.
  -0.02784073  0.         -0.0089737   0.0607325 ]] 
Episode: 833: [[ 0.19698572  0.13375327 -0.41122892 -0.17518948  0.01685675  0.
  -0.05988708  0.          0.00317181  0.06143434]
 [ 0.19660579  0.25998896 -0.44279894 -0.1645317   0.09585568  0.
  -0.06718554  0.         -0.01725222  0.07280204]
 [ 0.3381931   0.45671523 -0.4747436  -0.09539875  0.12571688  0.
  -0.01168334  0.         -0.03533321  0.05280147]
 [ 0.56281525  0.58617127 -0.4884026   0.07709949  0.11789519  0.
   0.06319441  0.         -0.04325048  0.01775634]
 [ 0.38624382  0.2607786  -0.35694313  0.04679362  0.07107493  0.
  -0.02781472  0.         -0.0089737   0.0607202 ]] 
Episode: 834: [[ 0.19704007  0.13388641 -0.4113189  -0.17539258  0.01699258  0.
  -0.05984231  0.          0.00317181  0.06141713]
 [ 0.19664827  0.26011258 -0.44288325 -0.16472569  0.09598605  0.
  -0.06714267  0.         -0.01725222  0.07278348]
 [ 0.33827043  0.45690724 -0.47483736 -0.0955566   0.1258425   0.
  -0.01159817  0.         -0.03533321  0.05275364]
 [ 0.56296045  0.58641976 -0.48849884  0.07697222  0.1180134   0.
   0.06330233  0.         -0.04325048  0.01767186]
 [ 0.38626453  0.2609484  -0.35703704  0.04659452  0.07121408  0.
  -0.02775159  0.         -0.0089737   0.06068862]] 
Episode: 835: [[ 0.1970994   0.13407776 -0.41144744 -0.17554237  0.01716379  0.
  -0.05986023  0.          0.00317181  0.06140202]
 [ 0.1966955   0.2602928  -0.44300482 -0.1648682   0.09614952  0.
  -0.06716158  0.         -0.01725222  0.07276658]
 [ 0.33834893  0.45715538 -0.4749693  -0.09566225  0.12600401  0.
  -0.01157684  0.         -0.03533321  0.05270743]
 [ 0.5631048   0.5867176  -0.48863274  0.07689711  0.11817216  0.
   0.06334571  0.         -0.04325048  0.01758673]
 [ 0.38628682  0.26118535 -0.35717747  0.04645327  0.07138687  0.
  -0.02775207  0.         -0.0089737   0.06065744]] 
Episode: 836: [[ 0.19717276  0.13428266 -0.4115895  -0.17564669  0.01731955  0.
  -0.05993453  0.          0.00317181  0.06138856]
 [ 0.19675738  0.26048636 -0.4431395  -0.16496687  0.09629792  0.
  -0.06723607  0.         -0.01725222  0.07275195]
 [ 0.33844593  0.45741445 -0.47511554 -0.09572341  0.12614733  0.
  -0.01161297  0.         -0.03533321  0.05266141]
 [ 0.56327355  0.5870226  -0.4887819   0.07686634  0.11831244  0.
   0.06333102  0.         -0.04325048  0.01749719]
 [ 0.38633364  0.2614378  -0.35733658  0.04636109  0.07154237  0.
  -0.02780979  0.         -0.0089737   0.06062847]] 
Episode: 837: [[ 0.1972437   0.134482   -0.4117374  -0.17574054  0.01745384  0.
  -0.06005442  0.          0.00317181  0.06135798]
 [ 0.19681701  0.26067355 -0.44327992 -0.16505606  0.09642515  0.
  -0.06735659  0.         -0.01725222  0.07272176]
 [ 0.3385425   0.45767745 -0.47526893 -0.09577462  0.12627308  0.
  -0.01170077  0.         -0.03533321  0.0525876 ]
 [ 0.56344604  0.58734125 -0.48893943  0.07684629  0.11844292  0.
   0.06326406  0.         -0.04325048  0.0173659 ]
 [ 0.38638034  0.26168504 -0.357504    0.04627973  0.07167554  0.
  -0.02791692  0.         -0.0089737   0.06057947]] 
Episode: 838: [[ 0.19734597  0.13473395 -0.41192204 -0.17578022  0.01759955  0.
  -0.06022045  0.          0.00317181  0.06132187]
 [ 0.19690767  0.26091117 -0.44345576 -0.16509314  0.0965626   0.
  -0.06752248  0.         -0.01725222  0.07268539]
 [ 0.3386745   0.45799085 -0.4754601  -0.09577089  0.12640665  0.
  -0.01183507  0.         -0.03533321  0.05250915]
 [ 0.56365496  0.5877053  -0.4891362   0.07688224  0.11857971  0.
   0.0631501   0.         -0.04325048  0.0172312 ]
 [ 0.3864634   0.26199296 -0.35771745  0.04625714  0.07181757  0.
  -0.02807057  0.         -0.0089737   0.06052285]] 
Episode: 839: [[ 0.1974525   0.1349511  -0.4121055  -0.17580648  0.01771436  0.
  -0.060366    0.          0.00317181  0.06130709]
 [ 0.19700287  0.26111543 -0.44363046 -0.16511723  0.09667031  0.
  -0.06767031  0.         -0.01725222  0.0726714 ]
 [ 0.33880413  0.4582679  -0.4756471  -0.09575758  0.12650274  0.
  -0.0119295   0.         -0.03533321  0.05245681]
 [ 0.56384665  0.58803445 -0.4893241   0.07692403  0.11867432  0.
   0.06310125  0.         -0.04325048  0.01712515]
 [ 0.38654327  0.26225916 -0.3579271   0.04624766  0.07192328  0.
  -0.02819581  0.         -0.0089737   0.06049233]] 
Episode: 840: [[ 0.19758166  0.13515924 -0.41226518 -0.17581788  0.01786328  0.
  -0.06054657  0.          0.00317181  0.06128714]
 [ 0.19712184  0.26131082 -0.4437818  -0.16512685  0.09681162  0.
  -0.06785522  0.         -0.01725222  0.07265212]
 [ 0.3389497   0.4585303  -0.47580972 -0.09573366  0.12663375  0.
  -0.01206294  0.         -0.03533321  0.05240016]
 [ 0.56403965  0.58834463 -0.4894886   0.07697258  0.11879904  0.
   0.06301795  0.         -0.04325048  0.01701832]
 [ 0.3866399   0.26251295 -0.35810858  0.04625257  0.07206963  0.
  -0.0283569   0.         -0.0089737   0.06045876]] 
Episode: 841: [[ 0.19776246  0.13537616 -0.4124117  -0.17581269  0.01803938  0.
  -0.06074455  0.          0.00317181  0.06136537]
 [ 0.19729416  0.26151627 -0.4439203  -0.16512015  0.09697989  0.
  -0.06805971  0.         -0.01725222  0.07272801]
 [ 0.33915132  0.45879284 -0.47595733 -0.09569807  0.1267894   0.
  -0.01221408  0.         -0.03533321  0.05243533]
 [ 0.5642814   0.5886437  -0.48963642  0.07702719  0.11894509  0.
   0.06291934  0.         -0.04325048  0.01700067]
 [ 0.386803    0.26277584 -0.3582731   0.04627275  0.07224657  0.
  -0.02853845  0.         -0.0089737   0.0605236 ]] 
Episode: 842: [[ 0.19794823  0.13559164 -0.4125994  -0.17578243  0.01819677  0.
  -0.0609809   0.          0.00317181  0.06140652]
 [ 0.1974717   0.26172084 -0.44409907 -0.16508913  0.0971284   0.
  -0.06830119  0.         -0.01725222  0.07276719]
 [ 0.3393565   0.4590535  -0.476146   -0.09563957  0.12692894  0.
  -0.01240542  0.         -0.03533321  0.05243068]
 [ 0.5645227   0.5889409  -0.48982367  0.07710366  0.11908766  0.
   0.06277685  0.         -0.04325048  0.01694209]
 [ 0.38697124  0.26303837 -0.35848904  0.04631912  0.07240298  0.
  -0.02875911  0.         -0.0089737   0.06054743]] 
Episode: 843: [[ 0.19812453  0.13582148 -0.41279587 -0.17573996  0.01834657  0.
  -0.06122606  0.          0.00317181  0.06143322]
 [ 0.197639    0.2619397  -0.44428578 -0.16504738  0.09726976  0.
  -0.06855486  0.         -0.01725222  0.07279016]
 [ 0.3395556   0.459329   -0.47634578 -0.09556597  0.12706044  0.
  -0.0125924   0.         -0.03533321  0.05242006]
 [ 0.5647645   0.5892517  -0.4900237   0.07719912  0.11922368  0.
   0.06266237  0.         -0.04325048  0.01688923]
 [ 0.38713172  0.26331806 -0.35871524  0.04637827  0.07255045  0.
  -0.02898781  0.         -0.0089737   0.06055443]] 
Episode: 844: [[ 0.19827095  0.13605127 -0.41297165 -0.17574246  0.01846571  0.
  -0.0613884   0.          0.00317181  0.0614841 ]
 [ 0.19777542  0.26215765 -0.44445196 -0.1650502   0.09738206  0.
  -0.06872558  0.         -0.01725222  0.07283658]
 [ 0.3397265   0.45960373 -0.47652808 -0.09553885  0.1271555   0.
  -0.01270527  0.         -0.03533321  0.05245035]
 [ 0.564987    0.5895619  -0.49021277  0.07725006  0.11931443  0.
   0.06261314  0.         -0.04325048  0.01689228]
 [ 0.38725567  0.26359692 -0.35891986  0.04638628  0.07266671  0.
  -0.02913625  0.         -0.0089737   0.06059245]] 
Episode: 845: [[ 0.19843602  0.13630636 -0.413149   -0.17572235  0.01859227  0.
  -0.06153079  0.          0.00317181  0.06151045]
 [ 0.19793083  0.26239935 -0.44461966 -0.16503078  0.09750142  0.
  -0.06887565  0.         -0.01725222  0.07285857]
 [ 0.3399189   0.45989957 -0.4767111  -0.09549013  0.12725584  0.
  -0.01278848  0.         -0.03533321  0.0524554 ]
 [ 0.5652345   0.5898909  -0.490403    0.0773207   0.1194088   0.
   0.0626006   0.         -0.04325048  0.01686767]
 [ 0.3874063   0.26390454 -0.3591269   0.04642019  0.07278781  0.
  -0.0292551   0.         -0.0089737   0.06060291]] 
Episode: 846: [[ 0.19856402  0.1365654  -0.4133207  -0.17578429  0.01866928  0.
  -0.06160066  0.          0.00317181  0.06154278]
 [ 0.19804808  0.2626427  -0.44478142 -0.16509092  0.09757354  0.
  -0.06895313  0.         -0.01725222  0.0728863 ]
 [ 0.34007406  0.46021128 -0.47689277 -0.09553253  0.12729527  0.
  -0.01280794  0.         -0.03533321  0.05247673]
 [ 0.5654518   0.5902505  -0.49059653  0.07729438  0.11943306  0.
   0.06264312  0.         -0.04325048  0.0168741 ]
 [ 0.3875113   0.2642191  -0.3593293   0.04636009  0.07285418  0.
  -0.02930468  0.         -0.0089737   0.06062389]] 
Episode: 847: [[ 0.1986279   0.13683486 -0.41342098 -0.17601578  0.01877228  0.
  -0.06160527  0.          0.00317181  0.06163987]
 [ 0.19810086  0.26290035 -0.4448754  -0.16531187  0.09767389  0.
  -0.06896532  0.         -0.01725222  0.07297731]
 [ 0.3401604   0.4605183  -0.476998   -0.09575977  0.12736288  0.
  -0.01277005  0.         -0.03533321  0.05258209]
 [ 0.56559604  0.5905839  -0.49070883  0.07710966  0.11947139  0.
   0.06273519  0.         -0.04325048  0.01695834]
 [ 0.38753757  0.26454777 -0.35944518  0.04610671  0.07296096  0.
  -0.02929195  0.         -0.0089737   0.06072614]] 
Episode: 848: [[ 0.19872056  0.13708016 -0.41351727 -0.17621541  0.0188715   0.
  -0.06157149  0.          0.00317181  0.06173343]
 [ 0.19818352  0.26313418 -0.44496557 -0.1655021   0.09777088  0.
  -0.06893811  0.         -0.01725222  0.07306705]
 [ 0.34027678  0.46079788 -0.47709832 -0.09595477  0.12742628  0.
  -0.01268084  0.         -0.03533321  0.05268294]
 [ 0.5657679   0.59088945 -0.49081534  0.07695284  0.1195035   0.
   0.06287184  0.         -0.04325048  0.0170351 ]
 [ 0.38760078  0.26484755 -0.3595566   0.04588898  0.07306349  0.
  -0.02923081  0.         -0.0089737   0.06082759]] 
Episode: 849: [[ 0.19884473  0.13734913 -0.413661   -0.17634879  0.01897852  0.
  -0.06159933  0.          0.00317181  0.06183567]
 [ 0.19829698  0.2633907  -0.44510135 -0.16562867  0.09787432  0.
  -0.06897116  0.         -0.01725222  0.07316374]
 [ 0.340431    0.46109754 -0.4772475  -0.09607897  0.12749803  0.
  -0.01265594  0.         -0.03533321  0.05279748]
 [ 0.5659831   0.5912127  -0.4909722   0.07686578  0.11955356  0.
   0.06294102  0.         -0.04325048  0.01713404]
 [ 0.38770303  0.2651743  -0.3597264   0.04574524  0.073172    0.
  -0.02923312  0.         -0.0089737   0.06093594]] 
Episode: 850: [[ 0.19895314  0.13758445 -0.41377383 -0.17648317  0.01901517  0.
  -0.06156616  0.          0.00317181  0.0620238 ]
 [ 0.19839497  0.26361457 -0.44520685 -0.16575688  0.09790988  0.
  -0.06894338  0.         -0.01725222  0.07334399]
 [ 0.34057176  0.46136    -0.47736514 -0.09620287  0.12750298  0.
  -0.01257817  0.         -0.03533321  0.05298656]
 [ 0.56619036  0.59149605 -0.49109846  0.0767767   0.1195385   0.
   0.06305706  0.         -0.04325048  0.01730144]
 [ 0.38779467  0.2654611  -0.35985973  0.04560196  0.07320905  0.
  -0.02917789  0.         -0.0089737   0.06112831]] 
Episode: 851: [[ 0.19906202  0.13774979 -0.41388497 -0.17661421  0.01894476  0.
  -0.06147811  0.          0.00317181  0.06220306]
 [ 0.19849361  0.2637749  -0.44531053 -0.16588235  0.09784231  0.
  -0.06886089  0.         -0.01725222  0.07352166]
 [ 0.34070203  0.4615675  -0.4774782  -0.09632264  0.12739646  0.
  -0.01245283  0.         -0.03533321  0.05317952]
 [ 0.5663761   0.5917358  -0.49121785  0.07668948  0.11940902  0.
   0.06321525  0.         -0.04325048  0.01747189]
 [ 0.38786972  0.26567525 -0.35998923  0.04546362  0.07312136  0.
  -0.0290709   0.         -0.0089737   0.06132181]] 
Episode: 852: [[ 0.199216    0.13792507 -0.41402784 -0.17669417  0.01890773  0.
  -0.06136975  0.          0.00317181  0.06238899]
 [ 0.19863786  0.26394567 -0.44544533 -0.16595812  0.09780744  0.
  -0.06876051  0.         -0.01725222  0.07370249]
 [ 0.34087178  0.46177754 -0.4776208  -0.09639185  0.12731671  0.
  -0.0122847   0.         -0.03533321  0.05339119]
 [ 0.5665781   0.59196836 -0.49136227  0.07664783  0.11929681  0.
   0.06341137  0.         -0.04325048  0.0176844 ]
 [ 0.3879862   0.26590046 -0.3601542   0.04537997  0.07306239  0.
  -0.02893573  0.         -0.0089737   0.06152349]] 
Episode: 853: [[ 0.19928482  0.1380662  -0.41408557 -0.17697687  0.01882993  0.
  -0.06121404  0.          0.00317181  0.06262558]
 [ 0.19869535  0.2640809  -0.44549805 -0.1662294   0.09773757  0.
  -0.06861269  0.         -0.01725222  0.07392775]
 [ 0.3409457   0.46196973 -0.47767282 -0.09664129  0.12717502  0.
  -0.01207809  0.         -0.03533321  0.05366749]
 [ 0.566679    0.5921938  -0.4914132   0.0764503   0.11907242  0.
   0.06364162  0.         -0.04325048  0.01795381]
 [ 0.3879913   0.2660853  -0.36021397  0.04507977  0.07296025  0.
  -0.02875681  0.         -0.0089737   0.06178612]] 
Episode: 854: [[ 0.19936177  0.13822794 -0.41415727 -0.17721847  0.01876493  0.
  -0.06101574  0.          0.00317181  0.06285529]
 [ 0.19876036  0.26423568 -0.4455639  -0.1664617   0.09768024  0.
  -0.06842218  0.         -0.01725222  0.07414663]
 [ 0.34103692  0.4621788  -0.47774112 -0.096848    0.12704413  0.
  -0.01183685  0.         -0.03533321  0.05393604]
 [ 0.56681293  0.592434   -0.49148253  0.07629488  0.11885867  0.
   0.06390257  0.         -0.04325048  0.01821413]
 [ 0.38801357  0.26629382 -0.3602914   0.04482509  0.07287132  0.
  -0.02853854  0.         -0.0089737   0.06203758]] 
Episode: 855: [[ 0.1994944   0.13835086 -0.41430146 -0.17737296  0.0188387   0.
  -0.06089551  0.          0.00317181  0.06307136]
 [ 0.19888128  0.2643512  -0.44570017 -0.16660866  0.09775674  0.
  -0.06830825  0.         -0.01725222  0.07435293]
 [ 0.3411867   0.46234995 -0.47787768 -0.09696991  0.12706372  0.
  -0.01167508  0.         -0.03533321  0.05418882]
 [ 0.5670056   0.5926469  -0.49161342  0.0762185   0.11880896  0.
   0.06408365  0.         -0.04325048  0.01845853]
 [ 0.38810074  0.26645613 -0.3604514   0.04466527  0.07293063  0.
  -0.02839942  0.         -0.0089737   0.06227591]] 
Episode: 856: [[ 0.19957903  0.13842337 -0.4144711  -0.17764568  0.01887408  0.
  -0.06072917  0.          0.00317181  0.06322544]
 [ 0.19895056  0.26441696 -0.4458587  -0.16687167  0.09779757  0.
  -0.06814828  0.         -0.01725222  0.074494  ]
 [ 0.34129643  0.4624704  -0.47805208 -0.0972202   0.1270292   0.
  -0.01147422  0.         -0.03533321  0.05440162]
 [ 0.5671794   0.59281605 -0.4917927   0.0760036   0.11869863  0.
   0.06430034  0.         -0.04325048  0.01869753]
 [ 0.38812828  0.26656175 -0.3606408   0.04437337  0.07294918  0.
  -0.028217    0.         -0.0089737   0.06244984]] 
Episode: 857: [[ 0.19965018  0.13848726 -0.41462904 -0.17790611  0.01894983  0.
  -0.06060726  0.          0.00317181  0.06336031]
 [ 0.19900706  0.26447457 -0.44600603 -0.16712315  0.0978775   0.
  -0.06803515  0.         -0.01725222  0.07461452]
 [ 0.34138778  0.46257833 -0.47821632 -0.09746106  0.12704638  0.
  -0.0113088   0.         -0.03533321  0.05460344]
 [ 0.5673282   0.59296995 -0.49196315  0.07579444  0.11864779  0.
   0.06451242  0.         -0.04325048  0.018942  ]
 [ 0.3881398   0.26665565 -0.3608172   0.04409358  0.07301563  0.
  -0.02807891  0.         -0.0089737   0.0626008 ]] 
Episode: 858: [[ 0.19969536  0.13850936 -0.41471902 -0.17828314  0.0189741   0.
  -0.06043939  0.          0.00317181  0.0634891 ]
 [ 0.19903731  0.26449183 -0.44608834 -0.16748752  0.09790861  0.
  -0.06787588  0.         -0.01725222  0.07472952]
 [ 0.34146324  0.46265227 -0.47830966 -0.09784578  0.1270123   0.
  -0.01110462  0.         -0.03533321  0.05480942]
 [ 0.56747466  0.5931025  -0.4920646   0.07544948  0.11854225  0.
   0.06475704  0.         -0.04325048  0.01920465]
 [ 0.38812864  0.26670232 -0.36091402  0.04367901  0.07302868  0.
  -0.02789739  0.         -0.0089737   0.06275063]] 
Episode: 859: [[ 0.19977121  0.13858111 -0.41484752 -0.17856967  0.01905373  0.
  -0.06034652  0.          0.00317181  0.06359603]
 [ 0.19909838  0.26455578 -0.44620833 -0.16776377  0.09799132  0.
  -0.06779004  0.         -0.01725222  0.07482353]
 [ 0.34157184  0.46277687 -0.478441   -0.09813413  0.12704249  0.
  -0.01097621  0.         -0.03533321  0.05497902]
 [ 0.56765485  0.5932878  -0.4922006   0.07520021  0.11851928  0.
   0.06492341  0.         -0.04325048  0.01941817]
 [ 0.38815552  0.26680657 -0.36105585  0.04336508  0.07309984  0.
  -0.02779132  0.         -0.0089737   0.06287336]] 
Episode: 860: [[ 0.19987033  0.1386782  -0.41503012 -0.17878346  0.01919557  0.
  -0.06032111  0.          0.00317181  0.0637043 ]
 [ 0.1991827   0.2646446  -0.44638118 -0.16796882  0.09813246  0.
  -0.06777027  0.         -0.01725222  0.07492075]
 [ 0.34169585  0.4629226  -0.47862434 -0.09834808  0.12713982  0.
  -0.01091598  0.         -0.03533321  0.05513623]
 [ 0.5678356   0.5934896  -0.49238464  0.07502168  0.11857419  0.
   0.06501935  0.         -0.04325048  0.01960254]
 [ 0.38819703  0.2669398  -0.36126164  0.04313067  0.07323506  0.
  -0.02775313  0.         -0.0089737   0.06299533]] 
Episode: 861: [[ 0.19998573  0.13878964 -0.41522884 -0.17894192  0.01932915  0.
  -0.06035638  0.          0.00317181  0.06381252]
 [ 0.19928381  0.264747   -0.4465699  -0.16811986  0.0982639   0.
  -0.06780991  0.         -0.01725222  0.07501994]
 [ 0.3418341   0.46308547 -0.4788216  -0.09850373  0.12723087  0.
  -0.01091709  0.         -0.03533321  0.05528162]
 [ 0.56803143  0.5937105  -0.49257913  0.07490029  0.11863112  0.
   0.06505194  0.         -0.04325048  0.01975905]
 [ 0.38825718  0.2670892  -0.36148494  0.04295869  0.07335601  0.
  -0.02777598  0.         -0.0089737   0.06311546]] 
Episode: 862: [[ 0.20009913  0.13889882 -0.41542992 -0.17906198  0.01944982  0.
  -0.06044623  0.          0.00317181  0.06388941]
 [ 0.19938354  0.2648465  -0.44676024 -0.16823459  0.09838222  0.
  -0.067903    0.         -0.01725222  0.07508968]
 [ 0.34197578  0.46325234 -0.47903058 -0.09861195  0.12731278  0.
  -0.01097338  0.         -0.03533321  0.0553783 ]
 [ 0.56823665  0.593942   -0.49279523  0.07483109  0.11869111  0.
   0.06502753  0.         -0.04325048  0.01984938]
 [ 0.38832495  0.26723683 -0.36171505  0.04283023  0.07346511  0.
  -0.02785376  0.         -0.0089737   0.06319888]] 
Episode: 863: [[ 0.20022868  0.13902807 -0.41566002 -0.17912102  0.01958998  0.
  -0.06058517  0.          0.00317181  0.06392867]
 [ 0.19949998  0.26496506 -0.44697872 -0.16829064  0.09851853  0.
  -0.06804416  0.         -0.01725222  0.07512233]
 [ 0.34214216  0.4634432  -0.47927523 -0.09864808  0.12742427  0.
  -0.0110793   0.         -0.03533321  0.05542664]
 [ 0.56847787  0.5942006  -0.49305394  0.07484183  0.11879828  0.
   0.06495181  0.         -0.04325048  0.01988371]
 [ 0.38842347  0.26740795 -0.36198384  0.04277095  0.07359771  0.
  -0.02798093  0.         -0.0089737   0.06323818]] 
Episode: 864: [[ 0.20033309  0.1391568  -0.41591296 -0.1792372   0.01972315  0.
  -0.06065209  0.          0.00317181  0.06392685]
 [ 0.1995904   0.26508233 -0.44721833 -0.16840309  0.098648    0.
  -0.06811379  0.         -0.01725222  0.07511581]
 [ 0.34229106  0.46363872 -0.47955826 -0.09874911  0.12753047  0.
  -0.01111935  0.         -0.03533321  0.05541867]
 [ 0.56871414  0.59447336 -0.4933664   0.07477696  0.11891367  0.
   0.06493741  0.         -0.04325048  0.01985105]
 [ 0.38849753  0.2675813  -0.3622845   0.04264682  0.07372751  0.
  -0.02803817  0.         -0.0089737   0.06323116]] 
Episode: 865: [[ 0.20048304  0.13937317 -0.41626778 -0.17928123  0.0198488   0.
  -0.06077037  0.          0.00317181  0.06392144]
 [ 0.19972557  0.26528427 -0.44755802 -0.16844472  0.09876782  0.
  -0.0682338   0.         -0.01725222  0.07510523]
 [ 0.3424857   0.46392545 -0.4799411  -0.09877342  0.12761515  0.
  -0.01121065  0.         -0.03533321  0.05540133]
 [ 0.56898576  0.594837   -0.49376842  0.07478934  0.11901277  0.
   0.06487073  0.         -0.04325048  0.01981105]
 [ 0.38861683  0.26785856 -0.3627011   0.04260248  0.073833    0.
  -0.02814684  0.         -0.0089737   0.06321967]] 
Episode: 866: [[ 0.20062289  0.13958356 -0.41663927 -0.17930515  0.01995993  0.
  -0.06093483  0.          0.00317181  0.06391802]
 [ 0.19985093  0.26548028 -0.44791394 -0.16846716  0.0988725   0.
  -0.06839915  0.         -0.01725222  0.07509745]
 [ 0.34266895  0.4642057  -0.4803433  -0.09877422  0.12768729  0.
  -0.01134805  0.         -0.03533321  0.05538083]
 [ 0.56924564  0.59519565 -0.4941916   0.07482618  0.11910835  0.
   0.064757    0.         -0.04325048  0.01976189]
 [ 0.3887277   0.26812822 -0.3631392   0.04258083  0.07392356  0.
  -0.02830176  0.         -0.0089737   0.06320989]] 
Episode: 867: [[ 0.20078993  0.13982567 -0.4170492  -0.17925864  0.02012237  0.
  -0.06114083  0.          0.00317181  0.06387748]
 [ 0.2000037   0.26570806 -0.44830784 -0.16842017  0.09902611  0.
  -0.06860526  0.         -0.01725222  0.07505278]
 [ 0.342881    0.4645197  -0.48078203 -0.09870038  0.12781394  0.
  -0.01152692  0.         -0.03533321  0.05531181]
 [ 0.56953573  0.5955844  -0.49464825  0.07493829  0.11925783  0.
   0.06460096  0.         -0.04325048  0.01965293]
 [ 0.38886935  0.26843378 -0.3636214   0.04263776  0.07406505  0.
  -0.02849829  0.         -0.0089737   0.0631541 ]] 
Episode: 868: [[ 0.2009006   0.14006278 -0.41731772 -0.17937519  0.02033294  0.
  -0.06126816  0.          0.00317181  0.06385459]
 [ 0.20009917  0.2659329  -0.44856492 -0.16853361  0.09923393  0.
  -0.06873338  0.         -0.01725222  0.07502395]
 [ 0.3430463   0.46481183 -0.48106834 -0.09881758  0.12796289  0.
  -0.01163265  0.         -0.03533321  0.0553024 ]
 [ 0.56979614  0.59592795 -0.49494815  0.07488194  0.11936429  0.
   0.06451424  0.         -0.04325048  0.01963378]
 [ 0.38894483  0.26873007 -0.3639327   0.04250849  0.07426688  0.
  -0.028618    0.         -0.0089737   0.06312679]] 
Episode: 869: [[ 0.20100912  0.1402883  -0.41756812 -0.17946543  0.02051087  0.
  -0.06141674  0.          0.00317181  0.06381641]
 [ 0.20019364  0.26614586 -0.44880456 -0.1686217   0.09940893  0.
  -0.06888282  0.         -0.01725222  0.07498047]
 [ 0.34320983  0.46509647 -0.4813368  -0.09890193  0.12808232  0.
  -0.01177671  0.         -0.03533321  0.05526824]
 [ 0.570056    0.59626865 -0.49523106  0.07485949  0.11944669  0.
   0.06438251  0.         -0.04325048  0.01958154]
 [ 0.38902572  0.26901266 -0.36422402  0.04240969  0.07443453  0.
  -0.02876345  0.         -0.0089737   0.06308112]] 
Episode: 870: [[ 0.20110379  0.14051403 -0.41783053 -0.17955102  0.02070186  0.
  -0.06156511  0.          0.00317181  0.06376895]
 [ 0.20027411  0.26635936 -0.4490561  -0.16870576  0.09959654  0.
  -0.0690338   0.         -0.01725222  0.07492767]
 [ 0.34335718  0.46538284 -0.4816184  -0.0989792   0.12822288  0.
  -0.01189938  0.         -0.03533321  0.05522127]
 [ 0.5702963   0.59661376 -0.49552637  0.07484007  0.11956367  0.
   0.06429762  0.         -0.04325048  0.01951583]
 [ 0.38909164  0.2692967  -0.36452922  0.04231606  0.07462008  0.
  -0.02890334  0.         -0.0089737   0.06302352]] 
Episode: 871: [[ 0.20118302  0.14073728 -0.41808245 -0.1796407   0.02086498  0.
  -0.0617143   0.          0.00317181  0.06372391]
 [ 0.2003398   0.26657024 -0.44929755 -0.16879413  0.09975617  0.
  -0.06918666  0.         -0.01725222  0.07487793]
 [ 0.34348515  0.46567336 -0.48189092 -0.09905887  0.12833884  0.
  -0.01201503  0.         -0.03533321  0.05517426]
 [ 0.570515    0.59696805 -0.49581409  0.0748158   0.11965967  0.
   0.06423439  0.         -0.04325048  0.01944673]
 [ 0.3891426   0.26957902 -0.36482304  0.04221923  0.0747756   0.
  -0.02904229  0.         -0.0089737   0.06296795]] 
Episode: 872: [[ 0.20124902  0.1409862  -0.41830269 -0.17972218  0.02100751  0.
  -0.06187497  0.          0.00317181  0.06370258]
 [ 0.20039296  0.266807   -0.44950822 -0.16887456  0.09989528  0.
  -0.06935289  0.         -0.01725222  0.07485181]
 [ 0.3435959   0.4659823  -0.48213023 -0.0991298   0.1284341   0.
  -0.01213354  0.         -0.03533321  0.05515503]
 [ 0.57071304  0.59732956 -0.4960686   0.07479696  0.11973155  0.
   0.0641855   0.         -0.04325048  0.01940902]
 [ 0.38917994  0.26988968 -0.36508045  0.04213214  0.07490972  0.
  -0.02919179  0.         -0.0089737   0.06293751]] 
Episode: 873: [[ 0.20130026  0.14121598 -0.4185329  -0.17983036  0.02110359  0.
  -0.06207767  0.          0.00317181  0.06366855]
 [ 0.20043148  0.26702452 -0.4497282  -0.16898176  0.0999879   0.
  -0.06955991  0.         -0.01725222  0.07481534]
 [ 0.34369096  0.4662928  -0.48239195 -0.09923021  0.12848353  0.
  -0.01229554  0.         -0.03533321  0.05510293]
 [ 0.5708958   0.5977158  -0.49635878  0.07474133  0.11976801  0.
   0.0640877   0.         -0.04325048  0.01931567]
 [ 0.38920158  0.27018178 -0.36535504  0.04201461  0.07499246  0.
  -0.02938357  0.         -0.0089737   0.0628916 ]] 
Episode: 874: [[ 0.20133707  0.14141573 -0.41881025 -0.1799427   0.02119599  0.
  -0.06226796  0.          0.00317181  0.0636845 ]
 [ 0.20045462  0.26721436 -0.4499947  -0.16909327  0.10007682  0.
  -0.06975739  0.         -0.01725222  0.07483009]
 [ 0.34376287  0.46656534 -0.4827015  -0.09933563  0.12852551  0.
  -0.0124006   0.         -0.03533321  0.05511963]
 [ 0.5710413   0.59805995 -0.49669093  0.07467611  0.11979881  0.
   0.06405349  0.         -0.04325048  0.01930874]
 [ 0.38919437  0.27044085 -0.36568204  0.04189136  0.07506867  0.
  -0.02955429  0.         -0.0089737   0.0629062 ]] 
Episode: 875: [[ 0.20137224  0.14162096 -0.4190698  -0.18006988  0.02129191  0.
  -0.06249735  0.          0.00317181  0.06363609]
 [ 0.20047657  0.2674092  -0.4502441  -0.16921978  0.10016938  0.
  -0.06999256  0.         -0.01725222  0.07478087]
 [ 0.34383562  0.46685547 -0.48299274 -0.09945805  0.12857388  0.
  -0.0125505   0.         -0.03533321  0.05504922]
 [ 0.57118803  0.59842867 -0.49700648  0.07458807  0.11983421  0.
   0.06396892  0.         -0.04325048  0.01922374]
 [ 0.38918793  0.2707072  -0.36598903  0.04175127  0.07514971  0.
  -0.0297652   0.         -0.0089737   0.06284568]] 
Episode: 876: [[ 0.20139045  0.14181699 -0.41930583 -0.1802229   0.02137913  0.
  -0.06272754  0.          0.00317181  0.06356509]
 [ 0.2004817   0.26759478 -0.45047027 -0.16937225  0.10025413  0.
  -0.07022943  0.         -0.01725222  0.07470984]
 [ 0.34389308  0.46714666 -0.48326552 -0.09960879  0.12860914  0.
  -0.01270485  0.         -0.03533321  0.05493387]
 [ 0.5713243   0.59880924 -0.49731016  0.07446682  0.11985176  0.
   0.06388249  0.         -0.04325048  0.0190693 ]
 [ 0.3891636   0.27096447 -0.36626974  0.04158212  0.07522117  0.
  -0.02997927  0.         -0.0089737   0.06275585]] 
Episode: 877: [[ 0.20141223  0.1420131  -0.41956055 -0.18034156  0.0214423   0.
  -0.06299284  0.          0.00317181  0.06349386]
 [ 0.20049082  0.26777956 -0.45071483 -0.16949107  0.10031413  0.
  -0.07050008  0.         -0.01725222  0.07463946]
 [ 0.34395665  0.46744636 -0.48356092 -0.09971495  0.12862463  0.
  -0.01289912  0.         -0.03533321  0.05480467]
 [ 0.57147366  0.5992096  -0.49763915  0.07439759  0.11986396  0.
   0.06375089  0.         -0.04325048  0.01888307]
 [ 0.38914955  0.2712233  -0.3665742   0.04145395  0.075266    0.
  -0.0302292   0.         -0.0089737   0.06266262]] 
Episode: 878: [[ 0.20143533  0.14220026 -0.4198107  -0.18043754  0.02149186  0.
  -0.06322367  0.          0.00317181  0.06342177]
 [ 0.20050181  0.26795536 -0.45095524 -0.1695876   0.10036062  0.
  -0.070736    0.         -0.01725222  0.07456815]
 [ 0.34402382  0.4677409  -0.48385164 -0.0997925   0.12863016  0.
  -0.01304728  0.         -0.03533321  0.05467243]
 [ 0.5716315   0.5996089  -0.4979638   0.07435981  0.11987051  0.
   0.06368004  0.         -0.04325048  0.01868955]
 [ 0.38914222  0.27147204 -0.36687472  0.04135258  0.07529804  0.
  -0.03043892  0.         -0.0089737   0.0625679 ]] 
Episode: 879: [[ 0.20144095  0.14238377 -0.4199966  -0.18055749  0.02156503  0.
  -0.06337312  0.          0.00317181  0.06340549]
 [ 0.2004957   0.26812834 -0.4511325  -0.16970825  0.10043133  0.
  -0.07089073  0.         -0.01725222  0.074554  ]
 [ 0.34407565  0.46802607 -0.48407495 -0.09989639  0.12866805  0.
  -0.01312518  0.         -0.03533321  0.05461022]
 [ 0.5717811   0.59998906 -0.49822256  0.07429381  0.11989983  0.
   0.06367011  0.         -0.04325048  0.01857208]
 [ 0.38911733  0.27171296 -0.3670997   0.04122424  0.07536111  0.
  -0.03057027  0.         -0.0089737   0.0625366 ]] 
Episode: 880: [[ 0.2014698   0.14257963 -0.420208   -0.1806257   0.02164556  0.
  -0.0635658   0.          0.00317181  0.06337307]
 [ 0.20051305  0.26831305 -0.45133504 -0.16977747  0.10050809  0.
  -0.07108748  0.         -0.01725222  0.0745233 ]
 [ 0.34415385  0.46832177 -0.48432297 -0.09994128  0.12871628  0.
  -0.01325069  0.         -0.03533321  0.05452379]
 [ 0.57196057  0.60037917 -0.49850374  0.07429109  0.11994849  0.
   0.06360736  0.         -0.04325048  0.01842179]
 [ 0.3891222   0.27196744 -0.36735424  0.04115506  0.07542866  0.
  -0.03074579  0.         -0.0089737   0.06248415]] 
Episode: 881: [[ 0.20151615  0.14280024 -0.4204432  -0.18066318  0.02171179  0.
  -0.06379735  0.          0.00317181  0.06331843]
 [ 0.20054846  0.26852232 -0.45156118 -0.16981605  0.10056975  0.
  -0.07132202  0.         -0.01725222  0.07446927]
 [ 0.34424964  0.46864083 -0.4845951  -0.09995199  0.12874886  0.
  -0.01341901  0.         -0.03533321  0.05441209]
 [ 0.5721557   0.6007904  -0.49880803  0.07432364  0.11998789  0.
   0.06349708  0.         -0.04325048  0.01824355]
 [ 0.38914973  0.27225068 -0.367638    0.04112093  0.07547853  0.
  -0.03096102  0.         -0.0089737   0.06240625]] 
Episode: 882: [[ 0.20155281  0.14303057 -0.42065644 -0.18072394  0.02178516  0.
  -0.06395112  0.          0.00317181  0.06325442]
 [ 0.20057449  0.2687419  -0.45176598 -0.169878    0.10063908  0.
  -0.07147799  0.         -0.01725222  0.07440379]
 [ 0.34433532  0.46896744 -0.48484534 -0.09998827  0.12879035  0.
  -0.01351509  0.         -0.03533321  0.05431114]
 [ 0.5723398   0.60120296 -0.49909124  0.07432672  0.12003368  0.
   0.06345165  0.         -0.04325048  0.01810201]
 [ 0.3891672   0.27254492 -0.36789602  0.0410605   0.07553904  0.
  -0.03109738  0.         -0.0089737   0.06232091]] 
Episode: 883: [[ 0.20158947  0.14320801 -0.42085013 -0.18079296  0.02184348  0.
  -0.06409269  0.          0.00317181  0.0631861 ]
 [ 0.20060122  0.26890942 -0.45195177 -0.16994804  0.10069416  0.
  -0.071622    0.         -0.01725222  0.07433482]
 [ 0.3444186   0.46924135 -0.48507458 -0.10003788  0.1288143   0.
  -0.01359615  0.         -0.03533321  0.05420013]
 [ 0.5725169   0.6015661  -0.4993523   0.07431041  0.12005343  0.
   0.06343003  0.         -0.04325048  0.0179417 ]
 [ 0.38918582  0.27277592 -0.36813003  0.04098974  0.07558265  0.
  -0.0312186   0.         -0.0089737   0.06223033]] 
Episode: 884: [[ 0.20158868  0.14339167 -0.42098814 -0.18095471  0.02192022  0.
  -0.06427828  0.          0.00317181  0.06312332]
 [ 0.20059071  0.2690833  -0.4520842  -0.17011018  0.10076746  0.
  -0.0718091   0.         -0.01725222  0.0742716 ]
 [ 0.3444499   0.46952158 -0.4852301  -0.10019988  0.12886646  0.
  -0.0137245   0.         -0.03533321  0.05410784]
 [ 0.5726339   0.60193145 -0.49952912  0.07416855  0.12009631  0.
   0.06335674  0.         -0.04325048  0.01781671]
 [ 0.3891496   0.2730134  -0.3682972   0.04081191  0.07565238  0.
  -0.03138499  0.         -0.0089737   0.06214516]] 
Episode: 885: [[ 0.20159549  0.14355277 -0.42113557 -0.18108845  0.02198103  0.
  -0.06441777  0.          0.00317181  0.06309617]
 [ 0.20058785  0.2692351  -0.45222598 -0.17024443  0.10082487  0.
  -0.07195003  0.         -0.01725222  0.07424412]
 [ 0.34449068  0.46977246 -0.4853953  -0.10033002  0.12889774  0.
  -0.01378459  0.         -0.03533321  0.05405845]
 [ 0.5727594   0.6022639  -0.49971363  0.07405934  0.12011755  0.
   0.06334462  0.         -0.04325048  0.01774053]
 [ 0.3891241   0.27322286 -0.36847445  0.04066597  0.07570172  0.
  -0.03149478  0.         -0.0089737   0.0621006 ]] 
Episode: 886: [[ 0.20160057  0.14372607 -0.4213219  -0.18121402  0.02201101  0.
  -0.06452485  0.          0.00317181  0.06307925]
 [ 0.20058246  0.26939878 -0.45240632 -0.1703707   0.10085104  0.
  -0.07205807  0.         -0.01725222  0.07422698]
 [ 0.34452862  0.47003403 -0.48560068 -0.10044955  0.12888958  0.
  -0.01379021  0.         -0.03533321  0.05402341]
 [ 0.5728814   0.6026089  -0.49993545  0.07396153  0.12010149  0.
   0.06338753  0.         -0.04325048  0.01767946]
 [ 0.38909426  0.2734479  -0.36869645  0.04052944  0.07571112  0.
  -0.03156311  0.         -0.0089737   0.06206848]] 
Episode: 887: [[ 0.20161848  0.1438907  -0.4214905  -0.18131837  0.02206146  0.
  -0.06467947  0.          0.00317181  0.06306446]
 [ 0.20059045  0.26955447 -0.45256898 -0.1704756   0.10089771  0.
  -0.07221287  0.         -0.01725222  0.07421245]
 [ 0.34457394  0.47028103 -0.48578516 -0.10054785  0.12890206  0.
  -0.01385066  0.         -0.03533321  0.05398744]
 [ 0.5730021   0.60293335 -0.50013417  0.07388324  0.1201022   0.
   0.06337233  0.         -0.04325048  0.01761089]
 [ 0.38907218  0.27366167 -0.36889544  0.04041688  0.07574272  0.
  -0.03168195  0.         -0.0089737   0.0620373 ]] 
Episode: 888: [[ 0.20163578  0.1440234  -0.42167982 -0.18141341  0.02206831  0.
  -0.06483832  0.          0.00317181  0.06303678]
 [ 0.20059793  0.26967916 -0.452752   -0.17057173  0.10090109  0.
  -0.07237254  0.         -0.01725222  0.07418551]
 [ 0.3446256   0.4705049  -0.4859984  -0.10062968  0.12887342  0.
  -0.01392475  0.         -0.03533321  0.05393061]
 [ 0.57313895  0.60325015 -0.5003694   0.07382773  0.1200768   0.
   0.06333809  0.         -0.04325048  0.01751284]
 [ 0.38905692  0.2738412  -0.36912227  0.04031573  0.07572861  0.
  -0.03180902  0.         -0.0089737   0.06199078]] 
Episode: 889: [[ 0.20165093  0.14414258 -0.42184296 -0.18151213  0.02207166  0.
  -0.06492294  0.          0.00317181  0.06299663]
 [ 0.20060402  0.2697915  -0.4529096  -0.17067134  0.10090194  0.
  -0.07245859  0.         -0.01725222  0.07414568]
 [ 0.34467772  0.47071317 -0.48618317 -0.10071729  0.12884007  0.
  -0.01393599  0.         -0.03533321  0.05386447]
 [ 0.5732785   0.60354656 -0.5005746   0.07376312  0.12003792  0.
   0.06336112  0.         -0.04325048  0.01741036]
 [ 0.38904536  0.27400422 -0.3693178   0.04021061  0.07571165  0.
  -0.03186596  0.         -0.0089737   0.06193268]] 
Episode: 890: [[ 0.20167197  0.14428028 -0.42199314 -0.18160634  0.02211199  0.
  -0.06494079  0.          0.00317181  0.063011  ]
 [ 0.20061642  0.26992264 -0.4530546  -0.1707664   0.1009407   0.
  -0.07247841  0.         -0.01725222  0.07416105]
 [ 0.34473133  0.47093016 -0.48635224 -0.10079962  0.12884496  0.
  -0.01389069  0.         -0.03533321  0.05385977]
 [ 0.5734138   0.6038396  -0.5007616   0.07370343  0.12003096  0.
   0.06343567  0.         -0.04325048  0.01736938]
 [ 0.389035    0.27418748 -0.36949718  0.04011176  0.07573817  0.
  -0.03185982  0.         -0.0089737   0.06193798]] 
Episode: 891: [[ 0.20170167  0.14443047 -0.4221401  -0.18167683  0.02214819  0.
  -0.06501511  0.          0.00317181  0.0630554 ]
 [ 0.20063798  0.27006626 -0.4531968  -0.1708378   0.10097484  0.
  -0.07255382  0.         -0.01725222  0.07420548]
 [ 0.3447906   0.47115695 -0.4865158  -0.10085692  0.12884632  0.
  -0.01390533  0.         -0.03533321  0.05389456]
 [ 0.5735446   0.6041346  -0.5009399   0.07366853  0.12001874  0.
   0.06344893  0.         -0.04325048  0.01737893]
 [ 0.38903126  0.27438208 -0.36967102  0.04003859  0.07575677  0.
  -0.03191166  0.         -0.0089737   0.06197855]] 
Episode: 892: [[ 0.20173447  0.14456707 -0.42227364 -0.18173498  0.02217388  0.
  -0.0650295   0.          0.00317181  0.0630857 ]
 [ 0.20066352  0.27019677 -0.45332593 -0.17089686  0.1009989   0.
  -0.07256763  0.         -0.01725222  0.07423525]
 [ 0.34485242  0.47137102 -0.48666573 -0.10090059  0.12883799  0.
  -0.01386311  0.         -0.03533321  0.0539184 ]
 [ 0.5736734   0.6044177  -0.50110483  0.07364724  0.11999521  0.
   0.06351468  0.         -0.04325048  0.01738366]
 [ 0.38903645  0.2745614  -0.36982936  0.03997922  0.07576536  0.
  -0.03190095  0.         -0.0089737   0.06200535]] 
Episode: 893: [[ 0.20166339  0.14471397 -0.42228383 -0.18201551  0.02218173  0.
  -0.0649842   0.          0.00317181  0.06308133]
 [ 0.20058277  0.27033994 -0.45333472 -0.1711676   0.10100686  0.
  -0.0725225   0.         -0.01725222  0.07422782]
 [ 0.3447942   0.47158682 -0.4866625  -0.1011226   0.12881592  0.
  -0.01376973  0.         -0.03533321  0.0539702 ]
 [ 0.57367146  0.60468954 -0.5010878   0.0734714   0.11993771  0.
   0.06362766  0.         -0.04325048  0.01746704]
 [ 0.38890043  0.27475223 -0.36982754  0.03970724  0.07575083  0.
  -0.031834    0.         -0.0089737   0.06201487]] 
Episode: 894: [[ 0.20160574  0.14483973 -0.42232493 -0.18225516  0.02216499  0.
  -0.06493298  0.          0.00317181  0.06306446]
 [ 0.2005161   0.27046183 -0.45337382 -0.17139852  0.10098965  0.
  -0.07247071  0.         -0.01725222  0.07420852]
 [ 0.34475347  0.47178277 -0.48669916 -0.10130546  0.12877114  0.
  -0.01366787  0.         -0.03533321  0.05399538]
 [ 0.57369316  0.60494864 -0.5011201   0.07333321  0.11987167  0.
   0.06375225  0.         -0.04325048  0.01750929]
 [ 0.3887879   0.27491808 -0.36986697  0.03947737  0.075711    0.
  -0.03175875  0.         -0.0089737   0.06200764]] 
Episode: 895: [[ 0.20153531  0.14495967 -0.42231748 -0.18257661  0.02216747  0.
  -0.06494516  0.          0.00317181  0.06308439]
 [ 0.20043683  0.27058002 -0.45336556 -0.17171174  0.10099342  0.
  -0.07248171  0.         -0.01725222  0.07422639]
 [ 0.3446915   0.47197005 -0.48667952 -0.10161521  0.12872304  0.
  -0.01363163  0.         -0.03533321  0.05408345]
 [ 0.5736619   0.6051906  -0.5010863   0.073054    0.11975729  0.
   0.06381053  0.         -0.04325048  0.01762633]
 [ 0.38864797  0.27507803 -0.3698466   0.03914211  0.07569341  0.
  -0.0317484   0.         -0.0089737   0.06205264]] 
Episode: 896: [[ 0.20143999  0.14508146 -0.42226627 -0.1829636   0.02217958  0.
  -0.06490324  0.          0.00317181  0.0630989 ]
 [ 0.20033222  0.27070072 -0.45331421 -0.17209135  0.10100769  0.
  -0.07243668  0.         -0.01725222  0.07424083]
 [ 0.34460777  0.472163   -0.48661146 -0.10201     0.12868644  0.
  -0.01354361  0.         -0.03533321  0.05413714]
 [ 0.5736232   0.60544133 -0.501001    0.07267033  0.11964789  0.
   0.0639168   0.         -0.04325048  0.01767519]
 [ 0.38848093  0.27524188 -0.3697728   0.03872937  0.07568975  0.
  -0.03168174  0.         -0.0089737   0.06208791]] 
Episode: 897: [[ 0.20135014  0.14522532 -0.42223755 -0.1833121   0.02225003  0.
  -0.06492376  0.          0.00317181  0.06314609]
 [ 0.20023294  0.2708427  -0.45328507 -0.17243324  0.10107983  0.
  -0.07245374  0.         -0.01725222  0.07428836]
 [ 0.34452936  0.47237307 -0.48656732 -0.10236386  0.12871522  0.
  -0.01351981  0.         -0.03533321  0.05422335]
 [ 0.57359296  0.6057049  -0.5009413   0.0723296   0.11961246  0.
   0.06395862  0.         -0.04325048  0.01775628]
 [ 0.3883202   0.27543133 -0.36972708  0.03835815  0.07575397  0.
  -0.03167909  0.         -0.0089737   0.06215555]] 
Episode: 898: [[ 0.20128919  0.1453492  -0.42221975 -0.18361166  0.02234467  0.
  -0.06498173  0.          0.00317181  0.06321701]
 [ 0.20016338  0.27096492 -0.45326656 -0.17272674  0.10117622  0.
  -0.07251102  0.         -0.01725222  0.07435996]
 [ 0.34447995  0.47255653 -0.48653463 -0.10266725  0.12877017  0.
  -0.0135317   0.         -0.03533321  0.05433125]
 [ 0.5735876   0.6059402  -0.50089365  0.07203859  0.11960814  0.
   0.06397805  0.         -0.04325048  0.01785788]
 [ 0.3881932   0.2755962  -0.36969456  0.03803976  0.07584649  0.
  -0.03171632  0.         -0.0089737   0.06224714]] 
Episode: 899: [[ 0.20114718  0.14527348 -0.42206958 -0.18410154  0.02233721  0.
  -0.06497563  0.          0.00317181  0.06326523]
 [ 0.20001148  0.27088857 -0.453117   -0.1732015   0.10117412  0.
  -0.07250499  0.         -0.01725222  0.07441073]
 [ 0.34434327  0.47254878 -0.48634285 -0.10311737  0.12867357  0.
  -0.013487    0.         -0.03533321  0.05444896]
 [ 0.5734866   0.60599405 -0.5006607   0.07162448  0.11935819  0.
   0.06404939  0.         -0.04325048  0.01801642]
 [ 0.38795882  0.27552944 -0.3694957   0.0375426   0.07582096  0.
  -0.03169249  0.         -0.0089737   0.06232224]] 
Episode: 900: [[ 0.20104243  0.14518552 -0.4219925  -0.18454213  0.02231877  0.
  -0.06491192  0.          0.00317181  0.06335634]
 [ 0.1998971   0.2707993  -0.45304018 -0.17362848  0.10116066  0.
  -0.07244202  0.         -0.01725222  0.07450578]
 [ 0.34423345  0.47252938 -0.4862205  -0.10352268  0.12856431  0.
  -0.01339138  0.         -0.03533321  0.05461119]
 [ 0.5733904   0.6060419  -0.5004902   0.07124841  0.11910403  0.
   0.06416745  0.         -0.04325048  0.01821755]
 [ 0.38775143  0.2754491  -0.36937612  0.03709501  0.07577474  0.
  -0.03161374  0.         -0.0089737   0.06244845]] 
Episode: 901: [[ 0.2009508   0.14510511 -0.42193386 -0.18492955  0.0222988   0.
  -0.06487101  0.          0.00317181  0.06343235]
 [ 0.1997966   0.27071714 -0.4529815  -0.1740037   0.10114498  0.
  -0.07240226  0.         -0.01725222  0.07458548]
 [ 0.34414223  0.47252232 -0.48612708 -0.10387054  0.1284624   0.
  -0.01333449  0.         -0.03533321  0.0547351 ]
 [ 0.57332027  0.606109   -0.50035906  0.07093443  0.11887613  0.
   0.06422478  0.         -0.04325048  0.01835734]
 [ 0.38757005  0.2753782  -0.3692825   0.03670407  0.07572918  0.
  -0.03156288  0.         -0.0089737   0.06255274]] 
Episode: 902: [[ 0.20081551  0.14500007 -0.42185634 -0.18548124  0.02225933  0.
  -0.06477594  0.          0.00317181  0.06346108]
 [ 0.19965091  0.2706113  -0.45290476 -0.1745458   0.10110965  0.
  -0.07230891  0.         -0.01725222  0.07461499]
 [ 0.34400487  0.4724578  -0.4860089  -0.10435884  0.12834121  0.
  -0.01322789  0.         -0.03533321  0.05484443]
 [ 0.5732133   0.6060873  -0.5001953   0.07050063  0.11862586  0.
   0.06433021  0.         -0.04325048  0.01852627]
 [ 0.387331    0.275272   -0.36916435  0.0361452   0.07566156  0.
  -0.03145977  0.         -0.0089737   0.06261013]] 
Episode: 903: [[ 0.20070657  0.14487234 -0.4218412  -0.18596779  0.02223186  0.
  -0.06474865  0.          0.00317181  0.06345094]
 [ 0.1995317   0.27048346 -0.4528892  -0.17502399  0.10108553  0.
  -0.07228249  0.         -0.01725222  0.07460548]
 [ 0.3439046   0.47236988 -0.4859643  -0.1047813   0.12824206  0.
  -0.01318737  0.         -0.03533321  0.05490229]
 [ 0.5731569   0.60604733 -0.5001153   0.07013424  0.11842213  0.
   0.06437126  0.         -0.04325048  0.01863551]
 [ 0.3871302   0.27514035 -0.36912322  0.03565371  0.07561023  0.
  -0.03142433  0.         -0.0089737   0.06262058]] 
Episode: 904: [[ 0.20063803  0.14481509 -0.42189217 -0.18636343  0.02221659  0.
  -0.06478231  0.          0.00317181  0.06342603]
 [ 0.19945338  0.27042434 -0.4529391  -0.17541178  0.10107149  0.
  -0.07231625  0.         -0.01725222  0.0745791 ]
 [ 0.3438503   0.4723574  -0.485992   -0.10511221  0.12815706  0.
  -0.01320631  0.         -0.03533321  0.05492983]
 [ 0.57315236  0.6060857  -0.5001123   0.0698598   0.11825027  0.
   0.06435436  0.         -0.04325048  0.01870268]
 [ 0.38698232  0.27509058 -0.36916345  0.03525908  0.07556999  0.
  -0.03144974  0.         -0.0089737   0.06260978]] 
Episode: 905: [[ 0.20058797  0.14472312 -0.42195836 -0.1867193   0.02213722  0.
  -0.0647544   0.          0.00317181  0.06346316]
 [ 0.1993944   0.27033135 -0.45300424 -0.17576045  0.10099415  0.
  -0.0722891   0.         -0.01725222  0.07461714]
 [ 0.3438129   0.47230768 -0.48603567 -0.10540973  0.12800117  0.
  -0.01316797  0.         -0.03533321  0.05502122]
 [ 0.573157    0.6060861  -0.5001258   0.06961255  0.11800645  0.
   0.06439298  0.         -0.04325048  0.01883119]
 [ 0.38686085  0.27499977 -0.36922222  0.03490459  0.07545432  0.
  -0.03141531  0.         -0.0089737   0.06266729]] 
Episode: 906: [[ 0.20054013  0.14465399 -0.4220202  -0.18704595  0.02206324  0.
  -0.06467434  0.          0.00317181  0.06351218]
 [ 0.19933803  0.2702613  -0.45306486 -0.17608067  0.10092188  0.
  -0.07220753  0.         -0.01725222  0.07466692]
 [ 0.3437762   0.4722773  -0.48607787 -0.10568335  0.12785414  0.
  -0.01307809  0.         -0.03533321  0.05512542]
 [ 0.57316136  0.60610044 -0.5001413   0.06938525  0.11777665  0.
   0.06448154  0.         -0.04325048  0.01897256]
 [ 0.38674587  0.27493432 -0.36927736  0.03457896  0.07534521  0.
  -0.03132707  0.         -0.0089737   0.06273615]] 
Episode: 907: [[ 0.20049527  0.14458862 -0.42208543 -0.18734637  0.0220234   0.
  -0.06465185  0.          0.00317181  0.06354999]
 [ 0.1992847   0.27019462 -0.45312864 -0.17637552  0.10088335  0.
  -0.0721861   0.         -0.01725222  0.0747055 ]
 [ 0.3437465   0.47225735 -0.48612633 -0.1059328   0.12775302  0.
  -0.01304601  0.         -0.03533321  0.05520412]
 [ 0.5731843   0.60613364 -0.5001656   0.06918187  0.11760627  0.
   0.06452162  0.         -0.04325048  0.01907251]
 [ 0.38663962  0.27487412 -0.36933672  0.03428002  0.07527602  0.
  -0.03129766  0.         -0.0089737   0.06278936]] 
Episode: 908: [[ 0.20047614  0.14453693 -0.42215613 -0.18759972  0.02207165  0.
  -0.0646898   0.          0.00317181  0.06360637]
 [ 0.19925764  0.27014154 -0.45319766 -0.17662372  0.10093274  0.
  -0.07222432  0.         -0.01725222  0.07476278]
 [ 0.34374258  0.4722478  -0.4861815  -0.10613953  0.12774718  0.
  -0.01307252  0.         -0.03533321  0.05529268]
 [ 0.57323366  0.6061726  -0.5001987   0.06901737  0.11753144  0.
   0.06450386  0.         -0.04325048  0.01917011]
 [ 0.3865606   0.27482796 -0.36940414  0.03402954  0.07530842  0.
  -0.03132845  0.         -0.0089737   0.06285976]] 
Episode: 909: [[ 0.20044376  0.1444992  -0.42220864 -0.18783712  0.02214102  0.
  -0.06468251  0.          0.00317181  0.06372765]
 [ 0.1992172   0.27010348 -0.4532486  -0.1768566   0.10100349  0.
  -0.07221573  0.         -0.01725222  0.07488637]
 [ 0.34371597  0.47224832 -0.48621988 -0.10633517  0.12776724  0.
  -0.01304101  0.         -0.03533321  0.05544653]
 [ 0.5732505   0.6062139  -0.5002178   0.06886068  0.11748186  0.
   0.06454169  0.         -0.04325048  0.01932506]
 [ 0.38645646  0.27479672 -0.36945102  0.03379338  0.07536758  0.
  -0.03130363  0.         -0.0089737   0.0630009 ]] 
Episode: 910: [[ 0.20042713  0.14449155 -0.42228404 -0.18802969  0.02219348  0.
  -0.06472068  0.          0.00317181  0.06382186]
 [ 0.19919278  0.2700948  -0.4533218  -0.17704524  0.10105675  0.
  -0.0722538   0.         -0.01725222  0.07498331]
 [ 0.34371242  0.47228792 -0.48628742 -0.10648371  0.1277718   0.
  -0.01306801  0.         -0.03533321  0.0555509 ]
 [ 0.5733001   0.60630244 -0.5002726   0.06875271  0.11742903  0.
   0.06452192  0.         -0.04325048  0.01940704]
 [ 0.3863795   0.27480143 -0.3695273   0.03360514  0.07540818  0.
  -0.03132707  0.         -0.0089737   0.06310842]] 
Episode: 911: [[ 0.20040388  0.14448844 -0.4223413  -0.1882234   0.02227394  0.
  -0.06479494  0.          0.00317181  0.0639153 ]
 [ 0.199162    0.2700905  -0.45337713 -0.17723553  0.101138    0.
  -0.07233065  0.         -0.01725222  0.07507887]
 [ 0.3437029   0.47233513 -0.48633775 -0.10664038  0.12780984  0.
  -0.01311719  0.         -0.03533321  0.055665  ]
 [ 0.5733461   0.6064024  -0.50031257  0.06863133  0.11741277  0.
   0.06450842  0.         -0.04325048  0.01951312]
 [ 0.38629985  0.27481124 -0.36958316  0.0334128   0.07548212  0.
  -0.03138929  0.         -0.0089737   0.06321668]] 
Episode: 912: [[ 0.20040427  0.14446951 -0.42241237 -0.18838002  0.02236258  0.
  -0.06491996  0.          0.00317181  0.06399968]
 [ 0.1991553   0.2700704  -0.45344594 -0.17738888  0.10122614  0.
  -0.07245731  0.         -0.01725222  0.07516591]
 [ 0.34371674  0.47236454 -0.48639998 -0.10676286  0.12786035  0.
  -0.01321682  0.         -0.03533321  0.05576264]
 [ 0.57341367  0.60648525 -0.5003619   0.06854111  0.117416    0.
   0.06444243  0.         -0.04325048  0.01959389]
 [ 0.38624778  0.274802   -0.36965212  0.03325905  0.07556122  0.
  -0.03150253  0.         -0.0089737   0.06331293]] 
Episode: 913: [[ 0.20038132  0.14441785 -0.42248297 -0.18855897  0.02248038  0.
  -0.06509063  0.          0.00317181  0.06407825]
 [ 0.19912466  0.2700177  -0.45351443 -0.17756513  0.10134314  0.
  -0.07262877  0.         -0.01725222  0.07525052]
 [ 0.34370798  0.47237396 -0.48646387 -0.106916    0.12795933  0.
  -0.01336183  0.         -0.03533321  0.0558097 ]
 [ 0.57346094  0.6065686  -0.5004165   0.06841389  0.11749123  0.
   0.0643292   0.         -0.04325048  0.01958732]
 [ 0.3861665   0.274756   -0.36972257  0.03307763  0.07567944  0.
  -0.03166167  0.         -0.0089737   0.06339729]] 
Episode: 914: [[ 0.20031014  0.14434694 -0.42253116 -0.18891585  0.02258016  0.
  -0.06518602  0.          0.00317181  0.06410381]
 [ 0.19904447  0.26994777 -0.45356068 -0.17791882  0.1014438   0.
  -0.07272556  0.         -0.01725222  0.07528081]
 [ 0.34365457  0.4723652  -0.48650673 -0.10723031  0.12804443  0.
  -0.01343697  0.         -0.03533321  0.05582347]
 [ 0.57347316  0.60663474 -0.5004533   0.06814708  0.11755458  0.
   0.06428114  0.         -0.04325048  0.01957956]
 [ 0.3860286   0.27468982 -0.36976734  0.03270604  0.07578173  0.
  -0.03174762  0.         -0.0089737   0.0634273 ]] 
Episode: 915: [[ 0.20025614  0.14427096 -0.42257038 -0.1892348   0.02264344  0.
  -0.06521369  0.          0.00317181  0.06413293]
 [ 0.19898225  0.26987332 -0.4535978  -0.17823489  0.10150827  0.
  -0.07275517  0.         -0.01725222  0.07531493]
 [ 0.34361458  0.47234786 -0.48653987 -0.10751047  0.12809032  0.
  -0.01344924  0.         -0.03533321  0.05584051]
 [ 0.57348835  0.60668695 -0.5004801   0.06790953  0.11757731  0.
   0.06429172  0.         -0.04325048  0.01957227]
 [ 0.38590962  0.2746169  -0.36980093  0.03237476  0.07584038  0.
  -0.03176774  0.         -0.0089737   0.06346016]] 
Episode: 916: [[ 0.20022345  0.1442511  -0.42264017 -0.18949047  0.02272755  0.
  -0.06529672  0.          0.00317181  0.06415778]
 [ 0.19894108  0.26985228 -0.453665   -0.17848797  0.1015914   0.
  -0.07283928  0.         -0.01725222  0.07534331]
 [ 0.34359497  0.47238824 -0.48660392 -0.10772562  0.12815902  0.
  -0.01351561  0.         -0.03533321  0.05584818]
 [ 0.57352144  0.60679865 -0.50053555  0.06773762  0.11763526  0.
   0.06424742  0.         -0.04325048  0.01954902]
 [ 0.38581285  0.27460793 -0.3698693   0.0321118   0.07591921  0.
  -0.03184305  0.         -0.0089737   0.06348723]] 
Episode: 917: [[ 0.20020327  0.14423032 -0.42270318 -0.18971854  0.02277144  0.
  -0.06531522  0.          0.00317181  0.0641854 ]
 [ 0.19891272  0.26983017 -0.4537253  -0.17871374  0.1016342   0.
  -0.07285751  0.         -0.01725222  0.07537453]
 [ 0.3435816   0.4724247  -0.4866609  -0.1079159   0.12818222  0.
  -0.01352001  0.         -0.03533321  0.05586298]
 [ 0.5735526   0.60690385 -0.5005844   0.06758761  0.11764643  0.
   0.06426137  0.         -0.04325048  0.01953224]
 [ 0.38572127  0.2745978  -0.36993     0.0318785   0.0759518   0.
  -0.03185362  0.         -0.0089737   0.06351893]] 
Episode: 918: [[ 0.20019637  0.14423935 -0.42277226 -0.18991426  0.02281582  0.
  -0.0653608   0.          0.00317181  0.06419452]
 [ 0.19889812  0.26983717 -0.45379153 -0.17890756  0.10167695  0.
  -0.07290345  0.         -0.01725222  0.07538638]
 [ 0.34358612  0.47249165 -0.48672643 -0.10807262  0.12820742  0.
  -0.01355982  0.         -0.03533321  0.05585619]
 [ 0.5736066   0.6070384  -0.5006444   0.06747167  0.11766544  0.
   0.06423196  0.         -0.04325048  0.01949157]
 [ 0.385652    0.27462244 -0.36999965  0.03167984  0.07598676  0.
  -0.0318926   0.         -0.0089737   0.06352944]] 
Episode: 919: [[ 0.2002139   0.14424683 -0.422888   -0.19006589  0.02287346  0.
  -0.06545994  0.          0.00317181  0.0642134 ]
 [ 0.19890757  0.26984218 -0.4539035  -0.17905769  0.10173231  0.
  -0.07300224  0.         -0.01725222  0.07540813]
 [ 0.3436207   0.47255734 -0.48684227 -0.1081838   0.12824497  0.
  -0.01365097  0.         -0.03533321  0.055858  ]
 [ 0.5736946   0.6071745  -0.50075674  0.06740241  0.11770287  0.
   0.06415168  0.         -0.04325048  0.01945643]
 [ 0.3856122   0.27464432 -0.37012425  0.03152738  0.076033    0.
  -0.03198488  0.         -0.0089737   0.06355052]] 
Episode: 920: [[ 0.2002197   0.14422713 -0.422998   -0.19021015  0.02294581  0.
  -0.06559104  0.          0.00317181  0.06423552]
 [ 0.1989054   0.26981914 -0.45400986 -0.17920074  0.10180259  0.
  -0.07313412  0.         -0.01725222  0.07543441]
 [ 0.3436439   0.47260645 -0.48695466 -0.10829092  0.12830317  0.
  -0.01378832  0.         -0.03533321  0.05584961]
 [ 0.57377404  0.607309   -0.5008677   0.06733461  0.11776327  0.
   0.06402563  0.         -0.04325048  0.01939288]
 [ 0.38556287  0.27463582 -0.37024316  0.03138148  0.07609949  0.
  -0.03211428  0.         -0.0089737   0.06357294]] 
Episode: 921: [[ 0.2001885   0.14422978 -0.42308778 -0.19044141  0.02298225  0.
  -0.06565087  0.          0.00317181  0.06424528]
 [ 0.19886534  0.26981753 -0.45409656 -0.1794305   0.10183749  0.
  -0.07319532  0.         -0.01725222  0.07544845]
 [ 0.3436318   0.47268867 -0.4870466  -0.10851058  0.12832002  0.
  -0.0138566   0.         -0.03533321  0.05580982]
 [ 0.57382673  0.60748583 -0.5009595   0.06712887  0.11777991  0.
   0.06396599  0.         -0.04325048  0.01927999]
 [ 0.3854694   0.27465677 -0.37034032  0.03113789  0.07612891  0.
  -0.03217351  0.         -0.0089737   0.06358195]] 
Episode: 922: [[ 0.20020425  0.14424089 -0.42317364 -0.19064245  0.02301049  0.
  -0.06573516  0.          0.00317181  0.06426684]
 [ 0.19887389  0.2698243  -0.45417926 -0.17963006  0.10186339  0.
  -0.0732824   0.         -0.01725222  0.07547414]
 [ 0.3436681   0.47277063 -0.48713315 -0.10870108  0.12832686  0.
  -0.01394415  0.         -0.03533321  0.05578633]
 [ 0.5739219   0.60765266 -0.50104535  0.06694992  0.11778735  0.
   0.06388924  0.         -0.04325048  0.01918826]
 [ 0.38543564  0.27468553 -0.37043312  0.03092677  0.076147    0.
  -0.03225192  0.         -0.0089737   0.06360291]] 
Episode: 923: [[ 0.20021783  0.14428511 -0.4232824  -0.19082424  0.02306492  0.
  -0.06581827  0.          0.00317181  0.06427994]
 [ 0.19887987  0.2698638  -0.45428458 -0.17981055  0.10191537  0.
  -0.0733695   0.         -0.01725222  0.07549039]
 [ 0.34369907  0.4728827  -0.48724398 -0.10887247  0.12835704  0.
  -0.01399649  0.         -0.03533321  0.05576777]
 [ 0.5740085   0.6078429  -0.5011559   0.06678928  0.11781103  0.
   0.06387399  0.         -0.04325048  0.01911546]
 [ 0.3853958   0.27475202 -0.3705525   0.03073566  0.07619198  0.
  -0.03232241  0.         -0.0089737   0.0636153 ]] 
Episode: 924: [[ 0.20026112  0.1443309  -0.42344046 -0.19094487  0.0231357   0.
  -0.06595123  0.          0.00317181  0.06426791]
 [ 0.1989157   0.26990533 -0.45443842 -0.17993002  0.1019828   0.
  -0.07350537  0.         -0.01725222  0.07548081]
 [ 0.34376487  0.47299093 -0.48740768 -0.10897579  0.1284059   0.
  -0.01409896  0.         -0.03533321  0.05571812]
 [ 0.5741307   0.6080246  -0.50131994  0.06670144  0.11786141  0.
   0.06380645  0.         -0.04325048  0.01900873]
 [ 0.38539383  0.27481952 -0.3707287   0.03061154  0.07625016  0.
  -0.03244309  0.         -0.0089737   0.06359651]] 
Episode: 925: [[ 0.20030917  0.14439295 -0.42361385 -0.19104001  0.02319209  0.
  -0.06604239  0.          0.00317181  0.06424317]
 [ 0.19895618  0.26996267 -0.45460725 -0.18002437  0.1020359   0.
  -0.0735977   0.         -0.01725222  0.07545823]
 [ 0.34384328  0.47311887 -0.48759255 -0.10904782  0.12843837  0.
  -0.01414748  0.         -0.03533321  0.05564751]
 [ 0.5742776   0.6082302  -0.50151     0.06665092  0.1179007   0.
   0.06379925  0.         -0.04325048  0.01887355]
 [ 0.3854046   0.2749058  -0.3709241   0.0305154   0.07629253  0.
  -0.03251528  0.         -0.0089737   0.06356408]] 
Episode: 926: [[ 0.20034504  0.14447652 -0.4237839  -0.191128    0.02325242  0.
  -0.0661594   0.          0.00317181  0.06423111]
 [ 0.19898424  0.27004108 -0.45477262 -0.1801118   0.10209293  0.
  -0.07371816  0.         -0.01725222  0.07544835]
 [ 0.3439091   0.47327003 -0.48777705 -0.10911227  0.12847167  0.
  -0.01421388  0.         -0.03533321  0.05558943]
 [ 0.574416    0.6084583  -0.5017022   0.06660952  0.11793815  0.
   0.06379553  0.         -0.04325048  0.01874914]
 [ 0.3854029   0.27501595 -0.37111554  0.03042701  0.07633893  0.
  -0.03261609  0.         -0.0089737   0.06354497]] 
Episode: 927: [[ 0.2004122   0.14454104 -0.42397544 -0.19119     0.02328627  0.
  -0.06627561  0.          0.00317181  0.06421828]
 [ 0.19904351  0.2700999  -0.45495892 -0.18017317  0.10212252  0.
  -0.07383784  0.         -0.01725222  0.0754381 ]
 [ 0.34399462  0.47339952 -0.48797536 -0.10915206  0.12846488  0.
  -0.01426496  0.         -0.03533321  0.05553203]
 [ 0.5745489   0.60866505 -0.5018983   0.06658912  0.11792815  0.
   0.06382665  0.         -0.04325048  0.01862537]
 [ 0.385418    0.27510226 -0.37132367  0.03036688  0.07634189  0.
  -0.03270436  0.         -0.0089737   0.06352826]] 
Episode: 928: [[ 0.20048177  0.1446071  -0.4241858  -0.19123502  0.02330593  0.
  -0.06637111  0.          0.00317181  0.06419725]
 [ 0.19910526  0.27016035 -0.45516378 -0.18021786  0.10213794  0.
  -0.0739358   0.         -0.01725222  0.07541905]
 [ 0.34408763  0.4735336  -0.48819795 -0.10917058  0.12844492  0.
  -0.01429223  0.         -0.03533321  0.05546302]
 [ 0.57469654  0.608881   -0.5021229   0.06659379  0.11791214  0.
   0.06388086  0.         -0.04325048  0.01848838]
 [ 0.3854417   0.27519125 -0.3715551   0.03032528  0.07633027  0.
  -0.0327699   0.         -0.0089737   0.06350265]] 
Episode: 929: [[ 0.2005908   0.14468427 -0.4243829  -0.19126481  0.02330932  0.
  -0.06650785  0.          0.00317181  0.06414365]
 [ 0.19920744  0.27023178 -0.45535523 -0.18024725  0.10213614  0.
  -0.07407721  0.         -0.01725222  0.07536589]
 [ 0.3442156   0.47367096 -0.48840335 -0.10917664  0.12840556  0.
  -0.01436097  0.         -0.03533321  0.05536543]
 [ 0.57486796  0.6090916  -0.50232816  0.0666074   0.11787474  0.
   0.06389756  0.         -0.04325048  0.01833093]
 [ 0.3855044   0.27529088 -0.3717695   0.03029934  0.07629637  0.
  -0.03287255  0.         -0.0089737   0.06344078]] 
Episode: 930: [[ 0.20068559  0.14474668 -0.42459258 -0.19132476  0.02327931  0.
  -0.06662226  0.          0.00317181  0.06406645]
 [ 0.19929463  0.27028754 -0.45555884 -0.18030712  0.10210088  0.
  -0.07419545  0.         -0.01725222  0.07528905]
 [ 0.34433335  0.47381493 -0.48862943 -0.10921467  0.12833376  0.
  -0.01439466  0.         -0.03533321  0.0552397 ]
 [ 0.57503855  0.60933363 -0.5025609   0.0665874   0.11781706  0.
   0.06396652  0.         -0.04325048  0.01813957]
 [ 0.38555434  0.2753771  -0.3719996   0.03024117  0.07622848  0.
  -0.03294729  0.         -0.0089737   0.06335258]] 
Episode: 931: [[ 0.2007988   0.14485748 -0.42484513 -0.19132432  0.02323645  0.
  -0.06678358  0.          0.00317181  0.06398832]
 [ 0.19940019  0.2703911  -0.45580477 -0.18030667  0.10205186  0.
  -0.07435951  0.         -0.01725222  0.07521016]
 [ 0.34447792  0.4740072  -0.4889021  -0.10918256  0.1282446   0.
  -0.0144805   0.         -0.03533321  0.05511265]
 [ 0.5752492   0.6096209  -0.50284195  0.06664763  0.11774541  0.
   0.06397465  0.         -0.04325048  0.01794737]
 [ 0.3856333   0.27551943 -0.3722804   0.03024881  0.07614379  0.
  -0.03307198  0.         -0.0089737   0.06326132]] 
Episode: 932: [[ 0.2009364   0.14498603 -0.4251875  -0.1912633   0.02318901  0.
  -0.06698708  0.          0.00317181  0.06388417]
 [ 0.19952941  0.270512   -0.45613936 -0.18024577  0.10199714  0.
  -0.07456479  0.         -0.01725222  0.07510506]
 [ 0.34465387  0.47422066 -0.48926732 -0.10907926  0.12814432  0.
  -0.01461327  0.         -0.03533321  0.05494638]
 [ 0.5755028   0.60993516 -0.50321347  0.0667873   0.11767109  0.
   0.06392805  0.         -0.04325048  0.01770405]
 [ 0.38574356  0.27568337 -0.37266433  0.03032372  0.07604795  0.
  -0.0332416   0.         -0.0089737   0.06313591]] 
Episode: 933: [[ 0.20106262  0.14512071 -0.42552292 -0.19120207  0.02314275  0.
  -0.06718618  0.          0.00317181  0.0637688 ]
 [ 0.19964738  0.27063912 -0.4564671  -0.18018487  0.10194438  0.
  -0.07476568  0.         -0.01725222  0.07498889]
 [ 0.34482023  0.4744421  -0.489629   -0.10897347  0.12804574  0.
  -0.01475391  0.         -0.03533321  0.0547642 ]
 [ 0.5757492   0.610257   -0.50358564  0.06693226  0.11759679  0.
   0.06385503  0.         -0.04325048  0.01744151]
 [ 0.3858459   0.2758553  -0.37304163  0.0303991   0.07595692  0.
  -0.03340939  0.         -0.0089737   0.0629994 ]] 
Episode: 934: [[ 0.20118473  0.1452535  -0.42584136 -0.19114117  0.0231077   0.
  -0.06736835  0.          0.00317181  0.06363911]
 [ 0.19976178  0.27076462 -0.45677814 -0.18012439  0.10190333  0.
  -0.07494945  0.         -0.01725222  0.07485724]
 [ 0.34498322  0.47465923 -0.48997474 -0.10886874  0.12796026  0.
  -0.01487909  0.         -0.03533321  0.05457344]
 [ 0.57599205  0.6105696  -0.5039441   0.06707568  0.11753105  0.
   0.0637955   0.         -0.04325048  0.01718023]
 [ 0.3859495   0.27602363 -0.37340063  0.03047395  0.07588031  0.
  -0.03356188  0.         -0.0089737   0.06284726]] 
Episode: 935: [[ 0.20132434  0.14534816 -0.42618528 -0.19105881  0.02305822  0.
  -0.06759068  0.          0.00317181  0.06354185]
 [ 0.19989364  0.27085096 -0.45711452 -0.18004222  0.10184711  0.
  -0.07517253  0.         -0.01725222  0.07475743]
 [ 0.3451644   0.4748286  -0.49034145 -0.10874254  0.12785724  0.
  -0.01504732  0.         -0.03533321  0.05441968]
 [ 0.57625544  0.6108346  -0.504318    0.06724014  0.11744992  0.
   0.06368794  0.         -0.04325048  0.01695766]
 [ 0.38607168  0.27614638 -0.373788    0.03057252  0.07578441  0.
  -0.03375658  0.         -0.0089737   0.06273046]] 
Episode: 936: [[ 0.20143656  0.14543518 -0.42646945 -0.19103152  0.02301614  0.
  -0.0677323   0.          0.00317181  0.06344867]
 [ 0.19999799  0.2709303  -0.4573922  -0.18001516  0.10179961  0.
  -0.07531553  0.         -0.01725222  0.07466102]
 [ 0.34531853  0.47499272 -0.4906444  -0.10868251  0.12776504  0.
  -0.01514312  0.         -0.03533321  0.0542959 ]
 [ 0.57649606  0.61109185 -0.5046274   0.06732941  0.11737151  0.
   0.06364513  0.         -0.04325048  0.016794  ]
 [ 0.3861653   0.27626094 -0.37410682  0.03061025  0.07570273  0.
  -0.03387429  0.         -0.0089737   0.06262218]] 
Episode: 937: [[ 0.2015472   0.14555186 -0.42675555 -0.19099654  0.02297926  0.
  -0.06785552  0.          0.00317181  0.06333935]
 [ 0.20010093  0.27103904 -0.4576717  -0.17998067  0.10175744  0.
  -0.07543927  0.         -0.01725222  0.07454801]
 [ 0.34547395  0.47518602 -0.49095422 -0.10861252  0.12768051  0.
  -0.01522052  0.         -0.03533321  0.05414841]
 [ 0.57674015  0.611374   -0.5049495   0.06742999  0.11730359  0.
   0.06361852  0.         -0.04325048  0.01660044]
 [ 0.38626054  0.27640906 -0.37443072  0.03065606  0.07562887  0.
  -0.03397175  0.         -0.0089737   0.06249513]] 
Episode: 938: [[ 0.20161445  0.14564446 -0.42700374 -0.19104075  0.02295544  0.
  -0.06797634  0.          0.00317181  0.06325426]
 [ 0.20015967  0.2711256  -0.45791396 -0.18002531  0.10172889  0.
  -0.07556109  0.         -0.01725222  0.07446244]
 [ 0.34558412  0.47535607 -0.49122405 -0.10863888  0.12761731  0.
  -0.01528222  0.         -0.03533321  0.05401759]
 [ 0.5769422   0.61163133 -0.5052325   0.06741987  0.11725821  0.
   0.06364012  0.         -0.04325048  0.01640892]
 [ 0.38630334  0.2765339  -0.3747101   0.0306135   0.07557494  0.
  -0.03406709  0.         -0.0089737   0.06239467]] 
Episode: 939: [[ 0.20170118  0.1457385  -0.4272827  -0.1910596   0.02294705  0.
  -0.06814353  0.          0.00317181  0.06316335]
 [ 0.20023835  0.271214   -0.45818707 -0.18004438  0.10171534  0.
  -0.07572849  0.         -0.01725222  0.0743705 ]
 [ 0.34571433  0.4755242  -0.49152127 -0.10864033  0.12757383  0.
  -0.01539339  0.         -0.03533321  0.05388144]
 [ 0.57716525  0.61188537 -0.5055384   0.06743385  0.11724056  0.
   0.06360553  0.         -0.04325048  0.01621254]
 [ 0.3863707   0.27666193 -0.37502685  0.03059804  0.07553964  0.
  -0.03421044  0.         -0.0089737   0.06228702]] 
Episode: 940: [[ 0.20178041  0.14584164 -0.4275469  -0.19108588  0.02293704  0.
  -0.06824396  0.          0.00317181  0.06305931]
 [ 0.20030968  0.2713112  -0.45844543 -0.18007104  0.10170095  0.
  -0.07582813  0.         -0.01725222  0.07426464]
 [ 0.345841    0.4757089  -0.49180773 -0.1086478   0.12752543  0.
  -0.01543779  0.         -0.03533321  0.05372772]
 [ 0.5773917   0.6121611  -0.50583804  0.06744302  0.11721361  0.
   0.06362843  0.         -0.04325048  0.01599797]
 [ 0.38643384  0.27680156 -0.3753279   0.03057477  0.07550506  0.
  -0.03428187  0.         -0.0089737   0.06216465]] 
Episode: 941: [[ 0.20184878  0.14595604 -0.42781717 -0.19111224  0.0229165   0.
  -0.0683345   0.          0.00317181  0.06296071]
 [ 0.2003699   0.27142    -0.45870954 -0.18009822  0.10167599  0.
  -0.07591831  0.         -0.01725222  0.07416366]
 [ 0.34595594  0.47590587 -0.492105   -0.10864934  0.12746763  0.
  -0.01545898  0.         -0.03533321  0.05359428]
 [ 0.57760656  0.6124479  -0.5061542   0.06746487  0.11717875  0.
   0.06369444  0.         -0.04325048  0.01581977]
 [ 0.38648352  0.2769542  -0.37563756  0.03055213  0.07545929  0.
  -0.03433942  0.         -0.0089737   0.06204931]] 
Episode: 942: [[ 0.20190836  0.14606035 -0.42806804 -0.19114532  0.02288319  0.
  -0.06837995  0.          0.00317181  0.06286965]
 [ 0.20042163  0.2715185  -0.4589546  -0.18013214  0.10163876  0.
  -0.07596269  0.         -0.01725222  0.07407028]
 [ 0.34606153  0.47609922 -0.49238285 -0.10865863  0.12739752  0.
  -0.01542237  0.         -0.03533321  0.0534707 ]
 [ 0.5778115   0.6127372  -0.50645113  0.06747837  0.11713142  0.
   0.06380785  0.         -0.04325048  0.01565323]
 [ 0.3865266   0.27709535 -0.37592584  0.03052188  0.0754021   0.
  -0.03434654  0.         -0.0089737   0.06194405]] 
Episode: 943: [[ 0.20195577  0.14615354 -0.4283137  -0.19119346  0.0228219   0.
  -0.06836303  0.          0.00317181  0.0627768 ]
 [ 0.20046131  0.2716052  -0.4591943  -0.18018125  0.10157397  0.
  -0.07594477  0.         -0.01725222  0.07397532]
 [ 0.3461517   0.4762973  -0.49266168 -0.10868265  0.12729698  0.
  -0.01533376  0.         -0.03533321  0.05334476]
 [ 0.5779978   0.6130475  -0.50675553  0.06747832  0.1170536   0.
   0.06396392  0.         -0.04325048  0.01548421]
 [ 0.3865564   0.27722538 -0.37620977  0.03047565  0.07531392  0.
  -0.03429536  0.         -0.0089737   0.06183805]] 
Episode: 944: [[ 0.20199889  0.1462747  -0.42859825 -0.1912394   0.02273749  0.
  -0.06828928  0.          0.00317181  0.06266059]
 [ 0.200496    0.2717189  -0.45947176 -0.1802285   0.10148613  0.
  -0.07587081  0.         -0.01725222  0.07385571]
 [ 0.34624478  0.47653216 -0.49299356 -0.10869706  0.12716313  0.
  -0.01519838  0.         -0.03533321  0.05319536]
 [ 0.5782004   0.613406   -0.5071248   0.06749412  0.1169447   0.
   0.06415837  0.         -0.04325048  0.01529614]
 [ 0.38658553  0.27738935 -0.3765407   0.03043325  0.07519703  0.
  -0.03419174  0.         -0.0089737   0.06170699]] 
Episode: 945: [[ 0.20204195  0.1463852  -0.42889023 -0.19127673  0.02263375  0.
  -0.0682262   0.          0.00317181  0.06250468]
 [ 0.20053057  0.2718212  -0.45975614 -0.18026775  0.10137928  0.
  -0.075807    0.         -0.01725222  0.07369816]
 [ 0.34634283  0.47676855 -0.49334356 -0.10869315  0.12701079  0.
  -0.01508389  0.         -0.03533321  0.05297107]
 [ 0.57841146  0.61378056 -0.50752157  0.06753752  0.11682725  0.
   0.064314    0.         -0.04325048  0.01504674]
 [ 0.38661563  0.2775422  -0.37688255  0.03040092  0.0750628   0.
  -0.03410061  0.         -0.0089737   0.06152947]] 
Episode: 946: [[ 0.20217776  0.14649233 -0.42915714 -0.19129571  0.02250023  0.
  -0.06818297  0.          0.00317181  0.06236705]
 [ 0.20066093  0.2719197  -0.46001548 -0.18028817  0.10124099  0.
  -0.07576334  0.         -0.01725222  0.07355968]
 [ 0.3465358   0.4769909  -0.49366075 -0.10867524  0.12682764  0.
  -0.01498247  0.         -0.03533321  0.05277552]
 [ 0.5787001   0.6141324  -0.50788015  0.06758864  0.11668053  0.
   0.06445558  0.         -0.04325048  0.01482805]
 [ 0.38675427  0.27769148 -0.3771939   0.0303875   0.07489434  0.
  -0.03402093  0.         -0.0089737   0.06137588]] 
Episode: 947: [[ 0.2024275   0.14664835 -0.42943695 -0.19128302  0.02243219  0.
  -0.06820267  0.          0.00317181  0.06219571]
 [ 0.20090184  0.27206594 -0.4602871  -0.18027627  0.10116532  0.
  -0.07578196  0.         -0.01725222  0.0733865 ]
 [ 0.34684217  0.4772474  -0.49397835 -0.10863075  0.12670135  0.
  -0.01494695  0.         -0.03533321  0.05255741]
 [ 0.579095    0.61449826 -0.50822747  0.06765889  0.11659145  0.
   0.0645289   0.         -0.04325048  0.01460219]
 [ 0.38703695  0.27789506 -0.37751424  0.03040694  0.07478398  0.
  -0.03400689  0.         -0.0089737   0.06118754]] 
Episode: 948: [[ 0.20265412  0.14679211 -0.42968822 -0.19129686  0.02235649  0.
  -0.06820258  0.          0.00317181  0.06200273]
 [ 0.20111988  0.27220106 -0.46053094 -0.18029109  0.10108288  0.
  -0.07577998  0.         -0.01725222  0.07319089]
 [ 0.34712636  0.4774899  -0.4942647  -0.10861554  0.12656991  0.
  -0.01487866  0.         -0.03533321  0.05232339]
 [ 0.57946616  0.614843   -0.508543    0.06769633  0.1164905   0.
   0.06464614  0.         -0.04325048  0.01436354]
 [ 0.38729241  0.27808583 -0.37780288  0.03039715  0.07467025  0.
  -0.0339679   0.         -0.0089737   0.06097583]] 
Episode: 949: [[ 0.20285201  0.1468984  -0.4298957  -0.19135213  0.02227222  0.
  -0.06814389  0.          0.00317181  0.06184023]
 [ 0.20130964  0.27229872 -0.4607316  -0.1803475   0.10099278  0.
  -0.07572028  0.         -0.01725222  0.07302418]
 [ 0.34738034  0.47769034 -0.49450648 -0.10864881  0.12642688  0.
  -0.01476146  0.         -0.03533321  0.05217048]
 [ 0.57980853  0.61514306 -0.50881565  0.06767917  0.11636175  0.
   0.06480571  0.         -0.04325048  0.01422942]
 [ 0.38751242  0.27823302 -0.37804127  0.03034086  0.07455117  0.
  -0.03387515  0.         -0.0089737   0.06080489]] 
Episode: 950: [[ 0.20302933  0.14699526 -0.43008    -0.19140996  0.02219379  0.
  -0.06805035  0.          0.00317181  0.06169565]
 [ 0.20147929  0.27238753 -0.4609096  -0.18040642  0.10090903  0.
  -0.07562455  0.         -0.01725222  0.07287516]
 [ 0.34760997  0.4778752  -0.49472204 -0.10868639  0.12629412  0.
  -0.01460027  0.         -0.03533321  0.05203778]
 [ 0.58012503  0.6154203  -0.5090598   0.06765635  0.11623956  0.
   0.06500336  0.         -0.04325048  0.01411377]
 [ 0.387709    0.27836707 -0.37825274  0.03028202  0.0744407   0.
  -0.03374146  0.         -0.0089737   0.06065351]] 
Episode: 951: [[ 0.20320408  0.14710985 -0.4302755  -0.19145322  0.02215161  0.
  -0.06790758  0.          0.00317181  0.06158363]
 [ 0.20164679  0.27249435 -0.4610992  -0.1804508   0.1008621   0.
  -0.07548048  0.         -0.01725222  0.07275929]
 [ 0.34783667  0.47807786 -0.49495053 -0.10870828  0.12620686  0.
  -0.0143995   0.         -0.03533321  0.0519375 ]
 [ 0.5804342   0.6157146  -0.5093197   0.06764989  0.11616664  0.
   0.06523526  0.         -0.04325048  0.01402851]
 [ 0.38790044  0.27852088 -0.37847987  0.0302388   0.07437325  0.
  -0.03356352  0.         -0.0089737   0.06053651]] 
Episode: 952: [[ 0.20336607  0.14720453 -0.43046364 -0.19149637  0.02210306  0.
  -0.06776085  0.          0.00317181  0.06145472]
 [ 0.20180215  0.2725821  -0.46128187 -0.18049504  0.1008094   0.
  -0.07533193  0.         -0.01725222  0.0726265 ]
 [ 0.34804788  0.4782631  -0.49517053 -0.10873249  0.12611787  0.
  -0.01418636  0.         -0.03533321  0.0518054 ]
 [ 0.5807244   0.615994   -0.5095682   0.0676382   0.11609434  0.
   0.06549056  0.         -0.04325048  0.01389478]
 [ 0.3880788   0.2786521  -0.3786978   0.03019564  0.07430026  0.
  -0.03337866  0.         -0.0089737   0.06039674]] 
Episode: 953: [[ 0.20353228  0.14731884 -0.43066937 -0.19150563  0.02205213  0.
  -0.06762896  0.          0.00317181  0.06129965]
 [ 0.2019622   0.27268982 -0.46148184 -0.18050545  0.10075439  0.
  -0.07519837  0.         -0.01725222  0.07246726]
 [ 0.34826595  0.47847006 -0.49541187 -0.10871465  0.12602864  0.
  -0.01398748  0.         -0.03533321  0.05163303]
 [ 0.5810221   0.6162961  -0.50984085  0.06767599  0.1160275   0.
   0.06573239  0.         -0.04325048  0.01370814]
 [ 0.38826317  0.27880472 -0.3789375   0.03019045  0.07422357  0.
  -0.03320933  0.         -0.0089737   0.0602266 ]] 
Episode: 954: [[ 0.20371664  0.14744677 -0.4308581  -0.1915033   0.02200401  0.
  -0.06753067  0.          0.00317181  0.061143  ]
 [ 0.2021413   0.27281094 -0.4616649  -0.18050404  0.10070176  0.
  -0.07509972  0.         -0.01725222  0.07230611]
 [ 0.3484993   0.47868192 -0.49563113 -0.10868714  0.12594114  0.
  -0.01381809  0.         -0.03533321  0.05145838]
 [ 0.581328    0.6165929  -0.51008767  0.06772124  0.11595807  0.
   0.06595483  0.         -0.04325048  0.01351796]
 [ 0.38846254  0.27897137 -0.3791558   0.03019785  0.07414893  0.
  -0.03306797  0.         -0.0089737   0.06005427]] 
Episode: 955: [[ 0.20388146  0.14761189 -0.43104878 -0.19149184  0.02197825  0.
  -0.06750096  0.          0.00317181  0.06098824]
 [ 0.20230018  0.2729687  -0.46184978 -0.18049361  0.10067105  0.
  -0.075069    0.         -0.01725222  0.07214721]
 [ 0.34871292  0.47894123 -0.49585202 -0.10864676  0.12588035  0.
  -0.01372149  0.         -0.03533321  0.05127188]
 [ 0.5816229   0.61694443 -0.51033515  0.06778494  0.11591998  0.
   0.06610087  0.         -0.04325048  0.01329777]
 [ 0.38863692  0.27918145 -0.379376    0.03021597  0.07409878  0.
  -0.03299854  0.         -0.0089737   0.05987972]] 
Episode: 956: [[ 0.20406298  0.14776576 -0.4312765  -0.19144566  0.02201639  0.
  -0.06753296  0.          0.00317181  0.06085192]
 [ 0.20247564  0.27311608 -0.46207163 -0.180448    0.10070372  0.
  -0.07509937  0.         -0.01725222  0.07200816]
 [ 0.34893963  0.47918153 -0.4961045  -0.10857168  0.1258885   0.
  -0.01369039  0.         -0.03533321  0.05110601]
 [ 0.58192825  0.6172726  -0.510607    0.06788286  0.11595195  0.
   0.06617817  0.         -0.04325048  0.01309443]
 [ 0.3888222   0.27937752 -0.37963757  0.03027162  0.07411497  0.
  -0.03299382  0.         -0.0089737   0.05972294]] 
Episode: 957: [[ 0.2042266   0.14790052 -0.43147892 -0.19142424  0.02205583  0.
  -0.06753293  0.          0.00317181  0.06071039]
 [ 0.20263366  0.2732452  -0.4622688  -0.18042722  0.10073873  0.
  -0.07509656  0.         -0.01725222  0.07186364]
 [ 0.3491461   0.47939315 -0.49633124 -0.10852651  0.1259005   0.
  -0.01362628  0.         -0.03533321  0.05094177]
 [ 0.58221036  0.61756253 -0.5108536   0.06794685  0.11598295  0.
   0.06628784  0.         -0.04325048  0.01290251]
 [ 0.38898915  0.27955052 -0.37987018  0.03029978  0.07413539  0.
  -0.03295702  0.         -0.0089737   0.05956161]] 
Episode: 958: [[ 0.2043679   0.14807034 -0.43172103 -0.19142006  0.02208489  0.
  -0.06747419  0.          0.00317181  0.06068605]
 [ 0.20276818  0.273409   -0.4625052  -0.18042386  0.10076313  0.
  -0.07503598  0.         -0.01725222  0.07183345]
 [ 0.34933156  0.4796394  -0.49659884 -0.10849918  0.12589641  0.
  -0.01351278  0.         -0.03533321  0.05088464]
 [ 0.58247924  0.61788785 -0.51114035  0.06799361  0.1159984   0.
   0.06644066  0.         -0.04325048  0.01281053]
 [ 0.38912427  0.2797652  -0.3801487   0.03030958  0.07414187  0.
  -0.03286615  0.         -0.0089737   0.05951742]] 
Episode: 959: [[ 0.20449929  0.14820503 -0.43198216 -0.19141266  0.02210787  0.
  -0.06744776  0.          0.00317181  0.06061889]
 [ 0.20289235  0.27353755 -0.46275982 -0.18041748  0.10078158  0.
  -0.07500979  0.         -0.01725222  0.07176052]
 [ 0.3495091   0.47985592 -0.49689734 -0.10846544  0.12588413  0.
  -0.0134189   0.         -0.03533321  0.05076637]
 [ 0.5827443   0.61819607 -0.5114674   0.06804918  0.11601042  0.
   0.06659354  0.         -0.04325048  0.01264744]
 [ 0.3892489   0.27994007 -0.38045081  0.0303228   0.07414137  0.
  -0.03280895  0.         -0.0089737   0.05942605]] 
Episode: 960: [[ 0.20462695  0.14834115 -0.43223798 -0.19139484  0.02211385  0.
  -0.06743305  0.          0.00317181  0.06054623]
 [ 0.20301317  0.27366716 -0.46300942 -0.18040058  0.10078277  0.
  -0.07499529  0.         -0.01725222  0.07168265]
 [ 0.34968284  0.480074   -0.4971888  -0.10842081  0.12585779  0.
  -0.01334374  0.         -0.03533321  0.05063675]
 [ 0.58300406  0.6185049  -0.51178604  0.06811576  0.11601219  0.
   0.06671599  0.         -0.04325048  0.01246461]
 [ 0.38937292  0.28011608 -0.38074705  0.03034772  0.07412412  0.
  -0.03276404  0.         -0.0089737   0.05933017]] 
Episode: 961: [[ 0.20474309  0.14850071 -0.43248126 -0.19136855  0.02212111  0.
  -0.06747861  0.          0.00317181  0.06048994]
 [ 0.20312168  0.27381936 -0.4632464  -0.18037558  0.10078458  0.
  -0.07504033  0.         -0.01725222  0.07162158]
 [ 0.34984928  0.4803179  -0.49746555 -0.10836339  0.12583108  0.
  -0.01333201  0.         -0.03533321  0.05052478]
 [ 0.58326524  0.61884016 -0.5120882   0.0682004   0.11601265  0.
   0.066788    0.         -0.04325048  0.01229726]
 [ 0.38948172  0.2803176  -0.38102862  0.0303817   0.07410889  0.
  -0.03278146  0.         -0.0089737   0.05925127]] 
Episode: 962: [[ 0.20485523  0.14865822 -0.43271405 -0.19133033  0.02214483  0.
  -0.06757838  0.          0.00317181  0.06043588]
 [ 0.20322636  0.27397048 -0.46347308 -0.18033846  0.10080229  0.
  -0.07513894  0.         -0.01725222  0.07156385]
 [ 0.35000643  0.4805578  -0.49772754 -0.10829514  0.12582737  0.
  -0.01337735  0.         -0.03533321  0.05041344]
 [ 0.58351016  0.619166   -0.5123724   0.06829564  0.11603514  0.
   0.06679857  0.         -0.04325048  0.01212479]
 [ 0.3895808   0.28051618 -0.38129765  0.03042845  0.074113    0.
  -0.03285494  0.         -0.0089737   0.05917491]] 
Episode: 963: [[ 0.20495829  0.148846   -0.432938   -0.19129851  0.02216789  0.
  -0.06765524  0.          0.00317181  0.06035699]
 [ 0.20332223  0.27415165 -0.46369106 -0.18030782  0.10081949  0.
  -0.07521506  0.         -0.01725222  0.07147955]
 [ 0.35015437  0.48082507 -0.49798134 -0.10823278  0.12582192  0.
  -0.01338062  0.         -0.03533321  0.05029025]
 [ 0.58374673  0.61951107 -0.5126504   0.06838533  0.11605137  0.
   0.0668623   0.         -0.04325048  0.01195644]
 [ 0.38967314  0.28074935 -0.38155785  0.03046917  0.07411719  0.
  -0.03290009  0.         -0.0089737   0.05907254]] 
Episode: 964: [[ 0.2050417   0.14900173 -0.43317944 -0.19127575  0.02217817  0.
  -0.06778318  0.          0.00317181  0.06030702]
 [ 0.20339787  0.27430093 -0.463926   -0.18028641  0.10082393  0.
  -0.07534166  0.         -0.01725222  0.07142714]
 [ 0.35028043  0.4810634  -0.49825665 -0.10817992  0.12580384  0.
  -0.01343946  0.         -0.03533321  0.05018092]
 [ 0.5839636   0.6198352  -0.5129529   0.06846704  0.11605818  0.
   0.06686544  0.         -0.04325048  0.0117769 ]
 [ 0.38974315  0.2809449  -0.38183826  0.03050004  0.0741059   0.
  -0.03299855  0.         -0.0089737   0.05899857]] 
Episode: 965: [[ 0.20512903  0.14915518 -0.4334136  -0.19125369  0.02219192  0.
  -0.06791356  0.          0.00317181  0.06022857]
 [ 0.20347765  0.27444857 -0.46415347 -0.18026596  0.10083191  0.
  -0.07547197  0.         -0.01725222  0.07134473]
 [ 0.3504139   0.4812922  -0.49852768 -0.10812528  0.12579311  0.
  -0.01349487  0.         -0.03533321  0.05005751]
 [ 0.58419144  0.6201426  -0.51325494  0.06855356  0.11607713  0.
   0.06688651  0.         -0.04325048  0.01160233]
 [ 0.38982025  0.2811371  -0.38211176  0.03053033  0.07410128  0.
  -0.03309913  0.         -0.0089737   0.05889525]] 
Episode: 966: [[ 0.20518234  0.14930478 -0.43361774 -0.19126785  0.02217966  0.
  -0.06797204  0.          0.00317181  0.06024956]
 [ 0.20352288  0.27459183 -0.46435118 -0.18028174  0.10081468  0.
  -0.07553108  0.         -0.01725222  0.07136285]
 [ 0.35050148  0.48150867 -0.49876642 -0.10811004  0.12574425  0.
  -0.01348878  0.         -0.03533321  0.05003722]
 [ 0.584363    0.6204298  -0.5135239   0.06860016  0.11603805  0.
   0.06695972  0.         -0.04325048  0.01152605]
 [ 0.389845    0.28132433 -0.3823493   0.0305216   0.07406843  0.
  -0.03313176  0.         -0.0089737   0.05890326]] 
Episode: 967: [[ 0.20529221  0.14944655 -0.43380785 -0.19127208  0.02209065  0.
  -0.06796585  0.          0.00317181  0.06028575]
 [ 0.20362654  0.27472824 -0.46453488 -0.18028727  0.10072082  0.
  -0.07552615  0.         -0.01725222  0.07139892]
 [ 0.3506395   0.48171562 -0.4989863  -0.10808735  0.12561543  0.
  -0.01342739  0.         -0.03533321  0.05004207]
 [ 0.58456314  0.62070537 -0.51377034  0.06864923  0.11592198  0.
   0.06707982  0.         -0.04325048  0.0114774 ]
 [ 0.38992372  0.28150585 -0.38257056  0.03052339  0.07394973  0.
  -0.03310327  0.         -0.0089737   0.05893666]] 
Episode: 968: [[ 0.20538732  0.14956464 -0.43400854 -0.1912857   0.02200395  0.
  -0.06801907  0.          0.00317181  0.06030441]
 [ 0.2037149   0.2748407  -0.4647291  -0.1803023   0.10062956  0.
  -0.07557981  0.         -0.01725222  0.07141877]
 [ 0.35076746  0.48190406 -0.4992187  -0.10807329  0.12548918  0.
  -0.01342806  0.         -0.03533321  0.05000359]
 [ 0.58476436  0.6209719  -0.5140283   0.06869142  0.11581385  0.
   0.06713368  0.         -0.04325048  0.01135993]
 [ 0.38999102  0.28166175 -0.38280332  0.03051541  0.07383447  0.
  -0.03313547  0.         -0.0089737   0.0589452 ]] 
Episode: 969: [[ 0.20547727  0.14969385 -0.43421242 -0.19129832  0.02192365  0.
  -0.06801652  0.          0.00317181  0.06032323]
 [ 0.20379812  0.27496442 -0.4649266  -0.18031631  0.10054541  0.
  -0.07557528  0.         -0.01725222  0.0714393 ]
 [ 0.3508926   0.48210546 -0.499455   -0.10805859  0.12536779  0.
  -0.01337276  0.         -0.03533321  0.04996281]
 [ 0.58496624  0.6212512  -0.51429087  0.06873381  0.11570673  0.
   0.06723636  0.         -0.04325048  0.01123671]
 [ 0.39005712  0.2818301  -0.38304013  0.03050857  0.07372626  0.
  -0.03310663  0.         -0.0089737   0.05895459]] 
Episode: 970: [[ 0.20557262  0.14982906 -0.43441987 -0.19129072  0.02183292  0.
  -0.06801886  0.          0.00317181  0.06031057]
 [ 0.20388667  0.27509388 -0.46512768 -0.18031023  0.1004511   0.
  -0.0755766   0.         -0.01725222  0.0714272 ]
 [ 0.35102913  0.48231524 -0.4996962  -0.10801882  0.1252335   0.
  -0.01330905  0.         -0.03533321  0.04989185]
 [ 0.5851868   0.62153804 -0.5145599   0.06880503  0.11558541  0.
   0.06735914  0.         -0.04325048  0.01108929]
 [ 0.39013654  0.28200477 -0.38328218  0.03052489  0.07360426  0.
  -0.03307702  0.         -0.0089737   0.05892824]] 
Episode: 971: [[ 0.20568903  0.15001595 -0.4346688  -0.1912432   0.02178519  0.
  -0.06807978  0.          0.00317181  0.06030783]
 [ 0.20399606  0.27527422 -0.46537006 -0.18026388  0.10039799  0.
  -0.0756359   0.         -0.01725222  0.07142504]
 [ 0.35118654  0.48257568 -0.49997756 -0.10793745  0.1251456   0.
  -0.01330764  0.         -0.03533321  0.04982322]
 [ 0.5854299   0.62187195 -0.51486576  0.06891807  0.11551657  0.
   0.06741539  0.         -0.04325048  0.01093266]
 [ 0.3902342   0.28223863 -0.3835718   0.03058465  0.07352772  0.
  -0.03310823  0.         -0.0089737   0.05891128]] 
Episode: 972: [[ 0.20581865  0.1501789  -0.4349055  -0.19118012  0.02177039  0.
  -0.06819338  0.          0.00317181  0.06027839]
 [ 0.20411943  0.2754306  -0.4656005  -0.18020158  0.10037736  0.
  -0.07574736  0.         -0.01725222  0.07139491]
 [ 0.3513545   0.4828067  -0.50024223 -0.10784379  0.12509556  0.
  -0.01336229  0.         -0.03533321  0.04972718]
 [ 0.58567756  0.6221744  -0.51515114  0.06903991  0.11548548  0.
   0.06741179  0.         -0.04325048  0.01075103]
 [ 0.3903465   0.2824418  -0.3838461   0.03066033  0.07348812  0.
  -0.03319414  0.         -0.0089737   0.05886342]] 
Episode: 973: [[ 0.20595582  0.1503482  -0.43517554 -0.19109467  0.02172315  0.
  -0.06827905  0.          0.00317181  0.0602539 ]
 [ 0.20425011  0.2755928  -0.46586412 -0.18011673  0.10032384  0.
  -0.075831    0.         -0.01725222  0.0713701 ]
 [ 0.35153016  0.48304814 -0.5005386  -0.10772513  0.12500748  0.
  -0.01335854  0.         -0.03533321  0.04964332]
 [ 0.58593106  0.6224926  -0.51546544  0.06918731  0.11542072  0.
   0.06746276  0.         -0.04325048  0.01058735]
 [ 0.39046425  0.28265426 -0.38415965  0.03076085  0.07340991  0.
  -0.03323892  0.         -0.0089737   0.05882233]] 
Episode: 974: [[ 0.20606005  0.15049657 -0.43542343 -0.19108322  0.02167778  0.
  -0.06833312  0.          0.00317181  0.06019966]
 [ 0.20434721  0.27573445 -0.4661059  -0.18010618  0.10027279  0.
  -0.07588277  0.         -0.01725222  0.07131531]
 [ 0.3516729   0.48326972 -0.5008136  -0.10769174  0.12492409  0.
  -0.0133166   0.         -0.03533321  0.04952383]
 [ 0.5861539   0.6227935  -0.51576084  0.06924137  0.11535852  0.
   0.06756285  0.         -0.04325048  0.01038675]
 [ 0.390543    0.2828422  -0.3844481   0.03077963  0.07333577  0.
  -0.03325135  0.         -0.0089737   0.05874977]] 
Episode: 975: [[ 0.20615488  0.15063295 -0.43567452 -0.19106917  0.02164794  0.
  -0.06836609  0.          0.00317181  0.06013363]
 [ 0.20443492  0.27586472 -0.46635076 -0.18009327  0.10023823  0.
  -0.07591366  0.         -0.01725222  0.07124934]
 [ 0.3518103   0.4834808  -0.5010985  -0.10765106  0.12485462  0.
  -0.01323917  0.         -0.03533321  0.04938551]
 [ 0.5863805   0.6230853  -0.51607406  0.06930804  0.11530498  0.
   0.06770711  0.         -0.04325048  0.0101599 ]
 [ 0.39061525  0.28301686 -0.38474333  0.03080176  0.07328074  0.
  -0.03323999  0.         -0.0089737   0.05866496]] 
Episode: 976: [[ 0.20624487  0.15075853 -0.43591416 -0.1910444   0.02161     0.
  -0.06838008  0.          0.00317181  0.0600705 ]
 [ 0.20451826  0.2759843  -0.46658435 -0.18006968  0.10019608  0.
  -0.07592513  0.         -0.01725222  0.07118664]
 [ 0.35194406  0.48368195 -0.50137454 -0.10759539  0.1247785   0.
  -0.01314535  0.         -0.03533321  0.04924437]
 [ 0.5866045   0.6233693  -0.51638126  0.06939357  0.1152463   0.
   0.06786385  0.         -0.04325048  0.00992304]
 [ 0.39068818  0.28317952 -0.38502648  0.03083644  0.07321864  0.
  -0.03320983  0.         -0.0089737   0.05858253]] 
Episode: 977: [[ 0.20630889  0.15083294 -0.436126   -0.19110724  0.02159637  0.
  -0.06839741  0.          0.00317181  0.06000185]
 [ 0.20457539  0.2760531  -0.4667908  -0.18013342  0.10017869  0.
  -0.07593922  0.         -0.01725222  0.07111875]
 [ 0.35204232  0.48384044 -0.50161827 -0.10765431  0.12473935  0.
  -0.01307862  0.         -0.03533321  0.04909844]
 [ 0.5867817   0.6236184  -0.5166522   0.06934066  0.11522456  0.
   0.06798535  0.         -0.04325048  0.00968346]
 [ 0.39072773  0.2832846  -0.38527587  0.03077045  0.07318726  0.
  -0.03318895  0.         -0.0089737   0.05849685]] 
Episode: 978: [[ 0.2063519   0.15090866 -0.43632418 -0.19119701  0.02159261  0.
  -0.06839987  0.          0.00317181  0.05992038]
 [ 0.20461091  0.27612346 -0.46698382 -0.18022433  0.10017182  0.
  -0.07593746  0.         -0.01725222  0.07103853]
 [ 0.35212123  0.48400176 -0.5018501  -0.10774133  0.12471288  0.
  -0.01300784  0.         -0.03533321  0.04893023]
 [ 0.5869472   0.6238714  -0.5169133   0.06926005  0.1152162   0.
   0.06809979  0.         -0.04325048  0.00940943]
 [ 0.3907452   0.28339103 -0.38550946  0.03067531  0.07316761  0.
  -0.03315355  0.         -0.0089737   0.05839635]] 
Episode: 979: [[ 0.20639412  0.1509675  -0.4365429  -0.19127028  0.02158162  0.
  -0.06838399  0.          0.00317181  0.0598496 ]
 [ 0.20464571  0.27617702 -0.46719736 -0.18029863  0.10015797  0.
  -0.07591747  0.         -0.01725222  0.07096919]
 [ 0.35219926  0.4841444  -0.502105   -0.1078091   0.12467674  0.
  -0.01290505  0.         -0.03533321  0.04876844]
 [ 0.5871094   0.62410915 -0.5171974   0.06920008  0.11520201  0.
   0.06825708  0.         -0.04325048  0.0091364 ]
 [ 0.39076453  0.28347787 -0.38576704  0.0305986   0.07313894  0.
  -0.03309631  0.         -0.0089737   0.05830713]] 
Episode: 980: [[ 0.20644785  0.15100712 -0.43675712 -0.19131768  0.0216126   0.
  -0.06842878  0.          0.00317181  0.05978807]
 [ 0.20469204  0.2762128  -0.46740633 -0.18034676  0.10018618  0.
  -0.07595786  0.         -0.01725222  0.07090949]
 [ 0.35228863  0.48426715 -0.50234926 -0.10785044  0.12468457  0.
  -0.01286863  0.         -0.03533321  0.04861696]
 [ 0.5872835   0.6243263  -0.5174643   0.0691663   0.11522863  0.
   0.06834432  0.         -0.04325048  0.00887031]
 [ 0.39079624  0.28354272 -0.38601598  0.03054986  0.07315587  0.
  -0.03310287  0.         -0.0089737   0.05822573]] 
Episode: 981: [[ 0.20650153  0.15104832 -0.43696788 -0.19135429  0.0216417   0.
  -0.0684652   0.          0.00317181  0.05971958]
 [ 0.2047384   0.27624974 -0.46761173 -0.18038426  0.10021275  0.
  -0.07598943  0.         -0.01725222  0.07084328]
 [ 0.35238257  0.4843942  -0.50259364 -0.10787589  0.1246919   0.
  -0.01283462  0.         -0.03533321  0.04844782]
 [ 0.58746743  0.62455267 -0.5177341   0.06915227  0.1152584   0.
   0.06841535  0.         -0.04325048  0.00857547]
 [ 0.39083248  0.28360966 -0.38626134  0.03051364  0.07317156  0.
  -0.03310248  0.         -0.0089737   0.05813505]] 
Episode: 982: [[ 0.20654534  0.15114146 -0.43716758 -0.19138898  0.02168396  0.
  -0.06855707  0.          0.00317181  0.05966872]
 [ 0.20477432  0.27633798 -0.46780628 -0.18042006  0.10025212  0.
  -0.07607625  0.         -0.01725222  0.07079354]
 [ 0.35246572  0.48457307 -0.502824   -0.10789549  0.12471389  0.
  -0.01286011  0.         -0.03533321  0.04831797]
 [ 0.58764356  0.6248247  -0.5179884   0.06914784  0.1153025   0.
   0.06842493  0.         -0.04325048  0.00834275]
 [ 0.39085308  0.28373745 -0.38649338  0.03048017  0.07320385  0.
  -0.03316023  0.         -0.0089737   0.05806631]] 
Episode: 983: [[ 0.20655735  0.1512284  -0.43732423 -0.19144283  0.02182233  0.
  -0.0686988   0.          0.00317181  0.0597269 ]
 [ 0.20477872  0.2764208  -0.46795833 -0.18047512  0.10038806  0.
  -0.07621275  0.         -0.01725222  0.07084955]
 [ 0.3525088   0.4847324  -0.5030088  -0.10793774  0.12484172  0.
  -0.01293914  0.         -0.03533321  0.04829257]
 [ 0.587773    0.6250606  -0.51819676  0.06912172  0.11543848  0.
   0.06837923  0.         -0.04325048  0.00821447]
 [ 0.39083055  0.28385538 -0.38667527  0.03042315  0.07335137  0.
  -0.03327027  0.         -0.0089737   0.05810622]] 
Episode: 984: [[ 0.20660491  0.15135093 -0.4375297  -0.19145173  0.02201899  0.
  -0.06888539  0.          0.00317181  0.05975929]
 [ 0.20481871  0.27653903 -0.46815872 -0.18048516  0.10058046  0.
  -0.07639394  0.         -0.01725222  0.07087962]
 [ 0.35259455  0.48492312 -0.50324273 -0.10792983  0.12503694  0.
  -0.01306634  0.         -0.03533321  0.04824937]
 [ 0.5879508   0.62532264 -0.518454    0.06915089  0.11565141  0.
   0.06828378  0.         -0.04325048  0.00808156]
 [ 0.39085037  0.2840138  -0.38691378  0.0304143   0.07355927  0.
  -0.03342734  0.         -0.0089737   0.05811263]] 
Episode: 985: [[ 0.20665267  0.15149501 -0.4377341  -0.1914513   0.0221907   0.
  -0.06902587  0.          0.00317181  0.0597848 ]
 [ 0.20485891  0.27667803 -0.468358   -0.18048595  0.10074812  0.
  -0.07652815  0.         -0.01725222  0.07090273]
 [ 0.35268313  0.48513988 -0.50347763 -0.10790928  0.12520178  0.
  -0.01313787  0.         -0.03533321  0.04820165]
 [ 0.5881346   0.6256133  -0.5187141   0.06919483  0.11583345  0.
   0.06825007  0.         -0.04325048  0.00794703]
 [ 0.39087564  0.28419685 -0.38715184  0.03041667  0.07373735  0.
  -0.03353308  0.         -0.0089737   0.05811392]] 
Episode: 986: [[ 0.20672289  0.15162534 -0.437961   -0.19141729  0.02235028  0.
  -0.0691449   0.          0.00317181  0.05983029]
 [ 0.20492153  0.2768029  -0.46857956 -0.18045293  0.10090329  0.
  -0.07664159  0.         -0.01725222  0.07094701]
 [ 0.3527928   0.48533657 -0.50373036 -0.10785199  0.12534642  0.
  -0.01316571  0.         -0.03533321  0.04818331]
 [ 0.5883348   0.6258801  -0.51898545  0.069276    0.11599132  0.
   0.06827405  0.         -0.04325048  0.00784536]
 [ 0.39092013  0.284362   -0.38741243  0.0304565   0.07389373  0.
  -0.03360417  0.         -0.0089737   0.05813678]] 
Episode: 987: [[ 0.2067781   0.15172523 -0.43816942 -0.1914169   0.02247804  0.
  -0.06921634  0.          0.00317181  0.05986493]
 [ 0.20496924  0.27689773 -0.46878302 -0.18045352  0.1010274   0.
  -0.0767069   0.         -0.01725222  0.0709817 ]
 [ 0.35288858  0.48550788 -0.5039658  -0.10783573  0.12545784  0.
  -0.01313466  0.         -0.03533321  0.04814012]
 [ 0.5885227   0.62613046 -0.519241    0.06930943  0.11611839  0.
   0.06834992  0.         -0.04325048  0.00770276]
 [ 0.39095083  0.28449425 -0.38765278  0.03045871  0.07401786  0.
  -0.03362533  0.         -0.0089737   0.05814894]] 
Episode: 988: [[ 0.20690225  0.15183572 -0.438376   -0.19139588  0.02259942  0.
  -0.06933977  0.          0.00317181  0.05983083]
 [ 0.20508775  0.27700236 -0.4689843  -0.18043311  0.10114301  0.
  -0.07682412  0.         -0.01725222  0.0709437 ]
 [ 0.35305125  0.48568732 -0.50419325 -0.10780049  0.12555955  0.
  -0.0131628   0.         -0.03533321  0.04803664]
 [ 0.5887651   0.6263877  -0.51948345  0.06935807  0.11624198  0.
   0.0683639   0.         -0.04325048  0.00751486]
 [ 0.3910521   0.2846385  -0.38788778  0.0304832   0.07412901  0.
  -0.03370249  0.         -0.0089737   0.05808869]] 
Episode: 989: [[ 0.20702045  0.15191461 -0.4386632  -0.19134374  0.02269374  0.
  -0.06950995  0.          0.00317181  0.05978816]
 [ 0.20519933  0.27707595 -0.46926507 -0.18038183  0.10123166  0.
  -0.07698803  0.         -0.01725222  0.07089961]
 [ 0.35321128  0.48585078 -0.50451595 -0.10772265  0.12562816  0.
  -0.01324421  0.         -0.03533321  0.04789143]
 [ 0.589013    0.62665075 -0.51982915  0.06945797  0.11634645  0.
   0.0683222   0.         -0.04325048  0.00726502]
 [ 0.39114884  0.28475013 -0.3882168   0.0305433   0.07420633  0.
  -0.03383002  0.         -0.0089737   0.05801439]] 
Episode: 990: [[ 0.20713267  0.1520342  -0.43898612 -0.19127311  0.02275396  0.
  -0.06968458  0.          0.00317181  0.05972696]
 [ 0.20530398  0.2771902  -0.469581   -0.18031222  0.10128608  0.
  -0.07715793  0.         -0.01725222  0.07083761]
 [ 0.35337052  0.4860625  -0.50488114 -0.10761852  0.12565824  0.
  -0.01332708  0.         -0.03533321  0.04771711]
 [ 0.5892666   0.62696457 -0.52021986  0.06958923  0.11642466  0.
   0.06828453  0.         -0.04325048  0.00697546]
 [ 0.3912415   0.2849114  -0.38858733  0.03062501  0.07424539  0.
  -0.0339594   0.         -0.0089737   0.05791804]] 
Episode: 991: [[ 0.20720498  0.15219238 -0.43926513 -0.19128229  0.02280366  0.
  -0.06983168  0.          0.00317181  0.05966222]
 [ 0.20536798  0.27734306 -0.46985364 -0.1803227   0.10133055  0.
  -0.07730027  0.         -0.01725222  0.07077038]
 [ 0.35348505  0.48631227 -0.50519776 -0.10761193  0.12567443  0.
  -0.01337522  0.         -0.03533321  0.04756609]
 [ 0.5894756   0.62730646 -0.5205603   0.06960866  0.11648136  0.
   0.06830172  0.         -0.04325048  0.00673957]
 [ 0.39128754  0.2851171  -0.38890785  0.03061732  0.07427708  0.
  -0.03406028  0.         -0.0089737   0.05782255]] 
Episode: 992: [[ 0.2073066   0.15241116 -0.4395985  -0.19123562  0.02289143  0.
  -0.07002322  0.          0.00317181  0.05962386]
 [ 0.20546111  0.27755553 -0.47018063 -0.18027683  0.10141144  0.
  -0.07748685  0.         -0.01725222  0.07072892]
 [ 0.35364133  0.48662218 -0.50556636 -0.10754282  0.12573184  0.
  -0.01347467  0.         -0.03533321  0.04744949]
 [ 0.58974105  0.627706   -0.52094716  0.06969464  0.11659278  0.
   0.06826288  0.         -0.04325048  0.00654372]
 [ 0.39137524  0.285393   -0.38929054  0.03067102  0.07434948  0.
  -0.03420922  0.         -0.0089737   0.05775294]] 
Episode: 993: [[ 0.20741107  0.15266404 -0.43993416 -0.1911658   0.02302238  0.
  -0.07025472  0.          0.00317181  0.05959838]
 [ 0.20555696  0.27780163 -0.47051018 -0.18020728  0.10153431  0.
  -0.07771321  0.         -0.01725222  0.07069915]
 [ 0.3537965   0.48695892 -0.50593257 -0.10745041  0.1258381   0.
  -0.01362029  0.         -0.03533321  0.04735298]
 [ 0.5900004   0.628124   -0.5213271   0.06980333  0.11675826  0.
   0.06817362  0.         -0.04325048  0.00637375]
 [ 0.39146322  0.28570673 -0.38967505  0.03075018  0.07447063  0.
  -0.03440138  0.         -0.0089737   0.0576969 ]] 
Episode: 994: [[ 0.20751074  0.15290008 -0.44027337 -0.19109114  0.02315844  0.
  -0.07048942  0.          0.00317181  0.05960526]
 [ 0.20564736  0.27802935 -0.47084334 -0.1801331   0.10166247  0.
  -0.07794597  0.         -0.01725222  0.07070068]
 [ 0.35394794  0.4872678  -0.5063038  -0.10734916  0.12594101  0.
  -0.01374477  0.         -0.03533321  0.04730719]
 [ 0.5902581   0.62850684 -0.5217135   0.06992568  0.11690537  0.
   0.06814395  0.         -0.04325048  0.00627123]
 [ 0.39154336  0.2859966  -0.39006367  0.03083469  0.07459433  0.
  -0.03459023  0.         -0.0089737   0.05767453]] 
Episode: 995: [[ 0.20760737  0.15311594 -0.44061357 -0.19101177  0.02325999  0.
  -0.07069656  0.          0.00317181  0.0595957 ]
 [ 0.20573525  0.27823707 -0.47117776 -0.18005426  0.10175642  0.
  -0.07815047  0.         -0.01725222  0.07068644]
 [ 0.3540996   0.48756602 -0.5066828  -0.10723643  0.12601076  0.
  -0.01385583  0.         -0.03533321  0.04723071]
 [ 0.59052014  0.6288903  -0.52211446  0.07006571  0.11702548  0.
   0.06810657  0.         -0.04325048  0.00612332]
 [ 0.39162678  0.28626668 -0.3904564   0.03092595  0.074683    0.
  -0.03475379  0.         -0.0089737   0.05763449]] 
Episode: 996: [[ 0.20769706  0.15331142 -0.44093725 -0.1909383   0.0233457   0.
  -0.07084453  0.          0.00317181  0.05957223]
 [ 0.20581643  0.27842468 -0.4714959  -0.17998138  0.10183542  0.
  -0.07829453  0.         -0.01725222  0.07065835]
 [ 0.35424706  0.48784268 -0.5070456  -0.10712793  0.12606281  0.
  -0.01389956  0.         -0.03533321  0.0471401 ]
 [ 0.5907813   0.6292529  -0.5225002   0.07020265  0.11712261  0.
   0.06812727  0.         -0.04325048  0.00596123]
 [ 0.39170885  0.2865123  -0.39083093  0.03101208  0.07475541  0.
  -0.0348505   0.         -0.0089737   0.05757896]] 
Episode: 997: [[ 0.2077805   0.153448   -0.44128036 -0.19085689  0.02337256  0.
  -0.07096754  0.          0.00317181  0.05954737]
 [ 0.20589131  0.278553   -0.47183347 -0.17990062  0.10185495  0.
  -0.07841335  0.         -0.01725222  0.07063034]
 [ 0.354392    0.48807108 -0.50743634 -0.10700023  0.12605773  0.
  -0.01390589  0.         -0.03533321  0.04703651]
 [ 0.59104687  0.6295889  -0.52291995  0.07036858  0.11717869  0.
   0.06819294  0.         -0.04325048  0.00577052]
 [ 0.3917885   0.28669414 -0.39122993  0.03110972  0.07476441  0.
  -0.03491767  0.         -0.0089737   0.05752305]] 
Episode: 998: [[ 0.20786795  0.15360196 -0.4415816  -0.19078256  0.02337419  0.
  -0.07101891  0.          0.00317181  0.05956364]
 [ 0.20597106  0.27870092 -0.47212932 -0.17982675  0.10185091  0.
  -0.07846165  0.         -0.01725222  0.07064921]
 [ 0.35453606  0.48831323 -0.50777996 -0.10688329  0.12602758  0.
  -0.01385536  0.         -0.03533321  0.0469842 ]
 [ 0.5912992   0.62992597 -0.5232902   0.07052041  0.11720067  0.
   0.06830638  0.         -0.04325048  0.00562898]
 [ 0.39187008  0.28690037 -0.39157963  0.03119965  0.07474774  0.
  -0.03491984  0.         -0.0089737   0.05752037]] 
Episode: 999: [[ 0.20794371  0.15378223 -0.44187632 -0.19071233  0.02337302  0.
  -0.07104798  0.          0.00317181  0.05968275]
 [ 0.20603813  0.27887625 -0.47241926 -0.17975709  0.10184471  0.
  -0.07848787  0.         -0.01725222  0.07076745]
 [ 0.35467198  0.48857674 -0.50811416 -0.10677134  0.12599202  0.
  -0.0137577   0.         -0.03533321  0.04702888]
 [ 0.59154993  0.63027304 -0.5236479   0.07066666  0.11720573  0.
   0.06846279  0.         -0.04325048  0.00558281]
 [ 0.39193684  0.28713426 -0.39192247  0.03128459  0.07472889  0.
  -0.03489237  0.         -0.0089737   0.05762014]] 
Episode: 1000: [[ 0.20802598  0.15393394 -0.44214916 -0.19063543  0.02342044  0.
  -0.07113346  0.          0.00317181  0.05979944]
 [ 0.20611225  0.2790246  -0.47268823 -0.1796807   0.10188839  0.
  -0.07857008  0.         -0.01725222  0.07088262]
 [ 0.35480848  0.48880818 -0.50842243 -0.10665628  0.12601224  0.
  -0.01372602  0.         -0.03533321  0.04707875]
 [ 0.5917847   0.6305813  -0.5239739   0.07081176  0.11725856  0.
   0.06854922  0.         -0.04325048  0.00555232]
 [ 0.39199877  0.28733236 -0.39223814  0.031373    0.07476404  0.
  -0.03492594  0.         -0.0089737   0.05772109]] 
Episode: 1001: [[ 0.20809644  0.15406953 -0.44241834 -0.19056344  0.02348892  0.
  -0.07121558  0.          0.00317181  0.05991787]
 [ 0.20617372  0.2791572  -0.4729536  -0.17960925  0.10195371  0.
  -0.07865006  0.         -0.01725222  0.07100046]
 [ 0.35492966  0.4890206  -0.50872266 -0.1065467   0.12605524  0.
  -0.01367827  0.         -0.03533321  0.04713118]
 [ 0.59199834  0.630871   -0.5242848   0.07095072  0.11733817  0.
   0.06867214  0.         -0.04325048  0.00552354]
 [ 0.39204177  0.28751075 -0.39254567  0.03145635  0.07482067  0.
  -0.03495078  0.         -0.0089737   0.05782611]] 
Episode: 1002: [[ 0.20817553  0.1541828  -0.44269285 -0.1904763   0.02360852  0.
  -0.07134882  0.          0.00317181  0.06005287]
 [ 0.20624404  0.27926803 -0.47322425 -0.17952228  0.10207024  0.
  -0.07878068  0.         -0.01725222  0.07113559]
 [ 0.35505426  0.48920467 -0.50902134 -0.10642372  0.12615313  0.
  -0.01369153  0.         -0.03533321  0.04720806]
 [ 0.59221035  0.6311293  -0.5245877   0.07110181  0.11746784  0.
   0.06872844  0.         -0.04325048  0.00552063]
 [ 0.39208806  0.28766385 -0.39285576  0.03155535  0.07493221  0.
  -0.03503144  0.         -0.0089737   0.05795119]] 
Episode: 1003: [[ 0.20824917  0.15429461 -0.4429528  -0.19039585  0.02370465  0.
  -0.07146095  0.          0.00317181  0.06016351]
 [ 0.20630968  0.27937728 -0.4734807  -0.17944197  0.10216355  0.
  -0.07889003  0.         -0.01725222  0.07124539]
 [ 0.35517025  0.48938492 -0.5093054  -0.10630967  0.1262255   0.
  -0.01368877  0.         -0.03533321  0.0472659 ]
 [ 0.5924086   0.6313803  -0.524877    0.07124212  0.11756807  0.
   0.06879932  0.         -0.04325048  0.00550659]
 [ 0.39213333  0.28781438 -0.3931501   0.03164679  0.0750185   0.
  -0.0350928   0.         -0.0089737   0.05805182]] 
Episode: 1004: [[ 0.20829813  0.15443735 -0.44320017 -0.19038363  0.02378565  0.
  -0.07150246  0.          0.00317181  0.06024126]
 [ 0.20635022  0.2795168  -0.47372463 -0.1794305   0.10224158  0.
  -0.07892973  0.         -0.01725222  0.07131946]
 [ 0.35525897  0.48959684 -0.5095774  -0.10627779  0.12627752  0.
  -0.01363002  0.         -0.03533321  0.04730916]
 [ 0.59258276  0.63165945 -0.5251534   0.07129022  0.11764259  0.
   0.06891747  0.         -0.04325048  0.00550222]
 [ 0.39215297  0.28800002 -0.39342895  0.03166278  0.0750886   0.
  -0.03508967  0.         -0.0089737   0.05811827]] 
Episode: 1005: [[ 0.20834307  0.15456453 -0.4434143  -0.19038202  0.02385196  0.
  -0.07150534  0.          0.00317181  0.06032297]
 [ 0.20638762  0.27963963 -0.47393566 -0.17942953  0.10230525  0.
  -0.07892929  0.         -0.01725222  0.07139893]
 [ 0.35534152  0.48980656 -0.50981224 -0.10626295  0.12631153  0.
  -0.0135293   0.         -0.03533321  0.0473533 ]
 [ 0.59274715  0.6319489  -0.52539194  0.07131606  0.11768996  0.
   0.06907813  0.         -0.04325048  0.00549473]
 [ 0.39217302  0.28817067 -0.39367     0.03166655  0.0751439   0.
  -0.03504663  0.         -0.0089737   0.05819019]] 
Episode: 1006: [[ 0.20840912  0.15472429 -0.44363645 -0.19036208  0.0239093   0.
  -0.07144854  0.          0.00317181  0.06045331]
 [ 0.20644689  0.27979657 -0.47415474 -0.17940982  0.10236008  0.
  -0.07887021  0.         -0.01725222  0.07152809]
 [ 0.35544407  0.49004117 -0.5100513  -0.10622936  0.12632692  0.
  -0.01338241  0.         -0.03533321  0.04745451]
 [ 0.59292847  0.6322493  -0.5256315   0.07136149  0.11771141  0.
   0.06927703  0.         -0.04325048  0.00554655]
 [ 0.39221618  0.288377   -0.39391923  0.03169053  0.07518263  0.
  -0.03494957  0.         -0.0089737   0.0583139 ]] 
Episode: 1007: [[ 0.20846482  0.15488726 -0.4438833  -0.19033769  0.02394643  0.
  -0.0714568   0.          0.00317181  0.0605466 ]
 [ 0.20649514  0.27995652 -0.4743983  -0.17938587  0.1023936   0.
  -0.07887572  0.         -0.01725222  0.0716181 ]
 [ 0.3555384   0.49027598 -0.5103208  -0.10618382  0.12631686  0.
  -0.01330648  0.         -0.03533321  0.04752663]
 [ 0.59310853  0.6325513  -0.5259065   0.07142743  0.11771528  0.
   0.0694017   0.         -0.04325048  0.0055835 ]
 [ 0.39224505  0.28858718 -0.39419922  0.03172047  0.07519913  0.
  -0.03492056  0.         -0.0089737   0.0583993 ]] 
Episode: 1008: [[ 0.20852436  0.15503561 -0.4441552  -0.19032583  0.02396119  0.
  -0.07149758  0.          0.00317181  0.06058319]
 [ 0.20654713  0.28010124 -0.47466686 -0.17937471  0.10240392  0.
  -0.07891594  0.         -0.01725222  0.07164922]
 [ 0.355633    0.4905003  -0.5106159  -0.10615156  0.12628639  0.
  -0.01326238  0.         -0.03533321  0.04755392]
 [ 0.5932832   0.6328482  -0.52620554  0.07147912  0.11770615  0.
   0.06950682  0.         -0.04325048  0.00559497]
 [ 0.39227632  0.28878078 -0.39450747  0.03173755  0.07518722  0.
  -0.03492131  0.         -0.0089737   0.05842055]] 
Episode: 1009: [[ 0.20855793  0.15515052 -0.44439065 -0.19038081  0.02396866  0.
  -0.07147489  0.          0.00317181  0.06060488]
 [ 0.20657288  0.2802126  -0.4748994  -0.17943124  0.10240771  0.
  -0.07889345  0.         -0.01725222  0.07166471]
 [ 0.35569647  0.4906883  -0.5108706  -0.10620248  0.12624957  0.
  -0.01316643  0.         -0.03533321  0.04760521]
 [ 0.5934196   0.6331094  -0.52646273  0.07143556  0.11767989  0.
   0.06965578  0.         -0.04325048  0.00567166]
 [ 0.39227605  0.28893533 -0.394773    0.03167887  0.07516972  0.
  -0.03486365  0.         -0.0089737   0.05843556]] 
Episode: 1010: [[ 0.20858724  0.15526842 -0.44459885 -0.19042882  0.02398268  0.
  -0.07149731  0.          0.00317181  0.06066664]
 [ 0.20659453  0.2803283  -0.47510472 -0.17948069  0.10241848  0.
  -0.0789187   0.         -0.01725222  0.07172246]
 [ 0.35575172  0.49087733 -0.5110957  -0.1062457   0.1262237   0.
  -0.01311715  0.         -0.03533321  0.04769297]
 [ 0.5935447   0.6333666  -0.52669007  0.0714006   0.11766297  0.
   0.06977224  0.         -0.04325048  0.00577244]
 [ 0.39226416  0.2890939  -0.39500684  0.03162796  0.07516281  0.
  -0.03485139  0.         -0.0089737   0.05849537]] 
Episode: 1011: [[ 0.20860893  0.1553575  -0.44483778 -0.19048566  0.02395193  0.
  -0.07157685  0.          0.00317181  0.06071505]
 [ 0.20660746  0.2804149  -0.47534055 -0.17953925  0.10238327  0.
  -0.0790001   0.         -0.01725222  0.07176854]
 [ 0.35580474  0.49104482 -0.5113569  -0.10629477  0.12615114  0.
  -0.01312907  0.         -0.03533321  0.0477591 ]
 [ 0.59367174  0.6336122  -0.526957    0.07136302  0.11760598  0.
   0.06982265  0.         -0.04325048  0.00584382]
 [ 0.39224356  0.28922272 -0.39527598  0.0315677   0.07510424  0.
  -0.03489869  0.         -0.0089737   0.05853856]] 
Episode: 1012: [[ 0.20863315  0.15544952 -0.44511205 -0.19052184  0.0239123   0.
  -0.07169141  0.          0.00317181  0.06078753]
 [ 0.20662257  0.2805048  -0.47561178 -0.17957701  0.10233885  0.
  -0.07911835  0.         -0.01725222  0.07183971]
 [ 0.35586062  0.49121732 -0.5116559  -0.1063152   0.12607022  0.
  -0.01318165  0.         -0.03533321  0.04785478]
 [ 0.59380436  0.6338644  -0.5272603   0.07136129  0.11754589  0.
   0.0698358   0.         -0.04325048  0.00594602]
 [ 0.3922253   0.28935507 -0.3955852   0.03153165  0.07503387  0.
  -0.03498238  0.         -0.0089737   0.05860822]] 
Episode: 1013: [[ 0.20866765  0.15554807 -0.445393   -0.19053334  0.02388046  0.
  -0.07183913  0.          0.00317181  0.06084375]
 [ 0.20664838  0.28060138 -0.47588986 -0.17958984  0.10230212  0.
  -0.07927204  0.         -0.01725222  0.07189423]
 [ 0.3559334   0.49139687 -0.5119638  -0.106305    0.1260005   0.
  -0.01326674  0.         -0.03533321  0.04793492]
 [ 0.5939636   0.6341214  -0.5275754   0.07139504  0.11749817  0.
   0.06982386  0.         -0.04325048  0.00603491]
 [ 0.3922255   0.28949416 -0.39590478  0.03152326  0.07497368  0.
  -0.03510126  0.         -0.0089737   0.05865857]] 
Episode: 1014: [[ 0.20872708  0.15561198 -0.44579485 -0.19048606  0.02373777  0.
  -0.07203141  0.          0.00317181  0.06087831]
 [ 0.20669842  0.28066325 -0.4762885  -0.1795432   0.10215123  0.
  -0.07946899  0.         -0.01725222  0.07192881]
 [ 0.35603738  0.49155247 -0.512398   -0.1062222   0.12581784  0.
  -0.01339959  0.         -0.03533321  0.047961  ]
 [ 0.59416324  0.6343777  -0.5280132   0.07150798  0.11737746  0.
   0.06975868  0.         -0.04325048  0.00603583]
 [ 0.39225367  0.28959763 -0.3963622   0.031582    0.07478742  0.
  -0.03526657  0.         -0.0089737   0.05867924]] 
Episode: 1015: [[ 0.20880257  0.15569171 -0.4461563  -0.19041671  0.02367577  0.
  -0.07226375  0.          0.00317181  0.0609039 ]
 [ 0.20676553  0.28074092 -0.47664687 -0.17947392  0.10208109  0.
  -0.07970484  0.         -0.01725222  0.07195321]
 [ 0.35615173  0.49171796 -0.51278764 -0.10611942  0.12572877  0.
  -0.0135754   0.         -0.03533321  0.04797422]
 [ 0.5943611   0.6346342  -0.52840513  0.0716376   0.11734855  0.
   0.06964558  0.         -0.04325048  0.00602049]
 [ 0.3922929   0.2897167  -0.39677307  0.03166391  0.07469714  0.
  -0.03547364  0.         -0.0089737   0.05869048]] 
Episode: 1016: [[ 0.20891282  0.1557807  -0.44649044 -0.1903413   0.02360665  0.
  -0.07248376  0.          0.00317181  0.06090521]
 [ 0.20686896  0.28082752 -0.4769777  -0.17939825  0.10200375  0.
  -0.07992878  0.         -0.01725222  0.07195298]
 [ 0.35629418  0.49188873 -0.51314473 -0.10601354  0.1256299   0.
  -0.01372637  0.         -0.03533321  0.0479641 ]
 [ 0.59457546  0.6348888  -0.52876234  0.07176685  0.11730304  0.
   0.06956574  0.         -0.04325048  0.00598148]
 [ 0.39236248  0.28984544 -0.39715096  0.03175224  0.07459691  0.
  -0.0356534   0.         -0.0089737   0.05867853]] 
Episode: 1017: [[ 0.20901892  0.15587275 -0.4468058  -0.19026324  0.02353604  0.
  -0.07266827  0.          0.00317181  0.06089323]
 [ 0.2069687   0.2809171  -0.47728997 -0.17931992  0.10192546  0.
  -0.08011607  0.         -0.01725222  0.07193896]
 [ 0.3564375   0.49206337 -0.5134863  -0.10590188  0.12553184  0.
  -0.01382832  0.         -0.03533321  0.04793933]
 [ 0.5947949   0.63514745 -0.5291097   0.07190383  0.11725879  0.
   0.06954613  0.         -0.04325048  0.00592893]
 [ 0.3924358   0.28997764 -0.39750996  0.03184428  0.07449744  0.
  -0.03579411  0.         -0.0089737   0.05865335]] 
Episode: 1018: [[ 0.20912196  0.15599464 -0.44709498 -0.190182    0.02348935  0.
  -0.07288204  0.          0.00317181  0.06087131]
 [ 0.2070658   0.28103653 -0.47757626 -0.17923832  0.10187156  0.
  -0.0803346   0.         -0.01725222  0.07191461]
 [ 0.35658002  0.49226627 -0.5138019  -0.10578708  0.12546246  0.
  -0.0139764   0.         -0.03533321  0.04789469]
 [ 0.59501535  0.6354278  -0.52943337  0.07204415  0.11724017  0.
   0.06947403  0.         -0.04325048  0.00584753]
 [ 0.392512    0.29014218 -0.39784005  0.03193941  0.07442535  0.
  -0.03597328  0.         -0.0089737   0.05861658]] 
Episode: 1019: [[ 0.20920832  0.15614246 -0.44735286 -0.19012776  0.02346356  0.
  -0.07303308  0.          0.00317181  0.06090477]
 [ 0.20714626  0.28118122 -0.47783118 -0.17918432  0.1018387   0.
  -0.08048876  0.         -0.01725222  0.07194662]
 [ 0.35670686  0.4924958  -0.51408666 -0.10570126  0.12541288  0.
  -0.01405331  0.         -0.03533321  0.04793148]
 [ 0.59522724  0.6357282  -0.52973294  0.07215725  0.11722225  0.
   0.0694636   0.         -0.04325048  0.005856  ]
 [ 0.3925692   0.29033226 -0.3981377   0.03200525  0.07437602  0.
  -0.03607609  0.         -0.0089737   0.05864385]] 
Episode: 1020: [[ 0.20927735  0.15628466 -0.4475614  -0.19009523  0.02344376  0.
  -0.07314262  0.          0.00317181  0.06096717]
 [ 0.20720951  0.28131992 -0.47803694 -0.17915238  0.10181236  0.
  -0.08059946  0.         -0.01725222  0.07200882]
 [ 0.3568081   0.49271828 -0.5143122  -0.10564511  0.12536468  0.
  -0.01406651  0.         -0.03533321  0.04801336]
 [ 0.5954021   0.63601685 -0.5299689   0.07223415  0.11718476  0.
   0.06950866  0.         -0.04325048  0.00592487]
 [ 0.39260632  0.29051337 -0.39837742  0.03204554  0.07433259  0.
  -0.03613131  0.         -0.0089737   0.05870592]] 
Episode: 1021: [[ 0.20938891  0.15642397 -0.4478738  -0.18999647  0.02337986  0.
  -0.07330064  0.          0.00317181  0.060993  ]
 [ 0.20731486  0.28145593 -0.4783467  -0.17905298  0.10173997  0.
  -0.08075783  0.         -0.01725222  0.07203223]
 [ 0.35695407  0.49296057 -0.5146419  -0.10551365  0.12526512  0.
  -0.01413469  0.         -0.03533321  0.04803739]
 [ 0.59561867  0.6363547  -0.5302992   0.07238838  0.11712343  0.
   0.06949477  0.         -0.04325048  0.00591525]
 [ 0.39268652  0.29069763 -0.3987316   0.03216016  0.07423139  0.
  -0.03623937  0.         -0.0089737   0.05871989]] 
Episode: 1022: [[ 0.20948257  0.15654323 -0.44815722 -0.18989465  0.02332336  0.
  -0.07344941  0.          0.00317181  0.06112166]
 [ 0.20740147  0.28157032 -0.4786273  -0.1789502   0.10167468  0.
  -0.08090781  0.         -0.01725222  0.07215548]
 [ 0.3570722   0.49317017 -0.5149402  -0.10538064  0.12516642  0.
  -0.01417152  0.         -0.03533321  0.04815135]
 [ 0.5958019   0.6366535  -0.530597    0.07254347  0.11705153  0.
   0.06953669  0.         -0.04325048  0.00598802]
 [ 0.39273167  0.29085496 -0.39905164  0.0322787   0.07413751  0.
  -0.0363253   0.         -0.0089737   0.05883545]] 
Episode: 1023: [[ 0.20957343  0.15664595 -0.4484488  -0.1897754   0.02324971  0.
  -0.07359734  0.          0.00317181  0.06122731]
 [ 0.20748574  0.2816682  -0.47891632 -0.17882967  0.10159244  0.
  -0.08105719  0.         -0.01725222  0.07225607]
 [ 0.35718966  0.49336958 -0.5152554  -0.10522234  0.12505214  0.
  -0.01420885  0.         -0.03533321  0.04823892]
 [ 0.59598416  0.6369515  -0.53091973  0.07272932  0.11696947  0.
   0.06958101  0.         -0.04325048  0.00602924]
 [ 0.3927797   0.29099602 -0.3993846   0.03241768  0.07402611  0.
  -0.03641186  0.         -0.0089737   0.05892775]] 
Episode: 1024: [[ 0.20965378  0.1567418  -0.44874993 -0.18966827  0.02314618  0.
  -0.0736709   0.          0.00317181  0.06135309]
 [ 0.20755921  0.28175896 -0.4792151  -0.17872138  0.10148044  0.
  -0.08113276  0.         -0.01725222  0.0723776 ]
 [ 0.35729247  0.49355757 -0.5155806  -0.10507609  0.12490171  0.
  -0.01418608  0.         -0.03533321  0.04837117]
 [ 0.5961503   0.6372364  -0.5312519   0.07290457  0.1168481   0.
   0.06967534  0.         -0.04325048  0.0061346 ]
 [ 0.3928144   0.29112944 -0.39972922  0.03254391  0.07388248  0.
  -0.03643128  0.         -0.0089737   0.05904735]] 
Episode: 1025: [[ 0.20971155  0.15680952 -0.44900948 -0.18958575  0.0230473   0.
  -0.0736951   0.          0.00317181  0.06153279]
 [ 0.20760976  0.28182214 -0.47947216 -0.1786382   0.10137376  0.
  -0.0811567   0.         -0.01725222  0.07255492]
 [ 0.35736826  0.4937171  -0.51585984 -0.10495739  0.12475554  0.
  -0.01410924  0.         -0.03533321  0.0485804 ]
 [ 0.59628886  0.6374933  -0.5315364   0.07305337  0.11672603  0.
   0.06981468  0.         -0.04325048  0.00631061]
 [ 0.3928214   0.2912312  -0.40002498  0.03264209  0.07375101  0.
  -0.03639308  0.         -0.0089737   0.05923166]] 
Episode: 1026: [[ 0.20975897  0.15686646 -0.44925502 -0.18952836  0.02295615  0.
  -0.07368921  0.          0.00317181  0.06168909]
 [ 0.2076502   0.2818749  -0.47971547 -0.17858054  0.10127588  0.
  -0.08114892  0.         -0.01725222  0.07270882]
 [ 0.35743508  0.49386996 -0.5161301  -0.10486746  0.12462115  0.
  -0.0140035   0.         -0.03533321  0.04875052]
 [ 0.5964216   0.63774717 -0.5318166   0.07317124  0.11661646  0.
   0.06998155  0.         -0.04325048  0.00643663]
 [ 0.39282253  0.29132152 -0.40030655  0.03271266  0.07363008  0.
  -0.03632468  0.         -0.0089737   0.05938983]] 
Episode: 1027: [[ 0.20982927  0.15696846 -0.44949913 -0.18945256  0.02294938  0.
  -0.07374348  0.          0.00317181  0.06178681]
 [ 0.20771453  0.2819733  -0.4799574  -0.17850389  0.10126275  0.
  -0.08120078  0.         -0.01725222  0.07280116]
 [ 0.3575233   0.49406055 -0.51639426 -0.10476197  0.12457991  0.
  -0.01396471  0.         -0.03533321  0.04885572]
 [ 0.5965705   0.63802594 -0.532087    0.07330105  0.1166028   0.
   0.07007726  0.         -0.04325048  0.00650116]
 [ 0.3928481   0.2914623  -0.4005853   0.03280235  0.07360116  0.
  -0.0363216   0.         -0.0089737   0.05948454]] 
Episode: 1028: [[ 0.20991208  0.15707883 -0.44971472 -0.18938887  0.02288208  0.
  -0.07373277  0.          0.00317181  0.0619638 ]
 [ 0.2077923   0.28208002 -0.48017055 -0.17843953  0.10118995  0.
  -0.0811886   0.         -0.01725222  0.07297848]
 [ 0.3576145   0.49424765 -0.5166268  -0.10467091  0.12446704  0.
  -0.01387346  0.         -0.03533321  0.04904239]
 [ 0.5967084   0.63828826 -0.5323256   0.07341436  0.11650477  0.
   0.07021783  0.         -0.04325048  0.00664041]
 [ 0.39287567  0.2916103  -0.40083036  0.03287869  0.07350215  0.
  -0.03626038  0.         -0.0089737   0.05967241]] 
Episode: 1029: [[ 0.21000564  0.15720554 -0.44995785 -0.18930463  0.02283562  0.
  -0.07378265  0.          0.00317181  0.06209218]
 [ 0.20788057  0.28220385 -0.48041132 -0.17835416  0.10113796  0.
  -0.08123647  0.         -0.01725222  0.07310641]
 [ 0.35772175  0.49445134 -0.51688814 -0.10455509  0.12437554  0.
  -0.01384769  0.         -0.03533321  0.04916185]
 [ 0.59686667  0.6385639  -0.53259116  0.07355408  0.1164306   0.
   0.07028988  0.         -0.04325048  0.00669684]
 [ 0.39292124  0.2917773  -0.40110588  0.03297853  0.0734211   0.
  -0.03626372  0.         -0.0089737   0.05980667]] 
Episode: 1030: [[ 0.21009052  0.15736    -0.45018145 -0.18922645  0.02283215  0.
  -0.07376803  0.          0.00317181  0.06228046]
 [ 0.20796     0.28235513 -0.48063266 -0.17827494  0.10113005  0.
  -0.08122073  0.         -0.01725222  0.07329549]
 [ 0.35781348  0.49467352 -0.51712704 -0.10444798  0.12432319  0.
  -0.01376817  0.         -0.03533321  0.04934002]
 [ 0.5969984   0.6388473  -0.5328319   0.07368257  0.11637925  0.
   0.07040916  0.         -0.04325048  0.00680738]
 [ 0.39294878  0.29197153 -0.40135676  0.03307187  0.07338442  0.
  -0.03620832  0.         -0.0089737   0.06000682]] 
Episode: 1031: [[ 0.21014835  0.15744491 -0.4503673  -0.18921413  0.02282696  0.
  -0.07370488  0.          0.00317181  0.06244878]
 [ 0.20801185  0.28243676 -0.4808165  -0.17826264  0.10112152  0.
  -0.08115435  0.         -0.01725222  0.07346482]
 [ 0.35788092  0.49482375 -0.5173197  -0.10442282  0.12427274  0.
  -0.01364031  0.         -0.03533321  0.04949803]
 [ 0.597112    0.63906515 -0.53301924  0.07371742  0.11632746  0.
   0.07057092  0.         -0.04325048  0.00690238]
 [ 0.39294973  0.29208586 -0.40156254  0.03309023  0.07335157  0.
  -0.03610009  0.         -0.0089737   0.06018632]] 
Episode: 1032: [[ 0.21019416  0.15751858 -0.45055422 -0.1892408   0.02282768  0.
  -0.07358857  0.          0.00317181  0.06258554]
 [ 0.20805158  0.28250733 -0.48100162 -0.17828993  0.10111959  0.
  -0.08103584  0.         -0.01725222  0.07360168]
 [ 0.3579399   0.4949628  -0.5175193  -0.10444123  0.12422833  0.
  -0.01346897  0.         -0.03533321  0.04963312]
 [ 0.5972213   0.639274   -0.533219    0.07370661  0.11628046  0.
   0.0707709   0.         -0.04325048  0.00698984]
 [ 0.3929428   0.2921891  -0.40177262  0.03306593  0.07332833  0.
  -0.03594433  0.         -0.0089737   0.0603341 ]] 
Episode: 1033: [[ 0.2102257   0.15756175 -0.45070985 -0.18933232  0.02280774  0.
  -0.07342447  0.          0.00317181  0.06266732]
 [ 0.20807706  0.28254813 -0.48115566 -0.17838316  0.10109755  0.
  -0.08087045  0.         -0.01725222  0.07368195]
 [ 0.35798487  0.49507317 -0.5176772  -0.10454251  0.12416267  0.
  -0.0132585   0.         -0.03533321  0.04974119]
 [ 0.5973151   0.63945204 -0.53337115  0.0735983   0.11619829  0.
   0.07100526  0.         -0.04325048  0.00708673]
 [ 0.39292344  0.29225767 -0.40194517  0.03296675  0.0732846   0.
  -0.03574583  0.         -0.0089737   0.06042849]] 
Episode: 1034: [[ 0.21025659  0.15758638 -0.4508618  -0.18943447  0.02277234  0.
  -0.07323667  0.          0.00317181  0.06271419]
 [ 0.20810202  0.28256932 -0.4813059  -0.17848721  0.10105979  0.
  -0.0806793   0.         -0.01725222  0.07372656]
 [ 0.35803133  0.49516958 -0.51783496 -0.10465458  0.12407637  0.
  -0.01301284  0.         -0.03533321  0.0498068 ]
 [ 0.5974102   0.6396261  -0.53352654  0.07347837  0.11609466  0.
   0.07127056  0.         -0.04325048  0.00713615]
 [ 0.3929065   0.29230592 -0.40211487  0.03285636  0.07322367  0.
  -0.03551294  0.         -0.0089737   0.0604852 ]] 
Episode: 1035: [[ 0.21029119  0.15765153 -0.45103142 -0.18951514  0.0227111   0.
  -0.07300824  0.          0.00317181  0.06277741]
 [ 0.20813042  0.2826316  -0.48147362 -0.17856951  0.10099586  0.
  -0.08044857  0.         -0.01725222  0.07378878]
 [ 0.35808438  0.49529925 -0.518012   -0.104739    0.12395313  0.
  -0.01273552  0.         -0.03533321  0.04989213]
 [ 0.59751993  0.6398195  -0.53370196  0.07339107  0.11594827  0.
   0.07156369  0.         -0.04325048  0.00720751]
 [ 0.3928961   0.2923997  -0.4023048   0.03277145  0.07312661  0.
  -0.03524506  0.         -0.0089737   0.06055674]] 
Episode: 1036: [[ 0.21033019  0.15767816 -0.45120955 -0.18958789  0.0226201   0.
  -0.07274327  0.          0.00317181  0.06278455]
 [ 0.20816354  0.28265476 -0.48164976 -0.17864381  0.10090213  0.
  -0.08018222  0.         -0.01725222  0.07379396]
 [ 0.3581461   0.4954013  -0.51820964 -0.1048108   0.12379137  0.
  -0.01242974  0.         -0.03533321  0.04991402]
 [ 0.59764254  0.64000005 -0.5339096   0.07331838  0.11575891  0.
   0.07188186  0.         -0.04325048  0.00721161]
 [ 0.39289606  0.29245177 -0.4025095   0.03269638  0.07299621  0.
  -0.03494572  0.         -0.0089737   0.06056726]] 
Episode: 1037: [[ 0.2105005   0.15765849 -0.45137572 -0.18962678  0.022597    0.
  -0.0725643   0.          0.00317181  0.06289641]
 [ 0.20832442  0.2826311  -0.4818135  -0.1786834   0.10087489  0.
  -0.08000131  0.         -0.01725222  0.07390077]
 [ 0.35834205  0.495447   -0.518392   -0.10485146  0.12369845  0.
  -0.01221083  0.         -0.03533321  0.05002589]
 [ 0.59787744  0.64012563 -0.5341001   0.07327184  0.11563938  0.
   0.07211379  0.         -0.04325048  0.00729659]
 [ 0.3930573   0.29244497 -0.40270057  0.03265545  0.07294208  0.
  -0.03473469  0.         -0.0089737   0.06067951]] 
Episode: 1038: [[ 0.21075061  0.15764046 -0.45153233 -0.18965125  0.02256105  0.
  -0.07237074  0.          0.00317181  0.06295618]
 [ 0.20857048  0.28260928 -0.4819675  -0.17870829  0.1008343   0.
  -0.0798047   0.         -0.01725222  0.07395623]
 [ 0.3586084   0.49549273 -0.51856035 -0.10487901  0.12359483  0.
  -0.01196755  0.         -0.03533321  0.05009359]
 [ 0.5981427   0.6402496  -0.5342719   0.07323653  0.11551344  0.
   0.07237455  0.         -0.04325048  0.00735711]
 [ 0.39329728  0.29244426 -0.40287676  0.03262739  0.07287647  0.
  -0.03450852  0.         -0.0089737   0.06074638]] 
Episode: 1039: [[ 0.21107818  0.15762278 -0.4516908  -0.18964626  0.02256972  0.
  -0.07225602  0.          0.00317181  0.06304929]
 [ 0.20889747  0.28258634 -0.48212296 -0.17870295  0.10083517  0.
  -0.07968652  0.         -0.01725222  0.07404614]
 [ 0.35895628  0.49553406 -0.51872504 -0.10487889  0.12353808  0.
  -0.01180488  0.         -0.03533321  0.05019738]
 [ 0.598483    0.6403687  -0.53443545  0.07322598  0.11544155  0.
   0.07255483  0.         -0.04325048  0.00745011]
 [ 0.39362815  0.2924428  -0.40305096  0.03262975  0.07285532  0.
  -0.03436333  0.         -0.0089737   0.06085227]] 
Episode: 1040: [[ 0.21137132  0.15760566 -0.4518707  -0.18963061  0.02253608  0.
  -0.07209339  0.          0.00317181  0.06313468]
 [ 0.20918903  0.2825645  -0.48229992 -0.17868711  0.10079371  0.
  -0.07952148  0.         -0.01725222  0.07412836]
 [ 0.3592753   0.49558043 -0.5189171  -0.10485905  0.12344112  0.
  -0.01160227  0.         -0.03533321  0.05029269]
 [ 0.5988099   0.6404969  -0.5346308   0.0732427   0.11534083  0.
   0.07277142  0.         -0.04325048  0.00753401]
 [ 0.3939258   0.29244328 -0.40325204  0.03264639  0.07278872  0.
  -0.0341744   0.         -0.0089737   0.0609461 ]] 
Episode: 1041: [[ 0.21163419  0.15759598 -0.4520409  -0.1896305   0.02250327  0.
  -0.07191893  0.          0.00317181  0.06319556]
 [ 0.20945005  0.28255063 -0.48246726 -0.17868708  0.10075392  0.
  -0.07934325  0.         -0.01725222  0.07418596]
 [ 0.35956633  0.49563864 -0.51910436 -0.10485326  0.12334999  0.
  -0.01137361  0.         -0.03533321  0.05035413]
 [ 0.5991165   0.6406397  -0.53482664  0.0732471   0.11524814  0.
   0.07302067  0.         -0.04325048  0.00757542]
 [ 0.3941926   0.29245362 -0.40344453  0.03264713  0.07272653  0.
  -0.03396794  0.         -0.0089737   0.06101243]] 
Episode: 1042: [[ 0.2118781   0.15757786 -0.45221293 -0.18963529  0.02248192  0.
  -0.07182139  0.          0.00317181  0.06322961]
 [ 0.20969217  0.2825287  -0.48263624 -0.1786921   0.10072571  0.
  -0.07924162  0.         -0.01725222  0.07421793]
 [ 0.35983914  0.49569404 -0.51929766 -0.10485249  0.12328136  0.
  -0.01122407  0.         -0.03533321  0.05036724]
 [ 0.59941334  0.64079094 -0.5350337   0.07324995  0.11519153  0.
   0.07319063  0.         -0.04325048  0.00754769]
 [ 0.39444023  0.2924568  -0.40364197  0.03264245  0.07268205  0.
  -0.03384047  0.         -0.0089737   0.06104445]] 
Episode: 1043: [[ 0.21210197  0.15756407 -0.45237637 -0.18963014  0.02245746  0.
  -0.07173984  0.          0.00317181  0.06325463]
 [ 0.20991439  0.2825112  -0.48279682 -0.17868702  0.10069481  0.
  -0.07915667  0.         -0.01725222  0.074241  ]
 [ 0.36009136  0.4957507  -0.51948327 -0.10483913  0.12321295  0.
  -0.01109559  0.         -0.03533321  0.05036964]
 [ 0.59969103  0.6409378  -0.53523433  0.07326767  0.11513527  0.
   0.07333443  0.         -0.04325048  0.00750978]
 [ 0.39466944  0.2924636  -0.40383053  0.03264943  0.07263537  0.
  -0.0337316   0.         -0.0089737   0.06106683]] 
Episode: 1044: [[ 0.21232212  0.15756997 -0.45256275 -0.1896018   0.02242724  0.
  -0.07172187  0.          0.00317181  0.06323888]
 [ 0.21013275  0.28251323 -0.4829804  -0.17865872  0.10065804  0.
  -0.07913889  0.         -0.01725222  0.07422212]
 [ 0.36035165  0.4958341  -0.5196981  -0.10479255  0.12314176  0.
  -0.01103188  0.         -0.03533321  0.05032551]
 [ 0.59999585  0.6411166  -0.53546965  0.07332727  0.11508464  0.
   0.07342009  0.         -0.04325048  0.00742591]
 [ 0.39490217  0.2924945  -0.40404847  0.03268369  0.07258365  0.
  -0.03369102  0.         -0.0089737   0.06104241]] 
Episode: 1045: [[ 0.21258253  0.15756966 -0.45274282 -0.18956538  0.02239185  0.
  -0.07176515  0.          0.00317181  0.06326082]
 [ 0.21039364  0.28251043 -0.48315746 -0.17862207  0.10061596  0.
  -0.07918163  0.         -0.01725222  0.07424393]
 [ 0.3606532   0.49590325 -0.5199009  -0.10474059  0.12306452  0.
  -0.01103079  0.         -0.03533321  0.05031993]
 [ 0.60033286  0.6412693  -0.53568816  0.07338877  0.11502333  0.
   0.07344279  0.         -0.04325048  0.00738024]
 [ 0.3951849   0.29251608 -0.40425643  0.03272566  0.07252313  0.
  -0.03371281  0.         -0.0089737   0.06105962]] 
Episode: 1046: [[ 0.21283956  0.15759727 -0.45295364 -0.18950617  0.02238143  0.
  -0.07186351  0.          0.00317181  0.06331449]
 [ 0.21065003  0.28253394 -0.4833653  -0.17856221  0.10059753  0.
  -0.0792788   0.         -0.01725222  0.0742965 ]
 [ 0.3609524   0.4959958  -0.5201303  -0.1046637   0.12301251  0.
  -0.01108155  0.         -0.03533321  0.05035632]
 [ 0.6006649   0.64144135 -0.53592545  0.07347418  0.11499047  0.
   0.07344687  0.         -0.04325048  0.00739142]
 [ 0.39545593  0.29256955 -0.4044963   0.03279226  0.07248849  0.
  -0.03379072  0.         -0.0089737   0.06111154]] 
Episode: 1047: [[ 0.21307194  0.15764281 -0.45316687 -0.189453    0.02237641  0.
  -0.07199226  0.          0.00317181  0.06335054]
 [ 0.21088088  0.28257588 -0.48357558 -0.17850862  0.10058511  0.
  -0.07940836  0.         -0.01725222  0.07433212]
 [ 0.3612313   0.4961145  -0.5203634  -0.10459007  0.12297032  0.
  -0.01116859  0.         -0.03533321  0.05036455]
 [ 0.6009881   0.6416449  -0.5361678   0.07356001  0.11497271  0.
   0.07341167  0.         -0.04325048  0.00736231]
 [ 0.39570108  0.29264647 -0.40474007  0.0328529   0.07246338  0.
  -0.03390111  0.         -0.0089737   0.06114234]] 
Episode: 1048: [[ 0.21330671  0.15769482 -0.45336455 -0.1893941   0.02234927  0.
  -0.07213902  0.          0.00317181  0.06335518]
 [ 0.21111494  0.2826235  -0.4837703  -0.17844917  0.10054972  0.
  -0.07955728  0.         -0.01725222  0.0743352 ]
 [ 0.36150753  0.4962351  -0.5205768  -0.10451256  0.12290766  0.
  -0.01128123  0.         -0.03533321  0.05033544]
 [ 0.601297    0.6418461  -0.53638804  0.07364737  0.11493711  0.
   0.0733477   0.         -0.04325048  0.007296  ]
 [ 0.3959448   0.29272813 -0.40496516  0.03291961  0.07241403  0.
  -0.0340312   0.         -0.0089737   0.06113832]] 
Episode: 1049: [[ 0.21354052  0.1577921  -0.45358482 -0.18930379  0.02234233  0.
  -0.07233052  0.          0.00317181  0.06335044]
 [ 0.21134783  0.2827168  -0.4839878  -0.1783577   0.10053394  0.
  -0.07975002  0.         -0.01725222  0.07432838]
 [ 0.3617821   0.4963973  -0.5208104  -0.10440274  0.12286244  0.
  -0.01143886  0.         -0.03533321  0.0502928 ]
 [ 0.60160756  0.64208066 -0.53662574  0.07376748  0.11491809  0.
   0.07323567  0.         -0.04325048  0.00721074]
 [ 0.3961859   0.2928598  -0.4052165   0.03301985  0.07238284  0.
  -0.03420657  0.         -0.0089737   0.06112143]] 
Episode: 1050: [[ 0.21371831  0.15787506 -0.45375812 -0.18925846  0.02231968  0.
  -0.07244338  0.          0.00317181  0.06345205]
 [ 0.2115233   0.28279567 -0.48415834 -0.1783121   0.10050385  0.
  -0.0798647   0.         -0.01725222  0.07442482]
 [ 0.36198807  0.49653715 -0.52099574 -0.10434069  0.12280115  0.
  -0.01152444  0.         -0.03533321  0.05034703]
 [ 0.6018428   0.6422856  -0.5368163   0.07384033  0.11487386  0.
   0.07318931  0.         -0.04325048  0.00721561]
 [ 0.39635307  0.29297185 -0.4054143   0.03307103  0.07233858  0.
  -0.03430606  0.         -0.0089737   0.06120943]] 
Episode: 1051: [[ 0.21385789  0.1579547  -0.45391843 -0.18927056  0.02231832  0.
  -0.07248551  0.          0.00317181  0.06353539]
 [ 0.21165939  0.2828713  -0.484316   -0.1783248   0.10049599  0.
  -0.07990917  0.         -0.01725222  0.07450306]
 [ 0.36216033  0.49667725 -0.5211733  -0.10434397  0.12276835  0.
  -0.0115452   0.         -0.03533321  0.05039953]
 [ 0.60206074  0.6424905  -0.53700376  0.07384363  0.11485763  0.
   0.07320204  0.         -0.04325048  0.00723837]
 [ 0.39648047  0.29308438 -0.40559706  0.03305811  0.07232342  0.
  -0.03433729  0.         -0.0089737   0.06128108]] 
Episode: 1052: [[ 0.2139836   0.15803142 -0.4541008  -0.18930912  0.02230646  0.
  -0.07250477  0.          0.00317181  0.06359345]
 [ 0.21178131  0.28294393 -0.4844958  -0.1783644   0.10047811  0.
  -0.07992921  0.         -0.01725222  0.07455602]
 [ 0.362325    0.4968247  -0.52138674 -0.10437475  0.12272529  0.
  -0.01154286  0.         -0.03533321  0.05041215]
 [ 0.60228664  0.6427157  -0.53724027  0.07381864  0.11484044  0.
   0.07323094  0.         -0.04325048  0.00720576]
 [ 0.39659774  0.2931967  -0.4058113   0.03301721  0.07229729  0.
  -0.0343423   0.         -0.0089737   0.061323  ]] 
Episode: 1053: [[ 0.21410802  0.15814522 -0.45430622 -0.1893247   0.02229775  0.
  -0.07258153  0.          0.00317181  0.06361389]
 [ 0.21190193  0.28305364 -0.48469874 -0.17838089  0.10046326  0.
  -0.08000597  0.         -0.01725222  0.0745709 ]
 [ 0.36249182  0.49701604 -0.5216277  -0.10437166  0.12268341  0.
  -0.01159702  0.         -0.03533321  0.05037646]
 [ 0.6025213   0.64298594 -0.5375062   0.07383698  0.11482639  0.
   0.07320247  0.         -0.04325048  0.00711725]
 [ 0.39671543  0.2933536  -0.40605345  0.03300397  0.07227375  0.
  -0.03440512  0.         -0.0089737   0.06132071]] 
Episode: 1054: [[ 0.21420242  0.15825197 -0.45449317 -0.18938617  0.02229146  0.
  -0.07270818  0.          0.00317181  0.06362228]
 [ 0.2119918   0.28315642 -0.48488322 -0.178444    0.10045118  0.
  -0.08013374  0.         -0.01725222  0.07457504]
 [ 0.362634    0.49720088 -0.5218557  -0.10442082  0.12265258  0.
  -0.01170202  0.         -0.03533321  0.05028895]
 [ 0.60274535  0.64325595 -0.5377661   0.07379922  0.11483991  0.
   0.07312239  0.         -0.04325048  0.00695627]
 [ 0.39680007  0.2935038  -0.4062775   0.0329393   0.07225846  0.
  -0.03451994  0.         -0.0089737   0.06129605]] 
Episode: 1055: [[ 0.21433926  0.15834334 -0.4546483  -0.18943003  0.02228364  0.
  -0.07278862  0.          0.00317181  0.06363762]
 [ 0.21212603  0.283245   -0.48503545 -0.1784891   0.10043828  0.
  -0.08021326  0.         -0.01725222  0.07458755]
 [ 0.36282033  0.49736845 -0.52204853 -0.10445344  0.12262218  0.
  -0.0117417   0.         -0.03533321  0.05021714]
 [ 0.60300654  0.6435037  -0.53799015  0.07377518  0.11484957  0.
   0.07310478  0.         -0.04325048  0.00681514]
 [ 0.3969344   0.2936361  -0.40646547  0.03289396  0.07224507  0.
  -0.03456778  0.         -0.0089737   0.06128171]] 
Episode: 1056: [[ 0.21447411  0.15842813 -0.45480782 -0.18945146  0.02225622  0.
  -0.07292041  0.          0.00317181  0.06360658]
 [ 0.2122585   0.28332675 -0.48519218 -0.17851152  0.1004054   0.
  -0.08034353  0.         -0.01725222  0.07455293]
 [ 0.3630066   0.49753684 -0.522248   -0.10445685  0.12257442  0.
  -0.01183364  0.         -0.03533321  0.05008514]
 [ 0.60327023  0.64375937 -0.5382233   0.07378577  0.11484601  0.
   0.0730345   0.         -0.04325048  0.0066069 ]
 [ 0.39707154  0.29376197 -0.40666     0.03287464  0.07220966  0.
  -0.0346691   0.         -0.0089737   0.06121511]] 
Episode: 1057: [[ 0.21459831  0.15850507 -0.45496386 -0.18948318  0.02222488  0.
  -0.07304329  0.          0.00317181  0.06355721]
 [ 0.21238016  0.2834004  -0.48534548 -0.17854448  0.10036889  0.
  -0.08046508  0.         -0.01725222  0.0744999 ]
 [ 0.36318383  0.49770033 -0.5224448  -0.10447093  0.12252745  0.
  -0.01192279  0.         -0.03533321  0.04993543]
 [ 0.6035288   0.6440121  -0.53845465  0.07378637  0.11484521  0.
   0.07296082  0.         -0.04325048  0.00637974]
 [ 0.39719832  0.29387864 -0.4068509   0.032844    0.07217084  0.
  -0.0347633   0.         -0.0089737   0.06113021]] 
Episode: 1058: [[ 0.21471731  0.15859325 -0.4551298  -0.18949549  0.02219741  0.
  -0.07318324  0.          0.00317181  0.06351065]
 [ 0.21249633  0.28348517 -0.48550874 -0.17855781  0.10033647  0.
  -0.080605    0.         -0.01725222  0.07445023]
 [ 0.36335954  0.4978744  -0.5226536  -0.10445915  0.12248189  0.
  -0.01204281  0.         -0.03533321  0.04978297]
 [ 0.6037941   0.6442746  -0.5386999   0.07381939  0.11484279  0.
   0.07284082  0.         -0.04325048  0.00613825]
 [ 0.39732283  0.29400826 -0.40705433  0.03283602  0.07213548  0.
  -0.03487873  0.         -0.0089737   0.06104829]] 
Episode: 1059: [[ 0.21477266  0.15869121 -0.45527133 -0.18967387  0.02218724  0.
  -0.07324968  0.          0.00317181  0.06346704]
 [ 0.2125469   0.28358293 -0.48564827 -0.17873958  0.10032425  0.
  -0.08067212  0.         -0.01725222  0.07440466]
 [ 0.36346793  0.49806407 -0.5228318  -0.1046358   0.12244733  0.
  -0.01209453  0.         -0.03533321  0.04961688]
 [ 0.6039932   0.6445551  -0.53890735  0.07368968  0.11483701  0.
   0.07278732  0.         -0.04325048  0.00586135]
 [ 0.39736566  0.29415146 -0.4072272   0.03263605  0.07211967  0.
  -0.03492428  0.         -0.0089737   0.06096707]] 
Episode: 1060: [[ 0.21484847  0.15877618 -0.45541757 -0.18982771  0.02215071  0.
  -0.07329163  0.          0.00317181  0.0634413 ]
 [ 0.212619    0.28366712 -0.48579252 -0.17889634  0.1002847   0.
  -0.08071375  0.         -0.01725222  0.07437751]
 [ 0.36358604  0.49823564 -0.52300805 -0.10478771  0.12238229  0.
  -0.0121018   0.         -0.03533321  0.04948651]
 [ 0.6041881   0.644814   -0.53910595  0.07357932  0.11479755  0.
   0.07279364  0.         -0.04325048  0.00563045]
 [ 0.39741915  0.29427984 -0.40740195  0.03246362  0.07207015  0.
  -0.03493039  0.         -0.0089737   0.06091489]] 
Episode: 1061: [[ 0.21491176  0.15885341 -0.45557177 -0.18994449  0.02212214  0.
  -0.07338887  0.          0.00317181  0.06345315]
 [ 0.21267731  0.28374323 -0.48594454 -0.17901532  0.10025213  0.
  -0.08081     0.         -0.01725222  0.07438958]
 [ 0.36368114  0.49839345 -0.5231862  -0.10490131  0.12232444  0.
  -0.01216464  0.         -0.03533321  0.04939722]
 [ 0.6043492   0.64505625 -0.539299    0.07350264  0.11476778  0.
   0.07274487  0.         -0.04325048  0.00543545]
 [ 0.3974434   0.2943986  -0.40758184  0.03233215  0.07202874  0.
  -0.03499422  0.         -0.0089737   0.06090181]] 
Episode: 1062: [[ 0.21498959  0.15896142 -0.45572883 -0.19003944  0.0221172   0.
  -0.0735118   0.          0.00317181  0.06345348]
 [ 0.21275046  0.2838531  -0.48609957 -0.17911209  0.10024392  0.
  -0.0809349   0.         -0.01725222  0.07438931]
 [ 0.36379224  0.4985895  -0.523364   -0.10499407  0.12228406  0.
  -0.012233    0.         -0.03533321  0.04930258]
 [ 0.60452497  0.6453303  -0.53948635  0.0734417   0.11474128  0.
   0.0727248   0.         -0.04325048  0.00523857]
 [ 0.39748573  0.2945533  -0.40776125  0.03222359  0.07200821  0.
  -0.03508251  0.         -0.0089737   0.06087713]] 
Episode: 1063: [[ 0.21508119  0.15905198 -0.45587084 -0.19012472  0.02209777  0.
  -0.0735629   0.          0.00317181  0.06352364]
 [ 0.21283834  0.28394568 -0.4862395  -0.17919903  0.10022232  0.
  -0.0809885   0.         -0.01725222  0.0744621 ]
 [ 0.3639166   0.49875876 -0.5235239  -0.10507695  0.12222634  0.
  -0.0122382   0.         -0.03533321  0.04929288]
 [ 0.604708    0.64557    -0.53965396  0.07338719  0.11469084  0.
   0.07276122  0.         -0.04325048  0.00513251]
 [ 0.397547    0.29468483 -0.40792185  0.03212618  0.07196997  0.
  -0.03510361  0.         -0.0089737   0.06093433]] 
Episode: 1064: [[ 0.21518317  0.15916926 -0.4560334  -0.19017643  0.02206585  0.
  -0.07366835  0.          0.00317181  0.06358851]
 [ 0.2129368   0.2840648  -0.48639998 -0.17925175  0.10018718  0.
  -0.08109549  0.         -0.01725222  0.07452925]
 [ 0.36405435  0.4989481  -0.52370214 -0.10512409  0.12215468  0.
  -0.01229919  0.         -0.03533321  0.04928817]
 [ 0.604906    0.64582187 -0.539839    0.07336703  0.11462892  0.
   0.07273951  0.         -0.04325048  0.00504297]
 [ 0.39762372  0.29484633 -0.4081081   0.03206629  0.07191791  0.
  -0.03518092  0.         -0.0089737   0.06098616]] 
Episode: 1065: [[ 0.21528228  0.15929309 -0.4562373  -0.19019338  0.02198516  0.
  -0.07377622  0.          0.00317181  0.06365291]
 [ 0.2130316   0.28418893 -0.48660186 -0.1792692   0.10010172  0.
  -0.08120538  0.         -0.01725222  0.07459477]
 [ 0.3641854   0.499139   -0.52392566 -0.10512707  0.12202684  0.
  -0.01235528  0.         -0.03533321  0.04929573]
 [ 0.60508966  0.6460752  -0.5400697   0.07339441  0.11451943  0.
   0.07272294  0.         -0.04325048  0.00498178]
 [ 0.3976938   0.29501536 -0.40834248  0.03204751  0.07180902  0.
  -0.035255    0.         -0.0089737   0.06104149]] 
Episode: 1066: [[ 0.21537605  0.15945101 -0.45645615 -0.19019337  0.02190909  0.
  -0.07391966  0.          0.00317181  0.06371358]
 [ 0.21312028  0.28434634 -0.4868188  -0.17926957  0.10001985  0.
  -0.08135251  0.         -0.01725222  0.07465626]
 [ 0.3643125   0.49937037 -0.5241647  -0.10510772  0.12190804  0.
  -0.01245683  0.         -0.03533321  0.04929143]
 [ 0.60527486  0.64637035 -0.5403147   0.07344718  0.11442533  0.
   0.07266169  0.         -0.04325048  0.0049003 ]
 [ 0.39775696  0.29522502 -0.40859306  0.03204864  0.07170323  0.
  -0.03536852  0.         -0.0089737   0.06108951]] 
Episode: 1067: [[ 0.2154373   0.15959321 -0.45666072 -0.19024989  0.02182623  0.
  -0.07398921  0.          0.00317181  0.06377775]
 [ 0.21317567  0.2844872  -0.48702168 -0.17932725  0.0999314   0.
  -0.08142608  0.         -0.01725222  0.07472103]
 [ 0.36440253  0.4995955  -0.52438825 -0.10515594  0.12178054  0.
  -0.01249187  0.         -0.03533321  0.04932149]
 [ 0.60542184  0.6466658  -0.5405435   0.07342178  0.11431158  0.
   0.07266109  0.         -0.04325048  0.00488466]
 [ 0.3977832   0.29541892 -0.4088266   0.03198594  0.07159016  0.
  -0.03541231  0.         -0.0089737   0.06114964]] 
Episode: 1068: [[ 0.21545312  0.15968736 -0.45687145 -0.19043683  0.02172986  0.
  -0.07411127  0.          0.00317181  0.06375176]
 [ 0.21318363  0.28457877 -0.48723066 -0.17951666  0.09982904  0.
  -0.08155107  0.         -0.01725222  0.07469565]
 [ 0.36444193  0.49980003 -0.5246258  -0.10536795  0.12164917  0.
  -0.01257972  0.         -0.03533321  0.04925555]
 [ 0.6055157   0.64698094 -0.5407928   0.07324047  0.11421607  0.
   0.07260604  0.         -0.04325048  0.00478907]
 [ 0.39775193  0.2955671  -0.40906864  0.03177446  0.07146571  0.
  -0.03551004  0.         -0.0089737   0.06109985]] 
Episode: 1069: [[ 0.21560366  0.1597817  -0.4570895  -0.19057928  0.02155531  0.
  -0.07426365  0.          0.00317181  0.06368153]
 [ 0.21332285  0.28466913 -0.487446   -0.17966078  0.09964643  0.
  -0.08170883  0.         -0.01725222  0.07462575]
 [ 0.3646187   0.4999948  -0.52486193 -0.1055334   0.12142464  0.
  -0.01268363  0.         -0.03533321  0.04915833]
 [ 0.6057312   0.64728016 -0.5410326   0.07309774  0.11403952  0.
   0.07252233  0.         -0.04325048  0.00467861]
 [ 0.39788333  0.29571378 -0.409314    0.03161243  0.07123889  0.
  -0.03562357  0.         -0.0089737   0.06101105]] 
Episode: 1070: [[ 0.21573113  0.15985131 -0.45727548 -0.19070783  0.02142193  0.
  -0.07439062  0.          0.00317181  0.06372496]
 [ 0.21343878  0.28473502 -0.48762912 -0.17979091  0.09950571  0.
  -0.08184229  0.         -0.01725222  0.07466615]
 [ 0.36476475  0.5001602  -0.5250637  -0.10568193  0.12124296  0.
  -0.01272077  0.         -0.03533321  0.0491638 ]
 [ 0.60590744  0.6475459  -0.54123676  0.07296992  0.113894    0.
   0.07250151  0.         -0.04325048  0.0046608 ]
 [ 0.39797598  0.2958283  -0.40952054  0.03146543  0.07105879  0.
  -0.03570139  0.         -0.0089737   0.06103488]] 
Episode: 1071: [[ 0.21584328  0.15995234 -0.4574855  -0.190813    0.02128792  0.
  -0.07456439  0.          0.00317181  0.06382841]
 [ 0.21353935  0.28483212 -0.48783624 -0.17989741  0.09936382  0.
  -0.08202118  0.         -0.01725222  0.07476852]
 [ 0.36489707  0.5003522  -0.52528983 -0.10580268  0.12105351  0.
  -0.01281054  0.         -0.03533321  0.04923688]
 [ 0.60607815  0.6478309  -0.54146624  0.07287055  0.11372774  0.
   0.07246359  0.         -0.04325048  0.0047068 ]
 [ 0.39804983  0.29597783 -0.40975618  0.03134442  0.07087564  0.
  -0.03582981  0.         -0.0089737   0.06112471]] 
Episode: 1072: [[ 0.21595033  0.16008314 -0.457705   -0.1908987   0.02117623  0.
  -0.07476302  0.          0.00317181  0.06390536]
 [ 0.21363498  0.28495908 -0.4880529  -0.17998444  0.09924474  0.
  -0.08222692  0.         -0.01725222  0.07484285]
 [ 0.3650279   0.50058156 -0.5255277  -0.10589663  0.12088693  0.
  -0.01292637  0.         -0.03533321  0.04928458]
 [ 0.6062554   0.6481546  -0.5417081   0.07280086  0.11358386  0.
   0.07240678  0.         -0.04325048  0.00473104]
 [ 0.39812133  0.29616165 -0.410003    0.03124681  0.07071666  0.
  -0.03598382  0.         -0.0089737   0.06118474]] 
Episode: 1073: [[ 0.21614824  0.16022563 -0.45789716 -0.19095728  0.02104032  0.
  -0.07488221  0.          0.00317181  0.06400354]
 [ 0.21382542  0.28509668 -0.48824182 -0.18004374  0.09910069  0.
  -0.08235321  0.         -0.01725222  0.07494015]
 [ 0.36525023  0.5008116  -0.5257359  -0.10596374  0.12069665  0.
  -0.01297426  0.         -0.03533321  0.04936019]
 [ 0.6064993   0.6484684  -0.5419206   0.07275145  0.11341705  0.
   0.07241023  0.         -0.04325048  0.00479258]
 [ 0.39829856  0.2963568  -0.4102192   0.03117832  0.07053445  0.
  -0.036064    0.         -0.0089737   0.06127317]] 
Episode: 1074: [[ 0.21639451  0.16034712 -0.45797607 -0.19084843  0.02097219  0.
  -0.07504895  0.          0.00317181  0.06404776]
 [ 0.21406794  0.2852114  -0.4883176  -0.1799338   0.09902318  0.
  -0.08252564  0.         -0.01725222  0.0749857 ]
 [ 0.36553177  0.5010427  -0.5258071  -0.1058384   0.12061573  0.
  -0.01307368  0.         -0.03533321  0.04933543]
 [ 0.6068091   0.64880097 -0.5419916   0.07286535  0.11337355  0.
   0.07235877  0.         -0.04325048  0.00476646]
 [ 0.39854407  0.29652688 -0.41030276  0.0313038   0.07043504  0.
  -0.03619452  0.         -0.0089737   0.06128654]] 
Episode: 1075: [[ 0.21661583  0.16046625 -0.4580502  -0.19075678  0.02087821  0.
  -0.07513949  0.          0.00317181  0.06419158]
 [ 0.21428557  0.28532445 -0.48838884 -0.17984125  0.09892064  0.
  -0.082622    0.         -0.01725222  0.07512959]
 [ 0.3657822   0.5012589  -0.52587396 -0.10573135  0.12050065  0.
  -0.01310682  0.         -0.03533321  0.04940569]
 [ 0.6070818   0.64910686 -0.5420586   0.07296247  0.11328422  0.
   0.07236703  0.         -0.04325048  0.00482431]
 [ 0.39875674  0.29669178 -0.4103816   0.03141031  0.07030714  0.
  -0.03625359  0.         -0.0089737   0.0614018 ]] 
Episode: 1076: [[ 0.21681646  0.1605816  -0.45814258 -0.19068596  0.02078943  0.
  -0.07517086  0.          0.00317181  0.0643025 ]
 [ 0.21448235  0.28543416 -0.48847842 -0.17976984  0.09882447  0.
  -0.08265617  0.         -0.01725222  0.07524078]
 [ 0.3660167   0.50147694 -0.525969   -0.10564429  0.12038931  0.
  -0.01308033  0.         -0.03533321  0.04944099]
 [ 0.6073512   0.6494233  -0.5421628   0.07304265  0.11320204  0.
   0.07242902  0.         -0.04325048  0.00483828]
 [ 0.398952    0.2968553  -0.41048566  0.03149443  0.07018773  0.
  -0.0362484   0.         -0.0089737   0.06148297]] 
Episode: 1077: [[ 0.21695958  0.16054407 -0.45819214 -0.19083795  0.02064287  0.
  -0.07513961  0.          0.00317181  0.06436802]
 [ 0.21461987  0.28539145 -0.48852488 -0.17992418  0.09867209  0.
  -0.08262815  0.         -0.01725222  0.07530919]
 [ 0.3662012   0.50154775 -0.52602106 -0.10575034  0.1201885   0.
  -0.01300019  0.         -0.03533321  0.04944364]
 [ 0.6075834   0.6496196  -0.5422197   0.07295708  0.11298257  0.
   0.07253935  0.         -0.04325048  0.00482746]
 [ 0.39907742  0.2968523  -0.41053694  0.03135091  0.07000092  0.
  -0.03618539  0.         -0.0089737   0.06152503]] 
Episode: 1078: [[ 0.21706933  0.16051568 -0.45824793 -0.19104584  0.02048173  0.
  -0.07505205  0.          0.00317181  0.0644105 ]
 [ 0.21472332  0.28535792 -0.4885778  -0.18013531  0.09850559  0.
  -0.08254419  0.         -0.01725222  0.0753542 ]
 [ 0.36635062  0.50163704 -0.52608436 -0.10592955  0.11995383  0.
  -0.01287179  0.         -0.03533321  0.04943645]
 [ 0.6077871   0.6498435  -0.5422907   0.07278396  0.11271204  0.
   0.07269318  0.         -0.04325048  0.00481528]
 [ 0.39916614  0.29686183 -0.41059676  0.0311416   0.06979261  0.
  -0.0360704   0.         -0.0089737   0.06154692]] 
Episode: 1079: [[ 0.2171718   0.16049352 -0.45830554 -0.19123295  0.02032802  0.
  -0.07493613  0.          0.00317181  0.0644314 ]
 [ 0.21482007  0.2853311  -0.48863286 -0.18032534  0.09834705  0.
  -0.0824296   0.         -0.01725222  0.07537677]
 [ 0.36649436  0.50173163 -0.5261537  -0.10608892  0.11972822  0.
  -0.01269998  0.         -0.03533321  0.04939729]
 [ 0.6079883   0.6500683  -0.5423711   0.07263107  0.1124509   0.
   0.07288613  0.         -0.04325048  0.00475533]
 [ 0.39925253  0.29687747 -0.41066062  0.03095404  0.06959358  0.
  -0.03592065  0.         -0.0089737   0.06154452]] 
Episode: 1080: [[ 0.21727127  0.160471   -0.45839524 -0.19139412  0.02018011  0.
  -0.07480786  0.          0.00317181  0.06442254]
 [ 0.21491405  0.2853041  -0.48872036 -0.18048902  0.09819455  0.
  -0.08230074  0.         -0.01725222  0.07536867]
 [ 0.36663884  0.50181335 -0.526261   -0.10621873  0.11952065  0.
  -0.01250546  0.         -0.03533321  0.0493321 ]
 [ 0.6081972   0.6502732  -0.5424924   0.07251219  0.11223046  0.
   0.07311419  0.         -0.04325048  0.00467335]
 [ 0.39934376  0.29689127 -0.41076303  0.03079507  0.06940728  0.
  -0.0357547   0.         -0.0089737   0.06151022]] 
Episode: 1081: [[ 0.21735531  0.16047992 -0.45849043 -0.19155484  0.02003788  0.
  -0.0746575   0.          0.00317181  0.06440899]
 [ 0.21499242  0.2853086  -0.48881367 -0.18065228  0.09804795  0.
  -0.08214806  0.         -0.01725222  0.07535478]
 [ 0.36676785  0.50192654 -0.5263767  -0.1063481   0.11931661  0.
  -0.01227415  0.         -0.03533321  0.04927516]
 [ 0.6083918   0.65050673 -0.5426253   0.07239642  0.11201147  0.
   0.07337392  0.         -0.04325048  0.0046104 ]
 [ 0.39941853  0.29694077 -0.4108739   0.03063617  0.06922684  0.
  -0.03555893  0.         -0.0089737   0.06147587]] 
Episode: 1082: [[ 0.21743758  0.1605131  -0.45859936 -0.19169407  0.01991441  0.
  -0.0745003   0.          0.00317181  0.06439359]
 [ 0.21506904  0.28533766 -0.48892087 -0.18079363  0.09792035  0.
  -0.08198716  0.         -0.01725222  0.07533838]
 [ 0.3668988   0.5020608  -0.52650625 -0.10645583  0.11913516  0.
  -0.01202728  0.         -0.03533321  0.04921811]
 [ 0.60859567  0.6507558  -0.5427704   0.07230362  0.11182157  0.
   0.07366068  0.         -0.04325048  0.00454368]
 [ 0.39949656  0.2970174  -0.41100052  0.03050013  0.06906718  0.
  -0.035352    0.         -0.0089737   0.06144099]] 
Episode: 1083: [[ 0.21750483  0.16054766 -0.45871484 -0.1918398   0.01979295  0.
  -0.07429932  0.          0.00317181  0.0643732 ]
 [ 0.21513076  0.28536877 -0.48903507 -0.18094161  0.09779511  0.
  -0.08178356  0.         -0.01725222  0.07531719]
 [ 0.3670123   0.5021953  -0.5266488  -0.1065727   0.11896066  0.
  -0.01174885  0.         -0.03533321  0.04916538]
 [ 0.6087832   0.65100145 -0.5429342   0.07220177  0.11164416  0.
   0.07397323  0.         -0.04325048  0.0044881 ]
 [ 0.39955908  0.29709533 -0.41113773  0.03035594  0.06891219  0.
  -0.03510745  0.         -0.0089737   0.06140497]] 
Episode: 1084: [[ 0.21753566  0.1606217  -0.45881978 -0.19202717  0.01966969  0.
  -0.07405896  0.          0.00317181  0.06435348]
 [ 0.21515511  0.2854395  -0.48913896 -0.18113229  0.09766796  0.
  -0.08154155  0.         -0.01725222  0.07529733]
 [ 0.36708084  0.502354   -0.52677625 -0.10674892  0.1187675   0.
  -0.01144204  0.         -0.03533321  0.04917396]
 [ 0.6089208   0.6512493  -0.54307914  0.07202587  0.11142101  0.
   0.07430898  0.         -0.04325048  0.00451973]
 [ 0.3995758   0.2972152  -0.4112609   0.03016121  0.06875148  0.
  -0.03482907  0.         -0.0089737   0.06138766]] 
Episode: 1085: [[ 0.21756744  0.1606678  -0.4589187  -0.19220294  0.01956199  0.
  -0.0737832   0.          0.00317181  0.06443927]
 [ 0.21518146  0.285486   -0.48923716 -0.18131119  0.09755976  0.
  -0.08126502  0.         -0.01725222  0.07538286]
 [ 0.3671348   0.5024839  -0.5268957  -0.10691723  0.11858395  0.
  -0.0111097   0.         -0.03533321  0.04927444]
 [ 0.60901046  0.6514613  -0.543214    0.07185503  0.11118713  0.
   0.07466561  0.         -0.04325048  0.00462963]
 [ 0.3995799   0.2973042  -0.41137642  0.02997606  0.06861001  0.
  -0.03452025  0.         -0.0089737   0.06147572]] 
Episode: 1086: [[ 0.21759216  0.16068779 -0.45900333 -0.19238496  0.01945656  0.
  -0.07347561  0.          0.00317181  0.06453998]
 [ 0.21520102  0.28550673 -0.4893212  -0.18149652  0.097454    0.
  -0.08095743  0.         -0.01725222  0.07548427]
 [ 0.3671868   0.5025848  -0.5269988  -0.1070936   0.11840659  0.
  -0.0107544   0.         -0.03533321  0.04940046]
 [ 0.6091097   0.6516454  -0.54333264  0.07167578  0.1109611   0.
   0.075041    0.         -0.04325048  0.00476728]
 [ 0.39957926  0.29736143 -0.41147658  0.02978289  0.0684742   0.
  -0.03418408  0.         -0.0089737   0.06158668]] 
Episode: 1087: [[ 0.21762274  0.16068844 -0.45911992 -0.19253694  0.01933717  0.
  -0.07320726  0.          0.00317181  0.06461447]
 [ 0.21522664  0.28550786 -0.48943755 -0.18165118  0.09733376  0.
  -0.08068907  0.         -0.01725222  0.07555927]
 [ 0.36725304  0.50266874 -0.527141   -0.10723075  0.11822041  0.
  -0.01045316  0.         -0.03533321  0.04948401]
 [ 0.6092347   0.65181845 -0.5434956   0.07154325  0.11074243  0.
   0.0753432   0.         -0.04325048  0.00484883]
 [ 0.39959192  0.29739702 -0.4116169   0.02962459  0.06832455  0.
  -0.03389105  0.         -0.0089737   0.06166591]] 
Episode: 1088: [[ 0.21765155  0.16068119 -0.45927176 -0.19267955  0.01923424  0.
  -0.07295625  0.          0.00317181  0.06468274]
 [ 0.2152502   0.2855011  -0.4895896  -0.18179633  0.09722999  0.
  -0.08043711  0.         -0.01725222  0.07562798]
 [ 0.3673181   0.50274825 -0.52732164 -0.10735909  0.11806159  0.
  -0.01017179  0.         -0.03533321  0.04954851]
 [ 0.6093614   0.65199405 -0.5436971   0.07141913  0.1105694   0.
   0.07561816  0.         -0.04325048  0.0048939 ]
 [ 0.39960337  0.29742345 -0.4117984   0.02947584  0.06819262  0.
  -0.03361349  0.         -0.0089737   0.06173721]] 
Episode: 1089: [[ 0.2176707   0.16069527 -0.45941323 -0.1928052   0.01917205  0.
  -0.07278997  0.          0.00317181  0.06478553]
 [ 0.21526417  0.28551558 -0.48973125 -0.18192424  0.0971671   0.
  -0.08026926  0.         -0.01725222  0.0757323 ]
 [ 0.36737245  0.5028402  -0.52748525 -0.10746862  0.11795284  0.
  -0.00997492  0.         -0.03533321  0.04965753]
 [ 0.60947907  0.65216875 -0.5438768   0.07131671  0.1104458   0.
   0.07581104  0.         -0.04325048  0.0049919 ]
 [ 0.39960718  0.29747096 -0.41196683  0.02934608  0.0681085   0.
  -0.03342214  0.         -0.0089737   0.06184577]] 
Episode: 1090: [[ 0.21768956  0.16069034 -0.45954746 -0.1929144   0.01913784  0.
  -0.07265589  0.          0.00317181  0.0649263 ]
 [ 0.21527806  0.2855116  -0.48986563 -0.18203533  0.09713273  0.
  -0.08013473  0.         -0.01725222  0.0758775 ]
 [ 0.36741757  0.5029121  -0.5276381  -0.10756296  0.11787532  0.
  -0.00980836  0.         -0.03533321  0.04979952]
 [ 0.60957336  0.65232146 -0.5440417   0.07122917  0.11035307  0.
   0.07598829  0.         -0.04325048  0.00511178]
 [ 0.39960206  0.29749626 -0.41212484  0.02923348  0.06805595  0.
  -0.03326241  0.         -0.0089737   0.06199519]] 
Episode: 1091: [[ 0.21774241  0.16068636 -0.45967543 -0.19299155  0.01911441  0.
  -0.07259484  0.          0.00317181  0.06502298]
 [ 0.21532685  0.28550664 -0.4899932  -0.1821137   0.09710735  0.
  -0.08007257  0.         -0.01725222  0.07597766]
 [ 0.36749953  0.5029827  -0.52778107 -0.1076261   0.11780977  0.
  -0.00971483  0.         -0.03533321  0.04988411]
 [ 0.6097048   0.6524729  -0.5441951   0.07117172  0.11027521  0.
   0.07609321  0.         -0.04325048  0.00516537]
 [ 0.3996356   0.2975198  -0.41227412  0.0291554   0.06801309  0.
  -0.03317711  0.         -0.0089737   0.06209055]] 
Episode: 1092: [[ 0.21778119  0.16067477 -0.45977414 -0.19309579  0.01908553  0.
  -0.07259948  0.          0.00317181  0.06509918]
 [ 0.2153617   0.28549466 -0.49009156 -0.18221979  0.09707697  0.
  -0.08007549  0.         -0.01725222  0.07605564]
 [ 0.3675706   0.5030643  -0.5278979  -0.10772301  0.11775298  0.
  -0.00968701  0.         -0.03533321  0.04989241]
 [ 0.60983425  0.6526527  -0.54432696  0.07107709  0.11022096  0.
   0.07613307  0.         -0.04325048  0.00513207]
 [ 0.3996562   0.2975404  -0.4123909   0.02904639  0.06796968  0.
  -0.03315875  0.         -0.0089737   0.062149  ]] 
Episode: 1093: [[ 0.21781346  0.16065602 -0.4599324  -0.19319893  0.01903135  0.
  -0.0726632   0.          0.00317181  0.06515524]
 [ 0.21538958  0.2854762  -0.4902506  -0.18232465  0.09702048  0.
  -0.08013695  0.         -0.01725222  0.07611205]
 [ 0.3676449   0.50316995 -0.5280955  -0.10780817  0.11767938  0.
  -0.0097183   0.         -0.03533321  0.04982258]
 [ 0.6099814   0.6528969  -0.54455686  0.07100365  0.11018683  0.
   0.07611439  0.         -0.04325048  0.00502078]
 [ 0.39967474  0.29756266 -0.41258532  0.02894161  0.06790153  0.
  -0.0332006   0.         -0.0089737   0.06216918]] 
Episode: 1094: [[ 0.21785082  0.16065618 -0.4600766  -0.193297    0.0189892   0.
  -0.07267131  0.          0.00317181  0.06520254]
 [ 0.21542308  0.28547674 -0.4903954  -0.18242438  0.09697597  0.
  -0.08013953  0.         -0.01725222  0.07615905]
 [ 0.36772874  0.5032855  -0.52827555 -0.10788853  0.11761545  0.
  -0.00969014  0.         -0.03533321  0.04975552]
 [ 0.6101448   0.6531383  -0.54476714  0.07093512  0.11015364  0.
   0.07615212  0.         -0.04325048  0.00491415]
 [ 0.39970315  0.29760322 -0.41276324  0.02884231  0.06784607  0.
  -0.0331799   0.         -0.0089737   0.06218337]] 
Episode: 1095: [[ 0.21787247  0.16065538 -0.46022502 -0.19341265  0.01893229  0.
  -0.07261908  0.          0.00317181  0.06525292]
 [ 0.21544027  0.28547677 -0.49054486 -0.1825421   0.09691656  0.
  -0.08008304  0.         -0.01725222  0.07621004]
 [ 0.367794    0.503411   -0.5284701  -0.10798648  0.11753198  0.
  -0.0096085   0.         -0.03533321  0.04970379]
 [ 0.61028945  0.6533984  -0.5450006   0.07084897  0.11009815  0.
   0.07624061  0.         -0.04325048  0.00482213]
 [ 0.39971307  0.29764596 -0.41294906  0.0287241   0.06777278  0.
  -0.03310293  0.         -0.0089737   0.06220753]] 
Episode: 1096: [[ 0.21790113  0.16063833 -0.46036518 -0.19352761  0.01889539  0.
  -0.07255404  0.          0.00317181  0.0652592 ]
 [ 0.21546528  0.2854596  -0.49068612 -0.18265921  0.09687751  0.
  -0.08001257  0.         -0.01725222  0.07621551]
 [ 0.36786407  0.50349796 -0.5286576  -0.10808815  0.11748113  0.
  -0.00950521  0.         -0.03533321  0.04962391]
 [ 0.61043376  0.6536069  -0.5452295   0.07075364  0.11008675  0.
   0.07636453  0.         -0.04325048  0.00471339]
 [ 0.39973202  0.29766294 -0.41312584  0.02860547  0.0677238   0.
  -0.03300911  0.         -0.0089737   0.06218925]] 
Episode: 1097: [[ 0.21793014  0.16063914 -0.4604962  -0.1936275   0.01880061  0.
  -0.07243597  0.          0.00317181  0.06529798]
 [ 0.21549046  0.28546047 -0.49081773 -0.18276095  0.09677964  0.
  -0.07989032  0.         -0.01725222  0.07625459]
 [ 0.36792883  0.5035961  -0.5288295  -0.10817413  0.11736196  0.
  -0.00935595  0.         -0.03533321  0.04958821]
 [ 0.61056745  0.6538154  -0.5454366   0.07067503  0.10999746  0.
   0.07653058  0.         -0.04325048  0.00464748]
 [ 0.39974475  0.29769772 -0.41328844  0.02850407  0.06760525  0.
  -0.03286633  0.         -0.0089737   0.06220858]] 
Episode: 1098: [[ 0.21794084  0.16062824 -0.46061996 -0.19376111  0.01869794  0.
  -0.07227021  0.          0.00317181  0.06533653]
 [ 0.21549694  0.2854497  -0.49094212 -0.18289727  0.09667401  0.
  -0.07972151  0.         -0.01725222  0.07629389]
 [ 0.3679752   0.50367326 -0.5289931  -0.10829823  0.11723599  0.
  -0.00916533  0.         -0.03533321  0.04956038]
 [ 0.6106877   0.65399545 -0.5456332   0.07055648  0.10990198  0.
   0.07673454  0.         -0.04325048  0.00458891]
 [ 0.39973596  0.29771727 -0.41344157  0.02836521  0.06747942  0.
  -0.03267952  0.         -0.0089737   0.06223211]] 
Episode: 1099: [[ 0.21800514  0.16066177 -0.4607408  -0.19386843  0.01869631  0.
  -0.07218059  0.          0.00317181  0.06531764]
 [ 0.21555911  0.2854827  -0.4910632  -0.18300669  0.0966692   0.
  -0.07962843  0.         -0.01725222  0.07627238]
 [ 0.36807612  0.5037853  -0.5291479  -0.10839785  0.11721382  0.
  -0.00905011  0.         -0.03533321  0.04948264]
 [ 0.61085624  0.6541957  -0.545816    0.0704605   0.10990488  0.
   0.07686356  0.         -0.04325048  0.0044886 ]
 [ 0.39979     0.29778564 -0.4135891   0.02825367  0.0674651   0.
  -0.03256976  0.         -0.0089737   0.06219245]] 
Episode: 1100: [[ 0.218052    0.16071163 -0.4608645  -0.19397853  0.01869616  0.
  -0.07204046  0.          0.00317181  0.06531313]
 [ 0.21560328  0.28553194 -0.49118736 -0.18311897  0.09666607  0.
  -0.0794859   0.         -0.01725222  0.07626543]
 [ 0.3681607   0.5039096  -0.5293059  -0.10849898  0.11718731  0.
  -0.00889014  0.         -0.03533321  0.04943445]
 [ 0.6110109   0.6544016  -0.54600126  0.0703648   0.10989483  0.
   0.07703417  0.         -0.04325048  0.00442756]
 [ 0.39982626  0.2978713  -0.41373986  0.02813936  0.06745178  0.
  -0.03241269  0.         -0.0089737   0.06217285]] 
Episode: 1101: [[ 0.21815674  0.16075924 -0.4609708  -0.19406404  0.01869309  0.
  -0.07194848  0.          0.00317181  0.06533   ]
 [ 0.21570726  0.28557894 -0.49129316 -0.18320617  0.09665862  0.
  -0.07939373  0.         -0.01725222  0.07628032]
 [ 0.36830062  0.504029   -0.5294415  -0.10857667  0.11715766  0.
  -0.00876512  0.         -0.03533321  0.04941141]
 [ 0.61120605  0.6545991  -0.54616106  0.07028975  0.10988425  0.
   0.07718048  0.         -0.04325048  0.00439152]
 [ 0.39992025  0.2979547  -0.41386828  0.02805114  0.06743492  0.
  -0.03229347  0.         -0.0089737   0.06217815]] 
Episode: 1102: [[ 0.21824168  0.16078891 -0.46107644 -0.19418225  0.01868147  0.
  -0.07192522  0.          0.00317181  0.06535524]
 [ 0.21579108  0.28560847 -0.49139878 -0.18332703  0.09664358  0.
  -0.07936959  0.         -0.01725222  0.07630251]
 [ 0.36842212  0.50414556 -0.52958286 -0.10869497  0.11714377  0.
  -0.00870894  0.         -0.03533321  0.04935557]
 [ 0.6113909   0.65480983 -0.54633236  0.07016913  0.1099193   0.
   0.0772576   0.         -0.04325048  0.0042775 ]
 [ 0.39999354  0.29802257 -0.4139986   0.02792544  0.0674177   0.
  -0.03224453  0.         -0.0089737   0.06218049]] 
Episode: 1103: [[ 0.21832871  0.16087027 -0.46121618 -0.19426942  0.01871163  0.
  -0.07196376  0.          0.00317181  0.06538284]
 [ 0.21587656  0.2856905  -0.49153858 -0.18341608  0.09666988  0.
  -0.07940663  0.         -0.01725222  0.07632722]
 [ 0.36854497  0.5043085  -0.5297545  -0.10877927  0.11717144  0.
  -0.00871468  0.         -0.03533321  0.04930489]
 [ 0.61157596  0.6550541  -0.54652876  0.0700854   0.10999247  0.
   0.07727245  0.         -0.04325048  0.00416773]
 [ 0.4000677   0.29814744 -0.41416678  0.02783412  0.06744263  0.
  -0.03225882  0.         -0.0089737   0.06218532]] 
Episode: 1104: [[ 0.21842949  0.16099203 -0.4613623  -0.19431178  0.01881838  0.
  -0.0720579   0.          0.00317181  0.06539608]
 [ 0.21597572  0.2858131  -0.49168465 -0.18345925  0.09677296  0.
  -0.07949872  0.         -0.01725222  0.07633603]
 [ 0.3686786   0.5045105  -0.5299279  -0.10881684  0.11727872  0.
  -0.00877613  0.         -0.03533321  0.04922962]
 [ 0.61176157  0.6553305  -0.54672146  0.07004803  0.11014259  0.
   0.07723129  0.         -0.04325048  0.0040202 ]
 [ 0.4001511   0.2983165  -0.4143396   0.02779112  0.06755025  0.
  -0.03232997  0.         -0.0089737   0.06217193]] 
Episode: 1105: [[ 0.21847704  0.16104753 -0.4615007  -0.19450833  0.01891936  0.
  -0.07208316  0.          0.00317181  0.06541909]
 [ 0.2160204   0.28586957 -0.49182317 -0.18366136  0.09687091  0.
  -0.07952284  0.         -0.01725222  0.07635698]
 [ 0.36877444  0.5046343  -0.5300983  -0.10903466  0.11736736  0.
  -0.00877515  0.         -0.03533321  0.04917252]
 [ 0.6119342   0.6555307  -0.54691654  0.06985668  0.11026111  0.
   0.07724877  0.         -0.04325048  0.00389598]
 [ 0.40017444  0.29840952 -0.41450617  0.02757141  0.06765664  0.
  -0.03233571  0.         -0.0089737   0.06217076]] 
Episode: 1106: [[ 0.2185397   0.16117837 -0.46167657 -0.19464956  0.01901157  0.
  -0.07216531  0.          0.00317181  0.06543792]
 [ 0.21608004  0.28600037 -0.49199915 -0.18380663  0.09695722  0.
  -0.07960326  0.         -0.01725222  0.07637236]
 [ 0.3688846   0.5048393  -0.53030556 -0.10918902  0.11743879  0.
  -0.00883053  0.         -0.03533321  0.04910709]
 [ 0.61212194  0.6558111  -0.54714656  0.06973109  0.11036136  0.
   0.07720998  0.         -0.04325048  0.0037564 ]
 [ 0.40021306  0.29858917 -0.41471654  0.02741355  0.0677482   0.
  -0.03239914  0.         -0.0089737   0.06216299]] 
Episode: 1107: [[ 0.21854377  0.16129169 -0.46181265 -0.19493707  0.019079    0.
  -0.07217982  0.          0.00317181  0.06540944]
 [ 0.21607925  0.28611445 -0.4921355  -0.18410249  0.09702051  0.
  -0.07961692  0.         -0.01725222  0.07633938]
 [ 0.36892095  0.50507134 -0.53046983 -0.10950931  0.11750035  0.
  -0.00882411  0.         -0.03533321  0.04899536]
 [ 0.6122194   0.65616035 -0.5473308   0.0694619   0.11046419  0.
   0.07722958  0.         -0.04325048  0.00357048]
 [ 0.4001737   0.29875827 -0.41487902  0.02708653  0.06781798  0.
  -0.03239796  0.         -0.0089737   0.062105  ]] 
Episode: 1108: [[ 0.21855778  0.16141322 -0.4619508  -0.19518246  0.01912559  0.
  -0.0721961   0.          0.00317181  0.06538215]
 [ 0.21608834  0.28623646 -0.49227348 -0.18435508  0.09706156  0.
  -0.07963207  0.         -0.01725222  0.0763069 ]
 [ 0.36895886  0.5053055  -0.53063047 -0.10978369  0.11753944  0.
  -0.00880958  0.         -0.03533321  0.04888336]
 [ 0.6123119   0.6565038  -0.5475063   0.06923337  0.11054508  0.
   0.07727674  0.         -0.04325048  0.0033788 ]
 [ 0.400135    0.2989344  -0.41504067  0.02680709  0.06785942  0.
  -0.03238575  0.         -0.0089737   0.06204835]] 
Episode: 1109: [[ 0.21857516  0.16152999 -0.4620996  -0.19539218  0.01915983  0.
  -0.07218044  0.          0.00317181  0.06535481]
 [ 0.2161012   0.28635392 -0.49242234 -0.18457091  0.09709051  0.
  -0.07961316  0.         -0.01725222  0.07627442]
 [ 0.3690035   0.505534   -0.5308041  -0.11001342  0.11756608  0.
  -0.00874632  0.         -0.03533321  0.04877927]
 [ 0.6124134   0.6568409  -0.54769593  0.06904979  0.11061615  0.
   0.0773737   0.         -0.04325048  0.00320293]
 [ 0.40010744  0.29910448 -0.4152157   0.02656919  0.06788895  0.
  -0.03233576  0.         -0.0089737   0.06199379]] 
Episode: 1110: [[ 0.21862434  0.16172308 -0.46230185 -0.19554478  0.01921335  0.
  -0.07212694  0.          0.00317181  0.06528302]
 [ 0.21614634  0.2865487  -0.49262494 -0.18472812  0.09713878  0.
  -0.07955339  0.         -0.01725222  0.07619608]
 [ 0.36908963  0.5058347  -0.53103304 -0.11017567  0.11760031  0.
  -0.00863311  0.         -0.03533321  0.04864295]
 [ 0.6125675   0.657237   -0.5479398   0.06893627  0.11069147  0.
   0.07751547  0.         -0.04325048  0.00300669]
 [ 0.4001239   0.29936057 -0.4154527   0.02639607  0.06793194  0.
  -0.03223248  0.         -0.0089737   0.06189167]] 
Episode: 1111: [[ 0.21871485  0.16194905 -0.4625603  -0.19562034  0.01931713  0.
  -0.07213827  0.          0.00317181  0.06516195]
 [ 0.21623386  0.2867757  -0.49288413 -0.18480629  0.09723565  0.
  -0.07955837  0.         -0.01725222  0.07606555]
 [ 0.36922574  0.50616413 -0.53131765 -0.11025423  0.11769151  0.
  -0.00858751  0.         -0.03533321  0.04843945]
 [ 0.61277497  0.65765536 -0.5482367   0.06890588  0.11083264  0.
   0.07758853  0.         -0.04325048  0.00274851]
 [ 0.40019724  0.29965273 -0.4157541   0.02630742  0.06802788  0.
  -0.03219783  0.         -0.0089737   0.06172952]] 
Episode: 1112: [[ 0.21879023  0.16214377 -0.4628301  -0.19570014  0.01938042  0.
  -0.07219251  0.          0.00317181  0.06503593]
 [ 0.21630572  0.28697163 -0.4931551  -0.1848886   0.0972919   0.
  -0.07960967  0.         -0.01725222  0.07593008]
 [ 0.36934835  0.5064655  -0.5316183  -0.11033333  0.11774372  0.
  -0.00860274  0.         -0.03533321  0.04822608]
 [ 0.6129751   0.6580558  -0.5485514   0.06887365  0.11094729  0.
   0.07759977  0.         -0.04325048  0.00247206]
 [ 0.400257    0.29991087 -0.41606814  0.02621604  0.06808171  0.
  -0.03221615  0.         -0.0089737   0.06156166]] 
Episode: 1113: [[ 0.21887335  0.16235548 -0.46307504 -0.19575816  0.01953764  0.
  -0.07230076  0.          0.00317181  0.06494775]
 [ 0.21638547  0.28718522 -0.4934006  -0.18494847  0.09744333  0.
  -0.07971458  0.         -0.01725222  0.07583454]
 [ 0.369475    0.5067824  -0.5318894  -0.11038923  0.117892    0.
  -0.00867269  0.         -0.03533321  0.04804718]
 [ 0.6131801   0.6584646  -0.5488342   0.06886227  0.11114408  0.
   0.07755539  0.         -0.04325048  0.00221175]
 [ 0.40031594  0.30018687 -0.41635066  0.02614898  0.06823797  0.
  -0.0322909   0.         -0.0089737   0.06143752]] 
Episode: 1114: [[ 0.21900375  0.16256909 -0.46331012 -0.1957988   0.0196519   0.
  -0.07240015  0.          0.00317181  0.0649533 ]
 [ 0.2165146   0.2873986  -0.49363554 -0.18499047  0.09754883  0.
  -0.0798101   0.         -0.01725222  0.07583504]
 [ 0.36964634  0.50708866 -0.5321442  -0.11042856  0.11798942  0.
  -0.00873145  0.         -0.03533321  0.04797632]
 [ 0.6134144   0.6588555  -0.5490958   0.06886128  0.11129128  0.
   0.0775262   0.         -0.04325048  0.00205851]
 [ 0.4004304   0.3004616  -0.41661862  0.02610084  0.06834029  0.
  -0.03235479  0.         -0.0089737   0.06142404]] 
Episode: 1115: [[ 0.21913424  0.16278078 -0.46356982 -0.19581585  0.01973457  0.
  -0.07254906  0.          0.00317181  0.06494555]
 [ 0.21664394  0.28761002 -0.49389553 -0.18500808  0.097622    0.
  -0.07995483  0.         -0.01725222  0.07582123]
 [ 0.36982095  0.507394   -0.53242815 -0.11043633  0.11805812  0.
  -0.0088406   0.         -0.03533321  0.04788575]
 [ 0.613662    0.65924823 -0.54939044  0.06889769  0.11142159  0.
   0.07744541  0.         -0.04325048  0.00187746]
 [ 0.40055075  0.3007327  -0.41691747  0.02608029  0.06840767  0.
  -0.03247058  0.         -0.0089737   0.06139442]] 
Episode: 1116: [[ 0.2192469   0.16295996 -0.46383223 -0.19586517  0.01980441  0.
  -0.07274251  0.          0.00317181  0.06494553]
 [ 0.21675515  0.2877889  -0.49415895 -0.18505861  0.09768378  0.
  -0.08014381  0.         -0.01725222  0.07581449]
 [ 0.369983    0.5076767  -0.53272754 -0.11048054  0.11813668  0.
  -0.00899509  0.         -0.03533321  0.04778651]
 [ 0.61391413  0.65963686 -0.5497133   0.06889023  0.11159737  0.
   0.07731818  0.         -0.04325048  0.00167033]
 [ 0.40065715  0.30097067 -0.41722536  0.02602506  0.0684704   0.
  -0.03263303  0.         -0.0089737   0.06136776]] 
Episode: 1117: [[ 0.21944806  0.16306935 -0.4640744  -0.1958971   0.01979679  0.
  -0.07285711  0.          0.00317181  0.06505346]
 [ 0.2169583   0.28789696 -0.49440145 -0.18509135  0.0976668   0.
  -0.08025509  0.         -0.01725222  0.07591299]
 [ 0.3702326   0.50788003 -0.53300035 -0.11050945  0.11812883  0.
  -0.00907784  0.         -0.03533321  0.04779075]
 [ 0.61421794  0.65994495 -0.5500047   0.06888997  0.1116805   0.
   0.07725821  0.         -0.04325048  0.00156584]
 [ 0.40086505  0.30112472 -0.4175068   0.02598729  0.06844451  0.
  -0.03272094  0.         -0.0089737   0.06144836]] 
Episode: 1118: [[ 0.21962307  0.16319649 -0.46434763 -0.19594584  0.01975399  0.
  -0.07290078  0.          0.00317181  0.06521862]
 [ 0.21713407  0.28802255 -0.49467537 -0.18514132  0.09761512  0.
  -0.08029649  0.         -0.01725222  0.07607204]
 [ 0.37045804  0.5081     -0.5333032  -0.11055535  0.11806684  0.
  -0.00909606  0.         -0.03533321  0.04788372]
 [ 0.6145063   0.6602679  -0.55032396  0.06887043  0.11168879  0.
   0.07725875  0.         -0.04325048  0.0015535 ]
 [ 0.40104213  0.30129904 -0.4178226   0.02593144  0.06837621  0.
  -0.03274179  0.         -0.0089737   0.06159887]] 
Episode: 1119: [[ 0.21976918  0.16329414 -0.46458936 -0.19602895  0.01972499  0.
  -0.07288065  0.          0.00317181  0.06536064]
 [ 0.21728088  0.28811902 -0.49491796 -0.18522637  0.09757823  0.
  -0.08027501  0.         -0.01725222  0.07620829]
 [ 0.3706575   0.5082929  -0.53357863 -0.11064097  0.11801866  0.
  -0.00905622  0.         -0.03533321  0.04796379]
 [ 0.6147783   0.6605698  -0.5506223   0.06880537  0.11169999  0.
   0.07731373  0.         -0.04325048  0.00154343]
 [ 0.40119132  0.3014414  -0.41810486  0.02583824  0.06832661  0.
  -0.03270231  0.         -0.0089737   0.06172734]] 
Episode: 1120: [[ 0.21988788  0.16338398 -0.4647996  -0.19611621  0.01970104  0.
  -0.07280314  0.          0.00317181  0.06559579]
 [ 0.21739934  0.28820887 -0.49512857 -0.18531568  0.0975481   0.
  -0.08019699  0.         -0.01725222  0.07643489]
 [ 0.37081686  0.508464   -0.5338185  -0.11073001  0.11795829  0.
  -0.00896414  0.         -0.03533321  0.04812884]
 [ 0.61500067  0.66083217 -0.5508831   0.06873604  0.11166669  0.
   0.07741769  0.         -0.04325048  0.00161592]
 [ 0.40129355  0.30156988 -0.4183484   0.02574128  0.06827798  0.
  -0.03260857  0.         -0.0089737   0.06194692]] 
Episode: 1121: [[ 0.2199888   0.16346973 -0.46500224 -0.19619882  0.01976498  0.
  -0.072745    0.          0.00317181  0.06586904]
 [ 0.21749929  0.28829506 -0.49533147 -0.18540025  0.09760728  0.
  -0.08013869  0.         -0.01725222  0.07670293]
 [ 0.3709513   0.50862914 -0.53404605 -0.11081567  0.11799251  0.
  -0.00885813  0.         -0.03533321  0.04834617]
 [ 0.6151858   0.66108674 -0.551126    0.06866693  0.11172457  0.
   0.07756574  0.         -0.04325048  0.00175093]
 [ 0.40137142  0.30169344 -0.41858166  0.02564837  0.06832979  0.
  -0.03253337  0.         -0.0089737   0.06221322]] 
Episode: 1122: [[ 0.22010553  0.16362572 -0.46520525 -0.19624782  0.01984518  0.
  -0.07274403  0.          0.00317181  0.06610799]
 [ 0.21761519  0.2884508  -0.49553442 -0.18545048  0.09768172  0.
  -0.08014031  0.         -0.01725222  0.07693548]
 [ 0.37109956  0.5088534  -0.53426814 -0.11086532  0.11803573  0.
  -0.008801    0.         -0.03533321  0.04853944]
 [ 0.61538035  0.6613806  -0.5513562   0.06863348  0.11177883  0.
   0.07768983  0.         -0.04325048  0.00187517]
 [ 0.40146393  0.30189377 -0.4188104   0.02559191  0.06839186  0.
  -0.0325144   0.         -0.0089737   0.06244426]] 
Episode: 1123: [[ 0.22019897  0.1637932  -0.46541905 -0.196306    0.01989976  0.
  -0.07268373  0.          0.00317181  0.06634604]
 [ 0.21770671  0.2886187  -0.49574816 -0.1855101   0.09773084  0.
  -0.08008306  0.         -0.01725222  0.07716879]
 [ 0.37122333  0.5090965  -0.53450143 -0.11092277  0.11805394  0.
  -0.00869332  0.         -0.03533321  0.04873579]
 [ 0.61555284  0.66169816 -0.5515961   0.06859096  0.11181346  0.
   0.07785602  0.         -0.04325048  0.00200413]
 [ 0.40152884  0.30210933 -0.419052    0.02552682  0.06842773  0.
  -0.03243908  0.         -0.0089737   0.06267625]] 
Episode: 1124: [[ 0.22029562  0.16399619 -0.46561563 -0.1963358   0.01994293  0.
  -0.07261514  0.          0.00317181  0.06654117]
 [ 0.21780166  0.28882256 -0.49594474 -0.18554075  0.09776885  0.
  -0.08001645  0.         -0.01725222  0.07735835]
 [ 0.37135702  0.5093955  -0.53472054 -0.11094061  0.11806385  0.
  -0.00856239  0.         -0.03533321  0.04888108]
 [ 0.61574394  0.66208076 -0.5518258   0.0685976   0.11183659  0.
   0.07805569  0.         -0.04325048  0.00207621]
 [ 0.40159947  0.30236724 -0.4192741   0.02549401  0.06844996  0.
  -0.03234662  0.         -0.0089737   0.06285966]] 
Episode: 1125: [[ 0.2203847   0.1641781  -0.46580815 -0.19636752  0.01997632  0.
  -0.0725774   0.          0.00317181  0.0667005 ]
 [ 0.21788903  0.28900546 -0.4961374  -0.18557326  0.09779732  0.
  -0.07998174  0.         -0.01725222  0.07751183]
 [ 0.37148654  0.5096718  -0.5349409  -0.11095906  0.11806244  0.
  -0.0084711   0.         -0.03533321  0.04898391]
 [ 0.6159349   0.6624412  -0.5520612   0.06860327  0.11185012  0.
   0.07820419  0.         -0.04325048  0.00210225]
 [ 0.4016671   0.30260107 -0.41949388  0.02545977  0.0684633   0.
  -0.03228906  0.         -0.0089737   0.0630049 ]] 
Episode: 1126: [[ 0.2204587   0.16433337 -0.46599495 -0.19641644  0.01999818  0.
  -0.07260293  0.          0.00317181  0.06683612]
 [ 0.21796103  0.2891625  -0.49632454 -0.18562324  0.09781474  0.
  -0.08000927  0.         -0.01725222  0.07764125]
 [ 0.3716012   0.50993186 -0.535158   -0.11099871  0.11805204  0.
  -0.00844525  0.         -0.03533321  0.04904618]
 [ 0.6161122   0.6627941  -0.5522954   0.0685825   0.11185949  0.
   0.0782833   0.         -0.04325048  0.00207016]
 [ 0.40172228  0.3028096  -0.41970792  0.02540717  0.06846844  0.
  -0.03229557  0.         -0.0089737   0.06312124]] 
Episode: 1127: [[ 0.22052489  0.16452444 -0.4661938  -0.19644816  0.02005436  0.
  -0.07268535  0.          0.00317181  0.06701624]
 [ 0.21802421  0.2893545  -0.49652383 -0.18565564  0.09786581  0.
  -0.08009281  0.         -0.01725222  0.07781575]
 [ 0.37169984  0.5102221  -0.53538346 -0.11101853  0.11807507  0.
  -0.00847829  0.         -0.03533321  0.04916473]
 [ 0.61626613  0.663169   -0.55253273  0.06858315  0.1119071   0.
   0.07829997  0.         -0.04325048  0.00210181]
 [ 0.40175748  0.3030572  -0.41993415  0.0253743   0.06850757  0.
  -0.0323597   0.         -0.0089737   0.06328756]] 
Episode: 1128: [[ 0.22063234  0.16474362 -0.4663719  -0.19644761  0.02023907  0.
  -0.07281896  0.          0.00317181  0.0671283 ]
 [ 0.21813011  0.2895734  -0.49670154 -0.18565516  0.09804454  0.
  -0.08022671  0.         -0.01725222  0.07791857]
 [ 0.37183845  0.5105334  -0.5355837  -0.11100752  0.11823484  0.
  -0.0085643   0.         -0.03533321  0.04921639]
 [ 0.61645484  0.66355777 -0.5527429   0.06861103  0.11209272  0.
   0.07826045  0.         -0.04325048  0.00207448]
 [ 0.4018353   0.30333474 -0.42013523  0.0253753   0.06868924  0.
  -0.03247567  0.         -0.0089737   0.06338184]] 
Episode: 1129: [[ 0.22072697  0.16496164 -0.46653795 -0.19645323  0.02040397  0.
  -0.07296091  0.          0.00317181  0.06722962]
 [ 0.2182232   0.28979155 -0.49686736 -0.18566082  0.09820404  0.
  -0.08037086  0.         -0.01725222  0.07801137]
 [ 0.37196648  0.51084024 -0.53577477 -0.11100046  0.11837999  0.
  -0.0086939   0.         -0.03533321  0.04925935]
 [ 0.6166403   0.66393584 -0.5529479   0.0686365   0.11226724  0.
   0.07817038  0.         -0.04325048  0.00204033]
 [ 0.4019046   0.30360994 -0.42032456  0.02537086  0.06885231  0.
  -0.03260973  0.         -0.0089737   0.06346686]] 
Episode: 1130: [[ 0.22083098  0.16517237 -0.46673545 -0.19642992  0.02057398  0.
  -0.07314809  0.          0.00317181  0.06734513]
 [ 0.21832545  0.29000363 -0.49706468 -0.1856369   0.09836808  0.
  -0.08055931  0.         -0.01725222  0.07811899]
 [ 0.3721138   0.51114607 -0.5359986  -0.1109556   0.11853505  0.
  -0.00886678  0.         -0.03533321  0.04931261]
 [ 0.6168617   0.6643169  -0.5531857   0.06870677  0.11246009  0.
   0.07803483  0.         -0.04325048  0.00200577]
 [ 0.40198737  0.30387774 -0.42055017  0.0254001   0.06901907  0.
  -0.03278863  0.         -0.0089737   0.06356698]] 
Episode: 1131: [[ 0.22092833  0.16538094 -0.4669389  -0.1964082   0.02072538  0.
  -0.07325905  0.          0.00317181  0.06744152]
 [ 0.2184208   0.2902133  -0.49726805 -0.18561459  0.09851304  0.
  -0.08067013  0.         -0.01725222  0.07820781]
 [ 0.37225336  0.5114442  -0.5362291  -0.11090937  0.11865888  0.
  -0.00896609  0.         -0.03533321  0.04937297]
 [ 0.6170727   0.6646853  -0.55343014  0.06878068  0.11260818  0.
   0.07796734  0.         -0.04325048  0.00200664]
 [ 0.4020647   0.30414099 -0.42078367  0.02542848  0.06916203  0.
  -0.03289133  0.         -0.0089737   0.0636513 ]] 
Episode: 1132: [[ 0.22101931  0.16560365 -0.46715102 -0.19637766  0.0208759   0.
  -0.07341831  0.          0.00317181  0.0675288 ]
 [ 0.21850912  0.29043743 -0.49747998 -0.18558325  0.09865715  0.
  -0.08082855  0.         -0.01725222  0.07828745]
 [ 0.37238792  0.5117595  -0.5364667  -0.11085151  0.11878391  0.
  -0.00910892  0.         -0.03533321  0.04942193]
 [ 0.61728346  0.6650716  -0.55367976  0.0688684   0.112763    0.
   0.07787349  0.         -0.04325048  0.00199213]
 [ 0.40213433  0.30442128 -0.42102647  0.0254676   0.06930403  0.
  -0.03304198  0.         -0.0089737   0.06372563]] 
Episode: 1133: [[ 0.22118132  0.16583239 -0.4673362  -0.19632736  0.02102716  0.
  -0.07362101  0.          0.00317181  0.06769726]
 [ 0.21867082  0.2906671  -0.4976639  -0.18553174  0.09880043  0.
  -0.08102981  0.         -0.01725222  0.07845163]
 [ 0.3725854   0.5120734  -0.5366725  -0.11077791  0.11891059  0.
  -0.00929368  0.         -0.03533321  0.04955927]
 [ 0.61752856  0.66545033 -0.5538955   0.06896579  0.11292046  0.
   0.07773453  0.         -0.04325048  0.00206078]
 [ 0.40227228  0.3047072  -0.42123634  0.02552663  0.06944818  0.
  -0.03323577  0.         -0.0089737   0.06389631]] 
Episode: 1134: [[ 0.22133583  0.16604535 -0.46750382 -0.19626805  0.0211569   0.
  -0.0737543   0.          0.00317181  0.06782094]
 [ 0.21882531  0.29088148 -0.49783042 -0.185471    0.0989233   0.
  -0.08115892  0.         -0.01725222  0.07856993]
 [ 0.37277937  0.5123661  -0.53686464 -0.11069205  0.11900903  0.
  -0.00940371  0.         -0.03533321  0.04963964]
 [ 0.6177774   0.6658037  -0.55410236  0.06907733  0.11303963  0.
   0.07766398  0.         -0.04325048  0.0020638 ]
 [ 0.40240988  0.3049722  -0.4214276   0.0255965   0.06956741  0.
  -0.03335191  0.         -0.0089737   0.06401645]] 
Episode: 1135: [[ 0.22147854  0.166236   -0.46768525 -0.19620568  0.02125899  0.
  -0.07385578  0.          0.00317181  0.06789888]
 [ 0.2189673   0.29107362 -0.4980108  -0.1854071   0.09901861  0.
  -0.08125502  0.         -0.01725222  0.07864246]
 [ 0.37296188  0.5126408  -0.53707266 -0.11059972  0.11907104  0.
  -0.0094465   0.         -0.03533321  0.04968391]
 [ 0.6180162   0.66614586 -0.5543282   0.06919836  0.11311327  0.
   0.07765499  0.         -0.04325048  0.00204348]
 [ 0.4025366   0.30521283 -0.42163655  0.02567033  0.06965556  0.
  -0.03342074  0.         -0.0089737   0.06408713]] 
Episode: 1136: [[ 0.22160363  0.16644412 -0.4678556  -0.19615051  0.02136453  0.
  -0.07400208  0.          0.00317181  0.06800061]
 [ 0.21909112  0.291282   -0.4981802  -0.18535054  0.09911732  0.
  -0.08139949  0.         -0.01725222  0.07873916]
 [ 0.37312496  0.5129252  -0.53726655 -0.11051722  0.11913686  0.
  -0.00954121  0.         -0.03533321  0.04975529]
 [ 0.61823857  0.6664893  -0.55453765  0.06930786  0.11318558  0.
   0.07759769  0.         -0.04325048  0.00205448]
 [ 0.402645    0.30547127 -0.4218315   0.02573556  0.06974695  0.
  -0.03354089  0.         -0.0089737   0.06418355]] 
Episode: 1137: [[ 0.22173429  0.16665062 -0.46802545 -0.19608715  0.02146847  0.
  -0.07416452  0.          0.00317181  0.06810489]
 [ 0.21922043  0.29148853 -0.49834892 -0.18528567  0.09921456  0.
  -0.08156177  0.         -0.01725222  0.07884   ]
 [ 0.37329054  0.5132037  -0.5374559  -0.11042895  0.11920062  0.
  -0.00965203  0.         -0.03533321  0.04982337]
 [ 0.61845845  0.6668209  -0.55473906  0.06941984  0.11325289  0.
   0.07753019  0.         -0.04325048  0.00205606]
 [ 0.40275645  0.30572653 -0.4220247   0.02580915  0.06983346  0.
  -0.03367331  0.         -0.0089737   0.06428188]] 
Episode: 1138: [[ 0.22185966  0.1668425  -0.4681719  -0.196026    0.02160216  0.
  -0.07437012  0.          0.00317181  0.06819678]
 [ 0.21934429  0.29168049 -0.49849373 -0.18522322  0.09934183  0.
  -0.08176653  0.         -0.01725222  0.07892744]
 [ 0.37344077  0.51346177 -0.53761834 -0.11034559  0.11929597  0.
  -0.00980766  0.         -0.03533321  0.04988238]
 [ 0.61865044  0.6671277  -0.5549117   0.06952351  0.11334883  0.
   0.07742675  0.         -0.04325048  0.00205487]
 [ 0.40284905  0.3059627  -0.422188    0.02587943  0.06995122  0.
  -0.03384857  0.         -0.0089737   0.0643693 ]] 
Episode: 1139: [[ 0.22197607  0.16700621 -0.468345   -0.19597442  0.02171482  0.
  -0.07458463  0.          0.00317181  0.06824315]
 [ 0.21945849  0.29184434 -0.4986654  -0.18517056  0.09944839  0.
  -0.08198131  0.         -0.01725222  0.07896894]
 [ 0.37359458  0.5136933  -0.53781575 -0.11026855  0.11937421  0.
  -0.00998154  0.         -0.03533321  0.04987956]
 [ 0.61886436  0.66741776 -0.5551251   0.06962237  0.11344196  0.
   0.07729338  0.         -0.04325048  0.00198102]
 [ 0.402941    0.30616963 -0.4223849   0.02594006  0.07004849  0.
  -0.03403499  0.         -0.0089737   0.06440342]] 
Episode: 1140: [[ 0.22208858  0.16715495 -0.46852303 -0.19592044  0.02180811  0.
  -0.07474916  0.          0.00317181  0.06826362]
 [ 0.21956894  0.2919929  -0.4988423  -0.18511538  0.09953582  0.
  -0.08214401  0.         -0.01725222  0.07898375]
 [ 0.37374634  0.51390654 -0.5380216  -0.11018764  0.11943208  0.
  -0.01008542  0.         -0.03533321  0.04985436]
 [ 0.6190781   0.66768837 -0.55534947  0.06972562  0.11351389  0.
   0.07722791  0.         -0.04325048  0.00189036]
 [ 0.40303463  0.30635846 -0.42258918  0.02600376  0.07012495  0.
  -0.0341641   0.         -0.0089737   0.0644122 ]] 
Episode: 1141: [[ 0.22217984  0.16728216 -0.46869862 -0.19590388  0.02188141  0.
  -0.07495667  0.          0.00317181  0.0682705 ]
 [ 0.21965785  0.29212084 -0.4990172  -0.18509832  0.0996038   0.
  -0.08234918  0.         -0.01725222  0.07898434]
 [ 0.373874    0.51411355 -0.5382305  -0.11015216  0.11948528  0.
  -0.01023512  0.         -0.03533321  0.04978143]
 [ 0.61926746  0.66796947 -0.5555812   0.06977721  0.11360329  0.
   0.07711446  0.         -0.04325048  0.00172711]
 [ 0.40310588  0.30652907 -0.42279318  0.02602578  0.07018712  0.
  -0.03433854  0.         -0.0089737   0.0643973 ]] 
Episode: 1142: [[ 0.22226009  0.16739492 -0.4688641  -0.1958867   0.02198609  0.
  -0.07520285  0.          0.00317181  0.06828804]
 [ 0.21973516  0.29223415 -0.49918175 -0.18508068  0.0997032   0.
  -0.08259253  0.         -0.01725222  0.07899635]
 [ 0.37398562  0.5142999  -0.5384251  -0.11011716  0.11957585  0.
  -0.01042605  0.         -0.03533321  0.04972151]
 [ 0.61944     0.66822505 -0.5557955   0.06982805  0.11373094  0.
   0.07695784  0.         -0.04325048  0.00157541]
 [ 0.40315923  0.306681   -0.42298487  0.02604836  0.07028611  0.
  -0.03455375  0.         -0.0089737   0.06439175]] 
Episode: 1143: [[ 0.22234383  0.16753796 -0.46904367 -0.19586368  0.02211108  0.
  -0.07547337  0.          0.00317181  0.06832786]
 [ 0.21981588  0.29237843 -0.4993604  -0.18505716  0.09982291  0.
  -0.08286329  0.         -0.01725222  0.07903116]
 [ 0.37409684  0.5145105  -0.5386281  -0.11007776  0.11968839  0.
  -0.01064052  0.         -0.03533321  0.04968862]
 [ 0.61960536  0.6684941  -0.556011    0.0698818   0.11388244  0.
   0.07679548  0.         -0.04325048  0.00145601]
 [ 0.40321013  0.30686685 -0.42319015  0.0260764   0.07040711  0.
  -0.03479519  0.         -0.0089737   0.06441128]] 
Episode: 1144: [[ 0.22241378  0.1676793  -0.46922293 -0.19585279  0.02223528  0.
  -0.07572253  0.          0.00317181  0.06833869]
 [ 0.21988256  0.29252094 -0.49953896 -0.18504591  0.09994237  0.
  -0.08311272  0.         -0.01725222  0.07903621]
 [ 0.37419868  0.51472765 -0.5388335  -0.11004853  0.11980327  0.
  -0.0108314   0.         -0.03533321  0.04961546]
 [ 0.61976707  0.6687797  -0.55623156  0.06992795  0.11404029  0.
   0.07665794  0.         -0.04325048  0.00128899]
 [ 0.4032492   0.30705366 -0.42339686  0.02609175  0.07053091  0.
  -0.03501594  0.         -0.0089737   0.06439839]] 
Episode: 1145: [[ 0.22248673  0.16783032 -0.4694286  -0.19582711  0.0223416   0.
  -0.07595012  0.          0.00317181  0.06834683]
 [ 0.21995197  0.29267275 -0.49974406 -0.18501951  0.10004354  0.
  -0.08334038  0.         -0.01725222  0.07903861]
 [ 0.37430796  0.514951   -0.53906584 -0.11000016  0.11989405  0.
  -0.01098329  0.         -0.03533321  0.04954998]
 [ 0.61994386  0.66906935 -0.5564777   0.06999785  0.11417299  0.
   0.07657923  0.         -0.04325048  0.00113843]
 [ 0.40329698  0.30725065 -0.4236343   0.02612461  0.07063175  0.
  -0.03520878  0.         -0.0089737   0.06438331]] 
Episode: 1146: [[ 0.22249219  0.16793786 -0.4695723  -0.19590236  0.02246318  0.
  -0.07609535  0.          0.00317181  0.06842005]
 [ 0.21995169  0.29278126 -0.49988708 -0.1850961   0.10016224  0.
  -0.08348639  0.         -0.01725222  0.07910936]
 [ 0.3743424   0.51512486 -0.53922534 -0.11007011  0.11999357  0.
  -0.01106366  0.         -0.03533321  0.04958484]
 [ 0.6200389   0.6693026  -0.5566411   0.06993584  0.11428276  0.
   0.076563    0.         -0.04325048  0.00108489]
 [ 0.40325874  0.3073959  -0.4237946   0.02604352  0.07075164  0.
  -0.03532397  0.         -0.0089737   0.06444979]] 
Episode: 1147: [[ 0.22249857  0.16803633 -0.46973    -0.19595952  0.02258721  0.
  -0.07622204  0.          0.00317181  0.06850125]
 [ 0.2199524   0.2928804  -0.50004435 -0.18515429  0.10028387  0.
  -0.08361332  0.         -0.01725222  0.07918841]
 [ 0.37437874  0.5152859  -0.5394031  -0.11011733  0.12009561  0.
  -0.01111661  0.         -0.03533321  0.0496279 ]
 [ 0.620137    0.66952205 -0.55682725  0.06989916  0.11439662  0.
   0.07658209  0.         -0.04325048  0.00104236]
 [ 0.40322337  0.30752972 -0.423974    0.02598326  0.07087582  0.
  -0.03541442  0.         -0.0089737   0.06452405]] 
Episode: 1148: [[ 0.2224924   0.16814627 -0.4698894  -0.1960329   0.02271012  0.
  -0.07627656  0.          0.00317181  0.06855139]
 [ 0.21994066  0.2929914  -0.50020385 -0.18522884  0.10040462  0.
  -0.08366868  0.         -0.01725222  0.07923589]
 [ 0.374405    0.5154703  -0.5395936  -0.11017785  0.1202032   0.
  -0.01110794  0.         -0.03533321  0.04963471]
 [ 0.6202338   0.66977346 -0.5570387   0.06985296  0.1145239   0.
   0.07665388  0.         -0.04325048  0.00096264]
 [ 0.4031774   0.30768043 -0.42416072  0.02590686  0.07100108  0.
  -0.03543746  0.         -0.0089737   0.06456382]] 
Episode: 1149: [[ 0.22246672  0.16826145 -0.4700129  -0.19616373  0.02287252  0.
  -0.07626606  0.          0.00317181  0.06858923]
 [ 0.21990958  0.2931078  -0.50032765 -0.18536222  0.10056609  0.
  -0.08365966  0.         -0.01725222  0.0792712 ]
 [ 0.3744201   0.515642   -0.5397467  -0.11030646  0.12035688  0.
  -0.01104382  0.         -0.03533321  0.0496688 ]
 [ 0.6203268   0.66999507 -0.5572148   0.06973102  0.11468364  0.
   0.0767731   0.         -0.04325048  0.00095736]
 [ 0.4031107   0.3078307  -0.4243081   0.02576472  0.07117354  0.
  -0.03539984  0.         -0.0089737   0.06460006]] 
Episode: 1150: [[ 0.22244617  0.16835338 -0.4701479  -0.19627719  0.02301835  0.
  -0.07631615  0.          0.00317181  0.06863131]
 [ 0.21988395  0.29320094 -0.50046325 -0.1854776   0.10071075  0.
  -0.08371035  0.         -0.01725222  0.07931082]
 [ 0.3744421   0.51579833 -0.53991747 -0.11040951  0.12049861  0.
  -0.01104243  0.         -0.03533321  0.04968578]
 [ 0.6204343   0.6702126  -0.55741304  0.06964231  0.11484693  0.
   0.07682578  0.         -0.04325048  0.00091307]
 [ 0.4030551   0.30795705 -0.42447087  0.02564409  0.07132939  0.
  -0.03542432  0.         -0.0089737   0.06463566]] 
Episode: 1151: [[ 0.22244896  0.168468   -0.47031274 -0.19636443  0.0232256   0.
  -0.07640044  0.          0.00317181  0.0686896 ]
 [ 0.21988235  0.29331696 -0.5006287  -0.18556625  0.10091672  0.
  -0.08379693  0.         -0.01725222  0.07936752]
 [ 0.3744928   0.51597023 -0.54011476 -0.1104854   0.1207053   0.
  -0.01106221  0.         -0.03533321  0.04972724]
 [ 0.62057966  0.67043585 -0.55763465  0.06958156  0.11507338  0.
   0.07688508  0.         -0.04325048  0.00089839]
 [ 0.40302995  0.30810714 -0.42466733  0.02555152  0.07155128  0.
  -0.03548101  0.         -0.0089737   0.06469086]] 
Episode: 1152: [[ 0.22245054  0.16857582 -0.47048107 -0.19645016  0.02339757  0.
  -0.07645667  0.          0.00317181  0.0687127 ]
 [ 0.21987963  0.29342607 -0.5007978  -0.18565328  0.1010868   0.
  -0.08385333  0.         -0.01725222  0.0793877 ]
 [ 0.37454352  0.5161391  -0.54032034 -0.11055821  0.12086661  0.
  -0.0110376   0.         -0.03533321  0.04972173]
 [ 0.62072635  0.67066175 -0.557869    0.06952382  0.11525005  0.
   0.07699308  0.         -0.04325048  0.00082949]
 [ 0.40300784  0.30825096 -0.42486984  0.02546137  0.07173248  0.
  -0.03550279  0.         -0.0089737   0.06470563]] 
Episode: 1153: [[ 0.22241265  0.16865082 -0.47063506 -0.19662821  0.02353963  0.
  -0.0764477   0.          0.00317181  0.0687001 ]
 [ 0.21983626  0.29350168 -0.500953   -0.18583512  0.10122646  0.
  -0.08384524  0.         -0.01725222  0.07937085]
 [ 0.37455055  0.5162781  -0.5405184  -0.11074506  0.12099924  0.
  -0.01095913  0.         -0.03533321  0.04969222]
 [ 0.6208288   0.6708746  -0.5581      0.06933011  0.11541338  0.
   0.07714488  0.         -0.04325048  0.00075503]
 [ 0.40293527  0.30836105 -0.4250592   0.02526609  0.07188533  0.
  -0.03546403  0.         -0.0089737   0.06468715]] 
Episode: 1154: [[ 2.22429946e-01  1.68768018e-01 -4.70780432e-01 -1.96769625e-01
   2.37682331e-02  0.00000000e+00 -7.64991641e-02  0.00000000e+00
   3.17181321e-03  6.86007068e-02]
 [ 2.19849750e-01  2.93618709e-01 -5.01098752e-01 -1.85979545e-01
   1.01451442e-01  0.00000000e+00 -8.38967934e-02  0.00000000e+00
  -1.72522180e-02  7.92631805e-02]
 [ 3.74606490e-01  5.16452193e-01 -5.40700793e-01 -1.10895902e-01
   1.21220753e-01  0.00000000e+00 -1.09448330e-02  0.00000000e+00
  -3.53332087e-02  4.95799668e-02]
 [ 6.20965540e-01  6.71111763e-01 -5.58310568e-01  6.91714808e-02
   1.15661085e-01  0.00000000e+00  7.72268772e-02  0.00000000e+00
  -4.32504788e-02  6.13601995e-04]
 [ 4.02916282e-01  3.08517456e-01 -4.25235212e-01  2.51094494e-02
   7.21314475e-02  0.00000000e+00 -3.54874916e-02  0.00000000e+00
  -8.97369999e-03  6.45760074e-02]] 
Episode: 1155: [[ 2.22452775e-01  1.68897301e-01 -4.70944434e-01 -1.96873188e-01
   2.39863452e-02  0.00000000e+00 -7.66049996e-02  0.00000000e+00
   3.17181321e-03  6.84970394e-02]
 [ 2.19868645e-01  2.93748677e-01 -5.01263082e-01 -1.86085194e-01
   1.01665638e-01  0.00000000e+00 -8.40019882e-02  0.00000000e+00
  -1.72522180e-02  7.91512132e-02]
 [ 3.74668986e-01  5.16643345e-01 -5.40899873e-01 -1.11002602e-01
   1.21431947e-01  0.00000000e+00 -1.09882839e-02  0.00000000e+00
  -3.53332087e-02  4.94567156e-02]
 [ 6.21109188e-01  6.71367168e-01 -5.58534741e-01  6.90624714e-02
   1.15901634e-01  0.00000000e+00  7.72460476e-02  0.00000000e+00
  -4.32504788e-02  4.56194190e-04]
 [ 4.02906895e-01  3.08689415e-01 -4.25431609e-01  2.49954723e-02
   7.23646805e-02  0.00000000e+00 -3.55669372e-02  0.00000000e+00
  -8.97369999e-03  6.44570366e-02]] 
Episode: 1156: [[ 2.22473875e-01  1.69023290e-01 -4.71101373e-01 -1.96971372e-01
   2.41823122e-02  0.00000000e+00 -7.66795501e-02  0.00000000e+00
   3.17181321e-03  6.83819428e-02]
 [ 2.19886079e-01  2.93875575e-01 -5.01420379e-01 -1.86185360e-01
   1.01857886e-01  0.00000000e+00 -8.40744451e-02  0.00000000e+00
  -1.72522180e-02  7.90278539e-02]
 [ 3.74729544e-01  5.16832650e-01 -5.41091919e-01 -1.11102223e-01
   1.21621087e-01  0.00000000e+00 -1.09913554e-02  0.00000000e+00
  -3.53332087e-02  4.93153036e-02]
 [ 6.21245682e-01  6.71619236e-01 -5.58752298e-01  6.89615905e-02
   1.16119698e-01  0.00000000e+00  7.73140490e-02  0.00000000e+00
  -4.32504788e-02  2.80103821e-04]
 [ 4.02897686e-01  3.08857530e-01 -4.25620109e-01  2.48879530e-02
   7.25741014e-02  0.00000000e+00 -3.56116332e-02  0.00000000e+00
  -8.97369999e-03  6.43240958e-02]] 
Episode: 1157: [[ 2.22505018e-01  1.69117332e-01 -4.71245944e-01 -1.97051913e-01
   2.43494026e-02  0.00000000e+00 -7.66870752e-02  0.00000000e+00
   3.17181321e-03  6.82594031e-02]
 [ 2.19914109e-01  2.93969899e-01 -5.01565218e-01 -1.86267450e-01
   1.02021225e-01  0.00000000e+00 -8.40808079e-02  0.00000000e+00
  -1.72522180e-02  7.88978264e-02]
 [ 3.74797672e-01  5.16976416e-01 -5.41268289e-01 -1.11180991e-01
   1.21773362e-01  0.00000000e+00 -1.09377988e-02  0.00000000e+00
  -3.53332087e-02  4.91765328e-02]
 [ 6.21380985e-01  6.71815395e-01 -5.58950841e-01  6.88840300e-02
   1.16289414e-01  0.00000000e+00  7.74298459e-02  0.00000000e+00
  -4.32504788e-02  1.18416188e-04]
 [ 4.02904212e-01  3.08984667e-01 -4.25792813e-01  2.48008389e-02
   7.27497637e-02  0.00000000e+00 -3.55935059e-02  0.00000000e+00
  -8.97369999e-03  6.41868263e-02]] 
Episode: 1158: [[ 2.22516596e-01  1.69195101e-01 -4.71379101e-01 -1.97164163e-01
   2.44973134e-02  0.00000000e+00 -7.67533779e-02  0.00000000e+00
   3.17181321e-03  6.81536049e-02]
 [ 2.19921947e-01  2.94047952e-01 -5.01698554e-01 -1.86381966e-01
   1.02165394e-01  0.00000000e+00 -8.41453448e-02  0.00000000e+00
  -1.72522180e-02  7.87847415e-02]
 [ 3.74844342e-01  5.17108440e-01 -5.41433454e-01 -1.11292891e-01
   1.21907257e-01  0.00000000e+00 -1.09459162e-02  0.00000000e+00
  -3.53332087e-02  4.90342714e-02]
 [ 6.21505618e-01  6.72007918e-01 -5.59140027e-01  6.87744766e-02
   1.16441816e-01  0.00000000e+00  7.74794519e-02  0.00000000e+00
  -4.32504788e-02 -7.61479678e-05]
 [ 4.02887404e-01  3.09095114e-01 -4.25953150e-01  2.46807281e-02
   7.29057789e-02  0.00000000e+00 -3.56355235e-02  0.00000000e+00
  -8.97369999e-03  6.40612543e-02]] 
Episode: 1159: [[ 2.22520202e-01  1.69286072e-01 -4.71499234e-01 -1.97292641e-01
   2.46274322e-02  0.00000000e+00 -7.67844617e-02  0.00000000e+00
   3.17181321e-03  6.80479184e-02]
 [ 2.19922036e-01  2.94139653e-01 -5.01818895e-01 -1.86513141e-01
   1.02291584e-01  0.00000000e+00 -8.41723979e-02  0.00000000e+00
  -1.72522180e-02  7.86714554e-02]
 [ 3.74885798e-01  5.17261207e-01 -5.41586041e-01 -1.11424923e-01
   1.22019611e-01  0.00000000e+00 -1.08970292e-02  0.00000000e+00
  -3.53332087e-02  4.88856994e-02]
 [ 6.21636271e-01  6.72223389e-01 -5.59320211e-01  6.86423555e-02
   1.16565883e-01  0.00000000e+00  7.75786787e-02  0.00000000e+00
  -4.32504788e-02 -2.85900489e-04]
 [ 4.02865410e-01  3.09222698e-01 -4.26100016e-01  2.45422367e-02
   7.30410367e-02  0.00000000e+00 -3.56356129e-02  0.00000000e+00
  -8.97369999e-03  6.39345720e-02]] 
Episode: 1160: [[ 2.22542882e-01  1.69397742e-01 -4.71612275e-01 -1.97381347e-01
   2.48244405e-02  0.00000000e+00 -7.68719688e-02  0.00000000e+00
   3.17181321e-03  6.78853020e-02]
 [ 2.19941512e-01  2.94251889e-01 -5.01931667e-01 -1.86603606e-01
   1.02484465e-01  0.00000000e+00 -8.42555612e-02  0.00000000e+00
  -1.72522180e-02  7.84991235e-02]
 [ 3.74942243e-01  5.17433882e-01 -5.41727185e-01 -1.11516602e-01
   1.22207433e-01  0.00000000e+00 -1.09093273e-02  0.00000000e+00
  -3.53332087e-02  4.86753099e-02]
 [ 6.21779501e-01  6.72454417e-01 -5.59486151e-01  6.85510039e-02
   1.16766758e-01  0.00000000e+00  7.76133910e-02  0.00000000e+00
  -4.32504788e-02 -5.56375366e-04]
 [ 4.02858883e-01  3.09373230e-01 -4.26237911e-01  2.44467594e-02
   7.32520223e-02  0.00000000e+00 -3.56940255e-02  0.00000000e+00
  -8.97369999e-03  6.37434721e-02]] 
Episode: 1161: [[ 0.22256991  0.16950664 -0.47174674 -0.19745266  0.02497669  0.
  -0.07690728  0.          0.00317181  0.06770614]
 [ 0.2199654   0.29436144 -0.5020663  -0.18667603  0.10263208  0.
  -0.08428302  0.         -0.01725222  0.07830961]
 [ 0.3750075   0.517612   -0.5418932  -0.11158299  0.12234478  0.
  -0.01086412  0.         -0.03533321  0.04845382]
 [ 0.6219361   0.6726997  -0.5596788   0.06849124  0.11691988  0.
   0.0776992   0.         -0.04325048 -0.00083133]
 [ 0.40286258  0.30952337 -0.426402    0.02437221  0.0734126   0.
  -0.03568827  0.         -0.0089737   0.06353686]] 
Episode: 1162: [[ 0.22256888  0.16959634 -0.4719039  -0.19755122  0.02509366  0.
  -0.07699858  0.          0.00317181  0.06752167]
 [ 0.21996024  0.29445386 -0.5022244  -0.18677622  0.10274461  0.
  -0.08436654  0.         -0.01725222  0.07811504]
 [ 0.37503818  0.51778764 -0.5420924  -0.11167292  0.1224452   0.
  -0.0108797   0.         -0.03533321  0.04820262]
 [ 0.6220407   0.6729631  -0.55991316  0.06841242  0.11704582  0.
   0.07772185  0.         -0.04325048 -0.00115429]
 [ 0.40283015  0.30965894 -0.42659694  0.02426957  0.07353646  0.
  -0.03574139  0.         -0.0089737   0.06331711]] 
Episode: 1163: [[ 0.222556    0.16964716 -0.47204968 -0.1976653   0.02518873  0.
  -0.07707646  0.          0.00317181  0.0673488 ]
 [ 0.21994308  0.29450756 -0.50237113 -0.18689229  0.10283586  0.
  -0.08443648  0.         -0.01725222  0.07793339]
 [ 0.37505773  0.517915   -0.5422774  -0.11177953  0.12251917  0.
  -0.01086582  0.         -0.03533321  0.04797693]
 [ 0.6221329   0.6731688  -0.5601298   0.06831515  0.11713555  0.
   0.07779656  0.         -0.04325048 -0.0014372 ]
 [ 0.4027885   0.3097477  -0.4267773   0.02415005  0.07363562  0.
  -0.03578008  0.         -0.0089737   0.06311454]] 
Episode: 1164: [[ 0.22256058  0.16970682 -0.47219843 -0.19775169  0.02526911  0.
  -0.07716657  0.          0.00317181  0.06724121]
 [ 0.21994399  0.29456952 -0.50252074 -0.18698007  0.1029121   0.
  -0.08452062  0.         -0.01725222  0.07781957]
 [ 0.37509412  0.5180424  -0.542461   -0.11185802  0.12257831  0.
  -0.01087433  0.         -0.03533321  0.04781979]
 [ 0.6222352   0.6733649  -0.5603403   0.06824631  0.11720871  0.
   0.07784602  0.         -0.04325048 -0.00165255]
 [ 0.4027671   0.3098421  -0.42695943  0.02406031  0.073716    0.
  -0.03583364  0.         -0.0089737   0.06298205]] 
Episode: 1165: [[ 0.22257966  0.16982749 -0.4723999  -0.19781     0.02535113  0.
  -0.07730724  0.          0.00317181  0.06719313]
 [ 0.2199594   0.29469272 -0.5027237  -0.18703899  0.10298881  0.
  -0.08465521  0.         -0.01725222  0.07776695]
 [ 0.37514523  0.51823074 -0.5426973  -0.11190378  0.12264217  0.
  -0.01093831  0.         -0.03533321  0.04773453]
 [ 0.6223495   0.67361546 -0.56060123  0.06821368  0.11729686  0.
   0.07783595  0.         -0.04325048 -0.00178797]
 [ 0.40275764  0.31000644 -0.4272023   0.02400217  0.07379556  0.
  -0.03594019  0.         -0.0089737   0.06291767]] 
Episode: 1166: [[ 0.22259288  0.16994043 -0.472558   -0.19787875  0.02542858  0.
  -0.07738042  0.          0.00317181  0.06714445]
 [ 0.21996938  0.29480854 -0.5028828  -0.1871087   0.10306101  0.
  -0.08471811  0.         -0.01725222  0.07771395]
 [ 0.37519148  0.51841366 -0.5428877  -0.11196233  0.12269162  0.
  -0.01093957  0.         -0.03533321  0.04765225]
 [ 0.6224631   0.67385966 -0.5608165   0.06816661  0.1173517   0.
   0.07788146  0.         -0.04325048 -0.00191718]
 [ 0.4027439   0.31016135 -0.42739502  0.02393232  0.07386772  0.
  -0.03597771  0.         -0.0089737   0.06285366]] 
Episode: 1167: [[ 0.22259685  0.17004304 -0.47268906 -0.1979592   0.02548752  0.
  -0.07740594  0.          0.00317181  0.06710229]
 [ 0.2199702   0.2949144  -0.5030146  -0.18719073  0.10311536  0.
  -0.08473125  0.         -0.01725222  0.07766698]
 [ 0.37522414  0.5185929  -0.54304564 -0.11203865  0.122724    0.
  -0.01088441  0.         -0.03533321  0.04756213]
 [ 0.6225557   0.674106   -0.56099457  0.0680953   0.11738762  0.
   0.07797699  0.         -0.04325048 -0.00206985]
 [ 0.40272087  0.31030604 -0.42755428  0.0238483   0.07392105  0.
  -0.03595917  0.         -0.0089737   0.06279326]] 
Episode: 1168: [[ 0.22260755  0.17009887 -0.47284606 -0.19800346  0.02552747  0.
  -0.07744124  0.          0.00317181  0.06710172]
 [ 0.2199769   0.29497498 -0.5031726  -0.18723556  0.10315146  0.
  -0.08475536  0.         -0.01725222  0.0776639 ]
 [ 0.3752663   0.51872694 -0.5432259  -0.11207268  0.12273481  0.
  -0.0108197   0.         -0.03533321  0.04750749]
 [ 0.62266314  0.67431116 -0.56118727  0.06806975  0.11740582  0.
   0.07811068  0.         -0.04325048 -0.00220113]
 [ 0.40270126  0.3103973  -0.42773858  0.02380536  0.07394829  0.
  -0.03593852  0.         -0.0089737   0.06277368]] 
Episode: 1169: [[ 0.22266342  0.17016192 -0.4729808  -0.19802843  0.02559357  0.
  -0.07753262  0.          0.00317181  0.06705645]
 [ 0.22003068  0.29504257 -0.50330764 -0.1872607   0.10321411  0.
  -0.08483595  0.         -0.01725222  0.07761541]
 [ 0.37534973  0.5188654  -0.5433807  -0.11208963  0.12277666  0.
  -0.01081779  0.         -0.03533321  0.0474198 ]
 [ 0.6228      0.67451555 -0.5613533   0.06805883  0.11745939  0.
   0.07817642  0.         -0.04325048 -0.00235201]
 [ 0.40272826  0.31049836 -0.42789593  0.02378171  0.07400699  0.
  -0.03597831  0.         -0.0089737   0.06271283]] 
Episode: 1170: [[ 0.22272822  0.17019655 -0.47310516 -0.1980426   0.02562228  0.
  -0.07759941  0.          0.00317181  0.06703079]
 [ 0.22009337  0.29508147 -0.50343204 -0.1872749   0.10323898  0.
  -0.08489223  0.         -0.01725222  0.07758585]
 [ 0.37543657  0.51897347 -0.5435214  -0.11209665  0.12277944  0.
  -0.01078204  0.         -0.03533321  0.04734571]
 [ 0.62293744  0.67469007 -0.5615027   0.0680571   0.11747144  0.
   0.07828865  0.         -0.04325048 -0.00249711]
 [ 0.40275618  0.31056356 -0.42803803  0.02376946  0.0740203   0.
  -0.03598046  0.         -0.0089737   0.06267003]] 
Episode: 1171: [[ 0.22277224  0.17021216 -0.47320837 -0.19810398  0.02563717  0.
  -0.07759987  0.          0.00317181  0.06700741]
 [ 0.22013499  0.29510027 -0.503535   -0.1873383   0.10324954  0.
  -0.08488396  0.         -0.01725222  0.07755962]
 [ 0.37550303  0.5190485  -0.54363436 -0.11216617  0.12275942  0.
  -0.01069354  0.         -0.03533321  0.04729543]
 [ 0.62305754  0.67481947 -0.5616176   0.06797971  0.11744411  0.
   0.07844419  0.         -0.04325048 -0.0025972 ]
 [ 0.40276515  0.3106035  -0.4281534   0.02370184  0.07401758  0.
  -0.03592402  0.         -0.0089737   0.06263779]] 
Episode: 1172: [[ 0.2228109   0.170241   -0.47332823 -0.19815964  0.02564641  0.
  -0.07754065  0.          0.00317181  0.06698087]
 [ 0.22017115  0.2951317  -0.50365514 -0.18739535  0.10325416  0.
  -0.08481762  0.         -0.01725222  0.07753089]
 [ 0.37556946  0.5191352  -0.5437692  -0.1122205   0.1227262   0.
  -0.01055759  0.         -0.03533321  0.0472644 ]
 [ 0.6231858   0.67496145 -0.5617574   0.06792545  0.11740147  0.
   0.0786387   0.         -0.04325048 -0.00265384]
 [ 0.40277314  0.31065884 -0.428289    0.02364345  0.07400627  0.
  -0.03581487  0.         -0.0089737   0.06260916]] 
Episode: 1173: [[ 0.22284244  0.1702608  -0.47345456 -0.19823033  0.02565672  0.
  -0.07753143  0.          0.00317181  0.06695004]
 [ 0.22020042  0.29515398 -0.50378263 -0.18746765  0.10326044  0.
  -0.08480671  0.         -0.01725222  0.07749727]
 [ 0.3756372   0.51921564 -0.54392153 -0.11228741  0.1227005   0.
  -0.01049156  0.         -0.03533321  0.04721222]
 [ 0.62333375  0.67510396 -0.56192535  0.06786125  0.11737927  0.
   0.0787592   0.         -0.04325048 -0.00274949]
 [ 0.40277976  0.3107053  -0.4284379   0.02356997  0.07399989  0.
  -0.03577501  0.         -0.0089737   0.06257199]] 
Episode: 1174: [[ 0.22293021  0.17041829 -0.4736433  -0.19823627  0.02563528  0.
  -0.07758275  0.          0.00317181  0.06685466]
 [ 0.22028747  0.29531422 -0.50397336 -0.18747316  0.10323177  0.
  -0.08485578  0.         -0.01725222  0.07739507]
 [ 0.3757787   0.51943386 -0.5441399  -0.11228039  0.12263158  0.
  -0.01048845  0.         -0.03533321  0.047087  ]
 [ 0.623572    0.6753728  -0.56216073  0.06787851  0.11732006  0.
   0.07881311  0.         -0.04325048 -0.00291764]
 [ 0.4028614   0.31090885 -0.42865986  0.0235691   0.07394809  0.
  -0.03579748  0.         -0.0089737   0.06245939]] 
Episode: 1175: [[ 0.22302148  0.17058268 -0.47383216 -0.19821952  0.02562663  0.
  -0.07768852  0.          0.00317181  0.0667817 ]
 [ 0.22037788  0.29548135 -0.5041639  -0.18745533  0.10321555  0.
  -0.0849588   0.         -0.01725222  0.07731503]
 [ 0.3759201   0.51965624 -0.5443544  -0.11225     0.12258558  0.
  -0.01054194  0.         -0.03533321  0.04698003]
 [ 0.62380284  0.67564094 -0.5623892   0.06791935  0.11729316  0.
   0.07880709  0.         -0.04325048 -0.00307231]
 [ 0.40294236  0.31112033 -0.4288819   0.0235927   0.07391552  0.
  -0.03587601  0.         -0.0089737   0.06236799]] 
Episode: 1176: [[ 0.22308342  0.17073512 -0.4740624  -0.19822046  0.02558788  0.
  -0.0777241   0.          0.00317181  0.06672667]
 [ 0.2204375   0.2956374  -0.50439686 -0.18745556  0.10316832  0.
  -0.08499264  0.         -0.01725222  0.07725531]
 [ 0.37603232  0.5198749  -0.5446165  -0.11223423  0.12250588  0.
  -0.01053379  0.         -0.03533321  0.04690942]
 [ 0.62401074  0.67591393 -0.562668    0.06794746  0.11723536  0.
   0.0788562   0.         -0.04325048 -0.00317525]
 [ 0.40298524  0.31132165 -0.429153    0.02359797  0.07384869  0.
  -0.03588837  0.         -0.0089737   0.0623015 ]] 
Episode: 1177: [[ 0.22321573  0.17090245 -0.47426504 -0.19820786  0.02556832  0.
  -0.07773972  0.          0.00317181  0.06678236]
 [ 0.22057033  0.29580525 -0.50460106 -0.18744186  0.10313907  0.
  -0.08500458  0.         -0.01725222  0.07730797]
 [ 0.37620986  0.52009934 -0.54484636 -0.11220755  0.1224464   0.
  -0.01049717  0.         -0.03533321  0.04694045]
 [ 0.62425524  0.67618847 -0.562913    0.0679824   0.11719602  0.
   0.07893535  0.         -0.04325048 -0.00318564]
 [ 0.40310466  0.31153786 -0.42939     0.0236165   0.07380386  0.
  -0.03587079  0.         -0.0089737   0.0623477 ]] 
Episode: 1178: [[ 0.22335067  0.17109405 -0.4744502  -0.19818398  0.0255603   0.
  -0.0777851   0.          0.00317181  0.06684607]
 [ 0.22070606  0.29599816 -0.5047875  -0.1874166   0.10312208  0.
  -0.08504852  0.         -0.01725222  0.07736845]
 [ 0.37638667  0.5203488  -0.54505557 -0.11216988  0.12240064  0.
  -0.01048969  0.         -0.03533321  0.04697546]
 [ 0.62449586  0.6764841  -0.5631357   0.06802785  0.11716792  0.
   0.07899019  0.         -0.04325048 -0.00319999]
 [ 0.40322402  0.3117811  -0.42960575  0.02364766  0.07377219  0.
  -0.03588169  0.         -0.0089737   0.06240349]] 
Episode: 1179: [[ 0.22349739  0.17128783 -0.47464576 -0.19813037  0.02557348  0.
  -0.07788555  0.          0.00317181  0.0669423 ]
 [ 0.22085397  0.29619193 -0.5049842  -0.1873605   0.10312581  0.
  -0.08514696  0.         -0.01725222  0.07746368]
 [ 0.3765786   0.5205939  -0.5452691  -0.11210155  0.12237976  0.
  -0.01053928  0.         -0.03533321  0.04704726]
 [ 0.62475353  0.6767733  -0.56335807  0.06810496  0.11716563  0.
   0.07898498  0.         -0.04325048 -0.00317634]
 [ 0.40335903  0.31202698 -0.42983186  0.02371123  0.07376686  0.
  -0.03594984  0.         -0.0089737   0.06249483]] 
Episode: 1180: [[ 0.2236726   0.17147784 -0.4748227  -0.19807535  0.02553426  0.
  -0.07793888  0.          0.00317181  0.06713321]
 [ 0.22103195  0.29638198 -0.5051615  -0.18730319  0.10307524  0.
  -0.08519523  0.         -0.01725222  0.07765527]
 [ 0.37679157  0.5208335  -0.5454588  -0.11203412  0.12230284  0.
  -0.01054429  0.         -0.03533321  0.04720613]
 [ 0.6250082   0.67705333 -0.5635535   0.06817838  0.11710837  0.
   0.07901744  0.         -0.04325048 -0.00307295]
 [ 0.40352324  0.31226897 -0.43003264  0.02377482  0.07370126  0.
  -0.0359706   0.         -0.0089737   0.06268255]] 
Episode: 1181: [[ 0.22382373  0.17166817 -0.47502086 -0.19803531  0.02550921  0.
  -0.07792722  0.          0.00317181  0.06732447]
 [ 0.2211849   0.2965739  -0.5053607  -0.18726125  0.10304073  0.
  -0.08517977  0.         -0.01725222  0.07784937]
 [ 0.37698883  0.5210841  -0.54567033 -0.11198019  0.12225132  0.
  -0.01049247  0.         -0.03533321  0.04737648]
 [ 0.62525487  0.6773522  -0.563772    0.0682394   0.11708694  0.
   0.07910122  0.         -0.04325048 -0.00295131]
 [ 0.40366894  0.31252053 -0.43025857  0.02382323  0.0736611   0.
  -0.03593094  0.         -0.0089737   0.06287367]] 
Episode: 1182: [[ 0.22400041  0.17186858 -0.47525275 -0.19796602  0.02549018  0.
  -0.07797635  0.          0.00317181  0.06751237]
 [ 0.22136423  0.2967745  -0.50559425 -0.18718906  0.1030113   0.
  -0.08522473  0.         -0.01725222  0.07803897]
 [ 0.3772188   0.521337   -0.5459124  -0.11189611  0.12220384  0.
  -0.01050216  0.         -0.03533321  0.04754394]
 [ 0.6255489   0.6776502  -0.5640164   0.06833202  0.11707442  0.
   0.07912205  0.         -0.04325048 -0.00283399]
 [ 0.40385163  0.31278083 -0.43052354  0.02390353  0.07362486  0.
  -0.03595359  0.         -0.0089737   0.06306139]] 
Episode: 1183: [[ 0.22420707  0.17206448 -0.4754791  -0.1978923   0.02544751  0.
  -0.0780387   0.          0.00317181  0.0676589 ]
 [ 0.22157481  0.29696923 -0.5058218  -0.18711233  0.10295696  0.
  -0.08528366  0.         -0.01725222  0.07818699]
 [ 0.37747562  0.52157944 -0.5461459  -0.11180915  0.12212934  0.
  -0.01052031  0.         -0.03533321  0.04767566]
 [ 0.62586164  0.67793536 -0.5642502   0.0684254   0.11703674  0.
   0.07913488  0.         -0.04325048 -0.00275108]
 [ 0.40406704  0.31303245 -0.430782    0.02398834  0.07355949  0.
  -0.0359839   0.         -0.0089737   0.06321082]] 
Episode: 1184: [[ 0.22438921  0.17223923 -0.47567302 -0.19784752  0.02539495  0.
  -0.07803517  0.          0.00317181  0.06780051]
 [ 0.22176051  0.2971437  -0.5060169  -0.18706556  0.10289385  0.
  -0.08527778  0.         -0.01725222  0.07833192]
 [ 0.3777102   0.5218058  -0.5463495  -0.11175218  0.12203883  0.
  -0.01048031  0.         -0.03533321  0.04782695]
 [ 0.6261579   0.6782058  -0.56445855  0.06848908  0.11696669  0.
   0.07920103  0.         -0.04325048 -0.00262246]
 [ 0.40425777  0.31326002 -0.43100467  0.02404174  0.07348222  0.
  -0.03595282  0.         -0.0089737   0.06336258]] 
Episode: 1185: [[ 0.22458437  0.17244585 -0.47591844 -0.19777964  0.02531325  0.
  -0.07802156  0.          0.00317181  0.06794975]
 [ 0.22195908  0.29735067 -0.50626445 -0.18699476  0.10280012  0.
  -0.08525985  0.         -0.01725222  0.07848602]
 [ 0.37795764  0.52205944 -0.5466048  -0.11166923  0.12191024  0.
  -0.01039786  0.         -0.03533321  0.04798779]
 [ 0.6264645   0.6784957  -0.5647164   0.06858016  0.11685786  0.
   0.07931513  0.         -0.04325048 -0.00248527]
 [ 0.4044583   0.31352225 -0.43128753  0.02412117  0.07336788  0.
  -0.03589519  0.         -0.0089737   0.063522  ]] 
Episode: 1186: [[ 0.22475758  0.17262988 -0.47614828 -0.19773623  0.02523742  0.
  -0.07796236  0.          0.00317181  0.06806997]
 [ 0.22213542  0.29753566 -0.506497   -0.18694918  0.10271319  0.
  -0.08519255  0.         -0.01725222  0.07860889]
 [ 0.37818527  0.5222993  -0.54685163 -0.11161139  0.12179064  0.
  -0.01026733  0.         -0.03533321  0.04810585]
 [ 0.6267586   0.67878336 -0.56497234  0.06864601  0.11676215  0.
   0.07947239  0.         -0.04325048 -0.00240248]
 [ 0.40463915  0.3137614  -0.43155602  0.02417417  0.07326321  0.
  -0.03578576  0.         -0.0089737   0.06364755]] 
Episode: 1187: [[ 0.22491601  0.17279494 -0.47637805 -0.19769801  0.02516809  0.
  -0.0779578   0.          0.00317181  0.06817654]
 [ 0.22229694  0.29770324 -0.5067307  -0.18690842  0.10263406  0.
  -0.08518691  0.         -0.01725222  0.07871484]
 [ 0.37840313  0.5225357  -0.54710937 -0.11155262  0.12169144  0.
  -0.01020621  0.         -0.03533321  0.04817315]
 [ 0.62705463  0.6790868  -0.56524897  0.06871857  0.11670872  0.
   0.07955933  0.         -0.04325048 -0.00240828]
 [ 0.40480906  0.31398448 -0.43182975  0.02422358  0.0731727   0.
  -0.03574564  0.         -0.0089737   0.06374779]] 
Episode: 1188: [[ 0.22508137  0.17297797 -0.47660848 -0.19763468  0.02513476  0.
  -0.07801336  0.          0.00317181  0.06825171]
 [ 0.22246563  0.29788813 -0.50696486 -0.18684159  0.10259106  0.
  -0.08524074  0.         -0.01725222  0.07878694]
 [ 0.37862846  0.52278394 -0.5473651  -0.11146741  0.12163233  0.
  -0.01020753  0.         -0.03533321  0.04820355]
 [ 0.62735754  0.6793954  -0.5655214   0.06881822  0.11669655  0.
   0.07958301  0.         -0.04325048 -0.00245197]
 [ 0.4049878   0.31422555 -0.43210405  0.02430047  0.07312138  0.
  -0.03576789  0.         -0.0089737   0.06381147]] 
Episode: 1189: [[ 0.22522946  0.17317118 -0.4768344  -0.1975816   0.0250789   0.
  -0.07800588  0.          0.00317181  0.06833183]
 [ 0.22261618  0.29808384 -0.5071944  -0.18678558  0.10252535  0.
  -0.08523029  0.         -0.01725222  0.07886627]
 [ 0.3788267   0.5230398  -0.5476128  -0.11139524  0.12154517  0.
  -0.01015241  0.         -0.03533321  0.04825364]
 [ 0.6276168   0.6797033  -0.56578064  0.06890224  0.11665     0.
   0.07965887  0.         -0.04325048 -0.00245997]
 [ 0.40514     0.3144779  -0.43236998  0.02436488  0.07304331  0.
  -0.03572958  0.         -0.0089737   0.06388447]] 
Episode: 1190: [[ 0.22536694  0.17335197 -0.47706285 -0.19751757  0.02502149  0.
  -0.07805878  0.          0.00317181  0.06841347]
 [ 0.22275566  0.29826695 -0.5074267  -0.18671814  0.10245787  0.
  -0.08527976  0.         -0.01725222  0.07894629]
 [ 0.3790159   0.52328247 -0.54786247 -0.11130971  0.12146065  0.
  -0.0101591   0.         -0.03533321  0.04829885]
 [ 0.6278724   0.6799992  -0.56604147  0.06900145  0.11660977  0.
   0.07967259  0.         -0.04325048 -0.00247772]
 [ 0.40528193  0.31471458 -0.43263924  0.02444173  0.0729653   0.
  -0.03575343  0.         -0.0089737   0.06395623]] 
Episode: 1191: [[ 0.2254761   0.17350084 -0.47726238 -0.19751833  0.02497075  0.
  -0.07804676  0.          0.00317181  0.06845185]
 [ 0.22286607  0.29841945 -0.50762975 -0.18671894  0.10239826  0.
  -0.08526541  0.         -0.01725222  0.07898171]
 [ 0.37917608  0.5235103  -0.5480836  -0.111305    0.12138394  0.
  -0.01010884  0.         -0.03533321  0.04830155]
 [ 0.62810165  0.68029535 -0.56627566  0.06900556  0.11657125  0.
   0.07973947  0.         -0.04325048 -0.00253222]
 [ 0.40539303  0.3149209  -0.4328754   0.02444294  0.07289698  0.
  -0.03571658  0.         -0.0089737   0.06398267]] 
Episode: 1192: [[ 0.22559081  0.17374352 -0.47750545 -0.19747277  0.02492611  0.
  -0.07809554  0.          0.00317181  0.06844838]
 [ 0.2229813   0.2986673  -0.5078775  -0.18667124  0.10234297  0.
  -0.08531135  0.         -0.01725222  0.07897098]
 [ 0.3793421   0.523842   -0.54834956 -0.11124565  0.12131656  0.
  -0.01011989  0.         -0.03533321  0.04824913]
 [ 0.6283358   0.680699   -0.56655174  0.06906982  0.11656512  0.
   0.07974513  0.         -0.04325048 -0.00265116]
 [ 0.40550476  0.31523815 -0.43316174  0.02449631  0.07283176  0.
  -0.03574171  0.         -0.0089737   0.06395873]] 
Episode: 1193: [[ 0.2257066   0.17399086 -0.4777413  -0.1974157   0.02488891  0.
  -0.0781809   0.          0.00317181  0.0684532 ]
 [ 0.22309774  0.298919   -0.50811774 -0.1866116   0.10229498  0.
  -0.08539663  0.         -0.01725222  0.07896844]
 [ 0.3795038   0.5241709  -0.548605   -0.11117466  0.12125435  0.
  -0.01016269  0.         -0.03533321  0.04820761]
 [ 0.62856424  0.6810932  -0.56681484  0.06914649  0.11656054  0.
   0.0797385   0.         -0.04325048 -0.00275993]
 [ 0.4056125   0.31555834 -0.43343875  0.02456262  0.07277387  0.
  -0.03580063  0.         -0.0089737   0.06394461]] 
Episode: 1194: [[ 0.22580297  0.1741935  -0.47798178 -0.1974029   0.02485765  0.
  -0.07831729  0.          0.00317181  0.06843998]
 [ 0.22319418  0.29912695 -0.50836426 -0.18659866  0.1022547   0.
  -0.08553221  0.         -0.01725222  0.07894342]
 [ 0.37964794  0.5244706  -0.54888034 -0.11115943  0.12121128  0.
  -0.01025748  0.         -0.03533321  0.04810324]
 [ 0.62878746  0.6814806  -0.56711113  0.06915767  0.1165933   0.
   0.07967796  0.         -0.04325048 -0.00293999]
 [ 0.4057018   0.31583384 -0.43372822  0.02457725  0.07272869  0.
  -0.03591193  0.         -0.0089737   0.0638945 ]] 
Episode: 1195: [[ 0.22587909  0.1743871  -0.4782153  -0.1974094   0.02480524  0.
  -0.07845972  0.          0.00317181  0.06842863]
 [ 0.22327007  0.29932755 -0.50860435 -0.18660541  0.10219328  0.
  -0.08567762  0.         -0.01725222  0.07891826]
 [ 0.37977546  0.5247814  -0.5491549  -0.1111596   0.12114623  0.
  -0.01039446  0.         -0.03533321  0.04796591]
 [ 0.6290053   0.68189687 -0.5674122   0.06915874  0.11660632  0.
   0.07956893  0.         -0.04325048 -0.00318403]
 [ 0.4057727   0.31610543 -0.43401235  0.02457246  0.07266027  0.
  -0.03604293  0.         -0.0089737   0.06383374]] 
Episode: 1196: [[ 0.22597161  0.17454301 -0.47844478 -0.19738944  0.02477811  0.
  -0.07853161  0.          0.00317181  0.06852887]
 [ 0.22336324  0.29948807 -0.50884026 -0.18658432  0.10215785  0.
  -0.08574959  0.         -0.01725222  0.07900245]
 [ 0.3799208   0.525038   -0.5494194  -0.11113184  0.12110472  0.
  -0.01046144  0.         -0.03533321  0.04793729]
 [ 0.62923473  0.682253   -0.5676972   0.0691888   0.11663498  0.
   0.07952537  0.         -0.04325048 -0.00332132]
 [ 0.40585813  0.31632966 -0.4342896   0.02459524  0.07262504  0.
  -0.03610251  0.         -0.0089737   0.06388551]] 
Episode: 1197: [[ 0.22604856  0.17470643 -0.47871053 -0.19740927  0.02471902  0.
  -0.07861874  0.          0.00317181  0.06861931]
 [ 0.22344056  0.299657   -0.5091142  -0.18660462  0.10208891  0.
  -0.08583685  0.         -0.01725222  0.07907573]
 [ 0.38006285  0.5253142  -0.5497329  -0.11114546  0.12102797  0.
  -0.01052835  0.         -0.03533321  0.04788633]
 [ 0.6294814   0.68264633 -0.5680423   0.06917625  0.11664712  0.
   0.07949211  0.         -0.04325048 -0.00349441]
 [ 0.40593225  0.3165671  -0.43461597  0.02457444  0.07255422  0.
  -0.03617298  0.         -0.0089737   0.06392596]] 
Episode: 1198: [[ 0.22615981  0.17485155 -0.47896934 -0.19740018  0.02472198  0.
  -0.07875676  0.          0.00317181  0.06870643]
 [ 0.22355385  0.29980698 -0.50938034 -0.18659484  0.10208307  0.
  -0.08597424  0.         -0.01725222  0.07914707]
 [ 0.38023987  0.52556247 -0.5500336  -0.11113     0.12101883  0.
  -0.01064486  0.         -0.03533321  0.04784344]
 [ 0.6297609   0.68300307 -0.56837034  0.06919285  0.11671996  0.
   0.0794076   0.         -0.04325048 -0.00365185]
 [ 0.40604654  0.3167786  -0.4349323   0.02458532  0.07255244  0.
  -0.03629471  0.         -0.0089737   0.06396712]] 
Episode: 1199: [[ 0.22625051  0.17498866 -0.47919628 -0.19740917  0.02471607  0.
  -0.07882134  0.          0.00317181  0.06878375]
 [ 0.22364615  0.29994932 -0.5096139  -0.1866034   0.1020687   0.
  -0.086039    0.         -0.01725222  0.07921028]
 [ 0.38039923  0.5258057  -0.5503021  -0.11112765  0.12099566  0.
  -0.0106934   0.         -0.03533321  0.04780973]
 [ 0.6300328   0.6833554  -0.56866807  0.06920282  0.11676694  0.
   0.07938612  0.         -0.04325048 -0.00378533]
 [ 0.40614116  0.31698135 -0.43521214  0.02457884  0.07253994  0.
  -0.03634593  0.         -0.0089737   0.0640044 ]] 
Episode: 1200: [[ 0.22632033  0.17514302 -0.4794163  -0.19743364  0.02471761  0.
  -0.07884201  0.          0.00317181  0.06884757]
 [ 0.2237171   0.3001087  -0.50984085 -0.18662794  0.10206144  0.
  -0.0860542   0.         -0.01725222  0.07926095]
 [ 0.3805376   0.5260678  -0.5505685  -0.11113942  0.12097687  0.
  -0.0106808   0.         -0.03533321  0.04776387]
 [ 0.6302919   0.6837249  -0.56897134  0.06920128  0.11680884  0.
   0.07942136  0.         -0.04325048 -0.00392567]
 [ 0.4062121   0.31720597 -0.43548736  0.02455634  0.07253587  0.
  -0.03633572  0.         -0.0089737   0.06402684]] 
