Episode: 1: [[-1.279751   -1.396205   -1.3861461  -0.30663452 -1.6204838  -1.5080749
   0.32973835 -1.8735958  -1.5670643   2.6000385  -1.8085725  -1.5552503
   0.02793667]] 
Episode: 2: [[-1.280051   -1.395905   -1.385846   -0.30633453 -1.6201837  -1.5077748
   0.33003834 -1.8732958  -1.5667642   2.5997386  -1.8088726  -1.5555503
   0.02823667]] 
Episode: 3: [[-1.2803514  -1.395675   -1.3855685  -0.3060385  -1.6199176  -1.5074763
   0.33033037 -1.8730041  -1.5668333   2.5994425  -1.8091519  -1.5558287
   0.02852464]] 
Episode: 4: [[-1.2806338  -1.3954737  -1.3856328  -0.30579194 -1.6196376  -1.5075513
   0.3306176  -1.872713   -1.5669919   2.5991652  -1.8094362  -1.5560607
   0.02881829]] 
Episode: 5: [[-1.2807626  -1.3952616  -1.3855643  -0.305741   -1.6193883  -1.5075036
   0.33059815 -1.8724238  -1.5668676   2.5989473  -1.8094621  -1.5560795
   0.02909902]] 
Episode: 6: [[-1.2807685  -1.3951384  -1.385591   -0.30581248 -1.6192671  -1.5076171
   0.33059502 -1.872277   -1.5669484   2.5989623  -1.8095572  -1.5562099
   0.02912181]] 
Episode: 7: [[-1.280899   -1.3949765  -1.3854799  -0.30576438 -1.619106   -1.5076283
   0.33051243 -1.8721395  -1.5670344   2.5989597  -1.8096868  -1.5563698
   0.0291387 ]] 
Episode: 8: [[-1.2810646  -1.3947963  -1.3853433  -0.3057387  -1.6189198  -1.5076903
   0.3303647  -1.8719807  -1.5671452   2.5990298  -1.8098296  -1.5565517
   0.02913364]] 
Episode: 9: [[-1.281265   -1.3946387  -1.3852307  -0.30563524 -1.6187315  -1.5077046
   0.33029425 -1.8718021  -1.5672368   2.599009   -1.810012   -1.5567499
   0.02919484]] 
Episode: 10: [[-1.2814211  -1.3945733  -1.3851833  -0.30553108 -1.6186337  -1.5077357
   0.33030152 -1.8716998  -1.5673637   2.5989776  -1.8102255  -1.5569756
   0.02923864]] 
Episode: 11: [[-1.2815514  -1.3945324  -1.3851016  -0.3054749  -1.6185815  -1.5077999
   0.33028114 -1.8716705  -1.5675406   2.5990303  -1.8104112  -1.5572196
   0.02916934]] 
Episode: 12: [[-1.2817101  -1.3944787  -1.3849854  -0.30537975 -1.6185198  -1.5078126
   0.33026505 -1.8716408  -1.5677056   2.5990598  -1.81059    -1.5574608
   0.02909659]] 
Episode: 13: [[-1.2817955  -1.3945041  -1.3848747  -0.30529302 -1.6185565  -1.5077914
   0.3302877  -1.8717211  -1.5678937   2.5991066  -1.8107909  -1.5577196
   0.02897456]] 
Episode: 14: [[-1.2819577  -1.3944272  -1.3847085  -0.30512878 -1.6185249  -1.5076472
   0.33019602 -1.8718308  -1.5678529   2.5990367  -1.8108401  -1.5577931
   0.0289227 ]] 
Episode: 15: [[-1.2821045  -1.3943522  -1.3845441  -0.30496818 -1.6184946  -1.5074962
   0.33008623 -1.8719563  -1.5677952   2.5989726  -1.8108703  -1.5578407
   0.02885791]] 
Episode: 16: [[-1.2822818  -1.3942925  -1.3843939  -0.30476522 -1.6184517  -1.5073259
   0.33006254 -1.8720399  -1.5677097   2.5988264  -1.8109847  -1.557886
   0.02892793]] 
Episode: 17: [[-1.2824863 -1.3942214 -1.3842641 -0.3045376 -1.6183586 -1.5071625
   0.3301031 -1.8719999 -1.5675848  2.5986302 -1.811143  -1.5578642
   0.0290839]] 
Episode: 18: [[-1.2826964  -1.39413    -1.3841532  -0.30431363 -1.6182269  -1.5070131
   0.33014518 -1.8719062  -1.5674413   2.5984232  -1.8112915  -1.5577997
   0.02926465]] 
Episode: 19: [[-1.2829374  -1.3939846  -1.3839885  -0.30406424 -1.6180631  -1.5068314
   0.3301755  -1.8718317  -1.567327    2.5982034  -1.8114642  -1.5578213
   0.02943304]] 
Episode: 20: [[-1.2831764  -1.3937935  -1.383825   -0.30386135 -1.6178612  -1.5066696
   0.3301295  -1.8717505  -1.5672224   2.5980406  -1.8116399  -1.5578548
   0.02958217]] 
Episode: 21: [[-1.2833406  -1.3936131  -1.3837023  -0.3037355  -1.6176759  -1.5065722
   0.33007625 -1.8716822  -1.567161    2.5979283  -1.8118014  -1.5578899
   0.02970753]] 
Episode: 22: [[-1.2834975  -1.3934692  -1.3835903  -0.30361483 -1.6175333  -1.5064871
   0.33003956 -1.8716408  -1.5671245   2.5978296  -1.8119725  -1.5579448
   0.02981477]] 
Episode: 23: [[-1.2836375  -1.3933358  -1.3834882  -0.30352125 -1.6174074  -1.5064229
   0.32999796 -1.8716044  -1.567105    2.5977585  -1.8121232  -1.5580008
   0.02990173]] 
Episode: 24: [[-1.2837651  -1.3931981  -1.3833873  -0.3034478  -1.6172802  -1.5063682
   0.32993618 -1.871552   -1.5670794   2.5977018  -1.812218   -1.558026
   0.0299853 ]] 
Episode: 25: [[-1.283884   -1.3930647  -1.3832903  -0.3033758  -1.6171533  -1.5063118
   0.32988155 -1.8714927  -1.5670462   2.5976412  -1.8123039  -1.5580405
   0.03006807]] 
Episode: 26: [[-1.2839985  -1.3929448  -1.3832005  -0.30330274 -1.6170413  -1.5062568
   0.3298405  -1.8714447  -1.5670139   2.5975783  -1.8123887  -1.5580524
   0.03014957]] 
Episode: 27: [[-1.2841358  -1.3928266  -1.3831027  -0.30320126 -1.6169268  -1.5061833
   0.32981938 -1.8713942  -1.5669701   2.5974889  -1.8125019  -1.5580797
   0.03025104]] 
Episode: 28: [[-1.2842662  -1.3927122  -1.383014   -0.30311784 -1.6168092  -1.5061262
   0.3297841  -1.8713263  -1.5669234   2.597416   -1.8125947  -1.5580887
   0.03034899]] 
Episode: 29: [[-1.2843957  -1.3926     -1.3829305  -0.30303824 -1.6166836  -1.5060755
   0.32974672 -1.8712342  -1.5668687   2.5973415  -1.8126637  -1.5580754
   0.03045354]] 
Episode: 30: [[-1.2845273  -1.3924912  -1.3828455  -0.30296144 -1.6165607  -1.5060285
   0.32970864 -1.8711383  -1.5668259   2.5972757  -1.8127233  -1.5580724
   0.03054581]] 
Episode: 31: [[-1.2846481  -1.3924073  -1.382771   -0.30290043 -1.6164756  -1.506001
   0.32968736 -1.8710648  -1.5668204   2.5972316  -1.8127905  -1.5580992
   0.03061391]] 
Episode: 32: [[-1.2848102  -1.3923033  -1.3826884  -0.30280367 -1.6163541  -1.5059537
   0.32969475 -1.8709419  -1.5667752   2.5971422  -1.8128659  -1.558091
   0.03073053]] 
Episode: 33: [[-1.28498    -1.392213   -1.3826116  -0.30268544 -1.6162345  -1.5058894
   0.3297252  -1.8708092  -1.5667048   2.5970266  -1.8129511  -1.5580639
   0.03086723]] 
Episode: 34: [[-1.285142   -1.392126   -1.3825262  -0.30259216 -1.6161369  -1.5058386
   0.32973632 -1.8707135  -1.5666741   2.596954   -1.8130213  -1.5580734
   0.03095642]] 
Episode: 35: [[-1.2853012  -1.3920429  -1.3824581  -0.30249006 -1.616029   -1.5057868
   0.32977486 -1.8705909  -1.5666192   2.5968566  -1.8130893  -1.5580558
   0.03107091]] 
Episode: 36: [[-1.2854476  -1.391973   -1.3823798  -0.3024119  -1.6159592  -1.5057465
   0.3297819  -1.8705183  -1.5665932   2.5968015  -1.8131596  -1.5580637
   0.03114619]] 
Episode: 37: [[-1.2855774  -1.3918874  -1.3822987  -0.3023507  -1.615889   -1.5057057
   0.32976353 -1.8704708  -1.566564    2.5967607  -1.8132358  -1.5580584
   0.03121516]] 
Episode: 38: [[-1.2856646  -1.391819   -1.3822274  -0.30234727 -1.615853   -1.5057139
   0.32970923 -1.8704617  -1.5666045   2.5967898  -1.8132762  -1.5581018
   0.03121629]] 
Episode: 39: [[-1.2857662  -1.3917378  -1.382147   -0.30232933 -1.6158016  -1.505698
   0.32964122 -1.8704516  -1.5666214   2.5968113  -1.8133054  -1.5581294
   0.03122036]] 
Episode: 40: [[-1.2858794  -1.3916485  -1.3820635  -0.30230534 -1.6157389  -1.5056789
   0.32957152 -1.8704201  -1.5666202   2.596823   -1.8133315  -1.5581344
   0.03124174]] 
Episode: 41: [[-1.2859726  -1.391568   -1.3819846  -0.30230355 -1.6156889  -1.5056809
   0.32948685 -1.8703943  -1.566643    2.5968583  -1.8133138  -1.5581446
   0.03123904]] 
Episode: 42: [[-1.286041   -1.3914653  -1.3819143  -0.30233693 -1.6156195  -1.5057164
   0.32939696 -1.8703523  -1.5666934   2.5969167  -1.8132826  -1.5581617
   0.03121942]] 
Episode: 43: [[-1.2861292  -1.3913578  -1.3818215  -0.30234858 -1.6155578  -1.5057222
   0.32931578 -1.8703336  -1.5667375   2.5969636  -1.8132869  -1.558198
   0.03119957]] 
Episode: 44: [[-1.2862114  -1.3912454  -1.3817258  -0.30236223 -1.6154922  -1.5057145
   0.32922506 -1.8703128  -1.5667522   2.597006   -1.8132589  -1.5581957
   0.03118608]] 
Episode: 45: [[-1.2863185  -1.3911272  -1.3816371  -0.30234343 -1.6154008  -1.5056932
   0.32917124 -1.8702502  -1.5667384   2.597003   -1.8132583  -1.5581806
   0.03122095]] 
Episode: 46: [[-1.2864184  -1.3910347  -1.3815672  -0.30232692 -1.615327   -1.5056828
   0.32913074 -1.8701895  -1.5667257   2.5970008  -1.8132666  -1.5581571
   0.03125642]] 
Episode: 47: [[-1.2865268  -1.3909197  -1.3814939  -0.3023036  -1.615224   -1.5056745
   0.3290907  -1.8701019  -1.5667031   2.596985   -1.8132643  -1.5581162
   0.03130692]] 
Episode: 48: [[-1.2866454  -1.390811   -1.3814217  -0.30226478 -1.6151206  -1.5056517
   0.32906708 -1.8700018  -1.5666498   2.5969465  -1.8132726  -1.5580527
   0.03138382]] 
Episode: 49: [[-1.2868668  -1.3905936  -1.3812233  -0.30211496 -1.6149232  -1.5054897
   0.3289451  -1.869918   -1.5664885   2.596826   -1.8132861  -1.5579307
   0.03152679]] 
Episode: 50: [[-1.2870567  -1.3904045  -1.3810556  -0.3020083  -1.6147528  -1.505372
   0.32882285 -1.8698459  -1.5663745   2.5967531  -1.8132939  -1.5578396
   0.03163047]] 
Episode: 51: [[-1.2872167  -1.3902667  -1.3809019  -0.3019251  -1.6146523  -1.505274
   0.32871923 -1.8698403  -1.5663054   2.5967143  -1.8133068  -1.5577966
   0.03168874]] 
Episode: 52: [[-1.2873526  -1.3901434  -1.3807632  -0.30186215 -1.6145684  -1.5051911
   0.3286188  -1.8698457  -1.5662526   2.5966942  -1.8132969  -1.5577625
   0.03172376]] 
Episode: 53: [[-1.2874893  -1.3900446  -1.3806387  -0.30178943 -1.6145067  -1.505104
   0.32853535 -1.8698637  -1.5661838   2.5966625  -1.8133181  -1.5577118
   0.0317748 ]] 
Episode: 54: [[-1.2875959  -1.3899772  -1.3805178  -0.30175164 -1.614492   -1.5050455
   0.3284218  -1.8699422  -1.5661927   2.596697   -1.8133028  -1.5577492
   0.03174095]] 
Episode: 55: [[-1.2877097  -1.3899243  -1.3804057  -0.30169326 -1.6144775  -1.5049758
   0.32833448 -1.8700082  -1.5661818   2.5967066  -1.8132907  -1.5577677
   0.03172513]] 
Episode: 56: [[-1.2878238  -1.3898749  -1.3803114  -0.30164307 -1.6144582  -1.5049239
   0.32826555 -1.8700434  -1.5661706   2.5967135  -1.8132843  -1.5577663
   0.03172477]] 
Episode: 57: [[-1.2879275  -1.3898295  -1.380226   -0.30161124 -1.6144403  -1.5048892
   0.32818186 -1.8700694  -1.5661688   2.5967405  -1.8132539  -1.5577668
   0.03171013]] 
Episode: 58: [[-1.288044   -1.389802   -1.3801594  -0.30156326 -1.6144172  -1.5048562
   0.32812986 -1.8700565  -1.5661442   2.5967386  -1.8132497  -1.5577419
   0.03173746]] 
Episode: 59: [[-1.2881285  -1.389762   -1.3800573  -0.3014798  -1.6144099  -1.504781
   0.32810506 -1.8700725  -1.5661002   2.5966852  -1.8132113  -1.557701
   0.03176353]] 
Episode: 60: [[-1.2882249  -1.3897245  -1.3799629  -0.30138418 -1.6144001  -1.5047059
   0.3281188  -1.8700728  -1.5660553   2.596613   -1.8132101  -1.5576657
   0.03180854]] 
Episode: 61: [[-1.2883004  -1.3896953  -1.3798751  -0.30130723 -1.614404   -1.504643
   0.32812902 -1.8700832  -1.5660217   2.5965564  -1.8131918  -1.5576369
   0.03183698]] 
Episode: 62: [[-1.288359   -1.3896735  -1.3797958  -0.3012452  -1.6144202  -1.5045896
   0.32812613 -1.8701094  -1.5659989   2.596517   -1.8131576  -1.5576087
   0.03184821]] 
Episode: 63: [[-1.2884212  -1.3896406  -1.3797077  -0.30118096 -1.6144238  -1.5045272
   0.32810396 -1.8701406  -1.5659788   2.5964856  -1.8131146  -1.5575964
   0.031843  ]] 
Episode: 64: [[-1.2885053  -1.3895978  -1.3796222  -0.3011007  -1.6144031  -1.5044657
   0.32809085 -1.8701448  -1.5659587   2.596441   -1.8131037  -1.5575926
   0.03185366]] 
Episode: 65: [[-1.2885561  -1.3895769  -1.379553   -0.30106413 -1.6144148  -1.5044444
   0.3280686  -1.8701706  -1.5659907   2.5964444  -1.8130649  -1.557636
   0.03181884]] 
Episode: 66: [[-1.2886003  -1.3895675  -1.3794836  -0.30102667 -1.614439   -1.5044183
   0.3280487  -1.8702265  -1.566028    2.5964506  -1.8130602  -1.5577041
   0.03177775]] 
Episode: 67: [[-1.288664   -1.3895144  -1.3794128  -0.30097055 -1.6143955  -1.5043768
   0.32801795 -1.8702025  -1.566019    2.5964231  -1.8130289  -1.5577253
   0.03177812]] 
Episode: 68: [[-1.2887255  -1.3894787  -1.3793465  -0.3009146  -1.6143738  -1.504337
   0.32800764 -1.8701968  -1.5660105   2.5963936  -1.8130137  -1.5577449
   0.03178182]] 
Episode: 69: [[-1.2887988  -1.38945    -1.3792834  -0.3008162  -1.6143385  -1.5042678
   0.32804292 -1.8701526  -1.5659462   2.5963013  -1.8130088  -1.5577161
   0.03184448]] 
Episode: 70: [[-1.2888695  -1.3894254  -1.3792233  -0.3007223  -1.6143056  -1.5042053
   0.32808667 -1.8701081  -1.565891    2.5962129  -1.813018   -1.5576997
   0.03190348]] 
Episode: 71: [[-1.2889624  -1.3893615  -1.379162   -0.3006396  -1.6142273  -1.504156
   0.32809228 -1.8700336  -1.5658426   2.5961418  -1.8130611  -1.5576979
   0.03196746]] 
Episode: 72: [[-1.2890513  -1.3893073  -1.3791008  -0.30057764 -1.61418    -1.5041223
   0.3281127  -1.869985   -1.565814    2.5960908  -1.8131068  -1.5577137
   0.03201858]] 
Episode: 73: [[-1.2891344  -1.3892392  -1.3790199  -0.30053806 -1.6141359  -1.5040947
   0.32808408 -1.8699783  -1.5658193   2.5960827  -1.8131211  -1.5577725
   0.03202107]] 
Episode: 74: [[-1.2892014  -1.3891354  -1.3789403  -0.30052784 -1.6140635  -1.5040874
   0.32804438 -1.8699564  -1.5658498   2.5960937  -1.8131227  -1.5578516
   0.03200857]] 
Episode: 75: [[-1.2892483  -1.3890357  -1.3788705  -0.30054498 -1.6139978  -1.5040984
   0.32798663 -1.869942   -1.5658995   2.596133   -1.8130972  -1.5579429
   0.03197145]] 
Episode: 76: [[-1.2893326  -1.3888866  -1.3787633  -0.30054715 -1.6138685  -1.5040874
   0.32789987 -1.8698626  -1.5659156   2.5961554  -1.8130358  -1.5580145
   0.03195887]] 
Episode: 77: [[-1.2894206  -1.3887498  -1.3786567  -0.30052838 -1.613753   -1.5040573
   0.3278369  -1.8697877  -1.5659062   2.5961504  -1.8129735  -1.558057
   0.03196868]] 
Episode: 78: [[-1.2894804  -1.3886336  -1.3785722  -0.30054638 -1.6136589  -1.5040601
   0.3277663  -1.8697159  -1.5659127   2.596175   -1.812884   -1.5580914
   0.03196307]] 
Episode: 79: [[-1.289534   -1.3885267  -1.3784891  -0.30056652 -1.613575   -1.504062
   0.32769015 -1.8696581  -1.5659211   2.596205   -1.8127947  -1.5581198
   0.03194979]] 
Episode: 80: [[-1.289598   -1.388391   -1.3783894  -0.3005767  -1.613469   -1.5040141
   0.32756504 -1.8696365  -1.5658743   2.5962327  -1.8127165  -1.5581039
   0.03194317]] 
Episode: 81: [[-1.2896574  -1.3882751  -1.3783035  -0.3005833  -1.6133783  -1.5039771
   0.32747582 -1.8696183  -1.5658437   2.5962539  -1.8126616  -1.5581099
   0.0319368 ]] 
Episode: 82: [[-1.2897283  -1.3881621  -1.3782364  -0.30058238 -1.613277   -1.5039464
   0.32741183 -1.8695675  -1.5657973   2.5962577  -1.8126324  -1.5580908
   0.0319588 ]] 
Episode: 83: [[-1.2897813  -1.3880743  -1.3781915  -0.30059594 -1.6131964  -1.5039378
   0.32737204 -1.869513   -1.5657686   2.5962682  -1.8125966  -1.5580776
   0.03197584]] 
Episode: 84: [[-1.2898296  -1.3879976  -1.3781494  -0.30061367 -1.6131238  -1.5039321
   0.32732067 -1.8694671  -1.5657455   2.5962894  -1.8125663  -1.5580754
   0.03198206]] 
Episode: 85: [[-1.2898929  -1.387926   -1.3781091  -0.30061203 -1.6130494  -1.5039171
   0.3272907  -1.8694047  -1.5657055   2.5962863  -1.8125554  -1.5580513
   0.03201539]] 
Episode: 86: [[-1.2899301  -1.3878652  -1.3780831  -0.3006233  -1.6129775  -1.5039165
   0.3272683  -1.8693298  -1.5656755   2.5962853  -1.8125175  -1.5580227
   0.03204336]] 
Episode: 87: [[-1.2899897  -1.3877797  -1.3780501  -0.30061373 -1.612869   -1.5038956
   0.32724318 -1.8692228  -1.5656134   2.5962598  -1.8124735  -1.5579565
   0.032097  ]] 
Episode: 88: [[-1.2900114  -1.3877548  -1.3780286  -0.30060804 -1.6128187  -1.503873
   0.32722148 -1.86917    -1.565553    2.596241   -1.8124123  -1.5578804
   0.03213172]] 
Episode: 89: [[-1.2900405  -1.3877343  -1.3780092  -0.30059233 -1.6127707  -1.5038444
   0.32720914 -1.8691101  -1.5654777   2.5962086  -1.8123565  -1.5577786
   0.03218392]] 
Episode: 90: [[-1.2900641  -1.3877298  -1.3779929  -0.30057338 -1.6127393  -1.5038213
   0.32720467 -1.8690774  -1.5654339   2.596185   -1.8123293  -1.5577228
   0.03221341]] 
Episode: 91: [[-1.2900636  -1.3877596  -1.3779963  -0.30058497 -1.612759   -1.5038294
   0.32719088 -1.8691094  -1.5654352   2.5962071  -1.8123357  -1.5577171
   0.03220011]] 
Episode: 92: [[-1.2900702  -1.3877964  -1.3780031  -0.30058846 -1.6127858  -1.5038351
   0.3271982  -1.8691453  -1.5654384   2.5962214  -1.8123655  -1.5577244
   0.03219312]] 
Episode: 93: [[-1.2900819  -1.3878433  -1.3780093  -0.30060098 -1.61282    -1.5038667
   0.327227   -1.8691593  -1.56547     2.5962422  -1.8123707  -1.5577545
   0.03218338]] 
Episode: 94: [[-1.2900912  -1.3877238  -1.3779718  -0.30066657 -1.6127139  -1.5038831
   0.3271768  -1.8691095  -1.5654503   2.5962715  -1.8123318  -1.5577376
   0.03219752]] 
Episode: 95: [[-1.290105   -1.387619   -1.3779392  -0.30072546 -1.6126183  -1.5039004
   0.32713208 -1.8690565  -1.5654324   2.596299   -1.812298   -1.5577179
   0.03221258]] 
Episode: 96: [[-1.2901244  -1.38751    -1.3779061  -0.30079535 -1.6125172  -1.5039299
   0.32707015 -1.8689847  -1.5654162   2.5963397  -1.8122438  -1.5576868
   0.03222521]] 
Episode: 97: [[-1.2901609  -1.3874297  -1.3778634  -0.30084813 -1.6124617  -1.5039581
   0.32702133 -1.8689563  -1.5654198   2.596383   -1.8122154  -1.5576823
   0.03222965]] 
Episode: 98: [[-1.290206   -1.387337   -1.377814   -0.30088866 -1.6123887  -1.5039725
   0.32697102 -1.8689107  -1.5654023   2.596409   -1.8121736  -1.557651
   0.03225018]] 
Episode: 99: [[-1.2901895  -1.3873116  -1.3777659  -0.30097607 -1.6124249  -1.504024
   0.3269279  -1.8689845  -1.5654489   2.596498   -1.8121134  -1.5576574
   0.03218985]] 
Episode: 100: [[-1.2901909  -1.3872979  -1.3777126  -0.30102074 -1.612473   -1.5040478
   0.32692972 -1.8690696  -1.565477    2.5965436  -1.8121271  -1.5576737
   0.03215992]] 
Episode: 101: [[-1.2901942  -1.3872957  -1.3776729  -0.3010707  -1.6125258  -1.5040803
   0.32694334 -1.8691431  -1.5655066   2.5965922  -1.8121289  -1.5576825
   0.03213244]] 
Episode: 102: [[-1.290187   -1.3873216  -1.3776541  -0.30111864 -1.6126016  -1.5041262
   0.32698664 -1.869231   -1.5655571   2.596641   -1.81216    -1.557726
   0.03209796]] 
Episode: 103: [[-1.2901813  -1.3873827  -1.3776457  -0.30115673 -1.612709   -1.5041707
   0.32707536 -1.869342   -1.5656127   2.59668    -1.8122361  -1.5577875
   0.03207006]] 
Episode: 104: [[-1.2901696  -1.3874555  -1.3776331  -0.3012223  -1.6128374  -1.5042427
   0.32716218 -1.869466   -1.5657104   2.5967567  -1.8122922  -1.5578797
   0.03200335]] 
Episode: 105: [[-1.2901797  -1.3875085  -1.3776231  -0.30127114 -1.6129333  -1.5043017
   0.32723904 -1.8695548  -1.5657799   2.5968127  -1.812355   -1.5579348
   0.03196666]] 
Episode: 106: [[-1.2901827  -1.3875954  -1.377645   -0.30132625 -1.6130524  -1.5043842
   0.32732686 -1.8696346  -1.5658476   2.5968668  -1.8124349  -1.5579582
   0.03195587]] 
Episode: 107: [[-1.2901843  -1.38764    -1.3776642  -0.301388   -1.6131302  -1.5044471
   0.32739297 -1.8696835  -1.5658798   2.5969129  -1.8124878  -1.5579426
   0.03195824]] 
Episode: 108: [[-1.2902005  -1.3876607  -1.3776609  -0.30144265 -1.6131833  -1.5045036
   0.3274459  -1.8697188  -1.5659226   2.596958   -1.8125443  -1.5579622
   0.03195577]] 
Episode: 109: [[-1.2902132  -1.3876916  -1.3776758  -0.30150604 -1.6132382  -1.5045815
   0.3275177  -1.8697404  -1.5659877   2.5970113  -1.8125924  -1.5580076
   0.03194337]] 
Episode: 110: [[-1.290184   -1.3877281  -1.3776838  -0.3016298  -1.6133239  -1.504693
   0.32750422 -1.869833   -1.5661072   2.5971453  -1.8126162  -1.5580795
   0.03186005]] 
Episode: 111: [[-1.2901378  -1.387755   -1.3777064  -0.30176225 -1.6133878  -1.5048128
   0.32750672 -1.8698771  -1.5661991   2.5972607  -1.8126072  -1.5581027
   0.03180254]] 
Episode: 112: [[-1.2900735  -1.3878095  -1.3777431  -0.30189896 -1.6134831  -1.5049475
   0.327535   -1.8699565  -1.5663271   2.5973887  -1.8126274  -1.5581791
   0.03171681]] 
Episode: 113: [[-1.2900097  -1.3878683  -1.3777801  -0.3020224  -1.6135793  -1.5050701
   0.3275614  -1.870039   -1.566443    2.5975063  -1.8126473  -1.5582423
   0.03163511]] 
Episode: 114: [[-1.2899313  -1.3879397  -1.377828   -0.3021489  -1.6136826  -1.5051969
   0.3275744  -1.87014    -1.5665762   2.597638   -1.8126886  -1.5583377
   0.03153136]] 
Episode: 115: [[-1.2898588  -1.3879926  -1.3778642  -0.30227745 -1.6137706  -1.5053165
   0.32757127 -1.8702228  -1.566695    2.597768   -1.8127013  -1.5584146
   0.0314334 ]] 
Episode: 116: [[-1.2897757  -1.3880532  -1.3779107  -0.30241707 -1.6138645  -1.5054499
   0.3275697  -1.870301   -1.5668178   2.5979035  -1.8127028  -1.5584809
   0.03133624]] 
Episode: 117: [[-1.2896726  -1.388105   -1.3779638  -0.3025708  -1.6139532  -1.5055891
   0.32757503 -1.8703831  -1.5669464   2.598043   -1.8126982  -1.5585598
   0.03123207]] 
Episode: 118: [[-1.2895778  -1.3881418  -1.378007   -0.30271372 -1.6140218  -1.5057118
   0.32756734 -1.8704408  -1.5670457   2.5981662  -1.8126595  -1.5586009
   0.03114574]] 
Episode: 119: [[-1.2895246  -1.3881748  -1.3780489  -0.3028326  -1.6140832  -1.505832
   0.3275658  -1.8704967  -1.5671593   2.598284   -1.8126751  -1.5586772
   0.03106656]] 
Episode: 120: [[-1.289512   -1.3882055  -1.3780867  -0.3028984  -1.614118   -1.5059131
   0.32757443 -1.8705188  -1.5672214   2.5983505  -1.8127271  -1.5587177
   0.03103952]] 
Episode: 121: [[-1.2894982  -1.3882579  -1.3781315  -0.30294046 -1.6141676  -1.5059873
   0.32761642 -1.8705246  -1.5672569   2.5983806  -1.8127869  -1.5587162
   0.0310475 ]] 
Episode: 122: [[-1.289423   -1.3883017  -1.3782237  -0.30306497 -1.6142172  -1.5061249
   0.32764092 -1.8705304  -1.5673255   2.5984695  -1.8128169  -1.5587134
   0.03102404]] 
Episode: 123: [[-1.2893256  -1.3883307  -1.3782881  -0.3032359  -1.6142827  -1.5062828
   0.32759705 -1.8705845  -1.5674341   2.5986226  -1.8128108  -1.558742
   0.03093675]] 
Episode: 124: [[-1.2892432  -1.388357   -1.3783599  -0.3033806  -1.614333   -1.5064269
   0.32757542 -1.8706081  -1.5675156   2.59874    -1.8128024  -1.5587354
   0.03088527]] 
Episode: 125: [[-1.2891558  -1.3883718  -1.3784156  -0.30352965 -1.6143806  -1.5065644
   0.32752898 -1.8706543  -1.5676098   2.5988743  -1.8127904  -1.5587553
   0.03080413]] 
Episode: 126: [[-1.2890623  -1.3883975  -1.3784583  -0.30366847 -1.6144441  -1.5066857
   0.32748175 -1.8707254  -1.5677013   2.5990036  -1.8127911  -1.5587746
   0.0307166 ]] 
Episode: 127: [[-1.2889972  -1.3884069  -1.3784925  -0.3037761  -1.6144782  -1.506779
   0.3274388  -1.8707652  -1.5677576   2.5990994  -1.812792   -1.5587646
   0.03066133]] 
Episode: 128: [[-1.2890035  -1.3884077  -1.3784672  -0.30383462 -1.6145107  -1.5068264
   0.32738763 -1.8708259  -1.567808    2.5991817  -1.8128184  -1.5587766
   0.03060559]] 
Episode: 129: [[-1.2890253  -1.388416   -1.3784499  -0.30387506 -1.6145444  -1.5068713
   0.32737225 -1.870871   -1.5678555   2.599242   -1.8128558  -1.5587872
   0.0305696 ]] 
Episode: 130: [[-1.2890543  -1.3884311  -1.3784419  -0.30388454 -1.6145712  -1.5069014
   0.3274004  -1.8708862  -1.5678794   2.5992565  -1.8129     -1.5587686
   0.03057271]] 
Episode: 131: [[-1.2890711  -1.3884586  -1.3784472  -0.30390295 -1.6146098  -1.5069436
   0.32743385 -1.8709052  -1.567907    2.5992746  -1.8129512  -1.5587449
   0.03057898]] 
Episode: 132: [[-1.2890862  -1.3884957  -1.3784543  -0.3039265  -1.6146599  -1.5069944
   0.32747385 -1.8709342  -1.5679528   2.5993032  -1.8130147  -1.5587437
   0.03057135]] 
Episode: 133: [[-1.2890892  -1.3885223  -1.3784461  -0.30397177 -1.614712   -1.5070504
   0.32748544 -1.8709751  -1.5679989   2.5993495  -1.8130914  -1.5587226
   0.03055935]] 
Episode: 134: [[-1.2891243  -1.3885537  -1.3784456  -0.30396938 -1.6147529  -1.5070741
   0.32754755 -1.8709776  -1.5680002   2.5993369  -1.8131897  -1.5586569
   0.03060341]] 
Episode: 135: [[-1.2891846  -1.3885872  -1.3784084  -0.30393177 -1.6147896  -1.5070679
   0.32759246 -1.8709825  -1.5679765   2.5993032  -1.8132815  -1.5585843
   0.03065808]] 
Episode: 136: [[-1.289253   -1.3885975  -1.3783724  -0.30389392 -1.6147978  -1.50706
   0.32762924 -1.8709583  -1.5679392   2.599262   -1.8133707  -1.5584961
   0.03072845]] 
Episode: 137: [[-1.2893727  -1.3885591  -1.3783005  -0.3038232  -1.6147573  -1.5070153
   0.32760423 -1.8709362  -1.5678742   2.5992136  -1.8134991  -1.5584123
   0.03080944]] 
Episode: 138: [[-1.2895291  -1.3885115  -1.3782111  -0.3037313  -1.6147068  -1.5069547
   0.32756507 -1.8709127  -1.5678036   2.599161   -1.8136511  -1.5583355
   0.03089717]] 
Episode: 139: [[-1.2896754  -1.3884807  -1.3781546  -0.3036335  -1.6146605  -1.5069039
   0.3275628  -1.8708743  -1.5677295   2.59909    -1.813826   -1.5582603
   0.03100355]] 
Episode: 140: [[-1.2897774  -1.3884559  -1.3780918  -0.3036046  -1.6146411  -1.5069036
   0.32750916 -1.8708813  -1.5677348   2.5991068  -1.8139429  -1.5582571
   0.03101573]] 
Episode: 141: [[-1.289875   -1.3884523  -1.3780341  -0.3035754  -1.6146449  -1.5069094
   0.32747552 -1.8708918  -1.5677465   2.5991216  -1.8140433  -1.5582544
   0.03102676]] 
Episode: 142: [[-1.2899832  -1.3884555  -1.3779858  -0.30352923 -1.6146486  -1.5069095
   0.3274756  -1.8708886  -1.5677545   2.5991158  -1.8141371  -1.5582529
   0.03105158]] 
Episode: 143: [[-1.2900977  -1.3884486  -1.3779305  -0.30348063 -1.6146417  -1.5068995
   0.32746556 -1.8708806  -1.5677476   2.5991066  -1.8142122  -1.558232
   0.03108229]] 
Episode: 144: [[-1.2902067  -1.3884499  -1.3778754  -0.30342883 -1.6146452  -1.5068837
   0.32746235 -1.8708838  -1.5677462   2.5990973  -1.81428    -1.5582267
   0.0311032 ]] 
Episode: 145: [[-1.2902979  -1.3884435  -1.3778166  -0.30340022 -1.6146499  -1.5068842
   0.32743815 -1.8709005  -1.5677749   2.5991158  -1.8143522  -1.5582596
   0.03109455]] 
Episode: 146: [[-1.2903869  -1.3884559  -1.3777605  -0.303365   -1.6146737  -1.5068879
   0.3274383  -1.8709328  -1.5678277   2.5991366  -1.8144406  -1.5583405
   0.03106697]] 
Episode: 147: [[-1.2904811  -1.3884509  -1.3776929  -0.3033438  -1.614686   -1.5068958
   0.3274161  -1.870954   -1.5678773   2.5991693  -1.8145045  -1.5584149
   0.03104008]] 
Episode: 148: [[-1.2905641  -1.3884416  -1.3776542  -0.30334482 -1.6146845  -1.5069293
   0.32739955 -1.8709412  -1.5679246   2.5992095  -1.8145375  -1.5584692
   0.0310187 ]] 
Episode: 149: [[-1.2906278  -1.3884338  -1.3775959  -0.30335864 -1.6146969  -1.5069538
   0.32737884 -1.8709528  -1.5679804   2.599261   -1.8145711  -1.5585482
   0.03097899]] 
Episode: 150: [[-1.2906618  -1.388447   -1.3775524  -0.30340528 -1.6147373  -1.5070139
   0.32735404 -1.8709866  -1.5680802   2.5993493  -1.8145806  -1.5586671
   0.03090004]] 
Episode: 151: [[-1.2906885  -1.3884633  -1.377498   -0.30345452 -1.6147932  -1.5070652
   0.3273218  -1.8710536  -1.5681828   2.5994444  -1.8146232  -1.5587934
   0.03081195]] 
Episode: 152: [[-1.2906891  -1.3884442  -1.3774592  -0.30352074 -1.6148093  -1.5071194
   0.3272804  -1.8710907  -1.5682731   2.5995357  -1.81464    -1.5588943
   0.0307282 ]] 
Episode: 153: [[-1.2906812  -1.3884306  -1.3774359  -0.3035877  -1.6148257  -1.507176
   0.32724622 -1.8711166  -1.5683509   2.5996187  -1.8146482  -1.558972
   0.03065771]] 
Episode: 154: [[-1.2906722  -1.3884226  -1.3774214  -0.30364498 -1.6148396  -1.5072303
   0.32722577 -1.8711258  -1.5684228   2.5996847  -1.8146601  -1.5590419
   0.03060519]] 
Episode: 155: [[-1.2906858  -1.3883984  -1.3773875  -0.3036862  -1.6148394  -1.5072643
   0.32717672 -1.8711443  -1.5684845   2.5997486  -1.8147005  -1.5591102
   0.03055571]] 
Episode: 156: [[-1.2906743  -1.388442   -1.3773978  -0.30370733 -1.6149184  -1.507316
   0.3272471  -1.8712449  -1.5686096   2.599794   -1.814892   -1.5592871
   0.03049433]] 
Episode: 157: [[-1.2906076  -1.3884395  -1.3773711  -0.30370846 -1.6149596  -1.5072604
   0.32731026 -1.8713323  -1.5686244   2.5997777  -1.8149451  -1.5593357
   0.03045179]] 
Episode: 158: [[-1.2905449  -1.3884447  -1.3773459  -0.30369607 -1.615002   -1.5071987
   0.32738924 -1.8714178  -1.5686364   2.5997493  -1.8150047  -1.5593927
   0.03041294]] 
Episode: 159: [[-1.290558   -1.3883693  -1.3772453  -0.3036225  -1.6149491  -1.5070468
   0.32734653 -1.8714821  -1.5685707   2.5997     -1.815072   -1.559411
   0.03039042]] 
Episode: 160: [[-1.2906078  -1.3882706  -1.3771204  -0.30354115 -1.6148763  -1.5068855
   0.32727838 -1.8715272  -1.5684912   2.5996544  -1.8151162  -1.5594175
   0.03037202]] 
Episode: 161: [[-1.2906442  -1.3882043  -1.3770227  -0.3034595  -1.6148273  -1.5067375
   0.32724223 -1.8715719  -1.5684121   2.599599   -1.8151706  -1.5594116
   0.03036647]] 
Episode: 162: [[-1.2906895  -1.3881234  -1.3769299  -0.3033801  -1.6147633  -1.5065998
   0.32720822 -1.8715851  -1.568324    2.5995364  -1.8152094  -1.5593868
   0.03037937]] 
Episode: 163: [[-1.2907158  -1.3880453  -1.3768487  -0.30333978 -1.6147078  -1.5064988
   0.32716414 -1.8716034  -1.5682639   2.5995092  -1.8152329  -1.559379
   0.03037066]] 
Episode: 164: [[-1.290742   -1.3879849  -1.3767772  -0.3032978  -1.6146629  -1.5064079
   0.32712522 -1.8716218  -1.5682048   2.5994809  -1.8152635  -1.5593654
   0.03036886]] 
Episode: 165: [[-1.2907224  -1.3879256  -1.3767524  -0.3033103  -1.6146195  -1.5063658
   0.32706913 -1.8716408  -1.5681708   2.599492   -1.8152808  -1.5593432
   0.03034792]] 
Episode: 166: [[-1.2906971  -1.387871   -1.3767246  -0.30333203 -1.6145872  -1.5063335
   0.32702273 -1.8716723  -1.5681509   2.5995111  -1.8153033  -1.5593421
   0.03031852]] 
Episode: 167: [[-1.2907072  -1.387785   -1.3766642  -0.30332926 -1.6145293  -1.5062679
   0.3269648  -1.8717005  -1.5681058   2.5995135  -1.8153338  -1.5593436
   0.03030325]] 
Episode: 168: [[-1.2907568  -1.3876888  -1.376603   -0.3033009  -1.6144478  -1.5061933
   0.3269097  -1.8716896  -1.5680391   2.5994914  -1.8153793  -1.5593166
   0.03032667]] 
Episode: 169: [[-1.290802   -1.387598   -1.3765469  -0.30329862 -1.6143775  -1.5061575
   0.32685772 -1.8716716  -1.5680072   2.599493   -1.8154321  -1.5593119
   0.03034056]] 
Episode: 170: [[-1.2908373  -1.3875091  -1.3764884  -0.30332464 -1.6143186  -1.5061402
   0.32677868 -1.8716729  -1.5679913   2.5995283  -1.8154887  -1.5593064
   0.03033364]] 
Episode: 171: [[-1.2908785  -1.3874232  -1.376435   -0.3033422  -1.6142594  -1.5061241
   0.32672048 -1.8716601  -1.5679696   2.5995474  -1.8155557  -1.5592893
   0.03034615]] 
Episode: 172: [[-1.2909776  -1.3873159  -1.3763536  -0.303324   -1.6141604  -1.506069
   0.32662338 -1.8715998  -1.5678945   2.5995462  -1.8155779  -1.5592233
   0.03038932]] 
Episode: 173: [[-1.2910558  -1.3871914  -1.3763043  -0.30333066 -1.6140223  -1.5060437
   0.3265028  -1.8714839  -1.5678017   2.5995474  -1.8155588  -1.5591003
   0.03045347]] 
Episode: 174: [[-1.2911342  -1.3870671  -1.3762782  -0.30334702 -1.6138766  -1.5060393
   0.3263895  -1.8713417  -1.5677111   2.5995505  -1.8155364  -1.5589651
   0.03052851]] 
Episode: 175: [[-1.2911696  -1.3870084  -1.3762704  -0.3034071  -1.6138288  -1.5060867
   0.3263073  -1.8713095  -1.5677187   2.5996144  -1.8156126  -1.558944
   0.03053722]] 
Episode: 176: [[-1.2912095  -1.3869501  -1.3762624  -0.3034525  -1.6137702  -1.5061305
   0.32623613 -1.8712581  -1.5677192   2.5996604  -1.8156952  -1.5589218
   0.03055884]] 
Episode: 177: [[-1.2912451  -1.3869139  -1.3762562  -0.3034931  -1.6137427  -1.5061755
   0.32619706 -1.8712351  -1.5677377   2.5997038  -1.8157997  -1.558927
   0.0305732 ]] 
Episode: 178: [[-1.2913007  -1.3868667  -1.3762403  -0.30352348 -1.6136993  -1.5062138
   0.32615802 -1.8711907  -1.5677495   2.599739   -1.8158937  -1.5589274
   0.03059627]] 
Episode: 179: [[-1.291403   -1.3867519  -1.3761971  -0.30356064 -1.6135862  -1.506247
   0.32602778 -1.8711044  -1.5677385   2.5997994  -1.8159473  -1.5588956
   0.03062221]] 
Episode: 180: [[-1.2914972  -1.3866738  -1.376184   -0.3035901  -1.6135015  -1.5062865
   0.32594633 -1.8710186  -1.5677226   2.5998404  -1.816019   -1.5588633
   0.0306683 ]] 
Episode: 181: [[-1.2916057  -1.3865862  -1.3761648  -0.30359477 -1.613398   -1.5063055
   0.3258718  -1.8709072  -1.5676764   2.5998492  -1.8160808  -1.5588045
   0.03074609]] 
Episode: 182: [[-1.2916844  -1.3865131  -1.3761309  -0.30362853 -1.613332   -1.5063322
   0.32578084 -1.8708502  -1.5676543   2.5998948  -1.8161258  -1.558764
   0.0307786 ]] 
Episode: 183: [[-1.2917553  -1.3864677  -1.3761003  -0.30365324 -1.6132951  -1.5063574
   0.32573494 -1.8708059  -1.5676483   2.599929   -1.8161814  -1.5587538
   0.03080515]] 
Episode: 184: [[-1.2919128  -1.3863337  -1.375897   -0.30351758 -1.6131467  -1.506107
   0.32558388 -1.8707182  -1.56739     2.5998158  -1.8160797  -1.5585357
   0.0309064 ]] 
Episode: 185: [[-1.2920326  -1.3862219  -1.3757159  -0.3034097  -1.6130238  -1.5058845
   0.3254431  -1.8706492  -1.5671566   2.599724   -1.8159553  -1.5583292
   0.03098294]] 
Episode: 186: [[-1.2921247  -1.3861136  -1.3755385  -0.30334485 -1.6129173  -1.5056987
   0.3252785  -1.8706079  -1.5669717   2.5996888  -1.8158214  -1.5581689
   0.03099681]] 
Episode: 187: [[-1.2922156  -1.386007   -1.3753653  -0.3032899  -1.612819   -1.5055285
   0.3251123  -1.8705826  -1.5668068   2.5996714  -1.8156848  -1.5580233
   0.03098923]] 
Episode: 188: [[-1.292303   -1.3859005  -1.3751818  -0.30325454 -1.6127374  -1.5053738
   0.32492897 -1.8705943  -1.5666708   2.5996869  -1.8155662  -1.5579085
   0.03094992]] 
Episode: 189: [[-1.2924088  -1.3858075  -1.3749986  -0.3031965  -1.6126573  -1.5052221
   0.32475755 -1.8705981  -1.5665463   2.599692   -1.8154446  -1.557807
   0.03090918]] 
Episode: 190: [[-1.2924676  -1.3857265  -1.3748151  -0.30317324 -1.6126077  -1.5050905
   0.32458338 -1.870663   -1.5664661   2.5997376  -1.8153354  -1.5577561
   0.03080918]] 
Episode: 191: [[-1.292531   -1.3856524  -1.3746274  -0.30314767 -1.6125658  -1.5049572
   0.32438982 -1.8707461  -1.5663867   2.5997922  -1.8152443  -1.5576975
   0.03070241]] 
Episode: 192: [[-1.2925922  -1.3855908  -1.3744651  -0.30312464 -1.612529   -1.5048409
   0.32421836 -1.8708148  -1.5663133   2.5998397  -1.815164   -1.5576334
   0.03061508]] 
Episode: 193: [[-1.2926389  -1.3855437  -1.3743263  -0.30312064 -1.6125087  -1.5047482
   0.32406077 -1.870884   -1.5662516   2.599897   -1.8150938  -1.5575702
   0.03053191]] 
Episode: 194: [[-1.292682   -1.3855087  -1.374207   -0.30311638 -1.6124952  -1.5046681
   0.32393593 -1.8709396  -1.5661963   2.599942   -1.8150282  -1.5575137
   0.03046698]] 
Episode: 195: [[-1.292742   -1.3854921  -1.3741052  -0.3030944  -1.6124938  -1.5045912
   0.3238503  -1.8709774  -1.5661331   2.599959   -1.8149762  -1.557435
   0.03044286]] 
Episode: 196: [[-1.2928076  -1.385488   -1.3740444  -0.30306396 -1.6124853  -1.5045284
   0.32379708 -1.8709733  -1.5660669   2.5999556  -1.8149343  -1.5573452
   0.03044995]] 
Episode: 197: [[-1.2928779  -1.385482   -1.3739899  -0.30302835 -1.6124752  -1.5044724
   0.32375756 -1.8709705  -1.5660131   2.5999482  -1.8149343  -1.557279
   0.0304607 ]] 
Episode: 198: [[-1.2929481  -1.3854876  -1.3739465  -0.30297026 -1.6124738  -1.5044087
   0.32375318 -1.8709638  -1.5659518   2.5999107  -1.8149455  -1.5572137
   0.03049298]] 
Episode: 199: [[-1.2930228  -1.3855077  -1.3739191  -0.3029291  -1.6124805  -1.5043807
   0.32374948 -1.8709549  -1.5659232   2.5998976  -1.8149757  -1.5571748
   0.03051383]] 
Episode: 200: [[-1.2930597  -1.3855232  -1.3739154  -0.3029218  -1.6124747  -1.5043716
   0.32373744 -1.8709133  -1.5658785   2.5998924  -1.8149459  -1.557102
   0.0305423 ]] 
Episode: 201: [[-1.2930888  -1.3855267  -1.3739204  -0.30293924 -1.6124519  -1.5043728
   0.32371143 -1.8708436  -1.5658244   2.5999005  -1.8148836  -1.5570016
   0.03057329]] 
Episode: 202: [[-1.2931688  -1.385564   -1.3738981  -0.30286452 -1.6124586  -1.5043263
   0.3237649  -1.870807   -1.5657678   2.5998359  -1.8149136  -1.5569626
   0.03063504]] 
Episode: 203: [[-1.2932402  -1.3856006  -1.3738853  -0.3028017  -1.6124635  -1.5042952
   0.3238233  -1.870756   -1.5657225   2.5997777  -1.8149396  -1.5569304
   0.03069405]] 
Episode: 204: [[-1.2932906  -1.3856477  -1.3738872  -0.30277053 -1.6124883  -1.5042903
   0.3238807  -1.8707315  -1.5657094   2.5997553  -1.8149929  -1.5569309
   0.03072022]] 
Episode: 205: [[-1.2933933  -1.3856543  -1.3738605  -0.3026987  -1.6124609  -1.5042491
   0.32390386 -1.8706663  -1.5656587   2.5997052  -1.815017   -1.5568992
   0.03077206]] 
Episode: 206: [[-1.2934846  -1.385655   -1.3738256  -0.30263242 -1.6124368  -1.5042055
   0.3239297  -1.8706148  -1.5656105   2.599656   -1.8150406  -1.5568701
   0.03081825]] 
Episode: 207: [[-1.2936108  -1.3856117  -1.3737823  -0.30255258 -1.6123604  -1.5041568
   0.32394147 -1.8704991  -1.5655422   2.5995862  -1.8150568  -1.5568166
   0.03090288]] 
Episode: 208: [[-1.2937361  -1.3855493  -1.3737296  -0.30247813 -1.6122699  -1.5041018
   0.32392943 -1.8703835  -1.5654579   2.5995173  -1.8150454  -1.5567365
   0.03099474]] 
Episode: 209: [[-1.2938502  -1.385487   -1.3736408  -0.30240867 -1.6121937  -1.5040329
   0.32387316 -1.870295   -1.5653657   2.5994618  -1.8149899  -1.5566382
   0.03106881]] 
Episode: 210: [[-1.2937242  -1.3855819  -1.3738102  -0.30243924 -1.6122408  -1.504122
   0.32393157 -1.870259   -1.5653675   2.5994332  -1.8149401  -1.556532
   0.03111314]] 
Episode: 211: [[-1.2936215  -1.3856791  -1.3739618  -0.30245575 -1.6122895  -1.5041999
   0.32399675 -1.8702196  -1.5653666   2.5993962  -1.814891   -1.5564305
   0.03116698]] 
Episode: 212: [[-1.2935154  -1.3857759  -1.3740956  -0.30250305 -1.6123445  -1.5042863
   0.3240138  -1.8702078  -1.5653785   2.5994103  -1.8148108  -1.5563443
   0.03117098]] 
Episode: 213: [[-1.2934146  -1.3858677  -1.3742042  -0.30255008 -1.6124041  -1.5043643
   0.32401845 -1.8702102  -1.5654004   2.5994365  -1.8147081  -1.556282
   0.03114892]] 
Episode: 214: [[-1.2933348  -1.3859669  -1.3743029  -0.30260444 -1.6124837  -1.5044441
   0.32402006 -1.8702351  -1.5654267   2.5994864  -1.8145978  -1.5562193
   0.03110547]] 
Episode: 215: [[-1.2932311  -1.3860664  -1.3743806  -0.3026881  -1.612583   -1.5045232
   0.3239869  -1.8703227  -1.5654663   2.5995781  -1.8144919  -1.5561628
   0.03100955]] 
Episode: 216: [[-1.2931356  -1.3861396  -1.3743942  -0.3027831  -1.6126914  -1.5045832
   0.32391015 -1.8704715  -1.5655184   2.5997036  -1.8144224  -1.5561421
   0.03086938]] 
Episode: 217: [[-1.2930385  -1.3862089  -1.3744315  -0.30288783 -1.6127799  -1.5046629
   0.32386968 -1.8705862  -1.5655859   2.5998235  -1.8143816  -1.5561457
   0.03074332]] 
Episode: 218: [[-1.292949   -1.3862776  -1.3744721  -0.30297783 -1.6128631  -1.5047374
   0.32385474 -1.8706917  -1.5656563   2.5999267  -1.8143767  -1.5561737
   0.03062681]] 
Episode: 219: [[-1.2928321  -1.3863611  -1.3745362  -0.30309442 -1.612967   -1.5048229
   0.32384345 -1.870824   -1.5657281   2.6000469  -1.8143661  -1.5561919
   0.03050258]] 
Episode: 220: [[-1.2927133  -1.3864528  -1.3745961  -0.30322763 -1.6130943  -1.5049207
   0.3238217  -1.8709935  -1.5658278   2.6002     -1.8143728  -1.5562428
   0.03034191]] 
Episode: 221: [[-1.2925853  -1.3864738  -1.3746002  -0.30332562 -1.6131383  -1.5048927
   0.323619   -1.8712006  -1.5657188   2.600302   -1.8141775  -1.5560273
   0.03026384]] 
Episode: 222: [[-1.2924632  -1.3864995  -1.3746073  -0.30343157 -1.6131885  -1.5048823
   0.3234286  -1.8713834  -1.5656214   2.6004045  -1.8140025  -1.5558186
   0.03020388]] 
Episode: 223: [[-1.292359   -1.3865246  -1.3746111  -0.30352932 -1.6132432  -1.5048753
   0.32326218 -1.8715602  -1.5655426   2.6005037  -1.8138529  -1.5556414
   0.03014299]] 
Episode: 224: [[-1.2922667  -1.386544   -1.3746116  -0.30362308 -1.6132926  -1.5048714
   0.32310438 -1.8717204  -1.5654721   2.600601   -1.8137103  -1.5554788
   0.03008329]] 
Episode: 225: [[-1.2921876  -1.3865654  -1.3746148  -0.3037089  -1.6133446  -1.504871
   0.32297164 -1.8718711  -1.5654144   2.600691   -1.8136014  -1.555342
   0.03002938]] 
Episode: 226: [[-1.2921386  -1.386574   -1.3746045  -0.30377367 -1.6133775  -1.5048559
   0.32283178 -1.871985   -1.5653352   2.600758   -1.8134791  -1.5551761
   0.03001194]] 
Episode: 227: [[-1.2920957  -1.3865782  -1.3745861  -0.30383036 -1.6134081  -1.5048329
   0.32268998 -1.8721113  -1.5652637   2.600827   -1.813393   -1.555035
   0.02998443]] 
Episode: 228: [[-1.2920607  -1.3865857  -1.3745712  -0.30388469 -1.6134342  -1.504818
   0.32255927 -1.8722172  -1.5652015   2.600895   -1.8133061  -1.5549061
   0.02995658]] 
Episode: 229: [[-1.2920253  -1.3866018  -1.3745598  -0.3039375  -1.6134685  -1.5048071
   0.32243916 -1.872323   -1.565146    2.60096    -1.813225   -1.554781
   0.02993188]] 
Episode: 230: [[-1.2920189  -1.3866156  -1.3745092  -0.30396575 -1.6135099  -1.5047672
   0.32230064 -1.8724563  -1.5650798   2.6010213  -1.8131512  -1.5546573
   0.02990278]] 
Episode: 231: [[-1.2920203  -1.3866233  -1.3744596  -0.30398738 -1.6135433  -1.5047266
   0.32217517 -1.8725795  -1.5650215   2.6010773  -1.8130933  -1.5545535
   0.02987294]] 
Episode: 232: [[-1.2920526  -1.3866084  -1.3744029  -0.30398142 -1.6135467  -1.504676
   0.32206103 -1.8726672  -1.5649537   2.6011055  -1.8130382  -1.55445
   0.02986927]] 
Episode: 233: [[-1.2920974  -1.3866054  -1.3743594  -0.30396238 -1.6135612  -1.5046337
   0.32197186 -1.8727568  -1.5649024   2.601126   -1.8130317  -1.5543703
   0.02987236]] 
Episode: 234: [[-1.2921278  -1.3866276  -1.3743641  -0.30394673 -1.6135876  -1.5046198
   0.32194844 -1.8728158  -1.5648712   2.601127   -1.8130528  -1.5543078
   0.02989891]] 
Episode: 235: [[-1.2921683  -1.3866745  -1.3743745  -0.3039218  -1.613636   -1.5046141
   0.32195267 -1.8728863  -1.5648589   2.6011257  -1.8131016  -1.5542746
   0.02992318]] 
Episode: 236: [[-1.2922195  -1.3866951  -1.3743569  -0.30389738 -1.6136644  -1.5045891
   0.32192054 -1.8729414  -1.5648185   2.6011212  -1.8131151  -1.554202
   0.0299651 ]] 
Episode: 237: [[-1.2922655  -1.3867128  -1.3743522  -0.30387786 -1.6136848  -1.5045749
   0.3219097  -1.8729678  -1.5647804   2.6011064  -1.8131298  -1.5541258
   0.03002257]] 
Episode: 238: [[-1.2923399  -1.3867111  -1.3743232  -0.30381012 -1.6136695  -1.5045232
   0.3219087  -1.872947   -1.5647048   2.6010356  -1.8131202  -1.55402
   0.03012431]] 
Episode: 239: [[-1.2924204  -1.3867292  -1.3742851  -0.30373704 -1.6136812  -1.5044628
   0.32191145 -1.8729609  -1.5646329   2.6009731  -1.8131186  -1.5539254
   0.0302087 ]] 
Episode: 240: [[-1.2924922 -1.386754  -1.3742639 -0.3036625 -1.6136892 -1.5044105
   0.3219388 -1.8729508 -1.5645647  2.600898  -1.8131155 -1.5538366
   0.0303019]] 
Episode: 241: [[-1.2925664  -1.3867456  -1.3742445  -0.30360326 -1.6136622  -1.5043725
   0.32196286 -1.8729018  -1.5645049   2.6008284  -1.8131219  -1.553757
   0.0304005 ]] 
Episode: 242: [[-1.2926413  -1.3867424  -1.3742468  -0.30354473 -1.6136322  -1.5043504
   0.3220082  -1.8728352  -1.5644602   2.6007576  -1.8131428  -1.5536978
   0.03049935]] 
Episode: 243: [[-1.2927003  -1.3867428  -1.3742429  -0.30352086 -1.6136205  -1.5043497
   0.32203278 -1.872784   -1.5644304   2.600721   -1.8131505  -1.5536401
   0.03057932]] 
Episode: 244: [[-1.2927636  -1.3867495  -1.3742408  -0.30350366 -1.6136185  -1.504352
   0.32205537 -1.8727304  -1.56439     2.6006873  -1.813117   -1.5535542
   0.03066666]] 
Episode: 245: [[-1.2927969  -1.3868047  -1.3742583  -0.3035139  -1.6136729  -1.5043834
   0.32208133 -1.872763   -1.5643972   2.600701   -1.813136   -1.553519
   0.03069934]] 
Episode: 246: [[-1.2928637  -1.3868513  -1.3742927  -0.30348605 -1.6137038  -1.5044019
   0.32214212 -1.872747   -1.5643722   2.6006632  -1.8131863  -1.553455
   0.03079486]] 
Episode: 247: [[-1.2928836  -1.3869034  -1.3743193  -0.30352503 -1.6137627  -1.5044547
   0.322162   -1.8727791  -1.5643878   2.600704   -1.8132025  -1.553421
   0.03080568]] 
Episode: 248: [[-1.292909   -1.3869697  -1.3743494  -0.30355316 -1.6138271  -1.5044985
   0.32218257 -1.8728039  -1.56439     2.600734   -1.8131974  -1.5533732
   0.03082932]] 
Episode: 249: [[-1.2929544  -1.3870375  -1.3743669  -0.303576   -1.6139063  -1.5045499
   0.3222033  -1.8728591  -1.5644275   2.600786   -1.8132291  -1.55338
   0.03081736]] 
Episode: 250: [[-1.2930183  -1.3870924  -1.3743731  -0.3035713  -1.6139723  -1.5045774
   0.3222245  -1.872922   -1.5644418   2.6008117  -1.8132737  -1.5533748
   0.03082897]] 
Episode: 251: [[-1.2930914  -1.3871378  -1.3743942  -0.30355838 -1.6140064  -1.5046026
   0.32225472 -1.8729414  -1.5644432   2.6008224  -1.8133072  -1.5533559
   0.03085595]] 
Episode: 252: [[-1.2930893  -1.3872143  -1.3744141  -0.30362016 -1.6140982  -1.5046649
   0.32225075 -1.8730439  -1.5644946   2.600917   -1.8133568  -1.5533803
   0.03078892]] 
Episode: 253: [[-1.2930954  -1.3873017  -1.374417   -0.30366138 -1.6142006  -1.5047109
   0.32225612 -1.8731499  -1.5645379   2.6009946  -1.8133855  -1.5534012
   0.03072679]] 
Episode: 254: [[-1.2930918  -1.3873862  -1.37442    -0.30371186 -1.6143001  -1.5047638
   0.32225737 -1.8732586  -1.5645952   2.601083   -1.8134207  -1.5534396
   0.03064884]] 
Episode: 255: [[-1.293065   -1.3874723  -1.3743864  -0.3037976  -1.6144367  -1.5048172
   0.32221943 -1.8734401  -1.5646813   2.6012275  -1.8134675  -1.5535177
   0.03050329]] 
Episode: 256: [[-1.2930657  -1.3875498  -1.374345   -0.30385554 -1.6145588  -1.5048585
   0.32219437 -1.8735914  -1.5647547   2.6013436  -1.8135039  -1.5535868
   0.03038515]] 
Episode: 257: [[-1.2930552  -1.3876318  -1.3743203  -0.30391037 -1.6146923  -1.5048804
   0.32215267 -1.8737696  -1.5647967   2.6014504  -1.8135526  -1.5536088
   0.0302896 ]] 
Episode: 258: [[-1.2930458  -1.3876724  -1.3743103  -0.30399075 -1.6147754  -1.5049188
   0.32208785 -1.873891   -1.5648415   2.601573   -1.8135686  -1.5536288
   0.03019532]] 
Episode: 259: [[-1.2930373  -1.387717   -1.3742799  -0.30405948 -1.6148691  -1.5049456
   0.32202178 -1.87403    -1.5648912   2.6016922  -1.8135955  -1.5536604
   0.03009072]] 
Episode: 260: [[-1.2930294  -1.3877782  -1.3742495  -0.3041351  -1.61498    -1.5049844
   0.32194006 -1.874195   -1.5649683   2.601838   -1.8136523  -1.5537224
   0.02995731]] 
Episode: 261: [[-1.2930382  -1.3878393  -1.3742558  -0.30417845 -1.615045   -1.505022
   0.32188582 -1.8742787  -1.5650213   2.6019387  -1.8137153  -1.5537763
   0.02987302]] 
Episode: 262: [[-1.2930719  -1.3879094  -1.3743122  -0.30420625 -1.6151035  -1.5050807
   0.3219013  -1.8742931  -1.5650543   2.6019864  -1.8137898  -1.5537894
   0.02987914]] 
Episode: 263: [[-1.2930971  -1.3879708  -1.3743563  -0.30425775 -1.6151538  -1.5051498
   0.32188585 -1.8742948  -1.5650965   2.6020606  -1.8138319  -1.5538058
   0.02986467]] 
Episode: 264: [[-1.2931086  -1.3880312  -1.3743808  -0.30432424 -1.6152198  -1.5052183
   0.32185107 -1.8743359  -1.5651473   2.602159   -1.8138754  -1.5538281
   0.02981606]] 
Episode: 265: [[-1.2931502  -1.3880616  -1.3743814  -0.30436838 -1.6152588  -1.5052688
   0.3218057  -1.8743527  -1.5651773   2.602237   -1.8138901  -1.5538276
   0.02978895]] 
Episode: 266: [[-1.2931646  -1.3881124  -1.3743818  -0.3044228  -1.6153207  -1.5053198
   0.32176867 -1.8743943  -1.5652122   2.602322   -1.8139186  -1.5538374
   0.02974383]] 
Episode: 267: [[-1.293135   -1.3881727  -1.3743881  -0.30451038 -1.6153944  -1.5053865
   0.3217298  -1.8744626  -1.5652704   2.6024368  -1.8139516  -1.5538766
   0.02965574]] 
Episode: 268: [[-1.2931023  -1.3882623  -1.374389   -0.30457145 -1.6155052  -1.5054334
   0.32173517 -1.8745544  -1.5653173   2.6025183  -1.8139803  -1.5539045
   0.02958226]] 
Episode: 269: [[-1.2931617  -1.3883206  -1.3743545  -0.30447692 -1.6155609  -1.5053668
   0.32180917 -1.8747172  -1.565356    2.6025074  -1.8141356  -1.5540233
   0.02948507]] 
Episode: 270: [[-1.293181   -1.3884103  -1.3743218  -0.30442113 -1.6156634  -1.5053139
   0.3218668  -1.8749197  -1.5653965   2.6025298  -1.814265   -1.5541245
   0.02936413]] 
Episode: 271: [[-1.2932079  -1.388481   -1.3742688  -0.30435997 -1.6157569  -1.5052373
   0.32191542 -1.8751012  -1.5654013   2.6025326  -1.8143507  -1.554184
   0.02927299]] 
Episode: 272: [[-1.2932597  -1.3885185  -1.3742075  -0.30429143 -1.6158141  -1.505159
   0.32194883 -1.8752385  -1.5653938   2.6025236  -1.8144193  -1.5542293
   0.02920966]] 
Episode: 273: [[-1.2933261  -1.388548   -1.3741395  -0.30421147 -1.6158625  -1.5050744
   0.32197446 -1.8753661  -1.5653775   2.6025033  -1.8144983  -1.5542684
   0.02916684]] 
Episode: 274: [[-1.2933843  -1.3885776  -1.374086   -0.30414364 -1.6159049  -1.505004
   0.3219973  -1.875475   -1.5653622   2.6024864  -1.8145716  -1.5542923
   0.0291331 ]] 
Episode: 275: [[-1.2934525  -1.3886238  -1.3740532  -0.3040735  -1.6159627  -1.5049497
   0.32204702 -1.8755661  -1.5653536   2.6024573  -1.8146706  -1.5543115
   0.02913264]] 
Episode: 276: [[-1.2935197  -1.388661   -1.3740282  -0.30400103 -1.6159954  -1.504891
   0.32209274 -1.8756162  -1.565327    2.6024122  -1.8147494  -1.5543065
   0.02915785]] 
Episode: 277: [[-1.293588   -1.3887008  -1.3740114  -0.3039287  -1.6160268  -1.5048373
   0.32214013 -1.8756522  -1.5652944   2.6023588  -1.8148241  -1.5542806
   0.0292046 ]] 
Episode: 278: [[-1.293688   -1.3887147  -1.373971   -0.3038218  -1.6160284  -1.5047536
   0.32220757 -1.8756729  -1.5652478   2.6022727  -1.8148987  -1.5542588
   0.02926548]] 
Episode: 279: [[-1.2937723  -1.38876    -1.3739173  -0.30373886 -1.6160518  -1.5046798
   0.32227597 -1.8756756  -1.5651953   2.602197   -1.8149242  -1.554222
   0.02933104]] 
Episode: 280: [[-1.2938327  -1.3888199  -1.3738816  -0.30367622 -1.6160933  -1.504621
   0.32234302 -1.8756896  -1.5651561   2.602138   -1.8149583  -1.554191
   0.02938443]] 
Episode: 281: [[-1.2938751  -1.3888649  -1.3738203  -0.30362448 -1.6161335  -1.5045569
   0.32239366 -1.8757067  -1.5651106   2.6020813  -1.8149865  -1.5541475
   0.02943507]] 
Episode: 282: [[-1.2938993  -1.3889308  -1.3737669  -0.30359823 -1.6162037  -1.5045213
   0.32244873 -1.8757701  -1.5651212   2.6020713  -1.8150529  -1.5541714
   0.02942266]] 
Episode: 283: [[-1.2938914  -1.3889775  -1.3737067  -0.30360264 -1.6162708  -1.5044868
   0.3224677  -1.8758436  -1.5651158   2.6020803  -1.8150847  -1.5541638
   0.02939988]] 
Episode: 284: [[-1.2938353  -1.3890135  -1.3736393  -0.3036659  -1.616349   -1.504478
   0.32243854 -1.8759596  -1.5651447   2.6021585  -1.8150747  -1.554185
   0.02929919]] 
Episode: 285: [[-1.2937801  -1.3890359  -1.3735801  -0.30372986 -1.6164103  -1.5044777
   0.32240278 -1.8760641  -1.565182    2.6022406  -1.8150837  -1.5542239
   0.02919433]] 
Episode: 286: [[-1.2937131  -1.3890563  -1.3735238  -0.30380458 -1.616472   -1.5044874
   0.3223577  -1.8761681  -1.565231    2.6023357  -1.8150913  -1.5542729
   0.02907347]] 
Episode: 287: [[-1.2936994  -1.3890586  -1.3734696  -0.30382934 -1.6164981  -1.5044745
   0.32231522 -1.8762342  -1.5652499   2.6023862  -1.8151045  -1.5542933
   0.02900513]] 
Episode: 288: [[-1.2937018  -1.3890663  -1.373413   -0.3038552  -1.6165235  -1.5044724
   0.32227737 -1.8762767  -1.5652755   2.602441   -1.8151108  -1.5543185
   0.02893931]] 
Episode: 289: [[-1.2937247  -1.3890378  -1.3733444  -0.30386207 -1.6165092  -1.5044508
   0.32223117 -1.876288   -1.5652741   2.6024706  -1.8150817  -1.5543158
   0.02889846]] 
Episode: 290: [[-1.2937478  -1.3890193  -1.3732706  -0.3038713  -1.6165115  -1.5044302
   0.32218555 -1.8763149  -1.5652784   2.6025062  -1.8150513  -1.5543231
   0.02885268]] 
Episode: 291: [[-1.2937868  -1.3889887  -1.3732008  -0.30387524 -1.6164976  -1.504415
   0.32212532 -1.8763411  -1.5652912   2.6025476  -1.8150488  -1.5543407
   0.02880671]] 
Episode: 292: [[-1.2938231  -1.3889713  -1.3731501  -0.3038781  -1.6164882  -1.5044081
   0.32209    -1.8763514  -1.5653039   2.6025784  -1.8150425  -1.5543554
   0.02877389]] 
Episode: 293: [[-1.2938638  -1.3889624  -1.3731151  -0.30386898 -1.616476   -1.5043988
   0.32207087 -1.8763429  -1.5653063   2.6025887  -1.8150359  -1.554356
   0.0287668 ]] 
Episode: 294: [[-1.2939157  -1.388954   -1.3730701  -0.30386865 -1.6164573  -1.5043843
   0.3220376  -1.8763224  -1.5652916   2.6026063  -1.8149799  -1.5543281
   0.0287647 ]] 
Episode: 295: [[-1.2939655  -1.3889208  -1.373016   -0.30387717 -1.6164162  -1.5043743
   0.32198372 -1.8762943  -1.5652815   2.602634   -1.8149105  -1.5543071
   0.02875257]] 
Episode: 296: [[-1.2940177  -1.3889179  -1.373009   -0.30387124 -1.6163951  -1.5043818
   0.32200593 -1.8762381  -1.5652697   2.6026208  -1.8148588  -1.5542779
   0.0287915 ]] 
Episode: 297: [[-1.2941039  -1.3889557  -1.3730174  -0.30386296 -1.6164446  -1.5044131
   0.32207474 -1.8762704  -1.5653367   2.6026456  -1.8149799  -1.5543668
   0.02879339]] 
Episode: 298: [[-1.2941658  -1.3890024  -1.373034   -0.30386445 -1.6165012  -1.5044467
   0.32214576 -1.8763086  -1.5654054   2.6026738  -1.8150998  -1.5544553
   0.02878606]] 
Episode: 299: [[-1.2942148  -1.3890545  -1.3730664  -0.3038726  -1.6165591  -1.5044869
   0.3222313  -1.8763175  -1.5654572   2.6026847  -1.8151898  -1.5545076
   0.02881048]] 
Episode: 300: [[-1.2942486  -1.3891699  -1.3731384  -0.30387446 -1.6166676  -1.5045471
   0.32238325 -1.87636    -1.5655487   2.6026945  -1.8153206  -1.5546085
   0.02881357]] 
Episode: 301: [[-1.2942762  -1.3892741  -1.3732375  -0.30387002 -1.6167426  -1.5045979
   0.3225114  -1.8763683  -1.5656035   2.6026883  -1.8154243  -1.5546573
   0.02884256]] 
Episode: 302: [[-1.2943019 -1.3893628 -1.3733238 -0.3038808 -1.6168135 -1.5046527
   0.322612  -1.8763946 -1.5656643  2.602703  -1.8155501 -1.5547141
   0.0288601]] 
Episode: 303: [[-1.2943553  -1.3894432  -1.3733764  -0.3038562  -1.6168578  -1.50466
   0.32265818 -1.8764061  -1.5656534   2.602691   -1.815612   -1.5547026
   0.02890923]] 
Episode: 304: [[-1.2944553  -1.3894663  -1.373417   -0.303795   -1.6168356  -1.5046487
   0.3227024  -1.8763578  -1.5656153   2.6026335  -1.8156763  -1.5546753
   0.02901561]] 
Episode: 305: [[-1.2945508  -1.3895006  -1.3734517  -0.3037372  -1.6168307  -1.5046352
   0.3227473  -1.8763227  -1.5655745   2.6025803  -1.8157328  -1.5546465
   0.02911611]] 
Episode: 306: [[-1.294699   -1.3896157  -1.3733556  -0.30358845 -1.616914   -1.504495
   0.3228199  -1.8763783  -1.5654786   2.6024778  -1.8158107  -1.5546215
   0.02920052]] 
Episode: 307: [[-1.2948861  -1.3897117  -1.3732464  -0.30342063 -1.6169813  -1.5043539
   0.3229054  -1.8764199  -1.5653914   2.6023676  -1.8158914  -1.5546123
   0.02928769]] 
Episode: 308: [[-1.29508    -1.3897758  -1.3731374  -0.30325937 -1.6170108  -1.5042149
   0.32296702 -1.8764155  -1.5652831   2.6022527  -1.8159238  -1.5545622
   0.02939484]] 
Episode: 309: [[-1.2953086  -1.3898009  -1.373008   -0.3030724  -1.616991   -1.5040634
   0.32303315 -1.876407   -1.5651951   2.6021326  -1.8159995  -1.5545702
   0.02948264]] 
Episode: 310: [[-1.29551    -1.3898343  -1.3728921  -0.30290544 -1.6169783  -1.5039232
   0.32308555 -1.8764033  -1.5651124   2.6020303  -1.8160639  -1.5545754
   0.02955285]] 
Episode: 311: [[-1.2956988  -1.3898804  -1.3727888  -0.30274108 -1.6169841  -1.5037957
   0.32315558 -1.8764077  -1.5650433   2.6019258  -1.8161285  -1.5545871
   0.02962198]] 
Episode: 312: [[-1.2958983  -1.3899101  -1.3726845  -0.30256483 -1.6169797  -1.5036631
   0.3232252  -1.8764132  -1.5649762   2.6018128  -1.8162045  -1.5546088
   0.02969653]] 
Episode: 313: [[-1.2959741  -1.3899777  -1.3725013  -0.30253044 -1.6170812  -1.5035746
   0.32315588 -1.8766023  -1.5650035   2.6018927  -1.8162569  -1.5546908
   0.02955691]] 
Episode: 314: [[-1.2960216  -1.3900527  -1.3723229  -0.30253598 -1.6172073  -1.5035201
   0.3230736  -1.8768122  -1.5650607   2.6020088  -1.8163259  -1.554788
   0.02939545]] 
Episode: 315: [[-1.2960824  -1.3901411  -1.3721887  -0.30251873 -1.6173342  -1.5034775
   0.3230436  -1.8769991  -1.5651224   2.6020927  -1.8164222  -1.554897
   0.02926795]] 
Episode: 316: [[-1.296127   -1.3902451  -1.3720781  -0.30250698 -1.617481   -1.5034453
   0.32304364 -1.877199   -1.5651917   2.6021707  -1.8165466  -1.5550084
   0.02914916]] 
Episode: 317: [[-1.2962229  -1.3903261  -1.3719553  -0.30243605 -1.6175956  -1.5033789
   0.32306707 -1.8773758  -1.5652449   2.6021998  -1.8167088  -1.5551345
   0.02906349]] 
Episode: 318: [[-1.296337   -1.3904059  -1.3718238  -0.30235404 -1.6177148  -1.503306
   0.32307154 -1.8775599  -1.5652906   2.6022272  -1.816884   -1.5552528
   0.02898982]] 
Episode: 319: [[-1.2964368  -1.3904618  -1.3716931  -0.30228516 -1.6178087  -1.5032355
   0.323052   -1.877729   -1.565323    2.6022573  -1.8170465  -1.5553491
   0.02892252]] 
Episode: 320: [[-1.2965348  -1.3905052  -1.3715936  -0.3022266  -1.6178807  -1.5031865
   0.3230515  -1.877853   -1.5653603   2.6022816  -1.8171858  -1.5554434
   0.02887071]] 
Episode: 321: [[-1.2966585  -1.3905517  -1.3714461  -0.3021342  -1.6179588  -1.5030957
   0.32302848 -1.8780099  -1.565375    2.602297   -1.8172985  -1.5555155
   0.02880268]] 
Episode: 322: [[-1.2967776  -1.3905804  -1.3713014  -0.3020537  -1.6180123  -1.5030112
   0.32298547 -1.8781397  -1.5653818   2.6023192  -1.8173742  -1.5555686
   0.02873393]] 
Episode: 323: [[-1.2968459  -1.3906002  -1.3711528  -0.30202183 -1.6180753  -1.5029413
   0.32289833 -1.8782929  -1.5653874   2.602379   -1.8174323  -1.5556065
   0.02863928]] 
Episode: 324: [[-1.2968732  -1.3906268  -1.371045   -0.30203575 -1.6181552  -1.5029123
   0.32282907 -1.8784517  -1.565413    2.6024604  -1.8174977  -1.555641
   0.02854305]] 
Episode: 325: [[-1.2969092  -1.3906667  -1.3709368  -0.30204374 -1.6182448  -1.5028753
   0.32275614 -1.8786157  -1.5654376   2.602543   -1.8175706  -1.5556782
   0.0284475 ]] 
Episode: 326: [[-1.2969556  -1.3907094  -1.3708528  -0.30204692 -1.6183257  -1.5028576
   0.32271498 -1.8787353  -1.5654666   2.602605   -1.8176327  -1.5557091
   0.02838633]] 
Episode: 327: [[-1.2969941  -1.390739   -1.3707837  -0.30205873 -1.6183895  -1.5028516
   0.3226819  -1.878819   -1.5654901   2.6026573  -1.8176789  -1.555727
   0.0283465 ]] 
Episode: 328: [[-1.2970612  -1.3907359  -1.3706818  -0.302041   -1.6184239  -1.5028193
   0.32263413 -1.8788887  -1.5655028   2.6026895  -1.8177327  -1.5557543
   0.02831724]] 
Episode: 329: [[-1.2971033  -1.3907303  -1.3705711  -0.3020649  -1.6184727  -1.5028236
   0.3225641  -1.8789897  -1.5655656   2.6027765  -1.8178003  -1.5558238
   0.02822821]] 
Episode: 330: [[-1.2971345  -1.3907344  -1.3704826  -0.3020865  -1.6185188  -1.502829
   0.32250923 -1.8790773  -1.5656171   2.6028495  -1.8178606  -1.5558797
   0.02815488]] 
Episode: 331: [[-1.297182   -1.3907282  -1.3704002  -0.30208835 -1.6185386  -1.5028219
   0.32246566 -1.879129   -1.5656466   2.6028967  -1.8179067  -1.5559219
   0.0281051 ]] 
Episode: 332: [[-1.2972339  -1.3907236  -1.3703287  -0.30208334 -1.6185513  -1.5028075
   0.32240498 -1.8791612  -1.5656339   2.6029253  -1.8179208  -1.5558977
   0.02809501]] 
Episode: 333: [[-1.2973037  -1.3906915  -1.3702681  -0.30207294 -1.6185212  -1.5027925
   0.32233503 -1.8791487  -1.5656095   2.602945   -1.8179137  -1.5558605
   0.02810176]] 
Episode: 334: [[-1.2973686  -1.3906918  -1.3702136  -0.3020621  -1.6185286  -1.5027801
   0.32228357 -1.8791698  -1.5656012   2.602973   -1.8179224  -1.555841
   0.02809199]] 
Episode: 335: [[-1.2974472  -1.3906533  -1.3701447  -0.30204436 -1.6184965  -1.5027621
   0.32221404 -1.8791541  -1.5655743   2.602987   -1.8178996  -1.5558019
   0.02810158]] 
Episode: 336: [[-1.2975295  -1.3906151  -1.370088   -0.30202207 -1.6184614  -1.5027477
   0.32216024 -1.8791307  -1.5655502   2.6029932  -1.817864   -1.5557641
   0.02811732]] 
Episode: 337: [[-1.2975904  -1.3906069  -1.3700492  -0.3020055  -1.6184528  -1.5027378
   0.32213247 -1.8791227  -1.5655346   2.6029997  -1.8178279  -1.5557324
   0.0281241 ]] 
Episode: 338: [[-1.2976464  -1.3906261  -1.3700402  -0.30198136 -1.6184372  -1.5027558
   0.32212836 -1.8790516  -1.5655199   2.602985   -1.817769   -1.5557014
   0.02815847]] 
Episode: 339: [[-1.2976977  -1.3906525  -1.3700376  -0.30196768 -1.61843    -1.5027802
   0.32211778 -1.8789855  -1.5655018   2.6029785  -1.8177031  -1.5556549
   0.0281938 ]] 
Episode: 340: [[-1.2977177  -1.3906915  -1.3699859  -0.30199423 -1.6184677  -1.502808
   0.32206807 -1.8789953  -1.565525    2.6030397  -1.8176644  -1.5556661
   0.02814214]] 
Episode: 341: [[-1.2977446  -1.3907108  -1.369907   -0.3020222  -1.6185069  -1.5028219
   0.32201675 -1.8790195  -1.5655469   2.6031024  -1.8176386  -1.555683
   0.02808769]] 
Episode: 342: [[-1.2977904  -1.3907309  -1.3698415  -0.30202264 -1.6185367  -1.5028198
   0.32198763 -1.8790371  -1.5655518   2.6031375  -1.8176634  -1.5556966
   0.02805921]] 
Episode: 343: [[-1.2978246  -1.3907336  -1.3697484  -0.30204293 -1.6185716  -1.5028161
   0.32192352 -1.8790957  -1.5655766   2.6032104  -1.817706   -1.5557426
   0.02798146]] 
Episode: 344: [[-1.2978412  -1.3907657  -1.3696778  -0.30207136 -1.618634   -1.5028335
   0.32188332 -1.8791728  -1.5656308   2.6032925  -1.8177798  -1.5558171
   0.0278907 ]] 
Episode: 345: [[-1.297858   -1.3908025  -1.3696167  -0.30209073 -1.6186984  -1.5028392
   0.32185942 -1.8792464  -1.5656571   2.6033518  -1.8178297  -1.5558511
   0.02782601]] 
Episode: 346: [[-1.2978705  -1.3908352  -1.3695852  -0.302137   -1.6187499  -1.5028763
   0.32184586 -1.8792895  -1.5656958   2.6034262  -1.8178588  -1.5558827
   0.02776262]] 
Episode: 347: [[-1.2978919  -1.3908999  -1.3695301  -0.3021503  -1.6188431  -1.5028738
   0.32184213 -1.8794054  -1.565739    2.6034937  -1.8179413  -1.5559444
   0.02767834]] 
Episode: 348: [[-1.29798    -1.3909296  -1.3694615  -0.30210173 -1.6188877  -1.5028418
   0.32184345 -1.8794712  -1.5657539   2.603506   -1.8180338  -1.5559922
   0.02765155]] 
Episode: 349: [[-1.2980769  -1.3909667  -1.3693604  -0.30204466 -1.6189622  -1.5027913
   0.32183912 -1.8795805  -1.5657718   2.6035223  -1.8181328  -1.556047
   0.02761389]] 
Episode: 350: [[-1.2981747  -1.3909782  -1.3692505  -0.30199546 -1.6190113  -1.5027375
   0.3218087  -1.8796611  -1.565773    2.6035395  -1.8181952  -1.5560774
   0.02758518]] 
Episode: 351: [[-1.2982682  -1.3909563  -1.3691074  -0.3019635  -1.6190392  -1.5026795
   0.321729   -1.8797477  -1.5657768   2.6035838  -1.818248   -1.5561169
   0.02752877]] 
Episode: 352: [[-1.2983748  -1.3909526  -1.3689533  -0.30191186 -1.619093   -1.5025978
   0.32166532 -1.8798575  -1.5657579   2.6036108  -1.8182983  -1.5561337
   0.02748454]] 
Episode: 353: [[-1.2984785  -1.3909429  -1.3687986  -0.3018559  -1.6191376  -1.5025165
   0.32161483 -1.8799655  -1.5657545   2.6036344  -1.818375   -1.5561835
   0.02743275]] 
Episode: 354: [[-1.2985462  -1.3909289  -1.3686476  -0.30184188 -1.6191831  -1.5024588
   0.32153657 -1.880067   -1.5657575   2.603686   -1.818431   -1.5562264
   0.02737   ]] 
Episode: 355: [[-1.2985919  -1.3908926  -1.3685058  -0.3018469  -1.6191845  -1.5024192
   0.32143542 -1.8801163  -1.5657537   2.6037378  -1.8184671  -1.5562537
   0.02732124]] 
Episode: 356: [[-1.2986118  -1.3908767  -1.3683903  -0.30185595 -1.6191993  -1.502384
   0.32135898 -1.8801666  -1.565748    2.6037786  -1.8185049  -1.5562776
   0.02728097]] 
Episode: 357: [[-1.2986354  -1.3908416  -1.3682902  -0.30186355 -1.6191894  -1.5023538
   0.32128605 -1.8801978  -1.5657438   2.603816   -1.8185441  -1.5563037
   0.02724228]] 
Episode: 358: [[-1.2987047  -1.3908068  -1.36825    -0.3017956  -1.6191422  -1.5023007
   0.321282   -1.8801479  -1.5656899   2.603746   -1.8186076  -1.5562696
   0.02732892]] 
Episode: 359: [[-1.2987198  -1.3908272  -1.3682488  -0.30176803 -1.6191548  -1.5022818
   0.32131013 -1.880132   -1.5656549   2.603697   -1.8186519  -1.5562247
   0.02740018]] 
Episode: 360: [[-1.2987553  -1.390848   -1.3682535  -0.30171552 -1.619161   -1.5022484
   0.32134873 -1.8801062  -1.5656074   2.6036274  -1.8186874  -1.5561728
   0.02748684]] 
Episode: 361: [[-1.2988133  -1.3908654  -1.3682392  -0.30154622 -1.6191585  -1.5020525
   0.32143086 -1.8801513  -1.5654402   2.6034513  -1.8186977  -1.5560596
   0.02759905]] 
Episode: 362: [[-1.2988735  -1.3908411  -1.3682194  -0.3014136  -1.6191195  -1.5018969
   0.3214858  -1.8801483  -1.5652956   2.6033041  -1.8186836  -1.5559537
   0.02770526]] 
Episode: 363: [[-1.2989426  -1.3908602  -1.3682147  -0.3012649  -1.6191326  -1.5017508
   0.32159585 -1.8801727  -1.5651767   2.603147   -1.8187076  -1.5558778
   0.0278115 ]] 
Episode: 364: [[-1.2989933  -1.3908956  -1.3682269  -0.30112252 -1.6191548  -1.5016136
   0.32172406 -1.8801951  -1.565055    2.6029856  -1.8187357  -1.5557925
   0.0279214 ]] 
Episode: 365: [[-1.2990012  -1.3909034  -1.3682674  -0.30103517 -1.619155   -1.5015126
   0.32182345 -1.8802098  -1.5649377   2.6028526  -1.818742   -1.5556816
   0.02803452]] 
Episode: 366: [[-1.2990233  -1.390919   -1.3683207  -0.30094498 -1.6191522  -1.5014277
   0.32192796 -1.8802061  -1.5648358   2.6027231  -1.8187652  -1.5555903
   0.02815024]] 
Episode: 367: [[-1.299037   -1.3909497  -1.3683645  -0.30084962 -1.6191684  -1.5013306
   0.32203156 -1.8802286  -1.5647191   2.6025863  -1.818808   -1.5554833
   0.02827456]] 
Episode: 368: [[-1.2990485  -1.390972   -1.3683937  -0.3007685  -1.6191826  -1.5012383
   0.32211754 -1.8802602  -1.5646058   2.6024692  -1.8188465  -1.5553801
   0.02837945]] 
Episode: 369: [[-1.2990428  -1.3909976  -1.3684102  -0.30071887 -1.6192125  -1.5011705
   0.32219377 -1.880319   -1.5645417   2.6024003  -1.8188978  -1.5553347
   0.02842182]] 
Episode: 370: [[-1.2990478  -1.3910079  -1.3684254  -0.3006597  -1.6192197  -1.50109
   0.3222406  -1.8803566  -1.5644453   2.6023185  -1.8189228  -1.5552484
   0.02849102]] 
Episode: 371: [[-1.2990311  -1.3909954  -1.368406   -0.30064464 -1.6192293  -1.501026
   0.3222401  -1.880427   -1.5643798   2.6022966  -1.8189679  -1.555201
   0.02849673]] 
Episode: 372: [[-1.2989982  -1.3909929  -1.3683981  -0.3006272  -1.6192263  -1.5009557
   0.32223192 -1.8804737  -1.5642917   2.6022642  -1.818993   -1.5551256
   0.02851131]] 
Episode: 373: [[-1.2989445  -1.3910033  -1.3684531  -0.30063668 -1.61923    -1.5009308
   0.32225233 -1.8804839  -1.5641935   2.602225   -1.8190069  -1.5549974
   0.02856783]] 
Episode: 374: [[-1.2988012  -1.3910472  -1.368475   -0.30073094 -1.6193143  -1.5009295
   0.3222235  -1.880627   -1.564153    2.6022933  -1.8190463  -1.5549303
   0.02849361]] 
Episode: 375: [[-1.2986454  -1.3911018  -1.3684927  -0.3008547  -1.6194167  -1.5009537
   0.32217702 -1.8807817  -1.5641446   2.6024     -1.8190846  -1.5548891
   0.02838518]] 
Episode: 376: [[-1.2984935  -1.3911436  -1.3685094  -0.30098125 -1.6194999  -1.5009855
   0.32211995 -1.880918   -1.5641376   2.6025102  -1.8191178  -1.5548465
   0.02827571]] 
Episode: 377: [[-1.2982752  -1.3911637  -1.3685038  -0.30119246 -1.6196138  -1.5010494
   0.32202327 -1.881117   -1.5641668   2.6026976  -1.8191165  -1.5548159
   0.02809294]] 
Episode: 378: [[-1.298128   -1.3911568  -1.3684506  -0.30133787 -1.6197003  -1.5010723
   0.32192272 -1.8812975  -1.5641874   2.6028442  -1.8191398  -1.5548055
   0.02793764]] 
Episode: 379: [[-1.2979946  -1.3911475  -1.3683964  -0.3014701  -1.6197779  -1.5010896
   0.3218236  -1.8814659  -1.564202    2.6029816  -1.8191617  -1.5547911
   0.02778871]] 
Episode: 380: [[-1.297891   -1.391191   -1.3683538  -0.3015607  -1.6198945  -1.501093
   0.3217787  -1.8816614  -1.5642354   2.6030972  -1.8192395  -1.5548146
   0.02764216]] 
Episode: 381: [[-1.2978202  -1.3912328  -1.3683169  -0.3016182  -1.6199975  -1.5010892
   0.32176268 -1.8818321  -1.5642734   2.603185   -1.8193239  -1.5548525
   0.02751501]] 
Episode: 382: [[-1.2977707  -1.3912488  -1.3682733  -0.3016769  -1.620074   -1.5010948
   0.32173523 -1.8819699  -1.564315    2.6032727  -1.8193972  -1.5548902
   0.02740165]] 
Episode: 383: [[-1.2977273  -1.3912665  -1.3682332  -0.30172986 -1.620146   -1.5010992
   0.32171187 -1.8821024  -1.5643601   2.6033592  -1.819474   -1.5549409
   0.02728492]] 
Episode: 384: [[-1.2976744  -1.3912785  -1.3682083  -0.30180624 -1.6202074  -1.5011325
   0.32168192 -1.8822079  -1.5644207   2.6034613  -1.8195345  -1.5549961
   0.02716651]] 
Episode: 385: [[-1.2976416  -1.3912821  -1.3681872  -0.30185887 -1.6202413  -1.5011512
   0.32165772 -1.8822714  -1.5644556   2.6035347  -1.8195633  -1.5550283
   0.02707627]] 
Episode: 386: [[-1.2975918  -1.391284   -1.3681527  -0.30193663 -1.6202875  -1.5011759
   0.32160988 -1.8823575  -1.564493    2.6036344  -1.8195796  -1.5550506
   0.02696423]] 
Episode: 387: [[-1.2975192  -1.3912954  -1.3681138  -0.30204356 -1.6203556  -1.5012194
   0.3215491  -1.8824615  -1.5645459   2.6037607  -1.8195863  -1.5550783
   0.02683272]] 
Episode: 388: [[-1.2974434  -1.391353   -1.3680855  -0.3021449  -1.6204517  -1.5012587
   0.3215094  -1.8825678  -1.5645877   2.6038764  -1.8195733  -1.5550867
   0.02671571]] 
Episode: 389: [[-1.297445   -1.3913274  -1.3679987  -0.30219    -1.6204609  -1.5012488
   0.32141933 -1.8826176  -1.5645885   2.6039526  -1.8195556  -1.5550789
   0.02663967]] 
Episode: 390: [[-1.2974621  -1.3913065  -1.3679236  -0.30221465 -1.6204662  -1.5012364
   0.32135805 -1.8826518  -1.5645932   2.6040053  -1.8195603  -1.5550823
   0.02658624]] 
Episode: 391: [[-1.2974865  -1.3912758  -1.3678473  -0.3022407  -1.6204668  -1.5012305
   0.32127497 -1.8827028  -1.5646168   2.604075   -1.8195903  -1.5551059
   0.02651536]] 
Episode: 392: [[-1.2974911  -1.3912401  -1.3677672  -0.3022786  -1.6204621  -1.5012305
   0.3211812  -1.8827585  -1.5646534   2.6041553  -1.8196244  -1.5551447
   0.02642907]] 
Episode: 393: [[-1.2974873  -1.3912177  -1.3677158  -0.30232197 -1.6204613  -1.5012525
   0.32111198 -1.8827976  -1.5647047   2.6042306  -1.8196625  -1.5551884
   0.02635434]] 
Episode: 394: [[-1.2974854  -1.3911746  -1.3676705  -0.3023654  -1.620435   -1.5012738
   0.32104486 -1.8828175  -1.5647466   2.6043     -1.8196834  -1.5552262
   0.02628362]] 
Episode: 395: [[-1.2974833  -1.3911426  -1.3676198  -0.30241135 -1.6204139  -1.5012938
   0.3209725  -1.882833   -1.5647782   2.6043708  -1.8196764  -1.5552459
   0.02621468]] 
Episode: 396: [[-1.2974839  -1.3911309  -1.3675975  -0.3024558  -1.6204008  -1.50133
   0.32092404 -1.8828253  -1.5648073   2.6044273  -1.8196614  -1.5552418
   0.02617551]] 
Episode: 397: [[-1.2974831  -1.3911253  -1.3675687  -0.3024953  -1.6203923  -1.5013548
   0.32087556 -1.8828214  -1.5648285   2.6044798  -1.8196368  -1.5552336
   0.0261347 ]] 
Episode: 398: [[-1.2976099  -1.3910983  -1.3674875  -0.30242875 -1.62033    -1.5013287
   0.32089815 -1.882752   -1.5648401   2.6044536  -1.819655   -1.5552847
   0.0261432 ]] 
Episode: 399: [[-1.2977226  -1.3910718  -1.3674268  -0.30236837 -1.6202624  -1.5013105
   0.320921   -1.8826737  -1.5648495   2.6044247  -1.8196663  -1.5553228
   0.02615927]] 
Episode: 400: [[-1.297813   -1.3910664  -1.3673719  -0.30232757 -1.6202264  -1.5013016
   0.3209519  -1.8826176  -1.5648628   2.6044095  -1.8196791  -1.5553571
   0.02616492]] 
Episode: 401: [[-1.2979292  -1.3910694  -1.3672762  -0.3022734  -1.6202037  -1.5012727
   0.32096434 -1.8825734  -1.5648667   2.6043963  -1.8196867  -1.5553876
   0.02616825]] 
Episode: 402: [[-1.2980374  -1.3910646  -1.3671948  -0.30222806 -1.6201738  -1.5012509
   0.32098055 -1.8825158  -1.5648595   2.604378   -1.8196625  -1.5553916
   0.02618617]] 
Episode: 403: [[-1.2981483  -1.3910532  -1.3671201  -0.30217955 -1.6201397  -1.5012311
   0.32099786 -1.882459   -1.5648607   2.60436    -1.8196552  -1.5554085
   0.026201  ]] 
Episode: 404: [[-1.2982687  -1.3910297  -1.3670485  -0.30212292 -1.6200871  -1.5012075
   0.3210015  -1.8823833  -1.5648534   2.6043348  -1.8196434  -1.5554185
   0.02622867]] 
Episode: 405: [[-1.298386   -1.3910043  -1.3669907  -0.3020625  -1.6200272  -1.5011847
   0.32101226 -1.882293   -1.5648395   2.6042979  -1.8196229  -1.5554205
   0.02627088]] 
Episode: 406: [[-1.298542   -1.390954   -1.3669481  -0.30196723 -1.619929   -1.5011559
   0.32103962 -1.8821456  -1.5648065   2.6042154  -1.8195862  -1.5553991
   0.02637197]] 
Episode: 407: [[-1.2986552  -1.3909084  -1.3669096  -0.3018971  -1.6198522  -1.501133
   0.3210569  -1.8820479  -1.5647886   2.6041586  -1.8195734  -1.5553893
   0.02643557]] 
Episode: 408: [[-1.2987486  -1.3908961  -1.3669097  -0.30183133 -1.619804   -1.5011263
   0.32110924 -1.8819662  -1.5647889   2.6040971  -1.8195958  -1.5553932
   0.02650695]] 
Episode: 409: [[-1.2988719  -1.3908408  -1.366951   -0.3017562  -1.6197096  -1.50115
   0.32120198 -1.8818172  -1.5648016   2.6040044  -1.8196325  -1.555401
   0.02663272]] 
Episode: 410: [[-1.2989637 -1.3908178 -1.3670019 -0.3016973 -1.6196507 -1.5011781
   0.3212973 -1.8817073 -1.5648222  2.6039293 -1.8196933 -1.5554167
   0.0267347]] 
Episode: 411: [[-1.299045   -1.390809   -1.3670158  -0.3016593  -1.6196332  -1.5012047
   0.32134685 -1.8816429  -1.5648435   2.603889   -1.8197503  -1.5554245
   0.02681005]] 
Episode: 412: [[-1.2991053  -1.3908008  -1.3670073  -0.30164078 -1.6196314  -1.5012246
   0.3213748  -1.8816103  -1.5648631   2.603873   -1.8198057  -1.5554327
   0.02685375]] 
Episode: 413: [[-1.2991515  -1.39083    -1.367007   -0.3016164  -1.6196716  -1.501235
   0.32142067 -1.8816187  -1.5648749   2.6038516  -1.8198969  -1.5554324
   0.02689793]] 
Episode: 414: [[-1.2992419  -1.39084    -1.3670135  -0.30153933 -1.619675   -1.5012125
   0.32149217 -1.8815743  -1.5648402   2.6037633  -1.8199627  -1.5553882
   0.02701604]] 
Episode: 415: [[-1.2993412  -1.3908348  -1.3669908  -0.30147097 -1.6196783  -1.5011835
   0.321544   -1.8815342  -1.5647987   2.603686   -1.8200148  -1.5553358
   0.0271303 ]] 
Episode: 416: [[-1.2994287  -1.3908504  -1.3669543  -0.30142006 -1.6197138  -1.5011666
   0.32160196 -1.881524   -1.5647936   2.603637   -1.8201075  -1.5553265
   0.0272088 ]] 
Episode: 417: [[-1.2994987  -1.3908707  -1.3669126  -0.3013747  -1.619753   -1.5011406
   0.32165065 -1.8815246  -1.5647739   2.603592   -1.8201686  -1.5553017
   0.02727369]] 
Episode: 418: [[-1.2995652  -1.3908808  -1.3668472  -0.3013404  -1.6197878  -1.5011134
   0.32166785 -1.8815398  -1.564767    2.603574   -1.8202211  -1.5552956
   0.02730092]] 
Episode: 419: [[-1.2996391  -1.3909115  -1.3668098  -0.3012902  -1.6198324  -1.5010962
   0.32172465 -1.8815486  -1.5647733   2.6035383  -1.8202988  -1.555306
   0.02734246]] 
Episode: 420: [[-1.2997067  -1.3909407  -1.3667802  -0.30124432 -1.6198716  -1.5010786
   0.32179034 -1.8815488  -1.5647763   2.6035028  -1.8203678  -1.5553156
   0.02737906]] 
Episode: 421: [[-1.2997835  -1.3909487  -1.3667532  -0.30118817 -1.619887   -1.5010495
   0.32185388 -1.881525   -1.5647596   2.6034505  -1.8204162  -1.5553077
   0.02743389]] 
Episode: 422: [[-1.2998092  -1.3909374  -1.3667393  -0.3011703  -1.6198889  -1.5010499
   0.32190686 -1.8815238  -1.5647832   2.6034312  -1.8204983  -1.555345
   0.02744592]] 
Episode: 423: [[-1.2998189  -1.3909502  -1.3667023  -0.30118048 -1.619921   -1.5010465
   0.32189575 -1.8815671  -1.5647956   2.60346    -1.8205793  -1.555352
   0.02741746]] 
Episode: 424: [[-1.2997944  -1.3910103  -1.3667238  -0.3012432  -1.6199987  -1.5011121
   0.32191917 -1.8816446  -1.564889    2.603546   -1.8207369  -1.5554346
   0.02734105]] 
Episode: 425: [[-1.2997606  -1.391089   -1.3667381  -0.30132398 -1.6201087  -1.5011846
   0.32193485 -1.8817477  -1.5649763   2.6036441  -1.8208865  -1.5554881
   0.0272695 ]] 
Episode: 426: [[-1.2997339  -1.3911587  -1.3667613  -0.30139285 -1.6201949  -1.5012553
   0.3219651  -1.8818119  -1.5650527   2.6037214  -1.8209984  -1.5555272
   0.02721493]] 
Episode: 427: [[-1.2997017  -1.3911958  -1.3668071  -0.3014737  -1.6202356  -1.5013344
   0.32197008 -1.8818468  -1.5651158   2.603804   -1.8210776  -1.5555406
   0.02716265]] 
Episode: 428: [[-1.2996527  -1.3912618  -1.3668375  -0.30156887 -1.6203228  -1.5014188
   0.32197422 -1.8819355  -1.5652109   2.6039162  -1.8211825  -1.5555887
   0.02706924]] 
Episode: 429: [[-1.2995892  -1.3913339  -1.3668712  -0.30167332 -1.6204146  -1.5015079
   0.32198232 -1.8820258  -1.565309    2.6040342  -1.8212781  -1.555645
   0.02696502]] 
Episode: 430: [[-1.2995111  -1.3913925  -1.3668468  -0.30179277 -1.6205233  -1.5015908
   0.3219512  -1.8821741  -1.565439    2.6041954  -1.8214004  -1.5557523
   0.02679052]] 
Episode: 431: [[-1.2994156  -1.391444   -1.366789   -0.30194467 -1.6206361  -1.501679
   0.32187012 -1.8823552  -1.5655864   2.6044042  -1.8215177  -1.5558758
   0.0265655 ]] 
Episode: 432: [[-1.2993368  -1.3914827  -1.3667219  -0.30207548 -1.6207377  -1.5017492
   0.32179004 -1.8825182  -1.5657048   2.6045842  -1.8216015  -1.5559635
   0.02637363]] 
Episode: 433: [[-1.2992886  -1.3915012  -1.3666457  -0.30219173 -1.62081    -1.5018175
   0.32170627 -1.8826554  -1.565828    2.6047583  -1.8216703  -1.5560665
   0.02618654]] 
Episode: 434: [[-1.2992512  -1.391523   -1.3665818  -0.30228925 -1.620878   -1.5018759
   0.32164153 -1.8827735  -1.5659304   2.604904   -1.8217344  -1.5561457
   0.02603222]] 
Episode: 435: [[-1.2992294  -1.3915309  -1.3665406  -0.30236608 -1.6209183  -1.5019372
   0.3215972  -1.8828499  -1.5660268   2.6050177  -1.8218004  -1.5562254
   0.02591723]] 
Episode: 436: [[-1.2992058  -1.3915573  -1.3665144  -0.30244085 -1.6209726  -1.5019985
   0.32157248 -1.8829231  -1.5661108   2.6051192  -1.821856   -1.5562859
   0.025821  ]] 
Episode: 437: [[-1.2991812  -1.3915833  -1.3665004  -0.3025068  -1.6210228  -1.5020525
   0.32155752 -1.8829812  -1.5661672   2.6051965  -1.8219008  -1.5563109
   0.02575888]] 
Episode: 438: [[-1.2991707  -1.3916091  -1.3665124  -0.30254814 -1.6210536  -1.5020996
   0.32157284 -1.8829987  -1.5661993   2.6052327  -1.8219318  -1.5563085
   0.02574391]] 
Episode: 439: [[-1.2991807  -1.391734   -1.3665406  -0.30260032 -1.6212057  -1.5021906
   0.32163873 -1.883122   -1.566339    2.6053264  -1.8221087  -1.5564241
   0.02567135]] 
Episode: 440: [[-1.2992008  -1.3918453  -1.3665686  -0.3026293  -1.6213437  -1.5022391
   0.32170987 -1.8832312  -1.566427    2.605381   -1.8222414  -1.5564866
   0.02564134]] 
Episode: 441: [[-1.2992195  -1.391956   -1.3666164  -0.30264413 -1.6214708  -1.5022792
   0.32180616 -1.8833295  -1.5665021   2.605413   -1.8223827  -1.5565456
   0.02562741]] 
Episode: 442: [[-1.2992518  -1.3920624  -1.3666842  -0.3026497  -1.6215891  -1.502321
   0.32192042 -1.8833987  -1.5665475   2.6054144  -1.8225112  -1.5565614
   0.02566747]] 
Episode: 443: [[-1.2992806  -1.3921585  -1.3667548  -0.30265385 -1.6216931  -1.5023654
   0.3220304  -1.8834543  -1.566589    2.6054113  -1.8226305  -1.556577
   0.02571057]] 
Episode: 444: [[-1.2993038  -1.3922338  -1.3668178  -0.30266866 -1.621771   -1.5024295
   0.32211968 -1.8834819  -1.5666432   2.6054168  -1.8227215  -1.5566015
   0.02574722]] 
Episode: 445: [[-1.2993455  -1.3923185  -1.3668905  -0.3026591  -1.6218544  -1.5024837
   0.3222424  -1.8834997  -1.5666925   2.605395   -1.8228251  -1.5566285
   0.02580879]] 
Episode: 446: [[-1.2993805  -1.3924024  -1.3669686  -0.3026553  -1.6219311  -1.5025358
   0.32235298 -1.8835179  -1.5667382   2.605382   -1.8229116  -1.5566534
   0.02585868]] 
Episode: 447: [[-1.2993754  -1.392498   -1.367006   -0.30271924 -1.6220516  -1.5026164
   0.32241115 -1.8836102  -1.566835    2.6054564  -1.8230765  -1.5567313
   0.02582638]] 
Episode: 448: [[-1.2993749  -1.392582   -1.3669901  -0.3027774  -1.6221737  -1.5026627
   0.3224311  -1.8837413  -1.5669211   2.6055486  -1.8232437  -1.5568192
   0.02575474]] 
Episode: 449: [[-1.2994213  -1.3926215  -1.3669026  -0.30276886 -1.6222543  -1.5025957
   0.32239306 -1.8838614  -1.5668969   2.6055846  -1.8233217  -1.5568093
   0.02572243]] 
Episode: 450: [[-1.2994455  -1.3926405  -1.3668088  -0.30278945 -1.6223245  -1.5025469
   0.32233304 -1.8839762  -1.566884    2.6056457  -1.8233743  -1.5568033
   0.0256649 ]] 
Episode: 451: [[-1.2994788  -1.3926316  -1.3667233  -0.30281594 -1.6223584  -1.5025146
   0.32226676 -1.8840399  -1.5668641   2.6056993  -1.8234059  -1.5567805
   0.0256317 ]] 
Episode: 452: [[-1.2994927  -1.392621   -1.3666579  -0.30285835 -1.6223887  -1.5025053
   0.32220945 -1.8840861  -1.5668523   2.6057556  -1.8234094  -1.5567508
   0.0255991 ]] 
Episode: 453: [[-1.29951    -1.3926119  -1.3666307  -0.30286896 -1.6223752  -1.5024717
   0.32216376 -1.8840986  -1.5668031   2.6057775  -1.8233767  -1.5566986
   0.02558321]] 
Episode: 454: [[-1.2995124  -1.3926231  -1.3665819  -0.3029023  -1.6224033  -1.5024487
   0.32209527 -1.8841676  -1.5667826   2.6058412  -1.8233923  -1.556675
   0.025523  ]] 
Episode: 455: [[-1.2995079  -1.3926182  -1.3665183  -0.30294064 -1.6224205  -1.5024185
   0.32201076 -1.8842463  -1.5667598   2.6059124  -1.8234078  -1.5566503
   0.02544884]] 
Episode: 456: [[-1.2995436  -1.3925732  -1.366455   -0.3029481  -1.6223866  -1.5023822
   0.3219332  -1.8842566  -1.5667132   2.605941   -1.8233922  -1.5566021
   0.02542928]] 
Episode: 457: [[-1.2995883  -1.3925095  -1.3663943  -0.30295238 -1.6223379  -1.5023565
   0.32184818 -1.8842654  -1.5666854   2.6059744  -1.823411   -1.5565786
   0.02540524]] 
Episode: 458: [[-1.2996283  -1.3924315  -1.3663077  -0.30296633 -1.622287   -1.5023272
   0.32173872 -1.8842864  -1.5666566   2.606023   -1.8234342  -1.5565596
   0.02536356]] 
Episode: 459: [[-1.2996771  -1.3923495  -1.3661829  -0.30298123 -1.6222442  -1.5022739
   0.3215923  -1.884341   -1.5666181   2.6060903  -1.8234472  -1.5565332
   0.02529868]] 
Episode: 460: [[-1.2997308  -1.3923044  -1.3660963  -0.30297863 -1.6222293  -1.5022218
   0.32150874 -1.8843907  -1.5665742   2.6061244  -1.8234817  -1.5564922
   0.0252722 ]] 
Episode: 461: [[-1.2997584  -1.3922615  -1.3660115  -0.30299634 -1.6222186  -1.5021718
   0.3214043  -1.8844469  -1.5665132   2.6061685  -1.8234826  -1.5564175
   0.02524275]] 
Episode: 462: [[-1.2998022  -1.3922081  -1.3659453  -0.303001   -1.6221901  -1.5021273
   0.32132217 -1.8844657  -1.566448    2.6061852  -1.823482   -1.5563303
   0.02525395]] 
Episode: 463: [[-1.2998619  -1.3921562  -1.3658957  -0.30298558 -1.6221491  -1.502083
   0.3212642  -1.8844587  -1.5663826   2.6061783  -1.823485   -1.5562454
   0.0252884 ]] 
Episode: 464: [[-1.2998946  -1.392145   -1.3658943  -0.30298585 -1.6221387  -1.5020698
   0.3212489  -1.8844646  -1.5663542   2.6061811  -1.8235132  -1.556194
   0.02530971]] 
Episode: 465: [[-1.2999282  -1.3921458  -1.3659083  -0.30298513 -1.6221356  -1.5020688
   0.32125622 -1.8844656  -1.5663365   2.6061802  -1.8235322  -1.556148
   0.02533378]] 
Episode: 466: [[-1.2999079  -1.3922043  -1.3659732  -0.30301005 -1.6221889  -1.5021063
   0.32132852 -1.8845239  -1.5663956   2.6062024  -1.8236319  -1.5561804
   0.02531521]] 
Episode: 467: [[-1.2999076  -1.3922502  -1.3660606  -0.3030087  -1.6222125  -1.5021425
   0.32142326 -1.8845273  -1.5664331   2.6061795  -1.8237066  -1.5561869
   0.02535418]] 
Episode: 468: [[-1.2999135  -1.392296   -1.3661652  -0.30300933 -1.6222274  -1.5021884
   0.3215265  -1.884505   -1.5664657   2.6061523  -1.8237556  -1.5561832
   0.0254046 ]] 
Episode: 469: [[-1.2999312  -1.3923378  -1.3662597  -0.30300233 -1.622239   -1.50223
   0.32162684 -1.8844748  -1.5664959   2.6061203  -1.8237933  -1.5561801
   0.02545974]] 
Episode: 470: [[-1.2999753  -1.3923379  -1.3662728  -0.3029036  -1.622172   -1.5021361
   0.32165453 -1.8844258  -1.5663929   2.6060162  -1.8237084  -1.5560764
   0.0255304 ]] 
Episode: 471: [[-1.3000375  -1.3923733  -1.3662994  -0.30275968 -1.6221356  -1.5020088
   0.32175294 -1.8844177  -1.5662955   2.6058822  -1.8236818  -1.5560201
   0.02559283]] 
Episode: 472: [[-1.3000597  -1.3924264  -1.3663628  -0.3026716  -1.6221089  -1.5019388
   0.3218378  -1.884394   -1.566232    2.6057873  -1.8236564  -1.5559602
   0.02564701]] 
Episode: 473: [[-1.3000506  -1.3924853  -1.3664128  -0.30261144 -1.6220963  -1.501872
   0.32190007 -1.8843769  -1.5661569   2.6057093  -1.8235971  -1.555876
   0.02569128]] 
Episode: 474: [[-1.3000482  -1.3925571  -1.3664798  -0.30254677 -1.6220896  -1.5018134
   0.32197562 -1.8843402  -1.566077    2.6056192  -1.8235269  -1.5557772
   0.02575919]] 
Episode: 475: [[-1.3000494  -1.3926433  -1.3665507  -0.3024704  -1.6221035  -1.5017513
   0.32208642 -1.884317   -1.5660051   2.6055162  -1.8234919  -1.5556962
   0.02583271]] 
Episode: 476: [[-1.3000953  -1.3927346  -1.3665992  -0.30235207 -1.6221279  -1.5016503
   0.32220918 -1.884301   -1.5659043   2.605375   -1.8234564  -1.5555964
   0.02595091]] 
Episode: 477: [[-1.3001593  -1.392816   -1.3666321  -0.30224591 -1.622161   -1.5015738
   0.32234272 -1.8842853  -1.5658417   2.6052527  -1.8234414  -1.5555426
   0.02605654]] 
Episode: 478: [[-1.3002197  -1.392884   -1.3666484  -0.3021472  -1.6221945  -1.5014888
   0.3224585  -1.8842826  -1.5657617   2.6051362  -1.8234229  -1.5554694
   0.02616008]] 
Episode: 479: [[-1.3002466  -1.3929263  -1.3666599  -0.30210888 -1.6222222  -1.5014402
   0.32252097 -1.8842828  -1.5657021   2.605075   -1.8234013  -1.5553952
   0.02623155]] 
Episode: 480: [[-1.3002831  -1.3929586  -1.3666787  -0.30208355 -1.6222337  -1.5014081
   0.32257172 -1.8842614  -1.565645    2.605025   -1.8233824  -1.5553104
   0.02630752]] 
Episode: 481: [[-1.3003689  -1.3927165  -1.3663199  -0.3018767  -1.6220717  -1.5009794
   0.32232764 -1.8842735  -1.565219    2.6048033  -1.8230366  -1.5549029
   0.02642808]] 
Episode: 482: [[-1.3004075  -1.3925145  -1.3659767  -0.3017172  -1.6219623  -1.5005934
   0.32209948 -1.884347   -1.5648497   2.6046402  -1.8227347  -1.5545506
   0.02647617]] 
Episode: 483: [[-1.3004714  -1.3923464  -1.365679   -0.3015319  -1.6218773  -1.5002244
   0.3219466  -1.8844141  -1.5644982   2.6044436  -1.8224742  -1.5542154
   0.02656703]] 
Episode: 484: [[-1.3005015  -1.3922092  -1.3654162  -0.30139035 -1.6218208  -1.4999042
   0.32181013 -1.8844925  -1.5641872   2.6042876  -1.8222387  -1.5539123
   0.02662639]] 
Episode: 485: [[-1.3005062  -1.392083   -1.3651574  -0.301307   -1.6217924  -1.4996305
   0.32164517 -1.8846118  -1.5639255   2.604206   -1.8220452  -1.5536491
   0.02662463]] 
Episode: 486: [[-1.3005279  -1.3918908  -1.3648654  -0.30123466 -1.6217127  -1.4993476
   0.32143852 -1.8847054  -1.5636439   2.6041272  -1.8218586  -1.5533751
   0.02664208]] 
Episode: 487: [[-1.3005261  -1.3917235  -1.3645964  -0.30118847 -1.6216557  -1.4990939
   0.32124537 -1.884806   -1.563394    2.604074   -1.8216807  -1.5531301
   0.02663571]] 
Episode: 488: [[-1.3004931  -1.3915699  -1.3643348  -0.301177   -1.6216232  -1.4988666
   0.32104418 -1.8849411  -1.5631694   2.6040597  -1.8215317  -1.552903
   0.02659157]] 
Episode: 489: [[-1.300461  -1.3913734 -1.3640829 -0.3011927 -1.6215374 -1.4986646
   0.3208059 -1.8850585 -1.5629703  2.6040828 -1.8213851 -1.5527003
   0.0265162]] 
Episode: 490: [[-1.300456   -1.3912028  -1.3638451  -0.30118817 -1.6214676  -1.4984783
   0.32061574 -1.8851614  -1.5628005   2.604092   -1.8212615  -1.5525358
   0.02644986]] 
Episode: 491: [[-1.300452   -1.3910359  -1.3636214  -0.3011955  -1.6213933  -1.4983135
   0.32042134 -1.8852471  -1.562649    2.604116   -1.8211374  -1.5523856
   0.02637704]] 
Episode: 492: [[-1.3004724  -1.3908783  -1.3634279  -0.3011874  -1.6213175  -1.4981611
   0.3202563  -1.8853215  -1.5625063   2.604124   -1.8210493  -1.5522486
   0.02633261]] 
Episode: 493: [[-1.3005251  -1.3907138  -1.3632367  -0.30115855 -1.6212264  -1.4980073
   0.32008684 -1.8853852  -1.5623648   2.6041238  -1.8209717  -1.5521184
   0.02629951]] 
Episode: 494: [[-1.300604   -1.3905153  -1.3630471  -0.30112913 -1.6211069  -1.4978687
   0.319906   -1.8854319  -1.5622413   2.604135   -1.8209242  -1.552012
   0.02625972]] 
Episode: 495: [[-1.3006904  -1.390329   -1.362861   -0.3011058  -1.6210016  -1.4977447
   0.31973633 -1.8854737  -1.5621318   2.6041522  -1.8208708  -1.5519135
   0.0262214 ]] 
Episode: 496: [[-1.3007656  -1.3901767  -1.3627048  -0.30109742 -1.6209213  -1.497647
   0.31959137 -1.8855029  -1.562045    2.6041763  -1.8208095  -1.5518292
   0.02618891]] 
Episode: 497: [[-1.3008425  -1.3900465  -1.3625501  -0.30108923 -1.6208614  -1.4975549
   0.3194501  -1.8855469  -1.5619684   2.6042075  -1.8207704  -1.5517578
   0.02615172]] 
Episode: 498: [[-1.3008642  -1.3899602  -1.3624449  -0.3011201  -1.6208369  -1.4974995
   0.3193533  -1.8855892  -1.5619152   2.6042514  -1.8207334  -1.5516943
   0.02611033]] 
Episode: 499: [[-1.3008637  -1.3899024  -1.3623489  -0.30117008 -1.6208447  -1.4974579
   0.31927383 -1.8856475  -1.5618765   2.6043105  -1.8207064  -1.5516453
   0.02605359]] 
Episode: 500: [[-1.3008375  -1.3898565  -1.3622819  -0.30125767 -1.6208483  -1.497452
   0.31916833 -1.8857038  -1.5618502   2.6044035  -1.8206823  -1.551585
   0.02598782]] 
Episode: 501: [[-1.3007907  -1.3898321  -1.362216   -0.3013538  -1.6208717  -1.497453
   0.31906584 -1.8857785  -1.5618346   2.6045074  -1.8206621  -1.5515342
   0.02590208]] 
Episode: 502: [[-1.3007239  -1.38983    -1.3621745  -0.30146438 -1.6209134  -1.4974707
   0.31898844 -1.8858402  -1.5618259   2.604608   -1.8206328  -1.5514834
   0.02583231]] 
Episode: 503: [[-1.3006712  -1.3898166  -1.3621238  -0.3015748  -1.6209478  -1.4974934
   0.31890246 -1.885889   -1.5618203   2.604709   -1.8206061  -1.5514272
   0.0257727 ]] 
Episode: 504: [[-1.3006213  -1.3898007  -1.3620741  -0.3016809  -1.6209807  -1.4975164
   0.31883243 -1.8859378  -1.561816    2.6048033  -1.8205776  -1.5513778
   0.02571328]] 
Episode: 505: [[-1.3005773  -1.3897847  -1.3620484  -0.30178145 -1.6210011  -1.4975475
   0.31878656 -1.8859506  -1.5618104   2.6048763  -1.8205311  -1.5513203
   0.02568723]] 
Episode: 506: [[-1.3005414  -1.389757   -1.3620002  -0.3018747  -1.6210138  -1.4975548
   0.31871086 -1.8859656  -1.5617745   2.604945   -1.8204346  -1.5512247
   0.02566388]] 
Episode: 507: [[-1.3004754  -1.3897567  -1.3619746  -0.30200234 -1.6210558  -1.4975964
   0.3186476  -1.885991   -1.5617702   2.6050427  -1.8203651  -1.5511552
   0.0256221 ]] 
Episode: 508: [[-1.3004217  -1.3897458  -1.3619572  -0.302126   -1.621077   -1.4976456
   0.31859    -1.8859845  -1.5617653   2.6051304  -1.8202871  -1.5510881
   0.02559966]] 
Episode: 509: [[-1.3003738  -1.3897412  -1.3619407  -0.3022326  -1.6210991  -1.4976836
   0.31852782 -1.8859891  -1.5617572   2.6052115  -1.8202287  -1.55103
   0.02557567]] 
Episode: 510: [[-1.3003327  -1.3897669  -1.3619375  -0.30232388 -1.6211431  -1.497723
   0.31849265 -1.8859978  -1.5617533   2.6052787  -1.8201811  -1.5509796
   0.0255634 ]] 
Episode: 511: [[-1.3002785  -1.3897934  -1.3619381  -0.30242413 -1.6211905  -1.4977655
   0.3184743  -1.8860192  -1.561763    2.6053545  -1.8201511  -1.550946
   0.02552929]] 
Episode: 512: [[-1.3002615  -1.3897793  -1.3619326  -0.30249187 -1.6211921  -1.497798
   0.31845883 -1.8860029  -1.5617654   2.605397   -1.8201265  -1.5509171
   0.02553064]] 
Episode: 513: [[-1.30022    -1.389772   -1.3619709  -0.3025512  -1.621163   -1.4978395
   0.31847158 -1.8859264  -1.5617514   2.6054022  -1.8200741  -1.55086
   0.02557228]] 
Episode: 514: [[-1.3002666  -1.3897449  -1.3618549  -0.30250597 -1.6211472  -1.4978113
   0.318456   -1.8859187  -1.5617478   2.6053705  -1.8200622  -1.550862
   0.02557875]] 
Episode: 515: [[-1.3002987  -1.3897265  -1.3617567  -0.30247164 -1.6211373  -1.4977865
   0.31844354 -1.8859142  -1.561738    2.6053417  -1.8200516  -1.550851
   0.02559074]] 
Episode: 516: [[-1.3003526  -1.389708   -1.3616796  -0.30241215 -1.6211194  -1.4977528
   0.31845477 -1.8858801  -1.561705    2.605272   -1.8200278  -1.550808
   0.02565944]] 
Episode: 517: [[-1.3004074  -1.3896704  -1.3615712  -0.30237436 -1.6210918  -1.4977124
   0.31840938 -1.8858685  -1.5616735   2.605245   -1.8200159  -1.5507692
   0.02568516]] 
Episode: 518: [[-1.3004571  -1.3896232  -1.3614911  -0.30234426 -1.6210396  -1.497691
   0.3183885  -1.8858128  -1.5616564   2.6052096  -1.8199936  -1.5507414
   0.02572647]] 
Episode: 519: [[-1.3005064  -1.389566   -1.3614123  -0.3023144  -1.6209787  -1.4976625
   0.31834918 -1.8857579  -1.5616246   2.6051753  -1.819959   -1.5506941
   0.02576936]] 
Episode: 520: [[-1.3005788  -1.3895102  -1.3613224  -0.30228284 -1.6209301  -1.4976442
   0.3183286  -1.8857052  -1.5616276   2.6051543  -1.819953   -1.5506991
   0.02579077]] 
Episode: 521: [[-1.3006325  -1.3894794  -1.3612443  -0.30225414 -1.620906   -1.4976231
   0.31831303 -1.8856875  -1.5616294   2.605143   -1.8199587  -1.5507041
   0.02578952]] 
Episode: 522: [[-1.3006772  -1.3894595  -1.3611835  -0.30223408 -1.6208873  -1.4976106
   0.31831002 -1.8856573  -1.561629    2.6051288  -1.8199476  -1.550698
   0.02580042]] 
Episode: 523: [[-1.3007617  -1.389407   -1.3611184  -0.30218005 -1.6208272  -1.4975803
   0.31834036 -1.8855994  -1.5616308   2.6050858  -1.819923   -1.5507135
   0.02581508]] 
Episode: 524: [[-1.3008451  -1.3893534  -1.361066   -0.30212903 -1.6207577  -1.4975609
   0.3183733  -1.8855245  -1.5616412   2.6050422  -1.8199071  -1.550737
   0.02583793]] 
Episode: 525: [[-1.300941   -1.3892863  -1.3610162  -0.30207187 -1.6206739  -1.4975418
   0.31841013 -1.8854278  -1.5616478   2.604987   -1.819889   -1.5507561
   0.02588023]] 
Episode: 526: [[-1.3010397  -1.3892218  -1.3609841  -0.30201027 -1.6205833  -1.4975276
   0.31845796 -1.8853115  -1.5616472   2.6049168  -1.8198732  -1.5507599
   0.02594876]] 
Episode: 527: [[-1.3011572  -1.3891735  -1.3609622  -0.30191863 -1.620498   -1.4975004
   0.3185306  -1.8851819  -1.561631    2.6048129  -1.8198484  -1.5507511
   0.02605092]] 
Episode: 528: [[-1.3012729  -1.3891096  -1.3609409  -0.30183077 -1.6203908  -1.4974787
   0.31858322 -1.8850502  -1.5616323   2.6047266  -1.8198336  -1.5507762
   0.02612507]] 
Episode: 529: [[-1.3013926  -1.389042   -1.3609159  -0.301755   -1.6202837  -1.4974649
   0.31861925 -1.8849216  -1.5616411   2.6046607  -1.8198082  -1.5508054
   0.0261818 ]] 
Episode: 530: [[-1.3015068  -1.3889612  -1.3608812  -0.30169708 -1.6201736  -1.4974611
   0.31863564 -1.8847924  -1.5616583   2.6046138  -1.8197824  -1.5508394
   0.02622689]] 
Episode: 531: [[-1.3016034  -1.3889047  -1.3608631  -0.30165774 -1.6200912  -1.4974816
   0.31866735 -1.8846861  -1.561712    2.604592   -1.8197769  -1.5509151
   0.02624202]] 
Episode: 532: [[-1.3016922  -1.3888738  -1.3608195  -0.30163765 -1.6200631  -1.497504
   0.31867462 -1.8846433  -1.5617727   2.604604   -1.8198042  -1.5509906
   0.02623138]] 
Episode: 533: [[-1.3018036  -1.3888104  -1.3607819  -0.30160725 -1.620001   -1.4975244
   0.31868294 -1.8845763  -1.561823    2.6046016  -1.819838   -1.5510597
   0.02624308]] 
Episode: 534: [[-1.3018901  -1.3887489  -1.3607485  -0.30160373 -1.6199527  -1.4975526
   0.318673   -1.8845339  -1.5618701   2.6046236  -1.8199002  -1.5511185
   0.02624075]] 
Episode: 535: [[-1.3019309  -1.3887753  -1.3607678  -0.30160722 -1.6199322  -1.4976032
   0.31877849 -1.8844777  -1.5619502   2.6046267  -1.8199604  -1.5512229
   0.02622719]] 
Episode: 536: [[-1.3019935  -1.3887739  -1.3607893  -0.3016053  -1.6198844  -1.4976648
   0.31888738 -1.8843925  -1.5620389   2.6046236  -1.8200358  -1.5513455
   0.02622824]] 
Episode: 537: [[-1.3020355  -1.3887436  -1.360791   -0.30164886 -1.6198266  -1.4977374
   0.31892452 -1.884327   -1.5621306   2.6046739  -1.8201023  -1.5514565
   0.02619375]] 
Episode: 538: [[-1.3020834  -1.3887117  -1.3608009  -0.30168068 -1.6197683  -1.4978021
   0.3189753  -1.884247   -1.562202    2.6046994  -1.8201451  -1.5515403
   0.02619128]] 
Episode: 539: [[-1.302128   -1.3886795  -1.3607566  -0.30171743 -1.6197426  -1.4978479
   0.31899348 -1.8842441  -1.5622778   2.6047587  -1.8202336  -1.551645
   0.02613182]] 
Episode: 540: [[-1.3021741  -1.3886179  -1.3607342  -0.30177888 -1.6196724  -1.4979187
   0.3189921  -1.8841865  -1.5623615   2.6048338  -1.8202994  -1.5517443
   0.02607866]] 
Episode: 541: [[-1.302235   -1.3885745  -1.3607235  -0.30181235 -1.6196146  -1.497978
   0.31901833 -1.8841264  -1.5624366   2.6048787  -1.8203723  -1.5518401
   0.02605352]] 
Episode: 542: [[-1.3022482  -1.3885307  -1.3607106  -0.30188352 -1.6195647  -1.4980474
   0.31901374 -1.8840799  -1.5625106   2.6049545  -1.8204205  -1.5519226
   0.02599847]] 
Episode: 543: [[-1.302238   -1.3885086  -1.3607069  -0.30195925 -1.6195321  -1.4981186
   0.31901255 -1.8840559  -1.5625937   2.6050394  -1.8204961  -1.5520208
   0.02592305]] 
Episode: 544: [[-1.3022407  -1.3884846  -1.3606703  -0.30201945 -1.6195239  -1.4981699
   0.31900406 -1.8840667  -1.5626711   2.6051185  -1.8205786  -1.5521194
   0.02584621]] 
Episode: 545: [[-1.3022871  -1.3885067  -1.3607008  -0.30208856 -1.6195469  -1.4983221
   0.31905928 -1.8840708  -1.5628517   2.6052241  -1.820751   -1.5523022
   0.02577512]] 
Episode: 546: [[-1.3023475  -1.3885219  -1.3607329  -0.3021438  -1.6195595  -1.4984643
   0.31911567 -1.884053   -1.5630164   2.6053107  -1.8209037  -1.5524687
   0.02572906]] 
Episode: 547: [[-1.3023732  -1.3885303  -1.3607621  -0.30223507 -1.6195799  -1.498616
   0.31913695 -1.8840305  -1.5631727   2.6054192  -1.8210074  -1.5525993
   0.02567858]] 
Episode: 548: [[-1.3023705  -1.3885537  -1.3607925  -0.30233133 -1.6196158  -1.4987576
   0.31916624 -1.8840282  -1.5633224   2.60553    -1.821114   -1.552732
   0.02560843]] 
Episode: 549: [[-1.3023907  -1.3886006  -1.3608241  -0.30238035 -1.619671   -1.4988698
   0.3192266  -1.8840361  -1.5634494   2.6055954  -1.8212328  -1.55285
   0.02557304]] 
Episode: 550: [[-1.3023698  -1.3887105  -1.3608638  -0.30245075 -1.6198046  -1.498992
   0.3193306  -1.8841149  -1.5636067   2.605685   -1.8214031  -1.5530053
   0.02549491]] 
Episode: 551: [[-1.3023249  -1.3888192  -1.3608779  -0.30254608 -1.6199574  -1.4991095
   0.3194052  -1.8842376  -1.5637674   2.6058087  -1.8215792  -1.5531666
   0.02537457]] 
Episode: 552: [[-1.3022722  -1.3889421  -1.3609074  -0.30262655 -1.6201133  -1.4992077
   0.31948566 -1.8843627  -1.5639024   2.605911   -1.8217512  -1.5533081
   0.02527408]] 
Episode: 553: [[-1.3022176  -1.3890585  -1.3609143  -0.30270576 -1.6202672  -1.4992924
   0.31953257 -1.8845137  -1.5640367   2.6060321  -1.8219291  -1.5534564
   0.02513892]] 
Episode: 554: [[-1.3021351  -1.3891767  -1.3608986  -0.30281824 -1.6204306  -1.4993914
   0.31954747 -1.8847083  -1.5642042   2.6062083  -1.822155   -1.5536388
   0.02493233]] 
Episode: 555: [[-1.302058   -1.389286   -1.360886   -0.3029259  -1.6205753  -1.4994837
   0.31955272 -1.8848809  -1.5643582   2.6063766  -1.8223575  -1.5538057
   0.02473722]] 
Episode: 556: [[-1.3019125  -1.3894961  -1.3608897  -0.3030812  -1.6208344  -1.4996063
   0.3196397  -1.8851466  -1.5645578   2.6065755  -1.8226628  -1.5540309
   0.02451187]] 
Episode: 557: [[-1.3017901  -1.3897148  -1.3609095  -0.30320275 -1.6210917  -1.499713
   0.3197476  -1.8853928  -1.5647299   2.60673    -1.8229578  -1.5542234
   0.02434184]] 
Episode: 558: [[-1.3016984  -1.3898998  -1.3609294  -0.30329764 -1.6213006  -1.4998016
   0.31983748 -1.8855891  -1.564872    2.606854   -1.823209   -1.5543864
   0.02420973]] 
Episode: 559: [[-1.3016343  -1.3900713  -1.3609562  -0.30336323 -1.621491   -1.4998724
   0.3199372  -1.8857496  -1.5649725   2.606926   -1.8234217  -1.5544927
   0.02415407]] 
Episode: 560: [[-1.3015805  -1.3902224  -1.3609959  -0.3034298  -1.6216538  -1.4999499
   0.32003596 -1.8858609  -1.565061    2.606982   -1.8235955  -1.5545769
   0.02413498]] 
Episode: 561: [[-1.3015493  -1.3903656  -1.3610438  -0.30346945 -1.6217841  -1.5000173
   0.3201211  -1.8859403  -1.5651321   2.6070147  -1.8237594  -1.5546378
   0.02414286]] 
Episode: 562: [[-1.3015163  -1.3904943  -1.3610909  -0.30351606 -1.6219016  -1.5000882
   0.32020047 -1.8860054  -1.5651997   2.6070466  -1.823912   -1.5546886
   0.02415889]] 
Episode: 563: [[-1.301506   -1.3905581  -1.3610691  -0.30355406 -1.621976   -1.5001225
   0.32020798 -1.8860482  -1.5652287   2.6070747  -1.8240248  -1.5547038
   0.02418374]] 
Episode: 564: [[-1.3014655  -1.390664   -1.3610706  -0.30360833 -1.6220903  -1.5001621
   0.32023954 -1.8861122  -1.5652585   2.6071103  -1.8241144  -1.554706
   0.0241975 ]] 
Episode: 565: [[-1.3014038  -1.3907566  -1.3610345  -0.30367687 -1.622217   -1.500187
   0.32022104 -1.8862342  -1.5652856   2.607178   -1.8242085  -1.5547043
   0.02416453]] 
Episode: 566: [[-1.3013443  -1.3908474  -1.3610046  -0.30374223 -1.6223354  -1.5002084
   0.32020265 -1.8863431  -1.5652957   2.6072347  -1.8242869  -1.554678
   0.02414962]] 
Episode: 567: [[-1.3012828  -1.390926   -1.3609875  -0.30380568 -1.6224376  -1.5002288
   0.32019103 -1.8864328  -1.5652981   2.6072805  -1.8243524  -1.5546474
   0.02414688]] 
Episode: 568: [[-1.3012358  -1.3909937  -1.3609729  -0.30386254 -1.6225262  -1.5002465
   0.32017407 -1.8864938  -1.565285    2.6073143  -1.8243829  -1.5545936
   0.02416531]] 
Episode: 569: [[-1.3011483  -1.3911344  -1.3610065  -0.30393237 -1.6226676  -1.5002948
   0.32022375 -1.886559   -1.5652926   2.6073425  -1.8244196  -1.5545514
   0.02418643]] 
Episode: 570: [[-1.3010101  -1.3912935  -1.3610556  -0.3040462  -1.6228337  -1.5003606
   0.32025757 -1.8866466  -1.5653093   2.6074076  -1.8244413  -1.5544997
   0.02417508]] 
Episode: 571: [[-1.3008991  -1.3914014  -1.361093   -0.30415928 -1.6229422  -1.5004292
   0.32025635 -1.8866928  -1.5653214   2.6074743  -1.8244426  -1.5544434
   0.02417484]] 
Episode: 572: [[-1.3007618  -1.3915217  -1.3611152  -0.30428848 -1.6230859  -1.5004997
   0.32025257 -1.8867959  -1.5653471   2.607566   -1.8244978  -1.5544082
   0.02413714]] 
Episode: 573: [[-1.3006335  -1.3916242  -1.3611444  -0.3044066  -1.623221   -1.5005597
   0.3202917  -1.8868647  -1.5653477   2.607612   -1.8245281  -1.5543504
   0.02416072]] 
Episode: 574: [[-1.3005399  -1.3916956  -1.3611634  -0.30449805 -1.6233172  -1.500607
   0.32031998 -1.8868998  -1.5653389   2.6076396  -1.8245364  -1.5542881
   0.02419599]] 
Episode: 575: [[-1.3004797  -1.3917189  -1.3611392  -0.3045753  -1.6233788  -1.50063
   0.3202974  -1.8869488  -1.5653163   2.6076787  -1.8245549  -1.5542274
   0.02421038]] 
Episode: 576: [[-1.3003713  -1.3917607  -1.3611072  -0.30468425 -1.6234736  -1.5006535
   0.32025227 -1.8870625  -1.565302    2.607758   -1.8245994  -1.5541701
   0.02417101]] 
Episode: 577: [[-1.3002541  -1.3918036  -1.3610837  -0.3048091  -1.6235744  -1.5006928
   0.32020336 -1.8871771  -1.5653018   2.607853   -1.8246306  -1.5541168
   0.02412107]] 
Episode: 578: [[-1.3001404  -1.3918436  -1.3610442  -0.30494067 -1.6236781  -1.5007324
   0.32014722 -1.8873049  -1.5653155   2.6079662  -1.82467    -1.5540872
   0.02404423]] 
Episode: 579: [[-1.3000642  -1.391809   -1.3609579  -0.30505082 -1.6237202  -1.5007352
   0.3200485  -1.8874052  -1.5652941   2.6080627  -1.8246607  -1.5540311
   0.02397813]] 
Episode: 580: [[-1.3000038  -1.3917814  -1.3608944  -0.30514202 -1.6237457  -1.5007403
   0.3199765  -1.8874711  -1.5652713   2.6081367  -1.8246356  -1.5539768
   0.02393104]] 
Episode: 581: [[-1.2999165  -1.3917888  -1.3608389  -0.30524373 -1.6238034  -1.5007484
   0.31991506 -1.8875678  -1.5652606   2.6082277  -1.8246242  -1.5539396
   0.02385062]] 
Episode: 582: [[-1.2998526  -1.3917835  -1.3607897  -0.30533412 -1.6238356  -1.5007639
   0.31984693 -1.8876319  -1.5652572   2.608313   -1.824595   -1.5539051
   0.02378019]] 
Episode: 583: [[-1.2998059  -1.3917829  -1.3607501  -0.30540797 -1.6238678  -1.500778
   0.3197999  -1.8876787  -1.5652473   2.6083746  -1.8245583  -1.5538615
   0.02374081]] 
Episode: 584: [[-1.2997588  -1.3917897  -1.3606979  -0.30547178 -1.6239135  -1.5007828
   0.319755   -1.8877463  -1.5652391   2.6084332  -1.8245369  -1.5538279
   0.02369297]] 
Episode: 585: [[-1.2997179  -1.391791   -1.3606571  -0.30552384 -1.623948   -1.5007876
   0.3197286  -1.8878075  -1.5652322   2.608477   -1.8245364  -1.5538039
   0.02365703]] 
Episode: 586: [[-1.2997286  -1.3917513  -1.3606317  -0.3055426  -1.6239153  -1.50079
   0.31968513 -1.8878139  -1.5652122   2.6084933  -1.8245273  -1.5537658
   0.0236626 ]] 
Episode: 587: [[-1.2997192  -1.3917342  -1.3605988  -0.30557752 -1.6239194  -1.5008079
   0.31965905 -1.8878608  -1.5652269   2.608536   -1.8245646  -1.5537705
   0.02362602]] 
Episode: 588: [[-1.2997991  -1.3917916  -1.360439   -0.30534795 -1.6239624  -1.5005932
   0.31972027 -1.8879883  -1.5650723   2.6083896  -1.8245344  -1.5536857
   0.02370006]] 
Episode: 589: [[-1.2998549  -1.3918319  -1.3603028  -0.30517492 -1.6239967  -1.5004282
   0.31977868 -1.8880836  -1.5649561   2.6082785  -1.8244963  -1.5536201
   0.02376238]] 
Episode: 590: [[-1.2999257  -1.3919119  -1.3602129  -0.30499473 -1.6240624  -1.5002928
   0.31989956 -1.8881816  -1.5648811   2.6081553  -1.824523   -1.5536056
   0.02383951]] 
Episode: 591: [[-1.2999588  -1.3919904  -1.3601454  -0.30485615 -1.6241181  -1.5001882
   0.32000393 -1.888262   -1.5648209   2.6080585  -1.8245146  -1.55358
   0.0238976 ]] 
Episode: 592: [[-1.3000268  -1.3920262  -1.360059   -0.3046961  -1.6241204  -1.5000771
   0.32007864 -1.8882843  -1.5647432   2.607935   -1.8244646  -1.5535334
   0.02398702]] 
Episode: 593: [[-1.3000774  -1.3920708  -1.3599936  -0.30456036 -1.6241336  -1.4999843
   0.3201622  -1.8882977  -1.5646728   2.6078212  -1.824413   -1.5534855
   0.02407712]] 
Episode: 594: [[-1.3001382  -1.3921044  -1.3599266  -0.3044297  -1.6241363  -1.499899
   0.32023814 -1.8882964  -1.5646104   2.6077118  -1.82436    -1.5534453
   0.02416538]] 
Episode: 595: [[-1.3002092  -1.3921236  -1.3598772  -0.30429745 -1.6241198  -1.4998186
   0.3203219  -1.8882656  -1.5645427   2.6075885  -1.8242962  -1.5533959
   0.0242752 ]] 
Episode: 596: [[-1.3002508  -1.3921614  -1.3598465  -0.30419773 -1.6241255  -1.4997656
   0.32040352 -1.8882456  -1.5644982   2.6074963  -1.8242456  -1.5533601
   0.02435681]] 
Episode: 597: [[-1.3002862  -1.3922094  -1.359802   -0.3041149  -1.6241577  -1.4997158
   0.3204596  -1.8882735  -1.5644662   2.6074371  -1.8242323  -1.5533355
   0.02440229]] 
Episode: 598: [[-1.3003005  -1.3922855  -1.3597648  -0.3040515  -1.6242191  -1.49968
   0.32052612 -1.8883207  -1.5644598   2.6074     -1.8242393  -1.5533388
   0.02441877]] 
Episode: 599: [[-1.3003327  -1.3923675  -1.3597401  -0.30398253 -1.6242883  -1.4996505
   0.32060927 -1.8883606  -1.5644516   2.6073515  -1.8242495  -1.5533366
   0.02445685]] 
Episode: 600: [[-1.3003509  -1.3924304  -1.3597151  -0.3039341  -1.6243426  -1.4996363
   0.32068342 -1.8883852  -1.5644592   2.6073184  -1.8242503  -1.5533494
   0.02447885]] 
Episode: 601: [[-1.300366   -1.3924536  -1.3596889  -0.30390933 -1.6243559  -1.4996406
   0.32072422 -1.888398   -1.5644861   2.6073155  -1.8242544  -1.5533794
   0.02447145]] 
Episode: 602: [[-1.3003837  -1.3924781  -1.3596677  -0.3038883  -1.6243718  -1.499653
   0.32076755 -1.8884089  -1.5645221   2.6073155  -1.8242722  -1.553419
   0.02446533]] 
Episode: 603: [[-1.3004137  -1.3924623  -1.3596892  -0.30382144 -1.624346   -1.4996295
   0.32084948 -1.8884543  -1.5645528   2.60728    -1.8243278  -1.553484
   0.02444416]] 
Episode: 604: [[-1.3004012  -1.3924668  -1.3597283  -0.3037952  -1.6243432  -1.499628
   0.32092667 -1.8884948  -1.5645782   2.607261   -1.8243643  -1.553516
   0.02443188]] 
Episode: 605: [[-1.3003993  -1.3924854  -1.3597788  -0.3037589  -1.6243476  -1.4996281
   0.32102588 -1.88851    -1.5645987   2.607219   -1.8243864  -1.5535378
   0.02445381]] 
Episode: 606: [[-1.3004091  -1.3924932  -1.3598158  -0.30372295 -1.6243489  -1.4996301
   0.3211115  -1.8885269  -1.5646242   2.6071837  -1.8244209  -1.5535678
   0.02447124]] 
Episode: 607: [[-1.3004265  -1.3924981  -1.359844   -0.30369484 -1.624351   -1.4996382
   0.3211868  -1.8885416  -1.5646551   2.6071596  -1.8244492  -1.5536028
   0.02448289]] 
Episode: 608: [[-1.3004351  -1.3925147  -1.3598846  -0.30366787 -1.6243533  -1.4996531
   0.32127422 -1.8885386  -1.5646831   2.607126   -1.8244613  -1.5536265
   0.02450692]] 
Episode: 609: [[-1.3004427  -1.3925378  -1.3599243  -0.30364946 -1.6243643  -1.4996673
   0.32135537 -1.8885485  -1.5647069   2.6071029  -1.8244861  -1.5536441
   0.02452472]] 
Episode: 610: [[-1.3004895  -1.3925399  -1.3599416  -0.30361795 -1.6243562  -1.4996914
   0.32142442 -1.8885522  -1.5647628   2.6070905  -1.8245537  -1.5537064
   0.02452526]] 
Episode: 611: [[-1.300558   -1.3925679  -1.3599571  -0.3035713  -1.6243745  -1.4997158
   0.32151043 -1.8885709  -1.5648358   2.607077   -1.8246434  -1.5537994
   0.02452111]] 
Episode: 612: [[-1.3006271  -1.3925955  -1.3599563  -0.3035349  -1.6244053  -1.4997447
   0.32158604 -1.8885964  -1.5649168   2.6070778  -1.8247303  -1.5539007
   0.02450441]] 
Episode: 613: [[-1.3007221  -1.3926096  -1.3599778  -0.30347434 -1.6244076  -1.499772
   0.32166943 -1.8885813  -1.5649884   2.6070485  -1.8248236  -1.5539902
   0.024529  ]] 
Episode: 614: [[-1.3008088  -1.3926061  -1.359973   -0.30342916 -1.6243865  -1.4998093
   0.32172522 -1.8885252  -1.5650551   2.6070232  -1.8248795  -1.5540656
   0.02456189]] 
Episode: 615: [[-1.3009117  -1.3925962  -1.3599555  -0.30338278 -1.6243641  -1.4998446
   0.32176903 -1.8884711  -1.5651273   2.6070073  -1.8249408  -1.5541483
   0.02458491]] 
Episode: 616: [[-1.3010073  -1.3926065  -1.3599452  -0.30333385 -1.62436    -1.4998668
   0.32182163 -1.8884318  -1.5651797   2.6069832  -1.8249841  -1.5542015
   0.02461458]] 
Episode: 617: [[-1.301163   -1.3926259  -1.3598944  -0.30325526 -1.62436    -1.499855
   0.3218556  -1.8884135  -1.5652183   2.6069598  -1.8250312  -1.5542576
   0.02463655]] 
Episode: 618: [[-1.3012908  -1.3926362  -1.359853   -0.303197   -1.6243566  -1.4998499
   0.32188192 -1.8883967  -1.5652483   2.6069434  -1.8250672  -1.5542932
   0.02465822]] 
Episode: 619: [[-1.3013971  -1.3926504  -1.3598143  -0.30314684 -1.6243649  -1.4998382
   0.32190904 -1.8883938  -1.5652689   2.6069274  -1.8251007  -1.5543206
   0.02467762]] 
Episode: 620: [[-1.3015068  -1.3926445  -1.359768   -0.30309394 -1.6243556  -1.4998195
   0.32192945 -1.8883765  -1.5652723   2.6069002  -1.8251132  -1.5543301
   0.02471215]] 
Episode: 621: [[-1.3016033  -1.3926176  -1.3597335  -0.3030492  -1.62431    -1.4998062
   0.32191956 -1.888339   -1.5652726   2.6068833  -1.8251115  -1.5543337
   0.02473458]] 
Episode: 622: [[-1.3017014  -1.3926111  -1.3597149  -0.30301142 -1.624291   -1.4997989
   0.3219225  -1.888318   -1.5652769   2.6068714  -1.8251481  -1.554343
   0.02476833]] 
Episode: 623: [[-1.3017123  -1.392621   -1.3597343  -0.30300358 -1.6242944  -1.4997803
   0.32194066 -1.8883406  -1.565235    2.6068518  -1.8251828  -1.5542899
   0.02480806]] 
Episode: 624: [[-1.3017133  -1.3926201  -1.3597443  -0.30301958 -1.6242983  -1.499785
   0.32193398 -1.8883691  -1.5652249   2.6068676  -1.8252369  -1.5542707
   0.02481542]] 
Episode: 625: [[-1.3017315  -1.3925982  -1.3597529  -0.30301467 -1.6242726  -1.4997683
   0.32192576 -1.8883677  -1.565181    2.6068516  -1.8252391  -1.5542157
   0.02485509]] 
Episode: 626: [[-1.301763   -1.3925859  -1.3597529  -0.3030049  -1.6242479  -1.4997468
   0.3219062  -1.8883592  -1.5651282   2.606835   -1.825219   -1.5541475
   0.02490107]] 
Episode: 627: [[-1.3017966  -1.3925778  -1.3597648  -0.30297288 -1.6242154  -1.4997109
   0.32192197 -1.8883439  -1.565067    2.6067889  -1.8252068  -1.5540897
   0.02495999]] 
Episode: 628: [[-1.3018006  -1.392587   -1.3597503  -0.3029701  -1.6242211  -1.4996779
   0.3218928  -1.8883963  -1.5650125   2.6067915  -1.8252232  -1.5540204
   0.02496572]] 
Episode: 629: [[-1.3018061  -1.392578   -1.3597214  -0.30296138 -1.6242119  -1.4996392
   0.32186025 -1.8884484  -1.564965    2.6067944  -1.8252414  -1.5539687
   0.02495441]] 
Episode: 630: [[-1.3018326  -1.3925568  -1.3597059  -0.30294293 -1.6241851  -1.4995999
   0.32184422 -1.8884606  -1.5648966   2.6067674  -1.8252382  -1.5538831
   0.02499594]] 
Episode: 631: [[-1.301852   -1.392529   -1.359679   -0.3029279  -1.6241589  -1.4995612
   0.32181284 -1.8884797  -1.5648344   2.6067517  -1.8252331  -1.5538051
   0.0250172 ]] 
Episode: 632: [[-1.3018892  -1.3925005  -1.3596369  -0.30290574 -1.624131   -1.4995185
   0.32177028 -1.8884989  -1.5647718   2.6067398  -1.8252283  -1.5537313
   0.02503235]] 
Episode: 633: [[-1.3019608  -1.3923879  -1.3594624  -0.30287728 -1.6240599  -1.4994202
   0.32159117 -1.888601   -1.5646889   2.6067939  -1.8252541  -1.5536647
   0.02493223]] 
Episode: 634: [[-1.302049   -1.3922603  -1.3592902  -0.30284443 -1.6239665  -1.499324
   0.32140112 -1.8886769  -1.5646019   2.6068466  -1.8252687  -1.5535916
   0.02483821]] 
Episode: 635: [[-1.3020831  -1.3921598  -1.3591402  -0.30285892 -1.6239074  -1.4992521
   0.32121745 -1.8887585  -1.5645249   2.6069274  -1.8252586  -1.5535123
   0.02472969]] 
Episode: 636: [[-1.3021417  -1.3920623  -1.3589914  -0.30288184 -1.6238519  -1.4992106
   0.32102698 -1.8888285  -1.5644848   2.6070292  -1.8252716  -1.55347
   0.02461821]] 
Episode: 637: [[-1.3021841  -1.3919768  -1.3588598  -0.3029237  -1.6238089  -1.499191
   0.3208418  -1.8888968  -1.5644665   2.6071475  -1.8252897  -1.5534424
   0.02449664]] 
Episode: 638: [[-1.3022108  -1.3919326  -1.3587698  -0.30295652 -1.6237962  -1.499178
   0.32072192 -1.8889592  -1.5644541   2.6072342  -1.8253211  -1.5534209
   0.02440861]] 
Episode: 639: [[-1.3022898  -1.3918711  -1.3587104  -0.30294514 -1.6237454  -1.4991616
   0.3206473  -1.8889486  -1.5644231   2.6072524  -1.8253443  -1.5533772
   0.02441357]] 
Episode: 640: [[-1.3023727  -1.3918074  -1.3586725  -0.3029287  -1.6236762  -1.4991581
   0.32059428 -1.8888938  -1.5644034   2.6072545  -1.8253467  -1.5533445
   0.02443807]] 
Episode: 641: [[-1.3021652  -1.3918536  -1.3587046  -0.30315548 -1.6238055  -1.4991913
   0.32042783 -1.889018   -1.5643282   2.607437   -1.8252195  -1.5531299
   0.02434188]] 
Episode: 642: [[-1.3019859  -1.3918883  -1.3587437  -0.3033643  -1.6239055  -1.4992484
   0.3202972  -1.8890916  -1.5642835   2.6075993  -1.8250914  -1.552955
   0.02426273]] 
Episode: 643: [[-1.3018497  -1.3918936  -1.358772   -0.30353382 -1.6239676  -1.499289
   0.3201748  -1.889137   -1.5642308   2.6077266  -1.8249717  -1.5527864
   0.02421353]] 
Episode: 644: [[-1.3017387  -1.3918983  -1.358796   -0.30367723 -1.6240244  -1.4993225
   0.32006353 -1.8891793  -1.5641805   2.6078327  -1.8248768  -1.5526304
   0.02418428]] 
Episode: 645: [[-1.3016149  -1.3919373  -1.358834   -0.3038215  -1.6241251  -1.4993625
   0.31999558 -1.8892399  -1.5641476   2.6079361  -1.8247744  -1.5524929
   0.02414532]] 
Episode: 646: [[-1.3015163  -1.3919406  -1.3588332  -0.3039537  -1.6241999  -1.499392
   0.3198904  -1.8893067  -1.5641185   2.6080482  -1.824672   -1.5523717
   0.02408865]] 
Episode: 647: [[-1.3014272  -1.3919358  -1.3588207  -0.30407494 -1.6242635  -1.4994138
   0.31977624 -1.8893721  -1.5640812   2.6081514  -1.8245754  -1.55225
   0.02404138]] 
Episode: 648: [[-1.3013338  -1.3919381  -1.3588157  -0.30418566 -1.6243255  -1.499436
   0.31967625 -1.8894334  -1.5640483   2.6082416  -1.8244808  -1.5521343
   0.02399955]] 
Episode: 649: [[-1.3012507  -1.3919421  -1.3588227  -0.30428165 -1.6243802  -1.4994578
   0.319601   -1.8894799  -1.5640142   2.608311   -1.8243984  -1.5520209
   0.0239779 ]] 
Episode: 650: [[-1.301201   -1.3919394  -1.3588349  -0.30434948 -1.6244128  -1.4994776
   0.31954286 -1.889493   -1.56398     2.6083517  -1.824325   -1.5519167
   0.02398872]] 
Episode: 651: [[-1.3011287  -1.3919777  -1.3588741  -0.30443275 -1.6244779  -1.4995282
   0.31951892 -1.8895096  -1.5639808   2.6084042  -1.8242744  -1.5518377
   0.0239873 ]] 
Episode: 652: [[-1.3010687  -1.3920097  -1.358894   -0.30451584 -1.6245404  -1.4995775
   0.31947446 -1.8895254  -1.5639845   2.6084683  -1.8242263  -1.5517646
   0.02397434]] 
Episode: 653: [[-1.3010017  -1.3920517  -1.3589103  -0.30460244 -1.6246188  -1.4996258
   0.31943646 -1.8895681  -1.5639974   2.6085403  -1.8242104  -1.5517105
   0.02394815]] 
Episode: 654: [[-1.3009622  -1.3920801  -1.3589127  -0.3046652  -1.6246732  -1.4996618
   0.3193938  -1.889583   -1.5640032   2.6085944  -1.8241735  -1.5516602
   0.02393362]] 
Episode: 655: [[-1.300944   -1.3920865  -1.3589174  -0.30470815 -1.6246907  -1.4996902
   0.31935605 -1.8895664  -1.5640017   2.6086287  -1.824127   -1.551614
   0.0239334 ]] 
Episode: 656: [[-1.3009417  -1.3920927  -1.3589207  -0.30474144 -1.6247143  -1.4997066
   0.3193324  -1.889565   -1.5639961   2.6086566  -1.8240758  -1.551569
   0.02393506]] 
Episode: 657: [[-1.3008667  -1.3921454  -1.3589053  -0.30484903 -1.6248293  -1.4997576
   0.31927    -1.8896842  -1.5640408   2.6087797  -1.8241276  -1.551562
   0.02384503]] 
Episode: 658: [[-1.3007777  -1.3922081  -1.3588773  -0.30495328 -1.6249614  -1.4997945
   0.31920782 -1.8898263  -1.5640764   2.608899   -1.8241862  -1.551551
   0.0237483 ]] 
Episode: 659: [[-1.3007065  -1.3922639  -1.3588512  -0.30505413 -1.62508    -1.4998373
   0.3191428  -1.8899454  -1.5641124   2.6090155  -1.8242347  -1.5515388
   0.02366498]] 
Episode: 660: [[-1.3006241  -1.3923403  -1.3588301  -0.30515596 -1.6252162  -1.4998772
   0.31909525 -1.8900722  -1.5641423   2.609125   -1.8242815  -1.5515211
   0.02358794]] 
Episode: 661: [[-1.3005377  -1.3924092  -1.358818   -0.3052531  -1.6253451  -1.4999192
   0.319066   -1.8901978  -1.5641817   2.6092281  -1.8243397  -1.5515211
   0.02350493]] 
Episode: 662: [[-1.3004591  -1.3924896  -1.3588152  -0.30534175 -1.6254836  -1.4999593
   0.3190664  -1.8903283  -1.5642262   2.6093214  -1.8244114  -1.5515311
   0.02342678]] 
Episode: 663: [[-1.3003696  -1.39254    -1.3587877  -0.30545044 -1.6256033  -1.5000043
   0.31902906 -1.8904619  -1.5642778   2.609441   -1.8244905  -1.55155
   0.0233223 ]] 
Episode: 664: [[-1.3003129  -1.3925391  -1.3587477  -0.3055392  -1.6256526  -1.5000415
   0.3189692  -1.8905554  -1.5643296   2.6095538  -1.8245641  -1.551583
   0.02321191]] 
Episode: 665: [[-1.3002622  -1.3925263  -1.3587081  -0.3056297  -1.6256866  -1.5000885
   0.31891808 -1.8906258  -1.5643928   2.6096654  -1.8246273  -1.5516307
   0.02310225]] 
Episode: 666: [[-1.3001578  -1.3926232  -1.3587726  -0.30574504 -1.6257871  -1.5001742
   0.31893593 -1.890663   -1.5644392   2.60976    -1.8246636  -1.5516301
   0.02304583]] 
Episode: 667: [[-1.300106   -1.392691   -1.3588365  -0.30581754 -1.6258479  -1.5002416
   0.31896815 -1.8906478  -1.5644641   2.6098044  -1.8246771  -1.5516174
   0.02305003]] 
Episode: 668: [[-1.3001239  -1.3927684  -1.358901   -0.3058268  -1.6259205  -1.5003116
   0.31908324 -1.8906614  -1.5645489   2.6098132  -1.8248295  -1.5517153
   0.02306063]] 
Episode: 669: [[-1.3001359  -1.3928435  -1.3589499  -0.3058475  -1.625998   -1.5003849
   0.31918427 -1.8906798  -1.5646361   2.6098368  -1.8249637  -1.5518101
   0.02305495]] 
Episode: 670: [[-1.3001763  -1.3928884  -1.3589873  -0.3058444  -1.6260358  -1.5004427
   0.31926435 -1.8906658  -1.5647068   2.6098406  -1.8250854  -1.5518956
   0.02307124]] 
Episode: 671: [[-1.3002057  -1.392863   -1.3590103  -0.30588877 -1.6260208  -1.5005157
   0.31929958 -1.8906133  -1.564761    2.609873   -1.8251607  -1.5519526
   0.02308829]] 
Episode: 672: [[-1.300241   -1.3928553  -1.3590618  -0.3059135  -1.6260041  -1.5005888
   0.31936872 -1.8905354  -1.5648052   2.6098714  -1.8252242  -1.5519919
   0.02314375]] 
Episode: 673: [[-1.3002324  -1.3928523  -1.3591188  -0.30598432 -1.6259995  -1.5006955
   0.31940296 -1.8904823  -1.5648782   2.609922   -1.825294   -1.5520386
   0.02315158]] 
Episode: 674: [[-1.300213   -1.3928314  -1.3591517  -0.30608523 -1.625999   -1.500812
   0.31938827 -1.8904635  -1.5649647   2.6100178  -1.825378   -1.5520884
   0.02312042]] 
Episode: 675: [[-1.3001871  -1.3928504  -1.3591     -0.30615932 -1.6260729  -1.5008491
   0.319361   -1.8905365  -1.5650111   2.6101038  -1.8254696  -1.5521188
   0.02306174]] 
Episode: 676: [[-1.3001813  -1.3928537  -1.3590454  -0.30621365 -1.6261202  -1.5008779
   0.3193352  -1.890584   -1.5650507   2.6101706  -1.8255433  -1.5521526
   0.02301835]] 
Episode: 677: [[-1.3002032  -1.3928415  -1.358993   -0.3062349  -1.6261361  -1.500885
   0.3192999  -1.8906153  -1.5650637   2.6102104  -1.8256074  -1.5521617
   0.02299588]] 
Episode: 678: [[-1.3001974  -1.39283    -1.3589225  -0.3062842  -1.6261643  -1.5008954
   0.31922117 -1.8906919  -1.565078    2.6102924  -1.825696   -1.5521619
   0.02292775]] 
Episode: 679: [[-1.3001764  -1.3928074  -1.3588523  -0.30634066 -1.6261705  -1.5009058
   0.31910917 -1.890763   -1.5650864   2.6103845  -1.8258007  -1.5521579
   0.02285245]] 
Episode: 680: [[-1.3001573  -1.3927962  -1.3587925  -0.30638516 -1.626178   -1.5009087
   0.31902024 -1.8908151  -1.5650842   2.610454   -1.8258795  -1.5521436
   0.02279669]] 
Episode: 681: [[-1.3001515  -1.3927916  -1.3587548  -0.30640337 -1.626181   -1.5008999
   0.3189662  -1.8908424  -1.5650634   2.6104798  -1.8259311  -1.5521101
   0.0227899 ]] 
Episode: 682: [[-1.3001484  -1.392782   -1.3587016  -0.30641615 -1.6261901  -1.5008806
   0.31891    -1.8908833  -1.565046    2.6105082  -1.8259969  -1.5520922
   0.02276841]] 
Episode: 683: [[-1.3001382  -1.3927891  -1.3586608  -0.30643162 -1.6262169  -1.5008638
   0.31887695 -1.8909253  -1.5650219   2.610524   -1.8260634  -1.5520608
   0.02277146]] 
Episode: 684: [[-1.3001372  -1.3927993  -1.358624   -0.3064374  -1.6262475  -1.5008446
   0.31886157 -1.8909571  -1.564995    2.6105232  -1.8261199  -1.552027
   0.022794  ]] 
Episode: 685: [[-1.3001432  -1.3928051  -1.3585871  -0.30643466 -1.6262715  -1.5008186
   0.31884974 -1.8909794  -1.5649614   2.6105123  -1.8261551  -1.5519905
   0.02282449]] 
Episode: 686: [[-1.3000932  -1.3928804  -1.3586099  -0.306471   -1.6263639  -1.5008352
   0.3188798  -1.8910384  -1.5649462   2.610521   -1.8262225  -1.5519565
   0.02285462]] 
Episode: 687: [[-1.3000405  -1.3929466  -1.3586283  -0.3065076  -1.6264495  -1.5008559
   0.3189053  -1.8910891  -1.5649394   2.6105304  -1.8262702  -1.5519285
   0.02287963]] 
Episode: 688: [[-1.3000104  -1.3930001  -1.3586494  -0.30652446 -1.6265093  -1.5008737
   0.31893554 -1.8911176  -1.5649382   2.6105266  -1.8263141  -1.5519161
   0.02290999]] 
Episode: 689: [[-1.299948   -1.3930751  -1.3586614  -0.30657187 -1.6266037  -1.5009044
   0.31895208 -1.8911817  -1.5649577   2.61056    -1.8263702  -1.5519195
   0.02289968]] 
Episode: 690: [[-1.2998862  -1.3931564  -1.3586528  -0.30660042 -1.6267074  -1.5009078
   0.31897062 -1.8912603  -1.5649602   2.610578   -1.82642    -1.5519171
   0.02288605]] 
Episode: 691: [[-1.2998414  -1.3932029  -1.3586103  -0.3066176  -1.6267835  -1.5008926
   0.31894967 -1.8913313  -1.5649432   2.6105926  -1.8264297  -1.5518905
   0.02287181]] 
Episode: 692: [[-1.2997813  -1.393264   -1.3585641  -0.30665246 -1.626872   -1.5008864
   0.31891733 -1.8914028  -1.5649391   2.6106324  -1.8264142  -1.5518711
   0.02282436]] 
Episode: 693: [[-1.2996976  -1.3933201  -1.3585174  -0.306718   -1.6269587  -1.5008961
   0.31883556 -1.8914894  -1.5649368   2.6107078  -1.8264087  -1.5518354
   0.02275867]] 
Episode: 694: [[-1.2996185  -1.3933735  -1.3584592  -0.3067733  -1.6270461  -1.5008951
   0.31875986 -1.8915917  -1.5649394   2.6107817  -1.8264252  -1.5518209
   0.0226779 ]] 
Episode: 695: [[-1.2995527  -1.3934262  -1.3583997  -0.30681705 -1.6271278  -1.5008858
   0.3186887  -1.8916854  -1.5649296   2.6108418  -1.826433   -1.5517927
   0.02261332]] 
Episode: 696: [[-1.2994943  -1.3934531  -1.3583405  -0.30685154 -1.627167   -1.500859
   0.31859902 -1.8917357  -1.5648874   2.610887   -1.826393   -1.5517333
   0.02256128]] 
Episode: 697: [[-1.299432   -1.3934402  -1.3582911  -0.30691218 -1.6271663  -1.500858
   0.3184778  -1.8917665  -1.5648547   2.6109595  -1.8263463  -1.5516694
   0.02249543]] 
Episode: 698: [[-1.2994078  -1.3933864  -1.3582333  -0.30694756 -1.6271147  -1.5008446
   0.31834632 -1.8917578  -1.5648052   2.6110098  -1.8262783  -1.5515935
   0.02245066]] 
Episode: 699: [[-1.2994127  -1.3933234  -1.3581724  -0.3069799  -1.6270527  -1.5008463
   0.31822684 -1.8917356  -1.5647849   2.611067   -1.8262285  -1.5515546
   0.02240102]] 
Episode: 700: [[-1.2994292  -1.393277   -1.3581342  -0.30699128 -1.6269948  -1.5008447
   0.3181453  -1.8916963  -1.5647548   2.611088   -1.8261749  -1.5515002
   0.0223952 ]] 
Episode: 701: [[-1.2994691  -1.3932431  -1.3581247  -0.30697775 -1.6269395  -1.5008408
   0.3181127  -1.8916318  -1.5647182   2.611068   -1.8261206  -1.5514408
   0.02244156]] 
Episode: 702: [[-1.299502   -1.3932359  -1.3581101  -0.30696854 -1.626918   -1.5008359
   0.31808445 -1.8916017  -1.56469     2.6110597  -1.8260955  -1.5513939
   0.0224736 ]] 
Episode: 703: [[-1.2995374  -1.3932375  -1.3581147  -0.30694813 -1.6268959  -1.5008283
   0.31807977 -1.8915547  -1.5646515   2.6110275  -1.8260548  -1.5513332
   0.02253426]] 
Episode: 704: [[-1.2995756  -1.3932513  -1.3580942  -0.3069283  -1.626902   -1.5008167
   0.31808695 -1.8915521  -1.5646342   2.6110106  -1.8260636  -1.5513114
   0.02256333]] 
Episode: 705: [[-1.2996379  -1.3932396  -1.3581023  -0.3068846  -1.626855   -1.5008153
   0.31811878 -1.8914741  -1.5646205   2.6109562  -1.8260553  -1.5512974
   0.022635  ]] 
Episode: 706: [[-1.2997167  -1.3932226  -1.3581138  -0.30681372 -1.6267984  -1.5007837
   0.31815514 -1.8913865  -1.564566    2.6108637  -1.8260136  -1.551245
   0.02275067]] 
Episode: 707: [[-1.2997919  -1.3932124  -1.3581356  -0.30674857 -1.626748   -1.5007613
   0.31820545 -1.8912919  -1.5645202   2.6107712  -1.8259683  -1.551198
   0.02287026]] 
Episode: 708: [[-1.2999027  -1.3931904  -1.3581853  -0.3066588  -1.626671   -1.5007415
   0.3182829  -1.8911555  -1.5644654   2.610641   -1.8259267  -1.5511358
   0.02304772]] 
Episode: 709: [[-1.3000375  -1.393163   -1.3582426  -0.30655205 -1.626581   -1.5007207
   0.31837323 -1.8909959  -1.5644034   2.6104887  -1.8258821  -1.551062
   0.02325654]] 
Episode: 710: [[-1.3001764  -1.393143   -1.3582647  -0.30645812 -1.6265203  -1.5007024
   0.31842908 -1.8908933  -1.564363    2.610378   -1.8258963  -1.5510103
   0.02342033]] 
Episode: 711: [[-1.300315   -1.3930641  -1.3582183  -0.30639794 -1.6264464  -1.5006589
   0.31839237 -1.8908265  -1.5642821   2.6103094  -1.8258442  -1.5509028
   0.02355789]] 
Episode: 712: [[-1.3004993  -1.3929722  -1.358172   -0.30627364 -1.6263418  -1.5005639
   0.31837532 -1.8907645  -1.5641687   2.610194   -1.8257862  -1.5507905
   0.0237043 ]] 
Episode: 713: [[-1.3006576  -1.3929243  -1.3581125  -0.30614644 -1.626285   -1.5004643
   0.3183449  -1.8907477  -1.5640596   2.6100857  -1.8257545  -1.5506781
   0.02383441]] 
Episode: 714: [[-1.3008113  -1.3928858  -1.3580501  -0.30602652 -1.626241   -1.500364
   0.31830764 -1.8907549  -1.563959    2.6099956  -1.8257365  -1.5505782
   0.02394005]] 
Episode: 715: [[-1.3009375  -1.3928635  -1.358      -0.30592492 -1.6262146  -1.5002764
   0.31828114 -1.8907695  -1.5638689   2.6099184  -1.8257139  -1.5504876
   0.02402863]] 
Episode: 716: [[-1.3010997  -1.3928291  -1.357984   -0.30579308 -1.6261519  -1.5001931
   0.31829524 -1.8906995  -1.5637593   2.6097796  -1.8256475  -1.5503672
   0.0242074 ]] 
Episode: 717: [[-1.3013179  -1.3927603  -1.357816   -0.3055531  -1.6260957  -1.499978
   0.3182788  -1.8907217  -1.5636034   2.6095815  -1.8256284  -1.5502646
   0.02435393]] 
Episode: 718: [[-1.301618   -1.3925182  -1.3575346  -0.30523014 -1.62589    -1.4996136
   0.3181152  -1.8906683  -1.5632674   2.6093     -1.8254317  -1.5500007
   0.02457233]] 
Episode: 719: [[-1.3018805  -1.3922937  -1.3572743  -0.30494553 -1.6257042  -1.4992805
   0.31796265 -1.8906248  -1.5629591   2.60905    -1.8252453  -1.5497583
   0.02476319]] 
Episode: 720: [[-1.3021427  -1.3920865  -1.3570653  -0.30466387 -1.6255097  -1.4989794
   0.31785178 -1.8905356  -1.5626668   2.608784   -1.8250645  -1.5495192
   0.02499026]] 
Episode: 721: [[-1.3023714  -1.3919173  -1.3568778  -0.30442455 -1.6253619  -1.4987131
   0.3177494  -1.8904791  -1.5624077   2.60856    -1.8249079  -1.5492996
   0.02518728]] 
Episode: 722: [[-1.3026242  -1.3917512  -1.3567095  -0.3041821  -1.625205   -1.4984673
   0.3176624  -1.8903996  -1.5621725   2.6083364  -1.8247651  -1.5491072
   0.02539686]] 
Episode: 723: [[-1.3028197  -1.3916141  -1.3565335  -0.303965   -1.625107   -1.4982337
   0.31758264 -1.8903978  -1.5619718   2.6081438  -1.8246839  -1.5489519
   0.02555487]] 
Episode: 724: [[-1.3030399  -1.3914564  -1.3563778  -0.30372834 -1.6249707  -1.4979987
   0.3175259  -1.8903565  -1.5617597   2.6079206  -1.8246021  -1.5487883
   0.0257494 ]] 
Episode: 725: [[-1.3032242  -1.3913116  -1.356201   -0.30351567 -1.624859   -1.4977628
   0.31743908 -1.89037    -1.561554    2.6077354  -1.8245425  -1.5486302
   0.02589124]] 
Episode: 726: [[-1.303435   -1.3910733  -1.3559533  -0.30329177 -1.6246766  -1.4974854
   0.3172812  -1.8903824  -1.561317    2.6075528  -1.8244549  -1.5484576
   0.02601531]] 
Episode: 727: [[-1.3036149  -1.3908149  -1.3557202  -0.30312598 -1.6244808  -1.497246
   0.31710207 -1.8903662  -1.561096    2.6074152  -1.8243184  -1.5482761
   0.02611606]] 
Episode: 728: [[-1.3037883 -1.3905786 -1.3555146 -0.3029671 -1.6242944 -1.4970293
   0.3169518 -1.8903338 -1.5608952  2.6072774 -1.8241882 -1.5481143
   0.0262229]] 
Episode: 729: [[-1.3039203  -1.3903729  -1.3553522  -0.30285025 -1.6241328  -1.4968575
   0.3168233  -1.8903031  -1.5607269   2.6071687  -1.8240709  -1.547968
   0.02631512]] 
Episode: 730: [[-1.3040383  -1.3901757  -1.3552219  -0.30275357 -1.6239707  -1.4967161
   0.3167194  -1.8902445  -1.5605742   2.607065   -1.8239428  -1.5478257
   0.02641535]] 
Episode: 731: [[-1.3041414  -1.3899945  -1.3550959  -0.30266148 -1.6238225  -1.4965819
   0.31662884 -1.8901973  -1.5604333   2.6069672  -1.8238355  -1.5476974
   0.02649934]] 
Episode: 732: [[-1.3042482  -1.3898236  -1.3549737  -0.3025711  -1.6236858  -1.4964608
   0.31655014 -1.8901588  -1.5603222   2.6068816  -1.8237666  -1.547613
   0.02656644]] 
Episode: 733: [[-1.3043727  -1.3895979  -1.3548445  -0.30245966 -1.6235026  -1.4963382
   0.31645808 -1.8901223  -1.5602285   2.6067917  -1.8237151  -1.5475628
   0.02661272]] 
Episode: 734: [[-1.3044991  -1.3893831  -1.3547305  -0.30234888 -1.6233214  -1.4962251
   0.31637895 -1.8900732  -1.5601422   2.6067007  -1.8236693  -1.5475185
   0.02666406]] 
Episode: 735: [[-1.3046243  -1.3891764  -1.3546057  -0.3022466  -1.6231554  -1.4961209
   0.31628793 -1.8900448  -1.5600735   2.606631   -1.8236495  -1.547493
   0.0266924 ]] 
Episode: 736: [[-1.3047315  -1.3889942  -1.3545052  -0.30216527 -1.6230104  -1.4960401
   0.31621385 -1.8900187  -1.5600213   2.606575   -1.8236449  -1.5474756
   0.02671942]] 
Episode: 737: [[-1.304824   -1.3888471  -1.3544071  -0.30208862 -1.6229066  -1.4959642
   0.3161655  -1.8900189  -1.5599846   2.6065238  -1.8236681  -1.547481
   0.02673629]] 
Episode: 738: [[-1.3049128  -1.3887225  -1.3543086  -0.30202225 -1.6228187  -1.495901
   0.3161231  -1.8900146  -1.5599586   2.6064825  -1.8236789  -1.5474892
   0.02674723]] 
Episode: 739: [[-1.305048   -1.3886255  -1.3542275  -0.30190524 -1.6227582  -1.4958304
   0.31617177 -1.8900355  -1.5599749   2.6064072  -1.8237712  -1.5475793
   0.02675858]] 
Episode: 740: [[-1.3052223  -1.3885165  -1.3541299  -0.30178714 -1.622682   -1.4957786
   0.3162216  -1.8900236  -1.5600226   2.606345   -1.8238775  -1.5477111
   0.02676264]] 
Episode: 741: [[-1.3053815  -1.3884292  -1.3540382  -0.301681   -1.6226289  -1.4957348
   0.3162738  -1.8900225  -1.5600744   2.6062927  -1.8239894  -1.5478413
   0.02676132]] 
Episode: 742: [[-1.3055086  -1.38839    -1.3539443  -0.3015681  -1.622617   -1.4956894
   0.31635115 -1.8900521  -1.5601399   2.6062343  -1.8241187  -1.5479836
   0.02674147]] 
Episode: 743: [[-1.3056123  -1.3883604  -1.353825   -0.30148527 -1.6226307  -1.4956433
   0.31638378 -1.8901163  -1.5601995   2.6062145  -1.8242362  -1.5481074
   0.02669064]] 
Episode: 744: [[-1.3057262  -1.3883338  -1.3537164  -0.301386   -1.6226344  -1.4955854
   0.31643128 -1.8901613  -1.5602363   2.6061666  -1.8243444  -1.5482109
   0.0266742 ]] 
Episode: 745: [[-1.3058308  -1.3883159  -1.3536022  -0.3012884  -1.6226584  -1.4955178
   0.31648046 -1.8902231  -1.5602554   2.6061106  -1.8244272  -1.548281
   0.02667133]] 
Episode: 746: [[-1.3059086  -1.3883013  -1.3534817  -0.30121472 -1.6226915  -1.4954553
   0.31651026 -1.8902951  -1.5602744   2.606078   -1.8245044  -1.5483472
   0.02664567]] 
Episode: 747: [[-1.3059736  -1.3884665  -1.3534586  -0.30107492 -1.6228598  -1.495388
   0.3167101  -1.8904737  -1.5603557   2.6059985  -1.824782   -1.5485355
   0.02661058]] 
Episode: 748: [[-1.3060303  -1.3886153  -1.3534422  -0.3009545  -1.623014   -1.4953305
   0.31688812 -1.890644   -1.560428    2.605934   -1.825049   -1.5487045
   0.02657568]] 
Episode: 749: [[-1.306092   -1.3887559  -1.3534533  -0.3008311  -1.6231464  -1.4952768
   0.31707022 -1.8907708  -1.5604789   2.6058464  -1.8252853  -1.5488344
   0.02658708]] 
Episode: 750: [[-1.3061615  -1.3888768  -1.3534625  -0.30071458 -1.6232599  -1.4952286
   0.31723946 -1.8908775  -1.5605277   2.605764   -1.8255031  -1.5489591
   0.02660209]] 
Episode: 751: [[-1.3062495  -1.3889579  -1.3534518  -0.3005938  -1.6233184  -1.4951776
   0.31736615 -1.8909488  -1.5605742   2.605691   -1.8256795  -1.5490932
   0.0266002 ]] 
Episode: 752: [[-1.306275   -1.3890611  -1.3534195  -0.30054379 -1.6234355  -1.4951586
   0.31744906 -1.8911036  -1.5606545   2.6057029  -1.8259099  -1.5492499
   0.02652274]] 
Episode: 753: [[-1.3063118  -1.389144   -1.3533856  -0.3004958  -1.6235301  -1.4951401
   0.31750688 -1.89125    -1.5607245   2.605722   -1.8261322  -1.5493889
   0.02644584]] 
Episode: 754: [[-1.3063796  -1.3891975  -1.3533679  -0.3004248  -1.6235727  -1.4951135
   0.31756812 -1.8913199  -1.5607597   2.605699   -1.8262954  -1.5494831
   0.02642726]] 
Episode: 755: [[-1.3065019  -1.3891048  -1.3532053  -0.3003601  -1.6235172  -1.4950219
   0.3174505  -1.8913541  -1.5607114   2.6057038  -1.8263282  -1.549476
   0.02640126]] 
Episode: 756: [[-1.3066266  -1.3890213  -1.3530703  -0.30028057 -1.6234566  -1.494925
   0.317364   -1.8913586  -1.5606359   2.605669   -1.8263416  -1.5494288
   0.02642722]] 
Episode: 757: [[-1.3067344  -1.3889365  -1.3529518  -0.30023378 -1.6233999  -1.4948612
   0.31728077 -1.8913628  -1.5605896   2.6056628  -1.8263574  -1.549403
   0.0264367 ]] 
Episode: 758: [[-1.3068397  -1.3888389  -1.3528711  -0.30018842 -1.6233144  -1.494811
   0.31721455 -1.8913201  -1.5605361   2.6056366  -1.8263328  -1.5493577
   0.02647925]] 
Episode: 759: [[-1.3069358  -1.3887588  -1.3527998  -0.3001481  -1.6232461  -1.4947683
   0.3171563  -1.8912913  -1.5604916   2.6056154  -1.8263252  -1.5493184
   0.02651908]] 
Episode: 760: [[-1.3071029  -1.3885577  -1.3526255  -0.30000463 -1.6230437  -1.4945909
   0.3170496  -1.8912358  -1.5603392   2.6055064  -1.8262076  -1.5492107
   0.02656538]] 
Episode: 761: [[-1.3072572  -1.3883826  -1.3524764  -0.29986534 -1.6228651  -1.4944224
   0.31696793 -1.8911898  -1.5601822   2.6053889  -1.8261291  -1.5490886
   0.02663463]] 
Episode: 762: [[-1.3073946  -1.3882494  -1.3523575  -0.29974285 -1.6227202  -1.4942825
   0.31692377 -1.8911388  -1.5600498   2.605279   -1.8260658  -1.5489897
   0.02670506]] 
Episode: 763: [[-1.3075507  -1.3881257  -1.3522422  -0.29960987 -1.6225837  -1.4941485
   0.31689137 -1.8910875  -1.5599322   2.605165   -1.82602    -1.5489112
   0.02678301]] 
Episode: 764: [[-1.3076994  -1.3880278  -1.3521546  -0.29947922 -1.622464   -1.4940318
   0.31687987 -1.8910288  -1.5598173   2.605042   -1.8259591  -1.5488193
   0.02688244]] 
Episode: 765: [[-1.3078347  -1.3879415  -1.3520861  -0.2993652  -1.6223536  -1.4939373
   0.3168662  -1.8909703  -1.5597264   2.6049402  -1.8259057  -1.5487465
   0.02696401]] 
Episode: 766: [[-1.3079473  -1.3878598  -1.3520169  -0.29926974 -1.6222597  -1.493851
   0.31684366 -1.8909383  -1.5596482   2.6048622  -1.825869   -1.5486856
   0.0270165 ]] 
Episode: 767: [[-1.3080405  -1.3877798  -1.3519564  -0.29920626 -1.6221707  -1.4937923
   0.31679627 -1.890915   -1.5595993   2.6048267  -1.825845   -1.5486493
   0.02703427]] 
Episode: 768: [[-1.3081306  -1.3876839  -1.3518796  -0.29915443 -1.6220765  -1.4937346
   0.31671596 -1.8908992  -1.5595483   2.6048074  -1.8258151  -1.5486013
   0.02704401]] 
Episode: 769: [[-1.3082056  -1.3876151  -1.3517934  -0.29911846 -1.6220214  -1.4936877
   0.3166384  -1.8909081  -1.5595145   2.6048057  -1.8257946  -1.5485646
   0.02704042]] 
Episode: 770: [[-1.3082626  -1.3875577  -1.3517224  -0.2991027  -1.6219808  -1.4936587
   0.31657088 -1.8909179  -1.5594919   2.6048164  -1.8257735  -1.5485377
   0.02703314]] 
Episode: 771: [[-1.3083246  -1.3875153  -1.3516536  -0.29908723 -1.621963   -1.4936341
   0.3165113  -1.8909498  -1.5594721   2.604829   -1.8257824  -1.5485096
   0.02703362]] 
Episode: 772: [[-1.3084323  -1.3874817  -1.351568   -0.29902485 -1.6219488  -1.4935907
   0.31648672 -1.8909862  -1.559455    2.6048067  -1.8258214  -1.5485072
   0.02705058]] 
Episode: 773: [[-1.3084908  -1.3874558  -1.3514969  -0.29900673 -1.621949   -1.4935732
   0.31645048 -1.891044   -1.5594572   2.604827   -1.8258702  -1.5485126
   0.02702359]] 
Episode: 774: [[-1.3085527  -1.387423   -1.3514376  -0.29897285 -1.6219357  -1.4935561
   0.31643575 -1.8910877  -1.5594721   2.6048303  -1.8259308  -1.548544
   0.02699946]] 
Episode: 775: [[-1.3085848  -1.387404   -1.35138    -0.29896748 -1.6219405  -1.4935534
   0.3164136  -1.8911403  -1.5594912   2.6048567  -1.8259877  -1.5485731
   0.02695918]] 
Episode: 776: [[-1.3086209  -1.3873934  -1.3513447  -0.29896635 -1.6219473  -1.4935621
   0.31641826 -1.8911653  -1.5595059   2.6048684  -1.8260272  -1.5485878
   0.02695273]] 
Episode: 777: [[-1.3086553  -1.3873879  -1.3513033  -0.29895356 -1.6219614  -1.493547
   0.31643468 -1.8911967  -1.5594972   2.6048613  -1.8260617  -1.5485855
   0.02695791]] 
Episode: 778: [[-1.3086717  -1.3874003  -1.3512918  -0.29894534 -1.6219939  -1.4935379
   0.31648278 -1.8912276  -1.5594863   2.604839   -1.826101   -1.548573
   0.02698819]] 
Episode: 779: [[-1.3086828  -1.387415   -1.3512721  -0.29894567 -1.6220342  -1.4935334
   0.31653282 -1.8912622  -1.5594788   2.604823   -1.8261331  -1.5485609
   0.0270127 ]] 
Episode: 780: [[-1.308685   -1.3874395  -1.3512585  -0.29895684 -1.6220852  -1.493541
   0.31658298 -1.8913012  -1.5594842   2.6048203  -1.8261738  -1.54856
   0.02702608]] 
Episode: 781: [[-1.3086525  -1.3875011  -1.3512739  -0.29899356 -1.6221641  -1.4935787
   0.31666425 -1.8913262  -1.5595117   2.6048272  -1.8261949  -1.5485666
   0.02703393]] 
Episode: 782: [[-1.3086164  -1.3875594  -1.3512838  -0.29903832 -1.6222526  -1.4936179
   0.31674138 -1.8913672  -1.5595447   2.604845   -1.82623    -1.5485835
   0.02703165]] 
Episode: 783: [[-1.3085978  -1.3876079  -1.3512977  -0.29907113 -1.6223218  -1.4936562
   0.31681418 -1.8913894  -1.5595756   2.6048548  -1.8262647  -1.5486006
   0.0270391 ]] 
Episode: 784: [[-1.30858    -1.3876519  -1.3513066  -0.29911008 -1.6223896  -1.493698
   0.31688    -1.8914115  -1.559614    2.6048753  -1.8262947  -1.5486253
   0.02703476]] 
Episode: 785: [[-1.3085676  -1.3877031  -1.3513027  -0.29913157 -1.6224629  -1.4937207
   0.31694865 -1.891451   -1.5596454   2.604887   -1.8263395  -1.5486567
   0.02702274]] 
Episode: 786: [[-1.3085864  -1.3877236  -1.3512801  -0.29913536 -1.6225064  -1.4937282
   0.31698674 -1.8914849  -1.5596646   2.604895   -1.826386   -1.5486773
   0.02701415]] 
Episode: 787: [[-1.3086214  -1.3877255  -1.3512635  -0.29911876 -1.622532   -1.4937272
   0.31703615 -1.8915162  -1.5596888   2.6048899  -1.8264396  -1.5487142
   0.02700177]] 
Episode: 788: [[-1.3086652  -1.3877294  -1.351243   -0.29910251 -1.6225586  -1.4937338
   0.3170875  -1.8915411  -1.5597304   2.604892   -1.8265026  -1.5487763
   0.02698068]] 
Episode: 789: [[-1.3086891  -1.387738   -1.3512126  -0.2991072  -1.6226114  -1.4937471
   0.31713644 -1.8916062  -1.5597857   2.6049185  -1.8265965  -1.5488554
   0.02693397]] 
Episode: 790: [[-1.3087224  -1.3877603  -1.3511869  -0.29909977 -1.6226623  -1.4937567
   0.31720912 -1.8916497  -1.5598366   2.6049247  -1.8266829  -1.5489402
   0.02690846]] 
Episode: 791: [[-1.3087344  -1.3878151  -1.3511733  -0.29909122 -1.622742   -1.4937662
   0.31730616 -1.8917017  -1.5598841   2.6049197  -1.8267685  -1.5490223
   0.02688998]] 
Episode: 792: [[-1.3087593  -1.3878607  -1.3511508  -0.29908767 -1.6228197  -1.4937834
   0.31738663 -1.8917581  -1.5599444   2.6049304  -1.8268698  -1.5491153
   0.02686283]] 
Episode: 793: [[-1.3088205  -1.3878858  -1.3511308  -0.29905584 -1.6228582  -1.4937918
   0.31747282 -1.8917531  -1.5599868   2.6049013  -1.8269379  -1.5491853
   0.0268883 ]] 
Episode: 794: [[-1.308894   -1.3878969  -1.3511133  -0.29901204 -1.622875   -1.4937929
   0.31755415 -1.8917278  -1.5600096   2.604854   -1.8270017  -1.549232
   0.02694001]] 
Episode: 795: [[-1.3089751  -1.3878866  -1.3511082  -0.29898718 -1.6228839  -1.4938269
   0.317645   -1.8916551  -1.5600382   2.6048057  -1.8270487  -1.5492679
   0.02702507]] 
Episode: 796: [[-1.3090711  -1.3878825  -1.3511298  -0.2989376  -1.622878   -1.4938436
   0.31776077 -1.8915516  -1.5600238   2.6047087  -1.827072   -1.5492444
   0.02717489]] 
Episode: 797: [[-1.3091607  -1.3878738  -1.3511518  -0.29888737 -1.6228644  -1.4938588
   0.3178741  -1.8914505  -1.560008    2.6046119  -1.8271022  -1.5492221
   0.02731765]] 
Episode: 798: [[-1.3092618  -1.3878356  -1.3511432  -0.2988434  -1.6228269  -1.4938799
   0.3179589  -1.8913558  -1.560024    2.6045456  -1.8271589  -1.5492442
   0.02741482]] 
Episode: 799: [[-1.3093171  -1.3878009  -1.351139   -0.29884365 -1.6228032  -1.4939195
   0.31801042 -1.8912959  -1.5600545   2.60453    -1.82722    -1.5492663
   0.02746052]] 
Episode: 800: [[-1.3093374  -1.3878053  -1.3511759  -0.2988442  -1.6227995  -1.4939555
   0.31807515 -1.8912548  -1.5600623   2.604503   -1.827275   -1.5492594
   0.02751839]] 
Episode: 801: [[-1.3093449  -1.3878254  -1.3511974  -0.2988494  -1.6228263  -1.4939806
   0.31813887 -1.8912547  -1.5600652   2.604484   -1.8273461  -1.5492467
   0.02756153]] 
Episode: 802: [[-1.309335   -1.3878797  -1.351219   -0.29885694 -1.6228786  -1.4940015
   0.31820863 -1.8912659  -1.5600554   2.604459   -1.8273925  -1.5492092
   0.0276137 ]] 
Episode: 803: [[-1.3093097  -1.3879676  -1.351266   -0.29886544 -1.6229469  -1.4940358
   0.31831014 -1.8912687  -1.5600523   2.6044245  -1.827429   -1.5491786
   0.02767424]] 
Episode: 804: [[-1.3092935  -1.3880473  -1.3513019  -0.2988837  -1.6230161  -1.4940846
   0.3184037  -1.8912885  -1.560082    2.6044197  -1.8275025  -1.5491904
   0.02769694]] 
Episode: 805: [[-1.3091794  -1.3881406  -1.3514605  -0.29897922 -1.6230961  -1.4941901
   0.31851158 -1.8913351  -1.560123    2.6044602  -1.8275902  -1.5491769
   0.02770109]] 
Episode: 806: [[-1.3090851  -1.3882288  -1.351606   -0.29906446 -1.6231723  -1.4942924
   0.31861874 -1.8913769  -1.5601692   2.6044974  -1.8276852  -1.5491731
   0.0277076 ]] 
Episode: 807: [[-1.3090116  -1.3882962  -1.3517531  -0.29911983 -1.6232069  -1.4943686
   0.31871584 -1.891388   -1.5601914   2.6045089  -1.827749   -1.5491526
   0.02772576]] 
Episode: 808: [[-1.3089715 -1.3883297 -1.351886  -0.2991557 -1.623205  -1.4944345
   0.3188061 -1.8913625 -1.5602118  2.6045058 -1.8277967 -1.5491463
   0.0277546]] 
Episode: 809: [[-1.3089266  -1.3883657  -1.3520103  -0.29920325 -1.6232162  -1.4945086
   0.31889388 -1.8913494  -1.5602479   2.6045191  -1.8278487  -1.5491558
   0.02776615]] 
Episode: 810: [[-1.3088633  -1.3883483  -1.3521037  -0.29928198 -1.6232073  -1.4945633
   0.31890425 -1.891366   -1.5602435   2.6045597  -1.8278487  -1.549101
   0.02777118]] 
Episode: 811: [[-1.3087769  -1.3883325  -1.3522029  -0.29939798 -1.6232004  -1.4946511
   0.31889373 -1.8913746  -1.5602609   2.6046386  -1.8278288  -1.5490519
   0.02774876]] 
Episode: 812: [[-1.3086644  -1.3882642  -1.3522607  -0.299569   -1.6231465  -1.4947768
   0.31877267 -1.8913895  -1.5603572   2.604824   -1.8277525  -1.5490733
   0.02759091]] 
Episode: 813: [[-1.3085376  -1.3882111  -1.3523159  -0.29974833 -1.6231136  -1.4949056
   0.31865194 -1.8914257  -1.5604551   2.6050177  -1.8277086  -1.5490947
   0.02742713]] 
Episode: 814: [[-1.3084304  -1.3881574  -1.3523564  -0.299914   -1.6230816  -1.4950249
   0.31853312 -1.8914571  -1.5605462   2.6052008  -1.8276657  -1.5491141
   0.02727392]] 
Episode: 815: [[-1.3083459  -1.3880751  -1.3523933  -0.30006912 -1.6230059  -1.4951434
   0.31838372 -1.8914421  -1.5606132   2.605369   -1.8275882  -1.5490959
   0.02715423]] 
Episode: 816: [[-1.3082478  -1.3880044  -1.3524343  -0.30023742 -1.6229392  -1.4952732
   0.31823957 -1.8914214  -1.5606861   2.605546   -1.8275073  -1.5490794
   0.02702852]] 
Episode: 817: [[-1.3081945  -1.3879256  -1.3524436  -0.30035704 -1.6228666  -1.4953662
   0.31809595 -1.8914173  -1.5607604   2.6056998  -1.8274599  -1.5490947
   0.02690017]] 
Episode: 818: [[-1.308169   -1.3878545  -1.3524452  -0.3004453  -1.6228014  -1.4954394
   0.31798136 -1.8914115  -1.5608257   2.605821   -1.8274273  -1.5491145
   0.0267988 ]] 
Episode: 819: [[-1.3081619  -1.3877858  -1.3524448  -0.3005071  -1.622738   -1.4954875
   0.31789064 -1.8914025  -1.5608644   2.6059086  -1.8273959  -1.5491161
   0.02672559]] 
Episode: 820: [[-1.3081312  -1.3877394  -1.3524548  -0.30058163 -1.6226993  -1.495548
   0.31782696 -1.8913896  -1.5609086   2.6059916  -1.8273548  -1.549117
   0.02666228]] 
Episode: 821: [[-1.3081212  -1.3876951  -1.35249    -0.30063358 -1.6226505  -1.4956005
   0.3178023  -1.8913404  -1.5609229   2.606027   -1.8273057  -1.5490875
   0.02666464]] 
Episode: 822: [[-1.3081027  -1.3876543  -1.3525137  -0.30069202 -1.622613   -1.4956539
   0.31777    -1.8913095  -1.5609454   2.6060748  -1.8272718  -1.5490686
   0.02664942]] 
Episode: 823: [[-1.3080878  -1.3876094  -1.3525311  -0.30075115 -1.6225741  -1.49571
   0.31773067 -1.8912829  -1.5609761   2.6061306  -1.8272425  -1.549062
   0.02662319]] 
Episode: 824: [[-1.3080604  -1.3875319  -1.3524661  -0.30085412 -1.6225506  -1.4957731
   0.31764182 -1.8912948  -1.561031    2.6062384  -1.8272398  -1.549083
   0.02655538]] 
Episode: 825: [[-1.3080498  -1.3874985  -1.3524199  -0.30093402 -1.6225723  -1.4958209
   0.31761026 -1.8913229  -1.5610667   2.6063108  -1.8272333  -1.5490826
   0.0265262 ]] 
Episode: 826: [[-1.3080448  -1.3874747  -1.3523753  -0.3010075  -1.6225983  -1.4958657
   0.31758678 -1.8913511  -1.5611072   2.606382   -1.8272318  -1.5490929
   0.02649184]] 
Episode: 827: [[-1.3080429  -1.3874356  -1.3523225  -0.3010808  -1.6226102  -1.4959068
   0.31754556 -1.8913827  -1.5611405   2.6064572  -1.8272437  -1.5490971
   0.02645388]] 
Episode: 828: [[-1.3080673  -1.3873827  -1.3522841  -0.30112526 -1.6225923  -1.495939
   0.31751716 -1.8913796  -1.561164    2.6065016  -1.8272544  -1.5491012
   0.02644526]] 
Episode: 829: [[-1.3081064  -1.3873295  -1.3522608  -0.30114192 -1.6225581  -1.4959558
   0.31749716 -1.8913639  -1.5611743   2.6065202  -1.8272722  -1.5491003
   0.02645464]] 
Episode: 830: [[-1.3081349  -1.3872969  -1.352251   -0.3011544  -1.6225377  -1.49597
   0.3174947  -1.8913516  -1.5611762   2.6065266  -1.8272916  -1.5490841
   0.02647503]] 
Episode: 831: [[-1.3081797  -1.3872696  -1.3522452  -0.30115104 -1.6225238  -1.4959838
   0.31751168 -1.8913298  -1.5611808   2.6065123  -1.8273231  -1.5490769
   0.02652337]] 
Episode: 832: [[-1.3082144  -1.387253   -1.3522518  -0.30115074 -1.6225176  -1.4959998
   0.31754363 -1.8913076  -1.5611824   2.6064942  -1.827352   -1.549064
   0.02657392]] 
Episode: 833: [[-1.3082483  -1.3872583  -1.3522564  -0.30113688 -1.6225326  -1.4960082
   0.31760073 -1.8912998  -1.5611867   2.606463   -1.8274056  -1.5490668
   0.02662634]] 
Episode: 834: [[-1.3082563  -1.3872927  -1.3522892  -0.30114314 -1.6225674  -1.4960405
   0.31766984 -1.8912845  -1.561208    2.606447   -1.8274498  -1.5490749
   0.02666633]] 
Episode: 835: [[-1.3082602  -1.3873223  -1.352309   -0.30118382 -1.6226068  -1.4960946
   0.31768832 -1.8912843  -1.5612429   2.6064813  -1.8274972  -1.5490757
   0.02667455]] 
Episode: 836: [[-1.3082174  -1.3873621  -1.3523124  -0.30125222 -1.6226717  -1.496147
   0.3176886  -1.8913298  -1.5612773   2.606544   -1.8275441  -1.5490654
   0.02664176]] 
Episode: 837: [[-1.3081671  -1.3874094  -1.3523443  -0.3013075  -1.6227293  -1.4961916
   0.31771946 -1.8913603  -1.5612915   2.6065772  -1.8276013  -1.549035
   0.02663588]] 
Episode: 838: [[-1.3081411  -1.3874432  -1.352366   -0.30134213 -1.6227728  -1.496221
   0.31774855 -1.89138    -1.5612965   2.606593   -1.8276476  -1.5490069
   0.02664537]] 
Episode: 839: [[-1.3081269  -1.3874791  -1.3523957  -0.30137002 -1.6228119  -1.496254
   0.31778425 -1.8913866  -1.5613062   2.6066031  -1.8276815  -1.5489839
   0.02666191]] 
Episode: 840: [[-1.3081121  -1.3875263  -1.3524113  -0.30139828 -1.6228667  -1.4962826
   0.31781712 -1.8914005  -1.5613161   2.6066165  -1.8277105  -1.5489624
   0.02667395]] 
Episode: 841: [[-1.3080935  -1.3875729  -1.3524314  -0.30143762 -1.6229215  -1.4963241
   0.3178467  -1.8914156  -1.5613378   2.606643   -1.8277467  -1.5489484
   0.02667671]] 
Episode: 842: [[-1.3080903  -1.3875984  -1.3524582  -0.30149135 -1.6229471  -1.4963877
   0.3178488  -1.8913965  -1.5613662   2.6066866  -1.8277725  -1.5489331
   0.02668623]] 
Episode: 843: [[-1.3081086  -1.3876175  -1.3524848  -0.3015297  -1.6229671  -1.4964408
   0.31786382 -1.8913666  -1.5613779   2.6067095  -1.8278006  -1.5489066
   0.02672206]] 
Episode: 844: [[-1.3081096  -1.3876306  -1.3525037  -0.30157983 -1.622983   -1.4965037
   0.3178671  -1.8913339  -1.5614079   2.6067502  -1.8278143  -1.5488992
   0.02672601]] 
Episode: 845: [[-1.3081009  -1.3876721  -1.3524984  -0.301613   -1.6230348  -1.4965385
   0.31787437 -1.8913646  -1.5614275   2.6067867  -1.8278683  -1.5488868
   0.02671003]] 
Episode: 846: [[-1.3080915  -1.38771    -1.3524932  -0.30165377 -1.6230778  -1.4965802
   0.3178733  -1.891386   -1.5614549   2.6068351  -1.8279234  -1.5488856
   0.02668213]] 
Episode: 847: [[-1.3080842  -1.3877552  -1.3524874  -0.3016937  -1.6231337  -1.4966236
   0.31789508 -1.891409   -1.5614904   2.606878   -1.8279731  -1.5488949
   0.02665678]] 
Episode: 848: [[-1.3080742  -1.3877813  -1.3524718  -0.3017376  -1.623172   -1.496667
   0.31789863 -1.8914346  -1.5615271   2.6069329  -1.828033   -1.5488969
   0.02661024]] 
Episode: 849: [[-1.3080803  -1.3877873  -1.3524204  -0.30178067 -1.6232051  -1.4966937
   0.3178555  -1.8914762  -1.5615497   2.607001   -1.8280731  -1.5488786
   0.02655548]] 
Episode: 850: [[-1.3080997  -1.3877952  -1.3523453  -0.3018226  -1.6232567  -1.4967072
   0.31780535 -1.8915428  -1.5615695   2.6070771  -1.8281119  -1.5488619
   0.02649169]] 
Episode: 851: [[-1.308123   -1.3877885  -1.3522851  -0.30185768 -1.6232867  -1.496719
   0.31776872 -1.891573   -1.5615716   2.6071265  -1.8281273  -1.5488253
   0.02646668]] 
Episode: 852: [[-1.3081355  -1.3877897  -1.3522474  -0.30188882 -1.6233152  -1.4967322
   0.31774396 -1.8915969  -1.5615716   2.6071644  -1.8281475  -1.5487869
   0.02645306]] 
Episode: 853: [[-1.3081752  -1.3877677  -1.3522145  -0.30190003 -1.6233104  -1.496739
   0.31773055 -1.8915792  -1.5615654   2.6071775  -1.828171   -1.5487595
   0.02646735]] 
Episode: 854: [[-1.3081912  -1.3877355  -1.3521652  -0.3019488  -1.6233099  -1.496759
   0.31767267 -1.8915876  -1.561566    2.6072366  -1.828178   -1.5487229
   0.0264418 ]] 
Episode: 855: [[-1.3082266  -1.387672   -1.3521227  -0.30199128 -1.6232737  -1.4967796
   0.3175981  -1.8915765  -1.5615591   2.6072903  -1.8281924  -1.5486803
   0.02643412]] 
Episode: 856: [[-1.3082417  -1.387647   -1.3520818  -0.30204326 -1.6232903  -1.4968008
   0.3175517  -1.89161    -1.5615636   2.607351   -1.8282354  -1.5486523
   0.02641499]] 
Episode: 857: [[-1.30827    -1.3876225  -1.3520377  -0.30207452 -1.6233041  -1.4968071
   0.31751844 -1.8916432  -1.5615529   2.607389   -1.8282833  -1.5486171
   0.02641374]] 
Episode: 858: [[-1.3082973  -1.3875952  -1.3519944  -0.30210143 -1.6233095  -1.496807
   0.31749246 -1.8916616  -1.5615321   2.607417   -1.8283143  -1.5485759
   0.02641657]] 
Episode: 859: [[-1.3083264  -1.3875797  -1.3519675  -0.3021197  -1.6233208  -1.4968055
   0.31749508 -1.8916726  -1.5615121   2.6074305  -1.828343   -1.548541
   0.02642886]] 
Episode: 860: [[-1.3083806  -1.3875579  -1.351957   -0.30210915 -1.6233062  -1.4967921
   0.3175156  -1.891644   -1.5614688   2.607405   -1.8283362  -1.5484842
   0.02648227]] 
Episode: 861: [[-1.3084346  -1.387547   -1.351947   -0.30210224 -1.6233065  -1.4967839
   0.31753436 -1.8916415  -1.5614463   2.6073976  -1.8283535  -1.548451
   0.02651005]] 
Episode: 862: [[-1.3084953  -1.3875579  -1.3519295  -0.30208156 -1.6233286  -1.4967711
   0.31757095 -1.8916588  -1.5614398   2.6073854  -1.8283926  -1.5484455
   0.02652984]] 
Episode: 863: [[-1.3085089  -1.3875812  -1.3518798  -0.30208734 -1.6233892  -1.4967564
   0.31757352 -1.8917538  -1.5614464   2.6074185  -1.8284844  -1.5484501
   0.0264834 ]] 
Episode: 864: [[-1.3084968  -1.3876009  -1.3518219  -0.30213606 -1.6234655  -1.496771
   0.31754273 -1.8918726  -1.5614736   2.6075008  -1.8285902  -1.5484508
   0.02640055]] 
Episode: 865: [[-1.3084906  -1.3876209  -1.3517776  -0.30217147 -1.6235371  -1.4967787
   0.3175338  -1.8919811  -1.561497    2.6075623  -1.8286965  -1.5484563
   0.02633657]] 
Episode: 866: [[-1.3084751  -1.3876406  -1.3517303  -0.30221638 -1.6236107  -1.4967849
   0.31751227 -1.8920931  -1.561511    2.6076317  -1.8287868  -1.5484493
   0.02626805]] 
Episode: 867: [[-1.3084537  -1.3876657  -1.3516837  -0.30226886 -1.6236901  -1.4967982
   0.31748885 -1.8922095  -1.5615396   2.6077127  -1.8288792  -1.5484613
   0.02618597]] 
Episode: 868: [[-1.3084046  -1.3876593  -1.3516643  -0.30234647 -1.6237147  -1.4968247
   0.31745675 -1.8922597  -1.5615234   2.607778   -1.8288984  -1.5484128
   0.02614708]] 
Episode: 869: [[-1.3083645  -1.3876642  -1.3516665  -0.30240437 -1.6237384  -1.4968448
   0.3174544  -1.8922967  -1.5615021   2.607818   -1.8289204  -1.5483639
   0.026129  ]] 
Episode: 870: [[-1.3083136  -1.3876783  -1.3516755  -0.30247697 -1.6237721  -1.496879
   0.31745386 -1.8923365  -1.5614978   2.6078725  -1.8289518  -1.5483285
   0.02610017]] 
Episode: 871: [[-1.3082608  -1.387698   -1.3516927  -0.30254677 -1.6238073  -1.496911
   0.31745893 -1.8923746  -1.5614928   2.6079233  -1.8289789  -1.5482924
   0.02607307]] 
Episode: 872: [[-1.3082176  -1.3877301  -1.3517295  -0.3025956  -1.6238412  -1.4969343
   0.31748477 -1.8923866  -1.5614718   2.6079395  -1.8289955  -1.5482442
   0.02609021]] 
Episode: 873: [[-1.3082068  -1.38775    -1.3517642  -0.30260924 -1.6238507  -1.4969422
   0.3175176  -1.8923686  -1.5614431   2.6079237  -1.8290054  -1.5481942
   0.02613261]] 
Episode: 874: [[-1.3082178  -1.3877292  -1.3518437  -0.3026356  -1.6237934  -1.4969642
   0.3175022  -1.8923396  -1.5614085   2.6079397  -1.8290496  -1.5481385
   0.02616428]] 
Episode: 875: [[-1.3082322  -1.387707   -1.3519081  -0.30265847 -1.6237415  -1.4969833
   0.3174905  -1.8923168  -1.5613829   2.6079576  -1.8290974  -1.5480993
   0.0261835 ]] 
Episode: 876: [[-1.3082634  -1.3877012  -1.3519566  -0.3026712  -1.623713   -1.4969985
   0.31748608 -1.892307   -1.5613631   2.6079729  -1.8291578  -1.5480742
   0.02620592]] 
Episode: 877: [[-1.3082894  -1.3876823  -1.3520188  -0.30269074 -1.623664   -1.4970227
   0.31748104 -1.8922808  -1.5613523   2.6079936  -1.8292227  -1.548057
   0.02622123]] 
Episode: 878: [[-1.3083137  -1.3876594  -1.3520697  -0.30271763 -1.6236185  -1.4970535
   0.3174691  -1.8922566  -1.5613539   2.6080256  -1.829289   -1.5480533
   0.02622499]] 
Episode: 879: [[-1.3083543  -1.3876603  -1.3521343  -0.30272493 -1.6235905  -1.497085
   0.31750417 -1.8922275  -1.5613649   2.6080334  -1.8293664  -1.5480721
   0.02624752]] 
Episode: 880: [[-1.3083962  -1.3876615  -1.3522024  -0.302722   -1.6235578  -1.4971058
   0.31754303 -1.8921884  -1.5613627   2.608026   -1.8294239  -1.5480795
   0.02628335]] 
Episode: 881: [[-1.3084539  -1.3876578  -1.3522779  -0.30270252 -1.6235126  -1.4971257
   0.31759956 -1.8921278  -1.5613608   2.6079981  -1.8294661  -1.5480896
   0.02633698]] 
Episode: 882: [[-1.3084991  -1.387655   -1.3523492  -0.30269948 -1.6234727  -1.497158
   0.3176462  -1.8920712  -1.5613724   2.6079884  -1.8295017  -1.5481052
   0.02637378]] 
Episode: 883: [[-1.3085638  -1.3876632  -1.3524022  -0.30268127 -1.6234424  -1.4971797
   0.31768033 -1.8920292  -1.5613879   2.6079817  -1.8295401  -1.5481253
   0.02639987]] 
Episode: 884: [[-1.3086493  -1.387657   -1.352454   -0.30265296 -1.6233965  -1.4971993
   0.31771204 -1.8919752  -1.5614058   2.6079705  -1.8295833  -1.5481516
   0.02643079]] 
Episode: 885: [[-1.3087159  -1.3876454  -1.3524852  -0.30263752 -1.6233634  -1.4972142
   0.31772166 -1.891956   -1.5614277   2.607981   -1.8296427  -1.5481884
   0.02643154]] 
Episode: 886: [[-1.3087587  -1.3876407  -1.3525094  -0.30263922 -1.6233464  -1.4972345
   0.3177249  -1.8919512  -1.5614529   2.6080055  -1.8296981  -1.5482223
   0.02641704]] 
Episode: 887: [[-1.308795   -1.3875531  -1.3524089  -0.30266497 -1.623306   -1.4972185
   0.3176348  -1.8919481  -1.5614233   2.60804    -1.8296179  -1.5481561
   0.0264025 ]] 
Episode: 888: [[-1.3088229  -1.3874775  -1.3523178  -0.30269918 -1.6232823  -1.4972115
   0.3175626  -1.8919567  -1.5614043   2.6080804  -1.8295554  -1.5481019
   0.02638198]] 
Episode: 889: [[-1.3088475  -1.3874007  -1.3522375  -0.30273986 -1.6232574  -1.4972113
   0.3174895  -1.8919598  -1.5613865   2.6081238  -1.8294857  -1.5480464
   0.02636544]] 
Episode: 890: [[-1.3088462  -1.3873185  -1.3521783  -0.30280867 -1.6232314  -1.4972295
   0.317407   -1.8919588  -1.5613718   2.6081872  -1.8293889  -1.547975
   0.02633704]] 
Episode: 891: [[-1.3087829  -1.3872592  -1.352155   -0.30292192 -1.6232291  -1.4972692
   0.31734565 -1.8919666  -1.5613644   2.608271   -1.829293   -1.547902
   0.02629443]] 
Episode: 892: [[-1.3087295  -1.3871961  -1.3521405  -0.3030215  -1.6232132  -1.4973081
   0.3172892  -1.8919652  -1.5613614   2.6083436  -1.8292158  -1.5478476
   0.02626105]] 
Episode: 893: [[-1.3086909  -1.3871394  -1.3521376  -0.30310735 -1.623194   -1.4973493
   0.31725144 -1.891952   -1.5613674   2.6084044  -1.8291532  -1.5478113
   0.02623751]] 
Episode: 894: [[-1.3086647  -1.3871139  -1.3521124  -0.30318046 -1.6232225  -1.4973748
   0.31722265 -1.8920037  -1.5613844   2.608471   -1.8291348  -1.5478022
   0.02619956]] 
Episode: 895: [[-1.3086336  -1.3871173  -1.3520951  -0.30324745 -1.6232702  -1.4973987
   0.31721437 -1.8920712  -1.5614136   2.608538   -1.829144   -1.5478176
   0.0261478 ]] 
Episode: 896: [[-1.3086183  -1.3871131  -1.3520659  -0.3033069  -1.6233091  -1.4974258
   0.3171967  -1.892136   -1.5614583   2.6086118  -1.8291588  -1.54786
   0.02608153]] 
Episode: 897: [[-1.3085954  -1.3871074  -1.3520315  -0.30337632 -1.6233498  -1.4974579
   0.31717104 -1.8922008  -1.5615053   2.6086943  -1.8291739  -1.5479021
   0.02601055]] 
Episode: 898: [[-1.30856    -1.3870775  -1.35199    -0.30344966 -1.6233616  -1.4974883
   0.31711528 -1.8922436  -1.5615368   2.6087766  -1.8291593  -1.5479181
   0.02594011]] 
Episode: 899: [[-1.3085327  -1.3870711  -1.3519458  -0.30350026 -1.6233873  -1.4975072
   0.317072   -1.8923012  -1.5615737   2.6088488  -1.8291711  -1.5479525
   0.02586207]] 
Episode: 900: [[-1.308524   -1.3870842  -1.3519117  -0.30352786 -1.6234238  -1.4975218
   0.31706145 -1.8923441  -1.5616102   2.6088927  -1.8291843  -1.5479921
   0.02581262]] 
Episode: 901: [[-1.3085228  -1.3870895  -1.3518715  -0.30354932 -1.6234523  -1.4975344
   0.317051   -1.8923788  -1.5616441   2.6089303  -1.8292063  -1.5480294
   0.02576921]] 
Episode: 902: [[-1.3084953  -1.3871158  -1.3518302  -0.30358723 -1.6235116  -1.4975449
   0.31703797 -1.8924434  -1.5616665   2.6089787  -1.8292218  -1.5480405
   0.02571782]] 
Episode: 903: [[-1.3084133  -1.3871406  -1.3517098  -0.30368137 -1.6236302  -1.4975529
   0.31697246 -1.8926336  -1.5617046   2.6091087  -1.8293324  -1.5480567
   0.02556544]] 
Episode: 904: [[-1.3082926  -1.3871781  -1.3515987  -0.3038223  -1.6237675  -1.497587
   0.31687912 -1.8928457  -1.56176     2.6092896  -1.8294448  -1.5480753
   0.0253711 ]] 
Episode: 905: [[-1.308176   -1.3871905  -1.3514771  -0.30395955 -1.6238782  -1.4976107
   0.31675193 -1.8930306  -1.5617923   2.6094623  -1.829516   -1.5480708
   0.0251962 ]] 
Episode: 906: [[-1.3080801  -1.3872144  -1.3514011  -0.3040563  -1.6239798  -1.4976155
   0.31668952 -1.8931648  -1.5617826   2.6095517  -1.8295494  -1.5480222
   0.02512692]] 
Episode: 907: [[-1.308006   -1.3872203  -1.3513353  -0.30414152 -1.624046   -1.4976221
   0.31661612 -1.8932582  -1.5617557   2.6096265  -1.8295655  -1.5479441
   0.02508389]] 
Episode: 908: [[-1.3079456  -1.3872197  -1.3512753  -0.30422375 -1.6241019  -1.4976401
   0.31654924 -1.8933395  -1.5617532   2.6097064  -1.8295821  -1.5478948
   0.02503079]] 
Episode: 909: [[-1.3079184  -1.3872257  -1.3512471  -0.30427653 -1.6241416  -1.4976594
   0.31652105 -1.8933693  -1.5617399   2.6097383  -1.8295683  -1.547827
   0.02504305]] 
Episode: 910: [[-1.3079107  -1.3872154  -1.3512126  -0.3043079  -1.6241636  -1.4976658
   0.31650332 -1.8933874  -1.5617094   2.609744   -1.8295728  -1.5477551
   0.02508176]] 
Episode: 911: [[-1.3079036  -1.3872038  -1.3511873  -0.30434352 -1.6241783  -1.4976817
   0.3164892  -1.8933846  -1.5616786   2.6097455  -1.8295598  -1.5476776
   0.02513489]] 
Episode: 912: [[-1.3079077  -1.3871983  -1.351189   -0.30436262 -1.6241851  -1.4976946
   0.3165022  -1.8933524  -1.5616364   2.6097164  -1.8295228  -1.5475903
   0.02522551]] 
Episode: 913: [[-1.3079325  -1.3871874  -1.3511919  -0.30438146 -1.6241881  -1.4977252
   0.31654215 -1.8933074  -1.5616354   2.6096957  -1.8295192  -1.5475595
   0.02530001]] 
Episode: 914: [[-1.3079447  -1.3871917  -1.3511842  -0.3043975  -1.6242129  -1.4977326
   0.3165799  -1.8932858  -1.5616075   2.609668   -1.829495   -1.5475034
   0.02537638]] 
Episode: 915: [[-1.3079537  -1.3872234  -1.3511981  -0.30441043 -1.6242646  -1.4977525
   0.31665146 -1.8932915  -1.5616126   2.6096466  -1.8295298  -1.547493
   0.02543521]] 
Episode: 916: [[-1.307984   -1.3872364  -1.351214   -0.30441168 -1.6242882  -1.4977729
   0.3167214  -1.8932744  -1.5616199   2.6096194  -1.8295681  -1.5474873
   0.02549637]] 
Episode: 917: [[-1.3080293  -1.3872328  -1.3512223  -0.30439052 -1.6242814  -1.4977798
   0.31676343 -1.8932453  -1.5616204   2.6095855  -1.8296005  -1.5474824
   0.02555211]] 
Episode: 918: [[-1.308075   -1.3872355  -1.3512367  -0.30435732 -1.6242751  -1.497783
   0.31679896 -1.8932239  -1.5616221   2.6095488  -1.829656   -1.5474786
   0.02560408]] 
Episode: 919: [[-1.3080784  -1.3872766  -1.3512449  -0.30435264 -1.6243149  -1.4977969
   0.31681916 -1.8932545  -1.5616562   2.609559   -1.8297395  -1.5475086
   0.02559184]] 
Episode: 920: [[-1.308051   -1.3873277  -1.3512394  -0.30438703 -1.6243821  -1.4978241
   0.31681955 -1.8933103  -1.5616962   2.6096017  -1.8298222  -1.5475323
   0.0255647 ]] 
Episode: 921: [[-1.3079793  -1.3873864  -1.351236   -0.30445603 -1.6244727  -1.4978596
   0.31681377 -1.8933973  -1.5617365   2.6096678  -1.829904   -1.5475554
   0.02551953]] 
Episode: 922: [[-1.3079182  -1.3874586  -1.3512493  -0.304507   -1.6245663  -1.4978848
   0.31683853 -1.8934753  -1.5617594   2.609706   -1.8299819  -1.5475606
   0.02550153]] 
Episode: 923: [[-1.3078632  -1.3875302  -1.351248   -0.30456376 -1.624666   -1.4979141
   0.31685886 -1.8935602  -1.5617924   2.6097589  -1.8300663  -1.5475789
   0.02546475]] 
Episode: 924: [[-1.3078036  -1.3876351  -1.3512417  -0.30461016 -1.6247925  -1.4979298
   0.31688416 -1.8936647  -1.5618157   2.6098063  -1.8301423  -1.547589
   0.02542422]] 
Episode: 925: [[-1.3077711  -1.3877468  -1.3512443  -0.30463105 -1.6249188  -1.4979348
   0.31693187 -1.8937619  -1.5618354   2.6098316  -1.8302287  -1.5475966
   0.02540227]] 
Episode: 926: [[-1.3077493  -1.3878635  -1.3512737  -0.30463034 -1.6250315  -1.4979368
   0.31701267 -1.8938245  -1.561844    2.6098228  -1.8302886  -1.5475873
   0.02540982]] 
Episode: 927: [[-1.3077456  -1.387972   -1.3513094  -0.30462658 -1.6251371  -1.4979463
   0.3171013  -1.8938781  -1.5618619   2.609812   -1.8303596  -1.547588
   0.02542666]] 
Episode: 928: [[-1.3077657  -1.3880092  -1.3512914  -0.30461335 -1.6251888  -1.4979355
   0.31713077 -1.8939168  -1.5618606   2.6098049  -1.8303715  -1.5475684
   0.02542924]] 
Episode: 929: [[-1.307851   -1.3880047  -1.3512256  -0.30456087 -1.6252055  -1.4978783
   0.3171121  -1.893961   -1.5618262   2.6097884  -1.8303636  -1.5475239
   0.02543379]] 
Episode: 930: [[-1.3079138  -1.3880163  -1.3512156  -0.30452755 -1.6252265  -1.4978449
   0.31713235 -1.8939734  -1.5617832   2.6097565  -1.8303344  -1.5474567
   0.02548029]] 
Episode: 931: [[-1.3079743  -1.3880085  -1.3511959  -0.30450475 -1.6252319  -1.497818
   0.31713048 -1.8939749  -1.5617405   2.6097355  -1.8302878  -1.5473857
   0.02552079]] 
Episode: 932: [[-1.3080429  -1.3880057  -1.3511844  -0.30447015 -1.6252354  -1.4977858
   0.3171419  -1.8939703  -1.5617012   2.6097054  -1.8302425  -1.5473304
   0.02556257]] 
Episode: 933: [[-1.3081063  -1.3879895  -1.3511735  -0.30444244 -1.6252342  -1.4977528
   0.3171558  -1.8939644  -1.5616562   2.6096737  -1.8302184  -1.5472752
   0.02561321]] 
Episode: 934: [[-1.3081954  -1.3879795  -1.3511672  -0.30439132 -1.6252283  -1.4977232
   0.31719542 -1.8939553  -1.5616244   2.6096275  -1.830215   -1.5472369
   0.02566645]] 
Episode: 935: [[-1.3082839  -1.3879927  -1.3511558  -0.30435318 -1.6252449  -1.4977121
   0.31723616 -1.89396    -1.5616245   2.6096082  -1.8302356  -1.5472329
   0.02569069]] 
Episode: 936: [[-1.3083347  -1.3880097  -1.3511628  -0.3043468  -1.6252623  -1.4977186
   0.31724843 -1.89397    -1.5616218   2.6096158  -1.8302486  -1.5472056
   0.02569976]] 
Episode: 937: [[-1.3083777  -1.3880092  -1.3511828  -0.30435085 -1.6252545  -1.4977292
   0.31724712 -1.8939548  -1.5616032   2.6096222  -1.8302422  -1.5471593
   0.02572381]] 
Episode: 938: [[-1.3084023  -1.3880203  -1.3512051  -0.30436978 -1.6252577  -1.4977477
   0.31724867 -1.89394    -1.5615928   2.6096401  -1.8302283  -1.5471184
   0.02573501]] 
Episode: 939: [[-1.3084162  -1.3880333  -1.3512185  -0.30438653 -1.6252624  -1.4977587
   0.31724533 -1.8939286  -1.5615792   2.6096578  -1.8302137  -1.5470811
   0.02573536]] 
Episode: 940: [[-1.3084424  -1.3880563  -1.3512374  -0.30438778 -1.6252737  -1.4977636
   0.31726187 -1.8939121  -1.5615662   2.6096592  -1.8302014  -1.5470537
   0.02574858]] 
Episode: 941: [[-1.3084364  -1.3880727  -1.3512437  -0.30442557 -1.6252921  -1.4977902
   0.3172534  -1.8939213  -1.5615832   2.6097085  -1.830212   -1.5470581
   0.02570606]] 
Episode: 942: [[-1.3084012  -1.388103   -1.3512453  -0.3044758  -1.6253303  -1.4978251
   0.31725135 -1.8939513  -1.5616181   2.6097689  -1.830247   -1.5470808
   0.02564301]] 
Episode: 943: [[-1.3083711  -1.3881294  -1.3512506  -0.3045339  -1.6253656  -1.4978716
   0.31725052 -1.8939701  -1.5616593   2.6098335  -1.8302846  -1.5471057
   0.02558721]] 
Episode: 944: [[-1.3083427  -1.3881304  -1.351265   -0.3046182  -1.6253804  -1.4979405
   0.31721675 -1.8939786  -1.5617033   2.6099262  -1.8303257  -1.5471141
   0.02552671]] 
Episode: 945: [[-1.3083396  -1.3881099  -1.3512781  -0.30468056 -1.6253659  -1.4980017
   0.31718385 -1.8939561  -1.5617453   2.6099985  -1.8303523  -1.5471325
   0.02548455]] 
Episode: 946: [[-1.3083299  -1.3880904  -1.351294   -0.3047514  -1.6253574  -1.4980708
   0.31715873 -1.8939387  -1.5617998   2.6100771  -1.8303972  -1.5471679
   0.02543762]] 
Episode: 947: [[-1.3083104  -1.3880885  -1.3513075  -0.30481568 -1.6253628  -1.4981339
   0.31713468 -1.8939322  -1.5618562   2.6101518  -1.8304563  -1.547209
   0.0253879 ]] 
Episode: 948: [[-1.3082896  -1.3880795  -1.351308   -0.3048902  -1.6253657  -1.4981983
   0.3171011  -1.8939288  -1.5619206   2.6102438  -1.8305043  -1.5472637
   0.02531384]] 
Episode: 949: [[-1.3082732  -1.3880863  -1.3513186  -0.30495158 -1.625384   -1.498256
   0.317095   -1.8939292  -1.5619823   2.610317   -1.830547   -1.5473219
   0.02525504]] 
Episode: 950: [[-1.3082492  -1.3880683  -1.351328   -0.30501944 -1.6253747  -1.49831
   0.3170558  -1.8939319  -1.5620388   2.6104045  -1.8306069  -1.5473751
   0.02518   ]] 
Episode: 951: [[-1.3082488  -1.3880432  -1.3513347  -0.30506375 -1.6253482  -1.4983568
   0.31702533 -1.8939176  -1.5620997   2.6104748  -1.8306571  -1.5474454
   0.02511194]] 
Episode: 952: [[-1.3082387  -1.3880322  -1.351331   -0.30512714 -1.6253471  -1.4984138
   0.316974   -1.8939395  -1.5621768   2.6105766  -1.8307246  -1.5475271
   0.02501796]] 
Episode: 953: [[-1.308215   -1.388028   -1.3513457  -0.30519897 -1.6253487  -1.4984745
   0.31694174 -1.8939391  -1.5622356   2.610665   -1.83075    -1.5475813
   0.0249462 ]] 
Episode: 954: [[-1.30818    -1.3880485  -1.3513584  -0.3052687  -1.62538    -1.498527
   0.3169304  -1.8939666  -1.562292    2.6107502  -1.8307929  -1.5476356
   0.02486778]] 
Episode: 955: [[-1.3081483  -1.388054   -1.3513615  -0.30533975 -1.6253965  -1.4985797
   0.31689888 -1.8939807  -1.5623386   2.610834   -1.8308176  -1.5476677
   0.02479961]] 
Episode: 956: [[-1.3080804  -1.3880162  -1.3513224  -0.30542967 -1.6253982  -1.4986057
   0.3167978  -1.8940302  -1.5623446   2.6109319  -1.8308147  -1.5476503
   0.0247206 ]] 
Episode: 957: [[-1.3080013  -1.3880128  -1.3513049  -0.30551535 -1.6254319  -1.4986156
   0.31673035 -1.894097   -1.5623325   2.6110156  -1.8308059  -1.5476202
   0.02465138]] 
Episode: 958: [[-1.3079442  -1.3880124  -1.3513079  -0.3055788  -1.6254531  -1.4986229
   0.316699   -1.8941331  -1.562312    2.6110642  -1.8307953  -1.5475839
   0.02462249]] 
Episode: 959: [[-1.3079093  -1.3879882  -1.3513085  -0.3056429  -1.6254488  -1.498643
   0.31666642 -1.894145   -1.5623066   2.611117   -1.8307923  -1.5475664
   0.02459523]] 
Episode: 960: [[-1.307888   -1.3879745  -1.3513135  -0.3056783  -1.6254525  -1.4986559
   0.31668663 -1.8941888  -1.5623324   2.6111493  -1.8308665  -1.5476141
   0.0245613 ]] 
Episode: 961: [[-1.3078853  -1.3879656  -1.3513417  -0.30567935 -1.6254431  -1.4986473
   0.31674153 -1.8941846  -1.5623153   2.6111174  -1.8309054  -1.547616
   0.02460805]] 
Episode: 962: [[-1.307857   -1.388005   -1.3513736  -0.30570075 -1.6254895  -1.4986414
   0.31681263 -1.8942251  -1.5623027   2.6111042  -1.8309495  -1.5476127
   0.02463639]] 
Episode: 963: [[-1.3078613  -1.3880426  -1.3514286  -0.30568534 -1.6255116  -1.4986207
   0.31690595 -1.8942145  -1.5622537   2.6110353  -1.8309591  -1.5475637
   0.02473646]] 
Episode: 964: [[-1.3078684  -1.3880887  -1.3514814  -0.30566314 -1.6255414  -1.4985904
   0.3169981  -1.8942018  -1.5621848   2.6109524  -1.8309547  -1.5474898
   0.02485999]] 
Episode: 965: [[-1.3078817  -1.3881342  -1.351529   -0.30563626 -1.625574   -1.4985555
   0.31709024 -1.894189   -1.5621129   2.6108656  -1.830954   -1.5474114
   0.02498839]] 
Episode: 966: [[-1.3078976  -1.3881824  -1.351565   -0.30560395 -1.6256008  -1.4985193
   0.31717595 -1.894178   -1.562051    2.610788   -1.8309641  -1.5473512
   0.02508947]] 
Episode: 967: [[-1.307912   -1.3882204  -1.3515911  -0.30557692 -1.6256254  -1.4984878
   0.31724995 -1.8941691  -1.5619973   2.610721   -1.830972   -1.5472965
   0.02517704]] 
Episode: 968: [[-1.3079356  -1.3882556  -1.351616   -0.3055711  -1.6256516  -1.4984901
   0.3173129  -1.8941623  -1.561986    2.610691   -1.8310063  -1.5472808
   0.02523573]] 
Episode: 969: [[-1.3080186  -1.3883116  -1.3514719  -0.30541262 -1.6257524  -1.4983164
   0.3173797  -1.8942987  -1.5618923   2.610552   -1.8310798  -1.547251
   0.02530478]] 
Episode: 970: [[-1.3080901  -1.3883636  -1.3513343  -0.30528587 -1.6258484  -1.4981729
   0.31742188 -1.894431   -1.561824    2.6104515  -1.8311579  -1.5472358
   0.02534799]] 
Episode: 971: [[-1.3081709  -1.3884052  -1.3512112  -0.30516472 -1.6259234  -1.4980395
   0.31745908 -1.8945435  -1.5617574   2.6103575  -1.8312299  -1.5472268
   0.02539277]] 
Episode: 972: [[-1.3082179  -1.3884633  -1.3511207  -0.30506772 -1.6260161  -1.4979203
   0.3175146  -1.8946459  -1.5616778   2.6102612  -1.8312521  -1.5471803
   0.0254543 ]] 
Episode: 973: [[-1.3080572  -1.3886452  -1.3511258  -0.30511463 -1.6262257  -1.4978384
   0.31749013 -1.8947945  -1.5615162   2.6102552  -1.8310953  -1.546948
   0.02547729]] 
Episode: 974: [[-1.3078152  -1.3890374  -1.3512789  -0.30512974 -1.6266509  -1.4977914
   0.317704   -1.8951603  -1.5615282   2.6102464  -1.8312099  -1.5469275
   0.0254061 ]] 
Episode: 975: [[-1.3075562  -1.38941    -1.3514365  -0.30517164 -1.6270571  -1.4977539
   0.31790188 -1.8955176  -1.5615284   2.610255   -1.831311   -1.5468842
   0.0253274 ]] 
Episode: 976: [[-1.3072845  -1.3897501  -1.3515892  -0.30524948 -1.6274338  -1.4977415
   0.3180489  -1.8958703  -1.5615463   2.6103134  -1.8314109  -1.546846
   0.02520574]] 
Episode: 977: [[-1.3070395  -1.3900552  -1.3517252  -0.3053187  -1.6277748  -1.4977233
   0.3181772  -1.8961909  -1.561548    2.6103618  -1.8315014  -1.5467952
   0.02510512]] 
Episode: 978: [[-1.3068391  -1.3903382  -1.3518444  -0.30536067 -1.6280881  -1.4976965
   0.31830314 -1.8964858  -1.561545    2.610391   -1.8316032  -1.5467498
   0.02502621]] 
Episode: 979: [[-1.3067065  -1.390575   -1.3519617  -0.3053644  -1.6283274  -1.4976492
   0.31841013 -1.8966916  -1.5614923   2.6103702  -1.8316406  -1.5466446
   0.02502567]] 
Episode: 980: [[-1.3065803  -1.3907852  -1.3520565  -0.3053751  -1.628544   -1.497612
   0.31850553 -1.8968824  -1.5614606   2.6103635  -1.8316766  -1.5465729
   0.02500448]] 
Episode: 981: [[-1.3064805  -1.3910042  -1.3521582  -0.30537236 -1.628766   -1.4975936
   0.31864193 -1.8970572  -1.5614635   2.6103454  -1.831736   -1.5465462
   0.02499169]] 
Episode: 982: [[-1.3063755  -1.3912147  -1.352258   -0.30539042 -1.6289818  -1.4975998
   0.31877556 -1.8972291  -1.5614991   2.6103544  -1.8318172  -1.5465561
   0.02495187]] 
Episode: 983: [[-1.3063135  -1.391418   -1.3523571  -0.30538443 -1.6291748  -1.4976034
   0.3189015  -1.8973644  -1.5615332   2.6103458  -1.831891   -1.5465543
   0.02494257]] 
Episode: 984: [[-1.3062773  -1.3915737  -1.3524388  -0.30538392 -1.629321   -1.4976225
   0.31899175 -1.897463   -1.5615746   2.610349   -1.831955   -1.5465574
   0.0249371 ]] 
Episode: 985: [[-1.3062367  -1.3917154  -1.352505   -0.30538782 -1.6294608  -1.4976372
   0.3190725  -1.8975687  -1.5616158   2.61036    -1.8320185  -1.5465698
   0.02491591]] 
Episode: 986: [[-1.3062032  -1.3918471  -1.3525538  -0.30538902 -1.6296011  -1.4976429
   0.3191482  -1.8976829  -1.561652    2.6103702  -1.8320916  -1.5465873
   0.02489568]] 
Episode: 987: [[-1.3061941  -1.391963   -1.3526051  -0.30536327 -1.6297153  -1.4976319
   0.31923196 -1.8977647  -1.5616596   2.610341   -1.83215    -1.5465766
   0.02492276]] 
Episode: 988: [[-1.3061503  -1.3920921  -1.352659   -0.30536973 -1.6298472  -1.4976392
   0.31930923 -1.8978595  -1.5616809   2.6103423  -1.8322121  -1.5465751
   0.02492006]] 
Episode: 989: [[-1.3060983  -1.3922334  -1.3527204  -0.30537337 -1.6299912  -1.4976369
   0.31942564 -1.8979552  -1.5617002   2.6103299  -1.8322785  -1.5465807
   0.02491685]] 
Episode: 990: [[-1.3060733  -1.3923587  -1.3527807  -0.30535576 -1.6301105  -1.4976264
   0.31954697 -1.8980196  -1.5617065   2.6102898  -1.8323287  -1.5465772
   0.02494836]] 
Episode: 991: [[-1.3060688  -1.3924742  -1.3528342  -0.3053283  -1.6302241  -1.4976101
   0.31966895 -1.8980738  -1.5617065   2.6102395  -1.8323712  -1.5465682
   0.02499612]] 
Episode: 992: [[-1.3060646  -1.3926032  -1.3529178  -0.30530804 -1.6303511  -1.4976267
   0.31982136 -1.8981311  -1.5617514   2.6102004  -1.8324567  -1.5466057
   0.02503359]] 
Episode: 993: [[-1.3060545  -1.3927125  -1.3529954  -0.30529743 -1.6304575  -1.4976544
   0.31994748 -1.8981799  -1.5618063   2.6101778  -1.8325396  -1.5466489
   0.02505351]] 
Episode: 994: [[-1.3060576  -1.3928069  -1.3530767  -0.30528176 -1.6305383  -1.4976817
   0.32007024 -1.8981948  -1.5618495   2.6101444  -1.8326066  -1.5466806
   0.02509185]] 
Episode: 995: [[-1.3060703  -1.3928865  -1.3531433  -0.30526346 -1.6306056  -1.4977068
   0.32017508 -1.8982099  -1.5618976   2.6101208  -1.8326699  -1.5467243
   0.02511269]] 
Episode: 996: [[-1.3060924  -1.3929559  -1.3531858  -0.30524144 -1.6306725  -1.4977243
   0.3202606  -1.8982446  -1.5619477   2.6101084  -1.832756   -1.5467782
   0.02511652]] 
Episode: 997: [[-1.3060914  -1.3930097  -1.3532001  -0.30525604 -1.6307371  -1.4977565
   0.32029584 -1.8983085  -1.5620118   2.6101532  -1.8328718  -1.5468388
   0.02505813]] 
Episode: 998: [[-1.3060881  -1.3930664  -1.3532258  -0.305266   -1.6307973  -1.4977841
   0.32034212 -1.8983569  -1.5620607   2.6101813  -1.832964   -1.5468829
   0.02501958]] 
Episode: 999: [[-1.3060431  -1.3931265  -1.3532232  -0.30530706 -1.6308795  -1.4978094
   0.32034254 -1.8984673  -1.562114    2.6102579  -1.8330709  -1.5469241
   0.02491963]] 
Episode: 1000: [[-1.3060769  -1.3931276  -1.3531879  -0.30529928 -1.6309019  -1.497806
   0.3203275  -1.8985502  -1.56216     2.610311   -1.8331938  -1.5469835
   0.02483128]] 
Episode: 1001: [[-1.3060912  -1.3931335  -1.3531581  -0.30531254 -1.6309289  -1.4978132
   0.32029405 -1.8986394  -1.562209    2.610384   -1.833304   -1.5470339
   0.02473189]] 
Episode: 1002: [[-1.3061198  -1.3931482  -1.3531386  -0.30531505 -1.6309575  -1.4978268
   0.32028413 -1.8987112  -1.5622696   2.6104438  -1.8334143  -1.5471007
   0.02464641]] 
Episode: 1003: [[-1.3061475  -1.3931366  -1.3531219  -0.30528826 -1.6309216  -1.4978172
   0.3202864  -1.8987182  -1.5622988   2.6104598  -1.833451   -1.5471503
   0.02457331]] 
Episode: 1004: [[-1.3061562  -1.3931392  -1.3530972  -0.30527526 -1.6309133  -1.4978108
   0.32028717 -1.8987508  -1.5623368   2.6104903  -1.8334969  -1.5472056
   0.02448447]] 
Episode: 1005: [[-1.306172   -1.3931179  -1.3531072  -0.30526268 -1.6308676  -1.4978123
   0.3203033  -1.8987249  -1.5623447   2.6104913  -1.8335056  -1.5472158
   0.02444924]] 
Episode: 1006: [[-1.3061742  -1.3931015  -1.3531146  -0.30525666 -1.6308323  -1.4978153
   0.32030937 -1.8987119  -1.5623568   2.6105006  -1.8335181  -1.5472288
   0.0244057 ]] 
Episode: 1007: [[-1.3061603  -1.3930795  -1.3531021  -0.30526394 -1.6307997  -1.4978127
   0.3202777  -1.8987192  -1.5623614   2.6105309  -1.8335222  -1.5472256
   0.02434124]] 
Episode: 1008: [[-1.3061475  -1.3930656  -1.3530928  -0.30526656 -1.6307786  -1.4978032
   0.32026604 -1.8987294  -1.5623565   2.6105454  -1.8335333  -1.547213
   0.0242977 ]] 
Episode: 1009: [[-1.306111   -1.3930634  -1.3531139  -0.30529702 -1.6307682  -1.497818
   0.3202733  -1.8987309  -1.5623577   2.610569   -1.8335189  -1.5471935
   0.02425913]] 
Episode: 1010: [[-1.3060846  -1.3930633  -1.3531435  -0.30531573 -1.6307579  -1.4978269
   0.3202979  -1.898724   -1.5623482   2.6105726  -1.8334996  -1.5471642
   0.0242449 ]] 
Episode: 1011: [[-1.3060842  -1.3930464  -1.3531643  -0.30531892 -1.6307329  -1.497832
   0.32031414 -1.8987043  -1.5623373   2.610566   -1.833478   -1.5471386
   0.02424593]] 
Episode: 1012: [[-1.3060935  -1.3930396  -1.3531755  -0.30531308 -1.6307126  -1.497832
   0.32033125 -1.8986825  -1.562328    2.610556   -1.8334472  -1.5471152
   0.0242456 ]] 
Episode: 1013: [[-1.3061076  -1.3930386  -1.353207   -0.3052995  -1.630692   -1.4978304
   0.32037693 -1.8986428  -1.5623078   2.6105206  -1.8334224  -1.5470774
   0.02428111]] 
Episode: 1014: [[-1.3061284  -1.3930284  -1.3532349  -0.30528829 -1.6306629  -1.4978249
   0.32040814 -1.8985975  -1.5622795   2.610488   -1.8333979  -1.547033
   0.02432417]] 
Episode: 1015: [[-1.3061323  -1.3930153  -1.3532552  -0.30528906 -1.6306369  -1.4978163
   0.32042158 -1.8985771  -1.5622509   2.6104712  -1.8334078  -1.546994
   0.02435224]] 
Episode: 1016: [[-1.3061434  -1.3930023  -1.3532585  -0.30528364 -1.6306151  -1.4977977
   0.32041422 -1.8985742  -1.5622157   2.6104608  -1.8334192  -1.5469488
   0.0243715 ]] 
Episode: 1017: [[-1.306143   -1.3929578  -1.3532621  -0.3053002  -1.6305597  -1.4977952
   0.3203729  -1.8985424  -1.5621759   2.6104655  -1.8334017  -1.5468876
   0.02438994]] 
Episode: 1018: [[-1.306155   -1.3929191  -1.3532702  -0.30530417 -1.630515   -1.4977876
   0.32035697 -1.8985112  -1.5621377   2.6104517  -1.8333912  -1.5468333
   0.02442903]] 
Episode: 1019: [[-1.3061328  -1.3928031  -1.3532925  -0.3054037  -1.63043    -1.497845
   0.32027534 -1.8984617  -1.5621219   2.6105213  -1.8333576  -1.54677
   0.02443493]] 
Episode: 1020: [[-1.3061236  -1.3927077  -1.3533093  -0.3054793  -1.6303612  -1.4978912
   0.320211   -1.8984236  -1.5621103   2.6105747  -1.8333445  -1.5467227
   0.02444546]] 
Episode: 1021: [[-1.3060813  -1.3926268  -1.3533205  -0.30558103 -1.6303245  -1.4979538
   0.32013276 -1.8984284  -1.5621258   2.6106634  -1.8333772  -1.5466962
   0.02441805]] 
Episode: 1022: [[-1.3060327  -1.3925635  -1.3533128  -0.3056773  -1.6303114  -1.498
   0.32005298 -1.8984668  -1.5621412   2.6107585  -1.8334184  -1.5466794
   0.02436606]] 
Episode: 1023: [[-1.3058162  -1.392649   -1.3534105  -0.30579433 -1.6304107  -1.4980661
   0.3201158  -1.8985496  -1.562178    2.6108217  -1.8334843  -1.5466757
   0.02427518]] 
Episode: 1024: [[-1.3056003  -1.3927608  -1.3534985  -0.3059068  -1.63053    -1.4981277
   0.32017624 -1.8986446  -1.5622063   2.6108844  -1.8335248  -1.5466549
   0.02418268]] 
Episode: 1025: [[-1.3054063  -1.3928645  -1.3535769  -0.30600527 -1.63064    -1.498185
   0.32023945 -1.8987308  -1.5622417   2.6109378  -1.8335724  -1.5466518
   0.02409963]] 
Episode: 1026: [[-1.3052266  -1.392916   -1.3536016  -0.30608213 -1.630705   -1.498213
   0.3202935  -1.8988553  -1.5623001   2.6109962  -1.8336892  -1.5467205
   0.02396579]] 
Episode: 1027: [[-1.3050544  -1.3929689  -1.3536029  -0.30616271 -1.6307852  -1.4982356
   0.3203338  -1.8989972  -1.5623628   2.6110697  -1.8338034  -1.5467945
   0.02381527]] 
Episode: 1028: [[-1.3049041  -1.3930131  -1.3535877  -0.30623248 -1.6308597  -1.4982519
   0.3203635  -1.8991306  -1.5624263   2.6111403  -1.8339084  -1.5468749
   0.02366974]] 
Episode: 1029: [[-1.3048679  -1.3930252  -1.3535599  -0.30621895 -1.6308751  -1.498242
   0.32043293 -1.8992016  -1.562486    2.6111448  -1.8340318  -1.5469884
   0.02357942]] 
Episode: 1030: [[-1.3048273  -1.3930541  -1.3535459  -0.306214   -1.630901   -1.4982408
   0.32049736 -1.8992633  -1.5625403   2.6111538  -1.8341305  -1.5470812
   0.02349804]] 
Episode: 1031: [[-1.3047578  -1.3931004  -1.3535405  -0.30624074 -1.6309541  -1.4982502
   0.32056534 -1.8993434  -1.5625899   2.6111815  -1.8342127  -1.5471572
   0.02341088]] 
Episode: 1032: [[-1.304678   -1.3931451  -1.3535072  -0.3062956  -1.6310246  -1.4982759
   0.32060724 -1.8994373  -1.5626546   2.611243   -1.8342915  -1.5472337
   0.02329943]] 
Episode: 1033: [[-1.304619   -1.3931834  -1.3534718  -0.30633032 -1.631088   -1.4982876
   0.3206506  -1.8995202  -1.5627047   2.6112816  -1.8343661  -1.547297
   0.02321774]] 
Episode: 1034: [[-1.3045467  -1.3932192  -1.3534507  -0.30641183 -1.6311576  -1.4983298
   0.32069367 -1.8995905  -1.5627728   2.611356   -1.8344394  -1.5473713
   0.0231273 ]] 
Episode: 1035: [[-1.3044652  -1.3932694  -1.3534279  -0.30649754 -1.6312476  -1.4983681
   0.3207442  -1.8996732  -1.5628377   2.6114275  -1.8345089  -1.5474386
   0.02304457]] 
Episode: 1036: [[-1.3044034  -1.3933042  -1.3534192  -0.30656475 -1.6313084  -1.4984009
   0.32079506 -1.8997194  -1.5628824   2.6114733  -1.8345475  -1.5474782
   0.02299477]] 
Episode: 1037: [[-1.3043872  -1.3932935  -1.3534652  -0.30659193 -1.6312969  -1.4984205
   0.32085955 -1.899675   -1.5628741   2.6114445  -1.8345292  -1.5474524
   0.02305645]] 
Episode: 1038: [[-1.3044786  -1.3932565  -1.3533661  -0.3065446  -1.6313263  -1.4983529
   0.32089034 -1.8997498  -1.5628694   2.611413   -1.8346055  -1.5474778
   0.02308486]] 
Episode: 1039: [[-1.3045462  -1.3932357  -1.3532757  -0.30650866 -1.6313686  -1.4982932
   0.32092425 -1.8998327  -1.5628747   2.611394   -1.8346936  -1.5475107
   0.0230922 ]] 
Episode: 1040: [[-1.3046131  -1.3932395  -1.3532255  -0.3064648  -1.6314195  -1.4982285
   0.32100278 -1.899896   -1.5628552   2.6113403  -1.8347578  -1.5475117
   0.02314671]] 
Episode: 1041: [[-1.3046782  -1.3932412  -1.3531964  -0.3064256  -1.6314564  -1.4981759
   0.3210813  -1.8999281  -1.5628289   2.6112812  -1.8347939  -1.5474944
   0.02321781]] 
Episode: 1042: [[-1.3047624  -1.3932505  -1.353163   -0.30636838 -1.631492   -1.49812
   0.32116207 -1.8999616  -1.5628047   2.611217   -1.8348483  -1.5474811
   0.02328585]] 
Episode: 1043: [[-1.3048556  -1.3932517  -1.3531206  -0.30630678 -1.6315229  -1.4980637
   0.32123533 -1.8999926  -1.562784    2.6111538  -1.8349078  -1.5474753
   0.02335295]] 
Episode: 1044: [[-1.3049312  -1.3932505  -1.3530753  -0.3062727  -1.6315632  -1.498035
   0.3212984  -1.9000422  -1.562797    2.6111264  -1.8350052  -1.5475044
   0.02338606]] 
Episode: 1045: [[-1.3050061  -1.3932434  -1.3530202  -0.30623963 -1.631593   -1.4980048
   0.32132128 -1.900096   -1.5628079   2.611116   -1.8350925  -1.5475285
   0.02340092]] 
Episode: 1046: [[-1.3050963  -1.393242   -1.3529947  -0.30618492 -1.6316105  -1.4979647
   0.3213745  -1.9001126  -1.5627874   2.611061   -1.8351594  -1.5475179
   0.02347433]] 
Episode: 1047: [[-1.3052084  -1.3932357  -1.3529941  -0.30610484 -1.6315978  -1.4979246
   0.32144988 -1.9000614  -1.5627507   2.6109648  -1.8351768  -1.5474944
   0.02359498]] 
Episode: 1048: [[-1.3053073  -1.3932315  -1.352982   -0.30604833 -1.6316023  -1.4978961
   0.32150564 -1.9000368  -1.5627236   2.6108973  -1.8352041  -1.5474712
   0.02369509]] 
Episode: 1049: [[-1.3053602  -1.3932478  -1.3529683  -0.306036   -1.6316458  -1.4978814
   0.3215477  -1.9000659  -1.5627177   2.6108818  -1.8352466  -1.5474635
   0.02373688]] 
Episode: 1050: [[-1.3055209  -1.3931578  -1.3528136  -0.30591315 -1.6315925  -1.4977468
   0.32148892 -1.9000872  -1.5626432   2.6108098  -1.8352739  -1.5474343
   0.0237887 ]] 
Episode: 1051: [[-1.3056536  -1.3931046  -1.3526665  -0.30580154 -1.6315752  -1.4976203
   0.32144225 -1.9001411  -1.56259     2.6107564  -1.8353279  -1.5474222
   0.02380677]] 
Episode: 1052: [[-1.3057926  -1.3930384  -1.3525214  -0.30568936 -1.6315383  -1.4975029
   0.32138243 -1.9001815  -1.5625478   2.6107101  -1.8353885  -1.5474228
   0.02381713]] 
Episode: 1053: [[-1.3059403  -1.392919   -1.3524005  -0.3055749  -1.6314272  -1.4973996
   0.32131028 -1.9001672  -1.5625072   2.6106575  -1.8354323  -1.5474304
   0.02383337]] 
Episode: 1054: [[-1.3060895  -1.3928066  -1.3522879  -0.30546838 -1.6313214  -1.497312
   0.3212481  -1.9001387  -1.5624795   2.6106088  -1.8354659  -1.5474483
   0.02385307]] 
Episode: 1055: [[-1.306207   -1.3927199  -1.3521854  -0.3053877  -1.6312537  -1.497233
   0.32119474 -1.9001424  -1.5624565   2.6105797  -1.8355078  -1.547463
   0.02385629]] 
Episode: 1056: [[-1.306348   -1.3926195  -1.3520895  -0.30529973 -1.6311668  -1.4971611
   0.32115036 -1.9001126  -1.5624318   2.6105373  -1.8355286  -1.547482
   0.02388438]] 
Episode: 1057: [[-1.3064784  -1.3925226  -1.3520039  -0.3052204  -1.631082   -1.4970967
   0.32111704 -1.9000725  -1.562405    2.6104918  -1.8355376  -1.5474945
   0.0239209 ]] 
Episode: 1058: [[-1.3065642  -1.3924487  -1.3519207  -0.30517718 -1.6310313  -1.4970462
   0.32108212 -1.9000651  -1.5623921   2.6104805  -1.8355427  -1.5475187
   0.02391753]] 
Episode: 1059: [[-1.3066496  -1.3923846  -1.3518466  -0.30513516 -1.6309868  -1.497005
   0.3210523  -1.9000577  -1.5623876   2.6104715  -1.8355547  -1.5475475
   0.02391464]] 
Episode: 1060: [[-1.3067592  -1.3923153  -1.351784   -0.3050688  -1.6309264  -1.4969536
   0.3210387  -1.9000258  -1.5623659   2.6104295  -1.8355702  -1.5475616
   0.02395295]] 
Episode: 1061: [[-1.3068844  -1.3922739  -1.3517858  -0.3049607  -1.6308595  -1.4968799
   0.32110688 -1.899936   -1.5622778   2.6102889  -1.8355427  -1.5474874
   0.02411548]] 
Episode: 1062: [[-1.3069865  -1.3922422  -1.351779   -0.3048835  -1.630815   -1.4968215
   0.32116058 -1.8998672  -1.5621976   2.610179   -1.8355236  -1.5474122
   0.02425681]] 
Episode: 1063: [[-1.3070624 -1.3922269 -1.3517724 -0.3048174 -1.6307932 -1.4967637
   0.3212192 -1.8998266 -1.5621244  2.610082  -1.8355169 -1.5473458
   0.0243732]] 
Episode: 1064: [[-1.3070343  -1.3922743  -1.3517494  -0.30484682 -1.630885   -1.4967365
   0.32122433 -1.8999586  -1.5621021   2.6101143  -1.8355769  -1.5472907
   0.02434795]] 
Episode: 1065: [[-1.3070116  -1.3923213  -1.3517342  -0.30487365 -1.6309739  -1.4967129
   0.32124963 -1.9000739  -1.5620836   2.6101367  -1.8356346  -1.5472442
   0.02433378]] 
Episode: 1066: [[-1.3069776  -1.3923775  -1.3517133  -0.30489796 -1.6310723  -1.4966855
   0.32127982 -1.9001985  -1.5620673   2.6101565  -1.8356904  -1.5472037
   0.02431149]] 
Episode: 1067: [[-1.3069699  -1.3924215  -1.3517091  -0.30490133 -1.631147   -1.4966525
   0.32132882 -1.9002776  -1.5620224   2.6101341  -1.8357179  -1.5471293
   0.02435105]] 
Episode: 1068: [[-1.3069711  -1.3924582  -1.3517183  -0.3049014  -1.6312056  -1.4966217
   0.32137835 -1.9003317  -1.561966    2.610102   -1.8357341  -1.5470397
   0.02441048]] 
Episode: 1069: [[-1.306971   -1.3924996  -1.3517342  -0.30490193 -1.6312625  -1.4965973
   0.3214354  -1.9003825  -1.5619217   2.610074   -1.8357519  -1.5469698
   0.02445863]] 
Episode: 1070: [[-1.3069578  -1.392524   -1.3517467  -0.30491874 -1.6313001  -1.4965837
   0.3214669  -1.9004279  -1.5618807   2.6100676  -1.8357742  -1.5469006
   0.02448354]] 
Episode: 1071: [[-1.3069245  -1.392554   -1.3517591  -0.30496642 -1.631345   -1.4965925
   0.32148612 -1.9004745  -1.5618582   2.6100922  -1.8357894  -1.5468413
   0.02448383]] 
Episode: 1072: [[-1.3068992  -1.3925803  -1.351768   -0.3050116  -1.6313871  -1.4966048
   0.32150885 -1.9005129  -1.5618428   2.6101158  -1.8358014  -1.5467917
   0.02448454]] 
Episode: 1073: [[-1.3069185  -1.3925924  -1.3517995  -0.30501547 -1.6313877  -1.4966023
   0.32154074 -1.9004995  -1.561803    2.610095   -1.8358119  -1.5467188
   0.02453876]] 
Episode: 1074: [[-1.3069144  -1.392611   -1.351808   -0.30503887 -1.6314013  -1.4966055
   0.32155105 -1.9004993  -1.5617769   2.6100996  -1.8358021  -1.5466584
   0.02456034]] 
Episode: 1075: [[-1.3068963  -1.3926641  -1.3518327  -0.3050595  -1.6314495  -1.496611
   0.32159752 -1.9005125  -1.5617645   2.610095   -1.8357929  -1.5466223
   0.02458303]] 
Episode: 1076: [[-1.306816   -1.3927323  -1.3518991  -0.30513734 -1.6314833  -1.4966539
   0.32161844 -1.9004825  -1.5617309   2.6101167  -1.8357018  -1.5465305
   0.02460744]] 
Episode: 1077: [[-1.3067441  -1.3927909  -1.3519378  -0.30520418 -1.6315159  -1.4966884
   0.32162705 -1.9004757  -1.5617197   2.6101484  -1.8356444  -1.5464845
   0.0246029 ]] 
Episode: 1078: [[-1.3066759  -1.3928322  -1.3519725  -0.30527642 -1.6315349  -1.4967375
   0.3216075  -1.9004738  -1.5617318   2.6102028  -1.835609   -1.546462
   0.02457573]] 
Episode: 1079: [[-1.3065966 -1.3928676 -1.3519661 -0.3053483 -1.6315584 -1.4967737
   0.3215495 -1.9004681 -1.5617175  2.6102538 -1.8355235 -1.546399
   0.0245535]] 
Episode: 1080: [[-1.3065429  -1.3928963  -1.3519809  -0.30539137 -1.6315577  -1.4968004
   0.321512   -1.9004322  -1.5616893   2.6102717  -1.8354372  -1.5463276
   0.02456307]] 
Episode: 1081: [[-1.3065146  -1.3929766  -1.3519496  -0.30530134 -1.631568   -1.4966898
   0.32150537 -1.9004633  -1.5615736   2.6101837  -1.8353177  -1.5462308
   0.02458041]] 
Episode: 1082: [[-1.3064866  -1.3930374  -1.3519374  -0.30522668 -1.6315584  -1.4965992
   0.32148623 -1.9004685  -1.5614637   2.6101058  -1.8351973  -1.5461273
   0.02460627]] 
Episode: 1083: [[-1.3064835  -1.393084   -1.3519247  -0.30515662 -1.631537   -1.496518
   0.32146472 -1.9004459  -1.561351    2.6100278  -1.8350692  -1.5460128
   0.02465423]] 
Episode: 1084: [[-1.3064715  -1.3931186  -1.3519114  -0.3051057  -1.6315095  -1.4964519
   0.3214191  -1.9004278  -1.5612478   2.6099722  -1.8349513  -1.5458956
   0.02469055]] 
Episode: 1085: [[-1.3064606  -1.3931288  -1.351907   -0.3050716  -1.6314615  -1.4963994
   0.32136056 -1.9003928  -1.5611401   2.609927   -1.8348284  -1.5457656
   0.02473361]] 
Episode: 1086: [[-1.3064657  -1.3931171  -1.351876   -0.30504438 -1.6314135  -1.4963512
   0.32128167 -1.9003729  -1.5610434   2.6098974  -1.8347286  -1.5456434
   0.02477164]] 
Episode: 1087: [[-1.3064603  -1.3931167  -1.3518401  -0.30503547 -1.6313838  -1.4963186
   0.3212036  -1.9003627  -1.5609682   2.60989    -1.8346363  -1.5455376
   0.02478792]] 
Episode: 1088: [[-1.3064476  -1.3931234  -1.3518082  -0.30503836 -1.6313701  -1.4962924
   0.32113835 -1.9003617  -1.5609004   2.60989    -1.834555   -1.5454371
   0.02480004]] 
Episode: 1089: [[-1.3064357  -1.3931357  -1.3517865  -0.30504695 -1.6313617  -1.4962745
   0.3210856  -1.9003575  -1.5608406   2.6098917  -1.8344859  -1.5453432
   0.0248171 ]] 
Episode: 1090: [[-1.30636    -1.3931983  -1.3517106  -0.3051259  -1.6314462  -1.4962065
   0.32091793 -1.9004459  -1.5606792   2.609971   -1.834257   -1.5450885
   0.02477752]] 
Episode: 1091: [[-1.3063192 -1.3932431 -1.3516399 -0.3051755 -1.6315026 -1.4961327
   0.3207668 -1.9005063 -1.560513   2.6100197 -1.8340387 -1.5448341
   0.0247697]] 
Episode: 1092: [[-1.3063015  -1.3932792  -1.3515882  -0.30519956 -1.6315395  -1.4960554
   0.32063723 -1.9005387  -1.5603372   2.610033   -1.8338299  -1.5445726
   0.02480405]] 
Episode: 1093: [[-1.3062646  -1.3932649  -1.351576   -0.3052325  -1.6314952  -1.4959902
   0.32047105 -1.9005108  -1.5601263   2.6100385  -1.8335503  -1.5442598
   0.0248533 ]] 
Episode: 1094: [[-1.3063034  -1.3932197  -1.3515537  -0.30518934 -1.6314206  -1.4958832
   0.3203665  -1.9004455  -1.559889    2.609955   -1.8333108  -1.5439407
   0.0249873 ]] 
Episode: 1095: [[-1.3063295  -1.3931884  -1.3515341  -0.30516326 -1.6313691  -1.4957924
   0.3202733  -1.9004041  -1.559682    2.609893   -1.8331177  -1.5436577
   0.02509968]] 
Episode: 1096: [[-1.3063891  -1.3931606  -1.3515283  -0.3051     -1.6313064  -1.4956908
   0.3202156  -1.9003376  -1.5594752   2.6097918  -1.8329452  -1.5433925
   0.02524833]] 
Episode: 1097: [[-1.3064245  -1.3931538  -1.3515332  -0.30505574 -1.6312642  -1.4956069
   0.32016686 -1.9002877  -1.559303    2.6097157  -1.8327888  -1.543168
   0.02536127]] 
Episode: 1098: [[-1.3064694  -1.3931612  -1.3515294  -0.30501136 -1.6312569  -1.4955287
   0.3201475  -1.9002633  -1.5591583   2.6096437  -1.832682   -1.5429847
   0.02546998]] 
Episode: 1099: [[-1.3065171  -1.3931688  -1.3515364  -0.30497083 -1.6312422  -1.4954638
   0.32013005 -1.90023    -1.5590304   2.6095808  -1.8325891  -1.5428195
   0.02556936]] 
Episode: 1100: [[-1.3065677  -1.3931777  -1.3515419  -0.30493295 -1.6312376  -1.4954071
   0.32012883 -1.9002067  -1.5589244   2.609522   -1.8325295  -1.5426888
   0.02566344]] 
Episode: 1101: [[-1.3066106  -1.3931893  -1.3515531  -0.3048988  -1.6312338  -1.4953579
   0.32012558 -1.9001869  -1.5588251   2.6094704  -1.8324748  -1.542564
   0.02574648]] 
Episode: 1102: [[-1.3066584  -1.393209   -1.3515604  -0.30486098 -1.6312413  -1.4953101
   0.32012922 -1.9001805  -1.5587405   2.6094232  -1.8324394  -1.5424597
   0.02581904]] 
Episode: 1103: [[-1.3067294  -1.3931968  -1.3515421  -0.30482072 -1.6312274  -1.4952661
   0.32009822 -1.9001685  -1.5586706   2.6093917  -1.832409   -1.5423721
   0.02587821]] 
Episode: 1104: [[-1.3067354  -1.3932092  -1.3515097  -0.30485457 -1.63127    -1.4952646
   0.32002398 -1.9002267  -1.5586505   2.609449   -1.832415   -1.5423188
   0.02585614]] 
Episode: 1105: [[-1.3067099  -1.3932253  -1.3514676  -0.30493146 -1.6313299  -1.4952974
   0.31993872 -1.9002903  -1.5586777   2.6095502  -1.8324035  -1.5423092
   0.02579157]] 
Episode: 1106: [[-1.3066871  -1.3932456  -1.3514282  -0.30500975 -1.6313848  -1.4953352
   0.31984228 -1.9003501  -1.5587074   2.60966    -1.8323995  -1.5423021
   0.02572129]] 
Episode: 1107: [[-1.3067259  -1.3932502  -1.3513527  -0.30502024 -1.6314082  -1.4953358
   0.31976458 -1.9004053  -1.5587416   2.6097286  -1.8324267  -1.5423353
   0.02565369]] 
Episode: 1108: [[-1.3067485  -1.3932636  -1.351285   -0.3050471  -1.6314414  -1.4953488
   0.3196929  -1.9004589  -1.5587837   2.6098073  -1.8324382  -1.5423713
   0.02557845]] 
Episode: 1109: [[-1.3068058  -1.3932903  -1.3512332  -0.30498162 -1.6314794  -1.4952976
   0.31969482 -1.9005529  -1.5588181   2.6098106  -1.8325133  -1.5424433
   0.02551353]] 
Episode: 1110: [[-1.3068608  -1.3932999  -1.3511658  -0.30493787 -1.6315168  -1.4952613
   0.31967604 -1.900658   -1.5588611   2.609837   -1.8325955  -1.5425106
   0.02543847]] 
Episode: 1111: [[-1.3068714  -1.3933216  -1.3511027  -0.30493888 -1.6315836  -1.4952463
   0.31965068 -1.9007965  -1.5589154   2.6099017  -1.8326988  -1.5425774
   0.02533332]] 
Episode: 1112: [[-1.3068504  -1.3933425  -1.3510636  -0.30496556 -1.6316434  -1.4952474
   0.31963155 -1.9009104  -1.5589633   2.609971   -1.8327649  -1.5426327
   0.02523069]] 
Episode: 1113: [[-1.3068563  -1.3933611  -1.3510481  -0.30495954 -1.6316772  -1.4952322
   0.319642   -1.900972   -1.5589706   2.6099854  -1.8328062  -1.5426395
   0.02519531]] 
Episode: 1114: [[-1.3069168  -1.393366   -1.3510016  -0.30488637 -1.6316957  -1.4951745
   0.31968004 -1.9010267  -1.558969    2.609942   -1.8328785  -1.5426769
   0.02519618]] 
Episode: 1115: [[-1.307003   -1.3933741  -1.3509723  -0.3047836  -1.6317068  -1.4951025
   0.3197463  -1.9010656  -1.5589497   2.6098602  -1.8329525  -1.5427002
   0.02524009]] 
Episode: 1116: [[-1.3071077  -1.3933542  -1.3509377  -0.3046751  -1.6316798  -1.4950342
   0.31979612 -1.9010682  -1.5589279   2.6097736  -1.8330173  -1.5427206
   0.02529548]] 
Episode: 1117: [[-1.3071871  -1.3933496  -1.3509206  -0.30457848 -1.6316658  -1.4949713
   0.31985646 -1.9010719  -1.5589018   2.609686   -1.8330741  -1.5427285
   0.02535552]] 
Episode: 1118: [[-1.3072579  -1.3933319  -1.3509067  -0.30449432 -1.631642   -1.4949117
   0.3199077  -1.9010757  -1.5588753   2.6096096  -1.8331257  -1.542738
   0.02540451]] 
Episode: 1119: [[-1.3073429  -1.3933084  -1.3508971  -0.30440092 -1.6316044  -1.4948559
   0.31995922 -1.9010608  -1.5588518   2.609526   -1.8331816  -1.5427475
   0.02546394]] 
Episode: 1120: [[-1.3074273  -1.3933103  -1.3509003  -0.3042943  -1.6315901  -1.4947917
   0.32004464 -1.9010569  -1.558827    2.609424   -1.8332436  -1.5427604
   0.02553312]] 
Episode: 1121: [[-1.307547   -1.393311   -1.3509083  -0.30414912 -1.6315436  -1.4947152
   0.3201378  -1.9010078  -1.5587866   2.6092849  -1.8332895  -1.5427598
   0.02563763]] 
Episode: 1122: [[-1.3076228  -1.3933375  -1.3508977  -0.30404553 -1.6315436  -1.494638
   0.3202138  -1.9010092  -1.5587369   2.6091814  -1.8333237  -1.5427339
   0.02571332]] 
Episode: 1123: [[-1.3076949  -1.3933467  -1.350874   -0.303975   -1.6315318  -1.4945875
   0.3202533  -1.9010061  -1.5587025   2.6091201  -1.8333559  -1.5427043
   0.02575907]] 
Episode: 1124: [[-1.3077773  -1.393351   -1.3508724  -0.30389652 -1.631507   -1.4945384
   0.32030818 -1.9009756  -1.5586534   2.6090357  -1.8333795  -1.5426551
   0.02584373]] 
Episode: 1125: [[-1.3078535  -1.3933517  -1.3508689  -0.30383152 -1.631481   -1.4945014
   0.32035074 -1.9009377  -1.558609    2.608964   -1.833393   -1.5426055
   0.02592259]] 
Episode: 1126: [[-1.307934   -1.393339   -1.3508468  -0.3037739  -1.6314541  -1.4944665
   0.32039088 -1.9008939  -1.5585675   2.6088972  -1.8334006  -1.5425631
   0.02600006]] 
Episode: 1127: [[-1.3080409  -1.393297   -1.3508097  -0.30371797 -1.6314056  -1.4944379
   0.3204171  -1.900846   -1.5585396   2.6088426  -1.8334279  -1.5425436
   0.02607265]] 
Episode: 1128: [[-1.3081222  -1.3932575  -1.3507619  -0.30368942 -1.6313711  -1.4944267
   0.32041693 -1.9008285  -1.55854     2.6088305  -1.8334603  -1.54255
   0.02609426]] 
Episode: 1129: [[-1.3081671  -1.393183   -1.3507292  -0.30367687 -1.6313064  -1.4943999
   0.32033515 -1.9008505  -1.5585132   2.6088526  -1.8335221  -1.5425165
   0.02607917]] 
Episode: 1130: [[-1.3081936  -1.3931186  -1.3507009  -0.30368343 -1.6312623  -1.4943857
   0.32026264 -1.9008797  -1.558496    2.6088862  -1.8335747  -1.5424871
   0.02605611]] 
Episode: 1131: [[-1.3081996  -1.3930488  -1.3506496  -0.30371523 -1.6312256  -1.494387
   0.32017115 -1.9009197  -1.5584995   2.60895    -1.8336184  -1.5424784
   0.02599881]] 
Episode: 1132: [[-1.3081901  -1.392986   -1.3506052  -0.3037642  -1.6311926  -1.4944054
   0.32007316 -1.9009578  -1.5585159   2.6090317  -1.83366    -1.5424771
   0.02592467]] 
Episode: 1133: [[-1.3081902  -1.3929554  -1.3505626  -0.3037965  -1.6311896  -1.4944174
   0.3200088  -1.9010098  -1.558545    2.6090996  -1.833717   -1.5424969
   0.02585517]] 
Episode: 1134: [[-1.3081863  -1.3929336  -1.3505174  -0.3038331  -1.6311985  -1.4944303
   0.31994408 -1.9010757  -1.5585822   2.6091764  -1.8337864  -1.5425286
   0.02577533]] 
Episode: 1135: [[-1.3081926  -1.3929     -1.3504868  -0.3038667  -1.6311849  -1.4944474
   0.31987962 -1.901108   -1.5586048   2.6092389  -1.8338313  -1.5425367
   0.0257243 ]] 
Episode: 1136: [[-1.3082229  -1.3928545  -1.3504657  -0.30388057 -1.6311507  -1.4944642
   0.31982562 -1.9011124  -1.5586259   2.609279   -1.8338698  -1.5425471
   0.02569994]] 
Episode: 1137: [[-1.3082457  -1.3928274  -1.3504354  -0.3039036  -1.6311407  -1.4944863
   0.3197821  -1.9011204  -1.5586574   2.6093235  -1.8339075  -1.5425652
   0.02567472]] 
Episode: 1138: [[-1.3082622  -1.3928131  -1.3504003  -0.3039344  -1.6311463  -1.4945188
   0.31974617 -1.9011388  -1.5587066   2.6093798  -1.8339572  -1.5426039
   0.02563288]] 
Episode: 1139: [[-1.3082893  -1.3927966  -1.3503861  -0.30395034 -1.6311367  -1.494542
   0.31972626 -1.9011315  -1.5587294   2.6094072  -1.8339851  -1.5426127
   0.0256271 ]] 
Episode: 1140: [[-1.3083177  -1.3928033  -1.350395   -0.30394816 -1.6311269  -1.4945571
   0.31973603 -1.9011072  -1.5587451   2.6094108  -1.8340015  -1.5426239
   0.02563487]] 
Episode: 1141: [[-1.308355   -1.392798   -1.3503972  -0.30394533 -1.631108   -1.4945731
   0.31974295 -1.9010714  -1.5587572   2.6094108  -1.8340052  -1.5426311
   0.02565136]] 
Episode: 1142: [[-1.3083972  -1.3927807  -1.3503765  -0.3039413  -1.6310928  -1.494577
   0.31973395 -1.9010612  -1.5587685   2.6094198  -1.8340176  -1.5426432
   0.02565302]] 
Episode: 1143: [[-1.3084613  -1.3927463  -1.3503461  -0.3039235  -1.6310579  -1.494577
   0.31970564 -1.9010416  -1.558778    2.6094246  -1.8340334  -1.5426509
   0.02566267]] 
Episode: 1144: [[-1.3085088  -1.3927201  -1.3503125  -0.30391726 -1.631037   -1.4945768
   0.31967747 -1.9010378  -1.5587859   2.6094394  -1.8340492  -1.542656
   0.02565819]] 
Episode: 1145: [[-1.3085501  -1.3927046  -1.3502787  -0.30391008 -1.6310309  -1.4945718
   0.31965813 -1.9010445  -1.5587902   2.6094499  -1.8340672  -1.542659
   0.02565659]] 
Episode: 1146: [[-1.3085945  -1.3926898  -1.3502431  -0.30389798 -1.6310242  -1.4945623
   0.3196365  -1.9010589  -1.5587991   2.6094635  -1.8340887  -1.5426672
   0.02564283]] 
Episode: 1147: [[-1.3086435  -1.3926898  -1.3502038  -0.30387136 -1.6310292  -1.4945441
   0.31962585 -1.9010806  -1.5588107   2.6094675  -1.8341279  -1.5426841
   0.02562965]] 
Episode: 1148: [[-1.3087019  -1.3926601  -1.3501645  -0.30384153 -1.6310004  -1.4945242
   0.31960595 -1.9010795  -1.5588112   2.6094646  -1.8341647  -1.542692
   0.02562715]] 
Episode: 1149: [[-1.3087485  -1.3926443  -1.3501227  -0.3038191  -1.6309905  -1.4945077
   0.3195885  -1.9010979  -1.5588213   2.6094723  -1.8342168  -1.5427096
   0.02560981]] 
Episode: 1150: [[-1.3087928  -1.3926383  -1.3501005  -0.3037955  -1.63099    -1.4944917
   0.31959268 -1.9011217  -1.558832    2.6094706  -1.8342806  -1.542734
   0.0256073 ]] 
Episode: 1151: [[-1.3088511  -1.3926281  -1.3500675  -0.30376136 -1.6309901  -1.4944634
   0.31960726 -1.9011475  -1.5588353   2.6094584  -1.8343582  -1.5427585
   0.02561271]] 
Episode: 1152: [[-1.3089547  -1.3926018  -1.3500593  -0.30368245 -1.630952   -1.4944164
   0.3196524  -1.9011196  -1.5588049   2.609387   -1.8344324  -1.5427577
   0.02568796]] 
Episode: 1153: [[-1.3090396  -1.3925769  -1.3500605  -0.30363047 -1.6309158  -1.4943895
   0.3196844  -1.9010936  -1.5587888   2.6093423  -1.8344994  -1.5427616
   0.02574311]] 
Episode: 1154: [[-1.3090984  -1.392563   -1.3500997  -0.30359295 -1.63087    -1.4943764
   0.3197245  -1.9010434  -1.5587654   2.6092966  -1.834544   -1.542743
   0.02580494]] 
Episode: 1155: [[-1.3091611  -1.392541   -1.350139   -0.30355862 -1.6308186  -1.4943657
   0.31976318 -1.9009744  -1.5587296   2.6092439  -1.8345613  -1.5427053
   0.02588583]] 
Episode: 1156: [[-1.3092086  -1.3925284  -1.3501579  -0.30353463 -1.6307902  -1.4943591
   0.31979123 -1.9009349  -1.5587127   2.6092107  -1.8345841  -1.542683
   0.02593751]] 
Episode: 1157: [[-1.3092115  -1.3925852  -1.3501506  -0.30346778 -1.6308583  -1.4942703
   0.3198775  -1.9010067  -1.5586618   2.6091323  -1.8346379  -1.5426574
   0.02597483]] 
Episode: 1158: [[-1.3091946  -1.3926305  -1.3501183  -0.30344275 -1.6309376  -1.4942124
   0.31993544 -1.9010992  -1.5586473   2.6091058  -1.8347148  -1.5426632
   0.02596562]] 
Episode: 1159: [[-1.3091589  -1.3926706  -1.3500919  -0.30344012 -1.6310112  -1.494176
   0.31997836 -1.901193   -1.5586545   2.6091075  -1.8347967  -1.5426925
   0.0259266 ]] 
Episode: 1160: [[-1.3090918  -1.3927196  -1.3500596  -0.30346638 -1.6311059  -1.49415
   0.3200034  -1.90132    -1.5586699   2.609141   -1.8348901  -1.5427241
   0.02585577]] 
Episode: 1161: [[-1.3090606  -1.3927958  -1.349982   -0.30342883 -1.6312188  -1.4940816
   0.32003874 -1.9014688  -1.5586779   2.6091306  -1.8349822  -1.542767
   0.02579928]] 
Episode: 1162: [[-1.3092057  -1.3927919  -1.3497294  -0.30321395 -1.6312639  -1.4938035
   0.32002985 -1.9016511  -1.5585783   2.6090176  -1.8350441  -1.5427839
   0.0257479 ]] 
Episode: 1163: [[-1.3093382  -1.3927928  -1.349504   -0.30302092 -1.6313102  -1.4935497
   0.32002375 -1.9018208  -1.5584812   2.6089149  -1.8351114  -1.5427898
   0.02570842]] 
Episode: 1164: [[-1.309444   -1.3927977  -1.3492932  -0.30286646 -1.6313678  -1.4933283
   0.3200101  -1.9019935  -1.5584006   2.608844   -1.8351848  -1.542794
   0.02565336]] 
Episode: 1165: [[-1.3095392  -1.3928095  -1.349102   -0.3027173  -1.6314185  -1.4931234
   0.31999516 -1.9021491  -1.5583172   2.6087706  -1.8352534  -1.5427777
   0.02561071]] 
Episode: 1166: [[-1.3096374  -1.3928255  -1.3489268  -0.3025691  -1.6314704  -1.4929297
   0.31999525 -1.9022958  -1.5582358   2.6086905  -1.8353235  -1.5427566
   0.02558362]] 
Episode: 1167: [[-1.3097323  -1.3928345  -1.3487393  -0.30243403 -1.6315272  -1.4927571
   0.31998602 -1.9024535  -1.558185    2.6086338  -1.8354099  -1.5427655
   0.02553054]] 
Episode: 1168: [[-1.3098445  -1.3928306  -1.3485817  -0.30228865 -1.6315541  -1.492595
   0.31999487 -1.9025593  -1.5581243   2.608549   -1.8354735  -1.5427622
   0.02552408]] 
Episode: 1169: [[-1.3099629  -1.3928127  -1.3484558  -0.30217478 -1.631564   -1.4924768
   0.3199975  -1.9026321  -1.5580903   2.608491   -1.8355477  -1.5427716
   0.02552535]] 
Episode: 1170: [[-1.3100756  -1.3928285  -1.3483484  -0.30205852 -1.6316061  -1.4923643
   0.32004502 -1.9027089  -1.5580692   2.6084206  -1.8356451  -1.5428021
   0.02553843]] 
Episode: 1171: [[-1.3101823  -1.3928391  -1.3482537  -0.301957   -1.6316428  -1.492265
   0.32009602 -1.9027798  -1.5580561   2.60836    -1.8357493  -1.5428427
   0.02555004]] 
Episode: 1172: [[-1.310289   -1.3928382  -1.3481144  -0.30185506 -1.6316996  -1.492142
   0.32011926 -1.902886   -1.558029    2.6083086  -1.835856   -1.5428778
   0.0255478 ]] 
Episode: 1173: [[-1.3103933  -1.3928249  -1.3479725  -0.30175704 -1.6317421  -1.4920292
   0.32012877 -1.9029759  -1.558007    2.60826    -1.8359444  -1.5429143
   0.02554596]] 
Episode: 1174: [[-1.3104675  -1.3928188  -1.3478776  -0.3016837  -1.6317846  -1.4919393
   0.32016638 -1.9030528  -1.5579947   2.6082163  -1.836045   -1.5429568
   0.02554789]] 
Episode: 1175: [[-1.310535   -1.3928212  -1.3477913  -0.3016158  -1.6318303  -1.4918538
   0.32020533 -1.9031222  -1.5579789   2.6081736  -1.8361278  -1.5429895
   0.02555226]] 
Episode: 1176: [[-1.3106021  -1.3928291  -1.3477396  -0.3015379  -1.63186    -1.4917693
   0.32025406 -1.9031632  -1.5579493   2.60811    -1.8361967  -1.5430056
   0.02558567]] 
Episode: 1177: [[-1.3106712  -1.3928394  -1.3476995  -0.30146042 -1.6318846  -1.4916927
   0.32030892 -1.9031893  -1.557918    2.6080408  -1.8362528  -1.5430119
   0.02563106]] 
Episode: 1178: [[-1.3107451  -1.392845   -1.3476698  -0.30138096 -1.631897   -1.4916201
   0.32036653 -1.9031965  -1.5578818   2.6079645  -1.8362898  -1.5430069
   0.02568826]] 
Episode: 1179: [[-1.3108228  -1.3928488  -1.3476584  -0.3012946  -1.6318967  -1.491545
   0.32043266 -1.9031794  -1.5578282   2.6078699  -1.8363006  -1.5429834
   0.02577115]] 
Episode: 1180: [[-1.3109246  -1.3928337  -1.3476549  -0.3011983  -1.6318651  -1.4914758
   0.3204953  -1.9031276  -1.5577718   2.6077662  -1.836295   -1.5429548
   0.02586951]] 
Episode: 1181: [[-1.3110429  -1.3928113  -1.3476646  -0.30108443 -1.6318095  -1.491407
   0.32056698 -1.9030437  -1.5577122   2.607642   -1.8362741  -1.5429207
   0.02598719]] 
Episode: 1182: [[-1.3111404  -1.3927934  -1.3476658  -0.30099317 -1.6317652  -1.4913565
   0.32062888 -1.9029741  -1.5576802   2.6075485  -1.836265   -1.5429159
   0.02606743]] 
Episode: 1183: [[-1.3112396  -1.3927547  -1.3476593  -0.30092585 -1.6317095  -1.4913278
   0.3206503  -1.9029181  -1.5576699   2.6074955  -1.8362913  -1.5429283
   0.02612035]] 
Episode: 1184: [[-1.3113085  -1.3927224  -1.3476454  -0.30089217 -1.6316769  -1.4913124
   0.3206563  -1.9028915  -1.5576707   2.6074781  -1.8363143  -1.5429472
   0.0261391 ]] 
Episode: 1185: [[-1.3113592  -1.3927184  -1.3476547  -0.30086318 -1.6316665  -1.4913018
   0.3206781  -1.9028857  -1.5576723   2.6074648  -1.8363615  -1.5429581
   0.02614914]] 
Episode: 1186: [[-1.3114047  -1.3927137  -1.3476526  -0.30084893 -1.6316594  -1.4913023
   0.32068953 -1.9028838  -1.5576907   2.6074722  -1.8364131  -1.5429864
   0.02613815]] 
Episode: 1187: [[-1.311458   -1.3926615  -1.347619   -0.30087128 -1.631615   -1.4913049
   0.32064825 -1.9028674  -1.5576966   2.607522   -1.8364432  -1.5429977
   0.02610154]] 
Episode: 1188: [[-1.311502   -1.3926152  -1.3475881  -0.30090332 -1.6315868  -1.4913157
   0.32061788 -1.9028646  -1.5577176   2.6075783  -1.8364869  -1.5430253
   0.02606139]] 
Episode: 1189: [[-1.3115435  -1.39256    -1.3475176  -0.30094293 -1.6315683  -1.4913229
   0.32055378 -1.9029078  -1.5577519   2.6076643  -1.8365759  -1.54307
   0.02598187]] 
Episode: 1190: [[-1.3116032  -1.3925309  -1.347468   -0.30094957 -1.6315587  -1.4913082
   0.32053006 -1.9029193  -1.5577489   2.607696   -1.8366165  -1.5430802
   0.02596352]] 
Episode: 1191: [[-1.3116418  -1.3925189  -1.3474135  -0.30097085 -1.6315659  -1.4913026
   0.32049802 -1.9029396  -1.5577513   2.607743   -1.8366364  -1.5430843
   0.0259261 ]] 
Episode: 1192: [[-1.311625   -1.3924947  -1.3473097  -0.3010707  -1.6315951  -1.491356
   0.32038218 -1.9030092  -1.557828    2.6079006  -1.8367062  -1.543143
   0.02577773]] 
Episode: 1193: [[-1.3115749  -1.3924849  -1.3472402  -0.30120686 -1.6316357  -1.4914333
   0.32028165 -1.9030755  -1.5579069   2.6080768  -1.8367578  -1.5431925
   0.02562295]] 
Episode: 1194: [[-1.3115013  -1.3924829  -1.3471911  -0.30137208 -1.6316785  -1.491536
   0.32017374 -1.9031228  -1.5579965   2.6082723  -1.8367722  -1.5432383
   0.02546263]] 
Episode: 1195: [[-1.3114179  -1.3924924  -1.3471453  -0.3015427  -1.6317344  -1.4916457
   0.32007244 -1.9031972  -1.5581102   2.6084826  -1.8368269  -1.543313
   0.02527748]] 
Episode: 1196: [[-1.3113539  -1.3924961  -1.3471214  -0.3016863  -1.6317754  -1.4917349
   0.31999493 -1.9032428  -1.5581855   2.6086466  -1.8368586  -1.5433525
   0.02514976]] 
Episode: 1197: [[-1.3112992  -1.3924989  -1.3471005  -0.3018011  -1.6318117  -1.4917985
   0.31993932 -1.9032875  -1.5582393   2.6087759  -1.836884   -1.5433835
   0.02504487]] 
Episode: 1198: [[-1.3112748  -1.3924863  -1.3470926  -0.30188128 -1.631817   -1.4918431
   0.31989837 -1.9032917  -1.5582637   2.608861   -1.8368796  -1.5433905
   0.02498625]] 
Episode: 1199: [[-1.3112565  -1.3924934  -1.3470979  -0.30194515 -1.6318394  -1.4918754
   0.3198897  -1.9033104  -1.5582892   2.6089296  -1.8369082  -1.5434126
   0.02493585]] 
Episode: 1200: [[-1.3112261  -1.3925256  -1.34709    -0.30200228 -1.6318862  -1.491903
   0.31989735 -1.9033483  -1.5583204   2.6089938  -1.8369758  -1.5434393
   0.02487479]] 
