Episode: 1: [[-1.3329431  -1.4996129  -1.2816081  -0.23523018 -1.7743616  -1.5951673
   0.4779632  -2.0139675  -1.6942987   2.5889523  -1.9176619  -1.678409
  -0.0558233 ]] 
Episode: 2: [[-1.3332431  -1.4993129  -1.281908   -0.23493017 -1.7740616  -1.5948672
   0.4782632  -2.0136676  -1.6939987   2.5886524  -1.917962   -1.6781089
  -0.0555233 ]] 
Episode: 3: [[-1.3334703  -1.4990473  -1.2816876  -0.23470356 -1.77377    -1.5945767
   0.478491   -2.0133677  -1.694156    2.5884085  -1.918195   -1.6783028
  -0.05523305]] 
Episode: 4: [[-1.3335786  -1.4990954  -1.2815404  -0.23459403 -1.7736934  -1.5943063
   0.4786398  -2.0132987  -1.6941683   2.5883198  -1.9184178  -1.6785293
  -0.05529211]] 
Episode: 5: [[-1.3337679  -1.4991851  -1.2813284  -0.23441114 -1.773733   -1.5942385
   0.47884724 -2.0134213  -1.6943265   2.588184   -1.9186678  -1.6787767
  -0.05543285]] 
Episode: 6: [[-1.3339634  -1.4993086  -1.2812055  -0.23424435 -1.7737517  -1.5942237
   0.47904706 -2.0134957  -1.6944916   2.588053   -1.9189003  -1.67898
  -0.05550484]] 
Episode: 7: [[-1.3341359  -1.4994955  -1.2812244  -0.23409379 -1.7738739  -1.594314
   0.47926167 -2.0136254  -1.6946573   2.587945   -1.919119   -1.6791835
  -0.05560219]] 
Episode: 8: [[-1.3343421  -1.4995912  -1.2811313  -0.23392974 -1.7739787  -1.5943629
   0.4794291  -2.0137708  -1.6947931   2.5878475  -1.9193194  -1.6793779
  -0.05570748]] 
Episode: 9: [[-1.33456    -1.4997108  -1.2810148  -0.23374861 -1.7740906  -1.5944134
   0.47959718 -2.0139084  -1.6949279   2.5877316  -1.919519   -1.6795669
  -0.05578899]] 
Episode: 10: [[-1.3347358  -1.4998807  -1.2809088  -0.23358999 -1.7742532  -1.594481
   0.47977367 -2.0140748  -1.6950498   2.5876353  -1.9197172  -1.6797585
  -0.05589386]] 
Episode: 11: [[-1.3349023  -1.500064   -1.2807968  -0.23345143 -1.7744287  -1.5945431
   0.47993067 -2.0142436  -1.6951282   2.5875742  -1.9198943  -1.6799489
  -0.0560341 ]] 
Episode: 12: [[-1.3350343  -1.5002573  -1.2806768  -0.23337907 -1.7746278  -1.5945234
   0.48003867 -2.0144231  -1.6950953   2.587597   -1.9200298  -1.6801451
  -0.05622239]] 
Episode: 13: [[-1.3351964  -1.5003932  -1.2805352  -0.23327017 -1.7747566  -1.5944847
   0.4801404  -2.0145307  -1.6950718   2.587558   -1.9201636  -1.6802869
  -0.05628318]] 
Episode: 14: [[-1.3353873  -1.5004712  -1.2803428  -0.2331684  -1.7748541  -1.5943897
   0.48017904 -2.0146172  -1.6950213   2.587539   -1.9202604  -1.6803917
  -0.05632937]] 
Episode: 15: [[-1.3354907  -1.500563   -1.2801903  -0.23312344 -1.7749726  -1.5943261
   0.48018143 -2.0147197  -1.694958    2.587559   -1.9203135  -1.6804628
  -0.05638643]] 
Episode: 16: [[-1.3355674  -1.5006738  -1.2800405  -0.23308124 -1.775113   -1.5942653
   0.48019704 -2.014858   -1.6949164   2.5875807  -1.9204025  -1.6805555
  -0.05645942]] 
Episode: 17: [[-1.335658   -1.5008343  -1.2799258  -0.23300442 -1.7752637  -1.594289
   0.48025155 -2.0149472  -1.694938    2.5875323  -1.9205128  -1.6805856
  -0.05640539]] 
Episode: 18: [[-1.335612   -1.5010406  -1.2798594  -0.2329785  -1.775465   -1.5944
   0.48033157 -2.015112   -1.6950121   2.587509   -1.9206455  -1.6806355
  -0.05638788]] 
Episode: 19: [[-1.3356922  -1.501249   -1.2797021  -0.23287044 -1.7756739  -1.5944052
   0.48040688 -2.0152917  -1.6950545   2.5874598  -1.9208022  -1.6807158
  -0.05637543]] 
Episode: 20: [[-1.335801   -1.5013112  -1.2795259  -0.2327663  -1.7757906  -1.5943934
   0.4804017  -2.0154357  -1.6951095   2.5874224  -1.9209285  -1.6807507
  -0.05632585]] 
Episode: 21: [[-1.335864   -1.5013168  -1.2794267  -0.23272781 -1.7758398  -1.5944148
   0.48038796 -2.0155225  -1.6951824   2.5874062  -1.921024   -1.6807716
  -0.05625508]] 
Episode: 22: [[-1.335924   -1.501343   -1.2793448  -0.23269904 -1.7758976  -1.5944481
   0.48038223 -2.015606   -1.6952578   2.5874038  -1.9211123  -1.6807895
  -0.05619622]] 
Episode: 23: [[-1.3359702  -1.5013871  -1.2792689  -0.23269205 -1.7759752  -1.5944622
   0.48037523 -2.0157013  -1.69529     2.5874379  -1.9212024  -1.6808438
  -0.05618749]] 
Episode: 24: [[-1.3360214  -1.5014354  -1.2792034  -0.23266247 -1.7760469  -1.5945039
   0.48040226 -2.0157907  -1.695368    2.5874321  -1.9213163  -1.6808895
  -0.05614977]] 
Episode: 25: [[-1.3360738  -1.5014753  -1.2791498  -0.23261428 -1.7760994  -1.5945634
   0.48044837 -2.0158575  -1.6954627   2.5873904  -1.9214191  -1.680911
  -0.0560871 ]] 
Episode: 26: [[-1.3361158  -1.5015191  -1.2790973  -0.2325849  -1.7761637  -1.5946128
   0.48047966 -2.015928   -1.695521    2.5873725  -1.9214982  -1.6809322
  -0.05604383]] 
Episode: 27: [[-1.3361496  -1.5015901  -1.2790337  -0.232569   -1.7762601  -1.5946358
   0.48050195 -2.0160246  -1.6955351   2.587389   -1.9215916  -1.680992
  -0.05604642]] 
Episode: 28: [[-1.336179   -1.5016781  -1.2789669  -0.2325569  -1.7763681  -1.5946409
   0.48052534 -2.016135   -1.6955388   2.587424   -1.9217143  -1.6810875
  -0.05608183]] 
Episode: 29: [[-1.3361375  -1.5018054  -1.2789237  -0.2326283  -1.7765212  -1.5946087
   0.48049805 -2.0162845  -1.6954637   2.5875452  -1.9218409  -1.6812273
  -0.05619249]] 
Episode: 30: [[-1.3360983  -1.501933   -1.2788932  -0.23268536 -1.7766589  -1.5945927
   0.48050457 -2.0164123  -1.6954212   2.5876389  -1.9219803  -1.6813643
  -0.05628558]] 
Episode: 31: [[-1.3360703  -1.5020607  -1.2788663  -0.23271552 -1.77679    -1.5946115
   0.48053092 -2.0165317  -1.6954126   2.5876975  -1.9221178  -1.681471
  -0.05634826]] 
Episode: 32: [[-1.3360866  -1.5021447  -1.2788302  -0.23268323 -1.776856   -1.5946387
   0.48060644 -2.0165935  -1.695462    2.5876617  -1.9222653  -1.6815094
  -0.05631066]] 
Episode: 33: [[-1.3361081  -1.5022247  -1.2788067  -0.23262961 -1.7769091  -1.5946947
   0.48070332 -2.0166433  -1.6955447   2.5875936  -1.9224001  -1.6815099
  -0.05624252]] 
Episode: 34: [[-1.3361301  -1.5022967  -1.278791   -0.23258097 -1.7769517  -1.5947485
   0.4808005  -2.0166798  -1.6956282   2.5875237  -1.922527   -1.6814929
  -0.05616452]] 
Episode: 35: [[-1.3361486  -1.5023787  -1.2787871  -0.23252605 -1.7769967  -1.5948138
   0.48092082 -2.0167158  -1.6957248   2.5874417  -1.9226731  -1.6814827
  -0.05608055]] 
Episode: 36: [[-1.3361762  -1.5024412  -1.2787814  -0.23245065 -1.7770224  -1.5948877
   0.48105398 -2.0167367  -1.6958431   2.5873363  -1.9228321  -1.6814678
  -0.05598118]] 
Episode: 37: [[-1.336146   -1.5025351  -1.2787865  -0.23239848 -1.7770941  -1.5949944
   0.48118103 -2.0168235  -1.6959851   2.587253   -1.9230267  -1.6814865
  -0.05591933]] 
Episode: 38: [[-1.3360823  -1.5026504  -1.2788087  -0.23239508 -1.7771915  -1.5950795
   0.48126498 -2.0169265  -1.696062    2.587228   -1.9231902  -1.6815364
  -0.05590966]] 
Episode: 39: [[-1.3360342  -1.5027597  -1.2788094  -0.23238795 -1.7772897  -1.5951494
   0.4813241  -2.017034   -1.6961205   2.5872176  -1.9233406  -1.6815948
  -0.05591831]] 
Episode: 40: [[-1.3360016  -1.5028328  -1.2788082  -0.23239307 -1.7773609  -1.5952175
   0.48133954 -2.017104   -1.696159    2.5872142  -1.9234279  -1.6815915
  -0.05589804]] 
Episode: 41: [[-1.3359461  -1.5029176  -1.2787997  -0.23242852 -1.7774585  -1.5952623
   0.48131827 -2.0172005  -1.6961567   2.5872495  -1.923496   -1.6815937
  -0.0559141 ]] 
Episode: 42: [[-1.3358873  -1.5029709  -1.2787873  -0.23247866 -1.7775375  -1.5952729
   0.48126423 -2.0172896  -1.6961293   2.5873034  -1.9235516  -1.6816
  -0.05594354]] 
Episode: 43: [[-1.3358402  -1.5030113  -1.2787614  -0.23251344 -1.7776061  -1.5952822
   0.48121256 -2.0173724  -1.6961079   2.5873444  -1.9236073  -1.6816028
  -0.05596586]] 
Episode: 44: [[-1.3357793  -1.503072   -1.2787302  -0.2325624  -1.7777034  -1.5952795
   0.48115352 -2.0174768  -1.6960555   2.5874076  -1.9236634  -1.6816332
  -0.05601922]] 
Episode: 45: [[-1.3357378  -1.5031154  -1.2786956  -0.23258568 -1.7777776  -1.5952754
   0.48111597 -2.0175552  -1.696015    2.5874388  -1.9237287  -1.6816539
  -0.05604405]] 
Episode: 46: [[-1.3357117  -1.5031611  -1.278652   -0.23260279 -1.7778488  -1.5952642
   0.4810754  -2.0176277  -1.6959709   2.5874727  -1.9237928  -1.6816776
  -0.05607222]] 
Episode: 47: [[-1.3357061  -1.5031822  -1.2785913  -0.23262687 -1.7779047  -1.595227
   0.48101175 -2.017689   -1.6959156   2.5875225  -1.923851   -1.6817025
  -0.05610417]] 
Episode: 48: [[-1.335713   -1.503208   -1.2785255  -0.23262827 -1.7779574  -1.5952003
   0.48096007 -2.017744   -1.6958715   2.5875504  -1.9239005  -1.6817135
  -0.05611978]] 
Episode: 49: [[-1.3358083  -1.503172   -1.2783484  -0.23253272 -1.7780213  -1.5952252
   0.48087755 -2.017833   -1.6958644   2.587508   -1.9239041  -1.6816524
  -0.0560707 ]] 
Episode: 50: [[-1.3358955  -1.5031475  -1.2781863  -0.23244129 -1.7780877  -1.5952533
   0.48082402 -2.0179248  -1.6958694   2.5874658  -1.9239316  -1.6816161
  -0.05603348]] 
Episode: 51: [[-1.3359325  -1.5031965  -1.2780515  -0.23241216 -1.7782233  -1.5952783
   0.48075977 -2.0180702  -1.69582     2.5874982  -1.9239767  -1.6816523
  -0.05607405]] 
Episode: 52: [[-1.3359354  -1.5032536  -1.277937   -0.23241267 -1.778368   -1.5952977
   0.48067257 -2.0182242  -1.6957458   2.5875547  -1.9240053  -1.6816868
  -0.05613386]] 
Episode: 53: [[-1.3359458  -1.5033137  -1.2778292  -0.23239683 -1.7785059  -1.5953219
   0.48062727 -2.018376   -1.6957012   2.5875936  -1.9240762  -1.6817478
  -0.0561938 ]] 
Episode: 54: [[-1.3359307  -1.5033917  -1.2777346  -0.23241383 -1.7786584  -1.5953236
   0.48056743 -2.0185359  -1.6956307   2.5876648  -1.9241495  -1.681826
  -0.05628232]] 
Episode: 55: [[-1.3359169  -1.5034739  -1.2776504  -0.23242801 -1.7788049  -1.5953306
   0.48052254 -2.0186853  -1.6955727   2.587727   -1.9242206  -1.6818924
  -0.05636039]] 
Episode: 56: [[-1.3359184  -1.5035468  -1.2775646  -0.23242813 -1.7789321  -1.5953215
   0.4804915  -2.0188172  -1.6955225   2.5877743  -1.9243081  -1.6819577
  -0.05642614]] 
Episode: 57: [[-1.3359361  -1.5036008  -1.2774787  -0.23241165 -1.7790294  -1.5953021
   0.4804686  -2.018919   -1.6954846   2.587801   -1.9243915  -1.6820053
  -0.05647169]] 
Episode: 58: [[-1.3359691  -1.503633   -1.2774122  -0.2323537  -1.7790726  -1.595324
   0.48050275 -2.018982   -1.6955346   2.5877628  -1.9245331  -1.6820391
  -0.05645226]] 
Episode: 59: [[-1.3360001  -1.5036247  -1.2773366  -0.23232076 -1.7790861  -1.5952929
   0.48049805 -2.0190144  -1.6955522   2.5877438  -1.9246359  -1.6820542
  -0.05643326]] 
Episode: 60: [[-1.3360398  -1.5036113  -1.2772672  -0.23228346 -1.7790904  -1.5952674
   0.48049852 -2.0190263  -1.6955693   2.587712   -1.9247133  -1.6820354
  -0.0563912 ]] 
Episode: 61: [[-1.3360742  -1.5036007  -1.2772079  -0.23225638 -1.7790958  -1.5952404
   0.4804976  -2.0190394  -1.6955825   2.5876906  -1.9247874  -1.6820215
  -0.05635791]] 
Episode: 62: [[-1.336106   -1.5035973  -1.2771515  -0.23223527 -1.7791045  -1.5952011
   0.4804972  -2.0190518  -1.6955842   2.587679   -1.9248655  -1.6820241
  -0.0563394 ]] 
Episode: 63: [[-1.3361591  -1.5035858  -1.27708    -0.23219162 -1.7791058  -1.5951656
   0.4804999  -2.0190642  -1.6955986   2.5876555  -1.9249539  -1.6820334
  -0.05631899]] 
Episode: 64: [[-1.3362046  -1.5035886  -1.277014   -0.23216891 -1.7791215  -1.5951219
   0.48048523 -2.019085   -1.6955929   2.5876563  -1.9250387  -1.682045
  -0.05631136]] 
Episode: 65: [[-1.3362256  -1.5036031  -1.2769679  -0.23217614 -1.779148   -1.5950705
   0.48046267 -2.0191069  -1.6955689   2.5876806  -1.9251208  -1.6820623
  -0.05631991]] 
Episode: 66: [[-1.3362471  -1.503622   -1.2769146  -0.23217122 -1.7791756  -1.5950122
   0.48045644 -2.0191395  -1.6955538   2.5876946  -1.9252242  -1.682101
  -0.05633258]] 
Episode: 67: [[-1.3362479  -1.503631   -1.2768745  -0.23219736 -1.7791995  -1.5949291
   0.48041928 -2.0191662  -1.6955034   2.5877376  -1.9253004  -1.6821394
  -0.05636514]] 
Episode: 68: [[-1.3362631  -1.5036494  -1.2768323  -0.23221399 -1.7792314  -1.5948693
   0.4804001  -2.0191977  -1.6954676   2.587772   -1.9253775  -1.6821718
  -0.05638749]] 
Episode: 69: [[-1.336284   -1.5036765  -1.276786   -0.23222141 -1.779267   -1.5948197
   0.48038504 -2.0192275  -1.6954358   2.5877957  -1.9254458  -1.6821908
  -0.05639626]] 
Episode: 70: [[-1.3363146  -1.5037057  -1.2767392  -0.23222707 -1.779308   -1.5947788
   0.48038658 -2.019254   -1.695403    2.5878143  -1.9255029  -1.6822007
  -0.05639728]] 
Episode: 71: [[-1.3363626  -1.5037236  -1.2767018  -0.23224284 -1.7793334  -1.5947151
   0.48038572 -2.0192642  -1.6953663   2.5878482  -1.9255787  -1.6822263
  -0.05640216]] 
Episode: 72: [[-1.3363976  -1.5037589  -1.2766739  -0.23227292 -1.7793784  -1.5946599
   0.480398   -2.0192835  -1.6953256   2.5878901  -1.9256517  -1.682256
  -0.05641309]] 
Episode: 73: [[-1.3364121 -1.5038011 -1.2766533 -0.2323233 -1.7794331 -1.5946046
   0.480386  -2.0193133 -1.6952696  2.5879505 -1.9257032 -1.6822758
  -0.0564345]] 
Episode: 74: [[-1.3364289  -1.503833   -1.27663    -0.23236586 -1.7794855  -1.5945636
   0.48037595 -2.0193455  -1.6952198   2.5880044  -1.9257517  -1.6822989
  -0.05645558]] 
Episode: 75: [[-1.3364488  -1.5038495  -1.2766061  -0.2324031  -1.7795212  -1.5945153
   0.48036334 -2.0193624  -1.6951709   2.5880501  -1.9257927  -1.6823114
  -0.0564689 ]] 
Episode: 76: [[-1.336504   -1.5037813  -1.2765253  -0.23242569 -1.7795014  -1.594402
   0.48027694 -2.019358   -1.6950979   2.5880966  -1.9257979  -1.6822972
  -0.05646935]] 
Episode: 77: [[-1.3365539  -1.5037779  -1.2764437  -0.23240839 -1.7795352  -1.5943494
   0.48026922 -2.019392   -1.6950661   2.5881     -1.9258447  -1.6823121
  -0.05646373]] 
Episode: 78: [[-1.3366133  -1.5037721  -1.2763685  -0.23237301 -1.7795507  -1.5943116
   0.48028505 -2.0194051  -1.6950641   2.5880756  -1.9258938  -1.6823076
  -0.05643009]] 
Episode: 79: [[-1.3366808  -1.5037543  -1.2763027  -0.23231317 -1.7795421  -1.5942973
   0.48033002 -2.0193973  -1.6950982   2.5880165  -1.9259495  -1.6822895
  -0.05636841]] 
Episode: 80: [[-1.336758   -1.5037266  -1.2762148  -0.2322521  -1.7795389  -1.5942608
   0.48035052 -2.0194247  -1.6951308   2.5879755  -1.9260306  -1.6823
  -0.0563303 ]] 
Episode: 81: [[-1.33683    -1.5037153  -1.2761278  -0.23218831 -1.7795459  -1.5942221
   0.4803861  -2.0194604  -1.6951659   2.5879333  -1.9261314  -1.6823342
  -0.05630226]] 
Episode: 82: [[-1.336927   -1.5036767  -1.2760414  -0.23211    -1.7795215  -1.5941746
   0.48042265 -2.0194633  -1.6952084   2.587876   -1.926225   -1.6823431
  -0.05625304]] 
Episode: 83: [[-1.3370217  -1.5036379  -1.2759606  -0.23203644 -1.7794983  -1.5941261
   0.48046952 -2.0194607  -1.6952456   2.5878189  -1.9263135  -1.6823524
  -0.05620513]] 
Episode: 84: [[-1.3371111  -1.5036023  -1.2758749  -0.2319716  -1.7794733  -1.5940555
   0.4804864  -2.019458   -1.6952635   2.58778    -1.9264041  -1.6823703
  -0.05617358]] 
Episode: 85: [[-1.3372215  -1.5035508  -1.2757695  -0.23188424 -1.7794331  -1.5939646
   0.4805054  -2.019448   -1.6952844   2.5877278  -1.9265124  -1.6824006
  -0.05614085]] 
Episode: 86: [[-1.3373116  -1.5035027  -1.2756737  -0.231808   -1.7793941  -1.5938711
   0.48052126 -2.0194376  -1.6953012   2.5876808  -1.9266255  -1.6824356
  -0.05611452]] 
Episode: 87: [[-1.337416   -1.503448   -1.2755754  -0.23169951 -1.7793422  -1.593789
   0.48056918 -2.0194209  -1.6953504   2.5875993  -1.9267644  -1.68247
  -0.05606995]] 
Episode: 88: [[-1.3374903  -1.5033982  -1.2755011  -0.23158729 -1.7792729  -1.5937414
   0.4806167  -2.0193937  -1.6954225   2.587498   -1.9268892  -1.6824839
  -0.05600543]] 
Episode: 89: [[-1.3375643  -1.5033531  -1.2754369  -0.23146759 -1.7792052  -1.5937316
   0.4806719  -2.0193672  -1.6955154   2.5873845  -1.926998   -1.6824708
  -0.05592511]] 
Episode: 90: [[-1.3376222  -1.5033205  -1.2753812  -0.2313696  -1.7791533  -1.593729
   0.48071465 -2.0193558  -1.6955981   2.5872939  -1.9271001  -1.6824644
  -0.05586255]] 
Episode: 91: [[-1.3376658  -1.5032972  -1.2753326  -0.23128922 -1.7791132  -1.5937289
   0.4807424  -2.0193465  -1.6956763   2.587219   -1.9271904  -1.6824464
  -0.05580691]] 
Episode: 92: [[-1.3377177  -1.5032837  -1.275283   -0.23121901 -1.7790825  -1.5937141
   0.48076817 -2.0193357  -1.6957304   2.5871582  -1.9272666  -1.6824298
  -0.05575883]] 
Episode: 93: [[-1.3377643  -1.5033287  -1.2752483  -0.23119941 -1.7790924  -1.5936964
   0.48077407 -2.01931    -1.6957245   2.5871458  -1.9272735  -1.6823896
  -0.05572029]] 
Episode: 94: [[-1.3378997  -1.503242   -1.2750648  -0.23105823 -1.7790723  -1.59367
   0.48082995 -2.0193572  -1.6958064   2.5870354  -1.9273313  -1.6823939
  -0.05566715]] 
Episode: 95: [[-1.3380362  -1.5031549  -1.2748811  -0.23092198 -1.7790477  -1.5936081
   0.4808714  -2.0194008  -1.6958604   2.5869408  -1.9274045  -1.6824281
  -0.05563963]] 
Episode: 96: [[-1.3381748  -1.5030483  -1.2747033  -0.23080778 -1.7790071  -1.5935161
   0.48089078 -2.0194285  -1.695894    2.5868647  -1.9274567  -1.6824427
  -0.05560931]] 
Episode: 97: [[-1.3383417  -1.5029458  -1.2745123  -0.23070125 -1.7789657  -1.5933896
   0.4808613  -2.0194242  -1.695876    2.5868042  -1.9274396  -1.6823969
  -0.05555519]] 
Episode: 98: [[-1.338508   -1.5028287  -1.2743305  -0.23059209 -1.7789065  -1.5932641
   0.4808384  -2.019409   -1.6958653   2.5867374  -1.9274247  -1.6823531
  -0.05549897]] 
Episode: 99: [[-1.3385408  -1.5027652  -1.2741889  -0.23065571 -1.7789345  -1.5930393
   0.48068282 -2.0194468  -1.6957195   2.5868387  -1.9273857  -1.6823405
  -0.05556281]] 
Episode: 100: [[-1.3385658  -1.5027201  -1.2740617  -0.23071747 -1.7789721  -1.5928403
   0.48053858 -2.0194883  -1.6955868   2.5869322  -1.9273466  -1.6823152
  -0.05561306]] 
Episode: 101: [[-1.3385894  -1.5026737  -1.2739464  -0.2307831  -1.7790062  -1.592653
   0.48039752 -2.0195189  -1.6954511   2.5870247  -1.9272871  -1.6822733
  -0.05565653]] 
Episode: 102: [[-1.3385998  -1.5026542  -1.2738427  -0.2308431  -1.7790742  -1.5925066
   0.48029158 -2.019585   -1.6953272   2.587113   -1.9272462  -1.682276
  -0.05572058]] 
Episode: 103: [[-1.3386142  -1.5026413  -1.2737372  -0.23089044 -1.7791415  -1.5923656
   0.48020402 -2.0196567  -1.6952142   2.5871868  -1.927229   -1.6822888
  -0.05577623]] 
Episode: 104: [[-1.3386052  -1.5026398  -1.2736366  -0.23096819 -1.779229   -1.5922222
   0.480079   -2.019748   -1.6950792   2.5872955  -1.927186   -1.6822985
  -0.05585856]] 
Episode: 105: [[-1.3386163  -1.5026114  -1.273541   -0.23101877 -1.7792711  -1.5920842
   0.47997457 -2.019796   -1.6949706   2.5873692  -1.9271592  -1.6822909
  -0.05590324]] 
Episode: 106: [[-1.338608   -1.502613   -1.2734867  -0.23109612 -1.7793314  -1.5919896
   0.4798713  -2.019861   -1.6948842   2.5874681  -1.9271544  -1.6822965
  -0.05596029]] 
Episode: 107: [[-1.3386322  -1.5025645  -1.2734199  -0.23116054 -1.7793792  -1.591922
   0.47978908 -2.0199492  -1.6948396   2.5875645  -1.9271916  -1.6823381
  -0.0560278 ]] 
Episode: 108: [[-1.3386654  -1.5025326  -1.2733442  -0.23121357 -1.7794406  -1.5918485
   0.47973344 -2.0200474  -1.6947978   2.5876522  -1.9272571  -1.6824074
  -0.05609974]] 
Episode: 109: [[-1.3386829  -1.5025159  -1.2732816  -0.23126227 -1.779505   -1.5917758
   0.47969535 -2.0201507  -1.6947538   2.5877354  -1.9273428  -1.682508
  -0.05618941]] 
Episode: 110: [[-1.3387078  -1.5025238  -1.2732038  -0.23129721 -1.7795901  -1.5917019
   0.47967526 -2.0202668  -1.6947097   2.587807   -1.9274417  -1.6826153
  -0.05627373]] 
Episode: 111: [[-1.3387293  -1.5025232  -1.2731488  -0.23134683 -1.7796671  -1.591657
   0.4796504  -2.020367   -1.6946697   2.5878863  -1.9275167  -1.6827013
  -0.05634874]] 
Episode: 112: [[-1.3387475  -1.5025197  -1.2731031  -0.23138995 -1.7797328  -1.5916166
   0.47964367 -2.0204484  -1.6946365   2.5879512  -1.927602   -1.6827887
  -0.05641162]] 
Episode: 113: [[-1.338774   -1.5025096  -1.2730687  -0.23141727 -1.7797713  -1.5915933
   0.47965467 -2.0204906  -1.6946266   2.587988   -1.9276755  -1.682835
  -0.05643546]] 
Episode: 114: [[-1.3387977  -1.5025016  -1.2730433  -0.23142995 -1.7797999  -1.5915786
   0.47970122 -2.020526   -1.6946365   2.5880008  -1.9277632  -1.6828872
  -0.05644787]] 
Episode: 115: [[-1.3388331  -1.5025043  -1.2730179  -0.23142496 -1.7798272  -1.5915892
   0.47977298 -2.0205522  -1.6946728   2.5879912  -1.9278551  -1.6829231
  -0.05643589]] 
Episode: 116: [[-1.3388851  -1.5024922  -1.2729826  -0.23141155 -1.7798378  -1.5915796
   0.47983652 -2.020553   -1.6946919   2.587973   -1.9279242  -1.6829368
  -0.05640782]] 
Episode: 117: [[-1.3389409  -1.5024639  -1.2729555  -0.23138367 -1.779825   -1.591574
   0.479912   -2.0205472  -1.6947336   2.58794    -1.9280208  -1.6829636
  -0.05637453]] 
Episode: 118: [[-1.3390138  -1.502436   -1.272922   -0.23135047 -1.7798095  -1.5915481
   0.47999156 -2.0205238  -1.6947607   2.5879018  -1.9281048  -1.6829774
  -0.05632991]] 
Episode: 119: [[-1.3390864  -1.5024295  -1.2728792  -0.23131852 -1.7798264  -1.5915409
   0.4800633  -2.0205166  -1.694777    2.5878677  -1.9281569  -1.6829656
  -0.0562837 ]] 
Episode: 120: [[-1.3391819  -1.5024107  -1.2728305  -0.23125641 -1.7798121  -1.5915438
   0.48015738 -2.0204868  -1.6948314   2.587799   -1.928239   -1.6829352
  -0.05619947]] 
Episode: 121: [[-1.3392406  -1.5024052  -1.272787   -0.23121925 -1.7798158  -1.5915524
   0.4802199  -2.0204864  -1.6948774   2.5877593  -1.9283218  -1.6829299
  -0.05615017]] 
Episode: 122: [[-1.3392535  -1.5024447  -1.2728142  -0.23123318 -1.7798599  -1.5916337
   0.48030257 -2.0205317  -1.6949623   2.587764   -1.9284306  -1.68296
  -0.05613898]] 
Episode: 123: [[-1.33927    -1.502486   -1.2728257  -0.23125376 -1.7799134  -1.5916915
   0.4803571  -2.0205908  -1.6950269   2.5877895  -1.9285388  -1.6830063
  -0.05615331]] 
Episode: 124: [[-1.3392432  -1.5025387  -1.2728453  -0.23130536 -1.7799911  -1.5917305
   0.48037872 -2.020685   -1.695057    2.5878496  -1.9286568  -1.6830802
  -0.05621244]] 
Episode: 125: [[-1.3392262  -1.5025655  -1.272847   -0.2313605  -1.7800499  -1.5917277
   0.480363   -2.0207653  -1.6950641   2.5879204  -1.9287565  -1.6831435
  -0.05627582]] 
Episode: 126: [[-1.3392012  -1.5026287  -1.2728655  -0.23141015 -1.7801256  -1.5917467
   0.4803829  -2.0208442  -1.6950823   2.5879812  -1.9288716  -1.6832222
  -0.05634041]] 
Episode: 127: [[-1.3391826  -1.5026935  -1.2728734  -0.23145224 -1.780208   -1.5917686
   0.48040465 -2.0209272  -1.6951002   2.5880365  -1.9289856  -1.6832982
  -0.05640096]] 
Episode: 128: [[-1.3392017  -1.5028002  -1.2728336  -0.23146103 -1.7803202  -1.5917559
   0.4804322  -2.021047   -1.6951184   2.5880823  -1.9291439  -1.6833982
  -0.0564651 ]] 
Episode: 129: [[-1.3392233  -1.5029067  -1.2728024  -0.23145254 -1.7804246  -1.5917757
   0.48049286 -2.0211549  -1.6951646   2.5881014  -1.9293032  -1.68349
  -0.05650941]] 
Episode: 130: [[-1.3392334  -1.5030011  -1.2727696  -0.2314579  -1.7805262  -1.5917767
   0.48052678 -2.0212579  -1.695183    2.5881348  -1.929439   -1.6835785
  -0.05656457]] 
Episode: 131: [[-1.3392314  -1.5031015  -1.2727485  -0.23147313 -1.7806305  -1.5917839
   0.48056218 -2.0213468  -1.6951972   2.5881698  -1.9295638  -1.6836548
  -0.05661359]] 
Episode: 132: [[-1.3392489  -1.5031822  -1.2727168  -0.23147339 -1.7807108  -1.5917832
   0.48058856 -2.0214212  -1.6952132   2.588195   -1.9296789  -1.6837175
  -0.0566529 ]] 
Episode: 133: [[-1.3392733  -1.5032246  -1.2726915  -0.23147345 -1.7807509  -1.591779
   0.4806052  -2.0214503  -1.6952286   2.58821    -1.9297575  -1.683742
  -0.05666574]] 
Episode: 134: [[-1.3393112  -1.5032563  -1.2726525  -0.23146287 -1.7807838  -1.5917578
   0.48063186 -2.021475   -1.6952479   2.5882168  -1.9298542  -1.683776
  -0.05667707]] 
Episode: 135: [[-1.3393414  -1.5033121  -1.2725996  -0.23143819 -1.7808188  -1.5917207
   0.48066017 -2.0214815  -1.6952542   2.588201   -1.9299145  -1.683776
  -0.05666541]] 
Episode: 136: [[-1.3393755  -1.5033611  -1.272551   -0.2314175  -1.7808511  -1.5916833
   0.4806944  -2.0214806  -1.6952592   2.588186   -1.9299712  -1.6837741
  -0.05664966]] 
Episode: 137: [[-1.3394821  -1.5033282  -1.2724587  -0.2313607  -1.7808062  -1.5915843
   0.48068374 -2.0214298  -1.6952567   2.5881567  -1.930019   -1.6837512
  -0.0566082 ]] 
Episode: 138: [[-1.3395934  -1.5033244  -1.2723495  -0.23130974 -1.7808081  -1.591507
   0.48065364 -2.0214198  -1.695246    2.5881476  -1.9300581  -1.6837265
  -0.056582  ]] 
Episode: 139: [[-1.3397155  -1.5033332  -1.2722424  -0.2312443  -1.780812   -1.5914395
   0.48064622 -2.0214093  -1.695251    2.588125   -1.9301194  -1.6837105
  -0.05654761]] 
Episode: 140: [[-1.3398066  -1.5033523  -1.2721456  -0.2312101  -1.7808411  -1.5913627
   0.48061422 -2.0214276  -1.6952342   2.5881374  -1.9301921  -1.6837181
  -0.05655104]] 
Episode: 141: [[-1.3398935  -1.5033917  -1.2720504  -0.23115878 -1.7808847  -1.5913131
   0.4806195  -2.0214634  -1.6952409   2.5881307  -1.930293   -1.6837493
  -0.05655658]] 
Episode: 142: [[-1.3399824  -1.5034263  -1.2719525  -0.23109347 -1.7809229  -1.5912608
   0.4806437  -2.0215049  -1.6952537   2.588108   -1.9304059  -1.683791
  -0.05655942]] 
Episode: 143: [[-1.340081   -1.5034446  -1.2718439  -0.23102434 -1.7809436  -1.5911822
   0.48065525 -2.021537   -1.695253    2.5880883  -1.9305184  -1.6838472
  -0.05657062]] 
Episode: 144: [[-1.340182   -1.5034558  -1.2717361  -0.23095824 -1.7809556  -1.5910926
   0.48066485 -2.0215569  -1.6952423   2.588073   -1.9306288  -1.6839137
  -0.05658918]] 
Episode: 145: [[-1.3402869  -1.5034426  -1.2716291  -0.23089202 -1.7809471  -1.5910025
   0.48066127 -2.0215704  -1.6952363   2.5880597  -1.9307394  -1.6839807
  -0.05660813]] 
Episode: 146: [[-1.3403704  -1.5034583  -1.2715449  -0.23084567 -1.7809607  -1.5909358
   0.4806549  -2.0215936  -1.695236    2.5880597  -1.930843   -1.6840315
  -0.0566255 ]] 
Episode: 147: [[-1.3404566  -1.5034711  -1.2714466  -0.2308037  -1.7809819  -1.5908597
   0.48063576 -2.021623   -1.6952226   2.588069   -1.9309393  -1.6840886
  -0.05665205]] 
Episode: 148: [[-1.3405463  -1.503484   -1.2713525  -0.23077336 -1.7810043  -1.5907849
   0.48060197 -2.0216417  -1.6951901   2.5880868  -1.9309816  -1.684104
  -0.05666931]] 
Episode: 149: [[-1.3406528  -1.5034862  -1.2712457  -0.23073454 -1.7810286  -1.5907105
   0.48058566 -2.0216699  -1.695166    2.5881007  -1.9310503  -1.6841458
  -0.05669035]] 
Episode: 150: [[-1.3407662  -1.5034727  -1.2711474  -0.2306816  -1.7810242  -1.5906403
   0.48057884 -2.0216677  -1.6951563   2.588093   -1.9311172  -1.684168
  -0.05668646]] 
Episode: 151: [[-1.340882   -1.503444   -1.2710494  -0.2306215  -1.7810012  -1.5905852
   0.48056677 -2.0216534  -1.6951653   2.588073   -1.9311748  -1.684167
  -0.05666084]] 
Episode: 152: [[-1.3409524  -1.5035003  -1.271009   -0.23057769 -1.781051   -1.5905997
   0.48065382 -2.02171    -1.6952336   2.5880587  -1.931327   -1.6842586
  -0.05667859]] 
Episode: 153: [[-1.341017   -1.5035666  -1.2709707  -0.23053822 -1.7811097  -1.5906147
   0.48074052 -2.0217726  -1.6952941   2.5880477  -1.9314734  -1.6843476
  -0.05669863]] 
Episode: 154: [[-1.3410721  -1.5036309  -1.2709372  -0.23050836 -1.7811657  -1.5906208
   0.48082027 -2.021827   -1.6953408   2.5880446  -1.9316186  -1.6844448
  -0.05672641]] 
Episode: 155: [[-1.3411113  -1.5037196  -1.2709268  -0.23049834 -1.7812428  -1.5906652
   0.48089814 -2.021903   -1.6953999   2.5880601  -1.9317479  -1.6845374
  -0.05676381]] 
Episode: 156: [[-1.3411001  -1.5038382  -1.2709436  -0.23049349 -1.7813555  -1.5907515
   0.48101017 -2.022013   -1.6954741   2.58806    -1.9318837  -1.6846324
  -0.05679919]] 
Episode: 157: [[-1.3411858  -1.5040451  -1.2708693  -0.23037837 -1.7815801  -1.5909514
   0.48126537 -2.0222697  -1.6956755   2.5880055  -1.9321849  -1.6848965
  -0.05689759]] 
Episode: 158: [[-1.3412654  -1.5042318  -1.2708104  -0.23027085 -1.7817734  -1.5911419
   0.4815036  -2.0224829  -1.6958647   2.5879445  -1.9324476  -1.6851144
  -0.05696471]] 
Episode: 159: [[-1.3413324  -1.5044214  -1.2707547  -0.23017928 -1.7819698  -1.5913258
   0.48172036 -2.022698   -1.6960475   2.5879023  -1.9327127  -1.6853347
  -0.05704217]] 
Episode: 160: [[-1.3414383  -1.5045648  -1.270662   -0.23007706 -1.7821352  -1.5914506
   0.48190305 -2.0228784  -1.6961902   2.5878544  -1.9329337  -1.6855067
  -0.05709302]] 
Episode: 161: [[-1.3415347  -1.504699   -1.270585   -0.22999403 -1.7822868  -1.5915575
   0.48206818 -2.0230377  -1.6963152   2.5878215  -1.9331341  -1.6856629
  -0.0571452 ]] 
Episode: 162: [[-1.3416121  -1.5048429  -1.2705226  -0.22991905 -1.782446   -1.5916518
   0.48225126 -2.023194   -1.6964374   2.5877855  -1.933344   -1.6858237
  -0.05719934]] 
Episode: 163: [[-1.3416821  -1.5049778  -1.2704672  -0.2298481  -1.782597   -1.5917541
   0.48242667 -2.0233357  -1.6965506   2.5877464  -1.9335251  -1.6859628
  -0.05724335]] 
Episode: 164: [[-1.3417397  -1.5050919  -1.2704098  -0.2298086  -1.7827307  -1.5918231
   0.48252857 -2.0234616  -1.6966214   2.5877469  -1.9336611  -1.6860667
  -0.05729856]] 
Episode: 165: [[-1.3417745  -1.5051949  -1.2703942  -0.22979583 -1.7828584  -1.5919224
   0.48262942 -2.0235767  -1.6966974   2.5877585  -1.9337718  -1.6861476
  -0.05734527]] 
Episode: 166: [[-1.3417634  -1.5053107  -1.2703568  -0.22984767 -1.7830333  -1.5919402
   0.4826567  -2.0237463  -1.6966776   2.5878556  -1.9338744  -1.6862767
  -0.05747935]] 
Episode: 167: [[-1.3417631  -1.5054333  -1.270304   -0.22990492 -1.7832147  -1.591939
   0.48268336 -2.023907   -1.6966434   2.5879574  -1.9339677  -1.686397
  -0.0576072 ]] 
Episode: 168: [[-1.3417526  -1.5055474  -1.2702407  -0.22996284 -1.7833941  -1.5919209
   0.48268807 -2.0240812  -1.696596    2.588068   -1.9340662  -1.6865281
  -0.05775537]] 
Episode: 169: [[-1.3417555  -1.5056554  -1.2701793  -0.23000163 -1.7835553  -1.5919092
   0.4827143  -2.0242338  -1.6965744   2.5881524  -1.9341834  -1.6866544
  -0.05787568]] 
Episode: 170: [[-1.3417456  -1.5057724  -1.2701254  -0.23005682 -1.7837238  -1.5918837
   0.48273653 -2.0243943  -1.6965473   2.5882573  -1.9343239  -1.6868072
  -0.05802207]] 
Episode: 171: [[-1.3417312  -1.5058678  -1.2700856  -0.23010634 -1.7838657  -1.5918778
   0.4827658  -2.0245247  -1.6965349   2.588339   -1.9344431  -1.686925
  -0.05813274]] 
Episode: 172: [[-1.3417444  -1.5059459  -1.2700173  -0.23016378 -1.7839874  -1.5918205
   0.48273155 -2.0246482  -1.6964936   2.5884562  -1.9345717  -1.6870389
  -0.05826269]] 
Episode: 173: [[-1.3417453  -1.5060085  -1.2699745  -0.23025104 -1.7840949  -1.5917734
   0.4826658  -2.0247576  -1.6964407   2.5885983  -1.9346548  -1.6871208
  -0.05839138]] 
Episode: 174: [[-1.3417485  -1.5060782  -1.2699243  -0.23033576 -1.7842122  -1.591722
   0.48259276 -2.0248797  -1.6963863   2.588744   -1.9347471  -1.6872048
  -0.05852478]] 
Episode: 175: [[-1.3417851  -1.5061105  -1.2698456  -0.23041154 -1.7843006  -1.5916419
   0.48250315 -2.0249858  -1.6963384   2.5888877  -1.9348367  -1.6872808
  -0.05864383]] 
Episode: 176: [[-1.3418314  -1.5061733  -1.2697643  -0.23046078 -1.7843955  -1.5916144
   0.48242587 -2.0251076  -1.6963373   2.5890117  -1.9349433  -1.6873546
  -0.05874935]] 
Episode: 177: [[-1.3418887  -1.5062261  -1.2696856  -0.23048756 -1.7844695  -1.5916014
   0.48237035 -2.0252044  -1.696358    2.5890996  -1.9350377  -1.6873977
  -0.05881286]] 
Episode: 178: [[-1.3419533  -1.5062699  -1.2696054  -0.23050138 -1.7845298  -1.5915976
   0.4823266  -2.0252829  -1.6963841   2.5891669  -1.9351102  -1.6874208
  -0.058855  ]] 
Episode: 179: [[-1.3420242  -1.5063161  -1.2695026  -0.23056298 -1.784617   -1.5915571
   0.48218235 -2.0253782  -1.6963446   2.5893123  -1.9351425  -1.6874291
  -0.05893827]] 
Episode: 180: [[-1.342116   -1.5063628  -1.269389   -0.23058999 -1.7846941  -1.591531
   0.4820737  -2.0254576  -1.6963334   2.5894167  -1.9351939  -1.687433
  -0.05898775]] 
Episode: 181: [[-1.3421924  -1.5064137  -1.2692864  -0.23061402 -1.7847737  -1.5915184
   0.4819764  -2.0255399  -1.6963246   2.5895083  -1.9352372  -1.6874269
  -0.05902747]] 
Episode: 182: [[-1.3422927  -1.506443   -1.2691691  -0.2306098  -1.7848295  -1.5914993
   0.48189843 -2.0256083  -1.6963377   2.5895705  -1.9353008  -1.687426
  -0.05904469]] 
Episode: 183: [[-1.3423809  -1.5064746  -1.2690625  -0.23061085 -1.7848881  -1.5914809
   0.48183233 -2.0256631  -1.6963371   2.5896263  -1.9353405  -1.6874154
  -0.05905531]] 
Episode: 184: [[-1.342508   -1.5063285  -1.2688469  -0.23051007 -1.7847923  -1.5914491
   0.48169836 -2.025624   -1.6963606   2.589576   -1.935274   -1.6872941
  -0.05898984]] 
Episode: 185: [[-1.3426349  -1.506175   -1.2686638  -0.23040654 -1.7846731  -1.5914361
   0.48159003 -2.025549   -1.696405    2.5895028  -1.9351958  -1.6871439
  -0.05888479]] 
Episode: 186: [[-1.3427491  -1.5060385  -1.2685045  -0.23030214 -1.7845691  -1.5914557
   0.481516   -2.0254877  -1.696474    2.5894182  -1.935141   -1.687007
  -0.05877227]] 
Episode: 187: [[-1.342855   -1.5059146  -1.2683667  -0.23020266 -1.784469   -1.5914855
   0.48145905 -2.0254211  -1.6965469   2.5893314  -1.9350882  -1.6868725
  -0.05865707]] 
Episode: 188: [[-1.3429737  -1.5058094  -1.2682405  -0.23009194 -1.7843691  -1.5915177
   0.48144117 -2.025343   -1.6966413   2.5892224  -1.9350595  -1.6867331
  -0.05851134]] 
Episode: 189: [[-1.3431048  -1.5057174  -1.2681028  -0.22997917 -1.7842762  -1.591545
   0.48139784 -2.0252724  -1.696726    2.5891292  -1.935032   -1.686598
  -0.05838082]] 
Episode: 190: [[-1.3432177  -1.5056374  -1.2679695  -0.22988926 -1.7842083  -1.5915562
   0.48135328 -2.0252264  -1.6967924   2.5890594  -1.9350159  -1.6864853
  -0.05827767]] 
Episode: 191: [[-1.3432966  -1.5055816  -1.2678387  -0.22984101 -1.7841651  -1.591527
   0.4812638  -2.0252135  -1.6968207   2.58905    -1.9350243  -1.686413
  -0.05824557]] 
Episode: 192: [[-1.3433511  -1.505534   -1.267723   -0.2298133  -1.7841358  -1.5915142
   0.4811559  -2.0252075  -1.6968303   2.5890567  -1.934996   -1.6863188
  -0.05821965]] 
Episode: 193: [[-1.3433998  -1.5055108  -1.2676244  -0.22979224 -1.7841259  -1.5915116
   0.48107234 -2.0252085  -1.6968391   2.589065   -1.9349724  -1.6862355
  -0.05819796]] 
Episode: 194: [[-1.3434314  -1.5055096  -1.2675478  -0.22978748 -1.7841362  -1.591519
   0.4810016  -2.0252151  -1.696831    2.589084   -1.9349316  -1.686162
  -0.05818936]] 
Episode: 195: [[-1.3434949  -1.5055135  -1.2674569  -0.22973521 -1.784143   -1.5915569
   0.48096222 -2.0252202  -1.6968504   2.58906    -1.9348952  -1.6860849
  -0.05815617]] 
Episode: 196: [[-1.3435282  -1.505537   -1.2673795  -0.22974448 -1.7841829  -1.59155
   0.48087144 -2.0252395  -1.6967921   2.5891101  -1.9348315  -1.6860245
  -0.05818916]] 
Episode: 197: [[-1.3435731  -1.5055602  -1.2672992  -0.22973877 -1.7842181  -1.5915309
   0.48080888 -2.025256   -1.6967486   2.5891464  -1.9348118  -1.6860021
  -0.05822413]] 
Episode: 198: [[-1.3436188  -1.5055921  -1.2672179  -0.22972456 -1.7842617  -1.5915142
   0.4807649  -2.0252838  -1.6967137   2.5891747  -1.9348091  -1.6859983
  -0.05826382]] 
Episode: 199: [[-1.3436515  -1.5056417  -1.2671555  -0.22971033 -1.7843127  -1.5915225
   0.48073575 -2.0253203  -1.6966954   2.5891974  -1.9348046  -1.6859919
  -0.05830083]] 
Episode: 200: [[-1.3436849  -1.5056914  -1.2670962  -0.22971557 -1.784365   -1.5914929
   0.4807001  -2.0253408  -1.696642    2.5892353  -1.9347837  -1.6859772
  -0.05833933]] 
Episode: 201: [[-1.3437063  -1.5057286  -1.2670625  -0.22973552 -1.7844     -1.5914699
   0.48067272 -2.0253448  -1.6966016   2.589274   -1.9347626  -1.6859548
  -0.05836541]] 
Episode: 202: [[-1.3437862  -1.5057871  -1.2669518  -0.22969754 -1.7844533  -1.5914075
   0.4806783  -2.0253513  -1.6965495   2.5892723  -1.9347613  -1.685956
  -0.05838118]] 
Episode: 203: [[-1.3438641  -1.5058448  -1.2668523  -0.2296604  -1.7845045  -1.591353
   0.4806937  -2.025352   -1.6965021   2.5892668  -1.9347577  -1.6859568
  -0.05839288]] 
Episode: 204: [[-1.3439461  -1.505893   -1.2667718  -0.22960071 -1.7845387  -1.5913554
   0.4807409  -2.0253367  -1.696507    2.5892203  -1.9347416  -1.6859185
  -0.05835211]] 
Episode: 205: [[-1.3440161  -1.5059557  -1.2666801  -0.22956674 -1.7845908  -1.5913254
   0.4807327  -2.025332   -1.6964699   2.589217   -1.9347146  -1.6858805
  -0.05834754]] 
Episode: 206: [[-1.3440772  -1.5059923  -1.2665912  -0.22953624 -1.7846218  -1.5913082
   0.48069346 -2.0253217  -1.6964326   2.5892153  -1.9346564  -1.6858063
  -0.05833304]] 
Episode: 207: [[-1.3441298  -1.5060092  -1.2665106  -0.22952414 -1.7846488  -1.5912838
   0.48064354 -2.0253127  -1.696379    2.589229   -1.9345891  -1.6857364
  -0.05832897]] 
Episode: 208: [[-1.3441814  -1.5060439  -1.2664293  -0.22951546 -1.7847024  -1.5912921
   0.4806003  -2.0253346  -1.6963365   2.5892498  -1.934522   -1.685674
  -0.05833232]] 
Episode: 209: [[-1.3442454  -1.5061138  -1.2663099  -0.22950892 -1.7847847  -1.5912505
   0.48053864 -2.025377   -1.696266    2.5892925  -1.9344814  -1.6856438
  -0.05836283]] 
Episode: 210: [[-1.3443472  -1.5062764  -1.2661405  -0.22943029 -1.7849584  -1.5912895
   0.48056215 -2.025533   -1.6962705   2.5892997  -1.9345604  -1.6857231
  -0.05843385]] 
Episode: 211: [[-1.3444252  -1.5064224  -1.2659876  -0.22936393 -1.7851146  -1.5913321
   0.4805697  -2.0256765  -1.6962692   2.5893097  -1.9346186  -1.6857858
  -0.0585011 ]] 
Episode: 212: [[-1.3445295  -1.5065401  -1.2658404  -0.22927487 -1.7852324  -1.5913942
   0.48059636 -2.025774   -1.6962979   2.589278   -1.9346467  -1.6857922
  -0.05849962]] 
Episode: 213: [[-1.3446294  -1.5066545  -1.2656982  -0.22918102 -1.785345   -1.5914501
   0.48064145 -2.0258734  -1.6963335   2.5892372  -1.9346974  -1.6858206
  -0.05849983]] 
Episode: 214: [[-1.3447021  -1.5067873  -1.2655656  -0.22909816 -1.7854815  -1.5915184
   0.48069564 -2.025998   -1.6963708   2.589201   -1.9347607  -1.685859
  -0.05850933]] 
Episode: 215: [[-1.3447812  -1.5069019  -1.2654325  -0.22900847 -1.7855998  -1.5915867
   0.48074463 -2.0261092  -1.6964132   2.5891562  -1.9348115  -1.6858808
  -0.05850726]] 
Episode: 216: [[-1.3448855  -1.5069673  -1.2653016  -0.22889736 -1.7856619  -1.591648
   0.48080182 -2.0261738  -1.6964827   2.5890782  -1.9348552  -1.685874
  -0.05845771]] 
Episode: 217: [[-1.3449641  -1.5069886  -1.265207   -0.22881097 -1.7856809  -1.5917011
   0.4808468  -2.0262108  -1.6965585   2.5890067  -1.9349048  -1.6858606
  -0.05839551]] 
Episode: 218: [[-1.3450449  -1.507003   -1.2651237  -0.22871114 -1.7856829  -1.5917721
   0.48090973 -2.0262206  -1.6966488   2.5889068  -1.9349371  -1.6858189
  -0.05829658]] 
Episode: 219: [[-1.3451139  -1.5070101  -1.265063   -0.22860931 -1.7856802  -1.5918682
   0.48098376 -2.0262382  -1.6967568   2.588803   -1.9349728  -1.6857885
  -0.05820786]] 
Episode: 220: [[-1.345191   -1.5070143  -1.265006   -0.22850372 -1.7856741  -1.5919602
   0.4810731  -2.0262468  -1.6968702   2.588689   -1.9350047  -1.6857492
  -0.05810361]] 
Episode: 221: [[-1.3452893  -1.506944   -1.2649139  -0.22838189 -1.7856227  -1.5921017
   0.48106694 -2.02627    -1.6969862   2.5885732  -1.9349437  -1.6856099
  -0.05796396]] 
Episode: 222: [[-1.3453783  -1.5068679  -1.2648301  -0.22825709 -1.7855614  -1.5922589
   0.48106575 -2.0262837  -1.697118    2.5884438  -1.9348747  -1.6854538
  -0.05780502]] 
Episode: 223: [[-1.3454762  -1.5067925  -1.2647525  -0.22812179 -1.7854918  -1.5924163
   0.4810878  -2.026279   -1.6972612   2.5882967  -1.9348166  -1.6852994
  -0.05762786]] 
Episode: 224: [[-1.3455867  -1.5067163  -1.2646787  -0.22796935 -1.7854106  -1.5925709
   0.48113343 -2.02626    -1.697419    2.588132   -1.9347799  -1.6851615
  -0.05744492]] 
Episode: 225: [[-1.3456941  -1.5066557  -1.2646085  -0.22783202 -1.7853462  -1.5927069
   0.4811812  -2.0262456  -1.6975613   2.5879846  -1.9347503  -1.6850375
  -0.05727842]] 
Episode: 226: [[-1.3457958  -1.506599   -1.264549   -0.22769274 -1.7852787  -1.59285
   0.48123282 -2.0262272  -1.6977049   2.5878344  -1.9347193  -1.6849151
  -0.05711487]] 
Episode: 227: [[-1.3459077  -1.506538   -1.2644761  -0.22754574 -1.7852055  -1.5929832
   0.48127773 -2.0262065  -1.697854    2.587683   -1.9347025  -1.6847953
  -0.05695212]] 
Episode: 228: [[-1.3460267  -1.5064855  -1.2644002  -0.22740345 -1.7851396  -1.5931004
   0.4813199  -2.0261788  -1.6979778   2.5875375  -1.9346668  -1.6846662
  -0.05679033]] 
Episode: 229: [[-1.3461382  -1.506429   -1.264338   -0.22728169 -1.7850693  -1.5932025
   0.4813469  -2.0261438  -1.6980872   2.5874138  -1.9346348  -1.684546
  -0.05664169]] 
Episode: 230: [[-1.3462716  -1.5063875  -1.2642447  -0.22709508 -1.7850074  -1.593394
   0.48141146 -2.0261827  -1.6982723   2.587245   -1.9346342  -1.6844498
  -0.05650377]] 
Episode: 231: [[-1.3463709  -1.5063614  -1.2641714  -0.22693823 -1.7849694  -1.5935856
   0.48147467 -2.0262346  -1.6984454   2.5870998  -1.9346359  -1.6843643
  -0.05638919]] 
Episode: 232: [[-1.3464757  -1.5063047  -1.2640524  -0.22679819 -1.7849172  -1.5936767
   0.48146307 -2.026287   -1.6985376   2.586996   -1.934621   -1.6842885
  -0.05631823]] 
Episode: 233: [[-1.346586   -1.5062544  -1.263946   -0.22665912 -1.7848604  -1.593771
   0.4814643  -2.026323   -1.6986434   2.5868907  -1.9346231  -1.6842202
  -0.05624123]] 
Episode: 234: [[-1.3466986  -1.5061885  -1.2638404  -0.22653598 -1.7847912  -1.593833
   0.4814464  -2.026346   -1.6987283   2.5868044  -1.934623   -1.6841558
  -0.05617458]] 
Episode: 235: [[-1.3467958  -1.5061374  -1.2637173  -0.22643436 -1.7847421  -1.5938417
   0.48140603 -2.0263863  -1.6987629   2.5867484  -1.9346298  -1.684117
  -0.05614496]] 
Episode: 236: [[-1.3468655  -1.5060781  -1.2636428  -0.22636603 -1.7846924  -1.5938903
   0.4813567  -2.0264027  -1.6987894   2.5867078  -1.9345826  -1.6840427
  -0.05610425]] 
Episode: 237: [[-1.3469073  -1.506037   -1.2635748  -0.22632833 -1.7846674  -1.5939037
   0.48130003 -2.0264416  -1.6987871   2.5867028  -1.9345663  -1.6840092
  -0.05611001]] 
Episode: 238: [[-1.3468404  -1.5060594  -1.263506   -0.22638986 -1.7847464  -1.593856
   0.4811586  -2.026593   -1.6986705   2.586821   -1.9345777  -1.684031
  -0.05625952]] 
Episode: 239: [[-1.346806   -1.5060751  -1.2634021  -0.22642118 -1.7848     -1.5937628
   0.4810235  -2.026724   -1.6985718   2.586916   -1.934626   -1.6840671
  -0.05639101]] 
Episode: 240: [[-1.346789   -1.5060917  -1.2632872  -0.22643453 -1.7848514  -1.5936594
   0.480906   -2.0268486  -1.6984698   2.5870004  -1.9346777  -1.6841313
  -0.05653343]] 
Episode: 241: [[-1.346754   -1.506151   -1.2631924  -0.22646943 -1.7849455  -1.5935719
   0.48080498 -2.0269978  -1.6983689   2.5871007  -1.9347409  -1.6842035
  -0.05668292]] 
Episode: 242: [[-1.3467499  -1.5061936  -1.2630913  -0.22649084 -1.7850189  -1.5934657
   0.48071516 -2.0271258  -1.6982754   2.5871897  -1.9348122  -1.6842818
  -0.0568181 ]] 
Episode: 243: [[-1.3467282  -1.5062407  -1.2629998  -0.22652927 -1.7851031  -1.5933652
   0.48061213 -2.02726    -1.698166    2.5872974  -1.9348705  -1.6843677
  -0.05697462]] 
Episode: 244: [[-1.3467175  -1.5062737  -1.2629145  -0.22656772 -1.7851683  -1.5932609
   0.48050982 -2.0273645  -1.6980542   2.5873938  -1.9348965  -1.6844115
  -0.05709741]] 
Episode: 245: [[-1.3466989  -1.5063514  -1.2628348  -0.22661076 -1.7852813  -1.5931847
   0.48043123 -2.027504   -1.6979527   2.5874932  -1.934934   -1.6844664
  -0.05722307]] 
Episode: 246: [[-1.346705   -1.5064113  -1.2627355  -0.22663108 -1.7853703  -1.5930989
   0.4803519  -2.0276258  -1.6978595   2.587574   -1.9349782  -1.6845187
  -0.05733122]] 
Episode: 247: [[-1.3467302  -1.5064623  -1.2626492  -0.22663315 -1.785441   -1.5930331
   0.4803107  -2.0277224  -1.697803    2.587623   -1.9350355  -1.6845613
  -0.05740003]] 
Episode: 248: [[-1.3467574  -1.5065048  -1.2625718  -0.22664152 -1.7854888  -1.5929605
   0.48025775 -2.0277832  -1.6977388   2.5876706  -1.9350635  -1.6845747
  -0.05744838]] 
Episode: 249: [[-1.3467822  -1.5065432  -1.2624907  -0.22665705 -1.7855393  -1.5928764
   0.48020324 -2.0278442  -1.6976649   2.5877247  -1.9350952  -1.6846007
  -0.05750311]] 
Episode: 250: [[-1.3468257  -1.5065739  -1.2624165  -0.22664315 -1.7855649  -1.5928236
   0.48017243 -2.0278807  -1.6976286   2.5877426  -1.9351299  -1.6846105
  -0.05752014]] 
Episode: 251: [[-1.346867   -1.5066193  -1.2623582  -0.22661816 -1.7856003  -1.5927941
   0.48018566 -2.0279372  -1.69762     2.5877442  -1.9351985  -1.6846492
  -0.05753904]] 
Episode: 252: [[-1.3469143  -1.5066549  -1.262308   -0.22658826 -1.7856195  -1.592763
   0.4802158  -2.0279734  -1.6976234   2.5877337  -1.9352756  -1.6846886
  -0.05754478]] 
Episode: 253: [[-1.3469573  -1.5067236  -1.2622602  -0.22656566 -1.7856752  -1.59274
   0.48026675 -2.0280216  -1.6976147   2.5877306  -1.935352   -1.6847461
  -0.05756548]] 
Episode: 254: [[-1.3470054  -1.5067892  -1.2622035  -0.22653435 -1.785731   -1.5927316
   0.48030826 -2.028086   -1.6976223   2.5877254  -1.9354272  -1.6847941
  -0.0575854 ]] 
Episode: 255: [[-1.3470526  -1.5068297  -1.2621489  -0.22651081 -1.7857697  -1.5927128
   0.48033634 -2.0281365  -1.6976238   2.5877273  -1.935496   -1.6848427
  -0.05760871]] 
Episode: 256: [[-1.3471094  -1.5068741  -1.2620919  -0.22646879 -1.7858043  -1.592709
   0.4803888  -2.0281835  -1.6976557   2.5877073  -1.9355853  -1.6848967
  -0.05761587]] 
Episode: 257: [[-1.3471614  -1.5068953  -1.2620403  -0.22643027 -1.7858245  -1.5927289
   0.48041573 -2.0282254  -1.6976966   2.5876904  -1.935656   -1.6849297
  -0.05761305]] 
Episode: 258: [[-1.3471997  -1.506884   -1.2620138  -0.22641076 -1.7858192  -1.5927422
   0.48044354 -2.0282376  -1.6977311   2.587677   -1.9357209  -1.6849601
  -0.05760189]] 
Episode: 259: [[-1.3472524  -1.5068645  -1.2619655  -0.22639252 -1.7858092  -1.5927254
   0.48045212 -2.0282407  -1.6977454   2.5876722  -1.935771   -1.6849841
  -0.05759452]] 
Episode: 260: [[-1.3472894  -1.5068603  -1.2619332  -0.22639063 -1.7858047  -1.5927259
   0.48044527 -2.028234   -1.6977495   2.5876806  -1.9357888  -1.6849856
  -0.05758737]] 
Episode: 261: [[-1.3473755  -1.5068283  -1.261855   -0.22635283 -1.7857722  -1.5926907
   0.4804339  -2.0282323  -1.6977695   2.587677   -1.9358393  -1.6850115
  -0.05759029]] 
Episode: 262: [[-1.3474429  -1.5068241  -1.261793   -0.22631891 -1.7857583  -1.5926611
   0.4804424  -2.0282536  -1.6978021   2.5876741  -1.9359312  -1.6850605
  -0.05760293]] 
Episode: 263: [[-1.3475186  -1.5068234  -1.2617384  -0.22627951 -1.7857438  -1.5926468
   0.48046973 -2.02826    -1.6978396   2.5876598  -1.9360137  -1.6851025
  -0.05760134]] 
Episode: 264: [[-1.3475829  -1.5068318  -1.2616909  -0.22624972 -1.7857379  -1.592617
   0.48050135 -2.0282626  -1.697858    2.5876517  -1.9360906  -1.6851517
  -0.05761011]] 
Episode: 265: [[-1.3476616  -1.506828   -1.2616161  -0.22620684 -1.7857275  -1.5925778
   0.48052132 -2.0282724  -1.6978823   2.5876398  -1.936178   -1.6852022
  -0.05761952]] 
Episode: 266: [[-1.3477474  -1.5068426  -1.2615374  -0.22616692 -1.7857267  -1.5925413
   0.48053917 -2.0282881  -1.6979083   2.5876389  -1.9362719  -1.6852653
  -0.05763933]] 
Episode: 267: [[-1.3478378  -1.506856   -1.2614641  -0.22613716 -1.7857242  -1.5924883
   0.48056003 -2.0283067  -1.6979293   2.5876508  -1.93638    -1.6853479
  -0.05767234]] 
Episode: 268: [[-1.3479327  -1.506868   -1.2613746  -0.22612008 -1.7857132  -1.5923907
   0.48056272 -2.0283022  -1.6979212   2.5876706  -1.9364613  -1.6854002
  -0.05769244]] 
Episode: 269: [[-1.347927   -1.5069871  -1.2614454  -0.2261035  -1.7857509  -1.592354
   0.48067373 -2.0284054  -1.6980121   2.5876791  -1.9366752  -1.6855596
  -0.0577777 ]] 
Episode: 270: [[-1.3479263  -1.5071348  -1.2615045  -0.22606744 -1.7858237  -1.5923681
   0.4807963  -2.0285335  -1.6981207   2.5876687  -1.9368706  -1.6856927
  -0.05784278]] 
Episode: 271: [[-1.3479221  -1.5072912  -1.2615563  -0.22605033 -1.7859296  -1.5924065
   0.48092362 -2.0286696  -1.6982182   2.58767    -1.9370365  -1.6858108
  -0.05790577]] 
Episode: 272: [[-1.3479507  -1.5074363  -1.2615775  -0.22602828 -1.7860311  -1.5924286
   0.48102885 -2.0287817  -1.6982871   2.5876713  -1.9371545  -1.6858904
  -0.05794632]] 
Episode: 273: [[-1.3480017  -1.5075709  -1.2615614  -0.22600032 -1.786131   -1.5924277
   0.4811061  -2.0288901  -1.6983341   2.5876753  -1.9372498  -1.6859448
  -0.05797658]] 
Episode: 274: [[-1.3480351  -1.507707   -1.261556   -0.22598146 -1.7862334  -1.5924377
   0.48117805 -2.0289948  -1.6983739   2.5876834  -1.9373318  -1.6859909
  -0.05801034]] 
Episode: 275: [[-1.3481138  -1.5078374  -1.2615465  -0.22591302 -1.7863028  -1.5924671
   0.4813053  -2.0290513  -1.6984692   2.587629   -1.9374391  -1.6860253
  -0.05797907]] 
Episode: 276: [[-1.3481816  -1.507953   -1.2615509  -0.22585261 -1.7863498  -1.5924965
   0.48143008 -2.029081   -1.6985667   2.5875716  -1.9375316  -1.6860464
  -0.05793621]] 
Episode: 277: [[-1.3482631  -1.5080526  -1.2615482  -0.22578356 -1.786375   -1.592521
   0.4815445  -2.0290804  -1.6986588   2.5875027  -1.9375881  -1.686036
  -0.05787172]] 
Episode: 278: [[-1.3483423  -1.5081252  -1.2615505  -0.22572002 -1.7863805  -1.5925355
   0.4816576  -2.0290542  -1.6987385   2.5874245  -1.9376107  -1.6859941
  -0.05778456]] 
Episode: 279: [[-1.3485272  -1.5080775  -1.2614009  -0.22556224 -1.786326   -1.5925508
   0.48173133 -2.0290492  -1.698852    2.5872993  -1.9376316  -1.6859523
  -0.05769506]] 
Episode: 280: [[-1.3486732  -1.5080676  -1.2612959  -0.22542872 -1.7863069  -1.5926131
   0.48184    -2.0290697  -1.698982    2.5871842  -1.9376665  -1.6859281
  -0.05762087]] 
Episode: 281: [[-1.348821   -1.5080271  -1.2611738  -0.22531514 -1.7862698  -1.5926378
   0.48189285 -2.0290785  -1.699073    2.5870996  -1.9376789  -1.6858919
  -0.05756091]] 
Episode: 282: [[-1.3489821  -1.5079798  -1.2610694  -0.2251828  -1.7861999  -1.5926734
   0.48196366 -2.0290346  -1.699182    2.5869777  -1.9376652  -1.6858119
  -0.05744408]] 
Episode: 283: [[-1.3491187  -1.5079333  -1.2609658  -0.22509146 -1.7861556  -1.5927182
   0.48199227 -2.029008   -1.6992717   2.5868979  -1.9376159  -1.6857082
  -0.05734377]] 
Episode: 284: [[-1.3492143  -1.5078887  -1.2608632  -0.22504722 -1.7861416  -1.5927148
   0.4819822  -2.0290265  -1.699311    2.5868807  -1.9376024  -1.68566
  -0.05732123]] 
Episode: 285: [[-1.3493148  -1.5078255  -1.260759   -0.224999   -1.7861034  -1.59269
   0.48196194 -2.0290318  -1.6993505   2.586863   -1.937606   -1.6856234
  -0.05730066]] 
Episode: 286: [[-1.3494127  -1.5077647  -1.2606602  -0.22495022 -1.7860669  -1.5926713
   0.481946   -2.0290377  -1.6993939   2.5868452  -1.9376175  -1.6855966
  -0.05728308]] 
Episode: 287: [[-1.3495382  -1.5076834  -1.26055    -0.22489409 -1.7860036  -1.5926317
   0.48190436 -2.029021   -1.6994332   2.5868258  -1.9376165  -1.6855373
  -0.05724254]] 
Episode: 288: [[-1.3496888  -1.5076084  -1.2604097  -0.22484797 -1.7859437  -1.592516
   0.48183706 -2.0290031  -1.6994275   2.5868344  -1.9376299  -1.6854932
  -0.05722286]] 
Episode: 289: [[-1.3498349  -1.5074885  -1.2602596  -0.22479938 -1.7858735  -1.5924792
   0.48173085 -2.0289845  -1.6994307   2.586835   -1.9375539  -1.6853774
  -0.05717445]] 
Episode: 290: [[-1.3500499  -1.5073298  -1.2600687  -0.2246771  -1.7857461  -1.5924212
   0.48163676 -2.028947   -1.6994699   2.586782   -1.9375119  -1.6852729
  -0.05709843]] 
Episode: 291: [[-1.3502568  -1.5071788  -1.2598772  -0.22456647 -1.7856308  -1.5923599
   0.4815305  -2.0289266  -1.6995058   2.5867467  -1.9374807  -1.6851839
  -0.05703912]] 
Episode: 292: [[-1.3504146  -1.5070727  -1.2597058  -0.2244889  -1.7855673  -1.5923007
   0.48142797 -2.0289447  -1.6995078   2.586743   -1.9374523  -1.6851281
  -0.05702855]] 
Episode: 293: [[-1.3505476  -1.5069969  -1.2595491  -0.22441955 -1.7855332  -1.5922581
   0.4813477  -2.0289822  -1.6995101   2.5867417  -1.937438   -1.6850935
  -0.05703205]] 
Episode: 294: [[-1.3506932  -1.5069627  -1.2594332  -0.2243627  -1.7855089  -1.5922562
   0.48127714 -2.0290024  -1.6995149   2.5867548  -1.9373908  -1.6850411
  -0.05703071]] 
Episode: 295: [[-1.350831   -1.5069156  -1.2593127  -0.22432405 -1.7854877  -1.5922331
   0.48119646 -2.0290375  -1.6995133   2.5867872  -1.9373684  -1.6850079
  -0.05704476]] 
Episode: 296: [[-1.3509902  -1.5068837  -1.259175   -0.2242566  -1.7854877  -1.5922246
   0.48114905 -2.029081   -1.6995229   2.5867882  -1.9373538  -1.6849691
  -0.05703306]] 
Episode: 297: [[-1.3511407  -1.506837   -1.2591345  -0.22412272 -1.7855299  -1.5924927
   0.48121956 -2.0292635  -1.6997201   2.586716   -1.9373772  -1.6849385
  -0.05700983]] 
Episode: 298: [[-1.351267   -1.5067959  -1.2591003  -0.22401318 -1.7855741  -1.5927322
   0.48127916 -2.0294366  -1.6998931   2.5866628  -1.9374052  -1.6849194
  -0.057003  ]] 
Episode: 299: [[-1.3513721  -1.5067663  -1.259097   -0.22391301 -1.7856088  -1.5929793
   0.4813599  -2.0295672  -1.7000663   2.5865936  -1.9374075  -1.6848725
  -0.0569653 ]] 
Episode: 300: [[-1.3514379  -1.506862   -1.2591522  -0.2238224  -1.7857115  -1.5932688
   0.48149052 -2.029722   -1.7002401   2.5865262  -1.9373964  -1.6848359
  -0.05694195]] 
Episode: 301: [[-1.3514847  -1.5069568  -1.2592145  -0.22374275 -1.7858057  -1.5935398
   0.48161873 -2.0298576  -1.7004077   2.5864613  -1.9373965  -1.6848102
  -0.05691945]] 
Episode: 302: [[-1.3515543  -1.5070314  -1.2592613  -0.22364688 -1.7858719  -1.5937964
   0.48175374 -2.029964   -1.7005905   2.5863752  -1.9374088  -1.6847787
  -0.05686588]] 
Episode: 303: [[-1.351538   -1.5072234  -1.2593858  -0.2235759  -1.7860292  -1.5940928
   0.48194718 -2.0301232  -1.7007873   2.5862966  -1.937469   -1.6848022
  -0.05684517]] 
Episode: 304: [[-1.3515456  -1.5073689  -1.2594867  -0.22348715 -1.7861434  -1.5943668
   0.482129   -2.030258   -1.700991    2.586199   -1.9375435  -1.6848232
  -0.05679679]] 
Episode: 305: [[-1.3515527  -1.5075091  -1.2595594  -0.22341204 -1.7862602  -1.5945965
   0.4822785  -2.0303915  -1.7011575   2.5861266  -1.9376184  -1.684855
  -0.05677337]] 
Episode: 306: [[-1.3516215  -1.5076711  -1.2595223  -0.22334734 -1.7863693  -1.5947145
   0.48234624 -2.0304832  -1.7012396   2.5860944  -1.9376514  -1.6848465
  -0.05674475]] 
Episode: 307: [[-1.3516822  -1.5077786  -1.2594647  -0.22329536 -1.7864264  -1.594799
   0.48234648 -2.030554   -1.7013113   2.586076   -1.9376742  -1.6848017
  -0.05670208]] 
Episode: 308: [[-1.3517753  -1.5078437  -1.259402   -0.2232192  -1.7864302  -1.5948707
   0.48234034 -2.0305698  -1.7013886   2.586026   -1.9376563  -1.6847044
  -0.05661111]] 
Episode: 309: [[-1.3519535  -1.5078237  -1.2592506  -0.2230715  -1.7863618  -1.5948938
   0.48231336 -2.030601   -1.7014983   2.5859451  -1.9376953  -1.6846513
  -0.05652885]] 
Episode: 310: [[-1.3521347  -1.5077983  -1.2591019  -0.2229126  -1.7862874  -1.5949167
   0.48230243 -2.030619   -1.7016113   2.585846   -1.9377304  -1.6845924
  -0.05643268]] 
Episode: 311: [[-1.3523122  -1.5077763  -1.2589554  -0.2227623  -1.7862206  -1.5949224
   0.48229447 -2.0306265  -1.7017027   2.5857522  -1.9377612  -1.6845372
  -0.05634201]] 
Episode: 312: [[-1.3524822  -1.5077505  -1.2588059  -0.22263356 -1.7861673  -1.594914
   0.48226875 -2.0306385  -1.701768    2.585683   -1.9377842  -1.684485
  -0.05626848]] 
Episode: 313: [[-1.3526405  -1.5077262  -1.2586764  -0.22251028 -1.7861149  -1.5949138
   0.48226348 -2.030639   -1.7018356   2.585606   -1.9377964  -1.6844289
  -0.05618771]] 
Episode: 314: [[-1.3527845  -1.507709   -1.2585666  -0.22240537 -1.7860706  -1.5949247
   0.48225752 -2.030632   -1.701904    2.5855398  -1.9378009  -1.6843666
  -0.05610476]] 
Episode: 315: [[-1.3529037  -1.5077105  -1.2584813  -0.22232106 -1.7860491  -1.5949477
   0.48225638 -2.0306454  -1.7019703   2.585489   -1.937809   -1.6843097
  -0.05603477]] 
Episode: 316: [[-1.3530062  -1.507725   -1.2583988  -0.22226    -1.7860535  -1.5949652
   0.48226187 -2.0306785  -1.7020309   2.5854585  -1.9378413  -1.6842765
  -0.05598348]] 
Episode: 317: [[-1.353144   -1.5077139  -1.2582628  -0.22218531 -1.7860384  -1.594941
   0.48224387 -2.0307066  -1.7020779   2.585434   -1.9378916  -1.6842607
  -0.05594411]] 
Episode: 318: [[-1.3532736  -1.5077196  -1.2581135  -0.22211838 -1.7860501  -1.5949063
   0.48220962 -2.0307653  -1.7021099   2.5854282  -1.9379478  -1.6842556
  -0.05592925]] 
Episode: 319: [[-1.3533973  -1.5077221  -1.2579706  -0.22205965 -1.786067   -1.5948821
   0.48216826 -2.0308259  -1.7021351   2.5854297  -1.9379926  -1.684244
  -0.05591652]] 
Episode: 320: [[-1.3534722  -1.507739   -1.2578506  -0.22205131 -1.7861218  -1.594856
   0.48211023 -2.030929   -1.7021364   2.5854862  -1.9380805  -1.684281
  -0.0559663 ]] 
Episode: 321: [[-1.3535348  -1.5078317  -1.2577417  -0.22204141 -1.7862341  -1.5948716
   0.48206398 -2.0310514  -1.7021366   2.5855417  -1.9381407  -1.6842926
  -0.0560098 ]] 
Episode: 322: [[-1.3535948  -1.5079153  -1.2576331  -0.22204027 -1.7863408  -1.5948654
   0.482011   -2.0311625  -1.7021174   2.5856059  -1.9381958  -1.6843095
  -0.05606243]] 
Episode: 323: [[-1.3536487  -1.5079901  -1.2575288  -0.22204427 -1.7864394  -1.5948397
   0.48196647 -2.0312696  -1.7020965   2.585674   -1.9382799  -1.6843574
  -0.05613037]] 
Episode: 324: [[-1.3536959  -1.5080401  -1.2574506  -0.22206004 -1.7865154  -1.5948281
   0.48192343 -2.0313506  -1.7020813   2.585737   -1.9383253  -1.6843692
  -0.05617435]] 
Episode: 325: [[-1.3537608  -1.5081054  -1.257367   -0.22205018 -1.7865894  -1.5948167
   0.48189116 -2.0314195  -1.7020702   2.5857794  -1.9383711  -1.68438
  -0.05620645]] 
Episode: 326: [[-1.353812   -1.5081868  -1.2573148  -0.22204411 -1.7866627  -1.5948211
   0.48187754 -2.031475   -1.7020664   2.5858152  -1.9384122  -1.6843888
  -0.05623132]] 
Episode: 327: [[-1.3538504  -1.5082554  -1.2572747  -0.2220618  -1.7867237  -1.59482
   0.48184857 -2.0315106  -1.7020601   2.5858674  -1.9384413  -1.6843888
  -0.05625478]] 
Episode: 328: [[-1.3539014  -1.5083152  -1.2572246  -0.22206241 -1.786781   -1.5948212
   0.48184144 -2.0315418  -1.7020645   2.5858982  -1.9384761  -1.6843965
  -0.05626507]] 
Episode: 329: [[-1.3539584  -1.5083547  -1.2571591  -0.22206186 -1.7868251  -1.5947994
   0.4818194  -2.0315802  -1.7020652   2.5859356  -1.9385295  -1.6844134
  -0.05628684]] 
Episode: 330: [[-1.3540398  -1.5084002  -1.2570949  -0.22201747 -1.7868575  -1.5948079
   0.48184493 -2.0316021  -1.7021029   2.5859177  -1.9385772  -1.6844093
  -0.05626184]] 
Episode: 331: [[-1.3541375  -1.5084645  -1.2570239  -0.22194618 -1.7868901  -1.5948263
   0.4819007  -2.0316153  -1.702155    2.58587    -1.9386262  -1.6844025
  -0.05621716]] 
Episode: 332: [[-1.3542356  -1.5085381  -1.2569587  -0.22187173 -1.7869216  -1.5948448
   0.4819535  -2.0316265  -1.7022144   2.5858257  -1.9386919  -1.6844063
  -0.05618094]] 
Episode: 333: [[-1.3543394  -1.5085987  -1.2569014  -0.22179407 -1.7869349  -1.5948547
   0.4820178  -2.0316157  -1.7022687   2.5857725  -1.9387542  -1.684415
  -0.05613846]] 
Episode: 334: [[-1.3544127  -1.5086695  -1.2568363  -0.22174565 -1.7869778  -1.5948361
   0.48204502 -2.0316403  -1.7022759   2.5857635  -1.9388258  -1.6844516
  -0.05615283]] 
Episode: 335: [[-1.3545042  -1.5087324  -1.2567501  -0.22167863 -1.7870241  -1.5948333
   0.4820651  -2.031671   -1.7022859   2.585744   -1.9388795  -1.6844758
  -0.05615969]] 
Episode: 336: [[-1.3545601  -1.5088181  -1.2566795  -0.2216428  -1.787105   -1.5948322
   0.48207942 -2.0317256  -1.7022789   2.5857508  -1.9389337  -1.684507
  -0.05618985]] 
Episode: 337: [[-1.3545967  -1.5089179  -1.256617   -0.22163552 -1.7872095  -1.5948387
   0.48208183 -2.0318     -1.7022653   2.5857873  -1.9389865  -1.6845449
  -0.05624129]] 
Episode: 338: [[-1.3546065  -1.5090446  -1.2565645  -0.22164968 -1.7873377  -1.5948473
   0.48207164 -2.0318916  -1.7022368   2.5858488  -1.9390498  -1.6845989
  -0.056319  ]] 
Episode: 339: [[-1.3546213  -1.5091472  -1.256516   -0.22166856 -1.7874393  -1.5948396
   0.48205155 -2.0319555  -1.7022003   2.585912   -1.9391011  -1.6846478
  -0.05639109]] 
Episode: 340: [[-1.354665   -1.5092356  -1.2564577  -0.22166154 -1.7875137  -1.594824
   0.48203787 -2.0319939  -1.7021792   2.5859463  -1.9391475  -1.6846691
  -0.05642425]] 
Episode: 341: [[-1.3547151  -1.5093261  -1.2563998  -0.22164829 -1.7875906  -1.5948033
   0.48206022 -2.032037   -1.7021743   2.585971   -1.9392228  -1.6847222
  -0.05646551]] 
Episode: 342: [[-1.3547688  -1.5093966  -1.2563374  -0.22163735 -1.7876494  -1.5947633
   0.48205912 -2.0320675  -1.7021512   2.5860045  -1.9392927  -1.6847726
  -0.05651464]] 
Episode: 343: [[-1.3548179  -1.5094581  -1.2562839  -0.22161773 -1.7876946  -1.5947376
   0.48206723 -2.0320907  -1.7021502   2.586021   -1.9393623  -1.6848134
  -0.05654658]] 
Episode: 344: [[-1.3548664  -1.5095432  -1.2562274  -0.22159249 -1.7877679  -1.5947082
   0.4821025  -2.0321333  -1.702144    2.5860307  -1.9394524  -1.6848725
  -0.05658527]] 
Episode: 345: [[-1.35491    -1.5096284  -1.2561845  -0.22155832 -1.7878487  -1.5947276
   0.48216483 -2.032185   -1.7021639   2.5860176  -1.9395103  -1.6849029
  -0.05660101]] 
Episode: 346: [[-1.3549793  -1.5096831  -1.2561234  -0.22151892 -1.7878962  -1.5947143
   0.48220694 -2.032215   -1.702175    2.5860052  -1.9395666  -1.6849244
  -0.05660681]] 
Episode: 347: [[-1.355033   -1.5097569  -1.2560709  -0.22149046 -1.7879682  -1.5947196
   0.48224464 -2.0322654  -1.7021803   2.586007   -1.9396108  -1.6849489
  -0.05663121]] 
Episode: 348: [[-1.3550584  -1.5098251  -1.2560109  -0.22149733 -1.7880443  -1.59468
   0.48223117 -2.0323274  -1.7021396   2.5860593  -1.9396808  -1.68501
  -0.05670961]] 
Episode: 349: [[-1.355115   -1.5098988  -1.2559013  -0.22148515 -1.78813    -1.5946374
   0.48220265 -2.0324042  -1.7021004   2.586105   -1.939744   -1.6850547
  -0.05677184]] 
Episode: 350: [[-1.3551731  -1.5099688  -1.2558059  -0.22146907 -1.7881993  -1.5945935
   0.48218435 -2.0324578  -1.7020638   2.5861385  -1.9397974  -1.6850892
  -0.05681772]] 
Episode: 351: [[-1.3552408  -1.5100378  -1.2557153  -0.22143115 -1.7882559  -1.594567
   0.48218355 -2.032499   -1.7020488   2.5861468  -1.9398514  -1.685121
  -0.05684502]] 
Episode: 352: [[-1.3553221 -1.5101209 -1.2556095 -0.2213779 -1.7883308 -1.5945686
   0.4821919 -2.0325596 -1.7020597  2.5861406 -1.9398932 -1.6851223
  -0.0568519]] 
Episode: 353: [[-1.355417   -1.5101955  -1.2554655  -0.22130808 -1.7884164  -1.5945582
   0.4822229  -2.0326517  -1.7020845   2.586131   -1.9399861  -1.6851902
  -0.05689303]] 
Episode: 354: [[-1.3555301  -1.5102665  -1.2552963  -0.22122435 -1.788499   -1.5945199
   0.48225376 -2.0327423  -1.7021061   2.5861156  -1.9401143  -1.6852791
  -0.05693297]] 
Episode: 355: [[-1.3556684  -1.5103104  -1.2550802  -0.2211188  -1.7885456  -1.5944437
   0.48223388 -2.032819   -1.7021207   2.5860913  -1.9402391  -1.6853386
  -0.05694811]] 
Episode: 356: [[-1.3557986  -1.5103532  -1.2548833  -0.22101301 -1.7885873  -1.5943784
   0.48222938 -2.0328805  -1.7021363   2.5860565  -1.9403489  -1.6853915
  -0.05695514]] 
Episode: 357: [[-1.3559246  -1.5103837  -1.2546924  -0.22092274 -1.7886275  -1.594301
   0.4822078  -2.032947   -1.7021332   2.5860415  -1.9404548  -1.6854473
  -0.05697849]] 
Episode: 358: [[-1.3560051  -1.5104281  -1.2545321  -0.22087114 -1.7886884  -1.594223
   0.48218134 -2.0330393  -1.7021164   2.586065   -1.9405956  -1.6855425
  -0.05705301]] 
Episode: 359: [[-1.3560575  -1.5105121  -1.2543958  -0.22085896 -1.7888025  -1.5941677
   0.48216543 -2.0331578  -1.7020853   2.5861185  -1.9407209  -1.685634
  -0.05714118]] 
Episode: 360: [[-1.3561057  -1.5105841  -1.2542824  -0.22085983 -1.7889003  -1.5941133
   0.48215562 -2.0332465  -1.7020521   2.5861719  -1.9408237  -1.6857141
  -0.0572163 ]] 
Episode: 361: [[-1.3560624  -1.5106388  -1.2542707  -0.22091688 -1.7890042  -1.5942035
   0.48208752 -2.0333397  -1.7020323   2.5862505  -1.9407908  -1.6856713
  -0.05726679]] 
Episode: 362: [[-1.3560299  -1.5106944  -1.2542728  -0.22096989 -1.7890956  -1.5942748
   0.48204955 -2.0334046  -1.7020102   2.586314   -1.9407532  -1.6856306
  -0.05730166]] 
Episode: 363: [[-1.3559835  -1.5107609  -1.2542753  -0.22104499 -1.7892026  -1.5943389
   0.4819812  -2.033473   -1.7019627   2.586404   -1.9406968  -1.6855738
  -0.05735072]] 
Episode: 364: [[-1.3559412  -1.5108371  -1.2542623  -0.22111437 -1.7893238  -1.5943903
   0.4819069  -2.0335605  -1.7019062   2.5864992  -1.9406596  -1.6855304
  -0.05741391]] 
Episode: 365: [[-1.3558753  -1.510876   -1.254282   -0.22120474 -1.7894168  -1.594457
   0.48181576 -2.0336297  -1.7018607   2.5865986  -1.940601   -1.6854607
  -0.05745935]] 
Episode: 366: [[-1.355814   -1.5109168  -1.2543026  -0.22128533 -1.7895037  -1.5945117
   0.481751   -2.033689   -1.7018244   2.586685   -1.940571   -1.6854181
  -0.05750545]] 
Episode: 367: [[-1.3557664  -1.510953   -1.2543228  -0.22133638 -1.789569   -1.5945793
   0.48171467 -2.0337374  -1.701827    2.586733   -1.9405495  -1.6853694
  -0.05751885]] 
Episode: 368: [[-1.3557622  -1.5109621  -1.2543339  -0.2213348  -1.7895925  -1.5946654
   0.48172498 -2.0337498  -1.7018839   2.5867107  -1.9405173  -1.6852876
  -0.05745536]] 
Episode: 369: [[-1.355765   -1.5109555  -1.2543514  -0.22133575 -1.7895904  -1.5947306
   0.48173767 -2.0337245  -1.7019346   2.58668    -1.9404625  -1.6851865
  -0.05737066]] 
Episode: 370: [[-1.3557756  -1.5109453  -1.254366   -0.22130592 -1.7895675  -1.5948081
   0.481766   -2.0336933  -1.7020162   2.5866168  -1.940428   -1.685088
  -0.0572649 ]] 
Episode: 371: [[-1.355809   -1.510936   -1.2543638  -0.22126095 -1.7895494  -1.5948836
   0.48181504 -2.0336685  -1.7021126   2.5865421  -1.9404168  -1.6850066
  -0.05715369]] 
Episode: 372: [[-1.3558215  -1.5109388  -1.2543713  -0.22122632 -1.7895275  -1.5949556
   0.48184648 -2.0336483  -1.7022078   2.5864854  -1.9404275  -1.6849449
  -0.05706962]] 
Episode: 373: [[-1.3557607  -1.5109454  -1.254423   -0.22126919 -1.7895147  -1.5949893
   0.48182598 -2.0336308  -1.7022396   2.5865018  -1.9404427  -1.6848996
  -0.0570484 ]] 
Episode: 374: [[-1.3557079  -1.5109419  -1.2544671  -0.22130191 -1.7894922  -1.5950239
   0.4818147  -2.033614   -1.7022849   2.586506   -1.9404676  -1.6848583
  -0.05701678]] 
Episode: 375: [[-1.3556666  -1.5109476  -1.2544998  -0.22132939 -1.789482   -1.5950503
   0.48180968 -2.0336046  -1.7023205   2.5865116  -1.9404932  -1.6848279
  -0.05699527]] 
Episode: 376: [[-1.3556389  -1.510949   -1.2545284  -0.22135818 -1.789461   -1.5950662
   0.48180455 -2.0335767  -1.7023512   2.5865183  -1.940511   -1.6847931
  -0.056966  ]] 
Episode: 377: [[-1.3555473  -1.5109819  -1.2545971  -0.22141148 -1.7894839  -1.5951412
   0.4818121  -2.0335987  -1.702407    2.5865314  -1.9405327  -1.6847543
  -0.05694571]] 
Episode: 378: [[-1.3554696  -1.5110013  -1.2546271  -0.22146967 -1.7895039  -1.5952492
   0.48173776 -2.0336325  -1.7024385   2.5865777  -1.9404774  -1.6846762
  -0.05694037]] 
Episode: 379: [[-1.3553902  -1.5110241  -1.2546519  -0.22154392 -1.7895362  -1.5953219
   0.48165053 -2.0336714  -1.7024314   2.5866501  -1.9404305  -1.6846218
  -0.05696876]] 
Episode: 380: [[-1.3553485  -1.511064   -1.2546484  -0.22157699 -1.7895712  -1.5954355
   0.48154768 -2.0337448  -1.7024721   2.5867026  -1.9403747  -1.6845291
  -0.05697071]] 
Episode: 381: [[-1.3553197  -1.5110918  -1.2546395  -0.22161056 -1.7896023  -1.595531
   0.48145825 -2.0338123  -1.7025077   2.5867555  -1.9403365  -1.6844572
  -0.056977  ]] 
Episode: 382: [[-1.3553044  -1.5111189  -1.2546126  -0.22164315 -1.789636   -1.5955982
   0.48136967 -2.0338814  -1.7025311   2.5868185  -1.9403312  -1.6844194
  -0.05700405]] 
Episode: 383: [[-1.3552974  -1.5111427  -1.2545786  -0.22167823 -1.7896703  -1.595641
   0.48128223 -2.0339456  -1.7025386   2.5868883  -1.9403415  -1.6844014
  -0.05704199]] 
Episode: 384: [[-1.3552932  -1.5111482  -1.2545495  -0.22171514 -1.7896881  -1.5956674
   0.48120078 -2.0339909  -1.7025363   2.586957   -1.940347   -1.6843927
  -0.05708528]] 
Episode: 385: [[-1.3553197  -1.5111456  -1.2545037  -0.22173348 -1.7896985  -1.5956802
   0.48113376 -2.034025   -1.7025332   2.5870135  -1.9403625  -1.6843954
  -0.05712425]] 
Episode: 386: [[-1.3553299  -1.5111496  -1.2544636  -0.22177787 -1.7897221  -1.595671
   0.48104894 -2.0340602  -1.7024944   2.5870974  -1.9403746  -1.684403
  -0.05718563]] 
Episode: 387: [[-1.3553445  -1.5111545  -1.254409   -0.22181866 -1.7897452  -1.5956362
   0.48096424 -2.0340903  -1.7024395   2.5871809  -1.9403948  -1.6844238
  -0.05725423]] 
Episode: 388: [[-1.3553808  -1.5111727  -1.2543097  -0.22183591 -1.7897828  -1.5955989
   0.48088136 -2.0341537  -1.7024007   2.587252   -1.940421   -1.6844411
  -0.05731779]] 
Episode: 389: [[-1.3553952  -1.5112007  -1.254253   -0.22187597 -1.7898207  -1.595568
   0.48081675 -2.0341904  -1.7023546   2.587327   -1.9404368  -1.6844536
  -0.0573735 ]] 
Episode: 390: [[-1.35543    -1.511226   -1.254194   -0.22189026 -1.7898483  -1.5955486
   0.4807722  -2.0342143  -1.7023268   2.5873754  -1.9404529  -1.6844637
  -0.05740814]] 
Episode: 391: [[-1.3553784  -1.5112941  -1.2542224  -0.22197512 -1.7899255  -1.5955863
   0.4807469  -2.0342672  -1.7023149   2.5874627  -1.9404718  -1.6844773
  -0.05746043]] 
Episode: 392: [[-1.3553439  -1.5113353  -1.254234   -0.22204566 -1.7899828  -1.5956025
   0.48071867 -2.0343165  -1.7023023   2.5875416  -1.9405063  -1.6845026
  -0.05751339]] 
Episode: 393: [[-1.3553126  -1.5113876  -1.2542464  -0.22210756 -1.7900531  -1.5956329
   0.4806981  -2.034376   -1.7022916   2.5876143  -1.9405408  -1.6845262
  -0.05756521]] 
Episode: 394: [[-1.3552923  -1.5114192  -1.2542655  -0.22216533 -1.7901059  -1.5956639
   0.4806912  -2.0344136  -1.7022867   2.5876713  -1.9405558  -1.6845284
  -0.05759145]] 
Episode: 395: [[-1.3553035  -1.5114788  -1.2542442  -0.22220142 -1.790179   -1.595689
   0.48067856 -2.0344613  -1.7022785   2.5877259  -1.9405817  -1.684537
  -0.05761865]] 
Episode: 396: [[-1.3553245  -1.5115395  -1.2542368  -0.22221743 -1.7902361  -1.5957417
   0.4806964  -2.03448    -1.7023102   2.587743   -1.9405909  -1.6845188
  -0.05759715]] 
Episode: 397: [[-1.3553554  -1.5115906  -1.2542228  -0.22221276 -1.7902795  -1.5957911
   0.4807286  -2.0344965  -1.702353    2.58774    -1.9406129  -1.6845102
  -0.05757013]] 
Episode: 398: [[-1.355526   -1.5116423  -1.2540979  -0.22205791 -1.7903005  -1.5957949
   0.48090425 -2.0345304  -1.7024837   2.5876098  -1.9407456  -1.6845974
  -0.05751093]] 
Episode: 399: [[-1.3556957  -1.5116867  -1.2539918  -0.2218954  -1.7903047  -1.595817
   0.48109668 -2.0345407  -1.7026346   2.5874557  -1.9408545  -1.6846576
  -0.05741645]] 
Episode: 400: [[-1.3558682  -1.5117311  -1.2538874  -0.22173657 -1.7903086  -1.5958323
   0.4812837  -2.0345423  -1.7027746   2.5873044  -1.940953   -1.6847084
  -0.05731558]] 
Episode: 401: [[-1.3560355  -1.5118085  -1.253773   -0.22160035 -1.790353   -1.5958472
   0.48144248 -2.0345752  -1.7028917   2.587191   -1.9410613  -1.684772
  -0.05724069]] 
Episode: 402: [[-1.3562133  -1.5118685  -1.2536447  -0.22146536 -1.7903873  -1.5958481
   0.48157007 -2.0346067  -1.7029909   2.5870876  -1.941156   -1.6848187
  -0.05716341]] 
Episode: 403: [[-1.35638    -1.5119326  -1.2535312  -0.2213482  -1.7904263  -1.5958399
   0.48169193 -2.034636   -1.7030762   2.587003   -1.9412569  -1.6848751
  -0.05710457]] 
Episode: 404: [[-1.3565425  -1.5119797  -1.2534231  -0.2212368  -1.7904466  -1.5958186
   0.48180416 -2.034647   -1.7031505   2.5869222  -1.9413573  -1.6849321
  -0.05704779]] 
Episode: 405: [[-1.3566858  -1.5120385  -1.253329   -0.22114506 -1.7904861  -1.5958043
   0.4819076  -2.0346758  -1.7032121   2.586862   -1.9414508  -1.6849923
  -0.05701113]] 
Episode: 406: [[-1.3568043  -1.5121053  -1.2532257  -0.22109017 -1.7905495  -1.5957594
   0.4819657  -2.034729   -1.7032266   2.5868566  -1.941565   -1.6850855
  -0.05703349]] 
Episode: 407: [[-1.356898   -1.5121658  -1.2531416  -0.22106601 -1.7906102  -1.595702
   0.48199618 -2.0347612  -1.703213    2.5868754  -1.9416486  -1.6851599
  -0.05706326]] 
Episode: 408: [[-1.3569988  -1.5122122  -1.2530627  -0.22102778 -1.7906535  -1.5956588
   0.48204505 -2.0347822  -1.7032249   2.586872   -1.9417349  -1.6852291
  -0.05707135]] 
Episode: 409: [[-1.3571117  -1.5122474  -1.2529869  -0.22098047 -1.7906817  -1.5956134
   0.48210368 -2.0347812  -1.7032427   2.5868518  -1.9418107  -1.6852806
  -0.05705304]] 
Episode: 410: [[-1.3571893  -1.5122956  -1.2529258  -0.2209605  -1.7907339  -1.5955689
   0.48214853 -2.0348058  -1.7032394   2.5868587  -1.9418974  -1.6853443
  -0.05706621]] 
Episode: 411: [[-1.3572547  -1.5123512  -1.2528622  -0.22096853 -1.7908006  -1.5955501
   0.48214564 -2.0348449  -1.703222    2.5868962  -1.9419268  -1.6853566
  -0.05707422]] 
Episode: 412: [[-1.3573091  -1.5124066  -1.2528012  -0.22097786 -1.7908723  -1.5955323
   0.4821469  -2.0348961  -1.7032036   2.5869355  -1.94197    -1.6853818
  -0.05709754]] 
Episode: 413: [[-1.3573574  -1.5124675  -1.2527391  -0.22099464 -1.7909477  -1.5955188
   0.48214334 -2.0349417  -1.7031846   2.586978   -1.9419935  -1.6853948
  -0.057115  ]] 
Episode: 414: [[-1.3573698  -1.5125407  -1.2526839  -0.22107455 -1.7910527  -1.5954778
   0.4820804  -2.0350072  -1.7031124   2.5870903  -1.9420125  -1.6854053
  -0.05717309]] 
Episode: 415: [[-1.3573701  -1.5126264  -1.2526323  -0.22116435 -1.7911668  -1.5954462
   0.4820158  -2.0350766  -1.7030473   2.5872104  -1.9420428  -1.6854179
  -0.05723516]] 
Episode: 416: [[-1.3573521  -1.5127531  -1.2526126  -0.22126696 -1.7913132  -1.5954357
   0.48198608 -2.035158   -1.702992    2.5873327  -1.942087   -1.6854465
  -0.05730098]] 
Episode: 417: [[-1.3573225  -1.5128913  -1.2526011  -0.22136647 -1.7914697  -1.5954438
   0.4819586  -2.0352452  -1.7029344   2.5874481  -1.9421123  -1.6854608
  -0.05736215]] 
Episode: 418: [[-1.3572874  -1.5130215  -1.2525893  -0.22146781 -1.7916175  -1.5954312
   0.48192272 -2.0353334  -1.7028655   2.587572   -1.9421623  -1.6854937
  -0.05744624]] 
Episode: 419: [[-1.3572363  -1.5131294  -1.2525848  -0.22154842 -1.7917396  -1.595428
   0.48188767 -2.035438   -1.702826    2.5876746  -1.942237   -1.6855358
  -0.05753206]] 
Episode: 420: [[-1.3571941  -1.5132282  -1.2525992  -0.2216195  -1.7918452  -1.5954233
   0.48188877 -2.0355127  -1.7027943   2.587753   -1.9423045  -1.6855764
  -0.05759664]] 
Episode: 421: [[-1.3572054  -1.5133028  -1.2525915  -0.22165407 -1.7919222  -1.5954062
   0.4819084  -2.035551   -1.7027721   2.5877922  -1.9423453  -1.6855808
  -0.05760959]] 
Episode: 422: [[-1.3572291  -1.5133674  -1.2525795  -0.22167209 -1.79199    -1.5953861
   0.48195145 -2.0355856  -1.7027608   2.5878117  -1.9423972  -1.6856005
  -0.0576144 ]] 
Episode: 423: [[-1.357268   -1.5134003  -1.2525488  -0.22166409 -1.792025   -1.5953678
   0.48198816 -2.0356097  -1.7027673   2.587807   -1.9424462  -1.6856097
  -0.05759946]] 
Episode: 424: [[-1.357302   -1.5134249  -1.2525184  -0.22166015 -1.792058   -1.5953469
   0.48202598 -2.0356443  -1.7027823   2.587809   -1.9425206  -1.6856418
  -0.05760035]] 
Episode: 425: [[-1.357357   -1.51343    -1.2524891  -0.22163358 -1.7920676  -1.5953603
   0.48206967 -2.0356586  -1.7028356   2.5877812  -1.9425625  -1.6856314
  -0.05755431]] 
Episode: 426: [[-1.3574327  -1.5134147  -1.2524565  -0.22158721 -1.7920383  -1.59536
   0.48212194 -2.0356402  -1.7028995   2.5877318  -1.9426003  -1.685613
  -0.05749053]] 
Episode: 427: [[-1.3574888  -1.5134063  -1.2524534  -0.22154509 -1.7920256  -1.595416
   0.482206   -2.0356536  -1.7030126   2.5876799  -1.9426587  -1.685619
  -0.05743845]] 
Episode: 428: [[-1.3575414  -1.5134156  -1.2524523  -0.22149953 -1.7920419  -1.595509
   0.48229924 -2.0356934  -1.7031475   2.5876238  -1.9427204  -1.6856194
  -0.05737887]] 
Episode: 429: [[-1.3575854  -1.5134305  -1.2524313  -0.22146012 -1.7920676  -1.5955645
   0.48237368 -2.0357409  -1.7032462   2.5875819  -1.9427911  -1.6856338
  -0.05734375]] 
Episode: 430: [[-1.3576375  -1.5134329  -1.2523936  -0.22140522 -1.7920728  -1.5956059
   0.48244113 -2.0357833  -1.7033634   2.5875325  -1.9429038  -1.6856698
  -0.05731061]] 
Episode: 431: [[-1.3576695  -1.5134419  -1.2523702  -0.22137769 -1.7920957  -1.5956532
   0.48249307 -2.0358312  -1.7034594   2.5875087  -1.9429975  -1.6857013
  -0.05729314]] 
Episode: 432: [[-1.3576933  -1.5134733  -1.2523417  -0.22136515 -1.7921485  -1.5956943
   0.482551   -2.0358849  -1.7035382   2.5874925  -1.9430691  -1.6857218
  -0.05727235]] 
Episode: 433: [[-1.3576928  -1.513492   -1.2523125  -0.22140644 -1.7922134  -1.5956907
   0.482546   -2.0359507  -1.7035345   2.5875444  -1.9431142  -1.6857529
  -0.05731181]] 
Episode: 434: [[-1.3576607  -1.5135357  -1.2522883  -0.22147623 -1.7923095  -1.5956786
   0.4825232  -2.0360427  -1.7034991   2.5876317  -1.9431716  -1.6858081
  -0.0573965 ]] 
Episode: 435: [[-1.3576354  -1.5135616  -1.2522557  -0.22153047 -1.7923902  -1.595665
   0.48249486 -2.0361328  -1.7034758   2.587711   -1.9432425  -1.6858784
  -0.05748652]] 
Episode: 436: [[-1.3576093  -1.5135972  -1.2522154  -0.22160652 -1.7924867  -1.5956204
   0.482459   -2.0362365  -1.7034235   2.5878196  -1.943335   -1.6859807
  -0.05760526]] 
Episode: 437: [[-1.3575727  -1.5136422  -1.2521858  -0.22169872 -1.7925898  -1.595577
   0.48241386 -2.03633    -1.7033567   2.5879388  -1.9434034  -1.6860634
  -0.05772013]] 
Episode: 438: [[-1.3575246  -1.5136793  -1.2521503  -0.22181018 -1.7926956  -1.5955003
   0.48235267 -2.0364337  -1.7032549   2.588081   -1.943481   -1.686164
  -0.05786218]] 
Episode: 439: [[-1.3575301  -1.5136199  -1.2519991  -0.22196479 -1.792772   -1.5954596
   0.4820538  -2.0366144  -1.7031223   2.5883334  -1.9434274  -1.6861074
  -0.05799914]] 
Episode: 440: [[-1.3575239  -1.5135854  -1.2518812  -0.22211763 -1.7928562  -1.5954349
   0.48179114 -2.0367835  -1.7030091   2.5885732  -1.9433901  -1.6860645
  -0.05813505]] 
Episode: 441: [[-1.3575327  -1.513538   -1.2517627  -0.22224265 -1.7929145  -1.5954044
   0.4815535  -2.036932   -1.7029157   2.5887818  -1.9433697  -1.6860307
  -0.05825554]] 
Episode: 442: [[-1.357533   -1.5135167  -1.2516717  -0.22236048 -1.7929864  -1.595412
   0.48136258 -2.0370746  -1.702866    2.5889628  -1.9433552  -1.6859901
  -0.05834546]] 
Episode: 443: [[-1.3575525  -1.5134922  -1.2515826  -0.2224365  -1.7930343  -1.5954317
   0.48120576 -2.0371866  -1.7028438   2.5890925  -1.9433311  -1.6859387
  -0.05839404]] 
Episode: 444: [[-1.3575641  -1.5134705  -1.2515047  -0.22250646 -1.7930809  -1.5954655
   0.48106933 -2.0372975  -1.7028366   2.58921    -1.9433206  -1.6859016
  -0.05844305]] 
Episode: 445: [[-1.3575774  -1.5134692  -1.2514299  -0.22254986 -1.7931314  -1.5955126
   0.48096713 -2.0374012  -1.7028503   2.5892932  -1.9433153  -1.6858685
  -0.05847297]] 
Episode: 446: [[-1.3576216  -1.5134665  -1.2513452  -0.22255532 -1.7931736  -1.5955544
   0.48090437 -2.0375006  -1.702884    2.589341   -1.9433346  -1.6858599
  -0.05849116]] 
Episode: 447: [[-1.3576531  -1.5134739  -1.2512674  -0.22254302 -1.7932085  -1.5956233
   0.48086005 -2.0375981  -1.7029566   2.5893617  -1.9433719  -1.685848
  -0.05848997]] 
Episode: 448: [[-1.357657   -1.5134976  -1.2511958  -0.22254777 -1.7932626  -1.5956839
   0.48081228 -2.0377126  -1.703012    2.5894005  -1.9434326  -1.6858592
  -0.05852044]] 
Episode: 449: [[-1.3576231  -1.5135412  -1.2511665  -0.2225775  -1.7933208  -1.5957699
   0.48075086 -2.0378149  -1.7030627   2.5894485  -1.9434471  -1.6858338
  -0.05853638]] 
Episode: 450: [[-1.3575876  -1.5135846  -1.2511269  -0.22261806 -1.7933877  -1.595832
   0.4806705  -2.0379257  -1.7030865   2.5895147  -1.9434571  -1.6858082
  -0.0585704 ]] 
Episode: 451: [[-1.3575332  -1.5136435  -1.2510712  -0.22267836 -1.7934798  -1.5958421
   0.4805785  -2.0380573  -1.7030654   2.5896099  -1.943519   -1.6858264
  -0.05865039]] 
Episode: 452: [[-1.3574567  -1.5137383  -1.2510521  -0.22273414 -1.7935977  -1.5959009
   0.48053336 -2.0381856  -1.7030616   2.5896783  -1.9435565  -1.6858307
  -0.05871023]] 
Episode: 453: [[-1.3575045  -1.5137926  -1.2508838  -0.22264606 -1.7936496  -1.5958548
   0.4805271  -2.038332   -1.7030907   2.5896554  -1.943667   -1.685916
  -0.05878324]] 
Episode: 454: [[-1.3575711  -1.5138624  -1.2506878  -0.22255044 -1.7937051  -1.5957769
   0.48049572 -2.0384884  -1.7031069   2.5896482  -1.9437987  -1.6860143
  -0.05887808]] 
Episode: 455: [[-1.357643   -1.5139134  -1.2504994  -0.22244242 -1.7937396  -1.5957122
   0.48047817 -2.0386274  -1.7031451   2.5896204  -1.9439365  -1.6861064
  -0.05895082]] 
Episode: 456: [[-1.3577108  -1.5139474  -1.2503195  -0.22236349 -1.7937593  -1.5956109
   0.48044202 -2.0387485  -1.7031605   2.5896204  -1.9440925  -1.6862085
  -0.05903335]] 
Episode: 457: [[-1.357758   -1.5139713  -1.2501905  -0.22230434 -1.7937683  -1.5955514
   0.48041183 -2.038845   -1.703193    2.5896199  -1.9442108  -1.6862808
  -0.05909049]] 
Episode: 458: [[-1.3578091  -1.5139904  -1.2500813  -0.2222468  -1.7937666  -1.5955052
   0.48039538 -2.0389142  -1.703239    2.5896084  -1.944315   -1.6863369
  -0.05911982]] 
Episode: 459: [[-1.3578757  -1.5139987  -1.2499362  -0.22220053 -1.7937648  -1.5954238
   0.48032516 -2.0389838  -1.7032418   2.589628   -1.9444051  -1.6863773
  -0.0591619 ]] 
Episode: 460: [[-1.3579584  -1.5140085  -1.2497913  -0.22213413 -1.7937593  -1.5953612
   0.4802778  -2.0390391  -1.7032673   2.5896192  -1.9444749  -1.6863997
  -0.05917119]] 
Episode: 461: [[-1.3580163  -1.5140162  -1.2496672  -0.22209737 -1.7937609  -1.5952955
   0.4802206  -2.039098   -1.7032729   2.5896378  -1.9445562  -1.686438
  -0.05920747]] 
Episode: 462: [[-1.3580741  -1.5140147  -1.2495685  -0.22206163 -1.7937446  -1.5952448
   0.48018152 -2.039122   -1.7032924   2.5896392  -1.9446108  -1.6864496
  -0.05920997]] 
Episode: 463: [[-1.3581334  -1.5140221  -1.2494905  -0.22201364 -1.793726   -1.5952196
   0.48018008 -2.039127   -1.7033339   2.589615   -1.944656   -1.6864645
  -0.05919283]] 
Episode: 464: [[-1.3581585  -1.5140378  -1.2494557  -0.22199728 -1.7937205  -1.5952152
   0.4801883  -2.039127   -1.7033691   2.5896068  -1.9446875  -1.6864773
  -0.05918481]] 
Episode: 465: [[-1.3581697  -1.5140661  -1.2494457  -0.22200961 -1.793737   -1.5952343
   0.4801922  -2.0391252  -1.7033942   2.5896184  -1.9446806  -1.6864617
  -0.05917474]] 
Episode: 466: [[-1.3581764  -1.5140433  -1.2494843  -0.22200696 -1.7937022  -1.5953004
   0.4802538  -2.039147   -1.7035191   2.5896084  -1.944756   -1.6865236
  -0.05918609]] 
Episode: 467: [[-1.358187   -1.5140171  -1.2495074  -0.22199391 -1.7936695  -1.5953662
   0.48031414 -2.039179   -1.7036458   2.5895903  -1.9448344  -1.6865827
  -0.05919437]] 
Episode: 468: [[-1.3581951  -1.5140103  -1.2495399  -0.22199352 -1.7936565  -1.5954306
   0.48037347 -2.0392082  -1.7037549   2.5895832  -1.9449012  -1.6866271
  -0.05920216]] 
Episode: 469: [[-1.3582106  -1.514028   -1.2495598  -0.22198765 -1.7936637  -1.5954735
   0.48044437 -2.0392365  -1.7038461   2.5895715  -1.9449717  -1.686676
  -0.05921013]] 
Episode: 470: [[-1.358233   -1.5140715  -1.2495406  -0.22194096 -1.7936865  -1.5955228
   0.48052642 -2.0392926  -1.7039453   2.5895302  -1.945036   -1.6867294
  -0.05922544]] 
Episode: 471: [[-1.3582245 -1.5141928 -1.2495378 -0.2218515 -1.7937772 -1.5956792
   0.4806646 -2.0394273 -1.7041068  2.5894327 -1.9450701 -1.6867453
  -0.0592137]] 
Episode: 472: [[-1.3582052  -1.5143093  -1.2495427  -0.2217756  -1.7938696  -1.5958323
   0.48079064 -2.0395677  -1.7042594   2.5893536  -1.9451191  -1.6867795
  -0.05922419]] 
Episode: 473: [[-1.3581954  -1.514427   -1.2495358  -0.2217048  -1.7939641  -1.5959834
   0.48089758 -2.0396984  -1.7044027   2.5892844  -1.945141   -1.6867917
  -0.05923016]] 
Episode: 474: [[-1.3581542  -1.5145565  -1.2495404  -0.2216715  -1.7940816  -1.5961181
   0.48098102 -2.0398462  -1.7045106   2.589256   -1.9451712  -1.6868154
  -0.05927609]] 
Episode: 475: [[-1.3581198  -1.5146836  -1.2495422  -0.22164056 -1.7942007  -1.5962331
   0.48108298 -2.0399823  -1.7046041   2.5892198  -1.9451888  -1.6868377
  -0.0593096 ]] 
Episode: 476: [[-1.3581     -1.514783   -1.2495245  -0.22162226 -1.7942942  -1.5963254
   0.4811474  -2.0400836  -1.7046808   2.589195   -1.9451756  -1.6868231
  -0.05931479]] 
Episode: 477: [[-1.3581221  -1.5148863  -1.249479   -0.2215726  -1.7943933  -1.5964105
   0.48123923 -2.040183   -1.7047682   2.5891478  -1.9451905  -1.6868362
  -0.05931078]] 
Episode: 478: [[-1.3581513  -1.514977   -1.2494218  -0.22152594 -1.794487   -1.5964698
   0.48130906 -2.0402837  -1.7048318   2.5891159  -1.945222   -1.686859
  -0.05932456]] 
Episode: 479: [[-1.3581533  -1.5150746  -1.2494066  -0.22151257 -1.794599   -1.5965568
   0.48138052 -2.040389   -1.7048917   2.5891109  -1.9452562  -1.6868951
  -0.05935929]] 
Episode: 480: [[-1.3581786  -1.5151411  -1.2493374  -0.22150481 -1.7946811  -1.5965563
   0.4813962  -2.0404959  -1.7049106   2.589147   -1.945361   -1.6869751
  -0.0594494 ]] 
Episode: 481: [[-1.3582251  -1.515142   -1.2491243  -0.22139837 -1.7947322  -1.5965365
   0.48138455 -2.0406225  -1.7049472   2.5891035  -1.945458   -1.6870474
  -0.05952577]] 
Episode: 482: [[-1.3582473  -1.5151845  -1.2489411  -0.22131284 -1.7948288  -1.5965347
   0.4813933  -2.0407784  -1.7049776   2.589072   -1.9455581  -1.6871233
  -0.05961129]] 
Episode: 483: [[-1.3582428  -1.5152222  -1.2488023  -0.22127332 -1.7949258  -1.5965439
   0.48137444 -2.0409188  -1.7049891   2.5890784  -1.9456301  -1.6871723
  -0.05970103]] 
Episode: 484: [[-1.3582407  -1.51525    -1.2486804  -0.22123921 -1.795007   -1.5965515
   0.48134735 -2.0410366  -1.7049873   2.5890894  -1.9456778  -1.6872085
  -0.05978771]] 
Episode: 485: [[-1.3582603  -1.5152681  -1.2485492  -0.22119556 -1.7950723  -1.5965449
   0.48132122 -2.0411425  -1.7049892   2.5890963  -1.9457345  -1.6872528
  -0.05986985]] 
Episode: 486: [[-1.3582461  -1.515263   -1.2484924  -0.22116092 -1.795125   -1.5965974
   0.48135597 -2.0412734  -1.7050601   2.5890908  -1.9458424  -1.6873513
  -0.05996713]] 
Episode: 487: [[-1.3582356  -1.5152694  -1.24845    -0.22112234 -1.7951758  -1.5966564
   0.48141095 -2.0413885  -1.7051421   2.5890727  -1.9459473  -1.6874454
  -0.06004543]] 
Episode: 488: [[-1.3582159  -1.5152823  -1.2484221  -0.22110008 -1.7952313  -1.5967085
   0.48146453 -2.0414965  -1.7052041   2.5890684  -1.9460498  -1.6875437
  -0.06013473]] 
Episode: 489: [[-1.3581849  -1.515287   -1.2484304  -0.22109923 -1.7952896  -1.5968014
   0.48153436 -2.0415976  -1.7052807   2.5890713  -1.9461313  -1.6876366
  -0.06021722]] 
Episode: 490: [[-1.3581657  -1.515277   -1.2484086  -0.221108   -1.7953488  -1.5968578
   0.481549   -2.041695   -1.7053038   2.5890977  -1.9461541  -1.6876837
  -0.06030368]] 
Episode: 491: [[-1.3581692  -1.5152595  -1.2483897  -0.22108921 -1.795382   -1.5969265
   0.48159102 -2.0417583  -1.7053571   2.5890832  -1.9461609  -1.6877103
  -0.06033721]] 
Episode: 492: [[-1.3581837  -1.5152318  -1.2483869  -0.22105382 -1.7953845  -1.597013
   0.48165944 -2.041781   -1.7054455   2.5890317  -1.9461497  -1.6877137
  -0.06031404]] 
Episode: 493: [[-1.3581874  -1.5152313  -1.2483944  -0.22103584 -1.7954149  -1.5971028
   0.4817298  -2.0418198  -1.7055295   2.5889988  -1.9461539  -1.6877263
  -0.0603052 ]] 
Episode: 494: [[-1.3581978  -1.5151824  -1.2484134  -0.22103612 -1.7953999  -1.5971477
   0.4817754  -2.041828   -1.7055968   2.5889869  -1.9461688  -1.6877519
  -0.06030527]] 
Episode: 495: [[-1.3582286  -1.5151526  -1.2484257  -0.22102705 -1.7953969  -1.5971993
   0.4818272  -2.0418217  -1.7056563   2.5889683  -1.9461567  -1.6877618
  -0.06029198]] 
Episode: 496: [[-1.3582731  -1.5151218  -1.24843    -0.22099608 -1.7953912  -1.5972595
   0.48189664 -2.0418153  -1.7057334   2.588927   -1.9461563  -1.6877761
  -0.06026355]] 
Episode: 497: [[-1.358323   -1.5151157  -1.2484367  -0.22096288 -1.7954003  -1.5973215
   0.48198578 -2.0418093  -1.7058187   2.5888815  -1.9461695  -1.6877993
  -0.06023135]] 
Episode: 498: [[-1.3583488  -1.515111   -1.2484709  -0.22095825 -1.7954063  -1.5973803
   0.48206964 -2.0417876  -1.7059013   2.5888512  -1.9461695  -1.6878076
  -0.06019534]] 
Episode: 499: [[-1.3583949  -1.515118   -1.2485075  -0.2209325  -1.7953969  -1.5974417
   0.48217288 -2.041726   -1.7059952   2.5887892  -1.9461507  -1.6877903
  -0.06011186]] 
Episode: 500: [[-1.3584174  -1.5151347  -1.2485673  -0.22091344 -1.7953794  -1.5975299
   0.48228008 -2.0416813  -1.7061177   2.5887318  -1.946142   -1.6877838
  -0.06004257]] 
Episode: 501: [[-1.3584186  -1.5151856  -1.2486079  -0.2208878  -1.7954091  -1.5976351
   0.4823822  -2.041692   -1.7062385   2.5886736  -1.9461309  -1.6877732
  -0.05998781]] 
Episode: 502: [[-1.3584156  -1.5152277  -1.2486463  -0.22088285 -1.7954468  -1.5977362
   0.48247042 -2.0417073  -1.7063396   2.588638   -1.9461114  -1.6877627
  -0.05994887]] 
Episode: 503: [[-1.3583947  -1.5152737  -1.2486981  -0.22089227 -1.7954884  -1.5978291
   0.48254818 -2.0417202  -1.7064154   2.588621   -1.9461062  -1.6877646
  -0.05993814]] 
Episode: 504: [[-1.3583952  -1.5153095  -1.2487203  -0.22090279 -1.7955225  -1.5978823
   0.48259825 -2.0417175  -1.7064592   2.5886166  -1.9460866  -1.6877574
  -0.05993165]] 
Episode: 505: [[-1.3584398  -1.5153016  -1.2487063  -0.22089216 -1.7955039  -1.5978936
   0.48260492 -2.041684   -1.7064879   2.5886118  -1.94605    -1.6877196
  -0.05991611]] 
Episode: 506: [[-1.3585063  -1.5152301  -1.2486379  -0.22088423 -1.7954499  -1.5979115
   0.48250866 -2.0416627  -1.7064883   2.5886362  -1.9459183  -1.687595
  -0.05989591]] 
Episode: 507: [[-1.3585569  -1.5151707  -1.2486124  -0.22087534 -1.7953888  -1.597945
   0.48244554 -2.0416174  -1.706501    2.5886457  -1.945797   -1.6874868
  -0.05987207]] 
Episode: 508: [[-1.3586174  -1.5151185  -1.2485714  -0.22085866 -1.7953306  -1.5979604
   0.48237666 -2.0415752  -1.7065012   2.588659   -1.9456941  -1.6873977
  -0.05986312]] 
Episode: 509: [[-1.3586538  -1.5150806  -1.2485415  -0.22085026 -1.7952827  -1.5979455
   0.4823227  -2.04155    -1.7064977   2.5886815  -1.9456503  -1.6873647
  -0.05989048]] 
Episode: 510: [[-1.3587099  -1.5150634  -1.248491   -0.22082055 -1.7952582  -1.5979444
   0.48228848 -2.0415435  -1.7065058   2.5886846  -1.9456029  -1.6873243
  -0.05990241]] 
Episode: 511: [[-1.3587267  -1.5150226  -1.248487   -0.2208436  -1.7951978  -1.5978975
   0.4822315  -2.0414732  -1.7064668   2.5887146  -1.9455129  -1.6872518
  -0.05990543]] 
Episode: 512: [[-1.3587409  -1.514989   -1.2484885  -0.22085723 -1.7951461  -1.5978733
   0.48219052 -2.0414126  -1.7064431   2.5887318  -1.9454328  -1.6871872
  -0.05990226]] 
Episode: 513: [[-1.3587267  -1.5149802  -1.2485259  -0.2208837  -1.7951229  -1.597897
   0.48218742 -2.0413704  -1.7064495   2.5887396  -1.9453547  -1.6871177
  -0.05988466]] 
Episode: 514: [[-1.3587927  -1.5149845  -1.2484596  -0.22083183 -1.7951458  -1.5979458
   0.4821946  -2.0414047  -1.7064883   2.5887177  -1.9453449  -1.6871091
  -0.05988384]] 
Episode: 515: [[-1.3588275  -1.515034   -1.2483996  -0.22078879 -1.7952172  -1.5980083
   0.48220882 -2.0414891  -1.7065245   2.5887094  -1.9453726  -1.687122
  -0.05991754]] 
Episode: 516: [[-1.3588496  -1.5150762  -1.2483486  -0.22076005 -1.7952776  -1.5980601
   0.48220298 -2.041565   -1.7065482   2.5887148  -1.9454001  -1.6871263
  -0.05995527]] 
Episode: 517: [[-1.3588474  -1.5151387  -1.248277   -0.22078489 -1.7953814  -1.5980811
   0.48214713 -2.041694   -1.7065386   2.588793   -1.9454625  -1.6871562
  -0.06005374]] 
Episode: 518: [[-1.358831   -1.5151942  -1.248236   -0.22083019 -1.7954719  -1.5980992
   0.48211133 -2.041789   -1.7065277   2.5888686  -1.9455042  -1.6871803
  -0.06013196]] 
Episode: 519: [[-1.3588272  -1.5152506  -1.248185   -0.22085613 -1.7955586  -1.5981255
   0.4820851  -2.041882   -1.7065327   2.5889242  -1.9455454  -1.6871984
  -0.06019184]] 
Episode: 520: [[-1.3588841  -1.5152906  -1.2480758  -0.22087274 -1.7956415  -1.5980539
   0.48206806 -2.0419605  -1.7064921   2.588996   -1.9456553  -1.6872975
  -0.06029135]] 
Episode: 521: [[-1.3589096  -1.5153536  -1.2479827  -0.22091135 -1.7957543  -1.5980046
   0.48204786 -2.0420697  -1.7064533   2.5890877  -1.9457772  -1.687404
  -0.06041228]] 
Episode: 522: [[-1.3589449  -1.5154161  -1.2478997  -0.2209325  -1.7958564  -1.5979768
   0.48205018 -2.0421598  -1.7064353   2.5891495  -1.9458714  -1.6874844
  -0.06049543]] 
Episode: 523: [[-1.3589371  -1.5154779  -1.2478952  -0.22098166 -1.79594    -1.5979924
   0.48207587 -2.0422215  -1.7064233   2.5892134  -1.9459361  -1.6875614
  -0.06057702]] 
Episode: 524: [[-1.3589454  -1.5155337  -1.2478843  -0.22100945 -1.7960082  -1.5980161
   0.48211348 -2.0422678  -1.706437    2.5892496  -1.9459914  -1.6876179
  -0.0606239 ]] 
Episode: 525: [[-1.3589627  -1.5155774  -1.24788    -0.22102657 -1.7960579  -1.5980438
   0.48216516 -2.0422864  -1.7064638   2.5892637  -1.946035   -1.6876563
  -0.06063802]] 
Episode: 526: [[-1.3589776  -1.5156286  -1.2478913  -0.22104459 -1.7961085  -1.5980836
   0.48222962 -2.0422988  -1.706506    2.5892694  -1.9460732  -1.6876855
  -0.06063334]] 
Episode: 527: [[-1.3590096  -1.5156827  -1.247891   -0.2210339  -1.796148   -1.5981258
   0.48230582 -2.0422966  -1.7065562   2.5892441  -1.9460977  -1.6876998
  -0.06060025]] 
Episode: 528: [[-1.3590612  -1.515695   -1.2478586  -0.22099409 -1.7961483  -1.5981251
   0.48237082 -2.042292   -1.7065967   2.589202   -1.9461465  -1.6877329
  -0.06057522]] 
Episode: 529: [[-1.3591379  -1.5157102  -1.2478411  -0.22094113 -1.7961352  -1.598164
   0.4824535  -2.0422435  -1.7066764   2.5891244  -1.9461203  -1.6876918
  -0.06046661]] 
Episode: 530: [[-1.3591769  -1.5157624  -1.2478579  -0.22092856 -1.7961671  -1.5982176
   0.4825497  -2.0422175  -1.7067394   2.5890813  -1.9461074  -1.6876794
  -0.06039844]] 
Episode: 531: [[-1.3592011  -1.5158356  -1.2478925  -0.22092871 -1.7962232  -1.5982957
   0.4826463  -2.0422175  -1.7067977   2.5890565  -1.9461089  -1.6876785
  -0.06035707]] 
Episode: 532: [[-1.3592366  -1.5159584  -1.2479024  -0.22093488 -1.7963389  -1.5983907
   0.48273027 -2.0422752  -1.7068608   2.5890546  -1.9461153  -1.6876658
  -0.06032556]] 
Episode: 533: [[-1.3592558  -1.5160784  -1.2479098  -0.22094071 -1.7964633  -1.5984838
   0.48282364 -2.0423558  -1.7069272   2.5890493  -1.9461485  -1.6876738
  -0.06030655]] 
Episode: 534: [[-1.3592958  -1.5161911  -1.2479025  -0.22092314 -1.796575   -1.5985737
   0.48291925 -2.0424335  -1.7070084   2.5890286  -1.9462041  -1.687692
  -0.06027814]] 
Episode: 535: [[-1.35938    -1.516375   -1.2478533  -0.22084591 -1.7967321  -1.5987093
   0.48305666 -2.0425737  -1.707133    2.5889802  -1.946328   -1.6877903
  -0.06027064]] 
Episode: 536: [[-1.3594574  -1.5165539  -1.2477815  -0.22078085 -1.7968904  -1.5988072
   0.48316184 -2.0427177  -1.7072306   2.5889487  -1.9464571  -1.6878698
  -0.06026858]] 
Episode: 537: [[-1.3595492  -1.5166782  -1.2477067  -0.22071849 -1.7970017  -1.5988601
   0.48325694 -2.0428302  -1.7073117   2.5889237  -1.9466031  -1.6879772
  -0.06027897]] 
Episode: 538: [[-1.3596482  -1.5167816  -1.2476397  -0.22065645 -1.7970899  -1.5989072
   0.48335102 -2.0429075  -1.7073876   2.5888855  -1.9467148  -1.6880488
  -0.06025258]] 
Episode: 539: [[-1.3597023  -1.5169059  -1.2475623  -0.22064173 -1.7972292  -1.5989312
   0.48340052 -2.0430546  -1.7074243   2.5889137  -1.9468751  -1.6881558
  -0.06030302]] 
Episode: 540: [[-1.3597544  -1.5170043  -1.2474958  -0.22066364 -1.7973531  -1.598931
   0.48340425 -2.0431898  -1.7074267   2.5889847  -1.9470214  -1.6882378
  -0.06036677]] 
Episode: 541: [[-1.3597931  -1.5171236  -1.2474556  -0.22068973 -1.7974926  -1.5989606
   0.48343143 -2.0433173  -1.7074311   2.5890472  -1.9471446  -1.688316
  -0.06042137]] 
Episode: 542: [[-1.3598211  -1.5172325  -1.2474357  -0.22071464 -1.7976094  -1.5989984
   0.48347    -2.0434165  -1.7074484   2.589095   -1.9472542  -1.6883849
  -0.06045996]] 
Episode: 543: [[-1.3598471  -1.5173246  -1.2474211  -0.22074471 -1.7977065  -1.5990297
   0.48349732 -2.0434954  -1.7074643   2.5891402  -1.9473433  -1.6884286
  -0.06047679]] 
Episode: 544: [[-1.3598862  -1.5173959  -1.2473817  -0.22075495 -1.7978011  -1.5990982
   0.48349756 -2.043595   -1.7074978   2.5891786  -1.9473959  -1.6884422
  -0.06048809]] 
Episode: 545: [[-1.3599175  -1.5174748  -1.2473391  -0.2207595  -1.7979091  -1.5991409
   0.48352006 -2.0437114  -1.7075319   2.5892093  -1.9474672  -1.6884824
  -0.06051615]] 
Episode: 546: [[-1.3599832  -1.5175287  -1.2472873  -0.22073227 -1.7979769  -1.5991795
   0.48354837 -2.0437818  -1.7075775   2.5892045  -1.9475111  -1.688493
  -0.06049975]] 
Episode: 547: [[-1.3599994  -1.5176262  -1.247289   -0.22077477 -1.7980981  -1.5992413
   0.4835722  -2.0438623  -1.7076019   2.589259   -1.9475493  -1.6885151
  -0.06051782]] 
Episode: 548: [[-1.3600212  -1.5177035  -1.2472893  -0.22079855 -1.7981951  -1.5992951
   0.4836062  -2.0439343  -1.7076368   2.589294   -1.9476045  -1.6885524
  -0.06053271]] 
Episode: 549: [[-1.3600249  -1.5177717  -1.2473011  -0.22083798 -1.7982799  -1.5993353
   0.48363677 -2.043989   -1.7076657   2.589335   -1.9476606  -1.6885915
  -0.06054728]] 
Episode: 550: [[-1.3600137  -1.5178907  -1.2472913  -0.22089109 -1.7984421  -1.5993752
   0.4836791  -2.0441334  -1.7076911   2.5894074  -1.9477901  -1.6886827
  -0.060622  ]] 
Episode: 551: [[-1.3600057  -1.5180116  -1.2472767  -0.22093762 -1.7986028  -1.5994111
   0.4837303  -2.0442705  -1.707717    2.589471   -1.9479197  -1.688778
  -0.0606924 ]] 
Episode: 552: [[-1.3600228  -1.5181129  -1.2472535  -0.22095342 -1.7987325  -1.5994518
   0.48378986 -2.0443861  -1.7077636   2.589501   -1.9480393  -1.688852
  -0.06072486]] 
Episode: 553: [[-1.3600025  -1.5182433  -1.2472303  -0.2210011  -1.7989022  -1.5994767
   0.4838067  -2.044544   -1.7077622   2.5895834  -1.9481785  -1.6889471
  -0.06082712]] 
Episode: 554: [[-1.3600029  -1.5183316  -1.2471887  -0.2210461  -1.799025   -1.5994599
   0.48378202 -2.0446692  -1.7077386   2.589676   -1.94831    -1.6890309
  -0.0609296 ]] 
Episode: 555: [[-1.3600132  -1.5184056  -1.2471397  -0.22109406 -1.7991375  -1.5994304
   0.48375416 -2.0447834  -1.707705    2.5897691  -1.9484226  -1.6891015
  -0.06102559]] 
Episode: 556: [[-1.3600755  -1.5185567  -1.2469897  -0.22104469 -1.799256   -1.5993632
   0.48375306 -2.0449812  -1.7077315   2.5897975  -1.9486014  -1.689194
  -0.06111061]] 
Episode: 557: [[-1.3601464  -1.5186762  -1.246842   -0.22099179 -1.7993466  -1.5992866
   0.48375028 -2.045151   -1.7077584   2.5898151  -1.9487655  -1.6892774
  -0.0611751 ]] 
Episode: 558: [[-1.3601846  -1.5187827  -1.2466825  -0.22097293 -1.7994548  -1.5991848
   0.48369342 -2.0453522  -1.7077261   2.5898783  -1.9489266  -1.6893554
  -0.06128482]] 
Episode: 559: [[-1.3602118  -1.518896   -1.2465466  -0.2209575  -1.7995671  -1.5991118
   0.4836556  -2.0455327  -1.7077088   2.5899255  -1.9490577  -1.6894069
  -0.06136227]] 
Episode: 560: [[-1.3602595  -1.5189911  -1.2464205  -0.22092305 -1.7996494  -1.599057
   0.4836418  -2.0456731  -1.7077179   2.5899403  -1.9491616  -1.6894389
  -0.06139806]] 
Episode: 561: [[-1.3603293  -1.519073   -1.2463026  -0.22087458 -1.7997084  -1.5990015
   0.48364598 -2.0457768  -1.7077327   2.589935   -1.9492437  -1.6894667
  -0.06141067]] 
Episode: 562: [[-1.3604219  -1.5191649  -1.2461811  -0.22081414 -1.7997794  -1.5989577
   0.48368174 -2.0458872  -1.7077736   2.5899215  -1.9493594  -1.6895267
  -0.06142533]] 
Episode: 563: [[-1.3605222  -1.519161   -1.2460495  -0.22078778 -1.7997565  -1.5988225
   0.48362368 -2.0459135  -1.7077575   2.5899467  -1.9494368  -1.6895418
  -0.06143019]] 
Episode: 564: [[-1.3606114  -1.5191785  -1.2459326  -0.22076726 -1.7997613  -1.5987146
   0.48358387 -2.0459538  -1.7077498   2.5899706  -1.9495108  -1.6895545
  -0.06143235]] 
Episode: 565: [[-1.3606629  -1.519183   -1.2458365  -0.2207804  -1.7997736  -1.5986205
   0.48350886 -2.0460093  -1.7077178   2.5900276  -1.9495643  -1.6895506
  -0.06145976]] 
Episode: 566: [[-1.3607264  -1.5191793  -1.2457367  -0.22076994 -1.7997649  -1.5985252
   0.48344725 -2.0460517  -1.7077024   2.5900638  -1.9496336  -1.6895641
  -0.06148466]] 
Episode: 567: [[-1.3608093  -1.519176   -1.2456249  -0.22074628 -1.7997655  -1.5984112
   0.48340893 -2.0460875  -1.7076707   2.5900872  -1.9497162  -1.6895952
  -0.06150926]] 
Episode: 568: [[-1.3608729  -1.5191711  -1.2455226  -0.2207479  -1.7997752  -1.5982859
   0.48336053 -2.046135   -1.7076188   2.5901382  -1.9498171  -1.6896487
  -0.06156523]] 
Episode: 569: [[-1.3609468  -1.5192089  -1.245403   -0.22068483 -1.7998013  -1.5982082
   0.48334906 -2.046213   -1.7076155   2.5901275  -1.9499065  -1.6896952
  -0.06159605]] 
Episode: 570: [[-1.360967   -1.5192637  -1.245348   -0.22067435 -1.7998453  -1.5981688
   0.4833438  -2.046282   -1.707613    2.590146   -1.9499694  -1.6897274
  -0.06163563]] 
Episode: 571: [[-1.361012   -1.5193379  -1.2452654  -0.22065355 -1.7999079  -1.5981256
   0.4833522  -2.0463507  -1.7076106   2.590156   -1.9500302  -1.6897619
  -0.06166022]] 
Episode: 572: [[-1.3610221  -1.5194467  -1.2452064  -0.22063696 -1.8000058  -1.5981239
   0.4833967  -2.0464494  -1.7076434   2.5901613  -1.9501346  -1.6898385
  -0.0617021 ]] 
Episode: 573: [[-1.3610421  -1.5195229  -1.2451761  -0.22059329 -1.8000525  -1.598184
   0.48349717 -2.0464969  -1.7077671   2.5900955  -1.9502063  -1.6898665
  -0.0616399 ]] 
Episode: 574: [[-1.3610613  -1.5196044  -1.2451466  -0.220563   -1.8001124  -1.5982348
   0.48358297 -2.0465505  -1.7078696   2.5900512  -1.9502716  -1.6898968
  -0.06159819]] 
Episode: 575: [[-1.3610859  -1.5196749  -1.2451087  -0.22053039 -1.8001602  -1.5982596
   0.4836612  -2.04659    -1.7079563   2.5900097  -1.9503466  -1.6899387
  -0.06156642]] 
Episode: 576: [[-1.3611013  -1.5197381  -1.2450782  -0.22050224 -1.8002045  -1.5982869
   0.48372647 -2.0466387  -1.7080352   2.5899773  -1.9504223  -1.6899776
  -0.06154873]] 
Episode: 577: [[-1.3611245  -1.5198051  -1.2450484  -0.22046366 -1.8002517  -1.5983425
   0.4837856  -2.046679   -1.7081114   2.589935   -1.9504472  -1.6899791
  -0.0615152 ]] 
Episode: 578: [[-1.3611345  -1.5198634  -1.245013   -0.22044548 -1.8002968  -1.5983764
   0.4838069  -2.0467253  -1.7081639   2.589922   -1.9504809  -1.6899774
  -0.06150264]] 
Episode: 579: [[-1.3611333  -1.5199237  -1.2449704  -0.2204434  -1.8003705  -1.5984462
   0.48380306 -2.0468144  -1.7082233   2.589935   -1.9505047  -1.6899662
  -0.06151029]] 
Episode: 580: [[-1.3611321  -1.5200099  -1.2449285  -0.22043917 -1.800466   -1.5985181
   0.48382077 -2.0469182  -1.7082855   2.589944   -1.9505377  -1.6899667
  -0.06152055]] 
Episode: 581: [[-1.3611099  -1.5201026  -1.2449015  -0.22046238 -1.8005764  -1.5985844
   0.48382127 -2.0470269  -1.7083195   2.5899823  -1.9505626  -1.6899676
  -0.06155809]] 
Episode: 582: [[-1.361112   -1.5201868  -1.2448659  -0.22043999 -1.8006719  -1.5986743
   0.4838392  -2.0471287  -1.7083905   2.5899723  -1.9505814  -1.6899409
  -0.06154999]] 
Episode: 583: [[-1.361129   -1.5202628  -1.2448355  -0.22040324 -1.8007468  -1.5987614
   0.4838731  -2.0471988  -1.7084717   2.5899417  -1.9505944  -1.6899116
  -0.06151936]] 
Episode: 584: [[-1.3611568  -1.5203416  -1.2447807  -0.22036849 -1.8008301  -1.598825
   0.48388913 -2.0472798  -1.7085416   2.5899284  -1.9506309  -1.6899036
  -0.06150922]] 
Episode: 585: [[-1.3611519  -1.520423   -1.2447342  -0.22036088 -1.8009325  -1.598886
   0.48388642 -2.0473864  -1.7085912   2.5899413  -1.9506627  -1.6898935
  -0.06152542]] 
Episode: 586: [[-1.3611475  -1.5204833  -1.244719   -0.22035481 -1.8009961  -1.5989558
   0.48390037 -2.0474417  -1.7086645   2.5899272  -1.9506541  -1.6898402
  -0.06148056]] 
Episode: 587: [[-1.3611101  -1.5205907  -1.2447196  -0.22039641 -1.801116   -1.5990151
   0.48390096 -2.0475347  -1.7087085   2.5899699  -1.9506862  -1.6898228
  -0.06149097]] 
Episode: 588: [[-1.3610774  -1.5206575  -1.2446398  -0.220294   -1.8011581  -1.5991628
   0.48390615 -2.0476332  -1.7088253   2.5898657  -1.9506433  -1.689743
  -0.06141812]] 
Episode: 589: [[-1.3610661  -1.5207441  -1.2445828  -0.22019522 -1.8012226  -1.599342
   0.48395345 -2.0477276  -1.7089636   2.5897632  -1.9506081  -1.6896857
  -0.06134774]] 
Episode: 590: [[-1.361053   -1.5208534  -1.2445204  -0.22009067 -1.8013209  -1.5995156
   0.48403847 -2.0478652  -1.7091203   2.5896597  -1.9506507  -1.689687
  -0.06130778]] 
Episode: 591: [[-1.3609877  -1.5209903  -1.2445222  -0.22004656 -1.8014505  -1.599735
   0.48411372 -2.0480103  -1.7092664   2.5896006  -1.9506608  -1.6896679
  -0.06128249]] 
Episode: 592: [[-1.3609543  -1.5211002  -1.2445074  -0.21997243 -1.8015326  -1.5999267
   0.48419362 -2.0481105  -1.7094139   2.5895154  -1.9506726  -1.6896589
  -0.06124112]] 
Episode: 593: [[-1.3609273  -1.5212142  -1.2445066  -0.21989419 -1.8016198  -1.6001261
   0.48431188 -2.0482054  -1.7095736   2.5894167  -1.9506934  -1.6896691
  -0.06119389]] 
Episode: 594: [[-1.3609102  -1.5213162  -1.2445027  -0.21982683 -1.8016974  -1.6003054
   0.4844204  -2.0482879  -1.7097216   2.5893307  -1.9507143  -1.6896762
  -0.06114819]] 
Episode: 595: [[-1.3609014  -1.5213906  -1.2444971  -0.21975872 -1.8017602  -1.6004759
   0.48452693 -2.0483644  -1.7098693   2.5892413  -1.9507339  -1.6896781
  -0.06109391]] 
Episode: 596: [[-1.3608679  -1.5214822  -1.2445151  -0.21972176 -1.8018438  -1.6006452
   0.48463675 -2.0484395  -1.7100017   2.589169   -1.9507339  -1.6896646
  -0.06103847]] 
Episode: 597: [[-1.3608154  -1.5215702  -1.2445366  -0.21972053 -1.8019285  -1.6007813
   0.4846919  -2.0485187  -1.7100922   2.589146   -1.9507382  -1.6896452
  -0.06101872]] 
Episode: 598: [[-1.3607495  -1.5216591  -1.2445626  -0.21974449 -1.802015   -1.6008964
   0.48473576 -2.048591   -1.7101513   2.5891488  -1.9507352  -1.6896415
  -0.06102629]] 
Episode: 599: [[-1.3606932  -1.5217519  -1.2445774  -0.21976332 -1.8021048  -1.6009862
   0.48478967 -2.04867    -1.710208    2.589154   -1.9507776  -1.6896763
  -0.06105177]] 
Episode: 600: [[-1.3606408  -1.5218349  -1.2446032  -0.21978961 -1.8021868  -1.6010787
   0.48484236 -2.0487304  -1.7102541   2.5891607  -1.9507937  -1.6896921
  -0.06106529]] 
Episode: 601: [[-1.3605928  -1.5218682  -1.2446451  -0.21984632 -1.8022443  -1.6011502
   0.48488244 -2.048778   -1.7102823   2.5891964  -1.9508067  -1.6897212
  -0.06109585]] 
Episode: 602: [[-1.3605617  -1.5219202  -1.2446686  -0.2198841  -1.8023244  -1.6012304
   0.48495117 -2.0488343  -1.7103294   2.5892081  -1.9508326  -1.689751
  -0.06110051]] 
Episode: 603: [[-1.3605088  -1.5219836  -1.244765   -0.21965323 -1.8024924  -1.6016774
   0.48522812 -2.049123   -1.7106876   2.5890095  -1.95092    -1.6898589
  -0.06108981]] 
Episode: 604: [[-1.3604587  -1.5220442  -1.2448604  -0.21944104 -1.8026345  -1.6020832
   0.48548836 -2.0493767  -1.7110198   2.588824   -1.9510124  -1.6899661
  -0.06107989]] 
Episode: 605: [[-1.3604314  -1.5220962  -1.244947   -0.2192478  -1.8027514  -1.6024432
   0.4857296  -2.0495808  -1.7113168   2.5886521  -1.9510812  -1.6900542
  -0.06105707]] 
Episode: 606: [[-1.3603883  -1.5221629  -1.2450312  -0.21908301 -1.8028835  -1.6027805
   0.48595878 -2.0497906  -1.7115934   2.5885026  -1.9511573  -1.6901424
  -0.0610466 ]] 
Episode: 607: [[-1.3603768  -1.5222094  -1.2450918  -0.21892264 -1.8029853  -1.603072
   0.48616424 -2.0499616  -1.7118421   2.5883574  -1.9512209  -1.6902089
  -0.061016  ]] 
Episode: 608: [[-1.3603414  -1.5222609  -1.245164   -0.21879065 -1.8030884  -1.6033542
   0.48635688 -2.0501237  -1.7120774   2.588229   -1.9512669  -1.6902653
  -0.06098713]] 
Episode: 609: [[-1.3602889  -1.5223213  -1.2452147  -0.21868302 -1.8032074  -1.6035974
   0.4865182  -2.0503101  -1.7122785   2.5881383  -1.9513557  -1.690351
  -0.06101274]] 
Episode: 610: [[-1.3602431  -1.5223962  -1.2452407  -0.21861483 -1.8033365  -1.6037945
   0.48662606 -2.0504842  -1.7124196   2.5880995  -1.9514192  -1.6904286
  -0.06106105]] 
Episode: 611: [[-1.3602118  -1.5224929  -1.2452433  -0.21855642 -1.8034798  -1.6039438
   0.48672628 -2.0506525  -1.712522    2.5880783  -1.9515009  -1.6905239
  -0.06113111]] 
Episode: 612: [[-1.3602073  -1.5225902  -1.2452192  -0.21849547 -1.8036261  -1.6040653
   0.4868155  -2.05081    -1.7125952   2.588062   -1.9515754  -1.6906158
  -0.06120433]] 
Episode: 613: [[-1.3602124  -1.5226561  -1.2451912  -0.21844274 -1.803737   -1.6041518
   0.48688692 -2.0509408  -1.7126507   2.5880566  -1.9516706  -1.6907216
  -0.06128641]] 
Episode: 614: [[-1.3601795  -1.5227917  -1.2451961  -0.21840774 -1.8038701  -1.6042739
   0.48698255 -2.051062   -1.7127248   2.5880497  -1.9517523  -1.6908219
  -0.06135734]] 
Episode: 615: [[-1.3601565  -1.5229203  -1.2451929  -0.2183802  -1.8039955  -1.6043758
   0.48706222 -2.0511675  -1.7127777   2.588051   -1.9518217  -1.6909094
  -0.06142484]] 
Episode: 616: [[-1.3601142  -1.5230341  -1.2452189  -0.21837632 -1.8041185  -1.6044898
   0.48713854 -2.0512729  -1.7128356   2.5880656  -1.95188    -1.6909872
  -0.0614916 ]] 
Episode: 617: [[-1.3601147  -1.5231715  -1.2451885  -0.2183376  -1.8042656  -1.6045988
   0.48721486 -2.0514092  -1.7128958   2.588064   -1.9519507  -1.6910657
  -0.06155601]] 
Episode: 618: [[-1.360113   -1.5232865  -1.2451649  -0.21830668 -1.8043863  -1.604695
   0.48726878 -2.0515192  -1.7129427   2.5880642  -1.9519895  -1.6911105
  -0.0616028 ]] 
Episode: 619: [[-1.3601227  -1.5233805  -1.2451363  -0.21826996 -1.8044858  -1.6047782
   0.48732126 -2.0516157  -1.7129916   2.5880556  -1.9520333  -1.6911517
  -0.06163579]] 
Episode: 620: [[-1.3601367  -1.5234554  -1.2451193  -0.21823077 -1.8045639  -1.6048646
   0.48738644 -2.0516856  -1.7130553   2.5880294  -1.9520601  -1.6911768
  -0.06163606]] 
Episode: 621: [[-1.360158   -1.5234945  -1.2450941  -0.2181925  -1.8046238  -1.6049408
   0.48743507 -2.0517654  -1.7131197   2.5880108  -1.9520932  -1.6912097
  -0.06164887]] 
Episode: 622: [[-1.3601922  -1.5235164  -1.2450682  -0.21815863 -1.8046658  -1.6050011
   0.48747492 -2.051825   -1.7131777   2.587993   -1.952113   -1.691225
  -0.06164388]] 
Episode: 623: [[-1.3602309  -1.5235076  -1.2450318  -0.21813928 -1.8046837  -1.6050223
   0.48748404 -2.0518727  -1.7132174   2.5879974  -1.9521556  -1.6912484
  -0.06165461]] 
Episode: 624: [[-1.3602691  -1.523496   -1.2450094  -0.21813181 -1.8046931  -1.6050396
   0.4874917  -2.051896   -1.7132529   2.5880058  -1.9521874  -1.6912594
  -0.06164946]] 
Episode: 625: [[-1.3602947  -1.5234541  -1.2449837  -0.21815217 -1.8046759  -1.6050088
   0.4874576  -2.0518978  -1.7132468   2.588043   -1.952207   -1.6912485
  -0.06165896]] 
Episode: 626: [[-1.3603252  -1.5234303  -1.2449417  -0.21818179 -1.8046806  -1.6049619
   0.4874243  -2.0519016  -1.7132232   2.5880919  -1.9522282  -1.6912457
  -0.06167869]] 
Episode: 627: [[-1.3603587  -1.5234256  -1.244907   -0.2181987  -1.8046923  -1.6049325
   0.48741505 -2.0519004  -1.7132105   2.5881217  -1.9522367  -1.6912438
  -0.06168566]] 
Episode: 628: [[-1.36039    -1.523406   -1.244872   -0.21822783 -1.8046916  -1.6048872
   0.48739326 -2.0518956  -1.713191    2.588167   -1.952271   -1.6912562
  -0.06170648]] 
Episode: 629: [[-1.3604128  -1.5234123  -1.2448386  -0.21826698 -1.8047171  -1.604839
   0.4873628  -2.0519092  -1.7131586   2.5882313  -1.9523209  -1.6912819
  -0.06175266]] 
Episode: 630: [[-1.3604082  -1.523418   -1.2448157  -0.21833183 -1.8047522  -1.6047876
   0.4873199  -2.0519357  -1.713115    2.5883205  -1.9523833  -1.6913158
  -0.06182475]] 
Episode: 631: [[-1.3604176  -1.5234069  -1.2447786  -0.21838067 -1.80477    -1.6047329
   0.4872724  -2.0519595  -1.7130817   2.5883994  -1.9524611  -1.6913586
  -0.06189389]] 
Episode: 632: [[-1.3604381  -1.5233955  -1.2447375  -0.21842493 -1.8047844  -1.6046703
   0.4872298  -2.051974   -1.713045    2.5884745  -1.9525368  -1.6914003
  -0.0619607 ]] 
Episode: 633: [[-1.3604783  -1.5233757  -1.2446458  -0.21845679 -1.8048027  -1.6045958
   0.4871384  -2.0520332  -1.7130095   2.588568   -1.9526547  -1.6914402
  -0.0620526 ]] 
Episode: 634: [[-1.3605168  -1.5233575  -1.2445515  -0.21848352 -1.8048192  -1.6045225
   0.48705056 -2.0520935  -1.7129825   2.5886545  -1.9527786  -1.6914833
  -0.06213992]] 
Episode: 635: [[-1.3604639  -1.5233989  -1.2445416  -0.21858282 -1.8049074  -1.6045064
   0.4870032  -2.0521717  -1.7129555   2.5887733  -1.9528716  -1.6915148
  -0.06223648]] 
Episode: 636: [[-1.3604356  -1.5234189  -1.2445015  -0.21866769 -1.8049731  -1.6044583
   0.48693934 -2.052236   -1.7129221   2.5888834  -1.9529659  -1.6915394
  -0.06231732]] 
Episode: 637: [[-1.3603985  -1.5234528  -1.2444805  -0.2187581  -1.8050442  -1.6044174
   0.4868874  -2.0522935  -1.7128936   2.5889955  -1.9530711  -1.6915795
  -0.06240198]] 
Episode: 638: [[-1.3603599  -1.5234983  -1.2444917  -0.2188345  -1.8051145  -1.6044153
   0.48688066 -2.052332   -1.712909    2.589068   -1.9531549  -1.6915997
  -0.06243016]] 
Episode: 639: [[-1.3604096  -1.5235134  -1.2444899  -0.21880831 -1.8051083  -1.604461
   0.4869353  -2.0522857  -1.7130135   2.5890088  -1.9531664  -1.6915412
  -0.06229165]] 
Episode: 640: [[-1.360454   -1.5235144  -1.2444996  -0.2187827  -1.8050847  -1.6045113
   0.4869768  -2.0522213  -1.7131068   2.5889475  -1.9531428  -1.6914548
  -0.06214632]] 
Episode: 641: [[-1.3606584  -1.5236031  -1.2442691  -0.21861076 -1.8051829  -1.604537
   0.4871571  -2.052353   -1.7133074   2.5888171  -1.9533931  -1.6916542
  -0.06210914]] 
Episode: 642: [[-1.3608714  -1.5236604  -1.2440355  -0.21846692 -1.8052547  -1.6045178
   0.4872925  -2.0524414  -1.7134526   2.5887191  -1.9536172  -1.6918311
  -0.06207329]] 
Episode: 643: [[-1.3610828  -1.5236915  -1.2438229  -0.21831697 -1.8052872  -1.6045046
   0.48742154 -2.0524905  -1.7136008   2.588604   -1.9538094  -1.6919762
  -0.06200483]] 
Episode: 644: [[-1.361297   -1.5237131  -1.2436237  -0.21815123 -1.8053019  -1.6045051
   0.4875561  -2.052533   -1.7137617   2.5884702  -1.9539912  -1.6921102
  -0.06192173]] 
Episode: 645: [[-1.361604   -1.5238432  -1.2433145  -0.2178817  -1.8054522  -1.6045814
   0.4878143  -2.052743   -1.7140367   2.5882804  -1.9543346  -1.6924073
  -0.06191072]] 
Episode: 646: [[-1.3618795  -1.5239615  -1.2430273  -0.21765655 -1.8055991  -1.6046411
   0.4880233  -2.0529404  -1.7142677   2.588136   -1.9546372  -1.6926713
  -0.06191804]] 
Episode: 647: [[-1.3621184  -1.5240802  -1.242768   -0.21745531 -1.8057376  -1.6046908
   0.48822257 -2.0531228  -1.7144828   2.5880032  -1.9549193  -1.6929189
  -0.06192762]] 
Episode: 648: [[-1.3623202  -1.5241922  -1.2425419  -0.2172898  -1.8058628  -1.6047305
   0.48838252 -2.0532792  -1.7146622   2.5879028  -1.9551648  -1.6931282
  -0.0619505 ]] 
Episode: 649: [[-1.3625166  -1.5242872  -1.2423189  -0.2171294  -1.8059764  -1.6047592
   0.48853162 -2.053432   -1.7148322   2.5878043  -1.9554043  -1.6933248
  -0.06196681]] 
Episode: 650: [[-1.3627418  -1.5243697  -1.24208    -0.21693599 -1.8060645  -1.6047873
   0.4886843  -2.0535607  -1.7150156   2.5876682  -1.9556274  -1.6934927
  -0.06193415]] 
Episode: 651: [[-1.3629205  -1.5244668  -1.2418867  -0.21677022 -1.8061513  -1.6048287
   0.48881823 -2.0536757  -1.7151841   2.5875502  -1.955813   -1.6936324
  -0.06190773]] 
Episode: 652: [[-1.36308    -1.5245622  -1.2417105  -0.21663474 -1.8062356  -1.6048585
   0.488933   -2.0537736  -1.7153327   2.5874565  -1.9559734  -1.6937491
  -0.06188273]] 
Episode: 653: [[-1.36322    -1.5246636  -1.2415466  -0.21652284 -1.8063278  -1.6048821
   0.48903075 -2.05387    -1.7154608   2.5873854  -1.9561297  -1.6938571
  -0.06186813]] 
Episode: 654: [[-1.3633709  -1.5247726  -1.241385   -0.21639517 -1.8064098  -1.6049074
   0.48914152 -2.053951   -1.7155931   2.5872939  -1.9562739  -1.6939571
  -0.0618327 ]] 
Episode: 655: [[-1.3635023  -1.5248793  -1.2412485  -0.21628779 -1.8064805  -1.6049219
   0.489243   -2.0540187  -1.7157078   2.5872197  -1.9564114  -1.6940595
  -0.06181203]] 
Episode: 656: [[-1.3636194  -1.5249909  -1.2411453  -0.2161874  -1.806568   -1.6049848
   0.48936084 -2.0540822  -1.7158285   2.5871308  -1.9564744  -1.6940992
  -0.06175272]] 
Episode: 657: [[-1.3637112  -1.5250891  -1.2410314  -0.21612784 -1.8066624  -1.6050092
   0.48942602 -2.0541744  -1.7159134   2.5871065  -1.9565873  -1.694176
  -0.06176584]] 
Episode: 658: [[-1.3637681  -1.525191   -1.2409277  -0.21609242 -1.8067704  -1.6050404
   0.48946908 -2.0542886  -1.7159915   2.587108   -1.9567046  -1.6942554
  -0.06180263]] 
Episode: 659: [[-1.3638268  -1.5252904  -1.2408307  -0.2160657  -1.8068712  -1.6050633
   0.4895011  -2.054387   -1.7160497   2.587119   -1.956808   -1.694325
  -0.06184079]] 
Episode: 660: [[-1.36387    -1.5254005  -1.240746   -0.21605119 -1.8069817  -1.6050918
   0.4895353  -2.0544815  -1.7160981   2.5871356  -1.9568958  -1.6943829
  -0.06187825]] 
Episode: 661: [[-1.3638973  -1.5254917  -1.2406672  -0.21606995 -1.8070865  -1.6050856
   0.4895385  -2.0545695  -1.7161053   2.587191   -1.9569886  -1.6944473
  -0.06194815]] 
Episode: 662: [[-1.3639114  -1.525602   -1.2406052  -0.21609385 -1.8072085  -1.6050988
   0.48955494 -2.0546615  -1.7161212   2.5872428  -1.9570726  -1.6945031
  -0.06200827]] 
Episode: 663: [[-1.3639263  -1.5257039  -1.2405403  -0.21610746 -1.8073195  -1.6050972
   0.4895761  -2.054762   -1.7161475   2.5872917  -1.9572046  -1.6945903
  -0.06208815]] 
Episode: 664: [[-1.3639926  -1.5257145  -1.2404367  -0.21609367 -1.8073361  -1.6050301
   0.48956665 -2.0548143  -1.7161623   2.5873249  -1.9573506  -1.6946834
  -0.06215374]] 
Episode: 665: [[-1.3640667  -1.5257283  -1.2403227  -0.21606779 -1.8073674  -1.6049756
   0.48957297 -2.054888   -1.7161834   2.5873473  -1.9574938  -1.6947831
  -0.06222276]] 
Episode: 666: [[-1.3641163  -1.5257963  -1.2402695  -0.21603915 -1.8074205  -1.604938
   0.48970205 -2.0549636  -1.7162534   2.5873375  -1.9577013  -1.6949773
  -0.06231549]] 
Episode: 667: [[-1.3641822  -1.5258734  -1.2402171  -0.21598434 -1.8074675  -1.6049107
   0.4898548  -2.0550196  -1.7163328   2.5872912  -1.9578893  -1.6951514
  -0.0623688 ]] 
Episode: 668: [[-1.3642247  -1.5259688  -1.2401258  -0.21594892 -1.8075669  -1.6048591
   0.49001646 -2.055139   -1.7164211   2.5872722  -1.9581559  -1.695396
  -0.06247392]] 
Episode: 669: [[-1.3642685  -1.5260581  -1.2400507  -0.21591793 -1.8076562  -1.6048226
   0.49015725 -2.0552351  -1.7164963   2.5872529  -1.9583633  -1.6955864
  -0.06255078]] 
Episode: 670: [[-1.3643259  -1.5261176  -1.2399788  -0.2158898  -1.8077114  -1.6047786
   0.49027643 -2.0552976  -1.7165633   2.5872357  -1.958544   -1.695751
  -0.0626077 ]] 
Episode: 671: [[-1.3644551  -1.526065   -1.2398479  -0.21583568 -1.8076661  -1.6046616
   0.49034846 -2.055314   -1.7166063   2.5872104  -1.9587117  -1.6959014
  -0.06264661]] 
Episode: 672: [[-1.3645691  -1.5260338  -1.2397372  -0.21577677 -1.8076347  -1.6045816
   0.49043286 -2.0553403  -1.7166803   2.587169   -1.9588681  -1.6960266
  -0.06265745]] 
Episode: 673: [[-1.3646144  -1.5259874  -1.2396376  -0.21580751 -1.8076284  -1.60445
   0.49042076 -2.0553954  -1.7166579   2.5872407  -1.9590338  -1.6961663
  -0.06277198]] 
Episode: 674: [[-1.3646634  -1.5259278  -1.2395501  -0.2158336  -1.8075963  -1.6043185
   0.49040794 -2.055421   -1.7166353   2.587303   -1.9591872  -1.6962992
  -0.0628705 ]] 
Episode: 675: [[-1.3647909  -1.5258987  -1.2393309  -0.21580037 -1.8076223  -1.6041836
   0.49041215 -2.055512   -1.7166346   2.587341   -1.9593841  -1.6964755
  -0.06298719]] 
Episode: 676: [[-1.3648992  -1.5258875  -1.2391264  -0.21577424 -1.8076658  -1.6040561
   0.49041736 -2.0556195  -1.7166246   2.5873883  -1.9595869  -1.6966616
  -0.06312361]] 
Episode: 677: [[-1.3649869  -1.525883   -1.2389392  -0.21575488 -1.8077173  -1.6039491
   0.49041465 -2.0557392  -1.7166213   2.587438   -1.9597812  -1.6968272
  -0.06325442]] 
Episode: 678: [[-1.3650695  -1.5258882  -1.2387697  -0.21574034 -1.8077756  -1.6038606
   0.49041158 -2.0558462  -1.7166142   2.5874863  -1.959942   -1.6969672
  -0.06336933]] 
Episode: 679: [[-1.3651422  -1.525892   -1.2385978  -0.21574306 -1.8078327  -1.6037489
   0.4903913  -2.0559523  -1.7165812   2.5875578  -1.9601244  -1.6971288
  -0.06350779]] 
Episode: 680: [[-1.3651813  -1.5258986  -1.2384716  -0.21575752 -1.8078876  -1.6036707
   0.4903877  -2.0560405  -1.7165592   2.5876167  -1.9602638  -1.6972551
  -0.06361999]] 
Episode: 681: [[-1.365226   -1.5259026  -1.2383665  -0.21575946 -1.8079289  -1.6036214
   0.49039873 -2.0561025  -1.7165564   2.5876458  -1.960362   -1.6973413
  -0.06367953]] 
Episode: 682: [[-1.3652427  -1.5259621  -1.2383026  -0.21578632 -1.8080232  -1.6036116
   0.49043328 -2.056182   -1.716557    2.5876918  -1.9604521  -1.6974312
  -0.06375078]] 
Episode: 683: [[-1.3652637  -1.5260332  -1.238249   -0.21579929 -1.8081218  -1.6036223
   0.49048892 -2.0562632  -1.7165782   2.587719   -1.9605428  -1.6975217
  -0.06380717]] 
Episode: 684: [[-1.365297   -1.5261039  -1.238197   -0.21579638 -1.8082101  -1.6036419
   0.49055195 -2.0563302  -1.7166148   2.5877259  -1.960624   -1.6975968
  -0.06383564]] 
Episode: 685: [[-1.3653249  -1.5261889  -1.2381536  -0.21578962 -1.8083093  -1.6036754
   0.49062923 -2.056399   -1.71666     2.587725   -1.9607038  -1.6976753
  -0.06386138]] 
Episode: 686: [[-1.3653684  -1.52633    -1.2380916  -0.21576026 -1.8084335  -1.6037049
   0.49074617 -2.0564938  -1.7167248   2.5877116  -1.9608308  -1.6978076
  -0.06391296]] 
Episode: 687: [[-1.3654003  -1.5264591  -1.238044   -0.21573289 -1.8085437  -1.6037668
   0.4908305  -2.0565774  -1.7168043   2.5876942  -1.9609053  -1.6978693
  -0.06392628]] 
Episode: 688: [[-1.365407   -1.5265639  -1.2380173  -0.21574244 -1.8086312  -1.6038082
   0.49086156 -2.0566418  -1.7168527   2.5877163  -1.9609599  -1.6979034
  -0.06395011]] 
Episode: 689: [[-1.3653969  -1.5266789  -1.2380058  -0.21576168 -1.8087285  -1.6038661
   0.49089396 -2.0567124  -1.7169038   2.58774    -1.9610019  -1.6979202
  -0.06396426]] 
Episode: 690: [[-1.365393   -1.5267925  -1.2379619  -0.21576805 -1.8088396  -1.6038994
   0.4909368  -2.0568104  -1.7169472   2.5877595  -1.9610796  -1.6979713
  -0.06400562]] 
Episode: 691: [[-1.3654222  -1.526868   -1.2378554  -0.21576355 -1.8089314  -1.6038861
   0.49092105 -2.0569127  -1.716948    2.587791   -1.9611242  -1.6979991
  -0.06405154]] 
Episode: 692: [[-1.365446   -1.5269401  -1.2377709  -0.21576232 -1.8090022  -1.6038826
   0.49089158 -2.0569842  -1.7169366   2.5878212  -1.9611317  -1.6979952
  -0.06408226]] 
Episode: 693: [[-1.3654592  -1.5270121  -1.2376971  -0.2157784  -1.8090761  -1.6038783
   0.49084997 -2.0570586  -1.7169243   2.5878685  -1.9611421  -1.6979858
  -0.06411594]] 
Episode: 694: [[-1.3654602  -1.52709    -1.2376257  -0.21580216 -1.8091633  -1.6038702
   0.49081504 -2.0571475  -1.7169077   2.587925   -1.9611758  -1.698
  -0.0641725 ]] 
Episode: 695: [[-1.3654541  -1.5271548  -1.2375451  -0.21583572 -1.8092488  -1.603842
   0.49076378 -2.0572429  -1.7168739   2.5879958  -1.9612199  -1.6980209
  -0.06424543]] 
Episode: 696: [[-1.3654492  -1.5272181  -1.2374823  -0.2158629  -1.8093251  -1.6038425
   0.49072823 -2.0573354  -1.7168787   2.5880535  -1.9612724  -1.6980404
  -0.06429965]] 
Episode: 697: [[-1.3654152  -1.5272733  -1.2374556  -0.21593156 -1.8094065  -1.603849
   0.49068186 -2.0574236  -1.7168716   2.5881426  -1.9613055  -1.6980458
  -0.06436213]] 
Episode: 698: [[-1.3653848  -1.5273072  -1.2374477  -0.2160017  -1.8094589  -1.6038567
   0.49063694 -2.0574849  -1.7168664   2.5882273  -1.961321   -1.6980392
  -0.0644133 ]] 
Episode: 699: [[-1.36535    -1.5274159  -1.2374139  -0.21607201 -1.8095738  -1.6038871
   0.49059224 -2.0575554  -1.716831    2.5883112  -1.961282   -1.6979966
  -0.06445322]] 
Episode: 700: [[-1.3653116  -1.5275348  -1.2374132  -0.21612681 -1.8096777  -1.6039565
   0.49058604 -2.0576046  -1.7168387   2.588357   -1.9612306  -1.6979345
  -0.06444383]] 
Episode: 701: [[-1.365301   -1.5276458  -1.2374281  -0.21615358 -1.8097628  -1.6040508
   0.4906288  -2.057621   -1.7168857   2.5883505  -1.9611636  -1.6978496
  -0.06436519]] 
Episode: 702: [[-1.3653021  -1.52777    -1.237423   -0.21618317 -1.8098669  -1.6041348
   0.49065992 -2.0576496  -1.7169191   2.5883586  -1.961099   -1.6977677
  -0.06430126]] 
Episode: 703: [[-1.3653073  -1.5278774  -1.2374262  -0.21620254 -1.809955   -1.6042179
   0.49071306 -2.057667   -1.716963    2.5883477  -1.9610393  -1.6976957
  -0.06422643]] 
Episode: 704: [[-1.3653691  -1.5279464  -1.2373807  -0.21618186 -1.8100016  -1.6042439
   0.49077398 -2.0576675  -1.7169994   2.5883136  -1.961022   -1.6976678
  -0.06415869]] 
Episode: 705: [[-1.3654338  -1.528021   -1.2373608  -0.21615133 -1.8100437  -1.6042914
   0.49086583 -2.0576463  -1.7170463   2.588254   -1.9609816  -1.6976267
  -0.06406163]] 
Episode: 706: [[-1.3655052  -1.5280815  -1.2373294  -0.21611322 -1.8100723  -1.60433
   0.49094605 -2.0576227  -1.7170944   2.588193   -1.9609505  -1.6975888
  -0.06396773]] 
Episode: 707: [[-1.3655853  -1.5281142  -1.2372934  -0.21606928 -1.810075   -1.6043518
   0.49101934 -2.0575833  -1.7171408   2.5881276  -1.9609169  -1.6975517
  -0.06387264]] 
Episode: 708: [[-1.365679   -1.5281477  -1.2372833  -0.21600467 -1.8100611  -1.6044127
   0.4911154  -2.057513   -1.717218    2.588027   -1.9608471  -1.6974812
  -0.06372599]] 
Episode: 709: [[-1.3657696  -1.528168   -1.2372693  -0.2159439  -1.8100368  -1.6044766
   0.49119323 -2.057439   -1.7173039   2.5879288  -1.9607724  -1.6973906
  -0.06356503]] 
Episode: 710: [[-1.3658673  -1.5281543  -1.2372338  -0.21589711 -1.810001   -1.6045313
   0.49121788 -2.0573719  -1.7173703   2.5878594  -1.9606758  -1.6972767
  -0.06341354]] 
Episode: 711: [[-1.3660189  -1.5281905  -1.2370864  -0.21582678 -1.8100158  -1.6045858
   0.49118    -2.0573442  -1.7173965   2.5878057  -1.9605154  -1.6971071
  -0.06326444]] 
Episode: 712: [[-1.3662748  -1.5282509  -1.2368114  -0.21564595 -1.8100785  -1.6047007
   0.49112582 -2.0573816  -1.7174382   2.5876808  -1.9602855  -1.6968684
  -0.06306651]] 
Episode: 713: [[-1.3665221  -1.5283116  -1.2365254  -0.21547046 -1.8101299  -1.6047856
   0.49105433 -2.0574276  -1.7174793   2.587571   -1.9600855  -1.696654
  -0.06289356]] 
Episode: 714: [[-1.3667235  -1.5284154  -1.2362655  -0.21533929 -1.8102393  -1.6048598
   0.49099785 -2.0575144  -1.7175038   2.5875049  -1.9599253  -1.6964858
  -0.06278002]] 
Episode: 715: [[-1.3668926  -1.5285428  -1.2360333  -0.21522698 -1.8103726  -1.6049328
   0.49095115 -2.057623   -1.7175208   2.5874567  -1.9597981  -1.6963472
  -0.06269921]] 
Episode: 716: [[-1.3670712  -1.5286397  -1.2358159  -0.21511132 -1.810475   -1.6050018
   0.49092054 -2.0577018  -1.7175539   2.587393   -1.9596764  -1.6962109
  -0.06259289]] 
Episode: 717: [[-1.367133   -1.5288404  -1.2356633  -0.21506523 -1.810677   -1.6051815
   0.49081    -2.05781    -1.7175204   2.587397   -1.9594104  -1.6959531
  -0.06251544]] 
Episode: 718: [[-1.3672484  -1.5289493  -1.235407   -0.21492864 -1.8108115  -1.6053187
   0.4907027  -2.0578997  -1.7175039   2.5873196  -1.9591496  -1.6957064
  -0.06242053]] 
Episode: 719: [[-1.3673419  -1.5290551  -1.235187   -0.21481657 -1.8109426  -1.6054482
   0.49060875 -2.0579793  -1.7174841   2.587256   -1.9589059  -1.6954782
  -0.06233526]] 
Episode: 720: [[-1.3674308  -1.5291597  -1.2349944  -0.21472    -1.8110653  -1.6055638
   0.49053985 -2.058041   -1.717465    2.5871985  -1.9586933  -1.6952785
  -0.06225554]] 
Episode: 721: [[-1.3675028  -1.5292797  -1.2348166  -0.21465208 -1.8112088  -1.6056671
   0.49047947 -2.0581133  -1.7174383   2.5871687  -1.9585081  -1.695112
  -0.06220387]] 
Episode: 722: [[-1.3675823  -1.5293912  -1.2346255  -0.21459469 -1.8113514  -1.6057206
   0.4904098  -2.0581954  -1.7173824   2.5871644  -1.9583709  -1.6949893
  -0.06219473]] 
Episode: 723: [[-1.3676286  -1.529516   -1.2344449  -0.21457271 -1.8115261  -1.6057621
   0.49032623 -2.0583003  -1.7173086   2.587197   -1.9582405  -1.6948851
  -0.06222052]] 
Episode: 724: [[-1.3676748  -1.5296376  -1.2342887  -0.21454585 -1.8116887  -1.6058179
   0.49026754 -2.058397   -1.7172546   2.5872152  -1.9581165  -1.6947889
  -0.06223315]] 
Episode: 725: [[-1.3676834  -1.5297453  -1.2341853  -0.21453846 -1.8118374  -1.6059091
   0.49021503 -2.0584884  -1.7172208   2.5872352  -1.9579836  -1.6946782
  -0.06223663]] 
Episode: 726: [[-1.367764   -1.5297859  -1.2339923  -0.21443723 -1.8119732  -1.6060001
   0.49023682 -2.058665   -1.7172873   2.5871885  -1.9579802  -1.694702
  -0.06228711]] 
Episode: 727: [[-1.3678156  -1.5298414  -1.2338368  -0.21438594 -1.8121238  -1.6061028
   0.49023417 -2.058811   -1.7173213   2.587176   -1.9579138  -1.6946672
  -0.06231883]] 
Episode: 728: [[-1.3678718  -1.529881   -1.2336918  -0.21433294 -1.8122481  -1.6061884
   0.4902309  -2.058935   -1.71735     2.5871603  -1.9578592  -1.6946393
  -0.06234509]] 
Episode: 729: [[-1.3679167  -1.5299076  -1.2335527  -0.21429555 -1.8123674  -1.6062534
   0.49021825 -2.0590713  -1.7173717   2.5871654  -1.9578419  -1.6946406
  -0.0623971 ]] 
Episode: 730: [[-1.3679519  -1.5299263  -1.2334355  -0.2142653  -1.8124672  -1.6063138
   0.49021092 -2.059188   -1.717398    2.5871675  -1.957825   -1.6946379
  -0.0624371 ]] 
Episode: 731: [[-1.367976   -1.5299433  -1.2333268  -0.2142418  -1.8125595  -1.6063615
   0.49020714 -2.0592952  -1.7174203   2.5871735  -1.9578248  -1.6946493
  -0.06248635]] 
Episode: 732: [[-1.3679975  -1.5299859  -1.2332214  -0.21421792 -1.8126765  -1.6064088
   0.49023247 -2.0594215  -1.7174467   2.5871792  -1.9578624  -1.6947007
  -0.06255395]] 
Episode: 733: [[-1.3681127  -1.5299603  -1.2329892  -0.21407014 -1.8127892  -1.6064957
   0.49027726 -2.059645   -1.7175679   2.5871027  -1.9579519  -1.6948047
  -0.0626333 ]] 
Episode: 734: [[-1.368229   -1.5299269  -1.2327944  -0.21391673 -1.812864   -1.6065983
   0.49034277 -2.0598168  -1.7177106   2.586999   -1.9580245  -1.6948831
  -0.06266156]] 
Episode: 735: [[-1.3683661  -1.52987    -1.2325866  -0.21375452 -1.8129102  -1.6066729
   0.49039388 -2.059972   -1.7178482   2.5868912  -1.9581058  -1.6949604
  -0.06267732]] 
Episode: 736: [[-1.3684957  -1.5298164  -1.2324152  -0.21360347 -1.8129398  -1.6067529
   0.49045667 -2.060095   -1.7179914   2.5867805  -1.9581752  -1.6950221
  -0.06266969]] 
Episode: 737: [[-1.3685976  -1.5298103  -1.23227    -0.21348065 -1.8130087  -1.6068331
   0.49053636 -2.0602229  -1.7181109   2.5866911  -1.9582529  -1.6950957
  -0.06268145]] 
Episode: 738: [[-1.3687166  -1.5297364  -1.232112   -0.21338587 -1.8130126  -1.6068478
   0.4905457  -2.0602977  -1.7181791   2.5866418  -1.9582969  -1.6951473
  -0.06269893]] 
Episode: 739: [[-1.3688173  -1.5296957  -1.2319646  -0.21328868 -1.8130537  -1.6068981
   0.49057254 -2.06038    -1.7182441   2.586578   -1.9583037  -1.6951699
  -0.06270016]] 
Episode: 740: [[-1.3689913  -1.529622   -1.2317629  -0.21316981 -1.8130687  -1.6068938
   0.4906067  -2.0604358  -1.7182937   2.5865116  -1.9583405  -1.6952348
  -0.06271208]] 
Episode: 741: [[-1.3691505  -1.52957    -1.2315749  -0.21306106 -1.8130956  -1.6068937
   0.49064928 -2.060492   -1.7183443   2.5864477  -1.9583819  -1.6952937
  -0.06271795]] 
Episode: 742: [[-1.3693137  -1.529556   -1.2313678  -0.21294521 -1.8131437  -1.6068937
   0.49071112 -2.0605695  -1.7184094   2.586381   -1.9584519  -1.6953782
  -0.06273659]] 
Episode: 743: [[-1.3694775  -1.5295337  -1.2311643  -0.21284227 -1.8131762  -1.6068771
   0.49075222 -2.0606215  -1.718452    2.5863261  -1.9585022  -1.6954412
  -0.06274708]] 
Episode: 744: [[-1.3696433  -1.5295023  -1.2309568  -0.21272983 -1.8131832  -1.6068368
   0.4907931  -2.060662   -1.7184917   2.5862615  -1.9585749  -1.6955184
  -0.0627552 ]] 
Episode: 745: [[-1.3697406  -1.5295424  -1.2308382  -0.21267805 -1.8132577  -1.6068661
   0.49086353 -2.060707   -1.7185355   2.586227   -1.9586098  -1.6955614
  -0.06275389]] 
Episode: 746: [[-1.3698299  -1.5296057  -1.2307268  -0.2126254  -1.8133503  -1.6069009
   0.49094686 -2.0607662  -1.7185847   2.586193   -1.9586624  -1.6956192
  -0.06276654]] 
Episode: 747: [[-1.369813   -1.5297917  -1.230727   -0.21260093 -1.8135387  -1.607064
   0.49111333 -2.060941   -1.7187399   2.5861702  -1.958796   -1.6957309
  -0.06283519]] 
Episode: 748: [[-1.3697803  -1.5299866  -1.2307414  -0.21259119 -1.813733   -1.6072172
   0.4912816  -2.061104   -1.7188765   2.5861554  -1.9589263  -1.6958417
  -0.06290662]] 
Episode: 749: [[-1.3697795  -1.5301666  -1.2307614  -0.2125428  -1.8138893  -1.6073793
   0.4914772  -2.0612364  -1.7190477   2.5860925  -1.9590554  -1.6959388
  -0.06292862]] 
Episode: 750: [[-1.3697858  -1.5303439  -1.2307854  -0.21248497 -1.8140349  -1.6075468
   0.49167126 -2.0613556  -1.7192209   2.5860171  -1.9591653  -1.6960185
  -0.06293043]] 
Episode: 751: [[-1.3698221  -1.5304649  -1.2308053  -0.21239673 -1.8140911  -1.6076888
   0.49184588 -2.0614338  -1.7194232   2.5859118  -1.959286   -1.6960756
  -0.06288901]] 
Episode: 752: [[-1.3698368  -1.5305679  -1.230833   -0.21235482 -1.8141419  -1.6077982
   0.491968   -2.0615013  -1.7195768   2.5858645  -1.9593976  -1.6961353
  -0.06288954]] 
Episode: 753: [[-1.369857   -1.5306336  -1.2308741  -0.21232575 -1.8141358  -1.6078677
   0.49204317 -2.0615122  -1.7196921   2.5858326  -1.9594598  -1.6961535
  -0.06287885]] 
Episode: 754: [[-1.3699011  -1.5306734  -1.2309057  -0.21228524 -1.8141003  -1.6079246
   0.49210924 -2.06149    -1.7197994   2.5857887  -1.9594953  -1.6961524
  -0.06284503]] 
Episode: 755: [[-1.3699483  -1.5306982  -1.2309283  -0.21226098 -1.8140868  -1.6079675
   0.49218145 -2.0615015  -1.7199049   2.5857687  -1.9595683  -1.6961931
  -0.06284568]] 
Episode: 756: [[-1.369937   -1.53075    -1.230951   -0.21227778 -1.8141311  -1.6080004
   0.49222618 -2.0615783  -1.7199689   2.5858016  -1.9596748  -1.6962621
  -0.06291989]] 
Episode: 757: [[-1.3699166  -1.5307922  -1.2310035  -0.21231213 -1.8141772  -1.6080552
   0.49227375 -2.061648   -1.720032    2.585848   -1.9597732  -1.696342
  -0.06299855]] 
Episode: 758: [[-1.3698349  -1.5308521  -1.2310672  -0.21239144 -1.8142695  -1.6081004
   0.49229535 -2.061777   -1.7200633   2.5859509  -1.9599129  -1.6964586
  -0.06315588]] 
Episode: 759: [[-1.3697507  -1.5309324  -1.2310966  -0.21246886 -1.8143895  -1.6081343
   0.49230108 -2.0619388  -1.7200868   2.586066   -1.9600753  -1.6965947
  -0.06333765]] 
Episode: 760: [[-1.3697784  -1.5309557  -1.2309457  -0.21241839 -1.8145244  -1.6082519
   0.4922847  -2.0621908  -1.7201833   2.5861003  -1.96019    -1.6966871
  -0.0635026 ]] 
Episode: 761: [[-1.3698412  -1.5309548  -1.2308197  -0.21233857 -1.8146081  -1.6083891
   0.49230906 -2.0623791  -1.720321    2.5860708  -1.9602511  -1.6967204
  -0.06355811]] 
Episode: 762: [[-1.3698846  -1.5309796  -1.2307268  -0.21228154 -1.8147048  -1.6085256
   0.49234444 -2.062548   -1.7204388   2.5860527  -1.9603007  -1.6967497
  -0.06361119]] 
Episode: 763: [[-1.3699025  -1.5310278  -1.2306137  -0.21224685 -1.8148391  -1.6086359
   0.4923505  -2.0627582  -1.7205296   2.5860748  -1.9603975  -1.6968054
  -0.06371836]] 
Episode: 764: [[-1.3698903  -1.5311236  -1.2305073  -0.21222526 -1.8150195  -1.6087556
   0.49236512 -2.0630093  -1.7206184   2.5861175  -1.9605283  -1.6968945
  -0.0638698 ]] 
Episode: 765: [[-1.3698244  -1.5312331  -1.2304168  -0.21226043 -1.8152244  -1.6088394
   0.49232906 -2.0632808  -1.7206421   2.5862339  -1.9606885  -1.6970125
  -0.06410155]] 
Episode: 766: [[-1.3697735  -1.5313201  -1.230328   -0.21228784 -1.8153993  -1.6089034
   0.4922874  -2.0635257  -1.7206615   2.586342   -1.9608457  -1.6971289
  -0.06431866]] 
Episode: 767: [[-1.3697158  -1.5313989  -1.2302606  -0.21233574 -1.8155626  -1.6089609
   0.49224183 -2.063746   -1.7206736   2.5864604  -1.9609823  -1.697227
  -0.06452059]] 
Episode: 768: [[-1.3696784  -1.5314662  -1.2301801  -0.21237707 -1.8157108  -1.608996
   0.4921867  -2.063946   -1.7206719   2.5865743  -1.9611102  -1.697318
  -0.06470783]] 
Episode: 769: [[-1.3695974  -1.5315566  -1.2301365  -0.21248254 -1.8158786  -1.6090378
   0.4921022  -2.0641325  -1.7206439   2.5867438  -1.9612074  -1.6973922
  -0.06490732]] 
Episode: 770: [[-1.3695006  -1.5316454  -1.2301089  -0.21261506 -1.816052   -1.6090659
   0.49200606 -2.0643086  -1.7205886   2.5869343  -1.9612833  -1.6974508
  -0.06510977]] 
Episode: 771: [[-1.3694556  -1.5317045  -1.2300456  -0.21271436 -1.8161821  -1.6090547
   0.4919173  -2.0644493  -1.7205403   2.5870922  -1.9613749  -1.6975083
  -0.06527304]] 
Episode: 772: [[-1.3694297  -1.5318218  -1.2299248  -0.21277833 -1.8163673  -1.609068
   0.49184644 -2.064648   -1.7205259   2.5872266  -1.9614782  -1.6975724
  -0.06543407]] 
Episode: 773: [[-1.3694239  -1.5319127  -1.2298301  -0.21281117 -1.8164997  -1.6091086
   0.4918099  -2.0647802  -1.7205559   2.5872958  -1.9615312  -1.6975784
  -0.06549545]] 
Episode: 774: [[-1.3694528  -1.5319785  -1.2297232  -0.21281004 -1.8166     -1.6091403
   0.49179465 -2.0648913  -1.7206054   2.587331   -1.9615991  -1.6975986
  -0.06553661]] 
Episode: 775: [[-1.3694977  -1.5320245  -1.2296451  -0.21278618 -1.8166523  -1.609198
   0.49181008 -2.0649462  -1.7206986   2.5873182  -1.9616371  -1.6975839
  -0.06550559]] 
Episode: 776: [[-1.3695699  -1.5320501  -1.2296     -0.21273184 -1.8166555  -1.6092912
   0.491877   -2.0649276  -1.7208434   2.5872345  -1.9616134  -1.6975082
  -0.06536421]] 
Episode: 777: [[-1.369654   -1.532078   -1.2295668  -0.21266198 -1.816646   -1.6093951
   0.49196863 -2.0648725  -1.7210001   2.5871174  -1.961554   -1.697404
  -0.06517555]] 
Episode: 778: [[-1.3697491  -1.5320758  -1.2295437  -0.21258521 -1.8165947  -1.6094844
   0.49206322 -2.0647836  -1.7211683   2.5869823  -1.961482   -1.6972822
  -0.06495303]] 
Episode: 779: [[-1.3698707  -1.5320561  -1.2295164  -0.21248503 -1.8165175  -1.6095812
   0.4921724  -2.0646737  -1.7213608   2.5868223  -1.9614121  -1.6971618
  -0.0647084 ]] 
Episode: 780: [[-1.3699765  -1.5320629  -1.2294956  -0.21239787 -1.8164686  -1.6096749
   0.4922826  -2.0645807  -1.7215334   2.586678   -1.9613528  -1.6970509
  -0.06448504]] 
Episode: 781: [[-1.3700405  -1.5321097  -1.2295264  -0.21233939 -1.8164529  -1.6097939
   0.49241874 -2.0644977  -1.7217056   2.5865524  -1.9613038  -1.6969625
  -0.06428763]] 
Episode: 782: [[-1.3700927  -1.5321608  -1.2295476  -0.21230118 -1.8164556  -1.6098926
   0.49253953 -2.064429   -1.7218468   2.5864546  -1.9612696  -1.6968921
  -0.06412137]] 
Episode: 783: [[-1.3701493  -1.5321981  -1.2295817  -0.21225813 -1.8164432  -1.6100026
   0.49265468 -2.0643435  -1.7219825   2.5863547  -1.9612238  -1.6968188
  -0.06395674]] 
Episode: 784: [[-1.3702233  -1.5322255  -1.2296029  -0.21221133 -1.8164214  -1.6100895
   0.4927655  -2.0642462  -1.7220988   2.586259   -1.9611813  -1.6967577
  -0.06380289]] 
Episode: 785: [[-1.3702948  -1.5322642  -1.2296101  -0.21216021 -1.8164158  -1.610184
   0.49286887 -2.064171   -1.7222155   2.5861666  -1.9611396  -1.6966995
  -0.06366286]] 
Episode: 786: [[-1.3703475  -1.5322949  -1.2296002  -0.21213824 -1.8164237  -1.6102391
   0.4929286  -2.0641246  -1.7222918   2.5861244  -1.9611264  -1.696671
  -0.0635834 ]] 
Episode: 787: [[-1.3704351  -1.5323265  -1.2295595  -0.21206369 -1.8164465  -1.6103112
   0.49303016 -2.0641267  -1.7224107   2.5860472  -1.9611701  -1.696705
  -0.06352804]] 
Episode: 788: [[-1.3704923  -1.5323987  -1.2294934  -0.21203753 -1.8165377  -1.610333
   0.49309996 -2.064188   -1.7224721   2.5860484  -1.9612879  -1.6968101
  -0.06357533]] 
Episode: 789: [[-1.37054    -1.532462   -1.2294114  -0.21203037 -1.8166363  -1.6103238
   0.4931507  -2.0642767  -1.7225171   2.586081   -1.96146    -1.6969529
  -0.06366175]] 
Episode: 790: [[-1.3705802  -1.5325178  -1.2292838  -0.21203534 -1.816749   -1.6102605
   0.49313003 -2.0644064  -1.7224948   2.5861714  -1.9616834  -1.6971418
  -0.06384304]] 
Episode: 791: [[-1.3705934  -1.5326066  -1.2291963  -0.21206068 -1.816874   -1.6102083
   0.49313715 -2.0645096  -1.7224625   2.5862596  -1.9618853  -1.6973153
  -0.06400787]] 
Episode: 792: [[-1.3705548  -1.5327564  -1.2290788  -0.21217103 -1.8171146  -1.6101027
   0.49307117 -2.06472    -1.7223215   2.5864732  -1.962144   -1.6975467
  -0.06430404]] 
Episode: 793: [[-1.370516   -1.5329084  -1.2289393  -0.21227184 -1.8173641  -1.6099881
   0.49300736 -2.0649514  -1.7221766   2.5866852  -1.9624301  -1.6978029
  -0.06461993]] 
Episode: 794: [[-1.3704906  -1.5330374  -1.2288095  -0.21235634 -1.8175762  -1.6098784
   0.49294895 -2.065145   -1.7220412   2.5868711  -1.9626821  -1.698032
  -0.06490199]] 
Episode: 795: [[-1.3705239  -1.533085   -1.2286624  -0.21240124 -1.8176988  -1.6097461
   0.49289402 -2.0652568  -1.7219181   2.587005   -1.962878   -1.6982174
  -0.06511373]] 
Episode: 796: [[-1.3705534  -1.5331471  -1.2285239  -0.21244062 -1.8178275  -1.6096258
   0.49284616 -2.0653694  -1.7218037   2.587133   -1.9630728  -1.6984057
  -0.06532513]] 
Episode: 797: [[-1.3705868  -1.5331937  -1.2283918  -0.2124855  -1.8179396  -1.609497
   0.4927929  -2.0654676  -1.7216852   2.587265   -1.9632617  -1.6985902
  -0.06553325]] 
Episode: 798: [[-1.3706589  -1.5332127  -1.2282376  -0.212504   -1.8180243  -1.6093476
   0.4927603  -2.065571   -1.7215914   2.5873845  -1.9634935  -1.6988249
  -0.06575949]] 
Episode: 799: [[-1.3707258  -1.5332291  -1.2281102  -0.21251759 -1.8180978  -1.609227
   0.49274576 -2.0656617  -1.7215217   2.587485   -1.9637005  -1.6990376
  -0.06595898]] 
Episode: 800: [[-1.3707876  -1.5332246  -1.2280108  -0.21252581 -1.8181285  -1.6091183
   0.49273413 -2.0657084  -1.7214682   2.587559   -1.9638609  -1.6992025
  -0.06610665]] 
Episode: 801: [[-1.3708323  -1.5332506  -1.2279189  -0.21254776 -1.8181864  -1.6090056
   0.49271584 -2.0657754  -1.7213935   2.5876505  -1.9640278  -1.699363
  -0.06627315]] 
Episode: 802: [[-1.3708606  -1.5332979  -1.2278464  -0.21256773 -1.8182402  -1.6089219
   0.49270985 -2.0658321  -1.7213514   2.5877228  -1.9641675  -1.699496
  -0.06640264]] 
Episode: 803: [[-1.3709036  -1.5333573  -1.2277794  -0.21258141 -1.8182945  -1.6088431
   0.49271554 -2.0658684  -1.7213066   2.5877786  -1.9642692  -1.6995963
  -0.06649595]] 
Episode: 804: [[-1.3709517  -1.5334129  -1.2277099  -0.21257848 -1.818346   -1.6087812
   0.49272817 -2.0659165  -1.721284    2.5878181  -1.9643699  -1.6996906
  -0.06658046]] 
Episode: 805: [[-1.3709074  -1.5334964  -1.2278067  -0.21260972 -1.8183948  -1.6088241
   0.4927998  -2.0659769  -1.7213542   2.587845   -1.9644693  -1.6997689
  -0.06662954]] 
Episode: 806: [[-1.3708612  -1.5335538  -1.2278762  -0.21266247 -1.81844    -1.6088215
   0.49283412 -2.066045   -1.7213858   2.587904   -1.9645836  -1.6998538
  -0.06670517]] 
Episode: 807: [[-1.3708     -1.5336053  -1.2279565  -0.2127367  -1.8184841  -1.6088122
   0.49284947 -2.066107   -1.7213987   2.5879853  -1.9646885  -1.6999314
  -0.06679526]] 
Episode: 808: [[-1.3707845  -1.5336306  -1.2280031  -0.21276948 -1.8184985  -1.6087862
   0.49288547 -2.0661526  -1.7214279   2.5880284  -1.9648117  -1.7000213
  -0.0668631 ]] 
Episode: 809: [[-1.3707904  -1.5336416  -1.2280153  -0.21278507 -1.8185065  -1.6087556
   0.49289873 -2.0661933  -1.7214528   2.5880606  -1.9648978  -1.700081
  -0.0669131 ]] 
Episode: 810: [[-1.3708154  -1.5335114  -1.2280079  -0.21280842 -1.8184325  -1.6087252
   0.49284    -2.06621    -1.7214761   2.588099   -1.9648974  -1.7000582
  -0.06693147]] 
Episode: 811: [[-1.3708433  -1.5333914  -1.2280267  -0.21282841 -1.8183497  -1.6087124
   0.49280277 -2.0661986  -1.7215061   2.5881188  -1.9648658  -1.7000128
  -0.06691654]] 
Episode: 812: [[-1.3708733  -1.5332171  -1.2280266  -0.21287438 -1.8182329  -1.608647
   0.4927017  -2.0661986  -1.7215149   2.5881884  -1.9648902  -1.6999847
  -0.06694335]] 
Episode: 813: [[-1.3709407  -1.5330423  -1.2280259  -0.21287434 -1.8180964  -1.6086128
   0.49265325 -2.0661666  -1.721573    2.5881925  -1.9648896  -1.6999412
  -0.06689888]] 
Episode: 814: [[-1.3710109  -1.5328946  -1.2280236  -0.21286996 -1.817979   -1.6085902
   0.49262717 -2.06613    -1.7216382   2.588185   -1.9648784  -1.6999011
  -0.06684139]] 
Episode: 815: [[-1.3710879  -1.5327294  -1.2280226  -0.21288083 -1.8178408  -1.6085579
   0.49256918 -2.0660734  -1.7216884   2.588195   -1.9648339  -1.6998297
  -0.06677435]] 
Episode: 816: [[-1.3711395  -1.5325835  -1.2280415  -0.21292353 -1.8177228  -1.6085156
   0.49251533 -2.0660117  -1.7217112   2.588232   -1.9648018  -1.699776
  -0.06673231]] 
Episode: 817: [[-1.3712006  -1.5324485  -1.2280214  -0.2129537  -1.8176303  -1.6084619
   0.49245185 -2.065981   -1.7217261   2.5882733  -1.9647993  -1.6997414
  -0.06671376]] 
Episode: 818: [[-1.3712718  -1.5323255  -1.227996   -0.21297286 -1.8175483  -1.6084257
   0.49240834 -2.0659494  -1.7217541   2.5882986  -1.9647856  -1.6996987
  -0.0666803 ]] 
Episode: 819: [[-1.3713437  -1.5322207  -1.2279592  -0.21298064 -1.8174913  -1.6084142
   0.4923667  -2.0659497  -1.7217925   2.588323   -1.9647821  -1.6996651
  -0.0666636 ]] 
Episode: 820: [[-1.371386   -1.5321786  -1.2279627  -0.21300606 -1.8174771  -1.6084456
   0.4923505  -2.0659564  -1.7218386   2.588353   -1.9647586  -1.6996243
  -0.06664308]] 
Episode: 821: [[-1.3714516  -1.532125   -1.2279497  -0.21301393 -1.817451   -1.6084703
   0.49233943 -2.065955   -1.7218932   2.5883648  -1.9647328  -1.6995758
  -0.06660195]] 
Episode: 822: [[-1.3714943  -1.5320915  -1.2279378  -0.21303254 -1.8174456  -1.6084926
   0.49232808 -2.0659723  -1.7219377   2.5883894  -1.9647255  -1.699541
  -0.06658497]] 
Episode: 823: [[-1.3715397  -1.5320702  -1.2279178  -0.21304846 -1.8174487  -1.6084969
   0.4923268  -2.0659966  -1.7219751   2.588416   -1.9647467  -1.6995333
  -0.06658509]] 
Episode: 824: [[-1.3716137  -1.532043   -1.2278322  -0.2130342  -1.8174585  -1.6084783
   0.49233156 -2.0660427  -1.7220204   2.5884256  -1.9647957  -1.6995578
  -0.06659552]] 
Episode: 825: [[-1.371673   -1.5320406  -1.227762   -0.21302807 -1.817498   -1.6084889
   0.4923436  -2.0661018  -1.7220634   2.5884397  -1.9648256  -1.6995715
  -0.06660857]] 
Episode: 826: [[-1.3717275  -1.5320593  -1.2276956  -0.21303014 -1.8175585  -1.608498
   0.49235708 -2.066169   -1.7220888   2.588467   -1.9648625  -1.6995977
  -0.06664036]] 
Episode: 827: [[-1.3717507  -1.5320898  -1.2276211  -0.21305922 -1.8176501  -1.6085061
   0.49234346 -2.0662816  -1.7221041   2.5885298  -1.9649293  -1.6996369
  -0.06670714]] 
Episode: 828: [[-1.3717879  -1.5321064  -1.2275492  -0.21306844 -1.8177112  -1.6085001
   0.4923407  -2.0663626  -1.7221191   2.5885684  -1.9649934  -1.6996759
  -0.06675562]] 
Episode: 829: [[-1.3718253  -1.5321037  -1.2274961  -0.21306789 -1.8177444  -1.6085024
   0.49233428 -2.0664272  -1.7221378   2.5885956  -1.9650537  -1.6997074
  -0.06679311]] 
Episode: 830: [[-1.3718288  -1.5321323  -1.2274653  -0.21308562 -1.8178053  -1.6085261
   0.49233988 -2.0665092  -1.722166    2.5886352  -1.9651254  -1.6997467
  -0.06684845]] 
Episode: 831: [[-1.3718679  -1.5321369  -1.2274117  -0.21306492 -1.8178315  -1.6085399
   0.49236074 -2.0665727  -1.7222152   2.5886362  -1.9652052  -1.6997874
  -0.06687443]] 
Episode: 832: [[-1.3719156  -1.532144   -1.2273724  -0.21303241 -1.8178467  -1.608568
   0.49239528 -2.0666173  -1.7222787   2.5886188  -1.9652641  -1.6998143
  -0.06687799]] 
Episode: 833: [[-1.3719587  -1.5321835  -1.2273419  -0.212981   -1.81788    -1.608618
   0.49247733 -2.0666726  -1.7223669   2.5885751  -1.965352   -1.6998712
  -0.06688074]] 
Episode: 834: [[-1.371986   -1.5322331  -1.2273246  -0.21295345 -1.8179247  -1.6086595
   0.49254733 -2.066728   -1.7224281   2.5885582  -1.965441   -1.6999329
  -0.06690636]] 
Episode: 835: [[-1.3719903  -1.5323048  -1.2273068  -0.2129614  -1.817997   -1.6086955
   0.4925825  -2.0667975  -1.7224652   2.5885794  -1.9655212  -1.6999699
  -0.06694251]] 
Episode: 836: [[-1.3719951  -1.532373   -1.2272795  -0.21296337 -1.8180726  -1.6087261
   0.49261144 -2.0668855  -1.7225089   2.588598   -1.9656143  -1.7000029
  -0.06697828]] 
Episode: 837: [[-1.3720192  -1.5323921  -1.2272316  -0.21295644 -1.8180987  -1.6087079
   0.4926166  -2.066953   -1.7225397   2.5886183  -1.9657308  -1.7000524
  -0.06702369]] 
Episode: 838: [[-1.3720558  -1.5324029  -1.227177   -0.21293871 -1.8181171  -1.6086894
   0.49262986 -2.06701    -1.7225764   2.5886245  -1.9658362  -1.7000988
  -0.06705397]] 
Episode: 839: [[-1.3721461  -1.53238    -1.2270896  -0.21288635 -1.8180953  -1.608633
   0.49264026 -2.0670302  -1.722599    2.5886047  -1.965929   -1.7001408
  -0.06706332]] 
Episode: 840: [[-1.3721979  -1.5323982  -1.2270197  -0.21286444 -1.8181133  -1.6085992
   0.49265066 -2.067064   -1.7226057   2.5886078  -1.9660065  -1.7001778
  -0.0670873 ]] 
Episode: 841: [[-1.3722454  -1.5324271  -1.2269745  -0.21283673 -1.8181294  -1.608594
   0.49268663 -2.0670857  -1.7226356   2.5885904  -1.966064   -1.7002006
  -0.0670839 ]] 
Episode: 842: [[-1.37233    -1.5324466  -1.2269001  -0.21280345 -1.8181423  -1.6085783
   0.4927055  -2.0671005  -1.7226592   2.5885777  -1.9661046  -1.7002072
  -0.06706855]] 
Episode: 843: [[-1.3724229  -1.5324768  -1.2268165  -0.21275389 -1.8181646  -1.6085666
   0.49273562 -2.067122   -1.7226917   2.5885494  -1.9661422  -1.7002114
  -0.06704526]] 
Episode: 844: [[-1.3725084  -1.5325222  -1.2267374  -0.21270777 -1.818199   -1.6085548
   0.4927785  -2.0671446  -1.7227225   2.5885205  -1.9661858  -1.700224
  -0.0670259 ]] 
Episode: 845: [[-1.3725524  -1.5326107  -1.2266599  -0.2127018  -1.8182905  -1.6085507
   0.49280474 -2.0672102  -1.7227306   2.5885363  -1.9662424  -1.7002424
  -0.06704704]] 
Episode: 846: [[-1.3726187  -1.5326923  -1.2265972  -0.21266341 -1.8183532  -1.6085697
   0.49286038 -2.0672393  -1.7227705   2.588504   -1.9662615  -1.7002358
  -0.06701262]] 
Episode: 847: [[-1.372693   -1.5327659  -1.226509   -0.21261749 -1.8184214  -1.6085753
   0.49290955 -2.0672863  -1.7228093   2.588474   -1.9662942  -1.7002472
  -0.0669938 ]] 
Episode: 848: [[-1.3727735  -1.5328114  -1.2264429  -0.21256481 -1.8184545  -1.6085913
   0.49296996 -2.0672996  -1.722868    2.5884204  -1.9663005  -1.7002337
  -0.06693244]] 
Episode: 849: [[-1.3728478  -1.5328432  -1.2263756  -0.21253382 -1.8184903  -1.608623
   0.4929918  -2.0673168  -1.7229171   2.58839    -1.9662727  -1.7001824
  -0.06686315]] 
Episode: 850: [[-1.3729119  -1.5329291  -1.2262895  -0.21250479 -1.8185924  -1.6086737
   0.49303153 -2.0673928  -1.7229742   2.5883732  -1.966268   -1.7001629
  -0.06683281]] 
Episode: 851: [[-1.3729802  -1.5329871  -1.2262316  -0.21246348 -1.8186541  -1.6087333
   0.4930963  -2.067433   -1.7230562   2.588326   -1.9662521  -1.7001381
  -0.06676683]] 
Episode: 852: [[-1.3730397  -1.5330663  -1.226194   -0.21241944 -1.8187304  -1.6088164
   0.49318948 -2.067475   -1.7231512   2.588269   -1.9662371  -1.7001246
  -0.06670052]] 
Episode: 853: [[-1.3730661  -1.5331359  -1.2261872  -0.21242309 -1.8188133  -1.6089014
   0.493278   -2.0675256  -1.7232399   2.5882556  -1.9662284  -1.7001307
  -0.0666731 ]] 
Episode: 854: [[-1.3730664  -1.5331823  -1.2261914  -0.21246725 -1.8188797  -1.6089628
   0.4932967  -2.0675685  -1.7232863   2.5882914  -1.96621    -1.7001044
  -0.06666454]] 
Episode: 855: [[-1.3730847  -1.5332017  -1.2261686  -0.2125017  -1.8189332  -1.609006
   0.49329898 -2.0676222  -1.7233365   2.5883262  -1.9662113  -1.7000805
  -0.06665345]] 
Episode: 856: [[-1.3730743  -1.5332259  -1.2261811  -0.21258247 -1.8190008  -1.6090667
   0.49329767 -2.067667   -1.7233754   2.5883958  -1.9661934  -1.7000476
  -0.06665201]] 
Episode: 857: [[-1.3730674  -1.5332656  -1.2261933  -0.21266186 -1.8190776  -1.6091201
   0.49331677 -2.067712   -1.7234068   2.5884604  -1.9661902  -1.7000278
  -0.0666506 ]] 
Episode: 858: [[-1.3730688 -1.5332842 -1.226198  -0.2127286 -1.8191255 -1.6091453
   0.4933301 -2.0677395 -1.7234284  2.5885165 -1.9661943 -1.7000178
  -0.0666539]] 
Episode: 859: [[-1.373054   -1.5333296  -1.2262166  -0.21281692 -1.8192     -1.6091684
   0.49336106 -2.0677612  -1.7234281   2.5885868  -1.9662027  -1.7000204
  -0.06667189]] 
Episode: 860: [[-1.3730541  -1.5333749  -1.2261992  -0.21288617 -1.8192743  -1.6091692
   0.49338597 -2.067796   -1.7234251   2.588648   -1.966233   -1.7000351
  -0.06669363]] 
Episode: 861: [[-1.3730637  -1.5334296  -1.2261641  -0.21293974 -1.8193574  -1.609172
   0.4934073  -2.0678453  -1.7234223   2.5887012  -1.9662656  -1.700044
  -0.0667158 ]] 
Episode: 862: [[-1.3730483  -1.5334837  -1.226139   -0.21303059 -1.819433   -1.6091269
   0.49340406 -2.0678735  -1.7233738   2.588794   -1.9663143  -1.7000748
  -0.06677344]] 
Episode: 863: [[-1.3729421  -1.5335991  -1.2261196  -0.21319677 -1.8196048  -1.6090972
   0.49335396 -2.0680006  -1.7232803   2.588979   -1.9664221  -1.7001379
  -0.06693373]] 
Episode: 864: [[-1.3728102  -1.5336761  -1.2261357  -0.21340033 -1.8197471  -1.6090661
   0.49327043 -2.0680993  -1.723174    2.5891871  -1.9665059  -1.7001587
  -0.06707415]] 
Episode: 865: [[-1.3726786  -1.533761   -1.2261573  -0.21360451 -1.8198984  -1.6090428
   0.4931966  -2.0682018  -1.7230735   2.5893958  -1.9665917  -1.7001884
  -0.06721865]] 
Episode: 866: [[-1.3725342  -1.5338407  -1.2261621  -0.21382365 -1.8200554  -1.6089826
   0.49308476 -2.068334   -1.722935    2.5896442  -1.966727   -1.7002518
  -0.06742752]] 
Episode: 867: [[-1.3724031  -1.5339073  -1.2261702  -0.2140211  -1.8201908  -1.6089283
   0.49297947 -2.0684469  -1.7228088   2.589865   -1.9668409  -1.7002943
  -0.06760519]] 
Episode: 868: [[-1.3722376  -1.5339613  -1.2262144  -0.2142352  -1.8203111  -1.6088818
   0.49287578 -2.068542   -1.7226845   2.5900838  -1.9669384  -1.7003299
  -0.06776933]] 
Episode: 869: [[-1.3721172  -1.533983   -1.2262412  -0.21440032 -1.8203887  -1.6088372
   0.4927968  -2.0686028  -1.7225906   2.5902462  -1.9670085  -1.7003484
  -0.06787971]] 
Episode: 870: [[-1.3719976  -1.5340488  -1.2262733  -0.21455136 -1.8205012  -1.6088287
   0.49274886 -2.0686827  -1.7225233   2.5903928  -1.967085   -1.7003756
  -0.06798317]] 
Episode: 871: [[-1.3719013  -1.5341107  -1.2263072  -0.21468212 -1.8206     -1.6088252
   0.49271846 -2.0687501  -1.722472    2.590519   -1.967161   -1.700405
  -0.06807017]] 
Episode: 872: [[-1.3717891  -1.534183   -1.2263463  -0.2148249  -1.8207152  -1.6088396
   0.49269035 -2.0688329  -1.7224333   2.5906482  -1.9672322  -1.7004198
  -0.06814551]] 
Episode: 873: [[-1.3716648  -1.5342463  -1.2264204  -0.21496995 -1.8208059  -1.6088836
   0.49266866 -2.0688968  -1.7224233   2.5907679  -1.967291   -1.7004209
  -0.06819914]] 
Episode: 874: [[-1.3715235  -1.5343244  -1.2265958  -0.21509326 -1.8208852  -1.609031
   0.4927561  -2.0690286  -1.7225615   2.5908535  -1.9674484  -1.7005023
  -0.06826682]] 
Episode: 875: [[-1.3714094  -1.5344102  -1.2267559  -0.21519192 -1.820964   -1.6091828
   0.4928612  -2.0691447  -1.7227042   2.5909123  -1.967584   -1.7005719
  -0.06830895]] 
Episode: 876: [[-1.3713243  -1.534495   -1.226875   -0.21526156 -1.8210323  -1.609309
   0.4929517  -2.0692508  -1.7228267   2.5909524  -1.96772    -1.7006235
  -0.068337  ]] 
Episode: 877: [[-1.3712374  -1.5345793  -1.2270056  -0.21531774 -1.8210675  -1.6093928
   0.49302152 -2.0693102  -1.7229278   2.5909772  -1.9678675  -1.7006567
  -0.06833871]] 
Episode: 878: [[-1.3711485  -1.5346702  -1.2271171  -0.21538235 -1.8211244  -1.6094701
   0.49308583 -2.0693877  -1.7230191   2.591016   -1.9680212  -1.7007005
  -0.06835887]] 
Episode: 879: [[-1.3711144  -1.5347376  -1.2271487  -0.21540354 -1.8211712  -1.609503
   0.49314782 -2.0694635  -1.7231007   2.5910232  -1.9681755  -1.7007464
  -0.0683611 ]] 
Episode: 880: [[-1.3711013  -1.5347917  -1.2271831  -0.21540098 -1.8211938  -1.6095471
   0.49322268 -2.0695114  -1.7232041   2.590996   -1.968285   -1.7007641
  -0.0683177 ]] 
Episode: 881: [[-1.3711187  -1.5348308  -1.2272203  -0.21538258 -1.8211948  -1.6095909
   0.49329808 -2.0695212  -1.7233002   2.5909505  -1.9683394  -1.700746
  -0.06824425]] 
Episode: 882: [[-1.3711365  -1.5348623  -1.2272558  -0.2153719  -1.8211926  -1.609624
   0.49336806 -2.069524   -1.7233809   2.5909154  -1.9683897  -1.7007377
  -0.06818394]] 
Episode: 883: [[-1.3711485  -1.5349162  -1.2273039  -0.21536082 -1.8212074  -1.6096923
   0.4934295  -2.0695376  -1.7234626   2.5908854  -1.9684073  -1.7007071
  -0.06812917]] 
Episode: 884: [[-1.3711641  -1.5349572  -1.2273374  -0.21536003 -1.821224   -1.6097347
   0.49347636 -2.0695457  -1.7235159   2.590873   -1.9684283  -1.70069
  -0.068096  ]] 
Episode: 885: [[-1.3711724  -1.535002   -1.2273802  -0.21536238 -1.8212454  -1.609791
   0.49353305 -2.0695505  -1.7235757   2.5908558  -1.9684353  -1.7006643
  -0.06805457]] 
Episode: 886: [[-1.3712046  -1.5350395  -1.2274165  -0.21534827 -1.821252   -1.6098448
   0.49359664 -2.0695302  -1.723634    2.5908194  -1.9684169  -1.7006247
  -0.06798817]] 
Episode: 887: [[-1.3712314  -1.5351216  -1.2273886  -0.21537478 -1.8213127  -1.6098479
   0.4936104  -2.0695145  -1.7236338   2.5908325  -1.9683605  -1.7005594
  -0.06793883]] 
Episode: 888: [[-1.3712645  -1.5351787  -1.2273374  -0.21539938 -1.8213675  -1.6098229
   0.4936075  -2.0695126  -1.7236139   2.5908577  -1.9683374  -1.700523
  -0.06791982]] 
Episode: 889: [[-1.3712869  -1.5352466  -1.227312   -0.21542503 -1.8214467  -1.6098444
   0.49362203 -2.0695229  -1.7235967   2.5908756  -1.9682869  -1.7004695
  -0.0678914 ]] 
Episode: 890: [[-1.3712907  -1.5352918  -1.2273242  -0.21549083 -1.8215139  -1.6098673
   0.49361333 -2.069518   -1.7235652   2.5909283  -1.9682095  -1.7003947
  -0.06787097]] 
Episode: 891: [[-1.3712974  -1.5353328  -1.2273484  -0.21555436 -1.8215736  -1.6099035
   0.49363273 -2.0695102  -1.7235535   2.5909746  -1.968156   -1.7003472
  -0.06785597]] 
Episode: 892: [[-1.3712972  -1.5353587  -1.2273682  -0.21562006 -1.8216187  -1.6099224
   0.49362734 -2.069506   -1.7235328   2.591032   -1.96812    -1.700309
  -0.06785773]] 
Episode: 893: [[-1.3713185  -1.535367   -1.2273679  -0.21567343 -1.8216397  -1.6099098
   0.4936113  -2.0694802  -1.7234962   2.5910835  -1.9680859  -1.7002759
  -0.06785613]] 
Episode: 894: [[-1.3713248  -1.5353789  -1.2273655  -0.21574512 -1.8216748  -1.6098886
   0.4935879  -2.0694613  -1.723438    2.5911546  -1.9680532  -1.7002544
  -0.06787664]] 
Episode: 895: [[-1.3713424  -1.5353919  -1.2273545  -0.21579681 -1.8217034  -1.6098678
   0.49357843 -2.0694458  -1.7233956   2.5912082  -1.9680395  -1.7002487
  -0.0678944 ]] 
Episode: 896: [[-1.3713576  -1.5354016  -1.2273474  -0.2158526  -1.8217291  -1.6098508
   0.49356052 -2.0694256  -1.7233504   2.5912666  -1.9680147  -1.7002378
  -0.0679125 ]] 
Episode: 897: [[-1.3713775  -1.5354145  -1.2273322  -0.21590085 -1.8217582  -1.6098272
   0.49355668 -2.0694072  -1.7233055   2.591319   -1.9680066  -1.7002479
  -0.06793968]] 
Episode: 898: [[-1.3714106  -1.5354282  -1.2273277  -0.21593563 -1.8217787  -1.6098207
   0.4935744  -2.069373   -1.7232759   2.591354   -1.9679915  -1.700259
  -0.0679532 ]] 
Episode: 899: [[-1.3714263  -1.5354648  -1.2273211  -0.2159832  -1.8218272  -1.6098135
   0.4935817  -2.0693634  -1.7232347   2.5914075  -1.9679867  -1.7002778
  -0.06798928]] 
Episode: 900: [[-1.3714476  -1.5355136  -1.2273153  -0.21601924 -1.8218787  -1.6098104
   0.4936114  -2.0693502  -1.7232037   2.5914438  -1.967986   -1.7002965
  -0.0680123 ]] 
Episode: 901: [[-1.3714781  -1.5355523  -1.2272877  -0.21605332 -1.8219225  -1.6097773
   0.49363288 -2.0693429  -1.7231672   2.591482   -1.9680076  -1.700324
  -0.06803595]] 
Episode: 902: [[-1.3715004  -1.5356016  -1.2272598  -0.21608703 -1.8219844  -1.6097628
   0.49366236 -2.0693545  -1.7231457   2.591518   -1.9680325  -1.7003517
  -0.06806069]] 
Episode: 903: [[-1.3715137  -1.5356838  -1.2271316  -0.21613988 -1.8221176  -1.6096882
   0.49360806 -2.0694723  -1.7230769   2.591626   -1.9681574  -1.7004266
  -0.06817801]] 
Episode: 904: [[-1.3715308  -1.5357713  -1.2270166  -0.21617702 -1.8222427  -1.6096202
   0.4935775  -2.0695763  -1.7230173   2.591713   -1.9682791  -1.7005053
  -0.06828728]] 
Episode: 905: [[-1.3715488  -1.5358369  -1.2269115  -0.21621443 -1.822337   -1.6095357
   0.49352828 -2.0696516  -1.7229438   2.5918     -1.9683926  -1.7005724
  -0.06838834]] 
Episode: 906: [[-1.3715634  -1.5358979  -1.226817   -0.21625529 -1.8224262  -1.6094567
   0.49347955 -2.0697205  -1.7228711   2.5918872  -1.9684991  -1.7006344
  -0.06848531]] 
Episode: 907: [[-1.3715894  -1.5359392  -1.2267308  -0.21628572 -1.8224878  -1.6093805
   0.4934505  -2.0697687  -1.7228233   2.591954   -1.9686027  -1.7006947
  -0.06855933]] 
Episode: 908: [[-1.371612   -1.535963   -1.2266436  -0.2163207  -1.8225341  -1.6092871
   0.49339777 -2.069816   -1.7227587   2.5920348  -1.9687108  -1.7007579
  -0.06865373]] 
Episode: 909: [[-1.3716406  -1.5360159  -1.2265698  -0.21634781 -1.8226011  -1.6092311
   0.49338147 -2.069873   -1.7227303   2.5920982  -1.9688089  -1.700815
  -0.06872752]] 
Episode: 910: [[-1.371682   -1.5360581  -1.2264906  -0.21636201 -1.8226564  -1.6091688
   0.4933855  -2.0699124  -1.7227079   2.5921366  -1.9689001  -1.7008666
  -0.06876981]] 
Episode: 911: [[-1.3717368  -1.536077   -1.2264068  -0.2163683  -1.8226879  -1.6090972
   0.49338582 -2.0699306  -1.7226838   2.5921652  -1.9689801  -1.7009132
  -0.06879722]] 
Episode: 912: [[-1.3717874  -1.536114   -1.2263516  -0.21635534 -1.8227246  -1.6090815
   0.4934289  -2.0699396  -1.722708    2.5921512  -1.9690216  -1.7009284
  -0.06877295]] 
Episode: 913: [[-1.3719015  -1.5361531  -1.2262244  -0.21628654 -1.822779   -1.6090696
   0.49348578 -2.0699923  -1.722764    2.5921082  -1.9690931  -1.7009692
  -0.06875274]] 
Episode: 914: [[-1.3719918  -1.5362022  -1.2261238  -0.21622913 -1.8228467  -1.6090916
   0.49355263 -2.0700417  -1.7228235   2.592064   -1.969133   -1.700993
  -0.06872561]] 
Episode: 915: [[-1.3720622  -1.5362587  -1.2260453  -0.21619436 -1.8229309  -1.6091186
   0.4936311  -2.0700994  -1.7228813   2.5920339  -1.9691856  -1.7010258
  -0.0687064 ]] 
Episode: 916: [[-1.3721089  -1.5363256  -1.2259699  -0.21618052 -1.8230295  -1.6091312
   0.4936966  -2.0701718  -1.7229204   2.59203    -1.9692572  -1.7010782
  -0.06872158]] 
Episode: 917: [[-1.3721616  -1.5363705  -1.2258989  -0.21615386 -1.8230938  -1.6091392
   0.4937475  -2.0702229  -1.7229588   2.5920162  -1.9693203  -1.7011184
  -0.06872763]] 
Episode: 918: [[-1.3722079  -1.536382   -1.225808   -0.21613851 -1.8231375  -1.6091074
   0.49374476 -2.0702813  -1.7229655   2.5920322  -1.9694034  -1.7011654
  -0.06876762]] 
Episode: 919: [[-1.3722368  -1.536392   -1.2257322  -0.21613814 -1.8231772  -1.6090734
   0.49372736 -2.0703301  -1.7229577   2.5920622  -1.9694749  -1.7012051
  -0.06881724]] 
Episode: 920: [[-1.372266   -1.5363935  -1.2256602  -0.21614376 -1.8232085  -1.609026
   0.49370152 -2.0703642  -1.7229295   2.592099   -1.9695365  -1.7012421
  -0.06887158]] 
Episode: 921: [[-1.372328   -1.5363659  -1.2255814  -0.21612015 -1.8232015  -1.6089735
   0.4936927  -2.0703769  -1.7229341   2.592104   -1.9696089  -1.7012846
  -0.06889556]] 
Episode: 922: [[-1.372387   -1.5363563  -1.2255263  -0.21608233 -1.8232002  -1.6089513
   0.49372825 -2.070387   -1.7229714   2.5920777  -1.9696761  -1.7013224
  -0.0688911 ]] 
Episode: 923: [[-1.3724458  -1.5363357  -1.2254597  -0.2160569  -1.8231953  -1.6089025
   0.49375272 -2.0703871  -1.7229836   2.5920594  -1.9697257  -1.701346
  -0.06888185]] 
Episode: 924: [[-1.3725326  -1.5362998  -1.2253793  -0.21600828 -1.8231766  -1.6088532
   0.49377593 -2.0703835  -1.7230111   2.5920246  -1.9697697  -1.701362
  -0.0688589 ]] 
Episode: 925: [[-1.3726484  -1.5362369  -1.2252938  -0.21593751 -1.8231233  -1.6088107
   0.49378592 -2.0703602  -1.7230567   2.591972   -1.9697922  -1.7013556
  -0.06880753]] 
Episode: 926: [[-1.37277    -1.5361668  -1.2252257  -0.21586072 -1.8230438  -1.6087554
   0.49380144 -2.070304   -1.7230911   2.591907   -1.9697992  -1.7013327
  -0.06873972]] 
Episode: 927: [[-1.3728981  -1.5360895  -1.2251568  -0.21578462 -1.8229611  -1.6086986
   0.49381906 -2.0702467  -1.7231266   2.5918396  -1.9697978  -1.7013003
  -0.06866206]] 
Episode: 928: [[-1.3730332  -1.5359502  -1.2250814  -0.2157181  -1.8228555  -1.6086352
   0.49377632 -2.0701807  -1.7231153   2.5917895  -1.9697274  -1.7012107
  -0.06857958]] 
Episode: 929: [[-1.373096   -1.5358568  -1.225035   -0.21571924 -1.8228227  -1.6086197
   0.4937246  -2.0701756  -1.7231042   2.591799   -1.9696395  -1.7011135
  -0.06854454]] 
Episode: 930: [[-1.3731111  -1.5357864  -1.2250074  -0.21575816 -1.8228178  -1.608599
   0.4936575  -2.070188   -1.7230662   2.5918477  -1.9695715  -1.7010349
  -0.06855517]] 
Episode: 931: [[-1.3731192  -1.5357363  -1.2249779  -0.21579061 -1.8228247  -1.6085943
   0.49361098 -2.070197   -1.7230355   2.5918815  -1.9694992  -1.7009625
  -0.06855562]] 
Episode: 932: [[-1.3730975  -1.5357288  -1.224962   -0.2158417  -1.8228725  -1.6085981
   0.49357772 -2.070232   -1.7229903   2.5919392  -1.969466   -1.7009331
  -0.06860337]] 
Episode: 933: [[-1.3730588  -1.5357457  -1.2249731  -0.2158999  -1.8229276  -1.6086056
   0.49356562 -2.0702627  -1.7229503   2.5919979  -1.9694524  -1.7009224
  -0.06865957]] 
Episode: 934: [[-1.3730354  -1.535736   -1.2249513  -0.21594658 -1.8229558  -1.6085747
   0.4935087  -2.0703022  -1.722909    2.592067   -1.9694737  -1.7009188
  -0.06872994]] 
Episode: 935: [[-1.3730108  -1.5357497  -1.2249266  -0.21599768 -1.8230026  -1.6085424
   0.49346414 -2.070348   -1.7228668   2.5921416  -1.9695053  -1.7009326
  -0.06881215]] 
Episode: 936: [[-1.372935   -1.5358098  -1.2249397  -0.21606678 -1.8231052  -1.6085862
   0.493443   -2.0704498  -1.7228566   2.5922265  -1.969552   -1.7009555
  -0.0689144 ]] 
Episode: 937: [[-1.3729079  -1.5358732  -1.2249705  -0.21610636 -1.8231966  -1.608694
   0.4934879  -2.0705118  -1.722898    2.5922637  -1.9695636  -1.7009624
  -0.06895772]] 
Episode: 938: [[-1.3728559  -1.5359857  -1.2250437  -0.21615937 -1.8233132  -1.6088398
   0.49356702 -2.0705683  -1.7229586   2.5922933  -1.9695545  -1.700955
  -0.06897783]] 
Episode: 939: [[-1.3728341  -1.536083   -1.225087   -0.2161845  -1.8234112  -1.6089637
   0.49365374 -2.0706048  -1.7230173   2.5922964  -1.9695412  -1.700947
  -0.06897943]] 
Episode: 940: [[-1.3728241  -1.5361891  -1.225106   -0.21619031 -1.8235228  -1.6090852
   0.4937585  -2.0706575  -1.7230897   2.5922825  -1.9695487  -1.7009608
  -0.06897893]] 
Episode: 941: [[-1.3728161  -1.536295   -1.2251337  -0.2161884  -1.8236239  -1.6092083
   0.49387643 -2.0706983  -1.7231705   2.5922554  -1.9695537  -1.7009771
  -0.06896675]] 
Episode: 942: [[-1.3727868  -1.5363925  -1.2251539  -0.21621265 -1.823721   -1.609295
   0.49394667 -2.0707395  -1.7232064   2.592261   -1.9695507  -1.7009763
  -0.06897587]] 
Episode: 943: [[-1.372763   -1.5364726  -1.2251685  -0.21624985 -1.8238095  -1.6093631
   0.49399617 -2.0707731  -1.7232274   2.5922825  -1.9695399  -1.7009695
  -0.06898567]] 
Episode: 944: [[-1.3727617  -1.536535   -1.225174   -0.21627308 -1.823877   -1.6094085
   0.4940453  -2.0707955  -1.7232491   2.5922947  -1.9695429  -1.7009683
  -0.0689885 ]] 
Episode: 945: [[-1.3727616  -1.5365924  -1.2251854  -0.21629663 -1.823934   -1.6094606
   0.49409533 -2.0708106  -1.7232882   2.5923033  -1.9695485  -1.7009665
  -0.06897797]] 
Episode: 946: [[-1.3727736  -1.5366389  -1.2251976  -0.2163086  -1.8239801  -1.6095129
   0.49415913 -2.0708182  -1.7233344   2.592296   -1.9695526  -1.7009614
  -0.06895258]] 
Episode: 947: [[-1.3727951  -1.5366583  -1.2251945  -0.2163149  -1.8240021  -1.6095446
   0.49419323 -2.070826   -1.7233748   2.5922995  -1.9695821  -1.7009785
  -0.06894659]] 
Episode: 948: [[-1.3728063  -1.536693   -1.2251915  -0.21634561 -1.8240432  -1.6095439
   0.49423245 -2.070837   -1.7233732   2.592326   -1.9696139  -1.7010089
  -0.06896696]] 
Episode: 949: [[-1.3727931  -1.5367626  -1.2252009  -0.21639566 -1.8241247  -1.609568
   0.49428475 -2.0708761  -1.7233796   2.592369   -1.9696594  -1.7010543
  -0.06900699]] 
Episode: 950: [[-1.3727605  -1.5368291  -1.2252053  -0.21645378 -1.8242131  -1.6095866
   0.49431935 -2.0709317  -1.7233733   2.5924246  -1.9697146  -1.7011007
  -0.06906586]] 
Episode: 951: [[-1.3727187  -1.5368814  -1.2252078  -0.2165291  -1.8242954  -1.6095703
   0.49432364 -2.070987   -1.7233312   2.5925083  -1.9697886  -1.7011623
  -0.06915531]] 
Episode: 952: [[-1.3726875  -1.5369049  -1.225195   -0.216619   -1.8243557  -1.6095194
   0.4942717  -2.0710335  -1.7232578   2.5926218  -1.9698548  -1.7012012
  -0.06925372]] 
Episode: 953: [[-1.3726525  -1.5369316  -1.2251863  -0.21670416 -1.8244194  -1.6094816
   0.49423313 -2.0710807  -1.723191    2.5927248  -1.9699085  -1.7012365
  -0.06934695]] 
Episode: 954: [[-1.3726226  -1.5369769  -1.2251741  -0.21677184 -1.8244946  -1.6094637
   0.4942221  -2.0711372  -1.7231531   2.5928044  -1.9699678  -1.7012715
  -0.06942365]] 
Episode: 955: [[-1.3726332  -1.5369797  -1.2251296  -0.21681584 -1.8245212  -1.6094161
   0.49418288 -2.0711622  -1.7231137   2.5928683  -1.9700044  -1.7012818
  -0.06947093]] 
Episode: 956: [[-1.3727156  -1.5369449  -1.2249651  -0.21678635 -1.824525   -1.6093353
   0.4941103  -2.0712135  -1.7230822   2.5928946  -1.9700412  -1.7012935
  -0.06951625]] 
Episode: 957: [[-1.3727708  -1.5369902  -1.2248405  -0.21674997 -1.8245972  -1.6093097
   0.4941294  -2.0713012  -1.7230884   2.592896   -1.9701178  -1.7013537
  -0.06957205]] 
Episode: 958: [[-1.3728142  -1.5370502  -1.2247461  -0.21672896 -1.8246725  -1.6092993
   0.49415678 -2.0713694  -1.7230964   2.5929003  -1.9701675  -1.7013912
  -0.06961168]] 
Episode: 959: [[-1.3728583  -1.5371138  -1.2246671  -0.21672256 -1.8247521  -1.609291
   0.4941921  -2.0714283  -1.7231008   2.592915   -1.970215   -1.7014351
  -0.06965221]] 
Episode: 960: [[-1.3729041  -1.5371459  -1.224604   -0.21671057 -1.8248143  -1.6093315
   0.49422514 -2.0715082  -1.7231499   2.5929224  -1.9702482  -1.7014607
  -0.06967787]] 
Episode: 961: [[-1.3729606  -1.5371795  -1.2245456  -0.21668617 -1.8248643  -1.6093777
   0.49426886 -2.0715733  -1.7232164   2.5929122  -1.9702812  -1.7014802
  -0.0696785 ]] 
Episode: 962: [[-1.372978   -1.537238   -1.2245247  -0.21670039 -1.8249456  -1.6094621
   0.49432346 -2.0716603  -1.7232941   2.5929239  -1.9702985  -1.7014822
  -0.06967961]] 
Episode: 963: [[-1.3730271  -1.537273   -1.2245014  -0.21668947 -1.8249893  -1.609538
   0.4943781  -2.0717068  -1.7233772   2.5929058  -1.9702885  -1.7014593
  -0.06963596]] 
Episode: 964: [[-1.3730682  -1.5373162  -1.2244941  -0.2166803  -1.825037   -1.609626
   0.49444574 -2.0717378  -1.7234582   2.5928786  -1.9702582  -1.701427
  -0.06957849]] 
Episode: 965: [[-1.3730848  -1.5373713  -1.2244959  -0.21669659 -1.8250974  -1.6097012
   0.49449822 -2.0717685  -1.723512    2.5928783  -1.970235   -1.7014006
  -0.06954653]] 
Episode: 966: [[-1.3730574  -1.5374435  -1.2245052  -0.21672988 -1.8251762  -1.609759
   0.494541   -2.071833   -1.7235507   2.5929     -1.9702461  -1.7014015
  -0.06956124]] 
Episode: 967: [[-1.3730043  -1.5375296  -1.224522   -0.2167844  -1.8252784  -1.6098207
   0.4945758  -2.0719156  -1.7235777   2.5929425  -1.9702624  -1.7014048
  -0.06959547]] 
Episode: 968: [[-1.3729539  -1.5376102  -1.2245376  -0.21686953 -1.8253832  -1.6098677
   0.4945814  -2.0719864  -1.7235787   2.5930202  -1.9702684  -1.7014021
  -0.06963786]] 
Episode: 969: [[-1.3727903  -1.5378207  -1.2245783  -0.21704966 -1.825572   -1.6099093
   0.49455938 -2.0720518  -1.7235135   2.5931623  -1.9702384  -1.7013602
  -0.06968749]] 
Episode: 970: [[-1.3726238  -1.5380163  -1.2246009  -0.21724491 -1.8257648  -1.60992
   0.4945128  -2.072138   -1.7234268   2.5933337  -1.9702519  -1.7013437
  -0.06977386]] 
Episode: 971: [[-1.372477   -1.5382255  -1.2245973  -0.21742772 -1.8259746  -1.609908
   0.49447003 -2.0722601  -1.7233317   2.5935152  -1.9703075  -1.7013742
  -0.0699026 ]] 
Episode: 972: [[-1.3723831  -1.5384086  -1.224581   -0.21752891 -1.826127   -1.6099316
   0.49446344 -2.0723581  -1.7232932   2.5936186  -1.9703382  -1.7013958
  -0.06999118]] 
Episode: 973: [[-1.3723304  -1.5386548  -1.2245342  -0.2175644  -1.826337   -1.6099981
   0.49453646 -2.0725276  -1.7233224   2.5936787  -1.9704498  -1.7015079
  -0.07010941]] 
Episode: 974: [[-1.3721687  -1.5388421  -1.224581   -0.21769845 -1.8265036  -1.6100314
   0.4945104  -2.0726392  -1.7232703   2.5938091  -1.9704927  -1.7015444
  -0.07022584]] 
Episode: 975: [[-1.3719919  -1.5390053  -1.2246437  -0.21785809 -1.8266648  -1.6100795
   0.49446929 -2.0727425  -1.7232205   2.593958   -1.9705147  -1.7015584
  -0.07033946]] 
Episode: 976: [[-1.3718426  -1.5391494  -1.224664   -0.21800585 -1.8268191  -1.6101077
   0.49438184 -2.0728714  -1.7231694   2.594127   -1.9705703  -1.7015839
  -0.07048165]] 
Episode: 977: [[-1.3717003  -1.5392877  -1.2246677  -0.218157   -1.8269808  -1.6101117
   0.49429414 -2.0730171  -1.7231108   2.594306   -1.9706596  -1.7016209
  -0.07064186]] 
Episode: 978: [[-1.3715771  -1.5394354  -1.2246529  -0.21828084 -1.8271478  -1.6101199
   0.49422348 -2.0731702  -1.7230686   2.5944593  -1.9707594  -1.7016565
  -0.07078666]] 
Episode: 979: [[-1.3715124  -1.5395719  -1.2246063  -0.21834935 -1.8272871  -1.6101203
   0.4941931  -2.0732782  -1.7230383   2.594555   -1.9708457  -1.7017018
  -0.07089186]] 
Episode: 980: [[-1.3714321  -1.5397089  -1.2245712  -0.21845134 -1.8274441  -1.6101259
   0.49416193 -2.0733829  -1.7229917   2.5946727  -1.9709102  -1.7017391
  -0.07099571]] 
Episode: 981: [[-1.371393   -1.5398495  -1.2245325  -0.21853648 -1.8275918  -1.6101315
   0.49418083 -2.0734649  -1.7229619   2.5947678  -1.9709682  -1.7017964
  -0.07108588]] 
Episode: 982: [[-1.3713863  -1.5399708  -1.2244805  -0.21859269 -1.8277156  -1.6101214
   0.4942217  -2.0735393  -1.7229438   2.5948393  -1.9710555  -1.7018834
  -0.07117352]] 
Episode: 983: [[-1.3713553  -1.5400491  -1.224455   -0.21868302 -1.8277916  -1.6100925
   0.4941957  -2.073579   -1.7229123   2.594939   -1.9711075  -1.7019033
  -0.07123625]] 
Episode: 984: [[-1.3713324  -1.5401217  -1.2244276  -0.21876554 -1.8278655  -1.6100683
   0.49416897 -2.0736163  -1.722884    2.5950313  -1.9711566  -1.7019193
  -0.07128866]] 
Episode: 985: [[-1.3713148  -1.5401791  -1.2243904  -0.21883652 -1.8279313  -1.610036
   0.49414238 -2.0736597  -1.7228572   2.5951176  -1.971221   -1.7019506
  -0.07135076]] 
Episode: 986: [[-1.371283   -1.540265   -1.2243587  -0.21891181 -1.8280373  -1.6100305
   0.49414694 -2.0737338  -1.7228419   2.5952015  -1.9712986  -1.7019976
  -0.07142129]] 
Episode: 987: [[-1.3712381  -1.5403666  -1.224368   -0.21898173 -1.8281381  -1.6100569
   0.49418193 -2.0737803  -1.7228447   2.5952585  -1.9713395  -1.7020257
  -0.07145607]] 
Episode: 988: [[-1.3712138  -1.5404547  -1.224362   -0.21902636 -1.8282298  -1.6100972
   0.49420846 -2.0738285  -1.7228605   2.5952992  -1.9713686  -1.7020445
  -0.07148154]] 
Episode: 989: [[-1.3711748  -1.5405451  -1.2243743  -0.21909666 -1.8283316  -1.6101441
   0.4942488  -2.073875   -1.722879    2.5953553  -1.9713945  -1.7020696
  -0.07151309]] 
Episode: 990: [[-1.3711344  -1.540651   -1.2243999  -0.2191608  -1.8284448  -1.6102182
   0.4943173  -2.0739195  -1.7229165   2.5953948  -1.9714077  -1.702095
  -0.07152929]] 
Episode: 991: [[-1.3710731  -1.5408189  -1.2244387  -0.21923847 -1.82862    -1.6103473
   0.4943953  -2.073998   -1.7229668   2.5954459  -1.9713976  -1.7021033
  -0.07154731]] 
Episode: 992: [[-1.3710178  -1.5410093  -1.2245022  -0.21931218 -1.8288307  -1.6105472
   0.49449188 -2.0741074  -1.7230518   2.5954933  -1.9713806  -1.7020969
  -0.07155258]] 
Episode: 993: [[-1.3709639  -1.5411949  -1.2245841  -0.21938388 -1.8290223  -1.6107472
   0.49459872 -2.0741944  -1.72315     2.5955288  -1.9713576  -1.7020818
  -0.0715353 ]] 
Episode: 994: [[-1.3709255  -1.5413537  -1.2246644  -0.21944427 -1.8291776  -1.610921
   0.49469897 -2.0742512  -1.723236    2.5955565  -1.9713323  -1.7020706
  -0.07151698]] 
Episode: 995: [[-1.3709028  -1.5414782  -1.2247428  -0.21949771 -1.829297   -1.6110691
   0.4947928  -2.0742753  -1.7233094   2.595576   -1.9713004  -1.7020597
  -0.07148799]] 
Episode: 996: [[-1.37088    -1.5415756  -1.2247881  -0.2195547  -1.8293997  -1.6111642
   0.49483937 -2.0743108  -1.7233459   2.5956187  -1.9713017  -1.7020594
  -0.071491  ]] 
Episode: 997: [[-1.3708302  -1.5416511  -1.2248027  -0.21964805 -1.829506   -1.6111825
   0.49482107 -2.074376   -1.7233127   2.5957272  -1.9713666  -1.7020888
  -0.0715835 ]] 
Episode: 998: [[-1.3707848  -1.5417632  -1.2248069  -0.21973887 -1.8296397  -1.6111889
   0.4948151  -2.0744548  -1.7232661   2.5958357  -1.9714413  -1.7021227
  -0.0716815 ]] 
Episode: 999: [[-1.3707324  -1.5418683  -1.2248236  -0.21982794 -1.8297575  -1.6112006
   0.49480355 -2.0745203  -1.7232217   2.5959427  -1.971507   -1.7021545
  -0.07178309]] 
Episode: 1000: [[-1.3707409  -1.5419295  -1.2247614  -0.21989295 -1.8298538  -1.6111718
   0.49475652 -2.0745904  -1.7231731   2.5960445  -1.9715585  -1.7021667
  -0.0718666 ]] 
Episode: 1001: [[-1.3707273  -1.5419811  -1.2247021  -0.21997605 -1.8299532  -1.6111301
   0.49468625 -2.0746794  -1.7231066   2.5961747  -1.9716405  -1.7021973
  -0.07199017]] 
Episode: 1002: [[-1.3707308  -1.5420254  -1.2246398  -0.22004688 -1.8300396  -1.611083
   0.49462292 -2.0747597  -1.7230426   2.5962982  -1.9717366  -1.7022434
  -0.07211713]] 
Episode: 1003: [[-1.3707997  -1.5419935  -1.2245187  -0.22004585 -1.8300422  -1.6109983
   0.4945212  -2.0747886  -1.7229608   2.5963655  -1.9717621  -1.7022426
  -0.07220212]] 
Episode: 1004: [[-1.3708441  -1.5419735  -1.2244087  -0.22006972 -1.8300599  -1.6109079
   0.49441728 -2.0748243  -1.7228686   2.5964544  -1.9718053  -1.7022572
  -0.07230609]] 
Episode: 1005: [[-1.3708702  -1.541961   -1.2243251  -0.22010893 -1.8300781  -1.6108216
   0.49431786 -2.07485    -1.722771    2.5965514  -1.9718432  -1.7022668
  -0.07241426]] 
Episode: 1006: [[-1.3709116  -1.5419616  -1.2242339  -0.22014529 -1.8301091  -1.610733
   0.49423626 -2.074892   -1.7226856   2.5966563  -1.9719169  -1.7023216
  -0.07254856]] 
Episode: 1007: [[-1.3709512  -1.5419556  -1.2241501  -0.22018138 -1.8301334  -1.6106459
   0.49415776 -2.0749261  -1.7226013   2.5967565  -1.9719809  -1.7023746
  -0.07267579]] 
Episode: 1008: [[-1.3709869  -1.5419557  -1.2240785  -0.22022045 -1.8301588  -1.6105638
   0.4940958  -2.0749457  -1.7225229   2.5968442  -1.9720241  -1.702416
  -0.0727751 ]] 
Episode: 1009: [[-1.3710043  -1.541983   -1.22404    -0.22026365 -1.8302083  -1.6105145
   0.49407625 -2.0749738  -1.7224606   2.5969172  -1.9720595  -1.7024544
  -0.07285982]] 
Episode: 1010: [[-1.371029   -1.5419937  -1.2240074  -0.2202978  -1.8302379  -1.6104634
   0.49406826 -2.0749848  -1.7224083   2.5969758  -1.9720976  -1.7025061
  -0.07293212]] 
Episode: 1011: [[-1.3710794  -1.5420033  -1.2239648  -0.22032268 -1.8302664  -1.6104155
   0.49403653 -2.074993   -1.7223536   2.5970345  -1.9721156  -1.7025291
  -0.07298201]] 
Episode: 1012: [[-1.3711152  -1.5420634  -1.2239307  -0.2203501  -1.8303359  -1.6104007
   0.4940334  -2.0750153  -1.7223148   2.5970862  -1.972122   -1.7025481
  -0.07302555]] 
Episode: 1013: [[-1.3712033  -1.5420849  -1.2239068  -0.22031686 -1.8303311  -1.610397
   0.49408376 -2.0749583  -1.722337    2.5970478  -1.9720801  -1.7025455
  -0.07296268]] 
Episode: 1014: [[-1.3712853  -1.5420858  -1.2238854  -0.22029345 -1.8303138  -1.6103857
   0.49412227 -2.0748982  -1.7223591   2.5970185  -1.972045   -1.7025467
  -0.07290281]] 
Episode: 1015: [[-1.3713822  -1.5420656  -1.2238309  -0.22024493 -1.8302733  -1.6103593
   0.4941673  -2.0748625  -1.722421    2.5969775  -1.9720855  -1.7026013
  -0.07286166]] 
Episode: 1016: [[-1.3714713  -1.5420665  -1.2237875  -0.22020976 -1.8302541  -1.6103442
   0.49421132 -2.0748303  -1.7224745   2.5969474  -1.9721142  -1.7026386
  -0.07281963]] 
Episode: 1017: [[-1.3715461  -1.542017   -1.2237597  -0.2202156  -1.8302016  -1.610308
   0.49421415 -2.0747712  -1.7225124   2.596956   -1.972127   -1.7026664
  -0.07278691]] 
Episode: 1018: [[-1.3716063  -1.542001   -1.2237449  -0.22022302 -1.8301829  -1.6102957
   0.49425638 -2.0747323  -1.7225612   2.596957   -1.9721566  -1.7027146
  -0.07276002]] 
Episode: 1019: [[-1.3716284  -1.541931   -1.223806   -0.22029915 -1.8301753  -1.6103148
   0.49430275 -2.0747292  -1.7226242   2.597022   -1.9722186  -1.7028008
  -0.07279009]] 
Episode: 1020: [[-1.3716537  -1.5418794  -1.2238498  -0.22036313 -1.8301833  -1.6103373
   0.49435142 -2.0747247  -1.7226753   2.5970733  -1.9722569  -1.7028686
  -0.07280831]] 
Episode: 1021: [[-1.3716828  -1.5418489  -1.2238882  -0.2204254  -1.8302108  -1.6103524
   0.49438947 -2.074737   -1.7227279   2.597138   -1.9723397  -1.702947
  -0.07284535]] 
Episode: 1022: [[-1.3717119  -1.5418226  -1.2239093  -0.22047599 -1.8302464  -1.6103619
   0.49442548 -2.0747662  -1.7227752   2.5971982  -1.9724375  -1.7030344
  -0.07289541]] 
Episode: 1023: [[-1.3716747  -1.5419263  -1.2239176  -0.22055466 -1.8303858  -1.6103826
   0.4944907  -2.0748553  -1.7228094   2.5972831  -1.9725696  -1.7031664
  -0.07299644]] 
Episode: 1024: [[-1.3716342  -1.5420797  -1.2239252  -0.22063382 -1.8305748  -1.6104354
   0.4945453  -2.0749629  -1.7228192   2.5973728  -1.972626   -1.7032472
  -0.07309481]] 
Episode: 1025: [[-1.3716049  -1.5422175  -1.2239419  -0.22069696 -1.8307333  -1.6104853
   0.49460652 -2.0750425  -1.7228336   2.597444   -1.9726806  -1.7033329
  -0.07317892]] 
Episode: 1026: [[-1.3715906  -1.5422586  -1.2238823  -0.22068967 -1.830889   -1.6105833
   0.49461082 -2.0752423  -1.722882    2.597499   -1.9727502  -1.7034601
  -0.07333596]] 
Episode: 1027: [[-1.371586   -1.5422945  -1.223819   -0.22067635 -1.8310333  -1.6106786
   0.49461332 -2.0754218  -1.7229254   2.5975444  -1.9728018  -1.7035718
  -0.07347591]] 
Episode: 1028: [[-1.3715866  -1.5423229  -1.2237529  -0.22065061 -1.8311543  -1.6107608
   0.49460828 -2.0755754  -1.72296     2.5975785  -1.9728429  -1.7036766
  -0.07360824]] 
Episode: 1029: [[-1.3716364  -1.5423566  -1.2236706  -0.22061981 -1.8312361  -1.6107641
   0.49462807 -2.075686   -1.7229807   2.597615   -1.972932   -1.7038429
  -0.07374957]] 
Episode: 1030: [[-1.3716524  -1.5424602  -1.2236185  -0.22062299 -1.8313688  -1.6108068
   0.4946546  -2.0757895  -1.7229862   2.5976727  -1.9729813  -1.7039772
  -0.0738866 ]] 
Episode: 1031: [[-1.3716336  -1.5425847  -1.2235978  -0.22065333 -1.8315256  -1.6108637
   0.49469757 -2.0759044  -1.7229879   2.5977414  -1.9730304  -1.7041075
  -0.0740247 ]] 
Episode: 1032: [[-1.3716398  -1.5427325  -1.223532   -0.22067514 -1.8317037  -1.6109114
   0.4947416  -2.0760448  -1.7229912   2.597815   -1.9731072  -1.7042526
  -0.07417309]] 
Episode: 1033: [[-1.3716676  -1.5428619  -1.2234528  -0.22068052 -1.8318545  -1.6109362
   0.4947765  -2.076161   -1.7229861   2.597871   -1.973166   -1.7043767
  -0.07429355]] 
Episode: 1034: [[-1.3716736  -1.5429899  -1.2234153  -0.2207247  -1.8320096  -1.6109544
   0.49484098 -2.0762706  -1.7229795   2.5979497  -1.9732323  -1.7045274
  -0.07443135]] 
Episode: 1035: [[-1.3716834  -1.5431111  -1.2233788  -0.22076039 -1.832151   -1.610978
   0.4949047  -2.0763738  -1.722982    2.598016   -1.9732945  -1.704663
  -0.07454944]] 
Episode: 1036: [[-1.3717082  -1.5432132  -1.2233433  -0.22077413 -1.8322668  -1.6110022
   0.49497476 -2.0764556  -1.7229992   2.5980537  -1.9733377  -1.7047789
  -0.07463519]] 
Episode: 1037: [[-1.3717588  -1.543242   -1.2233214  -0.22077045 -1.8323137  -1.6110243
   0.49501258 -2.0764897  -1.7230372   2.5980654  -1.9733325  -1.7048292
  -0.07465595]] 
Episode: 1038: [[-1.3719343  -1.543312   -1.2230666  -0.22064699 -1.832425   -1.6109648
   0.49507892 -2.0766454  -1.7231076   2.598027   -1.97347    -1.7050145
  -0.07473841]] 
Episode: 1039: [[-1.3721083  -1.5433619  -1.2228198  -0.22050893 -1.832514   -1.6109054
   0.4951606  -2.0767937  -1.7231995   2.597969   -1.9736321  -1.7052121
  -0.0748152 ]] 
Episode: 1040: [[-1.372266   -1.5434197  -1.2226216  -0.22037362 -1.8326031  -1.6108956
   0.49527743 -2.0769308  -1.7233223   2.5978894  -1.9737641  -1.7053812
  -0.07485628]] 
Episode: 1041: [[-1.372418   -1.5434542  -1.2224478  -0.2202413  -1.8326606  -1.6108868
   0.4953889  -2.077029   -1.7234421   2.597799   -1.9738662  -1.7055198
  -0.07486713]] 
Episode: 1042: [[-1.3725728  -1.5434856  -1.2223045  -0.22009549 -1.832693   -1.6109076
   0.49552068 -2.0770872  -1.7235818   2.5976732  -1.9739165  -1.7056183
  -0.07482157]] 
Episode: 1043: [[-1.3727342  -1.543521   -1.2221614  -0.21993537 -1.8327199  -1.6109333
   0.4956648  -2.0771425  -1.7237322   2.59753    -1.9739684  -1.7057114
  -0.07476221]] 
Episode: 1044: [[-1.3728822  -1.5435356  -1.2220247  -0.21979521 -1.8327355  -1.6109613
   0.495762   -2.0771933  -1.7238712   2.5974119  -1.974004   -1.7057744
  -0.07470407]] 
Episode: 1045: [[-1.373026   -1.5435297  -1.2218996  -0.21966074 -1.8327165  -1.6109605
   0.49585134 -2.0772095  -1.723995    2.597291   -1.9740353  -1.705824
  -0.07463274]] 
Episode: 1046: [[-1.373182   -1.5434945  -1.2217835  -0.21952099 -1.8326628  -1.6109537
   0.49593794 -2.0771925  -1.7241265   2.5971558  -1.9740481  -1.7058501
  -0.07452872]] 
Episode: 1047: [[-1.373352   -1.5434672  -1.2216886  -0.21936768 -1.8325924  -1.6109458
   0.4960424  -2.0771341  -1.7242435   2.5969994  -1.974036   -1.705857
  -0.07440124]] 
Episode: 1048: [[-1.3735209  -1.5434293  -1.2215983  -0.21922962 -1.8325168  -1.6109378
   0.49611735 -2.0770688  -1.7243418   2.5968606  -1.9739993  -1.7058319
  -0.0742686 ]] 
Episode: 1049: [[-1.3736534  -1.5434307  -1.2215121  -0.21912451 -1.832493   -1.6109468
   0.49617758 -2.0770488  -1.7244256   2.5967593  -1.9739845  -1.705802
  -0.07416764]] 
Episode: 1050: [[-1.3739784  -1.5433134  -1.2211834  -0.21886042 -1.8324171  -1.6108451
   0.4962021  -2.0771327  -1.7245604   2.596603   -1.9741296  -1.7059231
  -0.07414137]] 
Episode: 1051: [[-1.3742222  -1.543251   -1.2208877  -0.2186598  -1.832408   -1.6107717
   0.496208   -2.0772724  -1.724672    2.5965126  -1.9742945  -1.706058
  -0.07418439]] 
Episode: 1052: [[-1.374456   -1.5431868  -1.2206012  -0.2184878  -1.8323936  -1.6106682
   0.49620023 -2.077398   -1.7247558   2.5964537  -1.9744726  -1.7062076
  -0.07425062]] 
Episode: 1053: [[-1.3746225  -1.5430913  -1.2204634  -0.21833377 -1.8323302  -1.6106774
   0.4962255  -2.0775151  -1.724898    2.5963845  -1.974582   -1.7063249
  -0.0743186 ]] 
Episode: 1054: [[-1.3748095  -1.5430162  -1.2203262  -0.21817085 -1.8322742  -1.610686
   0.496292   -2.0776055  -1.725052    2.596287   -1.9746779  -1.7064246
  -0.07433886]] 
Episode: 1055: [[-1.3749365  -1.5429832  -1.2201797  -0.21807322 -1.8322845  -1.6106592
   0.49629894 -2.0777543  -1.7251319   2.5962868  -1.9748439  -1.7065644
  -0.0744735 ]] 
Episode: 1056: [[-1.3750638  -1.5429362  -1.2200364  -0.21799359 -1.8322761  -1.6105974
   0.4962821  -2.0778642  -1.7251709   2.5963035  -1.9749969  -1.7066971
  -0.07460549]] 
Episode: 1057: [[-1.3751568  -1.5429072  -1.2199423  -0.21793148 -1.8322861  -1.6105952
   0.49630395 -2.0779655  -1.7252345   2.5963097  -1.9751225  -1.7068151
  -0.07471392]] 
Episode: 1058: [[-1.3752353  -1.5428983  -1.219868   -0.21787584 -1.8323101  -1.6106182
   0.49634314 -2.0780642  -1.7253096   2.5963042  -1.9752243  -1.706904
  -0.0747905 ]] 
Episode: 1059: [[-1.3752797  -1.5429043  -1.2197981  -0.2178573  -1.8323615  -1.6106262
   0.49636272 -2.078184   -1.7253563   2.5963335  -1.9753394  -1.7069806
  -0.07488722]] 
Episode: 1060: [[-1.3752955  -1.542923   -1.219729   -0.2178577  -1.8324269  -1.6106238
   0.49634755 -2.078325   -1.7253708   2.5963953  -1.9754696  -1.7070659
  -0.0750242 ]] 
Episode: 1061: [[-1.3752921  -1.5429442  -1.2196571  -0.21789207 -1.8325075  -1.6106045
   0.49630892 -2.0784721  -1.7253504   2.5964968  -1.9756111  -1.7071652
  -0.07519472]] 
Episode: 1062: [[-1.3752886  -1.5429676  -1.2195827  -0.2179342  -1.8325825  -1.6105587
   0.49625623 -2.078598   -1.7252995   2.596604   -1.9757384  -1.7072529
  -0.07535753]] 
Episode: 1063: [[-1.3752767  -1.5430136  -1.219532   -0.21796925 -1.8326669  -1.6105458
   0.49624518 -2.0787125  -1.7252688   2.5966816  -1.9758333  -1.7073182
  -0.07548608]] 
Episode: 1064: [[-1.375235   -1.5430782  -1.2194875  -0.21798298 -1.8327965  -1.610586
   0.49628294 -2.0789194  -1.7253174   2.5967252  -1.9759861  -1.7073991
  -0.07560495]] 
Episode: 1065: [[-1.3751968  -1.5431422  -1.2194431  -0.21799652 -1.8329208  -1.6106186
   0.49632448 -2.0791097  -1.72536     2.596766   -1.9761368  -1.7074836
  -0.07571933]] 
Episode: 1066: [[-1.3751447  -1.5432262  -1.2193955  -0.21802239 -1.8330618  -1.6106606
   0.49635723 -2.0793061  -1.7253959   2.5968215  -1.9762851  -1.7075702
  -0.07584685]] 
Episode: 1067: [[-1.3751119  -1.5433056  -1.2193537  -0.21803485 -1.8331889  -1.61071
   0.49640167 -2.0794792  -1.7254426   2.596859   -1.976412   -1.7076496
  -0.07594881]] 
Episode: 1068: [[-1.375094   -1.5433755  -1.2193198  -0.21804078 -1.8332937  -1.6107492
   0.49644583 -2.079615   -1.7254801   2.5968838  -1.9765079  -1.7077086
  -0.07602441]] 
Episode: 1069: [[-1.3750905  -1.5434494  -1.2192718  -0.21803756 -1.8334061  -1.6107762
   0.4964952  -2.079753   -1.7255076   2.5969076  -1.976615   -1.7077868
  -0.07611281]] 
Episode: 1070: [[-1.3750776  -1.5435051  -1.2192242  -0.2180563  -1.8335001  -1.610792
   0.49648073 -2.0798798  -1.7255121   2.5969687  -1.9767207  -1.7078396
  -0.07621535]] 
Episode: 1071: [[-1.3750439  -1.5435838  -1.2191995  -0.21808536 -1.8336153  -1.6108401
   0.49648505 -2.0800197  -1.725534    2.5970314  -1.9768145  -1.7078925
  -0.07632045]] 
Episode: 1072: [[-1.3750267  -1.5436437  -1.2191751  -0.21811303 -1.8337146  -1.6108813
   0.49649456 -2.0801377  -1.7255527   2.5970871  -1.9768926  -1.7079359
  -0.07640778]] 
Episode: 1073: [[-1.3750463  -1.5436778  -1.2191321  -0.21811792 -1.8337781  -1.6108971
   0.4965011  -2.080235   -1.7255741   2.5971303  -1.9769914  -1.707997
  -0.07648917]] 
Episode: 1074: [[-1.3750545  -1.543748   -1.2190808  -0.21811831 -1.833892   -1.6109511
   0.49652603 -2.0803585  -1.7255881   2.5971637  -1.9770542  -1.7080436
  -0.07656954]] 
Episode: 1075: [[-1.3750542  -1.5438068  -1.2190468  -0.2181304  -1.8339922  -1.6110045
   0.49653313 -2.0804622  -1.725585    2.5972059  -1.977091   -1.708065
  -0.0766453 ]] 
Episode: 1076: [[-1.3749367  -1.5439694  -1.2191061  -0.21825504 -1.8342077  -1.6111538
   0.49657243 -2.0805998  -1.7255666   2.5973215  -1.977082   -1.708064
  -0.07674887]] 
Episode: 1077: [[-1.3748659  -1.5441016  -1.2191563  -0.2183278  -1.8343711  -1.6113029
   0.49665064 -2.0806942  -1.7255917   2.5973704  -1.9770563  -1.7080612
  -0.07678712]] 
Episode: 1078: [[-1.3747941  -1.5442367  -1.2191857  -0.21839884 -1.8345352  -1.6114324
   0.49670807 -2.0808063  -1.7256213   2.5974312  -1.9770765  -1.7080678
  -0.07684495]] 
Episode: 1079: [[-1.3746805  -1.5443741  -1.2192796  -0.218533   -1.8346984  -1.6115702
   0.4967467  -2.080901   -1.7256305   2.5975442  -1.9770792  -1.7080514
  -0.07691586]] 
Episode: 1080: [[-1.3745902  -1.544488   -1.219365   -0.21864755 -1.8348302  -1.6116893
   0.49678367 -2.080961   -1.7256417   2.5976315  -1.977058   -1.7080176
  -0.07694954]] 
Episode: 1081: [[-1.3745886  -1.544676   -1.2192581  -0.21861394 -1.8350122  -1.6117891
   0.49686056 -2.0811138  -1.7256919   2.5976088  -1.9770597  -1.7080247
  -0.0769816 ]] 
Episode: 1082: [[-1.374595   -1.5448139  -1.2191681  -0.21856906 -1.8351358  -1.6118792
   0.4969179  -2.0812182  -1.7257482   2.59757    -1.9770448  -1.7080139
  -0.07698467]] 
Episode: 1083: [[-1.3746337  -1.5449246  -1.2190773  -0.21850055 -1.8352212  -1.6119571
   0.4969872  -2.0812802  -1.7258153   2.5974956  -1.9769977  -1.707977
  -0.07693551]] 
Episode: 1084: [[-1.3746449  -1.5450307  -1.2189947  -0.21846013 -1.8353108  -1.6120276
   0.4970188  -2.0813491  -1.7258521   2.597458   -1.9769572  -1.707933
  -0.07691898]] 
Episode: 1085: [[-1.3746706  -1.5451103  -1.2189176  -0.21841134 -1.8353765  -1.6120967
   0.4970511  -2.081407   -1.7259032   2.5974064  -1.9769051  -1.7078682
  -0.0768761 ]] 
Episode: 1086: [[-1.3746893  -1.5451783  -1.2188593  -0.21838121 -1.8354311  -1.6121814
   0.49706912 -2.0814426  -1.7259686   2.5973613  -1.9768246  -1.7077748
  -0.07679925]] 
Episode: 1087: [[-1.3747064  -1.5452416  -1.2188034  -0.2183516  -1.8354797  -1.6122524
   0.49709192 -2.0814762  -1.7260311   2.597318   -1.976765   -1.7076994
  -0.07673298]] 
Episode: 1088: [[-1.3747032  -1.5453279  -1.2187632  -0.2183433  -1.8355585  -1.6123435
   0.49712852 -2.0815268  -1.7260994   2.5972917  -1.9767172  -1.707639
  -0.07668142]] 
Episode: 1089: [[-1.3746997  -1.5454088  -1.2187333  -0.21833675 -1.8356307  -1.6124365
   0.49718326 -2.08157    -1.7261803   2.5972626  -1.9766884  -1.7076024
  -0.07663162]] 
Episode: 1090: [[-1.37459    -1.5455372  -1.2187835  -0.21843645 -1.8357468  -1.6125634
   0.4971753  -2.0816035  -1.726192    2.5973203  -1.9765896  -1.7074882
  -0.07659861]] 
Episode: 1091: [[-1.374494   -1.5456891  -1.218829   -0.21852164 -1.8358775  -1.6126974
   0.49718627 -2.0816474  -1.7262145   2.597368   -1.9765022  -1.707384
  -0.07656714]] 
Episode: 1092: [[-1.3744043  -1.5458423  -1.2188802  -0.21859297 -1.8360075  -1.6128453
   0.49721912 -2.0816922  -1.7262547   2.5973983  -1.9764149  -1.7072914
  -0.0765282 ]] 
Episode: 1093: [[-1.3743294  -1.5459228  -1.2189376  -0.2186362  -1.8360871  -1.6130022
   0.4972476  -2.0817425  -1.7263268   2.597408   -1.9763392  -1.7072196
  -0.07649603]] 
Episode: 1094: [[-1.3743044  -1.545937   -1.2189559  -0.21863393 -1.836079   -1.6130792
   0.49725896 -2.081715   -1.7263743   2.597358   -1.9762135  -1.7070768
  -0.07638434]] 
Episode: 1095: [[-1.3742508  -1.5459782  -1.2189715  -0.21865954 -1.8361133  -1.6131381
   0.49726623 -2.0817275  -1.7263991   2.5973458  -1.9761523  -1.7069678
  -0.07632512]] 
Episode: 1096: [[-1.3742015  -1.546029   -1.2189794  -0.21866782 -1.8361529  -1.6132014
   0.49729615 -2.0817554  -1.7264407   2.5973213  -1.9761273  -1.7068878
  -0.07628243]] 
Episode: 1097: [[-1.3741398  -1.5460807  -1.2189901  -0.21869205 -1.8362007  -1.6132505
   0.49731332 -2.0817966  -1.726462    2.5973237  -1.976135   -1.706835
  -0.07627864]] 
Episode: 1098: [[-1.374114   -1.546123   -1.2189604  -0.21870492 -1.8362417  -1.6132569
   0.49732703 -2.0818236  -1.7264702   2.597321   -1.97615    -1.7067913
  -0.07626522]] 
Episode: 1099: [[-1.3740761  -1.5461764  -1.2189344  -0.21873856 -1.8362949  -1.6132586
   0.49732354 -2.0818636  -1.7264633   2.5973468  -1.9761766  -1.7067537
  -0.07627594]] 
Episode: 1100: [[-1.3740416  -1.5462366  -1.2189032  -0.2187754  -1.8363581  -1.6132467
   0.49733236 -2.0819144  -1.7264556   2.5973818  -1.9762386  -1.7067555
  -0.07631051]] 
Episode: 1101: [[-1.374001   -1.54628    -1.2188922  -0.21881604 -1.8363982  -1.613234
   0.49733204 -2.0819428  -1.726443    2.5974202  -1.9762964  -1.706754
  -0.07634781]] 
Episode: 1102: [[-1.3739704  -1.5463128  -1.2188785  -0.21885279 -1.8364304  -1.613216
   0.49732655 -2.081964   -1.726428    2.5974593  -1.9763515  -1.7067614
  -0.07638786]] 
Episode: 1103: [[-1.3739547  -1.5463145  -1.218839   -0.21889862 -1.8364524  -1.6131725
   0.4972788  -2.0819907  -1.7263974   2.5975182  -1.976408   -1.7067486
  -0.07642543]] 
Episode: 1104: [[-1.3739355  -1.5462855  -1.2187898  -0.21895956 -1.8364532  -1.613098
   0.49719012 -2.0820017  -1.7263383   2.5975938  -1.976444   -1.7067096
  -0.07645893]] 
Episode: 1105: [[-1.373916   -1.5462751  -1.2187449  -0.21901569 -1.8364735  -1.6130399
   0.49712563 -2.0820286  -1.7262883   2.597666   -1.9764993  -1.7066981
  -0.07650502]] 
Episode: 1106: [[-1.3739098  -1.5462726  -1.2186787  -0.2190568  -1.8365004  -1.61297
   0.49708265 -2.082066   -1.726248    2.5977247  -1.9765815  -1.7067121
  -0.07655378]] 
Episode: 1107: [[-1.3739874  -1.54618    -1.2185605  -0.21904024 -1.8364482  -1.6128476
   0.49704844 -2.082097   -1.7262473   2.5977483  -1.9766943  -1.7067841
  -0.07660776]] 
Episode: 1108: [[-1.374061   -1.5460945  -1.2184609  -0.2190279  -1.8363969  -1.6127387
   0.4970256  -2.0821111  -1.7262449   2.597768   -1.9767808  -1.7068539
  -0.07665205]] 
Episode: 1109: [[-1.3741612  -1.5459341  -1.218362   -0.2189722  -1.83633    -1.612692
   0.4969782  -2.082151   -1.7262796   2.5977602  -1.9768283  -1.706885
  -0.07668736]] 
Episode: 1110: [[-1.3742893  -1.5457296  -1.2182168  -0.21890146 -1.8362287  -1.6125929
   0.496901   -2.082191   -1.7263185   2.5977507  -1.9769115  -1.7069371
  -0.07672129]] 
Episode: 1111: [[-1.3744031  -1.5455475  -1.2181002  -0.21882819 -1.8361344  -1.6125414
   0.49684858 -2.0822282  -1.726395    2.5977228  -1.9769716  -1.7069752
  -0.07672579]] 
Episode: 1112: [[-1.3745061  -1.5453818  -1.2179893  -0.21875024 -1.8360441  -1.6124893
   0.49681306 -2.0822651  -1.7264689   2.5976896  -1.9770551  -1.707037
  -0.07674684]] 
Episode: 1113: [[-1.3746105  -1.5452343  -1.2179066  -0.21866167 -1.8359457  -1.6124659
   0.4968074  -2.0822632  -1.7265631   2.5976233  -1.9770788  -1.7070708
  -0.07671557]] 
Episode: 1114: [[-1.3747189  -1.5450927  -1.2178313  -0.21857105 -1.835857   -1.612461
   0.4968645  -2.0822487  -1.726679    2.597535   -1.9771223  -1.70714
  -0.07667018]] 
Episode: 1115: [[-1.3748318  -1.5449646  -1.2177597  -0.2184737  -1.8357772  -1.6124692
   0.49694386 -2.0822375  -1.7268126   2.597433   -1.9771589  -1.707213
  -0.0766106 ]] 
Episode: 1116: [[-1.3749698  -1.5447927  -1.2176836  -0.21835916 -1.8356508  -1.6124575
   0.49702874 -2.0822034  -1.7269661   2.5973148  -1.9772165  -1.7073036
  -0.07654081]] 
Episode: 1117: [[-1.3750721  -1.5446714  -1.2176327  -0.21827267 -1.8355702  -1.6124754
   0.49711728 -2.0821807  -1.727107    2.597214   -1.9772477  -1.7073663
  -0.07647011]] 
Episode: 1118: [[-1.375168   -1.5445402  -1.217581   -0.2181908  -1.8354863  -1.6124796
   0.49719542 -2.0821624  -1.7272304   2.5971224  -1.9772906  -1.7074335
  -0.07641705]] 
Episode: 1119: [[-1.3752644  -1.5443952  -1.2175395  -0.21811563 -1.8353771  -1.6124729
   0.4972511  -2.0821176  -1.7273399   2.5970378  -1.977315   -1.7074833
  -0.07635553]] 
Episode: 1120: [[-1.3753631  -1.5442743  -1.2174993  -0.21803962 -1.8352853  -1.612474
   0.49731952 -2.0820727  -1.7274432   2.5969489  -1.9773287  -1.707528
  -0.07628612]] 
Episode: 1121: [[-1.3754507  -1.5442065  -1.2174633  -0.21795942 -1.835231   -1.6124791
   0.4974175  -2.0820515  -1.7275373   2.596859   -1.9773704  -1.7075995
  -0.07624291]] 
Episode: 1122: [[-1.375501   -1.5442662  -1.2173947  -0.21785033 -1.8352778  -1.612615
   0.49749014 -2.0821135  -1.7276627   2.5967412  -1.977285   -1.7075409
  -0.07616132]] 
Episode: 1123: [[-1.3755252  -1.5443363  -1.2173306  -0.21777087 -1.8353426  -1.6127386
   0.49753857 -2.0821965  -1.7277681   2.59666    -1.977223   -1.7074839
  -0.07611154]] 
Episode: 1124: [[-1.3755461  -1.5443944  -1.2172674  -0.21770558 -1.8354008  -1.6128284
   0.4975796  -2.0822773  -1.7278495   2.5965996  -1.9771987  -1.7074535
  -0.07609104]] 
Episode: 1125: [[-1.3755604  -1.5444402  -1.2172061  -0.21765622 -1.8354491  -1.6128998
   0.49759793 -2.0823452  -1.7279088   2.5965586  -1.9771751  -1.7074211
  -0.07608097]] 
Episode: 1126: [[-1.3755778  -1.5444883  -1.2171316  -0.21761191 -1.835505   -1.6129475
   0.4976235  -2.0824053  -1.7279454   2.5965185  -1.9771523  -1.7073927
  -0.07607113]] 
Episode: 1127: [[-1.3756759  -1.5445304  -1.2169596  -0.21751143 -1.8355542  -1.6129138
   0.4977153  -2.0825074  -1.7280331   2.59645    -1.9772722  -1.7075126
  -0.07610828]] 
Episode: 1128: [[-1.3757926  -1.544561   -1.2167933  -0.21739917 -1.83559    -1.6128836
   0.49781114 -2.0825882  -1.7281231   2.5963655  -1.9773605  -1.7076203
  -0.0761179 ]] 
Episode: 1129: [[-1.37586    -1.5445987  -1.2166752  -0.21732743 -1.8356352  -1.6129037
   0.49786434 -2.0826778  -1.7282239   2.59632    -1.9774349  -1.7076885
  -0.07613344]] 
Episode: 1130: [[-1.3759269  -1.5446367  -1.216553   -0.21726808 -1.8356811  -1.6128929
   0.4979075  -2.0827456  -1.7282853   2.596284   -1.9774916  -1.7077482
  -0.07614768]] 
Episode: 1131: [[-1.3760015  -1.5446677  -1.2164378  -0.21720731 -1.8357115  -1.6128778
   0.49794728 -2.0827804  -1.7283361   2.596239   -1.9775152  -1.7077849
  -0.07613672]] 
Episode: 1132: [[-1.3760874  -1.5447053  -1.2163506  -0.21712272 -1.8357239  -1.612892
   0.49801773 -2.08279    -1.7284237   2.5961587  -1.9775193  -1.7078075
  -0.07608882]] 
Episode: 1133: [[-1.376177   -1.5447549  -1.2162606  -0.21705036 -1.8357515  -1.6128993
   0.4980794  -2.0828001  -1.7284932   2.5960917  -1.9775169  -1.7078165
  -0.07603703]] 
Episode: 1134: [[-1.3762714  -1.5447959  -1.2161725  -0.2169729  -1.8357663  -1.612897
   0.49814355 -2.0827978  -1.7285575   2.5960202  -1.9775201  -1.7078341
  -0.07598635]] 
Episode: 1135: [[-1.3763494  -1.5448148  -1.2160918  -0.21692006 -1.8357705  -1.612877
   0.49817994 -2.0827909  -1.7285949   2.5959733  -1.9775174  -1.7078402
  -0.07594695]] 
Episode: 1136: [[-1.3764293  -1.5448415  -1.2160043  -0.21687336 -1.835789   -1.6128557
   0.49820712 -2.0827973  -1.7286221   2.5959404  -1.977517   -1.7078495
  -0.07592233]] 
Episode: 1137: [[-1.3764435  -1.5449088  -1.2159845  -0.21686292 -1.8358433  -1.6129212
   0.49825653 -2.08281    -1.7286712   2.5959218  -1.9774954  -1.707849
  -0.07590124]] 
Episode: 1138: [[-1.3764412  -1.5449777  -1.215942   -0.21688774 -1.8359103  -1.6129378
   0.49827057 -2.0828404  -1.7286749   2.595954   -1.9775217  -1.7078693
  -0.07593202]] 
Episode: 1139: [[-1.3764324  -1.5450443  -1.2159116  -0.21691847 -1.8359746  -1.612949
   0.49828345 -2.0828645  -1.7286636   2.5959928  -1.97755    -1.7078936
  -0.07597433]] 
Episode: 1140: [[-1.376435   -1.5451045  -1.2158598  -0.21695292 -1.8360356  -1.6129261
   0.49827576 -2.0828907  -1.7286248   2.5960495  -1.9775971  -1.7079338
  -0.07604048]] 
Episode: 1141: [[-1.3764569  -1.5451642  -1.215784   -0.21697292 -1.8360957  -1.6128864
   0.4982676  -2.0829172  -1.7285845   2.5960972  -1.977649   -1.7079815
  -0.07610233]] 
Episode: 1142: [[-1.3764751 -1.5452445 -1.2156923 -0.2169896 -1.8361856 -1.612852
   0.4982534 -2.0829773 -1.7285438  2.5961492 -1.9777173 -1.7080226
  -0.0761733]] 
Episode: 1143: [[-1.3765157  -1.5453122  -1.2155973  -0.2169931  -1.8362554  -1.612803
   0.49824455 -2.0830188  -1.7285054   2.5961864  -1.9777784  -1.7080584
  -0.07622448]] 
Episode: 1144: [[-1.3765514  -1.5453677  -1.215502   -0.21700494 -1.836318   -1.6127421
   0.49822465 -2.0830595  -1.7284582   2.5962334  -1.9778488  -1.7080944
  -0.07628302]] 
Episode: 1145: [[-1.3765674  -1.5454466  -1.2154287  -0.21703334 -1.8364003  -1.6127104
   0.49820605 -2.0831013  -1.7284118   2.5962903  -1.9779017  -1.7081109
  -0.07633785]] 
Episode: 1146: [[-1.3766207  -1.5454928  -1.2153462  -0.2170315  -1.8364431  -1.612664
   0.49818087 -2.0831163  -1.7283745   2.5963209  -1.9779377  -1.7081155
  -0.07636355]] 
Episode: 1147: [[-1.3766695  -1.5455558  -1.2152693  -0.21702482 -1.8364997  -1.6126388
   0.49817103 -2.0831404  -1.7283545   2.5963433  -1.9779712  -1.7081189
  -0.07638558]] 
Episode: 1148: [[-1.376727   -1.5456032  -1.215211   -0.2169966  -1.8365341  -1.6126503
   0.49818632 -2.083159   -1.7283871   2.5963328  -1.9779925  -1.70811
  -0.07637452]] 
Episode: 1149: [[-1.376775   -1.5456535  -1.215162   -0.21697791 -1.836572   -1.6126709
   0.49820843 -2.0831814  -1.7284311   2.5963285  -1.9780241  -1.7081105
  -0.07636729]] 
Episode: 1150: [[-1.3767974  -1.5456765  -1.2151296  -0.2169918  -1.8366052  -1.6127019
   0.49821973 -2.0832002  -1.7284706   2.5963378  -1.9780266  -1.7080842
  -0.07633918]] 
Episode: 1151: [[-1.3768302  -1.5456867  -1.2150607  -0.21701074 -1.8366411  -1.6126907
   0.49821147 -2.083235   -1.7284874   2.5963697  -1.9780782  -1.7080894
  -0.07634836]] 
Episode: 1152: [[-1.376845   -1.545707   -1.2149762  -0.21704367 -1.8367023  -1.6126662
   0.49819857 -2.0833056  -1.7284951   2.596422   -1.9781677  -1.7081186
  -0.07639015]] 
Episode: 1153: [[-1.3768822  -1.5457155  -1.2148845  -0.21706416 -1.8367472  -1.6126246
   0.4981823  -2.0833623  -1.7284971   2.596468   -1.9782571  -1.7081527
  -0.07642823]] 
Episode: 1154: [[-1.3768672  -1.5457487  -1.2148658  -0.21711858 -1.8367996  -1.6126282
   0.49817407 -2.0834196  -1.7285078   2.5965352  -1.9783417  -1.7081735
  -0.07647882]] 
Episode: 1155: [[-1.3768704  -1.5457792  -1.214843   -0.21716966 -1.8368453  -1.6126212
   0.49817017 -2.0834532  -1.7285063   2.596596   -1.9784017  -1.7081838
  -0.07651307]] 
Episode: 1156: [[-1.3768684  -1.5458217  -1.2148298  -0.21722123 -1.8369039  -1.6126332
   0.49817997 -2.0834894  -1.7285118   2.596651   -1.9784517  -1.7081931
  -0.07653897]] 
Episode: 1157: [[-1.3768293  -1.5459197  -1.214817   -0.2172519  -1.8370382  -1.6127238
   0.49825254 -2.0836112  -1.7285833   2.5966806  -1.9785428  -1.7082484
  -0.07659368]] 
Episode: 1158: [[-1.3767953  -1.5460265  -1.21479    -0.21728031 -1.8371836  -1.6128044
   0.49831513 -2.083745   -1.728643    2.5967164  -1.9786384  -1.7083033
  -0.07665891]] 
Episode: 1159: [[-1.3768053  -1.546111   -1.2147431  -0.2172674  -1.8372918  -1.61286
   0.49837157 -2.0838442  -1.7287004   2.596714   -1.9787046  -1.7083367
  -0.07668391]] 
Episode: 1160: [[-1.3768063  -1.5461948  -1.2147019  -0.21726467 -1.8374037  -1.6129166
   0.4984312  -2.0839458  -1.7287589   2.5967166  -1.9787701  -1.7083714
  -0.07670803]] 
Episode: 1161: [[-1.376757   -1.5462972  -1.2146808  -0.21727066 -1.8375137  -1.6130356
   0.49843866 -2.0840197  -1.728805    2.5966947  -1.9786768  -1.7082467
  -0.07664249]] 
Episode: 1162: [[-1.3768287  -1.5463953  -1.2144756  -0.21712261 -1.837668   -1.6131732
   0.49847206 -2.084188   -1.7289141   2.5965695  -1.9785991  -1.7081382
  -0.07658691]] 
Episode: 1163: [[-1.376906   -1.5464951  -1.2142756  -0.21697678 -1.8378175  -1.6132959
   0.4985223  -2.0843484  -1.7290287   2.596443   -1.9785452  -1.7080566
  -0.07652832]] 
Episode: 1164: [[-1.3769687  -1.5465801  -1.2141029  -0.21685386 -1.8379505  -1.61341
   0.49856624 -2.0844908  -1.7291381   2.596332   -1.978493   -1.7079716
  -0.07646845]] 
Episode: 1165: [[-1.377002   -1.5466782  -1.2139602  -0.21676779 -1.8380901  -1.6135277
   0.49859655 -2.0846312  -1.7292295   2.596258   -1.9784501  -1.7078892
  -0.07643243]] 
Episode: 1166: [[-1.377038   -1.5467814  -1.2138208  -0.21668392 -1.8382355  -1.6136453
   0.4986421  -2.08478    -1.7293328   2.5961843  -1.9784305  -1.7078216
  -0.07639673]] 
Episode: 1167: [[-1.3770605  -1.5469365  -1.21366    -0.21659917 -1.838435   -1.613779
   0.49870196 -2.0849724  -1.7294486   2.5961072  -1.9784367  -1.707757
  -0.0763566 ]] 
Episode: 1168: [[-1.3770989  -1.5470642  -1.2134863  -0.21652406 -1.8386004  -1.6138471
   0.49872956 -2.0851326  -1.7295142   2.596055   -1.9784693  -1.707712
  -0.07634298]] 
Episode: 1169: [[-1.377186   -1.5471472  -1.2132894  -0.21643332 -1.8387231  -1.6138963
   0.4987192  -2.0852628  -1.7295734   2.596      -1.9784646  -1.7076354
  -0.0763049 ]] 
Episode: 1170: [[-1.3772731  -1.5472331  -1.2131234  -0.21633984 -1.838839   -1.6139662
   0.4987428  -2.0853837  -1.7296534   2.5959368  -1.9784636  -1.7075826
  -0.0762722 ]] 
Episode: 1171: [[-1.3773664  -1.5472952  -1.2129539  -0.21626127 -1.8389467  -1.6140146
   0.49875912 -2.0855093  -1.7297255   2.5958977  -1.9784938  -1.7075651
  -0.07626769]] 
Episode: 1172: [[-1.3774506  -1.5473561  -1.2127486  -0.2161931  -1.8390757  -1.6140409
   0.49876952 -2.0856686  -1.7297965   2.5958736  -1.9785756  -1.7075819
  -0.07628413]] 
Episode: 1173: [[-1.3775464  -1.5473746  -1.2125465  -0.21612392 -1.8391547  -1.6140456
   0.49874884 -2.0857828  -1.7298524   2.5958502  -1.9786346  -1.7075818
  -0.07628713]] 
Episode: 1174: [[-1.3776394  -1.5473607  -1.2123775  -0.21604733 -1.8392029  -1.6140715
   0.49873066 -2.085903   -1.7299407   2.5958226  -1.9787092  -1.7076002
  -0.07629824]] 
Episode: 1175: [[-1.3777084  -1.5473698  -1.2122391  -0.2159893  -1.8392605  -1.6141016
   0.49872836 -2.086006   -1.7300164   2.5958004  -1.9787719  -1.7076176
  -0.07630773]] 
Episode: 1176: [[-1.3777415  -1.5474313  -1.2121223  -0.2159579  -1.8393638  -1.6141641
   0.4987131  -2.0861351  -1.7300853   2.5958087  -1.9788241  -1.7076144
  -0.07634062]] 
Episode: 1177: [[-1.3777791  -1.5474781  -1.2120104  -0.21592815 -1.8394511  -1.6142095
   0.49868843 -2.08625    -1.7301368   2.5958207  -1.978872   -1.707609
  -0.0763753 ]] 
Episode: 1178: [[-1.3778112  -1.5475314  -1.2119298  -0.21589394 -1.8395334  -1.6142843
   0.49869937 -2.0863507  -1.7302182   2.5958097  -1.9788994  -1.7075996
  -0.07638155]] 
Episode: 1179: [[-1.3778553  -1.5475738  -1.211845   -0.2158548  -1.8396024  -1.6143397
   0.49870256 -2.0864377  -1.7302837   2.595801   -1.9789314  -1.7075994
  -0.07639712]] 
Episode: 1180: [[-1.3779012  -1.5476193  -1.211755   -0.21580733 -1.8396708  -1.6143842
   0.498703   -2.086529   -1.7303382   2.5957885  -1.9789715  -1.7075977
  -0.07641871]] 
Episode: 1181: [[-1.377985   -1.5476202  -1.211649   -0.21573856 -1.8396816  -1.6143848
   0.49869156 -2.0865722  -1.7303944   2.5957534  -1.9790003  -1.7075856
  -0.07640474]] 
Episode: 1182: [[-1.3780152 -1.5476336 -1.2115164 -0.215736  -1.8397424 -1.614336
   0.4985998 -2.086681  -1.7303593  2.5958273 -1.979124  -1.7076058
  -0.0765266]] 
Episode: 1183: [[-1.3780482  -1.547621   -1.2113687  -0.21574038 -1.8397881  -1.6142741
   0.4984795  -2.0868015  -1.7303344   2.5959165  -1.9792655  -1.7076192
  -0.0766552 ]] 
Episode: 1184: [[-1.3781029  -1.5476086  -1.2112255  -0.21572965 -1.8398249  -1.6142176
   0.49838206 -2.0869012  -1.7303202   2.5959818  -1.9793807  -1.7076277
  -0.07675296]] 
Episode: 1185: [[-1.3781571  -1.5476077  -1.2110773  -0.21572115 -1.8398712  -1.6141615
   0.49829245 -2.0870078  -1.7303247   2.5960484  -1.9795151  -1.7076535
  -0.07684794]] 
Episode: 1186: [[-1.3781807  -1.5476245  -1.2109424  -0.2157367  -1.8399459  -1.6141217
   0.49819162 -2.0871449  -1.7303151   2.5961397  -1.9796535  -1.7076622
  -0.07696516]] 
Episode: 1187: [[-1.3782473  -1.5476092  -1.210761   -0.21573327 -1.8400055  -1.6140506
   0.49806505 -2.0872774  -1.730288    2.5962296  -1.9797837  -1.7076721
  -0.07708373]] 
Episode: 1188: [[-1.3782954  -1.5476187  -1.2106137  -0.21574053 -1.8400879  -1.6140099
   0.49797845 -2.0874166  -1.7302777   2.5963144  -1.9799117  -1.7076873
  -0.07719701]] 
Episode: 1189: [[-1.3783497  -1.5476142  -1.2104801  -0.21574941 -1.8401511  -1.6139681
   0.4978922  -2.0875225  -1.7302595   2.5963888  -1.979997   -1.7076825
  -0.07727782]] 
Episode: 1190: [[-1.3783895  -1.5476443  -1.2103393  -0.21575703 -1.8402467  -1.6139315
   0.49781075 -2.0876398  -1.730225    2.596461   -1.980082   -1.7076716
  -0.07736429]] 
Episode: 1191: [[-1.3784252  -1.5477072  -1.2102143  -0.21577018 -1.8403555  -1.6139077
   0.49773827 -2.087748   -1.7301874   2.5965357  -1.9801482  -1.7076548
  -0.07744593]] 
Episode: 1192: [[-1.3784788  -1.5477597  -1.2100955  -0.21575749 -1.8404336  -1.6138875
   0.4976747  -2.0878148  -1.7301574   2.5965743  -1.9801763  -1.7076166
  -0.07748533]] 
Episode: 1193: [[-1.3784434  -1.5478792  -1.2100787  -0.21582353 -1.8405813  -1.6139741
   0.49764913 -2.0878992  -1.7301382   2.5966585  -1.9801571  -1.7075539
  -0.07753771]] 
Episode: 1194: [[-1.3784145  -1.547971   -1.2100726  -0.21590646 -1.840697   -1.6140277
   0.49760973 -2.0879424  -1.7300975   2.5967538  -1.9801186  -1.7074877
  -0.07757822]] 
Episode: 1195: [[-1.378383   -1.5480733  -1.2100735  -0.2159823  -1.8408211  -1.6140974
   0.49758437 -2.0879982  -1.7300711   2.596843   -1.980093   -1.7074367
  -0.07762342]] 
Episode: 1196: [[-1.3783584  -1.548157   -1.2100824  -0.21604228 -1.8409183  -1.614159
   0.49757734 -2.08803    -1.7300483   2.5969095  -1.9800718  -1.7073978
  -0.07765846]] 
Episode: 1197: [[-1.3783361  -1.5482339  -1.2101077  -0.21609235 -1.8410019  -1.6142309
   0.49759322 -2.0880394  -1.7300344   2.5969524  -1.9800262  -1.7073556
  -0.07766896]] 
Episode: 1198: [[-1.3783361  -1.5482925  -1.2101212  -0.21611981 -1.8410658  -1.6142961
   0.49761406 -2.088041   -1.7300321   2.5969727  -1.9799794  -1.7073133
  -0.07765935]] 
Episode: 1199: [[-1.3783549  -1.548367   -1.2101417  -0.21612728 -1.8411273  -1.6143874
   0.49766257 -2.0880303  -1.7300704   2.596964   -1.9799091  -1.707264
  -0.07761139]] 
Episode: 1200: [[-1.378363   -1.5484432  -1.2101511  -0.2161313  -1.8411912  -1.6144592
   0.4977018  -2.0880384  -1.7300953   2.5969632  -1.9798819  -1.7072347
  -0.07759844]] 
