Episode: 1: [[-3.1608149e-01 -2.7423844e-01 -1.3663529e+00  1.2582392e-01
   2.9261002e-02  0.0000000e+00  1.5316452e-02  0.0000000e+00
   9.7231217e-02  1.8508013e-01]
 [-8.1360348e-02  1.3653396e-01 -3.6422618e-02  2.1761641e-02
  -5.9954051e-02  0.0000000e+00  3.7789423e-02  0.0000000e+00
   0.0000000e+00 -5.4542121e-02]
 [ 5.5734301e-03 -4.7204215e-03  1.1020173e-02  1.4602162e-02
  -8.3671752e-03  0.0000000e+00 -1.7680576e-02  0.0000000e+00
   0.0000000e+00  2.9840756e-02]
 [ 4.6930480e-01 -2.8182650e-01 -1.5099148e+00 -4.5112688e-02
   1.0323856e-01  0.0000000e+00 -1.0041859e-01  0.0000000e+00
  -1.8555079e-01 -1.2059824e-01]
 [-1.9384569e-01  1.2262015e-01 -9.9830076e-02  7.1060946e-03
  -4.8653476e-02  0.0000000e+00  4.2597853e-02  0.0000000e+00
   0.0000000e+00 -1.2833242e-01]
 [ 6.4422870e-03 -7.8505306e-03  2.3578931e-02  1.8392049e-02
  -2.0771325e-02  0.0000000e+00 -1.3527554e-02  0.0000000e+00
   0.0000000e+00  2.4548184e-02]
 [ 1.8242209e-01 -5.2098501e-01 -6.8305117e-01 -2.7126256e-01
   3.5243720e-02  0.0000000e+00 -7.3544540e-02  0.0000000e+00
   8.1661172e-02  2.4831048e-01]
 [-3.0056608e-01  5.5503372e-02 -1.3872474e-02  5.1373824e-02
  -1.8795626e-02  0.0000000e+00  2.8765224e-02  0.0000000e+00
   0.0000000e+00 -1.2637672e-01]
 [ 1.1606321e-03 -3.2461316e-03  2.0245310e-02  1.7591679e-02
  -1.5945345e-02  0.0000000e+00 -1.9419812e-02  0.0000000e+00
   0.0000000e+00  1.7412079e-02]
 [ 2.8127638e-01 -2.2096050e-01 -5.1087934e-01 -3.6265588e-01
   9.3856893e-02  0.0000000e+00 -2.2826364e-02  0.0000000e+00
  -4.4235889e-02  2.8799510e-01]
 [-3.8045990e-01 -9.5811091e-02  2.2112438e-01  1.0680624e-01
   1.5637100e-02  0.0000000e+00 -2.2618055e-02  0.0000000e+00
   0.0000000e+00 -1.6439089e-01]
 [-5.5920552e-03 -3.7905041e-04  2.5241476e-02  2.8297631e-02
  -1.6820135e-02  0.0000000e+00 -1.3605049e-02  0.0000000e+00
   0.0000000e+00  2.3482332e-02]
 [ 1.8324244e-01  1.5813540e-01 -1.0023752e+00  2.9336250e-01
  -1.6814634e-01  0.0000000e+00 -1.3055642e-01  0.0000000e+00
  -4.6581802e-01 -4.0240198e-01]] 
Episode: 2: [[-3.16381484e-01 -2.73938447e-01 -1.36665297e+00  1.25523910e-01
   2.95610018e-02  0.00000000e+00  1.56164523e-02  0.00000000e+00
   9.72312167e-02  1.85380131e-01]
 [-8.16603452e-02  1.36833966e-01 -3.67226191e-02  2.14616414e-02
  -5.96540496e-02  0.00000000e+00  3.80894244e-02  0.00000000e+00
   0.00000000e+00 -5.42421192e-02]
 [ 5.27343014e-03 -4.42042155e-03  1.07201729e-02  1.43021615e-02
  -8.06717481e-03  0.00000000e+00 -1.79805756e-02  0.00000000e+00
   0.00000000e+00  2.95407567e-02]
 [ 4.69004810e-01 -2.81526506e-01 -1.51021481e+00 -4.48126867e-02
   1.03538558e-01  0.00000000e+00 -1.00118592e-01  0.00000000e+00
  -1.85550794e-01 -1.20898239e-01]
 [-1.94145694e-01  1.22920148e-01 -1.00130074e-01  6.80609467e-03
  -4.83534746e-02  0.00000000e+00  4.28978540e-02  0.00000000e+00
   0.00000000e+00 -1.28032416e-01]
 [ 6.14228705e-03 -7.55053060e-03  2.32789312e-02  1.80920493e-02
  -2.04713251e-02  0.00000000e+00 -1.32275540e-02  0.00000000e+00
   0.00000000e+00  2.42481846e-02]
 [ 1.82122082e-01 -5.20685017e-01 -6.83351159e-01 -2.70962566e-01
   3.55437212e-02  0.00000000e+00 -7.38445371e-02  0.00000000e+00
   8.16611722e-02  2.48010471e-01]
 [-3.00866067e-01  5.58033735e-02 -1.41724749e-02  5.10738231e-02
  -1.84956267e-02  0.00000000e+00  2.90652234e-02  0.00000000e+00
   0.00000000e+00 -1.26076713e-01]
 [ 8.60632164e-04 -2.94613163e-03  1.99453104e-02  1.72916800e-02
  -1.56453457e-02  0.00000000e+00 -1.91198122e-02  0.00000000e+00
   0.00000000e+00  1.71120800e-02]
 [ 2.80976385e-01 -2.20660493e-01 -5.11179328e-01 -3.62355888e-01
   9.41568911e-02  0.00000000e+00 -2.31263638e-02  0.00000000e+00
  -4.42358889e-02  2.87695110e-01]
 [-3.80759895e-01 -9.55110937e-02  2.20824376e-01  1.06506243e-01
   1.59370992e-02  0.00000000e+00 -2.23180559e-02  0.00000000e+00
   0.00000000e+00 -1.64690897e-01]
 [-5.89205511e-03 -7.90504491e-05  2.49414761e-02  2.79976316e-02
  -1.65201351e-02  0.00000000e+00 -1.33050485e-02  0.00000000e+00
   0.00000000e+00  2.31823325e-02]
 [ 1.82942435e-01  1.58435404e-01 -1.00267529e+00  2.93062508e-01
  -1.67846337e-01  0.00000000e+00 -1.30256414e-01  0.00000000e+00
  -4.65818018e-01 -4.02701974e-01]] 
Episode: 3: [[-3.16681474e-01 -2.73638457e-01 -1.36663723e+00  1.25223905e-01
   2.98610013e-02  0.00000000e+00  1.56006627e-02  0.00000000e+00
   9.72312167e-02  1.85680136e-01]
 [-8.19603428e-02  1.37133971e-01 -3.67068313e-02  2.11616419e-02
  -5.93540482e-02  0.00000000e+00  3.80736366e-02  0.00000000e+00
   0.00000000e+00 -5.39421178e-02]
 [ 4.97343019e-03 -4.12042160e-03  1.04201725e-02  1.40021611e-02
  -7.76717486e-03  0.00000000e+00 -1.82805751e-02  0.00000000e+00
   0.00000000e+00  2.95565464e-02]
 [ 4.68704820e-01 -2.81226516e-01 -1.51051486e+00 -4.48284745e-02
   1.03838556e-01  0.00000000e+00 -1.00134380e-01  0.00000000e+00
  -1.85550794e-01 -1.20882452e-01]
 [-1.94445699e-01  1.22904360e-01 -1.00114286e-01  6.50609471e-03
  -4.80534732e-02  0.00000000e+00  4.28820662e-02  0.00000000e+00
   0.00000000e+00 -1.27732411e-01]
 [ 5.84228709e-03 -7.25053065e-03  2.29789317e-02  1.77920498e-02
  -2.01713257e-02  0.00000000e+00 -1.32433437e-02  0.00000000e+00
   0.00000000e+00  2.42639743e-02]
 [ 1.82137877e-01 -5.20385027e-01 -6.83651149e-01 -2.70978361e-01
   3.58437225e-02  0.00000000e+00 -7.41445348e-02  0.00000000e+00
   8.16611722e-02  2.48026267e-01]
 [-3.01166058e-01  5.57875857e-02 -1.41566852e-02  5.07738218e-02
  -1.81956273e-02  0.00000000e+00  2.90494338e-02  0.00000000e+00
   0.00000000e+00 -1.25776708e-01]
 [ 5.60632150e-04 -2.64613167e-03  1.96453109e-02  1.69916805e-02
  -1.53453453e-02  0.00000000e+00 -1.91356018e-02  0.00000000e+00
   0.00000000e+00  1.71278697e-02]
 [ 2.80992180e-01 -2.20360488e-01 -5.11479318e-01 -3.62371683e-01
   9.44568887e-02  0.00000000e+00 -2.34263632e-02  0.00000000e+00
  -4.42358889e-02  2.87710905e-01]
 [-3.81059885e-01 -9.52110961e-02  2.20524371e-01  1.06206246e-01
   1.62370987e-02  0.00000000e+00 -2.23338455e-02  0.00000000e+00
   0.00000000e+00 -1.64675102e-01]
 [-6.19205507e-03  2.20949558e-04  2.46414766e-02  2.76976321e-02
  -1.62201356e-02  0.00000000e+00 -1.33208381e-02  0.00000000e+00
   0.00000000e+00  2.31981222e-02]
 [ 1.82642430e-01  1.58735409e-01 -1.00297534e+00  2.92762518e-01
  -1.67546332e-01  0.00000000e+00 -1.30272210e-01  0.00000000e+00
  -4.65818018e-01 -4.02686179e-01]] 
Episode: 4: [[-3.1698146e-01 -2.7333847e-01 -1.3665166e+00  1.2514530e-01
   3.0161001e-02  0.0000000e+00  1.5479999e-02  0.0000000e+00
   9.7231217e-02  1.8575874e-01]
 [-8.2260340e-02  1.3743398e-01 -3.6586165e-02  2.1083044e-02
  -5.9054047e-02  0.0000000e+00  3.8174376e-02  0.0000000e+00
   0.0000000e+00 -5.3863522e-02]
 [ 4.6734302e-03 -3.8204216e-03  1.0120172e-02  1.3923563e-02
  -7.4671749e-03  0.0000000e+00 -1.8359173e-02  0.0000000e+00
   0.0000000e+00  2.9455809e-02]
 [ 4.6840483e-01 -2.8092653e-01 -1.5108149e+00 -4.4949140e-02
   1.0413855e-01  0.0000000e+00 -1.0003364e-01  0.0000000e+00
  -1.8555079e-01 -1.2098319e-01]
 [-1.9474570e-01  1.2300510e-01 -9.9993624e-02  6.4274971e-03
  -4.7753472e-02  0.0000000e+00  4.2761400e-02  0.0000000e+00
   0.0000000e+00 -1.2765381e-01]
 [ 5.5422871e-03 -6.9505307e-03  2.2678932e-02  1.7713452e-02
  -1.9871326e-02  0.0000000e+00 -1.3142605e-02  0.0000000e+00
   0.0000000e+00  2.4163237e-02]
 [ 1.8225855e-01 -5.2008504e-01 -6.8395114e-01 -2.7109903e-01
   3.6143724e-02  0.0000000e+00 -7.4223131e-02  0.0000000e+00
   8.1661172e-02  2.4792553e-01]
 [-3.0146605e-01  5.5888325e-02 -1.4036021e-02  5.0695226e-02
  -1.7895628e-02  0.0000000e+00  2.8928770e-02  0.0000000e+00
   0.0000000e+00 -1.2569810e-01]
 [ 2.6063214e-04 -2.3461317e-03  1.9345311e-02  1.6691681e-02
  -1.5045345e-02  0.0000000e+00 -1.9034864e-02  0.0000000e+00
   0.0000000e+00  1.7027132e-02]
 [ 2.8089145e-01 -2.2006048e-01 -5.1177931e-01 -3.6249235e-01
   9.4756886e-02  0.0000000e+00 -2.3504961e-02  0.0000000e+00
  -4.4235889e-02  2.8761017e-01]
 [-3.8135988e-01 -9.4911098e-02  2.2022437e-01  1.0612765e-01
   1.6537098e-02  0.0000000e+00 -2.2233108e-02  0.0000000e+00
   0.0000000e+00 -1.6477583e-01]
 [-6.4920550e-03  5.2094954e-04  2.4341477e-02  2.7397633e-02
  -1.5920136e-02  0.0000000e+00 -1.3220100e-02  0.0000000e+00
   0.0000000e+00  2.3097385e-02]
 [ 1.8234242e-01  1.5903541e-01 -1.0030539e+00  2.9268393e-01
  -1.6724633e-01  0.0000000e+00 -1.3017148e-01  0.0000000e+00
  -4.6581802e-01 -4.0278691e-01]] 
Episode: 5: [[-3.1728145e-01 -2.7321294e-01 -1.3665183e+00  1.2517679e-01
   3.0286532e-02  0.0000000e+00  1.5481656e-02  0.0000000e+00
   9.7231217e-02  1.8590172e-01]
 [-8.2560338e-02  1.3755950e-01 -3.6587823e-02  2.1114536e-02
  -5.8928516e-02  0.0000000e+00  3.8333055e-02  0.0000000e+00
   0.0000000e+00 -5.3720545e-02]
 [ 4.3734303e-03 -3.6948910e-03  9.8201716e-03  1.3955055e-02
  -7.3416443e-03  0.0000000e+00 -1.8502152e-02  0.0000000e+00
   0.0000000e+00  2.9471599e-02]
 [ 4.6827930e-01 -2.8080100e-01 -1.5111150e+00 -4.4947483e-02
   1.0426408e-01  0.0000000e+00 -1.0004943e-01  0.0000000e+00
  -1.8555079e-01 -1.2096740e-01]
 [-1.9504571e-01  1.2298931e-01 -9.9995278e-02  6.4589889e-03
  -4.7627941e-02  0.0000000e+00  4.2763058e-02  0.0000000e+00
   0.0000000e+00 -1.2751083e-01]
 [ 5.4167565e-03 -6.8250000e-03  2.2378933e-02  1.7744943e-02
  -1.9745795e-02  0.0000000e+00 -1.3158395e-02  0.0000000e+00
   0.0000000e+00  2.4179026e-02]
 [ 1.8243136e-01 -5.1995951e-01 -6.8425113e-01 -2.7109736e-01
   3.6269255e-02  0.0000000e+00 -7.4366108e-02  0.0000000e+00
   8.1661172e-02  2.4794133e-01]
 [-3.0176604e-01  5.6047004e-02 -1.4037679e-02  5.0726715e-02
  -1.7770097e-02  0.0000000e+00  2.8930428e-02  0.0000000e+00
   0.0000000e+00 -1.2555513e-01]
 [ 1.3510147e-04 -2.2197096e-03  1.9045312e-02  1.6566150e-02
  -1.4919814e-02  0.0000000e+00 -1.9050654e-02  0.0000000e+00
   0.0000000e+00  1.7042922e-02]
 [ 2.8090724e-01 -2.1993496e-01 -5.1207930e-01 -3.6249068e-01
   9.4882414e-02  0.0000000e+00 -2.3647940e-02  0.0000000e+00
  -4.4235889e-02  2.8762597e-01]
 [-3.8165206e-01 -9.4785571e-02  2.1993288e-01  1.0615914e-01
   1.6662629e-02  0.0000000e+00 -2.2248898e-02  0.0000000e+00
   0.0000000e+00 -1.6476004e-01]
 [-6.6175857e-03  7.8616478e-04  2.4041478e-02  2.7272101e-02
  -1.5794605e-02  0.0000000e+00 -1.3235889e-02  0.0000000e+00
   0.0000000e+00  2.3113174e-02]
 [ 1.8204242e-01  1.5916094e-01 -1.0031968e+00  2.9271543e-01
  -1.6712080e-01  0.0000000e+00 -1.3001280e-01  0.0000000e+00
  -4.6581802e-01 -4.0277112e-01]] 
Episode: 6: [[-3.17581445e-01 -2.73044795e-01 -1.36644626e+00  1.25127330e-01
   3.03081498e-02  0.00000000e+00  1.55561678e-02  0.00000000e+00
   9.72312167e-02  1.85936525e-01]
 [-8.28603357e-02  1.37581125e-01 -3.65158170e-02  2.10650787e-02
  -5.89068979e-02  0.00000000e+00  3.85262445e-02  0.00000000e+00
   0.00000000e+00 -5.36857396e-02]
 [ 4.07343032e-03 -3.52675584e-03  9.52017121e-03  1.39055979e-02
  -7.17350934e-03  0.00000000e+00 -1.86834726e-02  0.00000000e+00
   0.00000000e+00  2.94102747e-02]
 [ 4.68111157e-01 -2.80632854e-01 -1.51141500e+00 -4.50194888e-02
   1.04432218e-01  0.00000000e+00 -1.00134619e-01  0.00000000e+00
  -1.85550794e-01 -1.21028729e-01]
 [-1.95345715e-01  1.22904122e-01 -9.99232754e-02  6.40953239e-03
  -4.76063229e-02  0.00000000e+00  4.28375676e-02  0.00000000e+00
   0.00000000e+00 -1.27476022e-01]
 [ 5.24862157e-03 -6.65686512e-03  2.20789332e-02  1.76954865e-02
  -1.95776597e-02  0.00000000e+00 -1.32435868e-02  0.00000000e+00
   0.00000000e+00  2.41177026e-02]
 [ 1.82488710e-01 -5.19791365e-01 -6.84551120e-01 -2.71169364e-01
   3.64373885e-02  0.00000000e+00 -7.45474324e-02  0.00000000e+00
   8.16611722e-02  2.48026520e-01]
 [-3.02066028e-01  5.62401935e-02 -1.39656737e-02  5.06772585e-02
  -1.77484788e-02  0.00000000e+00  2.90049389e-02  0.00000000e+00
   0.00000000e+00 -1.25520319e-01]
 [-3.30336152e-05 -2.05082679e-03  1.87453125e-02  1.63980145e-02
  -1.47516783e-02  0.00000000e+00 -1.91358458e-02  0.00000000e+00
   0.00000000e+00  1.69815980e-02]
 [ 2.80845910e-01 -2.19766825e-01 -5.12379289e-01 -3.62562686e-01
   9.50505510e-02  0.00000000e+00 -2.38292608e-02  0.00000000e+00
  -4.42358889e-02  2.87711173e-01]
 [-3.81947100e-01 -9.46174338e-02  2.19638318e-01  1.06109686e-01
   1.68307647e-02  0.00000000e+00 -2.23340895e-02  0.00000000e+00
   0.00000000e+00 -1.64821357e-01]
 [-6.78572059e-03  1.06204452e-03  2.37414781e-02  2.71039661e-02
  -1.56264696e-02  0.00000000e+00 -1.33210812e-02  0.00000000e+00
   0.00000000e+00  2.30518505e-02]
 [ 1.81742415e-01  1.59329072e-01 -1.00323164e+00  2.92665988e-01
  -1.66952670e-01  0.00000000e+00 -1.29819602e-01  0.00000000e+00
  -4.65818018e-01 -4.02832448e-01]] 
Episode: 7: [[-3.17753404e-01 -2.72976577e-01 -1.36632562e+00  1.25152454e-01
   3.02611291e-02  0.00000000e+00  1.56788025e-02  0.00000000e+00
   9.72312167e-02  1.85899884e-01]
 [-8.30322802e-02  1.37534097e-01 -3.65232043e-02  2.10902039e-02
  -5.89539185e-02  0.00000000e+00  3.87422293e-02  0.00000000e+00
   0.00000000e+00 -5.37223890e-02]
 [ 3.77343036e-03 -3.45853018e-03  9.22017172e-03  1.39307221e-02
  -7.10528390e-03  0.00000000e+00 -1.87620707e-02  0.00000000e+00
   0.00000000e+00  2.92980112e-02]
 [ 4.67914879e-01 -2.80564636e-01 -1.51171505e+00 -4.50121015e-02
   1.04500443e-01  0.00000000e+00 -1.00137606e-01  0.00000000e+00
  -1.85550794e-01 -1.21140994e-01]
 [-1.95517659e-01  1.22773089e-01 -9.98026133e-02  6.43465668e-03
  -4.76533435e-02  0.00000000e+00  4.29602042e-02  0.00000000e+00
   0.00000000e+00 -1.27512664e-01]
 [ 5.05234394e-03 -6.58863969e-03  2.17789337e-02  1.77206118e-02
  -1.95094347e-02  0.00000000e+00 -1.32465707e-02  0.00000000e+00
   0.00000000e+00  2.40054391e-02]
 [ 1.82469800e-01 -5.19595087e-01 -6.84851110e-01 -2.71161973e-01
   3.66336666e-02  0.00000000e+00 -7.46260285e-02  0.00000000e+00
   8.16611722e-02  2.48029500e-01]
 [-3.02237988e-01  5.63281253e-02 -1.38450097e-02  5.07023819e-02
  -1.77954994e-02  0.00000000e+00  2.91275736e-02  0.00000000e+00
   0.00000000e+00 -1.25556961e-01]
 [-2.29311321e-04 -1.98212638e-03  1.84453130e-02  1.63297895e-02
  -1.46834524e-02  0.00000000e+00 -1.91388298e-02  0.00000000e+00
   0.00000000e+00  1.68693345e-02]
 [ 2.80733645e-01 -2.19570547e-01 -5.12679279e-01 -3.62555295e-01
   9.52468291e-02  0.00000000e+00 -2.39078589e-02  0.00000000e+00
  -4.42358889e-02  2.87714154e-01]
 [-3.82243991e-01 -9.45492089e-02  2.19341770e-01  1.06134810e-01
   1.68989897e-02  0.00000000e+00 -2.23370735e-02  0.00000000e+00
   0.00000000e+00 -1.64933622e-01]
 [-6.98199822e-03  1.20506203e-03  2.34414786e-02  2.70357411e-02
  -1.55582437e-02  0.00000000e+00 -1.33240651e-02  0.00000000e+00
   0.00000000e+00  2.29395870e-02]
 [ 1.81570470e-01  1.59397304e-01 -1.00332308e+00  2.92691112e-01
  -1.66884437e-01  0.00000000e+00 -1.29603609e-01  0.00000000e+00
  -4.65818018e-01 -4.02944714e-01]] 
Episode: 8: [[-3.17949891e-01 -2.72978932e-01 -1.36628556e+00  1.25115260e-01
   3.02806254e-02  0.00000000e+00  1.57204270e-02  0.00000000e+00
   9.72312167e-02  1.85812756e-01]
 [-8.32287744e-02  1.37438580e-01 -3.64716724e-02  2.10530087e-02
  -5.89344241e-02  0.00000000e+00  3.88593115e-02  0.00000000e+00
   0.00000000e+00 -5.36945090e-02]
 [ 3.47343041e-03 -3.46088596e-03  9.03517939e-03  1.38935270e-02
  -6.99263206e-03  0.00000000e+00 -1.88831072e-02  0.00000000e+00
   0.00000000e+00  2.92647704e-02]
 [ 4.67698723e-01 -2.80451983e-01 -1.51201510e+00 -4.50636335e-02
   1.04613096e-01  0.00000000e+00 -1.00197524e-01  0.00000000e+00
  -1.85550794e-01 -1.21174231e-01]
 [-1.95714146e-01  1.22609667e-01 -9.97625813e-02  6.39746152e-03
  -4.76338491e-02  0.00000000e+00  4.30018269e-02  0.00000000e+00
   0.00000000e+00 -1.27599791e-01]
 [ 4.83618490e-03 -6.47598784e-03  2.14789342e-02  1.76834166e-02
  -1.93967819e-02  0.00000000e+00 -1.33064874e-02  0.00000000e+00
   0.00000000e+00  2.39721984e-02]
 [ 1.82512015e-01 -5.19378901e-01 -6.85036123e-01 -2.71213502e-01
   3.68498266e-02  0.00000000e+00 -7.47470632e-02  0.00000000e+00
   8.16611722e-02  2.48089418e-01]
 [-3.02434474e-01  5.63417003e-02 -1.38049787e-02  5.06651849e-02
  -1.77760031e-02  0.00000000e+00  2.91691981e-02  0.00000000e+00
   0.00000000e+00 -1.25644088e-01]
 [-4.45470505e-04 -1.86903891e-03  1.81453135e-02  1.62171368e-02
  -1.45708006e-02  0.00000000e+00 -1.91987455e-02  0.00000000e+00
   0.00000000e+00  1.68360937e-02]
 [ 2.80700415e-01 -2.19354391e-01 -5.12864292e-01 -3.62606823e-01
   9.54629853e-02  0.00000000e+00 -2.40288954e-02  0.00000000e+00
  -4.42358889e-02  2.87774056e-01]
 [-3.82542163e-01 -9.45515633e-02  2.19163865e-01  1.06097616e-01
   1.70116425e-02  0.00000000e+00 -2.23969892e-02  0.00000000e+00
   0.00000000e+00 -1.64966866e-01]
 [-7.19815725e-03  1.38100679e-03  2.31414791e-02  2.69230884e-02
  -1.54455919e-02  0.00000000e+00 -1.33839818e-02  0.00000000e+00
   0.00000000e+00  2.27913391e-02]
 [ 1.81373984e-01  1.59509957e-01 -1.00345445e+00  2.92653918e-01
  -1.66771784e-01  0.00000000e+00 -1.29486531e-01  0.00000000e+00
  -4.65818018e-01 -4.02977943e-01]] 
Episode: 9: [[-3.18164557e-01 -2.73033559e-01 -1.36630523e+00  1.25031918e-01
   3.02440226e-02  0.00000000e+00  1.58074182e-02  0.00000000e+00
   9.72312167e-02  1.85793608e-01]
 [-8.34434405e-02  1.37307167e-01 -3.64818648e-02  2.09696703e-02
  -5.89710250e-02  0.00000000e+00  3.90085094e-02  0.00000000e+00
   0.00000000e+00 -5.36188483e-02]
 [ 3.17343045e-03 -3.51550290e-03  8.93534347e-03  1.39155369e-02
  -6.95243431e-03  0.00000000e+00 -1.89302173e-02  0.00000000e+00
   0.00000000e+00  2.91846916e-02]
 [ 4.67467844e-01 -2.80411780e-01 -1.51220977e+00 -4.50534411e-02
   1.04653291e-01  0.00000000e+00 -1.00299597e-01  0.00000000e+00
  -1.85550794e-01 -1.21254310e-01]
 [-1.95928812e-01  1.22422263e-01 -9.97822508e-02  6.31412212e-03
  -4.76704501e-02  0.00000000e+00  4.30888161e-02  0.00000000e+00
   0.00000000e+00 -1.27618939e-01]
 [ 4.60530492e-03 -6.43579010e-03  2.12842841e-02  1.77054275e-02
  -1.93565842e-02  0.00000000e+00 -1.34085584e-02  0.00000000e+00
   0.00000000e+00  2.38921195e-02]
 [ 1.82599500e-01 -5.19253373e-01 -6.85135961e-01 -2.71203309e-01
   3.69753577e-02  0.00000000e+00 -7.48995245e-02  0.00000000e+00
   8.16611722e-02  2.48086140e-01]
 [-3.02649140e-01  5.63002154e-02 -1.38246510e-02  5.05818464e-02
  -1.78126059e-02  0.00000000e+00  2.92561892e-02  0.00000000e+00
   0.00000000e+00 -1.25663236e-01]
 [-6.76350668e-04 -1.82854419e-03  1.79506633e-02  1.61769390e-02
  -1.45306028e-02  0.00000000e+00 -1.93008166e-02  0.00000000e+00
   0.00000000e+00  1.67560149e-02]
 [ 2.80620337e-01 -2.19228864e-01 -5.12964129e-01 -3.62596631e-01
   9.55885127e-02  0.00000000e+00 -2.41813548e-02  0.00000000e+00
  -4.42358889e-02  2.87770778e-01]
 [-3.82841259e-01 -9.46061835e-02  2.19072685e-01  1.06119625e-01
   1.70518402e-02  0.00000000e+00 -2.23937109e-02  0.00000000e+00
   0.00000000e+00 -1.65046945e-01]
 [-7.42903724e-03  1.46851537e-03  2.29468290e-02  2.68828906e-02
  -1.54053941e-02  0.00000000e+00 -1.34860529e-02  0.00000000e+00
   0.00000000e+00  2.26164460e-02]
 [ 1.81159317e-01  1.59550160e-01 -1.00361550e+00  2.92570591e-01
  -1.66731581e-01  0.00000000e+00 -1.29337326e-01  0.00000000e+00
  -4.65818018e-01 -4.03058022e-01]] 
Episode: 10: [[-3.18295211e-01 -2.73030281e-01 -1.36637068e+00  1.25011161e-01
   3.01644225e-02  0.00000000e+00  1.59291811e-02  0.00000000e+00
   9.72312167e-02  1.85728610e-01]
 [-8.35740939e-02  1.37148231e-01 -3.65393646e-02  2.09489092e-02
  -5.90506271e-02  0.00000000e+00  3.91823240e-02  0.00000000e+00
   0.00000000e+00 -5.35065681e-02]
 [ 2.97137699e-03 -3.51223070e-03  8.90077837e-03  1.39829274e-02
  -6.96777180e-03  0.00000000e+00 -1.89206637e-02  0.00000000e+00
   0.00000000e+00  2.90687121e-02]
 [ 4.67323631e-01 -2.80329168e-01 -1.51232362e+00 -4.49959412e-02
   1.04637951e-01  0.00000000e+00 -1.00336030e-01  0.00000000e+00
  -1.85550794e-01 -1.21370286e-01]
 [-1.96059465e-01  1.22216478e-01 -9.98476818e-02  6.29336061e-03
  -4.77500521e-02  0.00000000e+00  4.32105809e-02  0.00000000e+00
   0.00000000e+00 -1.27585992e-01]
 [ 4.46108775e-03 -6.35318132e-03  2.11703815e-02  1.77728180e-02
  -1.93719212e-02  0.00000000e+00 -1.34449936e-02  0.00000000e+00
   0.00000000e+00  2.37761401e-02]
 [ 1.82721674e-01 -5.19099355e-01 -6.85170531e-01 -2.71145821e-01
   3.70314233e-02  0.00000000e+00 -7.49781206e-02  0.00000000e+00
   8.16611722e-02  2.48034418e-01]
 [-3.02779794e-01  5.62165305e-02 -1.38900848e-02  5.05610853e-02
  -1.78922061e-02  0.00000000e+00  2.93779522e-02  0.00000000e+00
   0.00000000e+00 -1.25728235e-01]
 [-8.20567773e-04 -1.74564961e-03  1.78367607e-02  1.61922760e-02
  -1.45459408e-02  0.00000000e+00 -1.93372518e-02  0.00000000e+00
   0.00000000e+00  1.66400354e-02]
 [ 2.80602306e-01 -2.19074845e-01 -5.12998700e-01 -3.62539142e-01
   9.56445783e-02  0.00000000e+00 -2.42599528e-02  0.00000000e+00
  -4.42358889e-02  2.87719071e-01]
 [-3.83039951e-01 -9.46029127e-02  2.19047323e-01  1.06187016e-01
   1.70365032e-02  0.00000000e+00 -2.23419946e-02  0.00000000e+00
   0.00000000e+00 -1.65162921e-01]
 [-7.57325441e-03  1.59298582e-03  2.28329264e-02  2.68982276e-02
  -1.54207321e-02  0.00000000e+00 -1.35224881e-02  0.00000000e+00
   0.00000000e+00  2.24211290e-02]
 [ 1.81028664e-01  1.59632772e-01 -1.00377500e+00  2.92549819e-01
  -1.66746914e-01  0.00000000e+00 -1.29163504e-01  0.00000000e+00
  -4.65818018e-01 -4.03174013e-01]] 
Episode: 11: [[-3.18359733e-01 -2.73073584e-01 -1.36647213e+00  1.24947526e-01
   3.00509837e-02  0.00000000e+00  1.60783101e-02  0.00000000e+00
   9.72312167e-02  1.85719654e-01]
 [-8.36386234e-02  1.36967629e-01 -3.66340987e-02  2.08852757e-02
  -5.91640659e-02  0.00000000e+00  3.93755138e-02  0.00000000e+00
   0.00000000e+00 -5.33654653e-02]
 [ 2.84640584e-03 -3.46340076e-03  8.82546045e-03  1.40860314e-02
  -7.02681486e-03  0.00000000e+00 -1.88665166e-02  0.00000000e+00
   0.00000000e+00  2.90165991e-02]
 [ 4.67247605e-01 -2.80213177e-01 -1.51246607e+00 -4.49012071e-02
   1.04671031e-01  0.00000000e+00 -1.00320809e-01  0.00000000e+00
  -1.85550794e-01 -1.21422395e-01]
 [-1.96124002e-01  1.21996231e-01 -9.99491289e-02  6.22972660e-03
  -4.78634909e-02  0.00000000e+00  4.33597080e-02  0.00000000e+00
   0.00000000e+00 -1.27512053e-01]
 [ 4.38507320e-03 -6.23719580e-03  2.10279077e-02  1.78759210e-02
  -1.93388443e-02  0.00000000e+00 -1.34297749e-02  0.00000000e+00
   0.00000000e+00  2.37240270e-02]
 [ 1.82779029e-01 -5.18922925e-01 -6.85245872e-01 -2.71051079e-01
   3.71249393e-02  0.00000000e+00 -7.50907138e-02  0.00000000e+00
   8.16611722e-02  2.47944579e-01]
 [-3.02844316e-01  5.60996346e-02 -1.39915328e-02  5.04974499e-02
  -1.80056449e-02  0.00000000e+00  2.95270812e-02  0.00000000e+00
   0.00000000e+00 -1.25737190e-01]
 [-8.96582438e-04 -1.62939343e-03  1.76942870e-02  1.62513182e-02
  -1.45128630e-02  0.00000000e+00 -1.93220321e-02  0.00000000e+00
   0.00000000e+00  1.65879223e-02]
 [ 2.80540973e-01 -2.18898416e-01 -5.13074040e-01 -3.62444401e-01
   9.57380980e-02  0.00000000e+00 -2.43725441e-02  0.00000000e+00
  -4.42358889e-02  2.87721366e-01]
 [-3.83160233e-01 -9.45540816e-02  2.18978494e-01  1.06290117e-01
   1.69774611e-02  0.00000000e+00 -2.22521573e-02  0.00000000e+00
   0.00000000e+00 -1.65215030e-01]
 [-7.64926895e-03  1.74614997e-03  2.26904526e-02  2.69572698e-02
  -1.53876543e-02  0.00000000e+00 -1.35072693e-02  0.00000000e+00
   0.00000000e+00  2.23018602e-02]
 [ 1.80964127e-01  1.59656644e-01 -1.00395751e+00  2.92486191e-01
  -1.66805953e-01  0.00000000e+00 -1.28970310e-01  0.00000000e+00
  -4.65818018e-01 -4.03318256e-01]] 
Episode: 12: [[-3.18371147e-01 -2.73066849e-01 -1.36651504e+00  1.24936886e-01
   2.99103558e-02  0.00000000e+00  1.62494257e-02  0.00000000e+00
   9.72312167e-02  1.85755715e-01]
 [-8.36500302e-02  1.36857077e-01 -3.66713069e-02  2.08746344e-02
  -5.93046919e-02  0.00000000e+00  3.94968279e-02  0.00000000e+00
   0.00000000e+00 -5.32012060e-02]
 [ 2.78336671e-03 -3.37796728e-03  8.80483817e-03  1.42178293e-02
  -7.12097296e-03  0.00000000e+00 -1.88639797e-02  0.00000000e+00
   0.00000000e+00  2.90158000e-02]
 [ 4.67226386e-01 -2.80070364e-01 -1.51254404e+00 -4.47765589e-02
   1.04743011e-01  0.00000000e+00 -1.00351527e-01  0.00000000e+00
  -1.85550794e-01 -1.21423192e-01]
 [-1.96135417e-01  1.21851802e-01 -9.99920741e-02  6.21908577e-03
  -4.80041169e-02  0.00000000e+00  4.35308218e-02  0.00000000e+00
   0.00000000e+00 -1.27405167e-01]
 [ 4.36385581e-03 -6.09439332e-03  2.09499169e-02  1.80077199e-02
  -1.92668680e-02  0.00000000e+00 -1.34604936e-02  0.00000000e+00
   0.00000000e+00  2.37232279e-02]
 [ 1.82784304e-01 -5.18728495e-01 -6.85266495e-01 -2.70926446e-01
   3.72485481e-02  0.00000000e+00 -7.52306134e-02  0.00000000e+00
   8.16611722e-02  2.47911558e-01]
 [-3.02855730e-01  5.60434945e-02 -1.40344771e-02  5.04868105e-02
  -1.81462727e-02  0.00000000e+00  2.96981968e-02  0.00000000e+00
   0.00000000e+00 -1.25701129e-01]
 [-9.17799596e-04 -1.48633693e-03  1.76162962e-02  1.63454767e-02
  -1.44408867e-02  0.00000000e+00 -1.93527509e-02  0.00000000e+00
   0.00000000e+00  1.65871233e-02]
 [ 2.80532300e-01 -2.18703985e-01 -5.13094664e-01 -3.62319767e-01
   9.58617032e-02  0.00000000e+00 -2.45124456e-02  0.00000000e+00
  -4.42358889e-02  2.87767023e-01]
 [-3.83217871e-01 -9.44686458e-02  2.18964756e-01  1.06421918e-01
   1.68833025e-02  0.00000000e+00 -2.22191326e-02  0.00000000e+00
   0.00000000e+00 -1.65215835e-01]
 [-7.67048635e-03  1.92211336e-03  2.26124618e-02  2.70514283e-02
  -1.53156780e-02  0.00000000e+00 -1.35379881e-02  0.00000000e+00
   0.00000000e+00  2.22436935e-02]
 [ 1.80952713e-01  1.59720749e-01 -1.00406718e+00  2.92475551e-01
  -1.66900113e-01  0.00000000e+00 -1.28849000e-01  0.00000000e+00
  -4.65818018e-01 -4.03397739e-01]] 
Episode: 13: [[-3.18422765e-01 -2.73102850e-01 -1.36651015e+00  1.24885924e-01
   2.97475178e-02  0.00000000e+00  1.64385028e-02  0.00000000e+00
   9.72312167e-02  1.85828567e-01]
 [-8.37016553e-02  1.36720121e-01 -3.66615206e-02  2.08236687e-02
  -5.94675280e-02  0.00000000e+00  3.96430455e-02  0.00000000e+00
   0.00000000e+00 -5.30180298e-02]
 [ 2.68730498e-03 -3.34624737e-03  8.82889703e-03  1.42894527e-02
  -7.24381721e-03  0.00000000e+00 -1.88199896e-02  0.00000000e+00
   0.00000000e+00  2.90569216e-02]
 [ 4.67166305e-01 -2.79989272e-01 -1.51256931e+00 -4.47110906e-02
   1.04763150e-01  0.00000000e+00 -1.00336157e-01  0.00000000e+00
  -1.85550794e-01 -1.21465690e-01]
 [-1.96187049e-01  1.21685691e-01 -9.99872237e-02  6.16812008e-03
  -4.81669530e-02  0.00000000e+00  4.37198989e-02  0.00000000e+00
   0.00000000e+00 -1.27271369e-01]
 [ 4.30378783e-03 -6.01329934e-03  2.09246017e-02  1.80793423e-02
  -1.92467291e-02  0.00000000e+00 -1.34451231e-02  0.00000000e+00
   0.00000000e+00  2.37643495e-02]
 [ 1.82747036e-01 -5.18602967e-01 -6.85242414e-01 -2.70860970e-01
   3.73967402e-02  0.00000000e+00 -7.53092095e-02  0.00000000e+00
   8.16611722e-02  2.47841328e-01]
 [-3.02907348e-01  5.59533685e-02 -1.40296286e-02  5.04358448e-02
  -1.83091108e-02  0.00000000e+00  2.98872739e-02  0.00000000e+00
   0.00000000e+00 -1.25628278e-01]
 [-9.77867749e-04 -1.40505738e-03  1.75909810e-02  1.63847059e-02
  -1.44207487e-02  0.00000000e+00 -1.93373803e-02  0.00000000e+00
   0.00000000e+00  1.66282449e-02]
 [ 2.80483037e-01 -2.18578458e-01 -5.13070583e-01 -3.62254292e-01
   9.59262773e-02  0.00000000e+00 -2.45910436e-02  0.00000000e+00
  -4.42358889e-02  2.87764519e-01]
 [-3.83310139e-01 -9.44369286e-02  2.18995795e-01  1.06577158e-01
   1.67604592e-02  0.00000000e+00 -2.21489016e-02  0.00000000e+00
   0.00000000e+00 -1.65258333e-01]
 [-7.73055432e-03  2.02938449e-03  2.25871466e-02  2.70906575e-02
  -1.52955400e-02  0.00000000e+00 -1.35226175e-02  0.00000000e+00
   0.00000000e+00  2.22354401e-02]
 [ 1.80901080e-01  1.59734115e-01 -1.00411773e+00  2.92424589e-01
  -1.67022958e-01  0.00000000e+00 -1.28702790e-01  0.00000000e+00
  -4.65818018e-01 -4.03507948e-01]] 
Episode: 14: [[-3.18427235e-01 -2.73093820e-01 -1.36646569e+00  1.24882020e-01
   2.95662899e-02  0.00000000e+00  1.66424531e-02  0.00000000e+00
   9.72312167e-02  1.85851425e-01]
 [-8.37061331e-02  1.36641756e-01 -3.66128236e-02  2.08197609e-02
  -5.96487559e-02  0.00000000e+00  3.98098826e-02  0.00000000e+00
   0.00000000e+00 -5.28996401e-02]
 [ 2.56389868e-03 -3.35900509e-03  8.88995454e-03  1.43916970e-02
  -7.39041483e-03  0.00000000e+00 -1.87416729e-02  0.00000000e+00
   0.00000000e+00  2.90523041e-02]
 [ 4.67074066e-01 -2.79959261e-01 -1.51255095e+00 -4.46141772e-02
   1.04740366e-01  0.00000000e+00 -1.00282624e-01  0.00000000e+00
  -1.85550794e-01 -1.21542715e-01]
 [-1.96191534e-01  1.21582076e-01 -9.99428034e-02  6.16421271e-03
  -4.83481809e-02  0.00000000e+00  4.39238474e-02  0.00000000e+00
   0.00000000e+00 -1.27195731e-01]
 [ 4.21154918e-03 -5.98330330e-03  2.09429059e-02  1.81815866e-02
  -1.92695148e-02  0.00000000e+00 -1.33915888e-02  0.00000000e+00
   0.00000000e+00  2.37597320e-02]
 [ 1.82674542e-01 -5.18534482e-01 -6.85181379e-01 -2.70764053e-01
   3.74848358e-02  0.00000000e+00 -7.53370449e-02  0.00000000e+00
   8.16611722e-02  2.47740284e-01]
 [-3.02911818e-01  5.59155531e-02 -1.39852054e-02  5.04319370e-02
  -1.84903387e-02  0.00000000e+00  3.00912242e-02  0.00000000e+00
   0.00000000e+00 -1.25605419e-01]
 [-1.07010640e-03 -1.37492688e-03  1.76092852e-02  1.64588988e-02
  -1.44435354e-02  0.00000000e+00 -1.92838460e-02  0.00000000e+00
   0.00000000e+00  1.66236274e-02]
 [ 2.80400157e-01 -2.18509987e-01 -5.13009548e-01 -3.62157375e-01
   9.59419683e-02  0.00000000e+00 -2.46188790e-02  0.00000000e+00
  -4.42358889e-02  2.87722141e-01]
 [-3.83430988e-01 -9.44496840e-02  2.19063759e-01  1.06751807e-01
   1.66138615e-02  0.00000000e+00 -2.20478643e-02  0.00000000e+00
   0.00000000e+00 -1.65335357e-01]
 [-7.82279298e-03  2.08018138e-03  2.26054508e-02  2.71648504e-02
  -1.53183267e-02  0.00000000e+00 -1.34690832e-02  0.00000000e+00
   0.00000000e+00  2.21880693e-02]
 [ 1.80896595e-01  1.59705460e-01 -1.00411975e+00  2.92420685e-01
  -1.67169556e-01  0.00000000e+00 -1.28535956e-01  0.00000000e+00
  -4.65818018e-01 -4.03643608e-01]] 
Episode: 15: [[-3.18470031e-01 -2.73047060e-01 -1.36646593e+00  1.24917515e-01
   2.94474587e-02  0.00000000e+00  1.67810600e-02  0.00000000e+00
   9.72312167e-02  1.85832411e-01]
 [-8.37489292e-02  1.36534646e-01 -3.66093367e-02  2.08552592e-02
  -5.97675852e-02  0.00000000e+00  3.99161875e-02  0.00000000e+00
   0.00000000e+00 -5.28354980e-02]
 [ 2.41759489e-03 -3.33120977e-03  8.98199435e-03  1.45195825e-02
  -7.47910514e-03  0.00000000e+00 -1.86346117e-02  0.00000000e+00
   0.00000000e+00  2.90093869e-02]
 [ 4.66954887e-01 -2.79894263e-01 -1.51249611e+00 -4.44909297e-02
   1.04759432e-01  0.00000000e+00 -1.00274928e-01  0.00000000e+00
  -1.85550794e-01 -1.21648647e-01]
 [-1.96234331e-01  1.21530794e-01 -9.99430418e-02  6.19971054e-03
  -4.84670103e-02  0.00000000e+00  4.40624543e-02  0.00000000e+00
   0.00000000e+00 -1.27168804e-01]
 [ 4.09237156e-03 -5.91829745e-03  2.09977347e-02  1.83094721e-02
  -1.92504488e-02  0.00000000e+00 -1.33838952e-02  0.00000000e+00
   0.00000000e+00  2.37168148e-02]
 [ 1.82572544e-01 -5.18436015e-01 -6.85089350e-01 -2.70718604e-01
   3.76004092e-02  0.00000000e+00 -7.53223747e-02  0.00000000e+00
   8.16611722e-02  2.47613445e-01]
 [-3.02954614e-01  5.59215397e-02 -1.39854411e-02  5.04674353e-02
  -1.86091699e-02  0.00000000e+00  3.02298311e-02  0.00000000e+00
   0.00000000e+00 -1.25624433e-01]
 [-1.18928391e-03 -1.30978483e-03  1.76641140e-02  1.65623706e-02
  -1.44244684e-02  0.00000000e+00 -1.92761514e-02  0.00000000e+00
   0.00000000e+00  1.65807102e-02]
 [ 2.80289114e-01 -2.18411490e-01 -5.12917519e-01 -3.62111926e-01
   9.59945247e-02  0.00000000e+00 -2.46042050e-02  0.00000000e+00
  -4.42358889e-02  2.87646353e-01]
 [-3.83575678e-01 -9.44218859e-02  2.19162539e-01  1.06942706e-01
   1.65251717e-02  0.00000000e+00 -2.19988264e-02  0.00000000e+00
   0.00000000e+00 -1.65441290e-01]
 [-7.94197060e-03  2.16455827e-03  2.26602796e-02  2.72683222e-02
  -1.52992597e-02  0.00000000e+00 -1.34613896e-02  0.00000000e+00
   0.00000000e+00  2.21079420e-02]
 [ 1.80853799e-01  1.59719422e-01 -1.00408125e+00  2.92456180e-01
  -1.67258248e-01  0.00000000e+00 -1.28429651e-01  0.00000000e+00
  -4.65818018e-01 -4.03800577e-01]] 
Episode: 16: [[-3.1846967e-01 -2.7304396e-01 -1.3664284e+00  1.2498632e-01
   2.9305814e-02  0.0000000e+00  1.6939990e-02  0.0000000e+00
   9.7231217e-02  1.8585357e-01]
 [-8.3748557e-02  1.3640325e-01 -3.6568511e-02  2.0924065e-02
  -5.9909232e-02  0.0000000e+00  4.0046886e-02  0.0000000e+00
   0.0000000e+00 -5.2741654e-02]
 [ 2.3274929e-03 -3.3446928e-03  9.0246657e-03  1.4669142e-02
  -7.5944052e-03  0.0000000e+00 -1.8503254e-02  0.0000000e+00
   0.0000000e+00  2.9009651e-02]
 [ 4.6688849e-01 -2.7987522e-01 -1.5124860e+00 -4.4345424e-02
   1.0473832e-01  0.0000000e+00 -1.0030598e-01  0.0000000e+00
  -1.8555079e-01 -1.2170346e-01]
 [-1.9623396e-01  1.2144819e-01 -9.9905469e-02  6.2685166e-03
  -4.8608657e-02  0.0000000e+00  4.4221383e-02  0.0000000e+00
   0.0000000e+00 -1.2710749e-01]
 [ 4.0259799e-03 -5.8992561e-03  2.1007881e-02  1.8459031e-02
  -1.9271562e-02  0.0000000e+00 -1.3339392e-02  0.0000000e+00
   0.0000000e+00  2.3717079e-02]
 [ 1.8244562e-01 -5.1838768e-01 -6.8504667e-01 -2.7064109e-01
   3.7663650e-02  0.0000000e+00 -7.5347327e-02  0.0000000e+00
   8.1661172e-02  2.4754035e-01]
 [-3.0295426e-01  5.5888992e-02 -1.3947869e-02  5.0536241e-02
  -1.8750815e-02  0.0000000e+00  3.0388761e-02  0.0000000e+00
   0.0000000e+00 -1.2560327e-01]
 [-1.2556755e-03 -1.2906449e-03  1.7674260e-02  1.6690591e-02
  -1.4445581e-02  0.0000000e+00 -1.9307205e-02  0.0000000e+00
   0.0000000e+00  1.6580975e-02]
 [ 2.8022984e-01 -2.1836318e-01 -5.1287484e-01 -3.6203441e-01
   9.6002683e-02  0.0000000e+00 -2.4629157e-02  0.0000000e+00
  -4.4235889e-02  2.8761789e-01]
 [-3.8366351e-01 -9.4435371e-02  2.1928728e-01  1.0714734e-01
   1.6409872e-02  0.0000000e+00 -2.1918185e-02  0.0000000e+00
   0.0000000e+00 -1.6549611e-01]
 [-8.0083618e-03  2.1990945e-03  2.2670425e-02  2.7396543e-02
  -1.5320372e-02  0.0000000e+00 -1.3492443e-02  0.0000000e+00
   0.0000000e+00  2.2075683e-02]
 [ 1.8085417e-01  1.5969385e-01 -1.0040088e+00  2.9252499e-01
  -1.6737355e-01  0.0000000e+00 -1.2829895e-01  0.0000000e+00
  -4.6581802e-01 -4.0397558e-01]] 
Episode: 17: [[-3.18432510e-01 -2.73078054e-01 -1.36635864e+00  1.25009865e-01
   2.91447323e-02  0.00000000e+00  1.70425884e-02  0.00000000e+00
   9.72312167e-02  1.85908958e-01]
 [-8.37114081e-02  1.36251152e-01 -3.64958756e-02  2.09476016e-02
  -6.00703135e-02  0.00000000e+00  4.01247181e-02  0.00000000e+00
   0.00000000e+00 -5.26225083e-02]
 [ 2.28527398e-03 -3.39334435e-03  9.09892283e-03  1.47635201e-02
  -7.73237646e-03  0.00000000e+00 -1.84248444e-02  0.00000000e+00
   0.00000000e+00  2.90467069e-02]
 [ 4.66867059e-01 -2.79895335e-01 -1.51251388e+00 -4.42546010e-02
   1.04756624e-01  0.00000000e+00 -1.00370049e-01  0.00000000e+00
  -1.85550794e-01 -1.21714726e-01]
 [-1.96196809e-01  1.21338904e-01 -9.98356864e-02  6.29205350e-03
  -4.87697385e-02  0.00000000e+00  4.43239808e-02  0.00000000e+00
   0.00000000e+00 -1.27016872e-01]
 [ 4.00456088e-03 -5.91937546e-03  2.10536048e-02  1.85534097e-02
  -1.93269067e-02  0.00000000e+00 -1.33371744e-02  0.00000000e+00
   0.00000000e+00  2.37541348e-02]
 [ 1.82371095e-01 -5.18308461e-01 -6.85046077e-01 -2.70609915e-01
   3.77559513e-02  0.00000000e+00 -7.54060373e-02  0.00000000e+00
   8.16611722e-02  2.47513071e-01]
 [-3.02917093e-01  5.58236167e-02 -1.38780847e-02  5.05597778e-02
  -1.89118963e-02  0.00000000e+00  3.04913595e-02  0.00000000e+00
   0.00000000e+00 -1.25547886e-01]
 [-1.27709436e-03 -1.31069543e-03  1.76463369e-02  1.67662501e-02
  -1.44272782e-02  0.00000000e+00 -1.93712711e-02  0.00000000e+00
   0.00000000e+00  1.66180301e-02]
 [ 2.80214667e-01 -2.18357623e-01 -5.12874246e-01 -3.62003237e-01
   9.60466638e-02  0.00000000e+00 -2.46878713e-02  0.00000000e+00
  -4.42358889e-02  2.87629753e-01]
 [-3.83702993e-01 -9.44840237e-02  2.19434053e-01  1.07290044e-01
   1.62719004e-02  0.00000000e+00 -2.18842663e-02  0.00000000e+00
   0.00000000e+00 -1.65507376e-01]
 [-8.02978035e-03  2.19135918e-03  2.26425026e-02  2.74722017e-02
  -1.53020695e-02  0.00000000e+00 -1.35565074e-02  0.00000000e+00
   0.00000000e+00  2.20842063e-02]
 [ 1.80891320e-01  1.59634590e-01 -1.00390744e+00  2.92548537e-01
  -1.67511523e-01  0.00000000e+00 -1.28221124e-01  0.00000000e+00
  -4.65818018e-01 -4.04092252e-01]] 
Episode: 18: [[-3.18363816e-01 -2.73144066e-01 -1.36633325e+00  1.25066578e-01
   2.90389862e-02  0.00000000e+00  1.71688776e-02  0.00000000e+00
   9.72312167e-02  1.85921699e-01]
 [-8.36427137e-02  1.36081308e-01 -3.64679620e-02  2.10043192e-02
  -6.01760596e-02  0.00000000e+00  4.02292125e-02  0.00000000e+00
   0.00000000e+00 -5.25536649e-02]
 [ 2.28412636e-03 -3.40015255e-03  9.12826322e-03  1.48825767e-02
  -7.81778432e-03  0.00000000e+00 -1.83198396e-02  0.00000000e+00
   0.00000000e+00  2.90433113e-02]
 [ 4.66884226e-01 -2.79877037e-01 -1.51257443e+00 -4.41386737e-02
   1.04808733e-01  0.00000000e+00 -1.00390419e-01  0.00000000e+00
  -1.85550794e-01 -1.21760644e-01]
 [-1.96128115e-01  1.21206731e-01 -9.98102799e-02  6.34877011e-03
  -4.88754846e-02  0.00000000e+00  4.44502719e-02  0.00000000e+00
   0.00000000e+00 -1.26973137e-01]
 [ 4.02171724e-03 -5.90107543e-03  2.10578367e-02  1.86724663e-02
  -1.93396043e-02  0.00000000e+00 -1.32992193e-02  0.00000000e+00
   0.00000000e+00  2.37507392e-02]
 [ 1.82341516e-01 -5.18202782e-01 -6.85081542e-01 -2.70546496e-01
   3.78011689e-02  0.00000000e+00 -7.54216984e-02  0.00000000e+00
   8.16611722e-02  2.47453049e-01]
 [-3.02848399e-01  5.57300821e-02 -1.38526810e-02  5.06164953e-02
  -1.90176424e-02  0.00000000e+00  3.06176487e-02  0.00000000e+00
   0.00000000e+00 -1.25535145e-01]
 [-1.25993812e-03 -1.29231880e-03  1.75857618e-02  1.68688335e-02
  -1.43751679e-02  0.00000000e+00 -1.93916429e-02  0.00000000e+00
   0.00000000e+00  1.66146345e-02]
 [ 2.80237317e-01 -2.18316719e-01 -5.12909710e-01 -3.61939818e-01
   9.61213708e-02  0.00000000e+00 -2.47035343e-02  0.00000000e+00
  -4.42358889e-02  2.87604183e-01]
 [-3.83701116e-01 -9.44908336e-02  2.19526455e-01  1.07451618e-01
   1.61864925e-02  0.00000000e+00 -2.18184125e-02  0.00000000e+00
   0.00000000e+00 -1.65553287e-01]
 [-8.01262446e-03  2.22161948e-03  2.25819275e-02  2.75747851e-02
  -1.52499592e-02  0.00000000e+00 -1.35768792e-02  0.00000000e+00
   0.00000000e+00  2.20557023e-02]
 [ 1.80960014e-01  1.59546435e-01 -1.00385535e+00  2.92605251e-01
  -1.67596936e-01  0.00000000e+00 -1.28116623e-01  0.00000000e+00
  -4.65818018e-01 -4.04230952e-01]] 
Episode: 19: [[-3.18267912e-01 -2.73237616e-01 -1.36634612e+00  1.25151917e-01
   2.89103854e-02  0.00000000e+00  1.73156057e-02  0.00000000e+00
   9.72312167e-02  1.85897633e-01]
 [-8.35468024e-02  1.35896146e-01 -3.64786312e-02  2.10896600e-02
  -6.03046604e-02  0.00000000e+00  4.03567106e-02  0.00000000e+00
   0.00000000e+00 -5.25282212e-02]
 [ 2.31841183e-03 -3.44145764e-03  9.11885314e-03  1.49865318e-02
  -7.92844128e-03  0.00000000e+00 -1.81918927e-02  0.00000000e+00
   0.00000000e+00  2.90050171e-02]
 [ 4.66934651e-01 -2.79896200e-01 -1.51264668e+00 -4.40716855e-02
   1.04819417e-01  0.00000000e+00 -1.00373097e-01  0.00000000e+00
  -1.85550794e-01 -1.21836454e-01]
 [-1.96032211e-01  1.21054806e-01 -9.98231620e-02  6.43411139e-03
  -4.89676148e-02  0.00000000e+00  4.45969999e-02  0.00000000e+00
   0.00000000e+00 -1.26969844e-01]
 [ 4.07215301e-03 -5.92022669e-03  2.10453570e-02  1.88067462e-02
  -1.93861052e-02  0.00000000e+00 -1.32304318e-02  0.00000000e+00
   0.00000000e+00  2.37124451e-02]
 [ 1.82350725e-01 -5.18144786e-01 -6.85077548e-01 -2.70525813e-01
   3.78057696e-02  0.00000000e+00 -7.54002184e-02  0.00000000e+00
   8.16611722e-02  2.47364789e-01]
 [-3.02752495e-01  5.56122549e-02 -1.38655640e-02  5.07018380e-02
  -1.91462431e-02  0.00000000e+00  3.07643767e-02  0.00000000e+00
   0.00000000e+00 -1.25559211e-01]
 [-1.20950246e-03 -1.31141744e-03  1.75266713e-02  1.69946440e-02
  -1.43644866e-02  0.00000000e+00 -1.93743203e-02  0.00000000e+00
   0.00000000e+00  1.65763404e-02]
 [ 2.80292600e-01 -2.18315929e-01 -5.12905717e-01 -3.61919135e-01
   9.61519927e-02  0.00000000e+00 -2.46820562e-02  0.00000000e+00
  -4.42358889e-02  2.87546307e-01]
 [-3.83663595e-01 -9.45321396e-02  2.19598979e-01  1.07590899e-01
   1.60758365e-02  0.00000000e+00 -2.17250101e-02  0.00000000e+00
   0.00000000e+00 -1.65629104e-01]
 [-7.96218868e-03  2.21200776e-03  2.25269813e-02  2.76925508e-02
  -1.52392779e-02  0.00000000e+00 -1.35595556e-02  0.00000000e+00
   0.00000000e+00  2.19952539e-02]
 [ 1.81055918e-01  1.59433365e-01 -1.00384569e+00  2.92690605e-01
  -1.67707592e-01  0.00000000e+00 -1.27989128e-01  0.00000000e+00
  -4.65818018e-01 -4.04388607e-01]] 
Episode: 20: [[-3.18217784e-01 -2.73355037e-01 -1.36632288e+00  1.25262082e-01
   2.87619680e-02  0.00000000e+00  1.74800549e-02  0.00000000e+00
   9.72312167e-02  1.85841665e-01]
 [-8.34966674e-02  1.35697708e-01 -3.64533812e-02  2.11998206e-02
  -6.04530796e-02  0.00000000e+00  4.05041538e-02  0.00000000e+00
   0.00000000e+00 -5.24710342e-02]
 [ 2.31404789e-03 -3.51267261e-03  9.14521702e-03  1.51139563e-02
  -8.06098990e-03  0.00000000e+00 -1.80440526e-02  0.00000000e+00
   0.00000000e+00  2.89364643e-02]
 [ 4.66944575e-01 -2.79947817e-01 -1.51267505e+00 -4.39777561e-02
   1.04794174e-01  0.00000000e+00 -1.00323088e-01  0.00000000e+00
  -1.85550794e-01 -1.21938184e-01]
 [-1.95982069e-01  1.20885767e-01 -9.97998714e-02  6.54427148e-03
  -4.90845963e-02  0.00000000e+00  4.47614491e-02  0.00000000e+00
   0.00000000e+00 -1.27001613e-01]
 [ 4.08207206e-03 -5.97184943e-03  2.10697763e-02  1.89604741e-02
  -1.94619168e-02  0.00000000e+00 -1.31349117e-02  0.00000000e+00
   0.00000000e+00  2.36438923e-02]
 [ 1.82324171e-01 -5.18128216e-01 -6.85108721e-01 -2.70542204e-01
   3.77751514e-02  0.00000000e+00 -7.54159093e-02  0.00000000e+00
   8.16611722e-02  2.47252047e-01]
 [-3.02702367e-01  5.54733649e-02 -1.38422716e-02  5.08119985e-02
  -1.92946605e-02  0.00000000e+00  3.09288260e-02  0.00000000e+00
   0.00000000e+00 -1.25615180e-01]
 [-1.19958352e-03 -1.36300654e-03  1.75101254e-02  1.71405952e-02
  -1.43897254e-02  0.00000000e+00 -1.93243138e-02  0.00000000e+00
   0.00000000e+00  1.65771600e-02]
 [ 2.80306816e-01 -2.18349919e-01 -5.12936890e-01 -3.61866176e-01
   9.61443856e-02  0.00000000e+00 -2.46283747e-02  0.00000000e+00
  -4.42358889e-02  2.87460446e-01]
 [-3.83665651e-01 -9.46033522e-02  2.19699100e-01  1.07749492e-01
   1.59432888e-02  0.00000000e+00 -2.16077212e-02  0.00000000e+00
   0.00000000e+00 -1.65730834e-01]
 [-7.95227010e-03  2.16793455e-03  2.25141086e-02  2.77614985e-02
  -1.52645167e-02  0.00000000e+00 -1.35095501e-02  0.00000000e+00
   0.00000000e+00  2.19764803e-02]
 [ 1.81106061e-01  1.59298673e-01 -1.00380170e+00  2.92800754e-01
  -1.67840138e-01  0.00000000e+00 -1.27841681e-01  0.00000000e+00
  -4.65818018e-01 -4.04562742e-01]] 
Episode: 21: [[-3.18139195e-01 -2.73493230e-01 -1.36633635e+00  1.25325546e-01
   2.85962932e-02  0.00000000e+00  1.76599361e-02  0.00000000e+00
   9.72312167e-02  1.85757920e-01]
 [-8.34180862e-02  1.35487705e-01 -3.64651568e-02  2.12632883e-02
  -6.06187545e-02  0.00000000e+00  4.06689644e-02  0.00000000e+00
   0.00000000e+00 -5.24545088e-02]
 [ 2.34433287e-03 -3.60993249e-03  9.20273177e-03  1.52617516e-02
  -8.21260083e-03  0.00000000e+00 -1.78788900e-02  0.00000000e+00
   0.00000000e+00  2.88415644e-02]
 [ 4.66987520e-01 -2.80027717e-01 -1.51266539e+00 -4.38603684e-02
   1.04737654e-01  0.00000000e+00 -1.00244626e-01  0.00000000e+00
  -1.85550794e-01 -1.22062489e-01]
 [-1.95903495e-01  1.20701820e-01 -9.98133868e-02  6.60773879e-03
  -4.92231548e-02  0.00000000e+00  4.49413285e-02  0.00000000e+00
   0.00000000e+00 -1.27063930e-01]
 [ 4.12501395e-03 -6.05174713e-03  2.11262498e-02  1.91311147e-02
  -1.95632484e-02  0.00000000e+00 -1.30161131e-02  0.00000000e+00
   0.00000000e+00  2.35489924e-02]
 [ 1.82334796e-01 -5.18147647e-01 -6.85102165e-01 -2.70522594e-01
   3.77138667e-02  0.00000000e+00 -7.53956586e-02  0.00000000e+00
   8.16611722e-02  2.47117996e-01]
 [-3.02623779e-01  5.53161353e-02 -1.38557833e-02  5.08754663e-02
  -1.94603354e-02  0.00000000e+00  3.11087072e-02  0.00000000e+00
   0.00000000e+00 -1.25698924e-01]
 [-1.15664175e-03 -1.44288666e-03  1.75305177e-02  1.73040833e-02
  -1.44462436e-02  0.00000000e+00 -1.92458481e-02  0.00000000e+00
   0.00000000e+00  1.65437330e-02]
 [ 2.80353546e-01 -2.18414187e-01 -5.12930334e-01 -3.61785084e-01
   9.61034968e-02  0.00000000e+00 -2.45466530e-02  0.00000000e+00
  -4.42358889e-02  2.87350208e-01]
 [-3.83632839e-01 -9.47006121e-02  2.19823122e-01  1.07924849e-01
   1.57916769e-02  0.00000000e+00 -2.14696322e-02  0.00000000e+00
   0.00000000e+00 -1.65855139e-01]
 [-7.90932868e-03  2.09393841e-03  2.25377642e-02  2.78571211e-02
  -1.53210349e-02  0.00000000e+00 -1.34310853e-02  0.00000000e+00
   0.00000000e+00  2.19256915e-02]
 [ 1.81184635e-01  1.59145162e-01 -1.00379765e+00  2.92932540e-01
  -1.67991742e-01  0.00000000e+00 -1.27676874e-01  0.00000000e+00
  -4.65818018e-01 -4.04751182e-01]] 
Episode: 22: [[-3.18103135e-01 -2.73582220e-01 -1.36638200e+00  1.25415578e-01
   2.84829084e-02  0.00000000e+00  1.78533047e-02  0.00000000e+00
   9.72312167e-02  1.85649887e-01]
 [-8.33820179e-02  1.35334969e-01 -3.65092978e-02  2.13533156e-02
  -6.07321411e-02  0.00000000e+00  4.08489555e-02  0.00000000e+00
   0.00000000e+00 -5.24735227e-02]
 [ 2.33753142e-03 -3.72995739e-03  9.28747375e-03  1.54272998e-02
  -8.31350219e-03  0.00000000e+00 -1.76985878e-02  0.00000000e+00
   0.00000000e+00  2.87236348e-02]
 [ 4.66991961e-01 -2.80132324e-01 -1.51262248e+00 -4.37224768e-02
   1.04721166e-01  0.00000000e+00 -1.00141287e-01  0.00000000e+00
  -1.85550794e-01 -1.22206524e-01]
 [-1.95867419e-01  1.20572209e-01 -9.98590663e-02  6.69776555e-03
  -4.93114851e-02  0.00000000e+00  4.51346971e-02  0.00000000e+00
   0.00000000e+00 -1.27085552e-01]
 [ 4.12944797e-03 -6.15635933e-03  2.12106798e-02  1.93165205e-02
  -1.96195170e-02  0.00000000e+00 -1.28769688e-02  0.00000000e+00
   0.00000000e+00  2.34310627e-02]
 [ 1.82310537e-01 -5.18198609e-01 -6.85062647e-01 -2.70471483e-01
   3.76931503e-02  0.00000000e+00 -7.53439963e-02  0.00000000e+00
   8.16611722e-02  2.46965304e-01]
 [-3.02587718e-01  5.52102476e-02 -1.39014637e-02  5.09654917e-02
  -1.95737202e-02  0.00000000e+00  3.13020758e-02  0.00000000e+00
   0.00000000e+00 -1.25806957e-01]
 [-1.15220761e-03 -1.54749386e-03  1.75831113e-02  1.74828991e-02
  -1.44627299e-02  0.00000000e+00 -1.91425066e-02  0.00000000e+00
   0.00000000e+00  1.64803732e-02]
 [ 2.80361354e-01 -2.18504936e-01 -5.12890816e-01 -3.61679405e-01
   9.61008817e-02  0.00000000e+00 -2.44404208e-02  0.00000000e+00
  -4.42358889e-02  2.87218660e-01]
 [-3.83637875e-01 -9.48206335e-02  2.19967946e-01  1.08114816e-01
   1.56907756e-02  0.00000000e+00 -2.13133618e-02  0.00000000e+00
   0.00000000e+00 -1.65999174e-01]
 [-7.90489465e-03  1.99385663e-03  2.25932598e-02  2.79760305e-02
  -1.53375212e-02  0.00000000e+00 -1.33277448e-02  0.00000000e+00
   0.00000000e+00  2.18469203e-02]
 [ 1.81220710e-01  1.58975199e-01 -1.00375962e+00  2.93083191e-01
  -1.68092638e-01  0.00000000e+00 -1.27496883e-01  0.00000000e+00
  -4.65818018e-01 -4.04952168e-01]] 
Episode: 23: [[-3.1803778e-01 -2.7369463e-01 -1.3663894e+00  1.2546234e-01
   2.8348822e-02  0.0000000e+00  1.7991947e-02  0.0000000e+00
   9.7231217e-02  1.8558712e-01]
 [-8.3316669e-02  1.3516590e-01 -3.6515266e-02  2.1400079e-02
  -6.0866226e-02  0.0000000e+00  4.0975701e-02  0.0000000e+00
   0.0000000e+00 -5.2457150e-02]
 [ 2.3647614e-03 -3.8699456e-03  9.3960930e-03  1.5540262e-02
  -8.4364880e-03  0.0000000e+00 -1.7571563e-02  0.0000000e+00
   0.0000000e+00  2.8652063e-02]
 [ 4.6702918e-01 -2.8025860e-01 -1.5125505e+00 -4.3633156e-02
   1.0467323e-01  0.0000000e+00 -1.0008269e-01  0.0000000e+00
  -1.8555079e-01 -1.2230130e-01]
 [-1.9580208e-01  1.2042370e-01 -9.9866405e-02  6.7445291e-03
  -4.9423985e-02  0.0000000e+00  4.5273341e-02  0.0000000e+00
   0.0000000e+00 -1.2707150e-01]
 [ 4.1666673e-03 -6.2826448e-03  2.1319576e-02  1.9447720e-02
  -1.9702820e-02  0.0000000e+00 -1.2786536e-02  0.0000000e+00
   0.0000000e+00  2.3359491e-02]
 [ 1.8232225e-01 -5.1827717e-01 -6.8499422e-01 -2.7045932e-01
   3.7641454e-02  0.0000000e+00 -7.5331345e-02  0.0000000e+00
   8.1661172e-02  2.4686283e-01]
 [-3.0252236e-01  5.5082828e-02 -1.3908800e-02  5.1012255e-02
  -1.9707806e-02  0.0000000e+00  3.1440720e-02  0.0000000e+00
   0.0000000e+00 -1.2586972e-01]
 [-1.1149882e-03 -1.6737843e-03  1.7663872e-02  1.7608603e-02
  -1.4510664e-02  0.0000000e+00 -1.9083906e-02  0.0000000e+00
   0.0000000e+00  1.6457319e-02]
 [ 2.8040156e-01 -2.1861888e-01 -5.1282239e-01 -3.6161873e-01
   9.6065283e-02  0.0000000e+00 -2.4379250e-02  0.0000000e+00
  -4.4235889e-02  2.8713498e-01]
 [-3.8360864e-01 -9.4960622e-02  2.2013095e-01  1.0824949e-01
   1.5567790e-02  0.0000000e+00 -2.1207703e-02  0.0000000e+00
   0.0000000e+00 -1.6609395e-01]
 [-7.8676753e-03  1.8709552e-03  2.2676608e-02  2.8048053e-02
  -1.5385455e-02  0.0000000e+00 -1.3269144e-02  0.0000000e+00
   0.0000000e+00  2.1810163e-02]
 [ 1.8128605e-01  1.5879081e-01 -1.0036919e+00  2.9318386e-01
  -1.6821562e-01  0.0000000e+00 -1.2737013e-01  0.0000000e+00
  -4.6581802e-01 -4.0509757e-01]] 
Episode: 24: [[-3.17946672e-01 -2.73761779e-01 -1.36642885e+00  1.25471056e-01
   2.82623675e-02  0.00000000e+00  1.80824585e-02  0.00000000e+00
   9.72312167e-02  1.85564160e-01]
 [-8.32255781e-02  1.35048300e-01 -3.65534946e-02  2.14087944e-02
  -6.09526820e-02  0.00000000e+00  4.10556234e-02  0.00000000e+00
   0.00000000e+00 -5.24096563e-02]
 [ 2.42192112e-03 -3.96165624e-03  9.45987646e-03  1.56070730e-02
  -8.51306226e-03  0.00000000e+00 -1.74913928e-02  0.00000000e+00
   0.00000000e+00  2.86212619e-02]
 [ 4.67095226e-01 -2.80338109e-01 -1.51251996e+00 -4.35865521e-02
   1.04663469e-01  0.00000000e+00 -1.00063436e-01  0.00000000e+00
  -1.85550794e-01 -1.22352764e-01]
 [-1.95710987e-01  1.20324403e-01 -9.99058560e-02  6.75324397e-03
  -4.94903810e-02  0.00000000e+00  4.53638546e-02  0.00000000e+00
   0.00000000e+00 -1.27091914e-01]
 [ 4.23272047e-03 -6.36215601e-03  2.13829372e-02  1.95312835e-02
  -1.97440665e-02  0.00000000e+00 -1.27389422e-02  0.00000000e+00
   0.00000000e+00  2.33286899e-02]
 [ 1.82365596e-01 -5.18380046e-01 -6.84900403e-01 -2.70481408e-01
   3.75625156e-02  0.00000000e+00 -7.53529966e-02  0.00000000e+00
   8.16611722e-02  2.46804520e-01]
 [-3.02431256e-01  5.50023057e-02 -1.39482487e-02  5.10209687e-02
  -1.97942611e-02  0.00000000e+00  3.15312333e-02  0.00000000e+00
   0.00000000e+00 -1.25958517e-01]
 [-1.04893534e-03 -1.75328797e-03  1.77020449e-02  1.76875964e-02
  -1.45204216e-02  0.00000000e+00 -1.90646537e-02  0.00000000e+00
   0.00000000e+00  1.64697114e-02]
 [ 2.80470282e-01 -2.18687415e-01 -5.12728572e-01 -3.61597627e-01
   9.60006714e-02  0.00000000e+00 -2.43577082e-02  0.00000000e+00
  -4.42358889e-02  2.87093401e-01]
 [-3.83549303e-01 -9.50523317e-02  2.20241800e-01  1.08335637e-01
   1.54912155e-02  0.00000000e+00 -2.11465564e-02  0.00000000e+00
   0.00000000e+00 -1.66145399e-01]
 [-7.80162215e-03  1.79526396e-03  2.27170717e-02  2.80788802e-02
  -1.53952129e-02  0.00000000e+00 -1.32498909e-02  0.00000000e+00
   0.00000000e+00  2.18103565e-02]
 [ 1.81377143e-01  1.58659577e-01 -1.00366521e+00  2.93240577e-01
  -1.68292195e-01  0.00000000e+00 -1.27290204e-01  0.00000000e+00
  -4.65818018e-01 -4.05194104e-01]] 
Episode: 25: [[-3.17832887e-01 -2.73789018e-01 -1.36649656e+00  1.25446230e-01
   2.81527061e-02  0.00000000e+00  1.81957353e-02  0.00000000e+00
   9.72312167e-02  1.85511097e-01]
 [-8.31117854e-02  1.34976074e-01 -3.66201699e-02  2.13839617e-02
  -6.10623434e-02  0.00000000e+00  4.11594622e-02  0.00000000e+00
   0.00000000e+00 -5.23999259e-02]
 [ 2.50546960e-03 -4.01080027e-03  9.48412810e-03  1.56998634e-02
  -8.61391518e-03  0.00000000e+00 -1.73873343e-02  0.00000000e+00
   0.00000000e+00  2.85612065e-02]
 [ 4.67121512e-01 -2.80376375e-01 -1.51245964e+00 -4.35776152e-02
   1.04622170e-01  0.00000000e+00 -1.00013673e-01  0.00000000e+00
  -1.85550794e-01 -1.22431234e-01]
 [-1.95597187e-01  1.20268494e-01 -9.99736190e-02  6.72841165e-03
  -4.95828055e-02  0.00000000e+00  4.54771332e-02  0.00000000e+00
   0.00000000e+00 -1.27142712e-01]
 [ 4.32419591e-03 -6.40042638e-03  2.14725286e-02  1.95728764e-02
  -1.98134314e-02  0.00000000e+00 -1.26639204e-02  0.00000000e+00
   0.00000000e+00  2.33338363e-02]
 [ 1.82371631e-01 -5.18439174e-01 -6.84784174e-01 -2.70468503e-01
   3.75247523e-02  0.00000000e+00 -7.53396973e-02  0.00000000e+00
   8.16611722e-02  2.46719941e-01]
 [-3.02317470e-01  5.49631342e-02 -1.40160108e-02  5.09961359e-02
  -1.99039225e-02  0.00000000e+00  3.16445120e-02  0.00000000e+00
   0.00000000e+00 -1.26070261e-01]
 [-1.02266076e-03 -1.79154065e-03  1.77693330e-02  1.77254062e-02
  -1.45617193e-02  0.00000000e+00 -1.90148931e-02  0.00000000e+00
   0.00000000e+00  1.65133588e-02]
 [ 2.80498922e-01 -2.18715906e-01 -5.12612343e-01 -3.61546218e-01
   9.59104821e-02  0.00000000e+00 -2.43059080e-02  0.00000000e+00
  -4.42358889e-02  2.87023753e-01]
 [-3.83463472e-01 -9.51014757e-02  2.20306814e-01  1.08445629e-01
   1.53903626e-02  0.00000000e+00 -2.10594535e-02  0.00000000e+00
   0.00000000e+00 -1.66223869e-01]
 [-7.77534768e-03  1.76112179e-03  2.27864087e-02  2.80734189e-02
  -1.54365106e-02  0.00000000e+00 -1.32001294e-02  0.00000000e+00
   0.00000000e+00  2.18431298e-02]
 [ 1.81490943e-01  1.58575207e-01 -1.00367463e+00  2.93258518e-01
  -1.68393046e-01  0.00000000e+00 -1.27186373e-01  0.00000000e+00
  -4.65818018e-01 -4.05312747e-01]] 
Episode: 26: [[-3.17699045e-01 -2.73845643e-01 -1.36658931e+00  1.25391752e-01
   2.80871801e-02  0.00000000e+00  1.82644874e-02  0.00000000e+00
   9.72312167e-02  1.85496062e-01]
 [-8.29779282e-02  1.34879321e-01 -3.67119834e-02  2.13294849e-02
  -6.11278713e-02  0.00000000e+00  4.12197933e-02  0.00000000e+00
   0.00000000e+00 -5.23589216e-02]
 [ 2.54769693e-03 -4.02232958e-03  9.47344676e-03  1.57496035e-02
  -8.73622298e-03  0.00000000e+00 -1.73268057e-02  0.00000000e+00
   0.00000000e+00  2.85399426e-02]
 [ 4.67177272e-01 -2.80378193e-01 -1.51237297e+00 -4.36019599e-02
   1.04552999e-01  0.00000000e+00 -1.00001596e-01  0.00000000e+00
  -1.85550794e-01 -1.22468926e-01]
 [-1.95463330e-01  1.20186292e-01 -1.00066401e-01  6.73857471e-03
  -4.96322177e-02  0.00000000e+00  4.55458872e-02  0.00000000e+00
   0.00000000e+00 -1.27155706e-01]
 [ 4.43813670e-03 -6.40225364e-03  2.15852614e-02  1.95774063e-02
  -1.99076422e-02  0.00000000e+00 -1.26293013e-02  0.00000000e+00
   0.00000000e+00  2.33707484e-02]
 [ 1.82344690e-01 -5.18459558e-01 -6.84648156e-01 -2.70489305e-01
   3.74587402e-02  0.00000000e+00 -7.53601491e-02  0.00000000e+00
   8.16611722e-02  2.46676803e-01]
 [-3.02183628e-01  5.48958629e-02 -1.41087929e-02  5.09416573e-02
  -1.99694484e-02  0.00000000e+00  3.17132659e-02  0.00000000e+00
   0.00000000e+00 -1.26137644e-01]
 [-9.66896536e-04 -1.79334194e-03  1.78623013e-02  1.77268218e-02
  -1.46308877e-02  0.00000000e+00 -1.90028138e-02  0.00000000e+00
   0.00000000e+00  1.65846236e-02]
 [ 2.80492157e-01 -2.18709007e-01 -5.12476325e-01 -3.61532658e-01
   9.57976878e-02  0.00000000e+00 -2.42920090e-02  0.00000000e+00
  -4.42358889e-02  2.86993921e-01]
 [-3.83354247e-01 -9.51130018e-02  2.20333576e-01  1.08510725e-01
   1.53326951e-02  0.00000000e+00 -2.10140552e-02  0.00000000e+00
   0.00000000e+00 -1.66261569e-01]
 [-7.71958334e-03  1.76363287e-03  2.28812117e-02  2.80359183e-02
  -1.55056790e-02  0.00000000e+00 -1.31880492e-02  0.00000000e+00
   0.00000000e+00  2.19046921e-02]
 [ 1.81624800e-01  1.58467606e-01 -1.00365019e+00  2.93242216e-01
  -1.68450713e-01  0.00000000e+00 -1.27126038e-01  0.00000000e+00
  -4.65818018e-01 -4.05386299e-01]] 
Episode: 27: [[-3.1754744e-01 -2.7392828e-01 -1.3667042e+00  1.2531103e-01
   2.8060731e-02  0.0000000e+00  1.8293818e-02  0.0000000e+00
   9.7231217e-02  1.8551472e-01]
 [-8.2826309e-02  1.3476083e-01 -3.6826052e-02  2.1248760e-02
  -6.1154321e-02  0.0000000e+00  4.1241601e-02  0.0000000e+00
   0.0000000e+00 -5.2290231e-02]
 [ 2.6174821e-03 -4.0005543e-03  9.4318353e-03  1.5826693e-02
  -8.8133831e-03  0.0000000e+00 -1.7304821e-02  0.0000000e+00
   0.0000000e+00  2.8553024e-02]
 [ 4.6725914e-01 -2.8034776e-01 -1.5123281e+00 -4.3591630e-02
   1.0452330e-01  0.0000000e+00 -1.0002288e-01  0.0000000e+00
  -1.8555079e-01 -1.2247052e-01]
 [-1.9531171e-01  1.2008081e-01 -1.0018133e-01  6.7155790e-03
  -4.9643610e-02  0.0000000e+00  4.5639362e-02  0.0000000e+00
   0.0000000e+00 -1.2713525e-01]
 [ 4.5719687e-03 -6.3718134e-03  2.1653302e-02  1.9613761e-02
  -1.9959711e-02  0.0000000e+00 -1.2630455e-02  0.0000000e+00
   0.0000000e+00  2.3435786e-02]
 [ 1.8235271e-01 -5.1844573e-01 -6.8455875e-01 -2.7047580e-01
   3.7431855e-02  0.0000000e+00 -7.5410485e-02  0.0000000e+00
   8.1661172e-02  2.4667034e-01]
 [-3.0203202e-01  5.4803710e-02 -1.4223728e-02  5.0860930e-02
  -1.9995898e-02  0.0000000e+00  3.1806741e-02  0.0000000e+00
   0.0000000e+00 -1.2616576e-01]
 [-8.8502170e-04 -1.7628693e-03  1.7912561e-02  1.7760158e-02
  -1.4660589e-02  0.0000000e+00 -1.9024096e-02  0.0000000e+00
   0.0000000e+00  1.6680341e-02]
 [ 2.8051820e-01 -2.1867077e-01 -5.1238692e-01 -3.6148849e-01
   9.5729023e-02  0.0000000e+00 -2.4311667e-02  0.0000000e+00
  -4.4235889e-02  2.8699934e-01]
 [-3.8322434e-01 -9.5091224e-02  2.2032434e-01  1.0860150e-01
   1.5313265e-02  0.0000000e+00 -2.1005582e-02  0.0000000e+00
   0.0000000e+00 -1.6626316e-01]
 [-7.6377084e-03  1.7985456e-03  2.2933099e-02  2.8034806e-02
  -1.5535381e-02  0.0000000e+00 -1.3209333e-02  0.0000000e+00
   0.0000000e+00  2.1991745e-02]
 [ 1.8177642e-01  1.5840358e-01 -1.0036610e+00  2.9319558e-01
  -1.6847014e-01  0.0000000e+00 -1.2710422e-01  0.0000000e+00
  -4.6581802e-01 -4.0541992e-01]] 
Episode: 28: [[-3.17380071e-01 -2.73970306e-01 -1.36683881e+00  1.25270724e-01
   2.80689411e-02  0.00000000e+00  1.83518864e-02  0.00000000e+00
   9.72312167e-02  1.85499534e-01]
 [-8.26589391e-02  1.34686768e-01 -3.69598605e-02  2.12084576e-02
  -6.11461103e-02  0.00000000e+00  4.12929468e-02  0.00000000e+00
   0.00000000e+00 -5.22606857e-02]
 [ 2.71171005e-03 -3.94923892e-03  9.36278980e-03  1.59279983e-02
  -8.85049906e-03  0.00000000e+00 -1.72533188e-02  0.00000000e+00
   0.00000000e+00  2.85328645e-02]
 [ 4.67364162e-01 -2.80288696e-01 -1.51232052e+00 -4.35505435e-02
   1.04528606e-01  0.00000000e+00 -1.00010052e-01  0.00000000e+00
  -1.85550794e-01 -1.22503795e-01]
 [-1.95144340e-01  1.20018370e-01 -1.00315921e-01  6.72687683e-03
  -4.96213287e-02  0.00000000e+00  4.57547642e-02  0.00000000e+00
   0.00000000e+00 -1.27148807e-01]
 [ 4.72344318e-03 -6.31275261e-03  2.16817465e-02  1.96783263e-02
  -1.99743975e-02  0.00000000e+00 -1.25996349e-02  0.00000000e+00
   0.00000000e+00  2.34620664e-02]
 [ 1.82391718e-01 -5.18401504e-01 -6.84510708e-01 -2.70431906e-01
   3.74396779e-02  0.00000000e+00 -7.54236281e-02  0.00000000e+00
   8.16611722e-02  2.46632710e-01]
 [-3.01864654e-01  5.47531955e-02 -1.43583128e-02  5.08206263e-02
  -1.99876875e-02  0.00000000e+00  3.19221430e-02  0.00000000e+00
   0.00000000e+00 -1.26222745e-01]
 [-7.79987662e-04 -1.70377141e-03  1.79249980e-02  1.78218074e-02
  -1.46552855e-02  0.00000000e+00 -1.90112684e-02  0.00000000e+00
   0.00000000e+00  1.67340450e-02]
 [ 2.80573338e-01 -2.18604743e-01 -5.12338877e-01 -3.61417145e-01
   9.56995040e-02  0.00000000e+00 -2.42973864e-02  0.00000000e+00
  -4.42358889e-02  2.86972344e-01]
 [-3.83076072e-01 -9.50399116e-02  2.20283255e-01  1.08715020e-01
   1.53277498e-02  0.00000000e+00 -2.09661555e-02  0.00000000e+00
   0.00000000e+00 -1.66296437e-01]
 [-7.53267435e-03  1.86215411e-03  2.29469817e-02  2.80659478e-02
  -1.55300768e-02  0.00000000e+00 -1.31965047e-02  0.00000000e+00
   0.00000000e+00  2.20377035e-02]
 [ 1.81943789e-01  1.58378199e-01 -1.00370312e+00  2.93185741e-01
  -1.68455660e-01  0.00000000e+00 -1.27052873e-01  0.00000000e+00
  -4.65818018e-01 -4.05481815e-01]] 
Episode: 29: [[-3.17262024e-01 -2.74039567e-01 -1.36692750e+00  1.25203013e-01
   2.80446298e-02  0.00000000e+00  1.84354838e-02  0.00000000e+00
   9.72312167e-02  1.85517609e-01]
 [-8.25408846e-02  1.34588867e-01 -3.70478928e-02  2.11407505e-02
  -6.11704215e-02  0.00000000e+00  4.13705297e-02  0.00000000e+00
   0.00000000e+00 -5.22659160e-02]
 [ 2.76433816e-03 -3.93499527e-03  9.33268666e-03  1.59863196e-02
  -8.91535543e-03  0.00000000e+00 -1.72389075e-02  0.00000000e+00
   0.00000000e+00  2.84831747e-02]
 [ 4.67426449e-01 -2.80267537e-01 -1.51228154e+00 -4.35454510e-02
   1.04501694e-01  0.00000000e+00 -1.00030236e-01  0.00000000e+00
  -1.85550794e-01 -1.22565217e-01]
 [-1.95026293e-01  1.19930863e-01 -1.00404650e-01  6.70532603e-03
  -4.96336445e-02  0.00000000e+00  4.58896458e-02  0.00000000e+00
   0.00000000e+00 -1.27129287e-01]
 [ 4.82727680e-03 -6.29158085e-03  2.17392948e-02  1.97041892e-02
  -2.00191922e-02  0.00000000e+00 -1.26037234e-02  0.00000000e+00
   0.00000000e+00  2.34539174e-02]
 [ 1.82394966e-01 -5.18330276e-01 -6.84499383e-01 -2.70424277e-01
   3.74150164e-02  0.00000000e+00 -7.54670426e-02  0.00000000e+00
   8.16611722e-02  2.46630713e-01]
 [-3.01746607e-01  5.46763539e-02 -1.44470390e-02  5.07529192e-02
  -2.00119987e-02  0.00000000e+00  3.20570245e-02  0.00000000e+00
   0.00000000e+00 -1.26242056e-01]
 [-7.17693823e-04 -1.68257533e-03  1.79683473e-02  1.78452954e-02
  -1.46821979e-02  0.00000000e+00 -1.90314502e-02  0.00000000e+00
   0.00000000e+00  1.67504251e-02]
 [ 2.80590981e-01 -2.18514025e-01 -5.12327552e-01 -3.61384988e-01
   9.56414416e-02  0.00000000e+00 -2.43162699e-02  0.00000000e+00
  -4.42358889e-02  2.86979854e-01]
 [-3.82975489e-01 -9.50256661e-02  2.20279157e-01  1.08784273e-01
   1.53090497e-02  0.00000000e+00 -2.09625456e-02  0.00000000e+00
   0.00000000e+00 -1.66294545e-01]
 [-7.47038051e-03  1.88680855e-03  2.29916312e-02  2.80618668e-02
  -1.55569892e-02  0.00000000e+00 -1.32166864e-02  0.00000000e+00
   0.00000000e+00  2.20471546e-02]
 [ 1.82061836e-01  1.58323839e-01 -1.00370848e+00  2.93145299e-01
  -1.68474361e-01  0.00000000e+00 -1.26975283e-01  0.00000000e+00
  -4.65818018e-01 -4.05505508e-01]] 
Episode: 30: [[-3.17124873e-01 -2.74070054e-01 -1.36703837e+00  1.25173897e-01
   2.80543528e-02  0.00000000e+00  1.84788257e-02  0.00000000e+00
   9.72312167e-02  1.85565278e-01]
 [-8.24037343e-02  1.34532720e-01 -3.71581689e-02  2.11116318e-02
  -6.11606985e-02  0.00000000e+00  4.14084904e-02  0.00000000e+00
   0.00000000e+00 -5.22391126e-02]
 [ 2.84292619e-03 -3.89076327e-03  9.27426014e-03  1.60064530e-02
  -8.94192234e-03  0.00000000e+00 -1.72574911e-02  0.00000000e+00
   0.00000000e+00  2.84701828e-02]
 [ 4.67513680e-01 -2.80217111e-01 -1.51227856e+00 -4.35723774e-02
   1.04509093e-01  0.00000000e+00 -1.00079782e-01  0.00000000e+00
  -1.85550794e-01 -1.22588709e-01]
 [-1.94889143e-01  1.19884029e-01 -1.00515544e-01  6.71751983e-03
  -4.96126264e-02  0.00000000e+00  4.59788889e-02  0.00000000e+00
   0.00000000e+00 -1.27080321e-01]
 [ 4.95169684e-03 -6.24114834e-03  2.17588507e-02  1.96956415e-02
  -2.00278033e-02  0.00000000e+00 -1.26388660e-02  0.00000000e+00
   0.00000000e+00  2.34781057e-02]
 [ 1.82429358e-01 -5.18235028e-01 -6.84520721e-01 -2.70448953e-01
   3.73614617e-02  0.00000000e+00 -7.55373836e-02  0.00000000e+00
   8.16611722e-02  2.46660411e-01]
 [-3.01609457e-01  5.46390601e-02 -1.45579372e-02  5.07238023e-02
  -2.00022757e-02  0.00000000e+00  3.21462676e-02  0.00000000e+00
   0.00000000e+00 -1.26227856e-01]
 [-6.30454393e-04 -1.63211289e-03  1.79750882e-02  1.78348348e-02
  -1.46748032e-02  0.00000000e+00 -1.90809965e-02  0.00000000e+00
   0.00000000e+00  1.67965684e-02]
 [ 2.80638278e-01 -2.18401343e-01 -5.12348890e-01 -3.61387700e-01
   9.55579877e-02  0.00000000e+00 -2.43646540e-02  0.00000000e+00
  -4.42358889e-02  2.87018061e-01]
 [-3.82853687e-01 -9.49814320e-02  2.20243096e-01  1.08814202e-01
   1.53237944e-02  0.00000000e+00 -2.09907982e-02  0.00000000e+00
   0.00000000e+00 -1.66261375e-01]
 [-7.38314120e-03  1.94087042e-03  2.29995269e-02  2.80264728e-02
  -1.55495945e-02  0.00000000e+00 -1.32662337e-02  0.00000000e+00
   0.00000000e+00  2.20870972e-02]
 [ 1.82198986e-01  1.58306673e-01 -1.00374532e+00  2.93077618e-01
  -1.68459609e-01  0.00000000e+00 -1.26937330e-01  0.00000000e+00
  -4.65818018e-01 -4.05558199e-01]] 
Episode: 31: [[-3.16970706e-01 -2.74128705e-01 -1.36710632e+00  1.25179142e-01
   2.80317310e-02  0.00000000e+00  1.85489692e-02  0.00000000e+00
   9.72312167e-02  1.85576633e-01]
 [-8.22495818e-02  1.34451121e-01 -3.72256041e-02  2.11168826e-02
  -6.11833185e-02  0.00000000e+00  4.14738134e-02  0.00000000e+00
   0.00000000e+00 -5.22464365e-02]
 [ 2.94463546e-03 -3.88247846e-03  9.25326254e-03  1.59926154e-02
  -8.99704266e-03  0.00000000e+00 -1.72428060e-02  0.00000000e+00
   0.00000000e+00  2.84272190e-02]
 [ 4.67623144e-01 -2.80203283e-01 -1.51224422e+00 -4.36278172e-02
   1.04484387e-01  0.00000000e+00 -1.00092828e-01  0.00000000e+00
  -1.85550794e-01 -1.22578420e-01]
 [-1.94734991e-01  1.19810753e-01 -1.00583531e-01  6.75976835e-03
  -4.96256724e-02  0.00000000e+00  4.60901409e-02  0.00000000e+00
   0.00000000e+00 -1.27067804e-01]
 [ 5.09445230e-03 -6.22731028e-03  2.18081102e-02  1.96564589e-02
  -2.00668424e-02  0.00000000e+00 -1.26390103e-02  0.00000000e+00
   0.00000000e+00  2.34684404e-02]
 [ 1.82491481e-01 -5.18181086e-01 -6.84508502e-01 -2.70502359e-01
   3.72821726e-02  0.00000000e+00 -7.55690485e-02  0.00000000e+00
   8.16611722e-02  2.46655673e-01]
 [-3.01455289e-01  5.45743331e-02 -1.46259265e-02  5.07290512e-02
  -2.00248975e-02  0.00000000e+00  3.22575197e-02  0.00000000e+00
   0.00000000e+00 -1.26246467e-01]
 [-5.20997040e-04 -1.61825621e-03  1.80129800e-02  1.77941378e-02
  -1.46995084e-02  0.00000000e+00 -1.90940406e-02  0.00000000e+00
   0.00000000e+00  1.68065652e-02]
 [ 2.80711949e-01 -2.18331754e-01 -5.12336671e-01 -3.61421466e-01
   9.54519212e-02  0.00000000e+00 -2.43766569e-02  0.00000000e+00
  -4.42358889e-02  2.87020952e-01]
 [-3.82713050e-01 -9.49731469e-02  2.20243037e-01  1.08809143e-01
   1.53056718e-02  0.00000000e+00 -2.09847726e-02  0.00000000e+00
   0.00000000e+00 -1.66262984e-01]
 [-7.27368379e-03  1.95742655e-03  2.30384581e-02  2.79632062e-02
  -1.55742997e-02  0.00000000e+00 -1.32792788e-02  0.00000000e+00
   0.00000000e+00  2.20915414e-02]
 [ 1.82353139e-01  1.58259973e-01 -1.00374651e+00  2.92985678e-01
  -1.68477729e-01  0.00000000e+00 -1.26872003e-01  0.00000000e+00
  -4.65818018e-01 -4.05636728e-01]] 
Episode: 32: [[-3.16801399e-01 -2.74150074e-01 -1.36719847e+00  1.25152662e-01
   2.80426517e-02  0.00000000e+00  1.85806304e-02  0.00000000e+00
   9.72312167e-02  1.85555622e-01]
 [-8.20802674e-02  1.34409189e-01 -3.73172164e-02  2.11527776e-02
  -6.11723959e-02  0.00000000e+00  4.15011570e-02  0.00000000e+00
   0.00000000e+00 -5.22841886e-02]
 [ 3.00458050e-03 -3.84386489e-03  9.20325797e-03  1.59485228e-02
  -9.01524257e-03  0.00000000e+00 -1.72608383e-02  0.00000000e+00
   0.00000000e+00  2.83575319e-02]
 [ 4.67690021e-01 -2.80159682e-01 -1.51224506e+00 -4.37086858e-02
   1.04493439e-01  0.00000000e+00 -1.00135706e-01  0.00000000e+00
  -1.85550794e-01 -1.22600392e-01]
 [-1.94565669e-01  1.19776286e-01 -1.00675642e-01  6.76643429e-03
  -4.96056564e-02  0.00000000e+00  4.61586379e-02  0.00000000e+00
   0.00000000e+00 -1.27087772e-01]
 [ 5.19117573e-03 -6.18372113e-03  2.18206290e-02  1.95899736e-02
  -2.00706329e-02  0.00000000e+00 -1.26703298e-02  0.00000000e+00
   0.00000000e+00  2.34285910e-02]
 [ 1.82515949e-01 -5.18163919e-01 -6.84528768e-01 -2.70581424e-01
   3.71799357e-02  0.00000000e+00 -7.56286085e-02  0.00000000e+00
   8.16611722e-02  2.46620238e-01]
 [-3.01285982e-01  5.45475259e-02 -1.47180371e-02  5.07025644e-02
  -2.00139768e-02  0.00000000e+00  3.23260166e-02  0.00000000e+00
   0.00000000e+00 -1.26294330e-01]
 [-4.54109570e-04 -1.57464284e-03  1.80152133e-02  1.77264828e-02
  -1.46904550e-02  0.00000000e+00 -1.91369187e-02  0.00000000e+00
   0.00000000e+00  1.67843327e-02]
 [ 2.80746788e-01 -2.18238205e-01 -5.12356937e-01 -3.61482888e-01
   9.53880697e-02  0.00000000e+00 -2.44186018e-02  0.00000000e+00
  -4.42358889e-02  2.86992341e-01]
 [-3.82555604e-01 -9.49345306e-02  2.20210955e-01  1.08772933e-01
   1.53206233e-02  0.00000000e+00 -2.10105628e-02  0.00000000e+00
   0.00000000e+00 -1.66295618e-01]
 [-7.20679620e-03  2.00392911e-03  2.30416153e-02  2.78751031e-02
  -1.55652463e-02  0.00000000e+00 -1.33221578e-02  0.00000000e+00
   0.00000000e+00  2.20643338e-02]
 [ 1.82522461e-01  1.58249319e-01 -1.00377917e+00  2.92872101e-01
  -1.68462783e-01  0.00000000e+00 -1.26844659e-01  0.00000000e+00
  -4.65818018e-01 -4.05738264e-01]] 
Episode: 33: [[-3.16680670e-01 -2.74138153e-01 -1.36731207e+00  1.25159994e-01
   2.80835088e-02  0.00000000e+00  1.85779463e-02  0.00000000e+00
   9.72312167e-02  1.85505718e-01]
 [-8.19595531e-02  1.34402663e-01 -3.74304093e-02  2.12160219e-02
  -6.11315407e-02  0.00000000e+00  4.14946005e-02  0.00000000e+00
   0.00000000e+00 -5.22869639e-02]
 [ 3.02725099e-03 -3.77818337e-03  9.12736543e-03  1.59405749e-02
  -9.00049135e-03  0.00000000e+00 -1.72459353e-02  0.00000000e+00
   0.00000000e+00  2.83261277e-02]
 [ 4.67781037e-01 -2.80151665e-01 -1.51227725e+00 -4.37501110e-02
   1.04532622e-01  0.00000000e+00 -1.00143075e-01  0.00000000e+00
  -1.85550794e-01 -1.22651152e-01]
 [-1.94444954e-01  1.19776458e-01 -1.00789279e-01  6.80347672e-03
  -4.95561622e-02  0.00000000e+00  4.61889729e-02  0.00000000e+00
   0.00000000e+00 -1.27074614e-01]
 [ 5.24681620e-03 -6.11357903e-03  2.18003858e-02  1.95616391e-02
  -2.00429633e-02  0.00000000e+00 -1.26673393e-02  0.00000000e+00
   0.00000000e+00  2.33618002e-02]
 [ 1.82568952e-01 -5.18179595e-01 -6.84578001e-01 -2.70621210e-01
   3.71193513e-02  0.00000000e+00 -7.56509379e-02  0.00000000e+00
   8.16611722e-02  2.46557415e-01]
 [-3.01165253e-01  5.45545593e-02 -1.48316752e-02  5.07098883e-02
  -1.99731197e-02  0.00000000e+00  3.23563516e-02  0.00000000e+00
   0.00000000e+00 -1.26368299e-01]
 [-3.63081956e-04 -1.56662008e-03  1.79856550e-02  1.76969003e-02
  -1.46512724e-02  0.00000000e+00 -1.91442911e-02  0.00000000e+00
   0.00000000e+00  1.67333353e-02]
 [ 2.80809075e-01 -2.18185410e-01 -5.12406170e-01 -3.61506879e-01
   9.53618959e-02  0.00000000e+00 -2.44251359e-02  0.00000000e+00
  -4.42358889e-02  2.86935627e-01]
 [-3.82445842e-01 -9.48688462e-02  2.20150352e-01  1.08772032e-01
   1.53650930e-02  0.00000000e+00 -2.10026167e-02  0.00000000e+00
   0.00000000e+00 -1.66355938e-01]
 [-7.11576873e-03  2.01406074e-03  2.30128802e-02  2.78274398e-02
  -1.55260637e-02  0.00000000e+00 -1.33295292e-02  0.00000000e+00
   0.00000000e+00  2.20088772e-02]
 [ 1.82643175e-01  1.58270836e-01 -1.00383997e+00  2.92801350e-01
  -1.68418318e-01  0.00000000e+00 -1.26851216e-01  0.00000000e+00
  -4.65818018e-01 -4.05860364e-01]] 
Episode: 34: [[-3.16603363e-01 -2.74158418e-01 -1.36738300e+00  1.25197515e-01
   2.80891936e-02  0.00000000e+00  1.86064951e-02  0.00000000e+00
   9.72312167e-02  1.85430005e-01]
 [-8.18822533e-02  1.34365857e-01 -3.75009663e-02  2.13036966e-02
  -6.11258559e-02  0.00000000e+00  4.15196791e-02  0.00000000e+00
   0.00000000e+00 -5.23204096e-02]
 [ 3.01662553e-03 -3.75023601e-03  9.02834721e-03  1.59648824e-02
  -9.01821908e-03  0.00000000e+00 -1.72016136e-02  0.00000000e+00
   0.00000000e+00  2.82670073e-02]
 [ 4.67831701e-01 -2.80175447e-01 -1.51233745e+00 -4.37563062e-02
   1.04536802e-01  0.00000000e+00 -1.00118726e-01  0.00000000e+00
  -1.85550794e-01 -1.22727633e-01]
 [-1.94367647e-01  1.19745649e-01 -1.00860238e-01  6.86765322e-03
  -4.95432280e-02  0.00000000e+00  4.62471358e-02  0.00000000e+00
   0.00000000e+00 -1.27093762e-01]
 [ 5.26575884e-03 -6.08163141e-03  2.17509009e-02  1.95673686e-02
  -2.00491063e-02  0.00000000e+00 -1.26337009e-02  0.00000000e+00
   0.00000000e+00  2.32709460e-02]
 [ 1.82647452e-01 -5.18224597e-01 -6.84653103e-01 -2.70625949e-01
   3.70959751e-02  0.00000000e+00 -7.56400079e-02  0.00000000e+00
   8.16611722e-02  2.46470109e-01]
 [-3.01087946e-01  5.45299090e-02 -1.49026308e-02  5.07474132e-02
  -1.99674349e-02  0.00000000e+00  3.24145146e-02  0.00000000e+00
   0.00000000e+00 -1.26465604e-01]
 [-3.12404038e-04 -1.59038883e-03  1.79277305e-02  1.77013278e-02
  -1.46470899e-02  0.00000000e+00 -1.91199444e-02  0.00000000e+00
   0.00000000e+00  1.66566446e-02]
 [ 2.80833989e-01 -2.18169019e-01 -5.12481272e-01 -3.61497462e-01
   9.53693837e-02  0.00000000e+00 -2.44000405e-02  0.00000000e+00
  -4.42358889e-02  2.86853820e-01]
 [-3.82378638e-01 -9.48408991e-02  2.20064312e-01  1.08802639e-01
   1.53740169e-02  0.00000000e+00 -2.09645331e-02  0.00000000e+00
   0.00000000e+00 -1.66440994e-01]
 [-7.06509082e-03  1.99173437e-03  2.29556859e-02  2.78158858e-02
  -1.55218812e-02  0.00000000e+00 -1.33051835e-02  0.00000000e+00
   0.00000000e+00  2.19281856e-02]
 [ 1.82720482e-01  1.58259168e-01 -1.00392580e+00  2.92768866e-01
  -1.68409392e-01  0.00000000e+00 -1.26826137e-01  0.00000000e+00
  -4.65818018e-01 -4.06000823e-01]] 
Episode: 35: [[-3.16503167e-01 -2.74207443e-01 -1.36741579e+00  1.25262037e-01
   2.81251520e-02  0.00000000e+00  1.86629668e-02  0.00000000e+00
   9.72312167e-02  1.85331225e-01]
 [-8.17820430e-02  1.34301975e-01 -3.75334062e-02  2.14132108e-02
  -6.10898994e-02  0.00000000e+00  4.15730365e-02  0.00000000e+00
   0.00000000e+00 -5.23195565e-02]
 [ 3.03795142e-03 -3.75602162e-03  8.97037238e-03  1.60179958e-02
  -9.00326483e-03  0.00000000e+00 -1.71309933e-02  0.00000000e+00
   0.00000000e+00  2.82448269e-02]
 [ 4.67908025e-01 -2.80227631e-01 -1.51236022e+00 -4.37310040e-02
   1.04571410e-01  0.00000000e+00 -1.00066029e-01  0.00000000e+00
  -1.85550794e-01 -1.22827105e-01]
 [-1.94267437e-01  1.19687155e-01 -1.00893036e-01  6.95608696e-03
  -4.95003127e-02  0.00000000e+00  4.63301726e-02  0.00000000e+00
   0.00000000e+00 -1.27141804e-01]
 [ 5.31361112e-03 -6.08382840e-03  2.17377488e-02  1.96035411e-02
  -2.00237595e-02  0.00000000e+00 -1.25726638e-02  0.00000000e+00
   0.00000000e+00  2.31585782e-02]
 [ 1.82748735e-01 -5.18295825e-01 -6.84689641e-01 -2.70599335e-01
   3.71058621e-02  0.00000000e+00 -7.55993426e-02  0.00000000e+00
   8.16611722e-02  2.46360928e-01]
 [-3.00987750e-01  5.44769391e-02 -1.49354301e-02  5.08119352e-02
  -1.99314766e-02  0.00000000e+00  3.24975513e-02  0.00000000e+00
   0.00000000e+00 -1.26583755e-01]
 [-2.36080639e-04 -1.64257747e-03  1.79071035e-02  1.77361574e-02
  -1.46124791e-02  0.00000000e+00 -1.90672446e-02  0.00000000e+00
   0.00000000e+00  1.65569838e-02]
 [ 2.80887187e-01 -2.18185171e-01 -5.12517810e-01 -3.61458153e-01
   9.54069570e-02  0.00000000e+00 -2.43466683e-02  0.00000000e+00
  -4.42358889e-02  2.86749572e-01]
 [-3.82287264e-01 -9.48466882e-02  2.20018789e-01  1.08861387e-01
   1.54128820e-02  0.00000000e+00 -2.08995081e-02  0.00000000e+00
   0.00000000e+00 -1.66548163e-01]
 [-6.98876753e-03  1.94041850e-03  2.29357202e-02  2.78365966e-02
  -1.54872704e-02  0.00000000e+00 -1.32524837e-02  0.00000000e+00
   0.00000000e+00  2.18249355e-02]
 [ 1.82820693e-01  1.58217847e-01 -1.00397158e+00  2.92770565e-01
  -1.68370530e-01  0.00000000e+00 -1.26772776e-01  0.00000000e+00
  -4.65818018e-01 -4.06157702e-01]] 
Episode: 36: [[-3.1644401e-01 -2.7428222e-01 -1.3674145e+00  1.2528917e-01
   2.8126651e-02  0.0000000e+00  1.8744417e-02  0.0000000e+00
   9.7231217e-02  1.8527335e-01]
 [-8.1722878e-02  1.3421388e-01 -3.7531748e-02  2.1480722e-02
  -6.1088402e-02  0.0000000e+00  4.1651689e-02  0.0000000e+00
   0.0000000e+00 -5.2288022e-02]
 [ 3.0878601e-03 -3.7304435e-03  8.9491140e-03  1.6034426e-02
  -9.0206144e-03  0.0000000e+00 -1.7036846e-02  0.0000000e+00
   0.0000000e+00  2.8255692e-02]
 [ 4.6800730e-01 -2.8024369e-01 -1.5123495e+00 -4.3739069e-02
   1.0457170e-01  0.0000000e+00 -9.9987961e-02  0.0000000e+00
  -1.8555079e-01 -1.2294715e-01]
 [-1.9420828e-01  1.1960389e-01 -1.0089170e-01  7.0046801e-03
  -4.9493030e-02  0.0000000e+00  4.6435464e-02  0.0000000e+00
   0.0000000e+00 -1.2715414e-01]
 [ 5.3873253e-03 -6.0550296e-03  2.1757076e-02  1.9605059e-02
  -2.0031782e-02  0.0000000e+00 -1.2487117e-02  0.0000000e+00
   0.0000000e+00  2.3088505e-02]
 [ 1.8287040e-01 -5.1839054e-01 -6.8469161e-01 -2.7054468e-01
   3.7145507e-02  0.0000000e+00 -7.5532079e-02  0.0000000e+00
   8.1661172e-02  2.4623217e-01]
 [-3.0092859e-01  5.4460172e-02 -1.4934095e-02  5.0839070e-02
  -1.9929977e-02  0.0000000e+00  3.2602843e-02  0.0000000e+00
   0.0000000e+00 -1.2665902e-01]
 [-1.3681530e-04 -1.6586363e-03  1.7919814e-02  1.7736645e-02
  -1.4612189e-02  0.0000000e+00 -1.8989179e-02  0.0000000e+00
   0.0000000e+00  1.6498314e-02]
 [ 2.8096569e-01 -2.1823044e-01 -5.1251978e-01 -3.6139211e-01
   9.5409907e-02  0.0000000e+00 -2.4267999e-02  0.0000000e+00
  -4.4235889e-02  2.8662524e-01]
 [-3.8217425e-01 -9.4882652e-02  2.2000946e-01  1.0888289e-01
   1.5416990e-02  0.0000000e+00 -2.0810382e-02  0.0000000e+00
   0.0000000e+00 -1.6667511e-01]
 [-6.8895021e-03  1.9255775e-03  2.2949031e-02  2.7824201e-02
  -1.5486980e-02  0.0000000e+00 -1.3174419e-02  0.0000000e+00
   0.0000000e+00  2.1763045e-02]
 [ 1.8287985e-01  1.5814999e-01 -1.0039815e+00  2.9274133e-01
  -1.6836642e-01  0.0000000e+00 -1.2669413e-01  0.0000000e+00
  -4.6581802e-01 -4.0632924e-01]] 
Episode: 37: [[-3.1636021e-01 -2.7431867e-01 -1.3674439e+00  1.2534422e-01
   2.8158689e-02  0.0000000e+00  1.8786842e-02  0.0000000e+00
   9.7231217e-02  1.8519069e-01]
 [-8.1639074e-02  1.3416548e-01 -3.7560951e-02  2.1572018e-02
  -6.1056364e-02  0.0000000e+00  4.1691605e-02  0.0000000e+00
   0.0000000e+00 -5.2290406e-02]
 [ 3.1019715e-03 -3.6767907e-03  8.8993395e-03  1.6080292e-02
  -9.0054981e-03  0.0000000e+00 -1.6983021e-02  0.0000000e+00
   0.0000000e+00  2.8296137e-02]
 [ 4.6806571e-01 -2.8022742e-01 -1.5123709e+00 -4.3777000e-02
   1.0460265e-01  0.0000000e+00 -9.9887192e-02  0.0000000e+00
  -1.8555079e-01 -1.2308560e-01]
 [-1.9412448e-01  1.1955983e-01 -1.0092119e-01  7.0789931e-03
  -4.9455374e-02  0.0000000e+00  4.6499293e-02  0.0000000e+00
   0.0000000e+00 -1.2719591e-01]
 [ 5.4228068e-03 -5.9984857e-03  2.1743383e-02  1.9575566e-02
  -2.0008292e-02  0.0000000e+00 -1.2441014e-02  0.0000000e+00
   0.0000000e+00  2.3056293e-02]
 [ 1.8294893e-01 -5.1844490e-01 -6.8466270e-01 -2.7052632e-01
   3.7211787e-02  0.0000000e+00 -7.5441003e-02  0.0000000e+00
   8.1661172e-02  2.4608590e-01]
 [-3.0084479e-01  5.4475810e-02 -1.4963587e-02  5.0894123e-02
  -1.9897940e-02  0.0000000e+00  3.2666672e-02  0.0000000e+00
   0.0000000e+00 -1.2675728e-01]
 [-7.8396704e-05 -1.6423544e-03  1.7900098e-02  1.7706390e-02
  -1.4581236e-02  0.0000000e+00 -1.8888410e-02  0.0000000e+00
   0.0000000e+00  1.6476339e-02]
 [ 2.8100547e-01 -2.1824040e-01 -5.1255226e-01 -3.6136350e-01
   9.5443249e-02  0.0000000e+00 -2.4166686e-02  0.0000000e+00
  -4.4235889e-02  2.8648293e-01]
 [-3.8210374e-01 -9.4884247e-02  2.1996969e-01  1.0887107e-01
   1.5451369e-02  0.0000000e+00 -2.0761067e-02  0.0000000e+00
   0.0000000e+00 -1.6681975e-01]
 [-6.8310834e-03  1.9433605e-03  2.2929847e-02  2.7782181e-02
  -1.5456027e-02  0.0000000e+00 -1.3073649e-02  0.0000000e+00
   0.0000000e+00  2.1738179e-02]
 [ 1.8296365e-01  1.5811977e-01 -1.0040214e+00  2.9274577e-01
  -1.6833204e-01  0.0000000e+00 -1.2665421e-01  0.0000000e+00
  -4.6581802e-01 -4.0645257e-01]] 
Episode: 38: [[-3.16315591e-01 -2.74381995e-01 -1.36743975e+00  1.25363022e-01
   2.81568356e-02  0.00000000e+00  1.88555568e-02  0.00000000e+00
   9.72312167e-02  1.85147107e-01]
 [-8.15944448e-02  1.34091407e-01 -3.75565514e-02  2.16233749e-02
  -6.10582195e-02  0.00000000e+00  4.17580679e-02  0.00000000e+00
   0.00000000e+00 -5.22619262e-02]
 [ 3.08402162e-03 -3.65923508e-03  8.88526626e-03  1.61524974e-02
  -9.02254507e-03  0.00000000e+00 -1.69653110e-02  0.00000000e+00
   0.00000000e+00  2.83018332e-02]
 [ 4.68087554e-01 -2.80243427e-01 -1.51235926e+00 -4.37804386e-02
   1.04661062e-01  0.00000000e+00 -9.98273268e-02  0.00000000e+00
  -1.85550794e-01 -1.23240545e-01]
 [-1.94079846e-01  1.19489655e-01 -1.00917056e-01  7.11510051e-03
  -4.94526140e-02  0.00000000e+00  4.65872288e-02  0.00000000e+00
   0.00000000e+00 -1.27202794e-01]
 [ 5.42404596e-03 -5.97833423e-03  2.17620488e-02  1.95798669e-02
  -1.99565794e-02  0.00000000e+00 -1.24302376e-02  0.00000000e+00
   0.00000000e+00  2.29967479e-02]
 [ 1.82988822e-01 -5.18524289e-01 -6.84606135e-01 -2.70479202e-01
   3.73019241e-02  0.00000000e+00 -7.53898472e-02  0.00000000e+00
   8.16611722e-02  2.45923936e-01]
 [-3.00800174e-01  5.44592328e-02 -1.49594480e-02  5.09129316e-02
  -1.98997930e-02  0.00000000e+00  3.27546075e-02  0.00000000e+00
   0.00000000e+00 -1.26814887e-01]
 [-5.65617229e-05 -1.65836141e-03  1.79134402e-02  1.77098457e-02
  -1.45228226e-02  0.00000000e+00 -1.88285466e-02  0.00000000e+00
   0.00000000e+00  1.64259858e-02]
 [ 2.81010568e-01 -2.18279943e-01 -5.12550831e-01 -3.61307204e-01
   9.55038071e-02  0.00000000e+00 -2.41063368e-02  0.00000000e+00
  -4.42358889e-02  2.86385775e-01]
 [-3.82071286e-01 -9.49162990e-02  2.19965309e-01  1.08891495e-01
   1.54516185e-02  0.00000000e+00 -2.07474064e-02  0.00000000e+00
   0.00000000e+00 -1.66919008e-01]
 [-6.80924859e-03  1.92830502e-03  2.29436718e-02  2.77752746e-02
  -1.53976139e-02  0.00000000e+00 -1.30137857e-02  0.00000000e+00
   0.00000000e+00  2.16852296e-02]
 [ 1.83008283e-01  1.58062011e-01 -1.00402629e+00  2.92780370e-01
  -1.68331787e-01  0.00000000e+00 -1.26648992e-01  0.00000000e+00
  -4.65818018e-01 -4.06532675e-01]] 
Episode: 39: [[-3.16306055e-01 -2.74408311e-01 -1.36740541e+00  1.25349358e-01
   2.81857289e-02  0.00000000e+00  1.89478304e-02  0.00000000e+00
   9.72312167e-02  1.85138509e-01]
 [-8.15849230e-02  1.34055436e-01 -3.75831574e-02  2.16389429e-02
  -6.10293262e-02  0.00000000e+00  4.18483168e-02  0.00000000e+00
   0.00000000e+00 -5.22057898e-02]
 [ 3.03734257e-03 -3.61291016e-03  8.84206872e-03  1.62482858e-02
  -9.00729839e-03  0.00000000e+00 -1.69188473e-02  0.00000000e+00
   0.00000000e+00  2.82763913e-02]
 [ 4.68076617e-01 -2.80227244e-01 -1.51237965e+00 -4.37529683e-02
   1.04744084e-01  0.00000000e+00 -9.97430012e-02  0.00000000e+00
  -1.85550794e-01 -1.23410262e-01]
 [-1.94070324e-01  1.19457178e-01 -1.00882784e-01  7.11697247e-03
  -4.94191721e-02  0.00000000e+00  4.66967635e-02  0.00000000e+00
   0.00000000e+00 -1.27178416e-01]
 [ 5.39460126e-03 -5.92967775e-03  2.17479244e-02  1.96144413e-02
  -1.98795758e-02  0.00000000e+00 -1.23900007e-02  0.00000000e+00
   0.00000000e+00  2.29127109e-02]
 [ 1.82994083e-01 -5.18626153e-01 -6.84585869e-01 -2.70406336e-01
   3.73523198e-02  0.00000000e+00 -7.53744543e-02  0.00000000e+00
   8.16611722e-02  2.45747909e-01]
 [-3.00790638e-01  5.44749014e-02 -1.49251735e-02  5.08992672e-02
  -1.98708996e-02  0.00000000e+00  3.28641422e-02  0.00000000e+00
   0.00000000e+00 -1.26836061e-01]
 [-6.75084375e-05 -1.64217432e-03  1.78944562e-02  1.77435055e-02
  -1.44398017e-02  0.00000000e+00 -1.87442228e-02  0.00000000e+00
   0.00000000e+00  1.63502041e-02]
 [ 2.80984610e-01 -2.18346030e-01 -5.12580097e-01 -3.61226082e-01
   9.55276415e-02  0.00000000e+00 -2.40215752e-02  0.00000000e+00
  -4.42358889e-02  2.86267966e-01]
 [-3.82072926e-01 -9.49145257e-02  2.19930157e-01  1.08940780e-01
   1.54823996e-02  0.00000000e+00 -2.07045786e-02  0.00000000e+00
   0.00000000e+00 -1.67038724e-01]
 [-6.82019535e-03  1.94573042e-03  2.29251161e-02  2.77998205e-02
  -1.53145930e-02  0.00000000e+00 -1.29294619e-02  0.00000000e+00
   0.00000000e+00  2.16071159e-02]
 [ 1.83017805e-01  1.58040687e-01 -1.00406158e+00  2.92780906e-01
  -1.68301001e-01  0.00000000e+00 -1.26613751e-01  0.00000000e+00
  -4.65818018e-01 -4.06574070e-01]] 
Episode: 40: [[-3.16267014e-01 -2.74462461e-01 -1.36740518e+00  1.25367582e-01
   2.82421857e-02  0.00000000e+00  1.90002229e-02  0.00000000e+00
   9.72312167e-02  1.85100287e-01]
 [-8.16068724e-02  1.33992627e-01 -3.76375616e-02  2.16834284e-02
  -6.09728694e-02  0.00000000e+00  4.18988913e-02  0.00000000e+00
   0.00000000e+00 -5.21858595e-02]
 [ 2.96490849e-03 -3.60179599e-03  8.83376412e-03  1.63034126e-02
  -9.02410224e-03  0.00000000e+00 -1.68466065e-02  0.00000000e+00
   0.00000000e+00  2.82230359e-02]
 [ 4.68097270e-01 -2.80243218e-01 -1.51236713e+00 -4.37587909e-02
   1.04788162e-01  0.00000000e+00 -9.96367484e-02  0.00000000e+00
  -1.85550794e-01 -1.23593226e-01]
 [-1.94031268e-01  1.19397506e-01 -1.00882493e-01  7.14915479e-03
  -4.93582487e-02  0.00000000e+00  4.67646606e-02  0.00000000e+00
   0.00000000e+00 -1.27187029e-01]
 [ 5.39865112e-03 -5.91646880e-03  2.17660572e-02  1.96148455e-02
  -1.98409036e-02  0.00000000e+00 -1.23233544e-02  0.00000000e+00
   0.00000000e+00  2.28067171e-02]
 [ 1.82968318e-01 -5.18687189e-01 -6.84537172e-01 -2.70371377e-01
   3.73670906e-02  0.00000000e+00 -7.53301308e-02  0.00000000e+00
   8.16611722e-02  2.45559275e-01]
 [-3.00751597e-01  5.44584766e-02 -1.49248848e-02  5.09174950e-02
  -1.98144428e-02  0.00000000e+00  3.29320394e-02  0.00000000e+00
   0.00000000e+00 -1.26885593e-01]
 [-4.68412763e-05 -1.65813975e-03  1.79083012e-02  1.77432429e-02
  -1.43957222e-02  0.00000000e+00 -1.86379720e-02  0.00000000e+00
   0.00000000e+00  1.62516255e-02]
 [ 2.80930787e-01 -2.18374893e-01 -5.12575865e-01 -3.61183703e-01
   9.55185518e-02  0.00000000e+00 -2.39149313e-02  0.00000000e+00
  -4.42358889e-02  2.86131620e-01]
 [-3.82105112e-01 -9.49434340e-02  2.19929740e-01  1.08954154e-01
   1.54795507e-02  0.00000000e+00 -2.06356049e-02  0.00000000e+00
   0.00000000e+00 -1.67176768e-01]
 [-6.79952838e-03  1.93050399e-03  2.29393523e-02  2.77911816e-02
  -1.52705135e-02  0.00000000e+00 -1.28232110e-02  0.00000000e+00
   0.00000000e+00  2.15064436e-02]
 [ 1.82995856e-01  1.57991037e-01 -1.00406241e+00  2.92811871e-01
  -1.68303847e-01  0.00000000e+00 -1.26612589e-01  0.00000000e+00
  -4.65818018e-01 -4.06641752e-01]] 
Episode: 41: [[-3.16262364e-01 -2.74541557e-01 -1.36743534e+00  1.25414416e-01
   2.82624625e-02  0.00000000e+00  1.90777462e-02  0.00000000e+00
   9.72312167e-02  1.85035497e-01]
 [-8.16570446e-02  1.33905739e-01 -3.77168916e-02  2.17538495e-02
  -6.09525926e-02  0.00000000e+00  4.19747829e-02  0.00000000e+00
   0.00000000e+00 -5.21984026e-02]
 [ 2.86937621e-03 -3.62225994e-03  8.85675196e-03  1.63837597e-02
  -9.06965043e-03  0.00000000e+00 -1.67512484e-02  0.00000000e+00
   0.00000000e+00  2.81446446e-02]
 [ 4.68085378e-01 -2.80227125e-01 -1.51238656e+00 -4.37335745e-02
   1.04797319e-01  0.00000000e+00 -9.95108336e-02  0.00000000e+00
  -1.85550794e-01 -1.23788066e-01]
 [-1.93965733e-01  1.19313441e-01 -1.00912683e-01  7.20852055e-03
  -4.93343584e-02  0.00000000e+00  4.68561165e-02  0.00000000e+00
   0.00000000e+00 -1.27225205e-01]
 [ 5.37183974e-03 -5.93505055e-03  2.18131021e-02  1.96458045e-02
  -1.98366065e-02  0.00000000e+00 -1.22330226e-02  0.00000000e+00
   0.00000000e+00  2.26810314e-02]
 [ 1.82914719e-01 -5.18711567e-01 -6.84462965e-01 -2.70309508e-01
   3.73499133e-02  0.00000000e+00 -7.52598569e-02  0.00000000e+00
   8.16611722e-02  2.45359346e-01]
 [-3.00746948e-01  5.44132665e-02 -1.49550755e-02  5.09643219e-02
  -1.97941661e-02  0.00000000e+00  3.30234952e-02  0.00000000e+00
   0.00000000e+00 -1.26960546e-01]
 [-5.87219183e-05 -1.64202892e-03  1.79515686e-02  1.77734569e-02
  -1.43865664e-02  0.00000000e+00 -1.85120553e-02  0.00000000e+00
   0.00000000e+00  1.61326025e-02]
 [ 2.80851960e-01 -2.18370378e-01 -5.12541592e-01 -3.61115187e-01
   9.54799354e-02  0.00000000e+00 -2.37886608e-02  0.00000000e+00
  -4.42358889e-02  2.85978675e-01]
 [-3.82164687e-01 -9.49998572e-02  2.19960436e-01  1.08996987e-01
   1.54465409e-02  0.00000000e+00 -2.05431823e-02  0.00000000e+00
   0.00000000e+00 -1.67331249e-01]
 [-6.81140879e-03  1.94764126e-03  2.29829755e-02  2.78140511e-02
  -1.52613577e-02  0.00000000e+00 -1.26972944e-02  0.00000000e+00
   0.00000000e+00  2.13855393e-02]
 [ 1.82945684e-01  1.57915980e-01 -1.00409389e+00  2.92870164e-01
  -1.68336853e-01  0.00000000e+00 -1.26581088e-01  0.00000000e+00
  -4.65818018e-01 -4.06733006e-01]] 
Episode: 42: [[-3.16227794e-01 -2.74643064e-01 -1.36749291e+00  1.25426099e-01
   2.83110887e-02  0.00000000e+00  1.91778168e-02  0.00000000e+00
   9.72312167e-02  1.84946865e-01]
 [-8.16717222e-02  1.33797258e-01 -3.78185883e-02  2.17867289e-02
  -6.09039664e-02  0.00000000e+00  4.20733877e-02  0.00000000e+00
   0.00000000e+00 -5.22400774e-02]
 [ 2.75312155e-03 -3.61024542e-03  8.84700567e-03  1.64251644e-02
  -9.08017810e-03  0.00000000e+00 -1.66959595e-02  0.00000000e+00
   0.00000000e+00  2.80437935e-02]
 [ 4.68044311e-01 -2.80182242e-01 -1.51243472e+00 -4.37413193e-02
   1.04835950e-01  0.00000000e+00 -9.94280800e-02  0.00000000e+00
  -1.85550794e-01 -1.23993568e-01]
 [-1.93876430e-01  1.19207494e-01 -1.00970216e-01  7.23146554e-03
  -4.92821187e-02  0.00000000e+00  4.69687097e-02  0.00000000e+00
   0.00000000e+00 -1.27289921e-01]
 [ 5.31734107e-03 -5.92134474e-03  2.18246654e-02  1.96430758e-02
  -1.98023394e-02  0.00000000e+00 -1.21822497e-02  0.00000000e+00
   0.00000000e+00  2.25376785e-02]
 [ 1.82836145e-01 -5.18703043e-01 -6.84426665e-01 -2.70284325e-01
   3.73648815e-02  0.00000000e+00 -7.52271041e-02  0.00000000e+00
   8.16611722e-02  2.45149270e-01]
 [-3.00712377e-01  5.43422364e-02 -1.50126107e-02  5.09759970e-02
  -1.97455399e-02  0.00000000e+00  3.31360884e-02  0.00000000e+00
   0.00000000e+00 -1.27058297e-01]
 [-9.98029427e-05 -1.59714103e-03  1.79596636e-02  1.77702047e-02
  -1.43479342e-02  0.00000000e+00 -1.84293035e-02  0.00000000e+00
   0.00000000e+00  1.59952380e-02]
 [ 2.80750722e-01 -2.18335912e-01 -5.12541234e-01 -3.61084014e-01
   9.54756364e-02  0.00000000e+00 -2.37055924e-02  0.00000000e+00
  -4.42358889e-02  2.85810828e-01]
 [-3.82248819e-01 -9.50201601e-02  2.19956994e-01  1.09004706e-01
   1.54472813e-02  0.00000000e+00 -2.04905309e-02  0.00000000e+00
   0.00000000e+00 -1.67500481e-01]
 [-6.85248990e-03  1.99379562e-03  2.29913853e-02  2.78040189e-02
  -1.52227255e-02  0.00000000e+00 -1.26145435e-02  0.00000000e+00
   0.00000000e+00  2.12464835e-02]
 [ 1.82870194e-01  1.57818124e-01 -1.00415289e+00  2.92892128e-01
  -1.68336108e-01  0.00000000e+00 -1.26583189e-01  0.00000000e+00
  -4.65818018e-01 -4.06845421e-01]] 
Episode: 43: [[-3.16166341e-01 -2.74764657e-01 -1.36757493e+00  1.25406235e-01
   2.83244289e-02  0.00000000e+00  1.92373972e-02  0.00000000e+00
   9.72312167e-02  1.84836835e-01]
 [-8.16545561e-02  1.33669391e-01 -3.79403532e-02  2.17859168e-02
  -6.08906262e-02  0.00000000e+00  4.21316475e-02  0.00000000e+00
   0.00000000e+00 -5.23079000e-02]
 [ 2.67899688e-03 -3.62981041e-03  8.86860956e-03  1.64316427e-02
  -9.12000425e-03  0.00000000e+00 -1.66766290e-02  0.00000000e+00
   0.00000000e+00  2.79835146e-02]
 [ 4.68037754e-01 -2.80111551e-01 -1.51244736e+00 -4.37786430e-02
   1.04840308e-01  0.00000000e+00 -9.93840694e-02  0.00000000e+00
  -1.85550794e-01 -1.24147907e-01]
 [-1.93765804e-01  1.19081907e-01 -1.01052292e-01  7.22172437e-03
  -4.92659062e-02  0.00000000e+00  4.70395423e-02  0.00000000e+00
   0.00000000e+00 -1.27378449e-01]
 [ 5.29872207e-03 -5.93938958e-03  2.18657106e-02  1.96101218e-02
  -1.98019054e-02  0.00000000e+00 -1.21669797e-02  0.00000000e+00
   0.00000000e+00  2.24391986e-02]
 [ 1.82795882e-01 -5.18665016e-01 -6.84363723e-01 -2.70231307e-01
   3.73479724e-02  0.00000000e+00 -7.52280354e-02  0.00000000e+00
   8.16611722e-02  2.44990826e-01]
 [-3.00650924e-01  5.42480312e-02 -1.50946863e-02  5.09561300e-02
  -1.97321996e-02  0.00000000e+00  3.32069211e-02  0.00000000e+00
   0.00000000e+00 -1.27176523e-01]
 [-1.06362560e-04 -1.58716540e-03  1.79976616e-02  1.77369174e-02
  -1.43435756e-02  0.00000000e+00 -1.83852911e-02  0.00000000e+00
   0.00000000e+00  1.59021411e-02]
 [ 2.80690104e-01 -2.18274578e-01 -5.12510538e-01 -3.61086369e-01
   9.54414085e-02  0.00000000e+00 -2.36612950e-02  0.00000000e+00
  -4.42358889e-02  2.85690337e-01]
 [-3.82293880e-01 -9.50687677e-02  2.19922945e-01  1.08980924e-01
   1.54175833e-02  0.00000000e+00 -2.04735715e-02  0.00000000e+00
   0.00000000e+00 -1.67622223e-01]
 [-6.85904967e-03  2.00455845e-03  2.30296720e-02  2.77644694e-02
  -1.52183669e-02  0.00000000e+00 -1.25705320e-02  0.00000000e+00
   0.00000000e+00  2.11518649e-02]
 [ 1.82832703e-01  1.57699808e-01 -1.00423670e+00  2.92881519e-01
  -1.68365806e-01  0.00000000e+00 -1.26615435e-01  0.00000000e+00
  -4.65818018e-01 -4.06916082e-01]] 
Episode: 44: [[-3.16080779e-01 -2.74904281e-01 -1.36767900e+00  1.25358045e-01
   2.83667482e-02  0.00000000e+00  1.92606263e-02  0.00000000e+00
   9.72312167e-02  1.84768260e-01]
 [-8.16087946e-02  1.33524120e-01 -3.80801372e-02  2.17548609e-02
  -6.08483069e-02  0.00000000e+00  4.21536900e-02  0.00000000e+00
   0.00000000e+00 -5.23385406e-02]
 [ 2.64269207e-03 -3.67772439e-03  8.85770284e-03  1.64067838e-02
  -9.12547763e-03  0.00000000e+00 -1.66895799e-02  0.00000000e+00
   0.00000000e+00  2.79596560e-02]
 [ 4.68062192e-01 -2.80078322e-01 -1.51248932e+00 -4.38425206e-02
   1.04874551e-01  0.00000000e+00 -9.93748307e-02  0.00000000e+00
  -1.85550794e-01 -1.24256313e-01]
 [-1.93636030e-01  1.18938684e-01 -1.01156399e-01  7.18264142e-03
  -4.92206588e-02  0.00000000e+00  4.70728874e-02  0.00000000e+00
   0.00000000e+00 -1.27427697e-01]
 [ 5.31231193e-03 -5.98593708e-03  2.18719877e-02  1.95500422e-02
  -1.97711885e-02  0.00000000e+00 -1.21835796e-02  0.00000000e+00
   0.00000000e+00  2.23810002e-02]
 [ 1.82790026e-01 -5.18661201e-01 -6.84337437e-01 -2.70213991e-01
   3.73630971e-02  0.00000000e+00 -7.52591938e-02  0.00000000e+00
   8.16611722e-02  2.44878724e-01]
 [-3.00565362e-01  5.41330203e-02 -1.51987914e-02  5.09079434e-02
  -1.96898803e-02  0.00000000e+00  3.32402661e-02  0.00000000e+00
   0.00000000e+00 -1.27252474e-01]
 [-8.19322886e-05 -1.60853018e-03  1.80011299e-02  1.76766682e-02
  -1.43093308e-02  0.00000000e+00 -1.83760542e-02  0.00000000e+00
   0.00000000e+00  1.58487819e-02]
 [ 2.80665934e-01 -2.18249768e-01 -5.12513280e-01 -3.61118793e-01
   9.54409689e-02  0.00000000e+00 -2.36518029e-02  0.00000000e+00
  -4.42358889e-02  2.85612345e-01]
 [-3.82303864e-01 -9.51427892e-02  2.19861448e-01  1.08928882e-01
   1.54212136e-02  0.00000000e+00 -2.04886533e-02  0.00000000e+00
   0.00000000e+00 -1.67701334e-01]
 [-6.83461921e-03  1.98356784e-03  2.30333935e-02  2.76984293e-02
  -1.51841221e-02  0.00000000e+00 -1.25612961e-02  0.00000000e+00
   0.00000000e+00  2.10971385e-02]
 [ 1.82829335e-01  1.57623783e-01 -1.00434256e+00  2.92841643e-01
  -1.68362170e-01  0.00000000e+00 -1.26674756e-01  0.00000000e+00
  -4.65818018e-01 -4.06949282e-01]] 
Episode: 45: [[-3.16034168e-01 -2.75060087e-01 -1.36774230e+00  1.25345021e-01
   2.84350868e-02  0.00000000e+00  1.92512162e-02  0.00000000e+00
   9.72312167e-02  1.84736907e-01]
 [-8.15979466e-02  1.33363217e-01 -3.81755121e-02  2.17572339e-02
  -6.07799664e-02  0.00000000e+00  4.21432145e-02  0.00000000e+00
   0.00000000e+00 -5.23357913e-02]
 [ 2.64034700e-03 -3.75109375e-03  8.81760381e-03  1.63538046e-02
  -9.10010468e-03  0.00000000e+00 -1.67315174e-02  0.00000000e+00
   0.00000000e+00  2.79684998e-02]
 [ 4.68114436e-01 -2.80078739e-01 -1.51255763e+00 -4.39302400e-02
   1.04935631e-01  0.00000000e+00 -9.93968248e-02  0.00000000e+00
  -1.85550794e-01 -1.24323480e-01]
 [-1.93549663e-01  1.18779629e-01 -1.01219699e-01  7.17779854e-03
  -4.91493531e-02  0.00000000e+00  4.70725708e-02  0.00000000e+00
   0.00000000e+00 -1.27441689e-01]
 [ 5.35482354e-03 -6.05807826e-03  2.18470581e-02  1.94656104e-02
  -1.97132789e-02  0.00000000e+00 -1.22287972e-02  0.00000000e+00
   0.00000000e+00  2.23589726e-02]
 [ 1.82815045e-01 -5.18688023e-01 -6.84344113e-01 -2.70228714e-01
   3.74069884e-02  0.00000000e+00 -7.53175020e-02  0.00000000e+00
   8.16611722e-02  2.44808227e-01]
 [-3.00518751e-01  5.39993308e-02 -1.52620906e-02  5.08949161e-02
  -1.96215417e-02  0.00000000e+00  3.32399495e-02  0.00000000e+00
   0.00000000e+00 -1.27290457e-01]
 [-2.96751859e-05 -1.65803637e-03  1.79736093e-02  1.76527966e-02
  -1.42482501e-02  0.00000000e+00 -1.83980446e-02  0.00000000e+00
   0.00000000e+00  1.57705173e-02]
 [ 2.80674487e-01 -2.18257755e-01 -5.12546003e-01 -3.61178249e-01
   9.54708681e-02  0.00000000e+00 -2.36735623e-02  0.00000000e+00
  -4.42358889e-02  2.85572529e-01]
 [-3.82282346e-01 -9.52396318e-02  2.19775334e-01  1.08912736e-01
   1.54547710e-02  0.00000000e+00 -2.05325056e-02  0.00000000e+00
   0.00000000e+00 -1.67742163e-01]
 [-6.78236224e-03  1.93408004e-03  2.30060965e-02  2.76695210e-02
  -1.51230413e-02  0.00000000e+00 -1.25832865e-02  0.00000000e+00
   0.00000000e+00  2.10176446e-02]
 [ 1.82796016e-01  1.57525137e-01 -1.00446832e+00  2.92836100e-01
  -1.68328613e-01  0.00000000e+00 -1.26758382e-01  0.00000000e+00
  -4.65818018e-01 -4.06948835e-01]] 
Episode: 46: [[-3.15961987e-01 -2.75169909e-01 -1.36782944e+00  1.25303045e-01
   2.84662675e-02  0.00000000e+00  1.92730203e-02  0.00000000e+00
   9.72312167e-02  1.84678450e-01]
 [-8.15579295e-02  1.33248821e-01 -3.82915288e-02  2.17291042e-02
  -6.07487857e-02  0.00000000e+00  4.21640612e-02  0.00000000e+00
   0.00000000e+00 -5.23635857e-02]
 [ 2.66850274e-03 -3.78679764e-03  8.75128526e-03  1.62755810e-02
  -9.10755526e-03  0.00000000e+00 -1.67389605e-02  0.00000000e+00
   0.00000000e+00  2.79461872e-02]
 [ 4.68131155e-01 -2.80109376e-01 -1.51264954e+00 -4.40393761e-02
   1.04960285e-01  0.00000000e+00 -9.93863344e-02  0.00000000e+00
  -1.85550794e-01 -1.24414138e-01]
 [-1.93441734e-01  1.18666887e-01 -1.01306878e-01  7.14318035e-03
  -4.91158552e-02  0.00000000e+00  4.71025519e-02  0.00000000e+00
   0.00000000e+00 -1.27484530e-01]
 [ 5.42331068e-03 -6.15320588e-03  2.17941143e-02  1.93593111e-02
  -1.96914747e-02  0.00000000e+00 -1.22391889e-02  0.00000000e+00
   0.00000000e+00  2.23089028e-02]
 [ 1.82807282e-01 -5.18742442e-01 -6.84380352e-01 -2.70272225e-01
   3.74161899e-02  0.00000000e+00 -7.53396675e-02  0.00000000e+00
   8.16611722e-02  2.44714588e-01]
 [-3.00446570e-01  5.39093912e-02 -1.53492680e-02  5.08529395e-02
  -1.95903610e-02  0.00000000e+00  3.32699306e-02  0.00000000e+00
   0.00000000e+00 -1.27354875e-01]
 [ 4.75743509e-05 -1.73281727e-03  1.79182719e-02  1.76010691e-02
  -1.42235951e-02  0.00000000e+00 -1.83875524e-02  0.00000000e+00
   0.00000000e+00  1.56698842e-02]
 [ 2.80651927e-01 -2.18295202e-01 -5.12605727e-01 -3.61261964e-01
   9.54674855e-02  0.00000000e+00 -2.36628633e-02  0.00000000e+00
  -4.42358889e-02  2.85506457e-01]
 [-3.82232547e-01 -9.52964425e-02  2.19667122e-01  1.08867630e-01
   1.54546797e-02  0.00000000e+00 -2.05416698e-02  0.00000000e+00
   0.00000000e+00 -1.67809129e-01]
 [-6.70511276e-03  1.85901159e-03  2.29509547e-02  2.76131108e-02
  -1.50983864e-02  0.00000000e+00 -1.25727942e-02  0.00000000e+00
   0.00000000e+00  2.09159069e-02]
 [ 1.82796314e-01  1.57466710e-01 -1.00461197e+00  2.92800844e-01
  -1.68328702e-01  0.00000000e+00 -1.26803309e-01  0.00000000e+00
  -4.65818018e-01 -4.06978697e-01]] 
Episode: 47: [[-3.1592733e-01 -2.7523842e-01 -1.3679380e+00  1.2529553e-01
   2.8524542e-02  0.0000000e+00  1.9262388e-02  0.0000000e+00
   9.7231217e-02  1.8459564e-01]
 [-8.1552185e-02  1.3317619e-01 -3.8426090e-02  2.1734048e-02
  -6.0690511e-02  0.0000000e+00  4.2152569e-02  0.0000000e+00
   0.0000000e+00 -5.2418813e-02]
 [ 2.6635830e-03 -3.8491404e-03  8.6614136e-03  1.6174695e-02
  -9.0840170e-03  0.0000000e+00 -1.6775891e-02  0.0000000e+00
   0.0000000e+00  2.7895886e-02]
 [ 4.6811596e-01 -2.8016716e-01 -1.5127016e+00 -4.4167750e-02
   1.0501269e-01  0.0000000e+00 -9.9407136e-02  0.0000000e+00
  -1.8555079e-01 -1.2452590e-01]
 [-1.9337493e-01  1.1859574e-01 -1.0135503e-01  7.1422886e-03
  -4.9055178e-02  0.0000000e+00  4.7099274e-02  0.0000000e+00
   0.0000000e+00 -1.2755328e-01]
 [ 5.4546571e-03 -6.2689828e-03  2.1777017e-02  1.9233372e-02
  -1.9641632e-02  0.0000000e+00 -1.2278771e-02  0.0000000e+00
   0.0000000e+00  2.2233643e-02]
 [ 1.8277006e-01 -5.1882160e-01 -6.8438274e-01 -2.7034158e-01
   3.7454702e-02  0.0000000e+00 -7.5389832e-02  0.0000000e+00
   8.1661172e-02  2.4466062e-01]
 [-3.0041191e-01  5.3858753e-02 -1.5397421e-02  5.0845429e-02
  -1.9532086e-02  0.0000000e+00  3.3266652e-02  0.0000000e+00
   0.0000000e+00 -1.2744303e-01]
 [ 8.6800246e-05 -1.8303029e-03  1.7899089e-02  1.7524319e-02
  -1.4171188e-02  0.0000000e+00 -1.8408354e-02  0.0000000e+00
   0.0000000e+00  1.5549156e-02]
 [ 2.8060141e-01 -2.1835911e-01 -5.1268965e-01 -3.6136749e-01
   9.5494680e-02  0.0000000e+00 -2.3683479e-02  0.0000000e+00
  -4.4235889e-02  2.8547728e-01]
 [-3.8221818e-01 -9.5377766e-02  2.1953909e-01  1.0879653e-01
   1.5484835e-02  0.0000000e+00 -2.0580148e-02  0.0000000e+00
   0.0000000e+00 -1.6789958e-01]
 [-6.6658868e-03  1.7609753e-03  2.2931954e-02  2.7531998e-02
  -1.5045979e-02  0.0000000e+00 -1.2593597e-02  0.0000000e+00
   0.0000000e+00  2.0794185e-02]
 [ 1.8276635e-01  1.5744440e-01 -1.0047716e+00  2.9273891e-01
  -1.6829854e-01  0.0000000e+00 -1.2687394e-01  0.0000000e+00
  -4.6581802e-01 -4.0703580e-01]] 
Episode: 48: [[-3.1592637e-01 -2.7533028e-01 -1.3680055e+00  1.2525856e-01
   2.8607162e-02  0.0000000e+00  1.9283041e-02  0.0000000e+00
   9.7231217e-02  1.8449096e-01]
 [-8.1577234e-02  1.3308066e-01 -3.8516887e-02  2.1708278e-02
  -6.0607892e-02  0.0000000e+00  4.2172447e-02  0.0000000e+00
   0.0000000e+00 -5.2438267e-02]
 [ 2.6289453e-03 -3.9354181e-03  8.6108074e-03  1.6114524e-02
  -9.0326359e-03  0.0000000e+00 -1.6778888e-02  0.0000000e+00
   0.0000000e+00  2.7820438e-02]
 [ 4.6813250e-01 -2.8024936e-01 -1.5127181e+00 -4.4252981e-02
   1.0509004e-01  0.0000000e+00 -9.9395633e-02  0.0000000e+00
  -1.8555079e-01 -1.2465661e-01]
 [-1.9334507e-01  1.1850155e-01 -1.0136812e-01  7.1112732e-03
  -4.8970088e-02  0.0000000e+00  4.7126539e-02  0.0000000e+00
   0.0000000e+00 -1.2764533e-01]
 [ 5.4526329e-03 -6.4033130e-03  2.1792116e-02  1.9150462e-02
  -1.9566596e-02  0.0000000e+00 -1.2284153e-02  0.0000000e+00
   0.0000000e+00  2.2135748e-02]
 [ 1.8276680e-01 -5.1892298e-01 -6.8435466e-01 -2.7037373e-01
   3.7519548e-02  0.0000000e+00 -7.5404733e-02  0.0000000e+00
   8.1661172e-02  2.4458186e-01]
 [-3.0041096e-01  5.3783003e-02 -1.5410511e-02  5.0808463e-02
  -1.9449467e-02  0.0000000e+00  3.3293918e-02  0.0000000e+00
   0.0000000e+00 -1.2755252e-01]
 [ 9.1862021e-05 -1.9481885e-03  1.7912377e-02  1.7485511e-02
  -1.4093845e-02  0.0000000e+00 -1.8396849e-02  0.0000000e+00
   0.0000000e+00  1.5410373e-02]
 [ 2.8058618e-01 -2.1844681e-01 -5.1273489e-01 -3.6143216e-01
   9.5549352e-02  0.0000000e+00 -2.3671806e-02  0.0000000e+00
  -4.4235889e-02  2.8542084e-01]
 [-3.8217488e-01 -9.5481113e-02  2.1939325e-01  1.0870208e-01
   1.5542166e-02  0.0000000e+00 -2.0584539e-02  0.0000000e+00
   0.0000000e+00 -1.6801114e-01]
 [-6.6608251e-03  1.6423136e-03  2.2945408e-02  2.7489429e-02
  -1.4968636e-02  0.0000000e+00 -1.2582092e-02  0.0000000e+00
   0.0000000e+00  2.0654509e-02]
 [ 1.8270919e-01  1.5739413e-01 -1.0048846e+00  2.9265299e-01
  -1.6824122e-01  0.0000000e+00 -1.2690724e-01  0.0000000e+00
  -4.6581802e-01 -4.0711737e-01]] 
Episode: 49: [[-3.15955698e-01 -2.75382668e-01 -1.36809635e+00  1.25195131e-01
   2.87116598e-02  0.00000000e+00  1.93318073e-02  0.00000000e+00
   9.72312167e-02  1.84427008e-01]
 [-8.16299543e-02  1.33024931e-01 -3.86287384e-02  2.16549113e-02
  -6.05033934e-02  0.00000000e+00  4.22205143e-02  0.00000000e+00
   0.00000000e+00 -5.24255708e-02]
 [ 2.56760139e-03 -3.98282055e-03  8.59548617e-03  1.60909258e-02
  -8.95623397e-03  0.00000000e+00 -1.68117750e-02  0.00000000e+00
   0.00000000e+00  2.77827755e-02]
 [ 4.68117177e-01 -2.80293077e-01 -1.51270247e+00 -4.42994423e-02
   1.05189785e-01  0.00000000e+00 -9.94154736e-02  0.00000000e+00
  -1.85550794e-01 -1.24743976e-01]
 [-1.93348408e-01  1.18447036e-01 -1.01410083e-01  7.05318712e-03
  -4.88630757e-02  0.00000000e+00  4.71812524e-02  0.00000000e+00
   0.00000000e+00 -1.27697915e-01]
 [ 5.42062055e-03 -6.49393210e-03  2.18361374e-02  1.91062149e-02
  -1.94689184e-02  0.00000000e+00 -1.23191858e-02  0.00000000e+00
   0.00000000e+00  2.20778976e-02]
 [ 1.82733670e-01 -5.18983960e-01 -6.84299231e-01 -2.70372450e-01
   3.76080610e-02  0.00000000e+00 -7.54483268e-02  0.00000000e+00
   8.16611722e-02  2.44541228e-01]
 [-3.00440282e-01  5.37450686e-02 -1.54524753e-02  5.07450253e-02
  -1.93449687e-02  0.00000000e+00  3.33486311e-02  0.00000000e+00
   0.00000000e+00 -1.27620816e-01]
 [ 6.62222665e-05 -2.02401308e-03  1.79548301e-02  1.74807999e-02
  -1.39940940e-02  0.00000000e+00 -1.84166934e-02  0.00000000e+00
   0.00000000e+00  1.53157488e-02]
 [ 2.80542284e-01 -2.18495473e-01 -5.12745380e-01 -3.61460149e-01
   9.56287086e-02  0.00000000e+00 -2.36914996e-02  0.00000000e+00
  -4.42358889e-02  2.85400271e-01]
 [-3.82166296e-01 -9.55438614e-02  2.19292849e-01  1.08647645e-01
   1.56239206e-02  0.00000000e+00 -2.06186790e-02  0.00000000e+00
   0.00000000e+00 -1.68081284e-01]
 [-6.68646488e-03  1.56610762e-03  2.29880139e-02  2.74814889e-02
  -1.48688853e-02  0.00000000e+00 -1.26019362e-02  0.00000000e+00
   0.00000000e+00  2.05590818e-02]
 [ 1.82627589e-01  1.57379106e-01 -1.00501668e+00  2.92545527e-01
  -1.68159470e-01  0.00000000e+00 -1.26967385e-01  0.00000000e+00
  -4.65818018e-01 -4.07160521e-01]] 
Episode: 50: [[-3.1601223e-01 -2.7545998e-01 -1.3681480e+00  1.2510790e-01
   2.8775474e-02  0.0000000e+00  1.9405842e-02  0.0000000e+00
   9.7231217e-02  1.8439966e-01]
 [-8.1707545e-02  1.3294464e-01 -3.8699165e-02  2.1576738e-02
  -6.0439579e-02  0.0000000e+00  4.2293921e-02  0.0000000e+00
   0.0000000e+00 -5.2383978e-02]
 [ 2.4822543e-03 -4.0556281e-03  8.6118784e-03  1.6100185e-02
  -8.9176884e-03  0.0000000e+00 -1.6811183e-02  0.0000000e+00
   0.0000000e+00  2.7718727e-02]
 [ 4.6807322e-01 -2.8036258e-01 -1.5126580e+00 -4.4311058e-02
   1.0524933e-01  0.0000000e+00 -9.9403150e-02  0.0000000e+00
  -1.8555079e-01 -1.2485273e-01]
 [-1.9338158e-01  1.1836783e-01 -1.0141765e-01  6.9707702e-03
  -4.8797324e-02  0.0000000e+00  4.7260635e-02  0.0000000e+00
   0.0000000e+00 -1.2771505e-01]
 [ 5.3616548e-03 -6.6056103e-03  2.1906143e-02  1.9096710e-02
  -1.9411238e-02  0.0000000e+00 -1.2320522e-02  0.0000000e+00
   0.0000000e+00  2.1995693e-02]
 [ 1.8273406e-01 -5.1906902e-01 -6.8427956e-01 -2.7034113e-01
   3.7657499e-02  0.0000000e+00 -7.5457364e-02  0.0000000e+00
   8.1661172e-02  2.4447452e-01]
 [-3.0049682e-01  5.3680778e-02 -1.5460047e-02  5.0657794e-02
  -1.9281154e-02  0.0000000e+00  3.3428013e-02  0.0000000e+00
   0.0000000e+00 -1.2765206e-01]
 [ 1.2988471e-05 -2.1223887e-03  1.8023483e-02  1.7506737e-02
  -1.3934548e-02  0.0000000e+00 -1.8404368e-02  0.0000000e+00
   0.0000000e+00  1.5200469e-02]
 [ 2.8047264e-01 -2.1856943e-01 -5.1272464e-01 -3.6145514e-01
   9.5669910e-02  0.0000000e+00 -2.3679040e-02  0.0000000e+00
  -4.4235889e-02  2.8535160e-01]
 [-3.8218892e-01 -9.5630474e-02  2.1923324e-01  1.0862917e-01
   1.5667280e-02  0.0000000e+00 -2.0619212e-02  0.0000000e+00
   0.0000000e+00 -1.6811420e-01]
 [-6.7396988e-03  1.4671157e-03  2.3056811e-02  2.7504664e-02
  -1.4809339e-02  0.0000000e+00 -1.2589612e-02  0.0000000e+00
   0.0000000e+00  2.0443080e-02]
 [ 1.8252403e-01  1.5733543e-01 -1.0051050e+00  2.9241869e-01
  -1.6811611e-01  0.0000000e+00 -1.2699130e-01  0.0000000e+00
  -4.6581802e-01 -4.0722951e-01]] 
Episode: 51: [[-3.16032946e-01 -2.75559664e-01 -1.36822450e+00  1.25059590e-01
   2.88027190e-02  0.00000000e+00  1.95025895e-02  0.00000000e+00
   9.72312167e-02  1.84344918e-01]
 [-8.17471817e-02  1.32842273e-01 -3.87926698e-02  2.15365775e-02
  -6.04123361e-02  0.00000000e+00  4.23901044e-02  0.00000000e+00
   0.00000000e+00 -5.23767211e-02]
 [ 2.37533078e-03 -4.15127259e-03  8.65677837e-03  1.61389671e-02
  -8.91317334e-03  0.00000000e+00 -1.67804938e-02  0.00000000e+00
   0.00000000e+00  2.76309606e-02]
 [ 4.68003541e-01 -2.80455232e-01 -1.51258755e+00 -4.42913510e-02
   1.05272733e-01  0.00000000e+00 -9.93619114e-02  0.00000000e+00
  -1.85550794e-01 -1.24980710e-01]
 [-1.93381250e-01  1.18266426e-01 -1.01454616e-01  6.92679314e-03
  -4.87686507e-02  0.00000000e+00  4.73621935e-02  0.00000000e+00
   0.00000000e+00 -1.27760619e-01]
 [ 5.27846115e-03 -6.73621800e-03  2.19994988e-02  1.91184320e-02
  -1.93895102e-02  0.00000000e+00 -1.22915683e-02  0.00000000e+00
   0.00000000e+00  2.18915958e-02]
 [ 1.82704240e-01 -5.19175649e-01 -6.84231699e-01 -2.70282805e-01
   3.76718119e-02  0.00000000e+00 -7.54353330e-02  0.00000000e+00
   8.16611722e-02  2.44384348e-01]
 [-3.00517529e-01  5.35927936e-02 -1.54970130e-02  5.06094880e-02
  -1.92539096e-02  0.00000000e+00  3.35295722e-02  0.00000000e+00
   0.00000000e+00 -1.27710328e-01]
 [-6.50497823e-05 -2.24103522e-03  1.81156788e-02  1.75602213e-02
  -1.39111429e-02  0.00000000e+00 -1.83631275e-02  0.00000000e+00
   0.00000000e+00  1.50666209e-02]
 [ 2.80379832e-01 -2.18666092e-01 -5.12675822e-01 -3.61420482e-01
   9.56768170e-02  0.00000000e+00 -2.36376766e-02  0.00000000e+00
  -4.42358889e-02  2.85277665e-01]
 [-3.82239580e-01 -9.57385376e-02  2.19210297e-01  1.08642995e-01
   1.56761259e-02  0.00000000e+00 -2.05895361e-02  0.00000000e+00
   0.00000000e+00 -1.68173954e-01]
 [-6.81773713e-03  1.34765089e-03  2.31491383e-02  2.75558047e-02
  -1.47859342e-02  0.00000000e+00 -1.25483712e-02  0.00000000e+00
   0.00000000e+00  2.03085821e-02]
 [ 1.82400718e-01  1.57265991e-01 -1.00515401e+00  2.92334765e-01
  -1.68107256e-01  0.00000000e+00 -1.26982659e-01  0.00000000e+00
  -4.65818018e-01 -4.07321721e-01]] 
Episode: 52: [[-3.16021442e-01 -2.75679469e-01 -1.36826324e+00  1.25046283e-01
   2.87970863e-02  0.00000000e+00  1.95594784e-02  0.00000000e+00
   9.72312167e-02  1.84265524e-01]
 [-8.17526951e-02  1.32720038e-01 -3.88466418e-02  2.14703120e-02
  -6.04179688e-02  0.00000000e+00  4.24464867e-02  0.00000000e+00
   0.00000000e+00 -5.24003319e-02]
 [ 2.30928930e-03 -4.26744809e-03  8.72730743e-03  1.61434133e-02
  -8.93925130e-03  0.00000000e+00 -1.67227481e-02  0.00000000e+00
   0.00000000e+00  2.75821518e-02]
 [ 4.67910707e-01 -2.80568719e-01 -1.51255465e+00 -4.43037637e-02
   1.05263643e-01  0.00000000e+00 -9.92946774e-02  0.00000000e+00
  -1.85550794e-01 -1.25065684e-01]
 [-1.93350822e-01  1.18145071e-01 -1.01457730e-01  6.91737421e-03
  -4.87732962e-02  0.00000000e+00  4.74234112e-02  0.00000000e+00
   0.00000000e+00 -1.27831742e-01]
 [ 5.23376511e-03 -6.88384380e-03  2.20530853e-02  1.91077180e-02
  -1.94001049e-02  0.00000000e+00 -1.22353835e-02  0.00000000e+00
   0.00000000e+00  2.18280964e-02]
 [ 1.82647288e-01 -5.19241452e-01 -6.84218764e-01 -2.70260483e-01
   3.77148241e-02  0.00000000e+00 -7.53853768e-02  0.00000000e+00
   8.16611722e-02  2.44333386e-01]
 [-3.00506026e-01  5.34835085e-02 -1.55001255e-02  5.05961739e-02
  -1.92595422e-02  0.00000000e+00  3.35907899e-02  0.00000000e+00
   0.00000000e+00 -1.27792880e-01]
 [-1.65387653e-04 -2.37790565e-03  1.81681626e-02  1.75781921e-02
  -1.39202289e-02  0.00000000e+00 -1.82958897e-02  0.00000000e+00
   0.00000000e+00  1.49763599e-02]
 [ 2.80266225e-01 -2.18783185e-01 -5.12662053e-01 -3.61419439e-01
   9.57131684e-02  0.00000000e+00 -2.35703290e-02  0.00000000e+00
  -4.42358889e-02  2.85241276e-01]
 [-3.82254869e-01 -9.58658829e-02  2.19220281e-01  1.08625010e-01
   1.56539418e-02  0.00000000e+00 -2.05327012e-02  0.00000000e+00
   0.00000000e+00 -1.68257847e-01]
 [-6.91807503e-03  1.27062830e-03  2.32017357e-02  2.75715254e-02
  -1.47950202e-02  0.00000000e+00 -1.24811335e-02  0.00000000e+00
   0.00000000e+00  2.02177372e-02]
 [ 1.82319939e-01  1.57173380e-01 -1.00516772e+00  2.92229146e-01
  -1.68129444e-01  0.00000000e+00 -1.26944751e-01  0.00000000e+00
  -4.65818018e-01 -4.07434791e-01]] 
Episode: 53: [[-3.16041201e-01 -2.75757134e-01 -1.36832821e+00  1.25064433e-01
   2.88221464e-02  0.00000000e+00  1.96407791e-02  0.00000000e+00
   9.72312167e-02  1.84163973e-01]
 [-8.17877799e-02  1.32640213e-01 -3.89253199e-02  2.14408282e-02
  -6.03929088e-02  0.00000000e+00  4.25273329e-02  0.00000000e+00
   0.00000000e+00 -5.24517000e-02]
 [ 2.28000549e-03 -4.34183143e-03  8.76062829e-03  1.61778256e-02
  -8.93258490e-03  0.00000000e+00 -1.66406762e-02  0.00000000e+00
   0.00000000e+00  2.75081191e-02]
 [ 4.67857331e-01 -2.80640692e-01 -1.51255536e+00 -4.42848019e-02
   1.05285592e-01  0.00000000e+00 -9.92040634e-02  0.00000000e+00
  -1.85550794e-01 -1.25172257e-01]
 [-1.93353578e-01  1.18066028e-01 -1.01490654e-01  6.93902699e-03
  -4.87470627e-02  0.00000000e+00  4.75086048e-02  0.00000000e+00
   0.00000000e+00 -1.27925858e-01]
 [ 5.22368308e-03 -6.98651932e-03  2.20709257e-02  1.91283170e-02
  -1.93795096e-02  0.00000000e+00 -1.21547151e-02  0.00000000e+00
   0.00000000e+00  2.17408482e-02]
 [ 1.82626173e-01 -5.19270539e-01 -6.84237242e-01 -2.70210266e-01
   3.77836451e-02  0.00000000e+00 -7.53103122e-02  0.00000000e+00
   8.16611722e-02  2.44257405e-01]
 [-3.00525784e-01  5.34153245e-02 -1.55330505e-02  5.06143235e-02
  -1.92344822e-02  0.00000000e+00  3.36759835e-02  0.00000000e+00
   0.00000000e+00 -1.27897263e-01]
 [-2.25523923e-04 -2.47090124e-03  1.81849524e-02  1.76244844e-02
  -1.38982767e-02  0.00000000e+00 -1.82052776e-02  0.00000000e+00
   0.00000000e+00  1.48650371e-02]
 [ 2.80194134e-01 -2.18858391e-01 -5.12679815e-01 -3.61388385e-01
   9.57759991e-02  0.00000000e+00 -2.34796181e-02  0.00000000e+00
  -4.42358889e-02  2.85178423e-01]
 [-3.82238328e-01 -9.59503129e-02  2.19198659e-01  1.08639240e-01
   1.56641118e-02  0.00000000e+00 -2.04514489e-02  0.00000000e+00
   0.00000000e+00 -1.68363437e-01]
 [-6.97821146e-03  1.23175280e-03  2.32186243e-02  2.76159272e-02
  -1.47730680e-02  0.00000000e+00 -1.23905223e-02  0.00000000e+00
   0.00000000e+00  2.01058891e-02]
 [ 1.82217136e-01  1.57120198e-01 -1.00521040e+00  2.92164236e-01
  -1.68119282e-01  0.00000000e+00 -1.26880527e-01  0.00000000e+00
  -4.65818018e-01 -4.07566637e-01]] 
Episode: 54: [[nan nan nan nan nan nan nan nan nan nan]
 [nan nan nan nan nan nan nan nan nan nan]
 [nan nan nan nan nan nan nan nan nan nan]
 [nan nan nan nan nan nan nan nan nan nan]
 [nan nan nan nan nan nan nan nan nan nan]
 [nan nan nan nan nan nan nan nan nan nan]
 [nan nan nan nan nan nan nan nan nan nan]
 [nan nan nan nan nan nan nan nan nan nan]
 [nan nan nan nan nan nan nan nan nan nan]
 [nan nan nan nan nan nan nan nan nan nan]
 [nan nan nan nan nan nan nan nan nan nan]
 [nan nan nan nan nan nan nan nan nan nan]
 [nan nan nan nan nan nan nan nan nan nan]] 
