Episode: 1: [[-1.2271091  -1.4166971  -1.4607652  -0.32909128 -1.5950363  -1.4806378
   0.3020447  -1.7999883  -1.4854373   2.5742505  -1.7167319  -1.48216
   0.05499332]] 
Episode: 2: [[-1.2274091  -1.4169972  -1.4610653  -0.3287913  -1.5953363  -1.4809378
   0.30234468 -1.8002883  -1.4857373   2.5745504  -1.717032   -1.48246
   0.05469332]] 
Episode: 3: [[-1.227709   -1.417058   -1.4611742  -0.3284909  -1.5953987  -1.4812291
   0.30263624 -1.8003024  -1.4860362   2.5743306  -1.717209   -1.482757
   0.05485681]] 
Episode: 4: [[-1.2280087  -1.4170285  -1.4613758  -0.3281914  -1.5952865  -1.481485
   0.30292916 -1.800139   -1.4863119   2.5740771  -1.7173597  -1.4830409
   0.05508585]] 
Episode: 5: [[-1.228191   -1.4168615  -1.4615911  -0.32826802 -1.5951056  -1.4817438
   0.3029138  -1.7999618  -1.4865946   2.5741668  -1.7175628  -1.4833304
   0.05505185]] 
Episode: 6: [[-1.2284157  -1.4167409  -1.4618208  -0.32827124 -1.5949333  -1.4820166
   0.3030049  -1.7997705  -1.4868813   2.5741963  -1.717798   -1.4836156
   0.05509272]] 
Episode: 7: [[-1.2286649  -1.4165858  -1.4619985  -0.32825178 -1.5947444  -1.4822401
   0.3029975  -1.7996252  -1.487134    2.574244   -1.7180486  -1.4838808
   0.05510901]] 
Episode: 8: [[-1.2288833  -1.4164954  -1.4621563  -0.32823017 -1.5946435  -1.4824506
   0.30303282 -1.7995603  -1.4873788   2.5742948  -1.7183056  -1.4841408
   0.055092  ]] 
Episode: 9: [[-1.2291058  -1.4164518  -1.4623044  -0.32818273 -1.5945878  -1.4826534
   0.30311143 -1.7995231  -1.4876194   2.5743227  -1.7185705  -1.4844004
   0.0550872 ]] 
Episode: 10: [[-1.2293093  -1.4164621  -1.4624631  -0.32814193 -1.5945964  -1.482855
   0.30322218 -1.7995213  -1.4878495   2.5743513  -1.7188399  -1.4846495
   0.05508093]] 
Episode: 11: [[-1.2295271  -1.4164772  -1.4625957  -0.32808486 -1.5946105  -1.4830426
   0.30331382 -1.7995348  -1.4880723   2.5743802  -1.7191023  -1.4848894
   0.05506535]] 
Episode: 12: [[-1.2297617  -1.4164464  -1.4627029  -0.32799843 -1.5945504  -1.4832066
   0.3033964  -1.799469   -1.4882715   2.574361   -1.719292   -1.4851003
   0.05511157]] 
Episode: 13: [[-1.2300133  -1.4163957  -1.4627957  -0.32787123 -1.5944535  -1.483352
   0.3035026  -1.7993673  -1.4884589   2.5742855  -1.7194946  -1.4853104
   0.05522248]] 
Episode: 14: [[-1.2302818  -1.4163766  -1.4627646  -0.32769665 -1.5944101  -1.4833622
   0.3035371  -1.7993637  -1.4885381   2.5741775  -1.7197102  -1.4854474
   0.05535909]] 
Episode: 15: [[-1.2304841  -1.4163654  -1.4626975  -0.32754254 -1.5944002  -1.4833243
   0.3035301  -1.7994137  -1.4885572   2.574088   -1.7199064  -1.4855232
   0.05545854]] 
Episode: 16: [[-1.2307152  -1.4163663  -1.4626553  -0.32734722 -1.5943683  -1.4833418
   0.30360687 -1.7994152  -1.4886502   2.573942   -1.7201352  -1.485668
   0.05561568]] 
Episode: 17: [[-1.2309512  -1.4163227  -1.4626261  -0.32715887 -1.5942928  -1.4833661
   0.30366856 -1.799369   -1.4887453   2.5737915  -1.7203317  -1.4858115
   0.05579149]] 
Episode: 18: [[-1.2312102  -1.4162121  -1.462625   -0.3269752  -1.5941446  -1.4834238
   0.3037001  -1.799242   -1.4888649   2.5736432  -1.7204663  -1.4859632
   0.05598507]] 
Episode: 19: [[-1.2314767  -1.4162956  -1.4627289  -0.32677248 -1.5942073  -1.4835688
   0.30383995 -1.7992824  -1.4890492   2.5735266  -1.7206528  -1.4861649
   0.05612629]] 
Episode: 20: [[-1.2317302  -1.416327   -1.4628181  -0.32660466 -1.5942394  -1.4836861
   0.3039116  -1.7993186  -1.4892042   2.573445   -1.7208217  -1.4863392
   0.05625779]] 
Episode: 21: [[-1.2319248  -1.4163568  -1.4629192  -0.32647797 -1.5942712  -1.4838164
   0.30397373 -1.7993606  -1.4893625   2.5733905  -1.7209842  -1.486509
   0.05636873]] 
Episode: 22: [[-1.2320557  -1.4164078  -1.4630022  -0.32638252 -1.5943285  -1.4839169
   0.30402422 -1.7994335  -1.4894841   2.5733669  -1.7211355  -1.4866412
   0.05642875]] 
Episode: 23: [[-1.2321763  -1.4164464  -1.4630679  -0.32629886 -1.5943753  -1.4839966
   0.30405456 -1.799503   -1.4895829   2.5733552  -1.7212682  -1.4867496
   0.05647166]] 
Episode: 24: [[-1.2323173  -1.416464   -1.463114   -0.32618874 -1.594392   -1.4840672
   0.30408633 -1.799533   -1.4896765   2.5732977  -1.72138    -1.4868519
   0.05656109]] 
Episode: 25: [[-1.2324677  -1.416471   -1.4631689  -0.32608336 -1.5943937  -1.4841462
   0.30411756 -1.7995386  -1.4897732   2.5732388  -1.7214776  -1.4869512
   0.05665769]] 
Episode: 26: [[-1.2326046  -1.4164753  -1.4632193  -0.32599756 -1.594399   -1.4842142
   0.3041403  -1.7995509  -1.4898548   2.5732002  -1.7215635  -1.4870342
   0.05673088]] 
Episode: 27: [[-1.2327797  -1.4164834  -1.4632704  -0.32586017 -1.5943906  -1.4842981
   0.30420083 -1.79953    -1.489958    2.573094   -1.7216552  -1.4871384
   0.05686866]] 
Episode: 28: [[-1.2329412  -1.4164814  -1.4633023  -0.3257219  -1.5943727  -1.4843591
   0.30425355 -1.7995014  -1.4900388   2.5729764  -1.7217311  -1.4872228
   0.05701296]] 
Episode: 29: [[-1.23306    -1.4165006  -1.4633099  -0.3256107  -1.5943803  -1.4843808
   0.30427724 -1.7995101  -1.4900705   2.5728908  -1.7217965  -1.4872549
   0.05712073]] 
Episode: 30: [[-1.2331223  -1.4165227  -1.4633075  -0.32555872 -1.594407   -1.484373
   0.30426928 -1.7995491  -1.490062    2.5728657  -1.721847   -1.487245
   0.05716323]] 
Episode: 31: [[-1.2331821  -1.4165471  -1.4633297  -0.3255326  -1.5944439  -1.4843804
   0.3042583  -1.7995985  -1.4900627   2.5728748  -1.7219132  -1.4872427
   0.05717905]] 
Episode: 32: [[-1.2332939  -1.4165411  -1.4633662  -0.32547975 -1.5944393  -1.4844152
   0.3042595  -1.7995934  -1.4900955   2.5728538  -1.7219704  -1.4872708
   0.05723484]] 
Episode: 33: [[-1.2334057  -1.4165375  -1.4634069  -0.32543445 -1.5944406  -1.4844562
   0.3042678  -1.7995926  -1.4901352   2.572842   -1.7220304  -1.4873061
   0.05728081]] 
Episode: 34: [[-1.2334598  -1.4165382  -1.4634241  -0.3254432  -1.5944681  -1.4844536
   0.30424315 -1.7996422  -1.4901279   2.572891   -1.7220863  -1.4872985
   0.05725178]] 
Episode: 35: [[-1.2335178  -1.4165465  -1.4634558  -0.32545257 -1.5945022  -1.4844631
   0.30423194 -1.799694   -1.4901298   2.5729406  -1.7221507  -1.4872998
   0.05722427]] 
Episode: 36: [[-1.2335448  -1.416608   -1.463497   -0.3254584  -1.5945786  -1.4844836
   0.3042582  -1.7997715  -1.4901423   2.572987   -1.7222357  -1.4873135
   0.05718381]] 
Episode: 37: [[-1.2335286  -1.4166545  -1.4635093  -0.3255081  -1.594662   -1.4844593
   0.30422977 -1.7998817  -1.490107    2.5730805  -1.7223183  -1.4872818
   0.05709876]] 
Episode: 38: [[-1.2335222  -1.4166812  -1.463522   -0.3255623  -1.5947257  -1.4844364
   0.3041888  -1.7999756  -1.4900738   2.5731807  -1.7223858  -1.4872506
   0.05700802]] 
Episode: 39: [[-1.2335345  -1.4167019  -1.4635396  -0.32561126 -1.5947827  -1.4844211
   0.30414692 -1.8000638  -1.4900512   2.5732827  -1.7224594  -1.4872322
   0.05691783]] 
Episode: 40: [[-1.2335902  -1.4167055  -1.4635493  -0.32562622 -1.5948215  -1.4844136
   0.3041073  -1.8001345  -1.4900451   2.5733593  -1.7225412  -1.4872327
   0.05685681]] 
Episode: 41: [[-1.2336593  -1.4166998  -1.4635609  -0.3256307  -1.594845   -1.4844121
   0.30406538 -1.8001862  -1.4900463   2.5734248  -1.7226136  -1.4872392
   0.0568087 ]] 
Episode: 42: [[-1.2337459  -1.4166843  -1.4635636  -0.32561126 -1.594864   -1.4844171
   0.3040307  -1.8002421  -1.4900641   2.5734704  -1.722707   -1.4872651
   0.05678073]] 
Episode: 43: [[-1.2338252  -1.4166768  -1.463572   -0.325602   -1.5948946  -1.4844295
   0.304002   -1.8003064  -1.4900905   2.5735295  -1.7228079  -1.4873012
   0.05673645]] 
Episode: 44: [[-1.2339234  -1.4166574  -1.4635872  -0.32556805 -1.5949051  -1.4844569
   0.30399096 -1.800343   -1.4901347   2.5735548  -1.7229013  -1.4873543
   0.05672594]] 
Episode: 45: [[-1.2340294  -1.416611   -1.4635953  -0.32554084 -1.5948901  -1.484474
   0.30395555 -1.8003572  -1.4901699   2.5735812  -1.7229754  -1.487402
   0.056726  ]] 
Episode: 46: [[-1.2341458  -1.4165581  -1.463616   -0.32551476 -1.5948654  -1.484504
   0.30392075 -1.8003565  -1.4902155   2.5736096  -1.7230443  -1.4874574
   0.05672798]] 
Episode: 47: [[-1.2342744  -1.4164937  -1.4636353  -0.32547474 -1.5948282  -1.4845406
   0.3038919  -1.8003427  -1.4902713   2.5736213  -1.723109   -1.4875225
   0.05674624]] 
Episode: 48: [[-1.2344223  -1.4164301  -1.4636608  -0.32540593 -1.5947827  -1.4845876
   0.30387947 -1.8003101  -1.4903388   2.573596   -1.7231731  -1.4875993
   0.05680566]] 
Episode: 49: [[-1.2346464  -1.4162803  -1.4635494  -0.32525885 -1.5946674  -1.484518
   0.30377954 -1.8002669  -1.4903301   2.5735111  -1.7232195  -1.4876251
   0.0569275 ]] 
Episode: 50: [[-1.2348518  -1.4161478  -1.4634529  -0.32512724 -1.5945649  -1.4844596
   0.3036936  -1.8002281  -1.4903251   2.5734372  -1.7232625  -1.4876497
   0.0570346 ]] 
Episode: 51: [[-1.2350383  -1.4160461  -1.4633826  -0.3250066  -1.5944806  -1.4844283
   0.3036388  -1.8001856  -1.4903393   2.573364   -1.7232994  -1.4876848
   0.05713767]] 
Episode: 52: [[-1.2352194  -1.4159676  -1.4633329  -0.32488492 -1.5944128  -1.4844174
   0.30360994 -1.8001463  -1.4903712   2.5732884  -1.7233471  -1.487736
   0.05723901]] 
Episode: 53: [[-1.2353961  -1.4159045  -1.4633011  -0.32476822 -1.5943611  -1.4844218
   0.3035941  -1.8001174  -1.4904162   2.57322    -1.7234107  -1.4878
   0.05733436]] 
Episode: 54: [[-1.235567   -1.4158498  -1.4632779  -0.32465053 -1.594314   -1.4844365
   0.30358484 -1.800087   -1.490471    2.5731514  -1.7234818  -1.4878734
   0.05742739]] 
Episode: 55: [[-1.2357316  -1.4158015  -1.4632465  -0.32453406 -1.5942707  -1.4844441
   0.30357862 -1.8000598  -1.4905181   2.5730834  -1.7235444  -1.4879377
   0.05751239]] 
Episode: 56: [[-1.2358904  -1.4157565  -1.4632385  -0.32443747 -1.5942297  -1.4844723
   0.3035763  -1.8000278  -1.4905812   2.5730374  -1.7236013  -1.4880136
   0.05757892]] 
Episode: 57: [[-1.2360418  -1.4156976  -1.4632382  -0.32435864 -1.5941775  -1.4844989
   0.3035569  -1.7999864  -1.4906346   2.573006   -1.7236434  -1.4880755
   0.0576378 ]] 
Episode: 58: [[-1.2362195  -1.4156368  -1.463265   -0.32428762 -1.5941209  -1.4845581
   0.3035328  -1.7999313  -1.4907229   2.5730014  -1.7236956  -1.4881715
   0.05768277]] 
Episode: 59: [[-1.2363565  -1.4156508  -1.4632487  -0.32418835 -1.5941557  -1.4846083
   0.30357057 -1.7999682  -1.4908266   2.5729756  -1.723797   -1.4882914
   0.05770596]] 
Episode: 60: [[-1.2365017  -1.4156525  -1.4632449  -0.32409498 -1.5941746  -1.4846613
   0.30360606 -1.7999841  -1.4909236   2.572946   -1.7238821  -1.4883999
   0.05774389]] 
Episode: 61: [[-1.2366414  -1.4156399  -1.463245   -0.32400617 -1.594172   -1.4847145
   0.3036442  -1.7999747  -1.4910142   2.5729043  -1.7239423  -1.4884983
   0.0577951 ]] 
Episode: 62: [[-1.2367738  -1.4156188  -1.4632384  -0.32392377 -1.5941654  -1.4847541
   0.303665   -1.7999685  -1.49109     2.5728672  -1.7239954  -1.4885819
   0.05784609]] 
Episode: 63: [[-1.236915  -1.4155993 -1.4632142 -0.3238166 -1.5941535 -1.4847711
   0.3036817 -1.7999651 -1.4911431  2.5728035 -1.7240529 -1.4886445
   0.0579198]] 
Episode: 64: [[-1.2370591  -1.4155805  -1.4631904  -0.32370535 -1.5941428  -1.4847867
   0.30369893 -1.7999657  -1.4911939   2.572737   -1.7241212  -1.488705
   0.05799729]] 
Episode: 65: [[-1.2371854  -1.4155661  -1.463164   -0.32359266 -1.594133   -1.4847968
   0.3037264  -1.7999673  -1.4912376   2.5726585  -1.7241861  -1.4887601
   0.05807861]] 
Episode: 66: [[-1.2373024  -1.4155521  -1.4631126  -0.323482   -1.5941305  -1.4847752
   0.30373925 -1.7999893  -1.4912525   2.572585   -1.7242552  -1.4887938
   0.0581512 ]] 
Episode: 67: [[-1.2373999  -1.4155195  -1.4630544  -0.3234107  -1.5941144  -1.4847378
   0.30371657 -1.8000109  -1.4912459   2.572557   -1.7242932  -1.4888024
   0.05817784]] 
Episode: 68: [[-1.2374934  -1.415506   -1.4630009  -0.32333225 -1.5941162  -1.4847081
   0.30371234 -1.8000437  -1.4912474   2.5725186  -1.7243441  -1.4888202
   0.05821363]] 
Episode: 69: [[-1.2376083  -1.415497   -1.4629649  -0.32321957 -1.594111   -1.4847058
   0.30374014 -1.8000503  -1.4912802   2.5724344  -1.7244014  -1.4888693
   0.05829763]] 
Episode: 70: [[-1.2377441  -1.415477   -1.4629349  -0.3230901  -1.5940851  -1.484717
   0.30377358 -1.8000283  -1.4913273   2.5723307  -1.7244543  -1.4889294
   0.05840386]] 
Episode: 71: [[-1.2379117  -1.4154315  -1.4628989  -0.32294536 -1.594035   -1.4847233
   0.30379134 -1.7999947  -1.491374    2.5722198  -1.7245196  -1.4889934
   0.05852579]] 
Episode: 72: [[-1.2380954  -1.4153832  -1.4628785  -0.32279497 -1.5939789  -1.4847478
   0.3038249  -1.7999423  -1.4914382   2.5720985  -1.7245826  -1.4890735
   0.05866403]] 
Episode: 73: [[-1.2382711  -1.4153486  -1.4628552  -0.32264164 -1.5939387  -1.4847612
   0.30385917 -1.7999085  -1.4914869   2.5719714  -1.724655   -1.4891366
   0.05880957]] 
Episode: 74: [[-1.2384489  -1.4152627  -1.4628092  -0.32248732 -1.5938455  -1.4847562
   0.30386356 -1.7998359  -1.4915199   2.571831   -1.7246832  -1.4891815
   0.05896807]] 
Episode: 75: [[-1.2386007  -1.4151894  -1.4627892  -0.32237303 -1.5937678  -1.4847641
   0.3038618  -1.7997725  -1.4915543   2.5717309  -1.7247095  -1.4892235
   0.0590944 ]] 
Episode: 76: [[-1.238795   -1.4150766  -1.4627188  -0.32222313 -1.5936538  -1.4847227
   0.3038265  -1.7996869  -1.4915563   2.5716043  -1.7247267  -1.489253
   0.0592468 ]] 
Episode: 77: [[-1.2389617  -1.4149736  -1.4626553  -0.3220911  -1.5935476  -1.484682
   0.30380133 -1.7996066  -1.4915522   2.571484   -1.7247318  -1.4892721
   0.05938732]] 
Episode: 78: [[-1.2391114  -1.4148711  -1.4625947  -0.32198906 -1.593449   -1.4846352
   0.3037568  -1.7995363  -1.4915353   2.5713983  -1.7247258  -1.4892758
   0.05949794]] 
Episode: 79: [[-1.2392472  -1.4147731  -1.4625291  -0.32189205 -1.5933528  -1.484585
   0.3037119  -1.7994688  -1.4915129   2.571314   -1.7247148  -1.4892708
   0.05960238]] 
Episode: 80: [[-1.239365   -1.4147606  -1.4625057  -0.32177705 -1.5933378  -1.4845678
   0.30372816 -1.7994717  -1.4915184   2.5712168  -1.7247899  -1.4892969
   0.05971796]] 
Episode: 81: [[-1.2394865  -1.4147501  -1.4624943  -0.32166326 -1.5933224  -1.4845673
   0.30375567 -1.799467   -1.4915416   2.5711215  -1.7248656  -1.4893394
   0.05983024]] 
Episode: 82: [[-1.2396276  -1.41472    -1.4624884  -0.32155278 -1.5932895  -1.4845741
   0.30377752 -1.7994423  -1.4915713   2.5710318  -1.7249337  -1.4893863
   0.05994393]] 
Episode: 83: [[-1.2397301  -1.4147031  -1.4624909  -0.32148317 -1.5932707  -1.4845793
   0.30379182 -1.7994262  -1.4915884   2.5709782  -1.7249821  -1.4894146
   0.06001989]] 
Episode: 84: [[-1.2398558  -1.4146863  -1.4624894  -0.3213776  -1.59324    -1.4845964
   0.3038301  -1.7993885  -1.4916272   2.570884   -1.725042   -1.4894677
   0.06013148]] 
Episode: 85: [[-1.2399629  -1.4146634  -1.4624754  -0.32129773 -1.5932087  -1.4845977
   0.30384466 -1.7993596  -1.4916458   2.5708206  -1.7250866  -1.4894979
   0.06020923]] 
Episode: 86: [[-1.2400814  -1.4146479  -1.4624577  -0.32119837 -1.5931745  -1.4845979
   0.3038783  -1.7993253  -1.491664    2.570738   -1.7251296  -1.4895272
   0.06029431]] 
Episode: 87: [[-1.2402012  -1.414598   -1.4624313  -0.32112384 -1.5931145  -1.4845846
   0.30387366 -1.7992798  -1.4916652   2.570684   -1.7251564  -1.4895391
   0.0603611 ]] 
Episode: 88: [[-1.2402719  -1.4145874  -1.462389   -0.3210535  -1.5930834  -1.4845524
   0.3038863  -1.7992537  -1.4916412   2.570616   -1.7251668  -1.489521
   0.06042616]] 
Episode: 89: [[-1.2403346  -1.4145763  -1.4623471  -0.32098886 -1.5930543  -1.4845194
   0.30389556 -1.7992278  -1.4916147   2.5705504  -1.7251722  -1.4894992
   0.06049025]] 
Episode: 90: [[-1.2404042  -1.4145567  -1.4623101  -0.32091832 -1.5930096  -1.4844924
   0.30390424 -1.7991853  -1.4915936   2.570476   -1.7251692  -1.4894806
   0.06056419]] 
Episode: 91: [[-1.2404691  -1.4145962  -1.4622571  -0.32081646 -1.5930271  -1.4844599
   0.30394003 -1.7992088  -1.491579    2.570396   -1.7252238  -1.4894772
   0.06062038]] 
Episode: 92: [[-1.2405301  -1.4146335  -1.4621999  -0.32072052 -1.5930467  -1.4844238
   0.303976   -1.7992339  -1.4915622   2.5703208  -1.7252722  -1.4894724
   0.06066963]] 
Episode: 93: [[-1.2406055  -1.4146574  -1.462152   -0.32063484 -1.593058   -1.4843973
   0.3040065  -1.7992451  -1.4915587   2.5702624  -1.7253042  -1.4894812
   0.06070669]] 
Episode: 94: [[-1.2406498  -1.4145061  -1.4620222  -0.3206249  -1.5929352  -1.4842696
   0.303907   -1.7991959  -1.4914595   2.5702238  -1.7252527  -1.4894102
   0.06076535]] 
Episode: 95: [[-1.2406973  -1.414358   -1.4618979  -0.3206241  -1.5928143  -1.4841452
   0.30380085 -1.7991518  -1.4913608   2.5702078  -1.7252116  -1.4893382
   0.0607998 ]] 
Episode: 96: [[-1.2407503  -1.4142036  -1.4617722  -0.32062998 -1.5926888  -1.4840156
   0.3036808  -1.7991017  -1.4912525   2.5702002  -1.7251598  -1.4892536
   0.06083341]] 
Episode: 97: [[-1.2408141  -1.4140712  -1.4616475  -0.32063225 -1.5925959  -1.4838848
   0.3035699  -1.7990842  -1.4911438   2.5702043  -1.725134   -1.4891711
   0.06085656]] 
Episode: 98: [[-1.2408848  -1.4139372  -1.461538   -0.3206319  -1.5924947  -1.4837703
   0.30346355 -1.7990489  -1.4910473   2.5702007  -1.7250984  -1.4890939
   0.06089226]] 
Episode: 99: [[-1.2409389  -1.4138358  -1.4614512  -0.32063758 -1.5924289  -1.4836752
   0.3033778  -1.7990385  -1.4909651   2.5702107  -1.7250862  -1.4890269
   0.06090852]] 
Episode: 100: [[-1.241023   -1.4137441  -1.4613882  -0.32060552 -1.5923644  -1.4836133
   0.30332538 -1.7990105  -1.4909202   2.5701766  -1.7250926  -1.4889976
   0.0609737 ]] 
Episode: 101: [[-1.2411237  -1.4136524  -1.4613448  -0.32057187 -1.5922914  -1.4835693
   0.3032821  -1.7989607  -1.4908879   2.5701387  -1.7250891  -1.4889762
   0.06104826]] 
Episode: 102: [[-1.2412227  -1.4135824  -1.4613222  -0.32053432 -1.592233   -1.4835436
   0.30326045 -1.7989138  -1.4908707   2.570098   -1.7250952  -1.4889692
   0.06112225]] 
Episode: 103: [[-1.2413087  -1.4135361  -1.461314   -0.32049718 -1.5921962  -1.4835304
   0.30325958 -1.7988847  -1.4908652   2.5700588  -1.7251166  -1.4889756
   0.06118798]] 
Episode: 104: [[-1.2414031  -1.4134818  -1.4612913  -0.32046756 -1.5921595  -1.4835063
   0.30324346 -1.7988633  -1.4908532   2.5700421  -1.7251369  -1.4889776
   0.06122903]] 
Episode: 105: [[-1.2415036  -1.4134083  -1.4612684  -0.32045206 -1.5921057  -1.4834752
   0.30320144 -1.7988288  -1.4908315   2.5700421  -1.7251489  -1.488969
   0.06126564]] 
Episode: 106: [[-1.2416146  -1.4133362  -1.4612445  -0.3204435  -1.5920535  -1.4834461
   0.30314085 -1.7987939  -1.4908084   2.5700595  -1.7251543  -1.4889516
   0.06129504]] 
Episode: 107: [[-1.2417381  -1.4132589  -1.4612168  -0.32041278 -1.5919808  -1.483426
   0.3030915  -1.7987218  -1.4907919   2.5700343  -1.7251282  -1.4889324
   0.06136985]] 
Episode: 108: [[-1.2418809  -1.4131804  -1.4611995  -0.32037768 -1.5919099  -1.4834214
   0.30304894 -1.7986523  -1.4907979   2.5700195  -1.725122   -1.4889405
   0.06143275]] 
Episode: 109: [[-1.2420015  -1.4131078  -1.4612193  -0.32036218 -1.5918343  -1.4834487
   0.30302644 -1.7985623  -1.4908233   2.5700092  -1.7251002  -1.4889561
   0.06148959]] 
Episode: 110: [[-1.2421256  -1.4130335  -1.461243   -0.32034612 -1.5917602  -1.4834757
   0.30299616 -1.7984813  -1.4908469   2.5700035  -1.7250937  -1.4889699
   0.06154754]] 
Episode: 111: [[-1.2422287  -1.4129477  -1.461269   -0.320351   -1.5916715  -1.4834995
   0.3029579  -1.7983836  -1.4908593   2.570001   -1.7250576  -1.4889668
   0.06160701]] 
Episode: 112: [[-1.2423295  -1.4128792  -1.4613235  -0.3203481  -1.5915931  -1.483555
   0.30295083 -1.798283   -1.490902    2.5699878  -1.7250352  -1.4889923
   0.06167125]] 
Episode: 113: [[-1.242431  -1.412827  -1.4613818 -0.320331  -1.5915278 -1.4836192
   0.3029556 -1.7981884 -1.4909558  2.569961  -1.725024  -1.4890279
   0.0617475]] 
Episode: 114: [[-1.2425241  -1.4127938  -1.4614413  -0.32031843 -1.5914835  -1.483681
   0.30295655 -1.7981184  -1.4910054   2.56995    -1.7250276  -1.4890585
   0.06180675]] 
Episode: 115: [[-1.2426142  -1.4127535  -1.4614921  -0.3203132  -1.5914346  -1.483733
   0.30294746 -1.7980465  -1.491046    2.5699465  -1.7250203  -1.489081
   0.06185874]] 
Episode: 116: [[-1.2427015  -1.4127245  -1.4615432  -0.32030347 -1.591396   -1.4837885
   0.3029452  -1.7979834  -1.4910913   2.5699441  -1.7250209  -1.4891088
   0.06190298]] 
Episode: 117: [[-1.2427596  -1.4126929  -1.4615926  -0.32032067 -1.5913614  -1.4838333
   0.3029387  -1.7979354  -1.4911201   2.569961   -1.725014   -1.4891194
   0.06192617]] 
Episode: 118: [[-1.242814   -1.4126639  -1.4616386  -0.3203401  -1.5913306  -1.4838742
   0.3029296  -1.7978914  -1.4911457   2.5699835  -1.7250032  -1.4891272
   0.06194027]] 
Episode: 119: [[-1.2428836  -1.412615   -1.461659   -0.3203546  -1.5912857  -1.4838899
   0.3029002  -1.7978446  -1.4911523   2.5700042  -1.7249887  -1.4891238
   0.06196008]] 
Episode: 120: [[-1.242981   -1.4125695  -1.4616677  -0.3203287  -1.5912333  -1.4839045
   0.30287555 -1.7977854  -1.4911673   2.5699873  -1.7249832  -1.4891336
   0.06201666]] 
Episode: 121: [[-1.2430732  -1.4125333  -1.4616944  -0.32030562 -1.5911866  -1.4839379
   0.30286095 -1.7977158  -1.4911994   2.5699701  -1.7249674  -1.4891553
   0.06207303]] 
Episode: 122: [[-1.2431138  -1.4124537  -1.461706   -0.32034767 -1.5911062  -1.4839355
   0.3028194  -1.7976334  -1.4911801   2.5699842  -1.7248964  -1.489121
   0.06210496]] 
Episode: 123: [[-1.2430944  -1.4123727  -1.4616729  -0.32045272 -1.5910437  -1.4838672
   0.3027148  -1.7975986  -1.4910841   2.5700765  -1.7247896  -1.4890089
   0.06205032]] 
Episode: 124: [[-1.243079   -1.4122972  -1.4616432  -0.32055342 -1.5909868  -1.4838054
   0.30262125 -1.7975665  -1.4909965   2.5701663  -1.7246886  -1.4889067
   0.06199475]] 
Episode: 125: [[-1.2430316  -1.4122325  -1.4616318  -0.3206827  -1.5909497  -1.483748
   0.30252692 -1.7975599  -1.4909043   2.5702872  -1.7245971  -1.4887964
   0.06190552]] 
Episode: 126: [[-1.2429699  -1.41218    -1.4616082  -0.32081318 -1.5909259  -1.4836783
   0.30242795 -1.7975681  -1.4908004   2.570411   -1.7245115  -1.4886734
   0.06181028]] 
Episode: 127: [[-1.242922   -1.4121239  -1.4615928  -0.3209231  -1.5908905  -1.4836242
   0.30234215 -1.7975568  -1.4907161   2.5705078  -1.7244275  -1.4885708
   0.0617421 ]] 
Episode: 128: [[-1.2429366  -1.4120758  -1.4615496  -0.32097208 -1.5908576  -1.4835608
   0.30227977 -1.797544   -1.4906402   2.5705554  -1.7243658  -1.4884859
   0.0617173 ]] 
Episode: 129: [[-1.2429438  -1.4120457  -1.4615124  -0.3210204  -1.5908448  -1.4835062
   0.3022332  -1.79755    -1.4905746   2.5706077  -1.7243215  -1.4884137
   0.06168111]] 
Episode: 130: [[-1.242973   -1.4120071  -1.4614787  -0.3210325  -1.5908083  -1.4834658
   0.3022027  -1.7975179  -1.4905297   2.5706103  -1.724267   -1.4883621
   0.06169339]] 
Episode: 131: [[-1.2429997  -1.4119663  -1.4614508  -0.3210465  -1.5907687  -1.483426
   0.30216748 -1.7974834  -1.4904816   2.5706122  -1.7242138  -1.4883057
   0.06171077]] 
Episode: 132: [[-1.2430228  -1.4119309  -1.4614397  -0.32106376 -1.5907314  -1.483401
   0.3021444  -1.7974428  -1.4904453   2.570614   -1.7241604  -1.4882593
   0.06172738]] 
Episode: 133: [[-1.2430478  -1.4119045  -1.4614285  -0.32106897 -1.5907037  -1.4833801
   0.30212584 -1.7974135  -1.4904189   2.57061    -1.7241262  -1.4882255
   0.06174666]] 
Episode: 134: [[-1.2430878  -1.4118826  -1.461419   -0.3210474  -1.5906714  -1.4833735
   0.30213133 -1.7973677  -1.4904137   2.570572   -1.7240956  -1.4882153
   0.06179592]] 
Episode: 135: [[-1.2431737  -1.4118733  -1.4614064  -0.32099783 -1.5906621  -1.4833666
   0.30212435 -1.7973673  -1.4904186   2.57055    -1.7241416  -1.48823
   0.0618342 ]] 
Episode: 136: [[-1.2432618  -1.411859   -1.4614058  -0.32094404 -1.5906441  -1.4833748
   0.3021268  -1.7973505  -1.4904392   2.570516   -1.7241863  -1.4882594
   0.06188631]] 
Episode: 137: [[-1.2434047  -1.4117801  -1.4613917  -0.32090193 -1.5905725  -1.483354
   0.30205816 -1.7973037  -1.4904296   2.5705116  -1.7242286  -1.4882636
   0.0619456 ]] 
Episode: 138: [[-1.2435551  -1.4117019  -1.4613769  -0.3208646  -1.5904988  -1.4833297
   0.30197725 -1.7972509  -1.4904134   2.5705163  -1.7242533  -1.4882579
   0.06200143]] 
Episode: 139: [[-1.24372    -1.4116158  -1.4613827  -0.32080904 -1.5904034  -1.4833313
   0.30191475 -1.7971611  -1.4904226   2.5704908  -1.7242675  -1.4882735
   0.06208793]] 
Episode: 140: [[-1.2438196  -1.4115498  -1.4613744  -0.32082045 -1.5903491  -1.4832962
   0.30182835 -1.7971374  -1.4903793   2.570542   -1.7242748  -1.4882319
   0.06208574]] 
Episode: 141: [[-1.2439117  -1.4114913  -1.4613583  -0.32082748 -1.5902992  -1.4832556
   0.3017497  -1.7971104  -1.4903312   2.570584   -1.7242666  -1.4881833
   0.0620844 ]] 
Episode: 142: [[-1.2440292  -1.4114116  -1.4613506  -0.32081902 -1.5902184  -1.4832354
   0.30168763 -1.7970375  -1.490307    2.5705967  -1.7242306  -1.4881542
   0.06211432]] 
Episode: 143: [[-1.2441415 -1.4113362 -1.4613236 -0.3208081 -1.5901417 -1.4831948
   0.3016133 -1.7969784 -1.490262   2.5706108 -1.7241981 -1.4881047
   0.0621401]] 
Episode: 144: [[-1.2442452  -1.4112737  -1.4613037  -0.32080567 -1.590081   -1.4831611
   0.30154648 -1.796932   -1.490223    2.5706387  -1.7241712  -1.4880613
   0.06214746]] 
Episode: 145: [[-1.244342   -1.4112107  -1.4612898  -0.3208109  -1.5900183  -1.4831369
   0.3014793  -1.7968855  -1.4901935   2.5706763  -1.7241516  -1.4880255
   0.06214355]] 
Episode: 146: [[-1.244398   -1.4111978  -1.4612818  -0.32082152 -1.5900121  -1.4831082
   0.30144385 -1.7968944  -1.4901516   2.570717   -1.7241589  -1.487977
   0.0621221 ]] 
Episode: 147: [[-1.2444459  -1.4111651  -1.4612736  -0.32086724 -1.5899935  -1.4830712
   0.30137268 -1.7968972  -1.4900973   2.5707996  -1.7241395  -1.4879149
   0.06206766]] 
Episode: 148: [[-1.244495   -1.4111274  -1.4612887  -0.32091835 -1.5899678  -1.4830527
   0.30131304 -1.7968817  -1.4900562   2.5708787  -1.7241083  -1.4878619
   0.06202003]] 
Episode: 149: [[-1.2445596  -1.4110849  -1.4613076  -0.32095367 -1.5899293  -1.4830436
   0.3012671  -1.7968451  -1.4900292   2.5709362  -1.7240822  -1.4878284
   0.06199472]] 
Episode: 150: [[-1.2446395  -1.4110492  -1.4613553  -0.32097307 -1.58989    -1.4830717
   0.30124506 -1.796792   -1.4900413   2.5709765  -1.7240679  -1.4878316
   0.06198879]] 
Episode: 151: [[-1.2447343  -1.41103    -1.4613955  -0.32096443 -1.5898696  -1.4831018
   0.30123955 -1.7967657  -1.4900656   2.5710018  -1.7240969  -1.4878557
   0.0619912 ]] 
Episode: 152: [[-1.2447783  -1.4109802  -1.4614116  -0.32097608 -1.5898135  -1.4831018
   0.30121902 -1.7967156  -1.4900528   2.5710137  -1.7240678  -1.4878346
   0.06199313]] 
Episode: 153: [[-1.2448188 -1.4109275 -1.4614445 -0.3209855 -1.589751  -1.483118
   0.3012054 -1.7966508 -1.4900544  2.5710127 -1.7240382 -1.4878256
   0.0620141]] 
Episode: 154: [[-1.2448748  -1.410861   -1.4614815  -0.32098442 -1.5896633  -1.4831432
   0.30118743 -1.7965522  -1.4900663   2.570995   -1.723985   -1.4878243
   0.06205633]] 
Episode: 155: [[-1.2449119  -1.4107838  -1.4614924  -0.32100838 -1.5895741  -1.4831378
   0.3011319  -1.7964696  -1.4900429   2.5710034  -1.7239239  -1.4877836
   0.06208093]] 
Episode: 156: [[-1.2449548  -1.4107127  -1.4615061  -0.32099512 -1.5894824  -1.4831458
   0.30111447 -1.7963713  -1.4900427   2.570958   -1.7238711  -1.4877723
   0.06214982]] 
Episode: 157: [[-1.244931   -1.410712   -1.4614859  -0.32098094 -1.5894549  -1.4831315
   0.30112463 -1.7963295  -1.4900136   2.5708897  -1.723839   -1.4877272
   0.06223103]] 
Episode: 158: [[-1.2449144  -1.4107028  -1.4614537  -0.32096177 -1.5894147  -1.4831091
   0.3011335  -1.7962677  -1.4899802   2.5708127  -1.7237834  -1.4876797
   0.0623176 ]] 
Episode: 159: [[-1.2449125  -1.4106656  -1.4613433  -0.32090864 -1.5893608  -1.4830093
   0.3011092  -1.796238   -1.4898868   2.5707068  -1.7237471  -1.4875894
   0.06242635]] 
Episode: 160: [[-1.244929   -1.4105741  -1.461176   -0.32086486 -1.5892726  -1.4828413
   0.30100772 -1.7962155  -1.4897311   2.5706275  -1.723706   -1.4874494
   0.06252127]] 
Episode: 161: [[-1.2448739  -1.4105251  -1.46101    -0.32088932 -1.5892477  -1.4826592
   0.3009005  -1.7962688  -1.4895511   2.5706384  -1.7236712  -1.4872808
   0.06250174]] 
Episode: 162: [[-1.2448262  -1.4104773  -1.460843   -0.32091796 -1.58923    -1.4824691
   0.30078986 -1.796332   -1.4893571   2.5706582  -1.7236296  -1.4870929
   0.06247494]] 
Episode: 163: [[-1.2447612  -1.4104435  -1.4606897  -0.32096806 -1.5892336  -1.482286
   0.30068198 -1.7964184  -1.4891679   2.5707083  -1.7236032  -1.486912
   0.062415  ]] 
Episode: 164: [[-1.244702   -1.4104371  -1.4605527  -0.32100776 -1.5892627  -1.4821234
   0.30060112 -1.796523   -1.4889992   2.5707576  -1.7235953  -1.4867493
   0.06234783]] 
Episode: 165: [[-1.2446198  -1.4104121  -1.4604511  -0.32107988 -1.5892645  -1.4819896
   0.30050692 -1.796597   -1.4888465   2.570828   -1.7235681  -1.4865907
   0.06226873]] 
Episode: 166: [[-1.2445424 -1.4103907 -1.460347  -0.3211456 -1.58927   -1.4818529
   0.3004238 -1.7966741 -1.4886925  2.570893  -1.7235421 -1.4864326
   0.0621881]] 
Episode: 167: [[-1.2445389  -1.4103303  -1.4601756  -0.32114157 -1.5892441  -1.4816705
   0.3003279  -1.7967463  -1.4885236   2.5709035  -1.7235298  -1.4862833
   0.06215791]] 
Episode: 168: [[-1.2445782  -1.4102757  -1.4600313  -0.32110244 -1.5892141  -1.4815269
   0.3002528  -1.7967988  -1.4883996   2.5708869  -1.7235479  -1.486179
   0.06216422]] 
Episode: 169: [[-1.244636   -1.4102157  -1.4599335  -0.32107183 -1.5891752  -1.4814273
   0.3001851  -1.796825   -1.4883139   2.570882   -1.7235695  -1.4861065
   0.06217205]] 
Episode: 170: [[-1.2447343  -1.4101453  -1.4598805  -0.32101187 -1.5891087  -1.48139
   0.30013725 -1.7967925  -1.4882988   2.5708392  -1.7235928  -1.4861022
   0.06223827]] 
Episode: 171: [[-1.244846   -1.4100683  -1.4598429  -0.32094654 -1.5890301  -1.4813739
   0.30009624 -1.7967336  -1.4883054   2.5707848  -1.7236049  -1.486117
   0.06232306]] 
Episode: 172: [[-1.2449852  -1.4099976  -1.4598294  -0.3208728  -1.5889531  -1.4813832
   0.30006424 -1.7966623  -1.4883368   2.5707295  -1.7236216  -1.4861536
   0.06241924]] 
Episode: 173: [[-1.2450756  -1.4099468  -1.4598203  -0.32082665 -1.5888946  -1.4813788
   0.30002585 -1.7966137  -1.4883333   2.5706832  -1.7236322  -1.4861424
   0.06251067]] 
Episode: 174: [[-1.2451568  -1.4098787  -1.4597862  -0.32080397 -1.5888222  -1.4813375
   0.2999533  -1.7965608  -1.4882863   2.570658   -1.7236032  -1.4860848
   0.06258452]] 
Episode: 175: [[-1.2452502  -1.4098371  -1.4598246  -0.32080203 -1.5887784  -1.48136
   0.29990128 -1.7965204  -1.488292    2.5706756  -1.7236203  -1.4860754
   0.06262881]] 
Episode: 176: [[-1.2453326  -1.4098061  -1.4598944  -0.32080838 -1.5887402  -1.4814106
   0.29986906 -1.796469   -1.488317    2.570694   -1.7236314  -1.4860775
   0.06267114]] 
Episode: 177: [[-1.2454306  -1.4097816  -1.4599671  -0.3207954  -1.5887073  -1.4814762
   0.29985496 -1.7964175  -1.4883659   2.5706995  -1.7236656  -1.4861093
   0.06272215]] 
Episode: 178: [[-1.2455448  -1.4097478  -1.4600255  -0.32076582 -1.5886613  -1.4815377
   0.2998373  -1.7963525  -1.48842     2.5706928  -1.72369    -1.4861472
   0.06278093]] 
Episode: 179: [[-1.2456694  -1.4096773  -1.4600013  -0.32075644 -1.5886011  -1.4815062
   0.29973012 -1.7963234  -1.4883797   2.5707266  -1.7237204  -1.4860939
   0.06281669]] 
Episode: 180: [[-1.245776   -1.4096328  -1.4599996  -0.32074842 -1.5885674  -1.4814948
   0.29965279 -1.7963119  -1.4883567   2.5707543  -1.7237682  -1.4860587
   0.06285641]] 
Episode: 181: [[-1.2458816  -1.4095724  -1.4599861  -0.32075143 -1.5885216  -1.4814692
   0.2995537  -1.7962974  -1.4883206   2.570798   -1.7238032  -1.4860132
   0.06288005]] 
Episode: 182: [[-1.2459836  -1.409502   -1.4599584  -0.32075858 -1.5884719  -1.4814278
   0.29944703 -1.7962795  -1.4882694   2.5708375  -1.723819   -1.4859546
   0.06291054]] 
Episode: 183: [[-1.2460705  -1.4094526  -1.459931   -0.3207644  -1.5884354  -1.4813932
   0.29936668 -1.7962608  -1.4882253   2.5708673  -1.7238258  -1.485903
   0.06293862]] 
Episode: 184: [[-1.246278   -1.4094081  -1.4596319  -0.32058612 -1.5884126  -1.4811425
   0.29923168 -1.796341   -1.4880496   2.5707705  -1.7238524  -1.4857732
   0.06301811]] 
Episode: 185: [[-1.2464938  -1.4093486  -1.4593674  -0.32040235 -1.5883579  -1.4809331
   0.29911393 -1.796365   -1.4879147   2.570648   -1.7238531  -1.485677
   0.0631362 ]] 
Episode: 186: [[-1.2467566  -1.4092555  -1.4591453  -0.32018217 -1.5882483  -1.4807795
   0.2990199  -1.7963089  -1.4878405   2.5704668  -1.7238443  -1.4856354
   0.06333639]] 
Episode: 187: [[-1.2469796  -1.4091781  -1.4589438  -0.32000238 -1.5881606  -1.4806321
   0.29892278 -1.7962744  -1.4877583   2.5703306  -1.7238361  -1.4855801
   0.0634866 ]] 
Episode: 188: [[-1.2472321  -1.4090791  -1.4587525  -0.31979847 -1.5880415  -1.4805031
   0.29884157 -1.7961944  -1.4876983   2.5701547  -1.7238134  -1.4855456
   0.06368591]] 
Episode: 189: [[-1.2474611  -1.4090211  -1.458589   -0.31961367 -1.5879679  -1.4803913
   0.29878494 -1.7961519  -1.4876447   2.5700088  -1.7238119  -1.4855125
   0.06384549]] 
Episode: 190: [[-1.247601   -1.40897    -1.4584161  -0.31950927 -1.5879229  -1.4802437
   0.29869914 -1.7961656  -1.4875295   2.5699441  -1.7237952  -1.4854085
   0.06390598]] 
Episode: 191: [[-1.2477165  -1.4089458  -1.4582539  -0.31944305 -1.5879145  -1.4800887
   0.29858917 -1.7962313  -1.4873892   2.5699444  -1.7238159  -1.485273
   0.06390239]] 
Episode: 192: [[-1.247822   -1.4089378  -1.4581254  -0.31939322 -1.5879216  -1.4799706
   0.2985049  -1.7962947  -1.4872845   2.569961   -1.7238544  -1.4851723
   0.06388507]] 
Episode: 193: [[-1.2479272  -1.4089246  -1.4580219  -0.31935242 -1.5879207  -1.4798754
   0.2984336  -1.7963382  -1.487199    2.5699787  -1.7238853  -1.4850883
   0.06387278]] 
Episode: 194: [[-1.248037   -1.4089135  -1.4579359  -0.31930357 -1.5879141  -1.4798051
   0.29838628 -1.79636    -1.4871422   2.569978   -1.7239075  -1.4850336
   0.06388063]] 
Episode: 195: [[-1.2481341  -1.4089086  -1.4578469  -0.31926695 -1.5879204  -1.4797333
   0.2983385  -1.7963979  -1.4870856   2.5699975  -1.7239287  -1.4849801
   0.06385917]] 
Episode: 196: [[-1.2481933  -1.4089153  -1.457789   -0.31927204 -1.5879345  -1.4796791
   0.29829428 -1.7964319  -1.4870301   2.5700514  -1.7239153  -1.4849135
   0.06380232]] 
Episode: 197: [[-1.2483094  -1.408896   -1.4577538  -0.3192433  -1.5879169  -1.4796578
   0.29826373 -1.7964299  -1.4870173   2.570075   -1.7239356  -1.4848956
   0.06379218]] 
Episode: 198: [[-1.2484262  -1.4088761  -1.457728   -0.31921685 -1.5878981  -1.4796435
   0.2982354  -1.7964224  -1.487009    2.5700984  -1.7239543  -1.4848816
   0.06378699]] 
Episode: 199: [[-1.2485133  -1.4087855  -1.457659   -0.31920406 -1.5878034  -1.4795732
   0.2981606  -1.7963452  -1.4869348   2.5700881  -1.7238519  -1.4847938
   0.06381264]] 
Episode: 200: [[-1.2485608  -1.4087038  -1.4576303  -0.31923303 -1.5877221  -1.4795282
   0.29810584 -1.7962661  -1.4868653   2.5700932  -1.7237381  -1.484701
   0.06383854]] 
Episode: 201: [[-1.2485722  -1.4086246  -1.4576119  -0.31930828 -1.5876491  -1.4794855
   0.29803893 -1.796197   -1.4867852   2.5701442  -1.723603   -1.4845868
   0.06381842]] 
Episode: 202: [[-1.2486254  -1.408601   -1.4576062  -0.31929556 -1.5876216  -1.4794674
   0.2980586  -1.796147   -1.48675     2.5701082  -1.723531   -1.4845331
   0.06386659]] 
Episode: 203: [[-1.2486743  -1.40858    -1.4575981  -0.3192817  -1.587592   -1.479451
   0.2980728  -1.7960947  -1.4867171   2.570073   -1.7234592  -1.4844797
   0.06391233]] 
Episode: 204: [[-1.2486935  -1.4085699  -1.4576049  -0.31930166 -1.5875782  -1.4794375
   0.29807815 -1.79606    -1.4866726   2.5700738  -1.7233956  -1.4844075
   0.06392466]] 
Episode: 205: [[-1.2487892  -1.4085412  -1.4575977  -0.31924665 -1.587524   -1.4794208
   0.29808462 -1.795987   -1.4866416   2.5700083  -1.723351   -1.4843578
   0.06400713]] 
Episode: 206: [[-1.2488729  -1.4085187  -1.4575844  -0.3191968  -1.5874839  -1.4794003
   0.2980943  -1.795937   -1.4866114   2.5699513  -1.7233216  -1.4843136
   0.06407535]] 
Episode: 207: [[-1.2489322  -1.4084865  -1.4575698  -0.31918377 -1.5874487  -1.4793732
   0.29807407 -1.7959067  -1.4865731   2.569943   -1.7232955  -1.4842643
   0.06409656]] 
Episode: 208: [[-1.2489792  -1.408465   -1.4575669  -0.31918862 -1.587431   -1.479356
   0.29805088 -1.7958964  -1.4865434   2.5699613  -1.7232814  -1.4842224
   0.06409285]] 
Episode: 209: [[-1.2490197  -1.4084362  -1.4575495  -0.31919774 -1.5874096  -1.479319
   0.29800084 -1.7958848  -1.4864928   2.5699818  -1.72325    -1.4841605
   0.06409317]] 
Episode: 210: [[-1.2489009  -1.4085234  -1.4577136  -0.31928802 -1.5874866  -1.4794431
   0.2980652  -1.7959083  -1.4865443   2.570039   -1.7232581  -1.4841481
   0.06405433]] 
Episode: 211: [[-1.2487688  -1.4086312  -1.4578546  -0.3193861  -1.5875863  -1.479542
   0.2981286  -1.7959646  -1.4865719   2.5701149  -1.7232765  -1.484117
   0.06398221]] 
Episode: 212: [[-1.2486635  -1.4087234  -1.457965   -0.3194708  -1.5876715  -1.4796134
   0.29816663 -1.7960137  -1.4865795   2.5701878  -1.7232772  -1.4840726
   0.06391352]] 
Episode: 213: [[-1.2485579  -1.4088125  -1.4580623  -0.31955713 -1.5877562  -1.4796754
   0.29820168 -1.7960632  -1.4865831   2.5702634  -1.7232695  -1.4840293
   0.06383821]] 
Episode: 214: [[-1.2484568  -1.4088936  -1.4581505  -0.31964564 -1.5878383  -1.479726
   0.29823458 -1.7961127  -1.4865758   2.5703375  -1.7232552  -1.4839786
   0.06376754]] 
Episode: 215: [[-1.2483919  -1.4089638  -1.4582459  -0.31969458 -1.587897   -1.4798005
   0.2982898  -1.7961253  -1.4866087   2.5703661  -1.7232481  -1.4839735
   0.06374607]] 
Episode: 216: [[-1.2483635  -1.4089946  -1.458324   -0.31971648 -1.5879085  -1.47987
   0.29833266 -1.7960877  -1.4866493   2.57036    -1.7232119  -1.4839809
   0.06376594]] 
Episode: 217: [[-1.2483702  -1.4089851  -1.4583992  -0.31973153 -1.5878812  -1.4799447
   0.29835668 -1.7960243  -1.4867008   2.5703533  -1.7231934  -1.4840019
   0.06380002]] 
Episode: 218: [[-1.2483846  -1.408974   -1.4584589  -0.3197259  -1.587845   -1.4800075
   0.29839018 -1.7959517  -1.4867458   2.5703223  -1.7231648  -1.4840218
   0.06384615]] 
Episode: 219: [[-1.24838    -1.4089527  -1.4585183  -0.31975117 -1.587803   -1.4800603
   0.2983991  -1.7958839  -1.486772    2.5703223  -1.723126   -1.4840206
   0.06386749]] 
Episode: 220: [[-1.2484109  -1.4089253  -1.4585853  -0.31974393 -1.5877423  -1.4801345
   0.2984252  -1.7957801  -1.4868311   2.570285   -1.7230803  -1.4840548
   0.06393272]] 
Episode: 221: [[-1.2484252  -1.4088889  -1.4585946  -0.31973577 -1.5876845  -1.4801391
   0.2983833  -1.7957255  -1.4868127   2.5702562  -1.7230217  -1.4840106
   0.0639884 ]] 
Episode: 222: [[-1.2484442  -1.4088624  -1.4586091  -0.31972006 -1.5876381  -1.480157
   0.2983527  -1.7956715  -1.4868144   2.5702205  -1.7229788  -1.4839878
   0.06405455]] 
Episode: 223: [[-1.2485     -1.4088402  -1.4586291  -0.3196605  -1.5875882  -1.480192
   0.29835337 -1.7956048  -1.486847    2.5701392  -1.7229635  -1.4840045
   0.06416775]] 
Episode: 224: [[-1.2485968  -1.408806   -1.458664   -0.3195575  -1.5875089  -1.4802605
   0.2983823  -1.7954847  -1.4869287   2.5700014  -1.7229437  -1.4840724
   0.06434607]] 
Episode: 225: [[-1.2487038  -1.4087636  -1.4587046  -0.31945226 -1.5874187  -1.4803387
   0.29841837 -1.7953478  -1.4870222   2.5698602  -1.7229197  -1.4841516
   0.06452835]] 
Episode: 226: [[-1.2488226  -1.4087187  -1.4587448  -0.31932947 -1.5873159  -1.4804226
   0.2984679  -1.7951864  -1.4871281   2.5696924  -1.7228786  -1.4842459
   0.06473637]] 
Episode: 227: [[-1.2489252  -1.4086764  -1.4587599  -0.31922597 -1.5872316  -1.4804696
   0.29848734 -1.7950715  -1.4871919   2.56956    -1.7228618  -1.4843031
   0.06490399]] 
Episode: 228: [[-1.2490195  -1.4086365  -1.458779   -0.3191402  -1.5871532  -1.4805146
   0.2985048  -1.7949641  -1.4872495   2.5694504  -1.7228423  -1.4843545
   0.06504586]] 
Episode: 229: [[-1.249108   -1.4085773  -1.4587907  -0.31905967 -1.5870531  -1.4805491
   0.29851106 -1.7948383  -1.4872946   2.5693352  -1.7227926  -1.4843922
   0.06519387]] 
Episode: 230: [[-1.2492082  -1.4085253  -1.4588076  -0.31899226 -1.5869716  -1.4805856
   0.29850668 -1.7947334  -1.4873435   2.5692546  -1.7227635  -1.4844385
   0.06531362]] 
Episode: 231: [[-1.249295   -1.4084804  -1.4588262  -0.31893852 -1.5869043  -1.4806199
   0.2985068  -1.7946463  -1.4873878   2.5691898  -1.7227445  -1.4844819
   0.06541383]] 
Episode: 232: [[-1.24942    -1.4084252  -1.4588463  -0.31885636 -1.5868162  -1.4806551
   0.2985071  -1.7945303  -1.4874312   2.569095   -1.7227105  -1.4845176
   0.065552  ]] 
Episode: 233: [[-1.249547   -1.408377   -1.4588696  -0.3187693  -1.5867397  -1.4806958
   0.2985091  -1.7944278  -1.4874843   2.5690022  -1.7226962  -1.4845655
   0.06568832]] 
Episode: 234: [[-1.2496752  -1.4083413  -1.4589037  -0.31867594 -1.5866684  -1.4807514
   0.29853857 -1.7943177  -1.4875525   2.5688977  -1.7226818  -1.4846262
   0.06583031]] 
Episode: 235: [[-1.2497996  -1.4083273  -1.4589336  -0.31858426 -1.5866233  -1.4808047
   0.29857635 -1.7942345  -1.4876212   2.568807   -1.7226975  -1.4846925
   0.06595258]] 
Episode: 236: [[-1.2499384  -1.4082835  -1.4589576  -0.31849185 -1.5865488  -1.4808577
   0.29858387 -1.7941295  -1.4876946   2.5687184  -1.7227076  -1.4847635
   0.066084  ]] 
Episode: 237: [[-1.2499795  -1.4082808  -1.4589688  -0.3184893  -1.5865498  -1.4808688
   0.29856178 -1.7941278  -1.4877023   2.5687354  -1.7227259  -1.4847656
   0.06609119]] 
Episode: 238: [[-1.2499374  -1.4082688  -1.458919   -0.31856528 -1.5865731  -1.4807831
   0.29846117 -1.7942102  -1.4875857   2.5688443  -1.7227204  -1.4846375
   0.0659831 ]] 
Episode: 239: [[-1.2498863  -1.4082712  -1.4588444  -0.31863165 -1.5866116  -1.480667
   0.29835504 -1.7943095  -1.4874327   2.5689337  -1.7227055  -1.4844718
   0.0658941 ]] 
Episode: 240: [[-1.2498496  -1.4082646  -1.458782   -0.31868628 -1.5866299  -1.4805732
   0.29826516 -1.7943791  -1.4873089   2.56901    -1.7226808  -1.4843338
   0.06581365]] 
Episode: 241: [[-1.2498492  -1.408237   -1.4587145  -0.31870374 -1.5866075  -1.4804765
   0.2981655  -1.7944078  -1.4871851   2.5690494  -1.7226533  -1.4841956
   0.0657726 ]] 
Episode: 242: [[-1.249874   -1.4082054  -1.4586867  -0.31871453 -1.5865756  -1.4804322
   0.29809925 -1.794408   -1.4871215   2.5690837  -1.7226447  -1.4841168
   0.06574363]] 
Episode: 243: [[-1.2498909  -1.408186   -1.4586729  -0.31872594 -1.5865585  -1.4804006
   0.2980514  -1.7944156  -1.4870672   2.5691075  -1.7226499  -1.4840444
   0.06573205]] 
Episode: 244: [[-1.2499123  -1.4081717  -1.4586604  -0.3187388  -1.5865462  -1.4803704
   0.2980126  -1.7944204  -1.487013    2.5691328  -1.7226404  -1.4839702
   0.06571703]] 
Episode: 245: [[-1.2498789  -1.4081955  -1.4586699  -0.31878898 -1.5865782  -1.4803476
   0.29800022 -1.7944611  -1.4869503   2.5691788  -1.7226435  -1.4838817
   0.06568001]] 
Episode: 246: [[-1.2498703  -1.4082252  -1.4586616  -0.3188085  -1.5866188  -1.4803083
   0.29798916 -1.7945129  -1.4868779   2.569196   -1.7226722  -1.483792
   0.06567748]] 
Episode: 247: [[-1.249894   -1.4082415  -1.4586586  -0.31880805 -1.5866416  -1.4802788
   0.29798114 -1.794545   -1.4868215   2.5691984  -1.722709   -1.483722
   0.06569485]] 
Episode: 248: [[-1.2499377  -1.4082713  -1.4586543  -0.31878322 -1.5866718  -1.48026
   0.29798803 -1.7945757  -1.4867862   2.569183   -1.7227594  -1.4836767
   0.06572735]] 
Episode: 249: [[-1.2499589  -1.4083258  -1.4586585  -0.31877548 -1.5867338  -1.4802452
   0.29799876 -1.7946346  -1.4867511   2.5691922  -1.7228286  -1.4836304
   0.06573228]] 
Episode: 250: [[-1.2500043  -1.408359   -1.4586513  -0.3187588  -1.5867791  -1.4802182
   0.29797998 -1.794689   -1.4867071   2.569204   -1.7229099  -1.4835812
   0.06574336]] 
Episode: 251: [[-1.2500387  -1.4083661  -1.4586376  -0.31877014 -1.5867988  -1.4801773
   0.29795086 -1.7947242  -1.4866416   2.5692348  -1.7229424  -1.483505
   0.06573224]] 
Episode: 252: [[-1.2500775  -1.4083774  -1.4586416  -0.31878465 -1.5868224  -1.4801584
   0.2979293  -1.7947588  -1.4866011   2.5692763  -1.7229929  -1.4834548
   0.065713  ]] 
Episode: 253: [[-1.2501243  -1.4083916  -1.4586374  -0.31878093 -1.5868453  -1.4801365
   0.29792175 -1.7947887  -1.4865633   2.5692978  -1.723033   -1.4834076
   0.06570388]] 
Episode: 254: [[-1.2501639  -1.4084096  -1.4586446  -0.31877482 -1.586866   -1.4801308
   0.29793203 -1.7948115  -1.4865419   2.5693095  -1.7230779  -1.4833744
   0.0657011 ]] 
Episode: 255: [[-1.2502145  -1.4084092  -1.4586267  -0.3187747  -1.5868875  -1.4800936
   0.29790524 -1.7948633  -1.486493    2.569347   -1.7231498  -1.4833251
   0.06567647]] 
Episode: 256: [[-1.250283   -1.408401   -1.4586172  -0.31875682 -1.5868931  -1.4800737
   0.29788712 -1.794888   -1.4864691   2.5693629  -1.7232164  -1.4833033
   0.06567766]] 
Episode: 257: [[-1.2503428  -1.4083838  -1.4586037  -0.31874624 -1.5868905  -1.4800506
   0.2978511  -1.7949102  -1.4864434   2.5693855  -1.7232722  -1.4832791
   0.06567506]] 
Episode: 258: [[-1.2503842  -1.4083339  -1.4585612  -0.31875235 -1.5868579  -1.4799993
   0.29777995 -1.7949224  -1.4863924   2.569415   -1.7232912  -1.4832312
   0.06566522]] 
Episode: 259: [[-1.2504201  -1.4083053  -1.4585241  -0.3187553  -1.5868516  -1.4799571
   0.29772526 -1.7949581  -1.4863548   2.56945    -1.7233433  -1.4832006
   0.06564377]] 
Episode: 260: [[-1.2504504  -1.4082854  -1.4584882  -0.31875792 -1.5868499  -1.4799118
   0.29766136 -1.7949946  -1.4863099   2.5694838  -1.7233936  -1.4831592
   0.06562693]] 
Episode: 261: [[-1.2504501  -1.4083     -1.4584389  -0.31876498 -1.5868737  -1.4798472
   0.2976044  -1.7950555  -1.4862351   2.5695183  -1.7234445  -1.4830849
   0.06559511]] 
Episode: 262: [[-1.2504312  -1.4083246  -1.45841    -0.31879616 -1.5869094  -1.4797958
   0.29755726 -1.7951233  -1.4861645   2.5695717  -1.7234907  -1.4830091
   0.06554782]] 
Episode: 263: [[-1.2504267  -1.408331   -1.4583883  -0.31882    -1.586916   -1.4797627
   0.29751545 -1.7951473  -1.4861205   2.5696118  -1.723503   -1.4829608
   0.06551442]] 
Episode: 264: [[-1.2504375  -1.4083402  -1.4583766  -0.3188263  -1.5869212  -1.4797429
   0.2974845  -1.7951646  -1.4860914   2.569634   -1.7235295  -1.4829267
   0.06550308]] 
Episode: 265: [[-1.2504667  -1.4083484  -1.4583694  -0.31880826 -1.5869178  -1.4797382
   0.2974779  -1.795158   -1.4860865   2.569624   -1.7235411  -1.4829174
   0.06552114]] 
Episode: 266: [[-1.250489   -1.4083706  -1.4583793  -0.3187966  -1.5869247  -1.479752
   0.29748908 -1.7951493  -1.4860977   2.5696156  -1.7235559  -1.4829192
   0.06553976]] 
Episode: 267: [[-1.2505102  -1.4083884  -1.4584045  -0.31878683 -1.5869213  -1.4797804
   0.2975115  -1.7951235  -1.486123    2.5696044  -1.723564   -1.4829341
   0.06555941]] 
Episode: 268: [[-1.2505367  -1.4084284  -1.4584186  -0.31875995 -1.5869409  -1.4798084
   0.29755855 -1.7951152  -1.4861538   2.5695782  -1.7235813  -1.482954
   0.065584  ]] 
Episode: 269: [[-1.250574   -1.4085187  -1.4583862  -0.3186401  -1.5870048  -1.4797899
   0.2976527  -1.7951872  -1.4861518   2.5694637  -1.723686   -1.48296
   0.06566025]] 
Episode: 270: [[-1.2506373  -1.4086009  -1.4583622  -0.31850165 -1.5870513  -1.4797915
   0.2977545  -1.7952247  -1.4861763   2.5693266  -1.7237793  -1.4829904
   0.06576739]] 
Episode: 271: [[-1.2506942  -1.40868    -1.458316   -0.31836796 -1.5870994  -1.4797714
   0.29784942 -1.7952645  -1.4861807   2.5691898  -1.7238511  -1.483003
   0.06587077]] 
Episode: 272: [[-1.2507632  -1.4087412  -1.4582648  -0.31823778 -1.5871332  -1.4797434
   0.29792368 -1.7952944  -1.4861763   2.5690613  -1.723911   -1.4830078
   0.06597202]] 
Episode: 273: [[-1.2508492  -1.4087892  -1.4582083  -0.3181007  -1.5871567  -1.4797106
   0.29798105 -1.7953172  -1.4861698   2.56893    -1.7239738  -1.4830129
   0.06608568]] 
Episode: 274: [[-1.2509229  -1.4088374  -1.4581647  -0.3179791  -1.587181   -1.4796885
   0.29803962 -1.795338   -1.4861699   2.5688112  -1.7240354  -1.4830207
   0.06618917]] 
Episode: 275: [[-1.2509866  -1.4088993  -1.4581317  -0.31787935 -1.5872236  -1.4796696
   0.29809272 -1.7953757  -1.4861659   2.5687227  -1.7241082  -1.4830225
   0.06626627]] 
Episode: 276: [[-1.251052   -1.4089524  -1.4581002  -0.3177805  -1.587252   -1.4796568
   0.29814178 -1.7953957  -1.4861706   2.5686324  -1.7241681  -1.4830326
   0.06634695]] 
Episode: 277: [[-1.2510988  -1.4090104  -1.4580944  -0.3177285  -1.5872984  -1.4796506
   0.2981712  -1.7954357  -1.4861645   2.5685992  -1.7242348  -1.4830251
   0.06638239]] 
Episode: 278: [[-1.2511455  -1.4090533  -1.4580845  -0.31768078 -1.5873276  -1.4796451
   0.29821566 -1.7954599  -1.4861661   2.5685663  -1.72428    -1.4830312
   0.06640583]] 
Episode: 279: [[-1.2512082  -1.4091185  -1.4580866  -0.31762242 -1.5873846  -1.4796602
   0.29829168 -1.7954955  -1.4862027   2.5685327  -1.7243631  -1.4830815
   0.06642932]] 
Episode: 280: [[-1.2512509  -1.4091984  -1.4580766  -0.3175687  -1.5874544  -1.4796677
   0.29836634 -1.7955449  -1.4862334   2.5685048  -1.7244505  -1.4831252
   0.06643819]] 
Episode: 281: [[-1.2513076  -1.4092451  -1.4580693  -0.31751907 -1.5874895  -1.4796791
   0.29841265 -1.7955586  -1.4862711   2.5684817  -1.7245097  -1.4831771
   0.06645303]] 
Episode: 282: [[-1.251381   -1.4092876  -1.4580837  -0.31746203 -1.5875162  -1.4797202
   0.29847276 -1.7955575  -1.4863449   2.5684566  -1.7245915  -1.4832664
   0.06647372]] 
Episode: 283: [[-1.2514341  -1.4093014  -1.4580867  -0.3174292  -1.5875217  -1.479743
   0.29849982 -1.795549   -1.4863936   2.5684488  -1.7246376  -1.4833263
   0.06647915]] 
Episode: 284: [[-1.2514544  -1.4093091  -1.4580865  -0.31744042 -1.5875299  -1.4797477
   0.2984943  -1.7955587  -1.4864086   2.5684896  -1.7246631  -1.4833455
   0.06643476]] 
Episode: 285: [[-1.2514716  -1.4093075  -1.4580755  -0.31744766 -1.5875287  -1.479742
   0.29848173 -1.7955717  -1.4864116   2.5685248  -1.7246923  -1.4833509
   0.06639215]] 
Episode: 286: [[-1.2514795  -1.409289   -1.4580725  -0.31746745 -1.5875015  -1.4797398
   0.29844993 -1.7955532  -1.4864091   2.5685613  -1.7246798  -1.4833415
   0.0663554 ]] 
Episode: 287: [[-1.251499   -1.4092813  -1.4580653  -0.31747642 -1.5874876  -1.4797342
   0.29842645 -1.7955494  -1.486403    2.568594   -1.7246794  -1.4833269
   0.06631928]] 
Episode: 288: [[-1.2515672  -1.409272   -1.4580618  -0.31745982 -1.5874667  -1.4797381
   0.29840145 -1.7955331  -1.4864117   2.5686207  -1.72469    -1.4833297
   0.06629479]] 
Episode: 289: [[-1.251665   -1.4092469  -1.458036   -0.31741503 -1.5874314  -1.4797341
   0.29836953 -1.795508   -1.4864243   2.5686255  -1.7246996  -1.4833399
   0.06629095]] 
Episode: 290: [[-1.2517215  -1.4092283  -1.4580119  -0.3174162  -1.5874205  -1.4797152
   0.29831272 -1.7955182  -1.4864091   2.5686786  -1.7247015  -1.4833196
   0.06624141]] 
Episode: 291: [[-1.2518108  -1.4091836  -1.4579952  -0.31739876 -1.5873795  -1.4797066
   0.29823983 -1.7955034  -1.4864069   2.5687163  -1.7247094  -1.4833101
   0.06622213]] 
Episode: 292: [[-1.2519128  -1.4091464  -1.4579817  -0.31736162 -1.5873363  -1.4797105
   0.29819375 -1.7954702  -1.4864224   2.568726   -1.7247111  -1.483319
   0.06622777]] 
Episode: 293: [[-1.2520105  -1.4091171  -1.4579685  -0.3173125  -1.5872974  -1.4797196
   0.29816845 -1.795437   -1.4864475   2.5687141  -1.7247208  -1.4833403
   0.06625168]] 
Episode: 294: [[-1.2521427  -1.4090669  -1.4579339  -0.31725186 -1.5872381  -1.4797175
   0.29811853 -1.7953994  -1.4864721   2.5687082  -1.7247294  -1.4833674
   0.06627385]] 
Episode: 295: [[-1.2522514  -1.4089991  -1.4578935  -0.31722268 -1.587173   -1.4796954
   0.29803798 -1.7953717  -1.4864668   2.5687313  -1.7247239  -1.4833622
   0.06627144]] 
Episode: 296: [[-1.2523632  -1.4089748  -1.4579129  -0.31719217 -1.5871458  -1.4797359
   0.29803264 -1.7953447  -1.4865212   2.5687473  -1.7247473  -1.4834101
   0.06627637]] 
Episode: 297: [[-1.2524815  -1.4089882  -1.4579856  -0.3171812  -1.587163   -1.4798288
   0.29806578 -1.7953494  -1.4866279   2.5688052  -1.7248584  -1.4835168
   0.06624714]] 
Episode: 298: [[-1.2525632  -1.4090108  -1.4580474  -0.31720233 -1.5871987  -1.479899
   0.29807925 -1.7953806  -1.4867015   2.568896   -1.7249615  -1.4835882
   0.0661801 ]] 
Episode: 299: [[-1.2526298  -1.4090104  -1.4581083  -0.31723744 -1.587206   -1.4799659
   0.29807934 -1.7953795  -1.4867685   2.5689821  -1.7250148  -1.4836496
   0.06612237]] 
Episode: 300: [[-1.2526846  -1.409022   -1.4582045  -0.3172887  -1.5872227  -1.4800653
   0.298104   -1.795372   -1.4868611   2.569077   -1.7250717  -1.4837307
   0.06606048]] 
Episode: 301: [[-1.2526941  -1.409029   -1.4582719  -0.31736827 -1.5872413  -1.4801162
   0.2980804  -1.7953855  -1.4868878   2.569191   -1.7250941  -1.4837364
   0.06597841]] 
Episode: 302: [[-1.2527093  -1.4090242  -1.4583478  -0.31746018 -1.58726    -1.4801645
   0.29803446 -1.7954087  -1.486906    2.5693204  -1.7251475  -1.4837357
   0.06590066]] 
Episode: 303: [[-1.2527422  -1.408924   -1.458236   -0.31747085 -1.5871807  -1.4800502
   0.29789945 -1.7953984  -1.4867966   2.569345   -1.7250757  -1.4836264
   0.06588733]] 
Episode: 304: [[-1.2528301  -1.4087874  -1.4581332  -0.31742406 -1.5870495  -1.4799584
   0.2977799  -1.7953299  -1.4867256   2.569299   -1.7250057  -1.4835628
   0.06595783]] 
Episode: 305: [[-1.2529178  -1.4086729  -1.4580293  -0.31736228 -1.5869386  -1.479864
   0.29768583 -1.7952769  -1.4866538   2.5692363  -1.7249508  -1.4835026
   0.06603693]] 
Episode: 306: [[-1.2530156  -1.4086945  -1.4577589  -0.31719047 -1.5869614  -1.479653
   0.29764068 -1.7953463  -1.4865226   2.5690918  -1.7249501  -1.4834194
   0.06612793]] 
Episode: 307: [[-1.2531209  -1.4087085  -1.4574978  -0.31702775 -1.5869856  -1.4794437
   0.29759425 -1.7954216  -1.4863888   2.568959   -1.7249582  -1.4833343
   0.06621413]] 
Episode: 308: [[-1.2532258  -1.4087212  -1.4572461  -0.31688112 -1.5870167  -1.4792352
   0.29753685 -1.7955135  -1.486248    2.5688553  -1.7249782  -1.4832408
   0.06627198]] 
Episode: 309: [[-1.253367   -1.4087098  -1.4570045  -0.3167091  -1.5870167  -1.479044
   0.29750153 -1.7955838  -1.4861357   2.5687296  -1.7250215  -1.4831864
   0.06634841]] 
Episode: 310: [[-1.2534968  -1.4087026  -1.4567837  -0.3165444  -1.5870156  -1.4788718
   0.2974785  -1.7956417  -1.486038    2.5686028  -1.7250507  -1.4831414
   0.06642799]] 
Episode: 311: [[-1.2536355  -1.4086925  -1.4565942  -0.31638828 -1.5870123  -1.4787327
   0.29746467 -1.7956861  -1.4859713   2.5684886  -1.7250887  -1.4831238
   0.06650371]] 
Episode: 312: [[-1.2537841  -1.4086639  -1.4564203  -0.31623527 -1.5869894  -1.4786097
   0.29744294 -1.7957084  -1.4859214   2.568377   -1.725119   -1.483122
   0.0665862 ]] 
Episode: 313: [[-1.2539792  -1.4085976  -1.4562687  -0.31604794 -1.5869012  -1.4785237
   0.29742715 -1.7956438  -1.4859173   2.5682175  -1.7251097  -1.4831629
   0.06673203]] 
Episode: 314: [[-1.2541587  -1.4085412  -1.4561539  -0.31589365 -1.5868269  -1.4784688
   0.2974162  -1.7955844  -1.485934    2.5680933  -1.725114   -1.4832156
   0.06685339]] 
Episode: 315: [[-1.2543318  -1.4085051  -1.4560533  -0.31574205 -1.5867755  -1.4784199
   0.29741934 -1.7955408  -1.4859495   2.5679688  -1.7251257  -1.4832648
   0.0669788 ]] 
Episode: 316: [[-1.2544904  -1.4084731  -1.4559716  -0.31561148 -1.5867357  -1.478385
   0.29742306 -1.7955096  -1.4859747   2.567869   -1.7251571  -1.4833236
   0.06708392]] 
Episode: 317: [[-1.254665   -1.4084469  -1.4558816  -0.31545362 -1.5866992  -1.4783503
   0.29745463 -1.7954845  -1.4860122   2.5677483  -1.7252241  -1.4834046
   0.06719433]] 
Episode: 318: [[-1.2548196  -1.4084384  -1.4557796  -0.31532246 -1.5867002  -1.4782861
   0.29744822 -1.7955102  -1.4860058   2.567665   -1.7253114  -1.4834391
   0.06727945]] 
Episode: 319: [[-1.2549449  -1.4084309  -1.4556875  -0.31522024 -1.586705   -1.4782226
   0.29742852 -1.7955425  -1.4859874   2.5676074  -1.7253844  -1.4834529
   0.06733973]] 
Episode: 320: [[-1.255065   -1.4084048  -1.4556298  -0.31515604 -1.5866983  -1.4781932
   0.29740974 -1.7955557  -1.4859974   2.567585   -1.725444   -1.4834871
   0.06737824]] 
Episode: 321: [[-1.2552018  -1.4083982  -1.4555511  -0.31507623 -1.5867156  -1.4781357
   0.29736534 -1.795607   -1.4859749   2.5675693  -1.7255317  -1.483487
   0.06741033]] 
Episode: 322: [[-1.2553052  -1.4083971  -1.4554765  -0.31503013 -1.5867475  -1.4780684
   0.29731393 -1.7956816  -1.4859295   2.5675876  -1.725619   -1.4834604
   0.06740206]] 
Episode: 323: [[-1.2553698  -1.4083815  -1.4553945  -0.31502068 -1.5867733  -1.477978
   0.29723048 -1.7957597  -1.4858458   2.5676315  -1.7256708  -1.4833907
   0.06737015]] 
Episode: 324: [[-1.2554077  -1.4083985  -1.4553354  -0.31501862 -1.5868366  -1.4779118
   0.29719114 -1.7958676  -1.4857831   2.5676765  -1.7257642  -1.4833407
   0.06733064]] 
Episode: 325: [[-1.2554363  -1.4084297  -1.4552768  -0.3150258  -1.586911   -1.4778411
   0.2971468  -1.7959865  -1.4857136   2.5677383  -1.7258617  -1.4832861
   0.06727041]] 
Episode: 326: [[-1.2555189  -1.4084322  -1.4552621  -0.31500137 -1.5869339  -1.477835
   0.29712376 -1.7960197  -1.4857235   2.567758   -1.72594    -1.4833105
   0.0672769 ]] 
Episode: 327: [[-1.2555735  -1.4084418  -1.4552749  -0.31500563 -1.5869633  -1.4778489
   0.29711217 -1.7960515  -1.4857452   2.5677998  -1.726008   -1.4833401
   0.0672605 ]] 
Episode: 328: [[-1.255634   -1.4084454  -1.4552749  -0.31499973 -1.586987   -1.4778539
   0.29709435 -1.7960799  -1.4857628   2.5678344  -1.726071   -1.4833705
   0.06724614]] 
Episode: 329: [[-1.2557125  -1.4084208  -1.455276   -0.31497324 -1.586974   -1.4778687
   0.29708695 -1.7960678  -1.4858003   2.567836   -1.7261074  -1.4834234
   0.06726439]] 
Episode: 330: [[-1.2557933  -1.4083922  -1.4552822  -0.3149417  -1.5869484  -1.4778914
   0.29708338 -1.7960377  -1.485846    2.5678267  -1.7261306  -1.4834828
   0.06729463]] 
Episode: 331: [[-1.2559118  -1.4083878  -1.455295   -0.31485906 -1.5869321  -1.4779364
   0.29712698 -1.7959954  -1.485927    2.5677674  -1.7261686  -1.4835789
   0.06736838]] 
Episode: 332: [[-1.2560189  -1.4083987  -1.455317   -0.31476653 -1.586917   -1.4779797
   0.29719436 -1.7959496  -1.4859916   2.5676787  -1.7262082  -1.4836482
   0.06747006]] 
Episode: 333: [[-1.256113   -1.4083924  -1.4553452  -0.31470904 -1.586897   -1.478022
   0.29722938 -1.7959101  -1.4860489   2.5676332  -1.7262433  -1.4837078
   0.06753699]] 
Episode: 334: [[-1.2562189  -1.4083873  -1.455381   -0.314642   -1.5868734  -1.4780767
   0.2972754  -1.7958585  -1.4861205   2.5675774  -1.7262787  -1.4837785
   0.06761568]] 
Episode: 335: [[-1.2563304  -1.4083618  -1.4554075  -0.31456965 -1.5868284  -1.4781238
   0.29731438 -1.7957907  -1.4861873   2.5675106  -1.7262946  -1.4838461
   0.06770431]] 
Episode: 336: [[-1.2564418  -1.4083302  -1.455443   -0.3145031  -1.586778   -1.4781786
   0.29735506 -1.7957149  -1.4862598   2.5674462  -1.7263073  -1.4839184
   0.06779508]] 
Episode: 337: [[-1.256521   -1.4083282  -1.4554843  -0.31444672 -1.5867544  -1.4782364
   0.29741484 -1.7956561  -1.486331    2.5673864  -1.7263272  -1.483987
   0.06787089]] 
Episode: 338: [[-1.256594   -1.4083321  -1.4555166  -0.31439418 -1.5867366  -1.4782802
   0.2974632  -1.7956026  -1.4863871   2.5673409  -1.7263387  -1.484039
   0.06792093]] 
Episode: 339: [[-1.2566538  -1.4083463  -1.4555525  -0.31435472 -1.5867361  -1.4783245
   0.29751062 -1.7955654  -1.4864389   2.567309   -1.7263572  -1.4840846
   0.06795981]] 
Episode: 340: [[-1.2567189  -1.4083601  -1.4555844  -0.31430957 -1.5867265  -1.478368
   0.29756242 -1.79551    -1.4864924   2.5672643  -1.7263491  -1.4841335
   0.06801157]] 
Episode: 341: [[-1.2567787  -1.4083385  -1.455586   -0.31426537 -1.5866876  -1.47838
   0.297593   -1.7954361  -1.4865203   2.56721    -1.7263131  -1.4841634
   0.06806868]] 
Episode: 342: [[-1.2568243  -1.4083235  -1.4555763  -0.31423822 -1.5866597  -1.4783736
   0.2976042  -1.7953812  -1.486524    2.5671785  -1.7262661  -1.4841683
   0.06810003]] 
Episode: 343: [[-1.2568328  -1.4083126  -1.4555671  -0.31426343 -1.5866594  -1.4783458
   0.29758    -1.795379   -1.4864867   2.5672176  -1.7262396  -1.484126
   0.06805696]] 
Episode: 344: [[-1.2568092  -1.4083096  -1.4555686  -0.31431162 -1.5866653  -1.4783224
   0.29755238 -1.7953802  -1.4864447   2.5672727  -1.726202   -1.4840719
   0.06799666]] 
Episode: 345: [[-1.2568197  -1.4083279  -1.4555622  -0.31432444 -1.586685   -1.4783005
   0.29756498 -1.7953826  -1.4864104   2.5672934  -1.7261618  -1.4840224
   0.06796231]] 
Episode: 346: [[-1.2568523  -1.4083304  -1.4555713  -0.3143316  -1.5866762  -1.4782993
   0.29759172 -1.7953418  -1.4863939   2.5672934  -1.7260835  -1.483981
   0.06796085]] 
Episode: 347: [[-1.2568867  -1.4083488  -1.4555693  -0.31433153 -1.5866879  -1.4782976
   0.29762277 -1.7953267  -1.4863871   2.5673008  -1.7260443  -1.4839576
   0.06794459]] 
Episode: 348: [[-1.2568804  -1.4083756  -1.4555223  -0.31437552 -1.5867417  -1.4782308
   0.29760888 -1.7953902  -1.4863021   2.567371   -1.7260152  -1.4838543
   0.06785128]] 
Episode: 349: [[-1.2568867  -1.4083977  -1.455475   -0.3144235  -1.5867987  -1.4781598
   0.29757863 -1.7954617  -1.4862118   2.5674486  -1.7259835  -1.4837441
   0.06776446]] 
Episode: 350: [[-1.2568728  -1.408422   -1.4554286  -0.31449002 -1.5868628  -1.4780858
   0.29753694 -1.7955412  -1.4861144   2.5675464  -1.7259444  -1.4836255
   0.06765546]] 
Episode: 351: [[-1.2568612  -1.408438   -1.4553719  -0.31455347 -1.5869169  -1.478002
   0.29747647 -1.7956198  -1.4860085   2.5676467  -1.72591    -1.4835016
   0.06754282]] 
Episode: 352: [[-1.2568334  -1.4084837  -1.4553136  -0.31462082 -1.5870018  -1.4779152
   0.2974345  -1.7957127  -1.4858932   2.5677376  -1.7258698  -1.4833654
   0.06744385]] 
Episode: 353: [[-1.2568206  -1.408507   -1.4552714  -0.314687   -1.5870641  -1.4778478
   0.29738966 -1.7957846  -1.4858027   2.5678294  -1.7258381  -1.483258
   0.06735161]] 
Episode: 354: [[-1.2568095  -1.4085108  -1.4552096  -0.3147536  -1.5871142  -1.4777563
   0.29731724 -1.7958608  -1.4856898   2.567926   -1.7258109  -1.4831357
   0.06725504]] 
Episode: 355: [[-1.2567692  -1.4085008  -1.4551353  -0.31481883 -1.5871357  -1.4776616
   0.29723436 -1.7959118  -1.4855746   2.5680013  -1.7257528  -1.4830077
   0.06717419]] 
Episode: 356: [[-1.2567357  -1.4084939  -1.4550688  -0.3148641  -1.587153   -1.4775825
   0.29717696 -1.7959515  -1.4854817   2.56805    -1.7257075  -1.4829062
   0.06711728]] 
Episode: 357: [[-1.2566842  -1.4084836  -1.4550092  -0.31494346 -1.5871775  -1.4774995
   0.2970952  -1.7960154  -1.4853733   2.5681462  -1.7256773  -1.4827846
   0.06701221]] 
Episode: 358: [[-1.2566826  -1.4084642  -1.4549959  -0.31495646 -1.5871559  -1.4774994
   0.29707643 -1.7959808  -1.4853706   2.56814    -1.725637   -1.4827673
   0.06703591]] 
Episode: 359: [[-1.2566826  -1.4084425  -1.4549947  -0.31497717 -1.5871351  -1.4775084
   0.29705495 -1.7959417  -1.4853741   2.5681417  -1.7255877  -1.482753
   0.06705822]] 
Episode: 360: [[-1.2566911  -1.4084165  -1.4549905  -0.31500039 -1.5871133  -1.477508
   0.29701626 -1.7959045  -1.4853655   2.568151   -1.7255349  -1.4827262
   0.06707893]] 
Episode: 361: [[-1.2566562  -1.4083668  -1.4548827  -0.31501985 -1.5870609  -1.477392
   0.29694265 -1.7958748  -1.4852445   2.5681157  -1.7253767  -1.4825913
   0.06712221]] 
Episode: 362: [[-1.2566482  -1.408321   -1.4548103  -0.31502223 -1.5870148  -1.4773146
   0.29689935 -1.7958409  -1.4851668   2.5680723  -1.7252578  -1.4825028
   0.06717839]] 
Episode: 363: [[-1.2566599  -1.4082782  -1.4547485  -0.31500685 -1.5869738  -1.4772567
   0.29687992 -1.7958025  -1.485117    2.5680175  -1.7251498  -1.4824456
   0.06724155]] 
Episode: 364: [[-1.2566663  -1.408256   -1.4546945  -0.31497434 -1.5869459  -1.4772072
   0.29689348 -1.7957705  -1.4850752   2.567938   -1.7250644  -1.482398
   0.0673225 ]] 
Episode: 365: [[-1.256636   -1.4082067  -1.4546546  -0.31499916 -1.5869062  -1.4771554
   0.29686219 -1.795748   -1.4850156   2.567908   -1.7249677  -1.4823267
   0.0673747 ]] 
Episode: 366: [[-1.2566371  -1.4081515  -1.4546335  -0.3150081  -1.5868504  -1.4771235
   0.29683644 -1.7956965  -1.4849722   2.567862   -1.724864   -1.4822654
   0.06745402]] 
Episode: 367: [[-1.2566507  -1.408082   -1.454589   -0.31499487 -1.5867732  -1.4770701
   0.29679623 -1.7956293  -1.4849124   2.5677905  -1.7247403  -1.4821908
   0.06755619]] 
Episode: 368: [[-1.2567068  -1.407994   -1.4545472  -0.31494576 -1.5866646  -1.4770304
   0.2967764  -1.7955202  -1.4848756   2.5676763  -1.7245965  -1.4821411
   0.06770457]] 
Episode: 369: [[-1.2567534  -1.4078969  -1.4545218  -0.3149127  -1.5865484  -1.4770067
   0.29676473 -1.7953991  -1.4848528   2.5675719  -1.7244474  -1.482104
   0.06784521]] 
Episode: 370: [[-1.2568146  -1.4077808  -1.4544892  -0.31488165 -1.5864252  -1.4769715
   0.29671922 -1.7952912  -1.4848207   2.5674853  -1.7243351  -1.4820622
   0.06797723]] 
Episode: 371: [[-1.2568647  -1.4076595  -1.4544448  -0.31487733 -1.5863079  -1.4769169
   0.29664412 -1.7952046  -1.4847634   2.5674388  -1.7242303  -1.481996
   0.06806774]] 
Episode: 372: [[-1.256866   -1.4075785  -1.454388   -0.31487682 -1.5862336  -1.4768419
   0.2965924  -1.7951716  -1.4846851   2.567399   -1.7241573  -1.481915
   0.06812042]] 
Episode: 373: [[-1.2568365  -1.4075334  -1.4543772  -0.31490567 -1.5861946  -1.4768041
   0.29657835 -1.7951547  -1.4846247   2.5673838  -1.7241089  -1.4818354
   0.06814744]] 
Episode: 374: [[-1.2568026  -1.4074966  -1.4543884  -0.31494927 -1.5861683  -1.4767864
   0.29657468 -1.7951493  -1.4845848   2.567392   -1.7240822  -1.4817793
   0.06815104]] 
Episode: 375: [[-1.2567694  -1.4074731  -1.4544022  -0.31499752 -1.586156   -1.4767735
   0.2965724  -1.7951529  -1.4845498   2.5674148  -1.7240582  -1.4817283
   0.06813712]] 
Episode: 376: [[-1.2567155  -1.4074483  -1.4543933  -0.31505913 -1.5861447  -1.4767332
   0.29654565 -1.795169   -1.4844822   2.567451   -1.7240082  -1.4816393
   0.06810207]] 
Episode: 377: [[-1.2566241  -1.4074211  -1.4543684  -0.31516105 -1.586149   -1.4766606
   0.29649884 -1.7952213  -1.4843695   2.567524   -1.7239535  -1.4815036
   0.06802686]] 
Episode: 378: [[-1.2565454  -1.4073708  -1.4543453  -0.3152583  -1.586128   -1.476598
   0.29645187 -1.7952514  -1.4842747   2.5675917  -1.7238921  -1.4813892
   0.06795738]] 
Episode: 379: [[-1.256468   -1.4073262  -1.4543235  -0.3153562  -1.5861136  -1.4765352
   0.29639992 -1.7952888  -1.4841794   2.5676675  -1.7238419  -1.4812764
   0.06787954]] 
Episode: 380: [[-1.2564291  -1.4073145  -1.454316   -0.31541932 -1.5861208  -1.476504
   0.29638624 -1.7953335  -1.4841267   2.5677266  -1.7238406  -1.4812101
   0.06781616]] 
Episode: 381: [[-1.2564157  -1.407302   -1.4543163  -0.31545958 -1.5861247  -1.4764893
   0.29638878 -1.7953715  -1.4841013   2.5677724  -1.7238556  -1.481177
   0.06776351]] 
Episode: 382: [[-1.2564385  -1.4072794  -1.4543377  -0.31547895 -1.5861094  -1.4765068
   0.29640412 -1.7953745  -1.4841169   2.567799   -1.7238659  -1.4811859
   0.06774072]] 
Episode: 383: [[-1.2564737  -1.407232   -1.4543536  -0.3155008  -1.5860678  -1.4765178
   0.2963912  -1.795353   -1.4841255   2.5678287  -1.7238541  -1.4811887
   0.06772416]] 
Episode: 384: [[-1.2565331  -1.4071648  -1.4543821  -0.31550333 -1.585994   -1.4765519
   0.29638797 -1.7952884  -1.4841646   2.5678334  -1.7238265  -1.4812219
   0.06773715]] 
Episode: 385: [[-1.2566004  -1.4070983  -1.4544005  -0.31549683 -1.5859191  -1.476579
   0.29637894 -1.7952245  -1.4842007   2.567837   -1.7238039  -1.4812561
   0.06774618]] 
Episode: 386: [[-1.2566593  -1.4070326  -1.4544126  -0.3154928  -1.585846   -1.4765991
   0.29637098 -1.7951609  -1.484228    2.5678368  -1.7237738  -1.4812806
   0.06775779]] 
Episode: 387: [[-1.2567174  -1.4069586  -1.4544343  -0.31550044 -1.5857726  -1.4766263
   0.29635483 -1.7950948  -1.484262    2.5678506  -1.7237436  -1.4813135
   0.06776152]] 
Episode: 388: [[-1.2567807  -1.4069746  -1.454446   -0.31546193 -1.5857711  -1.4766636
   0.29643363 -1.7950708  -1.4843178   2.567819   -1.7237536  -1.4813699
   0.06778143]] 
Episode: 389: [[-1.2568597  -1.4069914  -1.4544556  -0.31540725 -1.5857688  -1.4767085
   0.29651225 -1.7950443  -1.4843899   2.5677805  -1.7237861  -1.4814483
   0.06780943]] 
Episode: 390: [[-1.2569201  -1.4070266  -1.4544746  -0.31536666 -1.585789   -1.4767576
   0.296597   -1.7950404  -1.4844611   2.5677593  -1.723842   -1.4815264
   0.0678178 ]] 
Episode: 391: [[-1.2569793  -1.4070252  -1.454485   -0.3153473  -1.58579    -1.4767913
   0.29663002 -1.7950466  -1.4845136   2.5677714  -1.7239128  -1.4815861
   0.0678026 ]] 
Episode: 392: [[-1.2569658  -1.407032   -1.4544572  -0.31536755 -1.5858064  -1.4767705
   0.2966401  -1.7950985  -1.4845003   2.5678117  -1.7239721  -1.4815793
   0.06773776]] 
Episode: 393: [[-1.2569361  -1.4070346  -1.4544355  -0.3154124  -1.5858245  -1.4767431
   0.29663193 -1.7951574  -1.4844677   2.5678759  -1.7240254  -1.4815475
   0.06765433]] 
Episode: 394: [[-1.2569171  -1.4070106  -1.4544266  -0.31546393 -1.5858153  -1.4767301
   0.29662433 -1.7951868  -1.4844487   2.5679405  -1.7240644  -1.4815279
   0.06757706]] 
Episode: 395: [[-1.2568783  -1.4069754  -1.4544114  -0.3155301  -1.5857943  -1.4767067
   0.29660317 -1.7952039  -1.4844117   2.5680056  -1.7240618  -1.4814794
   0.06750046]] 
Episode: 396: [[-1.2568556  -1.4069577  -1.4544173  -0.31558213 -1.585783   -1.4767108
   0.2966036  -1.7952085  -1.484404    2.5680566  -1.7240666  -1.4814578
   0.06744499]] 
Episode: 397: [[-1.2568208  -1.4069297  -1.4544469  -0.31565955 -1.5857644  -1.4767296
   0.29658982 -1.7952003  -1.4844023   2.5681283  -1.7240574  -1.4814376
   0.06738131]] 
Episode: 398: [[-1.2569206  -1.4068394  -1.4543942  -0.31561828 -1.5856712  -1.4767166
   0.29660168 -1.7951256  -1.484424    2.568093   -1.7240256  -1.481468
   0.06740912]] 
Episode: 399: [[-1.2570137  -1.4067531  -1.4543514  -0.31558204 -1.585577   -1.4767094
   0.29661238 -1.7950449  -1.4844462   2.56806    -1.7239867  -1.4814961
   0.06743665]] 
Episode: 400: [[-1.2570629  -1.4066982  -1.454294   -0.3155725  -1.585523   -1.4766754
   0.29661304 -1.7950052  -1.4844296   2.568047   -1.7239424  -1.481482
   0.06744146]] 
Episode: 401: [[-1.257108   -1.4066803  -1.4541402  -0.31554148 -1.5855024  -1.4765531
   0.29658896 -1.7950048  -1.4843369   2.5680175  -1.7238568  -1.4813944
   0.06744187]] 
Episode: 402: [[-1.2571534  -1.4066532  -1.4540008  -0.31551534 -1.5854696  -1.476433
   0.29655415 -1.7949958  -1.4842352   2.5679884  -1.7237543  -1.4812906
   0.06744918]] 
Episode: 403: [[-1.2572148  -1.4066256  -1.4538689  -0.31548333 -1.5854399  -1.4763201
   0.2965172  -1.7949948  -1.4841422   2.567968   -1.723687   -1.4811995
   0.06744945]] 
Episode: 404: [[-1.2572973  -1.4066008  -1.4537477  -0.3154342  -1.5854038  -1.476229
   0.29648486 -1.7949739  -1.4840747   2.5679355  -1.7236271  -1.4811335
   0.06746706]] 
Episode: 405: [[-1.2573848  -1.4065777  -1.4536455  -0.31537288 -1.5853608  -1.4761631
   0.2964744  -1.794932   -1.484037    2.5678828  -1.7235636  -1.4810975
   0.06750748]] 
Episode: 406: [[-1.257498   -1.4065405  -1.4535593  -0.315291   -1.5852977  -1.4761212
   0.29647294 -1.7948619  -1.4840301   2.5678084  -1.7234991  -1.4810944
   0.06757732]] 
Episode: 407: [[-1.257581   -1.4064795  -1.4534742  -0.3152465  -1.5852289  -1.4760661
   0.29644117 -1.7948061  -1.4840013   2.5677693  -1.7234337  -1.4810683
   0.06761512]] 
Episode: 408: [[-1.2576582  -1.4064301  -1.4534107  -0.31519753 -1.585165   -1.4760357
   0.2964317  -1.7947445  -1.4839972   2.5677173  -1.7233791  -1.4810665
   0.06766951]] 
Episode: 409: [[-1.2577763  -1.4063371  -1.453385   -0.31513855 -1.585046   -1.4760514
   0.29642206 -1.7946153  -1.4840449   2.5676525  -1.7232968  -1.4811153
   0.0677548 ]] 
Episode: 410: [[-1.2578635  -1.4062761  -1.4533715  -0.3151026  -1.5849653  -1.4760708
   0.29642254 -1.7945247  -1.4840865   2.5676165  -1.7232517  -1.4811553
   0.06780572]] 
Episode: 411: [[-1.2579677  -1.4061896  -1.4533422  -0.31506404 -1.5848747  -1.476071
   0.29637995 -1.7944463  -1.4841102   2.5675907  -1.7232276  -1.4811832
   0.06785845]] 
Episode: 412: [[-1.2580326  -1.4061316  -1.4533134  -0.3150504  -1.5848199  -1.4760617
   0.29634073 -1.7944027  -1.4841151   2.5675886  -1.7232127  -1.481189
   0.06787991]] 
Episode: 413: [[-1.2580909  -1.406094   -1.4533031  -0.31503338 -1.5847899  -1.476065
   0.29631943 -1.7943735  -1.4841291   2.5675747  -1.7232134  -1.4812015
   0.0679225 ]] 
Episode: 414: [[-1.2581213  -1.4060911  -1.4532846  -0.31503838 -1.584809   -1.4760565
   0.29630184 -1.7943956  -1.4841294   2.5675967  -1.7232428  -1.4812038
   0.06791729]] 
Episode: 415: [[-1.2581543  -1.4061055  -1.4532777  -0.31503376 -1.5848392  -1.4760649
   0.2963001  -1.7944126  -1.4841508   2.567606   -1.7232805  -1.4812268
   0.06792925]] 
Episode: 416: [[-1.2581799  -1.4061403  -1.4532785  -0.3150431  -1.584892   -1.4760846
   0.29630604 -1.794444   -1.4841818   2.567636   -1.7233404  -1.4812592
   0.06792157]] 
Episode: 417: [[-1.2582563  -1.4061297  -1.453272   -0.31499764 -1.5848714  -1.4761119
   0.2963205  -1.7943934  -1.4842324   2.5675943  -1.7233307  -1.4813086
   0.06798502]] 
Episode: 418: [[-1.2583303  -1.4061235  -1.4532611  -0.3149506  -1.5848535  -1.4761364
   0.29633746 -1.7943511  -1.48428     2.5675578  -1.7233262  -1.4813527
   0.06803286]] 
Episode: 419: [[-1.2584419  -1.4061263  -1.4532754  -0.3148559  -1.5848259  -1.4762056
   0.29640904 -1.794274   -1.4843842   2.5674684  -1.7233273  -1.4814543
   0.068132  ]] 
Episode: 420: [[-1.2585453  -1.4061238  -1.4532945  -0.3147645  -1.5847851  -1.4762805
   0.29650354 -1.7941768  -1.484494    2.5673718  -1.7233018  -1.4815605
   0.06822646]] 
Episode: 421: [[-1.2586416  -1.4060923  -1.4532827  -0.31468385 -1.5847231  -1.4763169
   0.29654676 -1.794078   -1.4845626   2.567284   -1.7232491  -1.481625
   0.06831753]] 
Episode: 422: [[-1.2587227  -1.4060018  -1.4532549  -0.31462908 -1.584611   -1.4763303
   0.2965464  -1.7939535  -1.4846001   2.5672047  -1.7231534  -1.4816533
   0.068408  ]] 
Episode: 423: [[-1.2587607  -1.4059687  -1.453226   -0.31461158 -1.5845791  -1.4763132
   0.29652488 -1.7939161  -1.4845895   2.5671775  -1.7231135  -1.481633
   0.06845154]] 
Episode: 424: [[-1.2587684  -1.4059529  -1.4532031  -0.31462538 -1.584568   -1.4762912
   0.29650968 -1.7939023  -1.4845648   2.5671833  -1.7230827  -1.481598
   0.06845378]] 
Episode: 425: [[-1.258762   -1.405971   -1.453185   -0.31464204 -1.5846008  -1.4762696
   0.2964981  -1.7939302  -1.484535    2.5671973  -1.7230985  -1.4815564
   0.06845309]] 
Episode: 426: [[-1.2587594  -1.4059895  -1.4531655  -0.3146502  -1.5846257  -1.4762492
   0.29649532 -1.7939508  -1.4845059   2.5672004  -1.72311    -1.4815149
   0.06845835]] 
Episode: 427: [[-1.2586771  -1.4060134  -1.4531846  -0.31474626 -1.5846689  -1.4762392
   0.2964679  -1.7939956  -1.4844551   2.5672805  -1.723116   -1.4814367
   0.06839408]] 
Episode: 428: [[-1.258574   -1.4060639  -1.4532312  -0.3148692  -1.5847491  -1.4762485
   0.296453   -1.7940768  -1.4844147   2.5673954  -1.72317    -1.4813657
   0.06829847]] 
Episode: 429: [[-1.2584639  -1.4061102  -1.4532789  -0.31500137 -1.584828   -1.476255
   0.2964379  -1.794156   -1.4843689   2.5675156  -1.7232127  -1.4812897
   0.06819682]] 
Episode: 430: [[-1.2583336  -1.4061675  -1.4533176  -0.3151426  -1.5849344  -1.4762322
   0.29641032 -1.7942789  -1.4842834   2.56765    -1.7233013  -1.4811758
   0.06807776]] 
Episode: 431: [[-1.2582325  -1.4062071  -1.4533354  -0.31526747 -1.585015   -1.4761951
   0.29634345 -1.7943879  -1.4841888   2.567781   -1.7233852  -1.4810545
   0.06797019]] 
Episode: 432: [[-1.2581614  -1.4062402  -1.453359   -0.31536272 -1.585079   -1.4761835
   0.29629794 -1.7944624  -1.4841353   2.56788    -1.7234588  -1.4809781
   0.06789715]] 
Episode: 433: [[-1.2581452  -1.406252   -1.4533993  -0.3154119  -1.5851022  -1.4762075
   0.29627308 -1.7944814  -1.4841322   2.567933   -1.7235153  -1.4809552
   0.0678762 ]] 
Episode: 434: [[-1.2581356  -1.4062715  -1.4534422  -0.31544727 -1.5851246  -1.4762423
   0.296265   -1.7944851  -1.4841437   2.567966   -1.7235552  -1.4809452
   0.06787477]] 
Episode: 435: [[-1.2581437  -1.4062732  -1.4534901  -0.3154678  -1.5851277  -1.4762871
   0.29626018 -1.7944713  -1.4841732   2.5679817  -1.7235994  -1.4809601
   0.06789614]] 
Episode: 436: [[-1.2581353  -1.4062873  -1.4535435  -0.3155121  -1.5851516  -1.4763321
   0.29625016 -1.7944757  -1.4841988   2.568026   -1.7236477  -1.4809715
   0.06789001]] 
Episode: 437: [[-1.2581382  -1.4062786  -1.4535912  -0.31555074 -1.5851506  -1.476374
   0.29622793 -1.7944576  -1.4842256   2.56806    -1.723667   -1.4809852
   0.06789849]] 
Episode: 438: [[-1.2582157  -1.4062426  -1.4536632  -0.3155118  -1.5850855  -1.4764706
   0.2962515  -1.7943387  -1.4843261   2.567994   -1.7236338  -1.4810711
   0.06802034]] 
Episode: 439: [[-1.2582786  -1.4061788  -1.4537164  -0.3155287  -1.5850188  -1.4765339
   0.296199   -1.7942259  -1.4843835   2.5679927  -1.7235601  -1.4811066
   0.06809644]] 
Episode: 440: [[-1.2583733  -1.4060906  -1.4537572  -0.31551564 -1.5849193  -1.4765918
   0.2961388  -1.7940929  -1.4844451   2.5679681  -1.7234854  -1.4811507
   0.06819193]] 
Episode: 441: [[-1.2584072  -1.4060243  -1.4537958  -0.315558   -1.5848603  -1.4766258
   0.29606864 -1.7940217  -1.4844666   2.568004   -1.7234473  -1.4811538
   0.0682147 ]] 
Episode: 442: [[-1.2584046  -1.4059771  -1.4538336  -0.31563064 -1.5848354  -1.4766437
   0.29599252 -1.7939919  -1.4844602   2.5680695  -1.7234242  -1.4811281
   0.06820522]] 
Episode: 443: [[-1.2584313  -1.4059306  -1.4538636  -0.31566572 -1.5847999  -1.4766663
   0.29593655 -1.7939433  -1.4844711   2.568097   -1.7233976  -1.4811256
   0.06822967]] 
Episode: 444: [[-1.2584836  -1.4059187  -1.453902   -0.31565467 -1.5847819  -1.4767243
   0.29593593 -1.7938838  -1.4845308   2.568079   -1.7233766  -1.4811713
   0.06829122]] 
Episode: 445: [[-1.258557   -1.4059386  -1.4539481  -0.31561577 -1.5847906  -1.4768023
   0.2959785  -1.7938303  -1.4846207   2.5680387  -1.7233765  -1.481251
   0.06836968]] 
Episode: 446: [[-1.2586142  -1.4059775  -1.4540018  -0.31559426 -1.5848225  -1.4768808
   0.2960246  -1.7938037  -1.4847039   2.568023   -1.7234038  -1.4813231
   0.06842006]] 
Episode: 447: [[-1.2586716  -1.4059846  -1.4540443  -0.31558418 -1.5848342  -1.4769267
   0.29602358 -1.793781   -1.4847436   2.5680144  -1.7234088  -1.4813461
   0.0684768 ]] 
Episode: 448: [[-1.2587335  -1.4059925  -1.4539895  -0.31554273 -1.584861   -1.4768672
   0.29597408 -1.7938257  -1.4846835   2.5679967  -1.7234472  -1.4812762
   0.06851563]] 
Episode: 449: [[-1.2587907  -1.4060378  -1.453886   -0.3154856  -1.5849394  -1.4767689
   0.2959014  -1.7939458  -1.4845982   2.5679917  -1.7235724  -1.4811949
   0.06853453]] 
Episode: 450: [[-1.2588481  -1.4060475  -1.453786   -0.31545007 -1.5849928  -1.4766555
   0.2958006  -1.7940589  -1.4844836   2.5680075  -1.7236806  -1.4810791
   0.06853773]] 
Episode: 451: [[-1.2588522  -1.4060824  -1.4536958  -0.3154765  -1.5850981  -1.4765332
   0.29569116 -1.7942295  -1.4843451   2.5680945  -1.7238296  -1.4809393
   0.06846569]] 
Episode: 452: [[-1.2588631  -1.4061297  -1.4536219  -0.31547818 -1.5851973  -1.4764364
   0.2956445  -1.7943745  -1.4842379   2.5681412  -1.7239596  -1.4808329
   0.06841905]] 
Episode: 453: [[-1.2588928  -1.4061054  -1.4535244  -0.3154632  -1.5852046  -1.4763156
   0.29557133 -1.7944548  -1.484109    2.568154   -1.7240059  -1.4807041
   0.06839886]] 
Episode: 454: [[-1.2589059  -1.4061127  -1.4533921  -0.31544644 -1.585264   -1.4761432
   0.29547402 -1.7946187  -1.4839221   2.5681899  -1.7241273  -1.480521
   0.0683433 ]] 
Episode: 455: [[-1.2589264  -1.4060974  -1.4532645  -0.31542677 -1.5852914  -1.4759787
   0.29537734 -1.7947466  -1.4837432   2.5682116  -1.7242138  -1.4803433
   0.06830413]] 
Episode: 456: [[-1.2589462  -1.4060866  -1.4531573  -0.31540745 -1.5853155  -1.4758407
   0.2953077  -1.7948475  -1.4835888   2.5682158  -1.7242774  -1.480188
   0.06828984]] 
Episode: 457: [[-1.2589625  -1.4060707  -1.453075   -0.31539026 -1.5853287  -1.4757333
   0.2952496  -1.794934   -1.4834683   2.5682206  -1.7243476  -1.4800661
   0.06827679]] 
Episode: 458: [[-1.2590199  -1.405996   -1.4529738  -0.31535387 -1.5852854  -1.4756051
   0.29513475 -1.7949817  -1.4833302   2.5682085  -1.7243857  -1.4799266
   0.0682983 ]] 
Episode: 459: [[-1.2590752  -1.4059175  -1.45284    -0.3153301  -1.5852542  -1.4754449
   0.2949784  -1.795061   -1.4831659   2.5682309  -1.724445   -1.4797688
   0.06828301]] 
Episode: 460: [[-1.2591394  -1.405847   -1.4527355  -0.31529573 -1.5852174  -1.4753206
   0.2948542  -1.7951131  -1.4830372   2.5682328  -1.7244964  -1.4796435
   0.06829251]] 
Episode: 461: [[-1.259162   -1.4058033  -1.4526433  -0.3152971  -1.5852122  -1.4752004
   0.29473078 -1.7951915  -1.4829032   2.5682688  -1.724553   -1.479508
   0.06826605]] 
Episode: 462: [[-1.2592162  -1.4057431  -1.4525608  -0.31527865 -1.585185   -1.4751018
   0.29461274 -1.7952423  -1.4827998   2.568287   -1.7246084  -1.4794048
   0.06826555]] 
Episode: 463: [[-1.2592596  -1.4057089  -1.4524909  -0.3152641  -1.5851809  -1.47502
   0.29452136 -1.7953004  -1.4827144   2.568307   -1.7246733  -1.479321
   0.0682599 ]] 
Episode: 464: [[-1.2592717  -1.4056991  -1.4524556  -0.31526586 -1.5851891  -1.4749675
   0.2944685  -1.7953539  -1.4826499   2.5683258  -1.7247347  -1.4792529
   0.06825303]] 
Episode: 465: [[-1.259305   -1.4057007  -1.4524456  -0.31525454 -1.5852028  -1.4749478
   0.2944536  -1.7953925  -1.4826213   2.568331   -1.7247992  -1.4792191
   0.06826109]] 
Episode: 466: [[-1.2593471  -1.4057184  -1.4524715  -0.31524283 -1.5852276  -1.4749668
   0.29446924 -1.7954367  -1.4826334   2.568345   -1.724913   -1.4792295
   0.06826273]] 
Episode: 467: [[-1.2593955  -1.4057251  -1.452502   -0.3152235  -1.5852312  -1.4749954
   0.2944876  -1.7954512  -1.4826568   2.568339   -1.724997   -1.4792494
   0.06829036]] 
Episode: 468: [[-1.2594396  -1.4057266  -1.4525337  -0.31521645 -1.5852314  -1.4750214
   0.29450125 -1.7954592  -1.4826742   2.568343   -1.7250633  -1.4792618
   0.06830908]] 
Episode: 469: [[-1.2594832  -1.405718   -1.4525753  -0.31522566 -1.5852252  -1.4750576
   0.2945039  -1.7954578  -1.4827018   2.5683682  -1.7251202  -1.4792833
   0.06830942]] 
Episode: 470: [[-1.2594868  -1.4057406  -1.4525276  -0.31519476 -1.5852317  -1.4750118
   0.29450133 -1.795498   -1.4826576   2.5683515  -1.7251505  -1.4792421
   0.06830145]] 
Episode: 471: [[-1.2594881  -1.4058195  -1.4525189  -0.3151472  -1.5852872  -1.474996
   0.29457018 -1.7955675  -1.4826367   2.568313   -1.7252322  -1.4792247
   0.06831158]] 
Episode: 472: [[-1.2594566 -1.4059093 -1.4525304 -0.3151365 -1.5853505 -1.474996
   0.2946432 -1.7956351 -1.4826214  2.5683017 -1.7253001 -1.4792047
   0.0682972]] 
Episode: 473: [[-1.2594178  -1.4059967  -1.4525437  -0.31513464 -1.5854033  -1.4749964
   0.29472145 -1.7956855  -1.4826045   2.5682921  -1.7253476  -1.4791827
   0.06827754]] 
Episode: 474: [[-1.2593737  -1.4060965  -1.4525616  -0.31514114 -1.5854734  -1.4750006
   0.29479912 -1.7957458  -1.4825897   2.568293   -1.7254022  -1.479161
   0.06825218]] 
Episode: 475: [[-1.2593396  -1.4062005  -1.4525682  -0.31512943 -1.5855451  -1.4750053
   0.29488847 -1.7958008  -1.4825859   2.5682776  -1.725454   -1.4791545
   0.06823621]] 
Episode: 476: [[-1.2593373  -1.406287   -1.4525827  -0.31511644 -1.5856009  -1.4750215
   0.29493883 -1.7958399  -1.4825935   2.5682774  -1.725511   -1.479157
   0.06822569]] 
Episode: 477: [[-1.2593648  -1.4063566  -1.4526019  -0.31509227 -1.5856475  -1.4750471
   0.29498917 -1.7958684  -1.4826189   2.568275   -1.725578   -1.4791842
   0.0682231 ]] 
Episode: 478: [[-1.2593809  -1.4064308  -1.4526159  -0.31507802 -1.5857058  -1.4750669
   0.2950413  -1.7959098  -1.482638    2.568283   -1.7256488  -1.4792048
   0.06820611]] 
Episode: 479: [[-1.2594036  -1.4064782  -1.4526526  -0.31507775 -1.5857408  -1.4751115
   0.2950965  -1.7959237  -1.4826797   2.5682964  -1.7257098  -1.4792438
   0.06819557]] 
Episode: 480: [[-1.2594367  -1.406494   -1.452685   -0.31510687 -1.585752   -1.4751341
   0.2950995  -1.7959251  -1.4826832   2.5683439  -1.7257437  -1.4792341
   0.06816774]] 
Episode: 481: [[-1.2594221  -1.4064475  -1.4523233  -0.31495142 -1.5857239  -1.4748088
   0.294999   -1.7960405  -1.4824194   2.5682123  -1.7256496  -1.4790105
   0.06813355]] 
Episode: 482: [[-1.2593793  -1.4064243  -1.451999   -0.31483647 -1.5857221  -1.4745086
   0.29491523 -1.7961675  -1.4821649   2.5681152  -1.7255617  -1.4787872
   0.06807391]] 
Episode: 483: [[-1.2593102  -1.4064633  -1.4517132  -0.31475165 -1.5857857  -1.4742503
   0.29487005 -1.7963296  -1.4819471   2.5680523  -1.7255311  -1.4785942
   0.06799077]] 
Episode: 484: [[-1.2592237  -1.4065164  -1.4514551  -0.31469384 -1.5858668  -1.47401
   0.294825   -1.796501   -1.4817345   2.5680146  -1.7255147  -1.4783994
   0.06789412]] 
Episode: 485: [[-1.2591463  -1.4065742  -1.4512292  -0.3146502  -1.5859522  -1.4737973
   0.29478607 -1.7966682  -1.4815432   2.5679963  -1.7255311  -1.4782234
   0.0677937 ]] 
Episode: 486: [[-1.2591548  -1.4065336  -1.4509677  -0.31458625 -1.5859445  -1.4735668
   0.29463795 -1.796767   -1.4813434   2.567974   -1.7254981  -1.4780403
   0.06773886]] 
Episode: 487: [[-1.2591466  -1.4065107  -1.4507345  -0.31454107 -1.5859548  -1.4733591
   0.29451665 -1.7968671  -1.4811599   2.5679617  -1.725467   -1.4778706
   0.06767943]] 
Episode: 488: [[-1.2591425  -1.4064723  -1.4505217  -0.31450525 -1.5859478  -1.4731681
   0.29439345 -1.7969472  -1.4809908   2.5679579  -1.7254254  -1.477714
   0.06761681]] 
Episode: 489: [[-1.2591597  -1.4064243  -1.4503366  -0.31446233 -1.585922   -1.4730068
   0.2942859  -1.7969987  -1.4808542   2.567946   -1.7253886  -1.4775909
   0.06757264]] 
Episode: 490: [[-1.2591814  -1.4063945  -1.4501474  -0.31440517 -1.5859151  -1.4728414
   0.2941938  -1.7970622  -1.4807148   2.5679195  -1.7253575  -1.4774665
   0.0675404 ]] 
Episode: 491: [[-1.2592195  -1.4063536  -1.4499866  -0.31434822 -1.5858926  -1.4727067
   0.2941086  -1.7970926  -1.4806063   2.5678854  -1.7253109  -1.4773693
   0.0675353 ]] 
Episode: 492: [[-1.2592947  -1.40628    -1.4498315  -0.31426635 -1.5858307  -1.4725794
   0.2940061  -1.7970877  -1.4805113   2.5678244  -1.725246   -1.477287
   0.06757496]] 
Episode: 493: [[-1.2593348  -1.4062347  -1.4496833  -0.31421387 -1.585809   -1.4724448
   0.2939035  -1.7971294  -1.4803964   2.5677986  -1.7252222  -1.477183
   0.06757435]] 
Episode: 494: [[-1.2593983  -1.4061698  -1.449551   -0.31415725 -1.5857705  -1.4723259
   0.29379267 -1.7971542  -1.4802973   2.5677748  -1.725197   -1.4770914
   0.06758178]] 
Episode: 495: [[-1.2594798  -1.406116   -1.4494374  -0.31409022 -1.5857358  -1.4722323
   0.29370522 -1.7971637  -1.4802276   2.5677373  -1.7251706  -1.4770291
   0.06761354]] 
Episode: 496: [[-1.2595602  -1.4060528  -1.4493245  -0.31402615 -1.585695   -1.472137
   0.29360953 -1.7971711  -1.4801551   2.567703   -1.7251419  -1.476965
   0.06764375]] 
Episode: 497: [[-1.259649   -1.4059865  -1.4492162  -0.31396115 -1.5856465  -1.4720416
   0.29350314 -1.7971759  -1.4800773   2.5676727  -1.7251232  -1.4768926
   0.06767411]] 
Episode: 498: [[-1.2597176  -1.4059435  -1.4491391  -0.31391716 -1.5856081  -1.4719807
   0.29343396 -1.7971637  -1.4800289   2.5676513  -1.7250887  -1.4768407
   0.06769555]] 
Episode: 499: [[-1.2598183  -1.4058847  -1.4490894  -0.3138653  -1.585547   -1.4719591
   0.29338157 -1.7971083  -1.4800305   2.5676227  -1.7250371  -1.4768419
   0.0677367 ]] 
Episode: 500: [[-1.2598218  -1.4058318  -1.4490576  -0.3139127  -1.5855072  -1.4719288
   0.2932901  -1.7970885  -1.4799923   2.567675   -1.7249659  -1.476785
   0.06770448]] 
Episode: 501: [[-1.2597826  -1.405796   -1.4490125  -0.31397897 -1.5854874  -1.4718727
   0.29318163 -1.7970972  -1.4799147   2.5677388  -1.7248917  -1.4766846
   0.06765483]] 
Episode: 502: [[-1.2597531  -1.4057397  -1.448981   -0.31405044 -1.5854471  -1.4718318
   0.29307696 -1.7970768  -1.4798553   2.5677998  -1.7247949  -1.4766036
   0.0676175 ]] 
Episode: 503: [[-1.2597255  -1.4056791  -1.4489417  -0.31412792 -1.5854101  -1.4717798
   0.29295653 -1.7970704  -1.4797834   2.567879   -1.7247099  -1.4765108
   0.06755683]] 
Episode: 504: [[-1.259675   -1.4056033  -1.4489055  -0.3142307  -1.5853589  -1.4717231
   0.292839   -1.7970518  -1.4797      2.5679674  -1.7245876  -1.4764036
   0.06748379]] 
Episode: 505: [[-1.259668   -1.4055204  -1.4488723  -0.31428105 -1.5852787  -1.4716805
   0.29274178 -1.7969937  -1.4796402   2.5679948  -1.7244475  -1.4763204
   0.06748024]] 
Episode: 506: [[-1.2596301  -1.4054725  -1.4488378  -0.31436136 -1.5852439  -1.4716188
   0.29263625 -1.7969818  -1.4795463   2.568051   -1.7243168  -1.4761977
   0.0674523 ]] 
Episode: 507: [[-1.2595813  -1.4054645  -1.4488157  -0.31443906 -1.5852455  -1.4715706
   0.29257095 -1.7969954  -1.4794645   2.5681074  -1.724235   -1.4760894
   0.06741571]] 
Episode: 508: [[-1.2595512  -1.4054418  -1.4488194  -0.3145216  -1.585228   -1.4715464
   0.29250297 -1.7969798  -1.479405    2.5681686  -1.7241468  -1.4760022
   0.06738999]] 
Episode: 509: [[-1.2595316  -1.4054201  -1.448809   -0.31458703 -1.5852113  -1.4715077
   0.29241696 -1.7969779  -1.4793335   2.5682247  -1.724081   -1.4759061
   0.06736698]] 
Episode: 510: [[-1.2595187  -1.4054084  -1.448797   -0.314645   -1.5852056  -1.4714671
   0.29233792 -1.7969869  -1.4792595   2.5682755  -1.7240233  -1.4758072
   0.06734948]] 
Episode: 511: [[-1.259481   -1.4054455  -1.4488156  -0.3147283  -1.5852575  -1.4714495
   0.29230204 -1.7970432  -1.479197    2.5683575  -1.72404    -1.4757161
   0.06729753]] 
Episode: 512: [[-1.2594353  -1.4054744  -1.4488373  -0.31481346 -1.5853028  -1.4714373
   0.29227024 -1.7970921  -1.4791434   2.5684333  -1.7240546  -1.4756376
   0.06725404]] 
Episode: 513: [[-1.259407   -1.4054883  -1.448868   -0.31487325 -1.5853137  -1.4714478
   0.29226732 -1.7970871  -1.4791247   2.568464   -1.7240187  -1.4755965
   0.06725828]] 
Episode: 514: [[-1.2594423 -1.4055061 -1.448821  -0.3148138 -1.5853156 -1.4714181
   0.2922903 -1.79709   -1.4791143  2.5684078 -1.7239959 -1.4755917
   0.067294 ]] 
Episode: 515: [[-1.2594758  -1.4055092  -1.4487798  -0.31475765 -1.5853025  -1.4713917
   0.2923082  -1.7970809  -1.4791028   2.568346   -1.7239702  -1.475583
   0.06734326]] 
Episode: 516: [[-1.2595385  -1.4054939  -1.4487467  -0.314676   -1.5852617  -1.4713825
   0.29233164 -1.7970328  -1.479117    2.5682497  -1.7239219  -1.4756021
   0.06744111]] 
Episode: 517: [[-1.2595843  -1.4054818  -1.4486868  -0.31460387 -1.5852351  -1.471343
   0.29233566 -1.7970208  -1.4791036   2.5681744  -1.7239068  -1.475603
   0.06750502]] 
Episode: 518: [[-1.2596288  -1.4054729  -1.4486569  -0.3145443  -1.585208   -1.4713427
   0.2923687  -1.7969904  -1.4791359   2.5681093  -1.7239076  -1.4756521
   0.06756376]] 
Episode: 519: [[-1.2596666  -1.4054571  -1.4486266  -0.31448832 -1.5851729  -1.471336
   0.29238757 -1.7969558  -1.479155    2.5680406  -1.7238966  -1.4756825
   0.0676323 ]] 
Episode: 520: [[-1.2597328  -1.4054428  -1.4486079  -0.31442297 -1.5851446  -1.4713476
   0.29240876 -1.7969228  -1.4791981   2.5679803  -1.7239108  -1.4757395
   0.06769784]] 
Episode: 521: [[-1.259815   -1.405443   -1.4485862  -0.31432912 -1.5851233  -1.4713608
   0.29245132 -1.7968868  -1.4792476   2.5678883  -1.723928   -1.4758058
   0.06779405]] 
Episode: 522: [[-1.2598974  -1.4054369  -1.4485685  -0.3142435  -1.5850934  -1.4713767
   0.2924969  -1.7968377  -1.4792984   2.567801   -1.7239238  -1.4758716
   0.06788473]] 
Episode: 523: [[-1.2599305  -1.405459   -1.448559   -0.31416696 -1.5850629  -1.4714061
   0.29262698 -1.796769   -1.4793631   2.567687   -1.7238708  -1.4759474
   0.06796958]] 
Episode: 524: [[-1.2599804  -1.405455   -1.4485401  -0.3140779  -1.5849999  -1.4714302
   0.29273787 -1.7966775  -1.4794254   2.5675614  -1.723797   -1.4760196
   0.06806726]] 
Episode: 525: [[-1.2600461  -1.4054359  -1.448526   -0.31398973 -1.5849273  -1.4714619
   0.2928382  -1.7965771  -1.4794989   2.5674448  -1.7237291  -1.4761056
   0.06816138]] 
Episode: 526: [[-1.2601062  -1.405428   -1.4485301  -0.3139227  -1.5848678  -1.4715074
   0.29293883 -1.7964824  -1.4795786   2.5673537  -1.7236634  -1.4761914
   0.06823603]] 
Episode: 527: [[-1.2601433  -1.405451   -1.448525   -0.3138725  -1.584853   -1.4715343
   0.29302475 -1.7964385  -1.4796296   2.5672925  -1.7236288  -1.4762449
   0.06827498]] 
Episode: 528: [[-1.2601695  -1.4054708  -1.4485233  -0.31383765 -1.5848391  -1.4715579
   0.2930839  -1.79641    -1.4796712   2.567257   -1.7236121  -1.4762856
   0.06828971]] 
Episode: 529: [[-1.2601316  -1.4054934  -1.4484884  -0.3138785  -1.5848656  -1.4715194
   0.29305717 -1.7964653  -1.4796269   2.5673242  -1.7236112  -1.4762348
   0.06818693]] 
Episode: 530: [[-1.2601068  -1.4055027  -1.448455   -0.31391484 -1.5848773  -1.4714861
   0.29302382 -1.7965013  -1.4795905   2.5673857  -1.7235914  -1.4761907
   0.06809603]] 
Episode: 531: [[-1.2600627  -1.4055083  -1.4484278  -0.31398338 -1.5849015  -1.4714491
   0.29296932 -1.7965623  -1.4795425   2.5674872  -1.7235903  -1.4761318
   0.06796777]] 
Episode: 532: [[-1.2600163  -1.4055439  -1.4483799  -0.31406027 -1.5849886  -1.4713764
   0.29285836 -1.796702   -1.4794486   2.5676239  -1.7236605  -1.4760293
   0.06782153]] 
Episode: 533: [[-1.2600143  -1.4055437  -1.4483463  -0.31411275 -1.5850326  -1.4713252
   0.29275942 -1.7967955  -1.4793828   2.56773    -1.7237233  -1.4759566
   0.06771968]] 
Episode: 534: [[-1.2600127  -1.4055526  -1.4483088  -0.31415606 -1.5850847  -1.4712694
   0.29266295 -1.7968935  -1.479311    2.567826   -1.7237883  -1.4758753
   0.06762674]] 
Episode: 535: [[-1.2600214  -1.4056015  -1.4482353  -0.31415507 -1.5851518  -1.4712025
   0.2926464  -1.7969934  -1.4792532   2.5678635  -1.7238381  -1.4758228
   0.06756259]] 
Episode: 536: [[-1.2600337  -1.4056406  -1.4481943  -0.31416127 -1.5852046  -1.4711659
   0.29265007 -1.7970665  -1.4792211   2.5678978  -1.7238853  -1.4757905
   0.06751179]] 
Episode: 537: [[-1.2600449  -1.405654   -1.4481641  -0.3141821  -1.5852326  -1.4711397
   0.29263216 -1.7971143  -1.4791955   2.5679414  -1.7239071  -1.4757583
   0.06746358]] 
Episode: 538: [[-1.2600822  -1.4056597  -1.4481453  -0.31418145 -1.5852458  -1.471133
   0.29263553 -1.7971315  -1.4791954   2.5679557  -1.7239114  -1.4757516
   0.06745304]] 
Episode: 539: [[-1.2601297  -1.4056668  -1.4481136  -0.31417844 -1.5852779  -1.471102
   0.2926187  -1.7971833  -1.4791651   2.5679834  -1.7239554  -1.4757178
   0.06742915]] 
Episode: 540: [[-1.2602321  -1.4056692  -1.4481249  -0.31415132 -1.585288   -1.4711285
   0.29262775 -1.7971886  -1.4791988   2.5679886  -1.7240102  -1.4757423
   0.06745488]] 
Episode: 541: [[-1.2603381  -1.405684   -1.4481119  -0.31409994 -1.5853087  -1.4711311
   0.29264158 -1.7972132  -1.4792125   2.5679767  -1.7240813  -1.4757532
   0.06748118]] 
Episode: 542: [[-1.2604295  -1.4056829  -1.4481059  -0.3140723  -1.5853193  -1.4711355
   0.29264063 -1.7972289  -1.4792229   2.5679846  -1.7241341  -1.4757576
   0.06749103]] 
Episode: 543: [[-1.2604984  -1.4057002  -1.4480987  -0.3140608  -1.5853554  -1.4711351
   0.29264387 -1.7972728  -1.4792259   2.5680146  -1.7242103  -1.475756
   0.06746829]] 
Episode: 544: [[-1.2605573  -1.4057173  -1.4480853  -0.3140555  -1.5854001  -1.471129
   0.29263496 -1.797325   -1.4792246   2.568052   -1.7242857  -1.4757519
   0.06743906]] 
Episode: 545: [[-1.2605857  -1.4058022  -1.4480965  -0.31408885 -1.5855348  -1.4711319
   0.29264805 -1.7974528  -1.4792159   2.5681412  -1.7244288  -1.4757375
   0.06736266]] 
Episode: 546: [[-1.2606382  -1.4058641  -1.4481125  -0.31410077 -1.585634   -1.4711487
   0.2926684  -1.7975382  -1.47923     2.5682025  -1.724539   -1.4757484
   0.06731707]] 
Episode: 547: [[-1.2606605  -1.4059293  -1.4481343  -0.31415528 -1.5857468  -1.4711659
   0.29266417 -1.797634   -1.4792358   2.5683064  -1.72464    -1.4757448
   0.06723514]] 
Episode: 548: [[-1.2606416  -1.4060148  -1.4481623  -0.31423542 -1.585879   -1.4711806
   0.29267383 -1.7977458  -1.4792302   2.5684247  -1.7247384  -1.4757265
   0.0671313 ]] 
Episode: 549: [[-1.2606382  -1.4060931  -1.4481931  -0.31429046 -1.5859926  -1.4712038
   0.29269508 -1.7978296  -1.4792391   2.5685065  -1.7248176  -1.475725
   0.06706996]] 
Episode: 550: [[-1.2606784  -1.4061456  -1.4482175  -0.3142947  -1.5860626  -1.4712412
   0.2927352  -1.7978655  -1.4792839   2.5685358  -1.7248735  -1.4757682
   0.06705642]] 
Episode: 551: [[-1.260761   -1.4061897  -1.4482582  -0.3142562  -1.5861014  -1.4713095
   0.2927977  -1.7978501  -1.4793714   2.568515   -1.7249033  -1.4758552
   0.06710447]] 
Episode: 552: [[-1.2608523  -1.4062092  -1.4483021  -0.3142206  -1.5861139  -1.4713792
   0.2928505  -1.7978096  -1.4794573   2.568489   -1.7249043  -1.475937
   0.06716616]] 
Episode: 553: [[-1.2609699  -1.406201   -1.4483441  -0.3141657  -1.586087   -1.4714509
   0.2928914  -1.797733   -1.4795474   2.5684419  -1.7248777  -1.4760202
   0.06725347]] 
Episode: 554: [[-1.2610809  -1.4062018  -1.4483886  -0.31412256 -1.5860748  -1.4715205
   0.29292464 -1.7976805  -1.4796323   2.5684218  -1.7248887  -1.4760977
   0.06730688]] 
Episode: 555: [[-1.2611933  -1.4061986  -1.4484246  -0.31407917 -1.5860581  -1.4715831
   0.29295036 -1.7976272  -1.4797118   2.568404   -1.7248911  -1.4761716
   0.06735563]] 
Episode: 556: [[-1.2611868  -1.4062643  -1.4484277  -0.31412235 -1.5861378  -1.4715832
   0.2929485  -1.7976841  -1.4797004   2.5684688  -1.7249362  -1.476142
   0.06730197]] 
Episode: 557: [[-1.2612411  -1.4062942  -1.4484448  -0.31411377 -1.586164   -1.4716135
   0.2929659  -1.7976794  -1.4797336   2.5684736  -1.7249662  -1.4761624
   0.06732445]] 
Episode: 558: [[-1.2612963  -1.4063215  -1.4484453  -0.3140959  -1.5861845  -1.4716266
   0.29297724 -1.7976774  -1.4797504   2.5684717  -1.7249874  -1.4761678
   0.0673437 ]] 
Episode: 559: [[-1.2613624  -1.4063331  -1.4484423  -0.3140675  -1.5861881  -1.4716398
   0.2929847  -1.7976608  -1.4797716   2.568456   -1.7249985  -1.4761807
   0.06738044]] 
Episode: 560: [[-1.2614332  -1.4063332  -1.4484452  -0.3140472  -1.5861851  -1.4716576
   0.29297796 -1.7976377  -1.479797    2.568451   -1.7250025  -1.476198
   0.06741364]] 
Episode: 561: [[-1.2615038  -1.4063396  -1.4484546  -0.31402254 -1.5861822  -1.4716853
   0.29298595 -1.7976083  -1.479834    2.5684395  -1.7250031  -1.4762273
   0.06745014]] 
Episode: 562: [[-1.2615844  -1.406341   -1.4484763  -0.31400454 -1.5861782  -1.4717294
   0.2930025  -1.7975758  -1.4798919   2.5684435  -1.7250234  -1.4762813
   0.067471  ]] 
Episode: 563: [[-1.2616657  -1.4063286  -1.4485012  -0.31400284 -1.5861789  -1.4717731
   0.29298913 -1.7975445  -1.4799453   2.5684621  -1.7250654  -1.4763327
   0.06750134]] 
Episode: 564: [[-1.261723   -1.4063269  -1.4485391  -0.31403434 -1.5861975  -1.471819
   0.29297137 -1.7975279  -1.4799882   2.5685112  -1.7251134  -1.4763695
   0.06750681]] 
Episode: 565: [[-1.261727   -1.4063683  -1.448565   -0.31409958 -1.5862675  -1.4718415
   0.2929318  -1.7975738  -1.479994    2.5686066  -1.725193   -1.4763627
   0.06745101]] 
Episode: 566: [[-1.2616591  -1.4064057  -1.44856    -0.31422865 -1.5863656  -1.4718009
   0.2928288  -1.7976776  -1.4799114   2.5687623  -1.7252634  -1.4762566
   0.0673276 ]] 
Episode: 567: [[-1.2615982  -1.4064448  -1.4485532  -0.31434107 -1.5864667  -1.4717628
   0.29274264 -1.7977884  -1.4798371   2.5689018  -1.7253555  -1.4761642
   0.06721597]] 
Episode: 568: [[-1.2615489  -1.4064969  -1.448567   -0.31444174 -1.5865667  -1.4717501
   0.2926888  -1.7978817  -1.479788    2.5690248  -1.7254467  -1.4760932
   0.06712241]] 
Episode: 569: [[-1.2614896  -1.4066209  -1.4486365  -0.31452748 -1.5867056  -1.4717867
   0.29275247 -1.7979637  -1.4797765   2.5691066  -1.725554   -1.4760535
   0.06706244]] 
Episode: 570: [[-1.2613355  -1.4067924  -1.4487188  -0.3146971  -1.586899   -1.4718039
   0.2928106  -1.7981012  -1.4797163   2.569263   -1.725659   -1.4759551
   0.06691499]] 
Episode: 571: [[-1.2611833  -1.4069133  -1.4487708  -0.3148797  -1.5870537  -1.471773
   0.2927957  -1.7982342  -1.4796005   2.56943    -1.725733   -1.4758022
   0.06676979]] 
Episode: 572: [[-1.2610741  -1.4070165  -1.448824   -0.3150293  -1.5871848  -1.4717579
   0.29279858 -1.7983377  -1.4795127   2.569564   -1.7257788  -1.4756778
   0.06666115]] 
Episode: 573: [[-1.2610224  -1.4070994  -1.4488984  -0.31514928 -1.5872934  -1.4717847
   0.29284322 -1.798389   -1.4794817   2.5696547  -1.7258078  -1.4756143
   0.06662024]] 
Episode: 574: [[-1.2609724  -1.4071785  -1.4489608  -0.31526497 -1.587402   -1.4717996
   0.29287207 -1.7984515  -1.4794412   2.5697527  -1.725841   -1.4755437
   0.06656362]] 
Episode: 575: [[-1.2609035  -1.4072691  -1.4490047  -0.31539303 -1.587532   -1.4717848
   0.29288113 -1.7985555  -1.4793614   2.5698752  -1.7259002  -1.4754328
   0.06647025]] 
Episode: 576: [[-1.2607695  -1.4073677  -1.4490391  -0.31558967 -1.5876981  -1.4717407
   0.29283404 -1.7987216  -1.4792367   2.570082   -1.7259817  -1.4752724
   0.06628387]] 
Episode: 577: [[-1.2606119  -1.4074655  -1.4490764  -0.31580934 -1.587871   -1.4716929
   0.29276913 -1.7989018  -1.479103    2.5703135  -1.7260695  -1.4751008
   0.06607226]] 
Episode: 578: [[-1.2605191  -1.4075354  -1.4491134  -0.3159702  -1.5880005  -1.47166
   0.2927248  -1.7990398  -1.4790021   2.5704918  -1.7261586  -1.4749696
   0.06591441]] 
Episode: 579: [[-1.2604039  -1.407555   -1.4491054  -0.31615207 -1.5880966  -1.4715792
   0.2926305  -1.7991685  -1.478857    2.5706778  -1.7261863  -1.4747993
   0.06574597]] 
Episode: 580: [[-1.2603415  -1.4075477  -1.4490968  -0.31629127 -1.5881486  -1.4715081
   0.29254994 -1.7992477  -1.4787298   2.5708146  -1.7261841  -1.4746484
   0.06563441]] 
Episode: 581: [[-1.2602739  -1.4075593  -1.44909    -0.3164285  -1.5882164  -1.4714408
   0.29248172 -1.7993393  -1.4786081   2.5709558  -1.7261974  -1.4745048
   0.0655103 ]] 
Episode: 582: [[-1.2602777  -1.4075323  -1.4491028  -0.31649318 -1.5882086  -1.4714184
   0.292443   -1.7993356  -1.4785469   2.5710082  -1.7261556  -1.4744161
   0.06548899]] 
Episode: 583: [[-1.2602996  -1.4075155  -1.449125   -0.31653526 -1.5882032  -1.4714202
   0.29243734 -1.7993166  -1.4785217   2.5710363  -1.7261175  -1.4743686
   0.06549239]] 
Episode: 584: [[-1.2603081  -1.4075171  -1.449136   -0.3165768  -1.5882201  -1.4714098
   0.29242662 -1.7993203  -1.4784858   2.571068   -1.7260896  -1.4743136
   0.06548706]] 
Episode: 585: [[-1.2603087  -1.4075261  -1.4491506  -0.31661767 -1.5882505  -1.4713978
   0.29242384 -1.7993408  -1.4784468   2.5710943  -1.7260828  -1.4742601
   0.06549044]] 
Episode: 586: [[-1.2603189  -1.4075319  -1.4491745  -0.31663743 -1.5882592  -1.4713994
   0.2924378  -1.7993357  -1.4784234   2.5710902  -1.726068   -1.47422
   0.06552492]] 
Episode: 587: [[-1.2603593  -1.4075218  -1.449209   -0.31663626 -1.5882533  -1.4714231
   0.29246268 -1.7993159  -1.478434    2.5710762  -1.7260789  -1.4742204
   0.06556994]] 
Episode: 588: [[-1.2603376  -1.4076109  -1.4492326  -0.3166212  -1.5883254  -1.4714413
   0.29252526 -1.7993661  -1.4784349   2.5710497  -1.726127   -1.474215
   0.06559818]] 
Episode: 589: [[-1.2603322  -1.4076873  -1.4492762  -0.31660455 -1.5883772  -1.4714885
   0.2926087  -1.7993852  -1.4784702   2.5710194  -1.7261734  -1.4742446
   0.06563384]] 
Episode: 590: [[-1.2603309  -1.407772   -1.4493638  -0.31660068 -1.5884444  -1.4715774
   0.29272193 -1.7994064  -1.4785438   2.5710034  -1.7262626  -1.4743115
   0.06566692]] 
Episode: 591: [[-1.2603062  -1.4078641  -1.4494573  -0.31663257 -1.5885276  -1.4716679
   0.29282206 -1.7994463  -1.4786159   2.5710306  -1.7263645  -1.4743769
   0.06565657]] 
Episode: 592: [[-1.260279   -1.4079514  -1.4495295  -0.31665513 -1.5886054  -1.4717433
   0.2929065  -1.7994913  -1.4786811   2.5710554  -1.7264692  -1.4744388
   0.06563906]] 
Episode: 593: [[-1.2602546  -1.4080286  -1.4495903  -0.31667247 -1.5886714  -1.4718103
   0.29298162 -1.7995255  -1.47874     2.5710719  -1.7265515  -1.4744929
   0.06562879]] 
Episode: 594: [[-1.2602198  -1.4081013  -1.4496386  -0.3166974  -1.5887417  -1.4718583
   0.29303646 -1.7995731  -1.4787779   2.5710998  -1.7266344  -1.4745266
   0.06560328]] 
Episode: 595: [[-1.2602195  -1.4081403  -1.4496891  -0.31670886 -1.5887731  -1.4719157
   0.2930807  -1.7995839  -1.4788281   2.5711148  -1.726694   -1.4745678
   0.06559993]] 
Episode: 596: [[-1.2601905  -1.4081851  -1.449735   -0.31675774 -1.5888315  -1.4719516
   0.2930964  -1.7996302  -1.4788425   2.5711725  -1.7267647  -1.4745684
   0.06555531]] 
Episode: 597: [[-1.2601415  -1.4082452  -1.4497662  -0.31682262 -1.5889169  -1.471964
   0.2930901  -1.7997168  -1.4788271   2.5712543  -1.726866   -1.4745392
   0.06548496]] 
Episode: 598: [[-1.2600869  -1.408318   -1.4497907  -0.3168844  -1.5890099  -1.4719744
   0.2930957  -1.7998075  -1.478815    2.5713334  -1.7269669  -1.4745167
   0.06540911]] 
Episode: 599: [[-1.2600672  -1.4083813  -1.4498328  -0.31692573 -1.5890884  -1.4720083
   0.29311478 -1.7998694  -1.4788297   2.5713885  -1.7270614  -1.4745197
   0.06537296]] 
Episode: 600: [[-1.2600511  -1.4084339  -1.4498831  -0.31696883 -1.5891546  -1.4720571
   0.29314643 -1.7999121  -1.4788643   2.571443   -1.727143   -1.474544
   0.06533422]] 
Episode: 601: [[-1.2600863  -1.408442   -1.4499369  -0.3169793  -1.5891652  -1.4721206
   0.2931692  -1.7999146  -1.4789248   2.5714734  -1.7272211  -1.4745975
   0.06532624]] 
Episode: 602: [[-1.2601236  -1.4084511  -1.4499927  -0.31699112 -1.5891786  -1.4721851
   0.29319102 -1.7999188  -1.4789865   2.5715082  -1.7273021  -1.4746532
   0.06531353]] 
Episode: 603: [[-1.2601149  -1.4084404  -1.4500629  -0.31704128 -1.5891861  -1.4722497
   0.2932215  -1.7999389  -1.4790404   2.5715694  -1.7273962  -1.4747032
   0.06526376]] 
Episode: 604: [[-1.2600851  -1.4084525  -1.450129   -0.31710738 -1.589217   -1.4723084
   0.29325125 -1.7999734  -1.4790837   2.5716465  -1.7274821  -1.4747374
   0.0651942 ]] 
Episode: 605: [[-1.2600548  -1.4084693  -1.4502145  -0.31717885 -1.5892442  -1.4723897
   0.2932985  -1.7999865  -1.4791503   2.571721   -1.727546   -1.4747925
   0.06513146]] 
Episode: 606: [[-1.2600423  -1.4084684  -1.4502962  -0.31723845 -1.5892514  -1.4724722
   0.29333794 -1.7999806  -1.479222    2.5717852  -1.7275919  -1.4748517
   0.06508126]] 
Episode: 607: [[-1.2600499  -1.4084567  -1.4503736  -0.3172841  -1.589244   -1.4725544
   0.29337335 -1.7999586  -1.4792987   2.5718367  -1.727625   -1.474919
   0.06504688]] 
Episode: 608: [[-1.2600175  -1.4084618  -1.4504375  -0.31735674 -1.5892626  -1.4726121
   0.2933977  -1.7999693  -1.4793429   2.571912   -1.7276587  -1.4749527
   0.06498016]] 
Episode: 609: [[-1.2599925  -1.4084674  -1.4504976  -0.31742385 -1.5892845  -1.4726652
   0.29341826 -1.7999841  -1.4793829   2.5719852  -1.7276984  -1.474982
   0.06491695]] 
Episode: 610: [[-1.2599728  -1.4084622  -1.4505419  -0.317486   -1.5892978  -1.4727077
   0.2934234  -1.7999915  -1.4794204   2.5720577  -1.727719   -1.475012
   0.06485122]] 
Episode: 611: [[-1.2599487  -1.4084783  -1.4505867  -0.31755033 -1.5893358  -1.4727471
   0.29343617 -1.8000176  -1.479453    2.572135   -1.7277591  -1.4750385
   0.06478109]] 
Episode: 612: [[-1.2599568  -1.4084944  -1.4506428  -0.3175969  -1.589374   -1.4728042
   0.29346526 -1.8000348  -1.4795089   2.572203   -1.727819   -1.4750918
   0.06472567]] 
Episode: 613: [[-1.2599661  -1.4084576  -1.4507092  -0.31766102 -1.5893633  -1.4728627
   0.29344833 -1.8000158  -1.4795538   2.5722759  -1.7278501  -1.47512
   0.06468675]] 
Episode: 614: [[-1.259958   -1.4084007  -1.4507513  -0.31773466 -1.589328   -1.4729025
   0.29339913 -1.7999742  -1.4795836   2.5723495  -1.7278125  -1.475129
   0.06464314]] 
Episode: 615: [[-1.2599585  -1.4083492  -1.450799   -0.3178117  -1.5892987  -1.4729503
   0.29335058 -1.7999357  -1.4796193   2.572433   -1.7277875  -1.4751402
   0.06459332]] 
Episode: 616: [[-1.2599502  -1.4083146  -1.4508489  -0.3178932  -1.5892905  -1.4729958
   0.29331484 -1.7999208  -1.4796484   2.5725222  -1.7277879  -1.4751451
   0.06453444]] 
Episode: 617: [[-1.2599776  -1.4082778  -1.4508616  -0.31793466 -1.5892735  -1.4730161
   0.29327646 -1.7999079  -1.4796671   2.5725818  -1.7277879  -1.4751492
   0.0644972 ]] 
Episode: 618: [[-1.2599853  -1.4082375  -1.4508634  -0.3179876  -1.589261   -1.4730164
   0.29322284 -1.7999096  -1.47966     2.5726485  -1.7277838  -1.4751267
   0.06445021]] 
Episode: 619: [[-1.2599981  -1.4082017  -1.4508667  -0.3180283  -1.5892483  -1.4730208
   0.29318234 -1.7999065  -1.4796603   2.5727005  -1.7277781  -1.4751143
   0.06441628]] 
Episode: 620: [[-1.2600358  -1.4081391  -1.4508674  -0.31804574 -1.5892019  -1.4730296
   0.29313865 -1.7998732  -1.4796734   2.5727267  -1.7277507  -1.4751188
   0.06441093]] 
Episode: 621: [[-1.2600598  -1.4080755  -1.4508684  -0.3180754  -1.5891552  -1.4730327
   0.29308257 -1.7998513  -1.4796773   2.5727708  -1.7277378  -1.4751148
   0.06438246]] 
Episode: 622: [[-1.260102   -1.4080118  -1.4508924  -0.3181058  -1.5891029  -1.4730614
   0.2930359  -1.7998095  -1.4797047   2.572812   -1.7277262  -1.4751325
   0.06437399]] 
Episode: 623: [[-1.260086   -1.4079703  -1.4508961  -0.31815714 -1.5890833  -1.473051
   0.29299292 -1.7998229  -1.4796796   2.5728662  -1.727745   -1.4750984
   0.06433116]] 
Episode: 624: [[-1.2600603  -1.4079132  -1.4509209  -0.31824222 -1.5890583  -1.4730544
   0.29292664 -1.7998258  -1.47966     2.57295    -1.7277529  -1.4750657
   0.06427789]] 
Episode: 625: [[-1.260038  -1.4078385 -1.4509497 -0.3183342 -1.5890192 -1.4730624
   0.2928479 -1.7998177 -1.4796442  2.5730402 -1.7277468 -1.4750348
   0.0642228]] 
Episode: 626: [[-1.2600142  -1.4077669  -1.45097    -0.31843427 -1.5889908  -1.4730575
   0.29274467 -1.7998272  -1.4796144   2.5731516  -1.7277519  -1.474991
   0.06414647]] 
Episode: 627: [[-1.260006   -1.4077342  -1.451014   -0.31850713 -1.5889851  -1.4730868
   0.29270324 -1.79983    -1.4796278   2.5732331  -1.7277799  -1.4749967
   0.06409732]] 
Episode: 628: [[-1.260014   -1.407689   -1.451064   -0.31857082 -1.5889591  -1.4731263
   0.29265448 -1.7998061  -1.4796506   2.5733008  -1.7277772  -1.4750062
   0.06407184]] 
Episode: 629: [[-1.260041   -1.4076219  -1.4511011  -0.31861305 -1.5889071  -1.4731543
   0.2925879  -1.7997603  -1.4796634   2.5733383  -1.7277373  -1.4750017
   0.06408598]] 
Episode: 630: [[-1.2600561  -1.4075649  -1.4511349  -0.31866178 -1.5888668  -1.4731793
   0.2925296  -1.7997243  -1.4796745   2.5733802  -1.7277046  -1.4749982
   0.06409135]] 
Episode: 631: [[-1.260064   -1.4075145  -1.4511656  -0.31871    -1.5888319  -1.4732007
   0.2924785  -1.7996933  -1.4796804   2.5734208  -1.7276733  -1.4749887
   0.06409158]] 
Episode: 632: [[-1.2600722  -1.4074664  -1.4511994  -0.3187603  -1.5887952  -1.4732233
   0.29242632 -1.7996573  -1.479684    2.5734637  -1.7276356  -1.4749731
   0.06408932]] 
Episode: 633: [[-1.2600521  -1.4074484  -1.4511744  -0.31883708 -1.5888261  -1.4731579
   0.2922943  -1.7997435  -1.479586    2.5735826  -1.7277168  -1.4748623
   0.0639918 ]] 
Episode: 634: [[-1.2599946  -1.407446   -1.4511325  -0.31893626 -1.5888798  -1.4730588
   0.29214573 -1.7998685  -1.47944     2.5737243  -1.7278129  -1.4746984
   0.06386061]] 
Episode: 635: [[-1.2599223  -1.4074595  -1.4511015  -0.3190394  -1.58894    -1.4729706
   0.29202703 -1.7999817  -1.4793017   2.573853   -1.7278734  -1.4745378
   0.06373914]] 
Episode: 636: [[-1.2599015  -1.4074582  -1.4510833  -0.31911397 -1.5889803  -1.4729096
   0.2919105  -1.8000593  -1.4791985   2.5739586  -1.7279288  -1.4744109
   0.06365893]] 
Episode: 637: [[-1.2598984  -1.407439   -1.4510784  -0.3191853  -1.5889966  -1.4728692
   0.29179323 -1.8001076  -1.479119    2.5740616  -1.7279651  -1.4743048
   0.0635877 ]] 
Episode: 638: [[-1.2599126  -1.4074249  -1.4510877  -0.3192373  -1.5890048  -1.4728545
   0.2917047  -1.800134   -1.4790721   2.5741415  -1.7280006  -1.4742326
   0.06354104]] 
Episode: 639: [[-1.2599701  -1.4073812  -1.451097   -0.31924587 -1.588968   -1.4728508
   0.29163077 -1.8001089  -1.4790455   2.5741665  -1.727997   -1.4741837
   0.06355538]] 
Episode: 640: [[-1.2600262  -1.40734    -1.4511274  -0.3192564  -1.5889269  -1.472874
   0.29158488 -1.8000638  -1.4790504   2.5741844  -1.727983   -1.474169
   0.06357865]] 
Episode: 641: [[-1.2598377  -1.407526   -1.4510214  -0.31939092 -1.5891145  -1.4727628
   0.29154754 -1.8002431  -1.4788861   2.5743065  -1.7279817  -1.4739792
   0.06342759]] 
Episode: 642: [[-1.2596895  -1.4076681  -1.4509494  -0.319516   -1.5892575  -1.4726888
   0.29151177 -1.8003742  -1.4787645   2.574423   -1.7279638  -1.4738317
   0.06329415]] 
Episode: 643: [[-1.2595431  -1.407778   -1.4508702  -0.31964415 -1.5893769  -1.4726033
   0.29145607 -1.8004978  -1.4786339   2.5745456  -1.7279375  -1.4736758
   0.06315065]] 
Episode: 644: [[-1.2593919  -1.4078993  -1.4507977  -0.31978467 -1.5895234  -1.472513
   0.2913942  -1.8006594  -1.4784931   2.5746992  -1.7279795  -1.4735109
   0.06297403]] 
Episode: 645: [[-1.259225   -1.4080404  -1.4507562  -0.3199457  -1.5896907  -1.4724483
   0.29136485 -1.8008212  -1.4783732   2.5748599  -1.7280095  -1.4733623
   0.06279781]] 
Episode: 646: [[-1.259068   -1.4081712  -1.4507295  -0.32009768 -1.5898541  -1.472393
   0.29134205 -1.8009833  -1.4782624   2.575011   -1.7280735  -1.4732254
   0.06263828]] 
Episode: 647: [[-1.2589387  -1.4083011  -1.4506987  -0.32020757 -1.590007   -1.4723405
   0.2913424  -1.801131   -1.4781644   2.5751178  -1.7281425  -1.4731077
   0.06251963]] 
Episode: 648: [[-1.258799   -1.4084264  -1.4506679  -0.32031634 -1.5901483  -1.4722823
   0.29133964 -1.8012702  -1.4780557   2.5752153  -1.7281978  -1.472973
   0.062407  ]] 
Episode: 649: [[-1.2586842  -1.4085304  -1.4506462  -0.32041004 -1.5902637  -1.4722383
   0.2913377  -1.801381   -1.4779675   2.5752993  -1.7282364  -1.4728601
   0.0623117 ]] 
Episode: 650: [[-1.2586181  -1.408624   -1.4506392  -0.32046813 -1.5903649  -1.4722205
   0.29135287 -1.8014684  -1.477919    2.575361   -1.7282877  -1.4727933
   0.06224276]] 
Episode: 651: [[-1.2584965  -1.4087653  -1.4506174  -0.3205486  -1.5905234  -1.4721676
   0.29137102 -1.8016218  -1.4778231   2.575446   -1.7283738  -1.472674
   0.06213238]] 
Episode: 652: [[-1.258386   -1.408912   -1.4505862  -0.3206243  -1.5906919  -1.4721043
   0.29137382 -1.8017881  -1.4777186   2.5755382  -1.7284708  -1.4725474
   0.06201609]] 
Episode: 653: [[-1.2582799  -1.4090393  -1.4505564  -0.3207044  -1.5908455  -1.4720403
   0.29136115 -1.8019458  -1.4776134   2.5756357  -1.7285688  -1.4724226
   0.06189974]] 
Episode: 654: [[-1.2582005  -1.4091408  -1.450522   -0.32076794 -1.5909717  -1.4719745
   0.2913333  -1.8020837  -1.4775112   2.575722   -1.7286601  -1.4723039
   0.06179856]] 
Episode: 655: [[-1.2581236  -1.4092302  -1.4505011  -0.32082754 -1.5910771  -1.4719268
   0.29132387 -1.8021916  -1.4774308   2.5757914  -1.7287203  -1.4722064
   0.06171563]] 
Episode: 656: [[-1.258046   -1.4093205  -1.450478   -0.32088012 -1.59118    -1.4718779
   0.29133135 -1.802297   -1.4773539   2.5758479  -1.7287623  -1.4721155
   0.06163859]] 
Episode: 657: [[-1.2579746  -1.4094057  -1.4504739  -0.32094842 -1.5912788  -1.4718506
   0.29132858 -1.8023907  -1.4772971   2.5759234  -1.7288086  -1.4720397
   0.06155763]] 
Episode: 658: [[-1.2578707  -1.4095353  -1.4504727  -0.32103968 -1.5914257  -1.4718231
   0.2913473  -1.802524   -1.4772356   2.5760274  -1.7288876  -1.471959
   0.06143715]] 
Episode: 659: [[-1.2577935  -1.4096427  -1.4504862  -0.3211163  -1.5915421  -1.4718196
   0.29137093 -1.8026161  -1.477205    2.5761108  -1.7289366  -1.4719093
   0.06134851]] 
Episode: 660: [[-1.2577243  -1.4097579  -1.4505043  -0.3211805  -1.5916563  -1.4718245
   0.29140764 -1.8026936  -1.4771836   2.5761728  -1.7289631  -1.4718661
   0.06128592]] 
Episode: 661: [[-1.2576866  -1.4098463  -1.4505383  -0.32122588 -1.591738   -1.471852
   0.29144767 -1.8027312  -1.4771901   2.5762117  -1.7289633  -1.4718512
   0.06125803]] 
Episode: 662: [[-1.2576436  -1.4099519  -1.4505695  -0.32127836 -1.5918391  -1.4718757
   0.29149568 -1.8027861  -1.4771931   2.576264   -1.7289772  -1.4718347
   0.06121172]] 
Episode: 663: [[-1.2576083  -1.4100466  -1.4506199  -0.3213285  -1.591923   -1.4719214
   0.29155472 -1.8028163  -1.4772184   2.5763047  -1.7289814  -1.4718392
   0.06118549]] 
Episode: 664: [[-1.2575997  -1.4101017  -1.4506583  -0.321357   -1.5919588  -1.4719616
   0.29159313 -1.8028088  -1.4772446   2.57632    -1.7289389  -1.4718448
   0.06118763]] 
Episode: 665: [[-1.2575812  -1.4101561  -1.4507102  -0.3214035  -1.5919935  -1.4720173
   0.29164192 -1.8027918  -1.4772856   2.5763485  -1.7288823  -1.4718634
   0.06117682]] 
Episode: 666: [[-1.257545   -1.4102174  -1.4507108  -0.32142472 -1.5919982  -1.472016
   0.29169077 -1.8027549  -1.4772651   2.5763254  -1.7287117  -1.4718076
   0.06119004]] 
Episode: 667: [[-1.2575443  -1.410269   -1.4507239  -0.32141688 -1.5919896  -1.4720373
   0.29175502 -1.8026946  -1.4772779   2.576277   -1.7285485  -1.471793
   0.06123561]] 
Episode: 668: [[-1.2575765  -1.4103211  -1.4507469  -0.32136923 -1.5919945  -1.4720731
   0.29186255 -1.8026547  -1.4773235   2.5762055  -1.7284838  -1.4718333
   0.06129725]] 
Episode: 669: [[-1.2576     -1.410371   -1.4507753  -0.32134604 -1.5920093  -1.4721097
   0.29195386 -1.802626   -1.4773644   2.5761657  -1.7284335  -1.4718673
   0.06133211]] 
Episode: 670: [[-1.2576382  -1.4104109  -1.4507973  -0.32131118 -1.5920124  -1.4721454
   0.29203397 -1.8025906  -1.4774089   2.5761228  -1.728389   -1.471907
   0.0613694 ]] 
Episode: 671: [[-1.25769    -1.4104064  -1.4508084  -0.32127738 -1.5919821  -1.4721653
   0.29208604 -1.8025459  -1.4774368   2.576079   -1.7283318  -1.4719311
   0.06141366]] 
Episode: 672: [[-1.2577422  -1.4103907  -1.450815   -0.32125184 -1.5919449  -1.4721746
   0.29211795 -1.8025047  -1.4774487   2.5760486  -1.7282763  -1.4719359
   0.06144436]] 
Episode: 673: [[-1.2577735  -1.4103739  -1.4508129  -0.32125372 -1.5919081  -1.4721711
   0.2921319  -1.8024684  -1.4774387   2.5760367  -1.7281928  -1.4719117
   0.0614614 ]] 
Episode: 674: [[-1.2578049  -1.4103489  -1.4507972  -0.32125637 -1.5918747  -1.4721503
   0.29212672 -1.8024454  -1.4774102   2.5760286  -1.7281225  -1.4718711
   0.06147667]] 
Episode: 675: [[-1.2577701  -1.4104699  -1.4506764  -0.32121614 -1.5919863  -1.472052
   0.29220378 -1.8025533  -1.4773326   2.5759897  -1.7281393  -1.4718026
   0.06145222]] 
Episode: 676: [[-1.2577205  -1.4105954  -1.4505548  -0.32119802 -1.5921147  -1.4719411
   0.29225737 -1.8026874  -1.4772347   2.5759838  -1.7281827  -1.4717151
   0.06139622]] 
Episode: 677: [[-1.257662   -1.4107091  -1.4504334  -0.3211954  -1.5922337  -1.4718217
   0.2922861  -1.8028232  -1.477119    2.575994   -1.7282258  -1.4716034
   0.06132736]] 
Episode: 678: [[-1.2575737  -1.4108144  -1.4503009  -0.3212285  -1.5923581  -1.4716733
   0.29227233 -1.8029858  -1.476961    2.5760465  -1.7282816  -1.4714453
   0.06121387]] 
Episode: 679: [[-1.2575105  -1.410883   -1.4501855  -0.32125506 -1.5924404  -1.471545
   0.29223397 -1.8031086  -1.4768244   2.5760944  -1.7283174  -1.4713047
   0.06111905]] 
Episode: 680: [[-1.2574373  -1.4109404  -1.4500804  -0.32129326 -1.5925093  -1.4714252
   0.2921948  -1.8032119  -1.4766943   2.576143   -1.7283173  -1.4711683
   0.06102617]] 
Episode: 681: [[-1.2573907  -1.410992   -1.4499899  -0.32130033 -1.5925591  -1.4713323
   0.2921784  -1.8032823  -1.4766002   2.576153   -1.7283044  -1.4710705
   0.0609789 ]] 
Episode: 682: [[-1.2573308  -1.4110397  -1.449901   -0.32132238 -1.5926123  -1.4712356
   0.29215142 -1.8033637  -1.4764998   2.5761838  -1.7283081  -1.4709705
   0.06090743]] 
Episode: 683: [[-1.2572708  -1.4110954  -1.449824   -0.3213475  -1.592676   -1.4711511
   0.2921398  -1.8034469  -1.476412    2.5762155  -1.7283214  -1.4708847
   0.06083885]] 
Episode: 684: [[-1.2572372  -1.4111315  -1.4497555  -0.32135788 -1.5927196  -1.4710819
   0.29212466 -1.8035086  -1.4763447   2.5762367  -1.728335   -1.4708205
   0.06078848]] 
Episode: 685: [[-1.2572166  -1.4111633  -1.4496925  -0.3213537  -1.5927557  -1.4710225
   0.2921205  -1.8035592  -1.4762924   2.5762427  -1.7283471  -1.4707751
   0.06075408]] 
Episode: 686: [[-1.2572545  -1.4111902  -1.4496455  -0.32132503 -1.5928005  -1.4709748
   0.292115   -1.8036253  -1.4762546   2.5762503  -1.7284081  -1.4707502
   0.06073484]] 
Episode: 687: [[-1.2573042  -1.4111966  -1.4496228  -0.32129553 -1.5928159  -1.4709598
   0.29210946 -1.8036453  -1.4762535   2.5762446  -1.7284237  -1.4707594
   0.0607448 ]] 
Episode: 688: [[-1.2573519  -1.4111999  -1.4496062  -0.32126588 -1.5928262  -1.4709519
   0.2921084  -1.8036554  -1.4762603   2.576232   -1.7284306  -1.4707788
   0.06076526]] 
Episode: 689: [[-1.2574036  -1.4112062  -1.4496069  -0.3212436  -1.5928372  -1.4709673
   0.29211444 -1.8036575  -1.4762911   2.5762293  -1.7284417  -1.4708197
   0.0607819 ]] 
Episode: 690: [[-1.2574788  -1.4112103  -1.4495987  -0.32119006 -1.5928438  -1.4709811
   0.29212612 -1.8036561  -1.4763298   2.5762029  -1.7284652  -1.4708768
   0.06081841]] 
Episode: 691: [[-1.2575438  -1.4112129  -1.4495838  -0.3211456  -1.59285    -1.4709879
   0.29213932 -1.803656   -1.476361    2.576183   -1.7284755  -1.4709249
   0.06084161]] 
Episode: 692: [[-1.257571   -1.4112147  -1.449565   -0.321148   -1.5928662  -1.4709728
   0.2921191  -1.8036805  -1.4763544   2.5762165  -1.7284881  -1.4709258
   0.06080466]] 
Episode: 693: [[-1.2575691  -1.4112242  -1.4495391  -0.32117584 -1.5928988  -1.4709436
   0.2920728  -1.803733   -1.4763261   2.5762765  -1.7285265  -1.4709028
   0.06074458]] 
Episode: 694: [[-1.2575569  -1.4112366  -1.449512   -0.3212072  -1.592939   -1.4709109
   0.29203248 -1.803794   -1.4762934   2.5763373  -1.7285743  -1.4708759
   0.06068066]] 
Episode: 695: [[-1.2575576  -1.4112377  -1.4494803  -0.3212401  -1.5929705  -1.47087
   0.29197237 -1.803854   -1.4762487   2.5764074  -1.7286276  -1.4708335
   0.0606113 ]] 
Episode: 696: [[-1.2575077  -1.4112802  -1.4495145  -0.32134315 -1.5930554  -1.4708626
   0.29193956 -1.8039562  -1.4762038   2.576546   -1.728748   -1.47078
   0.06048396]] 
Episode: 697: [[-1.2574563  -1.4112741  -1.4495455  -0.32146576 -1.5930978  -1.4708494
   0.2918634  -1.8040367  -1.4761469   2.5766997  -1.7288343  -1.4707068
   0.06034931]] 
Episode: 698: [[-1.2574081  -1.4112571  -1.4495628  -0.3215909  -1.5931269  -1.4708264
   0.29177332 -1.8041098  -1.4760832   2.5768614  -1.7289034  -1.4706262
   0.06020053]] 
Episode: 699: [[-1.257378   -1.4112597  -1.4495827  -0.32169104 -1.5931667  -1.4708173
   0.29171142 -1.8041849  -1.4760453   2.5770068  -1.7289952  -1.4705759
   0.06006181]] 
Episode: 700: [[-1.2573718  -1.4112624  -1.4496052  -0.3217726  -1.5931965  -1.4708204
   0.29165623 -1.8042421  -1.4760257   2.577139   -1.7290859  -1.4705441
   0.05993846]] 
Episode: 701: [[-1.257397   -1.4112574  -1.449647   -0.32182708 -1.5932044  -1.4708561
   0.2916278  -1.8042583  -1.476047    2.577236   -1.729145   -1.4705527
   0.05985862]] 
Episode: 702: [[-1.2574128  -1.4112613  -1.4496948  -0.32189047 -1.5932232  -1.470896
   0.29159865 -1.80428    -1.4760711   2.5773425  -1.729212   -1.4705645
   0.05977088]] 
Episode: 703: [[-1.25744    -1.4112673  -1.4497538  -0.32193175 -1.5932271  -1.4709603
   0.29160362 -1.8042661  -1.4761281   2.577412   -1.7292428  -1.4706103
   0.05972061]] 
Episode: 704: [[-1.2574563  -1.4112744  -1.4498017  -0.3219835  -1.5932404  -1.4710113
   0.2916079  -1.8042662  -1.4761735   2.5774915  -1.7292733  -1.4706491
   0.05965534]] 
Episode: 705: [[-1.2574923  -1.411253   -1.4498646  -0.32203233 -1.5932233  -1.4710811
   0.2916097  -1.8042321  -1.476241    2.5775645  -1.7292768  -1.4707092
   0.05960564]] 
Episode: 706: [[-1.2575594  -1.4112158  -1.4499092  -0.32205376 -1.5931933  -1.4711311
   0.2915776  -1.8042009  -1.476289    2.577622   -1.7292917  -1.47075
   0.05957878]] 
Episode: 707: [[-1.2576177  -1.4111629  -1.4499558  -0.32209    -1.5931484  -1.4711834
   0.29153022 -1.8041581  -1.4763383   2.5776901  -1.7292886  -1.4707904
   0.05954479]] 
Episode: 708: [[-1.257727   -1.4111058  -1.4500382  -0.32207084 -1.5930728  -1.4712965
   0.29154816 -1.8040498  -1.4764658   2.5776796  -1.729255   -1.4709158
   0.05960717]] 
Episode: 709: [[-1.257915   -1.4109964  -1.4501603  -0.32199273 -1.5929198  -1.4714774
   0.29158843 -1.803836   -1.4766787   2.5775917  -1.7291412  -1.4711262
   0.05977615]] 
Episode: 710: [[-1.258076   -1.4109172  -1.4502729  -0.32192475 -1.5928031  -1.4716407
   0.29162845 -1.803659   -1.4768687   2.577517   -1.7290475  -1.4713122
   0.05992386]] 
Episode: 711: [[-1.2582157  -1.4108509  -1.4503747  -0.32189158 -1.5927316  -1.4717876
   0.291666   -1.8035369  -1.477042    2.577485   -1.7290196  -1.4714892
   0.0600325 ]] 
Episode: 712: [[-1.2583696  -1.410788   -1.4504277  -0.32180294 -1.5926476  -1.4718887
   0.29171327 -1.8034239  -1.4771787   2.5773985  -1.72897    -1.4716345
   0.06016674]] 
Episode: 713: [[-1.2584832  -1.4107953  -1.450457   -0.32169685 -1.5926334  -1.4719541
   0.29176763 -1.8033882  -1.4772731   2.5773067  -1.7290027  -1.4717339
   0.06028432]] 
Episode: 714: [[-1.2585945  -1.410825   -1.4504795  -0.32159564 -1.5926498  -1.4720086
   0.29182163 -1.8033857  -1.4773542   2.5772345  -1.7290797  -1.4718237
   0.0603787 ]] 
Episode: 715: [[-1.2586832  -1.4108565  -1.4504967  -0.32151276 -1.592673   -1.4720454
   0.29186717 -1.8033963  -1.4774091   2.5771763  -1.7291545  -1.4718858
   0.06045413]] 
Episode: 716: [[-1.258781   -1.4108753  -1.4505203  -0.32142296 -1.592681   -1.4720948
   0.29192087 -1.8033851  -1.4774806   2.577102   -1.7292151  -1.4719661
   0.06055235]] 
Episode: 717: [[-1.2589431  -1.410974   -1.450414   -0.3212206  -1.5927637  -1.4720488
   0.29194722 -1.8034756  -1.4775039   2.5769968  -1.7294062  -1.4720372
   0.0606325 ]] 
Episode: 718: [[-1.2591442  -1.4109894  -1.4500469  -0.3208418  -1.5927695  -1.4717815
   0.29186794 -1.8035781  -1.4773648   2.5767026  -1.7294058  -1.4719654
   0.06081909]] 
Episode: 719: [[-1.2593161  -1.4110054  -1.4497178  -0.32051203 -1.5927815  -1.471541
   0.29179662 -1.803678   -1.4772395   2.576449   -1.7294163  -1.4719038
   0.06097654]] 
Episode: 720: [[-1.2595077  -1.4110026  -1.4494451  -0.32018974 -1.5927559  -1.4713651
   0.29176116 -1.8037115  -1.4771768   2.5761845  -1.7293878  -1.4718977
   0.06116643]] 
Episode: 721: [[-1.2596891  -1.4110105  -1.4491948  -0.3199004  -1.5927505  -1.471198
   0.29171956 -1.8037633  -1.4771115   2.5759592  -1.7293961  -1.4718878
   0.06132877]] 
Episode: 722: [[-1.259904   -1.4110017  -1.4489849  -0.3196031  -1.5927174  -1.4710752
   0.29169783 -1.8037704  -1.4770899   2.5757194  -1.7293891  -1.4719173
   0.06152616]] 
Episode: 723: [[-1.2600569  -1.4110109  -1.4487762  -0.31934714 -1.5927246  -1.4709381
   0.29167113 -1.8038276  -1.4770443   2.5755234  -1.729423   -1.4719228
   0.06166403]] 
Episode: 724: [[-1.2602605  -1.410997   -1.4486132  -0.3190576  -1.5926825  -1.4708647
   0.2916998  -1.8038065  -1.4770691   2.5752697  -1.7294165  -1.4719937
   0.06188327]] 
Episode: 725: [[-1.2604868  -1.410959   -1.4484484  -0.31874534 -1.5926081  -1.4707903
   0.29170933 -1.8037679  -1.4770943   2.5749984  -1.729409   -1.4720628
   0.06212166]] 
Episode: 726: [[-1.2607186  -1.4108602  -1.4482623  -0.31844446 -1.5924908  -1.4706825
   0.29165095 -1.8037294  -1.4770845   2.5747492  -1.7294028  -1.4721023
   0.06233849]] 
Episode: 727: [[-1.2609248  -1.4107363  -1.4481003  -0.31819266 -1.5923582  -1.4705893
   0.29159397 -1.8036711  -1.4770819   2.5745337  -1.7293657  -1.4721442
   0.06252899]] 
Episode: 728: [[-1.2611195  -1.4106209  -1.4479709  -0.31796825 -1.5922326  -1.470524
   0.29155296 -1.8036046  -1.477099    2.5743403  -1.7293302  -1.472201
   0.0627063 ]] 
Episode: 729: [[-1.2612641  -1.410483   -1.4478345  -0.31779206 -1.5920951  -1.4704278
   0.29147226 -1.8035526  -1.4770657   2.5741923  -1.7292908  -1.4721973
   0.06282579]] 
Episode: 730: [[-1.2614049  -1.4103659  -1.4477262  -0.31763417 -1.591978   -1.4703602
   0.29141343 -1.8035009  -1.4770551   2.5740616  -1.7292571  -1.4722097
   0.06293683]] 
Episode: 731: [[-1.2615479  -1.4102311  -1.4476234  -0.31747127 -1.5918348  -1.4703002
   0.2913585  -1.8034164  -1.4770515   2.5739114  -1.7291789  -1.4722254
   0.06307014]] 
Episode: 732: [[-1.2617162  -1.4100924  -1.4475372  -0.31729394 -1.5916873  -1.4702642
   0.29132265 -1.8033242  -1.4770793   2.5737557  -1.7291334  -1.472279
   0.06321228]] 
Episode: 733: [[-1.2618388  -1.4099268  -1.4474528  -0.31714857 -1.5915244  -1.470224
   0.29125786 -1.8032441  -1.4770916   2.5736253  -1.7290719  -1.4723088
   0.06332106]] 
Episode: 734: [[-1.2619594  -1.4097621  -1.4473673  -0.31700867 -1.5913657  -1.4701781
   0.29118547 -1.803173   -1.4770939   2.573503   -1.729031   -1.4723278
   0.06342414]] 
Episode: 735: [[-1.2620698  -1.4096034  -1.4472934  -0.31689206 -1.59122    -1.4701358
   0.2910999  -1.803113   -1.4770892   2.5734076  -1.7290039  -1.472333
   0.06350796]] 
Episode: 736: [[-1.2621858  -1.4094656  -1.447223   -0.31675765 -1.5910803  -1.470101
   0.2910501  -1.803045   -1.4770924   2.573286   -1.7289678  -1.4723434
   0.06361364]] 
Episode: 737: [[-1.2623049  -1.4093362  -1.4471536  -0.316614   -1.5909486  -1.4700711
   0.291023   -1.802975   -1.4771035   2.573153   -1.7289506  -1.4723654
   0.06372748]] 
Episode: 738: [[-1.2624208  -1.4092468  -1.4470932  -0.31648096 -1.5908562  -1.4700508
   0.291017   -1.8029287  -1.4771245   2.5730402  -1.7289611  -1.4723996
   0.06382122]] 
Episode: 739: [[-1.2625539  -1.409231   -1.4470955  -0.3163201  -1.5908176  -1.4701029
   0.29113305 -1.8028998  -1.4772263   2.5729096  -1.7290704  -1.4725224
   0.06392287]] 
Episode: 740: [[-1.2627207  -1.409184   -1.4471025  -0.31616008 -1.5907528  -1.4701695
   0.29123217 -1.8028438  -1.4773505   2.5727925  -1.7291602  -1.472669
   0.06401837]] 
Episode: 741: [[-1.2628286  -1.4091748  -1.447103   -0.31606537 -1.590754   -1.470205
   0.29129863 -1.8028634  -1.4774237   2.5727546  -1.7293063  -1.4727626
   0.064033  ]] 
Episode: 742: [[-1.2628947  -1.4091728  -1.4471118  -0.31601351 -1.5907683  -1.4702408
   0.29136473 -1.802899   -1.4774865   2.5727546  -1.7294502  -1.4728414
   0.06400392]] 
Episode: 743: [[-1.2629712  -1.409185   -1.4470937  -0.31592727 -1.5907849  -1.4702544
   0.29144877 -1.8029305  -1.4775336   2.5727108  -1.7295651  -1.4729074
   0.06400876]] 
Episode: 744: [[-1.2630217  -1.4091957  -1.4470663  -0.31587797 -1.5908133  -1.4702473
   0.29148895 -1.8029864  -1.4775524   2.5727165  -1.7296857  -1.4729443
   0.06396185]] 
Episode: 745: [[-1.2629755  -1.4092436  -1.4470195  -0.31591213 -1.5909156  -1.4701909
   0.29150027 -1.8031223  -1.4774944   2.5727875  -1.7298216  -1.4728944
   0.06385221]] 
Episode: 746: [[-1.2628802  -1.4092735  -1.4469587  -0.31598556 -1.5910113  -1.4701061
   0.2914591  -1.8032758  -1.4773976   2.5728939  -1.72995    -1.4728019
   0.06370383]] 
Episode: 747: [[-1.262852   -1.4093915  -1.4469277  -0.3159481  -1.5911301  -1.4700661
   0.291508   -1.8034192  -1.4773656   2.5729108  -1.7301621  -1.4727935
   0.06363368]] 
Episode: 748: [[-1.262839   -1.4095355  -1.446895   -0.31588495 -1.5912817  -1.4700301
   0.2915749  -1.803588   -1.4773428   2.5729148  -1.7304256  -1.472796
   0.06357435]] 
Episode: 749: [[-1.2628105  -1.4096767  -1.4468628  -0.31584093 -1.5914325  -1.4699919
   0.29164138 -1.8037561  -1.4773127   2.5729327  -1.7306808  -1.4727885
   0.06349932]] 
Episode: 750: [[-1.2627947  -1.4097985  -1.446829   -0.31579447 -1.5915643  -1.4699514
   0.29169837 -1.803906   -1.4772794   2.5729425  -1.7309148  -1.4727772
   0.06344042]] 
Episode: 751: [[-1.2627864  -1.4099015  -1.4468127  -0.31576034 -1.5916693  -1.4699326
   0.2917609  -1.8040148  -1.4772671   2.5729456  -1.7310976  -1.4727832
   0.06340615]] 
Episode: 752: [[-1.2627422  -1.4100599  -1.4467951  -0.31577152 -1.5918698  -1.4698831
   0.29178822 -1.804237   -1.4772005   2.5730221  -1.7314122  -1.4727296
   0.06331084]] 
Episode: 753: [[-1.26268    -1.4101987  -1.44679    -0.3158209  -1.5920557  -1.4698316
   0.2917769  -1.8044534  -1.477117    2.5731328  -1.7317083  -1.4726528
   0.06319451]] 
Episode: 754: [[-1.2626398  -1.4103266  -1.446795   -0.31585178 -1.5922103  -1.4698064
   0.29178452 -1.8046168  -1.4770689   2.5732136  -1.7319432  -1.4726086
   0.06311112]] 
Episode: 755: [[-1.262609   -1.4102923  -1.4466522  -0.31590265 -1.5922477  -1.4696453
   0.29155368 -1.8047478  -1.4768972   2.573334   -1.7320161  -1.4724395
   0.06298765]] 
Episode: 756: [[-1.262592   -1.410256   -1.4465276  -0.3159419  -1.5922731  -1.4695076
   0.2913414  -1.8048538  -1.4767505   2.5734346  -1.7320716  -1.4722923
   0.06289101]] 
Episode: 757: [[-1.2625784  -1.4102117  -1.4464262  -0.3160022  -1.5922922  -1.4693934
   0.29113886 -1.8049496  -1.4766278   2.5735579  -1.7321303  -1.4721708
   0.06277855]] 
Episode: 758: [[-1.2625909  -1.4101496  -1.4463466  -0.3160396  -1.5922754  -1.4693102
   0.29096258 -1.8050019  -1.4765421   2.573647   -1.7321606  -1.472088
   0.06270564]] 
Episode: 759: [[-1.2626078  -1.410105   -1.4462898  -0.3160712  -1.5922656  -1.4692566
   0.29081964 -1.8050382  -1.4764893   2.5737224  -1.7321826  -1.4720362
   0.06265151]] 
Episode: 760: [[-1.2626325  -1.4100604  -1.4461733  -0.31602702 -1.5922248  -1.4691769
   0.2907597  -1.8050654  -1.4764419   2.5737145  -1.7321587  -1.4720048
   0.06261043]] 
Episode: 761: [[-1.2626721  -1.410031   -1.4460714  -0.31595504 -1.5921872  -1.4691167
   0.29073524 -1.805079   -1.4764163   2.573668   -1.7321429  -1.4719936
   0.06261357]] 
Episode: 762: [[-1.2627134  -1.4100219  -1.4459949  -0.3158896  -1.5921621  -1.4690771
   0.29073694 -1.8050873  -1.4764055   2.573627   -1.7321404  -1.471995
   0.06261463]] 
Episode: 763: [[-1.2628196  -1.4099553  -1.4459296  -0.31577477 -1.5920658  -1.4690644
   0.29072928 -1.8050201  -1.4764348   2.5735295  -1.7320822  -1.4720373
   0.06269123]] 
Episode: 764: [[-1.2629156  -1.4099364  -1.445876   -0.31566104 -1.5920188  -1.46906
   0.2907564  -1.8049874  -1.4764688   2.5734363  -1.7320613  -1.4720833
   0.06276038]] 
Episode: 765: [[-1.2630113  -1.4099058  -1.4458365  -0.3155518  -1.5919608  -1.4690686
   0.29077804 -1.8049408  -1.4765146   2.5733418  -1.7320364  -1.4721394
   0.06284081]] 
Episode: 766: [[-1.2631111  -1.409872   -1.4458112  -0.31544563 -1.5918958  -1.46909
   0.29080644 -1.8048797  -1.4765698   2.5732448  -1.7320015  -1.4722004
   0.06293043]] 
Episode: 767: [[-1.2631705  -1.4098741  -1.4457998  -0.31537953 -1.5918742  -1.4691141
   0.29084894 -1.8048539  -1.4766186   2.5731921  -1.7319962  -1.4722543
   0.0629679 ]] 
Episode: 768: [[-1.2632333  -1.4098645  -1.4457742  -0.3153207  -1.5918503  -1.4691207
   0.29085162 -1.8048396  -1.4766486   2.5731583  -1.7319973  -1.4722884
   0.06299147]] 
Episode: 769: [[-1.2632856  -1.4098499  -1.4457549  -0.31529155 -1.5918293  -1.4691308
   0.29083115 -1.8048261  -1.4766765   2.573157   -1.7320017  -1.4723161
   0.06299265]] 
Episode: 770: [[-1.2633152  -1.409843   -1.4457358  -0.3152897  -1.5918273  -1.4691342
   0.29080984 -1.8048309  -1.4766937   2.5731819  -1.7320185  -1.4723362
   0.06296753]] 
Episode: 771: [[-1.2633678  -1.4098247  -1.4457213  -0.31527448 -1.5918171  -1.4691448
   0.2907925  -1.804825   -1.4767228   2.5731957  -1.7320379  -1.4723723
   0.06295909]] 
Episode: 772: [[-1.2634398  -1.4098035  -1.4457372  -0.31527555 -1.5918174  -1.4691716
   0.29075545 -1.8048255  -1.476756    2.5732324  -1.7320917  -1.4724088
   0.06295827]] 
Episode: 773: [[-1.2634518  -1.4097922  -1.445758   -0.31532758 -1.5918353  -1.4691844
   0.29071116 -1.8048472  -1.4767575   2.5733023  -1.7321317  -1.4724047
   0.06292292]] 
Episode: 774: [[-1.2634453  -1.4097712  -1.4457874  -0.3154091  -1.5918565  -1.4691956
   0.29066443 -1.804882   -1.476751    2.5734007  -1.7321869  -1.4723918
   0.06285813]] 
Episode: 775: [[-1.2634367  -1.4097487  -1.445817   -0.31548595 -1.5918716  -1.4692075
   0.2906177  -1.8049082  -1.4767448   2.5734897  -1.7322314  -1.472377
   0.0628031 ]] 
Episode: 776: [[-1.2634411  -1.4097241  -1.4458463  -0.31555122 -1.5918794  -1.46923
   0.29058227 -1.8049186  -1.4767594   2.5735676  -1.732265   -1.4723889
   0.06275786]] 
Episode: 777: [[-1.2634683  -1.4096892  -1.4458667  -0.3155851  -1.5918672  -1.4692554
   0.2905557  -1.8049076  -1.4767867   2.5736122  -1.7322774  -1.4724159
   0.06274222]] 
Episode: 778: [[-1.2634864  -1.4096546  -1.4458809  -0.31561613 -1.5918553  -1.4692711
   0.29052314 -1.8049043  -1.4768015   2.5736527  -1.7322885  -1.4724277
   0.06272583]] 
Episode: 779: [[-1.2635298  -1.4096173  -1.4458828  -0.31562847 -1.5918473  -1.4692802
   0.2904878  -1.8049073  -1.4768167   2.5736852  -1.7323091  -1.4724438
   0.06271789]] 
Episode: 780: [[-1.2635729  -1.409588   -1.445897   -0.31564617 -1.591843   -1.4693036
   0.29046318 -1.8049026  -1.4768441   2.573721   -1.7323291  -1.4724692
   0.06270996]] 
Episode: 781: [[-1.2635978  -1.4096112  -1.4459263  -0.3156616  -1.5918764  -1.4693508
   0.29049438 -1.8049084  -1.4769      2.5737512  -1.7323587  -1.4725221
   0.06269388]] 
Episode: 782: [[-1.2636157  -1.4096409  -1.4459438  -0.31567833 -1.5919225  -1.4693849
   0.29052648 -1.8049288  -1.4769446   2.573786   -1.7323967  -1.4725676
   0.06266572]] 
Episode: 783: [[-1.2636323  -1.4096923  -1.4459661  -0.31569216 -1.5919771  -1.4694289
   0.290583   -1.8049417  -1.4769986   2.5738115  -1.7324154  -1.4726174
   0.06264426]] 
Episode: 784: [[-1.26365    -1.4097421  -1.4459859  -0.31571296 -1.5920348  -1.4694712
   0.2906339  -1.8049603  -1.4770515   2.5738502  -1.7324439  -1.4726676
   0.06260928]] 
Episode: 785: [[-1.2636288  -1.4098155  -1.4459888  -0.3157495  -1.592123   -1.469483
   0.2906822  -1.8050123  -1.4770662   2.5738962  -1.7324835  -1.4726808
   0.06255952]] 
Episode: 786: [[-1.2636154  -1.4098709  -1.4459817  -0.3157823  -1.5922048  -1.4694756
   0.2907038  -1.8050792  -1.4770559   2.5739467  -1.7325424  -1.4726675
   0.06250665]] 
Episode: 787: [[-1.2635937  -1.4099008  -1.4459794  -0.31582996 -1.5922645  -1.4694694
   0.29072347 -1.8051348  -1.4770442   2.5740058  -1.7325807  -1.4726517
   0.06244143]] 
Episode: 788: [[-1.2635916  -1.4099337  -1.4459842  -0.31586438 -1.5923238  -1.4694769
   0.29075262 -1.8051857  -1.4770522   2.5740626  -1.7326378  -1.4726596
   0.06237754]] 
Episode: 789: [[-1.263579   -1.409972   -1.4459865  -0.31591132 -1.5924063  -1.4694753
   0.2907864  -1.8052686  -1.4770494   2.5741389  -1.7327393  -1.4726624
   0.06229001]] 
Episode: 790: [[-1.2636232  -1.4099691  -1.4459958  -0.31592438 -1.5924281  -1.4694935
   0.2908092  -1.8052838  -1.4770774   2.5741775  -1.7327864  -1.4726968
   0.06225663]] 
Episode: 791: [[-1.2636491  -1.4100271  -1.4460123  -0.31592178 -1.5924993  -1.4695235
   0.29088968 -1.805323   -1.4771202   2.5741959  -1.7328604  -1.4727471
   0.06222941]] 
Episode: 792: [[-1.263727   -1.4100387  -1.4460521  -0.31590143 -1.5925139  -1.4695898
   0.290948   -1.8052989  -1.4772052   2.5741956  -1.7328953  -1.4728345
   0.06224856]] 
Episode: 793: [[-1.2638698  -1.4100131  -1.4461155  -0.31583282 -1.5924675  -1.4697058
   0.29102242 -1.8051956  -1.4773583   2.5741444  -1.7328862  -1.4729912
   0.0623329 ]] 
Episode: 794: [[-1.2640153  -1.4099728  -1.4461745  -0.31575912 -1.5924051  -1.4698142
   0.29107988 -1.80508    -1.4775019   2.5740838  -1.7328545  -1.4731362
   0.06242929]] 
Episode: 795: [[-1.2641841  -1.4099225  -1.446255   -0.31568357 -1.5923446  -1.4699512
   0.29115832 -1.8049542  -1.477673    2.5740201  -1.7328372  -1.4733049
   0.06254169]] 
Episode: 796: [[-1.2643133  -1.4099268  -1.4463406  -0.31562606 -1.5923313  -1.4700875
   0.2912656  -1.8048615  -1.4778354   2.5739658  -1.7328454  -1.4734626
   0.06264035]] 
Episode: 797: [[-1.2644693  -1.4099135  -1.446428   -0.3155391  -1.5922941  -1.4702364
   0.29137075 -1.8047516  -1.4780201   2.5738885  -1.7328686  -1.4736453
   0.06276345]] 
Episode: 798: [[-1.2646327  -1.4098717  -1.4465188  -0.31546417 -1.592235   -1.4703885
   0.29144582 -1.8046408  -1.4782065   2.5738406  -1.7329196  -1.4738294
   0.06285734]] 
Episode: 799: [[-1.2646949  -1.4098324  -1.4465829  -0.31549916 -1.592215   -1.4704776
   0.29142976 -1.8046048  -1.4782997   2.5739105  -1.7329786  -1.4739118
   0.06282651]] 
Episode: 800: [[-1.2647183  -1.4098307  -1.4466727  -0.3155769  -1.5922419  -1.4705672
   0.29140243 -1.8046116  -1.4783704   2.5740256  -1.733092   -1.4739648
   0.06276258]] 
Episode: 801: [[-1.2646776  -1.4098667  -1.4467359  -0.31570196 -1.5923306  -1.470606
   0.29136175 -1.8046979  -1.4783727   2.5741951  -1.7332474  -1.4739478
   0.06262333]] 
Episode: 802: [[-1.2646526  -1.4099082  -1.4467802  -0.3157857  -1.5924087  -1.4706348
   0.29134217 -1.8047748  -1.4783767   2.574315   -1.733394   -1.4739377
   0.06252615]] 
Episode: 803: [[-1.2646166  -1.4099518  -1.4468417  -0.31588462 -1.5924823  -1.4706763
   0.29133257 -1.8048347  -1.4783885   2.5744395  -1.7335126  -1.4739326
   0.06242817]] 
Episode: 804: [[-1.2645992  -1.4100226  -1.446924   -0.31596732 -1.5925696  -1.4707577
   0.29137075 -1.8048893  -1.4784527   2.5745637  -1.7336699  -1.4739858
   0.06231877]] 
Episode: 805: [[-1.2645067  -1.4100467  -1.4470636  -0.3161502  -1.5926254  -1.4708687
   0.2913987  -1.8049326  -1.4785134   2.5747504  -1.7337929  -1.4740107
   0.06216586]] 
Episode: 806: [[-1.2644211  -1.4101222  -1.447187   -0.31630006 -1.5927238  -1.4709684
   0.29145503 -1.8050029  -1.4785668   2.574911   -1.7339292  -1.4740286
   0.0620267 ]] 
Episode: 807: [[-1.264308   -1.4101859  -1.4472762  -0.31646803 -1.5928228  -1.471018
   0.29146805 -1.8051038  -1.4785644   2.5750957  -1.7340641  -1.4739927
   0.06185036]] 
Episode: 808: [[-1.2642113  -1.4102238  -1.447348   -0.3166143  -1.592895   -1.4710547
   0.29146713 -1.8051866  -1.4785578   2.5752578  -1.7341757  -1.4739588
   0.06169385]] 
Episode: 809: [[-1.2641078  -1.410263   -1.4474304  -0.31676766 -1.5929656  -1.4710985
   0.29147476 -1.80526    -1.4785538   2.575417   -1.7342699  -1.4739252
   0.0615441 ]] 
Episode: 810: [[-1.2639706  -1.4103636  -1.4474963  -0.31692192 -1.5930992  -1.4711193
   0.29151762 -1.8053854  -1.4785241   2.5755692  -1.734378   -1.473868
   0.06138923]] 
Episode: 811: [[-1.2638322  -1.4104481  -1.4475743  -0.3170911  -1.5932161  -1.4711417
   0.29155144 -1.805493   -1.4784873   2.5757256  -1.7344555  -1.4737996
   0.06124056]] 
Episode: 812: [[-1.2637355  -1.4104859  -1.447619   -0.3172481  -1.5932841  -1.4711288
   0.29149914 -1.8055925  -1.4784135   2.5759015  -1.7345227  -1.4736909
   0.06107395]] 
Episode: 813: [[-1.2636924  -1.41051    -1.4476807  -0.31734598 -1.5933151  -1.4711591
   0.29149464 -1.8056287  -1.4784015   2.5760012  -1.7345594  -1.4736466
   0.0609949 ]] 
Episode: 814: [[-1.263655   -1.4105436  -1.4477419  -0.31742266 -1.5933478  -1.471197
   0.29151663 -1.8056548  -1.4784051   2.576072   -1.7345892  -1.4736228
   0.06094101]] 
Episode: 815: [[-1.2636439  -1.4105518  -1.4477836  -0.31747392 -1.5933481  -1.4712237
   0.29151037 -1.805659   -1.4784036   2.576123   -1.7345881  -1.4735919
   0.0609072 ]] 
Episode: 816: [[-1.2636154  -1.4105659  -1.4478248  -0.31753698 -1.5933511  -1.4712489
   0.29151654 -1.8056563  -1.4783984   2.5761724  -1.734562   -1.4735566
   0.06087271]] 
Episode: 817: [[-1.2636386  -1.4105558  -1.447852   -0.31754336 -1.5933179  -1.4712776
   0.2915216  -1.805624   -1.4784133   2.5761762  -1.7345375  -1.4735472
   0.06087971]] 
Episode: 818: [[-1.2636809  -1.4105443  -1.4478893  -0.3175317  -1.5932807  -1.4713241
   0.291536   -1.8055818  -1.4784513   2.5761626  -1.734527   -1.4735619
   0.06091219]] 
Episode: 819: [[-1.2636963  -1.4105521  -1.4478937  -0.31752732 -1.5932726  -1.4713291
   0.29155156 -1.8055805  -1.4784471   2.5761507  -1.7345244  -1.4735423
   0.06093208]] 
Episode: 820: [[-1.2637014  -1.4105676  -1.4479095  -0.3175312  -1.5932678  -1.4713506
   0.2915909  -1.8055657  -1.4784614   2.5761342  -1.7345039  -1.4735428
   0.06095849]] 
Episode: 821: [[-1.2637184  -1.4105909  -1.4479421  -0.3175226  -1.5932709  -1.4713954
   0.2916634  -1.8055437  -1.4785058   2.5760977  -1.7344955  -1.4735781
   0.06101227]] 
Episode: 822: [[-1.2637432  -1.4106162  -1.4479661  -0.3175011  -1.5932732  -1.4714363
   0.29173675 -1.8055192  -1.4785511   2.5760505  -1.7344813  -1.4736164
   0.06107362]] 
Episode: 823: [[-1.2637544  -1.4106256  -1.4479818  -0.31749868 -1.5932693  -1.4714586
   0.29178295 -1.8055015  -1.4785726   2.576024   -1.7344544  -1.4736302
   0.06111244]] 
Episode: 824: [[-1.2637192  -1.410482   -1.4478374  -0.31751367 -1.593132   -1.471318
   0.2916715  -1.805428   -1.4784398   2.5759728  -1.7342002  -1.4734887
   0.0611467 ]] 
Episode: 825: [[-1.2636782  -1.4103465  -1.4477102  -0.3175455  -1.5930114  -1.4711895
   0.29156134 -1.8053658  -1.478315    2.5759451  -1.7339652  -1.4733542
   0.0611616 ]] 
Episode: 826: [[-1.263647   -1.4102236  -1.4475896  -0.31757873 -1.5929017  -1.4710693
   0.29145736 -1.8053082  -1.4781986   2.5759273  -1.7337431  -1.473228
   0.0611685 ]] 
Episode: 827: [[-1.2636199  -1.4101037  -1.4474669  -0.31761616 -1.5928004  -1.4709446
   0.29132223 -1.8052713  -1.4780767   2.5759382  -1.7335606  -1.4730974
   0.0611456 ]] 
Episode: 828: [[-1.2635893  -1.4099809  -1.4473577  -0.317659   -1.5926955  -1.4708303
   0.29118237 -1.8052274  -1.4779611   2.575951   -1.7333813  -1.47297
   0.06112931]] 
Episode: 829: [[-1.2635657  -1.4098678  -1.4472681  -0.31770054 -1.5925963  -1.4707365
   0.29105315 -1.8051859  -1.477862    2.57597    -1.7332325  -1.4728565
   0.0611098 ]] 
Episode: 830: [[-1.2635417  -1.4097861  -1.4471948  -0.3177284  -1.5925238  -1.4706626
   0.29096493 -1.8051574  -1.477785    2.5759726  -1.7331201  -1.472768
   0.06110593]] 
Episode: 831: [[-1.2635813  -1.4096893  -1.4471557  -0.31771597 -1.5924218  -1.470642
   0.29090047 -1.8050725  -1.4777744   2.575933   -1.7329994  -1.4727472
   0.06116967]] 
Episode: 832: [[-1.263615   -1.4096305  -1.4471256  -0.31769335 -1.5923489  -1.4706337
   0.29088417 -1.8050014  -1.4777772   2.575881   -1.7328959  -1.4727391
   0.06123436]] 
Episode: 833: [[-1.2636546  -1.4095908  -1.4471006  -0.3176563  -1.5922953  -1.4706318
   0.29088283 -1.8049492  -1.4777895   2.5758252  -1.7328359  -1.4727458
   0.06129884]] 
Episode: 834: [[-1.2636676  -1.4095665  -1.4470766  -0.31764758 -1.592257   -1.4706242
   0.29087356 -1.8049082  -1.4777889   2.5757995  -1.732764   -1.472734
   0.06132768]] 
Episode: 835: [[-1.2636918  -1.4095335  -1.4470615  -0.3176523  -1.5922116  -1.470614
   0.29082695 -1.8048623  -1.4777718   2.575792   -1.7326826  -1.4726927
   0.06135677]] 
Episode: 836: [[-1.2636957  -1.4095409  -1.4470298  -0.31764382 -1.5922048  -1.4705917
   0.29081032 -1.8048539  -1.4777488   2.575778   -1.7326329  -1.4726508
   0.06136852]] 
Episode: 837: [[-1.2637105  -1.4095529  -1.447008   -0.31761882 -1.5921935  -1.470585
   0.29082283 -1.8048332  -1.4777445   2.5757425  -1.7325875  -1.4726275
   0.0613995 ]] 
Episode: 838: [[-1.2637522  -1.4095396  -1.4469804  -0.31757292 -1.5921564  -1.470577
   0.290822   -1.8047918  -1.477745    2.5756874  -1.7325274  -1.4726142
   0.06145551]] 
Episode: 839: [[-1.2637838  -1.4095442  -1.4469815  -0.31754085 -1.5921317  -1.4705958
   0.29085445 -1.8047454  -1.4777685   2.5756388  -1.7324684  -1.4726207
   0.06150686]] 
Episode: 840: [[-1.263812   -1.4095746  -1.446993   -0.31750634 -1.5921267  -1.4706254
   0.2909081  -1.8047023  -1.4778035   2.5755851  -1.7324097  -1.4726396
   0.06156385]] 
Episode: 841: [[-1.2638652  -1.4095848  -1.4470209  -0.31746247 -1.5920963  -1.4706775
   0.29096472 -1.80463    -1.4778638   2.5755224  -1.7323403  -1.472682
   0.06163839]] 
Episode: 842: [[-1.2639047  -1.4095966  -1.4470737  -0.3174553  -1.5920786  -1.4707447
   0.29100585 -1.8045686  -1.4779298   2.575502   -1.732294   -1.4727261
   0.06168461]] 
Episode: 843: [[-1.2639697  -1.4095907  -1.4471321  -0.3174355  -1.5920451  -1.4708186
   0.29104787 -1.8044895  -1.4780045   2.5754685  -1.7322433  -1.4727807
   0.06175139]] 
Episode: 844: [[-1.263943   -1.4096307  -1.4471699  -0.31747633 -1.5920749  -1.4708447
   0.29108575 -1.804484   -1.4780099   2.5754871  -1.7322155  -1.4727619
   0.06174503]] 
Episode: 845: [[-1.2639632  -1.4096495  -1.4472061  -0.31749013 -1.5920761  -1.4708788
   0.29110312 -1.8044491  -1.478032    2.5754914  -1.7321709  -1.4727602
   0.06176244]] 
Episode: 846: [[-1.263949   -1.4096742  -1.4472337  -0.31755766 -1.5921056  -1.4708867
   0.29106855 -1.804463   -1.4780134   2.5755718  -1.7321641  -1.472714
   0.0617024 ]] 
Episode: 847: [[-1.2639309  -1.409689   -1.4472494  -0.31763205 -1.5921402  -1.4708793
   0.29101923 -1.8044932  -1.4779817   2.575666   -1.7321683  -1.4726611
   0.06162526]] 
Episode: 848: [[-1.2639192  -1.4097128  -1.4472516  -0.31767923 -1.59217    -1.4708686
   0.2909973  -1.8045136  -1.4779513   2.5757196  -1.7321502  -1.4726093
   0.06158157]] 
Episode: 849: [[-1.2639073  -1.4097195  -1.4472209  -0.31773072 -1.592183   -1.470825
   0.2909323  -1.8045334  -1.4778881   2.575782   -1.732107   -1.4725255
   0.0615274 ]] 
Episode: 850: [[-1.2639158  -1.4097768  -1.4471487  -0.3177439  -1.5922456  -1.4707472
   0.29087818 -1.8046043  -1.4778011   2.5758262  -1.73211    -1.4724259
   0.06147964]] 
Episode: 851: [[-1.2638847  -1.4098406  -1.4470843  -0.3177902  -1.592323   -1.4706728
   0.29082438 -1.8046898  -1.4777123   2.5759     -1.7321202  -1.472323
   0.06139583]] 
Episode: 852: [[-1.263842   -1.4098991  -1.4470216  -0.31784415 -1.5923996  -1.4705954
   0.29076698 -1.8047873  -1.4776179   2.5759833  -1.7321589  -1.4722162
   0.06130042]] 
Episode: 853: [[-1.2637864  -1.4099485  -1.4469777  -0.3179232  -1.5924679  -1.4705389
   0.29073438 -1.8048561  -1.4775409   2.5760689  -1.7321662  -1.4721242
   0.06121071]] 
Episode: 854: [[-1.263729   -1.4099948  -1.4469268  -0.31800228 -1.5925415  -1.4704715
   0.29068762 -1.8049439  -1.4774531   2.5761654  -1.7321987  -1.4720247
   0.06110579]] 
Episode: 855: [[-1.2637347  -1.4099895  -1.4468671  -0.31804037 -1.5925655  -1.4704076
   0.29060864 -1.8050014  -1.4773775   2.5762362  -1.7322453  -1.4719385
   0.06103969]] 
Episode: 856: [[-1.2637566  -1.4099963  -1.4468225  -0.31806752 -1.5926019  -1.4703683
   0.29056728 -1.8050582  -1.4773357   2.5763004  -1.7323145  -1.4718912
   0.06097861]] 
Episode: 857: [[-1.2637689  -1.4100024  -1.44678    -0.31809908 -1.5926356  -1.4703214
   0.29053372 -1.8051134  -1.4772807   2.5763614  -1.7323691  -1.4718308
   0.06091523]] 
Episode: 858: [[-1.2637597  -1.4100091  -1.4467261  -0.31814027 -1.5926707  -1.4702585
   0.29049495 -1.8051724  -1.4772066   2.5764215  -1.732395   -1.4717487
   0.06084809]] 
Episode: 859: [[-1.2637658  -1.4100132  -1.4466692  -0.31817076 -1.5927023  -1.4702013
   0.29045883 -1.8052274  -1.4771463   2.5764775  -1.7324159  -1.4716822
   0.06078349]] 
Episode: 860: [[-1.2638011  -1.4099946  -1.4466307  -0.31818873 -1.592696   -1.4701679
   0.2904342  -1.8052297  -1.4771087   2.576504   -1.7323922  -1.4716337
   0.06076466]] 
Episode: 861: [[-1.2638347  -1.4099953  -1.4466054  -0.31821197 -1.5927058  -1.4701465
   0.29042777 -1.8052421  -1.4770821   2.5765429  -1.7323885  -1.471596
   0.06072902]] 
Episode: 862: [[-1.2638901  -1.4099852  -1.4465959  -0.3182112  -1.592693   -1.4701488
   0.29044586 -1.805222   -1.4770861   2.5765495  -1.7323636  -1.4715891
   0.0607276 ]] 
Episode: 863: [[-1.2639449  -1.4099854  -1.4465817  -0.3181892  -1.5926774  -1.470152
   0.2904773  -1.8051938  -1.4770958   2.5765266  -1.7323295  -1.4715915
   0.06075282]] 
Episode: 864: [[-1.2639447  -1.4100183  -1.4466084  -0.31820917 -1.5926996  -1.4701865
   0.29053983 -1.8051808  -1.4771214   2.5765233  -1.7323015  -1.4715972
   0.06076685]] 
Episode: 865: [[-1.2639531  -1.4100442  -1.446625   -0.31821167 -1.5927099  -1.4702157
   0.29060778 -1.8051605  -1.4771477   2.576502   -1.7322705  -1.4716074
   0.06079155]] 
Episode: 866: [[-1.2639488  -1.4100554  -1.4466207  -0.3182293  -1.5927219  -1.4702092
   0.29063267 -1.805171   -1.4771293   2.5765085  -1.7322637  -1.4715726
   0.06078411]] 
Episode: 867: [[-1.2639409  -1.4100716  -1.4466202  -0.3182465  -1.5927355  -1.4702071
   0.2906634  -1.8051791  -1.477116    2.5765123  -1.7322519  -1.4715433
   0.06077833]] 
Episode: 868: [[-1.2638394  -1.4100374  -1.4466132  -0.31834474 -1.5926982  -1.4701623
   0.2906389  -1.8051486  -1.4770255   2.5765302  -1.7320992  -1.471416
   0.06077287]] 
Episode: 869: [[-1.2637664  -1.4099994  -1.4466151  -0.3184158  -1.5926486  -1.4701378
   0.29063493 -1.8050988  -1.4769653   2.5765235  -1.7319496  -1.4713221
   0.06079307]] 
Episode: 870: [[-1.2636896  -1.4099711  -1.4466273  -0.31850123 -1.5926158  -1.4701219
   0.29063055 -1.8050641  -1.4769131   2.576543   -1.73183    -1.471239
   0.06078739]] 
Episode: 871: [[-1.2636119  -1.4099597  -1.4466391  -0.31858718 -1.5925983  -1.470105
   0.29063386 -1.8050421  -1.4768589   2.5765684  -1.7317245  -1.4711548
   0.06077317]] 
Episode: 872: [[-1.2635314  -1.4099638  -1.4466475  -0.31866312 -1.5925885  -1.4700875
   0.29064953 -1.8050135  -1.4768045   2.5765715  -1.7315964  -1.4710691
   0.0607839 ]] 
Episode: 873: [[-1.2634639  -1.4099892  -1.4466681  -0.31871054 -1.592577   -1.4700946
   0.29069614 -1.8049705  -1.4767798   2.5765486  -1.7314873  -1.4710101
   0.06081383]] 
Episode: 874: [[-1.2634213  -1.4099922  -1.4467008  -0.31876233 -1.5925373  -1.4701138
   0.29073298 -1.804923   -1.4767597   2.5765345  -1.731402   -1.4709483
   0.06084936]] 
Episode: 875: [[-1.2633893  -1.409985   -1.4467425  -0.31881928 -1.5924953  -1.4701407
   0.29076192 -1.8048725  -1.4767479   2.5765326  -1.7313266  -1.4708967
   0.06087893]] 
Episode: 876: [[-1.2634053  -1.4099734  -1.446796   -0.3188359  -1.5924418  -1.4701864
   0.29079193 -1.804798   -1.4767622   2.576496   -1.7312485  -1.4708755
   0.06095911]] 
Episode: 877: [[-1.2634414  -1.4099332  -1.4468446  -0.31884855 -1.5923603  -1.4702269
   0.29080078 -1.8047084  -1.476771    2.5764594  -1.7311593  -1.4708471
   0.06104332]] 
Episode: 878: [[-1.2634791  -1.4098854  -1.446886   -0.31885722 -1.5922793  -1.4702597
   0.29080075 -1.8046266  -1.4767749   2.5764256  -1.7310861  -1.4708173
   0.06112142]] 
Episode: 879: [[-1.263514   -1.4098647  -1.4469341  -0.31887412 -1.5922346  -1.4702915
   0.29081416 -1.8045771  -1.4767741   2.5764143  -1.731051   -1.4707867
   0.0611714 ]] 
Episode: 880: [[-1.2635105  -1.4098642  -1.4469578  -0.3189146  -1.5922241  -1.470285
   0.29080936 -1.8045791  -1.4767264   2.5764365  -1.7310421  -1.4707085
   0.0611711 ]] 
Episode: 881: [[-1.2635297  -1.4098306  -1.446982   -0.3189382  -1.5921774  -1.4702847
   0.29079765 -1.8045484  -1.476691    2.5764394  -1.7310041  -1.4706438
   0.06119154]] 
Episode: 882: [[-1.2635245  -1.4098188  -1.446992   -0.31898332 -1.5921679  -1.4702606
   0.29076868 -1.8045642  -1.4766269   2.5764778  -1.7310045  -1.470552
   0.06117013]] 
Episode: 883: [[-1.2635237  -1.4098     -1.4470034  -0.31903687 -1.5921469  -1.470243
   0.29072776 -1.804568   -1.4765697   2.5765293  -1.730994   -1.4704651
   0.06113779]] 
Episode: 884: [[-1.2635521  -1.4097818  -1.4470258  -0.31906244 -1.5921156  -1.4702464
   0.2907066  -1.8045548  -1.4765399   2.5765588  -1.7309945  -1.4704064
   0.06112699]] 
Episode: 885: [[-1.263575   -1.4097577  -1.447045   -0.31909683 -1.5920849  -1.4702457
   0.2906699  -1.8045435  -1.4765058   2.5765998  -1.7309959  -1.4703438
   0.06110687]] 
Episode: 886: [[-1.2635738 -1.4097545 -1.4470621 -0.3191444 -1.5920775 -1.4702394
   0.2906447 -1.8045508 -1.4764642  2.5766513 -1.7310044 -1.4702754
   0.0610689]] 
Episode: 887: [[-1.2635572  -1.4097673  -1.4470056  -0.31918886 -1.5920985  -1.4701657
   0.2905877  -1.8046017  -1.4763668   2.5767078  -1.7309978  -1.4701602
   0.06100829]] 
Episode: 888: [[-1.2635472  -1.4097675  -1.4469551  -0.31922808 -1.592108   -1.4700994
   0.29053268 -1.8046411  -1.4762801   2.5767565  -1.7309854  -1.4700581
   0.06095832]] 
Episode: 889: [[-1.2635474  -1.4097509  -1.4469182  -0.31926852 -1.5921022  -1.4700463
   0.29047328 -1.8046647  -1.4762063   2.5768042  -1.730967   -1.4699693
   0.06091859]] 
Episode: 890: [[-1.26353    -1.4097296  -1.446901   -0.31933162 -1.5920843  -1.4700096
   0.2904233  -1.8046638  -1.4761404   2.576856   -1.7309079  -1.4698786
   0.06088077]] 
Episode: 891: [[-1.2635175  -1.4097152  -1.4468802  -0.31937176 -1.5920557  -1.4699823
   0.29039147 -1.8046472  -1.4760919   2.576879   -1.7308338  -1.4698069
   0.06086471]] 
Episode: 892: [[-1.2634639  -1.4097239  -1.4468654  -0.31944904 -1.5920657  -1.4699442
   0.29036132 -1.8046691  -1.4760208   2.5769346  -1.7307798  -1.4697145
   0.06081675]] 
Episode: 893: [[-1.263405   -1.4097619  -1.4468557  -0.31951675 -1.5920999  -1.4699174
   0.29036283 -1.8047013  -1.4759657   2.576979   -1.7307478  -1.4696411
   0.06077536]] 
Episode: 894: [[-1.2633944  -1.4097956  -1.4468703  -0.31954342 -1.5921136  -1.4699376
   0.29039815 -1.8046873  -1.4759744   2.5769806  -1.7307045  -1.4696376
   0.06078836]] 
Episode: 895: [[-1.263385   -1.4098675  -1.4468918  -0.3195537  -1.5921562  -1.4699669
   0.29047298 -1.8046918  -1.4759965   2.5769699  -1.7306976  -1.4696531
   0.06080518]] 
Episode: 896: [[-1.2633853  -1.4099334  -1.4469246  -0.31956357 -1.5921941  -1.4700087
   0.29055616 -1.8046861  -1.4760323   2.5769565  -1.730687   -1.4696823
   0.06082986]] 
Episode: 897: [[-1.2633787  -1.4099902  -1.4469576  -0.31958452 -1.5922312  -1.4700462
   0.2906267  -1.8046834  -1.4760616   2.576955   -1.7306803  -1.4697055
   0.06084511]] 
Episode: 898: [[-1.2633692  -1.4100168  -1.4469798  -0.3196112  -1.5922438  -1.4700711
   0.29067698 -1.8046662  -1.4760804   2.5769544  -1.7306459  -1.4697198
   0.06085887]] 
Episode: 899: [[-1.2633502  -1.4100606  -1.4469931  -0.31964052 -1.5922767  -1.4700851
   0.29072225 -1.8046769  -1.4760871   2.5769696  -1.7306504  -1.4697229
   0.0608478 ]] 
Episode: 900: [[-1.2633308  -1.4101043  -1.4470097  -0.3196827  -1.592317   -1.4701009
   0.2907572  -1.8046979  -1.4760952   2.5770116  -1.7306697  -1.469729
   0.06080776]] 
Episode: 901: [[-1.2633185  -1.4101386  -1.4470178  -0.31971863 -1.5923523  -1.4701093
   0.29077926 -1.8047175  -1.4760963   2.577046   -1.7306821  -1.4697251
   0.06078031]] 
Episode: 902: [[-1.263272   -1.4101931  -1.4470199  -0.31977758 -1.5924162  -1.470101
   0.2907979  -1.8047683  -1.476072    2.5771017  -1.7307076  -1.4696934
   0.06072507]] 
Episode: 903: [[-1.263312   -1.4102058  -1.4470351  -0.31979063 -1.5924287  -1.4701409
   0.2908663  -1.8047423  -1.4761337   2.5771062  -1.7306855  -1.4697697
   0.06073596]] 
Episode: 904: [[-1.2633365  -1.4102045  -1.4470458  -0.31982353 -1.592436   -1.4701623
   0.29090214 -1.804723   -1.4761648   2.5771282  -1.7306609  -1.469809
   0.06073534]] 
Episode: 905: [[-1.2633406  -1.4102083  -1.4470291  -0.31985897 -1.5924537  -1.4701477
   0.29090592 -1.8047343  -1.4761539   2.5771556  -1.730653   -1.4698049
   0.0607246 ]] 
Episode: 906: [[-1.2633032  -1.4102136  -1.4469953  -0.31993255 -1.5924911  -1.4700978
   0.2908649  -1.8047891  -1.476096    2.5772297  -1.7306583  -1.4697491
   0.06066134]] 
Episode: 907: [[-1.263274   -1.4102015  -1.4469538  -0.319992   -1.592508   -1.4700365
   0.2908057  -1.8048327  -1.4760226   2.5772886  -1.7306557  -1.4696729
   0.06061309]] 
Episode: 908: [[-1.263236   -1.4101768  -1.4469037  -0.32006034 -1.5925212  -1.4699577
   0.29071808 -1.80489    -1.475926    2.577364   -1.7306675  -1.4695715
   0.06054606]] 
Episode: 909: [[-1.263199   -1.4101624  -1.4468658  -0.32013184 -1.5925387  -1.4698964
   0.29064268 -1.8049414  -1.475849    2.577448   -1.730679   -1.4694881
   0.06046689]] 
Episode: 910: [[-1.2632054  -1.4101478  -1.4468353  -0.32016155 -1.592549   -1.4698539
   0.29059428 -1.8049773  -1.4758016   2.5774941  -1.7307032  -1.4694401
   0.0604294 ]] 
Episode: 911: [[-1.2632345  -1.410114   -1.4468093  -0.3201738  -1.592535   -1.4698207
   0.29054376 -1.8049871  -1.4757667   2.577521   -1.7307074  -1.4694039
   0.06041626]] 
Episode: 912: [[-1.263276   -1.4100884  -1.4467934  -0.32017142 -1.5925198  -1.4698044
   0.2905154  -1.804986   -1.4757518   2.5775318  -1.7307174  -1.4693893
   0.06041994]] 
Episode: 913: [[-1.2633345  -1.4100547  -1.4468056  -0.320177   -1.592504   -1.4698181
   0.2904991  -1.8049812  -1.4757677   2.5775604  -1.7307618  -1.4694076
   0.06041437]] 
Episode: 914: [[-1.2633896  -1.4100034  -1.446797   -0.32017535 -1.5924691  -1.469815
   0.290466   -1.8049626  -1.4757711   2.577575   -1.7307684  -1.4694138
   0.06041787]] 
Episode: 915: [[-1.2634808  -1.4099612  -1.446801   -0.32014105 -1.5924377  -1.4698362
   0.29045784 -1.8049327  -1.4758071   2.577562   -1.7307954  -1.4694558
   0.0604559 ]] 
Episode: 916: [[-1.2635976  -1.4098918  -1.4468086  -0.32009214 -1.592368   -1.4698696
   0.2904449  -1.8048596  -1.4758605   2.5775282  -1.7307763  -1.4695134
   0.06052179]] 
Episode: 917: [[-1.2637299  -1.4098079  -1.4468075  -0.32002178 -1.5922761  -1.4698926
   0.29041767 -1.8047738  -1.475904    2.5774748  -1.730744   -1.4695606
   0.06060523]] 
Episode: 918: [[-1.2638507  -1.4097553  -1.4468021  -0.31994033 -1.5922146  -1.4699076
   0.2904066  -1.8047227  -1.4759376   2.5774148  -1.7307547  -1.4696002
   0.06068654]] 
Episode: 919: [[-1.2639154  -1.4097432  -1.4467902  -0.31988654 -1.5921922  -1.4699038
   0.29040736 -1.8047128  -1.4759417   2.5773773  -1.7307866  -1.469604
   0.06072768]] 
Episode: 920: [[-1.2639515  -1.4097188  -1.4467658  -0.31987095 -1.5921723  -1.46988
   0.2903682  -1.8047189  -1.4759203   2.577381   -1.7308182  -1.4695821
   0.0607307 ]] 
Episode: 921: [[-1.263954   -1.4096973  -1.4467572  -0.31989524 -1.5921617  -1.4698585
   0.29032502 -1.8047343  -1.4758874   2.5774157  -1.7308578  -1.4695415
   0.06070679]] 
Episode: 922: [[-1.2639626  -1.4096799  -1.4467402  -0.3199048  -1.5921494  -1.4698315
   0.29028884 -1.8047498  -1.4758508   2.5774348  -1.7308983  -1.4694986
   0.06069449]] 
Episode: 923: [[-1.263977   -1.4096572  -1.4467248  -0.31992057 -1.592147   -1.469803
   0.29023954 -1.8047811  -1.4758137   2.577472   -1.7309711  -1.4694582
   0.06066895]] 
Episode: 924: [[-1.2640053  -1.4096417  -1.4466982  -0.3199111  -1.5921446  -1.4697701
   0.29020396 -1.8048093  -1.4757776   2.5774848  -1.7310317  -1.4694209
   0.06065929]] 
Episode: 925: [[-1.2640668  -1.4096314  -1.4466828  -0.31986645 -1.5921252  -1.4697627
   0.29019737 -1.8048062  -1.4757758   2.5774608  -1.7310693  -1.4694172
   0.06068685]] 
Episode: 926: [[-1.2641761  -1.4096386  -1.4466871  -0.3197561  -1.5920864  -1.4698051
   0.29026553 -1.8047485  -1.4758426   2.5773582  -1.7310665  -1.4694823
   0.06078811]] 
Episode: 927: [[-1.2642778  -1.4096369  -1.446702   -0.31967333 -1.5920527  -1.46985
   0.29031104 -1.8047005  -1.4759054   2.5772889  -1.7310735  -1.4695412
   0.06086685]] 
Episode: 928: [[-1.2644082  -1.4095875  -1.4466995  -0.31956938 -1.5919837  -1.4698758
   0.29033634 -1.8046315  -1.4759539   2.5771937  -1.7310519  -1.4695917
   0.06097554]] 
Episode: 929: [[-1.2645657  -1.409519   -1.4466572  -0.3194404  -1.5919064  -1.4698634
   0.29031593 -1.8045806  -1.4759703   2.5770912  -1.7310418  -1.4696131
   0.0610923 ]] 
Episode: 930: [[-1.2646959  -1.4094819  -1.4466248  -0.31933194 -1.5918576  -1.4698566
   0.29031518 -1.8045423  -1.4759854   2.5770013  -1.7310271  -1.4696294
   0.06119418]] 
Episode: 931: [[-1.2647996  -1.409428   -1.4465951  -0.31925505 -1.5917888  -1.4698488
   0.29030782 -1.804481   -1.4759923   2.5769253  -1.7309635  -1.4696308
   0.06128238]] 
Episode: 932: [[-1.2648873  -1.4093945  -1.4465725  -0.31918344 -1.5917346  -1.469846
   0.29031911 -1.8044215  -1.4760025   2.5768433  -1.7308898  -1.4696352
   0.06137647]] 
Episode: 933: [[-1.2649419  -1.4093555  -1.4465706  -0.31915495 -1.5916806  -1.4698535
   0.29031393 -1.8043572  -1.4760122   2.5767934  -1.7308035  -1.4696325
   0.06145069]] 
Episode: 934: [[-1.2649782  -1.4093223  -1.4465724  -0.3191474  -1.5916455  -1.4698527
   0.29030994 -1.8043172  -1.476004    2.5767639  -1.7307258  -1.4696078
   0.06150219]] 
Episode: 935: [[-1.2650176  -1.4092966  -1.4465808  -0.3191483  -1.5916224  -1.469862
   0.29030693 -1.8042815  -1.4760083   2.576752   -1.7306607  -1.4695969
   0.06153787]] 
Episode: 936: [[-1.2650671  -1.4093184  -1.4466045  -0.3191189  -1.5916308  -1.4698955
   0.29035613 -1.8042632  -1.4760414   2.5767186  -1.7306465  -1.4696163
   0.06158427]] 
Episode: 937: [[-1.2651002  -1.409347   -1.4466302  -0.31910455 -1.5916494  -1.4699286
   0.29040033 -1.8042551  -1.4760721   2.5767019  -1.7306377  -1.4696329
   0.06161245]] 
Episode: 938: [[-1.2651591  -1.4093666  -1.446671   -0.3190657  -1.5916332  -1.4699945
   0.29047593 -1.8041949  -1.4761453   2.5766504  -1.7305859  -1.4696908
   0.06167482]] 
Episode: 939: [[-1.2652363  -1.409375   -1.4467072  -0.3190091  -1.5916041  -1.4700605
   0.2905472  -1.8041248  -1.4762243   2.5765882  -1.7305326  -1.469758
   0.06174506]] 
Episode: 940: [[-1.2653306  -1.4093802  -1.4467491  -0.31894112 -1.5915685  -1.4701384
   0.29062387 -1.804041   -1.4763203   2.576516   -1.7304724  -1.4698442
   0.06182947]] 
Episode: 941: [[-1.265408   -1.4093852  -1.4467765  -0.31888714 -1.5915394  -1.4701966
   0.2906923  -1.8039683  -1.4763924   2.5764544  -1.7304143  -1.4699063
   0.061899  ]] 
Episode: 942: [[-1.2654972  -1.4093618  -1.4468061  -0.31882736 -1.5914776  -1.4702667
   0.29075477 -1.8038608  -1.4764843   2.576381   -1.7303154  -1.4699899
   0.06198359]] 
Episode: 943: [[-1.2655791  -1.4093425  -1.4468507  -0.31878906 -1.5914248  -1.4703436
   0.2908109  -1.8037585  -1.476574    2.57633    -1.7302303  -1.4700679
   0.06205514]] 
Episode: 944: [[-1.2656326  -1.4092901  -1.4468901  -0.31880608 -1.5913699  -1.4703951
   0.29079095 -1.80369    -1.4766222   2.576357   -1.7301775  -1.4700978
   0.06205231]] 
Episode: 945: [[-1.2656548  -1.4092212  -1.446904   -0.31885144 -1.5913208  -1.470399
   0.29070613 -1.803666   -1.4766121   2.5764298  -1.7301674  -1.4700696
   0.06199653]] 
Episode: 946: [[-1.2656853  -1.4091429  -1.4469068  -0.31888506 -1.5912666  -1.4703933
   0.29062346 -1.8036481  -1.4765964   2.5764937  -1.7301735  -1.4700419
   0.06194538]] 
Episode: 947: [[-1.2657189  -1.4090798  -1.446899   -0.3188933  -1.5912082  -1.4703889
   0.29056287 -1.8036171  -1.4765917   2.5765276  -1.7301656  -1.4700282
   0.06191298]] 
Episode: 948: [[-1.2657368  -1.40901    -1.446878   -0.3189297  -1.5911573  -1.4703634
   0.29047173 -1.8036057  -1.4765604   2.5765991  -1.7301699  -1.4699873
   0.06184115]] 
Episode: 949: [[-1.2657789  -1.4089488  -1.4468546  -0.31893542 -1.591104   -1.470349
   0.29040298 -1.8035774  -1.4765496   2.5766344  -1.7301586  -1.4699689
   0.06180849]] 
Episode: 950: [[-1.2657954  -1.4088942  -1.4467908  -0.31893373 -1.5910693  -1.4702817
   0.29031545 -1.8035985  -1.4764807   2.5766644  -1.7301837  -1.469893
   0.06176446]] 
Episode: 951: [[-1.2658361  -1.408853   -1.4467491  -0.31891027 -1.5910269  -1.4702512
   0.29027084 -1.8035882  -1.4764574   2.5766718  -1.7301941  -1.4698646
   0.0617406 ]] 
Episode: 952: [[-1.2658787  -1.408817   -1.4467386  -0.3189179  -1.5910027  -1.4702518
   0.29021925 -1.8035845  -1.4764608   2.5767233  -1.7302358  -1.4698602
   0.06168904]] 
Episode: 953: [[-1.2659155  -1.408786   -1.4467309  -0.31892598 -1.5909836  -1.4702533
   0.29017696 -1.8035804  -1.4764651   2.5767686  -1.7302675  -1.4698584
   0.06164396]] 
Episode: 954: [[-1.2659979  -1.4087305  -1.446713   -0.3188944  -1.5909257  -1.4702595
   0.29014435 -1.8035454  -1.4764844   2.5767808  -1.730291   -1.4698738
   0.06162546]] 
Episode: 955: [[-1.2660854  -1.4086764  -1.4467088  -0.31887543 -1.5908613  -1.4702761
   0.2901007  -1.8034945  -1.4765068   2.576805   -1.7302932  -1.4698824
   0.06160533]] 
Episode: 956: [[-1.2661611  -1.4085934  -1.446654   -0.31885684 -1.5907867  -1.4702411
   0.29000723 -1.8034637  -1.4764847   2.5768318  -1.7302861  -1.469853
   0.06157729]] 
Episode: 957: [[-1.2661363  -1.4085329  -1.4465826  -0.31890988 -1.5907457  -1.4701561
   0.2899033  -1.8034766  -1.476387    2.5768912  -1.7302341  -1.4697397
   0.06151022]] 
Episode: 958: [[-1.2661191  -1.4084874  -1.44653    -0.31896713 -1.590712   -1.4700887
   0.28981042 -1.803494   -1.476303    2.5769632  -1.7302076  -1.4696374
   0.06143392]] 
Episode: 959: [[-1.2661045  -1.4084361  -1.4465028  -0.31904063 -1.590673   -1.4700484
   0.28973055 -1.8034903  -1.4762459   2.5770476  -1.7301689  -1.4695615
   0.06135313]] 
Episode: 960: [[-1.2661021  -1.4083939  -1.4465063  -0.31910178 -1.5906432  -1.4700439
   0.28969854 -1.8034863  -1.4762317   2.57712    -1.7301705  -1.4695363
   0.06128411]] 
Episode: 961: [[-1.2660787  -1.4083743  -1.4465088  -0.3191654  -1.5906334  -1.4700325
   0.28969657 -1.8034922  -1.4762079   2.577183   -1.7301621  -1.4695035
   0.06121367]] 
Episode: 962: [[-1.2660758  -1.4083773  -1.4465129  -0.31920522 -1.5906367  -1.4700319
   0.28969604 -1.8035017  -1.4761972   2.5772305  -1.730185   -1.4694843
   0.0611683 ]] 
Episode: 963: [[-1.2660761  -1.4083648  -1.4465256  -0.31926823 -1.590641   -1.4700326
   0.28965342 -1.8035226  -1.4761832   2.577323   -1.7302356  -1.4694611
   0.06108632]] 
Episode: 964: [[-1.2660733  -1.408359   -1.446535   -0.31933084 -1.5906553  -1.4700307
   0.28960803 -1.8035507  -1.4761666   2.5774136  -1.7302898  -1.4694349
   0.06100975]] 
Episode: 965: [[-1.2660385  -1.4083848  -1.4465382  -0.31940517 -1.5907065  -1.4700125
   0.28956854 -1.8036158  -1.4761262   2.5775135  -1.7303745  -1.4693851
   0.06091797]] 
Episode: 966: [[-1.2660155  -1.4084104  -1.4465699  -0.31947616 -1.5907395  -1.4700208
   0.28956583 -1.8036544  -1.4761091   2.5776052  -1.7304587  -1.4693552
   0.06083016]] 
Episode: 967: [[-1.2659845  -1.408437   -1.4465915  -0.31955358 -1.5907825  -1.4700147
   0.2895529  -1.8037103  -1.476076    2.5777078  -1.7305536  -1.4693103
   0.06072834]] 
Episode: 968: [[-1.2659786  -1.4084555  -1.4466071  -0.31961542 -1.5908182  -1.4700091
   0.28953055 -1.803761   -1.4760469   2.577801   -1.7306471  -1.4692701
   0.06064243]] 
Episode: 969: [[-1.2659876  -1.4085858  -1.4465444  -0.31952497 -1.5909555  -1.4699533
   0.28960234 -1.803899   -1.4760066   2.5777512  -1.7308265  -1.4692507
   0.06064593]] 
Episode: 970: [[-1.2659801  -1.4087387  -1.4464849  -0.31945896 -1.5911274  -1.4698919
   0.28966713 -1.8040632  -1.4759516   2.5777247  -1.7310228  -1.4692112
   0.06063757]] 
Episode: 971: [[-1.2659862  -1.4088957  -1.4464271  -0.31938913 -1.5913041  -1.4698312
   0.2897407  -1.8042351  -1.4758992   2.577703   -1.7312391  -1.469181
   0.06062276]] 
Episode: 972: [[-1.2659354  -1.4090705  -1.4464229  -0.31937844 -1.5914966  -1.4698147
   0.2898588  -1.8043847  -1.4758779   2.5777018  -1.7314109  -1.4691718
   0.06059996]] 
Episode: 973: [[-1.2656542  -1.4094166  -1.4463836  -0.31950116 -1.5918291  -1.469702
   0.2900048  -1.8046339  -1.475698    2.5777538  -1.7314714  -1.4689752
   0.06049201]] 
Episode: 974: [[-1.2654027  -1.40993    -1.4463853  -0.31946906 -1.592295   -1.4696622
   0.29039678 -1.8049922  -1.4756354   2.57768    -1.7317344  -1.4689293
   0.06042964]] 
Episode: 975: [[-1.2651553  -1.4103922  -1.4463825  -0.31946278 -1.5927219  -1.4696091
   0.2907416  -1.8053303  -1.4755536   2.5776284  -1.7319641  -1.4688604
   0.06036095]] 
Episode: 976: [[-1.264926   -1.4108539  -1.4464133  -0.31947833 -1.5931596  -1.4695898
   0.29106432 -1.8056744  -1.4755012   2.5776207  -1.7322344  -1.4688181
   0.06027238]] 
Episode: 977: [[-1.2647345  -1.4112853  -1.4464508  -0.3194707  -1.5935572  -1.469594
   0.29138505 -1.8059703  -1.4754819   2.5775878  -1.7324739  -1.4688101
   0.06021968]] 
Episode: 978: [[-1.2645819  -1.4116801  -1.4465004  -0.31944597 -1.5939138  -1.4696206
   0.29169855 -1.8062161  -1.4754909   2.5775313  -1.7326765  -1.4688313
   0.06020912]] 
Episode: 979: [[-1.2645415  -1.4120035  -1.4465197  -0.3193408  -1.5941774  -1.4696271
   0.29195645 -1.8063997  -1.4754902   2.577409   -1.732833   -1.4688402
   0.06028519]] 
Episode: 980: [[-1.2644937  -1.4122862  -1.4465313  -0.31926668 -1.5944188  -1.469618
   0.29217017 -1.8065851  -1.4754717   2.5773308  -1.7330014  -1.4688356
   0.06031699]] 
Episode: 981: [[-1.2644838  -1.4125271  -1.4465446  -0.3191779  -1.5946178  -1.4696256
   0.29235908 -1.8067257  -1.4754742   2.5772402  -1.7331219  -1.4688406
   0.06037403]] 
Episode: 982: [[-1.264475   -1.4127586  -1.4465811  -0.31909987 -1.5948004  -1.4696615
   0.29256925 -1.8068393  -1.475505    2.577153   -1.7332296  -1.468871
   0.06042925]] 
Episode: 983: [[-1.2644708  -1.4129976  -1.4466205  -0.31902394 -1.594993   -1.4697096
   0.2927668  -1.8069649  -1.4755515   2.5770853  -1.733364   -1.4689126
   0.06046638]] 
Episode: 984: [[-1.2644506  -1.4131985  -1.446662   -0.31899163 -1.5951717  -1.4697459
   0.29290688 -1.807098   -1.4755765   2.5770733  -1.7335117  -1.4689314
   0.06045734]] 
Episode: 985: [[-1.264398   -1.413379   -1.4466826  -0.31899354 -1.5953479  -1.4697474
   0.29300907 -1.807254   -1.4755598   2.5771     -1.7336675  -1.4689093
   0.06040135]] 
Episode: 986: [[-1.2643311  -1.4135581  -1.4466901  -0.31900266 -1.5955302  -1.4697316
   0.29310814 -1.8074213  -1.4755254   2.5771286  -1.7338264  -1.4688754
   0.06034034]] 
Episode: 987: [[-1.2643015  -1.4137102  -1.4467015  -0.31897783 -1.5956734  -1.469736
   0.29320887 -1.8075393  -1.4755236   2.5771146  -1.7339458  -1.4688785
   0.06033394]] 
Episode: 988: [[-1.2642312  -1.4138758  -1.4467157  -0.31899282 -1.595839   -1.4697293
   0.2932987  -1.8076805  -1.4755005   2.5771365  -1.7340726  -1.4688566
   0.06029106]] 
Episode: 989: [[-1.2641617  -1.4140502  -1.4467272  -0.31900948 -1.5960119  -1.46973
   0.293404   -1.8078197  -1.4754925   2.5771608  -1.7341961  -1.4688506
   0.06024205]] 
Episode: 990: [[-1.2641044  -1.4142064  -1.4467438  -0.31902537 -1.596168   -1.4697386
   0.29349753 -1.8079416  -1.4754937   2.5771844  -1.7343063  -1.468855
   0.06020214]] 
Episode: 991: [[-1.2640612  -1.4143625  -1.4467711  -0.31903645 -1.5963238  -1.4697639
   0.29360503 -1.8080506  -1.4755149   2.5772016  -1.7344093  -1.4688805
   0.06017414]] 
Episode: 992: [[-1.2640331  -1.4145114  -1.4468237  -0.31904376 -1.596472   -1.4698144
   0.29371932 -1.808155   -1.4755602   2.5772245  -1.7345365  -1.4689293
   0.06014399]] 
Episode: 993: [[-1.2640148  -1.4146452  -1.4468865  -0.3190524  -1.5966067  -1.4698792
   0.29382962 -1.8082439  -1.4756206   2.5772476  -1.7346605  -1.4689927
   0.0601223 ]] 
Episode: 994: [[-1.2639931  -1.4147713  -1.4469421  -0.3190622  -1.5967293  -1.4699401
   0.29394037 -1.808317   -1.4756798   2.5772657  -1.7347537  -1.469055
   0.0601007 ]] 
Episode: 995: [[-1.2639765  -1.4148735  -1.4470158  -0.31908292 -1.5968254  -1.4700186
   0.29404658 -1.8083586  -1.4757537   2.577287   -1.7348185  -1.4691279
   0.06008491]] 
Episode: 996: [[-1.2639847  -1.4149543  -1.4470737  -0.31908053 -1.5969064  -1.470084
   0.2941347  -1.8083991  -1.4758219   2.5772965  -1.7348986  -1.4692023
   0.06008046]] 
Episode: 997: [[-1.2639651  -1.4150268  -1.4471117  -0.3191112  -1.597003   -1.4701084
   0.2941832  -1.8084823  -1.4758371   2.5773494  -1.7350137  -1.4692229
   0.06002851]] 
Episode: 998: [[-1.2639458  -1.4151063  -1.4471579  -0.31913736 -1.5970958  -1.4701447
   0.29424462 -1.8085515  -1.4758645   2.5773926  -1.7351139  -1.4692531
   0.05998534]] 
Episode: 999: [[-1.2638806  -1.4151875  -1.4471703  -0.31919676 -1.5972111  -1.4701238
   0.2942585  -1.8086761  -1.4758207   2.5774765  -1.7352468  -1.469209
   0.05989057]] 
Episode: 1000: [[-1.2638198  -1.4152356  -1.4472017  -0.3192935  -1.5973047  -1.470111
   0.2942373  -1.8087764  -1.4757717   2.5775917  -1.7353582  -1.469151
   0.05979252]] 
Episode: 1001: [[-1.2637508  -1.4152784  -1.4472172  -0.3193911  -1.5973893  -1.4700822
   0.29420215 -1.808878   -1.4757051   2.5777054  -1.7354602  -1.4690725
   0.05969144]] 
Episode: 1002: [[-1.2636755  -1.4153173  -1.4472351  -0.3195023  -1.5974743  -1.4700501
   0.29415965 -1.8089861  -1.4756278   2.5778332  -1.735568   -1.4689776
   0.05957823]] 
Episode: 1003: [[-1.2636057 -1.4153361 -1.4472315 -0.3195948 -1.5975255 -1.4700066
   0.2941238 -1.8090683 -1.4755508  2.5779397 -1.7356405 -1.4688889
   0.059465 ]] 
Episode: 1004: [[-1.2635373  -1.4153662  -1.4472256  -0.31968582 -1.597589   -1.4699613
   0.29409188 -1.8091625  -1.4754726   2.5780537  -1.735731   -1.4687985
   0.05933863]] 
Episode: 1005: [[-1.2634609  -1.4153746  -1.447223   -0.31978357 -1.5976211  -1.4699222
   0.29405785 -1.8092247  -1.4754019   2.578164   -1.7357692  -1.4687104
   0.0592098 ]] 
Episode: 1006: [[-1.2633642  -1.4154028  -1.4472494  -0.31990892 -1.5976741  -1.4699068
   0.29405275 -1.8092905  -1.4753484   2.5782964  -1.7358278  -1.4686408
   0.05906114]] 
Episode: 1007: [[-1.2632893  -1.4154166  -1.4472685  -0.32001773 -1.5977141  -1.4698894
   0.2940219  -1.8093501  -1.4752967   2.5784216  -1.7358842  -1.4685718
   0.05892712]] 
Episode: 1008: [[-1.2632425  -1.4154224  -1.4472934  -0.32009366 -1.5977305  -1.4698964
   0.29402253 -1.8093675  -1.4752831   2.5784981  -1.7359015  -1.4685445
   0.05884713]] 
Episode: 1009: [[-1.2631887  -1.4154369  -1.4473263  -0.32017568 -1.5977473  -1.4699095
   0.29404533 -1.8093749  -1.4752737   2.578569   -1.7358904  -1.4685216
   0.05877049]] 
Episode: 1010: [[-1.2631534  -1.4154446  -1.4473661  -0.32024217 -1.5977532  -1.4699363
   0.29407054 -1.8093668  -1.4752822   2.5786254  -1.7358724  -1.4685155
   0.05871281]] 
Episode: 1011: [[-1.2631481  -1.4154541  -1.4474128  -0.32028544 -1.5977614  -1.469975
   0.29409933 -1.8093592  -1.4753069   2.578671   -1.7358791  -1.4685287
   0.05867143]] 
Episode: 1012: [[-1.2631472  -1.4154637  -1.4474548  -0.32032442 -1.5977684  -1.4700109
   0.29412502 -1.8093501  -1.4753312   2.578715   -1.7358847  -1.4685428
   0.05863033]] 
Episode: 1013: [[-1.2631881  -1.415478   -1.4475281  -0.32031372 -1.5977489  -1.4701042
   0.29420635 -1.8092743  -1.4754269   2.5786836  -1.7358326  -1.468627
   0.05868082]] 
Episode: 1014: [[-1.2632254  -1.4154732  -1.4475831  -0.32031003 -1.5977215  -1.4701724
   0.29424864 -1.8092135  -1.4754957   2.5786698  -1.7357973  -1.4686853
   0.05871338]] 
Episode: 1015: [[-1.2632632  -1.4154894  -1.4476284  -0.32028803 -1.5977104  -1.4702394
   0.2943101  -1.8091644  -1.4755692   2.578636   -1.7357739  -1.4687513
   0.0587607 ]] 
Episode: 1016: [[-1.2632588  -1.4155357  -1.4476689  -0.3203043  -1.5977464  -1.4702863
   0.29436874 -1.809167   -1.4756119   2.5786467  -1.7357928  -1.4687849
   0.05875529]] 
Episode: 1017: [[-1.2632632  -1.4155513  -1.4477015  -0.32030934 -1.5977491  -1.4703267
   0.29440767 -1.8091525  -1.4756507   2.5786467  -1.7357988  -1.4688134
   0.0587583 ]] 
Episode: 1018: [[-1.2632957  -1.4155756  -1.4477482  -0.3202838  -1.5977489  -1.4703943
   0.29448193 -1.8091186  -1.4757257   2.578614   -1.7358062  -1.4688823
   0.05879566]] 
Episode: 1019: [[-1.2633156  -1.4155625  -1.4478127  -0.32030472 -1.5977176  -1.4704679
   0.29451722 -1.8090698  -1.4757942   2.5786283  -1.7357866  -1.4689369
   0.05879812]] 
Episode: 1020: [[-1.2633326  -1.4155513  -1.4478699  -0.3203218  -1.5976878  -1.4705329
   0.2945503  -1.8090248  -1.4758549   2.5786388  -1.7357683  -1.4689856
   0.05880088]] 
Episode: 1021: [[-1.2633038  -1.4155623  -1.4479171  -0.3203904  -1.597715   -1.4705681
   0.29455203 -1.8090603  -1.4758706   2.5787263  -1.7358484  -1.4689865
   0.05871908]] 
Episode: 1022: [[-1.263315   -1.4155726  -1.447975   -0.3204104  -1.5977197  -1.4706328
   0.29458773 -1.8090512  -1.475928    2.5787528  -1.7358891  -1.4690323
   0.05870485]] 
Episode: 1023: [[-1.2631407  -1.4157145  -1.4480746  -0.32051563 -1.597832   -1.4706982
   0.29476812 -1.8090982  -1.4759436   2.5787945  -1.7359095  -1.4690266
   0.05861384]] 
Episode: 1024: [[-1.2629797  -1.4158585  -1.4481729  -0.32061982 -1.5979478  -1.470765
   0.29494572 -1.809144   -1.4759617   2.5788417  -1.7359385  -1.4690244
   0.05852193]] 
Episode: 1025: [[-1.2628491  -1.4159828  -1.448267   -0.32070318 -1.598041   -1.4708351
   0.29510945 -1.8091698  -1.4759903   2.5788722  -1.7359563  -1.4690353
   0.05845555]] 
Episode: 1026: [[-1.2626728  -1.4160397  -1.4483093  -0.3208246  -1.5981086  -1.4708343
   0.2951772  -1.8092095  -1.4759436   2.5789256  -1.7359712  -1.4689827
   0.05838062]] 
Episode: 1027: [[-1.2625014  -1.4161022  -1.4483415  -0.32094654 -1.5981891  -1.4708229
   0.29523984 -1.8092649  -1.4758902   2.578988   -1.7359995  -1.4689275
   0.0582959 ]] 
Episode: 1028: [[-1.26236    -1.4161562  -1.4483644  -0.32103536 -1.5982554  -1.4708116
   0.2952992  -1.8093066  -1.4758457   2.5790195  -1.7360159  -1.4688841
   0.05824701]] 
Episode: 1029: [[-1.2622725  -1.4162744  -1.4484198  -0.32105932 -1.5983515  -1.4708596
   0.29546666 -1.8093317  -1.4758774   2.5789886  -1.7360432  -1.4689169
   0.05824829]] 
Episode: 1030: [[-1.2621869  -1.416401   -1.4484557  -0.3210901  -1.5984601  -1.4708885
   0.29561892 -1.8093747  -1.4758917   2.5789723  -1.7360715  -1.4689333
   0.05823611]] 
Episode: 1031: [[-1.2621067  -1.4165093  -1.4484903  -0.32112756 -1.5985546  -1.4709101
   0.2957585  -1.8094121  -1.4758959   2.578961   -1.7360872  -1.4689399
   0.05822455]] 
Episode: 1032: [[-1.2620554  -1.4165943  -1.4485146  -0.32114738 -1.5986342  -1.4709283
   0.29585922 -1.8094476  -1.4759029   2.5789526  -1.7361168  -1.4689484
   0.05821713]] 
Episode: 1033: [[-1.2620196  -1.4166759  -1.4485358  -0.32115218 -1.5987061  -1.4709486
   0.29595956 -1.8094757  -1.4759161   2.5789323  -1.7361441  -1.4689635
   0.05822231]] 
Episode: 1034: [[-1.2620008  -1.416752   -1.44858    -0.3211771  -1.5987779  -1.4709971
   0.2960677  -1.8094964  -1.4759592   2.578942   -1.736201   -1.4690121
   0.05820987]] 
Episode: 1035: [[-1.2620004  -1.416809   -1.4486228  -0.32118803 -1.5988292  -1.4710491
   0.296161   -1.8095015  -1.476011    2.5789425  -1.7362481  -1.4690713
   0.05821119]] 
Episode: 1036: [[-1.2620126  -1.4168483  -1.4486675  -0.32118842 -1.5988555  -1.4711064
   0.29625276 -1.8094802  -1.4760711   2.5789266  -1.7362632  -1.4691367
   0.05823079]] 
Episode: 1037: [[-1.2620908  -1.4168     -1.4486989  -0.3211517  -1.5988047  -1.4711502
   0.2962757  -1.8094292  -1.4761204   2.5788918  -1.7362815  -1.4691873
   0.05828793]] 
Episode: 1038: [[-1.2622111  -1.4167641  -1.4486997  -0.32108787 -1.5987992  -1.471174
   0.29628482 -1.8094429  -1.4761676   2.5788732  -1.7363997  -1.4692513
   0.05832987]] 
Episode: 1039: [[-1.2623073  -1.416712   -1.4486705  -0.32105318 -1.5987895  -1.471153
   0.29624093 -1.8094878  -1.4761611   2.5788991  -1.7365367  -1.4692595
   0.05831828]] 
Episode: 1040: [[-1.262404   -1.4166713  -1.4486518  -0.32101408 -1.5987802  -1.4711477
   0.29621983 -1.8095201  -1.4761715   2.5789123  -1.7366592  -1.4692823
   0.05831893]] 
Episode: 1041: [[-1.2624904  -1.4166297  -1.4486303  -0.3209806  -1.5987705  -1.4711362
   0.29619756 -1.8095534  -1.4761733   2.578927   -1.7367663  -1.469294
   0.0583141 ]] 
Episode: 1042: [[-1.2625875  -1.4165819  -1.4486156  -0.32092974 -1.5987431  -1.471138
   0.29618192 -1.809559   -1.4761927   2.5789173  -1.7368425  -1.4693224
   0.05833507]] 
Episode: 1043: [[-1.2626959  -1.4165387  -1.4486011  -0.32086086 -1.5987111  -1.471148
   0.2961806  -1.8095452  -1.4762243   2.5788805  -1.7368897  -1.4693621
   0.05838447]] 
Episode: 1044: [[-1.2627972  -1.4164778  -1.4485679  -0.32080406 -1.5986844  -1.4711263
   0.29614282 -1.8095651  -1.4762219   2.578873   -1.7369794  -1.4693735
   0.05840126]] 
Episode: 1045: [[-1.2628915  -1.4164207  -1.4485354  -0.3207533  -1.5986551  -1.4711031
   0.29609856 -1.8095789  -1.476214    2.57887    -1.7370536  -1.4693742
   0.05841215]] 
Episode: 1046: [[-1.2629696  -1.4163823  -1.4485128  -0.3207117  -1.5986357  -1.4710906
   0.29607615 -1.8095874  -1.4762144   2.5788672  -1.7371128  -1.4693801
   0.05841847]] 
Episode: 1047: [[-1.2630152  -1.4163395  -1.4485095  -0.32070747 -1.5986093  -1.4710891
   0.29604542 -1.8095789  -1.4762144   2.5788856  -1.7371317  -1.469375
   0.05841013]] 
Episode: 1048: [[-1.2630346  -1.4163035  -1.4485137  -0.320742   -1.5986066  -1.4710836
   0.29598942 -1.8095983  -1.4762002   2.5789492  -1.7371745  -1.4693512
   0.05836535]] 
Episode: 1049: [[-1.2630851  -1.41627    -1.4485207  -0.32074812 -1.5985994  -1.471086
   0.29594484 -1.8096083  -1.4761988   2.5789902  -1.7372117  -1.4693421
   0.05834423]] 
Episode: 1050: [[-1.2631694  -1.4162381  -1.4484495  -0.3206935  -1.5985932  -1.4710314
   0.29590288 -1.809649   -1.4761715   2.578993   -1.7372799  -1.4693242
   0.05832822]] 
Episode: 1051: [[-1.263273   -1.4162012  -1.4483473  -0.3206016  -1.5985783  -1.4709537
   0.29585114 -1.8097034  -1.4761312   2.5789742  -1.7373707  -1.4692972
   0.058318  ]] 
Episode: 1052: [[-1.2633492  -1.4161466  -1.4482324  -0.3205556  -1.5985634  -1.47085
   0.29573902 -1.8097793  -1.4760541   2.5790129  -1.737469   -1.4692296
   0.05825734]] 
Episode: 1053: [[-1.2634255  -1.4160815  -1.4481332  -0.32051927 -1.5985299  -1.4707675
   0.29564935 -1.8098232  -1.4760013   2.5790482  -1.7375319  -1.4691865
   0.05820026]] 
Episode: 1054: [[-1.2634693  -1.4160343  -1.4480472  -0.32052037 -1.5985247  -1.4706872
   0.2955582  -1.8098891  -1.4759407   2.5791194  -1.7376108  -1.4691346
   0.05811036]] 
Episode: 1055: [[-1.2634786  -1.4160229  -1.4479659  -0.32054722 -1.5985593  -1.4705974
   0.29547805 -1.8099818  -1.4758595   2.5792036  -1.7376857  -1.4690597
   0.05801108]] 
Episode: 1056: [[-1.263501   -1.416002   -1.4479126  -0.3205612  -1.5985682  -1.4705392
   0.29542378 -1.8100306  -1.4758091   2.5792558  -1.7377158  -1.4690133
   0.05795172]] 
Episode: 1057: [[-1.2635534  -1.4159817  -1.4478875  -0.32054397 -1.5985601  -1.4705255
   0.2954165  -1.8100379  -1.4758096   2.5792646  -1.7377301  -1.4690161
   0.05794017]] 
Episode: 1058: [[-1.2636234  -1.4159526  -1.4478883  -0.32051182 -1.5985367  -1.4705508
   0.29542723 -1.810009   -1.4758563   2.579245   -1.7377234  -1.4690677
   0.05797417]] 
Episode: 1059: [[-1.2637146  -1.4159217  -1.4478998  -0.32046267 -1.5985043  -1.4705955
   0.29544634 -1.8099613  -1.4759252   2.5792086  -1.7377135  -1.4691389
   0.0580315 ]] 
Episode: 1060: [[-1.2637942  -1.4158981  -1.447913   -0.32042357 -1.5984805  -1.4706439
   0.29546887 -1.8099116  -1.4759978   2.5791721  -1.737688   -1.4692137
   0.05809551]] 
Episode: 1061: [[-1.2638973  -1.4159062  -1.4479345  -0.32033765 -1.5984701  -1.470716
   0.29554746 -1.8098519  -1.4761027   2.5790741  -1.7376484  -1.4693207
   0.0582204 ]] 
Episode: 1062: [[-1.2639798  -1.4159255  -1.4479603  -0.3202766  -1.5984813  -1.4707837
   0.2956159  -1.809813   -1.4761972   2.579005   -1.7376286  -1.4694182
   0.05831936]] 
Episode: 1063: [[-1.2640462  -1.4159597  -1.4479871  -0.32022232 -1.5985086  -1.4708477
   0.29569855 -1.8097885  -1.4762852   2.578939   -1.7376214  -1.4695098
   0.05840881]] 
Episode: 1064: [[-1.2639781  -1.4161328  -1.4480175  -0.32026485 -1.5987061  -1.4708667
   0.29581207 -1.8099318  -1.4762866   2.5789711  -1.7377381  -1.4695034
   0.05838168]] 
Episode: 1065: [[-1.2639314  -1.4162788  -1.4480445  -0.32029352 -1.5988728  -1.4708878
   0.2959172  -1.8100497  -1.4762967   2.5789917  -1.7378397  -1.4695088
   0.05836654]] 
Episode: 1066: [[-1.2638779  -1.416416   -1.4480696  -0.3203308  -1.5990361  -1.4709073
   0.29601362 -1.810169   -1.476306    2.5790238  -1.7379422  -1.4695139
   0.05833732]] 
Episode: 1067: [[-1.2638862  -1.4165189  -1.4481198  -0.32031906 -1.5991392  -1.4709774
   0.29613432 -1.8102032  -1.4763799   2.5789886  -1.7379718  -1.4695835
   0.05839532]] 
Episode: 1068: [[-1.2639009  -1.416616   -1.448167   -0.32029775 -1.599226   -1.4710485
   0.29626137 -1.8102174  -1.4764588   2.578936   -1.737975   -1.4696614
   0.05846944]] 
Episode: 1069: [[-1.2639191  -1.4167181  -1.4481986  -0.32025975 -1.5993131  -1.4711033
   0.2963945  -1.8102409  -1.4765239   2.5788698  -1.737989   -1.4697282
   0.05854598]] 
Episode: 1070: [[-1.2639323  -1.4167944  -1.4482433  -0.3202406  -1.5993779  -1.4711645
   0.29651752 -1.8102487  -1.4765875   2.5788186  -1.7379974  -1.4697884
   0.05861101]] 
Episode: 1071: [[-1.2639143  -1.4168477  -1.4482716  -0.32027024 -1.5994323  -1.4711939
   0.29658255 -1.8102683  -1.4766078   2.5788236  -1.7379937  -1.4697994
   0.0586201 ]] 
Episode: 1072: [[-1.2638918  -1.4168975  -1.448301   -0.32031783 -1.599494   -1.4712173
   0.2966184  -1.810302   -1.4766165   2.5788615  -1.7380121  -1.4697967
   0.05859997]] 
Episode: 1073: [[-1.2637832  -1.4170226  -1.4483092  -0.32042238 -1.5996575  -1.4711896
   0.296639   -1.8104526  -1.4765507   2.5789688  -1.7381438  -1.4697111
   0.05849732]] 
Episode: 1074: [[-1.2636554  -1.4171554  -1.4483063  -0.32054028 -1.5998242  -1.4711499
   0.2966488  -1.810602   -1.4764719   2.579084   -1.7382523  -1.4696108
   0.058385  ]] 
Episode: 1075: [[-1.2634921  -1.4173069  -1.4483101  -0.32068983 -1.6000171  -1.4710991
   0.2966465  -1.8107859  -1.4763676   2.5792372  -1.7383989  -1.4694809
   0.05822945]] 
Episode: 1076: [[-1.263349   -1.4174492  -1.4483178  -0.3208173  -1.6001943  -1.4710505
   0.29662406 -1.8109587  -1.4762683   2.5793667  -1.7385234  -1.4693514
   0.05811288]] 
Episode: 1077: [[-1.2632252  -1.4175663  -1.4483263  -0.32093662 -1.6003491  -1.4710019
   0.29657948 -1.8111291  -1.4761721   2.579509   -1.7386812  -1.4692291
   0.05797964]] 
Episode: 1078: [[-1.2631096  -1.4176599  -1.448347   -0.32105234 -1.6004778  -1.4709673
   0.29653257 -1.811264   -1.4760889   2.5796304  -1.7387983  -1.4691163
   0.05788087]] 
Episode: 1079: [[-1.2630103  -1.4176964  -1.4483248  -0.32114622 -1.6005481  -1.4709048
   0.29643545 -1.8113557  -1.4759895   2.5797265  -1.738838   -1.4689864
   0.05780281]] 
Episode: 1080: [[-1.262925   -1.4177355  -1.4483168  -0.32123193 -1.6006092  -1.4708633
   0.2963654  -1.8114246  -1.4759135   2.57981    -1.738862   -1.46888
   0.05773607]] 
Episode: 1081: [[-1.2627988  -1.4178811  -1.4482256  -0.32122186 -1.6007162  -1.4707489
   0.29640216 -1.8115374  -1.4757895   2.5797749  -1.7388248  -1.4687425
   0.05770054]] 
Episode: 1082: [[-1.2626686  -1.4180145  -1.4481429  -0.32122803 -1.6008155  -1.4706411
   0.29642615 -1.8116478  -1.475669    2.5797594  -1.7387949  -1.4686061
   0.05765016]] 
Episode: 1083: [[-1.2626107  -1.418098   -1.4480826  -0.32120365 -1.6008554  -1.4705752
   0.2964427  -1.8116882  -1.4755968   2.5797143  -1.7387246  -1.468514
   0.05765606]] 
Episode: 1084: [[-1.2625539  -1.4181813  -1.4480298  -0.3211744  -1.6008953  -1.4705184
   0.29647365 -1.8117279  -1.475537    2.5796635  -1.7386605  -1.468436
   0.05766403]] 
Episode: 1085: [[-1.2624806  -1.4182506  -1.4479862  -0.3211795  -1.6009327  -1.470459
   0.29649368 -1.8117677  -1.4754635   2.5796359  -1.738599   -1.4683405
   0.05766191]] 
Episode: 1086: [[-1.2624468  -1.4182856  -1.4479508  -0.32116935 -1.6009437  -1.4704164
   0.29649225 -1.8117826  -1.4754126   2.5795991  -1.7385315  -1.4682679
   0.05768911]] 
Episode: 1087: [[-1.2624084  -1.4183333  -1.4479241  -0.32116887 -1.600968   -1.4703841
   0.2964985  -1.8118016  -1.475372    2.5795755  -1.7384747  -1.4682066
   0.05770353]] 
Episode: 1088: [[-1.2623738  -1.4183797  -1.4479014  -0.3211677  -1.6009912  -1.470359
   0.29651147 -1.8118153  -1.4753412   2.5795517  -1.7384183  -1.4681584
   0.05771852]] 
Episode: 1089: [[-1.26234    -1.4184327  -1.4478939  -0.3211778  -1.6010219  -1.4703493
   0.29653624 -1.8118302  -1.4753251   2.5795414  -1.7383826  -1.4681275
   0.05772416]] 
Episode: 1090: [[-1.2622445  -1.4185773  -1.4477304  -0.32120013 -1.601142   -1.4701867
   0.2965241  -1.8119514  -1.475162    2.579549   -1.7382745  -1.4679558
   0.05766459]] 
Episode: 1091: [[-1.2621922  -1.4186922  -1.4475845  -0.3211909  -1.6012217  -1.470054
   0.29651907 -1.8120253  -1.4750364   2.579523   -1.7381427  -1.4678211
   0.05764922]] 
Episode: 1092: [[-1.2621678  -1.4187982  -1.4474691  -0.32115424 -1.6012799  -1.4699637
   0.29655194 -1.8120556  -1.4749604   2.5794544  -1.737986   -1.4677396
   0.05768666]] 
Episode: 1093: [[-1.2621639  -1.4188218  -1.4473646  -0.32111    -1.6012478  -1.4698781
   0.29652384 -1.8120363  -1.4748818   2.5793784  -1.73779    -1.4676479
   0.05774161]] 
Episode: 1094: [[-1.2621839  -1.4188185  -1.4472488  -0.32105482 -1.6012102  -1.4697838
   0.29648235 -1.8120269  -1.474802    2.5793068  -1.7376347  -1.4675627
   0.05779348]] 
Episode: 1095: [[-1.2622001  -1.4188313  -1.4471507  -0.32101002 -1.601198   -1.4697031
   0.29645172 -1.8120377  -1.474733    2.5792532  -1.7375273  -1.4674896
   0.05783247]] 
Episode: 1096: [[-1.2622503  -1.4188516  -1.4470639  -0.32092583 -1.6011815  -1.4696478
   0.29645026 -1.8120316  -1.4746989   2.5791645  -1.7374318  -1.4674541
   0.05790644]] 
Episode: 1097: [[-1.2622855  -1.4188626  -1.4469813  -0.3208671  -1.601167   -1.4695886
   0.29643342 -1.8120338  -1.474659    2.5791035  -1.7373474  -1.4674171
   0.05795601]] 
Episode: 1098: [[-1.2623193  -1.4188561  -1.4469464  -0.3208547  -1.601153   -1.4695573
   0.296407   -1.8120275  -1.4746286   2.579083   -1.737278   -1.4673831
   0.05799556]] 
Episode: 1099: [[-1.2623523  -1.4188485  -1.4469249  -0.3208481  -1.601134   -1.4695388
   0.29638976 -1.8120116  -1.4746077   2.579065   -1.7372102  -1.4673556
   0.05803443]] 
Episode: 1100: [[-1.2623842  -1.4188466  -1.4469159  -0.32085475 -1.6011256  -1.4695321
   0.29639894 -1.8119895  -1.474604    2.5790522  -1.7371241  -1.4673529
   0.05807072]] 
Episode: 1101: [[-1.2623963  -1.4188434  -1.4469032  -0.3208808  -1.6011196  -1.4695138
   0.29639173 -1.8119762  -1.4745802   2.5790582  -1.737038   -1.4673251
   0.05808646]] 
Episode: 1102: [[-1.262409   -1.418852   -1.4469023  -0.32090804 -1.6011246  -1.469505
   0.29639202 -1.8119675  -1.4745634   2.5790687  -1.7369684  -1.4673041
   0.05809954]] 
Episode: 1103: [[-1.2624295  -1.4188457  -1.4469045  -0.3209384  -1.601121   -1.4695014
   0.29636776 -1.811954   -1.4745517   2.5790918  -1.736901   -1.4672848
   0.05810665]] 
Episode: 1104: [[-1.2624122  -1.4188733  -1.4469122  -0.32100692 -1.6011732  -1.4694833
   0.29633498 -1.812001   -1.4745129   2.5791647  -1.736896   -1.4672378
   0.05806328]] 
Episode: 1105: [[-1.2624187  -1.4188998  -1.4469295  -0.32105407 -1.6012158  -1.4694877
   0.29632023 -1.8120282  -1.4745051   2.579219   -1.7368879  -1.4672241
   0.05803915]] 
Episode: 1106: [[-1.2624087  -1.4189264  -1.4469383  -0.32112008 -1.6012659  -1.4694725
   0.29628265 -1.8120742  -1.47447     2.579298   -1.7368944  -1.467182
   0.05798902]] 
Episode: 1107: [[-1.2624325  -1.4189548  -1.4469515  -0.32115242 -1.6013103  -1.4694786
   0.29627672 -1.8121138  -1.4744691   2.579358   -1.7369361  -1.467181
   0.05794718]] 
Episode: 1108: [[-1.2624502  -1.4189823  -1.4469585  -0.3211968  -1.6013603  -1.4694766
   0.29625311 -1.8121679  -1.4744592   2.5794427  -1.737001   -1.4671721
   0.05787772]] 
Episode: 1109: [[-1.262498   -1.4190314  -1.4469509  -0.32117552 -1.6014158  -1.4694829
   0.29630765 -1.8122274  -1.4744788   2.579465   -1.7371043  -1.4672072
   0.0578387 ]] 
Episode: 1110: [[-1.2625473  -1.41908    -1.4469469  -0.32116193 -1.6014751  -1.4694873
   0.2963525  -1.8122934  -1.4744902   2.579495   -1.7372253  -1.4672272
   0.05780157]] 
Episode: 1111: [[-1.262597   -1.4191126  -1.4469512  -0.321162   -1.6015209  -1.4694966
   0.29637852 -1.8123466  -1.4745022   2.579536   -1.7373321  -1.4672446
   0.05776468]] 
Episode: 1112: [[-1.2626029  -1.4191443  -1.4469815  -0.3212109  -1.6015711  -1.4695226
   0.296416   -1.8123869  -1.4745219   2.5795984  -1.7374045  -1.4672669
   0.05771635]] 
Episode: 1113: [[-1.2626107  -1.4191655  -1.4470187  -0.32125446 -1.6015953  -1.4695578
   0.29645926 -1.812393   -1.4745483   2.579643   -1.737433   -1.4672898
   0.05768456]] 
Episode: 1114: [[-1.2626572  -1.4191612  -1.4470426  -0.3212686  -1.6016035  -1.4695843
   0.29648414 -1.8124057  -1.4745783   2.5796838  -1.7375028  -1.4673268
   0.05765342]] 
Episode: 1115: [[-1.262715   -1.4191548  -1.44707    -0.32127568 -1.6016037  -1.4696155
   0.29650712 -1.8124076  -1.4746124   2.5797203  -1.7375611  -1.4673661
   0.05762729]] 
Episode: 1116: [[-1.2627633  -1.4191488  -1.4471146  -0.3212909  -1.6016016  -1.469664
   0.2965411  -1.8124015  -1.4746628   2.579763   -1.7376237  -1.4674203
   0.05759221]] 
Episode: 1117: [[-1.2628255  -1.4191414  -1.4471709  -0.32128465 -1.6015873  -1.4697309
   0.29658666 -1.8123744  -1.4747335   2.5797753  -1.7376652  -1.4674897
   0.05759374]] 
Episode: 1118: [[-1.2628713  -1.419094   -1.4472234  -0.32130542 -1.6015397  -1.4697887
   0.29659173 -1.812334   -1.4747894   2.579812   -1.7376837  -1.4675385
   0.05757369]] 
Episode: 1119: [[-1.2629244  -1.419053   -1.4472784  -0.32132024 -1.6014987  -1.4698479
   0.2965925  -1.8123     -1.4748425   2.579846   -1.7377217  -1.4675795
   0.05756342]] 
Episode: 1120: [[-1.2629896  -1.4190055  -1.4473366  -0.32133448 -1.601454   -1.4699143
   0.29658863 -1.812261   -1.4749054   2.5798852  -1.7377619  -1.4676312
   0.05755148]] 
Episode: 1121: [[-1.2630405  -1.4190104  -1.447366   -0.32129145 -1.6014245  -1.4699689
   0.2966463  -1.8122185  -1.4749649   2.5798435  -1.7377671  -1.4676782
   0.05758995]] 
Episode: 1122: [[-1.263056   -1.4190447  -1.4474056  -0.32129928 -1.6014405  -1.470018
   0.29669142 -1.8122134  -1.4750056   2.5798535  -1.7377974  -1.4677045
   0.05758921]] 
Episode: 1123: [[-1.2630687  -1.4190638  -1.4474105  -0.3213085  -1.601455   -1.4700286
   0.2967084  -1.8122332  -1.4750123   2.5798786  -1.7378476  -1.4677018
   0.05756158]] 
Episode: 1124: [[-1.2630678  -1.4190727  -1.4474188  -0.32134324 -1.60147    -1.4700338
   0.29669994 -1.8122641  -1.4750049   2.5799353  -1.7379113  -1.4676807
   0.05750603]] 
Episode: 1125: [[-1.263072   -1.4190817  -1.4474277  -0.32137528 -1.6014819  -1.4700388
   0.2966907  -1.8122861  -1.4749979   2.5799873  -1.7379593  -1.4676616
   0.05745741]] 
Episode: 1126: [[-1.2630912  -1.4191316  -1.4474401  -0.32138798 -1.6015427  -1.4700595
   0.29672503 -1.8123213  -1.4750161   2.580019   -1.7380291  -1.4676732
   0.05743408]] 
Episode: 1127: [[-1.2631328  -1.4191872  -1.4474504  -0.3213905  -1.6016171  -1.4700834
   0.29675326 -1.8123757  -1.4750403   2.580055   -1.7381344  -1.4676932
   0.05741542]] 
Episode: 1128: [[-1.2631819  -1.4192363  -1.4474645  -0.32139084 -1.601677   -1.4701121
   0.2967798  -1.8124105  -1.4750686   2.5800865  -1.7382138  -1.4677147
   0.05740273]] 
Episode: 1129: [[-1.2632511  -1.4192421  -1.4474572  -0.32135767 -1.60169    -1.4701109
   0.29674608 -1.8124446  -1.4750648   2.5800931  -1.7382964  -1.4676982
   0.05741976]] 
Episode: 1130: [[-1.2633034  -1.4192445  -1.4474465  -0.32134205 -1.6017107  -1.4700987
   0.29670402 -1.8124918  -1.4750473   2.5801194  -1.7383888  -1.4676701
   0.05741282]] 
Episode: 1131: [[-1.2633383  -1.4192452  -1.447425   -0.32134482 -1.6017418  -1.4700707
   0.29664442 -1.8125565  -1.4750124   2.5801702  -1.7384902  -1.4676262
   0.05737626]] 
Episode: 1132: [[-1.263398   -1.4192698  -1.4474274  -0.32130232 -1.6017655  -1.4700822
   0.29665804 -1.8125752  -1.475021    2.5801451  -1.7385358  -1.4676195
   0.0574176 ]] 
Episode: 1133: [[-1.2634611  -1.41932    -1.4474361  -0.32125455 -1.6018134  -1.4701077
   0.29670092 -1.8126074  -1.4750502   2.5801225  -1.7386081  -1.4676386
   0.05744979]] 
Episode: 1134: [[-1.2635235  -1.4193496  -1.4474518  -0.32121906 -1.6018394  -1.4701372
   0.29672858 -1.8126199  -1.4750823   2.5801072  -1.738663   -1.4676619
   0.05748279]] 
Episode: 1135: [[-1.2635756  -1.4193776  -1.4474716  -0.3211884  -1.6018606  -1.470167
   0.29676187 -1.8126267  -1.475111    2.580088   -1.7387048  -1.4676784
   0.05751773]] 
Episode: 1136: [[-1.2636167  -1.4194033  -1.4474889  -0.32117397 -1.6018895  -1.4701891
   0.29677826 -1.8126477  -1.4751288   2.5800912  -1.7387669  -1.4676847
   0.05753144]] 
Episode: 1137: [[-1.2636374  -1.4194491  -1.447501   -0.32117912 -1.6019461  -1.4702107
   0.29679137 -1.8126863  -1.4751476   2.5801158  -1.7388393  -1.4676937
   0.05752521]] 
Episode: 1138: [[-1.2636648  -1.4194835  -1.4475104  -0.32118264 -1.6020015  -1.4702268
   0.296799   -1.8127352  -1.4751616   2.5801485  -1.7389338  -1.4676999
   0.05750697]] 
Episode: 1139: [[-1.263685   -1.4195104  -1.4475247  -0.32119706 -1.6020477  -1.4702442
   0.29680172 -1.8127741  -1.475175    2.5801868  -1.7390097  -1.4677052
   0.05748457]] 
Episode: 1140: [[-1.263693   -1.4195583  -1.4475313  -0.32121238 -1.602108   -1.4702514
   0.2968151  -1.8128284  -1.4751784   2.5802286  -1.7390937  -1.4677042
   0.05744769]] 
Episode: 1141: [[-1.2636997  -1.4195954  -1.4475323  -0.3212221  -1.6021575  -1.4702528
   0.29682547 -1.8128755  -1.4751793   2.5802612  -1.7391634  -1.467706
   0.05741642]] 
Episode: 1142: [[-1.2637106  -1.4196273  -1.4475403  -0.3212349  -1.6022022  -1.4702616
   0.29683653 -1.8129164  -1.4751873   2.580294   -1.7392292  -1.4677154
   0.0573915 ]] 
Episode: 1143: [[-1.2637464  -1.4196315  -1.4475546  -0.32123768 -1.6022185  -1.4702803
   0.2968254  -1.812935   -1.4752064   2.5803218  -1.7392869  -1.4677329
   0.0573828 ]] 
Episode: 1144: [[-1.2637796  -1.4196371  -1.4475704  -0.32123908 -1.6022403  -1.4702975
   0.29683462 -1.8129573  -1.4752262   2.580343   -1.7393438  -1.4677564
   0.05737511]] 
Episode: 1145: [[-1.2638109  -1.4196495  -1.4475923  -0.32124117 -1.602268   -1.4703221
   0.29685348 -1.8129762  -1.475254    2.5803614  -1.7393942  -1.4677869
   0.05737117]] 
Episode: 1146: [[-1.2638755  -1.4196439  -1.4476054  -0.32121524 -1.6022698  -1.4703453
   0.2968612  -1.812977   -1.4752848   2.5803583  -1.7394326  -1.4678186
   0.0573915 ]] 
Episode: 1147: [[-1.2639424  -1.419662   -1.4476192  -0.32117757 -1.6022922  -1.4703729
   0.2968936  -1.8129894  -1.4753232   2.5803478  -1.7394927  -1.4678603
   0.0574111 ]] 
Episode: 1148: [[-1.2639802  -1.4196935  -1.447636   -0.32116184 -1.6023289  -1.4703954
   0.29693666 -1.8130153  -1.4753462   2.5803487  -1.7395605  -1.4678797
   0.057415  ]] 
Episode: 1149: [[-1.2640015  -1.4197272  -1.4476458  -0.32116425 -1.6023777  -1.4704065
   0.2969625  -1.8130621  -1.4753557   2.580378   -1.7396513  -1.4678863
   0.05738587]] 
Episode: 1150: [[-1.2640126  -1.4197637  -1.4476686  -0.32118618 -1.602435   -1.4704287
   0.29698223 -1.813115   -1.4753728   2.5804272  -1.7397522  -1.467899
   0.05734548]] 
Episode: 1151: [[-1.2640331  -1.4197993  -1.4476857  -0.32120064 -1.6024911  -1.47045
   0.29700512 -1.8131683  -1.4753917   2.5804741  -1.739865   -1.4679148
   0.05730408]] 
Episode: 1152: [[-1.2640322  -1.419826   -1.4477061  -0.3212492  -1.6025515  -1.470457
   0.2969965  -1.8132339  -1.4753835   2.5805545  -1.7399836  -1.4679004
   0.05723861]] 
Episode: 1153: [[-1.264014   -1.4198631  -1.4477271  -0.321312   -1.6026231  -1.4704567
   0.29698345 -1.8133112  -1.4753612   2.5806458  -1.740104   -1.467869
   0.05716254]] 
Episode: 1154: [[-1.2639892  -1.419926   -1.4477509  -0.32136858 -1.6027021  -1.4704665
   0.29699573 -1.8133857  -1.4753494   2.5807307  -1.7402167  -1.4678464
   0.05708005]] 
Episode: 1155: [[-1.2639592  -1.419979   -1.4477817  -0.3214334  -1.6027666  -1.4704853
   0.29700902 -1.813437   -1.4753443   2.58081    -1.7402909  -1.4678255
   0.05700818]] 
Episode: 1156: [[-1.2639471  -1.420032   -1.4478163  -0.3214764  -1.6028231  -1.4705176
   0.29704654 -1.81347    -1.4753593   2.5808632  -1.7403457  -1.4678247
   0.05695953]] 
Episode: 1157: [[-1.263915   -1.4200932  -1.4478481  -0.32154787 -1.602903   -1.4705385
   0.29710096 -1.813528   -1.4753621   2.5809348  -1.7404196  -1.4678191
   0.05689521]] 
Episode: 1158: [[-1.2638894  -1.4201481  -1.4478831  -0.32160962 -1.6029779  -1.4705667
   0.2971591  -1.8135779  -1.4753771   2.580995   -1.740489   -1.46783
   0.05684393]] 
Episode: 1159: [[-1.2638621  -1.4201837  -1.4479239  -0.32167694 -1.6030265  -1.4705989
   0.29720682 -1.8136007  -1.4753938   2.5810528  -1.7405192  -1.4678396
   0.05679765]] 
Episode: 1160: [[-1.2638355  -1.4202155  -1.4479702  -0.3217413  -1.6030685  -1.4706348
   0.29725024 -1.8136169  -1.475411    2.5811007  -1.7405413  -1.4678472
   0.05676899]] 
Episode: 1161: [[-1.2638258  -1.4202673  -1.4479666  -0.32175317 -1.6031415  -1.4706367
   0.29727933 -1.8136876  -1.4754153   2.5811257  -1.7406237  -1.4678543
   0.05674596]] 
Episode: 1162: [[-1.2638747  -1.4202956  -1.4477668  -0.32164717 -1.6031636  -1.4704883
   0.2972736  -1.8137703  -1.4753234   2.5810592  -1.7406381  -1.4677947
   0.05674176]] 
Episode: 1163: [[-1.2639341  -1.4203223  -1.4475836  -0.3215336  -1.6031744  -1.4703572
   0.29727855 -1.8138303  -1.4752467   2.5809765  -1.740633   -1.4677469
   0.0567618 ]] 
Episode: 1164: [[-1.2639868  -1.4203343  -1.4474161  -0.3214432  -1.6031847  -1.4702325
   0.2972595  -1.8138992  -1.4751676   2.580928   -1.7406583  -1.4676912
   0.05675358]] 
Episode: 1165: [[-1.2640264  -1.4203506  -1.4472438  -0.32136646 -1.6032038  -1.4700942
   0.29721195 -1.8139843  -1.4750656   2.5809     -1.7406965  -1.4676063
   0.05672796]] 
Episode: 1166: [[-1.264069   -1.4203569  -1.4470891  -0.32129842 -1.6032199  -1.469966
   0.2971581  -1.8140635  -1.4749676   2.580877   -1.740737   -1.467524
   0.05670988]] 
Episode: 1167: [[-1.264126   -1.420353   -1.4469433  -0.3212239  -1.6032332  -1.4698443
   0.2970998  -1.8141371  -1.4748752   2.5808508  -1.7407753  -1.4674461
   0.05670169]] 
Episode: 1168: [[-1.264183   -1.4203538  -1.4468066  -0.3211481  -1.6032511  -1.4697297
   0.29704297 -1.8142116  -1.4747902   2.5808258  -1.7408265  -1.4673787
   0.05669472]] 
Episode: 1169: [[-1.2642499  -1.4203455  -1.4467169  -0.32109743 -1.6032617  -1.4696527
   0.29697067 -1.814265   -1.4747257   2.5808213  -1.7408736  -1.4673167
   0.05670006]] 
Episode: 1170: [[-1.264353   -1.4203261  -1.4466575  -0.32101953 -1.6032499  -1.4696194
   0.29693058 -1.8142807  -1.4747112   2.5807862  -1.740915   -1.467305
   0.0567442 ]] 
Episode: 1171: [[-1.2644482  -1.4203098  -1.4466146  -0.3209601  -1.6032434  -1.4696001
   0.2968979  -1.8142956  -1.4747083   2.5807676  -1.740963   -1.4673055
   0.05677636]] 
Episode: 1172: [[-1.2645323  -1.4203379  -1.4465373  -0.320867   -1.6032802  -1.4695547
   0.29690304 -1.8143483  -1.4746932   2.5807142  -1.7410334  -1.4673064
   0.05682006]] 
Episode: 1173: [[-1.2646072  -1.4203225  -1.4464574  -0.32079777 -1.6032776  -1.4695011
   0.29685673 -1.8143871  -1.4746661   2.580696   -1.7411034  -1.4672921
   0.05682674]] 
Episode: 1174: [[-1.2646748  -1.4202937  -1.4463925  -0.32075226 -1.6032623  -1.4694638
   0.29681578 -1.8144126  -1.4746544   2.5807002  -1.7411764  -1.4672936
   0.0568119 ]] 
Episode: 1175: [[-1.2647204  -1.4202693  -1.446314   -0.32072744 -1.6032563  -1.4694012
   0.29674998 -1.8144568  -1.4746099   2.5807269  -1.7412459  -1.4672613
   0.05677206]] 
Episode: 1176: [[-1.2647468  -1.4202988  -1.4462466  -0.32070574 -1.6033024  -1.469346
   0.29672137 -1.814537   -1.4745696   2.5807586  -1.7413671  -1.467235
   0.05672131]] 
Episode: 1177: [[-1.2647853  -1.4203268  -1.446187   -0.32067692 -1.6033416  -1.4693033
   0.29670027 -1.8145992  -1.4745448   2.5807805  -1.7414594  -1.4672222
   0.05668313]] 
Episode: 1178: [[-1.2648362  -1.4203374  -1.4461399  -0.32064    -1.6033547  -1.4692763
   0.29668292 -1.8146291  -1.4745353   2.5807831  -1.7415149  -1.4672216
   0.05667163]] 
Episode: 1179: [[-1.2648821  -1.4203515  -1.4461012  -0.32060397 -1.6033659  -1.4692578
   0.29668003 -1.814647   -1.4745351   2.5807765  -1.7415493  -1.4672325
   0.0566702 ]] 
Episode: 1180: [[-1.2649325  -1.4203743  -1.446069   -0.32055947 -1.6033795  -1.4692471
   0.29669866 -1.8146595  -1.4745413   2.5807555  -1.7415763  -1.4672458
   0.05668087]] 
Episode: 1181: [[-1.2650319  -1.420371   -1.446044   -0.32046995 -1.6033524  -1.4692587
   0.29672313 -1.8146309  -1.4745798   2.5806944  -1.7415845  -1.4672911
   0.05673393]] 
Episode: 1182: [[-1.2651407  -1.4203645  -1.4460357  -0.32037345 -1.6033212  -1.4692887
   0.29676104 -1.8145876  -1.4746367   2.580619   -1.7415845  -1.4673531
   0.05680928]] 
Episode: 1183: [[-1.2652326  -1.4203491  -1.4460295  -0.32031283 -1.6033087  -1.4693
   0.29674882 -1.8145877  -1.4746609   2.5805972  -1.741645   -1.4673809
   0.05684442]] 
Episode: 1184: [[-1.2653447  -1.4203255  -1.4460337  -0.3202326  -1.6032751  -1.4693283
   0.29675058 -1.8145568  -1.474704    2.5805442  -1.7416753  -1.4674244
   0.05691815]] 
Episode: 1185: [[-1.2654431  -1.4203162  -1.4460598  -0.32017744 -1.6032633  -1.4693706
   0.29675317 -1.8145442  -1.4747539   2.5805242  -1.7417355  -1.4674697
   0.05696233]] 
Episode: 1186: [[-1.2655101  -1.4203036  -1.4460874  -0.3201599  -1.6032567  -1.4694041
   0.29673666 -1.8145407  -1.4747858   2.5805395  -1.7417921  -1.4674933
   0.05697132]] 
Episode: 1187: [[-1.2655836  -1.42024    -1.446085   -0.3201771  -1.6032063  -1.4694108
   0.29666734 -1.8145128  -1.4747905   2.5805907  -1.741806   -1.4674889
   0.0569522 ]] 
Episode: 1188: [[-1.2656398  -1.4201803  -1.4460921  -0.32021466 -1.6031713  -1.4694191
   0.29659116 -1.8145101  -1.4747927   2.5806735  -1.7418641  -1.4674834
   0.05689852]] 
Episode: 1189: [[-1.2656915  -1.4201223  -1.4460952  -0.3202559  -1.603145   -1.4694171
   0.29650745 -1.8145251  -1.4747833   2.5807705  -1.7419454  -1.4674678
   0.0568235 ]] 
Episode: 1190: [[-1.265745   -1.4200629  -1.446095   -0.3202988  -1.6031194  -1.4694105
   0.29640618 -1.8145415  -1.474768    2.5808742  -1.742024   -1.4674441
   0.05674513]] 
Episode: 1191: [[-1.2657729  -1.4200257  -1.4460937  -0.32035822 -1.6031172  -1.469397
   0.29631448 -1.8145736  -1.4747416   2.5809913  -1.7421039  -1.467408
   0.05664585]] 
Episode: 1192: [[-1.2657754  -1.4199599  -1.446068   -0.32044488 -1.6031041  -1.4693418
   0.2961586  -1.8146305  -1.4746598   2.5811486  -1.7422005  -1.4673035
   0.05649978]] 
Episode: 1193: [[-1.265766   -1.4198694  -1.4460753  -0.32057497 -1.6030674  -1.4693104
   0.2960034  -1.8146479  -1.4745916   2.5813282  -1.7422613  -1.4672096
   0.05635102]] 
Episode: 1194: [[-1.2657634  -1.4197785  -1.4460993  -0.32069814 -1.6030198  -1.4693046
   0.29587126 -1.8146354  -1.4745532   2.581485   -1.7422801  -1.4671459
   0.05623227]] 
Episode: 1195: [[-1.2657644  -1.419679   -1.4461204  -0.32082388 -1.6029738  -1.4692907
   0.29572272 -1.8146366  -1.4745069   2.5816534  -1.7423285  -1.4670784
   0.05610561]] 
Episode: 1196: [[-1.2657661  -1.4196124  -1.4461368  -0.32091755 -1.6029484  -1.4692847
   0.29562417 -1.8146435  -1.4744797   2.5817804  -1.7423774  -1.4670383
   0.05600752]] 
Episode: 1197: [[-1.2657812  -1.4195557  -1.4461598  -0.32098898 -1.6029267  -1.4692924
   0.29554978 -1.8146431  -1.4744712   2.5818808  -1.7424233  -1.4670204
   0.05593691]] 
Episode: 1198: [[-1.2658048  -1.4194964  -1.4461807  -0.3210457  -1.6028892  -1.4693072
   0.2954854  -1.8146186  -1.4744738   2.581957   -1.742434   -1.4670118
   0.05589019]] 
Episode: 1199: [[-1.2658321  -1.4194405  -1.446193   -0.32109535 -1.6028632  -1.4693146
   0.29542536 -1.8146075  -1.4744744   2.5820284  -1.7424598  -1.4670084
   0.05584788]] 
Episode: 1200: [[-1.2658521  -1.4194046  -1.4462143  -0.32114378 -1.6028463  -1.4693348
   0.29539272 -1.8145887  -1.4744862   2.5820858  -1.7424728  -1.4670093
   0.05581949]] 
