Episode: 1: [[-2.1730822e-01 -3.6767936e-01 -1.1811147e+00  1.4220968e-01
  -7.8427009e-02  0.0000000e+00 -1.3201498e-02  0.0000000e+00
  -3.6703181e-02 -8.4284991e-03]
 [ 9.8167896e-02 -8.6425975e-02 -1.7199655e+00  9.0693692e-03
  -2.6047589e-02  0.0000000e+00 -3.6031611e-02  0.0000000e+00
   5.0161786e-02 -3.1855801e-04]
 [ 2.8936332e-01  1.8259074e-01 -1.6583862e+00 -1.5058448e-02
  -1.2334770e-01  0.0000000e+00  1.7173601e-04  0.0000000e+00
   5.4163173e-02  2.5862399e-02]
 [ 3.4855306e-01  2.5324085e-01 -1.7560146e+00 -4.1868262e-02
  -1.7231587e-01  0.0000000e+00  1.2139058e-02  0.0000000e+00
  -6.1030831e-02  1.3981465e-01]
 [-1.6106419e-01 -3.6598417e-01  7.8867567e-01  1.6534649e-01
   8.9145355e-02  0.0000000e+00  3.2622367e-02  0.0000000e+00
   4.3697175e-02  6.7340806e-02]] 
Episode: 2: [[-2.1630822e-01 -3.6867934e-01 -1.1821147e+00  1.4320968e-01
  -7.9427004e-02  0.0000000e+00 -1.4201499e-02  0.0000000e+00
  -3.6703181e-02 -9.4284983e-03]
 [ 9.9167898e-02 -8.7425977e-02 -1.7209655e+00  1.0069368e-02
  -2.7047588e-02  0.0000000e+00 -3.7031610e-02  0.0000000e+00
   5.0161786e-02  6.8144116e-04]
 [ 2.9036331e-01  1.8159074e-01 -1.6593863e+00 -1.4058448e-02
  -1.2434770e-01  0.0000000e+00 -8.2826382e-04  0.0000000e+00
   5.4163173e-02  2.6862400e-02]
 [ 3.4955305e-01  2.5224087e-01 -1.7570146e+00 -4.0868267e-02
  -1.7331587e-01  0.0000000e+00  1.1139058e-02  0.0000000e+00
  -6.1030831e-02  1.4081465e-01]
 [-1.6006419e-01 -3.6698416e-01  7.8767568e-01  1.6434649e-01
   9.0145350e-02  0.0000000e+00  3.1622369e-02  0.0000000e+00
   4.3697175e-02  6.8340808e-02]] 
Episode: 3: [[-2.1532641e-01 -3.6820176e-01 -1.1830795e+00  1.4388953e-01
  -7.8726143e-02  0.0000000e+00 -1.5149066e-02  0.0000000e+00
  -3.6703181e-02 -8.7771891e-03]
 [ 1.0012097e-01 -8.7007403e-02 -1.7208996e+00  1.0584491e-02
  -2.6465392e-02  0.0000000e+00 -3.8032927e-02  0.0000000e+00
   5.0161786e-02  1.4493093e-03]
 [ 2.9124177e-01  1.8199673e-01 -1.6590252e+00 -1.3811084e-02
  -1.2377125e-01  0.0000000e+00 -1.8282639e-03  0.0000000e+00
   5.4163173e-02  2.7764872e-02]
 [ 3.5040030e-01  2.5257286e-01 -1.7567432e+00 -4.1554775e-02
  -1.7267638e-01  0.0000000e+00  1.0139057e-02  0.0000000e+00
  -6.1030831e-02  1.4181228e-01]
 [-1.5934283e-01 -3.6791477e-01  7.8720796e-01  1.6335538e-01
   9.0954274e-02  0.0000000e+00  3.0622369e-02  0.0000000e+00
   4.3697175e-02  6.9119833e-02]] 
Episode: 4: [[-0.21434322 -0.3674651  -1.1839907   0.14327386 -0.07795104  0.
  -0.01555895  0.         -0.03670318 -0.00800708]
 [ 0.10109609 -0.08633961 -1.7205061   0.00997007 -0.02572714  0.
  -0.03903542  0.          0.05016179  0.00224908]
 [ 0.29217404  0.18259406 -1.658373   -0.01443832 -0.12304085  0.
  -0.00282826  0.          0.05416317  0.02860989]
 [ 0.35131517  0.25263157 -1.7563874  -0.04224552 -0.17193522  0.
   0.00913906  0.         -0.06103083  0.14277434]
 [-0.1589242  -0.36865595  0.7867718   0.1625719   0.09174304  0.
   0.02962237  0.          0.04369717  0.06954975]] 
Episode: 5: [[-0.21344782 -0.3669472  -1.1848538   0.1427684  -0.07734508  0.
  -0.01544181  0.         -0.03670318 -0.0074973 ]
 [ 0.10200468 -0.08595192 -1.7204891   0.00946874 -0.02517146  0.
  -0.03944055  0.          0.05016179  0.00276763]
 [ 0.29306355  0.18286002 -1.6580139  -0.01494569 -0.12249675  0.
  -0.0032467   0.          0.05416317  0.02915623]
 [ 0.35224548  0.25234646 -1.7563341  -0.04280094 -0.17138468  0.
   0.00872062  0.         -0.06103083  0.14340447]
 [-0.15836369 -0.3693967   0.78613204  0.16187653  0.09234111  0.
   0.02920393  0.          0.04369717  0.06987305]] 
Episode: 6: [[-0.21252616 -0.36705285 -1.1854107   0.14207731 -0.0773702   0.
  -0.01506322  0.         -0.03670318 -0.00681048]
 [ 0.10292198 -0.08613259 -1.720041    0.00878191 -0.02526758  0.
  -0.03949534  0.          0.05016179  0.00345968]
 [ 0.29395214  0.1826026  -1.657414   -0.01563675 -0.12259248  0.
  -0.00331876  0.          0.05416317  0.02986503]
 [ 0.35315967  0.25182056 -1.756053   -0.04351942 -0.171425    0.
   0.00864856  0.         -0.06103083  0.14416137]
 [-0.15801306 -0.36972287  0.7853877   0.16205144  0.09240034  0.
   0.02913187  0.          0.04369717  0.07035114]] 
Episode: 7: [[-0.21157691 -0.3670449  -1.1860167   0.14131276 -0.07756343  0.
  -0.01452761  0.         -0.03670318 -0.00602738]
 [ 0.10385996 -0.08615345 -1.7194546   0.00801314 -0.02553018  0.
  -0.03932089  0.          0.05016179  0.0042464 ]
 [ 0.294823    0.18255633 -1.65671    -0.0164111  -0.12284397  0.
  -0.00316202  0.          0.05416317  0.03066344]
 [ 0.35400122  0.2516662  -1.755768   -0.04432183 -0.1715716   0.
   0.0088053   0.         -0.06103083  0.14499143]
 [-0.15792033 -0.36989376  0.78456545  0.16214259  0.09247851  0.
   0.02906113  0.          0.04369717  0.07069519]] 
Episode: 8: [[-0.21066129 -0.3670084  -1.1866796   0.14050138 -0.07792974  0.
  -0.01388752  0.         -0.03670318 -0.0052519 ]
 [ 0.10475934 -0.0861157  -1.7192131   0.0071984  -0.0259357   0.
  -0.03898553  0.          0.05016179  0.00504142]
 [ 0.295675    0.18254668 -1.6562942  -0.01722875 -0.12322807  0.
  -0.00284365  0.          0.05416317  0.03148611]
 [ 0.35484025  0.25158608 -1.7559094  -0.04514936 -0.17182893  0.
   0.00912367  0.         -0.06103083  0.1458692 ]
 [-0.15789525 -0.37001225  0.783694    0.16251385  0.0925549   0.
   0.0292118   0.          0.04369717  0.07123409]] 
Episode: 9: [[-0.20973563 -0.36678782 -1.1873575   0.13969482 -0.07835895  0.
  -0.01317321  0.         -0.03670318 -0.00447588]
 [ 0.10567068 -0.08588297 -1.7187685   0.00638974 -0.0264168   0.
  -0.03853161  0.          0.05016179  0.00582883]
 [ 0.29652366  0.18272166 -1.6557014  -0.01804551 -0.12368932  0.
  -0.00240559  0.          0.05416317  0.03230458]
 [ 0.35568565  0.25156212 -1.7556505  -0.04597704 -0.17215122  0.
   0.00956173  0.         -0.06103083  0.14672698]
 [-0.15784514 -0.37032032  0.7830075   0.16291323  0.09264514  0.
   0.02942434  0.          0.04369717  0.07153082]] 
Episode: 10: [[-0.20879719 -0.36685413 -1.1881288   0.13891965 -0.07867505  0.
  -0.01240377  0.         -0.03670318 -0.00376144]
 [ 0.1065949  -0.08602894 -1.718827    0.00561121 -0.02676875  0.
  -0.03798712  0.          0.05016179  0.00654796]
 [ 0.2974055   0.18250442 -1.6556206  -0.01883445 -0.12400717  0.
  -0.0018758   0.          0.05416317  0.03304948]
 [ 0.356574    0.25128183 -1.7558805  -0.04678414 -0.17228538  0.
   0.01009152  0.         -0.06103083  0.14753613]
 [-0.15775895 -0.37032267  0.7822373   0.1632227   0.09296934  0.
   0.02946861  0.          0.04369717  0.07184348]] 
Episode: 11: [[-2.07831949e-01 -3.66869360e-01 -1.18892348e+00  1.38306782e-01
  -7.89494067e-02  0.00000000e+00 -1.19266249e-02  0.00000000e+00
  -3.67031805e-02 -3.13947909e-03]
 [ 1.07547455e-01 -8.61129761e-02 -1.71879864e+00  4.98767896e-03
  -2.70938352e-02  0.00000000e+00 -3.76820303e-02  0.00000000e+00
   5.01617864e-02  7.18904845e-03]
 [ 2.98328131e-01  1.82389617e-01 -1.65544820e+00 -1.94725823e-02
  -1.24290459e-01  0.00000000e+00 -1.58088736e-03  0.00000000e+00
   5.41631728e-02  3.37088853e-02]
 [ 3.57499450e-01  2.51193762e-01 -1.75598764e+00 -4.75119352e-02
  -1.72346771e-01  0.00000000e+00  1.03864335e-02  0.00000000e+00
  -6.10308312e-02  1.48270980e-01]
 [-1.57506257e-01 -3.70270729e-01  7.81441450e-01  1.63035721e-01
   9.34294909e-02  0.00000000e+00  2.93303132e-02  0.00000000e+00
   4.36971746e-02  7.21723959e-02]] 
Episode: 12: [[-2.0684601e-01 -3.6676061e-01 -1.1897823e+00  1.3777670e-01
  -7.9284430e-02  0.0000000e+00 -1.1364998e-02  0.0000000e+00
  -3.6703181e-02 -2.5814802e-03]
 [ 1.0852175e-01 -8.6036384e-02 -1.7189449e+00  4.4388366e-03
  -2.7497686e-02  0.0000000e+00 -3.7274476e-02  0.0000000e+00
   5.0161786e-02  7.7511366e-03]
 [ 2.9928181e-01  1.8242933e-01 -1.6554031e+00 -2.0043738e-02
  -1.2466825e-01  0.0000000e+00 -1.1832184e-03  0.0000000e+00
   5.4163173e-02  3.4280866e-02]
 [ 3.5845312e-01  2.5124544e-01 -1.7561457e+00 -4.8225567e-02
  -1.7252323e-01  0.0000000e+00  1.0784103e-02  0.0000000e+00
  -6.1030831e-02  1.4890537e-01]
 [-1.5714373e-01 -3.7031829e-01  7.8071308e-01  1.6261138e-01
   9.3769051e-02  0.0000000e+00  2.9302329e-02  0.0000000e+00
   4.3697175e-02  7.2409853e-02]] 
Episode: 13: [[-2.0595454e-01 -3.6654237e-01 -1.1902646e+00  1.3710922e-01
  -7.9781957e-02  0.0000000e+00 -1.0735466e-02  0.0000000e+00
  -3.6703181e-02 -1.9117428e-03]
 [ 1.0935685e-01 -8.5852481e-02 -1.7187670e+00  3.7535760e-03
  -2.8017079e-02  0.0000000e+00 -3.6783379e-02  0.0000000e+00
   5.0161786e-02  8.4233936e-03]
 [ 3.0006769e-01  1.8257689e-01 -1.6551282e+00 -2.0742405e-02
  -1.2514916e-01  0.0000000e+00 -7.0160918e-04  0.0000000e+00
   5.4163173e-02  3.4958772e-02]
 [ 3.5925087e-01  2.5139666e-01 -1.7561635e+00 -4.9027648e-02
  -1.7274527e-01  0.0000000e+00  1.1265712e-02  0.0000000e+00
  -6.1030831e-02  1.4962436e-01]
 [-1.5693992e-01 -3.7038392e-01  7.7998489e-01  1.6289046e-01
   9.4223775e-02  0.0000000e+00  2.9117553e-02  0.0000000e+00
   4.3697175e-02  7.2339907e-02]] 
Episode: 14: [[-2.05043003e-01 -3.66297692e-01 -1.19085789e+00  1.36522487e-01
  -8.03064182e-02  0.00000000e+00 -1.00504747e-02  0.00000000e+00
  -3.67031805e-02 -1.28570199e-03]
 [ 1.10231265e-01 -8.56170654e-02 -1.71877253e+00  3.14762583e-03
  -2.85840258e-02  0.00000000e+00 -3.62232216e-02  0.00000000e+00
   5.01617864e-02  9.05815419e-03]
 [ 3.00899625e-01  1.82793736e-01 -1.65501499e+00 -2.13634148e-02
  -1.25691891e-01  0.00000000e+00 -1.50493259e-04  0.00000000e+00
   5.41631728e-02  3.56047042e-02]
 [ 3.60098183e-01  2.51672238e-01 -1.75630713e+00 -4.97820079e-02
  -1.73063844e-01  0.00000000e+00  1.18168276e-02  0.00000000e+00
  -6.10308312e-02  1.50320485e-01]
 [-1.56597853e-01 -3.70360613e-01  7.79218435e-01  1.63040161e-01
   9.45611522e-02  0.00000000e+00  2.91125812e-02  0.00000000e+00
   4.36971746e-02  7.23671541e-02]] 
Episode: 15: [[-2.04166397e-01 -3.66095990e-01 -1.19141185e+00  1.35992393e-01
  -8.08215439e-02  0.00000000e+00 -9.31959879e-03  0.00000000e+00
  -3.67031805e-02 -7.33636960e-04]
 [ 1.11095026e-01 -8.54331553e-02 -1.71875107e+00  2.60032108e-03
  -2.91526392e-02  0.00000000e+00 -3.56053188e-02  0.00000000e+00
   5.01617864e-02  9.61889233e-03]
 [ 3.01738411e-01  1.82957828e-01 -1.65486479e+00 -2.19233688e-02
  -1.26245335e-01  0.00000000e+00  4.58826136e-04  0.00000000e+00
   5.41631728e-02  3.61834392e-02]
 [ 3.60984623e-01  2.51863807e-01 -1.75635409e+00 -5.04618436e-02
  -1.73434451e-01  0.00000000e+00  1.24261472e-02  0.00000000e+00
  -6.10308312e-02  1.50957495e-01]
 [-1.56115547e-01 -3.70367289e-01  7.78500557e-01  1.63165271e-01
   9.47626457e-02  0.00000000e+00  2.92546675e-02  0.00000000e+00
   4.36971746e-02  7.24672675e-02]] 
Episode: 16: [[-2.0332064e-01 -3.6598980e-01 -1.1919259e+00  1.3551061e-01
  -8.1316322e-02  0.0000000e+00 -8.5503561e-03  0.0000000e+00
  -3.6703181e-02 -2.5329753e-04]
 [ 1.1194803e-01 -8.5379250e-02 -1.7186906e+00  2.1023909e-03
  -2.9709503e-02  0.0000000e+00 -3.4938667e-02  0.0000000e+00
   5.0161786e-02  1.0124727e-02]
 [ 3.0257311e-01  1.8297668e-01 -1.6546799e+00 -2.2434607e-02
  -1.2679152e-01  0.0000000e+00  1.1173429e-03  0.0000000e+00
   5.4163173e-02  3.6727596e-02]
 [ 3.6188635e-01  2.5182286e-01 -1.7563223e+00 -5.1090077e-02
  -1.7382187e-01  0.0000000e+00  1.3084664e-02  0.0000000e+00
  -6.1030831e-02  1.5163064e-01]
 [-1.5556499e-01 -3.7047991e-01  7.7787775e-01  1.6326393e-01
   9.4894819e-02  0.0000000e+00  2.9518593e-02  0.0000000e+00
   4.3697175e-02  7.2808623e-02]] 
Episode: 17: [[-2.0244981e-01 -3.6579421e-01 -1.1925036e+00  1.3507576e-01
  -8.1875935e-02  0.0000000e+00 -7.7487458e-03  0.0000000e+00
  -3.6703181e-02  1.5466810e-04]
 [ 1.1283280e-01 -8.5225135e-02 -1.7187371e+00  1.6431642e-03
  -3.0328643e-02  0.0000000e+00 -3.4230530e-02  0.0000000e+00
   5.0161786e-02  1.0551635e-02]
 [ 3.0343753e-01  1.8310128e-01 -1.6545924e+00 -2.2908710e-02
  -1.2740253e-01  0.0000000e+00  1.8177750e-03  0.0000000e+00
   5.4163173e-02  3.7182357e-02]
 [ 3.6281297e-01  2.5188819e-01 -1.7563648e+00 -5.1714282e-02
  -1.7425692e-01  0.0000000e+00  1.3785096e-02  0.0000000e+00
  -6.1030831e-02  1.5222399e-01]
 [-1.5497224e-01 -3.7065762e-01  7.7723622e-01  1.6326252e-01
   9.5083252e-02  0.0000000e+00  2.9612087e-02  0.0000000e+00
   4.3697175e-02  7.3129363e-02]] 
Episode: 18: [[-2.0163429e-01 -3.6551857e-01 -1.1930658e+00  1.3468696e-01
  -8.2351960e-02  0.0000000e+00 -7.1715950e-03  0.0000000e+00
  -3.6703181e-02  6.4247433e-04]
 [ 1.1367150e-01 -8.4975399e-02 -1.7187250e+00  1.2335476e-03
  -3.0883376e-02  0.0000000e+00 -3.3728417e-02  0.0000000e+00
   5.0161786e-02  1.1073397e-02]
 [ 3.0422714e-01  1.8334982e-01 -1.6544158e+00 -2.3331657e-02
  -1.2796269e-01  0.0000000e+00  2.3141294e-03  0.0000000e+00
   5.4163173e-02  3.7740968e-02]
 [ 3.6365372e-01  2.5213057e-01 -1.7562422e+00 -5.2284535e-02
  -1.7467396e-01  0.0000000e+00  1.4281451e-02  0.0000000e+00
  -6.1030831e-02  1.5290758e-01]
 [-1.5434963e-01 -3.7082908e-01  7.7664346e-01  1.6323332e-01
   9.5204718e-02  0.0000000e+00  2.9561508e-02  0.0000000e+00
   4.3697175e-02  7.3475383e-02]] 
Episode: 19: [[-2.00840220e-01 -3.65093172e-01 -1.19348419e+00  1.34205654e-01
  -8.28614160e-02  0.00000000e+00 -6.54063933e-03  0.00000000e+00
  -3.67031805e-02  1.19682960e-03]
 [ 1.14455424e-01 -8.45600143e-02 -1.71849251e+00  7.25525373e-04
  -3.14697623e-02  0.00000000e+00 -3.31671722e-02  0.00000000e+00
   5.01617864e-02  1.16613498e-02]
 [ 3.04939985e-01  1.83761939e-01 -1.65401328e+00 -2.38607116e-02
  -1.28565237e-01  0.00000000e+00  2.86974292e-03  0.00000000e+00
   5.41631728e-02  3.83660085e-02]
 [ 3.64392459e-01  2.52466768e-01 -1.75588644e+00 -5.29419482e-02
  -1.75130025e-01  0.00000000e+00  1.48370638e-02  0.00000000e+00
  -6.10308312e-02  1.53630421e-01]
 [-1.53864250e-01 -3.71189833e-01  7.76103497e-01  1.63313925e-01
   9.53165591e-02  0.00000000e+00  2.93882266e-02  0.00000000e+00
   4.36971746e-02  7.37022236e-02]] 
Episode: 20: [[-2.00030804e-01 -3.64760369e-01 -1.19392419e+00  1.33775890e-01
  -8.33956674e-02  0.00000000e+00 -5.86332893e-03  0.00000000e+00
  -3.67031805e-02  1.71531609e-03]
 [ 1.15260959e-01 -8.42435658e-02 -1.71829164e+00  2.70606717e-04
  -3.20861936e-02  0.00000000e+00 -3.25546972e-02  0.00000000e+00
   5.01617864e-02  1.22369975e-02]
 [ 3.05692911e-01  1.84066877e-01 -1.65364087e+00 -2.43355408e-02
  -1.29200220e-01  0.00000000e+00  3.47673567e-03  0.00000000e+00
   5.41631728e-02  3.89956273e-02]
 [ 3.65168184e-01  2.52684176e-01 -1.75556052e+00 -5.35564274e-02
  -1.75631091e-01  0.00000000e+00  1.54167870e-02  0.00000000e+00
  -6.10308312e-02  1.54401526e-01]
 [-1.53410524e-01 -3.71506721e-01  7.75624990e-01  1.63328797e-01
   9.53722671e-02  0.00000000e+00  2.91097742e-02  0.00000000e+00
   4.36971746e-02  7.41500482e-02]] 
Episode: 21: [[-1.99231029e-01 -3.64459544e-01 -1.19438505e+00  1.33388966e-01
  -8.38780105e-02  0.00000000e+00 -5.23628527e-03  0.00000000e+00
  -3.67031805e-02  2.19869521e-03]
 [ 1.16074406e-01 -8.39610398e-02 -1.71814752e+00 -1.37904935e-04
  -3.26531455e-02  0.00000000e+00 -3.19989994e-02  0.00000000e+00
   5.01617864e-02  1.27825355e-02]
 [ 3.06468993e-01  1.84341609e-01 -1.65333796e+00 -2.47621015e-02
  -1.29785568e-01  0.00000000e+00  4.02937504e-03  0.00000000e+00
   5.41631728e-02  3.96010578e-02]
 [ 3.65992755e-01  2.52893984e-01 -1.75532675e+00 -5.41137010e-02
  -1.76094562e-01  0.00000000e+00  1.58791244e-02  0.00000000e+00
  -6.10308312e-02  1.55163363e-01]
 [-1.52861878e-01 -3.71788949e-01  7.75016904e-01  1.63325474e-01
   9.54279304e-02  0.00000000e+00  2.87587289e-02  0.00000000e+00
   4.36971746e-02  7.46584013e-02]] 
Episode: 22: [[-1.9847704e-01 -3.6413148e-01 -1.1947238e+00  1.3303743e-01
  -8.4254362e-02  0.0000000e+00 -4.8014745e-03  0.0000000e+00
  -3.6703181e-02  2.6475575e-03]
 [ 1.1685965e-01 -8.3642751e-02 -1.7178786e+00 -5.0715031e-04
  -3.3111174e-02  0.0000000e+00 -3.1622179e-02  0.0000000e+00
   5.0161786e-02  1.3280025e-02]
 [ 3.0721799e-01  1.8465075e-01 -1.6529282e+00 -2.5148047e-02
  -1.3025947e-01  0.0000000e+00  4.4042496e-03  0.0000000e+00
   5.4163173e-02  4.0151399e-02]
 [ 3.6680621e-01  2.5311109e-01 -1.7549390e+00 -5.4614123e-02
  -1.7647095e-01  0.0000000e+00  1.6173076e-02  0.0000000e+00
  -6.1030831e-02  1.5583101e-01]
 [-1.5226720e-01 -3.7213659e-01  7.7469069e-01  1.6332717e-01
   9.5461600e-02  0.0000000e+00  2.8328352e-02  0.0000000e+00
   4.3697175e-02  7.5053379e-02]] 
Episode: 23: [[-1.9780351e-01 -3.6379048e-01 -1.1948568e+00  1.3256691e-01
  -8.4776729e-02  0.0000000e+00 -4.2980989e-03  0.0000000e+00
  -3.6703181e-02  3.1730258e-03]
 [ 1.1753080e-01 -8.3285645e-02 -1.7174252e+00 -1.0074987e-03
  -3.3714019e-02  0.0000000e+00 -3.1173490e-02  0.0000000e+00
   5.0161786e-02  1.3846014e-02]
 [ 3.0781785e-01  1.8498503e-01 -1.6523588e+00 -2.5675507e-02
  -1.3088454e-01  0.0000000e+00  4.8507131e-03  0.0000000e+00
   5.4163173e-02  4.0772747e-02]
 [ 3.6744815e-01  2.5330800e-01 -1.7543977e+00 -5.5238433e-02
  -1.7702681e-01  0.0000000e+00  1.6548278e-02  0.0000000e+00
  -6.1030831e-02  1.5653944e-01]
 [-1.5184964e-01 -3.7258419e-01  7.7453709e-01  1.6346297e-01
   9.5255822e-02  0.0000000e+00  2.8067898e-02  0.0000000e+00
   4.3697175e-02  7.5334013e-02]] 
Episode: 24: [[-1.9712363e-01 -3.6352038e-01 -1.1950321e+00  1.3214305e-01
  -8.5261844e-02  0.0000000e+00 -3.7944876e-03  0.0000000e+00
  -3.6703181e-02  3.6605468e-03]
 [ 1.1822205e-01 -8.3020195e-02 -1.7170408e+00 -1.4566752e-03
  -3.4282383e-02  0.0000000e+00 -3.0716697e-02  0.0000000e+00
   5.0161786e-02  1.4376740e-02]
 [ 3.0845869e-01  1.8520433e-01 -1.6518500e+00 -2.6148072e-02
  -1.3147736e-01  0.0000000e+00  5.3135497e-03  0.0000000e+00
   5.4163173e-02  4.1362379e-02]
 [ 3.6815333e-01  2.5331610e-01 -1.7539089e+00 -5.5800799e-02
  -1.7756328e-01  0.0000000e+00  1.6927987e-02  0.0000000e+00
  -6.1030831e-02  1.5722115e-01]
 [-1.5135196e-01 -3.7310022e-01  7.7432233e-01  1.6356528e-01
   9.5038533e-02  0.0000000e+00  2.7775593e-02  0.0000000e+00
   4.3697175e-02  7.5679854e-02]] 
Episode: 25: [[-0.19640692 -0.36319306 -1.195333    0.13180281 -0.08561744  0.
  -0.00346459  0.         -0.03670318  0.0041979 ]
 [ 0.11895411 -0.08268189 -1.7167721  -0.00181632 -0.03472869  0.
  -0.03042398  0.          0.05016179  0.01495828]
 [ 0.30914652  0.18550585 -1.6514353  -0.02652656 -0.13195205  0.
   0.00561252  0.          0.05416317  0.04200568]
 [ 0.36889556  0.25341594 -1.753482   -0.05630218 -0.17798951  0.
   0.01715181  0.         -0.06103083  0.15793426]
 [-0.15084347 -0.37357676  0.77417415  0.1635325   0.09488522  0.
   0.02739676  0.          0.04369717  0.07601842]] 
Episode: 26: [[-0.19570157 -0.36284262 -1.1956632   0.13153282 -0.08580095  0.
  -0.00328717  0.         -0.03670318  0.00478129]
 [ 0.11968365 -0.08232366 -1.7165155  -0.0020967  -0.03500186  0.
  -0.03027571  0.          0.05016179  0.01558529]
 [ 0.30981544  0.18583737 -1.6510398  -0.02681928 -0.13224587  0.
   0.00576715  0.          0.05416317  0.04269694]
 [ 0.3696078   0.2535587  -1.7530369  -0.05671591 -0.1782574   0.
   0.01723843  0.         -0.06103083  0.15868112]
 [-0.15030967 -0.3740875   0.7741735   0.16345389  0.09476329  0.
   0.0269422   0.          0.04369717  0.07628684]] 
Episode: 27: [[-0.19494024 -0.36246228 -1.1960764   0.13133004 -0.08558716  0.
  -0.0032439   0.         -0.03670318  0.00535633]
 [ 0.12047797 -0.08195718 -1.716333   -0.00230827 -0.03485864  0.
  -0.03025487  0.          0.05016179  0.01620083]
 [ 0.31054813  0.1861993  -1.6507218  -0.02704488 -0.13210675  0.
   0.00579435  0.          0.05416317  0.0433797 ]
 [ 0.37037668  0.2537309  -1.7526469  -0.05710493 -0.1781411   0.
   0.01720403  0.         -0.06103083  0.15942514]
 [-0.149686   -0.37467155  0.7742484   0.16326882  0.09469287  0.
   0.02642119  0.          0.04369717  0.07653409]] 
Episode: 28: [[-0.19425207 -0.36214754 -1.1964461   0.13113372 -0.08533587  0.
  -0.00331893  0.         -0.03670318  0.00596351]
 [ 0.12119748 -0.08166795 -1.7161126  -0.00250979 -0.03466817  0.
  -0.03034671  0.          0.05016179  0.0168549 ]
 [ 0.31120566  0.18648311 -1.650382   -0.02726394 -0.13191253  0.
   0.00570885  0.          0.05416317  0.04410684]
 [ 0.3710623   0.25384215 -1.7522618  -0.05746059 -0.17795512  0.
   0.01706267  0.         -0.06103083  0.16020885]
 [-0.14914574 -0.3752019   0.77427644  0.16313985  0.09471268  0.
   0.02584174  0.          0.04369717  0.0767893 ]] 
Episode: 29: [[-0.19351317 -0.3617945  -1.1968431   0.13100873 -0.08497951  0.
  -0.00349847  0.         -0.03670318  0.00659247]
 [ 0.12197068 -0.0813613  -1.7158519  -0.00263795 -0.0343697   0.
  -0.03053831  0.          0.05016179  0.01752185]
 [ 0.31190217  0.18686889 -1.6500058  -0.02740665 -0.13159887  0.
   0.00552349  0.          0.05416317  0.04484984]
 [ 0.37177902  0.25415784 -1.7518657  -0.05778042 -0.17762494  0.
   0.0168266   0.         -0.06103083  0.16100551]
 [-0.14860815 -0.37569693  0.77422696  0.16290791  0.09490847  0.
   0.02521082  0.          0.04369717  0.07689991]] 
Episode: 30: [[-0.19276367 -0.36151227 -1.1972995   0.13090558 -0.08463395  0.
  -0.0037705   0.         -0.03670318  0.00714998]
 [ 0.12275763 -0.08112831 -1.7157406  -0.00274023 -0.03407413  0.
  -0.0308184   0.          0.05016179  0.01811619]
 [ 0.3126396   0.18716358 -1.649786   -0.02752119 -0.13128771  0.
   0.00524953  0.          0.05416317  0.04552104]
 [ 0.3725507   0.25438502 -1.7516732  -0.05806641 -0.17729105  0.
   0.01650656  0.         -0.06103083  0.16176035]
 [-0.14805034 -0.37614024  0.77397794  0.16266128  0.09514376  0.
   0.02453447  0.          0.04369717  0.07710662]] 
Episode: 31: [[-0.19199565 -0.36114937 -1.1977643   0.13082615 -0.08429318  0.
  -0.00412449  0.         -0.03670318  0.00770408]
 [ 0.12357239 -0.0808094  -1.7156482  -0.00281746 -0.03378687  0.
  -0.03117708  0.          0.05016179  0.01870453]
 [ 0.31340963  0.1875443  -1.6495851  -0.02760922 -0.13098775  0.
   0.00489684  0.          0.05416317  0.04618043]
 [ 0.3733579   0.25468084 -1.7515093  -0.05833229 -0.17697261  0.
   0.01611195  0.         -0.06103083  0.16248292]
 [-0.14744687 -0.37661427  0.7736429   0.16238296  0.09536413  0.
   0.02384601  0.          0.04369717  0.07723165]] 
Episode: 32: [[-0.1912571  -0.36080253 -1.198157    0.13072954 -0.08407997  0.
  -0.00433082  0.         -0.03670318  0.00825337]
 [ 0.12434918 -0.0804862  -1.7154684  -0.00292149 -0.03362302  0.
  -0.03139054  0.          0.05016179  0.01928893]
 [ 0.31415746  0.18791682 -1.649292   -0.0277276  -0.13081618  0.
   0.00468815  0.          0.05416317  0.04684228]
 [ 0.37412146  0.25497484 -1.7512586  -0.05863837 -0.17674942  0.
   0.01586657  0.         -0.06103083  0.16319402]
 [-0.14697796 -0.37700108  0.7733907   0.16210704  0.09563867  0.
   0.02312483  0.          0.04369717  0.07733474]] 
Episode: 33: [[-0.19053997 -0.36041787 -1.1986378   0.1306432  -0.08391838  0.
  -0.00440587  0.         -0.03670318  0.00879547]
 [ 0.1250935  -0.08010838 -1.7154177  -0.00302118 -0.03351981  0.
  -0.03147467  0.          0.05016179  0.01986642]
 [ 0.314866    0.1883395  -1.6491102  -0.02784288 -0.13071543  0.
   0.00460775  0.          0.05416317  0.04749586]
 [ 0.37482798  0.25529253 -1.751117   -0.05894085 -0.17661363  0.
   0.01575407  0.         -0.06103083  0.16387896]
 [-0.14657627 -0.37744382  0.77311033  0.16182713  0.09580937  0.
   0.02250037  0.          0.04369717  0.07742093]] 
Episode: 34: [[-0.18976733 -0.3600063  -1.1992468   0.1305992  -0.08371996  0.
  -0.00458202  0.         -0.03670318  0.00930182]
 [ 0.12589982 -0.07969483 -1.715526   -0.00306906 -0.0333804   0.
  -0.03165656  0.          0.05016179  0.02040681]
 [ 0.31564355  0.18881728 -1.6490893  -0.0279031  -0.13057601  0.
   0.00442969  0.          0.05416317  0.04811172]
 [ 0.37559348  0.25572655 -1.7511026  -0.05922054 -0.17642312  0.
   0.01554658  0.         -0.06103083  0.1645434 ]
 [-0.14611971 -0.3777943   0.7728327   0.16145313  0.09607989  0.
   0.02182866  0.          0.04369717  0.07754371]] 
Episode: 35: [[-0.18897797 -0.35949227 -1.1998371   0.13058197 -0.0834479   0.
  -0.0048482   0.         -0.03670318  0.00980193]
 [ 0.12673193 -0.07920144 -1.7155592  -0.0030819  -0.03316173  0.
  -0.03192565  0.          0.05016179  0.02093831]
 [ 0.31643105  0.18942526 -1.6490264  -0.027929   -0.13034417  0.
   0.00416447  0.          0.05416317  0.04873113]
 [ 0.3763518   0.2563195  -1.7510779  -0.05948084 -0.17612723  0.
   0.01525437  0.         -0.06103083  0.16524723]
 [-0.14571789 -0.37827638  0.7725224   0.16104361  0.0964434   0.
   0.02111509  0.          0.04369717  0.07760323]] 
Episode: 36: [[-0.18821147 -0.35892022 -1.2003945   0.13058512 -0.08324949  0.
  -0.00502376  0.         -0.03670318  0.01030579]
 [ 0.1275251  -0.07865112 -1.7155391  -0.0030795  -0.0330289   0.
  -0.03209304  0.          0.05016179  0.02147594]
 [ 0.3171759   0.19009613 -1.6488951  -0.02793384 -0.13020523  0.
   0.00403186  0.          0.05416317  0.04935613]
 [ 0.37703907  0.25693294 -1.7509732  -0.05973806 -0.1759225   0.
   0.0150865   0.         -0.06103083  0.16594903]
 [-0.14542045 -0.3788543   0.77229685  0.16060403  0.09676168  0.
   0.02044358  0.          0.04369717  0.07762241]] 
Episode: 37: [[-0.1874331  -0.3583871  -1.2009742   0.13060488 -0.08305445  0.
  -0.00528967  0.         -0.03670318  0.01079561]
 [ 0.12833302 -0.07813556 -1.7155749  -0.00305536 -0.03290019  0.
  -0.03234925  0.          0.05016179  0.02200906]
 [ 0.31794682  0.19073093 -1.6488128  -0.0279145  -0.13007301  0.
   0.00380804  0.          0.05416317  0.04997964]
 [ 0.37776628  0.257535   -1.7509418  -0.05996922 -0.17572561  0.
   0.01483016  0.         -0.06103083  0.16667408]
 [-0.14506398 -0.37935677  0.7718877   0.1601465   0.09708871  0.
   0.01972934  0.          0.04369717  0.07773948]] 
Episode: 38: [[-0.18677303 -0.35776865 -1.2012945   0.1305847  -0.08292811  0.
  -0.00541986  0.         -0.03670318  0.01132734]
 [ 0.12900963 -0.0775204  -1.7153327  -0.003082   -0.03284224  0.
  -0.03247331  0.          0.05016179  0.02258792]
 [ 0.3185508   0.19144325 -1.6484771  -0.02795019 -0.1300118   0.
   0.00371175  0.          0.05416317  0.05065052]
 [ 0.37827742  0.25809938 -1.7506614  -0.06020965 -0.17559583  0.
   0.01470567  0.         -0.06103083  0.1674232 ]
 [-0.14489092 -0.38002512  0.77164185  0.1598138   0.09737282  0.
   0.01902315  0.          0.04369717  0.0778235 ]] 
Episode: 39: [[-0.18622747 -0.35719252 -1.201732    0.13050605 -0.08292936  0.
  -0.00542885  0.         -0.03670318  0.0118548 ]
 [ 0.1295518  -0.0769194  -1.7153202  -0.00319801 -0.03289447  0.
  -0.0324792   0.          0.05016179  0.0231593 ]
 [ 0.31900018  0.19209361 -1.6483877  -0.0280962  -0.13007389  0.
   0.0037296   0.          0.05416317  0.05130949]
 [ 0.378656    0.25856006 -1.7506739  -0.06050894 -0.17556383  0.
   0.0146991   0.         -0.06103083  0.1681221 ]
 [-0.14485958 -0.38067448  0.7713927   0.15964994  0.09766351  0.
   0.01827741  0.          0.04369717  0.07772961]] 
Episode: 40: [[-0.18566552 -0.35650226 -1.2022449   0.13049324 -0.08273675  0.
  -0.0055443   0.         -0.03670318  0.01241475]
 [ 0.13010465 -0.07617822 -1.7153969  -0.00323579 -0.03273111  0.
  -0.03258963  0.          0.05016179  0.02376659]
 [ 0.3194535   0.19288214 -1.6484003  -0.02814707 -0.12991047  0.
   0.00364161  0.          0.05416317  0.05200721]
 [ 0.3790121   0.25913703 -1.7507933  -0.06074112 -0.17532976  0.
   0.01458834  0.         -0.06103083  0.16884792]
 [-0.14489786 -0.3814145   0.77119875  0.15938236  0.09797739  0.
   0.01749655  0.          0.04369717  0.0776263 ]] 
Episode: 41: [[-0.18510671 -0.35583675 -1.202765    0.13049014 -0.08255605  0.
  -0.00575493  0.         -0.03670318  0.01296644]
 [ 0.13065986 -0.07545682 -1.7154964  -0.00325884 -0.03258391  0.
  -0.03279362  0.          0.05016179  0.02436992]
 [ 0.31992134  0.19364949 -1.6484324  -0.02817962 -0.12976618  0.
   0.00345883  0.          0.05416317  0.05270048]
 [ 0.37939462  0.25971785 -1.7509259  -0.06094074 -0.17512535  0.
   0.01438431  0.         -0.06103083  0.16956258]
 [-0.14488877 -0.38209698  0.77093667  0.15911654  0.09825139  0.
   0.01668452  0.          0.04369717  0.07756056]] 
Episode: 42: [[-0.18470363 -0.35525087 -1.2029916   0.13043565 -0.08233791  0.
  -0.00594985  0.         -0.03670318  0.01351911]
 [ 0.13107567 -0.07480879 -1.7153258  -0.00333505 -0.03237868  0.
  -0.03306573  0.          0.05016179  0.02497851]
 [ 0.32024845  0.19434339 -1.6482291  -0.02828436 -0.12954487  0.
   0.0031911   0.          0.05416317  0.05340087]
 [ 0.37966073  0.26027521 -1.7508589  -0.06112306 -0.17484479  0.
   0.01409672  0.         -0.06103083  0.17022324]
 [-0.14497384 -0.38265562  0.77075785  0.15907125  0.09853955  0.
   0.01584482  0.          0.04369717  0.07732111]] 
Episode: 43: [[-0.18428837 -0.35473907 -1.203205    0.13038762 -0.08213599  0.
  -0.00601683  0.         -0.03670318  0.01399586]
 [ 0.13151477 -0.074251   -1.7151458  -0.00340123 -0.03219298  0.
  -0.03320528  0.          0.05016179  0.02550695]
 [ 0.32062158  0.19494027 -1.6480058  -0.02837506 -0.12934415  0.
   0.00305396  0.          0.05416317  0.05401635]
 [ 0.3800091   0.26072994 -1.7507328  -0.06128104 -0.17458786  0.
   0.01394259  0.         -0.06103083  0.17082915]
 [-0.14494415 -0.38317752  0.7706514   0.15902337  0.09882002  0.
   0.01513021  0.          0.04369717  0.07720724]] 
Episode: 44: [[-0.18389611 -0.35427675 -1.2034116   0.13030697 -0.0821984   0.
  -0.00596934  0.         -0.03670318  0.01447353]
 [ 0.13192412 -0.0737518  -1.7149816  -0.0035179  -0.0322901   0.
  -0.03322604  0.          0.05016179  0.02603439]
 [ 0.3209772   0.1954824  -1.6477889  -0.02852171 -0.12944894  0.
   0.00303394  0.          0.05416317  0.05463463]
 [ 0.38031968  0.26114663 -1.7505993  -0.06152219 -0.17457694  0.
   0.01390808  0.         -0.06103083  0.17141628]
 [-0.14499637 -0.38364545  0.77064824  0.15897213  0.09921198  0.
   0.01456693  0.          0.04369717  0.07702158]] 
Episode: 45: [[-0.18349965 -0.35373092 -1.2036259   0.13025995 -0.08217955  0.
  -0.00603403  0.         -0.03670318  0.01496005]
 [ 0.13233876 -0.07316858 -1.7147857  -0.00359143 -0.03231086  0.
  -0.03334907  0.          0.05016179  0.02657265]
 [ 0.32131466  0.19613084 -1.6475369  -0.02861525 -0.12947388  0.
   0.00291293  0.          0.05416317  0.05526448]
 [ 0.3806036   0.2616486  -1.7504356  -0.06172865 -0.17450206  0.
   0.0137733   0.         -0.06103083  0.17201227]
 [-0.14501245 -0.38422033  0.77063835  0.15886274  0.09956568  0.
   0.01394917  0.          0.04369717  0.07680208]] 
Episode: 46: [[-0.18326601 -0.3531335  -1.2038507   0.13001215 -0.08247538  0.
  -0.00598505  0.         -0.03670318  0.01561305]
 [ 0.13257791 -0.07253023 -1.714641   -0.00391277 -0.03265814  0.
  -0.0333554   0.          0.05016179  0.02726253]
 [ 0.32144386  0.19683109 -1.6473693  -0.02899968 -0.12984943  0.
   0.00290705  0.          0.05416317  0.05601859]
 [ 0.38075268  0.2620381  -1.7503747  -0.06215402 -0.17474723  0.
   0.01375581  0.         -0.06103083  0.17271733]
 [-0.14502417 -0.38498288  0.7706363   0.15908241  0.10001394  0.
   0.01328287  0.          0.04369717  0.07625963]] 
Episode: 47: [[-0.1829802  -0.3526062  -1.204102    0.1298165  -0.08257411  0.
  -0.00604789  0.         -0.03670318  0.01624295]
 [ 0.1328819  -0.07198801 -1.7145315  -0.00416155 -0.03278395  0.
  -0.03346512  0.          0.05016179  0.02794148]
 [ 0.32165548  0.1974444  -1.6472312  -0.02930517 -0.12999217  0.
   0.00279902  0.          0.05416317  0.05676498]
 [ 0.38102156  0.26238197 -1.750298   -0.06250123 -0.17473532  0.
   0.01363663  0.         -0.06103083  0.17345086]
 [-0.14484036 -0.38571048  0.7707217   0.15924835  0.10062076  0.
   0.0125733   0.          0.04369717  0.07583835]] 
Episode: 48: [[-0.18271092 -0.35203904 -1.2044004   0.12968104 -0.08256204  0.
  -0.00621091  0.         -0.03670318  0.01690701]
 [ 0.13315956 -0.07138944 -1.7144741  -0.00433244 -0.03279259  0.
  -0.0336676   0.          0.05016179  0.02866708]
 [ 0.32184207  0.1981279  -1.6471392  -0.02951466 -0.13001356  0.
   0.0025993   0.          0.05416317  0.05756501]
 [ 0.38124913  0.26283193 -1.7502534  -0.06277017 -0.17462207  0.
   0.01342622  0.         -0.06103083  0.17422593]
 [-0.14468805 -0.38639918  0.7708465   0.15932463  0.10117841  0.
   0.01182517  0.          0.04369717  0.07542749]] 
Episode: 49: [[-0.18236232 -0.35145742 -1.2047703   0.12958404 -0.08254763  0.
  -0.00646372  0.         -0.03670318  0.01753908]
 [ 0.13352437 -0.07076548 -1.7144761  -0.00445488 -0.03280912  0.
  -0.0339533   0.          0.05016179  0.02935903]
 [ 0.3221223   0.19883756 -1.6470901  -0.02966645 -0.13004546  0.
   0.00231724  0.          0.05416317  0.05833268]
 [ 0.38156748  0.2633527  -1.7502544  -0.06300682 -0.17453195  0.
   0.01313392  0.         -0.06103083  0.17496645]
 [-0.14446196 -0.3870273   0.7708113   0.15930381  0.10169511  0.
   0.01105598  0.          0.04369717  0.07505158]] 
Episode: 50: [[-0.1820105  -0.3509554  -1.2050534   0.12946278 -0.08259974  0.
  -0.00658464  0.         -0.03670318  0.01809342]
 [ 0.13388763 -0.07024795 -1.7143767  -0.00461074 -0.03290301  0.
  -0.0341065   0.          0.05016179  0.02996755]
 [ 0.3223919   0.19943447 -1.6469136  -0.02985021 -0.13016078  0.
   0.00216605  0.          0.05416317  0.05900908]
 [ 0.38183498  0.26380336 -1.750094   -0.063291   -0.17453858  0.
   0.01297421  0.         -0.06103083  0.17564707]
 [-0.14430852 -0.38754016  0.7708619   0.15928707  0.10213381  0.
   0.01025446  0.          0.04369717  0.07473325]] 
Episode: 51: [[-0.18164916 -0.3504626  -1.2053773   0.12935469 -0.08268     0.
  -0.00658728  0.         -0.03670318  0.01861647]
 [ 0.13425414 -0.06973598 -1.7143428  -0.00475288 -0.03303047  0.
  -0.03414075  0.          0.05016179  0.03054425]
 [ 0.32267928  0.20002241 -1.646798   -0.03001363 -0.1303139   0.
   0.00213241  0.          0.05416317  0.05964967]
 [ 0.38211048  0.26421887 -1.7499965  -0.0635618  -0.17459719  0.
   0.01293356  0.         -0.06103083  0.17630148]
 [-0.14418481 -0.3880751   0.7708782   0.15924218  0.10249943  0.
   0.00959248  0.          0.04369717  0.07447064]] 
Episode: 52: [[-0.18124779 -0.3499313  -1.2057495   0.12927632 -0.08281233  0.
  -0.00648384  0.         -0.03670318  0.01912837]
 [ 0.13466    -0.06918659 -1.7142967  -0.0048582  -0.03323548  0.
  -0.03406819  0.          0.05016179  0.03111438]
 [ 0.3229914   0.20066163 -1.6466532  -0.03013305 -0.13055098  0.
   0.00220437  0.          0.05416317  0.06028777]
 [ 0.382382    0.26466024 -1.7498286  -0.0638147  -0.17477274  0.
   0.01299985  0.         -0.06103083  0.17696078]
 [-0.14408442 -0.38870457  0.77093035  0.1591212   0.1026907   0.
   0.0091101   0.          0.04369717  0.07421193]] 
Episode: 53: [[-0.18082562 -0.34932786 -1.2061675   0.12923682 -0.08288332  0.
  -0.00642194  0.         -0.03670318  0.0196144 ]
 [ 0.13509698 -0.06854557 -1.7142596  -0.00491024 -0.03337933  0.
  -0.03403923  0.          0.05016179  0.03166   ]
 [ 0.32331854  0.20140597 -1.6465328  -0.0301828  -0.13072182  0.
   0.0022653   0.          0.05416317  0.0609007 ]
 [ 0.38263798  0.26519388 -1.7496468  -0.06402709 -0.17487474  0.
   0.01295672  0.         -0.06103083  0.17762212]
 [-0.14397646 -0.3894273   0.77112436  0.15890956  0.10293122  0.
   0.00856581  0.          0.04369717  0.07402384]] 
Episode: 54: [[-0.18035522 -0.34883124 -1.2066123   0.12920652 -0.08297317  0.
  -0.00625978  0.         -0.03670318  0.02001233]
 [ 0.13559388 -0.06802608 -1.7142676  -0.00494998 -0.03354582  0.
  -0.03390912  0.          0.05016179  0.03210865]
 [ 0.3237306   0.2020087  -1.6464521  -0.03021799 -0.1309155   0.
   0.00242316  0.          0.05416317  0.06140368]
 [ 0.38301     0.26560938 -1.7495161  -0.06421384 -0.1750102   0.
   0.01302059  0.         -0.06103083  0.17818813]
 [-0.14378501 -0.3900038   0.77118105  0.15869118  0.10313799  0.
   0.00806421  0.          0.04369717  0.07396249]] 
Episode: 55: [[-0.1798584  -0.3483377  -1.2070483   0.12918945 -0.08311462  0.
  -0.00600769  0.         -0.03670318  0.02039886]
 [ 0.13612758 -0.06749109 -1.71425    -0.00497449 -0.03377676  0.
  -0.03368818  0.          0.05016179  0.03254661]
 [ 0.32417667  0.20263556 -1.6463379  -0.03023756 -0.13117686  0.
   0.0026681   0.          0.05416317  0.06189985]
 [ 0.38341263  0.26611224 -1.7493122  -0.06438871 -0.17524357  0.
   0.01318059  0.         -0.06103083  0.17873962]
 [-0.14355111 -0.3905078   0.77140737  0.15844578  0.10316841  0.
   0.00772609  0.          0.04369717  0.07388933]] 
Episode: 56: [[-0.17932753 -0.34787455 -1.2074448   0.12918346 -0.08323168  0.
  -0.00584935  0.         -0.03670318  0.02073879]
 [ 0.13670547 -0.06699272 -1.7141837  -0.0049809  -0.03398132  0.
  -0.03356655  0.          0.05016179  0.03292803]
 [ 0.3246788   0.20322303 -1.646158   -0.03023659 -0.13141012  0.
   0.00280992  0.          0.05416317  0.06233061]
 [ 0.3838922   0.26656106 -1.7490207  -0.0645475  -0.17544806  0.
   0.01322199  0.         -0.06103083  0.17920798]
 [-0.14321186 -0.3910333   0.7716758   0.1581791   0.10321376  0.
   0.00731081  0.          0.04369717  0.07378872]] 
Episode: 57: [[-0.17875428 -0.34742045 -1.207958    0.12920663 -0.08336719  0.
  -0.00560037  0.         -0.03670318  0.02108509]
 [ 0.13732627 -0.06649554 -1.7142661  -0.00494771 -0.03421428  0.
  -0.03335299  0.          0.05016179  0.03331459]
 [ 0.32524148  0.20379551 -1.6461389  -0.03018226 -0.13167872  0.
   0.00304069  0.          0.05416317  0.06276476]
 [ 0.38443494  0.2669774  -1.7488755  -0.06468934 -0.17569365  0.
   0.01336164  0.         -0.06103083  0.17964472]
 [-0.14285757 -0.3915531   0.7719795   0.1578132   0.10322542  0.
   0.00692842  0.          0.04369717  0.07362603]] 
Episode: 58: [[-0.1782053  -0.34691507 -1.2083962   0.12925023 -0.0834718   0.
  -0.00548315  0.         -0.03670318  0.02145493]
 [ 0.1379265  -0.06594452 -1.7142452  -0.00488032 -0.03441885  0.
  -0.03326509  0.          0.05016179  0.03373474]
 [ 0.32576674  0.20444138 -1.646007   -0.03008638 -0.1319163   0.
   0.00314505  0.          0.05416317  0.06324852]
 [ 0.3849483   0.26739913 -1.7486591  -0.06476718 -0.17591596  0.
   0.0133849   0.         -0.06103083  0.1801122 ]
 [-0.14243627 -0.3922084   0.7720173   0.15745175  0.1032159   0.
   0.00647271  0.          0.04369717  0.07341343]] 
Episode: 59: [[-0.17754355 -0.3464475  -1.2089672   0.12933981 -0.0834596   0.
  -0.0054842   0.         -0.03670318  0.02179841]
 [ 0.13862589 -0.06544349 -1.7143618  -0.00475657 -0.03449827  0.
  -0.03329007  0.          0.05016179  0.03412532]
 [ 0.3264074   0.20503607 -1.6460015  -0.02992329 -0.13202329  0.
   0.00313584  0.          0.05416317  0.06369834]
 [ 0.38555384  0.2677848  -1.7486292  -0.06484769 -0.17600188  0.
   0.01330353  0.         -0.06103083  0.18050975]
 [-0.14187923 -0.39284042  0.7716632   0.15694977  0.10328882  0.
   0.00595141  0.          0.04369717  0.07313825]] 
Episode: 60: [[-0.17685959 -0.3459775  -1.2095673   0.12946348 -0.08338237  0.
  -0.0055914   0.         -0.03670318  0.02213211]
 [ 0.1393463  -0.0649424  -1.714529   -0.00458253 -0.0345024   0.
  -0.03341644  0.          0.05016179  0.03450849]
 [ 0.32707176  0.2056448  -1.6460567  -0.02969519 -0.13205002  0.
   0.00302456  0.          0.05416317  0.06414251]
 [ 0.3861623   0.2681715  -1.7486371  -0.06489373 -0.175991    0.
   0.01312811  0.         -0.06103083  0.1809195 ]
 [-0.14139338 -0.39350587  0.7714534   0.15636495  0.10344815  0.
   0.00537145  0.          0.04369717  0.072892  ]] 
Episode: 61: [[-0.17633194 -0.34546435 -1.2100657   0.12956566 -0.08334363  0.
  -0.00558164  0.         -0.03670318  0.02253352]
 [ 0.1399102  -0.06437001 -1.7146344  -0.00443737 -0.03453939  0.
  -0.03342625  0.          0.05016179  0.03497855]
 [ 0.3275764   0.20632762 -1.6460544  -0.02950683 -0.13211496  0.
   0.0030274   0.          0.05416317  0.06469482]
 [ 0.38668022  0.2685135  -1.748604   -0.06487002 -0.1760175   0.
   0.01307249  0.         -0.06103083  0.18137945]
 [-0.14087611 -0.39431858  0.7713      0.15596962  0.10359308  0.
   0.00484828  0.          0.04369717  0.07251757]] 
Episode: 62: [[-0.17584372 -0.3447684  -1.2105826   0.12969868 -0.08316007  0.
  -0.00567886  0.         -0.03670318  0.02293042]
 [ 0.14042974 -0.06357887 -1.7147584  -0.00423273 -0.03440936  0.
  -0.03353881  0.          0.05016179  0.0354523 ]
 [ 0.3280258   0.20724316 -1.6460786  -0.02923881 -0.13199891  0.
   0.0029271   0.          0.05416317  0.06526133]
 [ 0.38712376  0.2690269  -1.7485529  -0.06474778 -0.17589593  0.
   0.01292034  0.         -0.06103083  0.18190852]
 [-0.14037569 -0.3953624   0.7712467   0.15554783  0.10362379  0.
   0.00428562  0.          0.04369717  0.07224181]] 
Episode: 63: [[-0.17532815 -0.34408152 -1.2111337   0.1298428  -0.08295834  0.
  -0.00587212  0.         -0.03670318  0.02329835]
 [ 0.14097714 -0.06278812 -1.7149237  -0.00401077 -0.03425946  0.
  -0.03374372  0.          0.05016179  0.03588957]
 [ 0.32850257  0.20815521 -1.6461366  -0.02895044 -0.1318621   0.
   0.00273409  0.          0.05416317  0.06578866]
 [ 0.38758442  0.2696024  -1.7485411  -0.06460947 -0.17575328  0.
   0.01268141  0.         -0.06103083  0.18240166]
 [-0.13987954 -0.3963373   0.7711157   0.15509751  0.10367127  0.
   0.00366771  0.          0.04369717  0.07200205]] 
Episode: 64: [[-0.17482042 -0.34344584 -1.2116139   0.12999405 -0.0827921   0.
  -0.00595972  0.         -0.03670318  0.02365554]
 [ 0.14152257 -0.06205464 -1.7150005  -0.00378417 -0.03414669  0.
  -0.03383307  0.          0.05016179  0.0363194 ]
 [ 0.32898507  0.20900336 -1.6461041  -0.02865573 -0.13176095  0.
   0.00266321  0.          0.05416317  0.066309  ]
 [ 0.3880002   0.2701456  -1.7484568  -0.06446423 -0.17563663  0.
   0.01241969  0.         -0.06103083  0.18290913]
 [-0.13956273 -0.3972374   0.77103865  0.15464926  0.103747    0.
   0.0030004   0.          0.04369717  0.07183912]] 
Episode: 65: [[-0.17433551 -0.34292254 -1.2120707   0.13013254 -0.08267011  0.
  -0.00593253  0.         -0.03670318  0.02394881]
 [ 0.14205593 -0.06145046 -1.7151084  -0.00357578 -0.03407585  0.
  -0.03380977  0.          0.05016179  0.03666675]
 [ 0.32949337  0.20969515 -1.6461253  -0.02838515 -0.13170066  0.
   0.00270214  0.          0.05416317  0.06673076]
 [ 0.38846195  0.27056122 -1.7484405  -0.06433495 -0.17555837  0.
   0.01228693  0.         -0.06103083  0.18332772]
 [-0.13928445 -0.39798787  0.7709775   0.15422784  0.10382921  0.
   0.00240886  0.          0.04369717  0.07171892]] 
Episode: 66: [[-0.17382641 -0.3424077  -1.2125871   0.13028398 -0.08253487  0.
  -0.00598813  0.         -0.03670318  0.02427784]
 [ 0.14261174 -0.06085765 -1.7152803  -0.00334497 -0.03399661  0.
  -0.03388806  0.          0.05016179  0.03706381]
 [ 0.3300134   0.21037287 -1.6462183  -0.02808268 -0.13163485  0.
   0.00263735  0.          0.05416317  0.06720804]
 [ 0.3889137   0.2709796  -1.7484901  -0.06419291 -0.17546311  0.
   0.0120649   0.         -0.06103083  0.18380266]
 [-0.13902697 -0.3987199   0.77087104  0.15374936  0.1039781   0.
   0.00176463  0.          0.04369717  0.07160625]] 
Episode: 67: [[-1.73294753e-01 -3.42001081e-01 -1.21316850e+00  1.30439475e-01
  -8.23990107e-02  0.00000000e+00 -6.14426192e-03  0.00000000e+00
  -3.67031805e-02  2.45849639e-02]
 [ 1.43187135e-01 -6.04003146e-02 -1.71557093e+00 -3.10968328e-03
  -3.39113213e-02  0.00000000e+00 -3.40620689e-02  0.00000000e+00
   5.01617864e-02  3.74405757e-02]
 [ 3.30560863e-01  2.10905403e-01 -1.64642608e+00 -2.77842507e-02
  -1.31562337e-01  0.00000000e+00  2.47644563e-03  0.00000000e+00
   5.41631728e-02  6.76650405e-02]
 [ 3.89395446e-01  2.71297127e-01 -1.74866247e+00 -6.40441850e-02
  -1.75347686e-01  0.00000000e+00  1.17626125e-02  0.00000000e+00
  -6.10308312e-02  1.84276089e-01]
 [-1.38827324e-01 -3.99324059e-01  7.70737708e-01  1.53288230e-01
   1.04200609e-01  0.00000000e+00  1.07328664e-03  0.00000000e+00
   4.36971746e-02  7.15447366e-02]] 
Episode: 68: [[-1.72752634e-01 -3.41560394e-01 -1.21373594e+00  1.30599409e-01
  -8.22836235e-02  0.00000000e+00 -6.17860677e-03  0.00000000e+00
  -3.67031805e-02  2.48780865e-02]
 [ 1.43776178e-01 -5.98877445e-02 -1.71583140e+00 -2.86216917e-03
  -3.38543095e-02  0.00000000e+00 -3.41150500e-02  0.00000000e+00
   5.01617864e-02  3.78005430e-02]
 [ 3.31121445e-01  2.11502329e-01 -1.64658380e+00 -2.74577681e-02
  -1.31524906e-01  0.00000000e+00  2.43427255e-03  0.00000000e+00
   5.41631728e-02  6.81033954e-02]
 [ 3.89879227e-01  2.71694988e-01 -1.74879563e+00 -6.38965666e-02
  -1.75266385e-01  0.00000000e+00  1.15931956e-02  0.00000000e+00
  -6.10308312e-02  1.84739411e-01]
 [-1.38626054e-01 -3.99954081e-01  7.70531237e-01  1.52774319e-01
   1.04415625e-01  0.00000000e+00  3.39832273e-04  0.00000000e+00
   4.36971746e-02  7.14820176e-02]] 
Episode: 69: [[-1.72171116e-01 -3.41097087e-01 -1.21436417e+00  1.30785972e-01
  -8.21540281e-02  0.00000000e+00 -6.31540036e-03  0.00000000e+00
  -3.67031805e-02  2.51898076e-02]
 [ 1.44408241e-01 -5.93256615e-02 -1.71616602e+00 -2.57065799e-03
  -3.37801166e-02  0.00000000e+00 -3.42661627e-02  0.00000000e+00
   5.01617864e-02  3.81879061e-02]
 [ 3.31716567e-01  2.12135270e-01 -1.64683342e+00 -2.70747915e-02
  -1.31469056e-01  0.00000000e+00  2.29381467e-03  0.00000000e+00
   5.41631728e-02  6.85721189e-02]
 [ 3.90382290e-01  2.72168100e-01 -1.74902153e+00 -6.37051016e-02
  -1.75146028e-01  0.00000000e+00  1.13383243e-02  0.00000000e+00
  -6.10308312e-02  1.85242862e-01]
 [-1.38491824e-01 -4.00532395e-01  7.70377457e-01  1.52192742e-01
   1.04734644e-01  0.00000000e+00 -4.31254535e-04  0.00000000e+00
   4.36971746e-02  7.14552626e-02]] 
Episode: 70: [[-1.7159519e-01 -3.4070405e-01 -1.2149936e+00  1.3095401e-01
  -8.2168244e-02  0.0000000e+00 -6.3325833e-03  0.0000000e+00
  -3.6703181e-02  2.5431504e-02]
 [ 1.4504012e-01 -5.8845509e-02 -1.7165341e+00 -2.3117077e-03
  -3.3879932e-02  0.0000000e+00 -3.4298684e-02  0.0000000e+00
   5.0161786e-02  3.8472779e-02]
 [ 3.3231568e-01  2.1265578e-01 -1.6471249e+00 -2.6728811e-02
  -1.3160029e-01  0.0000000e+00  2.2699330e-03  0.0000000e+00
   5.4163173e-02  6.8913236e-02]
 [ 3.9090526e-01  2.7244514e-01 -1.7493234e+00 -6.3533127e-02
  -1.7527041e-01  0.0000000e+00  1.1211462e-02  0.0000000e+00
  -6.1030831e-02  1.8554991e-01]
 [-1.3834903e-01 -4.0112093e-01  7.7013141e-01  1.5165165e-01
   1.0472240e-01  0.0000000e+00 -1.0116909e-03  0.0000000e+00
   4.3697175e-02  7.1330711e-02]] 
Episode: 71: [[-1.71094015e-01 -3.40285987e-01 -1.21555984e+00  1.31090477e-01
  -8.22590590e-02  0.00000000e+00 -6.24232180e-03  0.00000000e+00
  -3.67031805e-02  2.55024936e-02]
 [ 1.45615965e-01 -5.83119169e-02 -1.71690631e+00 -2.11475673e-03
  -3.40574905e-02  0.00000000e+00 -3.42245959e-02  0.00000000e+00
   5.01617864e-02  3.85507457e-02]
 [ 3.32904756e-01  2.13254735e-01 -1.64741695e+00 -2.64847931e-02
  -1.31814003e-01  0.00000000e+00  2.35087867e-03  0.00000000e+00
   5.41631728e-02  6.90432042e-02]
 [ 3.91469479e-01  2.72700757e-01 -1.74962819e+00 -6.33693337e-02
  -1.75497577e-01  0.00000000e+00  1.11997128e-02  0.00000000e+00
  -6.10308312e-02  1.85619652e-01]
 [-1.38215840e-01 -4.01879430e-01  7.69918442e-01  1.51331887e-01
   1.04574725e-01  0.00000000e+00 -1.42114563e-03  0.00000000e+00
   4.36971746e-02  7.10740611e-02]] 
Episode: 72: [[-0.17061876 -0.33992937 -1.2160454   0.13122325 -0.08232412  0.
  -0.00626678  0.         -0.03670318  0.02560486]
 [ 0.14617431 -0.05785137 -1.7171942  -0.00192205 -0.03419587  0.
  -0.03426124  0.          0.05016179  0.03867357]
 [ 0.33349127  0.21376087 -1.647633   -0.02625131 -0.13198188  0.
   0.00232131  0.          0.05416317  0.06922454]
 [ 0.3920408   0.27286762 -1.7498571  -0.06320857 -0.17567559  0.
   0.01108681  0.         -0.06103083  0.18574987]
 [-0.13809806 -0.4025698   0.76977473  0.15103325  0.10445347  0.
  -0.00190067  0.          0.04369717  0.07087962]] 
Episode: 73: [[-0.17034411 -0.33944696 -1.2163949   0.13133992 -0.08266056  0.
  -0.00618324  0.         -0.03670318  0.02569572]
 [ 0.14655358 -0.05712812 -1.7173871  -0.00176988 -0.03465432  0.
  -0.03419097  0.          0.05016179  0.03876701]
 [ 0.3338892   0.2145677  -1.6477439  -0.02606783 -0.13250512  0.
   0.00239706  0.          0.05416317  0.06935506]
 [ 0.39247197  0.2729865  -1.7500238  -0.06292899 -0.17612903  0.
   0.01108753  0.         -0.06103083  0.18584089]
 [-0.13796118 -0.40359065  0.76956403  0.15100096  0.10471302  0.
  -0.00244295  0.          0.04369717  0.07060792]] 
Episode: 74: [[-1.7002966e-01 -3.3896807e-01 -1.2167531e+00  1.3146366e-01
  -8.2907327e-02  0.0000000e+00 -6.2135588e-03  0.0000000e+00
  -3.6703181e-02  2.5797730e-02]
 [ 1.4696991e-01 -5.6422211e-02 -1.7175670e+00 -1.6026290e-03
  -3.5007816e-02  0.0000000e+00 -3.4230936e-02  0.0000000e+00
   5.0161786e-02  3.8880106e-02]
 [ 3.3431545e-01  2.1535876e-01 -1.6478431e+00 -2.5866123e-02
  -1.3291380e-01  0.0000000e+00  2.3628986e-03  0.0000000e+00
   5.4163173e-02  6.9511294e-02]
 [ 3.9290971e-01  2.7322632e-01 -1.7501626e+00 -6.2656976e-02
  -1.7645821e-01  0.0000000e+00  1.0985915e-02  0.0000000e+00
  -6.1030831e-02  1.8599753e-01]
 [-1.3777539e-01 -4.0449637e-01  7.6935339e-01  1.5091795e-01
   1.0502426e-01  0.0000000e+00 -3.0414460e-03  0.0000000e+00
   4.3697175e-02  7.0431404e-02]] 
Episode: 75: [[-1.69748247e-01 -3.38471174e-01 -1.21708822e+00  1.31573662e-01
  -8.33172277e-02  0.00000000e+00 -6.13547442e-03  0.00000000e+00
  -3.67031805e-02  2.58917157e-02]
 [ 1.47349089e-01 -5.56917675e-02 -1.71772432e+00 -1.46252266e-03
  -3.55516709e-02  0.00000000e+00 -3.41637619e-02  0.00000000e+00
   5.01617864e-02  3.89958657e-02]
 [ 3.34707022e-01  2.16178656e-01 -1.64792156e+00 -2.56969575e-02
  -1.33520633e-01  0.00000000e+00  2.43443553e-03  0.00000000e+00
   5.41631728e-02  6.96756244e-02]
 [ 3.93293738e-01  2.73411274e-01 -1.75028455e+00 -6.23767339e-02
  -1.77014172e-01  0.00000000e+00  1.09967198e-02  0.00000000e+00
  -6.10308312e-02  1.86142579e-01]
 [-1.37692973e-01 -4.05492902e-01  7.69200325e-01  1.50911838e-01
   1.05189115e-01  0.00000000e+00 -3.46805947e-03  0.00000000e+00
   4.36971746e-02  7.01816306e-02]] 
Episode: 76: [[-1.6944000e-01 -3.3792770e-01 -1.2174629e+00  1.3169599e-01
  -8.3718739e-02  0.0000000e+00 -5.9907567e-03  0.0000000e+00
  -3.6703181e-02  2.5970129e-02]
 [ 1.4776635e-01 -5.4903232e-02 -1.7178807e+00 -1.2969087e-03
  -3.6093924e-02  0.0000000e+00 -3.4000255e-02  0.0000000e+00
   5.0161786e-02  3.9094254e-02]
 [ 3.3512625e-01  2.1706901e-01 -1.6480148e+00 -2.5484806e-02
  -1.3412400e-01  0.0000000e+00  2.6010310e-03  0.0000000e+00
   5.4163173e-02  6.9827840e-02]
 [ 3.9371035e-01  2.7373257e-01 -1.7504156e+00 -6.2097706e-02
  -1.7756303e-01  0.0000000e+00  1.1108628e-02  0.0000000e+00
  -6.1030831e-02  1.8628417e-01]
 [-1.3753374e-01 -4.0649867e-01  7.6903582e-01  1.5082037e-01
   1.0537494e-01  0.0000000e+00 -3.9266334e-03  0.0000000e+00
   4.3697175e-02  6.9930568e-02]] 
Episode: 77: [[-1.6911337e-01 -3.3736441e-01 -1.2178642e+00  1.3183099e-01
  -8.4034525e-02  0.0000000e+00 -5.9662051e-03  0.0000000e+00
  -3.6703181e-02  2.6044570e-02]
 [ 1.4821759e-01 -5.4099541e-02 -1.7180656e+00 -1.0932854e-03
  -3.6536120e-02  0.0000000e+00 -3.3956196e-02  0.0000000e+00
   5.0161786e-02  3.9185256e-02]
 [ 3.3559355e-01  2.1797454e-01 -1.6481572e+00 -2.5213735e-02
  -1.3461895e-01  0.0000000e+00  2.6487159e-03  0.0000000e+00
   5.4163173e-02  6.9973499e-02]
 [ 3.9419216e-01  2.7413228e-01 -1.7506129e+00 -6.1802655e-02
  -1.7800890e-01  0.0000000e+00  1.1107158e-02  0.0000000e+00
  -6.1030831e-02  1.8640567e-01]
 [-1.3731018e-01 -4.0747488e-01  7.6879793e-01  1.5064009e-01
   1.0553574e-01  0.0000000e+00 -4.4499375e-03  0.0000000e+00
   4.3697175e-02  6.9656447e-02]] 
Episode: 78: [[-1.6885592e-01 -3.3682421e-01 -1.2182206e+00  1.3195156e-01
  -8.4319897e-02  0.0000000e+00 -5.8386242e-03  0.0000000e+00
  -3.6703181e-02  2.6113410e-02]
 [ 1.4860132e-01 -5.3332493e-02 -1.7182540e+00 -9.2064147e-04
  -3.6929172e-02  0.0000000e+00 -3.3813577e-02  0.0000000e+00
   5.0161786e-02  3.9273739e-02]
 [ 3.3600870e-01  2.1883377e-01 -1.6483138e+00 -2.4990542e-02
  -1.3505834e-01  0.0000000e+00  2.7937845e-03  0.0000000e+00
   5.4163173e-02  7.0130713e-02]
 [ 3.9463648e-01  2.7455664e-01 -1.7508233e+00 -6.1506193e-02
  -1.7840026e-01  0.0000000e+00  1.1207956e-02  0.0000000e+00
  -6.1030831e-02  1.8648925e-01]
 [-1.3712819e-01 -4.0835151e-01  7.6863992e-01  1.5055737e-01
   1.0569274e-01  0.0000000e+00 -4.8865508e-03  0.0000000e+00
   4.3697175e-02  6.9285050e-02]] 
Episode: 79: [[-1.6854586e-01 -3.3628461e-01 -1.2186127e+00  1.3207826e-01
  -8.4534436e-02  0.0000000e+00 -5.8293110e-03  0.0000000e+00
  -3.6703181e-02  2.6146712e-02]
 [ 1.4903907e-01 -5.2574158e-02 -1.7184968e+00 -7.3566905e-04
  -3.7239090e-02  0.0000000e+00 -3.3788215e-02  0.0000000e+00
   5.0161786e-02  3.9313167e-02]
 [ 3.3648852e-01  2.1968183e-01 -1.6485361e+00 -2.4752736e-02
  -1.3540800e-01  0.0000000e+00  2.8221710e-03  0.0000000e+00
   5.4163173e-02  7.0222259e-02]
 [ 3.9514974e-01  2.7501366e-01 -1.7510908e+00 -6.1214801e-02
  -1.7869297e-01  0.0000000e+00  1.1196557e-02  0.0000000e+00
  -6.1030831e-02  1.8651700e-01]
 [-1.3688765e-01 -4.0920252e-01  7.6845515e-01  1.5043332e-01
   1.0589923e-01  0.0000000e+00 -5.3905747e-03  0.0000000e+00
   4.3697175e-02  6.8955354e-02]] 
Episode: 80: [[-1.68270484e-01 -3.35758597e-01 -1.21896791e+00  1.32213622e-01
  -8.46937299e-02  0.00000000e+00 -5.92627609e-03  0.00000000e+00
  -3.67031805e-02  2.61698011e-02]
 [ 1.49427697e-01 -5.18068224e-02 -1.71867752e+00 -5.44001232e-04
  -3.74805741e-02  0.00000000e+00 -3.38682979e-02  0.00000000e+00
   5.01617864e-02  3.93547788e-02]
 [ 3.36894691e-01  2.20549971e-01 -1.64864814e+00 -2.45120265e-02
  -1.35685444e-01  0.00000000e+00  2.74560810e-03  0.00000000e+00
   5.41631728e-02  7.03286454e-02]
 [ 3.95597935e-01  2.75327533e-01 -1.75126553e+00 -6.09095991e-02
  -1.78922832e-01  0.00000000e+00  1.10842446e-02  0.00000000e+00
  -6.10308312e-02  1.86510459e-01]
 [-1.36697024e-01 -4.10181403e-01  7.68209994e-01  1.50329456e-01
   1.06058545e-01  0.00000000e+00 -5.83619904e-03  0.00000000e+00
   4.36971746e-02  6.84944242e-02]] 
Episode: 81: [[-1.67900175e-01 -3.35255146e-01 -1.21966338e+00  1.32352903e-01
  -8.48950669e-02  0.00000000e+00 -5.90821728e-03  0.00000000e+00
  -3.67031805e-02  2.59039067e-02]
 [ 1.49952412e-01 -5.10519817e-02 -1.71931744e+00 -4.14693495e-04
  -3.77805792e-02  0.00000000e+00 -3.38374861e-02  0.00000000e+00
   5.01617864e-02  3.91236581e-02]
 [ 3.37442368e-01  2.21416757e-01 -1.64927649e+00 -2.44153421e-02
  -1.36036396e-01  0.00000000e+00  2.77879438e-03  0.00000000e+00
   5.41631728e-02  7.01829940e-02]
 [ 3.96158576e-01  2.75496006e-01 -1.75200737e+00 -6.06504977e-02
  -1.79207474e-01  0.00000000e+00  1.10852206e-02  0.00000000e+00
  -6.10308312e-02  1.86298341e-01]
 [-1.36259839e-01 -4.11263227e-01  7.67413378e-01  1.50500894e-01
   1.06346294e-01  0.00000000e+00 -6.34884089e-03  0.00000000e+00
   4.36971746e-02  6.77288175e-02]] 
Episode: 82: [[-1.67548880e-01 -3.34823608e-01 -1.22027540e+00  1.32482037e-01
  -8.51796716e-02  0.00000000e+00 -5.78678725e-03  0.00000000e+00
  -3.67031805e-02  2.56687012e-02]
 [ 1.50465369e-01 -5.03829904e-02 -1.71988869e+00 -2.92952114e-04
  -3.81710939e-02  0.00000000e+00 -3.37069482e-02  0.00000000e+00
   5.01617864e-02  3.89194377e-02]
 [ 3.38019341e-01  2.22178012e-01 -1.64984405e+00 -2.43129898e-02
  -1.36480376e-01  0.00000000e+00  2.91069644e-03  0.00000000e+00
   5.41631728e-02  7.00552240e-02]
 [ 3.96739930e-01  2.75669813e-01 -1.75266206e+00 -6.03979677e-02
  -1.79604456e-01  0.00000000e+00  1.11880973e-02  0.00000000e+00
  -6.10308312e-02  1.86132967e-01]
 [-1.35965854e-01 -4.12177503e-01  7.66849458e-01  1.50638714e-01
   1.06526494e-01  0.00000000e+00 -6.69735204e-03  0.00000000e+00
   4.36971746e-02  6.70907497e-02]] 
Episode: 83: [[-1.6725895e-01 -3.3440530e-01 -1.2207927e+00  1.3261071e-01
  -8.5473932e-02  0.0000000e+00 -5.5724601e-03  0.0000000e+00
  -3.6703181e-02  2.5492758e-02]
 [ 1.5090625e-01 -4.9720407e-02 -1.7203339e+00 -1.8019250e-04
  -3.8568631e-02  0.0000000e+00 -3.3486731e-02  0.0000000e+00
   5.0161786e-02  3.8794369e-02]
 [ 3.3848959e-01  2.2292818e-01 -1.6502784e+00 -2.4214940e-02
  -1.3692936e-01  0.0000000e+00  3.1313896e-03  0.0000000e+00
   5.4163173e-02  7.0017822e-02]
 [ 3.9719075e-01  2.7584425e-01 -1.7532027e+00 -6.0151864e-02
  -1.8000150e-01  0.0000000e+00  1.1382632e-02  0.0000000e+00
  -6.1030831e-02  1.8602587e-01]
 [-1.3582928e-01 -4.1308394e-01  7.6634485e-01  1.5078948e-01
   1.0671875e-01  0.0000000e+00 -7.1224011e-03  0.0000000e+00
   4.3697175e-02  6.6409819e-02]] 
Episode: 84: [[-1.6694041e-01 -3.3403575e-01 -1.2212640e+00  1.3273190e-01
  -8.5745111e-02  0.0000000e+00 -5.3714602e-03  0.0000000e+00
  -3.6703181e-02  2.5341567e-02]
 [ 1.5137410e-01 -4.9133219e-02 -1.7207047e+00 -6.9557558e-05
  -3.8939226e-02  0.0000000e+00 -3.3278465e-02  0.0000000e+00
   5.0161786e-02  3.8694505e-02]
 [ 3.3899620e-01  2.2359124e-01 -1.6506293e+00 -2.4112780e-02
  -1.3734750e-01  0.0000000e+00  3.3494420e-03  0.0000000e+00
   5.4163173e-02  7.0003234e-02]
 [ 3.9769599e-01  2.7596503e-01 -1.7536372e+00 -5.9905339e-02
  -1.8037719e-01  0.0000000e+00  1.1502569e-02  0.0000000e+00
  -6.1030831e-02  1.8596472e-01]
 [-1.3563158e-01 -4.1390663e-01  7.6590216e-01  1.5091662e-01
   1.0687818e-01  0.0000000e+00 -7.6160613e-03  0.0000000e+00
   4.3697175e-02  6.5893054e-02]] 
Episode: 85: [[-1.6668171e-01 -3.3359692e-01 -1.2216744e+00  1.3285971e-01
  -8.6012200e-02  0.0000000e+00 -5.1557613e-03  0.0000000e+00
  -3.6703181e-02  2.5279196e-02]
 [ 1.5179136e-01 -4.8432995e-02 -1.7209988e+00  8.6003449e-05
  -3.9309043e-02  0.0000000e+00 -3.3078771e-02  0.0000000e+00
   5.0161786e-02  3.8707167e-02]
 [ 3.3944353e-01  2.2438206e-01 -1.6509057e+00 -2.3924256e-02
  -1.3776757e-01  0.0000000e+00  3.5620634e-03  0.0000000e+00
   5.4163173e-02  7.0120417e-02]
 [ 3.9811435e-01  2.7628288e-01 -1.7539896e+00 -5.9602428e-02
  -1.8075311e-01  0.0000000e+00  1.1657629e-02  0.0000000e+00
  -6.1030831e-02  1.8604378e-01]
 [-1.3548832e-01 -4.1474134e-01  7.6553959e-01  1.5095280e-01
   1.0704023e-01  0.0000000e+00 -8.0469148e-03  0.0000000e+00
   4.3697175e-02  6.5417260e-02]] 
Episode: 86: [[-1.6647054e-01 -3.3312938e-01 -1.2221457e+00  1.3300414e-01
  -8.6324438e-02  0.0000000e+00 -4.9094763e-03  0.0000000e+00
  -3.6703181e-02  2.5199106e-02]
 [ 1.5215486e-01 -4.7610775e-02 -1.7213768e+00  2.7676960e-04
  -3.9736580e-02  0.0000000e+00 -3.2822367e-02  0.0000000e+00
   5.0161786e-02  3.8691290e-02]
 [ 3.3981982e-01  2.2534648e-01 -1.6512539e+00 -2.3687355e-02
  -1.3825697e-01  0.0000000e+00  3.8565630e-03  0.0000000e+00
   5.4163173e-02  7.0213147e-02]
 [ 3.9853835e-01  2.7665815e-01 -1.7544175e+00 -5.9209883e-02
  -1.8121018e-01  0.0000000e+00  1.1872296e-02  0.0000000e+00
  -6.1030831e-02  1.8600164e-01]
 [-1.3526475e-01 -4.1575012e-01  7.6512182e-01  1.5100038e-01
   1.0716123e-01  0.0000000e+00 -8.4702242e-03  0.0000000e+00
   4.3697175e-02  6.4778872e-02]] 
Episode: 87: [[-1.66268051e-01 -3.32673192e-01 -1.22252476e+00  1.33154377e-01
  -8.66304487e-02  0.00000000e+00 -4.61288914e-03  0.00000000e+00
  -3.67031805e-02  2.51055080e-02]
 [ 1.52512550e-01 -4.68216129e-02 -1.72160399e+00  4.67539736e-04
  -4.01586704e-02  0.00000000e+00 -3.24874558e-02  0.00000000e+00
   5.01617864e-02  3.86619568e-02]
 [ 3.40167910e-01  2.26266861e-01 -1.65144777e+00 -2.34573241e-02
  -1.38734654e-01  0.00000000e+00  4.22468269e-03  0.00000000e+00
   5.41631728e-02  7.02988729e-02]
 [ 3.98894936e-01  2.76941597e-01 -1.75468659e+00 -5.88296689e-02
  -1.81651235e-01  0.00000000e+00  1.21685714e-02  0.00000000e+00
  -6.10308312e-02  1.85914427e-01]
 [-1.35199755e-01 -4.16785240e-01  7.64880359e-01  1.51047856e-01
   1.07274115e-01  0.00000000e+00 -8.75051599e-03  0.00000000e+00
   4.36971746e-02  6.40370473e-02]] 
Episode: 88: [[-1.6606647e-01 -3.3221790e-01 -1.2228658e+00  1.3329761e-01
  -8.6939856e-02  0.0000000e+00 -4.2391578e-03  0.0000000e+00
  -3.6703181e-02  2.5042046e-02]
 [ 1.5285572e-01 -4.6048172e-02 -1.7217649e+00  6.4515334e-04
  -4.0587574e-02  0.0000000e+00 -3.2081980e-02  0.0000000e+00
   5.0161786e-02  3.8670324e-02]
 [ 3.4048840e-01  2.2716956e-01 -1.6515526e+00 -2.3241011e-02
  -1.3922103e-01  0.0000000e+00  4.6589961e-03  0.0000000e+00
   5.4163173e-02  7.0423327e-02]
 [ 3.9922044e-01  2.7727211e-01 -1.7548577e+00 -5.8467280e-02
  -1.8211041e-01  0.0000000e+00  1.2538226e-02  0.0000000e+00
  -6.1030831e-02  1.8586011e-01]
 [-1.3513038e-01 -4.1776821e-01  7.6468188e-01  1.5109219e-01
   1.0734812e-01  0.0000000e+00 -8.9416942e-03  0.0000000e+00
   4.3697175e-02  6.3333407e-02]] 
Episode: 89: [[-1.6586147e-01 -3.3181459e-01 -1.2232645e+00  1.3345155e-01
  -8.7111123e-02  0.0000000e+00 -4.0100417e-03  0.0000000e+00
  -3.6703181e-02  2.4978586e-02]
 [ 1.5321428e-01 -4.5347072e-02 -1.7220335e+00  8.5542275e-04
  -4.0835086e-02  0.0000000e+00 -3.1821404e-02  0.0000000e+00
   5.0161786e-02  3.8670108e-02]
 [ 3.4087005e-01  2.2798726e-01 -1.6517724e+00 -2.2974398e-02
  -1.3950731e-01  0.0000000e+00  4.9466295e-03  0.0000000e+00
   5.4163173e-02  7.0538737e-02]
 [ 3.9960730e-01  2.7757049e-01 -1.7551308e+00 -5.8074199e-02
  -1.8232261e-01  0.0000000e+00  1.2767715e-02  0.0000000e+00
  -6.1030831e-02  1.8583150e-01]
 [-1.3509919e-01 -4.1865179e-01  7.6447833e-01  1.5107481e-01
   1.0764826e-01  0.0000000e+00 -9.2266994e-03  0.0000000e+00
   4.3697175e-02  6.2704168e-02]] 
Episode: 90: [[-1.6574660e-01 -3.3141348e-01 -1.2235488e+00  1.3361345e-01
  -8.7225921e-02  0.0000000e+00 -3.9108698e-03  0.0000000e+00
  -3.6703181e-02  2.4946090e-02]
 [ 1.5348537e-01 -4.4525336e-02 -1.7221988e+00  1.0886950e-03
  -4.0981501e-02  0.0000000e+00 -3.1691112e-02  0.0000000e+00
   5.0161786e-02  3.8737014e-02]
 [ 3.4114221e-01  2.2899212e-01 -1.6518881e+00 -2.2681117e-02
  -1.3966991e-01  0.0000000e+00  5.1023434e-03  0.0000000e+00
   5.4163173e-02  7.0743807e-02]
 [ 3.9992508e-01  2.7800813e-01 -1.7552946e+00 -5.7604827e-02
  -1.8244982e-01  0.0000000e+00  1.2871144e-02  0.0000000e+00
  -6.1030831e-02  1.8587559e-01]
 [-1.3497557e-01 -4.1969016e-01  7.6438648e-01  1.5110715e-01
   1.0776402e-01  0.0000000e+00 -9.3697282e-03  0.0000000e+00
   4.3697175e-02  6.2084157e-02]] 
Episode: 91: [[-1.65764734e-01 -3.31018418e-01 -1.22377121e+00  1.33798540e-01
  -8.73136446e-02  0.00000000e+00 -3.92845785e-03  0.00000000e+00
  -3.67031805e-02  2.49423534e-02]
 [ 1.53612584e-01 -4.36892770e-02 -1.72235155e+00  1.32636842e-03
  -4.10526469e-02  0.00000000e+00 -3.16779651e-02  0.00000000e+00
   5.01617864e-02  3.88886854e-02]
 [ 3.41207236e-01  2.30036080e-01 -1.65200269e+00 -2.24088486e-02
  -1.39732778e-01  0.00000000e+00  5.13941376e-03  0.00000000e+00
   5.41631728e-02  7.10893795e-02]
 [ 4.00095075e-01  2.78505921e-01 -1.75547719e+00 -5.70775345e-02
  -1.82532772e-01  0.00000000e+00  1.28611997e-02  0.00000000e+00
  -6.10308312e-02  1.85983956e-01]
 [-1.34889066e-01 -4.20758665e-01  7.64286757e-01  1.51258945e-01
   1.07630424e-01  0.00000000e+00 -9.38537903e-03  0.00000000e+00
   4.36971746e-02  6.12797998e-02]] 
Episode: 92: [[-1.6570722e-01 -3.3058256e-01 -1.2240480e+00  1.3398464e-01
  -8.7456189e-02  0.0000000e+00 -3.8375922e-03  0.0000000e+00
  -3.6703181e-02  2.4951285e-02]
 [ 1.5380602e-01 -4.2826399e-02 -1.7225338e+00  1.5817686e-03
  -4.1213054e-02  0.0000000e+00 -3.1562131e-02  0.0000000e+00
   5.0161786e-02  3.9043132e-02]
 [ 3.4132162e-01  2.3108509e-01 -1.6521378e+00 -2.2097722e-02
  -1.3990210e-01  0.0000000e+00  5.2757487e-03  0.0000000e+00
   5.4163173e-02  7.1426734e-02]
 [ 4.0028906e-01  2.7903911e-01 -1.7556639e+00 -5.6554150e-02
  -1.8272609e-01  0.0000000e+00  1.2955213e-02  0.0000000e+00
  -6.1030831e-02  1.8610047e-01]
 [-1.3473220e-01 -4.2181548e-01  7.6414555e-01  1.5130654e-01
   1.0749900e-01  0.0000000e+00 -9.2867529e-03  0.0000000e+00
   4.3697175e-02  6.0559683e-02]] 
Episode: 93: [[-0.16568407 -0.33016184 -1.2242712   0.13416755 -0.08757752  0.
  -0.00386248  0.         -0.03670318  0.02501409]
 [ 0.1539794  -0.04193313 -1.7226481   0.00184971 -0.04134179  0.
  -0.03156189  0.          0.05016179  0.03930761]
 [ 0.34140384  0.23219612 -1.6522267  -0.02176404 -0.14003101  0.
   0.00529546  0.          0.05416317  0.07191938]
 [ 0.40047035  0.2796308  -1.7558082  -0.0560135  -0.18287101  0.
   0.01293687  0.         -0.06103083  0.18633544]
 [-0.13450631 -0.42292976  0.7640301   0.15133642  0.10739145  0.
  -0.00922051  0.          0.04369717  0.05980521]] 
Episode: 94: [[-0.1657348  -0.3297757  -1.2244049   0.13438185 -0.0876626   0.
  -0.00399137  0.         -0.03670318  0.02508111]
 [ 0.15410739 -0.04104334 -1.7226698   0.00217988 -0.04143316  0.
  -0.03166558  0.          0.05016179  0.03958743]
 [ 0.34142312  0.23331839 -1.6522253  -0.02134928 -0.14012519  0.
   0.00521028  0.          0.05416317  0.07243744]
 [ 0.40061352  0.28017882 -1.7558885  -0.05535609 -0.18292165  0.
   0.01281748  0.         -0.06103083  0.18651083]
 [-0.13440078 -0.42407218  0.76401544  0.15137494  0.10752602  0.
  -0.00927411  0.          0.04369717  0.05888244]] 
Episode: 95: [[-0.16579235 -0.32937953 -1.2245427   0.13458931 -0.08771153  0.
  -0.00421372  0.         -0.03670318  0.02517372]
 [ 0.15421763 -0.04014561 -1.7227211   0.00250484 -0.04147931  0.
  -0.03186273  0.          0.05016179  0.03990352]
 [ 0.34143427  0.23444422 -1.6522543  -0.02093929 -0.14017212  0.
   0.00503077  0.          0.05416317  0.07299546]
 [ 0.4007456   0.28076127 -1.7559869  -0.05470685 -0.18292564  0.
   0.01260721  0.         -0.06103083  0.18671598]
 [-0.13429652 -0.4252027   0.7640504   0.15141478  0.1076519   0.
  -0.00930715  0.          0.04369717  0.05797211]] 
Episode: 96: [[-0.16577609 -0.32897428 -1.2247177   0.13479173 -0.08775785  0.
  -0.00452005  0.         -0.03670318  0.02526943]
 [ 0.1544084  -0.03926522 -1.7227815   0.00284123 -0.04153289  0.
  -0.0321439   0.          0.05016179  0.04021427]
 [ 0.3415444   0.23554096 -1.6523049  -0.02050442 -0.14022651  0.
   0.00476641  0.          0.05416317  0.07353749]
 [ 0.400962    0.28138447 -1.7560898  -0.05409028 -0.18295017  0.
   0.0123152   0.         -0.06103083  0.18693864]
 [-0.13412793 -0.42627543  0.76409614  0.15135315  0.10772126  0.
  -0.0093697   0.          0.04369717  0.0571503 ]] 
Episode: 97: [[-0.16572355 -0.3285822  -1.2248608   0.13496901 -0.08778306  0.
  -0.00490182  0.         -0.03670318  0.02528915]
 [ 0.15463135 -0.0384337  -1.722808    0.00312499 -0.04155638  0.
  -0.03250062  0.          0.05016179  0.04041286]
 [ 0.3417192   0.23657891 -1.652317   -0.02014679 -0.14024322  0.
   0.00442576  0.          0.05416317  0.07393988]
 [ 0.40130252  0.2819609  -1.7561542  -0.05354799 -0.18295354  0.
   0.01194969  0.         -0.06103083  0.18702698]
 [-0.13380641 -0.42731807  0.7640971   0.15134287  0.10772293  0.
  -0.00948138  0.          0.04369717  0.0563416 ]] 
Episode: 98: [[-0.1656808  -0.32819957 -1.2249165   0.13512993 -0.08770691  0.
  -0.00535139  0.         -0.03670318  0.02531381]
 [ 0.15484059 -0.03765098 -1.7227387   0.00336889 -0.04144785  0.
  -0.03292527  0.          0.05016179  0.04060909]
 [ 0.34190458  0.23754989 -1.6522201  -0.01985114 -0.14011288  0.
   0.00401649  0.          0.05416317  0.07433335]
 [ 0.4016588   0.2825098  -1.7561045  -0.05306846 -0.18278481  0.
   0.01151807  0.         -0.06103083  0.1871123 ]
 [-0.1335321  -0.42830002  0.76417994  0.1513908   0.10782808  0.
  -0.00969626  0.          0.04369717  0.05553591]] 
Episode: 99: [[-0.16556132 -0.3278304  -1.2250229   0.13528566 -0.08763944  0.
  -0.00578119  0.         -0.03670318  0.02534761]
 [ 0.15513155 -0.03691057 -1.7227042   0.00361806 -0.04136348  0.
  -0.03332057  0.          0.05016179  0.04080432]
 [ 0.34217608  0.23845978 -1.6521679  -0.01954451 -0.14001098  0.
   0.00365894  0.          0.05416317  0.07471616]
 [ 0.40210554  0.28302914 -1.7560833  -0.05261426 -0.18265182  0.
   0.01113734  0.         -0.06103083  0.18720526]
 [-0.13312118 -0.4292129   0.7642424   0.15137173  0.10791432  0.
  -0.00995052  0.          0.04369717  0.05480139]] 
Episode: 100: [[-0.16548687 -0.32755002 -1.2251483   0.1354302  -0.08757387  0.
  -0.00621609  0.         -0.03670318  0.02541498]
 [ 0.1553936  -0.03626754 -1.7227012   0.00391785 -0.04128242  0.
  -0.03375842  0.          0.05016179  0.04104755]
 [ 0.3424301   0.23926544 -1.6521746  -0.01913555 -0.13991179  0.
   0.00323398  0.          0.05416317  0.07514954]
 [ 0.40247843  0.2835613  -1.7561194  -0.05210718 -0.18248203  0.
   0.01069154  0.         -0.06103083  0.1873562 ]
 [-0.1328768  -0.42994243  0.7643286   0.15123351  0.10818769  0.
  -0.0102937   0.          0.04369717  0.05408302]] 
Episode: 101: [[-0.16538434 -0.32731652 -1.2253227   0.13557564 -0.08750027  0.
  -0.0067143   0.         -0.03670318  0.02547729]
 [ 0.15567547 -0.03571083 -1.7227714   0.00421545 -0.04119515  0.
  -0.03425672  0.          0.05016179  0.04126722]
 [ 0.34270847  0.23996246 -1.6522534  -0.01873295 -0.13980928  0.
   0.0027484   0.          0.05416317  0.07553985]
 [ 0.40285674  0.28396958 -1.7562115  -0.05160446 -0.18230732  0.
   0.01018722  0.         -0.06103083  0.1874808 ]
 [-0.13267837 -0.4306048   0.76444656  0.15109086  0.10847081  0.
  -0.0107166   0.          0.04369717  0.05343507]] 
Episode: 102: [[-0.16528952 -0.32709253 -1.2255188   0.13573378 -0.08742283  0.
  -0.00717697  0.         -0.03670318  0.02554336]
 [ 0.15593678 -0.03510869 -1.7228202   0.00454276 -0.04110859  0.
  -0.03468355  0.          0.05016179  0.04151782]
 [ 0.34292397  0.24072504 -1.6522632  -0.01828093 -0.13971266  0.
   0.0023996   0.          0.05416317  0.07598808]
 [ 0.4031207   0.2844138  -1.7562283  -0.05105457 -0.18213226  0.
   0.0096303   0.         -0.06103083  0.18768291]
 [-0.13260679 -0.4313548   0.7645599   0.1509045   0.10877819  0.
  -0.01121096  0.          0.04369717  0.0527825 ]] 
Episode: 103: [[-0.1651344  -0.3268859  -1.2257951   0.13590263 -0.08726022  0.
  -0.00770061  0.         -0.03670318  0.02564025]
 [ 0.15625821 -0.03453152 -1.7229369   0.00491794 -0.0409268   0.
  -0.03517238  0.          0.05016179  0.04179687]
 [ 0.34320173  0.24145122 -1.6523378  -0.01775499 -0.139519    0.
   0.00198246  0.          0.05416317  0.07645321]
 [ 0.40343168  0.28482687 -1.7562774  -0.05049807 -0.18185203  0.
   0.00902607  0.         -0.06103083  0.18794036]
 [-0.13250545 -0.4320785   0.7647371   0.15057991  0.10911911  0.
  -0.01176937  0.          0.04369717  0.05221236]] 
Episode: 104: [[-1.6496016e-01 -3.2664919e-01 -1.2260559e+00  1.3607071e-01
  -8.7074883e-02  0.0000000e+00 -8.2789995e-03  0.0000000e+00
  -3.6703181e-02  2.5737537e-02]
 [ 1.5660465e-01 -3.3939317e-02 -1.7230171e+00  5.2843825e-03
  -4.0717434e-02  0.0000000e+00 -3.5716932e-02  0.0000000e+00
   5.0161786e-02  4.2076789e-02]
 [ 3.4352177e-01  2.4218369e-01 -1.6523693e+00 -1.7245673e-02
  -1.3929456e-01  0.0000000e+00  1.5038680e-03  0.0000000e+00
   5.4163173e-02  7.6919757e-02]
 [ 4.0378034e-01  2.8523239e-01 -1.7562981e+00 -4.9949948e-02
  -1.8154936e-01  0.0000000e+00  8.3793150e-03  0.0000000e+00
  -6.1030831e-02  1.8821186e-01]
 [-1.3241965e-01 -4.3283853e-01  7.6486832e-01  1.5027404e-01
   1.0941766e-01  0.0000000e+00 -1.2385163e-02  0.0000000e+00
   4.3697175e-02  5.1664483e-02]] 
Episode: 105: [[-1.64737791e-01 -3.26446950e-01 -1.22632384e+00  1.36227161e-01
  -8.68916810e-02  0.00000000e+00 -8.90654232e-03  0.00000000e+00
  -3.67031805e-02  2.58200932e-02]
 [ 1.57002345e-01 -3.34180854e-02 -1.72309232e+00  5.62528102e-03
  -4.05138806e-02  0.00000000e+00 -3.63115594e-02  0.00000000e+00
   5.01617864e-02  4.23239172e-02]
 [ 3.43909144e-01  2.42831200e-01 -1.65239012e+00 -1.67757794e-02
  -1.39075756e-01  0.00000000e+00  9.70025198e-04  0.00000000e+00
   5.41631728e-02  7.73471147e-02]
 [ 4.04236287e-01  2.85578132e-01 -1.75629711e+00 -4.94478419e-02
  -1.81248501e-01  0.00000000e+00  7.69432914e-03  0.00000000e+00
  -6.10308312e-02  1.88478708e-01]
 [-1.32225424e-01 -4.33514625e-01  7.64968157e-01  1.49984360e-01
   1.09753594e-01  0.00000000e+00 -1.30523760e-02  0.00000000e+00
   4.36971746e-02  5.11722714e-02]] 
Episode: 106: [[-1.6459765e-01 -3.2629949e-01 -1.2265264e+00  1.3641405e-01
  -8.6669035e-02  0.0000000e+00 -9.5782178e-03  0.0000000e+00
  -3.6703181e-02  2.5858153e-02]
 [ 1.5735175e-01 -3.2814056e-02 -1.7231548e+00  6.0087959e-03
  -4.0196266e-02  0.0000000e+00 -3.6951184e-02  0.0000000e+00
   5.0161786e-02  4.2506479e-02]
 [ 3.4427464e-01  2.4362268e-01 -1.6524016e+00 -1.6267069e-02
  -1.3871045e-01  0.0000000e+00  3.8650262e-04  0.0000000e+00
   5.4163173e-02  7.7702694e-02]
 [ 4.0473026e-01  2.8601047e-01 -1.7563087e+00 -4.8838828e-02
  -1.8083790e-01  0.0000000e+00  6.9749742e-03  0.0000000e+00
  -6.1030831e-02  1.8865883e-01]
 [-1.3193944e-01 -4.3431750e-01  7.6503086e-01  1.4975323e-01
   1.0992847e-01  0.0000000e+00 -1.3623395e-02  0.0000000e+00
   4.3697175e-02  5.0679754e-02]] 
Episode: 107: [[-1.6440021e-01 -3.2611188e-01 -1.2267920e+00  1.3660547e-01
  -8.6537167e-02  0.0000000e+00 -1.0075028e-02  0.0000000e+00
  -3.6703181e-02  2.5920600e-02]
 [ 1.5775229e-01 -3.2183684e-02 -1.7232751e+00  6.3960510e-03
  -4.0010270e-02  0.0000000e+00 -3.7421893e-02  0.0000000e+00
   5.0161786e-02  4.2714067e-02]
 [ 3.4469685e-01  2.4441755e-01 -1.6524651e+00 -1.5750006e-02
  -1.3849495e-01  0.0000000e+00 -3.5305533e-05  0.0000000e+00
   5.4163173e-02  7.8077026e-02]
 [ 4.0525091e-01  2.8642684e-01 -1.7563618e+00 -4.8226792e-02
  -1.8059757e-01  0.0000000e+00  6.4307866e-03  0.0000000e+00
  -6.1030831e-02  1.8886915e-01]
 [-1.3170932e-01 -4.3514025e-01  7.6506519e-01  1.4949463e-01
   1.1003647e-01  0.0000000e+00 -1.4022350e-02  0.0000000e+00
   4.3697175e-02  5.0247446e-02]] 
Episode: 108: [[-1.6422401e-01 -3.2595029e-01 -1.2271081e+00  1.3680495e-01
  -8.6361207e-02  0.0000000e+00 -1.0628989e-02  0.0000000e+00
  -3.6703181e-02  2.6015107e-02]
 [ 1.5814012e-01 -3.1561047e-02 -1.7234857e+00  6.8313647e-03
  -3.9772321e-02  0.0000000e+00 -3.7949957e-02  0.0000000e+00
   5.0161786e-02  4.2915091e-02]
 [ 3.4511763e-01  2.4521598e-01 -1.6526549e+00 -1.5151460e-02
  -1.3822499e-01  0.0000000e+00 -5.1796867e-04  0.0000000e+00
   5.4163173e-02  7.8403458e-02]
 [ 4.0573832e-01  2.8679532e-01 -1.7565100e+00 -4.7537260e-02
  -1.8029189e-01  0.0000000e+00  5.8381674e-03  0.0000000e+00
  -6.1030831e-02  1.8914664e-01]
 [-1.3148184e-01 -4.3601033e-01  7.6512313e-01  1.4917001e-01
   1.1019113e-01  0.0000000e+00 -1.4424370e-02  0.0000000e+00
   4.3697175e-02  5.0036475e-02]] 
Episode: 109: [[-1.6421537e-01 -3.2602376e-01 -1.2273355e+00  1.3707286e-01
  -8.6156435e-02  0.0000000e+00 -1.1020108e-02  0.0000000e+00
  -3.6703181e-02  2.6124952e-02]
 [ 1.5839629e-01 -3.0943040e-02 -1.7236905e+00  7.3394254e-03
  -3.9447792e-02  0.0000000e+00 -3.8360674e-02  0.0000000e+00
   5.0161786e-02  4.3118607e-02]
 [ 3.4540117e-01  2.4610442e-01 -1.6528565e+00 -1.4483219e-02
  -1.3784982e-01  0.0000000e+00 -9.0863707e-04  0.0000000e+00
   5.4163173e-02  7.8715190e-02]
 [ 4.0612414e-01  2.8698549e-01 -1.7566593e+00 -4.6676863e-02
  -1.7990509e-01  0.0000000e+00  5.3107361e-03  0.0000000e+00
  -6.1030831e-02  1.8940291e-01]
 [-1.3124570e-01 -4.3708342e-01  7.6524258e-01  1.4895846e-01
   1.1021172e-01  0.0000000e+00 -1.4841388e-02  0.0000000e+00
   4.3697175e-02  4.9760092e-02]] 
Episode: 110: [[-1.6414809e-01 -3.2599786e-01 -1.2277251e+00  1.3733548e-01
  -8.5771292e-02  0.0000000e+00 -1.1478874e-02  0.0000000e+00
  -3.6703181e-02  2.6198288e-02]
 [ 1.5870917e-01 -3.0154644e-02 -1.7240344e+00  7.9102796e-03
  -3.8892776e-02  0.0000000e+00 -3.8835004e-02  0.0000000e+00
   5.0161786e-02  4.3230906e-02]
 [ 3.4572566e-01  2.4717152e-01 -1.6531879e+00 -1.3718376e-02
  -1.3722411e-01  0.0000000e+00 -1.3636388e-03  0.0000000e+00
   5.4163173e-02  7.8898057e-02]
 [ 4.0656623e-01  2.8736055e-01 -1.7569405e+00 -4.5816444e-02
  -1.7925979e-01  0.0000000e+00  4.7327457e-03  0.0000000e+00
  -6.1030831e-02  1.8958861e-01]
 [-1.3077745e-01 -4.3829960e-01  7.6506716e-01  1.4855742e-01
   1.1032838e-01  0.0000000e+00 -1.5330984e-02  0.0000000e+00
   4.3697175e-02  4.9543768e-02]] 
Episode: 111: [[-1.6398136e-01 -3.2597664e-01 -1.2282035e+00  1.3759401e-01
  -8.5470229e-02  0.0000000e+00 -1.1822108e-02  0.0000000e+00
  -3.6703181e-02  2.6253743e-02]
 [ 1.5912978e-01 -2.9457781e-02 -1.7244931e+00  8.4977839e-03
  -3.8476050e-02  0.0000000e+00 -3.9156880e-02  0.0000000e+00
   5.0161786e-02  4.3304086e-02]
 [ 3.4617588e-01  2.4811980e-01 -1.6536721e+00 -1.2915057e-02
  -1.3675430e-01  0.0000000e+00 -1.6695111e-03  0.0000000e+00
   5.4163173e-02  7.9026669e-02]
 [ 4.0713218e-01  2.8761294e-01 -1.7573316e+00 -4.4960767e-02
  -1.7879109e-01  0.0000000e+00  4.3161619e-03  0.0000000e+00
  -6.1030831e-02  1.8970610e-01]
 [-1.3022503e-01 -4.3943700e-01  7.6490223e-01  1.4805141e-01
   1.1037330e-01  0.0000000e+00 -1.5885636e-02  0.0000000e+00
   4.3697175e-02  4.9307015e-02]] 
Episode: 112: [[-0.16378811 -0.32595897 -1.228674    0.1378308  -0.08519747  0.
  -0.01211742  0.         -0.03670318  0.02630585]
 [ 0.15956028 -0.02882942 -1.724937    0.00903523 -0.03810332  0.
  -0.03941631  0.          0.05016179  0.04337043]
 [ 0.34663928  0.24897389 -1.6541357  -0.01218083 -0.13633509  0.
  -0.00189058  0.          0.05416317  0.07914111]
 [ 0.40771377  0.28783083 -1.7577174  -0.04417571 -0.17837346  0.
   0.00400226  0.         -0.06103083  0.18981469]
 [-0.12965566 -0.44046417  0.76466155  0.14758675  0.11042533  0.
  -0.01641854  0.          0.04369717  0.04911812]] 
Episode: 113: [[-0.16356568 -0.3259564  -1.2291292   0.13805307 -0.08498331  0.
  -0.01227531  0.         -0.03670318  0.02629415]
 [ 0.1600263  -0.02826621 -1.725353    0.00953124 -0.03780982  0.
  -0.03954446  0.          0.05016179  0.04335809]
 [ 0.347157    0.24974252 -1.6545689  -0.01150732 -0.13600129  0.
  -0.00198568  0.          0.05416317  0.07917136]
 [ 0.40836984  0.28797457 -1.7581042  -0.0434381  -0.17805019  0.
   0.00382354  0.         -0.06103083  0.18978493]
 [-0.12911277 -0.44142982  0.76438075  0.14718619  0.11042336  0.
  -0.01700766  0.          0.04369717  0.04882311]] 
Episode: 114: [[-0.16331425 -0.3259613  -1.2295693   0.13826601 -0.084824    0.
  -0.0123097   0.         -0.03670318  0.02631729]
 [ 0.16050683 -0.02777036 -1.7257295   0.01000011 -0.03759302  0.
  -0.03955457  0.          0.05016179  0.04338878]
 [ 0.3476859   0.25041157 -1.6549464  -0.01086904 -0.13575304  0.
  -0.00196748  0.          0.05416317  0.07925055]
 [ 0.4090035   0.2880291  -1.7584372  -0.04273245 -0.17782576  0.
   0.00376642  0.         -0.06103083  0.18982829]
 [-0.12865598 -0.44228926  0.7641052   0.1467987   0.11036544  0.
  -0.01742216  0.          0.04369717  0.04859416]] 
Episode: 115: [[-0.1629971  -0.3259581  -1.2301446   0.13848378 -0.0846594   0.
  -0.01244816  0.         -0.03670318  0.02636717]
 [ 0.16106427 -0.02728554 -1.726305    0.01053113 -0.03737945  0.
  -0.03966878  0.          0.05016179  0.04345912]
 [ 0.3482953   0.25106993 -1.655571   -0.0101347  -0.13550994  0.
  -0.00205482  0.          0.05416317  0.07937197]
 [ 0.40970716  0.288178   -1.7589821  -0.04199258 -0.17758994  0.
   0.0036114   0.         -0.06103083  0.189925  ]
 [-0.1281413  -0.44307613  0.7639302   0.14624572  0.11039387  0.
  -0.01790939  0.          0.04369717  0.04840801]] 
Episode: 116: [[-0.16259038 -0.32596064 -1.2307628   0.1386917  -0.08452192  0.
  -0.01246523  0.         -0.03670318  0.026404  ]
 [ 0.16170661 -0.02685846 -1.7268953   0.01103364 -0.03721842  0.
  -0.03966646  0.          0.05016179  0.04350844]
 [ 0.3490046   0.25165823 -1.6561915  -0.00944231 -0.13532685  0.
  -0.00202972  0.          0.05416317  0.07946711]
 [ 0.41050494  0.28828946 -1.7595329  -0.04129341 -0.1774181   0.
   0.00357552  0.         -0.06103083  0.18999778]
 [-0.12748884 -0.44380027  0.7636053   0.14571168  0.11042769  0.
  -0.01835485  0.          0.04369717  0.04823061]] 
Episode: 117: [[-0.16214    -0.32596597 -1.2314277   0.13889553 -0.08439542  0.
  -0.01239045  0.         -0.03670318  0.02641826]
 [ 0.16239029 -0.02641451 -1.7275147   0.01154931 -0.03708627  0.
  -0.03955937  0.          0.05016179  0.04349721]
 [ 0.34975234  0.25226852 -1.6568345  -0.00872168 -0.13517989  0.
  -0.00190349  0.          0.05416317  0.07947382]
 [ 0.41132107  0.28839743 -1.7601109  -0.04058186 -0.17729832  0.
   0.00364679  0.         -0.06103083  0.1900476 ]
 [-0.12680808 -0.44456685  0.763162    0.14512631  0.11039247  0.
  -0.01881794  0.          0.04369717  0.0481765 ]] 
Episode: 118: [[-0.16167809 -0.3259862  -1.2320651   0.13908231 -0.08425748  0.
  -0.01243066  0.         -0.03670318  0.02638313]
 [ 0.16308188 -0.02603121 -1.728103    0.01202915 -0.03693829  0.
  -0.03956799  0.          0.05016179  0.04341285]
 [ 0.35052544  0.25280875 -1.6574416  -0.00805185 -0.13501509  0.
  -0.00189353  0.          0.05416317  0.07938619]
 [ 0.4122005   0.28843063 -1.7606425  -0.03993669 -0.1771694   0.
   0.0036074   0.         -0.06103083  0.1899605 ]
 [-0.12606217 -0.44528916  0.76274073  0.14455804  0.11030722  0.
  -0.01926139  0.          0.04369717  0.04806625]] 
Episode: 119: [[-0.16133556 -0.3262883  -1.2327628   0.13931815 -0.08423524  0.
  -0.01235943  0.         -0.03670318  0.02638091]
 [ 0.16367185 -0.02559435 -1.72888     0.0125796  -0.03689016  0.
  -0.03947083  0.          0.05016179  0.04325547]
 [ 0.35116518  0.25352207 -1.6582724  -0.00729225 -0.13495098  0.
  -0.00192162  0.          0.05416317  0.07914198]
 [ 0.41300422  0.2883981  -1.7614005  -0.03912172 -0.17719541  0.
   0.00367544  0.         -0.06103083  0.18976861]
 [-0.12533051 -0.44623557  0.7623207   0.14404732  0.10996857  0.
  -0.01954398  0.          0.04369717  0.04798313]] 
Episode: 120: [[-0.16111234 -0.32659703 -1.2333827   0.13959989 -0.08422657  0.
  -0.0122869   0.         -0.03670318  0.02633879]
 [ 0.16411169 -0.02517393 -1.7296487   0.0130458  -0.03685487  0.
  -0.03927856  0.          0.05016179  0.04316357]
 [ 0.35163173  0.25421154 -1.6590953  -0.00671111 -0.1349052   0.
  -0.00184292  0.          0.05416317  0.07903254]
 [ 0.41370425  0.2884174  -1.7621988  -0.03836927 -0.17721339  0.
   0.00381922  0.         -0.06103083  0.18959324]
 [-0.12461434 -0.44711006  0.761892    0.14381233  0.10972587  0.
  -0.01991364  0.          0.04369717  0.04768205]] 
Episode: 121: [[-0.1610876  -0.32706553 -1.233965    0.13994165 -0.08422236  0.
  -0.01212185  0.         -0.03670318  0.02641012]
 [ 0.1643758  -0.02472702 -1.7305614   0.01356414 -0.0367629   0.
  -0.03918241  0.          0.05016179  0.04322865]
 [ 0.3519011   0.25498408 -1.6601138  -0.00608045 -0.13478687  0.
  -0.00187605  0.          0.05416317  0.07908831]
 [ 0.4142664   0.2885081  -1.7631836  -0.03747261 -0.1771739   0.
   0.00384497  0.         -0.06103083  0.18953331]
 [-0.1238495  -0.44801593  0.7615053   0.14368622  0.10941359  0.
  -0.02024553  0.          0.04369717  0.04723957]] 
Episode: 122: [[-0.16115531 -0.3274426  -1.2343674   0.14028259 -0.08426203  0.
  -0.01186562  0.         -0.03670318  0.0264558 ]
 [ 0.1645264  -0.02428588 -1.7312818   0.01395446 -0.03671896  0.
  -0.03899091  0.          0.05016179  0.04335655]
 [ 0.35204786  0.25571138 -1.6609236  -0.00565877 -0.13471732  0.
  -0.00180195  0.          0.05416317  0.07926671]
 [ 0.41475308  0.28875968 -1.7640162  -0.03667367 -0.1771761   0.
   0.00397171  0.         -0.06103083  0.18945983]
 [-0.12314391 -0.44875896  0.7611316   0.14385529  0.10910702  0.
  -0.02047628  0.          0.04369717  0.04657755]] 
Episode: 123: [[-1.61322549e-01 -3.27962935e-01 -1.23475397e+00  1.40654191e-01
  -8.44247267e-02  0.00000000e+00 -1.15274489e-02  0.00000000e+00
  -3.67031805e-02  2.65392177e-02]
 [ 1.64606512e-01 -2.39245519e-02 -1.73209667e+00  1.44342547e-02
  -3.68181430e-02  0.00000000e+00 -3.87420319e-02  0.00000000e+00
   5.01617864e-02  4.35763560e-02]
 [ 3.52133512e-01  2.56397784e-01 -1.66184545e+00 -5.11170318e-03
  -1.34804517e-01  0.00000000e+00 -1.66098261e-03  0.00000000e+00
   5.41631728e-02  7.95671791e-02]
 [ 4.15194660e-01  2.88790852e-01 -1.76495492e+00 -3.57308909e-02
  -1.77362800e-01  0.00000000e+00  4.18928219e-03  0.00000000e+00
  -6.10308312e-02  1.89472720e-01]
 [-1.22444093e-01 -4.49571848e-01  7.60820925e-01  1.43983126e-01
   1.08672865e-01  0.00000000e+00 -2.05672979e-02  0.00000000e+00
   4.36971746e-02  4.58326750e-02]] 
Episode: 124: [[-1.6158839e-01 -3.2847431e-01 -1.2350688e+00  1.4107594e-01
  -8.4598526e-02  0.0000000e+00 -1.1120196e-02  0.0000000e+00
  -3.6703181e-02  2.6661636e-02]
 [ 1.6456009e-01 -2.3522532e-02 -1.7328272e+00  1.4874170e-02
  -3.6953438e-02  0.0000000e+00 -3.8412996e-02  0.0000000e+00
   5.0161786e-02  4.3908548e-02]
 [ 3.5205665e-01  2.5711760e-01 -1.6626652e+00 -4.6625128e-03
  -1.3494074e-01  0.0000000e+00 -1.4300856e-03  0.0000000e+00
   5.4163173e-02  8.0018997e-02]
 [ 4.1547728e-01  2.8880629e-01 -1.7658323e+00 -3.4773774e-02
  -1.7757684e-01  0.0000000e+00  4.4885385e-03  0.0000000e+00
  -6.1030831e-02  1.8962930e-01]
 [-1.2178762e-01 -4.5044300e-01  7.6046717e-01  1.4430715e-01
   1.0832099e-01  0.0000000e+00 -2.0765245e-02  0.0000000e+00
   4.3697175e-02  4.5058541e-02]] 
Episode: 125: [[-1.61786720e-01 -3.28935474e-01 -1.23541653e+00  1.41467452e-01
  -8.47458243e-02  0.00000000e+00 -1.08446935e-02  0.00000000e+00
  -3.67031805e-02  2.67659072e-02]
 [ 1.64627299e-01 -2.30548140e-02 -1.73355019e+00  1.53756198e-02
  -3.70655246e-02  0.00000000e+00 -3.82220969e-02  0.00000000e+00
   5.01617864e-02  4.42096703e-02]
 [ 3.52139682e-01  2.57889360e-01 -1.66347444e+00 -4.09910036e-03
  -1.35052696e-01  0.00000000e+00 -1.32638868e-03  0.00000000e+00
   5.41631728e-02  8.04234594e-02]
 [ 4.15900320e-01  2.88928181e-01 -1.76673365e+00 -3.38028409e-02
  -1.77743435e-01  0.00000000e+00  4.65431297e-03  0.00000000e+00
  -6.10308312e-02  1.89740568e-01]
 [-1.21188641e-01 -4.51330125e-01  7.60053813e-01  1.44426525e-01
   1.08058244e-01  0.00000000e+00 -2.10076235e-02  0.00000000e+00
   4.36971746e-02  4.43200134e-02]] 
Episode: 126: [[-1.6193275e-01 -3.2935420e-01 -1.2358655e+00  1.4182799e-01
  -8.4895298e-02  0.0000000e+00 -1.0597804e-02  0.0000000e+00
  -3.6703181e-02  2.6897788e-02]
 [ 1.6474967e-01 -2.2538433e-02 -1.7343913e+00  1.5934214e-02
  -3.7194945e-02  0.0000000e+00 -3.8052253e-02  0.0000000e+00
   5.0161786e-02  4.4523597e-02]
 [ 3.5227928e-01  2.5870782e-01 -1.6644137e+00 -3.4271372e-03
  -1.3518772e-01  0.0000000e+00 -1.2140609e-03  0.0000000e+00
   5.4163173e-02  8.0838151e-02]
 [ 4.1632035e-01  2.8915289e-01 -1.7677079e+00 -3.2794602e-02
  -1.7794748e-01  0.0000000e+00  4.8836442e-03  0.0000000e+00
  -6.1030831e-02  1.8995312e-01]
 [-1.2061982e-01 -4.5222926e-01  7.5975400e-01  1.4437191e-01
   1.0774349e-01  0.0000000e+00 -2.1182427e-02  0.0000000e+00
   4.3697175e-02  4.3757148e-02]] 
Episode: 127: [[-1.62067458e-01 -3.29750568e-01 -1.23629701e+00  1.42171159e-01
  -8.50369856e-02  0.00000000e+00 -1.04686022e-02  0.00000000e+00
  -3.67031805e-02  2.69621499e-02]
 [ 1.64905578e-01 -2.20713578e-02 -1.73521650e+00  1.64595377e-02
  -3.72938924e-02  0.00000000e+00 -3.80049683e-02  0.00000000e+00
   5.01617864e-02  4.47021946e-02]
 [ 3.52510840e-01  2.59446174e-01 -1.66533816e+00 -2.80696829e-03
  -1.35281563e-01  0.00000000e+00 -1.21743081e-03  0.00000000e+00
   5.41631728e-02  8.10891613e-02]
 [ 4.16819960e-01  2.89164960e-01 -1.76867867e+00 -3.18460464e-02
  -1.78134888e-01  0.00000000e+00  4.98637604e-03  0.00000000e+00
  -6.10308312e-02  1.90046266e-01]
 [-1.20115414e-01 -4.53176409e-01  7.59435892e-01  1.44340858e-01
   1.07306413e-01  0.00000000e+00 -2.13832762e-02  0.00000000e+00
   4.36971746e-02  4.33207825e-02]] 
Episode: 128: [[-1.6223097e-01 -3.3011162e-01 -1.2367003e+00  1.4252785e-01
  -8.5205093e-02  0.0000000e+00 -1.0244193e-02  0.0000000e+00
  -3.6703181e-02  2.7013127e-02]
 [ 1.6504203e-01 -2.1555116e-02 -1.7360156e+00  1.7008526e-02
  -3.7459515e-02  0.0000000e+00 -3.7856981e-02  0.0000000e+00
   5.0161786e-02  4.4883601e-02]
 [ 3.5272294e-01  2.6022151e-01 -1.6662190e+00 -2.1554758e-03
  -1.3546118e-01  0.0000000e+00 -1.1160763e-03  0.0000000e+00
   5.4163173e-02  8.1361182e-02]
 [ 4.1730443e-01  2.8922093e-01 -1.7695851e+00 -3.0832002e-02
  -1.7837991e-01  0.0000000e+00  5.1823761e-03  0.0000000e+00
  -6.1030831e-02  1.9012699e-01]
 [-1.1962651e-01 -4.5414820e-01  7.5923580e-01  1.4433612e-01
   1.0700488e-01  0.0000000e+00 -2.1680830e-02  0.0000000e+00
   4.3697175e-02  4.2787641e-02]] 
Episode: 129: [[-1.62304521e-01 -3.30482781e-01 -1.23712647e+00  1.42847225e-01
  -8.53396952e-02  0.00000000e+00 -1.00748977e-02  0.00000000e+00
  -3.67031805e-02  2.70042270e-02]
 [ 1.65265039e-01 -2.11814735e-02 -1.73682106e+00  1.75147392e-02
  -3.75897288e-02  0.00000000e+00 -3.77319604e-02  0.00000000e+00
   5.01617864e-02  4.49632332e-02]
 [ 3.53058428e-01  2.60818839e-01 -1.66710448e+00 -1.55154988e-03
  -1.35602564e-01  0.00000000e+00 -1.02721411e-03  0.00000000e+00
   5.41631728e-02  8.15072954e-02]
 [ 4.17907298e-01  2.89074838e-01 -1.77048635e+00 -2.99145691e-02
  -1.78583547e-01  0.00000000e+00  5.37739275e-03  0.00000000e+00
  -6.10308312e-02  1.90051705e-01]
 [-1.18993476e-01 -4.55012709e-01  7.58981109e-01  1.44295424e-01
   1.06729925e-01  0.00000000e+00 -2.19470132e-02  0.00000000e+00
   4.36971746e-02  4.22456935e-02]] 
Episode: 130: [[-1.62318096e-01 -3.30785245e-01 -1.23758936e+00  1.43140644e-01
  -8.54833424e-02  0.00000000e+00 -9.81411058e-03  0.00000000e+00
  -3.67031805e-02  2.70412154e-02]
 [ 1.65533587e-01 -2.07524914e-02 -1.73761308e+00  1.80296302e-02
  -3.77636477e-02  0.00000000e+00 -3.75136621e-02  0.00000000e+00
   5.01617864e-02  4.51188423e-02]
 [ 3.53429288e-01  2.61454642e-01 -1.66796660e+00 -9.14482400e-04
  -1.35799885e-01  0.00000000e+00 -8.42490583e-04  0.00000000e+00
   5.41631728e-02  8.17434490e-02]
 [ 4.18522120e-01  2.89036989e-01 -1.77136254e+00 -2.90128868e-02
  -1.78834140e-01  0.00000000e+00  5.65680303e-03  0.00000000e+00
  -6.10308312e-02  1.90085933e-01]
 [-1.18379116e-01 -4.55864906e-01  7.58638203e-01  1.44159019e-01
   1.06523082e-01  0.00000000e+00 -2.23035775e-02  0.00000000e+00
   4.36971746e-02  4.17259075e-02]] 
Episode: 131: [[-1.6231091e-01 -3.3106303e-01 -1.2380069e+00  1.4340712e-01
  -8.5596837e-02  0.0000000e+00 -9.5324069e-03  0.0000000e+00
  -3.6703181e-02  2.7076837e-02]
 [ 1.6579856e-01 -2.0340605e-02 -1.7383144e+00  1.8496023e-02
  -3.7916932e-02  0.0000000e+00 -3.7211508e-02  0.0000000e+00
   5.0161786e-02  4.5262966e-02]
 [ 3.5379857e-01  2.6205552e-01 -1.6687264e+00 -3.3439111e-04
  -1.3597761e-01  0.0000000e+00 -5.7156803e-04  0.0000000e+00
   5.4163173e-02  8.1956521e-02]
 [ 4.1913182e-01  2.8893086e-01 -1.7721388e+00 -2.8177202e-02
  -1.7902754e-01  0.0000000e+00  6.0121096e-03  0.0000000e+00
  -6.1030831e-02  1.9013293e-01]
 [-1.1773478e-01 -4.5673141e-01  7.5827450e-01  1.4404899e-01
   1.0649728e-01  0.0000000e+00 -2.2741187e-02  0.0000000e+00
   4.3697175e-02  4.1280378e-02]] 
Episode: 132: [[-1.62422806e-01 -3.31364423e-01 -1.23826993e+00  1.43729657e-01
  -8.57287049e-02  0.00000000e+00 -9.17026121e-03  0.00000000e+00
  -3.67031805e-02  2.71832701e-02]
 [ 1.65937513e-01 -1.99248493e-02 -1.73880303e+00  1.89392921e-02
  -3.80692407e-02  0.00000000e+00 -3.68339680e-02  0.00000000e+00
   5.01617864e-02  4.55439650e-02]
 [ 3.54013860e-01  2.62669265e-01 -1.66923702e+00  1.77219248e-04
  -1.36150107e-01  0.00000000e+00 -2.23137205e-04  0.00000000e+00
   5.41631728e-02  8.23323801e-02]
 [ 4.19567883e-01  2.88838357e-01 -1.77271008e+00 -2.73085739e-02
  -1.79234535e-01  0.00000000e+00  6.43566763e-03  0.00000000e+00
  -6.10308312e-02  1.90300271e-01]
 [-1.17193975e-01 -4.57604498e-01  7.57887125e-01  1.44116983e-01
   1.06357574e-01  0.00000000e+00 -2.32157093e-02  0.00000000e+00
   4.36971746e-02  4.07228582e-02]] 
Episode: 133: [[-1.62535354e-01 -3.31700206e-01 -1.23857546e+00  1.44044995e-01
  -8.57743472e-02  0.00000000e+00 -8.95329565e-03  0.00000000e+00
  -3.67031805e-02  2.71853171e-02]
 [ 1.66069180e-01 -1.94825567e-02 -1.73928535e+00  1.93795022e-02
  -3.80760022e-02  0.00000000e+00 -3.66000235e-02  0.00000000e+00
   5.01617864e-02  4.57305387e-02]
 [ 3.54193389e-01  2.63332278e-01 -1.66969943e+00  6.80547906e-04
  -1.36154950e-01  0.00000000e+00 -1.43273810e-05  0.00000000e+00
   5.41631728e-02  8.26373100e-02]
 [ 4.19991881e-01  2.88752109e-01 -1.77325737e+00 -2.64797267e-02
  -1.79275647e-01  0.00000000e+00  6.71289489e-03  0.00000000e+00
  -6.10308312e-02  1.90370470e-01]
 [-1.16601735e-01 -4.58552301e-01  7.57375538e-01  1.44158855e-01
   1.06196985e-01  0.00000000e+00 -2.36476231e-02  0.00000000e+00
   4.36971746e-02  4.01043221e-02]] 
Episode: 134: [[-1.6268194e-01 -3.3216336e-01 -1.2388381e+00  1.4436345e-01
  -8.5799038e-02  0.0000000e+00 -8.8668140e-03  0.0000000e+00
  -3.6703181e-02  2.7199170e-02]
 [ 1.6616976e-01 -1.8936334e-02 -1.7396841e+00  1.9877752e-02
  -3.8071029e-02  0.0000000e+00 -3.6495205e-02  0.0000000e+00
   5.0161786e-02  4.5964032e-02]
 [ 3.5431498e-01  2.6415840e-01 -1.6700580e+00  1.2708302e-03
  -1.3615499e-01  0.0000000e+00  6.8913519e-05  0.0000000e+00
   5.4163173e-02  8.3025962e-02]
 [ 4.2036238e-01  2.8877982e-01 -1.7737080e+00 -2.5577029e-02
  -1.7928462e-01  0.0000000e+00  6.8585002e-03  0.0000000e+00
  -6.1030831e-02  1.9049746e-01]
 [-1.1607420e-01 -4.5961651e-01  7.5691867e-01  1.4413130e-01
   1.0615202e-01  0.0000000e+00 -2.4153404e-02  0.0000000e+00
   4.3697175e-02  3.9342258e-02]] 
Episode: 135: [[-1.6277868e-01 -3.3258769e-01 -1.2391045e+00  1.4462294e-01
  -8.5804977e-02  0.0000000e+00 -8.8976026e-03  0.0000000e+00
  -3.6703181e-02  2.7223228e-02]
 [ 1.6632900e-01 -1.8301196e-02 -1.7400842e+00  2.0383377e-02
  -3.8023803e-02  0.0000000e+00 -3.6506496e-02  0.0000000e+00
   5.0161786e-02  4.6132512e-02]
 [ 3.5451314e-01  2.6508164e-01 -1.6704299e+00  1.9023159e-03
  -1.3610110e-01  0.0000000e+00  3.9225386e-05  0.0000000e+00
   5.4163173e-02  8.3298542e-02]
 [ 4.2077720e-01  2.8903401e-01 -1.7741125e+00 -2.4732521e-02
  -1.7925119e-01  0.0000000e+00  6.8857162e-03  0.0000000e+00
  -6.1030831e-02  1.9060552e-01]
 [-1.1555319e-01 -4.6069205e-01  7.5663054e-01  1.4395544e-01
   1.0605955e-01  0.0000000e+00 -2.4490429e-02  0.0000000e+00
   4.3697175e-02  3.8780503e-02]] 
Episode: 136: [[-1.62767246e-01 -3.32952887e-01 -1.23942220e+00  1.44873053e-01
  -8.58331844e-02  0.00000000e+00 -8.82440712e-03  0.00000000e+00
  -3.67031805e-02  2.72207372e-02]
 [ 1.66606456e-01 -1.77016594e-02 -1.74050236e+00  2.08847392e-02
  -3.80299948e-02  0.00000000e+00 -3.64111178e-02  0.00000000e+00
   5.01617864e-02  4.62424681e-02]
 [ 3.54855746e-01  2.65938878e-01 -1.67081833e+00  2.53175199e-03
  -1.36107877e-01  0.00000000e+00  1.17053969e-04  0.00000000e+00
   5.41631728e-02  8.34939405e-02]
 [ 4.21318889e-01  2.89330333e-01 -1.77452350e+00 -2.39084661e-02
  -1.79272041e-01  0.00000000e+00  7.01395981e-03  0.00000000e+00
  -6.10308312e-02  1.90641418e-01]
 [-1.15002036e-01 -4.61647600e-01  7.56309330e-01  1.43733636e-01
   1.06026627e-01  0.00000000e+00 -2.48280019e-02  0.00000000e+00
   4.36971746e-02  3.82638089e-02]] 
Episode: 137: [[-1.62797779e-01 -3.33291411e-01 -1.23971605e+00  1.45086154e-01
  -8.58333781e-02  0.00000000e+00 -8.86705983e-03  0.00000000e+00
  -3.67031805e-02  2.72686966e-02]
 [ 1.66840911e-01 -1.70079861e-02 -1.74091864e+00  2.14279573e-02
  -3.79924811e-02  0.00000000e+00 -3.64308059e-02  0.00000000e+00
   5.01617864e-02  4.64890115e-02]
 [ 3.55131656e-01  2.66882390e-01 -1.67122281e+00  3.25071020e-03
  -1.36068344e-01  0.00000000e+00  8.25742682e-05  0.00000000e+00
   5.41631728e-02  8.38585049e-02]
 [ 4.21725422e-01  2.89746225e-01 -1.77490580e+00 -2.30310094e-02
  -1.79237366e-01  0.00000000e+00  7.02561904e-03  0.00000000e+00
  -6.10308312e-02  1.90853089e-01]
 [-1.14577144e-01 -4.62660134e-01  7.56160021e-01  1.43411428e-01
   1.06031835e-01  0.00000000e+00 -2.51583327e-02  0.00000000e+00
   4.36971746e-02  3.77259627e-02]] 
Episode: 138: [[-1.6290851e-01 -3.3386582e-01 -1.2400057e+00  1.4525791e-01
  -8.5867509e-02  0.0000000e+00 -8.7970132e-03  0.0000000e+00
  -3.6703181e-02  2.7428454e-02]
 [ 1.6702870e-01 -1.6271967e-02 -1.7413958e+00  2.2045869e-02
  -3.7921995e-02  0.0000000e+00 -3.6414661e-02  0.0000000e+00
   5.0161786e-02  4.6793733e-02]
 [ 3.5536459e-01  2.6794752e-01 -1.6717169e+00  4.1062585e-03
  -1.3597357e-01  0.0000000e+00 -5.2908679e-05  0.0000000e+00
   5.4163173e-02  8.4233575e-02]
 [ 4.2203894e-01  2.9028824e-01 -1.7753682e+00 -2.2028640e-02
  -1.7915852e-01  0.0000000e+00  7.1398038e-03  0.0000000e+00
  -6.1030831e-02  1.9116032e-01]
 [-1.1428844e-01 -4.6372986e-01  7.5608134e-01  1.4299625e-01
   1.0600406e-01  0.0000000e+00 -2.5337016e-02  0.0000000e+00
   4.3697175e-02  3.7334129e-02]] 
Episode: 139: [[-1.6297987e-01 -3.3448619e-01 -1.2403564e+00  1.4535893e-01
  -8.5904852e-02  0.0000000e+00 -8.8423481e-03  0.0000000e+00
  -3.6703181e-02  2.7552629e-02]
 [ 1.6726306e-01 -1.5446093e-02 -1.7421010e+00  2.2695411e-02
  -3.7825011e-02  0.0000000e+00 -3.6505945e-02  0.0000000e+00
   5.0161786e-02  4.7069836e-02]
 [ 3.5563239e-01  2.6912168e-01 -1.6725099e+00  5.0377082e-03
  -1.3584203e-01  0.0000000e+00 -2.7922564e-04  0.0000000e+00
   5.4163173e-02  8.4576227e-02]
 [ 4.2239985e-01  2.9093373e-01 -1.7760813e+00 -2.1055011e-02
  -1.7906795e-01  0.0000000e+00  7.1388758e-03  0.0000000e+00
  -6.1030831e-02  1.9144487e-01]
 [-1.1400403e-01 -4.6490008e-01  7.5621730e-01  1.4240429e-01
   1.0585159e-01  0.0000000e+00 -2.5379617e-02  0.0000000e+00
   4.3697175e-02  3.6960602e-02]] 
Episode: 140: [[-1.6295715e-01 -3.3502677e-01 -1.2407207e+00  1.4545675e-01
  -8.5917883e-02  0.0000000e+00 -8.9913839e-03  0.0000000e+00
  -3.6703181e-02  2.7659817e-02]
 [ 1.6758378e-01 -1.4672083e-02 -1.7427617e+00  2.3298247e-02
  -3.7719078e-02  0.0000000e+00 -3.6693819e-02  0.0000000e+00
   5.0161786e-02  4.7306992e-02]
 [ 3.5600385e-01  2.7020571e-01 -1.6732422e+00  5.8975262e-03
  -1.3570495e-01  0.0000000e+00 -5.8722903e-04  0.0000000e+00
   5.4163173e-02  8.4869236e-02]
 [ 4.2289314e-01  2.9159176e-01 -1.7767431e+00 -2.0155344e-02
  -1.7896153e-01  0.0000000e+00  7.0344061e-03  0.0000000e+00
  -6.1030831e-02  1.9167171e-01]
 [-1.1358573e-01 -4.6593219e-01  7.5623870e-01  1.4184728e-01
   1.0576379e-01  0.0000000e+00 -2.5535692e-02  0.0000000e+00
   4.3697175e-02  3.6624283e-02]] 
Episode: 141: [[-1.6281818e-01 -3.3545378e-01 -1.2411395e+00  1.4556171e-01
  -8.5902706e-02  0.0000000e+00 -9.2336182e-03  0.0000000e+00
  -3.6703181e-02  2.7725840e-02]
 [ 1.6802041e-01 -1.3876972e-02 -1.7434138e+00  2.3882018e-02
  -3.7603628e-02  0.0000000e+00 -3.6968540e-02  0.0000000e+00
   5.0161786e-02  4.7467221e-02]
 [ 3.5649768e-01  2.7126741e-01 -1.6739430e+00  6.7209941e-03
  -1.3556284e-01  0.0000000e+00 -9.6869020e-04  0.0000000e+00
   5.4163173e-02  8.5067824e-02]
 [ 4.2350352e-01  2.9236156e-01 -1.7773719e+00 -1.9291798e-02
  -1.7884070e-01  0.0000000e+00  6.8368050e-03  0.0000000e+00
  -6.1030831e-02  1.9179881e-01]
 [-1.1307082e-01 -4.6686506e-01  7.5617182e-01  1.4129370e-01
   1.0573250e-01  0.0000000e+00 -2.5793567e-02  0.0000000e+00
   4.3697175e-02  3.6298517e-02]] 
Episode: 142: [[-1.62821680e-01 -3.36055934e-01 -1.24144506e+00  1.45748377e-01
  -8.59542862e-02  0.00000000e+00 -9.34336800e-03  0.00000000e+00
  -3.67031805e-02  2.77595781e-02]
 [ 1.68332621e-01 -1.30416844e-02 -1.74405181e+00  2.44633071e-02
  -3.74659225e-02  0.00000000e+00 -3.71100157e-02  0.00000000e+00
   5.01617864e-02  4.76161242e-02]
 [ 3.56809795e-01  2.72412896e-01 -1.67464256e+00  7.50951096e-03
  -1.35374755e-01  0.00000000e+00 -1.20757124e-03  0.00000000e+00
   5.41631728e-02  8.52677226e-02]
 [ 4.23965245e-01  2.93220907e-01 -1.77800310e+00 -1.83752850e-02
  -1.78721249e-01  0.00000000e+00  6.76258979e-03  0.00000000e+00
  -6.10308312e-02  1.91907942e-01]
 [-1.12719506e-01 -4.67845261e-01  7.56226003e-01  1.40881956e-01
   1.05451107e-01  0.00000000e+00 -2.59078722e-02  0.00000000e+00
   4.36971746e-02  3.58686931e-02]] 
Episode: 143: [[-1.62774935e-01 -3.36605728e-01 -1.24181223e+00  1.45897806e-01
  -8.59735459e-02  0.00000000e+00 -9.55013093e-03  0.00000000e+00
  -3.67031805e-02  2.77702417e-02]
 [ 1.68675691e-01 -1.21744405e-02 -1.74477816e+00  2.50351187e-02
  -3.73022556e-02  0.00000000e+00 -3.73429023e-02  0.00000000e+00
   5.01617864e-02  4.76630442e-02]
 [ 3.57147604e-01  2.73575485e-01 -1.67544723e+00  8.30073655e-03
  -1.35161757e-01  0.00000000e+00 -1.52677589e-03  0.00000000e+00
   5.41631728e-02  8.53291452e-02]
 [ 4.24450338e-01  2.94142663e-01 -1.77872467e+00 -1.74965467e-02
  -1.78570956e-01  0.00000000e+00  6.59226673e-03  0.00000000e+00
  -6.10308312e-02  1.91927239e-01]
 [-1.12271316e-01 -4.68829900e-01  7.56298840e-01  1.40411690e-01
   1.05189584e-01  0.00000000e+00 -2.60848869e-02  0.00000000e+00
   4.36971746e-02  3.55709754e-02]] 
Episode: 144: [[-0.16286308 -0.33732232 -1.242092    0.14601743 -0.08595619  0.
  -0.0097773   0.         -0.03670318  0.02794288]
 [ 0.16891468 -0.01126545 -1.7455382   0.02572522 -0.0371562   0.
  -0.03765798  0.          0.05016179  0.04781797]
 [ 0.35738426  0.27483082 -1.6763251   0.00926816 -0.13499215  0.
  -0.00191821  0.          0.05416317  0.08546981]
 [ 0.42479938  0.29510176 -1.7794937  -0.01642061 -0.17842177  0.
   0.0063355   0.         -0.06103083  0.19212882]
 [-0.11188488 -0.46991554  0.756514    0.1398654   0.10509902  0.
  -0.02636145  0.          0.04369717  0.03541835]] 
Episode: 145: [[-0.16288377 -0.33801982 -1.2424315   0.1461281  -0.08589988  0.
  -0.01008994  0.         -0.03670318  0.02811156]
 [ 0.16917282 -0.01039093 -1.7463137   0.02636971 -0.03697743  0.
  -0.03804696  0.          0.05016179  0.04795896]
 [ 0.35761112  0.2760529  -1.6772014   0.01016899 -0.13478994  0.
  -0.00237461  0.          0.05416317  0.08559043]
 [ 0.42515516  0.29593155 -1.7802509  -0.01543602 -0.17823821  0.
   0.00600098  0.         -0.06103083  0.1923347 ]
 [-0.11137153 -0.47105584  0.7566691   0.1393281   0.10502297  0.
  -0.02672732  0.          0.04369717  0.03538367]] 
Episode: 146: [[-0.16293985 -0.33887482 -1.242767    0.14619201 -0.08592387  0.
  -0.01041342  0.         -0.03670318  0.0283834 ]
 [ 0.16944143 -0.00949285 -1.7472166   0.02712934 -0.03684498  0.
  -0.03850237  0.          0.05016179  0.04825189]
 [ 0.35786462  0.2773387  -1.6782404   0.01123944 -0.13462594  0.
  -0.00288942  0.          0.05416317  0.08588136]
 [ 0.42555475  0.29667878 -1.78117    -0.01431217 -0.17813377  0.
   0.00559652  0.         -0.06103083  0.19271694]
 [-0.11082914 -0.47231156  0.7569563   0.13861948  0.10477939  0.
  -0.02693899  0.          0.04369717  0.03537772]] 
Episode: 147: [[-0.16303216 -0.33975255 -1.2432123   0.14627816 -0.08592337  0.
  -0.01081294  0.         -0.03670318  0.02871017]
 [ 0.16966638 -0.00846865 -1.7482492   0.02795202 -0.03666962  0.
  -0.03901751  0.          0.05016179  0.04859526]
 [ 0.3580431   0.27874792 -1.679414    0.01238263 -0.13441439  0.
  -0.00345675  0.          0.05416317  0.08619305]
 [ 0.42584026  0.2975719  -1.7822466  -0.01312032 -0.17798275  0.
   0.00512917  0.         -0.06103083  0.19321978]
 [-0.11040288 -0.4736782   0.75721663  0.13784705  0.10451838  0.
  -0.02709005  0.          0.04369717  0.03553356]] 
Episode: 148: [[-0.16329    -0.34077007 -1.2435095   0.14636542 -0.08593459  0.
  -0.01128079  0.         -0.03670318  0.02911442]
 [ 0.16975527 -0.00760119 -1.7494224   0.02889508 -0.03648788  0.
  -0.03958634  0.          0.05016179  0.04913719]
 [ 0.3580472   0.28003865 -1.6807699   0.01367071 -0.13420378  0.
  -0.00407131  0.          0.05416317  0.08671966]
 [ 0.42598844  0.29830655 -1.7834725  -0.01175951 -0.17780691  0.
   0.00460524  0.         -0.06103083  0.19388337]
 [-0.11000745 -0.4749395   0.75781155  0.13702074  0.10435306  0.
  -0.02734316  0.          0.04369717  0.03541204]] 
Episode: 149: [[-0.16359761 -0.34200335 -1.243801    0.14650057 -0.08608281  0.
  -0.01165426  0.         -0.03670318  0.02948591]
 [ 0.1698332  -0.00674986 -1.7507224   0.02986896 -0.03630153  0.
  -0.04020343  0.          0.05016179  0.04956571]
 [ 0.35805982  0.2813769  -1.6822628   0.01496435 -0.13394709  0.
  -0.00472833  0.          0.05416317  0.08710532]
 [ 0.42626306  0.29917797 -1.7848482  -0.0103804  -0.17763175  0.
   0.00403044  0.         -0.06103083  0.19432469]
 [-0.10941505 -0.4761195   0.75842595  0.13619858  0.10404283  0.
  -0.02745346  0.          0.04369717  0.03517126]] 
Episode: 150: [[-0.16374603 -0.34309632 -1.2442055   0.14663109 -0.0861792   0.
  -0.0120989   0.         -0.03670318  0.0297371 ]
 [ 0.17005771 -0.00591616 -1.7519937   0.03078482 -0.0361009   0.
  -0.0408639   0.          0.05016179  0.04982797]
 [ 0.35823253  0.28265464 -1.6837027   0.01617073 -0.13368085  0.
  -0.00542352  0.          0.05416317  0.08731507]
 [ 0.42667797  0.30003616 -1.7861962  -0.00911184 -0.17743844  0.
   0.0034099   0.         -0.06103083  0.1945491 ]
 [-0.1086251  -0.47725973  0.75876826  0.13539301  0.10378946  0.
  -0.02766963  0.          0.04369717  0.03491337]] 
Episode: 151: [[-0.16392508 -0.34403324 -1.2445532   0.14679554 -0.08634903  0.
  -0.01239015  0.         -0.03670318  0.03000628]
 [ 0.17024046 -0.00512732 -1.75313     0.0316421  -0.03612513  0.
  -0.04135282  0.          0.05016179  0.05019147]
 [ 0.3583642   0.28382757 -1.6849965   0.0172851  -0.1336775   0.
  -0.00594498  0.          0.05416317  0.08766562]
 [ 0.42701006  0.30095264 -1.7874434  -0.00786139 -0.17744423  0.
   0.00295487  0.         -0.06103083  0.19486071]
 [-0.10802709 -0.47821036  0.75902414  0.13476983  0.10386758  0.
  -0.0279808   0.          0.04369717  0.034538  ]] 
Episode: 152: [[-0.1641039  -0.3448956  -1.2448928   0.14700216 -0.08648063  0.
  -0.01258317  0.         -0.03670318  0.03016058]
 [ 0.17042072 -0.0044291  -1.7542238   0.03240757 -0.03610834  0.
  -0.04168746  0.          0.05016179  0.05045391]
 [ 0.35853153  0.28487542 -1.6862252   0.01824952 -0.13363402  0.
  -0.00631017  0.          0.05416317  0.08793252]
 [ 0.42742166  0.3017738  -1.7886654  -0.00671261 -0.17738812  0.
   0.00264876  0.         -0.06103083  0.19501182]
 [-0.10740574 -0.47905335  0.7591776   0.13433352  0.10400798  0.
  -0.02837721  0.          0.04369717  0.0340445 ]] 
Episode: 153: [[-0.16424216 -0.3456783  -1.245223    0.14719509 -0.08659552  0.
  -0.01285895  0.         -0.03670318  0.03030492]
 [ 0.17062323 -0.00379884 -1.755218    0.03311664 -0.03609308  0.
  -0.0420937   0.          0.05016179  0.05070573]
 [ 0.35872743  0.28582278 -1.6873329   0.01914107 -0.13359585  0.
  -0.00674271  0.          0.05416317  0.08819856]
 [ 0.42784935  0.30249798 -1.789758   -0.00564959 -0.17733856  0.
   0.00227004  0.         -0.06103083  0.19517869]
 [-0.10682509 -0.47983125  0.7593328   0.13392577  0.10413856  0.
  -0.02885011  0.          0.04369717  0.03359026]] 
Episode: 154: [[-0.1644409  -0.34639212 -1.2454858   0.14739776 -0.08672523  0.
  -0.0129982   0.         -0.03670318  0.03042017]
 [ 0.17071502 -0.00334691 -1.756125    0.03367653 -0.03612686  0.
  -0.04235404  0.          0.05016179  0.05101496]
 [ 0.35881796  0.28655532 -1.6883522   0.01982001 -0.1336151   0.
  -0.00702795  0.          0.05416317  0.08856454]
 [ 0.4281934   0.3030128  -1.7907822  -0.00475908 -0.1773464   0.
   0.00203253  0.         -0.06103083  0.19538234]
 [-0.10629752 -0.4804411   0.75945276  0.13376273  0.10426147  0.
  -0.02931916  0.          0.04369717  0.03304486]] 
Episode: 155: [[-1.6466708e-01 -3.4717339e-01 -1.2457391e+00  1.4765254e-01
  -8.6813003e-02  0.0000000e+00 -1.3226516e-02  0.0000000e+00
  -3.6703181e-02  3.0490937e-02]
 [ 1.7081416e-01 -2.9564283e-03 -1.7570635e+00  3.4235165e-02
  -3.6106721e-02  0.0000000e+00 -4.2693362e-02  0.0000000e+00
   5.0161786e-02  5.1147513e-02]
 [ 3.5896507e-01  2.8724891e-01 -1.6893973e+00  2.0468324e-02
  -1.3357908e-01  0.0000000e+00 -7.3884935e-03  0.0000000e+00
   5.4163173e-02  8.8718370e-02]
 [ 4.2861047e-01  3.0337182e-01 -1.7918514e+00 -3.8540929e-03
  -1.7727147e-01  0.0000000e+00  1.7155909e-03  0.0000000e+00
  -6.1030831e-02  1.9543870e-01]
 [-1.0579153e-01 -4.8111740e-01  7.5956929e-01  1.3368152e-01
   1.0446056e-01  0.0000000e+00 -2.9857539e-02  0.0000000e+00
   4.3697175e-02  3.2640949e-02]] 
Episode: 156: [[-1.65018931e-01 -3.48003179e-01 -1.24587810e+00  1.48093238e-01
  -8.68832842e-02  0.00000000e+00 -1.34232575e-02  0.00000000e+00
  -3.67031805e-02  3.06023415e-02]
 [ 1.70763314e-01 -2.60566897e-03 -1.75787890e+00  3.47492360e-02
  -3.60743888e-02  0.00000000e+00 -4.28935699e-02  0.00000000e+00
   5.01617864e-02  5.13790399e-02]
 [ 3.58927071e-01  2.87910044e-01 -1.69031298e+00  2.09720340e-02
  -1.33538693e-01  0.00000000e+00 -7.60902092e-03  0.00000000e+00
   5.41631728e-02  8.89920294e-02]
 [ 4.28906858e-01  3.03512841e-01 -1.79285431e+00 -2.92482949e-03
  -1.77188694e-01  0.00000000e+00  1.53362018e-03  0.00000000e+00
  -6.10308312e-02  1.95609599e-01]
 [-1.05243236e-01 -4.81906086e-01  7.59494185e-01  1.33910730e-01
   1.04622476e-01  0.00000000e+00 -3.04580834e-02  0.00000000e+00
   4.36971746e-02  3.21811289e-02]] 
Episode: 157: [[-1.65263802e-01 -3.48745018e-01 -1.24604702e+00  1.48500189e-01
  -8.69591162e-02  0.00000000e+00 -1.34911397e-02  0.00000000e+00
  -3.67031805e-02  3.06765158e-02]
 [ 1.70820162e-01 -2.27019773e-03 -1.75863588e+00  3.52362655e-02
  -3.60746011e-02  0.00000000e+00 -4.29686606e-02  0.00000000e+00
   5.01617864e-02  5.15398160e-02]
 [ 3.59006971e-01  2.88520008e-01 -1.69115269e+00  2.14539897e-02
  -1.33535579e-01  0.00000000e+00 -7.70359440e-03  0.00000000e+00
   5.41631728e-02  8.91849920e-02]
 [ 4.29301858e-01  3.03641438e-01 -1.79376650e+00 -2.05417164e-03
  -1.77153692e-01  0.00000000e+00  1.47307327e-03  0.00000000e+00
  -6.10308312e-02  1.95715100e-01]
 [-1.04666047e-01 -4.82642204e-01  7.59403706e-01  1.34093925e-01
   1.04754314e-01  0.00000000e+00 -3.09230313e-02  0.00000000e+00
   4.36971746e-02  3.17806713e-02]] 
Episode: 158: [[-1.6551210e-01 -3.4939513e-01 -1.2462029e+00  1.4893976e-01
  -8.6983107e-02  0.0000000e+00 -1.3661191e-02  0.0000000e+00
  -3.6703181e-02  3.0599182e-02]
 [ 1.7086220e-01 -1.8758239e-03 -1.7594286e+00  3.5653435e-02
  -3.6033306e-02  0.0000000e+00 -4.3141212e-02  0.0000000e+00
   5.0161786e-02  5.1560774e-02]
 [ 3.5911500e-01  2.8915828e-01 -1.6920279e+00  2.1819500e-02
  -1.3349357e-01  0.0000000e+00 -7.8925062e-03  0.0000000e+00
   5.4163173e-02  8.9260481e-02]
 [ 4.2977074e-01  3.0391142e-01 -1.7947265e+00 -1.2729375e-03
  -1.7703310e-01  0.0000000e+00  1.3154264e-03  0.0000000e+00
  -6.1030831e-02  1.9561175e-01]
 [-1.0404632e-01 -4.8333070e-01  7.5932771e-01  1.3440421e-01
   1.0507117e-01  0.0000000e+00 -3.1457603e-02  0.0000000e+00
   4.3697175e-02  3.1204736e-02]] 
Episode: 159: [[-1.6594616e-01 -3.5054952e-01 -1.2461994e+00  1.4942969e-01
  -8.7100469e-02  0.0000000e+00 -1.3705212e-02  0.0000000e+00
  -3.6703181e-02  3.0892726e-02]
 [ 1.7083281e-01 -1.3321617e-03 -1.7602530e+00  3.6258973e-02
  -3.5971507e-02  0.0000000e+00 -4.3401416e-02  0.0000000e+00
   5.0161786e-02  5.1580191e-02]
 [ 3.5916102e-01  2.9011485e-01 -1.6929761e+00  2.2415821e-02
  -1.3340810e-01  0.0000000e+00 -8.1662731e-03  0.0000000e+00
   5.4163173e-02  8.9082874e-02]
 [ 4.3020159e-01  3.0421844e-01 -1.7957300e+00 -2.3546332e-04
  -1.7694020e-01  0.0000000e+00  1.0704314e-03  0.0000000e+00
  -6.1030831e-02  1.9557355e-01]
 [-1.0344697e-01 -4.8439455e-01  7.5940913e-01  1.3459393e-01
   1.0504356e-01  0.0000000e+00 -3.1821627e-02  0.0000000e+00
   4.3697175e-02  3.1043299e-02]] 
Episode: 160: [[-1.66235194e-01 -3.51558298e-01 -1.24630594e+00  1.49860725e-01
  -8.72310400e-02  0.00000000e+00 -1.36742685e-02  0.00000000e+00
  -3.67031805e-02  3.11412793e-02]
 [ 1.70949519e-01 -8.34835693e-04 -1.76112127e+00  3.68542895e-02
  -3.59817818e-02  0.00000000e+00 -4.35305946e-02  0.00000000e+00
   5.01617864e-02  5.15237153e-02]
 [ 3.59371662e-01  2.90974110e-01 -1.69395769e+00  2.30198763e-02
  -1.33406758e-01  0.00000000e+00 -8.30883440e-03  0.00000000e+00
   5.41631728e-02  8.88184085e-02]
 [ 4.30756569e-01  3.04489642e-01 -1.79675770e+00  7.34774687e-04
  -1.76959172e-01  0.00000000e+00  9.53105453e-04  0.00000000e+00
  -6.10308312e-02  1.95435524e-01]
 [-1.02768570e-01 -4.85357434e-01  7.59399772e-01  1.34652987e-01
   1.04937397e-01  0.00000000e+00 -3.20341028e-02  0.00000000e+00
   4.36971746e-02  3.09332069e-02]] 
Episode: 161: [[-1.66414514e-01 -3.52448374e-01 -1.24642622e+00  1.50255740e-01
  -8.73457119e-02  0.00000000e+00 -1.36888307e-02  0.00000000e+00
  -3.67031805e-02  3.13568003e-02]
 [ 1.71157390e-01 -3.49583424e-04 -1.76187873e+00  3.74047868e-02
  -3.59977633e-02  0.00000000e+00 -4.36925031e-02  0.00000000e+00
   5.01617864e-02  5.14609665e-02]
 [ 3.59667897e-01  2.91781664e-01 -1.69480622e+00  2.35798508e-02
  -1.33413568e-01  0.00000000e+00 -8.48205946e-03  0.00000000e+00
   5.41631728e-02  8.85700434e-02]
 [ 4.31395113e-01  3.04823190e-01 -1.79763305e+00  1.62934337e-03
  -1.76988021e-01  0.00000000e+00  7.44435121e-04  0.00000000e+00
  -6.10308312e-02  1.95295274e-01]
 [-1.01998076e-01 -4.86216605e-01  7.59319305e-01  1.34689748e-01
   1.04848474e-01  0.00000000e+00 -3.23413350e-02  0.00000000e+00
   4.36971746e-02  3.08167376e-02]] 
Episode: 162: [[-1.66817382e-01 -3.53895426e-01 -1.24627352e+00  1.50822610e-01
  -8.76693055e-02  0.00000000e+00 -1.35925831e-02  0.00000000e+00
  -3.67031805e-02  3.18919718e-02]
 [ 1.71144918e-01 -5.40842339e-05 -1.76272130e+00  3.83561291e-02
  -3.61750461e-02  0.00000000e+00 -4.39433381e-02  0.00000000e+00
   5.01617864e-02  5.14836684e-02]
 [ 3.59828860e-01  2.92814076e-01 -1.69581771e+00  2.45951209e-02
  -1.33571371e-01  0.00000000e+00 -8.74193665e-03  0.00000000e+00
   5.41631728e-02  8.81090909e-02]
 [ 4.31889594e-01  3.04883093e-01 -1.79865980e+00  2.99495854e-03
  -1.77172184e-01  0.00000000e+00  4.53593791e-04  0.00000000e+00
  -6.10308312e-02  1.95238397e-01]
 [-1.01367235e-01 -4.87345099e-01  7.59354830e-01  1.34561092e-01
   1.04816437e-01  0.00000000e+00 -3.27336118e-02  0.00000000e+00
   4.36971746e-02  3.10440660e-02]] 
Episode: 163: [[-1.6711810e-01 -3.5523492e-01 -1.2462147e+00  1.5135458e-01
  -8.7969676e-02  0.0000000e+00 -1.3414009e-02  0.0000000e+00
  -3.6703181e-02  3.2344148e-02]
 [ 1.7123224e-01  2.0832570e-04 -1.7635939e+00  3.9263576e-02
  -3.6390174e-02  0.0000000e+00 -4.4063877e-02  0.0000000e+00
   5.0161786e-02  5.1463041e-02]
 [ 3.6009383e-01  2.9375866e-01 -1.6968461e+00  2.5567152e-02
  -1.3378234e-01  0.0000000e+00 -8.8717723e-03  0.0000000e+00
   5.4163173e-02  8.7646119e-02]
 [ 4.3250018e-01  3.0489433e-01 -1.7996947e+00  4.2911624e-03
  -1.7740248e-01  0.0000000e+00  2.9494747e-04  0.0000000e+00
  -6.1030831e-02  1.9509365e-01]
 [-1.0067384e-01 -4.8840609e-01  7.5939357e-01  1.3440800e-01
   1.0482538e-01  0.0000000e+00 -3.3202212e-02  0.0000000e+00
   4.3697175e-02  3.1168517e-02]] 
Episode: 164: [[-1.67425558e-01 -3.56451273e-01 -1.24618888e+00  1.51867613e-01
  -8.82550031e-02  0.00000000e+00 -1.31631708e-02  0.00000000e+00
  -3.67031805e-02  3.27512175e-02]
 [ 1.71316549e-01  4.74932371e-04 -1.76443446e+00  4.01223861e-02
  -3.66210192e-02  0.00000000e+00 -4.40672301e-02  0.00000000e+00
   5.01617864e-02  5.14292233e-02]
 [ 3.60337168e-01  2.94640452e-01 -1.69782841e+00  2.64830682e-02
  -1.34015322e-01  0.00000000e+00 -8.88463203e-03  0.00000000e+00
   5.41631728e-02  8.72149989e-02]
 [ 4.33036804e-01  3.04848671e-01 -1.80070639e+00  5.53571619e-03
  -1.77648053e-01  0.00000000e+00  2.55230232e-04  0.00000000e+00
  -6.10308312e-02  1.94971994e-01]
 [-1.00145765e-01 -4.89457846e-01  7.59400129e-01  1.34310469e-01
   1.04849070e-01  0.00000000e+00 -3.37392986e-02  0.00000000e+00
   4.36971746e-02  3.12993191e-02]] 
Episode: 165: [[-1.67869106e-01 -3.57686996e-01 -1.24604225e+00  1.52479425e-01
  -8.84978920e-02  0.00000000e+00 -1.28281647e-02  0.00000000e+00
  -3.67031805e-02  3.32584828e-02]
 [ 1.71271175e-01  7.74927146e-04 -1.76529014e+00  4.09782827e-02
  -3.67014445e-02  0.00000000e+00 -4.41753045e-02  0.00000000e+00
   5.01617864e-02  5.15368767e-02]
 [ 3.60433429e-01  2.95547903e-01 -1.69885695e+00  2.73553636e-02
  -1.34077340e-01  0.00000000e+00 -9.00013559e-03  0.00000000e+00
   5.41631728e-02  8.69330093e-02]
 [ 4.33480233e-01  3.04778099e-01 -1.80176091e+00  6.77896757e-03
  -1.77724794e-01  0.00000000e+00  1.16477975e-04  0.00000000e+00
  -6.10308312e-02  1.94990188e-01]
 [-9.95878652e-02 -4.90566760e-01  7.59527683e-01  1.34318575e-01
   1.04782365e-01  0.00000000e+00 -3.41064334e-02  0.00000000e+00
   4.36971746e-02  3.13845165e-02]] 
Episode: 166: [[-1.6814387e-01 -3.5878769e-01 -1.2460580e+00  1.5301448e-01
  -8.8682495e-02  0.0000000e+00 -1.2636183e-02  0.0000000e+00
  -3.6703181e-02  3.3666220e-02]
 [ 1.7138836e-01  1.1186281e-03 -1.7661799e+00  4.1815203e-02
  -3.6771357e-02  0.0000000e+00 -4.4377562e-02  0.0000000e+00
   5.0161786e-02  5.1523082e-02]
 [ 3.6069009e-01  2.9642662e-01 -1.6998894e+00  2.8226346e-02
  -1.3413851e-01  0.0000000e+00 -9.2079677e-03  0.0000000e+00
   5.4163173e-02  8.6546659e-02]
 [ 4.3404517e-01  3.0480951e-01 -1.8028189e+00  7.9360809e-03
  -1.7778067e-01  0.0000000e+00 -1.1136730e-04  0.0000000e+00
  -6.1030831e-02  1.9483490e-01]
 [-9.8836713e-02 -4.9159172e-01  7.5937229e-01  1.3415986e-01
   1.0487146e-01  0.0000000e+00 -3.4552056e-02  0.0000000e+00
   4.3697175e-02  3.1448320e-02]] 
Episode: 167: [[-1.6848435e-01 -3.5987243e-01 -1.2461021e+00  1.5355733e-01
  -8.8874124e-02  0.0000000e+00 -1.2572769e-02  0.0000000e+00
  -3.6703181e-02  3.4116805e-02]
 [ 1.7143747e-01  1.4183042e-03 -1.7671043e+00  4.2638704e-02
  -3.6829658e-02  0.0000000e+00 -4.4664521e-02  0.0000000e+00
   5.0161786e-02  5.1533401e-02]
 [ 3.6086646e-01  2.9725474e-01 -1.7009379e+00  2.9075203e-02
  -1.3418916e-01  0.0000000e+00 -9.4988467e-03  0.0000000e+00
   5.4163173e-02  8.6191796e-02]
 [ 4.3451965e-01  3.0466813e-01 -1.8039291e+00  9.0845739e-03
  -1.7784232e-01  0.0000000e+00 -4.1936018e-04  0.0000000e+00
  -6.1030831e-02  1.9472182e-01]
 [-9.8143309e-02 -4.9266723e-01  7.5913209e-01  1.3404652e-01
   1.0486345e-01  0.0000000e+00 -3.4955990e-02  0.0000000e+00
   4.3697175e-02  3.1555966e-02]] 
Episode: 168: [[-1.6881903e-01 -3.6082074e-01 -1.2461426e+00  1.5420347e-01
  -8.9090496e-02  0.0000000e+00 -1.2406542e-02  0.0000000e+00
  -3.6703181e-02  3.4310322e-02]
 [ 1.7146511e-01  1.6694815e-03 -1.7680171e+00  4.3305065e-02
  -3.6926571e-02  0.0000000e+00 -4.4817746e-02  0.0000000e+00
   5.0161786e-02  5.1339488e-02]
 [ 3.6105177e-01  2.9797009e-01 -1.7019601e+00  2.9672176e-02
  -1.3427593e-01  0.0000000e+00 -9.6567189e-03  0.0000000e+00
   5.4163173e-02  8.5707285e-02]
 [ 4.3504006e-01  3.0456370e-01 -1.8050435e+00  1.0084025e-02
  -1.7794712e-01  0.0000000e+00 -5.9354678e-04  0.0000000e+00
  -6.1030831e-02  1.9440033e-01]
 [-9.7451642e-02 -4.9357533e-01  7.5884891e-01  1.3427262e-01
   1.0482753e-01  0.0000000e+00 -3.5434943e-02  0.0000000e+00
   4.3697175e-02  3.1425748e-02]] 
Episode: 169: [[-1.69040427e-01 -3.61656845e-01 -1.24623394e+00  1.54804334e-01
  -8.93273205e-02  0.00000000e+00 -1.21479072e-02  0.00000000e+00
  -3.67031805e-02  3.44812572e-02]
 [ 1.71620801e-01  1.99354533e-03 -1.76883888e+00  4.39605117e-02
  -3.71053815e-02  0.00000000e+00 -4.48506847e-02  0.00000000e+00
   5.01617864e-02  5.11503443e-02]
 [ 3.61354142e-01  2.98693836e-01 -1.70286429e+00  3.02742608e-02
  -1.34456322e-01  0.00000000e+00 -9.69494134e-03  0.00000000e+00
   5.41631728e-02  8.52591395e-02]
 [ 4.35637236e-01  3.04594398e-01 -1.80602050e+00  1.10572828e-02
  -1.78155765e-01  0.00000000e+00 -6.47351611e-04  0.00000000e+00
  -6.10308312e-02  1.94123134e-01]
 [-9.67978463e-02 -4.94442970e-01  7.58537948e-01  1.34426802e-01
   1.04791366e-01  0.00000000e+00 -3.59765217e-02  0.00000000e+00
   4.36971746e-02  3.13325673e-02]] 
Episode: 170: [[-1.6918318e-01 -3.6240932e-01 -1.2463276e+00  1.5535706e-01
  -8.9531250e-02  0.0000000e+00 -1.1806223e-02  0.0000000e+00
  -3.6703181e-02  3.4615058e-02]
 [ 1.7185992e-01  2.2981227e-03 -1.7695631e+00  4.4572365e-02
  -3.7267718e-02  0.0000000e+00 -4.4775434e-02  0.0000000e+00
   5.0161786e-02  5.0939787e-02]
 [ 3.6175171e-01  2.9936054e-01 -1.7036583e+00  3.0839894e-02
  -1.3461936e-01  0.0000000e+00 -9.6255336e-03  0.0000000e+00
   5.4163173e-02  8.4816583e-02]
 [ 4.3631735e-01  3.0465540e-01 -1.8068767e+00  1.1962192e-02
  -1.7832245e-01  0.0000000e+00 -5.9285364e-04  0.0000000e+00
  -6.1030831e-02  1.9385451e-01]
 [-9.6160620e-02 -4.9523365e-01  7.5822991e-01  1.3455537e-01
   1.0485933e-01  0.0000000e+00 -3.6477838e-02  0.0000000e+00
   4.3697175e-02  3.1249063e-02]] 
Episode: 171: [[-1.6921146e-01 -3.6309192e-01 -1.2465088e+00  1.5584718e-01
  -8.9655630e-02  0.0000000e+00 -1.1607883e-02  0.0000000e+00
  -3.6703181e-02  3.4712974e-02]
 [ 1.7220668e-01  2.5462091e-03 -1.7703171e+00  4.5168560e-02
  -3.7332606e-02  0.0000000e+00 -4.4812582e-02  0.0000000e+00
   5.0161786e-02  5.0716344e-02]
 [ 3.6225924e-01  2.9993987e-01 -1.7044781e+00  3.1403750e-02
  -1.3467902e-01  0.0000000e+00 -9.6668564e-03  0.0000000e+00
   5.4163173e-02  8.4369212e-02]
 [ 4.3709284e-01  3.0471152e-01 -1.8077620e+00  1.2787333e-02
  -1.7837042e-01  0.0000000e+00 -6.4670836e-04  0.0000000e+00
  -6.1030831e-02  1.9348390e-01]
 [-9.5360257e-02 -4.9590507e-01  7.5787097e-01  1.3454133e-01
   1.0497352e-01  0.0000000e+00 -3.7044495e-02  0.0000000e+00
   4.3697175e-02  3.1079341e-02]] 
Episode: 172: [[-1.6936299e-01 -3.6382410e-01 -1.2465832e+00  1.5642725e-01
  -8.9811988e-02  0.0000000e+00 -1.1356679e-02  0.0000000e+00
  -3.6703181e-02  3.4924779e-02]
 [ 1.7244424e-01  2.8972616e-03 -1.7710527e+00  4.5818023e-02
  -3.7380580e-02  0.0000000e+00 -4.4867411e-02  0.0000000e+00
   5.0161786e-02  5.0689127e-02]
 [ 3.6263528e-01  3.0063227e-01 -1.7053081e+00  3.2005161e-02
  -1.3471423e-01  0.0000000e+00 -9.7755818e-03  0.0000000e+00
   5.4163173e-02  8.4128931e-02]
 [ 4.3777686e-01  3.0496126e-01 -1.8086768e+00  1.3693691e-02
  -1.7841123e-01  0.0000000e+00 -7.9804298e-04  0.0000000e+00
  -6.1030831e-02  1.9326802e-01]
 [-9.4577223e-02 -4.9661490e-01  7.5749749e-01  1.3456380e-01
   1.0497788e-01  0.0000000e+00 -3.7669770e-02  0.0000000e+00
   4.3697175e-02  3.0742163e-02]] 
Episode: 173: [[-1.69415087e-01 -3.64473462e-01 -1.24671984e+00  1.56954139e-01
  -8.99205282e-02  0.00000000e+00 -1.12398211e-02  0.00000000e+00
  -3.67031805e-02  3.51006165e-02]
 [ 1.72783390e-01  3.29710613e-03 -1.77173722e+00  4.64634672e-02
  -3.73984650e-02  0.00000000e+00 -4.50218767e-02  0.00000000e+00
   5.01617864e-02  5.06268777e-02]
 [ 3.63095969e-01  3.01324934e-01 -1.70606780e+00  3.26211266e-02
  -1.34722605e-01  0.00000000e+00 -9.97732021e-03  0.00000000e+00
   5.41631728e-02  8.38671923e-02]
 [ 4.38512504e-01  3.05294186e-01 -1.80949485e+00  1.45727154e-02
  -1.78415656e-01  0.00000000e+00 -1.03707449e-03  0.00000000e+00
  -6.10308312e-02  1.93040922e-01]
 [-9.37459245e-02 -4.97292906e-01  7.57118165e-01  1.34492025e-01
   1.05036125e-01  0.00000000e+00 -3.83476317e-02  0.00000000e+00
   4.36971746e-02  3.04818135e-02]] 
Episode: 174: [[-1.6961846e-01 -3.6533785e-01 -1.2467474e+00  1.5752289e-01
  -9.0174608e-02  0.0000000e+00 -1.1025688e-02  0.0000000e+00
  -3.6703181e-02  3.5516523e-02]
 [ 1.7296566e-01  3.7581967e-03 -1.7723751e+00  4.7176812e-02
  -3.7433755e-02  0.0000000e+00 -4.5133349e-02  0.0000000e+00
   5.0161786e-02  5.0828788e-02]
 [ 3.6334708e-01  3.0217630e-01 -1.7068006e+00  3.3317331e-02
  -1.3471764e-01  0.0000000e+00 -1.0248031e-02  0.0000000e+00
   5.4163173e-02  8.3832465e-02]
 [ 4.3906808e-01  3.0563283e-01 -1.8103049e+00  1.5570851e-02
  -1.7848486e-01  0.0000000e+00 -1.1768895e-03  0.0000000e+00
  -6.1030831e-02  1.9303942e-01]
 [-9.3003377e-02 -4.9816620e-01  7.5680244e-01  1.3444711e-01
   1.0475569e-01  0.0000000e+00 -3.8841460e-02  0.0000000e+00
   4.3697175e-02  3.0100137e-02]] 
Episode: 175: [[-1.6978981e-01 -3.6611500e-01 -1.2467966e+00  1.5805054e-01
  -9.0429246e-02  0.0000000e+00 -1.0724122e-02  0.0000000e+00
  -3.6703181e-02  3.5922937e-02]
 [ 1.7316814e-01  4.2209714e-03 -1.7729827e+00  4.7843099e-02
  -3.7514292e-02  0.0000000e+00 -4.5128234e-02  0.0000000e+00
   5.0161786e-02  5.1057842e-02]
 [ 3.6362252e-01  3.0298367e-01 -1.7074875e+00  3.3970337e-02
  -1.3476869e-01  0.0000000e+00 -1.0387656e-02  0.0000000e+00
   5.4163173e-02  8.3856665e-02]
 [ 4.3961710e-01  3.0597854e-01 -1.8110673e+00  1.6515756e-02
  -1.7860746e-01  0.0000000e+00 -1.1997239e-03  0.0000000e+00
  -6.1030831e-02  1.9312678e-01]
 [-9.2347920e-02 -4.9899247e-01  7.5651592e-01  1.3441797e-01
   1.0449809e-01  0.0000000e+00 -3.9169963e-02  0.0000000e+00
   4.3697175e-02  2.9803632e-02]] 
Episode: 176: [[-1.7002113e-01 -3.6693835e-01 -1.2468036e+00  1.5848672e-01
  -9.0618491e-02  0.0000000e+00 -1.0542367e-02  0.0000000e+00
  -3.6703181e-02  3.6436252e-02]
 [ 1.7331818e-01  4.8301425e-03 -1.7735623e+00  4.8592206e-02
  -3.7570465e-02  0.0000000e+00 -4.5228999e-02  0.0000000e+00
   5.0161786e-02  5.1407371e-02]
 [ 3.6381394e-01  3.0393758e-01 -1.7081469e+00  3.4759827e-02
  -1.3481417e-01  0.0000000e+00 -1.0617213e-02  0.0000000e+00
   5.4163173e-02  8.3989352e-02]
 [ 4.4003388e-01  3.0658048e-01 -1.8117822e+00  1.7546758e-02
  -1.7868850e-01  0.0000000e+00 -1.3232268e-03  0.0000000e+00
  -6.1030831e-02  1.9334090e-01]
 [-9.1830790e-02 -4.9986285e-01  7.5642771e-01  1.3422222e-01
   1.0435637e-01  0.0000000e+00 -3.9580666e-02  0.0000000e+00
   4.3697175e-02  2.9498192e-02]] 
Episode: 177: [[-1.7015146e-01 -3.6767575e-01 -1.2469026e+00  1.5887696e-01
  -9.0783253e-02  0.0000000e+00 -1.0487845e-02  0.0000000e+00
  -3.6703181e-02  3.6838137e-02]
 [ 1.7358512e-01  5.4285401e-03 -1.7741938e+00  4.9311161e-02
  -3.7599552e-02  0.0000000e+00 -4.5424990e-02  0.0000000e+00
   5.0161786e-02  5.1539060e-02]
 [ 3.6415723e-01  3.0484259e-01 -1.7088429e+00  3.5524949e-02
  -1.3482761e-01  0.0000000e+00 -1.0927664e-02  0.0000000e+00
   5.4163173e-02  8.3897978e-02]
 [ 4.4057369e-01  3.0720019e-01 -1.8125342e+00  1.8513067e-02
  -1.7874941e-01  0.0000000e+00 -1.5372956e-03  0.0000000e+00
  -6.1030831e-02  1.9333747e-01]
 [-9.1217324e-02 -5.0067252e-01  7.5617754e-01  1.3396618e-01
   1.0418124e-01  0.0000000e+00 -4.0065158e-02  0.0000000e+00
   4.3697175e-02  2.9288117e-02]] 
Episode: 178: [[-0.17042273 -0.3686749  -1.2469091   0.15921183 -0.09102979  0.
  -0.0103299   0.         -0.03670318  0.03752197]
 [ 0.17382026  0.00615121 -1.7748812   0.05009209 -0.03760083  0.
  -0.04570662  0.          0.05016179  0.05147621]
 [ 0.36452428  0.30597034 -1.709618    0.03638375 -0.1347864   0.
  -0.01131088  0.          0.05416317  0.08358213]
 [ 0.44111085  0.30798653 -1.8133239   0.01956529 -0.17878596  0.
  -0.00183284  0.         -0.06103083  0.19322632]
 [-0.09069558 -0.5016707   0.7561005   0.13363871  0.10389545  0.
  -0.04038564  0.          0.04369717  0.02942483]] 
Episode: 179: [[-0.17060368 -0.36958402 -1.2469759   0.15953867 -0.09126754  0.
  -0.01012736  0.         -0.03670318  0.03809178]
 [ 0.17415027  0.00685369 -1.7755216   0.05084321 -0.03764953  0.
  -0.04585474  0.          0.05016179  0.05131312]
 [ 0.36498946  0.3070318  -1.7103171   0.03720984 -0.13480501  0.
  -0.01155183  0.          0.05416317  0.08318391]
 [ 0.4417349   0.30865243 -1.8140323   0.02058964 -0.1788907   0.
  -0.00199588  0.         -0.06103083  0.19304828]
 [-0.09018558 -0.50268286  0.7559643   0.13333742  0.10358903  0.
  -0.04078879  0.          0.04369717  0.02963007]] 
Episode: 180: [[-0.17088296 -0.37061903 -1.246975    0.15974689 -0.09143975  0.
  -0.01005422  0.         -0.03670318  0.03882553]
 [ 0.17440003  0.00755614 -1.7763698   0.05174659 -0.03765327  0.
  -0.04609324  0.          0.05016179  0.05126619]
 [ 0.36534974  0.3081558  -1.711258    0.03825137 -0.13479573  0.
  -0.01187247  0.          0.05416317  0.08284508]
 [ 0.44227108  0.3093947  -1.8149736   0.02178381 -0.17892028  0.
  -0.00224548  0.         -0.06103083  0.19295445]
 [-0.08965212 -0.50370985  0.755984    0.13281126  0.10344627  0.
  -0.04125985  0.          0.04369717  0.02985991]] 
Episode: 181: [[-0.17117037 -0.371582   -1.2470024   0.15985227 -0.09157243  0.
  -0.00998006  0.         -0.03670318  0.03965512]
 [ 0.17466894  0.00829133 -1.7773066   0.05268765 -0.03760372  0.
  -0.046413    0.          0.05016179  0.05115393]
 [ 0.3657341   0.3092724  -1.7122958   0.03936648 -0.13473123  0.
  -0.01226477  0.          0.05416317  0.08237441]
 [ 0.4427649   0.3101864  -1.8159637   0.02299556 -0.17888339  0.
  -0.00257293  0.         -0.06103083  0.19286232]
 [-0.08921498 -0.5047273   0.75617033  0.13213848  0.1033454   0.
  -0.04158806  0.          0.04369717  0.03037214]] 
Episode: 182: [[-0.17130207 -0.37245506 -1.2471167   0.15988347 -0.09170309  0.
  -0.01002267  0.         -0.03670318  0.04035359]
 [ 0.17501748  0.00893319 -1.7782784   0.05349914 -0.03750644  0.
  -0.04680586  0.          0.05016179  0.05097298]
 [ 0.36617273  0.31026125 -1.7133642   0.04034146 -0.13460317  0.
  -0.01272154  0.          0.05416317  0.08185823]
 [ 0.44337365  0.31087083 -1.8169839   0.02397862 -0.17880201  0.
  -0.00297043  0.         -0.06103083  0.19262826]
 [-0.08861046 -0.5056441   0.7562427   0.13141972  0.10316842  0.
  -0.04176829  0.          0.04369717  0.03079655]] 
Episode: 183: [[-0.17146042 -0.37338123 -1.2472699   0.15989976 -0.09184184  0.
  -0.01007155  0.         -0.03670318  0.04107021]
 [ 0.17536078  0.00953115 -1.7792842   0.05438235 -0.03750481  0.
  -0.04706826  0.          0.05016179  0.05080511]
 [ 0.36659315  0.3112375  -1.7144475   0.04140497 -0.13459729  0.
  -0.01302878  0.          0.05416317  0.0813513 ]
 [ 0.443938    0.31136087 -1.8180336   0.02505088 -0.17882225  0.
  -0.0032253   0.         -0.06103083  0.19246571]
 [-0.08810399 -0.5066717   0.7563277   0.13063203  0.10308942  0.
  -0.0420451   0.          0.04369717  0.03131724]] 
Episode: 184: [[-0.17153841 -0.37423986 -1.2474847   0.15983512 -0.09197304  0.
  -0.01022509  0.         -0.03670318  0.04166997]
 [ 0.17576358  0.01013754 -1.7803806   0.05522775 -0.03747053  0.
  -0.04740952  0.          0.05016179  0.0505309 ]
 [ 0.3670889   0.3121823  -1.7156308   0.04244295 -0.13454992  0.
  -0.01340896  0.          0.05416317  0.08074661]
 [ 0.4446015   0.311843   -1.8191736   0.02604361 -0.17881966  0.
  -0.00355745  0.         -0.06103083  0.19214459]
 [-0.08750729 -0.5076701   0.7564413   0.12977067  0.10293642  0.
  -0.04217935  0.          0.04369717  0.03182504]] 
Episode: 185: [[-0.17152897 -0.37500787 -1.2477376   0.15978475 -0.09212305  0.
  -0.01025369  0.         -0.03670318  0.04220456]
 [ 0.1762359   0.01071275 -1.7813828   0.05601366 -0.03749977  0.
  -0.0476114   0.          0.05016179  0.05026618]
 [ 0.3676488   0.3130572  -1.7166954   0.04340468 -0.13457455  0.
  -0.01364735  0.          0.05416317  0.08018638]
 [ 0.44533095  0.3123121  -1.8201988   0.0269694  -0.17891301  0.
  -0.00375354  0.         -0.06103083  0.1918559 ]
 [-0.08684351 -0.50858426  0.75637746  0.12897123  0.10273369  0.
  -0.04219637  0.          0.04369717  0.0323057 ]] 
Episode: 186: [[-0.17165083 -0.37592    -1.2479252   0.15972842 -0.09237286  0.
  -0.01038885  0.         -0.03670318  0.04294215]
 [ 0.17666379  0.01135623 -1.7825038   0.05700938 -0.03775582  0.
  -0.04768794  0.          0.05016179  0.05016145]
 [ 0.36815158  0.3140482  -1.717885    0.04460775 -0.13486294  0.
  -0.01375816  0.          0.05416317  0.07971471]
 [ 0.4459783   0.3128716  -1.8213503   0.02815871 -0.17926122  0.
  -0.00382722  0.         -0.06103083  0.19177125]
 [-0.08643474 -0.5095911   0.7566108   0.12802877  0.10259344  0.
  -0.04232619  0.          0.04369717  0.03289694]] 
Episode: 187: [[-0.17189835 -0.37696993 -1.247942    0.15967537 -0.0927126   0.
  -0.0105577   0.         -0.03670318  0.04373131]
 [ 0.17702262  0.01200645 -1.7836467   0.0581471  -0.03817057  0.
  -0.04765172  0.          0.05016179  0.05016888]
 [ 0.36862043  0.31510815 -1.7191138   0.04596496 -0.1353285   0.
  -0.01375421  0.          0.05416317  0.07935546]
 [ 0.4466095   0.31338885 -1.8225278   0.02952406 -0.17979838  0.
  -0.00379076  0.         -0.06103083  0.19170225]
 [-0.08605734 -0.5106938   0.75706923  0.1270063   0.10242653  0.
  -0.04255733  0.          0.04369717  0.03324003]] 
Episode: 188: [[-0.17209947 -0.3778971  -1.2479804   0.15973876 -0.0930707   0.
  -0.01059993  0.         -0.03670318  0.04423229]
 [ 0.17732027  0.01254488 -1.7848275   0.05902583 -0.03859382  0.
  -0.04751408  0.          0.05016179  0.05001489]
 [ 0.36905518  0.31601238 -1.7203772   0.04696973 -0.13579531  0.
  -0.01364703  0.          0.05416317  0.07893013]
 [ 0.44730338  0.31378543 -1.8237568   0.03059123 -0.18035813  0.
  -0.00365521  0.         -0.06103083  0.19142649]
 [-0.08552583 -0.5116593   0.7574798   0.12637173  0.10216203  0.
  -0.04265086  0.          0.04369717  0.03333728]] 
Episode: 189: [[-0.17234994 -0.37878624 -1.2480199   0.16008766 -0.09343423  0.
  -0.01061713  0.         -0.03670318  0.04455111]
 [ 0.1775247   0.01302389 -1.7859365   0.05976877 -0.03896001  0.
  -0.04742405  0.          0.05016179  0.04972075]
 [ 0.3693899   0.31684783 -1.7215419   0.0477196  -0.13618715  0.
  -0.01365419  0.          0.05416317  0.07841036]
 [ 0.44796234  0.31403652 -1.8249438   0.03152703 -0.18086025  0.
  -0.00363596  0.         -0.06103083  0.19096819]
 [-0.08492748 -0.5126174   0.75770265  0.12611906  0.10178916  0.
  -0.04275713  0.          0.04369717  0.03329025]] 
Episode: 190: [[-0.17257084 -0.3795863  -1.248068    0.16040456 -0.09376527  0.
  -0.01052272  0.         -0.03670318  0.04485226]
 [ 0.1777534   0.01354989 -1.7869557   0.06051036 -0.03932448  0.
  -0.04723777  0.          0.05016179  0.04950878]
 [ 0.36971924  0.31767705 -1.7226075   0.0484829  -0.1365855   0.
  -0.01355705  0.          0.05416317  0.07800391]
 [ 0.44855073  0.3143658  -1.8260068   0.03247154 -0.181354    0.
  -0.00351593  0.         -0.06103083  0.19064526]
 [-0.08446097 -0.51354134  0.75801486  0.1258417   0.10147683  0.
  -0.0429672   0.          0.04369717  0.03324574]] 
Episode: 191: [[-0.17272073 -0.38032544 -1.2481582   0.16060974 -0.09406707  0.
  -0.01054762  0.         -0.03670318  0.04515294]
 [ 0.1780197   0.01406253 -1.787984    0.06123103 -0.03964546  0.
  -0.04717542  0.          0.05016179  0.04935722]
 [ 0.3700611   0.31846523 -1.7236961   0.04925186 -0.13693362  0.
  -0.01357321  0.          0.05416317  0.07767919]
 [ 0.4491431   0.31468537 -1.8270686   0.0333506  -0.18179874  0.
  -0.00351061  0.         -0.06103083  0.19042285]
 [-0.08390732 -0.51442426  0.758426    0.12542893  0.10115456  0.
  -0.04309506  0.          0.04369717  0.03323879]] 
Episode: 192: [[-0.17280945 -0.38098875 -1.2482963   0.16080318 -0.09430578  0.
  -0.01067975  0.         -0.03670318  0.04540762]
 [ 0.17834985  0.01455628 -1.7889472   0.06192068 -0.03989723  0.
  -0.04722455  0.          0.05016179  0.0491666 ]
 [ 0.37046045  0.31920183 -1.7247055   0.0499866  -0.13720897  0.
  -0.01369129  0.          0.05416317  0.07732705]
 [ 0.4497477   0.3150137  -1.8280543   0.03417825 -0.18214644  0.
  -0.0036085   0.         -0.06103083  0.19018896]
 [-0.08340883 -0.51524127  0.7587597   0.1250037   0.10091787  0.
  -0.04332463  0.          0.04369717  0.03328459]] 
Episode: 193: [[-0.17306957 -0.38197887 -1.2482674   0.16099457 -0.09476965  0.
  -0.01068893  0.         -0.03670318  0.04586591]
 [ 0.17857675  0.01503429 -1.7901883   0.06278285 -0.04012092  0.
  -0.04737394  0.          0.05016179  0.04909174]
 [ 0.3707682   0.3200817  -1.7260463   0.05091438 -0.13740171  0.
  -0.01390108  0.          0.05416317  0.0769856 ]
 [ 0.45036608  0.31519526 -1.8293488   0.0352049  -0.18253635  0.
  -0.00379925  0.         -0.06103083  0.18986069]
 [-0.08281821 -0.5162793   0.75947165  0.12446687  0.10017202  0.
  -0.04341656  0.          0.04369717  0.03302298]] 
Episode: 194: [[-0.1735428  -0.38345304 -1.2479304   0.16086839 -0.09544441  0.
  -0.01058756  0.         -0.03670318  0.04657917]
 [ 0.1785793   0.01576192 -1.7916332   0.06408297 -0.04058984  0.
  -0.0476135   0.          0.05016179  0.0493256 ]
 [ 0.37084162  0.3213847  -1.7276179   0.052227   -0.13786209  0.
  -0.01419335  0.          0.05416317  0.07667202]
 [ 0.45083976  0.31557083 -1.8309112   0.03663723 -0.1832569   0.
  -0.00407354  0.         -0.06103083  0.18959436]
 [-0.08239932 -0.5176626   0.7603751   0.12347617  0.0991799   0.
  -0.0433848   0.          0.04369717  0.03252006]] 
Episode: 195: [[-0.17415304 -0.3850156  -1.2475519   0.16068298 -0.09616771  0.
  -0.01038683  0.         -0.03670318  0.04750966]
 [ 0.17852345  0.01661789 -1.7930714   0.06541599 -0.04094763  0.
  -0.04793417  0.          0.05016179  0.04948839]
 [ 0.37088028  0.32281375 -1.7291912   0.05361423 -0.13817419  0.
  -0.01455983  0.          0.05416317  0.07615899]
 [ 0.45122224  0.31599233 -1.8324642   0.03813595 -0.18385686  0.
  -0.00442299  0.         -0.06103083  0.18936245]
 [-0.08212083 -0.5192228   0.7613327   0.1224542   0.09806786  0.
  -0.04324193  0.          0.04369717  0.03236704]] 
Episode: 196: [[-0.17469794 -0.38643414 -1.2472497   0.16052626 -0.09679306  0.
  -0.01025444  0.         -0.03670318  0.04839154]
 [ 0.17852092  0.01741256 -1.7944335   0.06666435 -0.04125084  0.
  -0.04814471  0.          0.05016179  0.04962411]
 [ 0.37097088  0.3241232  -1.7306639   0.0549153  -0.1384424   0.
  -0.01478613  0.          0.05416317  0.07566902]
 [ 0.45162135  0.3163729  -1.8339163   0.03954411 -0.18436907  0.
  -0.00468689  0.         -0.06103083  0.18919814]
 [-0.08188761 -0.5206709   0.7622153   0.12149818  0.09711705  0.
  -0.04322767  0.          0.04369717  0.03235487]] 
Episode: 197: [[-0.17522413 -0.3877115  -1.2469764   0.16041863 -0.09734938  0.
  -0.01024507  0.         -0.03670318  0.04917883]
 [ 0.17851707  0.01801889 -1.7957302   0.06779835 -0.0415521   0.
  -0.04822893  0.          0.05016179  0.04988853]
 [ 0.37108946  0.3252173  -1.7320749   0.05608607 -0.13871291  0.
  -0.01488631  0.          0.05416317  0.07543207]
 [ 0.45205668  0.31663564 -1.8353468   0.04083446 -0.18481234  0.
  -0.00482154  0.         -0.06103083  0.18918754]
 [-0.08170302 -0.5218809   0.7629718   0.12068342  0.0964512   0.
  -0.04332896  0.          0.04369717  0.03215701]] 
Episode: 198: [[-0.17583525 -0.38914806 -1.2465969   0.16033809 -0.09817328  0.
  -0.01012699  0.         -0.03670318  0.05016994]
 [ 0.17846942  0.01866621 -1.7970378   0.06896555 -0.0418785   0.
  -0.04840989  0.          0.05016179  0.05024965]
 [ 0.37111065  0.3264247  -1.7335049   0.05730401 -0.13894041  0.
  -0.01507988  0.          0.05416317  0.07512358]
 [ 0.45246634  0.31692445 -1.8368044   0.04217812 -0.18532258  0.
  -0.00504551  0.         -0.06103083  0.18923075]
 [-0.08150025 -0.5231919   0.7638366   0.11985487  0.09545258  0.
  -0.04330603  0.          0.04369717  0.03201389]] 
Episode: 199: [[-0.17642096 -0.3904979  -1.2462348   0.1601795  -0.09891915  0.
  -0.01006937  0.         -0.03670318  0.05114924]
 [ 0.1784866   0.0193171  -1.7983456   0.07016063 -0.04215978  0.
  -0.04846755  0.          0.05016179  0.05060237]
 [ 0.3712207   0.32758486 -1.7349396   0.05858688 -0.13913238  0.
  -0.01515066  0.          0.05416317  0.07484851]
 [ 0.45288587  0.31721547 -1.8382353   0.04357329 -0.18577375  0.
  -0.00514427  0.         -0.06103083  0.18937151]
 [-0.08136655 -0.5244646   0.7648019   0.11895775  0.09452452  0.
  -0.04339933  0.          0.04369717  0.03202789]] 
Episode: 200: [[-0.17693299 -0.39171436 -1.2459562   0.16003379 -0.09956031  0.
  -0.01012738  0.         -0.03670318  0.05205927]
 [ 0.17854884  0.01992457 -1.7995594   0.07127333 -0.04236807  0.
  -0.04862455  0.          0.05016179  0.05093146]
 [ 0.37135673  0.32864946 -1.7362661   0.05978439 -0.13925786  0.
  -0.01531774  0.          0.05416317  0.07460596]
 [ 0.453284    0.31752032 -1.8395641   0.0448637  -0.18612178  0.
  -0.00533591  0.         -0.06103083  0.18955198]
 [-0.08123243 -0.52561843  0.7656593   0.11809546  0.09371521  0.
  -0.04359707  0.          0.04369717  0.03211033]] 
Episode: 201: [[-0.1774984  -0.39289457 -1.2456458   0.15997663 -0.10012021  0.
  -0.01028933  0.         -0.03670318  0.05301644]
 [ 0.17855678  0.02068711 -1.8007509   0.07237598 -0.04251482  0.
  -0.0488709   0.          0.05016179  0.0512761 ]
 [ 0.37143224  0.32980022 -1.7375615   0.06095822 -0.13933797  0.
  -0.01557143  0.          0.05416317  0.0743751 ]
 [ 0.4536349   0.31800973 -1.8408685   0.0461489  -0.18640387  0.
  -0.00561112  0.         -0.06103083  0.18976347]
 [-0.08114529 -0.52683634  0.766559    0.11729912  0.09292589  0.
  -0.04388863  0.          0.04369717  0.03223875]] 
Episode: 202: [[-0.17818478 -0.3941813  -1.2448732   0.1596188  -0.10063916  0.
  -0.01054472  0.         -0.03670318  0.05397214]
 [ 0.17860645  0.02124272 -1.8021357   0.07371955 -0.04262634  0.
  -0.0491976   0.          0.05016179  0.05152753]
 [ 0.37161455  0.33086684 -1.7391088   0.06244108 -0.13939202  0.
  -0.01590307  0.          0.05416317  0.07402314]
 [ 0.45411927  0.3184107  -1.842368    0.04770476 -0.18661465  0.
  -0.00596151  0.         -0.06103083  0.18973821]
 [-0.08095156 -0.5279204   0.7678841   0.11621494  0.09223763  0.
  -0.04426447  0.          0.04369717  0.03206941]] 
Episode: 203: [[-0.17899953 -0.39555553 -1.2441213   0.1594372  -0.10118438  0.
  -0.01088408  0.         -0.03670318  0.05510671]
 [ 0.17853905  0.02188225 -1.8036494   0.07516064 -0.0428163   0.
  -0.04952354  0.          0.05016179  0.05180656]
 [ 0.37165195  0.33203048 -1.7407726   0.0640016  -0.13954447  0.
  -0.01609815  0.          0.05416317  0.07352315]
 [ 0.45457777  0.31886473 -1.8440137   0.04937817 -0.18696213  0.
  -0.00637955  0.         -0.06103083  0.18958414]
 [-0.08065948 -0.52908045  0.7691803   0.1151479   0.09141959  0.
  -0.04471602  0.          0.04369717  0.03188248]] 
Episode: 204: [[-0.17987318 -0.39697832 -1.2432662   0.15957528 -0.10168411  0.
  -0.01126783  0.         -0.03670318  0.05607692]
 [ 0.17843519  0.0223462  -1.8051821   0.07662798 -0.04304966  0.
  -0.04971153  0.          0.05016179  0.05212706]
 [ 0.3716823   0.3330973  -1.7424574   0.0655303  -0.13976292  0.
  -0.0161704   0.          0.05416317  0.07317571]
 [ 0.45512724  0.31915596 -1.8456985   0.05110004 -0.18732242  0.
  -0.00665301  0.         -0.06103083  0.18935032]
 [-0.08022983 -0.5301602   0.7705328   0.11424728  0.0907654   0.
  -0.04523556  0.          0.04369717  0.03143928]] 
Episode: 205: [[-0.1807232  -0.39828172 -1.2424848   0.15974511 -0.10214054  0.
  -0.01166339  0.         -0.03670318  0.05692453]
 [ 0.17833678  0.02281204 -1.8065897   0.07798842 -0.04323485  0.
  -0.04998592  0.          0.05016179  0.0523695 ]
 [ 0.37171692  0.33410275 -1.7439958   0.06693842 -0.13993162  0.
  -0.01633869  0.          0.05416317  0.07281709]
 [ 0.45564657  0.31941077 -1.8472561   0.0527054  -0.18762314  0.
  -0.00700179  0.         -0.06103083  0.18909158]
 [-0.07987282 -0.5312133   0.7717244   0.11346586  0.0901341   0.
  -0.04575614  0.          0.04369717  0.03102517]] 
Episode: 206: [[-0.18166716 -0.39986062 -1.2414615   0.16068204 -0.10315899  0.
  -0.01212912  0.         -0.03670318  0.05738421]
 [ 0.17803383  0.02325407 -1.8074948   0.07954038 -0.04371797  0.
  -0.05012757  0.          0.05016179  0.05288076]
 [ 0.37154523  0.33525303 -1.7448939   0.06841119 -0.14031452  0.
  -0.01638685  0.          0.05416317  0.07272864]
 [ 0.45594177  0.31933227 -1.8482724   0.05451439 -0.18836711  0.
  -0.00721296  0.         -0.06103083  0.18907267]
 [-0.07940408 -0.5325277   0.7728762   0.11289711  0.08884645  0.
  -0.0463379   0.          0.04369717  0.03038522]] 
Episode: 207: [[-0.18227215 -0.40130803 -1.2406652   0.16145532 -0.10418418  0.
  -0.01264996  0.         -0.03670318  0.05752351]
 [ 0.17797698  0.02354556 -1.808614    0.08089814 -0.0442351   0.
  -0.05036022  0.          0.05016179  0.05316424]
 [ 0.37159288  0.33620566 -1.7460124   0.06970494 -0.14072837  0.
  -0.01653345  0.          0.05416317  0.07251264]
 [ 0.45637506  0.31886995 -1.8495054   0.05603977 -0.18920186  0.
  -0.00750566  0.         -0.06103083  0.188846  ]
 [-0.07873054 -0.5337978   0.773907    0.11226954  0.08742473  0.
  -0.04674755  0.          0.04369717  0.02954986]] 
Episode: 208: [[-0.18289165 -0.40272376 -1.2399065   0.16230811 -0.10514358  0.
  -0.01313415  0.         -0.03670318  0.05761488]
 [ 0.17788838  0.02379342 -1.8097591   0.08221336 -0.04474872  0.
  -0.05046438  0.          0.05016179  0.0534454 ]
 [ 0.37161303  0.3371117  -1.7471585   0.07093247 -0.14115724  0.
  -0.01656212  0.          0.05416317  0.07235047]
 [ 0.45680514  0.31841606 -1.8507699   0.05753023 -0.19001126  0.
  -0.00766639  0.         -0.06103083  0.18858106]
 [-0.07800642 -0.53501755  0.7748861   0.11175343  0.08612198  0.
  -0.04722939  0.          0.04369717  0.02861095]] 
Episode: 209: [[-0.18352155 -0.40421823 -1.2389759   0.16278361 -0.10601516  0.
  -0.01367982  0.         -0.03670318  0.05785042]
 [ 0.17782305  0.02410271 -1.8110415   0.08365133 -0.04530843  0.
  -0.0506289   0.          0.05016179  0.05368859]
 [ 0.37166643  0.33810607 -1.7484766   0.07237797 -0.141671    0.
  -0.01664512  0.          0.05416317  0.07210388]
 [ 0.45728552  0.3181738  -1.8521702   0.05916446 -0.19084486  0.
  -0.00791367  0.         -0.06103083  0.18820152]
 [-0.07724778 -0.5362383   0.77606064  0.11095575  0.08500508  0.
  -0.04777605  0.          0.04369717  0.0276616 ]] 
Episode: 210: [[-0.18411835 -0.4055688  -1.2381419   0.16323298 -0.10676862  0.
  -0.01428073  0.         -0.03670318  0.05808152]
 [ 0.17780133  0.02446397 -1.8122115   0.08501495 -0.04581158  0.
  -0.05067166  0.          0.05016179  0.05398847]
 [ 0.3717579   0.33906034 -1.7496684   0.07375132 -0.14214182  0.
  -0.0166164   0.          0.05416317  0.07198835]
 [ 0.45770246  0.31807068 -1.8534179   0.06072295 -0.19156818  0.
  -0.00803356  0.         -0.06103083  0.18802385]
 [-0.07673141 -0.53739077  0.7771934   0.1102064   0.08411221  0.
  -0.04838093  0.          0.04369717  0.02683831]] 
Episode: 211: [[-0.18458457 -0.4068016  -1.2374431   0.16362262 -0.10744392  0.
  -0.01493127  0.         -0.03670318  0.05823848]
 [ 0.17790002  0.02475857 -1.8133502   0.08628645 -0.04628247  0.
  -0.0508128   0.          0.05016179  0.05414272]
 [ 0.37196967  0.33991018 -1.7508241   0.0750387  -0.14258568  0.
  -0.01669159  0.          0.05416317  0.07175161]
 [ 0.45824486  0.31791478 -1.8546276   0.0621666  -0.1922403   0.
  -0.00824406  0.         -0.06103083  0.18768218]
 [-0.07605672 -0.5384492   0.77819943  0.10945159  0.08331135  0.
  -0.0490381   0.          0.04369717  0.02599918]] 
Episode: 212: [[-0.18508993 -0.40797028 -1.236825    0.16403608 -0.10808103  0.
  -0.0156004   0.         -0.03670318  0.05843473]
 [ 0.17795356  0.02499749 -1.8144952   0.08750536 -0.04680296  0.
  -0.05083457  0.          0.05016179  0.05441648]
 [ 0.37212068  0.34068045 -1.751973    0.07626379 -0.14310448  0.
  -0.01665587  0.          0.05416317  0.07168705]
 [ 0.45868114  0.3176021  -1.8558505   0.06357594 -0.19296473  0.
  -0.00833089  0.         -0.06103083  0.18755367]
 [-0.07556631 -0.53951764  0.7791426   0.10881805  0.08256634  0.
  -0.0497422   0.          0.04369717  0.02524311]] 
Episode: 213: [[-0.1857452  -0.4092678  -1.2360532   0.1643112  -0.10869452  0.
  -0.01609824  0.         -0.03670318  0.05888757]
 [ 0.17794354  0.02526937 -1.8156755   0.08884847 -0.04733495  0.
  -0.05095934  0.          0.05016179  0.05465057]
 [ 0.3722225   0.34154525 -1.753181    0.07766011 -0.14365262  0.
  -0.01672708  0.          0.05416317  0.07140286]
 [ 0.45904478  0.31733593 -1.857104    0.0651385  -0.19369487  0.
  -0.00851161  0.         -0.06103083  0.18742366]
 [-0.07518919 -0.54069895  0.7802703   0.10801622  0.08187754  0.
  -0.05041651  0.          0.04369717  0.02483773]] 
Episode: 214: [[-0.18629237 -0.4104271  -1.2354032   0.16456246 -0.10922682  0.
  -0.01665607  0.         -0.03670318  0.05925892]
 [ 0.17802411  0.02557591 -1.8167685   0.09008689 -0.04779639  0.
  -0.05117678  0.          0.05016179  0.05476856]
 [ 0.3724088   0.3423634  -1.7542858   0.07894604 -0.14413126  0.
  -0.0168945   0.          0.05416317  0.07103995]
 [ 0.45946667  0.31722203 -1.8582457   0.06656704 -0.19432743  0.
  -0.0087768   0.         -0.06103083  0.18715684]
 [-0.07480958 -0.54175407  0.7812646   0.10724843  0.08129993  0.
  -0.0511362   0.          0.04369717  0.02443801]] 
Episode: 215: [[-0.18697284 -0.41187608 -1.2346698   0.16477236 -0.10989988  0.
  -0.01704788  0.         -0.03670318  0.05986254]
 [ 0.17801313  0.02598386 -1.8179437   0.0914664  -0.04840364  0.
  -0.05146745  0.          0.05016179  0.05506773]
 [ 0.3724651   0.3434184  -1.7554921   0.08039434 -0.14475532  0.
  -0.01714847  0.          0.05416317  0.07075376]
 [ 0.45983195  0.31710863 -1.8595101   0.0681543  -0.1951492   0.
  -0.00911799  0.         -0.06103083  0.18692632]
 [-0.07463825 -0.5431265   0.78238964  0.10635363  0.08054047  0.
  -0.05167028  0.          0.04369717  0.02392137]] 
Episode: 216: [[-0.18768746 -0.41324973 -1.2339717   0.16499186 -0.11055364  0.
  -0.01751023  0.         -0.03670318  0.06050744]
 [ 0.177966    0.02634166 -1.8190479   0.0928024  -0.04900688  0.
  -0.05162381  0.          0.05016179  0.05542918]
 [ 0.37248373  0.3443958  -1.7566264   0.08179527 -0.14537826  0.
  -0.01727371  0.          0.05416317  0.07056475]
 [ 0.46010172  0.31691256 -1.8607057   0.06970547 -0.19596525  0.
  -0.00932248  0.         -0.06103083  0.1868432 ]
 [-0.07460944 -0.5444466   0.7834346   0.1055229   0.07979808  0.
  -0.05226368  0.          0.04369717  0.02349231]] 
Episode: 217: [[-0.1882922  -0.4144877  -1.2333863   0.16519327 -0.11112564  0.
  -0.01797375  0.         -0.03670318  0.06109126]
 [ 0.17800894  0.02669154 -1.8200606   0.09403124 -0.04953882  0.
  -0.05175818  0.          0.05016179  0.05567895]
 [ 0.37259066  0.34529477 -1.7576547   0.08308373 -0.14593188  0.
  -0.01734088  0.          0.05416317  0.07029572]
 [ 0.46043152  0.31676874 -1.8617879   0.07113017 -0.19668563  0.
  -0.00953764  0.         -0.06103083  0.18671219]
 [-0.0745344  -0.54565775  0.7842743   0.10474868  0.07916278  0.
  -0.05291038  0.          0.04369717  0.02321907]] 
Episode: 218: [[-0.18890229 -0.41579348 -1.2327081   0.16522202 -0.1117173   0.
  -0.01828062  0.         -0.03670318  0.06187936]
 [ 0.17802814  0.02714853 -1.8211195   0.09525471 -0.05006595  0.
  -0.05198449  0.          0.05016179  0.05592996]
 [ 0.37263757  0.34630167 -1.7587507   0.0844107  -0.14647645  0.
  -0.01750481  0.          0.05416317  0.06992313]
 [ 0.46066877  0.31678906 -1.8628981   0.07255194 -0.19739224  0.
  -0.00983402  0.         -0.06103083  0.18662648]
 [-0.07457592 -0.5469504   0.78531265  0.10385957  0.07855529  0.
  -0.05337906  0.          0.04369717  0.02321726]] 
Episode: 219: [[-0.18937548 -0.4169873  -1.2321383   0.16515991 -0.11227499  0.
  -0.01860433  0.         -0.03670318  0.06261764]
 [ 0.1781742   0.02759426 -1.8222591   0.09641242 -0.05052803  0.
  -0.05229348  0.          0.05016179  0.05596868]
 [ 0.37283108  0.34724194 -1.7599277   0.08568809 -0.14694364  0.
  -0.0177558   0.          0.05416317  0.06936664]
 [ 0.46105134  0.31687686 -1.8640896   0.07388774 -0.19802569  0.
  -0.01020348  0.         -0.06103083  0.18634456]
 [-0.07441515 -0.5481263   0.7862805   0.10291832  0.07795984  0.
  -0.05376124  0.          0.04369717  0.02333321]] 
Episode: 220: [[-0.18989573 -0.41812167 -1.2315537   0.16507207 -0.11279087  0.
  -0.01900573  0.         -0.03670318  0.06343289]
 [ 0.17830059  0.02806249 -1.8233416   0.09758734 -0.05105187  0.
  -0.05251605  0.          0.05016179  0.05608239]
 [ 0.3730106   0.34816766 -1.7610458   0.08699148 -0.14749964  0.
  -0.0178782   0.          0.05416317  0.06889385]
 [ 0.46135762  0.31702513 -1.8652118   0.07525194 -0.19872037  0.
  -0.01053755  0.         -0.06103083  0.18621725]
 [-0.07438497 -0.5492706   0.78731     0.10194486  0.07745551  0.
  -0.05421804  0.          0.04369717  0.02357007]] 
Episode: 221: [[-0.19059002 -0.41940975 -1.2306229   0.16531073 -0.11357536  0.
  -0.01925663  0.         -0.03670318  0.0644219 ]
 [ 0.17833176  0.02844116 -1.8245077   0.09885362 -0.0515783   0.
  -0.05282184  0.          0.05016179  0.05632634]
 [ 0.37312415  0.34912342 -1.7623005   0.08831506 -0.14798269  0.
  -0.01809177  0.          0.05416317  0.06831446]
 [ 0.46174204  0.31717435 -1.8664486   0.07671162 -0.1994238   0.
  -0.01094116  0.         -0.06103083  0.18600287]
 [-0.07413586 -0.5504348   0.78856504  0.10108225  0.07671466  0.
  -0.05451586  0.          0.04369717  0.02372483]] 
Episode: 222: [[-0.19132611 -0.42063192 -1.2297664   0.16554044 -0.11433264  0.
  -0.01937222  0.         -0.03670318  0.06534874]
 [ 0.178317    0.02866965 -1.8256412   0.10007102 -0.05209655  0.
  -0.05299148  0.          0.05016179  0.05675252]
 [ 0.37317207  0.34993884 -1.7635198   0.08958928 -0.14845878  0.
  -0.01818054  0.          0.05416317  0.06802034]
 [ 0.46203545  0.31706727 -1.8677057   0.07812719 -0.20010275  0.
  -0.01120137  0.         -0.06103083  0.18601494]
 [-0.07416038 -0.5515338   0.78972125  0.10028943  0.07599173  0.
  -0.05478538  0.          0.04369717  0.02375027]] 
Episode: 223: [[-0.1920669  -0.42172974 -1.228954    0.16574883 -0.1150353   0.
  -0.01943357  0.         -0.03670318  0.06608018]
 [ 0.17827663  0.0288664  -1.8266683   0.10123609 -0.0525577   0.
  -0.05303863  0.          0.05016179  0.05733257]
 [ 0.3731529   0.35066554 -1.7646153   0.09081385 -0.14888448  0.
  -0.01815701  0.          0.05416317  0.06797818]
 [ 0.4622253   0.3169467  -1.8688483   0.07949141 -0.20071432  0.
  -0.01133256  0.         -0.06103083  0.1862082 ]
 [-0.07433331 -0.5525277   0.7908282   0.09954515  0.07530137  0.
  -0.055141    0.          0.04369717  0.0235161 ]] 
Episode: 224: [[-0.19269425 -0.42272648 -1.2282425   0.16594799 -0.11569902  0.
  -0.01943443  0.         -0.03670318  0.06670467]
 [ 0.17826626  0.02900375 -1.8276274   0.10226037 -0.05301631  0.
  -0.05297561  0.          0.05016179  0.05782856]
 [ 0.373168    0.3512917  -1.7656325   0.09188561 -0.14931242  0.
  -0.01803245  0.          0.05416317  0.06793126]
 [ 0.4624916   0.31669503 -1.8699017   0.08069678 -0.20133872  0.
  -0.01134767  0.         -0.06103083  0.18636094]
 [-0.07430749 -0.5534622   0.7918301   0.09891956  0.07459445  0.
  -0.05534769  0.          0.04369717  0.0232903 ]] 
Episode: 225: [[-0.19312395 -0.42364198 -1.2276499   0.16614467 -0.11635084  0.
  -0.01932472  0.         -0.03670318  0.06725094]
 [ 0.17834032  0.02904684 -1.8286729   0.10310158 -0.05345079  0.
  -0.05302433  0.          0.05016179  0.05810087]
 [ 0.3732759   0.3518058  -1.766736    0.09275328 -0.14970554  0.
  -0.01802374  0.          0.05416317  0.06767485]
 [ 0.46290022  0.3162919  -1.8710556   0.08167126 -0.20194799  0.
  -0.01146419  0.         -0.06103083  0.18629615]
 [-0.07404384 -0.5543206   0.7926499   0.09841206  0.07385455  0.
  -0.05542052  0.          0.04369717  0.02313863]] 
Episode: 226: [[-0.19352031 -0.42451304 -1.2271547   0.16630775 -0.11694547  0.
  -0.01933645  0.         -0.03670318  0.06782436]
 [ 0.17847757  0.02916854 -1.8297851   0.10396253 -0.05388949  0.
  -0.05317354  0.          0.05016179  0.05835448]
 [ 0.37345576  0.35234702 -1.7678926   0.09365208 -0.15012321  0.
  -0.01811924  0.          0.05416317  0.06740923]
 [ 0.4633325   0.3159689  -1.8722653   0.08266889 -0.2025589   0.
  -0.01167197  0.         -0.06103083  0.18626598]
 [-0.07383574 -0.5552004   0.79348236  0.0978381   0.07319707  0.
  -0.05559901  0.          0.04369717  0.02311924]] 
Episode: 227: [[-0.1938266  -0.42529482 -1.2267257   0.16645811 -0.11746565  0.
  -0.01945735  0.         -0.03670318  0.06829686]
 [ 0.17870706  0.02929892 -1.8307664   0.10475823 -0.0542682   0.
  -0.05341315  0.          0.05016179  0.05848077]
 [ 0.37373042  0.35284814 -1.7689103   0.09448183 -0.15048073  0.
  -0.01830851  0.          0.05416317  0.06705963]
 [ 0.46385536  0.31570676 -1.8733189   0.08358793 -0.20308444  0.
  -0.01196185  0.         -0.06103083  0.18609339]
 [-0.07354946 -0.5559903   0.7942185   0.09729667  0.07263149  0.
  -0.05587244  0.          0.04369717  0.02302899]] 
Episode: 228: [[-0.19420987 -0.42604566 -1.2262745   0.16667014 -0.11794718  0.
  -0.01967639  0.         -0.03670318  0.06869046]
 [ 0.17883635  0.02940932 -1.8316952   0.10553282 -0.05463077  0.
  -0.05352342  0.          0.05016179  0.05880369]
 [ 0.37388194  0.3533194  -1.7698768   0.09527168 -0.15082969  0.
  -0.01837552  0.          0.05416317  0.06696474]
 [ 0.46423572  0.31538707 -1.8743443   0.08450105 -0.20358253  0.
  -0.01216257  0.         -0.06103083  0.18613882]
 [-0.07342006 -0.55678153  0.79493415  0.09688365  0.07210084  0.
  -0.05623119  0.          0.04369717  0.0227878 ]] 
Episode: 229: [[-0.19452624 -0.42673543 -1.2259063   0.1668647  -0.11836776  0.
  -0.01991765  0.         -0.03670318  0.06904153]
 [ 0.17900716  0.02949352 -1.8325763   0.10624152 -0.05494826  0.
  -0.05356646  0.          0.05016179  0.05905305]
 [ 0.37408942  0.3537395  -1.7707857   0.09599402 -0.15113503  0.
  -0.01833251  0.          0.05416317  0.06682907]
 [ 0.46467158  0.31502753 -1.8753059   0.08533885 -0.20401494  0.
  -0.01228496  0.         -0.06103083  0.1861396 ]
 [-0.07321066 -0.5575319   0.7955206   0.09650611  0.07165828  0.
  -0.0566666   0.          0.04369717  0.02259077]] 
Episode: 230: [[-0.19470145 -0.42711207 -1.2254499   0.16743498 -0.11870641  0.
  -0.02024512  0.         -0.03670318  0.0690862 ]
 [ 0.17920434  0.02953587 -1.8334838   0.10669295 -0.05522099  0.
  -0.05349971  0.          0.05016179  0.05935965]
 [ 0.3742803   0.35396308 -1.7717667   0.09633044 -0.15140307  0.
  -0.01819054  0.          0.05416317  0.06692337]
 [ 0.46509203  0.31458107 -1.8762959   0.08578418 -0.20436235  0.
  -0.01229187  0.         -0.06103083  0.18626751]
 [-0.07302765 -0.55811816  0.79632205  0.09639793  0.07135417  0.
  -0.05717088  0.          0.04369717  0.02216945]] 
Episode: 231: [[-0.19480164 -0.42746434 -1.2250987   0.16795292 -0.11902021  0.
  -0.02059848  0.         -0.03670318  0.06909705]
 [ 0.17944834  0.02951329 -1.8343854   0.10710271 -0.05549711  0.
  -0.05333421  0.          0.05016179  0.05958234]
 [ 0.37452653  0.35412985 -1.7727259   0.09663455 -0.15167949  0.
  -0.01795951  0.          0.05416317  0.06694929]
 [ 0.46560252  0.31405625 -1.8772733   0.08618695 -0.20472158  0.
  -0.0121949   0.         -0.06103083  0.18627433]
 [-0.07270488 -0.558666    0.7969631   0.0962979   0.07105837  0.
  -0.05773704  0.          0.04369717  0.02174353]] 
Episode: 232: [[-0.19478028 -0.42754856 -1.2251266   0.16900976 -0.11920621  0.
  -0.0210269   0.         -0.03670318  0.06884344]
 [ 0.17978966  0.02960039 -1.8350853   0.1072588  -0.05561082  0.
  -0.05307989  0.          0.05016179  0.0596824 ]
 [ 0.37488753  0.354202   -1.773413    0.09648982 -0.15178856  0.
  -0.01764838  0.          0.05416317  0.06718617]
 [ 0.46622926  0.31353545 -1.8779911   0.08620813 -0.20489378  0.
  -0.01200445  0.         -0.06103083  0.18627627]
 [-0.0723956  -0.5591683   0.7972942   0.09663466  0.0707816   0.
  -0.05835879  0.          0.04369717  0.02111374]] 
Episode: 233: [[-0.1949645  -0.42777863 -1.2249454   0.17006001 -0.11932663  0.
  -0.02152278  0.         -0.03670318  0.06881814]
 [ 0.1800522   0.02967752 -1.8358067   0.10759795 -0.05574147  0.
  -0.05281496  0.          0.05016179  0.05970787]
 [ 0.37523043  0.35435936 -1.7741411   0.09653928 -0.15194377  0.
  -0.01726518  0.          0.05416317  0.06720923]
 [ 0.46686214  0.3130994  -1.8787448   0.08647741 -0.20506203  0.
  -0.01193624  0.         -0.06103083  0.18607931]
 [-0.07213086 -0.55973065  0.79781985  0.09692153  0.07063575  0.
  -0.05903046  0.          0.04369717  0.02050021]] 
Episode: 234: [[-0.19535738 -0.42843872 -1.224407    0.17053065 -0.11962441  0.
  -0.02185838  0.         -0.03670318  0.06905336]
 [ 0.1802306   0.02971349 -1.8367933   0.10832468 -0.05601293  0.
  -0.05268219  0.          0.05016179  0.05972368]
 [ 0.37554812  0.35474682 -1.7751908   0.09699497 -0.15222812  0.
  -0.01702356  0.          0.05416317  0.06701915]
 [ 0.4673911   0.31276888 -1.8797927   0.08713674 -0.20539367  0.
  -0.01197801  0.         -0.06103083  0.18583767]
 [-0.07205495 -0.5605181   0.798749    0.0966064   0.07040988  0.
  -0.0595222   0.          0.04369717  0.02020375]] 
Episode: 235: [[-0.19579373 -0.42913696 -1.2238716   0.17077012 -0.11992937  0.
  -0.02204987  0.         -0.03670318  0.06945571]
 [ 0.18041335  0.02982987 -1.8378297   0.10914219 -0.05632187  0.
  -0.05266832  0.          0.05016179  0.05971324]
 [ 0.37587926  0.355214   -1.7762904   0.09762829 -0.15255672  0.
  -0.01690934  0.          0.05416317  0.06674069]
 [ 0.4678659   0.31258136 -1.880894    0.08792749 -0.20576577  0.
  -0.01211873  0.         -0.06103083  0.18566835]
 [-0.07206666 -0.5613479   0.79969436  0.09607457  0.07022261  0.
  -0.05985216  0.          0.04369717  0.02018593]] 
Episode: 236: [[-0.19595586 -0.42979243 -1.2234716   0.17100406 -0.12042031  0.
  -0.02211179  0.         -0.03670318  0.06962377]
 [ 0.18079565  0.02986798 -1.8388883   0.10958351 -0.05664775  0.
  -0.05276139  0.          0.05016179  0.05941864]
 [ 0.3763805   0.35559708 -1.777425    0.09787595 -0.1528295   0.
  -0.01690974  0.          0.05416317  0.06628323]
 [ 0.46846092  0.31216505 -1.8820297   0.08822992 -0.20619889  0.
  -0.01234849  0.         -0.06103083  0.1853191 ]
 [-0.07183874 -0.5621568   0.80051804  0.09571078  0.06974456  0.
  -0.0600367   0.          0.04369717  0.02010487]] 
Episode: 237: [[-0.19618295 -0.43044662 -1.2230514   0.17119035 -0.12087531  0.
  -0.02209239  0.         -0.03670318  0.06989783]
 [ 0.18115148  0.03006393 -1.8399141   0.11008555 -0.05696152  0.
  -0.05295065  0.          0.05016179  0.05917352]
 [ 0.37686533  0.35608292 -1.7785236   0.09821772 -0.15310353  0.
  -0.01701326  0.          0.05416317  0.06584559]
 [ 0.46898794  0.31194392 -1.8831127   0.08863121 -0.2066226   0.
  -0.01265833  0.         -0.06103083  0.18509844]
 [-0.07171663 -0.5630485   0.80143183  0.09528875  0.06928459  0.
  -0.06013058  0.          0.04369717  0.02027594]] 
Episode: 238: [[-0.19642954 -0.4309957  -1.2227471   0.17108868 -0.12118012  0.
  -0.02196455  0.         -0.03670318  0.0703922 ]
 [ 0.18149398  0.03016921 -1.8409084   0.11058203 -0.05722956  0.
  -0.05322644  0.          0.05016179  0.05891935]
 [ 0.3773407   0.35645524 -1.779557    0.09864108 -0.15336666  0.
  -0.01720957  0.          0.05416317  0.06525949]
 [ 0.46948716  0.31167984 -1.8841583   0.08906277 -0.2069881   0.
  -0.01304024  0.         -0.06103083  0.18483962]
 [-0.07163364 -0.56381136  0.80224866  0.09477007  0.06892308  0.
  -0.06010271  0.          0.04369717  0.02066852]] 
Episode: 239: [[-0.1966082  -0.43150917 -1.2224092   0.17082074 -0.1214168   0.
  -0.02179638  0.         -0.03670318  0.07092863]
 [ 0.18188916  0.03026092 -1.8419169   0.11108206 -0.05745881  0.
  -0.05358005  0.          0.05016179  0.05860688]
 [ 0.37786406  0.35679975 -1.7806184   0.09912524 -0.15359938  0.
  -0.01748935  0.          0.05416317  0.06459161]
 [ 0.4700363   0.31148294 -1.8852113   0.08950558 -0.20728718  0.
  -0.01348698  0.         -0.06103083  0.18453927]
 [-0.07152525 -0.5644913   0.8031732   0.09411663  0.06867153  0.
  -0.05996542  0.          0.04369717  0.02120606]] 
Episode: 240: [[-0.19695634 -0.43219942 -1.2216339   0.17027706 -0.121683    0.
  -0.02153459  0.         -0.03670318  0.07165337]
 [ 0.1822178   0.03051653 -1.8430171   0.11174795 -0.05758599  0.
  -0.05400365  0.          0.05016179  0.05829436]
 [ 0.37835753  0.35735586 -1.7818516   0.09986662 -0.15370698  0.
  -0.01784423  0.          0.05416317  0.06378928]
 [ 0.47054037  0.31153357 -1.8863741   0.0901887  -0.20746909  0.
  -0.01399205  0.         -0.06103083  0.1841522 ]
 [-0.07143717 -0.565339    0.80447274  0.09324487  0.06837507  0.
  -0.05972976  0.          0.04369717  0.02192094]] 
Episode: 241: [[-0.1973932  -0.43292972 -1.220904    0.16975652 -0.12192881  0.
  -0.02129996  0.         -0.03670318  0.07254286]
 [ 0.1824848   0.03078803 -1.8441614   0.11249478 -0.05775568  0.
  -0.0544902   0.          0.05016179  0.0580385 ]
 [ 0.37879983  0.35794526 -1.7831051   0.10069398 -0.1538836   0.
  -0.01826669  0.          0.05416317  0.06297107]
 [ 0.47101432  0.31158826 -1.8876026   0.0909749  -0.20771556  0.
  -0.01454959  0.         -0.06103083  0.18376185]
 [-0.07134545 -0.56624955  0.8056597   0.09233211  0.06806617  0.
  -0.05952872  0.          0.04369717  0.02271416]] 
Episode: 242: [[-0.1979372  -0.43376878 -1.220172    0.16925424 -0.12224384  0.
  -0.02097818  0.         -0.03670318  0.07357635]
 [ 0.18269     0.03108094 -1.8453712   0.11332163 -0.05802018  0.
  -0.05503337  0.          0.05016179  0.05772563]
 [ 0.37919205  0.35861477 -1.7844108   0.10160343 -0.15416093  0.
  -0.01874993  0.          0.05416317  0.06203583]
 [ 0.47147465  0.3116629  -1.888904    0.09186173 -0.20809087  0.
  -0.01515432  0.         -0.06103083  0.18323946]
 [-0.07127091 -0.56728137  0.8068823   0.09138568  0.06765483  0.
  -0.05923553  0.          0.04369717  0.02363096]] 
Episode: 243: [[-0.19852434 -0.43457496 -1.2194285   0.16911006 -0.12240045  0.
  -0.02079939  0.         -0.03670318  0.07425671]
 [ 0.18273023  0.0313654  -1.8466225   0.11410442 -0.05836591  0.
  -0.05541674  0.          0.05016179  0.05749033]
 [ 0.3793623   0.35924575 -1.7857302   0.10237213 -0.15460128  0.
  -0.01908171  0.          0.05416317  0.06134812]
 [ 0.47192678  0.3116736  -1.8902568   0.09270242 -0.20858471  0.
  -0.0155955   0.         -0.06103083  0.1826179 ]
 [-0.07105036 -0.56827605  0.8079136   0.09079187  0.06737216  0.
  -0.05908412  0.          0.04369717  0.02421626]] 
Episode: 244: [[-0.19908486 -0.4353721  -1.2186368   0.16882728 -0.1225647   0.
  -0.02053723  0.         -0.03670318  0.07504075]
 [ 0.18281572  0.03168342 -1.8479004   0.11494181 -0.05868538  0.
  -0.05576929  0.          0.05016179  0.05721604]
 [ 0.37957847  0.35989735 -1.787083    0.103241   -0.155007    0.
  -0.01942071  0.          0.05416317  0.06057418]
 [ 0.47239453  0.3118022  -1.8916246   0.09362015 -0.20903707  0.
  -0.01600341  0.         -0.06103083  0.18199322]
 [-0.0708589  -0.56923205  0.8090425   0.09006409  0.06712272  0.
  -0.05891494  0.          0.04369717  0.024933  ]] 
Episode: 245: [[-0.19958611 -0.43603787 -1.217788    0.16887812 -0.12272106  0.
  -0.02041201  0.         -0.03670318  0.07550313]
 [ 0.18288568  0.03190327 -1.8490468   0.1156297  -0.05892077  0.
  -0.05604979  0.          0.05016179  0.0567632 ]
 [ 0.37980396  0.36040956 -1.788315    0.10385699 -0.15530273  0.
  -0.01962251  0.          0.05416317  0.05982669]
 [ 0.472975    0.31180432 -1.8928568   0.09433288 -0.20938076  0.
  -0.0164737   0.         -0.06103083  0.18123855]
 [-0.07050187 -0.5700402   0.8101697   0.08968017  0.06685468  0.
  -0.05887523  0.          0.04369717  0.02534411]] 
Episode: 246: [[-0.20007999 -0.43669948 -1.2170093   0.16906908 -0.12285598  0.
  -0.02040991  0.         -0.03670318  0.07568166]
 [ 0.18296689  0.03216559 -1.8500881   0.11627    -0.05914312  0.
  -0.05619638  0.          0.05016179  0.05617427]
 [ 0.38008302  0.36094487 -1.789423    0.10438258 -0.15558447  0.
  -0.01970086  0.          0.05416317  0.05907051]
 [ 0.4736658   0.31184947 -1.8939682   0.09498884 -0.20970671  0.
  -0.01689666  0.         -0.06103083  0.18036886]
 [-0.0700548  -0.570834    0.81114674  0.0894737   0.06661537  0.
  -0.05895189  0.          0.04369717  0.02548509]] 
Episode: 247: [[-0.2004292  -0.43731686 -1.2163317   0.16918856 -0.12298616  0.
  -0.02044962  0.         -0.03670318  0.07579582]
 [ 0.1831737   0.03238939 -1.8511688   0.11687691 -0.05937529  0.
  -0.05623293  0.          0.05016179  0.05543358]
 [ 0.38049707  0.36143148 -1.7905611   0.10490061 -0.15587263  0.
  -0.01966813  0.          0.05416317  0.05819271]
 [ 0.47445482  0.31185782 -1.8951122   0.09561333 -0.21004663  0.
  -0.01717381  0.         -0.06103083  0.17939743]
 [-0.06945932 -0.57157135  0.81197673  0.08921233  0.06639722  0.
  -0.05905162  0.          0.04369717  0.02560946]] 
Episode: 248: [[-0.20051579 -0.43747422 -1.2159215   0.16986303 -0.12269434  0.
  -0.02059604  0.         -0.03670318  0.07566614]
 [ 0.18356358  0.03270112 -1.8520745   0.11696243 -0.05945468  0.
  -0.05635193  0.          0.05016179  0.05449879]
 [ 0.38107228  0.36171436 -1.7914912   0.10497803 -0.15609473  0.
  -0.01953547  0.          0.05416317  0.05742568]
 [ 0.4753186   0.3117314  -1.8960291   0.09577058 -0.21024513  0.
  -0.01739315  0.         -0.06103083  0.17853194]
 [-0.06901275 -0.5722701   0.8127004   0.08945112  0.06626496  0.
  -0.05925386  0.          0.04369717  0.02594428]] 
Episode: 249: [[-0.20074406 -0.4377183  -1.2154622   0.17056507 -0.12244515  0.
  -0.02083839  0.         -0.03670318  0.07546518]
 [ 0.18382636  0.03306601 -1.8529546   0.11717118 -0.05962505  0.
  -0.05640469  0.          0.05016179  0.05374461]
 [ 0.38151821  0.36207867 -1.7923908   0.10515151 -0.15642259  0.
  -0.0193129   0.          0.05416317  0.05686133]
 [ 0.47606757  0.3117258  -1.8969439   0.09606854 -0.21055815  0.
  -0.01761633  0.         -0.06103083  0.17772391]
 [-0.0685973  -0.57299453  0.81337017  0.08968375  0.06611934  0.
  -0.05954826  0.          0.04369717  0.02602099]] 
Episode: 250: [[-0.20089938 -0.4379599  -1.2150329   0.17173567 -0.12217478  0.
  -0.02116698  0.         -0.03670318  0.07505678]
 [ 0.18398584  0.03310864 -1.8536206   0.11713035 -0.05975039  0.
  -0.05655817  0.          0.05016179  0.05291728]
 [ 0.38180816  0.36222476 -1.7930535   0.10493924 -0.15669711  0.
  -0.01911313  0.          0.05416317  0.05655779]
 [ 0.4768877   0.31120932 -1.8976609   0.09601045 -0.21083063  0.
  -0.01792102  0.         -0.06103083  0.17680794]
 [-0.06799141 -0.5736303   0.8136869   0.090466    0.06587614  0.
  -0.05992546  0.          0.04369717  0.02586946]] 
Episode: 251: [[-0.20108335 -0.43830696 -1.2145466   0.17271344 -0.12194953  0.
  -0.02142065  0.         -0.03670318  0.07449514]
 [ 0.18409504  0.03327092 -1.8543957   0.11721342 -0.0599649   0.
  -0.05675267  0.          0.05016179  0.0523363 ]
 [ 0.38195357  0.3625078  -1.7938341   0.10489475 -0.15707768  0.
  -0.01898769  0.          0.05416317  0.05648596]
 [ 0.47760928  0.31091088 -1.8985087   0.09609274 -0.21121159  0.
  -0.01829689  0.         -0.06103083  0.17606658]
 [-0.06756134 -0.57432103  0.8140793   0.09104321  0.06564591  0.
  -0.0601524   0.          0.04369717  0.02551615]] 
Episode: 252: [[-0.20124783 -0.43866503 -1.2140294   0.17347415 -0.12172062  0.
  -0.02175957  0.         -0.03670318  0.07400713]
 [ 0.18426935  0.03342647 -1.8552315   0.11740769 -0.06018379  0.
  -0.05698613  0.          0.05016179  0.05170875]
 [ 0.38218442  0.36279523 -1.7946925   0.10501293 -0.1574602   0.
  -0.01888335  0.          0.05416317  0.05628282]
 [ 0.47835     0.310639   -1.8994062   0.0963107  -0.21158482  0.
  -0.01873895  0.         -0.06103083  0.17525853]
 [-0.06714045 -0.5750006   0.81460464  0.09138723  0.06547808  0.
  -0.0604688   0.          0.04369717  0.02524974]] 
Episode: 253: [[-0.20128374 -0.43893442 -1.2135493   0.17430161 -0.12150066  0.
  -0.02217511  0.         -0.03670318  0.07334584]
 [ 0.1844525   0.03346818 -1.8559648   0.11747867 -0.06035014  0.
  -0.05711232  0.          0.05016179  0.05103149]
 [ 0.38242587  0.36295542 -1.7954571   0.10495958 -0.15776183  0.
  -0.01868564  0.          0.05416317  0.05627979]
 [ 0.47916278  0.31021392 -1.9001998   0.09636375 -0.21189171  0.
  -0.01924057  0.         -0.06103083  0.17439933]
 [-0.06655625 -0.5755511   0.81504345  0.09188256  0.0652876   0.
  -0.06086561  0.          0.04369717  0.02479536]] 
Episode: 254: [[-0.20132072 -0.4392446  -1.2129577   0.1748786  -0.12131847  0.
  -0.02257552  0.         -0.03670318  0.07283178]
 [ 0.18468688  0.03358185 -1.8568147   0.1176834  -0.0605324   0.
  -0.05720892  0.          0.05016179  0.05029115]
 [ 0.382716    0.3631936  -1.7963606   0.10510644 -0.15807036  0.
  -0.0184484   0.          0.05416317  0.05608379]
 [ 0.4799124   0.30995065 -1.9010944   0.09658681 -0.2122073   0.
  -0.01962011  0.         -0.06103083  0.17352045]
 [-0.06606412 -0.57612944  0.81572205  0.09211682  0.06513132  0.
  -0.06130299  0.          0.04369717  0.024603  ]] 
Episode: 255: [[-0.20142613 -0.43967867 -1.2123468   0.17551287 -0.12131781  0.
  -0.02282485  0.         -0.03670318  0.07256876]
 [ 0.18482359  0.03389017 -1.8576807   0.11786555 -0.06078726  0.
  -0.05727412  0.          0.05016179  0.04967478]
 [ 0.382856    0.36362556 -1.7972639   0.10519716 -0.15842532  0.
  -0.01833887  0.          0.05416317  0.05582807]
 [ 0.48066926  0.3097288  -1.9020188   0.09678491 -0.2126622   0.
  -0.01986388  0.         -0.06103083  0.17260765]
 [-0.06560026 -0.57694817  0.81648153  0.0924486   0.0646607   0.
  -0.06158416  0.          0.04369717  0.02429002]] 
Episode: 256: [[-0.20158686 -0.44009605 -1.2118063   0.17610426 -0.12130036  0.
  -0.02315992  0.         -0.03670318  0.07233386]
 [ 0.18496117  0.03421045 -1.8584985   0.11808947 -0.06105266  0.
  -0.05728422  0.          0.05016179  0.04903532]
 [ 0.3830319   0.3640576  -1.7981023   0.10533121 -0.15879664  0.
  -0.01813638  0.          0.05416317  0.05549697]
 [ 0.48141283  0.3095567  -1.9028932   0.09703876 -0.21311383  0.
  -0.0201673   0.         -0.06103083  0.17166203]
 [-0.06522434 -0.57774687  0.81714284  0.09274688  0.06425907  0.
  -0.06194924  0.          0.04369717  0.02398288]] 
Episode: 257: [[-0.20169006 -0.44050682 -1.2111893   0.17646497 -0.12137663  0.
  -0.0233506   0.         -0.03670318  0.07222167]
 [ 0.18516201  0.03449573 -1.8593233   0.11832038 -0.061297    0.
  -0.05738274  0.          0.05016179  0.048373  ]
 [ 0.38326183  0.3644638  -1.7989751   0.10553537 -0.15910992  0.
  -0.01805808  0.          0.05416317  0.05505169]
 [ 0.48214757  0.30938804 -1.9037714   0.09731591 -0.2135211   0.
  -0.02054433  0.         -0.06103083  0.17072286]
 [-0.06485319 -0.5785011   0.81791264  0.09289622  0.06385422  0.
  -0.06216551  0.          0.04369717  0.02385637]] 
Episode: 258: [[-0.20178306 -0.44087362 -1.2106507   0.17679131 -0.12143593  0.
  -0.02353037  0.         -0.03670318  0.07216992]
 [ 0.18539816  0.03479763 -1.8600531   0.11854359 -0.0614964   0.
  -0.05741744  0.          0.05016179  0.04768455]
 [ 0.38353267  0.36486033 -1.7997457   0.10573523 -0.15936895  0.
  -0.01788388  0.          0.05416317  0.054534  ]
 [ 0.4828474   0.30931646 -1.9045444   0.09759088 -0.21386166  0.
  -0.02077961  0.         -0.06103083  0.16987193]
 [-0.06450993 -0.57919157  0.8185367   0.09302785  0.06350531  0.
  -0.06239168  0.          0.04369717  0.02395226]] 
Episode: 259: [[-0.20181699 -0.44120497 -1.2102079   0.17708857 -0.12148745  0.
  -0.02367404  0.         -0.03670318  0.07211617]
 [ 0.18569385  0.03507642 -1.8607285   0.11875313 -0.06168579  0.
  -0.05734145  0.          0.05016179  0.04704934]
 [ 0.38385823  0.3652261  -1.8004497   0.10592332 -0.15961353  0.
  -0.01762326  0.          0.05416317  0.05405517]
 [ 0.48357204  0.30921933 -1.9052525   0.09785112 -0.21418658  0.
  -0.02088737  0.         -0.06103083  0.16913481]
 [-0.06408127 -0.579841    0.81899166  0.09314505  0.06319478  0.
  -0.06268595  0.          0.04369717  0.02405698]] 
Episode: 260: [[-0.20189841 -0.44150516 -1.2098128   0.17737532 -0.12154669  0.
  -0.02375928  0.         -0.03670318  0.07209355]
 [ 0.18594666  0.03531888 -1.8613797   0.11896542 -0.06189536  0.
  -0.0571659   0.          0.05016179  0.04663605]
 [ 0.384142    0.36555094 -1.8011239   0.10611183 -0.15988192  0.
  -0.01728489  0.          0.05416317  0.05380725]
 [ 0.48419237  0.30910903 -1.9059476   0.09812524 -0.21453126  0.
  -0.02088038  0.         -0.06103083  0.16866723]
 [-0.06380526 -0.5804359   0.81940156  0.09328283  0.06289466  0.
  -0.06306295  0.          0.04369717  0.02412489]] 
Episode: 261: [[-0.20193903 -0.44177446 -1.2094678   0.17784913 -0.12165719  0.
  -0.0239473   0.         -0.03670318  0.07184867]
 [ 0.1861586   0.03561624 -1.8619556   0.11903571 -0.06200861  0.
  -0.0569008   0.          0.05016179  0.0460796 ]
 [ 0.38443333  0.3658947  -1.8017163   0.10608094 -0.16000775  0.
  -0.01687657  0.          0.05416317  0.05350291]
 [ 0.48490304  0.3091766  -1.9065634   0.09821471 -0.21475253  0.
  -0.02077018  0.         -0.06103083  0.16805805]
 [-0.06338774 -0.580962    0.8196883   0.09367621  0.06254257  0.
  -0.06351431  0.          0.04369717  0.02408165]] 
Episode: 262: [[-0.20188673 -0.4420212  -1.2091901   0.17822652 -0.12177539  0.
  -0.02400514  0.         -0.03670318  0.07161062]
 [ 0.18646999  0.03590737 -1.8625238   0.11910091 -0.0620944   0.
  -0.0567694   0.          0.05016179  0.04548026]
 [ 0.3848133   0.36622256 -1.802291    0.10607071 -0.16009651  0.
  -0.01661297  0.          0.05416317  0.05311413]
 [ 0.48569062  0.3092579  -1.9071541   0.09828357 -0.21494341  0.
  -0.02077491  0.         -0.06103083  0.1673716 ]
 [-0.06292274 -0.581451    0.81992507  0.09394789  0.06218767  0.
  -0.06380811  0.          0.04369717  0.02407215]] 
Episode: 263: [[-0.20193738 -0.44234404 -1.2088054   0.17844193 -0.12194879  0.
  -0.02394592  0.         -0.03670318  0.07162146]
 [ 0.18679337  0.03626532 -1.8632183   0.11930604 -0.06226498  0.
  -0.05662557  0.          0.05016179  0.04484681]
 [ 0.38522932  0.36664397 -1.8030096   0.10625017 -0.1602762   0.
  -0.01647956  0.          0.05416317  0.05257177]
 [ 0.48642015  0.30943197 -1.9078773   0.09852996 -0.21522819  0.
  -0.0207037   0.         -0.06103083  0.16673009]
 [-0.06263806 -0.58204377  0.8203838   0.09401938  0.06183372  0.
  -0.06396027  0.          0.04369717  0.02427598]] 
Episode: 264: [[-0.20204966 -0.4426173  -1.2083945   0.17873506 -0.12215127  0.
  -0.02400384  0.         -0.03670318  0.07140981]
 [ 0.18701337  0.03661018 -1.8638589   0.11949913 -0.06237378  0.
  -0.05648106  0.          0.05016179  0.04438594]
 [ 0.3855029   0.36703035 -1.803666    0.10638278 -0.16037557  0.
  -0.01625573  0.          0.05416317  0.05228   ]
 [ 0.487065    0.3096007  -1.9085552   0.09874883 -0.21546082  0.
  -0.02074361  0.         -0.06103083  0.16621697]
 [-0.0623677  -0.58258724  0.82082164  0.09418672  0.06135071  0.
  -0.06420919  0.          0.04369717  0.02424733]] 
Episode: 265: [[-0.20218037 -0.44289377 -1.2080122   0.17893091 -0.12234538  0.
  -0.02399559  0.         -0.03670318  0.07124714]
 [ 0.18726417  0.03698503 -1.8645413   0.11976162 -0.06247527  0.
  -0.05645858  0.          0.05016179  0.04397449]
 [ 0.3858097   0.36743903 -1.8043615   0.1066137  -0.16046992  0.
  -0.01615809  0.          0.05416317  0.05199929]
 [ 0.48768336  0.30983981 -1.9092692   0.09904808 -0.21568298  0.
  -0.02088349  0.         -0.06103083  0.16573928]
 [-0.06216022 -0.583133    0.82129157  0.09421495  0.06089045  0.
  -0.06436134  0.          0.04369717  0.02422623]] 
Episode: 266: [[-0.20214859 -0.4429313  -1.2074867   0.17947271 -0.12232833  0.
  -0.02409944  0.         -0.03670318  0.07088202]
 [ 0.18757483  0.03744795 -1.8652765   0.11976368 -0.06249171  0.
  -0.05654584  0.          0.05016179  0.0434591 ]
 [ 0.38609537  0.36775693 -1.805123    0.1064707  -0.16054401  0.
  -0.01617397  0.          0.05416317  0.05179081]
 [ 0.48831704  0.3100073  -1.9100016   0.09895429 -0.21585622  0.
  -0.02111331  0.         -0.06103083  0.16528691]
 [-0.06188607 -0.58367205  0.8219637   0.09446105  0.06042416  0.
  -0.06438608  0.          0.04369717  0.02426765]] 
Episode: 267: [[-0.20210154 -0.44296527 -1.2070429   0.17996217 -0.12229682  0.
  -0.02424743  0.         -0.03670318  0.07057107]
 [ 0.18788357  0.03784936 -1.8659575   0.1197744  -0.06249991  0.
  -0.05665672  0.          0.05016179  0.04305443]
 [ 0.3863655   0.36803544 -1.805824    0.10635016 -0.16060983  0.
  -0.01620155  0.          0.05416317  0.05166994]
 [ 0.4888813   0.31012616 -1.9106795   0.09888043 -0.21600357  0.
  -0.02142218  0.         -0.06103083  0.16500406]
 [-0.06158259 -0.58416724  0.82252043  0.09467692  0.06003645  0.
  -0.0645204   0.          0.04369717  0.02433632]] 
Episode: 268: [[-0.20204446 -0.4429789  -1.2066982   0.18046652 -0.12224104  0.
  -0.02449193  0.         -0.03670318  0.07009789]
 [ 0.18819132  0.03828892 -1.8666687   0.11978738 -0.0625735   0.
  -0.05664882  0.          0.05016179  0.04276511]
 [ 0.38667035  0.36833015 -1.8065364   0.10621957 -0.16075383  0.
  -0.01612243  0.          0.05416317  0.05175507]
 [ 0.48955783  0.31039125 -1.9114021   0.09882326 -0.21619074  0.
  -0.02159619  0.         -0.06103083  0.16480133]
 [-0.06119289 -0.5846014   0.8229051   0.0949721   0.05980407  0.
  -0.0647532   0.          0.04369717  0.02418736]] 
Episode: 269: [[-0.20196766 -0.44297403 -1.206632    0.18109846 -0.12218613  0.
  -0.02460054  0.         -0.03670318  0.06955348]
 [ 0.18852875  0.03896029 -1.8675715   0.11971783 -0.06255604  0.
  -0.05674934  0.          0.05016179  0.04223625]
 [ 0.38701493  0.3687702  -1.8074      0.10595857 -0.16078375  0.
  -0.01615516  0.          0.05416317  0.05163909]
 [ 0.4903085   0.31093228 -1.9123049   0.09861732 -0.21629335  0.
  -0.02185667  0.         -0.06103083  0.16442908]
 [-0.0607589  -0.5851565   0.8230994   0.09531743  0.05949762  0.
  -0.06485069  0.          0.04369717  0.02426306]] 
Episode: 270: [[-0.20208536 -0.44315994 -1.2062302   0.1815848  -0.12224445  0.
  -0.02466762  0.         -0.03670318  0.06926552]
 [ 0.1888106   0.03959015 -1.8685347   0.11990779 -0.06262022  0.
  -0.05673219  0.          0.05016179  0.04176142]
 [ 0.38734454  0.36929843 -1.8083723   0.10599829 -0.16088778  0.
  -0.01608069  0.          0.05416317  0.05143252]
 [ 0.49105707  0.31155246 -1.9132735   0.0987431  -0.21648753  0.
  -0.02198719  0.         -0.06103083  0.16394699]
 [-0.0603897  -0.58575773  0.8236507   0.09546176  0.05914567  0.
  -0.06505024  0.          0.04369717  0.02419269]] 
Episode: 271: [[-0.20218323 -0.443172   -1.2057744   0.18237685 -0.12217177  0.
  -0.02483945  0.         -0.03670318  0.0687926 ]
 [ 0.18895277  0.04028778 -1.8695123   0.11994934 -0.06263763  0.
  -0.05660921  0.          0.05016179  0.04123794]
 [ 0.38743955  0.36977056 -1.8093513   0.10578014 -0.16098681  0.
  -0.01590979  0.          0.05416317  0.05143872]
 [ 0.49178338  0.31227595 -1.9142796   0.09868034 -0.21663897  0.
  -0.02200076  0.         -0.06103083  0.16342284]
 [-0.0598648  -0.58624446  0.82420224  0.09597401  0.05881752  0.
  -0.06534156  0.          0.04369717  0.02392287]] 
Episode: 272: [[-0.20230581 -0.44318596 -1.2053456   0.18306173 -0.1221092   0.
  -0.02488259  0.         -0.03670318  0.06848263]
 [ 0.18911915  0.04098647 -1.8704613   0.12001324 -0.06258294  0.
  -0.05660607  0.          0.05016179  0.04070229]
 [ 0.38757336  0.37024438 -1.8103026   0.10561848 -0.16099055  0.
  -0.01585989  0.          0.05416317  0.05131175]
 [ 0.49247867  0.31304225 -1.9152548   0.09864648 -0.2166796   0.
  -0.02211682  0.         -0.06103083  0.16292949]
 [-0.05941911 -0.58670676  0.82477397  0.0963801   0.05852561  0.
  -0.06549186  0.          0.04369717  0.02388721]] 
Episode: 273: [[-0.20240691 -0.4431952  -1.2049758   0.183664   -0.12202035  0.
  -0.02503277  0.         -0.03670318  0.06820772]
 [ 0.18934974  0.04161808 -1.8713095   0.12011121 -0.06247828  0.
  -0.05671073  0.          0.05016179  0.04015192]
 [ 0.38779265  0.37067643 -1.8111501   0.10551723 -0.16093287  0.
  -0.01591884  0.          0.05416317  0.05111267]
 [ 0.49318424  0.31376678 -1.9161204   0.09866197 -0.21664011  0.
  -0.0223251   0.         -0.06103083  0.16240394]
 [-0.05898003 -0.5871129   0.8252432   0.09669814  0.0583097   0.
  -0.06573875  0.          0.04369717  0.02387913]] 
Episode: 274: [[-0.20251812 -0.44321054 -1.2046409   0.18421714 -0.12195178  0.
  -0.0251756   0.         -0.03670318  0.06796403]
 [ 0.18955554  0.04216119 -1.8720757   0.12019852 -0.06239277  0.
  -0.05676793  0.          0.05016179  0.03973122]
 [ 0.38798997  0.371048   -1.8119165   0.10542018 -0.16089047  0.
  -0.01591096  0.          0.05416317  0.05102196]
 [ 0.49384606  0.3143509  -1.9169161   0.09867312 -0.21661991  0.
  -0.02249849  0.         -0.06103083  0.1620097 ]
 [-0.05862623 -0.5875014   0.8256544   0.09700536  0.05807695  0.
  -0.06599649  0.          0.04369717  0.02382335]] 
Episode: 275: [[-0.20268452 -0.44327918 -1.2041816   0.18453203 -0.1218484   0.
  -0.02519253  0.         -0.03670318  0.06796127]
 [ 0.18977097  0.04278557 -1.8729665   0.1204348  -0.06233354  0.
  -0.05692703  0.          0.05016179  0.03929907]
 [ 0.3881898   0.3715124  -1.8128313   0.10554837 -0.16089633  0.
  -0.01600786  0.          0.05416317  0.05075087]
 [ 0.4943967   0.31500578 -1.9178355   0.09887497 -0.21662514  0.
  -0.02275855  0.         -0.06103083  0.16163783]
 [-0.05832271 -0.58800125  0.826304    0.09703822  0.05793491  0.
  -0.0661165   0.          0.04369717  0.02397837]] 
Episode: 276: [[-0.20294946 -0.44347078 -1.2036314   0.18470068 -0.12178712  0.
  -0.02509626  0.         -0.03670318  0.06817209]
 [ 0.18997283  0.04343407 -1.8739388   0.12080097 -0.06233289  0.
  -0.05714006  0.          0.05016179  0.03885978]
 [ 0.388407    0.37206855 -1.8138387   0.10585114 -0.16096862  0.
  -0.01619902  0.          0.05416317  0.05031931]
 [ 0.4948925   0.31569645 -1.9188392   0.09924883 -0.2167086   0.
  -0.02309658  0.         -0.06103083  0.1612741 ]
 [-0.05812686 -0.5886155   0.8270876   0.0969089   0.05776925  0.
  -0.06611266  0.          0.04369717  0.02432049]] 
Episode: 277: [[-0.202957   -0.44356626 -1.2035587   0.1853655  -0.12223735  0.
  -0.02489822  0.         -0.03670318  0.06814871]
 [ 0.19025636  0.044086   -1.8748316   0.12053525 -0.06215745  0.
  -0.05743944  0.          0.05016179  0.03863194]
 [ 0.3884773   0.37253422 -1.8146954   0.10578527 -0.16066518  0.
  -0.01647497  0.          0.05416317  0.05012085]
 [ 0.4953054   0.31613988 -1.9197032   0.09922985 -0.2165756   0.
  -0.02350475  0.         -0.06103083  0.16113934]
 [-0.05795005 -0.58928716  0.82765687  0.09732778  0.05721463  0.
  -0.06599748  0.          0.04369717  0.0244242 ]] 
Episode: 278: [[-0.2027369  -0.44327697 -1.203163    0.18642928 -0.1226401   0.
  -0.0246087   0.         -0.03670318  0.06796356]
 [ 0.19063468  0.04515206 -1.8758774   0.119772   -0.06177935  0.
  -0.05781648  0.          0.05016179  0.03825312]
 [ 0.3886293   0.37306726 -1.8158182   0.10540131 -0.16012798  0.
  -0.01682722  0.          0.05416317  0.04985144]
 [ 0.4956163   0.3167496  -1.9207261   0.09887324 -0.21617585  0.
  -0.02397601  0.         -0.06103083  0.16109699]
 [-0.05800229 -0.5901429   0.8286834   0.09818676  0.05678996  0.
  -0.0657822   0.          0.04369717  0.02471788]] 
Episode: 279: [[-0.20266756 -0.44320536 -1.2023121   0.18710698 -0.12316462  0.
  -0.02423692  0.         -0.03670318  0.06778101]
 [ 0.19098775  0.04606946 -1.8769803   0.11933059 -0.06151068  0.
  -0.05813973  0.          0.05016179  0.03800082]
 [ 0.3887936   0.37361458 -1.8170567   0.105382   -0.15969656  0.
  -0.0172481   0.          0.05416317  0.04971593]
 [ 0.4960192   0.31736955 -1.9218348   0.09888958 -0.21588506  0.
  -0.02450405  0.         -0.06103083  0.16096307]
 [-0.05806337 -0.5908845   0.8299492   0.09871279  0.05639212  0.
  -0.06570017  0.          0.04369717  0.02478087]] 
Episode: 280: [[-0.2026716  -0.4429726  -1.2012235   0.1877611  -0.12370197  0.
  -0.02379121  0.         -0.03670318  0.06740794]
 [ 0.19131002  0.04683044 -1.8782213   0.11892917 -0.06122215  0.
  -0.05853843  0.          0.05016179  0.03775077]
 [ 0.3888427   0.37392992 -1.8184413   0.10534433 -0.1592554   0.
  -0.01773073  0.          0.05416317  0.04978152]
 [ 0.49640518  0.31763953 -1.9230897   0.09887535 -0.21561082  0.
  -0.02508314  0.         -0.06103083  0.16090524]
 [-0.05815615 -0.5914686   0.83145565  0.09922936  0.05583108  0.
  -0.06551481  0.          0.04369717  0.02463874]] 
Episode: 281: [[-0.20266455 -0.4427715  -1.2002609   0.18839785 -0.12419165  0.
  -0.02350149  0.         -0.03670318  0.06697983]
 [ 0.19156449  0.04756589 -1.8794713   0.11853752 -0.06095935  0.
  -0.0587893   0.          0.05016179  0.03746821]
 [ 0.38886252  0.37425762 -1.8198076   0.10525859 -0.15885355  0.
  -0.01806114  0.          0.05416317  0.04984194]
 [ 0.49680656  0.3179433  -1.9243623   0.09882506 -0.21536264  0.
  -0.02550032  0.         -0.06103083  0.16082521]
 [-0.05810913 -0.59203196  0.83279383  0.0997768   0.05532391  0.
  -0.06545958  0.          0.04369717  0.02443814]] 
Episode: 282: [[-0.20271964 -0.4426614  -1.1992632   0.18888195 -0.12466235  0.
  -0.02319081  0.         -0.03670318  0.06679268]
 [ 0.19181557  0.04828066 -1.8806773   0.11828137 -0.06077675  0.
  -0.05894526  0.          0.05016179  0.03724135]
 [ 0.38890672  0.37463054 -1.8211375   0.10531525 -0.1585569   0.
  -0.01825461  0.          0.05416317  0.04983009]
 [ 0.49715662  0.31827608 -1.9255759   0.09890972 -0.21521533  0.
  -0.0257718   0.         -0.06103083  0.16081908]
 [-0.05817658 -0.5926491   0.8341949   0.10015154  0.05483043  0.
  -0.0654744   0.          0.04369717  0.02440042]] 
Episode: 283: [[-0.20282526 -0.44263145 -1.197857    0.18905295 -0.12523699  0.
  -0.02279999  0.         -0.03670318  0.0665628 ]
 [ 0.192089    0.04893938 -1.8821478   0.1181866  -0.06065663  0.
  -0.05919349  0.          0.05016179  0.03704749]
 [ 0.38896254  0.37500018 -1.8227689   0.10559149 -0.15832855  0.
  -0.01853254  0.          0.05416317  0.04986836]
 [ 0.49758062  0.31858984 -1.9270637   0.09916725 -0.21514827  0.
  -0.02611999  0.         -0.06103083  0.1607779 ]
 [-0.05827321 -0.593259    0.83597773  0.10026398  0.05430645  0.
  -0.06537615  0.          0.04369717  0.02426622]] 
Episode: 284: [[-0.20308784 -0.44266707 -1.196477    0.18924972 -0.12573205  0.
  -0.02255972  0.         -0.03670318  0.06650492]
 [ 0.19231199  0.04959958 -1.883564    0.11821989 -0.0606158   0.
  -0.05930895  0.          0.05016179  0.0368235 ]
 [ 0.38904068  0.37542066 -1.824327    0.10594519 -0.15822382  0.
  -0.01867882  0.          0.05416317  0.04976787]
 [ 0.49802887  0.31894454 -1.9284949   0.09954849 -0.21516618  0.
  -0.02632943  0.         -0.06103083  0.16061774]
 [-0.05838707 -0.59390205  0.83774126  0.10036252  0.05388563  0.
  -0.06539929  0.          0.04369717  0.02412943]] 
Episode: 285: [[-0.20329155 -0.4427004  -1.1952622   0.18943049 -0.12617     0.
  -0.0223598   0.         -0.03670318  0.06643858]
 [ 0.19260994  0.05019498 -1.8848486   0.11825976 -0.06058438  0.
  -0.05931963  0.          0.05016179  0.03654965]
 [ 0.38922277  0.3758045  -1.82573     0.10627237 -0.15813625  0.
  -0.01870663  0.          0.05416317  0.04961568]
 [ 0.49856266  0.31927392 -1.9297906   0.09990321 -0.21517965  0.
  -0.02641404  0.         -0.06103083  0.16043366]
 [-0.05841853 -0.59448797  0.8392514   0.10044841  0.05354921  0.
  -0.06553157  0.          0.04369717  0.02400085]] 
Episode: 286: [[-0.2035767  -0.44273046 -1.1937832   0.18985689 -0.12637605  0.
  -0.02229141  0.         -0.03670318  0.06637248]
 [ 0.19281116  0.05093697 -1.8862149   0.11838324 -0.06061182  0.
  -0.0594371   0.          0.05016179  0.03605163]
 [ 0.38922846  0.37631133 -1.8272305   0.10655594 -0.15820515  0.
  -0.01862787  0.          0.05416317  0.04929262]
 [ 0.4991494   0.31961766 -1.9311329   0.10029335 -0.2153314   0.
  -0.02659402  0.         -0.06103083  0.16007768]
 [-0.05831844 -0.59523326  0.8410995   0.10067187  0.05319241  0.
  -0.06576198  0.          0.04369717  0.02383302]] 
Episode: 287: [[-0.20376982 -0.44276074 -1.1924211   0.19044358 -0.12657152  0.
  -0.02211849  0.         -0.03670318  0.06610545]
 [ 0.19298658  0.05174084 -1.8873497   0.11835356 -0.06060874  0.
  -0.05965061  0.          0.05016179  0.03534707]
 [ 0.3892684   0.3768683  -1.8285011   0.10658025 -0.15822135  0.
  -0.01866077  0.          0.05416317  0.04886419]
 [ 0.4998481   0.32016963 -1.9322486   0.10043619 -0.2154228   0.
  -0.0268598   0.         -0.06103083  0.15956879]
 [-0.0579937  -0.59591967  0.8427095   0.10111182  0.05285198  0.
  -0.06585789  0.          0.04369717  0.02350638]] 
Episode: 288: [[-0.20393956 -0.442759   -1.1911635   0.19104625 -0.1267181   0.
  -0.02207428  0.         -0.03670318  0.06566013]
 [ 0.19312792  0.05246814 -1.8883908   0.1183149  -0.06059575  0.
  -0.05973492  0.          0.05016179  0.03475487]
 [ 0.3893081   0.37735763 -1.8296679   0.10656025 -0.15823032  0.
  -0.01858661  0.          0.05416317  0.04866331]
 [ 0.50055224  0.32070142 -1.9332769   0.1005512  -0.21548761  0.
  -0.02699516  0.         -0.06103083  0.15913096]
 [-0.05760039 -0.596506    0.84419066  0.10160165  0.0525742   0.
  -0.06605548  0.          0.04369717  0.0230168 ]] 
Episode: 289: [[-0.20416152 -0.44282576 -1.190028    0.19152023 -0.12688434  0.
  -0.02192322  0.         -0.03670318  0.06546717]
 [ 0.19329125  0.05317819 -1.8893782   0.11836669 -0.06056749  0.
  -0.05991853  0.          0.05016179  0.03415054]
 [ 0.38939473  0.3778805  -1.8307604   0.10665692 -0.15821134  0.
  -0.01862363  0.          0.05416317  0.04829873]
 [ 0.5011978   0.3212118  -1.9342449   0.10076413 -0.21552786  0.
  -0.02722076  0.         -0.06103083  0.15867291]
 [-0.05731064 -0.5971487   0.84556264  0.10192955  0.05228971  0.
  -0.06612197  0.          0.04369717  0.0227749 ]] 
Episode: 290: [[-0.20413317 -0.44245037 -1.1893082   0.19210292 -0.12676792  0.
  -0.02189857  0.         -0.03670318  0.06509067]
 [ 0.19362567  0.05383445 -1.8902647   0.11824397 -0.06047389  0.
  -0.06019144  0.          0.05016179  0.03367296]
 [ 0.38963386  0.37808323 -1.8316967   0.10650957 -0.15819323  0.
  -0.01855321  0.          0.05416317  0.04815596]
 [ 0.50194013  0.32149166 -1.9350724   0.10067857 -0.21549986  0.
  -0.02752754  0.         -0.06103083  0.15845263]
 [-0.05698186 -0.5976108   0.84659094  0.10229404  0.0521877   0.
  -0.06629298  0.          0.04369717  0.02236331]] 
Episode: 291: [[-0.20414488 -0.442105   -1.1886479   0.1926326  -0.12662323  0.
  -0.02198757  0.         -0.03670318  0.06461925]
 [ 0.19393763  0.05445021 -1.8911235   0.11818323 -0.06039386  0.
  -0.0603293   0.          0.05016179  0.03345258]
 [ 0.38984072  0.3782774  -1.832592    0.10642615 -0.15820034  0.
  -0.01838612  0.          0.05416317  0.04821099]
 [ 0.50262046  0.32179528 -1.9358886   0.10066339 -0.21546201  0.
  -0.02774982  0.         -0.06103083  0.15841278]
 [-0.05677887 -0.5980285   0.8475499   0.10260694  0.05218777  0.
  -0.06655797  0.          0.04369717  0.02180092]] 
Episode: 292: [[-0.20424834 -0.4418348  -1.1879863   0.19310932 -0.12652816  0.
  -0.02217406  0.         -0.03670318  0.06421494]
 [ 0.19419612  0.05501896 -1.8920972   0.11821386 -0.0603248   0.
  -0.0605155   0.          0.05016179  0.03337039]
 [ 0.38996053  0.3784862  -1.8335726   0.10643784 -0.15821919  0.
  -0.01827166  0.          0.05416317  0.04835219]
 [ 0.50322276  0.32206482 -1.9368265   0.10074931 -0.21545498  0.
  -0.02805375  0.         -0.06103083  0.15839374]
 [-0.05665667 -0.59844536  0.8485063   0.10285211  0.0521231   0.
  -0.06690744  0.          0.04369717  0.02115553]] 
Episode: 293: [[-0.20442382 -0.44158506 -1.1873231   0.19362472 -0.12643597  0.
  -0.02245293  0.         -0.03670318  0.06365057]
 [ 0.19437172  0.05543055 -1.89298     0.11827131 -0.0602597   0.
  -0.06057524  0.          0.05016179  0.03326098]
 [ 0.39003873  0.3785971  -1.8344592   0.10644373 -0.15823646  0.
  -0.01806478  0.          0.05416317  0.04860437]
 [ 0.50379187  0.3220937  -1.9376819   0.10086121 -0.21544984  0.
  -0.02828365  0.         -0.06103083  0.15836059]
 [-0.05653597 -0.5988212   0.8494016   0.10315354  0.05203888  0.
  -0.06733287  0.          0.04369717  0.0203852 ]] 
Episode: 294: [[-0.20461176 -0.44135955 -1.186707    0.19416647 -0.12631062  0.
  -0.02281484  0.         -0.03670318  0.06294419]
 [ 0.19452175  0.0558118  -1.8938766   0.11833395 -0.06020593  0.
  -0.06052123  0.          0.05016179  0.03296322]
 [ 0.39015818  0.37871185 -1.8353522   0.10642451 -0.15826885  0.
  -0.01777475  0.          0.05416317  0.04874989]
 [ 0.5044373   0.32216084 -1.9385561   0.10096419 -0.21544838  0.
  -0.02838647  0.         -0.06103083  0.15814191]
 [-0.05631051 -0.5991718   0.8502367   0.1035027   0.05200728  0.
  -0.06782658  0.          0.04369717  0.01950399]] 
Episode: 295: [[-0.2048374  -0.44118792 -1.1861253   0.19468608 -0.12617683  0.
  -0.02325141  0.         -0.03670318  0.06221015]
 [ 0.19464381  0.05617277 -1.8947464   0.11842873 -0.0601725   0.
  -0.0604701   0.          0.05016179  0.03264308]
 [ 0.39027336  0.3788508  -1.8362074   0.10643201 -0.15832813  0.
  -0.01743292  0.          0.05416317  0.04886692]
 [ 0.50508565  0.32223445 -1.9394056   0.1011022  -0.2154622   0.
  -0.02858303  0.         -0.06103083  0.1577971 ]
 [-0.05609293 -0.59954166  0.8510134   0.10383976  0.05201564  0.
  -0.06838165  0.          0.04369717  0.01855252]] 
Episode: 296: [[-0.20499223 -0.4410369  -1.1854384   0.19508858 -0.12609279  0.
  -0.0235332   0.         -0.03670318  0.06144459]
 [ 0.19481169  0.0565423  -1.8956283   0.11851725 -0.0601363   0.
  -0.06044335  0.          0.05016179  0.03233586]
 [ 0.39040902  0.37900728 -1.8371007   0.1064672  -0.15837045  0.
  -0.01722924  0.          0.05416317  0.04900763]
 [ 0.5056986   0.32234424 -1.9402572   0.10122947 -0.21547209  0.
  -0.02881933  0.         -0.06103083  0.15751584]
 [-0.05593472 -0.5999147   0.8519262   0.10408183  0.05199528  0.
  -0.0687701   0.          0.04369717  0.01769336]] 
Episode: 297: [[-0.2052089  -0.44094375 -1.1847801   0.19539411 -0.12601516  0.
  -0.02367579  0.         -0.03670318  0.06095996]
 [ 0.19501683  0.05701421 -1.8965379   0.11866883 -0.06010347  0.
  -0.06052742  0.          0.05016179  0.03183899]
 [ 0.39063108  0.3792824  -1.8380218   0.10659391 -0.15841275  0.
  -0.01714986  0.          0.05416317  0.04895096]
 [ 0.5063089   0.322623   -1.9411364   0.10143821 -0.21548831  0.
  -0.02913612  0.         -0.06103083  0.15708888]
 [-0.05586167 -0.6003752   0.8528456   0.10420845  0.05196194  0.
  -0.06900871  0.          0.04369717  0.01711447]] 
Episode: 298: [[-0.20562877 -0.44116879 -1.183798    0.19557792 -0.12605491  0.
  -0.02369322  0.         -0.03670318  0.06072547]
 [ 0.19513588  0.05746112 -1.8975233   0.11906312 -0.06023048  0.
  -0.06071115  0.          0.05016179  0.03125288]
 [ 0.39081457  0.37975052 -1.8390756   0.10700215 -0.15861394  0.
  -0.01718231  0.          0.05416317  0.04871828]
 [ 0.50694954  0.32306236 -1.9421169   0.10194549 -0.21569595  0.
  -0.02952532  0.         -0.06103083  0.1565193 ]
 [-0.05569639 -0.60096663  0.85397995  0.10413855  0.05184478  0.
  -0.06911256  0.          0.04369717  0.01678551]] 
Episode: 299: [[-0.20620087 -0.44164097 -1.182709    0.19572599 -0.12635289  0.
  -0.0235981   0.         -0.03670318  0.06071363]
 [ 0.19519177  0.05791041 -1.8984827   0.11955044 -0.06047669  0.
  -0.0609845   0.          0.05016179  0.0306273 ]
 [ 0.3909611   0.38037208 -1.8401045   0.1075087  -0.15888926  0.
  -0.01731539  0.          0.05416317  0.04832872]
 [ 0.5076246   0.32348666 -1.9430714   0.10256136 -0.21609034  0.
  -0.02997967  0.         -0.06103083  0.15582284]
 [-0.05558976 -0.6017528   0.8551815   0.10401224  0.05138743  0.
  -0.06909524  0.          0.04369717  0.0166587 ]] 
Episode: 300: [[-0.2067915  -0.44215876 -1.1815366   0.19579376 -0.12665246  0.
  -0.02340178  0.         -0.03670318  0.06089993]
 [ 0.19526555  0.05836435 -1.8995045   0.12006641 -0.06068961  0.
  -0.06133847  0.          0.05016179  0.03006024]
 [ 0.3911432   0.38102335 -1.8412164   0.10806811 -0.1591305   0.
  -0.01753899  0.          0.05416317  0.04779936]
 [ 0.508318    0.32397422 -1.9441075   0.10321102 -0.21643713  0.
  -0.03049262  0.         -0.06103083  0.15511528]
 [-0.05549571 -0.6025559   0.85647625  0.10380853  0.05094184  0.
  -0.06896896  0.          0.04369717  0.01673294]] 
Episode: 301: [[-0.20746998 -0.44271955 -1.1803187   0.19586688 -0.12698014  0.
  -0.02323595  0.         -0.03670318  0.06105507]
 [ 0.19524775  0.0587097  -1.9005682   0.12064373 -0.06094027  0.
  -0.06154895  0.          0.05016179  0.02976075]
 [ 0.39120373  0.38161647 -1.842377    0.10868581 -0.15942064  0.
  -0.01763636  0.          0.05416317  0.0475045 ]
 [ 0.5089241   0.32421836 -1.9451976   0.10393964 -0.216852    0.
  -0.03085011  0.         -0.06103083  0.1546144 ]
 [-0.05534814 -0.6034074   0.85782033  0.10359716  0.05040701  0.
  -0.0687447   0.          0.04369717  0.01661254]] 
Episode: 302: [[-0.20785278 -0.44304487 -1.179525    0.19633164 -0.1273743   0.
  -0.02297586  0.         -0.03670318  0.06099774]
 [ 0.19530314  0.05922011 -1.9015585   0.12080608 -0.0610084   0.
  -0.06184627  0.          0.05016179  0.02929861]
 [ 0.3912072   0.38215515 -1.843405    0.10892688 -0.15946464  0.
  -0.0178278   0.          0.05416317  0.04735749]
 [ 0.5095443   0.32455298 -1.946218    0.1042683  -0.21706408  0.
  -0.03127587  0.         -0.06103083  0.15420584]
 [-0.05497978 -0.6042481   0.8585961   0.10379116  0.04972721  0.
  -0.06843236  0.          0.04369717  0.0164673 ]] 
Episode: 303: [[-0.20824891 -0.4433945  -1.1788137   0.19676717 -0.12773919  0.
  -0.02285275  0.         -0.03670318  0.0607513 ]
 [ 0.195395    0.0597395  -1.902405    0.12102409 -0.06100874  0.
  -0.0622217   0.          0.05016179  0.02862778]
 [ 0.3913627   0.3827211  -1.8442867   0.10920172 -0.15941714  0.
  -0.01810388  0.          0.05416317  0.04707725]
 [ 0.51027435  0.32495445 -1.947088    0.10464094 -0.21719079  0.
  -0.03176305  0.         -0.06103083  0.15365432]
 [-0.05457002 -0.605051    0.85923904  0.10395851  0.04904069  0.
  -0.06826193  0.          0.04369717  0.01615089]] 
Episode: 304: [[-0.20869116 -0.44373694 -1.1779886   0.19712365 -0.12808569  0.
  -0.02263119  0.         -0.03670318  0.06072477]
 [ 0.19543537  0.06022463 -1.9033202   0.12128327 -0.06105139  0.
  -0.06252179  0.          0.05016179  0.0281862 ]
 [ 0.39142415  0.38324884 -1.8452442   0.1095285  -0.15944135  0.
  -0.01842503  0.          0.05416317  0.04684469]
 [ 0.5108681   0.32530665 -1.9480283   0.10506003 -0.21737255  0.
  -0.03217005  0.         -0.06103083  0.15327932]
 [-0.05425824 -0.60578346  0.8600329   0.10405726  0.04840888  0.
  -0.0679981   0.          0.04369717  0.01596146]] 
Episode: 305: [[-0.20918459 -0.4440927  -1.17721     0.19742532 -0.12839185  0.
  -0.02254263  0.         -0.03670318  0.06074833]
 [ 0.19547747  0.0607974  -1.9041848   0.12161279 -0.06118214  0.
  -0.06268373  0.          0.05016179  0.0279045 ]
 [ 0.39149755  0.38384718 -1.8461405   0.10993026 -0.15958504  0.
  -0.01861013  0.          0.05416317  0.04672806]
 [ 0.5113787   0.32575393 -1.9489095   0.10556692 -0.21766056  0.
  -0.03243207  0.         -0.06103083  0.15304878]
 [-0.05414335 -0.60655445  0.86082065  0.10408905  0.04784622  0.
  -0.06787121  0.          0.04369717  0.01574872]] 
Episode: 306: [[-0.20957112 -0.44417298 -1.1769787   0.19814092 -0.12862399  0.
  -0.02235224  0.         -0.03670318  0.0607815 ]
 [ 0.19555563  0.06143023 -1.9049052   0.12161464 -0.06113704  0.
  -0.06293745  0.          0.05016179  0.02739785]
 [ 0.39154753  0.38432243 -1.8467665   0.10998464 -0.15953203  0.
  -0.01888057  0.          0.05416317  0.04644493]
 [ 0.5118539   0.3260404  -1.949579    0.1057051  -0.21778339  0.
  -0.03277205  0.         -0.06103083  0.15269755]
 [-0.05397591 -0.60734457  0.8612868   0.10447183  0.04707235  0.
  -0.06764664  0.          0.04369717  0.01574392]] 
Episode: 307: [[-0.20974326 -0.44393122 -1.1773624   0.19920066 -0.12872922  0.
  -0.02229164  0.         -0.03670318  0.0606175 ]
 [ 0.19564821  0.06196532 -1.9055203   0.12133854 -0.06091166  0.
  -0.06327372  0.          0.05016179  0.02689818]
 [ 0.39157233  0.3845308  -1.8471743   0.10973579 -0.15927653  0.
  -0.01922778  0.          0.05416317  0.04636903]
 [ 0.5123059   0.3261807  -1.9501255   0.10552201 -0.2176697   0.
  -0.03318217  0.         -0.06103083  0.15256698]
 [-0.05371467 -0.60789     0.8612152   0.10515536  0.04636213  0.
  -0.06733424  0.          0.04369717  0.01555472]] 
Episode: 308: [[-0.2099549  -0.4437009  -1.1776882   0.20016962 -0.12879857  0.
  -0.02234775  0.         -0.03670318  0.06040711]
 [ 0.1957262   0.06243569 -1.9060708   0.12111267 -0.06070505  0.
  -0.06346831  0.          0.05016179  0.02665641]
 [ 0.39159572  0.38470173 -1.8475364   0.10952894 -0.15904999  0.
  -0.01943639  0.          0.05416317  0.04647813]
 [ 0.51270807  0.32630122 -1.9506214   0.10538742 -0.21753868  0.
  -0.03344705  0.         -0.06103083  0.15263328]
 [-0.05366391 -0.60834897  0.86119515  0.10579024  0.04580207  0.
  -0.06716353  0.          0.04369717  0.01520113]] 
Episode: 309: [[-0.2102168  -0.44354028 -1.1778144   0.20085832 -0.12899391  0.
  -0.02228764  0.         -0.03670318  0.06041167]
 [ 0.19581583  0.06280141 -1.9067591   0.12099002 -0.06057522  0.
  -0.06357739  0.          0.05016179  0.0264714 ]
 [ 0.39165413  0.38484362 -1.8480772   0.10949045 -0.1588821   0.
  -0.01972793  0.          0.05416317  0.04645266]
 [ 0.5130987   0.32632643 -1.9512783   0.10539183 -0.21749307  0.
  -0.03365288  0.         -0.06103083  0.15270938]
 [-0.05367066 -0.6088017   0.8613694   0.10623103  0.04520163  0.
  -0.06689966  0.          0.04369717  0.01506758]] 
Episode: 310: [[-0.21041703 -0.44337654 -1.1779162   0.20143867 -0.12912357  0.
  -0.02222755  0.         -0.03670318  0.06053349]
 [ 0.1959843   0.06312121 -1.9074085   0.12090284 -0.06042993  0.
  -0.06378357  0.          0.05016179  0.02609574]
 [ 0.39178872  0.3849603  -1.8485991   0.10949444 -0.15870757  0.
  -0.02009408  0.          0.05416317  0.04625358]
 [ 0.5135092   0.32633787 -1.9518858   0.10542195 -0.21740273  0.
  -0.03394242  0.         -0.06103083  0.15259476]
 [-0.05352286 -0.6092016   0.8615447   0.10656038  0.04475994  0.
  -0.06664606  0.          0.04369717  0.01513034]] 
Episode: 311: [[-0.21066265 -0.44324785 -1.1776961   0.2019682  -0.12917772  0.
  -0.02228423  0.         -0.03670318  0.06045075]
 [ 0.19616675  0.06326304 -1.90822     0.12093475 -0.06036171  0.
  -0.06386107  0.          0.05016179  0.02572554]
 [ 0.39196727  0.38495848 -1.8493246   0.1096015  -0.15867192  0.
  -0.02031978  0.          0.05416317  0.04625067]
 [ 0.51405257  0.32616267 -1.9526888   0.10556956 -0.21741328  0.
  -0.03409866  0.         -0.06103083  0.15246767]
 [-0.05328925 -0.6095124   0.86193013  0.10682248  0.04436757  0.
  -0.06652835  0.          0.04369717  0.01500494]] 
Episode: 312: [[-0.21097398 -0.44315705 -1.1773748   0.20239805 -0.1292111   0.
  -0.02244592  0.         -0.03670318  0.06018579]
 [ 0.19634624  0.06334175 -1.9091331   0.12110155 -0.06032018  0.
  -0.06382283  0.          0.05016179  0.02550624]
 [ 0.39216596  0.3849282  -1.850162    0.10985241 -0.1586865   0.
  -0.02041911  0.          0.05416317  0.04642295]
 [ 0.51469934  0.3259436  -1.9536182   0.10586438 -0.21744451  0.
  -0.03413497  0.         -0.06103083  0.1523718 ]
 [-0.05307964 -0.6097687   0.86241096  0.10695433  0.04405535  0.
  -0.06653284  0.          0.04369717  0.01471169]] 
Episode: 313: [[-0.21130554 -0.44307998 -1.1770647   0.20279756 -0.12923062  0.
  -0.02270201  0.         -0.03670318  0.05991169]
 [ 0.19652776  0.06346174 -1.9100133   0.12128609 -0.06026519  0.
  -0.06389636  0.          0.05016179  0.02521225]
 [ 0.39239624  0.38494346 -1.8509662   0.11010537 -0.15868238  0.
  -0.02061225  0.          0.05416317  0.04647631]
 [ 0.51537174  0.32584414 -1.9545207   0.10616639 -0.21744257  0.
  -0.03427191  0.         -0.06103083  0.15210323]
 [-0.05292838 -0.6100252   0.86288303  0.10707062  0.04378677  0.
  -0.06664723  0.          0.04369717  0.01436269]] 
Episode: 314: [[-0.2113789  -0.4427694  -1.1769397   0.20357145 -0.12921351  0.
  -0.02282181  0.         -0.03670318  0.05947597]
 [ 0.1968882   0.06392986 -1.9106135   0.12103291 -0.06011241  0.
  -0.06407042  0.          0.05016179  0.02469909]
 [ 0.39272818  0.38508263 -1.8515027   0.1100369  -0.15856302  0.
  -0.02088979  0.          0.05416317  0.04634995]
 [ 0.51614887  0.32630825 -1.9551291   0.10613322 -0.2173351   0.
  -0.03449939  0.         -0.06103083  0.15168071]
 [-0.05260162 -0.61033505  0.86314833  0.10758856  0.04336192  0.
  -0.06663984  0.          0.04369717  0.01423012]] 
Episode: 315: [[-0.21166566 -0.4427549  -1.1763649   0.20395114 -0.12914449  0.
  -0.02304013  0.         -0.03670318  0.05889639]
 [ 0.19722101  0.06441884 -1.9113346   0.12118441 -0.06014352  0.
  -0.06411915  0.          0.05016179  0.02427413]
 [ 0.39308172  0.38541484 -1.8522402   0.11026498 -0.15870436  0.
  -0.02103582  0.          0.05416317  0.0464102 ]
 [ 0.5169866   0.32685736 -1.9558837   0.10640028 -0.21748385  0.
  -0.03459985  0.         -0.06103083  0.15137936]
 [-0.05239593 -0.61078876  0.8637707   0.107738    0.04296222  0.
  -0.06674345  0.          0.04369717  0.01393184]] 
Episode: 316: [[-0.2119578  -0.44278878 -1.1756978   0.20422609 -0.12917148  0.
  -0.02312603  0.         -0.03670318  0.05821719]
 [ 0.19750427  0.0648901  -1.9120905   0.12137461 -0.06019179  0.
  -0.06405824  0.          0.05016179  0.02414455]
 [ 0.39331886  0.38575834 -1.8530306   0.11055433 -0.15884708  0.
  -0.02109008  0.          0.05416317  0.04663713]
 [ 0.517668    0.3273642  -1.9566698   0.1067187  -0.21765663  0.
  -0.03458603  0.         -0.06103083  0.15129052]
 [-0.05227182 -0.61126876  0.8645133   0.10780508  0.04252066  0.
  -0.06678     0.          0.04369717  0.01348575]] 
Episode: 317: [[-0.2123236  -0.44289833 -1.1750711   0.2044018  -0.12931158  0.
  -0.02309285  0.         -0.03670318  0.05779668]
 [ 0.19775125  0.06537801 -1.9128716   0.12162992 -0.06024391  0.
  -0.06389562  0.          0.05016179  0.02404388]
 [ 0.3935511   0.38616478 -1.8538297   0.1109279  -0.15895554  0.
  -0.02103511  0.          0.05416317  0.04666835]
 [ 0.5183211   0.32796705 -1.9574897   0.10712226 -0.21782859  0.
  -0.03446939  0.         -0.06103083  0.15118954]
 [-0.05222444 -0.61173683  0.8652274   0.1077917   0.04201991  0.
  -0.06670254  0.          0.04369717  0.01321944]] 
Episode: 318: [[-0.21267314 -0.44301116 -1.1745176   0.20454738 -0.12944272  0.
  -0.02312346  0.         -0.03670318  0.05749736]
 [ 0.19800377  0.06584551 -1.9136803   0.12190056 -0.06035345  0.
  -0.06385709  0.          0.05016179  0.0239511 ]
 [ 0.3937847   0.38655815 -1.8546448   0.11131301 -0.15913026  0.
  -0.02108943  0.          0.05416317  0.04665126]
 [ 0.5188887   0.32851884 -1.958345    0.10753807 -0.21806784  0.
  -0.03446862  0.         -0.06103083  0.15113354]
 [-0.05220222 -0.61221045  0.8658629   0.10773788  0.0415736   0.
  -0.06674315  0.          0.04369717  0.01314508]] 
Episode: 319: [[-0.21280289 -0.44312662 -1.1740823   0.20464379 -0.12960707  0.
  -0.02304045  0.         -0.03670318  0.05730842]
 [ 0.19842373  0.06620216 -1.9144952   0.12208848 -0.06049432  0.
  -0.06393018  0.          0.05016179  0.02362069]
 [ 0.39419302  0.38687733 -1.8554497   0.11160707 -0.15930715  0.
  -0.02124207  0.          0.05416317  0.04646402]
 [ 0.5195717   0.32891807 -1.9592059   0.10781243 -0.21833082  0.
  -0.03457209  0.         -0.06103083  0.15090229]
 [-0.0519484  -0.61263466  0.866334    0.10764779  0.04114619  0.
  -0.06666943  0.          0.04369717  0.01325561]] 
Episode: 320: [[-0.21282655 -0.44333476 -1.1735162   0.20468658 -0.12980904  0.
  -0.02285526  0.         -0.03670318  0.05702238]
 [ 0.19881646  0.06657033 -1.9153634   0.12220318 -0.06059821  0.
  -0.06410367  0.          0.05016179  0.02339184]
 [ 0.3944672   0.38727432 -1.856334    0.11183108 -0.15943553  0.
  -0.02148318  0.          0.05416317  0.04642228]
 [ 0.52010316  0.32932347 -1.9601249   0.10798006 -0.21853124  0.
  -0.03476937  0.         -0.06103083  0.15087534]
 [-0.05180065 -0.61315423  0.86694086  0.10754643  0.04078084  0.
  -0.06649289  0.          0.04369717  0.01349217]] 
Episode: 321: [[-0.2127903  -0.4436177  -1.1727883   0.20509031 -0.12974276  0.
  -0.02279912  0.         -0.03670318  0.05657897]
 [ 0.19908886  0.06691479 -1.916222    0.12235188 -0.06076059  0.
  -0.06415207  0.          0.05016179  0.02340765]
 [ 0.39454126  0.3877038  -1.8572198   0.11193284 -0.15972605  0.
  -0.02159642  0.          0.05416317  0.04655595]
 [ 0.52075315  0.32970232 -1.9610381   0.10811693 -0.21886486  0.
  -0.03484274  0.         -0.06103083  0.15103078]
 [-0.05146333 -0.6136681   0.86763465  0.10765693  0.04039022  0.
  -0.06644423  0.          0.04369717  0.01352803]] 
Episode: 322: [[-0.2127484  -0.44390613 -1.1720353   0.20547803 -0.12977687  0.
  -0.0226382   0.         -0.03670318  0.05599539]
 [ 0.19926457  0.0672969  -1.9171829   0.12246922 -0.06096832  0.
  -0.06430328  0.          0.05016179  0.0236657 ]
 [ 0.39439222  0.3881592  -1.858193    0.11199828 -0.16005324  0.
  -0.02180204  0.          0.05416317  0.04684635]
 [ 0.5212818   0.3301201  -1.9620532   0.10820323 -0.21927227  0.
  -0.0350129   0.         -0.06103083  0.15134896]
 [-0.05126146 -0.61416066  0.868422    0.10776851  0.03991681  0.
  -0.06629033  0.          0.04369717  0.01338463]] 
Episode: 323: [[-0.21255858 -0.44409764 -1.1713643   0.20590772 -0.12980685  0.
  -0.02238306  0.         -0.03670318  0.05565799]
 [ 0.19953868  0.06761105 -1.9180694   0.12240081 -0.06113217  0.
  -0.06454696  0.          0.05016179  0.0236541 ]
 [ 0.39436507  0.38850978 -1.8590977   0.11184336 -0.16031618  0.
  -0.02209078  0.          0.05416317  0.04693688]
 [ 0.52192384  0.33045855 -1.9629849   0.10803487 -0.21960995  0.
  -0.03527012  0.         -0.06103083  0.15145604]
 [-0.05085575 -0.6145791   0.86910176  0.10798382  0.0394836   0.
  -0.06604178  0.          0.04369717  0.01343095]] 
Episode: 324: [[-0.21252441 -0.44433385 -1.1706825   0.20629425 -0.12982544  0.
  -0.02226385  0.         -0.03670318  0.05549669]
 [ 0.19977383  0.06794937 -1.9189504   0.12243483 -0.06133621  0.
  -0.06475316  0.          0.05016179  0.0235838 ]
 [ 0.3943805   0.38890794 -1.8599894   0.11180125 -0.16063313  0.
  -0.02224692  0.          0.05416317  0.04686386]
 [ 0.52258104  0.33081073 -1.9639087   0.10800515 -0.21999241  0.
  -0.03560567  0.         -0.06103083  0.15137753]
 [-0.05059187 -0.6150664   0.869818    0.10814154  0.03908491  0.
  -0.06592821  0.          0.04369717  0.01350033]] 
Episode: 325: [[-0.21245629 -0.4447324  -1.1694328   0.20639332 -0.12998594  0.
  -0.02204632  0.         -0.03670318  0.05549202]
 [ 0.19994435  0.06817047 -1.9199735   0.12255386 -0.06166882  0.
  -0.06483089  0.          0.05016179  0.02376105]
 [ 0.3941802   0.38931048 -1.8611248   0.11194606 -0.16110119  0.
  -0.02228374  0.          0.05416317  0.04696729]
 [ 0.5230988   0.3311352  -1.9650104   0.10813481 -0.22050308  0.
  -0.03580355  0.         -0.06103083  0.15148394]
 [-0.05026926 -0.61545014  0.8708447   0.10815991  0.038882    0.
  -0.06593605  0.          0.04369717  0.01338801]] 
Episode: 326: [[-0.2124588  -0.4451943  -1.1683084   0.20644286 -0.13015977  0.
  -0.02196086  0.         -0.03670318  0.05556179]
 [ 0.20013005  0.06845696 -1.9209242   0.1227495  -0.06199447  0.
  -0.06491768  0.          0.05016179  0.02390018]
 [ 0.39403644  0.38980058 -1.8621742   0.11218396 -0.16154812  0.
  -0.02221502  0.          0.05416317  0.04696711]
 [ 0.5235806   0.33146182 -1.9660378   0.1083663  -0.2210106   0.
  -0.03608568  0.         -0.06103083  0.15147282]
 [-0.05005595 -0.6159853   0.87177765  0.10809089  0.03862853  0.
  -0.06605307  0.          0.04369717  0.01324648]] 
Episode: 327: [[-0.21253054 -0.44595152 -1.1670219   0.20672572 -0.13030337  0.
  -0.02199417  0.         -0.03670318  0.05544015]
 [ 0.20006654  0.06886274 -1.9219831   0.12302633 -0.06246395  0.
  -0.06496009  0.          0.05016179  0.02426269]
 [ 0.3936948   0.3905453  -1.8633232   0.11240479 -0.16220148  0.
  -0.02204952  0.          0.05416317  0.04713535]
 [ 0.52386594  0.33182603 -1.967178    0.10864026 -0.22178014  0.
  -0.03630072  0.         -0.06103083  0.15163894]
 [-0.0498423  -0.6167984   0.8728176   0.10813795  0.03814306  0.
  -0.06604842  0.          0.04369717  0.01294542]] 
Episode: 328: [[-0.21261777 -0.44663784 -1.165861    0.2069766  -0.13041016  0.
  -0.0221343   0.         -0.03670318  0.0553815 ]
 [ 0.20004924  0.06925915 -1.9229361   0.12330246 -0.06286582  0.
  -0.06504796  0.          0.05016179  0.02452219]
 [ 0.3934289   0.39124957 -1.8643539   0.11263368 -0.16277146  0.
  -0.02192011  0.          0.05416317  0.04719428]
 [ 0.52410704  0.33221602 -1.9681901   0.10892485 -0.22244088  0.
  -0.03659843  0.         -0.06103083  0.15177675]
 [-0.04971696 -0.6175619   0.87376374  0.10816068  0.03775034  0.
  -0.06615412  0.          0.04369717  0.01284725]] 
Episode: 329: [[-0.21266772 -0.4472427  -1.1646329   0.20732823 -0.13069084  0.
  -0.02215025  0.         -0.03670318  0.05531116]
 [ 0.20003055  0.06967517 -1.9239235   0.12353408 -0.06318387  0.
  -0.06523528  0.          0.05016179  0.0247326 ]
 [ 0.39314246  0.3919124  -1.8654356   0.11277204 -0.16318686  0.
  -0.02190747  0.          0.05416317  0.04722358]
 [ 0.5243679   0.33270594 -1.969237    0.10912744 -0.22296967  0.
  -0.03697051  0.         -0.06103083  0.15183556]
 [-0.04949141 -0.61821645  0.8747929   0.10823856  0.03732239  0.
  -0.06613938  0.          0.04369717  0.01270318]] 
Episode: 330: [[-0.21284309 -0.44787422 -1.1634625   0.20776424 -0.13074689  0.
  -0.02227467  0.         -0.03670318  0.05506418]
 [ 0.19990093  0.0702601  -1.9249326   0.12387726 -0.06358303  0.
  -0.06529558  0.          0.05016179  0.02515741]
 [ 0.39267394  0.39271063 -1.8665143   0.11298487 -0.16377968  0.
  -0.0217923   0.          0.05416317  0.04741804]
 [ 0.52466536  0.33328962 -1.9703239   0.10944761 -0.22367977  0.
  -0.03720117  0.         -0.06103083  0.1520642 ]
 [-0.04931736 -0.61903137  0.87572217  0.10832766  0.03676813  0.
  -0.06601631  0.          0.04369717  0.01240085]] 
Episode: 331: [[-0.21303272 -0.44844234 -1.1624005   0.20816553 -0.13077588  0.
  -0.02247271  0.         -0.03670318  0.05486618]
 [ 0.19978566  0.07076541 -1.9258139   0.12420009 -0.06395148  0.
  -0.06524165  0.          0.05016179  0.02568471]
 [ 0.39224395  0.3934171  -1.8674598   0.113188   -0.16433097  0.
  -0.02158485  0.          0.05416317  0.04776014]
 [ 0.5248915   0.33379582 -1.9712743   0.10975587 -0.22431473  0.
  -0.03730457  0.         -0.06103083  0.15244448]
 [-0.04924403 -0.6197606   0.87658066  0.10841744  0.03632902  0.
  -0.06601535  0.          0.04369717  0.01211899]] 
Episode: 332: [[-0.2130975  -0.44905737 -1.161453    0.20885989 -0.13105646  0.
  -0.02254079  0.         -0.03670318  0.0548722 ]
 [ 0.1998546   0.0712822  -1.9265804   0.12425107 -0.06418654  0.
  -0.06530128  0.          0.05016179  0.02592083]
 [ 0.39201146  0.39418188 -1.8682967   0.11308287 -0.16462716  0.
  -0.02150196  0.          0.05416317  0.04789993]
 [ 0.52526796  0.33441368 -1.9721208   0.10973823 -0.22472678  0.
  -0.03750176  0.         -0.06103083  0.15261085]
 [-0.04922563 -0.62053686  0.8773438   0.10876131  0.03578361  0.
  -0.06590477  0.          0.04369717  0.01203905]] 
Episode: 333: [[-0.21315934 -0.44962278 -1.1606017   0.2094615  -0.13129815  0.
  -0.02266216  0.         -0.03670318  0.05491566]
 [ 0.19997996  0.0718072  -1.9273227   0.12433899 -0.06443489  0.
  -0.06546307  0.          0.05016179  0.0260508 ]
 [ 0.3918562   0.3949228  -1.8690971   0.11304159 -0.16494063  0.
  -0.02153114  0.          0.05416317  0.0478989 ]
 [ 0.5256243   0.33501956 -1.9729341   0.10977571 -0.22514406  0.
  -0.03778332  0.         -0.06103083  0.15264058]
 [-0.04915338 -0.621301    0.8780497   0.10901205  0.03531405  0.
  -0.06588291  0.          0.04369717  0.01206003]] 
Episode: 334: [[-0.21329743 -0.45003197 -1.1597403   0.21005312 -0.1314167   0.
  -0.02288151  0.         -0.03670318  0.05477161]
 [ 0.20000336  0.07228126 -1.9280486   0.12449844 -0.06478759  0.
  -0.06550054  0.          0.05016179  0.02639977]
 [ 0.3915705   0.39550763 -1.869869    0.11306684 -0.16542947  0.
  -0.02145364  0.          0.05416317  0.04806438]
 [ 0.525982    0.33543402 -1.9737295   0.10990191 -0.2257109   0.
  -0.03793258  0.         -0.06103083  0.15284109]
 [-0.04911888 -0.6218969   0.87881786  0.10925064  0.03491606  0.
  -0.065973    0.          0.04369717  0.01190658]] 
Episode: 335: [[-0.21351285 -0.45048222 -1.158833    0.21063203 -0.13164933  0.
  -0.02296873  0.         -0.03670318  0.05470738]
 [ 0.19996731  0.07281217 -1.9289174   0.12467387 -0.06513625  0.
  -0.06564232  0.          0.05016179  0.02674215]
 [ 0.39122108  0.3961577  -1.8707813   0.11310005 -0.16588265  0.
  -0.02148764  0.          0.05416317  0.04818165]
 [ 0.52642375  0.3359054  -1.9746982   0.11004039 -0.22628257  0.
  -0.03817099  0.         -0.06103083  0.1529385 ]
 [-0.04918651 -0.6225893   0.8797325   0.10950273  0.03435401  0.
  -0.06594434  0.          0.04369717  0.01173208]] 
Episode: 336: [[-0.21357505 -0.45085382 -1.1580331   0.2111592  -0.13189784  0.
  -0.02293712  0.         -0.03670318  0.05483222]
 [ 0.20004664  0.0732462  -1.9297229   0.12473774 -0.06553445  0.
  -0.06587791  0.          0.05016179  0.02696139]
 [ 0.39098436  0.39668658 -1.8716205   0.11303063 -0.16637734  0.
  -0.02162196  0.          0.05416317  0.04812625]
 [ 0.52694184  0.33627176 -1.975587    0.11003808 -0.2269074   0.
  -0.03848961  0.         -0.06103083  0.15293765]
 [-0.0491003  -0.6231944   0.8805415   0.10976122  0.0338125   0.
  -0.06580887  0.          0.04369717  0.0117475 ]] 
Episode: 337: [[-0.21372569 -0.45131367 -1.1571728   0.21150655 -0.13215236  0.
  -0.02294376  0.         -0.03670318  0.05512276]
 [ 0.20012379  0.07364089 -1.9306672   0.12494427 -0.06604719  0.
  -0.06598189  0.          0.05016179  0.02726493]
 [ 0.39076754  0.39724138 -1.8726021   0.1131707  -0.16700546  0.
  -0.02163912  0.          0.05416317  0.04809983]
 [ 0.52740395  0.33658388 -1.9766233   0.11024119 -0.22766824  0.
  -0.03867226  0.         -0.06103083  0.15303402]
 [-0.04910819 -0.6238748   0.8814767   0.10982311  0.03331254  0.
  -0.06579663  0.          0.04369717  0.01182692]] 
Episode: 338: [[-0.21408153 -0.45210063 -1.1560836   0.21149926 -0.13271976  0.
  -0.02283951  0.         -0.03670318  0.05556418]
 [ 0.20007005  0.07408971 -1.9316914   0.12541723 -0.06662203  0.
  -0.06596746  0.          0.05016179  0.02776754]
 [ 0.39036226  0.3980127  -1.8737144   0.11357693 -0.16762894  0.
  -0.02155087  0.          0.05416317  0.0482421 ]
 [ 0.5276622   0.33708242 -1.9777621   0.11070827 -0.22849971  0.
  -0.03873257  0.         -0.06103083  0.15329386]
 [-0.04934637 -0.6246482   0.88260233  0.10958495  0.03265297  0.
  -0.06578916  0.          0.04369717  0.01172664]] 
Episode: 339: [[-0.21442603 -0.45280284 -1.1551044   0.21149366 -0.1332278   0.
  -0.0228559   0.         -0.03670318  0.05588794]
 [ 0.19997758  0.07444685 -1.9325956   0.12586139 -0.06717651  0.
  -0.06584654  0.          0.05016179  0.02844629]
 [ 0.38989136  0.3986755  -1.8746928   0.11396331 -0.16823916  0.
  -0.02136777  0.          0.05416317  0.0485352 ]
 [ 0.52772063  0.33745456 -1.9787524   0.11115535 -0.22929661  0.
  -0.03868281  0.         -0.06103083  0.15369973]
 [-0.04972099 -0.62534624  0.883626    0.10936328  0.03207593  0.
  -0.06589224  0.          0.04369717  0.01146575]] 
Episode: 340: [[-0.21472377 -0.4533784  -1.1541315   0.21161985 -0.13365512  0.
  -0.02276052  0.         -0.03670318  0.05619652]
 [ 0.19986075  0.0747897  -1.9335836   0.12616253 -0.0676868   0.
  -0.06584565  0.          0.05016179  0.029209  ]
 [ 0.38935435  0.3992422  -1.8757404   0.1141605  -0.16883655  0.
  -0.02130667  0.          0.05416317  0.04896316]
 [ 0.5277556   0.3377192  -1.979835    0.11138896 -0.23005795  0.
  -0.03874205  0.         -0.06103083  0.15423597]
 [-0.05010014 -0.62601393  0.8846259   0.10927223  0.03152761  0.
  -0.06587522  0.          0.04369717  0.01140211]] 
Episode: 341: [[-0.21504654 -0.4538463  -1.1529251   0.21161278 -0.13386874  0.
  -0.02278479  0.         -0.03670318  0.05629242]
 [ 0.19975695  0.0751076  -1.9346191   0.12653585 -0.06823029  0.
  -0.06573698  0.          0.05016179  0.03011801]
 [ 0.38878676  0.39969265 -1.8768662   0.11448833 -0.16955811  0.
  -0.02114802  0.          0.05416317  0.04951164]
 [ 0.527824    0.33784685 -1.9809599   0.11175774 -0.23088303  0.
  -0.03869136  0.         -0.06103083  0.1548886 ]
 [-0.05051154 -0.62655205  0.8858444   0.10911291  0.0311093   0.
  -0.06596963  0.          0.04369717  0.0111752 ]] 
Episode: 342: [[-0.21527328 -0.4542811  -1.1518465   0.2115973  -0.13406062  0.
  -0.02291432  0.         -0.03670318  0.05638641]
 [ 0.19977346  0.07539615 -1.9355708   0.12687536 -0.0687238   0.
  -0.06574704  0.          0.05016179  0.03074823]
 [ 0.38841432  0.4001136  -1.8778995   0.11478822 -0.17020863  0.
  -0.02110891  0.          0.05416317  0.04983984]
 [ 0.52805847  0.33793253 -1.9819936   0.1120877  -0.23163587  0.
  -0.03874973  0.         -0.06103083  0.15530294]
 [-0.05068824 -0.62708694  0.8869223   0.10894267  0.03070916  0.
  -0.0661188   0.          0.04369717  0.01105538]] 
Episode: 343: [[-0.21548499 -0.45493403 -1.1503195   0.2116474  -0.1343963   0.
  -0.02314088  0.         -0.03670318  0.05629034]
 [ 0.19958125  0.07556662 -1.9367728   0.12735872 -0.06947944  0.
  -0.06564829  0.          0.05016179  0.03153644]
 [ 0.38787138  0.4005411  -1.87925     0.11523315 -0.17116043  0.
  -0.02097008  0.          0.05416317  0.05029788]
 [ 0.5280962   0.3378166  -1.9833139   0.11261726 -0.23271798  0.
  -0.03869829  0.         -0.06103083  0.1558451 ]
 [-0.05084954 -0.6275932   0.8883888   0.10876752  0.03025956  0.
  -0.06636279  0.          0.04369717  0.01077854]] 
Episode: 344: [[-0.21587127 -0.45540765 -1.1482899   0.21207885 -0.13459921  0.
  -0.02323473  0.         -0.03670318  0.05638384]
 [ 0.19955404  0.07588159 -1.9379828   0.12774402 -0.0701147   0.
  -0.06566722  0.          0.05016179  0.03201745]
 [ 0.38759407  0.40099838 -1.880859    0.11542859 -0.17198695  0.
  -0.02094877  0.          0.05416317  0.05054589]
 [ 0.5283021   0.3377717  -1.9846958   0.11289029 -0.233703    0.
  -0.03875595  0.         -0.06103083  0.15616152]
 [-0.05101243 -0.62836486  0.89018977  0.10861895  0.02958873  0.
  -0.06647256  0.          0.04369717  0.01069899]] 
Episode: 345: [[-0.21620063 -0.4559982  -1.1463246   0.21244548 -0.13503993  0.
  -0.02320923  0.         -0.03670318  0.05664663]
 [ 0.19955353  0.07617583 -1.9391431   0.12804349 -0.07070349  0.
  -0.06577453  0.          0.05016179  0.03250552]
 [ 0.3873264   0.40151024 -1.8824027   0.11556408 -0.17268103  0.
  -0.0210332   0.          0.05416317  0.05060588]
 [ 0.5284696   0.33785346 -1.9860125   0.11307982 -0.23459691  0.
  -0.03891179  0.         -0.06103083  0.15641326]
 [-0.05124606 -0.6291134   0.89195687  0.10851029  0.02886568  0.
  -0.06646161  0.          0.04369717  0.01079589]] 
Episode: 346: [[-0.21661948 -0.45662826 -1.144471    0.2127454  -0.13551152  0.
  -0.02329618  0.         -0.03670318  0.05706053]
 [ 0.1995232   0.0764255  -1.9403766   0.12843317 -0.07131915  0.
  -0.06576329  0.          0.05016179  0.03305018]
 [ 0.38700157  0.4020323  -1.8839707   0.11582182 -0.17338927  0.
  -0.02100558  0.          0.05416317  0.05062008]
 [ 0.52859616  0.33786833 -1.9874076   0.11340343 -0.23551932  0.
  -0.03894809  0.         -0.06103083  0.15656869]
 [-0.05160719 -0.6299184   0.8936942   0.10832655  0.02809351  0.
  -0.06656142  0.          0.04369717  0.01079485]] 
Episode: 347: [[-0.2170229  -0.45724213 -1.1430097   0.21276297 -0.13610412  0.
  -0.02348427  0.         -0.03670318  0.05760928]
 [ 0.1994782   0.07670996 -1.9414967   0.12886786 -0.07182322  0.
  -0.06574581  0.          0.05016179  0.03357819]
 [ 0.38669574  0.4025516  -1.8853225   0.11622634 -0.1739288   0.
  -0.02087715  0.          0.05416317  0.05055321]
 [ 0.5287632   0.33797395 -1.9886488   0.11383306 -0.23628394  0.
  -0.03895608  0.         -0.06103083  0.15658069]
 [-0.0519107  -0.63063264  0.8951569   0.10803093  0.02732015  0.
  -0.06668448  0.          0.04369717  0.0106261 ]] 
Episode: 348: [[-0.21746391 -0.45778957 -1.1416032   0.21277465 -0.13636704  0.
  -0.02376331  0.         -0.03670318  0.05792438]
 [ 0.19945535  0.0771239  -1.9424989   0.12939395 -0.07228216  0.
  -0.06583802  0.          0.05016179  0.03382767]
 [ 0.38652557  0.4031198  -1.8865596   0.11671948 -0.17450309  0.
  -0.02065801  0.          0.05416317  0.05057832]
 [ 0.52908516  0.3382274  -1.9897724   0.11436848 -0.23701549  0.
  -0.03906735  0.         -0.06103083  0.15642184]
 [-0.05213403 -0.63134515  0.89654523  0.10769494  0.02668608  0.
  -0.06690499  0.          0.04369717  0.01030741]] 
Episode: 349: [[-0.21782884 -0.45835218 -1.1402891   0.21265389 -0.13666219  0.
  -0.02390458  0.         -0.03670318  0.05835224]
 [ 0.19953196  0.07753636 -1.9434829   0.12992144 -0.07273621  0.
  -0.06602892  0.          0.05016179  0.03389911]
 [ 0.38647532  0.4037043  -1.8877636   0.11726484 -0.17504941  0.
  -0.02056436  0.          0.05416317  0.05043833]
 [ 0.5294788   0.33853516 -1.9908699   0.11492666 -0.23773344  0.
  -0.03927156  0.         -0.06103083  0.15611026]
 [-0.05226463 -0.63205034  0.89784855  0.10725624  0.02605746  0.
  -0.06699362  0.          0.04369717  0.01017674]] 
Episode: 350: [[-0.21818939 -0.45884588 -1.1391019   0.21254103 -0.1368918   0.
  -0.02414142  0.         -0.03670318  0.05874348]
 [ 0.19961195  0.07788403 -1.9444094   0.13042633 -0.07315672  0.
  -0.06618453  0.          0.05016179  0.03400167]
 [ 0.38642013  0.40420786 -1.8888801   0.11778899 -0.17556812  0.
  -0.02037654  0.          0.05416317  0.05035355]
 [ 0.5297604   0.33878392 -1.9918904   0.11547177 -0.23838174  0.
  -0.03955937  0.         -0.06103083  0.15588783]
 [-0.05249431 -0.6326716   0.89904857  0.10684222  0.02558427  0.
  -0.06718308  0.          0.04369717  0.01005554]] 
Episode: 351: [[-0.21859384 -0.45932716 -1.1379942   0.21238872 -0.13708629  0.
  -0.02424479  0.         -0.03670318  0.05927064]
 [ 0.19969173  0.07820401 -1.9453222   0.13094552 -0.07354904  0.
  -0.06642892  0.          0.05016179  0.03410036]
 [ 0.3863848   0.4046898  -1.8899621   0.11834664 -0.17606108  0.
  -0.02031106  0.          0.05416317  0.0501819 ]
 [ 0.52998143  0.33895218 -1.9928906   0.11605146 -0.23898657  0.
  -0.0399224   0.         -0.06103083  0.15576439]
 [-0.05278953 -0.63332224  0.90019554  0.10639288  0.0251715   0.
  -0.06724386  0.          0.04369717  0.01011346]] 
Episode: 352: [[-0.21880597 -0.459682   -1.136943    0.21263248 -0.13723724  0.
  -0.02444747  0.         -0.03670318  0.05956771]
 [ 0.19968118  0.07822271 -1.9461854   0.13119972 -0.07386445  0.
  -0.06675686  0.          0.05016179  0.03439144]
 [ 0.38621143  0.40487695 -1.8909925   0.11856786 -0.17647584  0.
  -0.02028809  0.          0.05416317  0.05019017]
 [ 0.5302175   0.33868143 -1.9938556   0.11628894 -0.239503    0.
  -0.04035311  0.         -0.06103083  0.15582249]
 [-0.05283529 -0.6338161   0.9012293   0.10642868  0.0246948   0.
  -0.06740818  0.          0.04369717  0.00999926]] 
Episode: 353: [[-0.2192169  -0.46027115 -1.135861    0.21309403 -0.13743696  0.
  -0.02452018  0.         -0.03670318  0.06000922]
 [ 0.19954355  0.07821202 -1.9472172   0.13144615 -0.07426605  0.
  -0.06694391  0.          0.05016179  0.03469571]
 [ 0.3859264   0.4051834  -1.8922033   0.11869683 -0.17698453  0.
  -0.02037109  0.          0.05416317  0.05003571]
 [ 0.530406    0.33822036 -1.9950136   0.11648394 -0.24016011  0.
  -0.04063668  0.         -0.06103083  0.15571962]
 [-0.05286459 -0.6345826   0.9022984   0.10658276  0.024054    0.
  -0.06744641  0.          0.04369717  0.01006247]] 
Episode: 354: [[-0.21963105 -0.4608134  -1.1348594   0.21347322 -0.1376155   0.
  -0.02467891  0.         -0.03670318  0.0605044 ]
 [ 0.19946225  0.0781978  -1.9482179   0.13172778 -0.07467242  0.
  -0.06714109  0.          0.05016179  0.0349639 ]
 [ 0.38571128  0.40546498 -1.893359    0.11888825 -0.17749749  0.
  -0.02043401  0.          0.05416317  0.04984478]
 [ 0.5305651   0.33775795 -1.9961269   0.11674009 -0.24081     0.
  -0.04099586  0.         -0.06103083  0.15565147]
 [-0.05293982 -0.635318    0.90332234  0.10665125  0.02347971  0.
  -0.06759038  0.          0.04369717  0.01025195]] 
Episode: 355: [[-0.21999298 -0.46126473 -1.1339655   0.21395516 -0.13783212  0.
  -0.0247121   0.         -0.03670318  0.06081919]
 [ 0.19943216  0.07825287 -1.949113    0.13190022 -0.0749675   0.
  -0.06742667  0.          0.05016179  0.03512285]
 [ 0.38554257  0.4057435  -1.8943874   0.11892816 -0.17786561  0.
  -0.02059447  0.          0.05416317  0.04962637]
 [ 0.5306887   0.33741826 -1.9971076   0.11682992 -0.2413155   0.
  -0.04142306  0.         -0.06103083  0.15560332]
 [-0.05311091 -0.63601094  0.90425545  0.10678375  0.02287923  0.
  -0.06761037  0.          0.04369717  0.01058697]] 
Episode: 356: [[-0.22037992 -0.46163806 -1.1330503   0.21429095 -0.13806275  0.
  -0.02463239  0.         -0.03670318  0.0612758 ]
 [ 0.1994327   0.07828417 -1.9500195   0.13208458 -0.07520745  0.
  -0.06777491  0.          0.05016179  0.03528755]
 [ 0.38542536  0.4059588  -1.8954253   0.11902823 -0.17816618  0.
  -0.02084267  0.          0.05416317  0.04928279]
 [ 0.5308307   0.337029   -1.9981025   0.11695687 -0.24174652  0.
  -0.04191145  0.         -0.06103083  0.15560558]
 [-0.05333267 -0.6366598   0.90521413  0.10682885  0.02228501  0.
  -0.06751885  0.          0.04369717  0.01105214]] 
Episode: 357: [[-0.22094661 -0.46217275 -1.1323578   0.21454342 -0.1385079   0.
  -0.02445112  0.         -0.03670318  0.06185905]
 [ 0.19949995  0.07834606 -1.9507189   0.1323169  -0.07544011  0.
  -0.06819639  0.          0.05016179  0.03526349]
 [ 0.3854757   0.40630397 -1.8962057   0.1192023  -0.17838164  0.
  -0.02116982  0.          0.05416317  0.04881286]
 [ 0.5311021   0.33683327 -1.9988518   0.11715004 -0.24212529  0.
  -0.0424549   0.         -0.06103083  0.15543891]
 [-0.05375974 -0.63734853  0.90591663  0.10683252  0.02161581  0.
  -0.06732705  0.          0.04369717  0.01163365]] 
Episode: 358: [[-0.22148411 -0.46299568 -1.1314408   0.21499804 -0.13951741  0.
  -0.02417853  0.         -0.03670318  0.06220911]
 [ 0.19952416  0.07852934 -1.9516344   0.13258503 -0.07570729  0.
  -0.06846749  0.          0.05016179  0.03546249]
 [ 0.38531214  0.40688694 -1.8972118   0.11933322 -0.17846563  0.
  -0.02136044  0.          0.05416317  0.04855216]
 [ 0.531396    0.33693242 -1.9998385   0.11732472 -0.24252419  0.
  -0.04284     0.         -0.06103083  0.15545756]
 [-0.05414129 -0.6380481   0.90688145  0.10693679  0.02063699  0.
  -0.06726392  0.          0.04369717  0.01199196]] 
Episode: 359: [[-0.22198759 -0.46357605 -1.1305816   0.21565235 -0.14044693  0.
  -0.02382381  0.         -0.03670318  0.06269566]
 [ 0.19960654  0.0787     -1.9525447   0.132703   -0.07593609  0.
  -0.06881951  0.          0.05016179  0.03546809]
 [ 0.3852355   0.40732798 -1.8982008   0.11923587 -0.17852409  0.
  -0.02163574  0.          0.05416317  0.04815746]
 [ 0.53174955  0.33699176 -2.0008109   0.11726717 -0.24287035  0.
  -0.04329047  0.         -0.06103083  0.15530661]
 [-0.05452667 -0.6386396   0.90782285  0.10716723  0.01972832  0.
  -0.06709772  0.          0.04369717  0.01247667]] 
Episode: 360: [[-0.22221783 -0.46416995 -1.1298437   0.21631925 -0.14138184  0.
  -0.02339522  0.         -0.03670318  0.06301098]
 [ 0.19992189  0.07883961 -1.9533626   0.13262759 -0.07619925  0.
  -0.0692443   0.          0.05016179  0.03525471]
 [ 0.38537452  0.40775743 -1.8991005   0.11893015 -0.17859025  0.
  -0.02198724  0.          0.05416317  0.04764289]
 [ 0.53224     0.33688548 -2.0016778   0.11694765 -0.2432801   0.
  -0.04379975  0.         -0.06103083  0.155004  ]
 [-0.05464309 -0.63933516  0.90862024  0.10747297  0.01869901  0.
  -0.06683884  0.          0.04369717  0.01307133]] 
Episode: 361: [[-0.22241156 -0.46459082 -1.1285203   0.2166374  -0.14184065  0.
  -0.02311902  0.         -0.03670318  0.06312201]
 [ 0.20026916  0.07898382 -1.9542551   0.13277712 -0.07648899  0.
  -0.06951846  0.          0.05016179  0.0352809 ]
 [ 0.38529244  0.40802312 -1.900201    0.11892761 -0.17889696  0.
  -0.0221998   0.          0.05416317  0.04734083]
 [ 0.5328032   0.33687142 -2.0026314   0.1169351  -0.24377568  0.
  -0.04415414  0.         -0.06103083  0.15489912]
 [-0.05479991 -0.6397254   0.90984106  0.10758801  0.01791766  0.
  -0.06671524  0.          0.04369717  0.0134428 ]] 
Episode: 362: [[-0.22267686 -0.4648667  -1.1271768   0.21697523 -0.14220776  0.
  -0.02297989  0.         -0.03670318  0.06305034]
 [ 0.20045535  0.07904671 -1.9553007   0.13296708 -0.0767933   0.
  -0.06965715  0.          0.05016179  0.03552006]
 [ 0.38501358  0.40813988 -1.9014184   0.1189615  -0.17926787  0.
  -0.02228735  0.          0.05416317  0.04722912]
 [ 0.5332675   0.33672392 -2.0037456   0.11697689 -0.24428315  0.
  -0.04436917  0.         -0.06103083  0.1549712 ]
 [-0.05505646 -0.6399374   0.9111665   0.10772164  0.01726642  0.
  -0.06671333  0.          0.04369717  0.01361439]] 
Episode: 363: [[-0.22304645 -0.46511832 -1.1259546   0.21727386 -0.14253305  0.
  -0.02296404  0.         -0.03670318  0.06295157]
 [ 0.20060183  0.07906678 -1.9562612   0.13319911 -0.07708999  0.
  -0.06967396  0.          0.05016179  0.03588241]
 [ 0.38474685  0.4082263  -1.9025278   0.11905348 -0.17963043  0.
  -0.02226242  0.          0.05416317  0.04728788]
 [ 0.533609    0.33656183 -2.0047812   0.11709134 -0.24475895  0.
  -0.0444588   0.         -0.06103083  0.1552016 ]
 [-0.05551236 -0.64014053  0.91237223  0.10781848  0.01668781  0.
  -0.06682085  0.          0.04369717  0.01364741]] 
Episode: 364: [[-0.22342987 -0.46538764 -1.124699    0.21733934 -0.14282274  0.
  -0.02305907  0.         -0.03670318  0.06269198]
 [ 0.20073898  0.07902719 -1.9572989   0.13353619 -0.07741822  0.
  -0.06958114  0.          0.05016179  0.03636359]
 [ 0.38448277  0.40828282 -1.903705    0.11933373 -0.1800441   0.
  -0.02213627  0.          0.05416317  0.04749928]
 [ 0.53390217  0.33633098 -2.0058825   0.1173787  -0.24526928  0.
  -0.04443559  0.         -0.06103083  0.1555736 ]
 [-0.05603049 -0.64033705  0.91365284  0.10772968  0.01620471  0.
  -0.06702682  0.          0.04369717  0.01351578]] 
Episode: 365: [[-0.22387278 -0.46568546 -1.123501    0.2173298  -0.14312607  0.
  -0.02321645  0.         -0.03670318  0.06240454]
 [ 0.20085303  0.07900475 -1.9583789   0.13395539 -0.07778274  0.
  -0.06938971  0.          0.05016179  0.03695111]
 [ 0.38422918  0.4083694  -1.9048964   0.11972519 -0.18049629  0.
  -0.02191906  0.          0.05416317  0.04784733]
 [ 0.5341858   0.3361112  -2.0070279   0.11779281 -0.24583209  0.
  -0.04431087  0.         -0.06103083  0.15607224]
 [-0.05650964 -0.6405717   0.9148873   0.10755266  0.01571416  0.
  -0.06732131  0.          0.04369717  0.01323675]] 
Episode: 366: [[-0.22421591 -0.46597832 -1.1223634   0.2174603  -0.14353703  0.
  -0.0232487   0.         -0.03670318  0.061976  ]
 [ 0.20090394  0.07882986 -1.9595212   0.13424398 -0.07822519  0.
  -0.06910958  0.          0.05016179  0.03768986]
 [ 0.38379994  0.40833732 -1.9061095   0.11994772 -0.18102099  0.
  -0.02161992  0.          0.05416317  0.04831767]
 [ 0.53434914  0.33570236 -2.0082233   0.11804078 -0.24647105  0.
  -0.0440948   0.         -0.06103083  0.15668407]
 [-0.05706323 -0.6407402   0.9160986   0.10753488  0.01527915  0.
  -0.06747711  0.          0.04369717  0.01282583]] 
Episode: 367: [[-0.22467045 -0.46626607 -1.1213058   0.21760207 -0.14390463  0.
  -0.02338702  0.         -0.03670318  0.06168798]
 [ 0.20086253  0.0786951  -1.9606212   0.1345542  -0.07869958  0.
  -0.06874968  0.          0.05016179  0.03854957]
 [ 0.3833095   0.40833053 -1.9072624   0.12019134 -0.18159294  0.
  -0.02124705  0.          0.05416317  0.04889743]
 [ 0.5343949   0.33532062 -2.0093834   0.1183387  -0.2471462   0.
  -0.04379654  0.         -0.06103083  0.15739706]
 [-0.05776174 -0.6409595   0.9172484   0.10755264  0.01487057  0.
  -0.06772641  0.          0.04369717  0.01246457]] 
Episode: 368: [[-0.2250197  -0.46651623 -1.1203731   0.21772175 -0.14427416  0.
  -0.02362075  0.         -0.03670318  0.06125944]
 [ 0.20083462  0.07858884 -1.9616879   0.13481434 -0.07913776  0.
  -0.06838898  0.          0.05016179  0.03945454]
 [ 0.38281447  0.408317   -1.908352    0.12039348 -0.18211916  0.
  -0.02080786  0.          0.05416317  0.04957508]
 [ 0.5344156   0.3349426  -2.0104992   0.1185747  -0.2477845   0.
  -0.04346367  0.         -0.06103083  0.15820041]
 [-0.05840699 -0.64116615  0.9182661   0.10756382  0.01446264  0.
  -0.06805979  0.          0.04369717  0.01197998]] 
Episode: 369: [[-0.22531995 -0.46674174 -1.1195369   0.21781586 -0.14460671  0.
  -0.02393199  0.         -0.03670318  0.0608508 ]
 [ 0.20089215  0.07856012 -1.9626971   0.1350782  -0.07954504  0.
  -0.06817241  0.          0.05016179  0.04020689]
 [ 0.382464    0.40834662 -1.9093733   0.1206098  -0.18260874  0.
  -0.02051627  0.          0.05416317  0.0501085 ]
 [ 0.5345249   0.3346918  -2.011547    0.11882406 -0.24838245  0.
  -0.04326804  0.         -0.06103083  0.15878047]
 [-0.05894955 -0.6413643   0.9191869   0.10753414  0.01409484  0.
  -0.06846878  0.          0.04369717  0.01151757]] 
Episode: 370: [[-0.22567716 -0.46695662 -1.1187549   0.21792763 -0.1448512   0.
  -0.02432125  0.         -0.03670318  0.06031428]
 [ 0.20097548  0.0785733  -1.9637249   0.1353931  -0.07990345  0.
  -0.0678696   0.          0.05016179  0.04074674]
 [ 0.38222763  0.40840626 -1.9103981   0.1208671  -0.18305747  0.
  -0.02015025  0.          0.05416317  0.05048942]
 [ 0.53479683  0.33451492 -2.0126262   0.11914165 -0.24891348  0.
  -0.04298809  0.         -0.06103083  0.15913843]
 [-0.05949297 -0.64156955  0.9200401   0.10750973  0.01379164  0.
  -0.06894577  0.          0.04369717  0.0109634 ]] 
Episode: 371: [[-0.2259037  -0.46716952 -1.1177425   0.2183202  -0.14502043  0.
  -0.02456227  0.         -0.03670318  0.06000224]
 [ 0.20112632  0.07873569 -1.9646872   0.13553424 -0.08019464  0.
  -0.06770507  0.          0.05016179  0.04126718]
 [ 0.3819519   0.4085804  -1.9114445   0.12085852 -0.18346304  0.
  -0.01992448  0.          0.05416317  0.05072305]
 [ 0.53517264  0.33452365 -2.013645    0.11920197 -0.24937423  0.
  -0.04284005  0.         -0.06103083  0.15944745]
 [-0.05996641 -0.64184654  0.9211131   0.10769167  0.0134706   0.
  -0.06926596  0.          0.04369717  0.0106258 ]] 
Episode: 372: [[-0.22602916 -0.46734682 -1.1168203   0.2188521  -0.14496008  0.
  -0.02488829  0.         -0.03670318  0.05955339]
 [ 0.20129557  0.07897204 -1.9654512   0.13566922 -0.08050843  0.
  -0.06756616  0.          0.05016179  0.04160199]
 [ 0.3817114   0.40878192 -1.9122918   0.12078916 -0.18395329  0.
  -0.01961771  0.          0.05416317  0.05108961]
 [ 0.5356811   0.33459026 -2.0144453   0.11922745 -0.24987839  0.
  -0.0428107   0.         -0.06103083  0.15956229]
 [-0.06018591 -0.64213055  0.92204237  0.10795812  0.0132456   0.
  -0.06966299  0.          0.04369717  0.01016323]] 
Episode: 373: [[-0.22613405 -0.46742356 -1.1162542   0.21949445 -0.14496015  0.
  -0.02507248  0.         -0.03670318  0.05907289]
 [ 0.20148346  0.07935715 -1.9659641   0.13569027 -0.08074819  0.
  -0.06754924  0.          0.05016179  0.04188544]
 [ 0.38153476  0.40903002 -1.9128134   0.12057036 -0.18432687  0.
  -0.01944524  0.          0.05416317  0.05144441]
 [ 0.536168    0.33489755 -2.0149632   0.11910483 -0.25028485  0.
  -0.04288813  0.         -0.06103083  0.15970148]
 [-0.06034719 -0.6423679   0.9225738   0.10835101  0.01297044  0.
  -0.06991129  0.          0.04369717  0.00981647]] 
Episode: 374: [[-0.22624137 -0.46753788 -1.1157365   0.22004592 -0.14495625  0.
  -0.02526536  0.         -0.03670318  0.0587116 ]
 [ 0.20169728  0.07969127 -1.9664534   0.13575007 -0.08103331  0.
  -0.06764206  0.          0.05016179  0.04208258]
 [ 0.38141334  0.40926903 -1.9133081   0.12042353 -0.1847429   0.
  -0.01939362  0.          0.05416317  0.05165499]
 [ 0.53660387  0.33509034 -2.0154562   0.11904494 -0.25073567  0.
  -0.04306166  0.         -0.06103083  0.15974669]
 [-0.06050284 -0.64266723  0.9230714   0.10864622  0.01274166  0.
  -0.07019388  0.          0.04369717  0.00961909]] 
Episode: 375: [[-0.22634503 -0.467641   -1.1152691   0.22054455 -0.1449432   0.
  -0.02549183  0.         -0.03670318  0.05837489]
 [ 0.20192717  0.07995293 -1.9668938   0.13581134 -0.08127645  0.
  -0.06767072  0.          0.05016179  0.0422871 ]
 [ 0.38135132  0.4094574  -1.9137517   0.1202966  -0.18510418  0.
  -0.01924512  0.          0.05416317  0.05188726]
 [ 0.53705084  0.3352151  -2.0158951   0.11899748 -0.25111392  0.
  -0.04318718  0.         -0.06103083  0.15982716]
 [-0.06069023 -0.6429318   0.9235245   0.10891165  0.01257098  0.
  -0.07055712  0.          0.04369717  0.00940392]] 
Episode: 376: [[-0.22646567 -0.46772358 -1.1145688   0.22085273 -0.1448165   0.
  -0.02580498  0.         -0.03670318  0.05795722]
 [ 0.20211205  0.08019297 -1.9674288   0.1359594  -0.08158462  0.
  -0.06758837  0.          0.05016179  0.04261789]
 [ 0.3812383   0.40960816 -1.9143384   0.12032497 -0.18558787  0.
  -0.01900792  0.          0.05416317  0.05225264]
 [ 0.53745764  0.33532944 -2.0164468   0.11910702 -0.2515763   0.
  -0.04319617  0.         -0.06103083  0.16006203]
 [-0.06083517 -0.6431057   0.92410856  0.1090686   0.01256584  0.
  -0.07099291  0.          0.04369717  0.00905137]] 
Episode: 377: [[-0.22669525 -0.46785113 -1.1138759   0.22107369 -0.1447225   0.
  -0.02617848  0.         -0.03670318  0.05761605]
 [ 0.20227814  0.08039493 -1.9680345   0.1362073  -0.08196355  0.
  -0.06740618  0.          0.05016179  0.04304091]
 [ 0.38112557  0.40976992 -1.9149806   0.12048399 -0.18614036  0.
  -0.01869091  0.          0.05416317  0.05271132]
 [ 0.53779984  0.33539456 -2.017075    0.1193568  -0.2521275   0.
  -0.04310029  0.         -0.06103083  0.16036351]
 [-0.06110781 -0.6433393   0.9247368   0.10911543  0.01253799  0.
  -0.07149393  0.          0.04369717  0.00865248]] 
Episode: 378: [[-0.22692189 -0.46796495 -1.113102    0.22119634 -0.14467824  0.
  -0.0266239   0.         -0.03670318  0.05714089]
 [ 0.2024262   0.0805254  -1.9687283   0.13650653 -0.08232613  0.
  -0.06719047  0.          0.05016179  0.04344661]
 [ 0.38097453  0.409875   -1.9157152   0.12072466 -0.18666652  0.
  -0.01830209  0.          0.05416317  0.05327946]
 [ 0.53819597  0.33536732 -2.0177946   0.11968113 -0.25265592  0.
  -0.04297387  0.         -0.06103083  0.16063516]
 [-0.0612903  -0.64352673  0.9254866   0.10908899  0.01248747  0.
  -0.07205361  0.          0.04369717  0.00813529]] 
Episode: 379: [[-0.22711642 -0.46809235 -1.1123234   0.22143167 -0.14468464  0.
  -0.02713401  0.         -0.03670318  0.05654599]
 [ 0.20248252  0.08068196 -1.9694957   0.13674684 -0.08271065  0.
  -0.06705856  0.          0.05016179  0.0439647 ]
 [ 0.38064492  0.40999442 -1.9165218   0.12086885 -0.18721691  0.
  -0.01785938  0.          0.05416317  0.05394556]
 [ 0.53857976  0.3353047  -2.0186124   0.11990847 -0.25323808  0.
  -0.0429642   0.         -0.06103083  0.161032  ]
 [-0.06133769 -0.64374846  0.92627645  0.10916526  0.01230809  0.
  -0.07253619  0.          0.04369717  0.00751227]] 
Episode: 380: [[-0.22729525 -0.46810028 -1.112247    0.22172235 -0.14464961  0.
  -0.02748364  0.         -0.03670318  0.05595566]
 [ 0.2026074   0.08100149 -1.9701425   0.13687603 -0.08295965  0.
  -0.06704818  0.          0.05016179  0.04438679]
 [ 0.38046497  0.41018614 -1.9170314   0.12087946 -0.18759094  0.
  -0.01756453  0.          0.05416317  0.0545015 ]
 [ 0.5390386   0.3354845  -2.0192595   0.11996494 -0.2536469   0.
  -0.04305957  0.         -0.06103083  0.16135892]
 [-0.06140633 -0.6439805   0.92663926  0.10927395  0.01208441  0.
  -0.07286134  0.          0.04369717  0.00711119]] 
Episode: 381: [[-0.22747676 -0.4681683  -1.1119475   0.2220433  -0.14485821  0.
  -0.02768894  0.         -0.03670318  0.05559413]
 [ 0.2027511   0.08132637 -1.9708233   0.13694131 -0.08317948  0.
  -0.06714711  0.          0.05016179  0.04468765]
 [ 0.38030666  0.41041282 -1.9176428   0.12081689 -0.18786277  0.
  -0.01740274  0.          0.05416317  0.05484492]
 [ 0.53948635  0.3356408  -2.0199394   0.119932   -0.25402668  0.
  -0.04324944  0.         -0.06103083  0.16161872]
 [-0.06151852 -0.6443426   0.9272055   0.10942088  0.01164766  0.
  -0.0730449   0.          0.04369717  0.006909  ]] 
Episode: 382: [[-0.22765654 -0.46838742 -1.1116204   0.22234808 -0.14519428  0.
  -0.02776439  0.         -0.03670318  0.05543742]
 [ 0.20297435  0.08170459 -1.9714501   0.13687608 -0.08336668  0.
  -0.06734437  0.          0.05016179  0.04474586]
 [ 0.38032484  0.4107798  -1.9182291   0.120629   -0.18804082  0.
  -0.01736067  0.          0.05416317  0.05499788]
 [ 0.5400623   0.33588654 -2.0205572   0.11973072 -0.2543519   0.
  -0.04352436  0.         -0.06103083  0.16170593]
 [-0.06157569 -0.6448799   0.9278243   0.10961428  0.01109513  0.
  -0.07310109  0.          0.04369717  0.00688501]] 
Episode: 383: [[-0.22775882 -0.46857983 -1.1113424   0.22260706 -0.14547543  0.
  -0.0279415   0.         -0.03670318  0.05528422]
 [ 0.2033008   0.08206538 -1.9720339   0.13684507 -0.0835353   0.
  -0.06763006  0.          0.05016179  0.04469848]
 [ 0.38045996  0.41112235 -1.9187669   0.12049286 -0.18820684  0.
  -0.01742632  0.          0.05416317  0.05500051]
 [ 0.5406823   0.3361548  -2.0211213   0.11958066 -0.25464287  0.
  -0.04387578  0.         -0.06103083  0.16162185]
 [-0.06140546 -0.64535624  0.9283124   0.10973299  0.01066891  0.
  -0.07326058  0.          0.04369717  0.00684311]] 
Episode: 384: [[-0.22790326 -0.4688305  -1.1110022   0.222736   -0.14573629  0.
  -0.02800633  0.         -0.03670318  0.055205  ]
 [ 0.20362455  0.08234648 -1.9726478   0.13690123 -0.08372597  0.
  -0.06778405  0.          0.05016179  0.0446863 ]
 [ 0.3806113   0.41144153 -1.919351    0.12049051 -0.18840612  0.
  -0.0173819   0.          0.05416317  0.05500924]
 [ 0.5412755   0.33631805 -2.0217266   0.11956393 -0.25494877  0.
  -0.04408801  0.         -0.06103083  0.16158299]
 [-0.06130535 -0.6458544   0.92887086  0.10972968  0.01029813  0.
  -0.07342177  0.          0.04369717  0.00683546]] 
Episode: 385: [[-0.22808225 -0.4691726  -1.1106485   0.2227703  -0.14612073  0.
  -0.02795546  0.         -0.03670318  0.05530159]
 [ 0.20394965  0.08268058 -1.9732457   0.13696124 -0.08390666  0.
  -0.06803077  0.          0.05016179  0.04464234]
 [ 0.38078573  0.41185465 -1.9199197   0.12052622 -0.18855812  0.
  -0.01744542  0.          0.05416317  0.05486195]
 [ 0.54185355  0.33657166 -2.0223005   0.11956207 -0.25525436  0.
  -0.04438299  0.         -0.06103083  0.16149195]
 [-0.06127124 -0.646424    0.9294513   0.10965947  0.00980802  0.
  -0.07345773  0.          0.04369717  0.00698623]] 
Episode: 386: [[-0.22832556 -0.46970326 -1.1101501   0.22263433 -0.14645101  0.
  -0.02801886  0.         -0.03670318  0.05522106]
 [ 0.2042417   0.08314433 -1.9739597   0.13723119 -0.08411758  0.
  -0.06814463  0.          0.05016179  0.04454475]
 [ 0.3809369   0.41245955 -1.9206339   0.12082322 -0.18876685  0.
  -0.0173991   0.          0.05416317  0.0547243 ]
 [ 0.5424349   0.33704415 -2.0230176   0.11982679 -0.25561643  0.
  -0.04454444  0.         -0.06103083  0.1612479 ]
 [-0.06124762 -0.6471195   0.9301747   0.10939037  0.00931867  0.
  -0.07359912  0.          0.04369717  0.00696433]] 
Episode: 387: [[-0.22873643 -0.4701019  -1.1100045   0.22266196 -0.14662069  0.
  -0.02796677  0.         -0.03670318  0.05531553]
 [ 0.2045173   0.08367207 -1.9745063   0.1374172  -0.08424613  0.
  -0.06835518  0.          0.05016179  0.04424708]
 [ 0.3812108   0.41305268 -1.9211228   0.12098128 -0.18890542  0.
  -0.01746089  0.          0.05416317  0.05444565]
 [ 0.5430176   0.3375341  -2.023546    0.11996493 -0.25589454  0.
  -0.04479371  0.         -0.06103083  0.16086689]
 [-0.0612798  -0.6478651   0.93061954  0.10922546  0.00878291  0.
  -0.07361732  0.          0.04369717  0.00710159]] 
Episode: 388: [[-0.22917715 -0.47050655 -1.1098286   0.2226362  -0.1467661   0.
  -0.0278108   0.         -0.03670318  0.05556661]
 [ 0.20476688  0.08414908 -1.9750372   0.13763964 -0.08439973  0.
  -0.06844294  0.          0.05016179  0.04405165]
 [ 0.38145274  0.41361392 -1.9216038   0.12119537 -0.18908152  0.
  -0.01741303  0.          0.05416317  0.05419496]
 [ 0.543514    0.3379817  -2.0240529   0.12016554 -0.25618687  0.
  -0.04491406  0.         -0.06103083  0.16061953]
 [-0.06139732 -0.6485739   0.93110603  0.10901449  0.00833405  0.
  -0.07360994  0.          0.04369717  0.00727398]] 
Episode: 389: [[-0.22958761 -0.47087568 -1.1096785   0.2226222  -0.14689636  0.
  -0.02770659  0.         -0.03670318  0.05579534]
 [ 0.20498464  0.08459996 -1.9755449   0.13783969 -0.08452374  0.
  -0.06851417  0.          0.05016179  0.04392422]
 [ 0.38166216  0.41413718 -1.9220577   0.12138395 -0.1892255   0.
  -0.01734682  0.          0.05416317  0.05403804]
 [ 0.54397297  0.33840594 -2.02455     0.12034497 -0.25643316  0.
  -0.04504841  0.         -0.06103083  0.1604951 ]
 [-0.06149592 -0.6492354   0.9315131   0.10884074  0.00792509  0.
  -0.07364615  0.          0.04369717  0.00745858]] 
Episode: 390: [[-0.23001993 -0.47123677 -1.1095332   0.22261138 -0.14701438  0.
  -0.02772205  0.         -0.03670318  0.05595304]
 [ 0.20517215  0.08511823 -1.9760274   0.13805903 -0.08471273  0.
  -0.06853037  0.          0.05016179  0.04386847]
 [ 0.38184986  0.4146975  -1.9224877   0.12159038 -0.18944347  0.
  -0.01718364  0.          0.05416317  0.05398209]
 [ 0.5443848   0.33888638 -2.025034    0.12055644 -0.2567532   0.
  -0.04527341  0.         -0.06103083  0.16041026]
 [-0.0617488  -0.6499223   0.93191594  0.1086766   0.00754448  0.
  -0.07378799  0.          0.04369717  0.00749353]] 
Episode: 391: [[-0.2306299  -0.47206384 -1.1092538   0.22295736 -0.14755288  0.
  -0.02762678  0.         -0.03670318  0.05626086]
 [ 0.20528792  0.08580955 -1.976701    0.13807812 -0.08485342  0.
  -0.06865332  0.          0.05016179  0.04383944]
 [ 0.3819079   0.41562974 -1.9231099   0.12151071 -0.18949804  0.
  -0.01714038  0.          0.05416317  0.05377672]
 [ 0.5448306   0.33948648 -2.0257728   0.1204802  -0.25705805  0.
  -0.04557998  0.         -0.06103083  0.16017231]
 [-0.06220058 -0.6510044   0.9323795   0.1088799   0.00670257  0.
  -0.07380638  0.          0.04369717  0.00768171]] 
Episode: 392: [[-0.23122527 -0.47282705 -1.1089891   0.2232664  -0.14803487  0.
  -0.02761713  0.         -0.03670318  0.05659263]
 [ 0.20540763  0.08648037 -1.9773645   0.13812894 -0.08505633  0.
  -0.06882974  0.          0.05016179  0.04381986]
 [ 0.3819738   0.41650876 -1.9237164   0.12147225 -0.18964025  0.
  -0.01718085  0.          0.05416317  0.05356706]
 [ 0.54524195  0.34003383 -2.0264983   0.12045523 -0.2574369   0.
  -0.04595993  0.         -0.06103083  0.15994102]
 [-0.06267615 -0.652047    0.93283796  0.10904821  0.00593583  0.
  -0.07393213  0.          0.04369717  0.00791369]] 
Episode: 393: [[-0.23159924 -0.4733721  -1.108738    0.2234405  -0.14836329  0.
  -0.02771768  0.         -0.03670318  0.0567244 ]
 [ 0.20561604  0.08717126 -1.9780538   0.13817158 -0.08518077  0.
  -0.06888003  0.          0.05016179  0.0438446 ]
 [ 0.3820819   0.4172756  -1.9243444   0.1214685  -0.18973996  0.
  -0.01711362  0.          0.05416317  0.05353379]
 [ 0.5456648   0.3406897  -2.0272443   0.12042839 -0.25769478  0.
  -0.04619778  0.         -0.06103083  0.15989497]
 [-0.06311491 -0.6528801   0.93328     0.10911617  0.00537999  0.
  -0.07415444  0.          0.04369717  0.00796541]] 
Episode: 394: [[-0.23200113 -0.47396213 -1.1082455   0.22341956 -0.14872985  0.
  -0.02769895  0.         -0.03670318  0.0566771 ]
 [ 0.20583592  0.08774977 -1.9788443   0.13833895 -0.08535098  0.
  -0.06881686  0.          0.05016179  0.0439123 ]
 [ 0.38218096  0.41797942 -1.9251143   0.12164427 -0.18989336  0.
  -0.01694951  0.          0.05416317  0.05365278]
 [ 0.54614     0.34123188 -2.0280905   0.12058736 -0.25800648  0.
  -0.04630776  0.         -0.06103083  0.15994844]
 [-0.06352656 -0.6536445   0.93392473  0.1090623   0.00486692  0.
  -0.07424533  0.          0.04369717  0.00788223]] 
Episode: 395: [[-0.2324034  -0.47448492 -1.1077485   0.223324   -0.14905891  0.
  -0.02757294  0.         -0.03670318  0.05679079]
 [ 0.20606269  0.08825535 -1.9796722   0.13852225 -0.08551139  0.
  -0.06873121  0.          0.05016179  0.04394912]
 [ 0.38230622  0.4185992  -1.925919    0.1218598  -0.1900436   0.
  -0.01682433  0.          0.05416317  0.05366779]
 [ 0.54657525  0.34164947 -2.0289752   0.12078033 -0.25830227  0.
  -0.04634974  0.         -0.06103083  0.1599995 ]
 [-0.06394665 -0.65437436  0.93456835  0.10895598  0.00440484  0.
  -0.07428531  0.          0.04369717  0.00796362]] 
Episode: 396: [[-0.23272288 -0.4747386  -1.1073254   0.22342357 -0.14919662  0.
  -0.02756869  0.         -0.03670318  0.05672807]
 [ 0.20637602  0.08874604 -1.98039     0.13854031 -0.08562456  0.
  -0.06876268  0.          0.05016179  0.04377034]
 [ 0.38257033  0.41908094 -1.9266065   0.12184699 -0.19018455  0.
  -0.01660792  0.          0.05416317  0.05362859]
 [ 0.54705036  0.3420639  -2.0297055   0.12073344 -0.25854176  0.
  -0.04649166  0.         -0.06103083  0.15993792]
 [-0.0644391  -0.65505135  0.9351506   0.10899848  0.00400834  0.
  -0.07443052  0.          0.04369717  0.00819245]] 
Episode: 397: [[-0.2328451  -0.47474954 -1.1070236   0.22356734 -0.14924125  0.
  -0.02767396  0.         -0.03670318  0.05650743]
 [ 0.20675771  0.08914129 -1.9810082   0.13842212 -0.0856517   0.
  -0.06885663  0.          0.05016179  0.04367795]
 [ 0.38286692  0.41935593 -1.9271809   0.12168936 -0.19025235  0.
  -0.01632189  0.          0.05416317  0.05374799]
 [ 0.5475266   0.3423451  -2.030325    0.12050421 -0.25865412  0.
  -0.04671529  0.         -0.06103083  0.16004407]
 [-0.06491385 -0.6555383   0.93561333  0.10911083  0.0037261   0.
  -0.07467038  0.          0.04369717  0.00824255]] 
Episode: 398: [[-0.23296724 -0.47476855 -1.1067383   0.22367439 -0.14928362  0.
  -0.02785607  0.         -0.03670318  0.05632009]
 [ 0.2071579   0.08951777 -1.9816142   0.13835433 -0.08571055  0.
  -0.06883255  0.          0.05016179  0.04363321]
 [ 0.38319525  0.41962102 -1.9277437   0.12159313 -0.19035387  0.
  -0.01596071  0.          0.05416317  0.05390344]
 [ 0.54799116  0.34261346 -2.0309327   0.12034906 -0.25880536  0.
  -0.04681239  0.         -0.06103083  0.16022824]
 [-0.06535842 -0.6559973   0.93606585  0.10916843  0.00346257  0.
  -0.07499538  0.          0.04369717  0.00829174]] 
Episode: 399: [[-0.23313911 -0.47486573 -1.1063892   0.22359768 -0.14932086  0.
  -0.02791082  0.         -0.03670318  0.05631607]
 [ 0.20752852  0.08988503 -1.9822536   0.13840435 -0.08583027  0.
  -0.06872801  0.          0.05016179  0.04361641]
 [ 0.3834958   0.4199291  -1.9283575   0.1216711  -0.19052283  0.
  -0.01553193  0.          0.05416317  0.05396459]
 [ 0.5483527   0.34293798 -2.0315826   0.12036379 -0.25901964  0.
  -0.04679563  0.         -0.06103083  0.16046214]
 [-0.06583381 -0.65646183  0.9365925   0.109055    0.00325899  0.
  -0.07525667  0.          0.04369717  0.00849122]] 
Episode: 400: [[-0.23324582 -0.47500715 -1.1060725   0.223478   -0.14947776  0.
  -0.027851    0.         -0.03670318  0.05614872]
 [ 0.20789915  0.09029748 -1.9828678   0.1384502  -0.08593357  0.
  -0.06869768  0.          0.05016179  0.04364366]
 [ 0.38376597  0.42029548 -1.9289377   0.12175908 -0.19063495  0.
  -0.01524982  0.          0.05416317  0.05415379]
 [ 0.548697    0.34338504 -2.0322125   0.12037621 -0.2592127   0.
  -0.04688349  0.         -0.06103083  0.16075505]
 [-0.06625126 -0.6569019   0.93707174  0.10891201  0.00297722  0.
  -0.07538246  0.          0.04369717  0.00851539]] 
Episode: 401: [[-0.23334382 -0.4751382  -1.1057864   0.2233595  -0.14961769  0.
  -0.02774682  0.         -0.03670318  0.05605976]
 [ 0.20826633  0.09073124 -1.9834473   0.13850474 -0.08602876  0.
  -0.06877913  0.          0.05016179  0.04362092]
 [ 0.38404438  0.42067242 -1.9294832   0.12185491 -0.19073932  0.
  -0.01509969  0.          0.05416317  0.05424402]
 [ 0.5490219   0.34389463 -2.032806    0.12040346 -0.25939167  0.
  -0.04706666  0.         -0.06103083  0.16097142]
 [-0.06662469 -0.65731657  0.93751377  0.10875996  0.00272191  0.
  -0.07540701  0.          0.04369717  0.00865248]] 
Episode: 402: [[-0.2334214  -0.4752366  -1.1053476   0.22328189 -0.14973663  0.
  -0.02775771  0.         -0.03670318  0.05581643]
 [ 0.20857957  0.09127887 -1.9841088   0.13857743 -0.08609962  0.
  -0.06888003  0.          0.05016179  0.04374256]
 [ 0.38417688  0.42110088 -1.9301286   0.12195468 -0.19084336  0.
  -0.01494712  0.          0.05416317  0.05447949]
 [ 0.5493273   0.34454522 -2.0334795   0.12044575 -0.25955594  0.
  -0.04733559  0.         -0.06103083  0.16132717]
 [-0.06695469 -0.6577351   0.93812066  0.10863048  0.00244859  0.
  -0.07548765  0.          0.04369717  0.00862104]] 
Episode: 403: [[-0.23339446 -0.47503528 -1.1048234   0.22356218 -0.14981362  0.
  -0.02787665  0.         -0.03670318  0.05543492]
 [ 0.20901714  0.09172732 -1.98463     0.13835849 -0.08614042  0.
  -0.06889336  0.          0.05016179  0.043867  ]
 [ 0.38437825  0.42130667 -1.9306775   0.12178314 -0.19093148  0.
  -0.01470595  0.          0.05416317  0.05484509]
 [ 0.5497508   0.34495485 -2.0339909   0.12022261 -0.25967968  0.
  -0.04747351  0.         -0.06103083  0.16180769]
 [-0.0673451  -0.6581324   0.93867046  0.10888486  0.00215867  0.
  -0.07566962  0.          0.04369717  0.00843855]] 
Episode: 404: [[-2.33320639e-01 -4.74885464e-01 -1.10446370e+00  2.24153519e-01
  -1.50127828e-01  0.00000000e+00 -2.78745499e-02  0.00000000e+00
  -3.67031805e-02  5.52550703e-02]
 [ 2.09475219e-01  9.21522975e-02 -1.98504841e+00  1.37908518e-01
  -8.61659050e-02  0.00000000e+00 -6.90142587e-02  0.00000000e+00
   5.01617864e-02  4.38485742e-02]
 [ 3.84644270e-01  4.21518356e-01 -1.93109643e+00  1.21371798e-01
  -1.90927252e-01  0.00000000e+00 -1.45927873e-02  0.00000000e+00
   5.41631728e-02  5.50196581e-02]
 [ 5.50226569e-01  3.45425010e-01 -2.03440738e+00  1.19764894e-01
  -2.59749353e-01  0.00000000e+00 -4.77016978e-02  0.00000000e+00
  -6.10308312e-02  1.62078381e-01]
 [-6.77003562e-02 -6.58500373e-01  9.39068854e-01  1.09401055e-01
   1.84755167e-03  0.00000000e+00 -7.57239610e-02  0.00000000e+00
   4.36971746e-02  8.42857733e-03]] 
Episode: 405: [[-2.3341186e-01 -4.7481731e-01 -1.1040729e+00  2.2472939e-01
  -1.5022931e-01  0.0000000e+00 -2.7981747e-02  0.0000000e+00
  -3.6703181e-02  5.5255860e-02]
 [ 2.0983310e-01  9.2533141e-02 -1.9854232e+00  1.3761772e-01
  -8.6317100e-02  0.0000000e+00 -6.9014162e-02  0.0000000e+00
   5.0161786e-02  4.3804154e-02]
 [ 3.8485128e-01  4.2174169e-01 -1.9314873e+00  1.2109679e-01
  -1.9113033e-01  0.0000000e+00 -1.4387098e-02  0.0000000e+00
   5.4163173e-02  5.5025160e-02]
 [ 5.5072600e-01  3.4578031e-01 -2.0347934e+00  1.1950090e-01
  -2.5998315e-01  0.0000000e+00 -4.7802981e-02  0.0000000e+00
  -6.1030831e-02  1.6226205e-01]
 [-6.8126045e-02 -6.5892673e-01  9.3948853e-01  1.0986645e-01
   1.6526280e-03  0.0000000e+00 -7.5882204e-02  0.0000000e+00
   4.3697175e-02  8.5317027e-03]] 
Episode: 406: [[-2.33369470e-01 -4.74661589e-01 -1.10367632e+00  2.25255370e-01
  -1.50331885e-01  0.00000000e+00 -2.79691406e-02  0.00000000e+00
  -3.67031805e-02  5.51806986e-02]
 [ 2.10235029e-01  9.27895978e-02 -1.98587322e+00  1.37275755e-01
  -8.64220113e-02  0.00000000e+00 -6.91229180e-02  0.00000000e+00
   5.01617864e-02  4.37297933e-02]
 [ 3.85079622e-01  4.21828628e-01 -1.93194830e+00  1.20769896e-01
  -1.91277966e-01  0.00000000e+00 -1.43058421e-02  0.00000000e+00
   5.41631728e-02  5.50214089e-02]
 [ 5.51236033e-01  3.45954835e-01 -2.03524971e+00  1.19150005e-01
  -2.60159671e-01  0.00000000e+00 -4.79981676e-02  0.00000000e+00
  -6.10308312e-02  1.62479267e-01]
 [-6.84430227e-02 -6.59258425e-01  9.39948440e-01  1.10300943e-01
   1.45725405e-03  0.00000000e+00 -7.59152621e-02  0.00000000e+00
   4.36971746e-02  8.77787825e-03]] 
Episode: 407: [[-2.33362004e-01 -4.74522501e-01 -1.10332668e+00  2.25715861e-01
  -1.50424555e-01  0.00000000e+00 -2.79553551e-02  0.00000000e+00
  -3.67031805e-02  5.51789179e-02]
 [ 2.10628241e-01  9.30673033e-02 -1.98628497e+00  1.36992544e-01
  -8.65219831e-02  0.00000000e+00 -6.92745373e-02  0.00000000e+00
   5.01617864e-02  4.36571091e-02]
 [ 3.85318398e-01  4.21939939e-01 -1.93236434e+00  1.20504752e-01
  -1.91420153e-01  0.00000000e+00 -1.43052153e-02  0.00000000e+00
   5.41631728e-02  5.49847409e-02]
 [ 5.51677048e-01  3.46156776e-01 -2.03566670e+00  1.18867695e-01
  -2.60335028e-01  0.00000000e+00 -4.82698679e-02  0.00000000e+00
  -6.10308312e-02  1.62708431e-01]
 [-6.87694922e-02 -6.59590900e-01  9.40336108e-01  1.10666133e-01
   1.27049792e-03  0.00000000e+00 -7.59499669e-02  0.00000000e+00
   4.36971746e-02  9.11912229e-03]] 
Episode: 408: [[-2.3339762e-01 -4.7440070e-01 -1.1029949e+00  2.2615612e-01
  -1.5046562e-01  0.0000000e+00 -2.8052140e-02  0.0000000e+00
  -3.6703181e-02  5.5054408e-02]
 [ 2.1097486e-01  9.3397409e-02 -1.9867148e+00  1.3676746e-01
  -8.6619273e-02  0.0000000e+00 -6.9473647e-02  0.0000000e+00
   5.0161786e-02  4.3572199e-02]
 [ 3.8554600e-01  4.2209768e-01 -1.9327892e+00  1.2028379e-01
  -1.9157152e-01  0.0000000e+00 -1.4272856e-02  0.0000000e+00
   5.4163173e-02  5.4968730e-02]
 [ 5.5217457e-01  3.4646001e-01 -2.0361118e+00  1.1864907e-01
  -2.6050052e-01  0.0000000e+00 -4.8618410e-02  0.0000000e+00
  -6.1030831e-02  1.6282932e-01]
 [-6.9046274e-02 -6.5992147e-01  9.4070148e-01  1.1101626e-01
   1.1383396e-03  0.0000000e+00 -7.6090634e-02  0.0000000e+00
   4.3697175e-02  9.2724804e-03]] 
Episode: 409: [[-2.3350367e-01 -4.7453260e-01 -1.1024091e+00  2.2678524e-01
  -1.5064801e-01  0.0000000e+00 -2.8030066e-02  0.0000000e+00
  -3.6703181e-02  5.5104598e-02]
 [ 2.1118441e-01  9.3713783e-02 -1.9872071e+00  1.3655816e-01
  -8.6754084e-02  0.0000000e+00 -6.9543764e-02  0.0000000e+00
   5.0161786e-02  4.3709017e-02]
 [ 3.8553959e-01  4.2238012e-01 -1.9333171e+00  1.2000688e-01
  -1.9175413e-01  0.0000000e+00 -1.4347780e-02  0.0000000e+00
   5.4163173e-02  5.4974794e-02]
 [ 5.5256009e-01  3.4680966e-01 -2.0366259e+00  1.1842734e-01
  -2.6072502e-01  0.0000000e+00 -4.8828028e-02  0.0000000e+00
  -6.1030831e-02  1.6309209e-01]
 [-6.9267362e-02 -6.6027391e-01  9.4123417e-01  1.1147139e-01
   9.3932240e-04  0.0000000e+00 -7.6107785e-02  0.0000000e+00
   4.3697175e-02  9.2573911e-03]] 
Episode: 410: [[-2.33477682e-01 -4.74662304e-01 -1.10187113e+00  2.27337018e-01
  -1.50815696e-01  0.00000000e+00 -2.79010776e-02  0.00000000e+00
  -3.67031805e-02  5.51996976e-02]
 [ 2.11500496e-01  9.39741731e-02 -1.98770928e+00  1.36327565e-01
  -8.68802890e-02  0.00000000e+00 -6.97158575e-02  0.00000000e+00
   5.01617864e-02  4.36197892e-02]
 [ 3.85655731e-01  4.22629297e-01 -1.93385744e+00  1.19720221e-01
  -1.91911444e-01  0.00000000e+00 -1.45192333e-02  0.00000000e+00
   5.41631728e-02  5.48261777e-02]
 [ 5.53084016e-01  3.47106129e-01 -2.03715491e+00  1.18167698e-01
  -2.60925978e-01  0.00000000e+00 -4.91206795e-02  0.00000000e+00
  -6.10308312e-02  1.63167402e-01]
 [-6.92365542e-02 -6.60587788e-01  9.41709518e-01  1.11875325e-01
   7.67557533e-04  0.00000000e+00 -7.60138333e-02  0.00000000e+00
   4.36971746e-02  9.32177901e-03]] 
Episode: 411: [[-2.33375415e-01 -4.74640191e-01 -1.10137486e+00  2.27976248e-01
  -1.50869355e-01  0.00000000e+00 -2.78941169e-02  0.00000000e+00
  -3.67031805e-02  5.51233105e-02]
 [ 2.11794958e-01  9.41552073e-02 -1.98819661e+00  1.36100039e-01
  -8.69446769e-02  0.00000000e+00 -6.97617233e-02  0.00000000e+00
   5.01617864e-02  4.34448682e-02]
 [ 3.85764033e-01  4.22738433e-01 -1.93437910e+00  1.19388744e-01
  -1.92020431e-01  0.00000000e+00 -1.45695051e-02  0.00000000e+00
   5.41631728e-02  5.48464432e-02]
 [ 5.53731620e-01  3.47282737e-01 -2.03767323e+00  1.17893770e-01
  -2.61060655e-01  0.00000000e+00 -4.92800288e-02  0.00000000e+00
  -6.10308312e-02  1.63127825e-01]
 [-6.91104084e-02 -6.60839558e-01  9.42133546e-01  1.12376250e-01
   5.76287333e-04  0.00000000e+00 -7.60386512e-02  0.00000000e+00
   4.36971746e-02  9.22699180e-03]] 
Episode: 412: [[-2.3334734e-01 -4.7465369e-01 -1.1009029e+00  2.2852699e-01
  -1.5093662e-01  0.0000000e+00 -2.7864996e-02  0.0000000e+00
  -3.6703181e-02  5.5191446e-02]
 [ 2.1206753e-01  9.4337188e-02 -1.9887129e+00  1.3594267e-01
  -8.7028883e-02  0.0000000e+00 -6.9787256e-02  0.0000000e+00
   5.0161786e-02  4.3337431e-02]
 [ 3.8587576e-01  4.2286569e-01 -1.9349202e+00  1.1914553e-01
  -1.9214761e-01  0.0000000e+00 -1.4579125e-02  0.0000000e+00
   5.4163173e-02  5.4871645e-02]
 [ 5.5427796e-01  3.4740975e-01 -2.0382237e+00  1.1771044e-01
  -2.6122749e-01  0.0000000e+00 -4.9399719e-02  0.0000000e+00
  -6.1030831e-02  1.6323808e-01]
 [-6.9103666e-02 -6.6114825e-01  9.4257075e-01  1.1278416e-01
   3.6053677e-04  0.0000000e+00 -7.6086722e-02  0.0000000e+00
   4.3697175e-02  9.2941727e-03]] 
Episode: 413: [[-2.3344246e-01 -4.7488138e-01 -1.1003103e+00  2.2915061e-01
  -1.5106679e-01  0.0000000e+00 -2.7729578e-02  0.0000000e+00
  -3.6703181e-02  5.5413797e-02]
 [ 2.1218301e-01  9.4594009e-02 -1.9893465e+00  1.3584276e-01
  -8.7131038e-02  0.0000000e+00 -6.9796354e-02  0.0000000e+00
   5.0161786e-02  4.3355104e-02]
 [ 3.8576713e-01  4.2315167e-01 -1.9355911e+00  1.1892599e-01
  -1.9229357e-01  0.0000000e+00 -1.4691921e-02  0.0000000e+00
   5.4163173e-02  5.4768298e-02]
 [ 5.5472374e-01  3.4757066e-01 -2.0389132e+00  1.1759671e-01
  -2.6145279e-01  0.0000000e+00 -4.9507935e-02  0.0000000e+00
  -6.1030831e-02  1.6348188e-01]
 [-6.9065213e-02 -6.6163015e-01  9.4313806e-01  1.1324395e-01
  -5.9097451e-06  0.0000000e+00 -7.6020509e-02  0.0000000e+00
   4.3697175e-02  9.5065432e-03]] 
Episode: 414: [[-2.33468726e-01 -4.75353867e-01 -1.09967268e+00  2.29882121e-01
  -1.51606917e-01  0.00000000e+00 -2.74985507e-02  0.00000000e+00
  -3.67031805e-02  5.57742342e-02]
 [ 2.12274194e-01  9.48340297e-02 -1.99003398e+00  1.35557607e-01
  -8.72233361e-02  0.00000000e+00 -6.99137971e-02  0.00000000e+00
   5.01617864e-02  4.35817428e-02]
 [ 3.85514587e-01  4.23541844e-01 -1.93629801e+00  1.18486911e-01
  -1.92328274e-01  0.00000000e+00 -1.48975523e-02  0.00000000e+00
   5.41631728e-02  5.45871481e-02]
 [ 5.55098951e-01  3.47837478e-01 -2.03964663e+00  1.17237218e-01
  -2.61642337e-01  0.00000000e+00 -4.97096069e-02  0.00000000e+00
  -6.10308312e-02  1.63739786e-01]
 [-6.91274926e-02 -6.62037134e-01  9.43764389e-01  1.13850966e-01
  -4.12863243e-04  0.00000000e+00 -7.58515000e-02  0.00000000e+00
   4.36971746e-02  9.68052354e-03]] 
Episode: 415: [[-2.3344612e-01 -4.7572318e-01 -1.0990150e+00  2.3058538e-01
  -1.5195332e-01  0.0000000e+00 -2.7399840e-02  0.0000000e+00
  -3.6703181e-02  5.5937454e-02]
 [ 2.1238546e-01  9.5224097e-02 -1.9907551e+00  1.3535622e-01
  -8.7291904e-02  0.0000000e+00 -6.9910243e-02  0.0000000e+00
   5.0161786e-02  4.3600868e-02]
 [ 3.8531911e-01  4.2396006e-01 -1.9370471e+00  1.1812439e-01
  -1.9239259e-01  0.0000000e+00 -1.4978483e-02  0.0000000e+00
   5.4163173e-02  5.4546423e-02]
 [ 5.5561322e-01  3.4825680e-01 -2.0404024e+00  1.1697656e-01
  -2.6184407e-01  0.0000000e+00 -4.9786810e-02  0.0000000e+00
  -6.1030831e-02  1.6381148e-01]
 [-6.9017731e-02 -6.6246158e-01  9.4442958e-01  1.1442563e-01
  -8.2586898e-04  0.0000000e+00 -7.5808838e-02  0.0000000e+00
   4.3697175e-02  9.6848542e-03]] 
Episode: 416: [[-2.33216047e-01 -4.75912482e-01 -1.09845603e+00  2.31402829e-01
  -1.52154356e-01  0.00000000e+00 -2.74201483e-02  0.00000000e+00
  -3.67031805e-02  5.59239611e-02]
 [ 2.12471485e-01  9.55602974e-02 -1.99141097e+00  1.35064468e-01
  -8.72732848e-02  0.00000000e+00 -7.00162351e-02  0.00000000e+00
   5.01617864e-02  4.34699655e-02]
 [ 3.85094166e-01  4.24240321e-01 -1.93772912e+00  1.17625639e-01
  -1.92384809e-01  0.00000000e+00 -1.49707645e-02  0.00000000e+00
   5.41631728e-02  5.46633154e-02]
 [ 5.56241274e-01  3.48644644e-01 -2.04109812e+00  1.16572417e-01
  -2.61916667e-01  0.00000000e+00 -4.99605462e-02  0.00000000e+00
  -6.10308312e-02  1.63716316e-01]
 [-6.86927289e-02 -6.62702441e-01  9.44965839e-01  1.15113564e-01
  -1.11566111e-03  0.00000000e+00 -7.58798271e-02  0.00000000e+00
   4.36971746e-02  9.53708775e-03]] 
Episode: 417: [[-2.3302402e-01 -4.7608322e-01 -1.0979494e+00  2.3213951e-01
  -1.5233944e-01  0.0000000e+00 -2.7485887e-02  0.0000000e+00
  -3.6703181e-02  5.5907365e-02]
 [ 2.1256220e-01  9.5843099e-02 -1.9919943e+00  1.3481222e-01
  -8.7274723e-02  0.0000000e+00 -7.0018858e-02  0.0000000e+00
   5.0161786e-02  4.3424975e-02]
 [ 3.8489568e-01  4.2447817e-01 -1.9383372e+00  1.1718627e-01
  -1.9239880e-01  0.0000000e+00 -1.4859663e-02  0.0000000e+00
   5.4163173e-02  5.4864530e-02]
 [ 5.5677634e-01  3.4894666e-01 -2.0417140e+00  1.1622157e-01
  -2.6200849e-01  0.0000000e+00 -5.0012641e-02  0.0000000e+00
  -6.1030831e-02  1.6379003e-01]
 [-6.8423785e-02 -6.6291988e-01  9.4545472e-01  1.1573129e-01
  -1.3835345e-03  0.0000000e+00 -7.6053038e-02  0.0000000e+00
   4.3697175e-02  9.3805259e-03]] 
Episode: 418: [[-2.3287609e-01 -4.7623900e-01 -1.0974793e+00  2.3273607e-01
  -1.5250646e-01  0.0000000e+00 -2.7576486e-02  0.0000000e+00
  -3.6703181e-02  5.5896748e-02]
 [ 2.1269739e-01  9.6060894e-02 -1.9925300e+00  1.3463804e-01
  -8.7293305e-02  0.0000000e+00 -7.0130408e-02  0.0000000e+00
   5.0161786e-02  4.3380022e-02]
 [ 3.8476622e-01  4.2466959e-01 -1.9388981e+00  1.1686272e-01
  -1.9242957e-01  0.0000000e+00 -1.4863826e-02  0.0000000e+00
   5.4163173e-02  5.5043951e-02]
 [ 5.5722678e-01  3.4916478e-01 -2.0422790e+00  1.1596556e-01
  -2.6210240e-01  0.0000000e+00 -5.0163757e-02  0.0000000e+00
  -6.1030831e-02  1.6388825e-01]
 [-6.8259053e-02 -6.6311967e-01  9.4592458e-01  1.1618976e-01
  -1.5953108e-03  0.0000000e+00 -7.6278858e-02  0.0000000e+00
   4.3697175e-02  9.3115456e-03]] 
Episode: 419: [[-2.32791185e-01 -4.76379007e-01 -1.09703684e+00  2.33299166e-01
  -1.52612939e-01  0.00000000e+00 -2.77673639e-02  0.00000000e+00
  -3.67031805e-02  5.57270646e-02]
 [ 2.12791294e-01  9.63742882e-02 -1.99302971e+00  1.34518713e-01
  -8.73152018e-02  0.00000000e+00 -7.01216161e-02  0.00000000e+00
   5.01617864e-02  4.34904099e-02]
 [ 3.84601235e-01  4.24917370e-01 -1.93942010e+00  1.16596662e-01
  -1.92478582e-01  0.00000000e+00 -1.47634437e-02  0.00000000e+00
   5.41631728e-02  5.53585216e-02]
 [ 5.57682037e-01  3.49538535e-01 -2.04282713e+00  1.15781434e-01
  -2.62175590e-01  0.00000000e+00 -5.01955189e-02  0.00000000e+00
  -6.10308312e-02  1.64125219e-01]
 [-6.81970790e-02 -6.63305342e-01  9.46367502e-01  1.16636224e-01
  -1.72679895e-03  0.00000000e+00 -7.65914246e-02  0.00000000e+00
   4.36971746e-02  9.09789745e-03]] 
Episode: 420: [[-2.3273598e-01 -4.7649378e-01 -1.0966330e+00  2.3382650e-01
  -1.5268134e-01  0.0000000e+00 -2.8048435e-02  0.0000000e+00
  -3.6703181e-02  5.5485737e-02]
 [ 2.1286075e-01  9.6625969e-02 -1.9935024e+00  1.3441800e-01
  -8.7319732e-02  0.0000000e+00 -7.0144713e-02  0.0000000e+00
   5.0161786e-02  4.3598086e-02]
 [ 3.8443801e-01  4.2511824e-01 -1.9399062e+00  1.1635442e-01
  -1.9251329e-01  0.0000000e+00 -1.4651133e-02  0.0000000e+00
   5.4163173e-02  5.5694133e-02]
 [ 5.5812448e-01  3.4985837e-01 -2.0433483e+00  1.1561956e-01
  -2.6221240e-01  0.0000000e+00 -5.0328314e-02  0.0000000e+00
  -6.1030831e-02  1.6433223e-01]
 [-6.8152077e-02 -6.6345245e-01  9.4677061e-01  1.1705735e-01
  -1.8109425e-03  0.0000000e+00 -7.6982014e-02  0.0000000e+00
   4.3697175e-02  8.7868255e-03]] 
Episode: 421: [[-2.32813448e-01 -4.76753980e-01 -1.09628105e+00  2.34172150e-01
  -1.52919531e-01  0.00000000e+00 -2.81920284e-02  0.00000000e+00
  -3.67031805e-02  5.51651008e-02]
 [ 2.12900564e-01  9.68603194e-02 -1.99392867e+00  1.34419635e-01
  -8.73301178e-02  0.00000000e+00 -7.00562224e-02  0.00000000e+00
   5.01617864e-02  4.38221470e-02]
 [ 3.84257793e-01  4.25391316e-01 -1.94033062e+00  1.16268396e-01
  -1.92505389e-01  0.00000000e+00 -1.44458050e-02  0.00000000e+00
   5.41631728e-02  5.61488569e-02]
 [ 5.58469772e-01  3.50153834e-01 -2.04381704e+00  1.15605704e-01
  -2.62247294e-01  0.00000000e+00 -5.03436178e-02  0.00000000e+00
  -6.10308312e-02  1.64677083e-01]
 [-6.82871938e-02 -6.63687885e-01  9.47138011e-01  1.17354229e-01
  -1.97146810e-03  0.00000000e+00 -7.73943365e-02  0.00000000e+00
   4.36971746e-02  8.39403551e-03]] 
Episode: 422: [[-0.2326587  -0.4766101  -1.0961895   0.23481572 -0.15301587  0.
  -0.02821196  0.         -0.03670318  0.05503701]
 [ 0.21316092  0.09732408 -1.9942516   0.13395663 -0.08697192  0.
  -0.07008585  0.          0.05016179  0.04381397]
 [ 0.38430637  0.42566392 -1.940642    0.11593453 -0.19209877  0.
  -0.01436528  0.          0.05416317  0.05640434]
 [ 0.5589573   0.35078183 -2.044185    0.11533694 -0.2618262   0.
  -0.05046157  0.         -0.06103083  0.16482815]
 [-0.06834449 -0.6640914   0.94728744  0.11801974 -0.00235561  0.
  -0.07765589  0.          0.04369717  0.00819244]] 
Episode: 423: [[-0.23259315 -0.47664106 -1.09597     0.23543566 -0.15316102  0.
  -0.02812065  0.         -0.03670318  0.05508144]
 [ 0.21340233  0.09780645 -1.9946356   0.13359432 -0.0867122   0.
  -0.07022171  0.          0.05016179  0.04372164]
 [ 0.38434055  0.4260493  -1.9410325   0.11567129 -0.19179454  0.
  -0.01439705  0.          0.05416317  0.05648115]
 [ 0.55951864  0.35140285 -2.0446138   0.11515301 -0.26154518  0.
  -0.05067189  0.         -0.06103083  0.16480555]
 [-0.06836805 -0.66458595  0.94757175  0.11860748 -0.00279849  0.
  -0.07778182  0.          0.04369717  0.0081623 ]] 
Episode: 424: [[-0.23258032 -0.4766902  -1.0957601   0.23596689 -0.15329322  0.
  -0.02794414  0.         -0.03670318  0.05527142]
 [ 0.21365137  0.09829043 -1.9950111   0.133304   -0.08650372  0.
  -0.07045313  0.          0.05016179  0.04361673]
 [ 0.38441306  0.42644122 -1.9414124   0.11547881 -0.1915507   0.
  -0.01452987  0.          0.05416317  0.05645809]
 [ 0.5600226   0.35199907 -2.0450327   0.11503129 -0.26132822  0.
  -0.05096531  0.         -0.06103083  0.16478491]
 [-0.06844179 -0.66508865  0.9478612   0.11908658 -0.00320926  0.
  -0.07778728  0.          0.04369717  0.00828591]] 
Episode: 425: [[-0.23266417 -0.476805   -1.0954894   0.23635523 -0.15351152  0.
  -0.02767611  0.         -0.03670318  0.05555092]
 [ 0.21387005  0.09875987 -1.9954761   0.13313775 -0.08638886  0.
  -0.0705522   0.          0.05016179  0.04356649]
 [ 0.38446063  0.42685223 -1.941876    0.11542661 -0.19139089  0.
  -0.01455862  0.          0.05416317  0.05644395]
 [ 0.5605019   0.3525302  -2.0455468   0.11504795 -0.26123837  0.
  -0.05112521  0.         -0.06103083  0.16477962]
 [-0.06853847 -0.6656309   0.9482115   0.11942647 -0.00366479  0.
  -0.07768285  0.          0.04369717  0.0083625 ]] 
Episode: 426: [[-0.23274386 -0.47675794 -1.0952806   0.2368887  -0.1536707   0.
  -0.02754414  0.         -0.03670318  0.05564314]
 [ 0.21407562  0.09909915 -1.9959266   0.13292338 -0.08628916  0.
  -0.07053223  0.          0.05016179  0.04357539]
 [ 0.38448128  0.42708737 -1.9422952   0.11526388 -0.1912718   0.
  -0.01448026  0.          0.05416317  0.05658388]
 [ 0.56092155  0.35288265 -2.046035    0.11496341 -0.26116627  0.
  -0.05116497  0.         -0.06103083  0.16486306]
 [-0.0686848  -0.66605985  0.9485375   0.11980647 -0.00407719  0.
  -0.07769821  0.          0.04369717  0.0083253 ]] 
Episode: 427: [[-0.23296851 -0.4768543  -1.0949343   0.23715372 -0.15383275  0.
  -0.02731623  0.         -0.03670318  0.05588439]
 [ 0.21429713  0.09943074 -1.9965658   0.1329075  -0.08629451  0.
  -0.07051289  0.          0.05016179  0.04356867]
 [ 0.38455507  0.42739472 -1.9429084   0.11535863 -0.19127698  0.
  -0.01450574  0.          0.05416317  0.05655723]
 [ 0.5613291   0.3531788  -2.04672     0.11512011 -0.26123968  0.
  -0.05124651  0.         -0.06103083  0.16488932]
 [-0.06893334 -0.666582    0.94902855  0.11992588 -0.00446656  0.
  -0.07761849  0.          0.04369717  0.00844245]] 
Episode: 428: [[-0.2333252  -0.4770559  -1.0945199   0.23728667 -0.15402469  0.
  -0.02704795  0.         -0.03670318  0.05625913]
 [ 0.21444118  0.09972974 -1.9972445   0.13303708 -0.08632142  0.
  -0.07038625  0.          0.05016179  0.04363621]
 [ 0.3845782   0.4277396  -1.9435718   0.11561788 -0.19130188  0.
  -0.01442444  0.          0.05416317  0.05651901]
 [ 0.56167173  0.35342735 -2.0474515   0.11545399 -0.26134086  0.
  -0.05121564  0.         -0.06103083  0.164953  ]
 [-0.06918821 -0.6671397   0.94957155  0.11991569 -0.00485699  0.
  -0.0775857   0.          0.04369717  0.00852052]] 
Episode: 429: [[-0.23364303 -0.47724897 -1.094065    0.23743084 -0.15430498  0.
  -0.02669733  0.         -0.03670318  0.05662691]
 [ 0.21458468  0.10003487 -1.9979522   0.13311261 -0.08633715  0.
  -0.07035992  0.          0.05016179  0.04376229]
 [ 0.38457486  0.4280663  -1.9442619   0.11580291 -0.19129916  0.
  -0.01445549  0.          0.05416317  0.0565516 ]
 [ 0.5619879   0.3536753  -2.0482063   0.115692   -0.2614255   0.
  -0.05129209  0.         -0.06103083  0.16508177]
 [-0.06944624 -0.66764355  0.9501661   0.11993247 -0.00524026  0.
  -0.07744675  0.          0.04369717  0.0085684 ]] 
Episode: 430: [[-0.23391944 -0.47743058 -1.0936484   0.23754448 -0.15456858  0.
  -0.02642638  0.         -0.03670318  0.05679925]
 [ 0.2146895   0.10035825 -1.9986123   0.13319002 -0.08635621  0.
  -0.07041149  0.          0.05016179  0.04397651]
 [ 0.384487    0.42839864 -1.9448986   0.11598479 -0.19130649  0.
  -0.01457577  0.          0.05416317  0.05673327]
 [ 0.5621753   0.35397044 -2.048902    0.1159144  -0.26150882  0.
  -0.0514651   0.         -0.06103083  0.16532259]
 [-0.06974727 -0.66812295  0.9507257   0.11992534 -0.00558346  0.
  -0.07743005  0.          0.04369717  0.00846071]] 
Episode: 431: [[-0.23421167 -0.47770807 -1.0931225   0.23742226 -0.1547989   0.
  -0.02629193  0.         -0.03670318  0.05679641]
 [ 0.21476264  0.10067979 -1.9993548   0.13340127 -0.08650828  0.
  -0.07034858  0.          0.05016179  0.04436667]
 [ 0.38431042  0.42876804 -1.9456202   0.11635678 -0.19148883  0.
  -0.01457978  0.          0.05416317  0.05704856]
 [ 0.56232744  0.3542242  -2.0496728   0.11631078 -0.2617792   0.
  -0.05151659  0.         -0.06103083  0.16569762]
 [-0.0700924  -0.66861814  0.9514162   0.119765   -0.00592259  0.
  -0.07752439  0.          0.04369717  0.00821354]] 
Episode: 432: [[-0.23457657 -0.47797686 -1.0925952   0.23732533 -0.15500155  0.
  -0.02628024  0.         -0.03670318  0.05679892]
 [ 0.21476641  0.10103487 -2.0000496   0.13363813 -0.08664756  0.
  -0.07026266  0.          0.05016179  0.04477768]
 [ 0.38407204  0.42916077 -1.9462994   0.11673222 -0.19166224  0.
  -0.01448459  0.          0.05416317  0.05738767]
 [ 0.5624233   0.3545293  -2.0503922   0.11673125 -0.26202533  0.
  -0.05160786  0.         -0.06103083  0.16610011]
 [-0.07051542 -0.66911626  0.9521413   0.11963198 -0.00624188  0.
  -0.07771863  0.          0.04369717  0.00792604]] 
Episode: 433: [[-0.23479122 -0.47830617 -1.0921017   0.23714615 -0.15535057  0.
  -0.02616046  0.         -0.03670318  0.05667666]
 [ 0.21486096  0.10143018 -2.0006855   0.13381477 -0.08674672  0.
  -0.07029478  0.          0.05016179  0.04522838]
 [ 0.38391143  0.42960757 -1.9469262   0.11706533 -0.1917413   0.
  -0.01450315  0.          0.05416317  0.05783011]
 [ 0.5625619   0.35488132 -2.0510573   0.11706066 -0.26221976  0.
  -0.0517943   0.         -0.06103083  0.16653153]
 [-0.07089206 -0.6696445   0.9528308   0.1194613  -0.00665256  0.
  -0.07778408  0.          0.04369717  0.00761763]] 
Episode: 434: [[-0.23491931 -0.47857034 -1.0916687   0.23711544 -0.1556895   0.
  -0.02616193  0.         -0.03670318  0.05640947]
 [ 0.21489082  0.10176867 -2.0013714   0.13392857 -0.08681669  0.
  -0.07043307  0.          0.05016179  0.04563772]
 [ 0.38363555  0.42997128 -1.9475725   0.1172744  -0.19180176  0.
  -0.01462406  0.          0.05416317  0.05837934]
 [ 0.56270903  0.35509866 -2.0517805   0.11727633 -0.2624019   0.
  -0.05206636  0.         -0.06103083  0.1669662 ]
 [-0.07108736 -0.67015177  0.9534437   0.11940636 -0.00711802  0.
  -0.07786561  0.          0.04369717  0.00719011]] 
Episode: 435: [[-0.23521401 -0.47885147 -1.0912052   0.23704961 -0.15591095  0.
  -0.02627245  0.         -0.03670318  0.05601245]
 [ 0.21491651  0.10225561 -2.0021112   0.13418707 -0.08690602  0.
  -0.07044814  0.          0.05016179  0.04592882]
 [ 0.38343117  0.43044433 -1.9482659   0.11762106 -0.19191313  0.
  -0.01462867  0.          0.05416317  0.05882831]
 [ 0.562976    0.35555014 -2.0525658   0.11766576 -0.2625971   0.
  -0.05220691  0.         -0.06103083  0.16719769]
 [-0.07139523 -0.6706786   0.9540999   0.11927705 -0.00748582  0.
  -0.0780484   0.          0.04369717  0.00665586]] 
Episode: 436: [[-0.23543666 -0.4790558  -1.0908418   0.23700856 -0.15613551  0.
  -0.02633209  0.         -0.03670318  0.05549914]
 [ 0.21496433  0.10267667 -2.002777    0.13438867 -0.08697068  0.
  -0.07053073  0.          0.05016179  0.04620184]
 [ 0.38324955  0.43083143 -1.9488741   0.11789823 -0.19198969  0.
  -0.014737    0.          0.05416317  0.05932512]
 [ 0.56319267  0.35594073 -2.0532742   0.11797438 -0.26276067  0.
  -0.05243766  0.         -0.06103083  0.16744915]
 [-0.07166664 -0.6711047   0.95460117  0.11917937 -0.00782542  0.
  -0.07821641  0.          0.04369717  0.00608508]] 
Episode: 437: [[-0.23543134 -0.47911307 -1.0905702   0.23711465 -0.15632008  0.
  -0.02632586  0.         -0.03670318  0.05488169]
 [ 0.21511719  0.10307455 -2.0033793   0.13441494 -0.08699706  0.
  -0.07071447  0.          0.05016179  0.04633462]
 [ 0.3831857   0.43111417 -1.9494162   0.11794882 -0.19202     0.
  -0.01493866  0.          0.05416317  0.05982281]
 [ 0.56355965  0.3562727  -2.0539098   0.11802158 -0.2628756   0.
  -0.05274956  0.         -0.06103083  0.16752027]
 [-0.07175819 -0.6714569   0.95504487  0.11920139 -0.00817164  0.
  -0.07825802  0.          0.04369717  0.005481  ]] 
Episode: 438: [[-0.2355074  -0.47923097 -1.0901163   0.23704113 -0.15650648  0.
  -0.02621085  0.         -0.03670318  0.05425376]
 [ 0.21527746  0.10337675 -2.0041156   0.13457502 -0.08709636  0.
  -0.07077041  0.          0.05016179  0.04654267]
 [ 0.38314456  0.43136758 -1.9501196   0.11817883 -0.19213864  0.
  -0.01501597  0.          0.05416317  0.06041059]
 [ 0.5639485   0.35651672 -2.0546863   0.11824463 -0.26307783  0.
  -0.05292599  0.         -0.06103083  0.16770609]
 [-0.07187331 -0.6718097   0.9556756   0.11906831 -0.00848743  0.
  -0.07832438  0.          0.04369717  0.004856  ]] 
Episode: 439: [[-0.23559147 -0.4793499  -1.0897044   0.23695932 -0.15667976  0.
  -0.02613983  0.         -0.03670318  0.05373158]
 [ 0.21545912  0.10366248 -2.0047898   0.13474487 -0.08724719  0.
  -0.07082828  0.          0.05016179  0.04673666]
 [ 0.38314107  0.4316121  -1.9507636   0.11841628 -0.19231206  0.
  -0.01506932  0.          0.05416317  0.06093127]
 [ 0.56427807  0.35672888 -2.0553997   0.11847805 -0.2633428   0.
  -0.05307212  0.         -0.06103083  0.16791204]
 [-0.07198599 -0.6721544   0.95624804  0.11891536 -0.00878348  0.
  -0.07843871  0.          0.04369717  0.00434897]] 
Episode: 440: [[-0.23571222 -0.47949898 -1.0892731   0.23674999 -0.156821    0.
  -0.02596643  0.         -0.03670318  0.05341896]
 [ 0.21570192  0.1039859  -2.0055184   0.13499457 -0.08742876  0.
  -0.07098986  0.          0.05016179  0.0468133 ]
 [ 0.3832453   0.4319019  -1.9514679   0.11876658 -0.1925244   0.
  -0.01522161  0.          0.05416317  0.06124716]
 [ 0.56465137  0.35700816 -2.0561707   0.11880884 -0.26364347  0.
  -0.053308    0.         -0.06103083  0.16793852]
 [-0.0720777  -0.67251796  0.9568437   0.11861698 -0.00902344  0.
  -0.07843181  0.          0.04369717  0.00403007]] 
Episode: 441: [[-0.23589322 -0.4797317  -1.0887887   0.23638406 -0.15696172  0.
  -0.02570093  0.         -0.03670318  0.05323648]
 [ 0.21593532  0.10433314 -2.0063057   0.13534015 -0.08767707  0.
  -0.07106623  0.          0.05016179  0.04691987]
 [ 0.3833599   0.43225202 -1.9522372   0.11925416 -0.19281326  0.
  -0.01527754  0.          0.05416317  0.06153068]
 [ 0.56497526  0.3573247  -2.0570025   0.11926721 -0.26403204  0.
  -0.05341591  0.         -0.06103083  0.16800757]
 [-0.07223953 -0.67292994  0.957506    0.11818057 -0.00924206  0.
  -0.07841464  0.          0.04369717  0.003801  ]] 
Episode: 442: [[-0.23600174 -0.48015207 -1.0884908   0.23625655 -0.15736233  0.
  -0.0253526   0.         -0.03670318  0.05322864]
 [ 0.21612284  0.10486107 -2.0070548   0.13555633 -0.08784614  0.
  -0.07124451  0.          0.05016179  0.04680722]
 [ 0.3834133   0.43285903 -1.9529257   0.11953426 -0.1929311   0.
  -0.01543221  0.          0.05416317  0.06163359]
 [ 0.56538457  0.35780078 -2.0577796   0.11952905 -0.26437664  0.
  -0.05361735  0.         -0.06103083  0.16791128]
 [-0.07239184 -0.6736113   0.9579801   0.11792678 -0.00981043  0.
  -0.0782893   0.          0.04369717  0.00374535]] 
Episode: 443: [[-0.23632209 -0.48094845 -1.0880984   0.23593563 -0.15835881  0.
  -0.02492977  0.         -0.03670318  0.05337735]
 [ 0.21617194  0.10532425 -2.0079217   0.13596062 -0.08803461  0.
  -0.07129538  0.          0.05016179  0.04691528]
 [ 0.38324857  0.43362945 -1.9537163   0.12003425 -0.19288285  0.
  -0.01546707  0.          0.05416317  0.06171947]
 [ 0.56570613  0.35831165 -2.0586827   0.12001146 -0.26471528  0.
  -0.0536943   0.         -0.06103083  0.16797845]
 [-0.07274966 -0.67425966  0.95856434  0.11761037 -0.01058026  0.
  -0.07806666  0.          0.04369717  0.00354546]] 
Episode: 444: [[-0.23671344 -0.48180908 -1.0875309   0.23553298 -0.15923543  0.
  -0.02465871  0.         -0.03670318  0.05348895]
 [ 0.21618229  0.10567944 -2.00888     0.13648544 -0.08832867  0.
  -0.07123165  0.          0.05016179  0.04705858]
 [ 0.38304466  0.43436792 -1.9546236   0.12067242 -0.1930015   0.
  -0.01539415  0.          0.05416317  0.06186189]
 [ 0.5660474   0.35863227 -2.0596914   0.12066097 -0.26519194  0.
  -0.05365922  0.         -0.06103083  0.16807206]
 [-0.07312486 -0.6749741   0.9593131   0.11720303 -0.01128932  0.
  -0.07797617  0.          0.04369717  0.00321623]] 
Episode: 445: [[-0.2369553  -0.48249748 -1.0870513   0.23523918 -0.16000873  0.
  -0.02452419  0.         -0.03670318  0.05343354]
 [ 0.21628794  0.1059767  -2.0097225   0.13687113 -0.08854219  0.
  -0.0712686   0.          0.05016179  0.04708231]
 [ 0.3829616   0.43497235 -1.9554237   0.12114142 -0.19304962  0.
  -0.01540221  0.          0.05416317  0.06198251]
 [ 0.5664643   0.3588602  -2.0605712   0.12112578 -0.26555353  0.
  -0.05373196  0.         -0.06103083  0.16808224]
 [-0.07340907 -0.6756034   0.95992637  0.11690377 -0.01192425  0.
  -0.07793314  0.          0.04369717  0.00297645]] 
Episode: 446: [[-0.23713341 -0.48308158 -1.0866385   0.23490518 -0.16102237  0.
  -0.02451248  0.         -0.03670318  0.05322843]
 [ 0.21637243  0.10628297 -2.0104072   0.13729069 -0.08868627  0.
  -0.07119237  0.          0.05016179  0.04721533]
 [ 0.3828193   0.43547913 -1.9560776   0.12165533 -0.1929532   0.
  -0.01530511  0.          0.05416317  0.06224292]
 [ 0.56681585  0.35914496 -2.0612824   0.12163589 -0.2657827   0.
  -0.05382758  0.         -0.06103083  0.16810313]
 [-0.0737143  -0.6760354   0.96043783  0.11656396 -0.01244241  0.
  -0.07800435  0.          0.04369717  0.0026115 ]] 
Episode: 447: [[-0.23707962 -0.48367774 -1.0862446   0.23456843 -0.16200551  0.
  -0.02439264  0.         -0.03670318  0.05289425]
 [ 0.21661402  0.10659257 -2.0111318   0.13763642 -0.08891135  0.
  -0.07123323  0.          0.05016179  0.04712637]
 [ 0.38284945  0.4359948  -1.9567744   0.12209511 -0.19293833  0.
  -0.01532207  0.          0.05416317  0.06232508]
 [ 0.5673114   0.35940784 -2.0620513   0.12203854 -0.26612875  0.
  -0.05401805  0.         -0.06103083  0.16796368]
 [-0.07375935 -0.6764863   0.96089375  0.11622066 -0.01299994  0.
  -0.07795852  0.          0.04369717  0.00217982]] 
Episode: 448: [[-2.36977592e-01 -4.84331399e-01 -1.08586764e+00  2.34361559e-01
  -1.63141251e-01  0.00000000e+00 -2.41755508e-02  0.00000000e+00
  -3.67031805e-02  5.24392948e-02]
 [ 2.16836721e-01  1.06951050e-01 -2.01186347e+00  1.37897372e-01
  -8.91422853e-02  0.00000000e+00 -7.12085515e-02  0.00000000e+00
   5.01617864e-02  4.72340323e-02]
 [ 3.82772297e-01  4.36566174e-01 -1.95746529e+00  1.22410536e-01
  -1.92888618e-01  0.00000000e+00 -1.54416645e-02  0.00000000e+00
   5.41631728e-02  6.25504032e-02]
 [ 5.67850173e-01  3.59783173e-01 -2.06283116e+00  1.22315243e-01
  -2.66479224e-01  0.00000000e+00 -5.42632900e-02  0.00000000e+00
  -6.10308312e-02  1.67996317e-01]
 [-7.38825500e-02 -6.76923156e-01  9.61336792e-01  1.15993470e-01
  -1.36454497e-02  0.00000000e+00 -7.78074265e-02  0.00000000e+00
   4.36971746e-02  1.64272205e-03]] 
Episode: 449: [[-2.36966908e-01 -4.85123694e-01 -1.08547556e+00  2.34172046e-01
  -1.64146900e-01  0.00000000e+00 -2.40894612e-02  0.00000000e+00
  -3.67031805e-02  5.19736335e-02]
 [ 2.17023224e-01  1.07532904e-01 -2.01263428e+00  1.38252139e-01
  -8.93465206e-02  0.00000000e+00 -7.12958723e-02  0.00000000e+00
   5.01617864e-02  4.71814238e-02]
 [ 3.82716119e-01  4.37346548e-01 -1.95819557e+00  1.22804694e-01
  -1.92852721e-01  0.00000000e+00 -1.56535972e-02  0.00000000e+00
   5.41631728e-02  6.26015887e-02]
 [ 5.68513215e-01  3.60375345e-01 -2.06368423e+00  1.22706264e-01
  -2.66823322e-01  0.00000000e+00 -5.45884632e-02  0.00000000e+00
  -6.10308312e-02  1.67868078e-01]
 [-7.40569010e-02 -6.77576184e-01  9.61800396e-01  1.15733102e-01
  -1.43386982e-02  0.00000000e+00 -7.77813122e-02  0.00000000e+00
   4.36971746e-02  1.12735108e-03]] 
Episode: 450: [[-2.37059936e-01 -4.85909522e-01 -1.08498645e+00  2.33852282e-01
  -1.65089160e-01  0.00000000e+00 -2.41212100e-02  0.00000000e+00
  -3.67031805e-02  5.17099686e-02]
 [ 2.17177272e-01  1.08046405e-01 -2.01341510e+00  1.38686568e-01
  -8.96033198e-02  0.00000000e+00 -7.12649450e-02  0.00000000e+00
   5.01617864e-02  4.72078174e-02]
 [ 3.82650852e-01  4.38078463e-01 -1.95896232e+00  1.23316981e-01
  -1.92898229e-01  0.00000000e+00 -1.57400109e-02  0.00000000e+00
   5.41631728e-02  6.26668409e-02]
 [ 5.69052637e-01  3.60878438e-01 -2.06454802e+00  1.23221256e-01
  -2.67233402e-01  0.00000000e+00 -5.47766164e-02  0.00000000e+00
  -6.10308312e-02  1.67885780e-01]
 [-7.42827728e-02 -6.78219497e-01  9.62358117e-01  1.15375832e-01
  -1.49929943e-02  0.00000000e+00 -7.78676197e-02  0.00000000e+00
   4.36971746e-02  7.13789545e-04]] 
Episode: 451: [[-2.37114146e-01 -4.86534119e-01 -1.08442175e+00  2.33646706e-01
  -1.65925339e-01  0.00000000e+00 -2.42589582e-02  0.00000000e+00
  -3.67031805e-02  5.13187982e-02]
 [ 2.17294917e-01  1.08520411e-01 -2.01415396e+00  1.39106914e-01
  -8.98199230e-02  0.00000000e+00 -7.13465810e-02  0.00000000e+00
   5.01617864e-02  4.72242422e-02]
 [ 3.82496476e-01  4.38710749e-01 -1.95971239e+00  1.23780675e-01
  -1.92938626e-01  0.00000000e+00 -1.59220640e-02  0.00000000e+00
   5.41631728e-02  6.28419444e-02]
 [ 5.69578707e-01  3.61324579e-01 -2.06534934e+00  1.23701274e-01
  -2.67591596e-01  0.00000000e+00 -5.50503843e-02  0.00000000e+00
  -6.10308312e-02  1.67863324e-01]
 [-7.43268281e-02 -6.78830326e-01  9.62962985e-01  1.15039043e-01
  -1.56221613e-02  0.00000000e+00 -7.78355002e-02  0.00000000e+00
   4.36971746e-02  1.92876396e-04]] 
Episode: 452: [[-2.3694099e-01 -4.8713425e-01 -1.0838895e+00  2.3353791e-01
  -1.6681035e-01  0.0000000e+00 -2.4273746e-02  0.0000000e+00
  -3.6703181e-02  5.0960507e-02]
 [ 2.1755804e-01  1.0900321e-01 -2.0149405e+00  1.3934138e-01
  -9.0054281e-02  0.0000000e+00 -7.1529463e-02  0.0000000e+00
   5.0161786e-02  4.7032446e-02]
 [ 3.8248336e-01  4.3933094e-01 -1.9605104e+00  1.2403371e-01
  -1.9296886e-01  0.0000000e+00 -1.6190168e-02  0.0000000e+00
   5.4163173e-02  6.2848166e-02]
 [ 5.7023019e-01  3.6165652e-01 -2.0662062e+00  1.2393030e-01
  -2.6801902e-01  0.0000000e+00 -5.5401187e-02  0.0000000e+00
  -6.1030831e-02  1.6768591e-01]
 [-7.4139535e-02 -6.7950666e-01  9.6355379e-01  1.1483100e-01
  -1.6437620e-02  0.0000000e+00 -7.7696860e-02  0.0000000e+00
   4.3697175e-02 -1.2606395e-04]] 
Episode: 453: [[-2.36848369e-01 -4.87651855e-01 -1.08310330e+00  2.33267099e-01
  -1.67659536e-01  0.00000000e+00 -2.41779275e-02  0.00000000e+00
  -3.67031805e-02  5.07929027e-02]
 [ 2.17865735e-01  1.09489642e-01 -2.01586986e+00  1.39631227e-01
  -9.02664736e-02  0.00000000e+00 -7.16476813e-02  0.00000000e+00
   5.01617864e-02  4.67840768e-02]
 [ 3.82546097e-01  4.39914763e-01 -1.96150374e+00  1.24388993e-01
  -1.92992285e-01  0.00000000e+00 -1.64372511e-02  0.00000000e+00
   5.41631728e-02  6.27029240e-02]
 [ 5.70899308e-01  3.62050623e-01 -2.06720901e+00  1.24242015e-01
  -2.68425643e-01  0.00000000e+00 -5.56138828e-02  0.00000000e+00
  -6.10308312e-02  1.67454705e-01]
 [-7.40521252e-02 -6.80140078e-01  9.64424849e-01  1.14502773e-01
  -1.72575042e-02  0.00000000e+00 -7.75234848e-02  0.00000000e+00
   4.36971746e-02 -2.63789698e-04]] 
Episode: 454: [[-2.36858636e-01 -4.88231838e-01 -1.08232939e+00  2.32888117e-01
  -1.68479383e-01  0.00000000e+00 -2.39826199e-02  0.00000000e+00
  -3.67031805e-02  5.07962964e-02]
 [ 2.18186244e-01  1.10003114e-01 -2.01680207e+00  1.39993861e-01
  -9.05384570e-02  0.00000000e+00 -7.18635693e-02  0.00000000e+00
   5.01617864e-02  4.64758389e-02]
 [ 3.82673800e-01  4.40559387e-01 -1.96249712e+00  1.24847107e-01
  -1.93086758e-01  0.00000000e+00 -1.67640038e-02  0.00000000e+00
   5.41631728e-02  6.24218620e-02]
 [ 5.71519911e-01  3.62488300e-01 -2.06821680e+00  1.24658436e-01
  -2.68902808e-01  0.00000000e+00 -5.59097044e-02  0.00000000e+00
  -6.10308312e-02  1.67160332e-01]
 [-7.39943534e-02 -6.80849612e-01  9.65291619e-01  1.14063784e-01
  -1.80445313e-02  0.00000000e+00 -7.72576630e-02  0.00000000e+00
   4.36971746e-02 -2.38944878e-04]] 
Episode: 455: [[-2.3669623e-01 -4.8886701e-01 -1.0816531e+00  2.3280481e-01
  -1.6918920e-01  0.0000000e+00 -2.3697821e-02  0.0000000e+00
  -3.6703181e-02  5.0953008e-02]
 [ 2.1869257e-01  1.1048378e-01 -2.0175598e+00  1.4004658e-01
  -9.0805314e-02  0.0000000e+00 -7.2167300e-02  0.0000000e+00
   5.0161786e-02  4.5993865e-02]
 [ 3.8300031e-01  4.4125584e-01 -1.9633192e+00  1.2501031e-01
  -1.9318531e-01  0.0000000e+00 -1.7162438e-02  0.0000000e+00
   5.4163173e-02  6.2019039e-02]
 [ 5.7225597e-01  3.6280924e-01 -2.0690222e+00  1.2478690e-01
  -2.6935610e-01  0.0000000e+00 -5.6280319e-02  0.0000000e+00
  -6.1030831e-02  1.6673884e-01]
 [-7.3819093e-02 -6.8171668e-01  9.6606368e-01  1.1390268e-01
  -1.8826418e-02  0.0000000e+00 -7.6908700e-02  0.0000000e+00
   4.3697175e-02 -6.8274836e-05]] 
Episode: 456: [[-2.3659690e-01 -4.8944360e-01 -1.0810446e+00  2.3272060e-01
  -1.6982889e-01  0.0000000e+00 -2.3494050e-02  0.0000000e+00
  -3.6703181e-02  5.1141430e-02]
 [ 2.1917264e-01  1.1095413e-01 -2.0182397e+00  1.4011724e-01
  -9.1054961e-02  0.0000000e+00 -7.2481021e-02  0.0000000e+00
   5.0161786e-02  4.5568757e-02]
 [ 3.8333163e-01  4.4190839e-01 -1.9640538e+00  1.2518218e-01
  -1.9328608e-01  0.0000000e+00 -1.7568037e-02  0.0000000e+00
   5.4163173e-02  6.1649192e-02]
 [ 5.7292712e-01  3.6313355e-01 -2.0697472e+00  1.2493270e-01
  -2.6977605e-01  0.0000000e+00 -5.6718223e-02  0.0000000e+00
  -6.1030831e-02  1.6639015e-01]
 [-7.3750690e-02 -6.8252683e-01  9.6675432e-01  1.1373858e-01
  -1.9534357e-02  0.0000000e+00 -7.6692663e-02  0.0000000e+00
   4.3697175e-02  1.7077467e-04]] 
Episode: 457: [[-2.36489788e-01 -4.90042865e-01 -1.08048141e+00  2.32622966e-01
  -1.70493484e-01  0.00000000e+00 -2.32015569e-02  0.00000000e+00
  -3.67031805e-02  5.13906926e-02]
 [ 2.19614312e-01  1.11469321e-01 -2.01887202e+00  1.40191093e-01
  -9.12659839e-02  0.00000000e+00 -7.28728771e-02  0.00000000e+00
   5.01617864e-02  4.52184863e-02]
 [ 3.83604050e-01  4.42599297e-01 -1.96473408e+00  1.25354737e-01
  -1.93340287e-01  0.00000000e+00 -1.80375222e-02  0.00000000e+00
   5.41631728e-02  6.13218322e-02]
 [ 5.73494792e-01  3.63515824e-01 -2.07041717e+00  1.25076771e-01
  -2.70158201e-01  0.00000000e+00 -5.72166704e-02  0.00000000e+00
  -6.10308312e-02  1.66121244e-01]
 [-7.36912787e-02 -6.83355510e-01  9.67413783e-01  1.13564074e-01
  -2.02900823e-02  0.00000000e+00 -7.63885155e-02  0.00000000e+00
   4.36971746e-02  4.40182048e-04]] 
Episode: 458: [[-2.3639618e-01 -4.9058875e-01 -1.0799707e+00  2.3252581e-01
  -1.7109688e-01  0.0000000e+00 -2.2916090e-02  0.0000000e+00
  -3.6703181e-02  5.1592190e-02]
 [ 2.2001819e-01  1.1196329e-01 -2.0194459e+00  1.4027132e-01
  -9.1451533e-02  0.0000000e+00 -7.3161386e-02  0.0000000e+00
   5.0161786e-02  4.4985894e-02]
 [ 3.8382927e-01  4.4324550e-01 -1.9653511e+00  1.2552741e-01
  -1.9338629e-01  0.0000000e+00 -1.8355526e-02  0.0000000e+00
   5.4163173e-02  6.1141241e-02]
 [ 5.7394785e-01  3.6390713e-01 -2.0710247e+00  1.2522514e-01
  -2.7049866e-01  0.0000000e+00 -5.7560850e-02  0.0000000e+00
  -6.1030831e-02  1.6602497e-01]
 [-7.3682040e-02 -6.8411720e-01  9.6801353e-01  1.1339027e-01
  -2.0977071e-02  0.0000000e+00 -7.6064996e-02  0.0000000e+00
   4.3697175e-02  6.2285230e-04]] 
Episode: 459: [[-2.36402780e-01 -4.91180807e-01 -1.07942748e+00  2.32396781e-01
  -1.71687856e-01  0.00000000e+00 -2.25499794e-02  0.00000000e+00
  -3.67031805e-02  5.19270152e-02]
 [ 2.20332831e-01  1.12485476e-01 -2.01998949e+00  1.40403822e-01
  -9.16321650e-02  0.00000000e+00 -7.33113289e-02  0.00000000e+00
   5.01617864e-02  4.48946357e-02]
 [ 3.83954197e-01  4.43927616e-01 -1.96594667e+00  1.25755429e-01
  -1.93437785e-01  0.00000000e+00 -1.85372271e-02  0.00000000e+00
   5.41631728e-02  6.10530227e-02]
 [ 5.74253142e-01  3.64317596e-01 -2.07159615e+00  1.25443727e-01
  -2.70821393e-01  0.00000000e+00 -5.77662177e-02  0.00000000e+00
  -6.10308312e-02  1.66095391e-01]
 [-7.38611370e-02 -6.84915841e-01  9.68675494e-01  1.13196075e-01
  -2.16268562e-02  0.00000000e+00 -7.57477134e-02  0.00000000e+00
   4.36971746e-02  7.47042010e-04]] 
Episode: 460: [[-2.3630194e-01 -4.9159837e-01 -1.0787653e+00  2.3227108e-01
  -1.7211039e-01  0.0000000e+00 -2.2329796e-02  0.0000000e+00
  -3.6703181e-02  5.2074268e-02]
 [ 2.2059226e-01  1.1287103e-01 -2.0205822e+00  1.4056592e-01
  -9.1886327e-02  0.0000000e+00 -7.3336631e-02  0.0000000e+00
   5.0161786e-02  4.5018263e-02]
 [ 3.8393560e-01  4.4440249e-01 -1.9665917e+00  1.2600993e-01
  -1.9363752e-01  0.0000000e+00 -1.8596284e-02  0.0000000e+00
   5.4163173e-02  6.1124250e-02]
 [ 5.7445121e-01  3.6452004e-01 -2.0722084e+00  1.2570961e-01
  -2.7123562e-01  0.0000000e+00 -5.7846684e-02  0.0000000e+00
  -6.1030831e-02  1.6631523e-01]
 [-7.3993109e-02 -6.8552035e-01  9.6940053e-01  1.1302641e-01
  -2.2075150e-02  0.0000000e+00 -7.5572230e-02  0.0000000e+00
   4.3697175e-02  7.1002904e-04]] 
Episode: 461: [[-2.3623550e-01 -4.9189833e-01 -1.0778912e+00  2.3218733e-01
  -1.7256381e-01  0.0000000e+00 -2.2240885e-02  0.0000000e+00
  -3.6703181e-02  5.2053303e-02]
 [ 2.2082537e-01  1.1306895e-01 -2.0213618e+00  1.4075610e-01
  -9.2166938e-02  0.0000000e+00 -7.3249809e-02  0.0000000e+00
   5.0161786e-02  4.5259960e-02]
 [ 3.8384688e-01  4.4468039e-01 -1.9674333e+00  1.2626995e-01
  -1.9387853e-01  0.0000000e+00 -1.8544989e-02  0.0000000e+00
   5.4163173e-02  6.1338477e-02]
 [ 5.7468688e-01  3.6449930e-01 -2.0730178e+00  1.2600018e-01
  -2.7168486e-01  0.0000000e+00 -5.7814762e-02  0.0000000e+00
  -6.1030831e-02  1.6666897e-01]
 [-7.4098714e-02 -6.8598443e-01  9.7031844e-01  1.1288544e-01
  -2.2509286e-02  0.0000000e+00 -7.5524300e-02  0.0000000e+00
   4.3697175e-02  5.2841485e-04]] 
Episode: 462: [[-2.36224428e-01 -4.92267370e-01 -1.07695687e+00  2.31945574e-01
  -1.72997355e-01  0.00000000e+00 -2.21823938e-02  0.00000000e+00
  -3.67031805e-02  5.20840324e-02]
 [ 2.21032456e-01  1.13259248e-01 -2.02222157e+00  1.41048804e-01
  -9.25083831e-02  0.00000000e+00 -7.30621442e-02  0.00000000e+00
   5.01617864e-02  4.56223451e-02]
 [ 3.83729905e-01  4.44988012e-01 -1.96835434e+00  1.26670599e-01
  -1.94199249e-01  0.00000000e+00 -1.83944013e-02  0.00000000e+00
   5.41631728e-02  6.16784357e-02]
 [ 5.74876845e-01  3.64467889e-01 -2.07390928e+00  1.26432374e-01
  -2.72215784e-01  0.00000000e+00 -5.76817207e-02  0.00000000e+00
  -6.10308312e-02  1.67142689e-01]
 [-7.42281675e-02 -6.86470211e-01  9.71305788e-01  1.12623855e-01
  -2.28957310e-02  0.00000000e+00 -7.55911097e-02  0.00000000e+00
   4.36971746e-02  2.70465534e-04]] 
Episode: 463: [[-2.3618194e-01 -4.9261266e-01 -1.0761143e+00  2.3172441e-01
  -1.7338672e-01  0.0000000e+00 -2.2239080e-02  0.0000000e+00
  -3.6703181e-02  5.2041158e-02]
 [ 2.2127435e-01  1.1345305e-01 -2.0230238e+00  1.4132068e-01
  -9.2837512e-02  0.0000000e+00 -7.2826706e-02  0.0000000e+00
   5.0161786e-02  4.5902066e-02]
 [ 3.8369623e-01  4.4528863e-01 -1.9692076e+00  1.2704016e-01
  -1.9451104e-01  0.0000000e+00 -1.8154474e-02  0.0000000e+00
   5.4163173e-02  6.1943833e-02]
 [ 5.7515800e-01  3.6446133e-01 -2.0747354e+00  1.2683423e-01
  -2.7272606e-01  0.0000000e+00 -5.7457689e-02  0.0000000e+00
  -6.1030831e-02  1.6744339e-01]
 [-7.4237652e-02 -6.8693095e-01  9.7219735e-01  1.1237960e-01
  -2.3240559e-02  0.0000000e+00 -7.5761117e-02  0.0000000e+00
   4.3697175e-02 -8.2607512e-05]] 
Episode: 464: [[-2.36154705e-01 -4.92963016e-01 -1.07525420e+00  2.31774494e-01
  -1.73900783e-01  0.00000000e+00 -2.21807994e-02  0.00000000e+00
  -3.67031805e-02  5.21558709e-02]
 [ 2.21496403e-01  1.13712415e-01 -2.02380061e+00  1.41459495e-01
  -9.31768566e-02  0.00000000e+00 -7.26244375e-02  0.00000000e+00
   5.01617864e-02  4.62117717e-02]
 [ 3.83630335e-01  4.45635676e-01 -1.97004426e+00  1.27200112e-01
  -1.94797993e-01  0.00000000e+00 -1.80429686e-02  0.00000000e+00
   5.41631728e-02  6.20323792e-02]
 [ 5.75447202e-01  3.64580095e-01 -2.07553935e+00  1.27034068e-01
  -2.73241282e-01  0.00000000e+00 -5.73603809e-02  0.00000000e+00
  -6.10308312e-02  1.67644888e-01]
 [-7.42681026e-02 -6.87360644e-01  9.73090529e-01  1.12303771e-01
  -2.35883370e-02  0.00000000e+00 -7.58042112e-02  0.00000000e+00
   4.36971746e-02 -3.38525890e-04]] 
Episode: 465: [[-2.36197144e-01 -4.93345559e-01 -1.07440698e+00  2.31751576e-01
  -1.74685016e-01  0.00000000e+00 -2.20191032e-02  0.00000000e+00
  -3.67031805e-02  5.24118803e-02]
 [ 2.21706867e-01  1.13927856e-01 -2.02449727e+00  1.41617686e-01
  -9.34130624e-02  0.00000000e+00 -7.24617243e-02  0.00000000e+00
   5.01617864e-02  4.65128608e-02]
 [ 3.83564830e-01  4.45971072e-01 -1.97081614e+00  1.27396792e-01
  -1.94881812e-01  0.00000000e+00 -1.80470143e-02  0.00000000e+00
   5.41631728e-02  6.19622804e-02]
 [ 5.75678706e-01  3.64712298e-01 -2.07626867e+00  1.27266824e-01
  -2.73601651e-01  0.00000000e+00 -5.73770925e-02  0.00000000e+00
  -6.10308312e-02  1.67780459e-01]
 [-7.43825138e-02 -6.87718093e-01  9.73948061e-01  1.12206601e-01
  -2.40351204e-02  0.00000000e+00 -7.57331476e-02  0.00000000e+00
   4.36971746e-02 -4.86864563e-04]] 
Episode: 466: [[-2.3601729e-01 -4.9356076e-01 -1.0736499e+00  2.3175313e-01
  -1.7530136e-01  0.0000000e+00 -2.1982843e-02  0.0000000e+00
  -3.6703181e-02  5.2489195e-02]
 [ 2.2204246e-01  1.1410561e-01 -2.0251524e+00  1.4167351e-01
  -9.3639500e-02  0.0000000e+00 -7.2425216e-02  0.0000000e+00
   5.0161786e-02  4.6681616e-02]
 [ 3.8362631e-01  4.4619083e-01 -1.9715369e+00  1.2748221e-01
  -1.9499665e-01  0.0000000e+00 -1.8155033e-02  0.0000000e+00
   5.4163173e-02  6.2048703e-02]
 [ 5.7606661e-01  3.6478606e-01 -2.0769539e+00  1.2734546e-01
  -2.7394918e-01  0.0000000e+00 -5.7496402e-02  0.0000000e+00
  -6.1030831e-02  1.6774641e-01]
 [-7.4346714e-02 -6.8799680e-01  9.7471166e-01  1.1213348e-01
  -2.4399759e-02  0.0000000e+00 -7.5779013e-02  0.0000000e+00
   4.3697175e-02 -7.6838740e-04]] 
Episode: 467: [[-2.35851198e-01 -4.93719131e-01 -1.07294858e+00  2.31770039e-01
  -1.75798178e-01  0.00000000e+00 -2.20594164e-02  0.00000000e+00
  -3.67031805e-02  5.24062477e-02]
 [ 2.22285390e-01  1.14277825e-01 -2.02574873e+00  1.41749069e-01
  -9.38751698e-02  0.00000000e+00 -7.22825006e-02  0.00000000e+00
   5.01617864e-02  4.70375046e-02]
 [ 3.83545190e-01  4.46376234e-01 -1.97218621e+00  1.27580166e-01
  -1.95162132e-01  0.00000000e+00 -1.81478728e-02  0.00000000e+00
   5.41631728e-02  6.22755177e-02]
 [ 5.76311111e-01  3.64874333e-01 -2.07756901e+00  1.27451167e-01
  -2.74295419e-01  0.00000000e+00 -5.74995093e-02  0.00000000e+00
  -6.10308312e-02  1.67868659e-01]
 [-7.43828937e-02 -6.88200712e-01  9.75434244e-01  1.12082534e-01
  -2.46412065e-02  0.00000000e+00 -7.59300590e-02  0.00000000e+00
   4.36971746e-02 -1.16934790e-03]] 
Episode: 468: [[-2.35813811e-01 -4.93951648e-01 -1.07222223e+00  2.31671736e-01
  -1.76230475e-01  0.00000000e+00 -2.22109258e-02  0.00000000e+00
  -3.67031805e-02  5.24838641e-02]
 [ 2.22521693e-01  1.14495181e-01 -2.02643847e+00  1.41949713e-01
  -9.41754058e-02  0.00000000e+00 -7.21254721e-02  0.00000000e+00
   5.01617864e-02  4.73569781e-02]
 [ 3.83504987e-01  4.46635723e-01 -1.97291529e+00  1.27826244e-01
  -1.95420444e-01  0.00000000e+00 -1.80596169e-02  0.00000000e+00
   5.41631728e-02  6.23866804e-02]
 [ 5.76577187e-01  3.65014672e-01 -2.07828736e+00  1.27716079e-01
  -2.74725109e-01  0.00000000e+00 -5.75330518e-02  0.00000000e+00
  -6.10308312e-02  1.67870432e-01]
 [-7.45175779e-02 -6.88479781e-01  9.76218879e-01  1.11890584e-01
  -2.48369016e-02  0.00000000e+00 -7.61757120e-02  0.00000000e+00
   4.36971746e-02 -1.46958092e-03]] 
Episode: 469: [[-2.3582307e-01 -4.9422875e-01 -1.0714403e+00  2.3171555e-01
  -1.7663267e-01  0.0000000e+00 -2.2421658e-02  0.0000000e+00
  -3.6703181e-02  5.2606862e-02]
 [ 2.2266571e-01  1.1468652e-01 -2.0271549e+00  1.4217043e-01
  -9.4506830e-02  0.0000000e+00 -7.2094157e-02  0.0000000e+00
   5.0161786e-02  4.7699817e-02]
 [ 3.8335600e-01  4.4688609e-01 -1.9736756e+00  1.2804377e-01
  -1.9573320e-01  0.0000000e+00 -1.8084595e-02  0.0000000e+00
   5.4163173e-02  6.2497217e-02]
 [ 5.7693762e-01  3.6500636e-01 -2.0790496e+00  1.2798828e-01
  -2.7522537e-01  0.0000000e+00 -5.7667609e-02  0.0000000e+00
  -6.1030831e-02  1.6775076e-01]
 [-7.4449398e-02 -6.8880737e-01  9.7705269e-01  1.1177554e-01
  -2.5135042e-02  0.0000000e+00 -7.6287024e-02  0.0000000e+00
   4.3697175e-02 -1.8872452e-03]] 
Episode: 470: [[-0.23589359 -0.4945857  -1.0707923   0.23161149 -0.1770558   0.
  -0.02250198  0.         -0.03670318  0.05286938]
 [ 0.22282508  0.11489467 -2.0277762   0.14240722 -0.09481832  0.
  -0.07217592  0.          0.05016179  0.0478901 ]
 [ 0.3832798   0.44720697 -1.9743187   0.1283165  -0.19600695  0.
  -0.01821146  0.          0.05416317  0.0624474 ]
 [ 0.57725763  0.36503702 -2.0797024   0.12828243 -0.27568883  0.
  -0.05789305  0.         -0.06103083  0.16750242]
 [-0.0744746  -0.689202    0.9777687   0.11157122 -0.02544275  0.
  -0.07627749  0.          0.04369717 -0.0021149 ]] 
Episode: 471: [[-0.2361544  -0.49511856 -1.070096    0.23143715 -0.17755254  0.
  -0.022465    0.         -0.03670318  0.053257  ]
 [ 0.2229202   0.11518769 -2.028414    0.14272024 -0.09511917  0.
  -0.07225915  0.          0.05016179  0.04809079]
 [ 0.3831558   0.44766805 -1.9749856   0.1286824  -0.19625917  0.
  -0.01842999  0.          0.05416317  0.06225373]
 [ 0.57753164  0.36509156 -2.0803804   0.12868318 -0.27616048  0.
  -0.0581228   0.         -0.06103083  0.16726191]
 [-0.07466706 -0.6897912   0.9785405   0.11131771 -0.02588961  0.
  -0.07615925  0.          0.04369717 -0.00217204]] 
Episode: 472: [[-2.3617558e-01 -4.9544719e-01 -1.0695012e+00  2.3160549e-01
  -1.7797808e-01  0.0000000e+00 -2.2322502e-02  0.0000000e+00
  -3.6703181e-02  5.3453751e-02]
 [ 2.2313698e-01  1.1540836e-01 -2.0289826e+00  1.4263360e-01
  -9.5408566e-02  0.0000000e+00 -7.2444089e-02  0.0000000e+00
   5.0161786e-02  4.8171859e-02]
 [ 3.8313615e-01  4.4798982e-01 -1.9755695e+00  1.2876374e-01
  -1.9651364e-01  0.0000000e+00 -1.8731013e-02  0.0000000e+00
   5.4163173e-02  6.2211718e-02]
 [ 5.7792258e-01  3.6496449e-01 -2.0809696e+00  1.2879878e-01
  -2.7662298e-01  0.0000000e+00 -5.8434013e-02  0.0000000e+00
  -6.1030831e-02  1.6709903e-01]
 [-7.4837469e-02 -6.9047952e-01  9.7930264e-01  1.1144343e-01
  -2.6434623e-02  0.0000000e+00 -7.5943239e-02  0.0000000e+00
   4.3697175e-02 -2.0762053e-03]] 
Episode: 473: [[-2.3631725e-01 -4.9583176e-01 -1.0689142e+00  2.3169120e-01
  -1.7843120e-01  0.0000000e+00 -2.2153458e-02  0.0000000e+00
  -3.6703181e-02  5.3683314e-02]
 [ 2.2329776e-01  1.1565382e-01 -2.0295808e+00  1.4265953e-01
  -9.5715255e-02  0.0000000e+00 -7.2500467e-02  0.0000000e+00
   5.0161786e-02  4.8342492e-02]
 [ 3.8308445e-01  4.4834945e-01 -1.9761741e+00  1.2895556e-01
  -1.9678055e-01  0.0000000e+00 -1.8897550e-02  0.0000000e+00
   5.4163173e-02  6.2266741e-02]
 [ 5.7826358e-01  3.6486924e-01 -2.0816016e+00  1.2904280e-01
  -2.7712309e-01  0.0000000e+00 -5.8609612e-02  0.0000000e+00
  -6.1030831e-02  1.6705836e-01]
 [-7.5093001e-02 -6.9119000e-01  9.8006320e-01  1.1147864e-01
  -2.7042042e-02  0.0000000e+00 -7.5653151e-02  0.0000000e+00
   4.3697175e-02 -2.0389794e-03]] 
Episode: 474: [[-2.3631912e-01 -4.9609518e-01 -1.0681938e+00  2.3205662e-01
  -1.7854826e-01  0.0000000e+00 -2.2110678e-02  0.0000000e+00
  -3.6703181e-02  5.3738192e-02]
 [ 2.2340675e-01  1.1597700e-01 -2.0302753e+00  1.4258116e-01
  -9.6020378e-02  0.0000000e+00 -7.2661184e-02  0.0000000e+00
   5.0161786e-02  4.8435986e-02]
 [ 3.8289687e-01  4.4869256e-01 -1.9768955e+00  1.2894231e-01
  -1.9715931e-01  0.0000000e+00 -1.9151753e-02  0.0000000e+00
   5.4163173e-02  6.2409058e-02]
 [ 5.7864195e-01  3.6482581e-01 -2.0823383e+00  1.2908265e-01
  -2.7765495e-01  0.0000000e+00 -5.8872081e-02  0.0000000e+00
  -6.1030831e-02  1.6694210e-01]
 [-7.5134039e-02 -6.9192654e-01  9.8088616e-01  1.1164644e-01
  -2.7572207e-02  0.0000000e+00 -7.5282529e-02  0.0000000e+00
   4.3697175e-02 -2.0698407e-03]] 
Episode: 475: [[-2.36448497e-01 -4.96406436e-01 -1.06743729e+00  2.32288167e-01
  -1.78622797e-01  0.00000000e+00 -2.19628941e-02  0.00000000e+00
  -3.67031805e-02  5.39386123e-02]
 [ 2.23504871e-01  1.16295524e-01 -2.03103256e+00  1.42616525e-01
  -9.63867754e-02  0.00000000e+00 -7.26958290e-02  0.00000000e+00
   5.01617864e-02  4.85443883e-02]
 [ 3.82750332e-01  4.49059695e-01 -1.97768021e+00  1.29060104e-01
  -1.97617248e-01  0.00000000e+00 -1.92761831e-02  0.00000000e+00
   5.41631728e-02  6.24088012e-02]
 [ 5.79019129e-01  3.64782095e-01 -2.08314610e+00  1.29260957e-01
  -2.78256327e-01  0.00000000e+00 -5.90038374e-02  0.00000000e+00
  -6.10308312e-02  1.66855872e-01]
 [-7.52813667e-02 -6.92680180e-01  9.81771588e-01  1.11691527e-01
  -2.80275196e-02  0.00000000e+00 -7.48908669e-02  0.00000000e+00
   4.36971746e-02 -1.95034815e-03]] 
Episode: 476: [[-2.36610085e-01 -4.96693999e-01 -1.06674457e+00  2.32484162e-01
  -1.78684339e-01  0.00000000e+00 -2.18758807e-02  0.00000000e+00
  -3.67031805e-02  5.41604087e-02]
 [ 2.23575592e-01  1.16618291e-01 -2.03175235e+00  1.42674372e-01
  -9.67466757e-02  0.00000000e+00 -7.27682412e-02  0.00000000e+00
   5.01617864e-02  4.87081744e-02]
 [ 3.82591605e-01  4.49416310e-01 -1.97842145e+00  1.29194975e-01
  -1.98067352e-01  0.00000000e+00 -1.94366053e-02  0.00000000e+00
   5.41631728e-02  6.24740534e-02]
 [ 5.79275370e-01  3.64778012e-01 -2.08392191e+00  1.29454002e-01
  -2.78839648e-01  0.00000000e+00 -5.92268296e-02  0.00000000e+00
  -6.10308312e-02  1.66893974e-01]
 [-7.54815340e-02 -6.93382800e-01  9.82589066e-01  1.11706994e-01
  -2.84314491e-02  0.00000000e+00 -7.46200159e-02  0.00000000e+00
   4.36971746e-02 -1.80926628e-03]] 
Episode: 477: [[-2.3683198e-01 -4.9702200e-01 -1.0659987e+00  2.3256366e-01
  -1.7867680e-01  0.0000000e+00 -2.1906966e-02  0.0000000e+00
  -3.6703181e-02  5.4422945e-02]
 [ 2.2362399e-01  1.1694418e-01 -2.0324922e+00  1.4282788e-01
  -9.7139984e-02  0.0000000e+00 -7.2723344e-02  0.0000000e+00
   5.0161786e-02  4.8838053e-02]
 [ 3.8243294e-01  4.4979778e-01 -1.9791867e+00  1.2943931e-01
  -1.9857670e-01  0.0000000e+00 -1.9476552e-02  0.0000000e+00
   5.4163173e-02  6.2472392e-02]
 [ 5.7955706e-01  3.6483720e-01 -2.0847120e+00  1.2976269e-01
  -2.7946502e-01  0.0000000e+00 -5.9323087e-02  0.0000000e+00
  -6.1030831e-02  1.6685045e-01]
 [-7.5667292e-02 -6.9405645e-01  9.8344201e-01  1.1162899e-01
  -2.8764201e-02  0.0000000e+00 -7.4486040e-02  0.0000000e+00
   4.3697175e-02 -1.7364325e-03]] 
Episode: 478: [[-2.3710631e-01 -4.9736995e-01 -1.0652843e+00  2.3260756e-01
  -1.7863870e-01  0.0000000e+00 -2.2044286e-02  0.0000000e+00
  -3.6703181e-02  5.4601364e-02]
 [ 2.2370681e-01  1.1728358e-01 -2.0331883e+00  1.4303170e-01
  -9.7489290e-02  0.0000000e+00 -7.2792962e-02  0.0000000e+00
   5.0161786e-02  4.8749194e-02]
 [ 3.8237849e-01  4.5020032e-01 -1.9799091e+00  1.2972388e-01
  -1.9903626e-01  0.0000000e+00 -1.9616904e-02  0.0000000e+00
   5.4163173e-02  6.2322222e-02]
 [ 5.7996869e-01  3.6494261e-01 -2.0854545e+00  1.3011852e-01
  -2.8002375e-01  0.0000000e+00 -5.9514109e-02  0.0000000e+00
  -6.1030831e-02  1.6665581e-01]
 [-7.5822398e-02 -6.9471037e-01  9.8424721e-01  1.1152068e-01
  -2.9058121e-02  0.0000000e+00 -7.4475192e-02  0.0000000e+00
   4.3697175e-02 -1.7135915e-03]] 
Episode: 479: [[-2.37467974e-01 -4.97726798e-01 -1.06460965e+00  2.32638732e-01
  -1.78609833e-01  0.00000000e+00 -2.22771633e-02  0.00000000e+00
  -3.67031805e-02  5.47700413e-02]
 [ 2.23755404e-01  1.17724448e-01 -2.03386569e+00  1.43278107e-01
  -9.78369415e-02  0.00000000e+00 -7.28500411e-02  0.00000000e+00
   5.01617864e-02  4.86768223e-02]
 [ 3.82316977e-01  4.50676322e-01 -1.98060715e+00  1.30042180e-01
  -1.99491262e-01  0.00000000e+00 -1.96388122e-02  0.00000000e+00
   5.41631728e-02  6.21799231e-02]
 [ 5.80377519e-01  3.65206838e-01 -2.08619523e+00  1.30523324e-01
  -2.80583382e-01  0.00000000e+00 -5.97903952e-02  0.00000000e+00
  -6.10308312e-02  1.66447267e-01]
 [-7.61042088e-02 -6.95388913e-01  9.85001147e-01  1.11403026e-01
  -2.93744598e-02  0.00000000e+00 -7.45750964e-02  0.00000000e+00
   4.36971746e-02 -1.76156720e-03]] 
Episode: 480: [[-2.3784032e-01 -4.9810496e-01 -1.0637971e+00  2.3255152e-01
  -1.7855781e-01  0.0000000e+00 -2.2595992e-02  0.0000000e+00
  -3.6703181e-02  5.4770112e-02]
 [ 2.2376348e-01  1.1811610e-01 -2.0346289e+00  1.4360353e-01
  -9.8233752e-02  0.0000000e+00 -7.2791263e-02  0.0000000e+00
   5.0161786e-02  4.8756301e-02]
 [ 3.8218883e-01  4.5112064e-01 -1.9814138e+00  1.3046291e-01
  -2.0001568e-01  0.0000000e+00 -1.9554147e-02  0.0000000e+00
   5.4163173e-02  6.2200692e-02]
 [ 5.8066988e-01  3.6539099e-01 -2.0870240e+00  1.3103141e-01
  -2.8120458e-01  0.0000000e+00 -5.9934646e-02  0.0000000e+00
  -6.1030831e-02  1.6641535e-01]
 [-7.6444812e-02 -6.9604617e-01  9.8591501e-01  1.1119275e-01
  -2.9625030e-02  0.0000000e+00 -7.4774623e-02  0.0000000e+00
   4.3697175e-02 -1.9522465e-03]] 
Episode: 481: [[-0.23816212 -0.49842978 -1.0630578   0.23252471 -0.17849348  0.
  -0.02299213  0.         -0.03670318  0.05461895]
 [ 0.22376056  0.11851133 -2.0353756   0.14387992 -0.0985736   0.
  -0.07275499  0.          0.05016179  0.04878759]
 [ 0.3820749   0.45154065 -1.9821903   0.13080741 -0.20047286  0.
  -0.01938814  0.          0.05416317  0.06225076]
 [ 0.5811014   0.36561838 -2.0878432   0.13145791 -0.28173876  0.
  -0.06016882  0.         -0.06103083  0.16623154]
 [-0.0766745  -0.6966214   0.9867337   0.11106517 -0.02982945  0.
  -0.07506376  0.          0.04369717 -0.00227093]] 
Episode: 482: [[-0.23859827 -0.49901605 -1.0622922   0.23249684 -0.17872277  0.
  -0.02323933  0.         -0.03670318  0.05463411]
 [ 0.22378692  0.11904737 -2.036069    0.14410186 -0.09876736  0.
  -0.0728326   0.          0.05016179  0.04861104]
 [ 0.38203153  0.4522084  -1.9829291   0.13109349 -0.20067482  0.
  -0.01934314  0.          0.05416317  0.06214717]
 [ 0.581517    0.36612034 -2.0885868   0.13181242 -0.28205976  0.
  -0.06048391  0.         -0.06103083  0.16591159]
 [-0.07710555 -0.69737613  0.9876186   0.11098371 -0.0301954   0.
  -0.07521433  0.          0.04369717 -0.0024102 ]] 
Episode: 483: [[-0.23884423 -0.49951196 -1.06139     0.23260243 -0.17825279  0.
  -0.02335254  0.         -0.03670318  0.05479844]
 [ 0.22384489  0.11965649 -2.03686     0.14418337 -0.09919772  0.
  -0.07279222  0.          0.05016179  0.04865655]
 [ 0.38183632  0.45284042 -1.9837953   0.13120237 -0.20135978  0.
  -0.01932976  0.          0.05416317  0.06220243]
 [ 0.5820347   0.36669114 -2.0894954   0.13193777 -0.28267363  0.
  -0.06066311  0.         -0.06103083  0.16577871]
 [-0.07763392 -0.6980302   0.9886156   0.11102793 -0.03011557  0.
  -0.07524026  0.          0.04369717 -0.00268224]] 
Episode: 484: [[-0.23904547 -0.49994457 -1.0608422   0.23296279 -0.17785491  0.
  -0.02356358  0.         -0.03670318  0.05479563]
 [ 0.22397266  0.12011273 -2.0374827   0.1441299  -0.09955391  0.
  -0.07286606  0.          0.05016179  0.04860769]
 [ 0.38174534  0.45334426 -1.984431    0.13110287 -0.20192705  0.
  -0.01942223  0.          0.05416317  0.06224351]
 [ 0.58262753  0.36704192 -2.0902297   0.13184962 -0.2831729   0.
  -0.0609287   0.         -0.06103083  0.16552465]
 [-0.07812819 -0.69861215  0.9892691   0.11121858 -0.0300673   0.
  -0.07515407  0.          0.04369717 -0.00297199]] 
Episode: 485: [[-0.23929764 -0.50039774 -1.0602971   0.23322023 -0.1774922   0.
  -0.02364432  0.         -0.03670318  0.05494332]
 [ 0.2241421   0.12054143 -2.03816     0.14416128 -0.09998786  0.
  -0.07297094  0.          0.05016179  0.04851712]
 [ 0.38174033  0.4538393  -1.9851153   0.13110882 -0.20256105  0.
  -0.01959593  0.          0.05416317  0.06213213]
 [ 0.58318514  0.36727527 -2.0910268   0.1318766  -0.28377628  0.
  -0.06121385  0.         -0.06103083  0.16527598]
 [-0.0786183  -0.6992598   0.98993     0.11129588 -0.03002539  0.
  -0.07499538  0.          0.04369717 -0.00308556]] 
Episode: 486: [[-0.23946403 -0.5008775  -1.0599006   0.23371811 -0.17742883  0.
  -0.02360784  0.         -0.03670318  0.055226  ]
 [ 0.22428222  0.12088303 -2.0388136   0.14404944 -0.10040296  0.
  -0.07317558  0.          0.05016179  0.04855944]
 [ 0.38165262  0.4542874  -1.9857404   0.13090803 -0.20308857  0.
  -0.01985675  0.          0.05416317  0.06200485]
 [ 0.5836625   0.36746383 -2.091791    0.13170367 -0.28433067  0.
  -0.06157488  0.         -0.06103083  0.16512163]
 [-0.07909672 -0.6998083   0.99046206  0.1115528  -0.02998754  0.
  -0.07474305  0.          0.04369717 -0.00324473]] 
Episode: 487: [[-0.23947334 -0.50115716 -1.0596642   0.23440014 -0.17733628  0.
  -0.02346591  0.         -0.03670318  0.05533027]
 [ 0.22449514  0.12122186 -2.0393078   0.14373995 -0.10069186  0.
  -0.07346994  0.          0.05016179  0.04850094]
 [ 0.38162687  0.4546297  -1.9861969   0.13048688 -0.20348215  0.
  -0.02019597  0.          0.05416317  0.06183869]
 [ 0.58416265  0.36762473 -2.0923758   0.13131137 -0.28472027  0.
  -0.06200418  0.         -0.06103083  0.16490714]
 [-0.0795016  -0.7002722   0.9908482   0.11197648 -0.02998064  0.
  -0.0744065   0.          0.04369717 -0.00324104]] 
Episode: 488: [[-0.23946348 -0.5013619  -1.059533    0.23521243 -0.17714874  0.
  -0.02344728  0.         -0.03670318  0.05527447]
 [ 0.22470988  0.12148959 -2.0396566   0.14341183 -0.10094709  0.
  -0.07384501  0.          0.05016179  0.04824546]
 [ 0.38165957  0.45489672 -1.986504    0.1299988  -0.20385332  0.
  -0.02060573  0.          0.05416317  0.06163101]
 [ 0.5847921   0.36765403 -2.0928092   0.13086693 -0.2850675   0.
  -0.0624949   0.         -0.06103083  0.16455995]
 [-0.07969259 -0.7007198   0.9910653   0.11247407 -0.02998603  0.
  -0.07421317  0.          0.04369717 -0.00333063]] 
Episode: 489: [[-0.2395197  -0.5016455  -1.0593315   0.23586343 -0.1769955   0.
  -0.02332147  0.         -0.03670318  0.05537358]
 [ 0.22488427  0.1218197  -2.0400414   0.1431906  -0.10124289  0.
  -0.07407229  0.          0.05016179  0.04811369]
 [ 0.38165185  0.45523676 -1.9868572   0.129654   -0.20426303  0.
  -0.02086999  0.          0.05416317  0.06145593]
 [ 0.5853213   0.36776683 -2.0932753   0.13056716 -0.28547877  0.
  -0.06283212  0.         -0.06103083  0.16432671]
 [-0.07994284 -0.7012064   0.9913679   0.11284487 -0.03001257  0.
  -0.07396796  0.          0.04369717 -0.00344916]] 
Episode: 490: [[-0.23960038 -0.5019075  -1.0591323   0.23644161 -0.17686468  0.
  -0.02309925  0.         -0.03670318  0.0555393 ]
 [ 0.22507854  0.12215234 -2.04042     0.14300855 -0.10150015  0.
  -0.07432691  0.          0.05016179  0.04791367]
 [ 0.3816995   0.45557147 -1.9872025   0.12936081 -0.20462018  0.
  -0.02121226  0.          0.05416317  0.06117297]
 [ 0.585875    0.36793062 -2.0937276   0.13031906 -0.2858385   0.
  -0.06323995  0.         -0.06103083  0.16399322]
 [-0.08018089 -0.7016491   0.99167186  0.11316496 -0.03004839  0.
  -0.07365531  0.          0.04369717 -0.00348188]] 
Episode: 491: [[-0.23968506 -0.50218475 -1.058608    0.23679245 -0.17675528  0.
  -0.0230083   0.         -0.03670318  0.05553912]
 [ 0.22525497  0.12229046 -2.0409606   0.14295346 -0.1017814   0.
  -0.07444575  0.          0.05016179  0.04793672]
 [ 0.38165182  0.4557533  -1.9877325   0.12924354 -0.2050258   0.
  -0.02141581  0.          0.05416317  0.0610673 ]
 [ 0.586435    0.36788052 -2.0943203   0.13025115 -0.28623265  0.
  -0.06350259  0.         -0.06103083  0.16384782]
 [-0.08053028 -0.7019049   0.99224156  0.1133972  -0.02999025  0.
  -0.07348354  0.          0.04369717 -0.00365808]] 
Episode: 492: [[-0.2397602  -0.5024864  -1.0579748   0.23712726 -0.17672087  0.
  -0.02281749  0.         -0.03670318  0.05539009]
 [ 0.2253697   0.12248699 -2.041639    0.14294164 -0.10208984  0.
  -0.07444245  0.          0.05016179  0.04814508]
 [ 0.38149855  0.45597604 -1.9884024   0.1291688  -0.20544896  0.
  -0.02149454  0.          0.05416317  0.06112071]
 [ 0.58697593  0.3678938  -2.0950584   0.13024178 -0.28668192  0.
  -0.06363459  0.         -0.06103083  0.16387111]
 [-0.08080219 -0.70217067  0.9929505   0.11362243 -0.02999423  0.
  -0.07336155  0.          0.04369717 -0.003963  ]] 
Episode: 493: [[-0.23983517 -0.502761   -1.0574042   0.23743048 -0.17668708  0.
  -0.0227424   0.         -0.03670318  0.0552322 ]
 [ 0.2254921   0.12268805 -2.0422356   0.14293794 -0.10237865  0.
  -0.0745042   0.          0.05016179  0.0483364 ]
 [ 0.38136837  0.45619252 -1.9889919   0.12910703 -0.20584287  0.
  -0.02165361  0.          0.05416317  0.06118482]
 [ 0.58745956  0.36792925 -2.095703    0.13024229 -0.2870981   0.
  -0.06385771  0.         -0.06103083  0.16388862]
 [-0.08102936 -0.70243     0.99358636  0.11382609 -0.02998858  0.
  -0.07336144  0.          0.04369717 -0.00427776]] 
Episode: 494: [[-0.23991369 -0.5030048  -1.056894    0.23770249 -0.1766519   0.
  -0.02278378  0.         -0.03670318  0.05502998]
 [ 0.22566557  0.12284274 -2.0427675   0.14294857 -0.10264386  0.
  -0.07447511  0.          0.05016179  0.04854949]
 [ 0.381322    0.45637512 -1.9895178   0.12906471 -0.20620067  0.
  -0.02169229  0.          0.05416317  0.06130952]
 [ 0.5879318   0.36793515 -2.0962803   0.13026415 -0.2874697   0.
  -0.06406043  0.         -0.06103083  0.16390556]
 [-0.08129084 -0.70265496  0.9941423   0.11400451 -0.02995775  0.
  -0.07347096  0.          0.04369717 -0.00470714]] 
Episode: 495: [[-0.24001268 -0.5032371  -1.0562143   0.23763327 -0.17642678  0.
  -0.02292994  0.         -0.03670318  0.05469933]
 [ 0.22569533  0.123059   -2.043455    0.14316042 -0.10297041  0.
  -0.07433861  0.          0.05016179  0.04894187]
 [ 0.3810645   0.4565697  -1.9902029   0.12926775 -0.20670438  0.
  -0.02162265  0.          0.05416317  0.06156999]
 [ 0.58833665  0.3680369  -2.0970137   0.13052064 -0.28794682  0.
  -0.06413839  0.         -0.06103083  0.16407484]
 [-0.08175024 -0.70279074  0.9948532   0.11392529 -0.02983683  0.
  -0.07367909  0.          0.04369717 -0.00523931]] 
Episode: 496: [[-0.24003771 -0.50346506 -1.055609    0.23753771 -0.1762344   0.
  -0.02295255  0.         -0.03670318  0.05455091]
 [ 0.22584614  0.12327047 -2.044089    0.14332826 -0.103302    0.
  -0.07432609  0.          0.05016179  0.04909307]
 [ 0.38099027  0.45677477 -1.9908334   0.12943652 -0.20718697  0.
  -0.02166442  0.          0.05416317  0.06165586]
 [ 0.5888813   0.36815086 -2.0976794   0.13071232 -0.28842908  0.
  -0.06431299  0.         -0.06103083  0.16407314]
 [-0.08199754 -0.70295566  0.99547863  0.11381701 -0.0297519   0.
  -0.07375679  0.          0.04369717 -0.00557148]] 
Episode: 497: [[-0.24013595 -0.5036774  -1.05515     0.23723452 -0.17597726  0.
  -0.02308178  0.         -0.03670318  0.05426907]
 [ 0.22589469  0.12337001 -2.044782    0.14361441 -0.10371485  0.
  -0.07420456  0.          0.05016179  0.04942843]
 [ 0.38081023  0.45688614 -1.9914668   0.12978368 -0.20778473  0.
  -0.02159758  0.          0.05416317  0.061881  ]
 [ 0.5892477   0.36806417 -2.098388    0.13108812 -0.28900418  0.
  -0.06436568  0.         -0.06103083  0.16422512]
 [-0.08233809 -0.7030507   0.9961025   0.11360323 -0.02955757  0.
  -0.07393625  0.          0.04369717 -0.00601588]] 
Episode: 498: [[-0.24011844 -0.5038084  -1.0546645   0.23727138 -0.17571202  0.
  -0.0233069   0.         -0.03670318  0.05386756]
 [ 0.22591828  0.12335933 -2.0455174   0.14364763 -0.10414388  0.
  -0.073985    0.          0.05016179  0.04992816]
 [ 0.38051742  0.45686883 -1.9921182   0.12985535 -0.2084284   0.
  -0.02143301  0.          0.05416317  0.06223107]
 [ 0.58959657  0.36781043 -2.0991123   0.13118953 -0.28963068  0.
  -0.06430868  0.         -0.06103083  0.16451491]
 [-0.0826627  -0.70305467  0.9967342   0.11379498 -0.02936022  0.
  -0.07420722  0.          0.04369717 -0.00656092]] 
Episode: 499: [[-0.24003431 -0.5038098  -1.0543835   0.23760776 -0.17532052  0.
  -0.02340063  0.         -0.03670318  0.05365477]
 [ 0.22602326  0.12328086 -2.0461092   0.14342473 -0.10455023  0.
  -0.07389763  0.          0.05016179  0.05020005]
 [ 0.38035148  0.45676345 -1.9926087   0.12968202 -0.20906329  0.
  -0.02138932  0.          0.05416317  0.06239812]
 [ 0.59005475  0.3673996  -2.0996978   0.13104676 -0.2902302   0.
  -0.0643618   0.         -0.06103083  0.1646223 ]
 [-0.08289756 -0.70310056  0.9971811   0.1142446  -0.02923368  0.
  -0.07434155  0.          0.04369717 -0.00690531]] 
Episode: 500: [[-0.23992002 -0.503789   -1.0541341   0.23794435 -0.17492731  0.
  -0.02359377  0.         -0.03670318  0.05331575]
 [ 0.22612426  0.12313698 -2.0467021   0.14321798 -0.10493779  0.
  -0.07381088  0.          0.05016179  0.05049049]
 [ 0.38022083  0.45660564 -1.9930964   0.12950782 -0.2096705   0.
  -0.02124562  0.          0.05416317  0.06269556]
 [ 0.5906162   0.3668939  -2.1002896   0.13090344 -0.29080492  0.
  -0.06451399  0.         -0.06103083  0.16467674]
 [-0.08299755 -0.7031211   0.9975726   0.11468061 -0.02909808  0.
  -0.07457187  0.          0.04369717 -0.00736006]] 
Episode: 501: [[-0.23974086 -0.50376296 -1.0538368   0.23854108 -0.17446752  0.
  -0.02387633  0.         -0.03670318  0.05293733]
 [ 0.2261954   0.1230271  -2.0473182   0.14292642 -0.10531412  0.
  -0.07362253  0.          0.05016179  0.05085595]
 [ 0.38001356  0.4564708  -1.9936033   0.12917507 -0.21029112  0.
  -0.02101192  0.          0.05416317  0.06310993]
 [ 0.5911071   0.36647207 -2.1009085   0.13063581 -0.29137114  0.
  -0.06454656  0.         -0.06103083  0.16486551]
 [-0.08302968 -0.7031171   0.99797505  0.11523255 -0.02894298  0.
  -0.07488853  0.          0.04369717 -0.00791381]] 
Episode: 502: [[-0.23956655 -0.50373757 -1.0535704   0.23907776 -0.17404412  0.
  -0.02417904  0.         -0.03670318  0.05260058]
 [ 0.22632064  0.12292591 -2.0478458   0.14266907 -0.10561233  0.
  -0.07348388  0.          0.05016179  0.05119677]
 [ 0.37989327  0.45634958 -1.9940366   0.12888099 -0.21080786  0.
  -0.02083062  0.          0.05416317  0.06350135]
 [ 0.59159136  0.36609542 -2.101428    0.13040379 -0.2918176   0.
  -0.06465835  0.         -0.06103083  0.16509525]
 [-0.08300674 -0.7031108   0.9983364   0.11572473 -0.0287735   0.
  -0.07528285  0.          0.04369717 -0.00839019]] 
Episode: 503: [[-0.23942214 -0.5038052  -1.0532863   0.23968765 -0.17334145  0.
  -0.02456027  0.         -0.03670318  0.05215013]
 [ 0.2263399   0.12303074 -2.0483599   0.14246431 -0.10603561  0.
  -0.07346953  0.          0.05016179  0.05130416]
 [ 0.37966037  0.45641163 -1.9944752   0.12859593 -0.21153438  0.
  -0.02077195  0.          0.05416317  0.06370606]
 [ 0.59216714  0.36575764 -2.1019425   0.13019285 -0.29243198  0.
  -0.06486336  0.         -0.06103083  0.16514885]
 [-0.08301152 -0.70342654  0.9987181   0.11624976 -0.02850742  0.
  -0.07574702  0.          0.04369717 -0.00889437]] 
Episode: 504: [[-0.2392712  -0.50387317 -1.0529312   0.24021672 -0.17268664  0.
  -0.02479447  0.         -0.03670318  0.05189294]
 [ 0.22642693  0.12310657 -2.048873    0.14226758 -0.10644519  0.
  -0.07350126  0.          0.05016179  0.05130695]
 [ 0.37952623  0.4564616  -1.9949455   0.12833346 -0.21222338  0.
  -0.02082364  0.          0.05416317  0.06374318]
 [ 0.5927355   0.365429   -2.1024604   0.12998337 -0.2930199   0.
  -0.06511057  0.         -0.06103083  0.16506201]
 [-0.08300523 -0.7037237   0.99915016  0.116704   -0.02825339  0.
  -0.07607212  0.          0.04369717 -0.0092024 ]] 
Episode: 505: [[-0.23891242 -0.5036924  -1.0525354   0.24098642 -0.17175387  0.
  -0.025114    0.         -0.03670318  0.05151442]
 [ 0.22651318  0.12312622 -2.0493774   0.14169718 -0.10681834  0.
  -0.07364029  0.          0.05016179  0.05111196]
 [ 0.37930804  0.4563733  -1.9954365   0.12786202 -0.21294793  0.
  -0.02097461  0.          0.05416317  0.06376034]
 [ 0.5934264   0.36496633 -2.1029663   0.12956281 -0.29354972  0.
  -0.06543752  0.         -0.06103083  0.16483977]
 [-0.08277473 -0.7040254   0.999618    0.11748698 -0.02790104  0.
  -0.07625528  0.          0.04369717 -0.00938463]] 
Episode: 506: [[-0.23878504 -0.50370955 -1.0520111   0.24172693 -0.17079642  0.
  -0.02545656  0.         -0.03670318  0.05132144]
 [ 0.2264391   0.12327427 -2.0499284   0.14128731 -0.10730886  0.
  -0.07373486  0.          0.05016179  0.05104189]
 [ 0.3789256   0.45646566 -1.995995    0.12752254 -0.21381824  0.
  -0.02101944  0.          0.05416317  0.06363498]
 [ 0.59408706  0.36451876 -2.1035109   0.12931937 -0.29426268  0.
  -0.06578899  0.         -0.06103083  0.1645865 ]
 [-0.08279207 -0.7045125   1.000271    0.11820383 -0.02760019  0.
  -0.07631075  0.          0.04369717 -0.00956222]] 
Episode: 507: [[-0.23844925 -0.50365543 -1.0514594   0.2426824  -0.16997111  0.
  -0.02587366  0.         -0.03670318  0.05100104]
 [ 0.22624214  0.12331278 -2.050449    0.14084719 -0.10788215  0.
  -0.07370936  0.          0.05016179  0.05117581]
 [ 0.37836885  0.45641166 -1.9965255   0.1270716  -0.21474709  0.
  -0.02095531  0.          0.05416317  0.06366893]
 [ 0.59449947  0.36385083 -2.104015    0.12900907 -0.2950971   0.
  -0.06600071  0.         -0.06103083  0.16451126]
 [-0.08273906 -0.70486397  1.000926    0.11904567 -0.02733812  0.
  -0.07646996  0.          0.04369717 -0.00986691]] 
Episode: 508: [[-0.23813818 -0.5036524  -1.0508214   0.24356078 -0.1692934   0.
  -0.02614012  0.         -0.03670318  0.05068076]
 [ 0.22606656  0.12340212 -2.0510478   0.14045516 -0.10838342  0.
  -0.07357588  0.          0.05016179  0.05132227]
 [ 0.3778317   0.4564147  -1.9971502   0.12666456 -0.21555944  0.
  -0.02079314  0.          0.05416317  0.0637355 ]
 [ 0.5949254   0.3632611  -2.1046035   0.12873295 -0.2958567   0.
  -0.06608669  0.         -0.06103083  0.16450737]
 [-0.08268296 -0.7052561   1.001671    0.11981667 -0.02720374  0.
  -0.07654946  0.          0.04369717 -0.01016259]] 
Episode: 509: [[-0.23787767 -0.5037239  -1.0501549   0.24425893 -0.16870369  0.
  -0.02627106  0.         -0.03670318  0.05053985]
 [ 0.22593631  0.12352096 -2.0516715   0.1401564  -0.10887735  0.
  -0.07342037  0.          0.05016179  0.05144026]
 [ 0.37737048  0.45648602 -1.9978086   0.12637866 -0.21633294  0.
  -0.02064648  0.          0.05416317  0.06367423]
 [ 0.59530026  0.3627808  -2.1052167   0.12855867 -0.29660383  0.
  -0.06605953  0.         -0.06103083  0.16454354]
 [-0.08263922 -0.7056732   1.0024399   0.12042639 -0.02709353  0.
  -0.07651164  0.          0.04369717 -0.01028326]] 
Episode: 510: [[-0.23768638 -0.503759   -1.0494338   0.24483715 -0.16819036  0.
  -0.02633996  0.         -0.03670318  0.05040755]
 [ 0.22583953  0.12363406 -2.0523014   0.13990344 -0.10934468  0.
  -0.07316981  0.          0.05016179  0.05164111]
 [ 0.3769594   0.45654112 -1.9984888   0.12615158 -0.21705315  0.
  -0.02040992  0.          0.05416317  0.06374247]
 [ 0.59564054  0.36236387 -2.1058457   0.12842333 -0.29730478  0.
  -0.06593056  0.         -0.06103083  0.1647284 ]
 [-0.08269049 -0.70605546  1.0032296   0.12095605 -0.02700109  0.
  -0.07658693  0.          0.04369717 -0.01038794]] 
Episode: 511: [[-0.23742607 -0.50381523 -1.0488905   0.24555674 -0.16778795  0.
  -0.02629305  0.         -0.03670318  0.05043554]
 [ 0.22590195  0.12378784 -2.0527992   0.13944599 -0.10972966  0.
  -0.07305498  0.          0.05016179  0.05162469]
 [ 0.3768025   0.4566647  -1.9990238   0.12571271 -0.21763173  0.
  -0.02030162  0.          0.05416317  0.06365741]
 [ 0.5960952   0.36196095 -2.1063554   0.1280699  -0.29789725  0.
  -0.06591901  0.         -0.06103083  0.16476887]
 [-0.0827834  -0.70661217  1.0038048   0.12159934 -0.02705713  0.
  -0.07654537  0.          0.04369717 -0.01033698]] 
Episode: 512: [[-0.23729327 -0.5038824  -1.0483768   0.24617662 -0.16736151  0.
  -0.02635971  0.         -0.03670318  0.05044905]
 [ 0.22592627  0.12401623 -2.0533023   0.13909659 -0.11017563  0.
  -0.07284108  0.          0.05016179  0.05167665]
 [ 0.37663358  0.45684233 -1.9995545   0.1253855  -0.21827975  0.
  -0.02009959  0.          0.05416317  0.06366242]
 [ 0.59645927  0.36171114 -2.1068835   0.1278342  -0.2985463   0.
  -0.06580412  0.         -0.06103083  0.16489826]
 [-0.0830122  -0.7071443   1.0043535   0.12213448 -0.02700584  0.
  -0.07661726  0.          0.04369717 -0.01032995]] 
Episode: 513: [[-0.23723754 -0.5040124  -1.0478305   0.24663785 -0.16701084  0.
  -0.02631085  0.         -0.03670318  0.05060805]
 [ 0.22598544  0.12424184 -2.0538516   0.13884756 -0.1105871   0.
  -0.07269202  0.          0.05016179  0.05167489]
 [ 0.3765282   0.45705226 -2.0001373   0.12518317 -0.21886626  0.
  -0.02002234  0.          0.05416317  0.06352068]
 [ 0.5967749   0.36146697 -2.107458    0.12770733 -0.29914862  0.
  -0.06576121  0.         -0.06103083  0.16500857]
 [-0.08326627 -0.70770496  1.004963    0.12251601 -0.02698479  0.
  -0.07657269  0.          0.04369717 -0.01017862]] 
Episode: 514: [[-0.23696601 -0.50373995 -1.04761     0.24734184 -0.16649713  0.
  -0.02615806  0.         -0.03670318  0.05060429]
 [ 0.22618905  0.12448549 -2.0542383   0.13819398 -0.11095769  0.
  -0.07266857  0.          0.05016179  0.05165552]
 [ 0.37639484  0.4571473  -2.0004795   0.12476755 -0.21945733  0.
  -0.02005735  0.          0.05416317  0.06353933]
 [ 0.59723884  0.36125284 -2.1078513   0.12736255 -0.29967368  0.
  -0.06582717  0.         -0.06103083  0.16508476]
 [-0.0835675  -0.70829046  1.0053254   0.12322835 -0.027006    0.
  -0.07642336  0.          0.04369717 -0.01018741]] 
Episode: 515: [[-0.23677336 -0.5034973  -1.0473368   0.24802242 -0.16602303  0.
  -0.02591178  0.         -0.03670318  0.05074736]
 [ 0.22633211  0.12468259 -2.0547144   0.13759242 -0.11135636  0.
  -0.07253684  0.          0.05016179  0.05166558]
 [ 0.37620172  0.45722738 -2.0009124   0.124367   -0.22007026  0.
  -0.01998434  0.          0.05416317  0.06350297]
 [ 0.5977219   0.36098498 -2.1083615   0.12703611 -0.3002402   0.
  -0.06578197  0.         -0.06103083  0.1652804 ]
 [-0.08387604 -0.70889443  1.0057402   0.12392548 -0.02706316  0.
  -0.07617979  0.          0.04369717 -0.01005071]] 
Episode: 516: [[-0.23660208 -0.50351655 -1.0468651   0.24854437 -0.16575645  0.
  -0.0255814   0.         -0.03670318  0.05083928]
 [ 0.2263755   0.12486947 -2.0553296   0.13715695 -0.11186351  0.
  -0.07230773  0.          0.05016179  0.05187123]
 [ 0.3758216   0.4574175  -2.0015016   0.12414046 -0.22075789  0.
  -0.01981412  0.          0.05416317  0.06361626]
 [ 0.5980774   0.36067602 -2.109015    0.12688968 -0.30097473  0.
  -0.06563674  0.         -0.06103083  0.16560845]
 [-0.08416799 -0.7095156   1.0063256   0.12447207 -0.02719672  0.
  -0.07606981  0.          0.04369717 -0.01007226]] 
Episode: 517: [[-0.23661663 -0.5036072  -1.0464842   0.24917047 -0.16549692  0.
  -0.02517538  0.         -0.03670318  0.05106827]
 [ 0.22646599  0.12520531 -2.055817    0.1366989  -0.11227983  0.
  -0.07221214  0.          0.05016179  0.05185972]
 [ 0.37563133  0.45777866 -2.001966    0.12382367 -0.22132644  0.
  -0.01976545  0.          0.05416317  0.06357232]
 [ 0.59846795  0.36063293 -2.109544    0.12665257 -0.30156896  0.
  -0.06561059  0.         -0.06103083  0.16575119]
 [-0.08446469 -0.71023357  1.006791    0.1250257  -0.02734215  0.
  -0.0758617   0.          0.04369717 -0.00994741]] 
Episode: 518: [[-0.23665354 -0.50372076 -1.046107    0.24977194 -0.16527462  0.
  -0.02481067  0.         -0.03670318  0.05116804]
 [ 0.226571    0.12550257 -2.056275    0.1362898  -0.11266471  0.
  -0.07217686  0.          0.05016179  0.05171433]
 [ 0.37549838  0.45811868 -2.0024056   0.12352636 -0.22184673  0.
  -0.01982613  0.          0.05416317  0.06341409]
 [ 0.5989687   0.360511   -2.1100419   0.12644334 -0.3021253   0.
  -0.06569158  0.         -0.06103083  0.1657318 ]
 [-0.0846711  -0.7109499   1.007245    0.12556656 -0.0275239   0.
  -0.07559818  0.          0.04369717 -0.00979626]] 
Episode: 519: [[-0.23674396 -0.50384045 -1.0457461   0.25028354 -0.16505015  0.
  -0.02459137  0.         -0.03670318  0.05112513]
 [ 0.22670186  0.125893   -2.0567174   0.13596442 -0.11302403  0.
  -0.07223075  0.          0.05016179  0.05147427]
 [ 0.3754479   0.45851603 -2.0028307   0.12330621 -0.2223344   0.
  -0.01998521  0.          0.05416317  0.06317053]
 [ 0.5995424   0.3605943  -2.1105213   0.12630129 -0.30263343  0.
  -0.06586897  0.         -0.06103083  0.16556282]
 [-0.08488761 -0.71161956  1.0076965   0.12601325 -0.02765368  0.
  -0.07547025  0.          0.04369717 -0.00977043]] 
Episode: 520: [[-0.23686512 -0.5038477  -1.0452437   0.2505983  -0.16480476  0.
  -0.02450288  0.         -0.03670318  0.05094054]
 [ 0.226811    0.12612556 -2.0572746   0.13576326 -0.11336455  0.
  -0.07216857  0.          0.05016179  0.05135863]
 [ 0.37537822  0.4587349  -2.0033932   0.12324017 -0.22281478  0.
  -0.0200239   0.          0.05416317  0.0630971 ]
 [ 0.6000701   0.3605005  -2.1111183   0.12630108 -0.30312675  0.
  -0.06592411  0.         -0.06103083  0.1655623 ]
 [-0.08503104 -0.712159    1.0082611   0.12631604 -0.02777905  0.
  -0.0754643   0.          0.04369717 -0.00989135]] 
Episode: 521: [[-0.23699638 -0.5038456  -1.0447912   0.25088266 -0.16457997  0.
  -0.02450196  0.         -0.03670318  0.05081138]
 [ 0.22692008  0.12627995 -2.0577793   0.13558489 -0.1136604   0.
  -0.07215746  0.          0.05016179  0.05128006]
 [ 0.37532026  0.4588997  -2.0039032   0.12318332 -0.22323644  0.
  -0.0201102   0.          0.05416317  0.06306372]
 [ 0.6005072   0.36036292 -2.1116672   0.12630475 -0.30354834  0.
  -0.06607822  0.         -0.06103083  0.16567607]
 [-0.08522414 -0.7126509   1.0087702   0.1265907  -0.02788597  0.
  -0.07556807  0.          0.04369717 -0.00991673]] 
Episode: 522: [[-0.23720348 -0.5039274  -1.0442519   0.25110346 -0.1643704   0.
  -0.02461     0.         -0.03670318  0.05054932]
 [ 0.22692509  0.12651818 -2.0584311   0.13553436 -0.11394877  0.
  -0.07205981  0.          0.05016179  0.05138168]
 [ 0.37509093  0.4591257  -2.0045586   0.12324689 -0.22366007  0.
  -0.02008331  0.          0.05416317  0.06317914]
 [ 0.6009393   0.36030293 -2.1123884   0.12644    -0.3039851   0.
  -0.06632137  0.         -0.06103083  0.16569993]
 [-0.08553223 -0.71311015  1.0093715   0.12678245 -0.02802115  0.
  -0.07577055  0.          0.04369717 -0.01008353]] 
Episode: 523: [[-0.23744091 -0.504009   -1.0437587   0.25129157 -0.16417505  0.
  -0.02481605  0.         -0.03670318  0.05023151]
 [ 0.22696427  0.12671791 -2.0590181   0.13551886 -0.11419318  0.
  -0.07208207  0.          0.05016179  0.05146514]
 [ 0.37493637  0.45931977 -2.0051506   0.1233352  -0.22402781  0.
  -0.02016364  0.          0.05416317  0.06329495]
 [ 0.601381    0.36020303 -2.1130474   0.1265964  -0.30434707  0.
  -0.06664465  0.         -0.06103083  0.16562779]
 [-0.08587437 -0.7135422   1.0099181   0.1269311  -0.02812142  0.
  -0.07606182  0.          0.04369717 -0.0103706 ]] 
Episode: 524: [[-0.23767202 -0.5040876  -1.0432855   0.2514777  -0.16400231  0.
  -0.02511026  0.         -0.03670318  0.04980072]
 [ 0.22697505  0.12688982 -2.0595872   0.13551344 -0.11438695  0.
  -0.07207713  0.          0.05016179  0.05156186]
 [ 0.37477964  0.45949036 -2.0057235   0.12341665 -0.22433223  0.
  -0.02013142  0.          0.05416317  0.06347604]
 [ 0.6018381   0.36009267 -2.113701    0.12674305 -0.30463508  0.
  -0.06699862  0.         -0.06103083  0.16556218]
 [-0.08615284 -0.7139458   1.0104544   0.12707983 -0.0282277   0.
  -0.07643295  0.          0.04369717 -0.01076108]] 
Episode: 525: [[-0.23787431 -0.50426805 -1.0428283   0.2515337  -0.16395634  0.
  -0.02548378  0.         -0.03670318  0.0492679 ]
 [ 0.22696218  0.12706104 -2.0601587   0.13558267 -0.11463342  0.
  -0.0719618   0.          0.05016179  0.05181168]
 [ 0.37456298  0.45970157 -2.006291    0.12359497 -0.22466263  0.
  -0.01999791  0.          0.05416317  0.06378428]
 [ 0.6022164   0.36001638 -2.1143584   0.12697029 -0.30499798  0.
  -0.06721263  0.         -0.06103083  0.16560751]
 [-0.08645839 -0.7143061   1.0109571   0.12713274 -0.02833598  0.
  -0.07687593  0.          0.04369717 -0.01125557]] 
Episode: 526: [[-0.23811148 -0.50449896 -1.042058    0.2514766  -0.16380367  0.
  -0.02592863  0.         -0.03670318  0.04864359]
 [ 0.2269464   0.1271077  -2.060839    0.13578518 -0.11501246  0.
  -0.07174718  0.          0.05016179  0.05223057]
 [ 0.3743146   0.45983312 -2.0070224   0.12392543 -0.22518021  0.
  -0.01977326  0.          0.05416317  0.0642066 ]
 [ 0.6025918   0.35976738 -2.1151183   0.12737708 -0.30552894  0.
  -0.0673007   0.         -0.06103083  0.16579953]
 [-0.08678615 -0.7146142   1.0116328   0.1271063  -0.0283502   0.
  -0.07738351  0.          0.04369717 -0.01184338]] 
Episode: 527: [[-0.23826766 -0.50478446 -1.0413266   0.2514988  -0.16362497  0.
  -0.02643765  0.         -0.03670318  0.04793787]
 [ 0.22692968  0.1272635  -2.0615077   0.135936   -0.11538037  0.
  -0.0716649   0.          0.05016179  0.05241212]
 [ 0.37408167  0.46007487 -2.0077372   0.12416372 -0.22568601  0.
  -0.01967559  0.          0.05416317  0.06444108]
 [ 0.60307306  0.3596091  -2.115867    0.12768155 -0.3060555   0.
  -0.06748446  0.         -0.06103083  0.16582102]
 [-0.08695333 -0.7150215   1.0122743   0.12713751 -0.02840168  0.
  -0.07773125  0.          0.04369717 -0.01233317]] 
Episode: 528: [[-0.23824275 -0.50508493 -1.0406951   0.25176924 -0.1636841   0.
  -0.02678695  0.         -0.03670318  0.04744864]
 [ 0.22708808  0.12740709 -2.0620842   0.13581082 -0.11571646  0.
  -0.07170165  0.          0.05016179  0.05238146]
 [ 0.37407476  0.46032092 -2.0083563   0.12414314 -0.22607104  0.
  -0.01969218  0.          0.05416317  0.06450694]
 [ 0.60368615  0.35941333 -2.11651     0.12772398 -0.30655673  0.
  -0.06775432  0.         -0.06103083  0.16568951]
 [-0.08700078 -0.71546406  1.012825    0.12741229 -0.02862275  0.
  -0.0779352   0.          0.04369717 -0.01263011]] 
Episode: 529: [[-0.23832174 -0.5053556  -1.0400416   0.25188679 -0.16371456  0.
  -0.02703827  0.         -0.03670318  0.04715376]
 [ 0.2272924   0.12757172 -2.062733    0.1357961  -0.11605448  0.
  -0.07178333  0.          0.05016179  0.05232193]
 [ 0.3741649   0.46056998 -2.0090482   0.12425871 -0.22646393  0.
  -0.01979986  0.          0.05416317  0.06443686]
 [ 0.6042677   0.3593015  -2.1172242   0.12788798 -0.307053    0.
  -0.06810165  0.         -0.06103083  0.16554518]
 [-0.08710787 -0.7158755   1.0134434   0.1275122  -0.02878319  0.
  -0.07812269  0.          0.04369717 -0.0127539 ]] 
Episode: 530: [[-0.23860371 -0.5057301  -1.0393878   0.2519879  -0.16376923  0.
  -0.02715564  0.         -0.03670318  0.04703339]
 [ 0.22742908  0.12787049 -2.0634058   0.1358219  -0.11641699  0.
  -0.07179873  0.          0.05016179  0.05220511]
 [ 0.37422815  0.46096215 -2.0097606   0.12440336 -0.22688246  0.
  -0.01996266  0.          0.05416317  0.06422929]
 [ 0.6047716   0.35922623 -2.1179714   0.12809077 -0.3076199   0.
  -0.06830974  0.         -0.06103083  0.16551808]
 [-0.0874295  -0.71650463  1.0140848   0.12759583 -0.02908659  0.
  -0.07818234  0.          0.04369717 -0.01272224]] 
Episode: 531: [[-0.23896708 -0.5060837  -1.0387871   0.2520858  -0.16383019  0.
  -0.02736999  0.         -0.03670318  0.04684708]
 [ 0.22748186  0.1281118  -2.06407     0.13588916 -0.1167779   0.
  -0.07170165  0.          0.05016179  0.05217933]
 [ 0.37419054  0.46130452 -2.0104454   0.12457406 -0.22730237  0.
  -0.02000462  0.          0.05416317  0.06415763]
 [ 0.60523266  0.35902363 -2.1187143   0.12833342 -0.30819446  0.
  -0.06839254  0.         -0.06103083  0.16554992]
 [-0.08786727 -0.7171314   1.0146785   0.12767714 -0.02941715  0.
  -0.07834505  0.          0.04369717 -0.01283654]] 
Episode: 532: [[-0.2393772  -0.506597   -1.0381414   0.25210992 -0.1639465   0.
  -0.02745414  0.         -0.03670318  0.04682415]
 [ 0.22752416  0.12848847 -2.0647273   0.13599725 -0.11711241  0.
  -0.07169511  0.          0.05016179  0.05213059]
 [ 0.37414652  0.46181935 -2.0111382   0.12479487 -0.22768016  0.
  -0.02014691  0.          0.05416317  0.06394888]
 [ 0.6055889   0.35901046 -2.1194422   0.12861887 -0.3087325   0.
  -0.06855346  0.         -0.06103083  0.16557784]
 [-0.08832198 -0.7178623   1.0153347   0.12769037 -0.02975463  0.
  -0.07838243  0.          0.04369717 -0.0127967 ]] 
Episode: 533: [[-0.23982991 -0.5069936  -1.0373335   0.25185484 -0.16410384  0.
  -0.02763856  0.         -0.03670318  0.0466592 ]
 [ 0.22755481  0.12866388 -2.0654457   0.13625778 -0.11747216  0.
  -0.07157827  0.          0.05016179  0.0521899 ]
 [ 0.37408528  0.4621274  -2.011923    0.12522553 -0.22808138  0.
  -0.02017044  0.          0.05416317  0.0639054 ]
 [ 0.60596144  0.358739   -2.1202292   0.12910353 -0.30929568  0.
  -0.06859379  0.         -0.06103083  0.16574311]
 [-0.08872108 -0.7184547   1.0160825   0.12754862 -0.03004782  0.
  -0.07852506  0.          0.04369717 -0.01290328]] 
Episode: 534: [[-0.24037698 -0.5073636  -1.0366015   0.25143522 -0.16422158  0.
  -0.02790759  0.         -0.03670318  0.04641556]
 [ 0.22757584  0.12884559 -2.0661943   0.1366196  -0.11790626  0.
  -0.07136221  0.          0.05016179  0.05241483]
 [ 0.37401763  0.46241662 -2.012711    0.12579143 -0.22857626  0.
  -0.02008709  0.          0.05416317  0.06401027]
 [ 0.60637933  0.35851595 -2.1210763   0.12969986 -0.309952    0.
  -0.06852561  0.         -0.06103083  0.16594584]
 [-0.08927581 -0.7189258   1.0167763   0.12727147 -0.03029105  0.
  -0.07876236  0.          0.04369717 -0.01314131]] 
Episode: 535: [[-0.24084768 -0.5078338  -1.0359311   0.25105524 -0.16439895  0.
  -0.02825833  0.         -0.03670318  0.0460524 ]
 [ 0.22747724  0.12913881 -2.0668976   0.13699189 -0.11831158  0.
  -0.07105691  0.          0.05016179  0.05280967]
 [ 0.37374288  0.4628149  -2.0134408   0.12634982 -0.22903173  0.
  -0.01990758  0.          0.05416317  0.06424831]
 [ 0.6066471   0.35830712 -2.1218944   0.1303007  -0.31060207  0.
  -0.0683598   0.         -0.06103083  0.16627902]
 [-0.0898593  -0.7195174   1.0174007   0.12702213 -0.03065866  0.
  -0.07908481  0.          0.04369717 -0.01349731]] 
Episode: 536: [[-0.24137159 -0.5083135  -1.0350122   0.25052005 -0.16458426  0.
  -0.02868257  0.         -0.03670318  0.04559829]
 [ 0.22733271  0.1293599  -2.0676963   0.13753195 -0.11880735  0.
  -0.07067134  0.          0.05016179  0.05333275]
 [ 0.37336206  0.4631568  -2.014297    0.12708108 -0.22959724  0.
  -0.01964154  0.          0.05416317  0.06460585]
 [ 0.60693157  0.3580434  -2.1227915   0.1310666  -0.31137034  0.
  -0.06810614  0.         -0.06103083  0.16672918]
 [-0.09030563 -0.7199805   1.0181923   0.12663497 -0.03095159  0.
  -0.07948387  0.          0.04369717 -0.01395918]] 
Episode: 537: [[-0.24199048 -0.50886434 -1.0340779   0.24999706 -0.16479586  0.
  -0.02895568  0.         -0.03670318  0.045334  ]
 [ 0.22717297  0.12957913 -2.0685914   0.13810423 -0.11932353  0.
  -0.07021359  0.          0.05016179  0.05380996]
 [ 0.37300512  0.46354353 -2.0152464   0.12783496 -0.23017144  0.
  -0.01929766  0.          0.05416317  0.06478383]
 [ 0.6072508   0.3577903  -2.123804    0.13187091 -0.31217054  0.
  -0.06777344  0.         -0.06103083  0.16717587]
 [-0.09071851 -0.7204915   1.0190274   0.12622926 -0.03128689  0.
  -0.07973405  0.          0.04369717 -0.01423401]] 
Episode: 538: [[-0.24246639 -0.5093052  -1.0332178   0.24952798 -0.16493346  0.
  -0.02931002  0.         -0.03670318  0.04495275]
 [ 0.22708662  0.12978241 -2.0694206   0.13862392 -0.11977456  0.
  -0.06991253  0.          0.05016179  0.05405175]
 [ 0.37275606  0.4638673  -2.0161304   0.12851062 -0.23068222  0.
  -0.01909266  0.          0.05416317  0.06490867]
 [ 0.60771465  0.3575497  -2.124738    0.13257356 -0.31287217  0.
  -0.06757846  0.         -0.06103083  0.1674266 ]
 [-0.0909227  -0.720949    1.0197887   0.12584513 -0.03158116  0.
  -0.08006803  0.          0.04369717 -0.01458101]] 
Episode: 539: [[-0.2428833  -0.50969344 -1.0324488   0.24915798 -0.16502587  0.
  -0.02973743  0.         -0.03670318  0.04447057]
 [ 0.22701858  0.13000044 -2.07012     0.13907161 -0.12016018  0.
  -0.06975243  0.          0.05016179  0.05413401]
 [ 0.3725454   0.4641804  -2.0168784   0.12907986 -0.23113054  0.
  -0.01901265  0.          0.05416317  0.06489845]
 [ 0.60825616  0.35741    -2.12551     0.1331722  -0.31346536  0.
  -0.06750742  0.         -0.06103083  0.16750145]
 [-0.09102347 -0.72134346  1.0204555   0.1255564  -0.03180565  0.
  -0.08047738  0.          0.04369717 -0.01493666]] 
Episode: 540: [[-0.24303536 -0.5100927  -1.0317674   0.24905333 -0.16519709  0.
  -0.03001347  0.         -0.03670318  0.0441567 ]
 [ 0.22714956  0.13016377 -2.0707932   0.13920008 -0.12052947  0.
  -0.06971914  0.          0.05016179  0.05401633]
 [ 0.3725188   0.46447238 -2.0176027   0.12935881 -0.23151231  0.
  -0.01904509  0.          0.05416317  0.06474597]
 [ 0.60892355  0.3571426  -2.1262457   0.13348112 -0.31404778  0.
  -0.06754788  0.         -0.06103083  0.16741848]
 [-0.09088971 -0.7217844   1.0210582   0.12553737 -0.03214157  0.
  -0.0807369   0.          0.04369717 -0.0151147 ]] 
Episode: 541: [[-0.24322137 -0.51040864 -1.0311412   0.24880283 -0.16532679  0.
  -0.03037038  0.         -0.03670318  0.04373129]
 [ 0.22724985  0.13030149 -2.0714467   0.13945593 -0.12090223  0.
  -0.06957845  0.          0.05016179  0.05407305]
 [ 0.37242487  0.46468616 -2.0182848   0.12979303 -0.23192187  0.
  -0.01896985  0.          0.05416317  0.06475202]
 [ 0.60954624  0.35681173 -2.1269577   0.13395701 -0.31464952  0.
  -0.06747991  0.         -0.06103083  0.16749392]
 [-0.09079171 -0.7221536   1.0216299   0.12539858 -0.03247637  0.
  -0.08107921  0.          0.04369717 -0.01541623]] 
Episode: 542: [[-0.24345846 -0.51094353 -1.0303997   0.24876621 -0.16549319  0.
  -0.03058302  0.         -0.03670318  0.043492  ]
 [ 0.2272106   0.1306183  -2.0721867   0.13965958 -0.12127513  0.
  -0.06944682  0.          0.05016179  0.05424488]
 [ 0.37212735  0.46511626 -2.0190744   0.13010022 -0.23233445  0.
  -0.01900656  0.          0.05416317  0.06461453]
 [ 0.61017966  0.35665733 -2.1277707   0.13434191 -0.31527093  0.
  -0.06733824  0.         -0.06103083  0.16771151]
 [-0.09075259 -0.72266614  1.0223317   0.12542786 -0.03290498  0.
  -0.08127845  0.          0.04369717 -0.01558476]] 
Episode: 543: [[-0.2436706  -0.51142585 -1.0297325   0.24872063 -0.16563572  0.
  -0.0308029   0.         -0.03670318  0.04330329]
 [ 0.22723314  0.13093717 -2.0728648   0.13986039 -0.12163519  0.
  -0.06943921  0.          0.05016179  0.0543462 ]
 [ 0.37191638  0.46552807 -2.0197966   0.13039829 -0.2327326   0.
  -0.01914402  0.          0.05416317  0.06440777]
 [ 0.610745    0.35657516 -2.1285152   0.13471395 -0.31586108  0.
  -0.06731517  0.         -0.06103083  0.16779754]
 [-0.09065325 -0.72314256  1.0229586   0.12542714 -0.0332738   0.
  -0.08153531  0.          0.04369717 -0.01568519]] 
Episode: 544: [[-0.243794   -0.51191974 -1.0290453   0.24872138 -0.16554867  0.
  -0.03110934  0.         -0.03670318  0.04299059]
 [ 0.22727051  0.13131869 -2.0735247   0.14005347 -0.12200522  0.
  -0.06954315  0.          0.05016179  0.05424654]
 [ 0.37173143  0.4659931  -2.0205135   0.1306619  -0.23320375  0.
  -0.01937211  0.          0.05416317  0.06407912]
 [ 0.6114338   0.3565255  -2.1292372   0.13504967 -0.31646776  0.
  -0.06739882  0.         -0.06103083  0.16772531]
 [-0.0903722  -0.7236874   1.0235949   0.12544154 -0.03357386  0.
  -0.08165763  0.          0.04369717 -0.01563402]] 
Episode: 545: [[-0.24404384 -0.51244897 -1.0283498   0.2486994  -0.16549335  0.
  -0.03127651  0.         -0.03670318  0.0428524 ]
 [ 0.22728963  0.13176483 -2.0741942   0.14028011 -0.12235768  0.
  -0.0695259   0.          0.05016179  0.05418735]
 [ 0.37155935  0.46652    -2.0212414   0.13095915 -0.23365112  0.
  -0.01947299  0.          0.05416317  0.0636749 ]
 [ 0.61201704  0.35657895 -2.1299622   0.13542995 -0.31705198  0.
  -0.0673697   0.         -0.06103083  0.16777074]
 [-0.09023406 -0.7242876   1.0242714   0.12542775 -0.03388122  0.
  -0.08165893  0.          0.04369717 -0.01544675]] 
Episode: 546: [[-0.24429297 -0.51293397 -1.0277245   0.24868079 -0.16543694  0.
  -0.03151285  0.         -0.03670318  0.04275568]
 [ 0.22732197  0.13219391 -2.074817    0.14049298 -0.12266722  0.
  -0.06962112  0.          0.05016179  0.05408802]
 [ 0.3714267   0.46702078 -2.0219107   0.13123451 -0.23404813  0.
  -0.01966814  0.          0.05416317  0.06323713]
 [ 0.6125535   0.35664228 -2.1306343   0.1357844  -0.31756777  0.
  -0.06744788  0.         -0.06103083  0.16771065]
 [-0.09011769 -0.7248879   1.0248674   0.12541501 -0.03414622  0.
  -0.08176885  0.          0.04369717 -0.01518317]] 
Episode: 547: [[-0.24459568 -0.5133221  -1.0271676   0.2489502  -0.16547588  0.
  -0.03161693  0.         -0.03670318  0.04281161]
 [ 0.22760528  0.1324403  -2.0753183   0.1402561  -0.12277903  0.
  -0.0698175   0.          0.05016179  0.05380856]
 [ 0.3715212   0.4674204  -2.0224793   0.13125114 -0.23416354  0.
  -0.01994813  0.          0.05416317  0.06270095]
 [ 0.6132163   0.3564033  -2.1311662   0.1358755  -0.31782076  0.
  -0.06762261  0.         -0.06103083  0.16751504]
 [-0.0900653  -0.72566074  1.0253791   0.12577315 -0.03467661  0.
  -0.08175903  0.          0.04369717 -0.01480511]] 
Episode: 548: [[-0.24492513 -0.51367503 -1.0266494   0.24917604 -0.16551033  0.
  -0.03160202  0.         -0.03670318  0.04300459]
 [ 0.22789837  0.1326938  -2.075815    0.1400508  -0.12286001  0.
  -0.07010486  0.          0.05016179  0.05347583]
 [ 0.3716625   0.46781048 -2.023034    0.1312794  -0.23424692  0.
  -0.02030446  0.          0.05416317  0.06207648]
 [ 0.613834    0.35624966 -2.1316893   0.13596676 -0.31802207  0.
  -0.06788422  0.         -0.06103083  0.16734205]
 [-0.09007303 -0.7263907   1.0258728   0.12607348 -0.03515604  0.
  -0.08164149  0.          0.04369717 -0.01432429]] 
Episode: 549: [[-0.24532141 -0.5141379  -1.0261922   0.24930906 -0.16560811  0.
  -0.03148006  0.         -0.03670318  0.04332057]
 [ 0.22817576  0.13303037 -2.076286    0.1399097  -0.12295083  0.
  -0.07047406  0.          0.05016179  0.05310153]
 [ 0.37182942  0.46831265 -2.0235484   0.13136949 -0.23432316  0.
  -0.02072946  0.          0.05416317  0.06137282]
 [ 0.6143913   0.35617885 -2.1321847   0.13610771 -0.3182512   0.
  -0.06822401  0.         -0.06103083  0.16711482]
 [-0.09011468 -0.7272005   1.026306    0.12628119 -0.03568039  0.
  -0.08142705  0.          0.04369717 -0.01375126]] 
Episode: 550: [[-0.24576662 -0.5146921  -1.0257317   0.2493398  -0.16573817  0.
  -0.03133256  0.         -0.03670318  0.04374696]
 [ 0.22841161  0.13340184 -2.076784    0.13985738 -0.12314963  0.
  -0.07069564  0.          0.05016179  0.05289496]
 [ 0.37195802  0.46887723 -2.0240805   0.13155156 -0.23451169  0.
  -0.02100759  0.          0.05416317  0.0608262 ]
 [ 0.6148472   0.35612428 -2.1327143   0.13633993 -0.31862652  0.
  -0.06842543  0.         -0.06103083  0.16705997]
 [-0.09024994 -0.7280491   1.0267617   0.12639223 -0.03617669  0.
  -0.08126214  0.          0.04369717 -0.0130955 ]] 
Episode: 551: [[-0.2460286  -0.51544017 -1.025264    0.2492942  -0.16628595  0.
  -0.03111198  0.         -0.03670318  0.04398806]
 [ 0.2285042   0.13385881 -2.0773654   0.1398986  -0.12320048  0.
  -0.07078442  0.          0.05016179  0.0528994 ]
 [ 0.37186015  0.46955422 -2.024671    0.1318254  -0.23444675  0.
  -0.02115355  0.          0.05416317  0.06047704]
 [ 0.6152474   0.3562818  -2.1333587   0.1366561  -0.31885898  0.
  -0.06850236  0.         -0.06103083  0.16715981]
 [-0.09036441 -0.7287268   1.0272336   0.12643246 -0.03694219  0.
  -0.08122252  0.          0.04369717 -0.01264647]] 
Episode: 552: [[-0.2464337  -0.51621413 -1.0247678   0.24921322 -0.16677855  0.
  -0.03080485  0.         -0.03670318  0.04434681]
 [ 0.22854793  0.13431904 -2.077984    0.14000304 -0.12336981  0.
  -0.07086638  0.          0.05016179  0.05290833]
 [ 0.37174556  0.4702452  -2.025301    0.13215135 -0.23452798  0.
  -0.02138922  0.          0.05416317  0.06002115]
 [ 0.6155269   0.356352   -2.1340518   0.13703768 -0.3192494   0.
  -0.06846727  0.         -0.06103083  0.16739845]
 [-0.09059669 -0.72951406  1.0277598   0.1264184  -0.03767984  0.
  -0.08107812  0.          0.04369717 -0.0121025 ]] 
Episode: 553: [[-0.24692546 -0.51713145 -1.0241057   0.2491524  -0.1673605   0.
  -0.03041985  0.         -0.03670318  0.04481112]
 [ 0.22858204  0.13477762 -2.0787165   0.14017001 -0.12358613  0.
  -0.07088353  0.          0.05016179  0.05290964]
 [ 0.37164322  0.4709893  -2.0260746   0.13251282 -0.23464441  0.
  -0.0217056   0.          0.05416317  0.05946949]
 [ 0.61595476  0.35633567 -2.1348593   0.13748434 -0.3197315   0.
  -0.06833138  0.         -0.06103083  0.16765001]
 [-0.09070945 -0.73042756  1.028457    0.1263906  -0.03858488  0.
  -0.08083946  0.          0.04369717 -0.01147333]] 
Episode: 554: [[-0.24751712 -0.518087   -1.0234704   0.24902971 -0.1679184   0.
  -0.03018204  0.         -0.03670318  0.04523771]
 [ 0.22856125  0.13535474 -2.0794268   0.14042966 -0.12384709  0.
  -0.07078817  0.          0.05016179  0.05305019]
 [ 0.37148643  0.4718201  -2.026819    0.13296767 -0.23482114  0.
  -0.02188602  0.          0.05416317  0.05911527]
 [ 0.6162297   0.3564541  -2.1356466   0.13804047 -0.32027635  0.
  -0.06810478  0.         -0.06103083  0.16801062]
 [-0.09103104 -0.73136675  1.0291427   0.12628065 -0.03944772  0.
  -0.08073342  0.          0.04369717 -0.01104771]] 
Episode: 555: [[-0.24799629 -0.5188065  -1.0228392   0.24899402 -0.1683245   0.
  -0.03007664  0.         -0.03670318  0.04547935]
 [ 0.22848368  0.13587089 -2.080135    0.14061649 -0.12407696  0.
  -0.07059164  0.          0.05016179  0.05333598]
 [ 0.37120083  0.4725037  -2.0275571   0.13330969 -0.2350199   0.
  -0.0219441   0.          0.05416317  0.05893836]
 [ 0.61645335  0.3566283  -2.1364172   0.1384757  -0.3207568   0.
  -0.06779658  0.         -0.06103083  0.16848342]
 [-0.09130439 -0.73214763  1.0298544   0.12625647 -0.04016225  0.
  -0.08074668  0.          0.04369717 -0.01080492]] 
Episode: 556: [[-0.24848194 -0.51945835 -1.022223    0.24892645 -0.1686738   0.
  -0.02987324  0.         -0.03670318  0.04583824]
 [ 0.22844805  0.13631406 -2.080857    0.1408241  -0.12431099  0.
  -0.07043175  0.          0.05016179  0.05356976]
 [ 0.370987    0.47310734 -2.0283072   0.13366845 -0.23523676  0.
  -0.02204151  0.          0.05416317  0.05868623]
 [ 0.6166421   0.3567069  -2.1372027   0.13892679 -0.32123414  0.
  -0.06745845  0.         -0.06103083  0.1689471 ]
 [-0.09154302 -0.7328809   1.0305643   0.12618819 -0.04079886  0.
  -0.08067     0.          0.04369717 -0.01044697]] 
Episode: 557: [[-0.24893469 -0.52007854 -1.0216639   0.24878526 -0.16899976  0.
  -0.02979876  0.         -0.03670318  0.04621943]
 [ 0.2284959   0.1367814  -2.0815156   0.14106368 -0.12452495  0.
  -0.0703675   0.          0.05016179  0.05370149]
 [ 0.370904    0.47371572 -2.0289912   0.13406618 -0.23542914  0.
  -0.02223354  0.          0.05416317  0.05833251]
 [ 0.61693907  0.35688218 -2.1379118   0.13940054 -0.32167587  0.
  -0.06725852  0.         -0.06103083  0.16921517]
 [-0.09169911 -0.73356384  1.0311925   0.12603596 -0.04138888  0.
  -0.0806573   0.          0.04369717 -0.01014584]] 
Episode: 558: [[-0.24926177 -0.52082306 -1.0207473   0.24848579 -0.1693481   0.
  -0.02984026  0.         -0.03670318  0.04642049]
 [ 0.22845796  0.13723259 -2.082334    0.14143232 -0.12483744  0.
  -0.0701988   0.          0.05016179  0.05400907]
 [ 0.37061688  0.47435984 -2.029886    0.13462414 -0.23574242  0.
  -0.02230199  0.          0.05416317  0.0581558 ]
 [ 0.617299    0.35703757 -2.1387875   0.1400408  -0.32224387  0.
  -0.06697426  0.         -0.06103083  0.16960454]
 [-0.0919273  -0.73414195  1.0320857   0.1257948  -0.04191935  0.
  -0.08075465  0.          0.04369717 -0.01001481]] 
Episode: 559: [[-0.24952391 -0.521383   -1.0198253   0.24827705 -0.16968526  0.
  -0.0297691   0.         -0.03670318  0.0466082 ]
 [ 0.2284782   0.13758248 -2.0831697   0.14170751 -0.12503944  0.
  -0.07013694  0.          0.05016179  0.0542415 ]
 [ 0.37039888  0.4748533  -2.0308034   0.1350536  -0.23593618  0.
  -0.02246794  0.          0.05416317  0.05795183]
 [ 0.6176357   0.3571606  -2.1396713   0.14053465 -0.32265323  0.
  -0.06682279  0.         -0.06103083  0.16991635]
 [-0.09215564 -0.73461103  1.0330088   0.12562615 -0.04242725  0.
  -0.08076555  0.          0.04369717 -0.00978537]] 
Episode: 560: [[-0.24975973 -0.521896   -1.0188477   0.24802254 -0.1700775   0.
  -0.0295966   0.         -0.03670318  0.04663533]
 [ 0.22851227  0.13787678 -2.0839667   0.14201172 -0.12521915  0.
  -0.07002974  0.          0.05016179  0.05445585]
 [ 0.3701806   0.47528565 -2.0316937   0.13551389 -0.23609409  0.
  -0.02261773  0.          0.05416317  0.05790145]
 [ 0.61801594  0.3572489  -2.140504    0.141061   -0.32301554  0.
  -0.06661593  0.         -0.06103083  0.17016286]
 [-0.09237032 -0.73504144  1.0339537   0.12542674 -0.04291423  0.
  -0.08076027  0.          0.04369717 -0.00971858]] 
Episode: 561: [[-0.24977294 -0.5223665  -1.0179579   0.24783441 -0.17048003  0.
  -0.02933293  0.         -0.03670318  0.04678605]
 [ 0.22865967  0.1381762  -2.0847285   0.14219894 -0.12537521  0.
  -0.07004425  0.          0.05016179  0.05445897]
 [ 0.37010622  0.4757039  -2.0325406   0.1358277  -0.23620953  0.
  -0.02285698  0.          0.05416317  0.05771505]
 [ 0.61853904  0.35732993 -2.1412895   0.14140113 -0.32335728  0.
  -0.06653416  0.         -0.06103083  0.17023587]
 [-0.09233861 -0.7354601   1.0348294   0.12529008 -0.04344734  0.
  -0.08064659  0.          0.04369717 -0.0095192 ]] 
Episode: 562: [[-0.24972218 -0.52275777 -1.0168864   0.24738081 -0.17076075  0.
  -0.0292041   0.         -0.03670318  0.0467802 ]
 [ 0.22880183  0.13832016 -2.085563    0.14254636 -0.1256207   0.
  -0.06994636  0.          0.05016179  0.05465041]
 [ 0.36993998  0.4759408  -2.033488    0.13633783 -0.23647477  0.
  -0.02296784  0.          0.05416317  0.05768844]
 [ 0.6190436   0.35722494 -2.142154    0.14193054 -0.32379478  0.
  -0.0663562   0.         -0.06103083  0.17044982]
 [-0.09233927 -0.73573375  1.0358334   0.12496094 -0.04381281  0.
  -0.0806532   0.          0.04369717 -0.00947914]] 
Episode: 563: [[-0.24945588 -0.52256113 -1.0160908   0.24725929 -0.1707382   0.
  -0.02919659  0.         -0.03670318  0.04663376]
 [ 0.2289966   0.13846283 -2.086212    0.14249675 -0.1256351   0.
  -0.06996921  0.          0.05016179  0.05485052]
 [ 0.36977783  0.47591013 -2.0341935   0.13656673 -0.23658216  0.
  -0.02317204  0.          0.05416317  0.0578053 ]
 [ 0.6194227   0.3572499  -2.14279     0.14218108 -0.32392865  0.
  -0.06630042  0.         -0.06103083  0.17079023]
 [-0.09222797 -0.7358359   1.0365813   0.12503523 -0.04413347  0.
  -0.08068488  0.          0.04369717 -0.00958215]] 
Episode: 564: [[-0.24915177 -0.5223397  -1.0153381   0.24743187 -0.17066382  0.
  -0.02908145  0.         -0.03670318  0.04655595]
 [ 0.2292419   0.13863142 -2.0868213   0.1422723  -0.12564704  0.
  -0.07010065  0.          0.05016179  0.05493799]
 [ 0.36969984  0.47590262 -2.034859    0.13654487 -0.23669025  0.
  -0.02346022  0.          0.05416317  0.05776973]
 [ 0.6198395   0.35730678 -2.1433845   0.14218287 -0.3240516   0.
  -0.06635458  0.         -0.06103083  0.17105742]
 [-0.09213449 -0.7360094   1.0372778   0.12530893 -0.04446442  0.
  -0.08060439  0.          0.04369717 -0.00953588]] 
Episode: 565: [[-0.2489916  -0.52229565 -1.0145515   0.24777453 -0.1706107   0.
  -0.02886947  0.         -0.03670318  0.04662713]
 [ 0.22943962  0.13880235 -2.087461    0.14201324 -0.12575646  0.
  -0.07031649  0.          0.05016179  0.055016  ]
 [ 0.36957175  0.47596917 -2.0355527   0.13641745 -0.23690341  0.
  -0.02382397  0.          0.05416317  0.05759728]
 [ 0.62029713  0.3573009  -2.1440165   0.14209254 -0.32430047  0.
  -0.06650766  0.         -0.06103083  0.171289  ]
 [-0.09215996 -0.73626184  1.0380188   0.12565543 -0.04478523  0.
  -0.080423    0.          0.04369717 -0.00935556]] 
Episode: 566: [[-0.2487563  -0.5222769  -1.0138304   0.24807969 -0.17063694  0.
  -0.0285704   0.         -0.03670318  0.04658702]
 [ 0.22966503  0.13892128 -2.0880582   0.1417401  -0.12586816  0.
  -0.07062155  0.          0.05016179  0.05514562]
 [ 0.36946425  0.47601837 -2.0361972   0.13626456 -0.23709224  0.
  -0.02425572  0.          0.05416317  0.05755362]
 [ 0.6207445   0.35725003 -2.1446013   0.14194813 -0.3245595   0.
  -0.06674974  0.         -0.06103083  0.17158575]
 [-0.09219434 -0.7364933   1.0386984   0.12596986 -0.04514513  0.
  -0.08015084  0.          0.04369717 -0.00925393]] 
Episode: 567: [[-0.24832551 -0.5215619  -1.0142596   0.24863055 -0.16996126  0.
  -0.0284096   0.         -0.03670318  0.04641001]
 [ 0.23002033  0.1387381  -2.088236    0.14108664 -0.12570709  0.
  -0.07100687  0.          0.05016179  0.0554506 ]
 [ 0.36941555  0.47513962 -2.0361626   0.13590166 -0.23717754  0.
  -0.02474864  0.          0.05416317  0.05765465]
 [ 0.62123185  0.3568901  -2.1446893   0.14159691 -0.32450512  0.
  -0.06707192  0.         -0.06103083  0.17200072]
 [-0.0923375  -0.7363013   1.0385062   0.12660901 -0.0457653   0.
  -0.07979701  0.          0.04369717 -0.00930123]] 
Episode: 568: [[-0.2479308  -0.5209152  -1.0147197   0.24921207 -0.16936839  0.
  -0.02815662  0.         -0.03670318  0.04639168]
 [ 0.23043674  0.13860849 -2.0883405   0.14040844 -0.12554777  0.
  -0.07146437  0.          0.05016179  0.0555511 ]
 [ 0.36952218  0.4743735  -2.0360665   0.1354575  -0.23722818  0.
  -0.0252966   0.          0.05416317  0.05760536]
 [ 0.6217862   0.35660335 -2.144711    0.14114012 -0.32442802  0.
  -0.06746616  0.         -0.06103083  0.17222562]
 [-0.09248479 -0.73616785  1.0382521   0.12724775 -0.04631779  0.
  -0.07936975  0.          0.04369717 -0.00920523]] 
Episode: 569: [[-0.24761817 -0.52041507 -1.0151094   0.2496931  -0.16885546  0.
  -0.0278207   0.         -0.03670318  0.04651583]
 [ 0.23084463  0.13857873 -2.088489    0.13981284 -0.1254631   0.
  -0.07193582  0.          0.05016179  0.05562846]
 [ 0.36963853  0.4737688  -2.036028    0.13508639 -0.23733999  0.
  -0.02589409  0.          0.05416317  0.05742109]
 [ 0.6223155   0.35641104 -2.1447873   0.14074595 -0.32445055  0.
  -0.06780017  0.         -0.06103083  0.17247073]
 [-0.09270316 -0.7361271   1.0380608   0.12778495 -0.0468393   0.
  -0.07887641  0.          0.04369717 -0.00898054]] 
Episode: 570: [[-0.2474419  -0.5200205  -1.0154228   0.24991943 -0.16842921  0.
  -0.02760237  0.         -0.03670318  0.04665009]
 [ 0.2312482   0.13853635 -2.0886436   0.13941072 -0.12540345  0.
  -0.07224914  0.          0.05016179  0.05569368]
 [ 0.36981013  0.4732464  -2.0360215   0.1349474  -0.23744786  0.
  -0.02632741  0.          0.05416317  0.05723358]
 [ 0.6228149   0.35619444 -2.144872    0.14058147 -0.32449946  0.
  -0.06799633  0.         -0.06103083  0.17266868]
 [-0.09293687 -0.73611355  1.0379276   0.12809096 -0.04733196  0.
  -0.07854136  0.          0.04369717 -0.00885325]] 
Episode: 571: [[-0.24723987 -0.5196244  -1.0156935   0.2501361  -0.16805139  0.
  -0.02729762  0.         -0.03670318  0.04685086]
 [ 0.23165004  0.13849497 -2.0888023   0.13899902 -0.1253166   0.
  -0.07257167  0.          0.05016179  0.05577773]
 [ 0.36998641  0.4727598  -2.0360355   0.13476971 -0.23750904  0.
  -0.02682171  0.          0.05416317  0.0570761 ]
 [ 0.6232493   0.35604116 -2.1449761   0.14036235 -0.3244912   0.
  -0.06823646  0.         -0.06103083  0.17294793]
 [-0.09319057 -0.73608106  1.0378244   0.12839355 -0.04776155  0.
  -0.07820345  0.          0.04369717 -0.008629  ]] 
Episode: 572: [[-0.24708728 -0.5193475  -1.0159117   0.25037372 -0.16791758  0.
  -0.02713167  0.         -0.03670318  0.04717204]
 [ 0.23199566  0.13841817 -2.0889614   0.13866022 -0.12516744  0.
  -0.07275092  0.          0.05016179  0.05591729]
 [ 0.37009174  0.47231686 -2.0360558   0.13463278 -0.23744555  0.
  -0.0271622   0.          0.05416317  0.05693781]
 [ 0.623687    0.35583758 -2.1450927   0.14021957 -0.32439977  0.
  -0.06834807  0.         -0.06103083  0.17318806]
 [-0.09344824 -0.7359388   1.0377376   0.12868251 -0.04811238  0.
  -0.07800833  0.          0.04369717 -0.00856565]] 
Episode: 573: [[-0.24706355 -0.5192006  -1.0159711   0.25048175 -0.16779447  0.
  -0.0268741   0.         -0.03670318  0.0476013 ]
 [ 0.23227106  0.13845535 -2.089265    0.13845086 -0.1251166   0.
  -0.07280129  0.          0.05016179  0.05611565]
 [ 0.37013432  0.47201735 -2.036243    0.1346374  -0.23749168  0.
  -0.02736428  0.          0.05416317  0.0567195 ]
 [ 0.62404305  0.35575816 -2.1453772   0.14022605 -0.32444027  0.
  -0.06834405  0.         -0.06103083  0.17352125]
 [-0.09376532 -0.73586535  1.0378153   0.12884843 -0.04841855  0.
  -0.07787195  0.          0.04369717 -0.00839564]] 
Episode: 574: [[-0.24708349 -0.51910937 -1.0159703   0.25051156 -0.16768554  0.
  -0.02663147  0.         -0.03670318  0.04809816]
 [ 0.23254701  0.13852106 -2.0896468   0.1383238  -0.12512745  0.
  -0.07275066  0.          0.05016179  0.05631872]
 [ 0.37019065  0.4717839  -2.036518    0.1347241  -0.23759769  0.
  -0.02744181  0.          0.05416317  0.05651911]
 [ 0.6242894   0.35568205 -2.1457474   0.14031845 -0.32456267  0.
  -0.06823598  0.         -0.06103083  0.17393157]
 [-0.09405852 -0.7358685   1.0379679   0.12891567 -0.04869647  0.
  -0.0777668   0.          0.04369717 -0.00812748]] 
Episode: 575: [[-0.24688135 -0.5186451  -1.0161113   0.25081444 -0.16709426  0.
  -0.0263048   0.         -0.03670318  0.0484045 ]
 [ 0.23290968  0.1385412  -2.089857    0.13780537 -0.12508467  0.
  -0.07281599  0.          0.05016179  0.05668434]
 [ 0.3702457   0.47135827 -2.0366204   0.13457707 -0.23779692  0.
  -0.0276159   0.          0.05416317  0.05647943]
 [ 0.6245103   0.35556597 -2.1459475   0.14018089 -0.32456854  0.
  -0.06824317  0.         -0.06103083  0.17444856]
 [-0.09438948 -0.7358197   1.0379907   0.12933132 -0.04880654  0.
  -0.07756304  0.          0.04369717 -0.00784204]] 
Episode: 576: [[-0.24670726 -0.5182043  -1.0162174   0.25111717 -0.16649108  0.
  -0.02611919  0.         -0.03670318  0.04853971]
 [ 0.23328616  0.13860056 -2.0900652   0.13734134 -0.12502047  0.
  -0.07298563  0.          0.05016179  0.05686091]
 [ 0.370373    0.47099143 -2.0367343   0.1344343  -0.2379664   0.
  -0.02787685  0.          0.05416317  0.05630345]
 [ 0.6248917   0.3555808  -2.146147    0.14004837 -0.32452294  0.
  -0.06835407  0.         -0.06103083  0.17476521]
 [-0.0945647  -0.73574746  1.0380168   0.12972203 -0.04885189  0.
  -0.07748882  0.          0.04369717 -0.00761176]] 
Episode: 577: [[-0.24655546 -0.51778007 -1.016257    0.2514473  -0.16589198  0.
  -0.02606048  0.         -0.03670318  0.04852123]
 [ 0.23357101  0.13862751 -2.090313    0.13692097 -0.12497869  0.
  -0.07323832  0.          0.05016179  0.05704235]
 [ 0.37041572  0.47063285 -2.036896    0.13428415 -0.23815973  0.
  -0.02816881  0.          0.05416317  0.05626833]
 [ 0.6253612   0.35549203 -2.146383    0.13992088 -0.32450745  0.
  -0.06855829  0.         -0.06103083  0.17500095]
 [-0.09467162 -0.73569804  1.0381147   0.13012002 -0.04888517  0.
  -0.07753112  0.          0.04369717 -0.00754304]] 
Episode: 578: [[-0.24635768 -0.5178048  -1.0162785   0.25186193 -0.16574186  0.
  -0.02611593  0.         -0.03670318  0.04836475]
 [ 0.23366128  0.13887462 -2.0905957   0.13663283 -0.12498408  0.
  -0.07335485  0.          0.05016179  0.05739333]
 [ 0.3702395   0.47063044 -2.0370796   0.13421562 -0.2382825   0.
  -0.02832718  0.          0.05416317  0.05637683]
 [ 0.625616    0.35554397 -2.1466906   0.13994263 -0.32463124  0.
  -0.06863766  0.         -0.06103083  0.17536077]
 [-0.09482052 -0.7358662   1.0382812   0.13054115 -0.04920215  0.
  -0.07767826  0.          0.04369717 -0.00761942]] 
Episode: 579: [[-0.24628846 -0.5178963  -1.016217    0.25206667 -0.16563478  0.
  -0.02627409  0.         -0.03670318  0.04808434]
 [ 0.23374388  0.13911426 -2.0909643   0.13650028 -0.1250388   0.
  -0.07334889  0.          0.05016179  0.05783615]
 [ 0.37008333  0.47066283 -2.037355    0.13433161 -0.23844776  0.
  -0.02836535  0.          0.05416317  0.05661428]
 [ 0.62584764  0.35558596 -2.1470861   0.14013955 -0.32482255  0.
  -0.06860469  0.         -0.06103083  0.17583191]
 [-0.0950864  -0.73603815  1.0385339   0.13077706 -0.04949932  0.
  -0.0779197   0.          0.04369717 -0.00782611]] 
Episode: 580: [[-0.24628972 -0.5180595  -1.0160702   0.25210828 -0.16556579  0.
  -0.02652465  0.         -0.03670318  0.04769267]
 [ 0.23377815  0.139277   -2.0913892   0.13649046 -0.12516896  0.
  -0.07323276  0.          0.05016179  0.05840025]
 [ 0.3698794   0.4706957  -2.0377011   0.1345901  -0.23868407  0.
  -0.02829535  0.          0.05416317  0.05696752]
 [ 0.6260232   0.35547984 -2.1475425   0.14047885 -0.32511303  0.
  -0.06847062  0.         -0.06103083  0.17640293]
 [-0.09537648 -0.73622864  1.038848    0.1308862  -0.04978263  0.
  -0.07824598  0.          0.04369717 -0.00814982]] 
Episode: 581: [[-0.24625519 -0.518225   -1.0159305   0.2522755  -0.16581677  0.
  -0.02664189  0.         -0.03670318  0.04747997]
 [ 0.2337532   0.13940455 -2.0918262   0.13644332 -0.12521078  0.
  -0.07301752  0.          0.05016179  0.05894445]
 [ 0.36957583  0.4707235  -2.0380528   0.13474931 -0.23872589  0.
  -0.02812803  0.          0.05416317  0.05727115]
 [ 0.6261554   0.35546795 -2.1480086   0.14074314 -0.3252776   0.
  -0.0682456   0.         -0.06103083  0.17685196]
 [-0.09562059 -0.7362753   1.0391687   0.13107876 -0.05000868  0.
  -0.07864856  0.          0.04369717 -0.00857861]] 
Episode: 582: [[-0.2461041  -0.51846004 -1.0157874   0.25246334 -0.16614279  0.
  -0.02663918  0.         -0.03670318  0.04742802]
 [ 0.23384984  0.1395471  -2.0922487   0.13633132 -0.1252521   0.
  -0.07293457  0.          0.05016179  0.05924552]
 [ 0.36944485  0.47081396 -2.0384004   0.13480765 -0.23873009  0.
  -0.02808177  0.          0.05416317  0.05740435]
 [ 0.6264568   0.35540557 -2.148442    0.14087437 -0.3254647   0.
  -0.06814747  0.         -0.06103083  0.1771081 ]
 [-0.09565061 -0.7364396   1.0394942   0.13129605 -0.05036337  0.
  -0.07890183  0.          0.04369717 -0.00882652]] 
Episode: 583: [[-0.24607135 -0.51884496 -1.0154866   0.25243467 -0.16653469  0.
  -0.02674492  0.         -0.03670318  0.04727276]
 [ 0.23391548  0.13965322 -2.0927432   0.1363942  -0.1253868   0.
  -0.07274924  0.          0.05016179  0.05969974]
 [ 0.3692728   0.47095352 -2.0388472   0.1350835  -0.23882276  0.
  -0.02793583  0.          0.05416317  0.05766372]
 [ 0.6267364   0.35522968 -2.1489599   0.14121088 -0.32577494  0.
  -0.0679548   0.         -0.06103083  0.17748557]
 [-0.0957396  -0.736654    1.0399076   0.13136238 -0.0507087   0.
  -0.07923868  0.          0.04369717 -0.00918688]] 
Episode: 584: [[-0.24600248 -0.5191871  -1.0152194   0.25233462 -0.16705185  0.
  -0.02673192  0.         -0.03670318  0.04699407]
 [ 0.23399188  0.13974062 -2.0931768   0.13643107 -0.1255168   0.
  -0.07247183  0.          0.05016179  0.06022826]
 [ 0.36909854  0.47106686 -2.0392277   0.13532959 -0.23887442  0.
  -0.0277002   0.          0.05416317  0.05803637]
 [ 0.6269829   0.35508385 -2.1494117   0.14148515 -0.32608092  0.
  -0.06767707  0.         -0.06103083  0.1779719 ]
 [-0.09585343 -0.7367978   1.0402669   0.13144118 -0.05103366  0.
  -0.07962684  0.          0.04369717 -0.0096482 ]] 
Episode: 585: [[-0.2458964  -0.5193761  -1.0150129   0.2523838  -0.16752818  0.
  -0.02661208  0.         -0.03670318  0.04688247]
 [ 0.23420094  0.13976796 -2.0935102   0.1363484  -0.12555988  0.
  -0.07233286  0.          0.05016179  0.06051641]
 [ 0.36915642  0.4710838  -2.0395224   0.13538998 -0.2388268   0.
  -0.02759244  0.          0.05416317  0.05823208]
 [ 0.6273869   0.35493878 -2.1497574   0.14156485 -0.32624733  0.
  -0.06753148  0.         -0.06103083  0.17826216]
 [-0.09586204 -0.73687905  1.0405564   0.13163069 -0.05136846  0.
  -0.07986713  0.          0.04369717 -0.00992579]] 
Episode: 586: [[-0.24587768 -0.5196227  -1.0147734   0.25235036 -0.16794431  0.
  -0.02661235  0.         -0.03670318  0.04677427]
 [ 0.23436423  0.13985413 -2.0938673   0.13635075 -0.12574625  0.
  -0.07209721  0.          0.05016179  0.06090593]
 [ 0.36916938  0.4711699  -2.0398486   0.13554643 -0.2389517   0.
  -0.02739119  0.          0.05416317  0.0585472 ]
 [ 0.6276495   0.3548356  -2.1501353   0.14174776 -0.32659346  0.
  -0.06729613  0.         -0.06103083  0.17866972]
 [-0.09598316 -0.73702246  1.040889    0.13172103 -0.05163711  0.
  -0.0801923   0.          0.04369717 -0.01022826]] 
Episode: 587: [[-0.24569401 -0.5198694  -1.0143027   0.25259334 -0.16814506  0.
  -0.0267207   0.         -0.03670318  0.04653803]
 [ 0.23450932  0.14002968 -2.0942817   0.1362347  -0.1260615   0.
  -0.07177461  0.          0.05016179  0.06144105]
 [ 0.3689676   0.47133702 -2.040276    0.13546418 -0.23929115  0.
  -0.02710581  0.          0.05416317  0.05896953]
 [ 0.6280674   0.3546727  -2.150592    0.14174335 -0.32709238  0.
  -0.06698003  0.         -0.06103083  0.17918254]
 [-0.09620898 -0.73733467  1.0413554   0.13206655 -0.05193574  0.
  -0.0805938   0.          0.04369717 -0.01063739]] 
Episode: 588: [[-0.24552876 -0.5201491  -1.0138113   0.2527805  -0.16835265  0.
  -0.02671012  0.         -0.03670318  0.04646445]
 [ 0.23467293  0.14017555 -2.0947123   0.13613793 -0.1264129   0.
  -0.0715026   0.          0.05016179  0.06190314]
 [ 0.36880875  0.47150242 -2.0407264   0.13540837 -0.23966537  0.
  -0.02695325  0.          0.05416317  0.05921035]
 [ 0.62848073  0.35449174 -2.1510644   0.14174506 -0.32763708  0.
  -0.06659126  0.         -0.06103083  0.17962275]
 [-0.09642611 -0.73764724  1.0418597   0.132353   -0.05223115  0.
  -0.08084618  0.          0.04369717 -0.0108682 ]] 
Episode: 589: [[-0.24545808 -0.520462   -1.0132607   0.25276807 -0.16852987  0.
  -0.02680866  0.         -0.03670318  0.04637118]
 [ 0.2348249   0.14033124 -2.0951982   0.13616729 -0.12683648  0.
  -0.07114719  0.          0.05016179  0.06240572]
 [ 0.36866897  0.47169048 -2.0412402   0.13552894 -0.24012867  0.
  -0.02671171  0.          0.05416317  0.0595573 ]
 [ 0.62883365  0.35433012 -2.1515868   0.14190993 -0.32827598  0.
  -0.0661371   0.         -0.06103083  0.18016423]
 [-0.09669777 -0.73797464  1.0424359   0.13246365 -0.05247573  0.
  -0.08118215  0.          0.04369717 -0.01116454]] 
Episode: 590: [[-0.24517444 -0.52086335 -1.012739    0.25302747 -0.16896346  0.
  -0.02678929  0.         -0.03670318  0.0461485 ]
 [ 0.23493695  0.14045177 -2.0956995   0.1359877  -0.12724705  0.
  -0.07093804  0.          0.05016179  0.06297274]
 [ 0.36836955  0.4718729  -2.0417588   0.13541576 -0.24050821  0.
  -0.02659859  0.          0.05416317  0.06000786]
 [ 0.62917554  0.3540391  -2.1521103   0.14184059 -0.3289311   0.
  -0.06583268  0.         -0.06103083  0.1806295 ]
 [-0.09691291 -0.73829406  1.0430133   0.13281983 -0.0528019   0.
  -0.08137561  0.          0.04369717 -0.0115679 ]] 
Episode: 591: [[-0.24478956 -0.52140456 -1.0122243   0.25329104 -0.16957979  0.
  -0.02666384  0.         -0.03670318  0.04608697]
 [ 0.2349945   0.1405674  -2.096215    0.13576771 -0.12768972  0.
  -0.070715    0.          0.05016179  0.06362932]
 [ 0.3679528   0.47211748 -2.0422866   0.13524887 -0.2408686   0.
  -0.02660102  0.          0.05416317  0.06051611]
 [ 0.62944335  0.35375404 -2.1526535   0.14169806 -0.32964465  0.
  -0.06545446  0.         -0.06103083  0.18119414]
 [-0.09713106 -0.73862064  1.0436044   0.13318847 -0.05319566  0.
  -0.08144087  0.          0.04369717 -0.01204797]] 
Episode: 592: [[-0.2444777  -0.5220179  -1.0117719   0.2535327  -0.1702172   0.
  -0.02644297  0.         -0.03670318  0.04617018]
 [ 0.23503423  0.14073753 -2.0966809   0.13556507 -0.12807041  0.
  -0.07062504  0.          0.05016179  0.0641722 ]
 [ 0.36755466  0.4724394  -2.0427568   0.1350934  -0.24115194  0.
  -0.02670742  0.          0.05416317  0.06083459]
 [ 0.6296324   0.35357216 -2.1531518   0.14156348 -0.33026904  0.
  -0.06521836  0.         -0.06103083  0.18166146]
 [-0.09738977 -0.73898315  1.0441244   0.13352524 -0.05357768  0.
  -0.08139078  0.          0.04369717 -0.01234288]] 
Episode: 593: [[-0.24427074 -0.5226036  -1.0113285   0.25368077 -0.17080635  0.
  -0.02621131  0.         -0.03670318  0.04632351]
 [ 0.23509905  0.14090328 -2.0971167   0.13542974 -0.12840697  0.
  -0.07043341  0.          0.05016179  0.0646678 ]
 [ 0.3672362   0.47275653 -2.043206    0.1350215  -0.24139863  0.
  -0.02669897  0.          0.05416317  0.06110642]
 [ 0.62977374  0.35337806 -2.1536124   0.14151108 -0.3308259   0.
  -0.06490164  0.         -0.06103083  0.18216158]
 [-0.0977007  -0.73938835  1.0446275   0.13377449 -0.0539421   0.
  -0.08144195  0.          0.04369717 -0.01251271]] 
Episode: 594: [[-0.24414536 -0.52321875 -1.0109524   0.25405326 -0.17127152  0.
  -0.02611093  0.         -0.03670318  0.04659981]
 [ 0.23524398  0.1411401  -2.0974286   0.13525061 -0.12862171  0.
  -0.07037164  0.          0.05016179  0.06492729]
 [ 0.3671239   0.4731509  -2.043543    0.13482426 -0.24151865  0.
  -0.02679556  0.          0.05416317  0.06121233]
 [ 0.6300834   0.35324788 -2.153951    0.14139208 -0.3311882   0.
  -0.06472085  0.         -0.06103083  0.18246469]
 [-0.09788743 -0.7398947   1.0450128   0.13416614 -0.05432466  0.
  -0.08137921  0.          0.04369717 -0.01252879]] 
Episode: 595: [[-0.24408457 -0.52379787 -1.0105497   0.2543844  -0.17151406  0.
  -0.02612868  0.         -0.03670318  0.04670993]
 [ 0.23530883  0.14142948 -2.0977523   0.13515805 -0.12890609  0.
  -0.07020544  0.          0.05016179  0.06534503]
 [ 0.36686915  0.4735371  -2.0438938   0.13472235 -0.24179924  0.
  -0.0267783   0.          0.05416317  0.0614459 ]
 [ 0.63036287  0.35319173 -2.1543095   0.14138255 -0.3316179   0.
  -0.06445393  0.         -0.06103083  0.18288338]
 [-0.09818046 -0.7403009   1.0454141   0.13449243 -0.05454039  0.
  -0.08143153  0.          0.04369717 -0.01267972]] 
Episode: 596: [[-0.2440826  -0.5243534  -1.0101594   0.2546085  -0.17175665  0.
  -0.02625268  0.         -0.03670318  0.04676457]
 [ 0.23537531  0.14169689 -2.0980825   0.13513102 -0.12919392  0.
  -0.06994528  0.          0.05016179  0.06579293]
 [ 0.36664477  0.4739078  -2.0442476   0.13471022 -0.24208324  0.
  -0.02665858  0.          0.05416317  0.06176449]
 [ 0.6305567   0.3530993  -2.1546738   0.14145203 -0.33205605  0.
  -0.0641095   0.         -0.06103083  0.18339062]
 [-0.09850564 -0.7407055   1.0458224   0.13471504 -0.05475098  0.
  -0.08158735  0.          0.04369717 -0.01286971]] 
Episode: 597: [[-0.2441502  -0.5248729  -1.0098057   0.25480324 -0.17196706  0.
  -0.02647229  0.         -0.03670318  0.04682478]
 [ 0.23547067  0.14197649 -2.0983794   0.13513122 -0.1294665   0.
  -0.06975944  0.          0.05016179  0.06615309]
 [ 0.36650226  0.47427607 -2.044562    0.13472557 -0.24235588  0.
  -0.0266055   0.          0.05416317  0.06198199]
 [ 0.6307965   0.35301262 -2.155004    0.1415476  -0.33246326  0.
  -0.06390376  0.         -0.06103083  0.18375959]
 [-0.09893171 -0.7411313   1.046188    0.13490069 -0.05493661  0.
  -0.08183629  0.          0.04369717 -0.01302384]] 
Episode: 598: [[-0.24427947 -0.52541393 -1.0093848   0.25494453 -0.17215313  0.
  -0.0265619   0.         -0.03670318  0.04701735]
 [ 0.23556907  0.14227676 -2.098747    0.13517834 -0.12981088  0.
  -0.06948156  0.          0.05016179  0.0664617 ]
 [ 0.36638492  0.474668   -2.0449517   0.13479652 -0.2427176   0.
  -0.02645348  0.          0.05416317  0.06207041]
 [ 0.63108546  0.35293692 -2.155398    0.14169973 -0.3329711   0.
  -0.0636144   0.         -0.06103083  0.18414882]
 [-0.09934345 -0.7416079   1.0466404   0.13503401 -0.05512488  0.
  -0.08195159  0.          0.04369717 -0.01302582]] 
Episode: 599: [[-0.24450132 -0.52591735 -1.0090114   0.25515568 -0.1722892   0.
  -0.02653455  0.         -0.03670318  0.04732879]
 [ 0.23566286  0.1425934  -2.0991004   0.13521492 -0.13021639  0.
  -0.06912088  0.          0.05016179  0.0667543 ]
 [ 0.36626086  0.4750514  -2.0453122   0.13483387 -0.24316302  0.
  -0.02621244  0.          0.05416317  0.06201168]
 [ 0.6314135   0.3528937  -2.1558053   0.14183594 -0.33356044  0.
  -0.06324981  0.         -0.06103083  0.18446429]
 [-0.0998172  -0.7420398   1.0470148   0.1352095  -0.05529981  0.
  -0.08207151  0.          0.04369717 -0.01307074]] 
Episode: 600: [[-0.24472259 -0.52637917 -1.008563    0.25556087 -0.1722093   0.
  -0.02661791  0.         -0.03670318  0.04774696]
 [ 0.23574032  0.14293544 -2.0994482   0.13520662 -0.13064209  0.
  -0.06868572  0.          0.05016179  0.06685802]
 [ 0.36611876  0.47544008 -2.0456882   0.13476424 -0.2436907   0.
  -0.02589128  0.          0.05416317  0.06182078]
 [ 0.63186264  0.35283506 -2.1562016   0.14191322 -0.3341605   0.
  -0.06281753  0.         -0.06103083  0.18460162]
 [-0.10013322 -0.7425028   1.0474228   0.13552049 -0.05542356  0.
  -0.0821408   0.          0.04369717 -0.01297452]] 
Episode: 601: [[-0.24470037 -0.5268833  -1.0083115   0.25619096 -0.17245857  0.
  -0.02658497  0.         -0.03670318  0.04826096]
 [ 0.23576738  0.14328286 -2.0997407   0.13492317 -0.1309742   0.
  -0.06840476  0.          0.05016179  0.06704745]
 [ 0.36581442  0.47587875 -2.0459645   0.13448045 -0.24400727  0.
  -0.02570649  0.          0.05416317  0.061765  ]
 [ 0.632186    0.35280284 -2.1565561   0.14176482 -0.33468363  0.
  -0.06253269  0.         -0.06103083  0.18487112]
 [-0.10034166 -0.7429563   1.0476785   0.13613573 -0.05571038  0.
  -0.08209424  0.          0.04369717 -0.01294279]] 
Episode: 602: [[-0.24465829 -0.5275369  -1.0078989   0.2566589  -0.17292543  0.
  -0.02644741  0.         -0.03670318  0.04886097]
 [ 0.23578888  0.14364721 -2.1001034   0.13469186 -0.1312946   0.
  -0.06804141  0.          0.05016179  0.06730773]
 [ 0.36544698  0.4763627  -2.046345    0.1342754  -0.24426655  0.
  -0.02557646  0.          0.05416317  0.0617926 ]
 [ 0.6325551   0.3527905  -2.1569636   0.14165555 -0.33521083  0.
  -0.06217219  0.         -0.06103083  0.18517344]
 [-0.1006867  -0.7433678   1.0480677   0.13667023 -0.05605828  0.
  -0.08194347  0.          0.04369717 -0.01305083]] 
Episode: 603: [[-0.24473807 -0.52818656 -1.0074946   0.25704175 -0.17332818  0.
  -0.02643153  0.         -0.03670318  0.0495382 ]
 [ 0.23579049  0.14408684 -2.1005335   0.13454717 -0.13164875  0.
  -0.06773935  0.          0.05016179  0.06749166]
 [ 0.36511734  0.476895   -2.046781    0.13416661 -0.24458025  0.
  -0.02546875  0.          0.05416317  0.06169009]
 [ 0.6328904   0.35287055 -2.1574564   0.14164872 -0.33577853  0.
  -0.06195192  0.         -0.06103083  0.18541224]
 [-0.10107399 -0.74386364  1.0484612   0.13710263 -0.05637125  0.
  -0.08191667  0.          0.04369717 -0.01301153]] 
Episode: 604: [[-0.24480742 -0.52875924 -1.0070926   0.25744587 -0.17378673  0.
  -0.02630935  0.         -0.03670318  0.05000948]
 [ 0.2358012   0.14448659 -2.1009562   0.13439806 -0.13198516  0.
  -0.06735691  0.          0.05016179  0.06773364]
 [ 0.3648294   0.4773652  -2.0472078   0.13403268 -0.24486098  0.
  -0.0252674   0.          0.05416317  0.06173578]
 [ 0.63320917  0.352972   -2.1579452   0.14162186 -0.33632195  0.
  -0.06164956  0.         -0.06103083  0.18570639]
 [-0.10142467 -0.74426407  1.04884     0.13753563 -0.05665693  0.
  -0.08200138  0.          0.04369717 -0.01311251]] 
Episode: 605: [[-0.24488217 -0.5292763  -1.0067198   0.25784183 -0.17420866  0.
  -0.02623261  0.         -0.03670318  0.05044928]
 [ 0.23581697  0.14488026 -2.1014154   0.13425419 -0.13223393  0.
  -0.06712342  0.          0.05016179  0.06787521]
 [ 0.36459222  0.4778119  -2.0476604   0.13389076 -0.24505293  0.
  -0.02519061  0.          0.05416317  0.06166938]
 [ 0.63367486  0.35315022 -2.1584864   0.14157777 -0.33673444  0.
  -0.06148159  0.         -0.06103083  0.18582462]
 [-0.10170922 -0.7446366   1.049189    0.13795796 -0.05693675  0.
  -0.08207294  0.          0.04369717 -0.01314855]] 
Episode: 606: [[-0.24511714 -0.5297926  -1.0063592   0.25812367 -0.17463365  0.
  -0.02627153  0.         -0.03670318  0.05070708]
 [ 0.23577857  0.14516862 -2.1018894   0.13422932 -0.13247395  0.
  -0.06680273  0.          0.05016179  0.06812033]
 [ 0.36432466  0.47819954 -2.0481217   0.13389276 -0.24523516  0.
  -0.02501711  0.          0.05416317  0.06174738]
 [ 0.63398296  0.3531325  -2.1590483   0.14168604 -0.33715403  0.
  -0.06122631  0.         -0.06103083  0.18601482]
 [-0.10218432 -0.7450475   1.0495399   0.13825147 -0.05728813  0.
  -0.08224626  0.          0.04369717 -0.01331725]] 
Episode: 607: [[-0.24517477 -0.5304834  -1.0059245   0.2586005  -0.17533952  0.
  -0.0261986   0.         -0.03670318  0.05107637]
 [ 0.23572446  0.14560136 -2.1023607   0.13401546 -0.13261375  0.
  -0.06662476  0.          0.05016179  0.06836271]
 [ 0.36397836  0.47873965 -2.0486014   0.13367355 -0.24523383  0.
  -0.02496537  0.          0.05416317  0.06167994]
 [ 0.63426054  0.3531782  -2.1595712   0.14156587 -0.33751208  0.
  -0.06110069  0.         -0.06103083  0.18631455]
 [-0.10265296 -0.7456032   1.0499566   0.13871856 -0.05787897  0.
  -0.08229331  0.          0.04369717 -0.01333277]] 
Episode: 608: [[-0.24526325 -0.5311168  -1.0055271   0.2590301  -0.17597197  0.
  -0.0262409   0.         -0.03670318  0.05135794]
 [ 0.23570298  0.1460036  -2.102817    0.13383843 -0.13275248  0.
  -0.06641684  0.          0.05016179  0.06854683]
 [ 0.36371288  0.4792432  -2.0490582   0.13349013 -0.24524686  0.
  -0.02481442  0.          0.05416317  0.06158905]
 [ 0.63460076  0.35322517 -2.1600711   0.1414731  -0.33784902  0.
  -0.06106956  0.         -0.06103083  0.1865317 ]
 [-0.1031024  -0.74613523  1.0503393   0.13913259 -0.05840487  0.
  -0.08244453  0.          0.04369717 -0.01339841]] 
Episode: 609: [[-0.2453184  -0.5317761  -1.005239    0.25954437 -0.17662923  0.
  -0.02638688  0.         -0.03670318  0.05147364]
 [ 0.23569258  0.14648968 -2.1032054   0.13364343 -0.13282436  0.
  -0.06629418  0.          0.05016179  0.06868427]
 [ 0.36347255  0.4798213  -2.0494285   0.13325563 -0.24517506  0.
  -0.02477365  0.          0.05416317  0.06150633]
 [ 0.63492984  0.35343158 -2.1604896   0.14134546 -0.33811057  0.
  -0.06114569  0.         -0.06103083  0.18662307]
 [-0.10351297 -0.74667954  1.0506316   0.13955119 -0.05897315  0.
  -0.08267949  0.          0.04369717 -0.01344123]] 
Episode: 610: [[-0.24519593 -0.5323696  -1.0053085   0.26027    -0.17747535  0.
  -0.02641034  0.         -0.03670318  0.05144034]
 [ 0.23564428  0.14699624 -2.1034527   0.1332652  -0.13278979  0.
  -0.06629451  0.          0.05016179  0.06899317]
 [ 0.36311173  0.4803816  -2.0495734   0.13282505 -0.24494618  0.
  -0.02484135  0.          0.05416317  0.06156968]
 [ 0.6352432   0.3537184  -2.1607733   0.14101431 -0.33824268  0.
  -0.06131833  0.         -0.06103083  0.18679747]
 [-0.10392286 -0.74715155  1.0507187   0.14015256 -0.05953569  0.
  -0.08278203  0.          0.04369717 -0.01361601]] 
Episode: 611: [[-0.2451474  -0.5328288  -1.0050851   0.2608065  -0.17819233  0.
  -0.02653933  0.         -0.03670318  0.0512732 ]
 [ 0.23559399  0.14729905 -2.1038218   0.13304248 -0.13284177  0.
  -0.06618413  0.          0.05016179  0.06937626]
 [ 0.36275908  0.48074242 -2.049894    0.13259035 -0.244859    0.
  -0.0247979   0.          0.05416317  0.06176423]
 [ 0.63561535  0.35374615 -2.1611626   0.14088576 -0.33845773  0.
  -0.06136956  0.         -0.06103083  0.18709539]
 [-0.10427772 -0.74749565  1.0509905   0.14061873 -0.05997531  0.
  -0.08298315  0.          0.04369717 -0.01390933]] 
Episode: 612: [[-0.24498391 -0.5333086  -1.0046681   0.26102215 -0.17876315  0.
  -0.02676325  0.         -0.03670318  0.05098586]
 [ 0.23546864  0.14759472 -2.1042902   0.13299833 -0.13305472  0.
  -0.06597416  0.          0.05016179  0.06990515]
 [ 0.36222926  0.48108557 -2.0503402   0.1325992  -0.24500364  0.
  -0.02465443  0.          0.05416317  0.06207659]
 [ 0.6358705   0.3537879  -2.161653    0.14097501 -0.33886257  0.
  -0.06131156  0.         -0.06103083  0.18750909]
 [-0.10456618 -0.7477363   1.0513875   0.14088263 -0.06025227  0.
  -0.08327295  0.          0.04369717 -0.0143091 ]] 
Episode: 613: [[-0.24483436 -0.5337768  -1.0041224   0.26122668 -0.17932199  0.
  -0.02707257  0.         -0.03670318  0.05059057]
 [ 0.23532803  0.14779826 -2.1048021   0.13301057 -0.13327451  0.
  -0.0656746   0.          0.05016179  0.07046878]
 [ 0.36164615  0.48135775 -2.0508435   0.13265873 -0.24517258  0.
  -0.02442096  0.          0.05416317  0.06249477]
 [ 0.6361676   0.35371503 -2.162175    0.14113152 -0.33926737  0.
  -0.06115526  0.         -0.06103083  0.18795568]
 [-0.10481388 -0.7479239   1.0518553   0.14110899 -0.06051835  0.
  -0.08364251  0.          0.04369717 -0.01480447]] 
Episode: 614: [[-0.24472684 -0.53416795 -1.0036101   0.26142535 -0.17978093  0.
  -0.02745873  0.         -0.03670318  0.05009834]
 [ 0.23516941  0.14791614 -2.1053421   0.13303417 -0.13352819  0.
  -0.06529447  0.          0.05016179  0.07100462]
 [ 0.3610912   0.48154455 -2.0513692   0.13271956 -0.24539787  0.
  -0.02410652  0.          0.05416317  0.06296583]
 [ 0.6365209   0.35351545 -2.1627536   0.14128949 -0.33968678  0.
  -0.06109096  0.         -0.06103083  0.18834762]
 [-0.10506455 -0.7480737   1.0523127   0.14133073 -0.06069949  0.
  -0.08408383  0.          0.04369717 -0.01538567]] 
Episode: 615: [[-0.24475303 -0.53460044 -1.0030758   0.26156595 -0.18023127  0.
  -0.02769842  0.         -0.03670318  0.04979242]
 [ 0.23498468  0.14812893 -2.1059408   0.13309415 -0.1337566   0.
  -0.06504498  0.          0.05016179  0.07145623]
 [ 0.36054364  0.4818177  -2.0519538   0.1328249  -0.24559766  0.
  -0.02392789  0.          0.05416317  0.06325217]
 [ 0.6367046   0.35340312 -2.1633852   0.14148007 -0.3400828   0.
  -0.06110381  0.         -0.06103083  0.18884589]
 [-0.10549623 -0.748362    1.0528722   0.14148806 -0.06093995  0.
  -0.08437219  0.          0.04369717 -0.01577261]] 
Episode: 616: [[-0.24485241 -0.53503156 -1.0025557   0.26166537 -0.18063442  0.
  -0.02780632  0.         -0.03670318  0.04965391]
 [ 0.23482308  0.14834654 -2.1065931   0.13318594 -0.13399298  0.
  -0.06486963  0.          0.05016179  0.07182398]
 [ 0.36005905  0.4820983  -2.0525856   0.13296542 -0.24581626  0.
  -0.02387145  0.          0.05416317  0.06338391]
 [ 0.6368975   0.35325515 -2.1640873   0.14170012 -0.340496    0.
  -0.06120774  0.         -0.06103083  0.18927798]
 [-0.10592178 -0.7486963   1.0534235   0.14159319 -0.06118689  0.
  -0.08452291  0.          0.04369717 -0.01599657]] 
Episode: 617: [[-0.24513349 -0.53556615 -1.0019711   0.26165324 -0.1809869   0.
  -0.02779566  0.         -0.03670318  0.04966578]
 [ 0.23465814  0.148606   -2.107372    0.13336274 -0.1343284   0.
  -0.06482255  0.          0.05016179  0.07203021]
 [ 0.35962147  0.48246393 -2.053348    0.13321568 -0.2461565   0.
  -0.02392498  0.          0.05416317  0.06336539]
 [ 0.63704664  0.35304058 -2.1649292   0.14201747 -0.34104434  0.
  -0.06140548  0.         -0.06103083  0.18968605]
 [-0.1064246  -0.7491986   1.0540788   0.14157528 -0.06142831  0.
  -0.08454982  0.          0.04369717 -0.01606249]] 
Episode: 618: [[-0.24525653 -0.53577393 -1.0015849   0.26190582 -0.18125902  0.
  -0.02767832  0.         -0.03670318  0.04977911]
 [ 0.23452456  0.14877395 -2.108019    0.13327609 -0.13453409  0.
  -0.06489083  0.          0.05016179  0.07211815]
 [ 0.35922098  0.4826457  -2.0539567   0.13322106 -0.24636607  0.
  -0.02407746  0.          0.05416317  0.06321188]
 [ 0.6371052   0.35283044 -2.1656518   0.14208667 -0.3414363   0.
  -0.06168763  0.         -0.06103083  0.19006512]
 [-0.10673119 -0.7495955   1.0545219   0.14182916 -0.06173258  0.
  -0.08446535  0.          0.04369717 -0.01598644]] 
Episode: 619: [[-0.24514772 -0.5360064  -1.0014619   0.2623934  -0.18194138  0.
  -0.02746502  0.         -0.03670318  0.0500173 ]
 [ 0.23469575  0.14885463 -2.1085103   0.13280137 -0.13471343  0.
  -0.0650629   0.          0.05016179  0.07201207]
 [ 0.35907584  0.48280212 -2.0543792   0.13300784 -0.24637319  0.
  -0.02431897  0.          0.05416317  0.06293713]
 [ 0.63734174  0.35248294 -2.1662183   0.14193426 -0.3418781   0.
  -0.06204574  0.         -0.06103083  0.19025962]
 [-0.10677949 -0.7499667   1.0546868   0.14239804 -0.06241003  0.
  -0.08428066  0.          0.04369717 -0.01578284]] 
Episode: 620: [[-0.24502811 -0.5362601  -1.0013133   0.26275    -0.18256606  0.
  -0.02716538  0.         -0.03670318  0.05016296]
 [ 0.23484558  0.14891323 -2.1089923   0.13240874 -0.13493647  0.
  -0.06510713  0.          0.05016179  0.07199923]
 [ 0.35890082  0.4829397  -2.0547957   0.13287264 -0.24645334  0.
  -0.02443203  0.          0.05416317  0.06282669]
 [ 0.63755345  0.35211924 -2.166771    0.14185117 -0.3423588   0.
  -0.06226382  0.         -0.06103083  0.1905386 ]
 [-0.10681397 -0.75027347  1.0548567   0.14288971 -0.06297693  0.
  -0.0842098   0.          0.04369717 -0.01573486]] 
Episode: 621: [[-0.2447778  -0.5366372  -1.0012201   0.26330793 -0.1831854   0.
  -0.02678807  0.         -0.03670318  0.0501577 ]
 [ 0.23502144  0.14910854 -2.1094143   0.13187268 -0.13514179  0.
  -0.0652575   0.          0.05016179  0.07199641]
 [ 0.35875097  0.48323634 -2.0551405   0.13253415 -0.24652368  0.
  -0.02463804  0.          0.05416317  0.06275423]
 [ 0.63777375  0.3518002  -2.167226    0.14156291 -0.34281588  0.
  -0.06256426  0.         -0.06103083  0.19081828]
 [-0.10687011 -0.7507207   1.0550349   0.14348671 -0.06349957  0.
  -0.08403737  0.          0.04369717 -0.01555675]] 
Episode: 622: [[-0.2446116  -0.5369637  -1.0012743   0.26384136 -0.18373671  0.
  -0.02655622  0.         -0.03670318  0.05017702]
 [ 0.23521659  0.14927769 -2.109696    0.13138066 -0.1353179   0.
  -0.06534053  0.          0.05016179  0.07196078]
 [ 0.3586831   0.48349857 -2.0553284   0.13221258 -0.2465747   0.
  -0.02471917  0.          0.05416317  0.06263952]
 [ 0.63795847  0.3514945  -2.1675346   0.1412891  -0.3432147   0.
  -0.06279933  0.         -0.06103083  0.1910258 ]
 [-0.10698597 -0.7511478   1.0550802   0.14402626 -0.06397273  0.
  -0.08399086  0.          0.04369717 -0.01534904]] 
Episode: 623: [[-0.24448524 -0.53723615 -1.0012169   0.26426253 -0.18418421  0.
  -0.02645523  0.         -0.03670318  0.05005814]
 [ 0.23540676  0.14935315 -2.110075    0.13101816 -0.13553016  0.
  -0.06530461  0.          0.05016179  0.07196316]
 [ 0.35861087  0.48366958 -2.055627    0.13202167 -0.24670024  0.
  -0.02468793  0.          0.05416317  0.06267309]
 [ 0.63818294  0.3510927  -2.1679318   0.14114928 -0.34365392  0.
  -0.06290662  0.         -0.06103083  0.19119188]
 [-0.10698427 -0.7514988   1.0552464   0.14445013 -0.06439155  0.
  -0.08405762  0.          0.04369717 -0.01529723]] 
Episode: 624: [[-0.24443164 -0.5373918  -1.0012006   0.26467818 -0.18458109  0.
  -0.02625673  0.         -0.03670318  0.05008737]
 [ 0.23565274  0.14935347 -2.1104357   0.13063599 -0.13564098  0.
  -0.06538291  0.          0.05016179  0.07188437]
 [ 0.3586608   0.48376238 -2.055908    0.13178001 -0.2467267   0.
  -0.02476406  0.          0.05416317  0.06256669]
 [ 0.6384857   0.35068098 -2.1683116   0.1409345  -0.3439498   0.
  -0.06310742  0.         -0.06103083  0.19128345]
 [-0.10705317 -0.7518385   1.0553687   0.14486216 -0.06483486  0.
  -0.0840091   0.          0.04369717 -0.0151158 ]] 
Episode: 625: [[-0.244459   -0.537557   -1.0011699   0.26501706 -0.18497114  0.
  -0.02597049  0.         -0.03670318  0.05024965]
 [ 0.23589689  0.1493821  -2.110767    0.13029486 -0.13569325  0.
  -0.06556393  0.          0.05016179  0.07175305]
 [ 0.3587361   0.4838737  -2.056171    0.13157353 -0.24669476  0.
  -0.0249368   0.          0.05416317  0.06233456]
 [ 0.63874     0.3503134  -2.1686587   0.14073634 -0.3441644   0.
  -0.06339236  0.         -0.06103083  0.19133179]
 [-0.10719075 -0.7522025   1.0554899   0.14521849 -0.06529449  0.
  -0.08385687  0.          0.04369717 -0.01482451]] 
Episode: 626: [[-0.2444689  -0.5376832  -1.0011014   0.26534945 -0.18532416  0.
  -0.02560534  0.         -0.03670318  0.05028731]
 [ 0.2360603   0.14939451 -2.1111453   0.1299615  -0.13572943  0.
  -0.06583738  0.          0.05016179  0.07173361]
 [ 0.35867268  0.4839421  -2.0564868   0.13135284 -0.24666844  0.
  -0.02519649  0.          0.05416317  0.06226217]
 [ 0.6390109   0.34995705 -2.1690629   0.14050853 -0.34436107  0.
  -0.06375303  0.         -0.06103083  0.19152194]
 [-0.10741863 -0.75251234  1.055656    0.14556827 -0.06578266  0.
  -0.08361132  0.          0.04369717 -0.01467031]] 
Episode: 627: [[-0.24439126 -0.537774   -1.0010415   0.26564482 -0.18563677  0.
  -0.02516918  0.         -0.03670318  0.05045701]
 [ 0.23631531  0.14941584 -2.1115277   0.12962934 -0.13579136  0.
  -0.06619395  0.          0.05016179  0.07156447]
 [ 0.35872498  0.4840055  -2.0568085   0.13112102 -0.24667194  0.
  -0.0255344   0.          0.05416317  0.06206087]
 [ 0.6393973   0.3496922  -2.1694696   0.14024775 -0.34457973  0.
  -0.06418183  0.         -0.06103083  0.19154634]
 [-0.1074796  -0.7527581   1.0557843   0.14587979 -0.06619575  0.
  -0.08328183  0.          0.04369717 -0.0144072 ]] 
Episode: 628: [[-0.2443532  -0.53784174 -1.0009722   0.26593366 -0.18589656  0.
  -0.02488426  0.         -0.03670318  0.05047389]
 [ 0.23650484  0.14945096 -2.1118917   0.12933196 -0.13584499  0.
  -0.06640428  0.          0.05016179  0.07148935]
 [ 0.35872534  0.48406586 -2.0571165   0.13090746 -0.24667954  0.
  -0.02573428  0.          0.05416317  0.06201595]
 [ 0.63975334  0.34951842 -2.1698604   0.14002162 -0.34475416  0.
  -0.06446349  0.         -0.06103083  0.19166178]
 [-0.10756391 -0.7529494   1.0559263   0.14619313 -0.06651867  0.
  -0.08309387  0.          0.04369717 -0.01430513]] 
Episode: 629: [[-0.24431059 -0.53798777 -1.0008603   0.26607898 -0.18615238  0.
  -0.02453377  0.         -0.03670318  0.05050352]
 [ 0.23670326  0.14955178 -2.1122556   0.12910052 -0.13594231  0.
  -0.06655785  0.          0.05016179  0.07144991]
 [ 0.35873488  0.4841973  -2.0574374   0.13078284 -0.24673899  0.
  -0.02584992  0.          0.05416317  0.06200444]
 [ 0.6400774   0.3494024  -2.1702569   0.13985343 -0.34498176  0.
  -0.06461275  0.         -0.06103083  0.19183062]
 [-0.10767684 -0.7531812   1.0560904   0.1464096  -0.06680984  0.
  -0.08289054  0.          0.04369717 -0.0141944 ]] 
Episode: 630: [[-0.24429575 -0.5381061  -1.0007541   0.2662018  -0.18638064  0.
  -0.02430234  0.         -0.03670318  0.05056768]
 [ 0.23689568  0.1496662  -2.112612    0.12890314 -0.13600925  0.
  -0.06676822  0.          0.05016179  0.07140621]
 [ 0.35876364  0.48432568 -2.0577512   0.13068464 -0.24677214  0.
  -0.02605824  0.          0.05416317  0.06197279]
 [ 0.6403608   0.3493799  -2.1706486   0.13971832 -0.34515804  0.
  -0.06485128  0.         -0.06103083  0.19198924]
 [-0.10780919 -0.75335956  1.0562462   0.14658952 -0.06706075  0.
  -0.08281618  0.          0.04369717 -0.0140504 ]] 
Episode: 631: [[-0.24431354 -0.5382124  -1.0006316   0.26625407 -0.18659125  0.
  -0.02419428  0.         -0.03670318  0.05058904]
 [ 0.23710395  0.14979511 -2.1129847   0.12876049 -0.13610439  0.
  -0.06686506  0.          0.05016179  0.07137925]
 [ 0.35882023  0.48444742 -2.0580838   0.13064855 -0.24684462  0.
  -0.02614147  0.          0.05416317  0.06196542]
 [ 0.6406073   0.349385   -2.1710553   0.13963644 -0.3453727   0.
  -0.06496174  0.         -0.06103083  0.1921175 ]
 [-0.107967   -0.7535138   1.0564258   0.1466933  -0.06728953  0.
  -0.0828232   0.          0.04369717 -0.01394461]] 
Episode: 632: [[-0.24438392 -0.53831047 -1.000509    0.26630527 -0.18677396  0.
  -0.02420461  0.         -0.03670318  0.05057979]
 [ 0.23726451  0.14991954 -2.113338    0.12864736 -0.1362021   0.
  -0.0668458   0.          0.05016179  0.07141623]
 [ 0.35883373  0.48456404 -2.0584002   0.13063088 -0.24692829  0.
  -0.02611212  0.          0.05416317  0.06204964]
 [ 0.6408043   0.34938583 -2.1714537   0.13958788 -0.34557173  0.
  -0.06495697  0.         -0.06103083  0.19235203]
 [-0.10818999 -0.7536571   1.0566033   0.14679262 -0.06747557  0.
  -0.08293816  0.          0.04369717 -0.01391999]] 
Episode: 633: [[-0.24448846 -0.5384139  -1.0004082   0.26631296 -0.18693629  0.
  -0.02411476  0.         -0.03670318  0.05065681]
 [ 0.2374643   0.15009128 -2.1136622   0.12857014 -0.13629633  0.
  -0.06690861  0.          0.05016179  0.07141312]
 [ 0.35891742  0.48471484 -2.058685    0.13065098 -0.24701066  0.
  -0.02618994  0.          0.05416317  0.06205666]
 [ 0.6409612   0.3494401  -2.171823    0.13957122 -0.34576038  0.
  -0.06505685  0.         -0.06103083  0.1926016 ]
 [-0.10845927 -0.7538527   1.0567465   0.14683452 -0.06764924  0.
  -0.08295746  0.          0.04369717 -0.01376298]] 
Episode: 634: [[-0.24448061 -0.53861505 -1.0001701   0.26612005 -0.1872239   0.
  -0.02414147  0.         -0.03670318  0.0505899 ]
 [ 0.23757993  0.15011835 -2.1140778   0.12865825 -0.13641958  0.
  -0.06685445  0.          0.05016179  0.07159638]
 [ 0.35878727  0.48478997 -2.0590808   0.1308845  -0.24709523  0.
  -0.02615575  0.          0.05416317  0.06219945]
 [ 0.6412395   0.34929544 -2.1722808   0.1397656  -0.3460013   0.
  -0.06504256  0.         -0.06103083  0.1929728 ]
 [-0.10870792 -0.7538674   1.0570104   0.14674173 -0.06782068  0.
  -0.08308347  0.          0.04369717 -0.01375654]] 
Episode: 635: [[-0.24469388 -0.5389889  -0.9998547   0.2658245  -0.18736961  0.
  -0.02427305  0.         -0.03670318  0.05066577]
 [ 0.2376572   0.15031973 -2.1145818   0.1289367  -0.13670315  0.
  -0.06669506  0.          0.05016179  0.07167064]
 [ 0.3586904   0.48505697 -2.0595672   0.13131161 -0.24739397  0.
  -0.02602077  0.          0.05416317  0.06219149]
 [ 0.64162076  0.3491327  -2.1728363   0.14015412 -0.34644267  0.
  -0.06492556  0.         -0.06103083  0.19324821]
 [-0.10915698 -0.7540683   1.0573554   0.14652175 -0.06791845  0.
  -0.08330549  0.          0.04369717 -0.01361612]] 
Episode: 636: [[-0.24488696 -0.5392665  -0.99946684  0.26537806 -0.1873953   0.
  -0.02449899  0.         -0.03670318  0.05059808]
 [ 0.23765087  0.15048937 -2.1151037   0.12933566 -0.13703348  0.
  -0.06644101  0.          0.05016179  0.07192291]
 [ 0.35846606  0.48524195 -2.0600924   0.13189961 -0.24778159  0.
  -0.02579509  0.          0.05416317  0.06232056]
 [ 0.64189434  0.34895527 -2.1734107   0.14070854 -0.34692872  0.
  -0.06471612  0.         -0.06103083  0.19364254]
 [-0.10950638 -0.7542222   1.0577581   0.14619228 -0.06797009  0.
  -0.08361386  0.          0.04369717 -0.01362437]] 
Episode: 637: [[-0.24511653 -0.53954625 -0.9989737   0.26489365 -0.18720861  0.
  -0.02480981  0.         -0.03670318  0.05040141]
 [ 0.23758702  0.15068866 -2.1156683   0.12981564 -0.13749322  0.
  -0.06610182  0.          0.05016179  0.07228381]
 [ 0.35815236  0.4854421  -2.0606759   0.13257577 -0.24837245  0.
  -0.0254878   0.          0.05416317  0.06257272]
 [ 0.64222634  0.3488108  -2.1740148   0.14136983 -0.34755307  0.
  -0.06442352  0.         -0.06103083  0.1941309 ]
 [-0.10982317 -0.75432855  1.0582696   0.14580558 -0.06790019  0.
  -0.08399992  0.          0.04369717 -0.0137662 ]] 
Episode: 638: [[-0.2451025  -0.539839   -0.99855     0.26472035 -0.18723564  0.
  -0.02498201  0.         -0.03670318  0.05036024]
 [ 0.23754829  0.15105541 -2.116045    0.12989148 -0.1377203   0.
  -0.0659072   0.          0.05016179  0.07242283]
 [ 0.35782692  0.48577106 -2.0610757   0.13296601 -0.24864976  0.
  -0.02531546  0.          0.05416317  0.06266347]
 [ 0.64263904  0.3488731  -2.1743197   0.14175045 -0.3479523   0.
  -0.06426432  0.         -0.06103083  0.19442342]
 [-0.10997446 -0.7546009   1.0587304   0.14580351 -0.06820442  0.
  -0.08423875  0.          0.04369717 -0.01375944]] 
Episode: 639: [[-0.24514273 -0.54008645 -0.9982097   0.26448372 -0.18725331  0.
  -0.02524444  0.         -0.03670318  0.05018767]
 [ 0.23756371  0.15138161 -2.1163845   0.12999058 -0.13783297  0.
  -0.06584263  0.          0.05016179  0.07260049]
 [ 0.35760644  0.48606163 -2.061426    0.13336925 -0.24880418  0.
  -0.02526454  0.          0.05416317  0.06288094]
 [ 0.64300954  0.3488895  -2.1745973   0.14211696 -0.3481759   0.
  -0.06422517  0.         -0.06103083  0.19471419]
 [-0.11020446 -0.75489664  1.0591446   0.14573075 -0.06848802  0.
  -0.0845622   0.          0.04369717 -0.01384045]] 
Episode: 640: [[-0.2452647  -0.5403265  -0.997872    0.26426777 -0.18724167  0.
  -0.02558804  0.         -0.03670318  0.05001798]
 [ 0.23754255  0.15166149 -2.1167328   0.13011743 -0.13797686  0.
  -0.06567401  0.          0.05016179  0.07275465]
 [ 0.35737213  0.48631907 -2.0617816   0.1337728  -0.24900384  0.
  -0.02511454  0.          0.05416317  0.06306536]
 [ 0.64338034  0.34882405 -2.1748986   0.14250278 -0.34843257  0.
  -0.06408583  0.         -0.06103083  0.19490214]
 [-0.11042383 -0.7551852   1.059556    0.14565326 -0.0687379   0.
  -0.08496176  0.          0.04369717 -0.01403209]] 
Episode: 641: [[-0.2453175  -0.5403822  -0.99744874  0.26398438 -0.18713035  0.
  -0.02600468  0.         -0.03670318  0.04972982]
 [ 0.2375067   0.15182018 -2.1171465   0.1302669  -0.13817935  0.
  -0.06541178  0.          0.05016179  0.07307786]
 [ 0.35707933  0.48639458 -2.062214    0.13419616 -0.24930514  0.
  -0.0248754   0.          0.05416317  0.06336706]
 [ 0.6436836   0.3487179  -2.1752684   0.14289509 -0.34874803  0.
  -0.06385634  0.         -0.06103083  0.19521758]
 [-0.11066461 -0.7553194   1.0600312   0.14555603 -0.06887368  0.
  -0.0854298   0.          0.04369717 -0.01433858]] 
Episode: 642: [[-0.24536155 -0.5403623  -0.9971584   0.2637489  -0.18709528  0.
  -0.02627217  0.         -0.03670318  0.04933525]
 [ 0.23751123  0.15189989 -2.1174614   0.13036697 -0.13834877  0.
  -0.06514132  0.          0.05016179  0.07350546]
 [ 0.35685065  0.48638046 -2.0625277   0.13453567 -0.2495463   0.
  -0.02471001  0.          0.05416317  0.0637741 ]
 [ 0.64395446  0.34857967 -2.1755602   0.14319453 -0.34901536  0.
  -0.06354573  0.         -0.06103083  0.19564745]
 [-0.11098688 -0.75540173  1.0603908   0.1454981  -0.06902318  0.
  -0.08574248  0.          0.04369717 -0.01474823]] 
Episode: 643: [[-0.24553522 -0.5405171  -0.9965856   0.26342693 -0.187125    0.
  -0.02640546  0.         -0.03670318  0.04911578]
 [ 0.23756172  0.1520024  -2.1180174   0.13057306 -0.13860606  0.
  -0.06478739  0.          0.05016179  0.07382489]
 [ 0.35670912  0.4864472  -2.063135    0.13499282 -0.24987069  0.
  -0.02445694  0.          0.05416317  0.06400448]
 [ 0.6443836   0.3483669  -2.1760955   0.1436257  -0.349411    0.
  -0.06316213  0.         -0.06103083  0.19601934]
 [-0.11130344 -0.75561225  1.0610319   0.14535001 -0.06924096  0.
  -0.08591538  0.          0.04369717 -0.01501913]] 
Episode: 644: [[-0.24579307 -0.5406951  -0.9960355   0.26313454 -0.18710071  0.
  -0.0266328   0.         -0.03670318  0.0489477 ]
 [ 0.2375637   0.15209755 -2.1185756   0.13079993 -0.13893944  0.
  -0.06435838  0.          0.05016179  0.07413241]
 [ 0.35653418  0.4865251  -2.0637379   0.13544871 -0.25028986  0.
  -0.02412498  0.          0.05416317  0.06422357]
 [ 0.6447117   0.348067   -2.1766505   0.14407995 -0.34989268  0.
  -0.06271286  0.         -0.06103083  0.19643536]
 [-0.11169869 -0.7558982   1.0616549   0.14520943 -0.06939018  0.
  -0.0861794   0.          0.04369717 -0.01525028]] 
Episode: 645: [[-0.24615215 -0.5409124  -0.9955029   0.2628383  -0.18707365  0.
  -0.02680114  0.         -0.03670318  0.0489319 ]
 [ 0.23759192  0.15222949 -2.1191344   0.1310574  -0.13930333  0.
  -0.06389391  0.          0.05016179  0.07436955]
 [ 0.3564331   0.48664883 -2.064337    0.13592474 -0.25073963  0.
  -0.02372202  0.          0.05416317  0.0642874 ]
 [ 0.6450057   0.3477669  -2.1772172   0.14456977 -0.3504144   0.
  -0.06220448  0.         -0.06103083  0.19681424]
 [-0.11218251 -0.75626457  1.0622728   0.14504087 -0.06953432  0.
  -0.08641281  0.          0.04369717 -0.01532407]] 
Episode: 646: [[-0.24654885 -0.5410854  -0.99498     0.2625746  -0.18694441  0.
  -0.0270601   0.         -0.03670318  0.04885611]
 [ 0.23760708  0.15229651 -2.1197083   0.13131043 -0.13968754  0.
  -0.06358656  0.          0.05016179  0.07452434]
 [ 0.35632586  0.48671305 -2.0649467   0.13637221 -0.2512383   0.
  -0.0234636   0.          0.05416317  0.06428023]
 [ 0.64538807  0.3473651  -2.1778264   0.14502785 -0.35091308  0.
  -0.06185104  0.         -0.06103083  0.19700833]
 [-0.11274981 -0.7566258   1.0629003   0.14488311 -0.06955217  0.
  -0.08673137  0.          0.04369717 -0.01545332]] 
Episode: 647: [[-0.2469172  -0.54125226 -0.9945068   0.26231918 -0.18682842  0.
  -0.02727584  0.         -0.03670318  0.04879897]
 [ 0.23765309  0.15236656 -2.1202366   0.1315567  -0.14005086  0.
  -0.06338105  0.          0.05016179  0.07467651]
 [ 0.3562611   0.48678237 -2.0655065   0.13680005 -0.25170684  0.
  -0.02333524  0.          0.05416317  0.06428836]
 [ 0.64569265  0.34698886 -2.1783843   0.14546713 -0.35139185  0.
  -0.06163701  0.         -0.06103083  0.19720764]
 [-0.1132457  -0.7569826   1.0634606   0.14471336 -0.06956501  0.
  -0.08702952  0.          0.04369717 -0.01554065]] 
Episode: 648: [[-0.2472748  -0.54138434 -0.9940466   0.26229    -0.18678418  0.
  -0.0273624   0.         -0.03670318  0.04888305]
 [ 0.23767233  0.15240775 -2.1207888   0.1317146  -0.14030823  0.
  -0.06330674  0.          0.05016179  0.07471675]
 [ 0.35612306  0.4868161  -2.0660796   0.13706413 -0.2520483   0.
  -0.0233239   0.          0.05416317  0.06415989]
 [ 0.6461072   0.34664485 -2.1789656   0.14577995 -0.3517531   0.
  -0.06154843  0.         -0.06103083  0.19724035]
 [-0.11366603 -0.75728554  1.0639963   0.14468266 -0.06968818  0.
  -0.08718918  0.          0.04369717 -0.01568027]] 
Episode: 649: [[-0.24761139 -0.54150575 -0.99363077  0.2622619  -0.18674386  0.
  -0.02750584  0.         -0.03670318  0.04895943]
 [ 0.23771298  0.15242805 -2.1212811   0.1318631  -0.14056821  0.
  -0.06320006  0.          0.05016179  0.07479848]
 [ 0.3560303   0.4868355  -2.0665908   0.1373089  -0.2523868   0.
  -0.02321737  0.          0.05416317  0.06410858]
 [ 0.64649546  0.34626716 -2.1794808   0.14607114 -0.35211974  0.
  -0.06139325  0.         -0.06103083  0.19740404]
 [-0.11407486 -0.7575707   1.0644814   0.1446507  -0.06980068  0.
  -0.08744145  0.          0.04369717 -0.01580235]] 
Episode: 650: [[-0.24769312 -0.5416306  -0.9933026   0.2623756  -0.18673104  0.
  -0.02752729  0.         -0.03670318  0.04916359]
 [ 0.23785758  0.15253356 -2.121724    0.13185373 -0.14082107  0.
  -0.06321473  0.          0.05016179  0.07470504]
 [ 0.35602808  0.48692724 -2.0670438   0.13733804 -0.25269046  0.
  -0.02322567  0.          0.05416317  0.06392671]
 [ 0.64702994  0.3460739  -2.179926    0.14612162 -0.35249364  0.
  -0.06135767  0.         -0.06103083  0.19740501]
 [-0.1142138  -0.7578583   1.0648818   0.144749   -0.06994827  0.
  -0.08755987  0.          0.04369717 -0.01577773]] 
Episode: 651: [[-0.2479427  -0.5417955  -0.9929536   0.2624417  -0.18667734  0.
  -0.02765419  0.         -0.03670318  0.04946486]
 [ 0.23794055  0.1526124  -2.1221745   0.13192225 -0.14121261  0.
  -0.0631173   0.          0.05016179  0.07467001]
 [ 0.3559854   0.4870172  -2.0675075   0.13745612 -0.25315762  0.
  -0.02312898  0.          0.05416317  0.06378228]
 [ 0.64741254  0.34573027 -2.18039     0.14628327 -0.353047    0.
  -0.06122158  0.         -0.06103083  0.19755112]
 [-0.11456472 -0.75820893  1.0653301   0.14479004 -0.07004508  0.
  -0.08777499  0.          0.04369717 -0.0157051 ]] 
Episode: 652: [[-0.24820174 -0.54195464 -0.9926423   0.26250887 -0.18662348  0.
  -0.02787596  0.         -0.03670318  0.04964792]
 [ 0.23803535  0.1527251  -2.1225874   0.13199511 -0.1415548   0.
  -0.06304343  0.          0.05016179  0.07461584]
 [ 0.35598424  0.48713145 -2.067925    0.13757016 -0.25356904  0.
  -0.02302078  0.          0.05416317  0.06365536]
 [ 0.64785665  0.34546888 -2.1808057   0.14644226 -0.35353002  0.
  -0.06120317  0.         -0.06103083  0.19758587]
 [-0.1148833  -0.7585515   1.0657227   0.14483395 -0.07012152  0.
  -0.08807711  0.          0.04369717 -0.01573915]] 
Episode: 653: [[-0.24834304 -0.54184407 -0.9923544   0.26282877 -0.18648678  0.
  -0.02818307  0.         -0.03670318  0.04967719]
 [ 0.23819079  0.15281162 -2.1229312   0.13186583 -0.14167541  0.
  -0.0630877   0.          0.05016179  0.07457122]
 [ 0.35606784  0.4871333  -2.0682862   0.13745639 -0.25375712  0.
  -0.02302767  0.          0.05416317  0.06367178]
 [ 0.64828986  0.34534544 -2.1811545   0.14637265 -0.3536873   0.
  -0.06129065  0.         -0.06103083  0.1976094 ]
 [-0.11518734 -0.75885475  1.0660692   0.14509839 -0.07024412  0.
  -0.08844442  0.          0.04369717 -0.01568987]] 
Episode: 654: [[-0.24856625 -0.5418995  -0.9920518   0.26305723 -0.1864109   0.
  -0.02835188  0.         -0.03670318  0.04983873]
 [ 0.23835729  0.15303354 -2.1232889   0.13179003 -0.14182803  0.
  -0.06318609  0.          0.05016179  0.07441698]
 [ 0.35620314  0.48730072 -2.0686624   0.13741265 -0.25396016  0.
  -0.02313814  0.          0.05416317  0.06355076]
 [ 0.6487302   0.3453143  -2.1815143   0.14636052 -0.35391176  0.
  -0.06137624  0.         -0.06103083  0.19758996]
 [-0.11554559 -0.7592869   1.0664378   0.14527601 -0.07042217  0.
  -0.08866641  0.          0.04369717 -0.01551112]] 
Episode: 655: [[-0.24854876 -0.54163384 -0.9920147   0.26352003 -0.1863153   0.
  -0.02861131  0.         -0.03670318  0.04984888]
 [ 0.23856948  0.15313934 -2.1235278   0.13151997 -0.14181909  0.
  -0.06332792  0.          0.05016179  0.07435166]
 [ 0.3563556   0.487261   -2.068862    0.1371581  -0.25398886  0.
  -0.02321484  0.          0.05416317  0.06357761]
 [ 0.6492312   0.34537628 -2.1817536   0.14613806 -0.35393247  0.
  -0.06148698  0.         -0.06103083  0.19758612]
 [-0.11568436 -0.7594696   1.066538    0.14566338 -0.07059434  0.
  -0.08880986  0.          0.04369717 -0.01548471]] 
Episode: 656: [[-0.24872601 -0.54142946 -0.99193555  0.26373148 -0.18629941  0.
  -0.02887812  0.         -0.03670318  0.049993  ]
 [ 0.23878516  0.1532222  -2.1237612   0.13137133 -0.14180173  0.
  -0.06345995  0.          0.05016179  0.07415468]
 [ 0.3565796   0.4872349  -2.0690708   0.13708077 -0.25398505  0.
  -0.02327719  0.          0.05416317  0.0634662 ]
 [ 0.6497134   0.34541997 -2.1819904   0.146054   -0.35393295  0.
  -0.06165331  0.         -0.06103083  0.19746782]
 [-0.11589911 -0.7596196   1.0666578   0.14588799 -0.07072359  0.
  -0.08901471  0.          0.04369717 -0.01532674]] 
Episode: 657: [[-0.24880844 -0.54109025 -0.9918239   0.26408812 -0.18631448  0.
  -0.02901061  0.         -0.03670318  0.04998773]
 [ 0.23898713  0.15342145 -2.1240172   0.13110359 -0.14164293  0.
  -0.06368972  0.          0.05016179  0.07397451]
 [ 0.3567459   0.48722577 -2.0693107   0.13682388 -0.25382423  0.
  -0.02343775  0.          0.05416317  0.06345251]
 [ 0.65009063  0.34572628 -2.1822193   0.1457863  -0.3537784   0.
  -0.0619073   0.         -0.06103083  0.19740483]
 [-0.11612535 -0.7597789   1.0668521   0.14623134 -0.07097989  0.
  -0.08909041  0.          0.04369717 -0.01508382]] 
Episode: 658: [[-0.24890816 -0.5407882  -0.9917138   0.2644104  -0.18632667  0.
  -0.02922468  0.         -0.03670318  0.04996948]
 [ 0.23917237  0.15363014 -2.1242747   0.13086961 -0.14149897  0.
  -0.06383119  0.          0.05016179  0.07380676]
 [ 0.3569072   0.48723736 -2.0695503   0.13659939 -0.25367984  0.
  -0.02347779  0.          0.05416317  0.06343573]
 [ 0.65046626  0.34603715 -2.182455    0.14555615 -0.35363775  0.
  -0.06203536  0.         -0.06103083  0.1973225 ]
 [-0.11636882 -0.759934    1.0670409   0.14654207 -0.07120527  0.
  -0.08926713  0.          0.04369717 -0.01488212]] 
Episode: 659: [[-0.24891801 -0.5401401  -0.9919047   0.26495466 -0.18622334  0.
  -0.0295249   0.         -0.03670318  0.04981816]
 [ 0.23939584  0.15368941 -2.1244414   0.13038912 -0.14125244  0.
  -0.06406567  0.          0.05016179  0.07371905]
 [ 0.3571271   0.48701036 -2.069648    0.1361842  -0.2534422   0.
  -0.02361827  0.          0.05416317  0.06355624]
 [ 0.650812    0.346291   -2.1826193   0.14513938 -0.3533472   0.
  -0.0622549   0.         -0.06103083  0.19723459]
 [-0.11665063 -0.76000965  1.0670794   0.14712855 -0.07147138  0.
  -0.08933036  0.          0.04369717 -0.01473629]] 
Episode: 660: [[-0.24895036 -0.5395573  -0.9920746   0.2654474  -0.18613116  0.
  -0.0298686   0.         -0.03670318  0.04967075]
 [ 0.23958528  0.15376459 -2.1245952   0.12995987 -0.14103208  0.
  -0.0642047   0.          0.05016179  0.07367161]
 [ 0.35731032  0.48681983 -2.0697374   0.13581313 -0.25323087  0.
  -0.02364026  0.          0.05416317  0.06371319]
 [ 0.6510984   0.34655368 -2.1827722   0.14477032 -0.3530874   0.
  -0.06234819  0.         -0.06103083  0.19723523]
 [-0.11694295 -0.76008195  1.0671133   0.147662   -0.07171202  0.
  -0.08949586  0.          0.04369717 -0.01462738]] 
Episode: 661: [[-0.24899724 -0.5392179  -0.99227166  0.26584718 -0.18625778  0.
  -0.03007025  0.         -0.03670318  0.04954032]
 [ 0.23978388  0.15388763 -2.1247244   0.12960602 -0.14081852  0.
  -0.06444085  0.          0.05016179  0.07362095]
 [ 0.35750538  0.48675433 -2.0698009   0.13552439 -0.25296384  0.
  -0.02376447  0.          0.05416317  0.06382084]
 [ 0.6514252   0.3467206  -2.1829083   0.14448135 -0.35288194  0.
  -0.06253641  0.         -0.06103083  0.19720785]
 [-0.11724187 -0.76024795  1.0671208   0.14811689 -0.07206877  0.
  -0.0895362   0.          0.04369717 -0.01452498]] 
Episode: 662: [[-0.2490359  -0.53900254 -0.99240845  0.2662929  -0.18644546  0.
  -0.03014409  0.         -0.03670318  0.0495581 ]
 [ 0.24004304  0.15403417 -2.1248705   0.12920283 -0.14061825  0.
  -0.06476437  0.          0.05016179  0.07339734]
 [ 0.35780933  0.48676562 -2.0699008   0.13514854 -0.2526867   0.
  -0.02398065  0.          0.05416317  0.06378192]
 [ 0.65186584  0.3468418  -2.1830473   0.14409643 -0.35270143  0.
  -0.06281006  0.         -0.06103083  0.19715793]
 [-0.11740819 -0.76047635  1.067173    0.14860955 -0.07243744  0.
  -0.08946393  0.          0.04369717 -0.01429827]] 
Episode: 663: [[-0.2490922  -0.5388617  -0.9925715   0.26679546 -0.18670171  0.
  -0.03010294  0.         -0.03670318  0.04970904]
 [ 0.24028964  0.1542176  -2.1249964   0.12878515 -0.14043793  0.
  -0.06516647  0.          0.05016179  0.07314048]
 [ 0.35810697  0.48684162 -2.069973    0.1347254  -0.25241295  0.
  -0.0242796   0.          0.05416317  0.06361131]
 [ 0.6522905   0.34697086 -2.1831813   0.14367642 -0.35255954  0.
  -0.06316056  0.         -0.06103083  0.19708091]
 [-0.11758364 -0.76076245  1.0672086   0.14911322 -0.07283232  0.
  -0.08929035  0.          0.04369717 -0.01401583]] 
Episode: 664: [[-0.24903062 -0.53860766 -0.99271977  0.2672881  -0.1869156   0.
  -0.03017349  0.         -0.03670318  0.04970993]
 [ 0.24053587  0.15429732 -2.1251163   0.12835857 -0.14022712  0.
  -0.06542785  0.          0.05016179  0.07302751]
 [ 0.35835665  0.48680204 -2.0700374   0.13428028 -0.2521212   0.
  -0.02444424  0.          0.05416317  0.06359339]
 [ 0.6527033   0.34715918 -2.1833062   0.1432234  -0.35235146  0.
  -0.06337175  0.         -0.06103083  0.19705878]
 [-0.11767614 -0.7608663   1.0672395   0.1496109  -0.0731447   0.
  -0.08924269  0.          0.04369717 -0.01389642]] 
Episode: 665: [[-0.24906914 -0.5383286  -0.9928966   0.2677306  -0.18708058  0.
  -0.03012942  0.         -0.03670318  0.04984545]
 [ 0.24084017  0.15440483 -2.125185    0.12795672 -0.14003944  0.
  -0.065774    0.          0.05016179  0.07274044]
 [ 0.35874686  0.48677015 -2.0700583   0.13385935 -0.25185734  0.
  -0.02469678  0.          0.05416317  0.0634419 ]
 [ 0.6531183   0.3473534  -2.1833723   0.14278127 -0.35215712  0.
  -0.06366603  0.         -0.06103083  0.19689167]
 [-0.11787716 -0.7610502   1.0672225   0.15005684 -0.0734362   0.
  -0.08909129  0.          0.04369717 -0.01365457]] 
Episode: 666: [[-0.24916679 -0.53818214 -0.99296933  0.2681023  -0.18724267  0.
  -0.03006043  0.         -0.03670318  0.05006972]
 [ 0.24109054  0.1545989  -2.1253517   0.12765723 -0.13991113  0.
  -0.06598585  0.          0.05016179  0.0724484 ]
 [ 0.35904682  0.4868475  -2.0701818   0.13355166 -0.2516666   0.
  -0.02481968  0.          0.05416317  0.063214  ]
 [ 0.6535876   0.3476145  -2.1835394   0.14246634 -0.35204318  0.
  -0.06382664  0.         -0.06103083  0.1966301 ]
 [-0.11805435 -0.76127905  1.067295    0.15042247 -0.07371432  0.
  -0.08896165  0.          0.04369717 -0.01350059]] 
Episode: 667: [[-0.24920298 -0.53813434 -0.99302715  0.26849046 -0.18749252  0.
  -0.02989071  0.         -0.03670318  0.05040598]
 [ 0.2414276   0.15483838 -2.1255047   0.12729947 -0.13975553  0.
  -0.06628742  0.          0.05016179  0.07200085]
 [ 0.35946316  0.48700437 -2.0702987   0.13316545 -0.25141454  0.
  -0.02503464  0.          0.05416317  0.06287378]
 [ 0.65419585  0.34785345 -2.1836796   0.14204727 -0.3519266   0.
  -0.06407538  0.         -0.06103083  0.19624798]
 [-0.11809755 -0.76160944  1.0673732   0.1508116  -0.07412007  0.
  -0.08873639  0.          0.04369717 -0.01322768]] 
Episode: 668: [[-0.24926507 -0.5380883  -0.9930718   0.26883158 -0.18771303  0.
  -0.02980528  0.         -0.03670318  0.05075419]
 [ 0.24177721  0.15504882 -2.1256545   0.12699124 -0.13961323  0.
  -0.06665594  0.          0.05016179  0.0715721 ]
 [ 0.35989755  0.48714662 -2.0704138   0.13283443 -0.25118613  0.
  -0.02533244  0.          0.05416317  0.06251659]
 [ 0.6547673   0.34805825 -2.1838095   0.14168786 -0.35181472  0.
  -0.06440344  0.         -0.06103083  0.19589563]
 [-0.11817276 -0.7619211   1.067458    0.15114547 -0.07447664  0.
  -0.08864228  0.          0.04369717 -0.01291196]] 
Episode: 669: [[-0.24943486 -0.53818834 -0.9929896   0.26888958 -0.18803203  0.
  -0.02962072  0.         -0.03670318  0.05120192]
 [ 0.24211398  0.15531307 -2.1258888   0.12682012 -0.13949123  0.
  -0.06707074  0.          0.05016179  0.07113344]
 [ 0.36033025  0.4873825  -2.0706336   0.13270922 -0.25096026  0.
  -0.02570477  0.          0.05416317  0.06206014]
 [ 0.6552834   0.348252   -2.1840239   0.14148505 -0.35176104  0.
  -0.06470972  0.         -0.06103083  0.19558778]
 [-0.11830722 -0.7622947   1.067638    0.15130016 -0.07487908  0.
  -0.08844903  0.          0.04369717 -0.01250773]] 
Episode: 670: [[-0.2495278  -0.53831136 -0.99288464  0.26895237 -0.18831407  0.
  -0.02956231  0.         -0.03670318  0.05147005]
 [ 0.24241646  0.1555817  -2.1261597   0.12665889 -0.13944156  0.
  -0.06742296  0.          0.05016179  0.07076458]
 [ 0.36066276  0.48762253 -2.0708911   0.13258724 -0.2508302   0.
  -0.02593551  0.          0.05416317  0.06174075]
 [ 0.65579176  0.3484351  -2.184276    0.14128676 -0.3517958   0.
  -0.06500252  0.         -0.06103083  0.19533116]
 [-0.11846461 -0.7626563   1.0678385   0.15143985 -0.07522143  0.
  -0.0882185   0.          0.04369717 -0.01217665]] 
Episode: 671: [[-0.2495441  -0.53846866 -0.9927905   0.26903677 -0.18864377  0.
  -0.0294021   0.         -0.03670318  0.05184554]
 [ 0.24283096  0.15580522 -2.1264145   0.12645964 -0.13935615  0.
  -0.06785096  0.          0.05016179  0.07024804]
 [ 0.36116895  0.48787364 -2.0711389   0.13241053 -0.2506323   0.
  -0.02624748  0.          0.05416317  0.06131837]
 [ 0.65643513  0.34847325 -2.1845057   0.14101478 -0.351809    0.
  -0.06537042  0.         -0.06103083  0.1949532 ]
 [-0.11849923 -0.7630669   1.0680386   0.15157877 -0.07566851  0.
  -0.08790244  0.          0.04369717 -0.01174446]] 
Episode: 672: [[-0.24933937 -0.53851277 -0.9928012   0.26936758 -0.1889938   0.
  -0.0291503   0.         -0.03670318  0.05206383]
 [ 0.24338888  0.15594196 -2.1266375   0.12599081 -0.13924503  0.
  -0.06834711  0.          0.05016179  0.06959937]
 [ 0.36180285  0.48802352 -2.071343    0.13203804 -0.25037983  0.
  -0.02663255  0.          0.05416317  0.0608035 ]
 [ 0.6571993   0.34842682 -2.184689    0.14056034 -0.35181218  0.
  -0.06580589  0.         -0.06103083  0.19446635]
 [-0.11830293 -0.7634143   1.0681273   0.15200083 -0.07617964  0.
  -0.08750945  0.          0.04369717 -0.01122148]] 
Episode: 673: [[-0.24916133 -0.5384865  -0.9927565   0.26975405 -0.1893029   0.
  -0.0288161   0.         -0.03670318  0.05239433]
 [ 0.24387796  0.15602319 -2.1268537   0.12553698 -0.13913627  0.
  -0.06890456  0.          0.05016179  0.06893964]
 [ 0.36234805  0.4881033  -2.0715492   0.13164775 -0.25014445  0.
  -0.02708338  0.          0.05416317  0.06020555]
 [ 0.65788335  0.34840566 -2.1848671   0.14011899 -0.3517902   0.
  -0.06630216  0.         -0.06103083  0.19398208]
 [-0.11807079 -0.7636744   1.0682273   0.1524356  -0.07662877  0.
  -0.08704726  0.          0.04369717 -0.01061694]] 
Episode: 674: [[-0.2491582  -0.5384434  -0.99227774  0.26994878 -0.1894811   0.
  -0.02862297  0.         -0.03670318  0.05255744]
 [ 0.24433193  0.15593766 -2.1273994   0.12529297 -0.13916528  0.
  -0.06929515  0.          0.05016179  0.06836129]
 [ 0.36283037  0.4880474  -2.0721483   0.1315093  -0.25011727  0.
  -0.02738479  0.          0.05416317  0.05972264]
 [ 0.6586837   0.3481848  -2.185338    0.13993312 -0.35189307  0.
  -0.06664439  0.         -0.06103083  0.19344315]
 [-0.11784964 -0.7638551   1.0687484   0.15268819 -0.07691325  0.
  -0.08673991  0.          0.04369717 -0.01020743]] 
Episode: 675: [[-0.24925204 -0.53850865 -0.9917882   0.27009317 -0.18967792  0.
  -0.02845242  0.         -0.03670318  0.05276361]
 [ 0.24471329  0.15588753 -2.1280115   0.12513243 -0.13929448  0.
  -0.06953564  0.          0.05016179  0.06793953]
 [ 0.36322695  0.48805442 -2.0728111   0.13145657 -0.25019962  0.
  -0.02755175  0.          0.05416317  0.05939601]
 [ 0.659349    0.34782705 -2.185899    0.13985676 -0.35215473  0.
  -0.06684799  0.         -0.06103083  0.19310571]
 [-0.11772276 -0.7641523   1.0693048   0.15287933 -0.07724311  0.
  -0.08639751  0.          0.04369717 -0.00989911]] 
Episode: 676: [[-0.24932717 -0.53858787 -0.99141884  0.27031302 -0.18986209  0.
  -0.02819126  0.         -0.03670318  0.05308309]
 [ 0.2450777   0.15586549 -2.128542    0.12492952 -0.1394062   0.
  -0.06986296  0.          0.05016179  0.06748176]
 [ 0.36360547  0.4880882  -2.0733745   0.13132577 -0.25026473  0.
  -0.02780628  0.          0.05416317  0.05896738]
 [ 0.6599251   0.34750107 -2.1863947   0.13971074 -0.35238224  0.
  -0.06713559  0.         -0.06103083  0.1928325 ]
 [-0.11762289 -0.7644685   1.0697608   0.1531082  -0.07754276  0.
  -0.0859808   0.          0.04369717 -0.00948775]] 
Episode: 677: [[-0.24957518 -0.53869146 -0.9909052   0.27033287 -0.19006142  0.
  -0.02806392  0.         -0.03670318  0.05350436]
 [ 0.24537617  0.15586412 -2.1292224   0.1249109  -0.13958468  0.
  -0.07004657  0.          0.05016179  0.06718667]
 [ 0.36388615  0.4881409  -2.0740948   0.1314213  -0.25040996  0.
  -0.02793107  0.          0.05416317  0.05867712]
 [ 0.6605098   0.3472727  -2.1870573   0.13978916 -0.3527036   0.
  -0.06729005  0.         -0.06103083  0.19273388]
 [-0.11761968 -0.76471585  1.0703546   0.15315118 -0.0778117   0.
  -0.08571441  0.          0.04369717 -0.00925182]] 
Episode: 678: [[-0.24980012 -0.53875744 -0.9904006   0.27038804 -0.190189    0.
  -0.028057    0.         -0.03670318  0.05374933]
 [ 0.24553846  0.15584217 -2.129949    0.12488272 -0.13975772  0.
  -0.07010088  0.          0.05016179  0.06701872]
 [ 0.3639748   0.488161   -2.07485     0.13148448 -0.25057164  0.
  -0.02793911  0.          0.05416317  0.05855091]
 [ 0.66100806  0.34703234 -2.1878078   0.1398423  -0.35297757  0.
  -0.0675334   0.         -0.06103083  0.19278726]
 [-0.11765264 -0.7649226   1.0709571   0.15323573 -0.07797898  0.
  -0.08558327  0.          0.04369717 -0.00917354]] 
Episode: 679: [[-0.25008044 -0.53886914 -0.9898989   0.27038696 -0.19029203  0.
  -0.02805015  0.         -0.03670318  0.05407339]
 [ 0.24568132  0.15585503 -2.1306684   0.12491262 -0.13999459  0.
  -0.07007053  0.          0.05016179  0.06689976]
 [ 0.3640455   0.4882201  -2.075596    0.13161272 -0.25081152  0.
  -0.0278421   0.          0.05416317  0.05844746]
 [ 0.661393    0.3467569  -2.1885505   0.1399639  -0.35334265  0.
  -0.06764805  0.         -0.06103083  0.192926  ]
 [-0.1177576  -0.7651912   1.0715702   0.15325098 -0.07814162  0.
  -0.0854795   0.          0.04369717 -0.00904857]] 
Episode: 680: [[-0.25033465 -0.538941   -0.989274    0.27037567 -0.19031866  0.
  -0.02815174  0.         -0.03670318  0.05423108]
 [ 0.24579027  0.15570576 -2.1314263   0.12498665 -0.14023298  0.
  -0.06993232  0.          0.05016179  0.0669779 ]
 [ 0.36402732  0.48813245 -2.0763993   0.13178086 -0.25108963  0.
  -0.02765055  0.          0.05416317  0.05848926]
 [ 0.66177946  0.34637737 -2.1893182   0.14015743 -0.3536691   0.
  -0.06764692  0.         -0.06103083  0.19319743]
 [-0.1178813  -0.76524967  1.0722599   0.15327136 -0.0781702   0.
  -0.08549477  0.          0.04369717 -0.00907005]] 
Episode: 681: [[-0.2506399  -0.5390407  -0.9886337   0.27034608 -0.19030172  0.
  -0.02835089  0.         -0.03670318  0.05437857]
 [ 0.24587731  0.15557997 -2.1321838   0.12510772 -0.14050138  0.
  -0.06969707  0.          0.05016179  0.06707741]
 [ 0.36400008  0.48807114 -2.0772033   0.13199385 -0.25141338  0.
  -0.02737395  0.          0.05416317  0.05856087]
 [ 0.66219366  0.34600052 -2.190087    0.14041477 -0.35401848  0.
  -0.06754159  0.         -0.06103083  0.19346745]
 [-0.11797167 -0.7653254   1.0729793   0.15326445 -0.07815101  0.
  -0.08561714  0.          0.04369717 -0.00915239]] 
Episode: 682: [[-0.25087276 -0.5391735  -0.9880219   0.27030817 -0.19031319  0.
  -0.02842237  0.         -0.03670318  0.05464497]
 [ 0.24600747  0.1555219  -2.1329293   0.12521656 -0.14076927  0.
  -0.06957371  0.          0.05016179  0.06711104]
 [ 0.36402977  0.48806894 -2.0779915   0.13218825 -0.25172615  0.
  -0.02722925  0.          0.05416317  0.05850534]
 [ 0.66266584  0.34570077 -2.190836    0.14064091 -0.3543903   0.
  -0.06755111  0.         -0.06103083  0.19364093]
 [-0.1180137  -0.7654438   1.0736814   0.15324104 -0.07818126  0.
  -0.08561864  0.          0.04369717 -0.00911437]] 
Episode: 683: [[-0.25087762 -0.53905445 -0.98764306  0.27049318 -0.19032124  0.
  -0.0285944   0.         -0.03670318  0.05475088]
 [ 0.24621254  0.15528701 -2.133541    0.12513566 -0.14095575  0.
  -0.06957358  0.          0.05016179  0.06724442]
 [ 0.36413607  0.4878612  -2.078616    0.13214971 -0.25193813  0.
  -0.02720324  0.          0.05416317  0.05859017]
 [ 0.6631848   0.34540218 -2.1914775   0.14063445 -0.35464996  0.
  -0.06766395  0.         -0.06103083  0.19373181]
 [-0.11799412 -0.7654099   1.0741497   0.15337975 -0.07822084  0.
  -0.08572859  0.          0.04369717 -0.00921399]] 
Episode: 684: [[-0.25086337 -0.53895587 -0.9871819   0.27050984 -0.19027728  0.
  -0.02885687  0.         -0.03670318  0.05471256]
 [ 0.24634898  0.15501931 -2.1341927   0.12517248 -0.14120865  0.
  -0.06946261  0.          0.05016179  0.06754893]
 [ 0.3641006   0.4876205  -2.0792904   0.13227145 -0.25224566  0.
  -0.02707563  0.          0.05416317  0.05880112]
 [ 0.6636153   0.34508398 -2.1921659   0.1407762  -0.35498002  0.
  -0.06766123  0.         -0.06103083  0.19396034]
 [-0.11801758 -0.76531637  1.0746636   0.15340105 -0.07819222  0.
  -0.08593608  0.          0.04369717 -0.00943728]] 
Episode: 685: [[-0.2508481  -0.53888756 -0.9866426   0.27040863 -0.1902022   0.
  -0.02920072  0.         -0.03670318  0.05454466]
 [ 0.24645156  0.15475267 -2.1348705   0.12524568 -0.14150396  0.
  -0.06925194  0.          0.05016179  0.06797446]
 [ 0.36400592  0.48738825 -2.0800023   0.13245158 -0.25261706  0.
  -0.0268566   0.          0.05416317  0.05912538]
 [ 0.66392404  0.34473944 -2.1928701   0.1409485  -0.35535684  0.
  -0.0675545   0.         -0.06103083  0.19431242]
 [-0.11811148 -0.76522243  1.0752249   0.15336941 -0.07809335  0.
  -0.08623134  0.          0.04369717 -0.00977168]] 
Episode: 686: [[-0.25073478 -0.5387521  -0.98628163  0.27018416 -0.19003716  0.
  -0.02961778  0.         -0.03670318  0.05426032]
 [ 0.24655685  0.15446033 -2.1354444   0.12540396 -0.1417879   0.
  -0.06895157  0.          0.05016179  0.0685406 ]
 [ 0.36388505  0.4870975  -2.0805755   0.13274394 -0.25300106  0.
  -0.0265553   0.          0.05416317  0.05955142]
 [ 0.6642462   0.3444003  -2.1934896   0.1412194  -0.3557007   0.
  -0.06735419  0.         -0.06103083  0.19474524]
 [-0.11819205 -0.7650057   1.0756602   0.15323998 -0.07792855  0.
  -0.08660555  0.          0.04369717 -0.0102059 ]] 
Episode: 687: [[-0.2507119  -0.5386496  -0.98591816  0.26993936 -0.18987074  0.
  -0.0300887   0.         -0.03670318  0.05400486]
 [ 0.2466475   0.15423714 -2.1360123   0.12559576 -0.14212032  0.
  -0.06857052  0.          0.05016179  0.0691257 ]
 [ 0.36376822  0.48686653 -2.0811446   0.1330708  -0.253438    0.
  -0.02617997  0.          0.05416317  0.06003876]
 [ 0.6644637   0.3441296  -2.1941135   0.14153208 -0.35610738  0.
  -0.06706968  0.         -0.06103083  0.19528078]
 [-0.11835998 -0.7648402   1.0761101   0.15307353 -0.07775337  0.
  -0.08700132  0.          0.04369717 -0.01060815]] 
Episode: 688: [[-0.25072655 -0.5385813  -0.9855882   0.26964796 -0.18975052  0.
  -0.03040483  0.         -0.03670318  0.05387539]
 [ 0.24676868  0.15409747 -2.1365268   0.12579699 -0.14240208  0.
  -0.06832507  0.          0.05016179  0.06961217]
 [ 0.36372146  0.48670873 -2.0816607   0.13341264 -0.25380492  0.
  -0.02594638  0.          0.05416317  0.0603933 ]
 [ 0.6646632   0.34398717 -2.194682    0.1418409  -0.35645145  0.
  -0.06691788  0.         -0.06103083  0.19571327]
 [-0.11856854 -0.7647066   1.0765208   0.1528727  -0.07759871  0.
  -0.08731727  0.          0.04369717 -0.01090585]] 
Episode: 689: [[-0.25077257 -0.5385394  -0.9852993   0.2693643  -0.1896683   0.
  -0.03063849  0.         -0.03670318  0.05389234]
 [ 0.24690494  0.15398468 -2.1370049   0.12599133 -0.14268766  0.
  -0.06811941  0.          0.05016179  0.0699596 ]
 [ 0.3637188   0.48658678 -2.0821328   0.1337397  -0.25416097  0.
  -0.02577583  0.          0.05416317  0.06057776]
 [ 0.6648122   0.34383732 -2.1952019   0.14213474 -0.35682917  0.
  -0.06673932  0.         -0.06103083  0.19604272]
 [-0.11877095 -0.7646237   1.0768765   0.15266861 -0.07750331  0.
  -0.08755735  0.          0.04369717 -0.01103997]] 
Episode: 690: [[-0.25061128 -0.5382548  -0.9850253   0.26936388 -0.18933439  0.
  -0.03095645  0.         -0.03670318  0.05377431]
 [ 0.24707338  0.15396178 -2.1374667   0.1260725  -0.14285749  0.
  -0.06782349  0.          0.05016179  0.07045545]
 [ 0.36367685  0.4864228  -2.0825853   0.13387111 -0.2544617   0.
  -0.0255181   0.          0.05416317  0.06087789]
 [ 0.6651175   0.34395298 -2.1956646   0.14228003 -0.35700095  0.
  -0.06668296  0.         -0.06103083  0.1962498 ]
 [-0.11899386 -0.76457775  1.0772154   0.15260631 -0.07740094  0.
  -0.08788215  0.          0.04369717 -0.01129408]] 
Episode: 691: [[-0.2504516  -0.5380569  -0.98471874  0.26932982 -0.18906012  0.
  -0.03113489  0.         -0.03670318  0.05380134]
 [ 0.24729577  0.15405272 -2.1379428   0.12614578 -0.14301878  0.
  -0.06766807  0.          0.05016179  0.07084623]
 [ 0.36371115  0.48637205 -2.083062    0.13399906 -0.25473532  0.
  -0.02539041  0.          0.05416317  0.06101365]
 [ 0.665464    0.34420836 -2.196137    0.14240119 -0.35716072  0.
  -0.06673654  0.         -0.06103083  0.19644225]
 [-0.11920109 -0.7645813   1.0775994   0.15252155 -0.07728646  0.
  -0.08806567  0.          0.04369717 -0.01138921]] 
Episode: 692: [[-0.25027636 -0.5378409  -0.98448974  0.26940838 -0.18879233  0.
  -0.0311878   0.         -0.03670318  0.0539587 ]
 [ 0.24753882  0.15409873 -2.1383822   0.12612423 -0.1431651   0.
  -0.06763904  0.          0.05016179  0.07113848]
 [ 0.36380315  0.48628858 -2.0834923   0.13399485 -0.254983    0.
  -0.02537972  0.          0.05416317  0.06100169]
 [ 0.6657813   0.34440947 -2.196588    0.14238946 -0.3572968   0.
  -0.06688907  0.         -0.06103083  0.19657698]
 [-0.11940758 -0.7645761   1.0779256   0.15252094 -0.07716451  0.
  -0.08812209  0.          0.04369717 -0.01134147]] 
Episode: 693: [[-0.250246   -0.5379537  -0.98405737  0.26930192 -0.18872124  0.
  -0.03112775  0.         -0.03670318  0.05423318]
 [ 0.2476294   0.15431866 -2.1389625   0.12627405 -0.14334434  0.
  -0.06751627  0.          0.05016179  0.07150008]
 [ 0.36366612  0.48645875 -2.0840874   0.1342031  -0.25522742  0.
  -0.02534806  0.          0.05416317  0.0610184 ]
 [ 0.66591954  0.34457204 -2.1971838   0.14258792 -0.35754937  0.
  -0.06692204  0.         -0.06103083  0.19684488]
 [-0.11970818 -0.76476866  1.0784289   0.15236782 -0.07721763  0.
  -0.08806416  0.          0.04369717 -0.01139602]] 
Episode: 694: [[-0.25000003 -0.5380615  -0.9837303   0.26931915 -0.18869692  0.
  -0.0309661   0.         -0.03670318  0.05434716]
 [ 0.24776316  0.15455449 -2.1394      0.12626345 -0.14353728  0.
  -0.0675166   0.          0.05016179  0.07184313]
 [ 0.3635318   0.48664623 -2.0845344   0.13420641 -0.25546375  0.
  -0.02542388  0.          0.05416317  0.06116749]
 [ 0.6660941   0.34468573 -2.1976087   0.14255765 -0.35786512  0.
  -0.06705599  0.         -0.06103083  0.19702515]
 [-0.11982682 -0.76500225  1.0788223   0.15234013 -0.07737555  0.
  -0.08790336  0.          0.04369717 -0.01157827]] 
Episode: 695: [[-0.24979593 -0.53821915 -0.9834653   0.26922074 -0.18872075  0.
  -0.03092824  0.         -0.03670318  0.05431691]
 [ 0.24786709  0.15484744 -2.1398137   0.12630327 -0.14375989  0.
  -0.06752678  0.          0.05016179  0.07222041]
 [ 0.36337703  0.48689336 -2.0849395   0.13428997 -0.2557188   0.
  -0.02545572  0.          0.05416317  0.06143551]
 [ 0.6661894   0.34481266 -2.1980247   0.14257723 -0.35824808  0.
  -0.06722081  0.         -0.06103083  0.1972915 ]
 [-0.11999714 -0.76529     1.0791663   0.1522277  -0.07757922  0.
  -0.08773647  0.          0.04369717 -0.01180782]] 
Episode: 696: [[-0.24955297 -0.53813535 -0.9832862   0.2693222  -0.18857841  0.
  -0.03100177  0.         -0.03670318  0.05415705]
 [ 0.24799736  0.15506609 -2.1400707   0.12626849 -0.14389792  0.
  -0.06764682  0.          0.05016179  0.07249769]
 [ 0.3632989   0.4869852  -2.0851858   0.13423946 -0.25591806  0.
  -0.02558877  0.          0.05416317  0.06178883]
 [ 0.6664619   0.3450131  -2.1982574   0.14249709 -0.35845858  0.
  -0.06747349  0.         -0.06103083  0.19738425]
 [-0.11996861 -0.7654533   1.0793738   0.152245   -0.07769892  0.
  -0.08769505  0.          0.04369717 -0.01214268]] 
Episode: 697: [[-0.24934903 -0.5380506  -0.98312515  0.26941416 -0.18844241  0.
  -0.03117551  0.         -0.03670318  0.05399746]
 [ 0.2481967   0.15527713 -2.1402981   0.12624297 -0.14399289  0.
  -0.06764399  0.          0.05016179  0.072773  ]
 [ 0.36333522  0.48707598 -2.0854013   0.13419926 -0.25606546  0.
  -0.02560411  0.          0.05416317  0.06215304]
 [ 0.66684806  0.34528208 -2.1984587   0.14243369 -0.3585847   0.
  -0.06759652  0.         -0.06103083  0.19753687]
 [-0.11997545 -0.7655763   1.0795556   0.15226085 -0.07776693  0.
  -0.08776652  0.          0.04369717 -0.01247462]] 
Episode: 698: [[-0.24924304 -0.5379638  -0.98295826  0.26946324 -0.1883037   0.
  -0.0312243   0.         -0.03670318  0.05398663]
 [ 0.24844606  0.15542307 -2.140498    0.12623599 -0.14408174  0.
  -0.06775226  0.          0.05016179  0.07284089]
 [ 0.36347476  0.48713446 -2.085601    0.13418743 -0.25620025  0.
  -0.0257223   0.          0.05416317  0.06234664]
 [ 0.6672144   0.34541595 -2.198629    0.1423864  -0.3586846   0.
  -0.06781159  0.         -0.06103083  0.19752748]
 [-0.12000246 -0.76571405  1.0797418   0.15223089 -0.07779941  0.
  -0.08774651  0.          0.04369717 -0.01263994]] 
Episode: 699: [[-0.24916217 -0.5379333  -0.9828466   0.26940244 -0.18834183  0.
  -0.03116065  0.         -0.03670318  0.0538987 ]
 [ 0.24869876  0.15554582 -2.1406667   0.12625307 -0.14408712  0.
  -0.06796049  0.          0.05016179  0.0728842 ]
 [ 0.3636407   0.48720157 -2.0857623   0.13422436 -0.2561966   0.
  -0.02593303  0.          0.05416317  0.06251656]
 [ 0.66754484  0.34548435 -2.19878     0.14235626 -0.3587083   0.
  -0.06810947  0.         -0.06103083  0.19748761]
 [-0.12007777 -0.76585865  1.0798937   0.1521596  -0.07791307  0.
  -0.08761975  0.          0.04369717 -0.01275736]] 
Episode: 700: [[-0.24896634 -0.5379003  -0.98277634  0.26939958 -0.18842988  0.
  -0.03099585  0.         -0.03670318  0.05393322]
 [ 0.24903937  0.15565725 -2.1408038   0.12619281 -0.14407052  0.
  -0.06825864  0.          0.05016179  0.07279334]
 [ 0.36391857  0.48726422 -2.0858877   0.13416308 -0.25614718  0.
  -0.02622703  0.          0.05416317  0.06253543]
 [ 0.66802883  0.34557506 -2.198889    0.14221415 -0.3587214   0.
  -0.06848186  0.         -0.06103083  0.1973052 ]
 [-0.11999325 -0.7659924   1.0799963   0.1521489  -0.07808439  0.
  -0.08739696  0.          0.04369717 -0.01272975]] 
Episode: 701: [[-0.24883643 -0.5379308  -0.9827009   0.26936793 -0.18850937  0.
  -0.03074004  0.         -0.03670318  0.05409686]
 [ 0.24935533  0.15578294 -2.1409843   0.12613718 -0.14407898  0.
  -0.06863767  0.          0.05016179  0.0726582 ]
 [ 0.36417744  0.48736608 -2.0860553   0.13411348 -0.25612924  0.
  -0.02659597  0.          0.05416317  0.06241855]
 [ 0.6684757   0.3456466  -2.1990557   0.14207578 -0.3587672   0.
  -0.06892129  0.         -0.06103083  0.19715907]
 [-0.11998182 -0.76616263  1.0801237   0.1521298  -0.07824121  0.
  -0.08708777  0.          0.04369717 -0.01257181]] 
Episode: 702: [[-0.24872804 -0.53805935 -0.98235166  0.26919895 -0.18866543  0.
  -0.03040235  0.         -0.03670318  0.05412235]
 [ 0.24962674  0.15591049 -2.1413665   0.12620527 -0.144091    0.
  -0.06886799  0.          0.05016179  0.07258778]
 [ 0.36429465  0.48750165 -2.0864592   0.13422732 -0.25610498  0.
  -0.02682364  0.          0.05416317  0.0624193 ]
 [ 0.6690639   0.3457065  -2.1994324   0.14211242 -0.35882196  0.
  -0.06921244  0.         -0.06103083  0.19688116]
 [-0.1199694  -0.7662884   1.0804682   0.15201154 -0.07844253  0.
  -0.08691823  0.          0.04369717 -0.01256278]] 
Episode: 703: [[-0.24860589 -0.5382342  -0.9819947   0.26907763 -0.18879493  0.
  -0.029991    0.         -0.03670318  0.05412747]
 [ 0.24987197  0.15607618 -2.1417823   0.12626998 -0.1441449   0.
  -0.06918593  0.          0.05016179  0.07246023]
 [ 0.36438268  0.48767564 -2.0868921   0.13432334 -0.2561384   0.
  -0.02713285  0.          0.05416317  0.06233406]
 [ 0.66974     0.3457758  -2.1998515   0.14214991 -0.35892877  0.
  -0.06957874  0.         -0.06103083  0.19648497]
 [-0.11983803 -0.76647663  1.0808344   0.15192556 -0.07862914  0.
  -0.08665701  0.          0.04369717 -0.01257524]] 
Episode: 704: [[-0.24850506 -0.53854614 -0.98151207  0.26876852 -0.18890767  0.
  -0.0297283   0.         -0.03670318  0.05399951]
 [ 0.25006935  0.15630211 -2.1422822   0.12646261 -0.14432669  0.
  -0.06936134  0.          0.05016179  0.07252999]
 [ 0.36438212  0.487934   -2.0874236   0.13460097 -0.25632712  0.
  -0.0273068   0.          0.05416317  0.06239115]
 [ 0.67035484  0.3458312  -2.2003562   0.14236723 -0.35920888  0.
  -0.06980411  0.         -0.06103083  0.196275  ]
 [-0.11975025 -0.766666    1.0813063   0.15171847 -0.07873178  0.
  -0.0865306   0.          0.04369717 -0.01271947]] 
Episode: 705: [[-0.24823317 -0.5390248  -0.9810448   0.26851672 -0.18912715  0.
  -0.02938446  0.         -0.03670318  0.05393453]
 [ 0.2501771   0.15662956 -2.142779    0.12657844 -0.14452843  0.
  -0.06957713  0.          0.05016179  0.07272829]
 [ 0.36418918  0.48831096 -2.0879443   0.13478522 -0.25652346  0.
  -0.02756765  0.          0.05416317  0.06257614]
 [ 0.67082036  0.34595245 -2.2008758   0.14247833 -0.35953686  0.
  -0.06990264  0.         -0.06103083  0.19623226]
 [-0.11968857 -0.7668592   1.0817802   0.15158811 -0.0788083   0.
  -0.08630823  0.          0.04369717 -0.01298212]] 
Episode: 706: [[-0.24803981 -0.5394624  -0.98061395  0.26828972 -0.18931624  0.
  -0.02918248  0.         -0.03670318  0.05378282]
 [ 0.25023913  0.15693225 -2.1432498   0.12669982 -0.14473167  0.
  -0.06969082  0.          0.05016179  0.0729861 ]
 [ 0.36397448  0.48865783 -2.0884304   0.13496886 -0.25673142  0.
  -0.02769809  0.          0.05416317  0.06287605]
 [ 0.6712204   0.34609354 -2.2013721   0.14260323 -0.35985503  0.
  -0.06995134  0.         -0.06103083  0.19626477]
 [-0.11968991 -0.7670224   1.0822228   0.15146989 -0.07884905  0.
  -0.08621673  0.          0.04369717 -0.01335115]] 
Episode: 707: [[-0.24764732 -0.5396137  -0.98034686  0.26833802 -0.18941213  0.
  -0.02910815  0.         -0.03670318  0.05351381]
 [ 0.2501835   0.15691154 -2.1434708   0.12658903 -0.14477101  0.
  -0.06969196  0.          0.05016179  0.07325482]
 [ 0.36357495  0.4886953  -2.088665    0.13492236 -0.25676903  0.
  -0.02771118  0.          0.05416317  0.0632792 ]
 [ 0.67171013  0.34611997 -2.201612    0.14250712 -0.35988075  0.
  -0.07009952  0.         -0.06103083  0.19614807]
 [-0.11946094 -0.7668426   1.0824277   0.15170395 -0.07877988  0.
  -0.086243    0.          0.04369717 -0.01381577]] 
Episode: 708: [[-0.24739847 -0.5398358  -0.979949    0.26825824 -0.18940946  0.
  -0.02914865  0.         -0.03670318  0.05336677]
 [ 0.25011945  0.15691854 -2.1437936   0.12660259 -0.14493029  0.
  -0.06958222  0.          0.05016179  0.07352481]
 [ 0.36318633  0.488782   -2.0890155   0.13502999 -0.25696847  0.
  -0.02761867  0.          0.05416317  0.06365018]
 [ 0.672201    0.34612077 -2.20196     0.14257495 -0.36003906  0.
  -0.07012852  0.         -0.06103083  0.19610476]
 [-0.11928809 -0.766722    1.082758    0.15180857 -0.07863688  0.
  -0.08637522  0.          0.04369717 -0.01429024]] 
Episode: 709: [[-0.24719222 -0.54009825 -0.9794994   0.26811936 -0.18959323  0.
  -0.02929248  0.         -0.03670318  0.05310205]
 [ 0.25002232  0.15689826 -2.1441517   0.12672578 -0.1450891   0.
  -0.06937273  0.          0.05016179  0.07393503]
 [ 0.36271355  0.4888613  -2.0894055   0.13526216 -0.25713077  0.
  -0.02743113  0.          0.05416317  0.06411726]
 [ 0.67270476  0.34605873 -2.2023356   0.1427879  -0.36022705  0.
  -0.07005028  0.         -0.06103083  0.19602941]
 [-0.11913822 -0.7665748   1.0831366   0.15180075 -0.07846348  0.
  -0.08660275  0.          0.04369717 -0.01484967]] 
Episode: 710: [[-0.24711408 -0.5402611  -0.9791471   0.26796526 -0.18976706  0.
  -0.02931454  0.         -0.03670318  0.05299636]
 [ 0.24997443  0.15682665 -2.1444755   0.12685317 -0.14522837  0.
  -0.06929237  0.          0.05016179  0.07422026]
 [ 0.36235812  0.4888597  -2.0897377   0.13549435 -0.25727707  0.
  -0.02736664  0.          0.05416317  0.06440395]
 [ 0.67325205  0.34603417 -2.2026834   0.14299454 -0.36038002  0.
  -0.07008421  0.         -0.06103083  0.19581568]
 [-0.11906429 -0.76634395  1.0834588   0.15177104 -0.07822764  0.
  -0.08691604  0.          0.04369717 -0.01534273]] 
Episode: 711: [[-0.24722005 -0.5405067  -0.97874486  0.26777458 -0.18994121  0.
  -0.02944174  0.         -0.03670318  0.05303361]
 [ 0.2498711   0.15684804 -2.1448529   0.12705517 -0.14543638  0.
  -0.06910937  0.          0.05016179  0.07451642]
 [ 0.36196664  0.48895246 -2.090123    0.13580813 -0.2575031   0.
  -0.02720433  0.          0.05416317  0.06462459]
 [ 0.67373383  0.3459644  -2.2030976   0.14330374 -0.36065274  0.
  -0.07001042  0.         -0.06103083  0.19576192]
 [-0.11919692 -0.76626056  1.0838516   0.15168121 -0.07807379  0.
  -0.08730646  0.          0.04369717 -0.0156858 ]] 
Episode: 712: [[-0.24723466 -0.54072505 -0.97836643  0.26758713 -0.19010226  0.
  -0.02944887  0.         -0.03670318  0.0531433 ]
 [ 0.24987315  0.15689059 -2.145225    0.12721963 -0.14562345  0.
  -0.06905539  0.          0.05016179  0.07468997]
 [ 0.36172247  0.48904863 -2.0905032   0.136076   -0.25770354  0.
  -0.02716253  0.          0.05416317  0.06468964]
 [ 0.6743313   0.34594926 -2.2034981   0.14354451 -0.36090246  0.
  -0.07004832  0.         -0.06103083  0.19556789]
 [-0.11918963 -0.76618207  1.0842222   0.15158185 -0.07793406  0.
  -0.08754928  0.          0.04369717 -0.01590782]] 
Episode: 713: [[-0.24723236 -0.54096264 -0.9779974   0.26739177 -0.19026013  0.
  -0.02934797  0.         -0.03670318  0.05337421]
 [ 0.24995191  0.15701975 -2.1456158   0.12737383 -0.14581054  0.
  -0.06911746  0.          0.05016179  0.07471187]
 [ 0.36159876  0.4892144  -2.0909033   0.13633023 -0.25789872  0.
  -0.02722915  0.          0.05416317  0.06461487]
 [ 0.6749827   0.3460421  -2.2039135   0.14376295 -0.36116672  0.
  -0.07018673  0.         -0.06103083  0.19524792]
 [-0.11911406 -0.76617974  1.0845888   0.15146202 -0.07783525  0.
  -0.0876593   0.          0.04369717 -0.0159747 ]] 
Episode: 714: [[-0.24715401 -0.5412069  -0.977657    0.26723233 -0.1904347   0.
  -0.02914987  0.         -0.03670318  0.05371403]
 [ 0.2501151   0.15712129 -2.145989    0.12747702 -0.1460081   0.
  -0.06928393  0.          0.05016179  0.07456702]
 [ 0.36159888  0.489371   -2.0912871   0.1365161  -0.25808987  0.
  -0.02739334  0.          0.05416317  0.06441445]
 [ 0.67575306  0.34604225 -2.2042937   0.14390256 -0.36146817  0.
  -0.07041558  0.         -0.06103083  0.19481488]
 [-0.11889382 -0.7662074   1.0849282   0.1513736  -0.07780579  0.
  -0.08764984  0.          0.04369717 -0.01590217]] 
Episode: 715: [[-0.24690983 -0.5413955  -0.9774053   0.26734093 -0.19061054  0.
  -0.02886433  0.         -0.03670318  0.05388758]
 [ 0.25024515  0.15729891 -2.1462462   0.12743089 -0.14613612  0.
  -0.06954432  0.          0.05016179  0.07439314]
 [ 0.3615327   0.48957455 -2.0915575   0.13647197 -0.25818288  0.
  -0.02764533  0.          0.05416317  0.06426729]
 [ 0.6766309   0.34612694 -2.2045507   0.14385077 -0.36169007  0.
  -0.07072581  0.         -0.06103083  0.19440642]
 [-0.11856284 -0.7663627   1.0851666   0.15151787 -0.07793089  0.
  -0.08753288  0.          0.04369717 -0.01574677]] 
Episode: 716: [[-0.24679293 -0.5416023  -0.97714776  0.26741874 -0.19075389  0.
  -0.02857432  0.         -0.03670318  0.05417563]
 [ 0.2503599   0.15755045 -2.1465142   0.12742187 -0.14626339  0.
  -0.06975236  0.          0.05016179  0.07419939]
 [ 0.3614865   0.48983714 -2.091839    0.13647169 -0.25828576  0.
  -0.02782158  0.          0.05416317  0.06401608]
 [ 0.67735326  0.34629217 -2.2048233   0.1438545  -0.36189747  0.
  -0.07092416  0.         -0.06103083  0.19409503]
 [-0.11838439 -0.76658005  1.0854357   0.1516237  -0.07802333  0.
  -0.08743095  0.          0.04369717 -0.01547441]] 
Episode: 717: [[-0.24678381 -0.54182875 -0.97686714  0.2674258  -0.19087856  0.
  -0.02842071  0.         -0.03670318  0.05432077]
 [ 0.25043467  0.15783589 -2.1468103   0.12748986 -0.14645173  0.
  -0.06982887  0.          0.05016179  0.07415881]
 [ 0.3614055   0.49012363 -2.0921493   0.13656811 -0.258465    0.
  -0.02787589  0.          0.05416317  0.06392329]
 [ 0.67794174  0.34650517 -2.2051358   0.14396517 -0.36218366  0.
  -0.07099835  0.         -0.06103083  0.19396053]
 [-0.11831059 -0.76679575  1.0857409   0.15164882 -0.07809296  0.
  -0.08744776  0.          0.04369717 -0.01536198]] 
Episode: 718: [[-0.24666713 -0.54194486 -0.9765993   0.26749003 -0.19096765  0.
  -0.02838983  0.         -0.03670318  0.05431947]
 [ 0.250473    0.15800281 -2.1471496   0.12751485 -0.1465772   0.
  -0.07000837  0.          0.05016179  0.07410508]
 [ 0.36127758  0.49028942 -2.092494    0.13659902 -0.25858045  0.
  -0.02802906  0.          0.05416317  0.06397288]
 [ 0.6786561   0.34668025 -2.2054977   0.14400193 -0.3623602   0.
  -0.07116941  0.         -0.06103083  0.19369432]
 [-0.1180969  -0.76688254  1.0860398   0.15172838 -0.07811556  0.
  -0.08757139  0.          0.04369717 -0.01539327]] 
Episode: 719: [[-0.24668346 -0.5420732  -0.97617936  0.26729694 -0.19108702  0.
  -0.02846937  0.         -0.03670318  0.05420443]
 [ 0.25049987  0.15806483 -2.1475801   0.12768891 -0.14674127  0.
  -0.07005925  0.          0.05016179  0.07413911]
 [ 0.36115605  0.49038488 -2.092954    0.13683718 -0.25873747  0.
  -0.02806262  0.          0.05416317  0.06415042]
 [ 0.67928505  0.34671396 -2.2059433   0.14422812 -0.3625928   0.
  -0.07121907  0.         -0.06103083  0.19354503]
 [-0.11798608 -0.7669231   1.0864497   0.15163249 -0.07812078  0.
  -0.08779114  0.          0.04369717 -0.01555374]] 
Episode: 720: [[-0.24681756 -0.5422799  -0.97563064  0.2668747  -0.19115846  0.
  -0.02864826  0.         -0.03670318  0.05396926]
 [ 0.2505445   0.15816571 -2.148079    0.12803294 -0.14698334  0.
  -0.06999443  0.          0.05016179  0.07423334]
 [ 0.36106956  0.49052542 -2.0934966   0.13726057 -0.25900093  0.
  -0.02798855  0.          0.05416317  0.06444291]
 [ 0.67993826  0.34673825 -2.2064443   0.14463782 -0.36292115  0.
  -0.07115947  0.         -0.06103083  0.19339582]
 [-0.11792093 -0.76697874  1.0869594   0.15134424 -0.07806966  0.
  -0.08809736  0.          0.04369717 -0.01583026]] 
Episode: 721: [[-0.24694575 -0.54245996 -0.97513855  0.26651025 -0.19122118  0.
  -0.02891654  0.         -0.03670318  0.05370605]
 [ 0.25056458  0.1582942  -2.1485307   0.12833406 -0.14715213  0.
  -0.07003105  0.          0.05016179  0.07432114]
 [ 0.36096925  0.490675   -2.0939863   0.13762744 -0.25918487  0.
  -0.02802616  0.          0.05416317  0.06472716]
 [ 0.6805858   0.34685144 -2.2069137   0.14499196 -0.36313686  0.
  -0.07121012  0.         -0.06103083  0.19323894]
 [-0.11788703 -0.7670373   1.087405    0.15110724 -0.07802091  0.
  -0.08848137  0.          0.04369717 -0.01610899]] 
Episode: 722: [[-0.24706683 -0.5427001  -0.97466785  0.26617202 -0.19130985  0.
  -0.02905067  0.         -0.03670318  0.05350265]
 [ 0.25063804  0.15851262 -2.1489463   0.12862061 -0.14729235  0.
  -0.0701746   0.          0.05016179  0.07421988]
 [ 0.36096662  0.49091348 -2.0944376   0.13797243 -0.25932553  0.
  -0.02816425  0.          0.05416317  0.06484993]
 [ 0.6813405   0.34702656 -2.2073205   0.14532118 -0.36333278  0.
  -0.07135995  0.         -0.06103083  0.19295247]
 [-0.11777984 -0.76718545  1.087835    0.1508835  -0.07803112  0.
  -0.08871847  0.          0.04369717 -0.01622742]] 
Episode: 723: [[-0.24726418 -0.54298955 -0.9741648   0.26573402 -0.19137497  0.
  -0.02927864  0.         -0.03670318  0.053356  ]
 [ 0.2507224   0.15878874 -2.1494412   0.12898163 -0.14753644  0.
  -0.07019319  0.          0.05016179  0.07419758]
 [ 0.3609852   0.49120495 -2.0949693   0.13842538 -0.25958908  0.
  -0.02818428  0.          0.05416317  0.06503978]
 [ 0.6819645   0.3472074  -2.207822    0.14575225 -0.3636823   0.
  -0.07139054  0.         -0.06103083  0.19282512]
 [-0.11778765 -0.7674103   1.0883299   0.15054631 -0.07802897  0.
  -0.08904026  0.          0.04369717 -0.01633696]] 
Episode: 724: [[-0.24746697 -0.54324436 -0.973713    0.26533535 -0.19142191  0.
  -0.02959104  0.         -0.03670318  0.05318922]
 [ 0.2508828   0.15903495 -2.1498961   0.12932102 -0.1477883   0.
  -0.07014772  0.          0.05016179  0.074197  ]
 [ 0.3611142   0.49146444 -2.0954542   0.13884869 -0.25986248  0.
  -0.02809807  0.          0.05416317  0.06525201]
 [ 0.6826249   0.34737223 -2.2082794   0.14616323 -0.36403736  0.
  -0.07139236  0.         -0.06103083  0.19277324]
 [-0.11782336 -0.767603    1.0887642   0.15023333 -0.0779993   0.
  -0.08943821  0.          0.04369717 -0.01647723]] 
Episode: 725: [[-0.24769336 -0.5435887  -0.9731072   0.26489452 -0.1913406   0.
  -0.029813    0.         -0.03670318  0.05317126]
 [ 0.25102228  0.15939839 -2.150498    0.12973078 -0.14813873  0.
  -0.07002248  0.          0.05016179  0.07414716]
 [ 0.3611901   0.4918448  -2.0961041   0.13935852 -0.26028058  0.
  -0.02791627  0.          0.05416317  0.06530996]
 [ 0.6833644   0.34759393 -2.208898    0.1466733  -0.3645084   0.
  -0.07128965  0.         -0.06103083  0.19268644]
 [-0.11782841 -0.76790607  1.0893661   0.14985137 -0.07793882  0.
  -0.08968793  0.          0.04369717 -0.01652074]] 
Episode: 726: [[-0.24788067 -0.5438803  -0.9724415   0.26452696 -0.19123623  0.
  -0.03012004  0.         -0.03670318  0.05302317]
 [ 0.25112504  0.15970422 -2.1510262   0.13011634 -0.14844196  0.
  -0.06988709  0.          0.05016179  0.07418962]
 [ 0.36116728  0.49215212 -2.0967014   0.13982853 -0.2606673   0.
  -0.02764844  0.          0.05416317  0.06549489]
 [ 0.6840797   0.34772196 -2.209411    0.14715312 -0.3649027   0.
  -0.07130156  0.         -0.06103083  0.19260412]
 [-0.11783076 -0.7681681   1.089984    0.14950585 -0.07789085  0.
  -0.090021    0.          0.04369717 -0.01669228]] 
Episode: 727: [[-0.24803407 -0.5441649  -0.9718602   0.26421803 -0.19119838  0.
  -0.03028905  0.         -0.03670318  0.05302183]
 [ 0.251236    0.15997382 -2.1514904   0.13043809 -0.14871892  0.
  -0.069876    0.          0.05016179  0.07418112]
 [ 0.36115623  0.4924385  -2.0972214   0.14021963 -0.26100254  0.
  -0.02751163  0.          0.05416317  0.06554275]
 [ 0.6847008   0.34778965 -2.2098577   0.14754866 -0.36528224  0.
  -0.07141659  0.         -0.06103083  0.19248922]
 [-0.11781619 -0.76842743  1.090534    0.1492155  -0.07790481  0.
  -0.09021237  0.          0.04369717 -0.01675154]] 
Episode: 728: [[-0.24818747 -0.544506   -0.971286    0.26383013 -0.19116752  0.
  -0.03033387  0.         -0.03670318  0.05315237]
 [ 0.25132823  0.1602758  -2.151924    0.13076904 -0.14897533  0.
  -0.06976649  0.          0.05016179  0.07421395]
 [ 0.3611095   0.4927651  -2.0977075   0.14064105 -0.26132065  0.
  -0.02728431  0.          0.05416317  0.06560709]
 [ 0.68522155  0.3478795  -2.2102852   0.14795394 -0.36563563  0.
  -0.0714158   0.         -0.06103083  0.19251233]
 [-0.11783662 -0.76869965  1.0910565   0.1489085  -0.0779374   0.
  -0.09027624  0.          0.04369717 -0.0168199 ]] 
Episode: 729: [[-0.24834001 -0.54479116 -0.97058845  0.2634402  -0.19104937  0.
  -0.03048145  0.         -0.03670318  0.05313812]
 [ 0.25136852  0.16054465 -2.1524234   0.13108142 -0.14926693  0.
  -0.06956133  0.          0.05016179  0.07438137]
 [ 0.36097884  0.4930533  -2.0982764   0.1410449  -0.2617099   0.
  -0.02697554  0.          0.05416317  0.06579775]
 [ 0.68562555  0.34787855 -2.2107441   0.14832978 -0.366024    0.
  -0.07131079  0.         -0.06103083  0.19267868]
 [-0.11788968 -0.7690377   1.0916837   0.14861119 -0.07793396  0.
  -0.09043432  0.          0.04369717 -0.01695824]] 
Episode: 730: [[-0.24835305 -0.54511666 -0.9699172   0.26305643 -0.19095115  0.
  -0.03050702  0.         -0.03670318  0.05318629]
 [ 0.25152406  0.1609588  -2.1529694   0.13135985 -0.14957944  0.
  -0.06948742  0.          0.05016179  0.07434729]
 [ 0.36100498  0.49345678 -2.0988936   0.14141105 -0.26210213  0.
  -0.02680186  0.          0.05416317  0.06583652]
 [ 0.6861744   0.348067   -2.211246    0.1486395  -0.3664757   0.
  -0.07132058  0.         -0.06103083  0.19268282]
 [-0.11770713 -0.76944387  1.0923011   0.14830606 -0.07799941  0.
  -0.09046826  0.          0.04369717 -0.01697844]] 
Episode: 731: [[-0.24835107 -0.5453797  -0.96928114  0.26270017 -0.190793    0.
  -0.0304228   0.         -0.03670318  0.05336126]
 [ 0.2517231   0.16134445 -2.1534884   0.1316027  -0.14989637  0.
  -0.06941771  0.          0.05016179  0.07427415]
 [ 0.36109883  0.49382845 -2.099485    0.14173502 -0.26250878  0.
  -0.02666431  0.          0.05416317  0.06577993]
 [ 0.6867113   0.348309   -2.2117345   0.14890788 -0.3669051   0.
  -0.0712251   0.         -0.06103083  0.19270653]
 [-0.11752247 -0.76982105  1.0928768   0.14802758 -0.07799282  0.
  -0.0903905   0.          0.04369717 -0.01686411]] 
Episode: 732: [[-0.24839811 -0.54571205 -0.9686609   0.26230842 -0.190755    0.
  -0.0302398   0.         -0.03670318  0.05365017]
 [ 0.2519236   0.16178909 -2.1540105   0.13185252 -0.15015173  0.
  -0.06946506  0.          0.05016179  0.07416205]
 [ 0.3612079   0.49426737 -2.1000755   0.14207718 -0.26281762  0.
  -0.02664479  0.          0.05416317  0.06559642]
 [ 0.68721646  0.3485841  -2.2122366   0.14918478 -0.36728457  0.
  -0.07124225  0.         -0.06103083  0.19271223]
 [-0.11740793 -0.77024823  1.0934381   0.14772546 -0.07807802  0.
  -0.09021226  0.          0.04369717 -0.01662888]] 
Episode: 733: [[-0.24849221 -0.54603404 -0.9680691   0.26189625 -0.19077402  0.
  -0.02996883  0.         -0.03670318  0.05404147]
 [ 0.25213796  0.16219205 -2.1545265   0.13211353 -0.150397    0.
  -0.06955583  0.          0.05016179  0.07402787]
 [ 0.3613526   0.49467954 -2.100658    0.14243849 -0.26309538  0.
  -0.02673149  0.          0.05416317  0.06534764]
 [ 0.6876271   0.34880573 -2.2127514   0.14947787 -0.36766526  0.
  -0.07130779  0.         -0.06103083  0.19276284]
 [-0.11736563 -0.7706873   1.0939797   0.14739406 -0.07822505  0.
  -0.089955    0.          0.04369717 -0.01628502]] 
Episode: 734: [[-0.24854578 -0.5462436  -0.96749127  0.26143646 -0.19073063  0.
  -0.02983217  0.         -0.03670318  0.05426202]
 [ 0.25238177  0.16255261 -2.1550372   0.13235663 -0.15065138  0.
  -0.06964108  0.          0.05016179  0.07397988]
 [ 0.36152592  0.4950077  -2.1012325   0.1427937  -0.26340467  0.
  -0.02670526  0.          0.05416317  0.06525645]
 [ 0.6880268   0.3490512  -2.2132525   0.14972933 -0.36803815  0.
  -0.07147112  0.         -0.06103083  0.19284588]
 [-0.1174049  -0.7710537   1.0945187   0.14704596 -0.07828487  0.
  -0.08983177  0.          0.04369717 -0.01607654]] 
Episode: 735: [[-0.24842636 -0.5460211  -0.9671465   0.26119494 -0.19056062  0.
  -0.02981636  0.         -0.03670318  0.0543291 ]
 [ 0.25260884  0.16271032 -2.1554363   0.13247213 -0.15077937  0.
  -0.06960683  0.          0.05016179  0.0741213 ]
 [ 0.3616487   0.4950181  -2.1016529   0.14296193 -0.26361215  0.
  -0.02657741  0.          0.05416317  0.06530691]
 [ 0.6883382   0.34934303 -2.2136514   0.14980859 -0.3681973   0.
  -0.07172244  0.         -0.06103083  0.19306628]
 [-0.11751463 -0.7711716   1.094836    0.1468281  -0.07826471  0.
  -0.08982912  0.          0.04369717 -0.01602126]] 
Episode: 736: [[-0.24809965 -0.54569465 -0.96688306  0.26120102 -0.19041586  0.
  -0.02990928  0.         -0.03670318  0.05425826]
 [ 0.2528866   0.16279812 -2.1557984   0.1323753  -0.15090828  0.
  -0.06963561  0.          0.05016179  0.07437462]
 [ 0.36177737  0.49493456 -2.1020267   0.14290223 -0.2638133   0.
  -0.02635812  0.          0.05416317  0.06548465]
 [ 0.6886739   0.3496192  -2.2140036   0.14967193 -0.36836419  0.
  -0.07205294  0.         -0.06103083  0.19333199]
 [-0.11754095 -0.77120847  1.0951012   0.14681461 -0.07823048  0.
  -0.08993497  0.          0.04369717 -0.01610365]] 
Episode: 737: [[-0.24787389 -0.5454391  -0.9665945   0.26114908 -0.1903018   0.
  -0.02988576  0.         -0.03670318  0.05432563]
 [ 0.25316682  0.16290365 -2.1561944   0.132332   -0.15105644  0.
  -0.06972723  0.          0.05016179  0.07455474]
 [ 0.3619371   0.49489638 -2.1024363   0.14290953 -0.26402503  0.
  -0.026265    0.          0.05416317  0.06551223]
 [ 0.688942    0.34985277 -2.214394    0.14960833 -0.36857343  0.
  -0.07242643  0.         -0.06103083  0.19359058]
 [-0.11761253 -0.7713049   1.0954069   0.14673904 -0.07823428  0.
  -0.089922    0.          0.04369717 -0.01604572]] 
Episode: 738: [[-0.24763675 -0.54525393 -0.96657896  0.26135138 -0.19020995  0.
  -0.02975748  0.         -0.03670318  0.05451723]
 [ 0.2534037   0.16311179 -2.156511    0.13210443 -0.15112847  0.
  -0.06992072  0.          0.05016179  0.0745611 ]
 [ 0.3620495   0.49498674 -2.102729    0.14270602 -0.2641305   0.
  -0.02628542  0.          0.05416317  0.06540486]
 [ 0.6891961   0.35020658 -2.2147515   0.14934404 -0.36869517  0.
  -0.07286691  0.         -0.06103083  0.19373842]
 [-0.11772287 -0.7715609   1.0955161   0.14687526 -0.07836394  0.
  -0.08980215  0.          0.04369717 -0.01586171]] 
Episode: 739: [[-0.24764323 -0.5444988  -0.9664902   0.2617801  -0.18958233  0.
  -0.02953494  0.         -0.03670318  0.05482046]
 [ 0.2539191   0.16313563 -2.15669     0.13150926 -0.15091941  0.
  -0.07020585  0.          0.05016179  0.07438296]
 [ 0.3623723   0.49476132 -2.1029394   0.1423141  -0.26405722  0.
  -0.026408    0.          0.05416317  0.06517622]
 [ 0.6895934   0.3505722  -2.2149327   0.14890036 -0.36829367  0.
  -0.07336766  0.         -0.06103083  0.1937255 ]
 [-0.11801701 -0.77197814  1.0956038   0.14733341 -0.07850464  0.
  -0.08958612  0.          0.04369717 -0.01556437]] 
Episode: 740: [[-0.24772951 -0.5437793  -0.9663343   0.26221037 -0.18897346  0.
  -0.02922759  0.         -0.03670318  0.055224  ]
 [ 0.25442648  0.16311328 -2.1568863   0.13094991 -0.15078029  0.
  -0.07057342  0.          0.05016179  0.074107  ]
 [ 0.36273998  0.49452424 -2.1031802   0.14192608 -0.2640577   0.
  -0.02662252  0.          0.05416317  0.0648386 ]
 [ 0.6900056   0.35078105 -2.2151253   0.14847212 -0.3679915   0.
  -0.07392264  0.         -0.06103083  0.19369471]
 [-0.1183067  -0.77239496  1.0957328   0.14777294 -0.07861705  0.
  -0.08928357  0.          0.04369717 -0.01516522]] 
Episode: 741: [[-0.24791603 -0.5430445  -0.9661219   0.26273575 -0.18827486  0.
  -0.02885308  0.         -0.03670318  0.05571768]
 [ 0.25488102  0.1630079  -2.157163    0.13041027 -0.15070607  0.
  -0.07079317  0.          0.05016179  0.07384969]
 [ 0.36303592  0.49421147 -2.1035035   0.14150512 -0.26416782  0.
  -0.02671137  0.          0.05416317  0.0644414 ]
 [ 0.69052064  0.3509081  -2.2154255   0.14804694 -0.367731    0.
  -0.07431775  0.         -0.06103083  0.19374481]
 [-0.11867344 -0.7726725   1.0958804   0.14825808 -0.07858346  0.
  -0.08892622  0.          0.04369717 -0.01476328]] 
Episode: 742: [[-0.24810487 -0.54238266 -0.9659302   0.2632067  -0.18764356  0.
  -0.0285896   0.         -0.03670318  0.05617108]
 [ 0.25534898  0.16291168 -2.1573913   0.12993157 -0.15063769  0.
  -0.07103847  0.          0.05016179  0.07361013]
 [ 0.36337486  0.4939286  -2.1037765   0.14113416 -0.26426473  0.
  -0.02685744  0.          0.05416317  0.06407404]
 [ 0.69101655  0.35102555 -2.215674    0.14767571 -0.36748496  0.
  -0.07477764  0.         -0.06103083  0.1937789 ]
 [-0.11904911 -0.77293897  1.0960139   0.14868979 -0.07854728  0.
  -0.08871282  0.          0.04369717 -0.01438022]] 
Episode: 743: [[-0.24805564 -0.54145175 -0.9658088   0.26387507 -0.18684837  0.
  -0.02845963  0.         -0.03670318  0.0564481 ]
 [ 0.25580138  0.16268297 -2.157654    0.12918258 -0.15067896  0.
  -0.07137023  0.          0.05016179  0.07357876]
 [ 0.3634973   0.49344113 -2.1040642   0.1405922  -0.2645447   0.
  -0.02709313  0.          0.05416317  0.06387569]
 [ 0.6916484   0.3510736  -2.2159579   0.14713617 -0.36732942  0.
  -0.07529583  0.         -0.06103083  0.19395557]
 [-0.11923908 -0.77316046  1.0961175   0.1494084  -0.07843336  0.
  -0.08841264  0.          0.04369717 -0.01416758]] 
Episode: 744: [[-0.24806802 -0.5406158  -0.9656977   0.26446965 -0.18612911  0.
  -0.02844979  0.         -0.03670318  0.05666082]
 [ 0.2562153   0.16246983 -2.1578696   0.12852472 -0.15072621  0.
  -0.07160073  0.          0.05016179  0.07360259]
 [ 0.3636174   0.49299952 -2.104304    0.14012381 -0.26480904  0.
  -0.02720101  0.          0.05416317  0.06378354]
 [ 0.69217974  0.35110894 -2.2161973   0.14667544 -0.3671889   0.
  -0.07565784  0.         -0.06103083  0.19421276]
 [-0.11952183 -0.7733745   1.096216    0.15004595 -0.07832021  0.
  -0.08825066  0.          0.04369717 -0.01402512]] 
Episode: 745: [[-0.24809457 -0.53986526 -0.96559316  0.2649967  -0.1854754   0.
  -0.02848002  0.         -0.03670318  0.05686464]
 [ 0.25661793  0.16230088 -2.1580596   0.12794468 -0.15078638  0.
  -0.07177834  0.          0.05016179  0.07364272]
 [ 0.3637591   0.4926184  -2.1045172   0.13971786 -0.26506782  0.
  -0.02721519  0.          0.05416317  0.0637251 ]
 [ 0.6926212   0.35120147 -2.2164066   0.14628206 -0.36708042  0.
  -0.07587934  0.         -0.06103083  0.19450825]
 [-0.11979048 -0.7735705   1.0963126   0.15060566 -0.07819895  0.
  -0.08815821  0.          0.04369717 -0.01387678]] 
Episode: 746: [[-0.24809577 -0.5391481  -0.96551263  0.26552033 -0.18489271  0.
  -0.02840004  0.         -0.03670318  0.05717886]
 [ 0.25701416  0.16211885 -2.1582158   0.12737401 -0.15079582  0.
  -0.07204933  0.          0.05016179  0.07356523]
 [ 0.3639229   0.49224654 -2.104697    0.13928851 -0.26524654  0.
  -0.0273322   0.          0.05416317  0.06354045]
 [ 0.6930022   0.35127512 -2.2165742   0.14585263 -0.36691815  0.
  -0.07618295  0.         -0.06103083  0.19468465]
 [-0.1199951  -0.7737427   1.0963794   0.15114975 -0.07810356  0.
  -0.08796682  0.          0.04369717 -0.01361138]] 
Episode: 747: [[-0.2478785  -0.53838825 -0.9653949   0.26623538 -0.18431516  0.
  -0.02843523  0.         -0.03670318  0.05733065]
 [ 0.25735432  0.16172338 -2.1583955   0.12665716 -0.15087017  0.
  -0.07218201  0.          0.05016179  0.07363695]
 [ 0.36393666  0.4917157  -2.104891    0.13869436 -0.2654973   0.
  -0.02733326  0.          0.05416317  0.06350638]
 [ 0.69344145  0.35106847 -2.2167635   0.14526105 -0.3668322   0.
  -0.0763519   0.         -0.06103083  0.19496164]
 [-0.12005899 -0.7737745   1.0964742   0.15193331 -0.07793509  0.
  -0.08790278  0.          0.04369717 -0.01350458]] 
Episode: 748: [[-0.24775419 -0.53770727 -0.96514505  0.26663098 -0.18369423  0.
  -0.02857406  0.         -0.03670318  0.05733643]
 [ 0.25764602  0.1613536  -2.1586363   0.12616378 -0.15098897  0.
  -0.07219029  0.          0.05016179  0.07388473]
 [ 0.3638963   0.49120945 -2.1051667   0.13836965 -0.26582104  0.
  -0.02722997  0.          0.05416317  0.06360764]
 [ 0.6939029   0.3509054  -2.217025    0.1449169  -0.366789    0.
  -0.07639967  0.         -0.06103083  0.19535656]
 [-0.12023228 -0.7736996   1.0966492   0.15246823 -0.0776943   0.
  -0.0879533   0.          0.04369717 -0.01354034]] 
Episode: 749: [[-0.24773452 -0.53718764 -0.9648808   0.26696244 -0.18315345  0.
  -0.02865482  0.         -0.03670318  0.05747228]
 [ 0.2578676   0.16113336 -2.1589334   0.1257709  -0.15113412  0.
  -0.07223719  0.          0.05016179  0.07408199]
 [ 0.3638123   0.4908736  -2.1054914   0.13813661 -0.26615062  0.
  -0.02722906  0.          0.05416317  0.06360282]
 [ 0.69435996  0.35078147 -2.2173612   0.14468195 -0.3668281   0.
  -0.07654692  0.         -0.06103083  0.19567488]
 [-0.1204592  -0.77376837  1.0968515   0.15291916 -0.07755072  0.
  -0.08795768  0.          0.04369717 -0.01353867]] 
Episode: 750: [[-0.24777794 -0.5367373  -0.96463203  0.26723975 -0.18266669  0.
  -0.02882733  0.         -0.03670318  0.05762092]
 [ 0.25806436  0.1609087  -2.1592178   0.1254465  -0.15131459  0.
  -0.0721682   0.          0.05016179  0.0743156 ]
 [ 0.36373413  0.49056208 -2.1058      0.13796403 -0.26650363  0.
  -0.02712399  0.          0.05416317  0.06366519]
 [ 0.6947104   0.35057244 -2.2176898   0.14451595 -0.36693576  0.
  -0.07657518  0.         -0.06103083  0.19608739]
 [-0.1207272  -0.77386236  1.0970451   0.15329935 -0.07742731  0.
  -0.08805835  0.          0.04369717 -0.01353919]] 
Episode: 751: [[-0.24786533 -0.5363678  -0.9643048   0.267439   -0.18221556  0.
  -0.02908979  0.         -0.03670318  0.05762392]
 [ 0.25826606  0.16071646 -2.1595674   0.12521282 -0.15154378  0.
  -0.07199498  0.          0.05016179  0.07455771]
 [ 0.36368772  0.49030328 -2.1061795   0.13788202 -0.2669008   0.
  -0.02692521  0.          0.05416317  0.06380671]
 [ 0.6951197   0.3503426  -2.2180796   0.14445159 -0.36712286  0.
  -0.07649636  0.         -0.06103083  0.1965191 ]
 [-0.12097636 -0.77396417  1.0973213   0.15360093 -0.07729566  0.
  -0.08825717  0.          0.04369717 -0.01362471]] 
Episode: 752: [[-0.24808785 -0.5360786  -0.9639002   0.26752222 -0.18184447  0.
  -0.02943317  0.         -0.03670318  0.05754817]
 [ 0.258415    0.16053781 -2.160005    0.12511104 -0.15182856  0.
  -0.07172797  0.          0.05016179  0.0748928 ]
 [ 0.36359626  0.49008533 -2.1066504   0.13794737 -0.26733908  0.
  -0.02664209  0.          0.05416317  0.0640659 ]
 [ 0.6954904   0.35005286 -2.2185614   0.14454643 -0.3674159   0.
  -0.07632119  0.         -0.06103083  0.19701926]
 [-0.12132626 -0.7740747   1.097718    0.15377101 -0.07722622  0.
  -0.08854429  0.          0.04369717 -0.01383361]] 
Episode: 753: [[-0.24832493 -0.53598905 -0.96341753  0.26746774 -0.18163788  0.
  -0.02963498  0.         -0.03670318  0.05758573]
 [ 0.25850028  0.1605341  -2.160511    0.12511142 -0.15213923  0.
  -0.07137661  0.          0.05016179  0.07527252]
 [ 0.36341876  0.49005234 -2.107193    0.13813667 -0.26776686  0.
  -0.02628309  0.          0.05416317  0.06436313]
 [ 0.695784    0.34985253 -2.2191021   0.14474939 -0.36780778  0.
  -0.07605932  0.         -0.06103083  0.19760941]
 [-0.12171055 -0.7742661   1.0982112   0.15381458 -0.07727655  0.
  -0.08869446  0.          0.04369717 -0.01412898]] 
Episode: 754: [[-0.24843512 -0.53587765 -0.96288055  0.2676279  -0.18140616  0.
  -0.02970941  0.         -0.03670318  0.05761974]
 [ 0.25860104  0.160584   -2.1610692   0.12503201 -0.15243314  0.
  -0.07117154  0.          0.05016179  0.07545014]
 [ 0.36322278  0.49006367 -2.107797    0.1381658  -0.26816103  0.
  -0.02606422  0.          0.05416317  0.06449854]
 [ 0.69623494  0.34973618 -2.2196674   0.14483763 -0.36818674  0.
  -0.07592788  0.         -0.06103083  0.19799426]
 [-0.12189938 -0.77445626  1.0987632   0.15401837 -0.07736724  0.
  -0.08872142  0.          0.04369717 -0.01426276]] 
Episode: 755: [[-0.24857381 -0.5357793  -0.962416    0.26770744 -0.18124402  0.
  -0.02966923  0.         -0.03670318  0.05759794]
 [ 0.2587234   0.16067332 -2.1616232   0.12498694 -0.15271635  0.
  -0.07091123  0.          0.05016179  0.07568391]
 [ 0.3630834   0.49009523 -2.108375    0.13823704 -0.26852736  0.
  -0.02577456  0.          0.05416317  0.06474462]
 [ 0.69665956  0.3496167  -2.2202642   0.14493833 -0.36859632  0.
  -0.07570537  0.         -0.06103083  0.19848582]
 [-0.12210499 -0.77465427  1.0992597   0.154152   -0.0775618   0.
  -0.08863752  0.          0.04369717 -0.01442623]] 
Episode: 756: [[-0.24873424 -0.5357438  -0.96191484  0.2677593  -0.1811622   0.
  -0.02952594  0.         -0.03670318  0.05770918]
 [ 0.25881603  0.1607806  -2.1621513   0.12496737 -0.15297048  0.
  -0.07056589  0.          0.05016179  0.07594412]
 [ 0.36290634  0.49015495 -2.1089363   0.1383293  -0.2688473   0.
  -0.02540967  0.          0.05416317  0.06497926]
 [ 0.6970587   0.34954572 -2.2208385   0.14505708 -0.36897263  0.
  -0.07540093  0.         -0.06103083  0.19904806]
 [-0.12235346 -0.77481407  1.0997651   0.15425807 -0.07777294  0.
  -0.08853976  0.          0.04369717 -0.01461292]] 
Episode: 757: [[-0.24881786 -0.53576183 -0.961399    0.2678176  -0.18120527  0.
  -0.02928986  0.         -0.03670318  0.05767848]
 [ 0.25890878  0.16087517 -2.1626573   0.12490436 -0.15320341  0.
  -0.07014409  0.          0.05016179  0.07623615]
 [ 0.3627138   0.49022248 -2.1094778   0.13836086 -0.2691164   0.
  -0.02497709  0.          0.05416317  0.06531297]
 [ 0.69740754  0.34944382 -2.2213864   0.1451004  -0.3693428   0.
  -0.07502275  0.         -0.06103083  0.19965814]
 [-0.12264606 -0.774956    1.1002706   0.15440957 -0.07798892  0.
  -0.08843036  0.          0.04369717 -0.01479887]] 
Episode: 758: [[-0.248937   -0.5357594  -0.9608122   0.26784068 -0.18118952  0.
  -0.02918453  0.         -0.03670318  0.05752021]
 [ 0.25905344  0.16087551 -2.1631951   0.12489134 -0.15347064  0.
  -0.06974455  0.          0.05016179  0.07639785]
 [ 0.3626188   0.4902202  -2.1100621   0.13843898 -0.26943642  0.
  -0.02453607  0.          0.05416317  0.06550011]
 [ 0.6979082   0.3492139  -2.2219563   0.145191   -0.3697275   0.
  -0.0747866   0.         -0.06103083  0.2000613 ]
 [-0.12287597 -0.7750619   1.1008276   0.15451644 -0.07814066  0.
  -0.08843437  0.          0.04369717 -0.01500079]] 
Episode: 759: [[-0.24910845 -0.5358232  -0.96017385  0.2677075  -0.1812358   0.
  -0.02912683  0.         -0.03670318  0.05727441]
 [ 0.25918442  0.16094944 -2.163782    0.12496793 -0.15373453  0.
  -0.0692739   0.          0.05016179  0.07661638]
 [ 0.3625167   0.49029195 -2.1107018   0.13864139 -0.2697402   0.
  -0.02403493  0.          0.05416317  0.06579446]
 [ 0.69832623  0.34906894 -2.2225735   0.14538452 -0.37012893  0.
  -0.07446991  0.         -0.06103083  0.20055795]
 [-0.12316702 -0.7752085   1.1014446   0.1545032  -0.07831502  0.
  -0.08854631  0.          0.04369717 -0.01524144]] 
Episode: 760: [[-0.24948089 -0.53607297 -0.959395    0.26739913 -0.18138915  0.
  -0.02896772  0.         -0.03670318  0.05718391]
 [ 0.25928667  0.16124152 -2.164523    0.12522243 -0.15407357  0.
  -0.06896153  0.          0.05016179  0.07677747]
 [ 0.36240923  0.4905853  -2.1115074   0.139031   -0.27010074  0.
  -0.02368819  0.          0.05416317  0.0659275 ]
 [ 0.69876873  0.34901968 -2.2233534   0.14576387 -0.37069985  0.
  -0.07428908  0.         -0.06103083  0.20095508]
 [-0.12359746 -0.77557206  1.102252    0.15428819 -0.0786759   0.
  -0.08853872  0.          0.04369717 -0.01536648]] 
Episode: 761: [[-0.24994197 -0.53653264 -0.95853287  0.26689532 -0.18160494  0.
  -0.02871737  0.         -0.03670318  0.05723298]
 [ 0.2593389   0.16165933 -2.1653137   0.12562115 -0.15450135  0.
  -0.06856935  0.          0.05016179  0.07690597]
 [ 0.36222586  0.4910432  -2.1123745   0.13958792 -0.2705448   0.
  -0.0232719   0.          0.05416317  0.06592139]
 [ 0.69925225  0.3489272  -2.2241695   0.14630936 -0.37141484  0.
  -0.07402219  0.         -0.06103083  0.20129007]
 [-0.1240807  -0.77604944  1.1031553   0.15391809 -0.07909255  0.
  -0.08847969  0.          0.04369717 -0.01555413]] 
Episode: 762: [[-0.25013772 -0.53656596 -0.9576947   0.26668632 -0.18204108  0.
  -0.02838494  0.         -0.03670318  0.05714673]
 [ 0.25933504  0.16163374 -2.1660805   0.12558961 -0.15472054  0.
  -0.06832756  0.          0.05016179  0.07720522]
 [ 0.36183777  0.4909944  -2.1132135   0.13988088 -0.2707288   0.
  -0.02300152  0.          0.05416317  0.06604743]
 [ 0.69979894  0.348527   -2.2249846   0.14659435 -0.37188038  0.
  -0.07376994  0.         -0.06103083  0.20173655]
 [-0.12453968 -0.77623034  1.1040298   0.15391654 -0.07957814  0.
  -0.0883182   0.          0.04369717 -0.01585527]] 
Episode: 763: [[-0.25038892 -0.5365934  -0.9570492   0.26656017 -0.18254943  0.
  -0.02797865  0.         -0.03670318  0.05693885]
 [ 0.25939175  0.16158926 -2.166724    0.12554304 -0.15489304  0.
  -0.06822105  0.          0.05016179  0.07741848]
 [ 0.3615613   0.49095273 -2.1138904   0.14010823 -0.27083626  0.
  -0.02286243  0.          0.05416317  0.06611592]
 [ 0.70047706  0.3480602  -2.225685    0.14681917 -0.3723041   0.
  -0.07364719  0.         -0.06103083  0.20200981]
 [-0.12507866 -0.776469    1.1047571   0.1539328  -0.08018414  0.
  -0.08806453  0.          0.04369717 -0.01611422]] 
Episode: 764: [[-0.2504148  -0.5365947  -0.9563461   0.26668856 -0.18272609  0.
  -0.02750591  0.         -0.03670318  0.0568821 ]
 [ 0.2594125   0.16161072 -2.1674194   0.12529099 -0.15514189  0.
  -0.06823624  0.          0.05016179  0.07753454]
 [ 0.3611532   0.49095136 -2.1146235   0.14010595 -0.27111417  0.
  -0.02284148  0.          0.05416317  0.06604596]
 [ 0.7012728   0.34771916 -2.2264478   0.14681686 -0.372753    0.
  -0.07364097  0.         -0.06103083  0.20229156]
 [-0.12536636 -0.7767006   1.1055201   0.1542553  -0.08070608  0.
  -0.08772793  0.          0.04369717 -0.01627343]] 
Episode: 765: [[-0.2502325  -0.5366035  -0.9557309   0.26684663 -0.1829131   0.
  -0.02697339  0.         -0.03670318  0.05678532]
 [ 0.25955045  0.16160913 -2.1680665   0.12498856 -0.15534024  0.
  -0.06836092  0.          0.05016179  0.07747114]
 [ 0.36090705  0.4909406  -2.1153033   0.14001067 -0.2713207   0.
  -0.02292684  0.          0.05416317  0.06585159]
 [ 0.70217365  0.3473311  -2.2271576   0.14668506 -0.3731405   0.
  -0.07373961  0.         -0.06103083  0.20239969]
 [-0.12539437 -0.7769321   1.1061819   0.15458775 -0.08124369  0.
  -0.08731673  0.          0.04369717 -0.0163737 ]] 
Episode: 766: [[-0.2498531  -0.53645587 -0.95510983  0.26722878 -0.18299249  0.
  -0.0263871   0.         -0.03670318  0.05656805]
 [ 0.25953487  0.16139066 -2.1687272   0.12436005 -0.15556714  0.
  -0.06836212  0.          0.05016179  0.07759753]
 [ 0.36046383  0.49070612 -2.1159883   0.1397195  -0.27161324  0.
  -0.02289946  0.          0.05416317  0.06580815]
 [ 0.7028357   0.34666997 -2.2278738   0.14636347 -0.3735403   0.
  -0.07372415  0.         -0.06103083  0.20264193]
 [-0.1253865  -0.7770951   1.1068635   0.15520775 -0.08170483  0.
  -0.08683841  0.          0.04369717 -0.01659644]] 
Episode: 767: [[-0.24943978 -0.5364407  -0.9546068   0.26759028 -0.18323912  0.
  -0.02596659  0.         -0.03670318  0.05624248]
 [ 0.25947538  0.16135828 -2.1692948   0.12378677 -0.15569472  0.
  -0.0683296   0.          0.05016179  0.07780409]
 [ 0.35995486  0.49063995 -2.1165626   0.1394459  -0.2717546   0.
  -0.02277061  0.          0.05416317  0.06590035]
 [ 0.7033335   0.34629628 -2.228507    0.14606668 -0.37384412  0.
  -0.07370089  0.         -0.06103083  0.20295516]
 [-0.1254093  -0.77725244  1.1074365   0.1557789  -0.08219673  0.
  -0.08651627  0.          0.04369717 -0.01692924]] 
Episode: 768: [[-0.2489411  -0.5362832  -0.9539298   0.26815385 -0.18346927  0.
  -0.02548111  0.         -0.03670318  0.0559936 ]
 [ 0.25939897  0.16132356 -2.1699393   0.12309054 -0.15577734  0.
  -0.06841139  0.          0.05016179  0.07799183]
 [ 0.35940546  0.49052775 -2.1172569   0.13899516 -0.2718515   0.
  -0.02275885  0.          0.05416317  0.06597996]
 [ 0.70376617  0.3461138  -2.2291756   0.14559743 -0.37407333  0.
  -0.07378427  0.         -0.06103083  0.20334326]
 [-0.12539455 -0.7773993   1.1081356   0.15650386 -0.08267932  0.
  -0.08611813  0.          0.04369717 -0.01709617]] 
Episode: 769: [[-0.24847732 -0.53619117 -0.9532826   0.26859975 -0.18371364  0.
  -0.02493719  0.         -0.03670318  0.05589991]
 [ 0.25937897  0.16135575 -2.1705382   0.12246569 -0.15587363  0.
  -0.06859602  0.          0.05016179  0.07806333]
 [ 0.35896996  0.49049214 -2.117912    0.1386061  -0.271948    0.
  -0.02285245  0.          0.05416317  0.06592025]
 [ 0.7041989   0.34602055 -2.2297993   0.14515637 -0.37431788  0.
  -0.07396361  0.         -0.06103083  0.20362797]
 [-0.12536092 -0.7775742   1.1088123   0.15712085 -0.08315291  0.
  -0.08565162  0.          0.04369717 -0.01711402]] 
Episode: 770: [[-0.24809846 -0.53615206 -0.9526751   0.26897457 -0.18395762  0.
  -0.02434069  0.         -0.03670318  0.05594572]
 [ 0.25942457  0.16144894 -2.1711202   0.12192071 -0.15597162  0.
  -0.06887315  0.          0.05016179  0.07801231]
 [ 0.3586755   0.49052382 -2.118547    0.13828146 -0.27203855  0.
  -0.02304086  0.          0.05416317  0.06573533]
 [ 0.7046679   0.34595716 -2.2303913   0.14478177 -0.37457478  0.
  -0.07422931  0.         -0.06103083  0.20382997]
 [-0.12533112 -0.777831    1.1094652   0.1576455  -0.08363773  0.
  -0.0851236   0.          0.04369717 -0.01699788]] 
Episode: 771: [[-0.24757719 -0.5360587  -0.95222616  0.26945525 -0.18424977  0.
  -0.02391094  0.         -0.03670318  0.05585694]
 [ 0.2594193   0.1614482  -2.1716065   0.12134096 -0.15608652  0.
  -0.06901154  0.          0.05016179  0.07814955]
 [ 0.35827938  0.49046278 -2.119062    0.1378613  -0.2721337   0.
  -0.02310625  0.          0.05416317  0.06570014]
 [ 0.70504135  0.34585407 -2.2309146   0.14433487 -0.3748437   0.
  -0.07436413  0.         -0.06103083  0.20415664]
 [-0.12529497 -0.77796274  1.1099639   0.15821753 -0.08401288  0.
  -0.08475666  0.          0.04369717 -0.01702553]] 
Episode: 772: [[-0.2472067  -0.5360234  -0.9516256   0.26964727 -0.1845735   0.
  -0.02363122  0.         -0.03670318  0.05564717]
 [ 0.2594211   0.16141798 -2.1721678   0.12097722 -0.15623346  0.
  -0.06902511  0.          0.05016179  0.07836208]
 [ 0.35792488  0.49040183 -2.1196792   0.13768914 -0.27225724  0.
  -0.02306094  0.          0.05416317  0.06579954]
 [ 0.7054056   0.34567264 -2.2315      0.14413251 -0.3751609   0.
  -0.07438117  0.         -0.06103083  0.20450157]
 [-0.12531972 -0.77806777  1.110552    0.15857026 -0.08436127  0.
  -0.08453467  0.          0.04369717 -0.01718241]] 
Episode: 773: [[-0.24698189 -0.5360288  -0.9509908   0.26970792 -0.18485497  0.
  -0.02327392  0.         -0.03670318  0.05558832]
 [ 0.25945055  0.1614191  -2.1727781   0.1207388  -0.15641145  0.
  -0.0690662   0.          0.05016179  0.07853846]
 [ 0.35765198  0.49037874 -2.1203492   0.13765836 -0.27242672  0.
  -0.02308611  0.          0.05416317  0.06582628]
 [ 0.70569897  0.3454988  -2.2321384   0.14406829 -0.3755082   0.
  -0.07445183  0.         -0.06103083  0.20480464]
 [-0.12542577 -0.77820975  1.1111952   0.15877151 -0.0846566   0.
  -0.08432838  0.          0.04369717 -0.01727395]] 
Episode: 774: [[-0.24692816 -0.53616226 -0.9503384   0.2697338  -0.18507364  0.
  -0.02284541  0.         -0.03670318  0.05566514]
 [ 0.25942612  0.16152957 -2.1734402   0.12057848 -0.15675046  0.
  -0.06919049  0.          0.05016179  0.07859727]
 [ 0.35734627  0.49050245 -2.1210678   0.1376962  -0.27278277  0.
  -0.02321297  0.          0.05416317  0.0657193 ]
 [ 0.70596385  0.34520492 -2.232855    0.14409344 -0.3760857   0.
  -0.07461977  0.         -0.06103083  0.20507658]
 [-0.12568177 -0.7785753   1.1118838   0.1589171  -0.08497961  0.
  -0.08403447  0.          0.04369717 -0.01722428]] 
Episode: 775: [[-0.24674739 -0.536238   -0.94979566  0.26999477 -0.18525457  0.
  -0.02235284  0.         -0.03670318  0.05586389]
 [ 0.25939947  0.16155615 -2.1740475   0.12026189 -0.15709884  0.
  -0.06941339  0.          0.05016179  0.07859141]
 [ 0.35701117  0.49056417 -2.1217148   0.1375259  -0.27315322  0.
  -0.02343133  0.          0.05416317  0.06549213]
 [ 0.7062386   0.3448209  -2.2335234   0.14391392 -0.3766567   0.
  -0.07487523  0.         -0.06103083  0.20541091]
 [-0.12588042 -0.7788959   1.1124647   0.15924597 -0.0852301   0.
  -0.08366173  0.          0.04369717 -0.0170477 ]] 
Episode: 776: [[-0.24652737 -0.53627425 -0.9491871   0.270166   -0.18548931  0.
  -0.02201653  0.         -0.03670318  0.05591308]
 [ 0.2593364   0.16145575 -2.1746972   0.1199901  -0.15749724  0.
  -0.06950292  0.          0.05016179  0.07876912]
 [ 0.35659733  0.49050224 -2.1224105   0.1374041  -0.27357495  0.
  -0.02352365  0.          0.05416317  0.06541868]
 [ 0.7064285   0.34431595 -2.2342327   0.14377043 -0.37730488  0.
  -0.0750008   0.         -0.06103083  0.2058568 ]
 [-0.12609625 -0.7790881   1.1130826   0.15954697 -0.08540955  0.
  -0.08343456  0.          0.04369717 -0.0170207 ]] 
Episode: 777: [[-0.24635234 -0.53631026 -0.9484901   0.27018017 -0.18570904  0.
  -0.02182084  0.         -0.03670318  0.05598379]
 [ 0.25926244  0.16128896 -2.175385    0.11979124 -0.15788947  0.
  -0.06947248  0.          0.05016179  0.07898704]
 [ 0.35618007  0.49039295 -2.1231585   0.137377   -0.2739973   0.
  -0.02350255  0.          0.05416317  0.06543917]
 [ 0.70659316  0.34376246 -2.2349725   0.14368984 -0.37793162  0.
  -0.07500949  0.         -0.06103083  0.20637317]
 [-0.12631544 -0.77921605  1.1137394   0.15977341 -0.08554864  0.
  -0.08333836  0.          0.04369717 -0.01708429]] 
Episode: 778: [[-0.24624504 -0.5364063  -0.94780445  0.27009594 -0.1859037   0.
  -0.02175166  0.         -0.03670318  0.05608815]
 [ 0.25921163  0.16117856 -2.1760836   0.11967763 -0.1583243   0.
  -0.06933965  0.          0.05016179  0.07920443]
 [ 0.3558236   0.49034896 -2.1239161   0.13744776 -0.27446824  0.
  -0.02337939  0.          0.05416317  0.06547204]
 [ 0.706675    0.34323066 -2.2357213   0.14369766 -0.3786102   0.
  -0.074913    0.         -0.06103083  0.20693284]
 [-0.12657586 -0.77940136  1.1144036   0.15988156 -0.08565156  0.
  -0.08336001  0.          0.04369717 -0.01710573]] 
Episode: 779: [[-0.24613422 -0.5364959  -0.94715923  0.2699808  -0.18606713  0.
  -0.0215825   0.         -0.03670318  0.05625103]
 [ 0.25923386  0.16109265 -2.176755    0.11959554 -0.15874492  0.
  -0.06933109  0.          0.05016179  0.07935657]
 [ 0.3555826   0.49031848 -2.1246445   0.13754328 -0.27492657  0.
  -0.02337272  0.          0.05416317  0.06542124]
 [ 0.70682275  0.34277257 -2.2364411   0.14372453 -0.3792579   0.
  -0.07493047  0.         -0.06103083  0.20734338]
 [-0.12674735 -0.7795774   1.1150386   0.15993501 -0.08572971  0.
  -0.08327129  0.          0.04369717 -0.01706369]] 
Episode: 780: [[-0.24620475 -0.5366531  -0.9465193   0.26982045 -0.18620603  0.
  -0.02153718  0.         -0.03670318  0.05652731]
 [ 0.2592268   0.16109058 -2.1774487   0.11959712 -0.15921697  0.
  -0.06921245  0.          0.05016179  0.079484  ]
 [ 0.35535505  0.49037465 -2.1253884   0.13772446 -0.2754447   0.
  -0.02326256  0.          0.05416317  0.06529826]
 [ 0.7068889   0.34231898 -2.2371953   0.14386076 -0.37997425  0.
  -0.07484189  0.         -0.06103083  0.2077917 ]
 [-0.12710832 -0.7798506   1.115693    0.15991694 -0.08579885  0.
  -0.08329964  0.          0.04369717 -0.01693092]] 
Episode: 781: [[-0.24632567 -0.5368188  -0.94593006  0.26965213 -0.18633386  0.
  -0.02149876  0.         -0.03670318  0.05682995]
 [ 0.25922662  0.16112398 -2.178098    0.11962837 -0.15965392  0.
  -0.06914103  0.          0.05016179  0.07961155]
 [ 0.35515958  0.49045566 -2.1260812   0.13792603 -0.2759262   0.
  -0.02321766  0.          0.05416317  0.06518743]
 [ 0.7068833   0.34191087 -2.2379181   0.14402644 -0.38063616  0.
  -0.07486647  0.         -0.06103083  0.20824203]
 [-0.12749735 -0.7801453   1.1162913   0.15986805 -0.08586775  0.
  -0.08334004  0.          0.04369717 -0.01676495]] 
Episode: 782: [[-0.24657628 -0.5368774  -0.94520533  0.269264   -0.18629064  0.
  -0.02157118  0.         -0.03670318  0.05697238]
 [ 0.25921097  0.16097479 -2.1787958   0.11981402 -0.16015168  0.
  -0.06896576  0.          0.05016179  0.07990941]
 [ 0.3549454   0.49036604 -2.126838    0.13831118 -0.27652904  0.
  -0.02307303  0.          0.05416317  0.06521889]
 [ 0.70688874  0.3413571  -2.2386763   0.14436293 -0.38129732  0.
  -0.07478431  0.         -0.06103083  0.20879221]
 [-0.12800573 -0.78028363  1.1169744   0.1596766  -0.08574159  0.
  -0.08348466  0.          0.04369717 -0.01674773]] 
Episode: 783: [[-0.24685231 -0.5368411  -0.9445558   0.2689877  -0.18629524  0.
  -0.02174331  0.         -0.03670318  0.05697079]
 [ 0.2591507   0.16081056 -2.1793866   0.12002445 -0.16057123  0.
  -0.06869706  0.          0.05016179  0.08035982]
 [ 0.35463938  0.49016273 -2.127475    0.1386941  -0.27705893  0.
  -0.02283867  0.          0.05416317  0.06537823]
 [ 0.7069032   0.34090686 -2.2393115   0.14475445 -0.38183942  0.
  -0.07460611  0.         -0.06103083  0.20941095]
 [-0.12860209 -0.7802074   1.1176015   0.15950716 -0.08550289  0.
  -0.08372302  0.          0.04369717 -0.0168642 ]] 
Episode: 784: [[-0.24713148 -0.53681207 -0.94396806  0.26873222 -0.1862942   0.
  -0.0219243   0.         -0.03670318  0.05698925]
 [ 0.25914064  0.16069321 -2.1799114   0.12022509 -0.16092639  0.
  -0.06856287  0.          0.05016179  0.0807535 ]
 [ 0.3544264   0.4900031  -2.1280425   0.13905251 -0.2775123   0.
  -0.02273197  0.          0.05416317  0.06549848]
 [ 0.70694345  0.34055305 -2.2398725   0.14512298 -0.38228336  0.
  -0.07455     0.         -0.06103083  0.20993474]
 [-0.1291814  -0.7801505   1.1181717   0.15934226 -0.08526122  0.
  -0.08401947  0.          0.04369717 -0.01694394]] 
Episode: 785: [[-0.2474502  -0.53682643 -0.9434282   0.26845068 -0.18629426  0.
  -0.02198012  0.         -0.03670318  0.05713557]
 [ 0.25916073  0.16061848 -2.1803749   0.12043272 -0.16125816  0.
  -0.06844592  0.          0.05016179  0.08103555]
 [ 0.35428777  0.48989534 -2.1285484   0.13941772 -0.277934    0.
  -0.02270065  0.          0.05416317  0.06547556]
 [ 0.70697665  0.3402516  -2.2403617   0.14548783 -0.3826968   0.
  -0.07439525  0.         -0.06103083  0.21036302]
 [-0.12975822 -0.7801329   1.1186924   0.15915479 -0.08503796  0.
  -0.08423465  0.          0.04369717 -0.01689713]] 
Episode: 786: [[-0.24782485 -0.53672874 -0.943097    0.26796162 -0.18628216  0.
  -0.02213739  0.         -0.03670318  0.05713753]
 [ 0.25918418  0.16046439 -2.1807292   0.1208071  -0.16157052  0.
  -0.06822965  0.          0.05016179  0.08147164]
 [ 0.35414687  0.4896623  -2.1289067   0.13994963 -0.27834976  0.
  -0.02256821  0.          0.05416317  0.06558593]
 [ 0.7070979   0.3399923  -2.2407913   0.14601736 -0.3830573   0.
  -0.07415175  0.         -0.06103083  0.21089336]
 [-0.13034843 -0.7799824   1.1190821   0.15878972 -0.08476532  0.
  -0.0845366   0.          0.04369717 -0.01698697]] 
Episode: 787: [[-0.24817832 -0.53666234 -0.9427001   0.2674551  -0.18628216  0.
  -0.02238592  0.         -0.03670318  0.05702265]
 [ 0.25919145  0.16028385 -2.1811504   0.12119392 -0.16194366  0.
  -0.06792402  0.          0.05016179  0.081925  ]
 [ 0.3539717   0.48942915 -2.1293416   0.14049996 -0.27882653  0.
  -0.02234479  0.          0.05416317  0.06580476]
 [ 0.70719564  0.33961898 -2.2412953   0.14656349 -0.38352323  0.
  -0.07382839  0.         -0.06103083  0.21147662]
 [-0.13091531 -0.7798572   1.1195391   0.15840949 -0.08453959  0.
  -0.08491663  0.          0.04369717 -0.01715531]] 
Episode: 788: [[-0.24847241 -0.53657126 -0.94225055  0.26712254 -0.1860499   0.
  -0.02271657  0.         -0.03670318  0.05678979]
 [ 0.2591881   0.16017845 -2.181631    0.12153783 -0.16239002  0.
  -0.0675639   0.          0.05016179  0.08229566]
 [ 0.35377413  0.48923162 -2.129849    0.14096007 -0.2794431   0.
  -0.0220395   0.          0.05416317  0.0660854 ]
 [ 0.7074516   0.3393328  -2.2418523   0.14706185 -0.38404033  0.
  -0.07364161  0.         -0.06103083  0.21185589]
 [-0.13126218 -0.779799    1.1200308   0.15812595 -0.08427622  0.
  -0.08536689  0.          0.04369717 -0.01742947]] 
Episode: 789: [[-0.24870445 -0.536513   -0.9418431   0.26685303 -0.18587556  0.
  -0.02290714  0.         -0.03670318  0.05655327]
 [ 0.25917277  0.16011705 -2.1820846   0.121828   -0.16277103  0.
  -0.06735089  0.          0.05016179  0.08261573]
 [ 0.3535655   0.48908368 -2.1303217   0.1413446  -0.27996975  0.
  -0.02186899  0.          0.05416317  0.06632636]
 [ 0.7077696   0.33909765 -2.242382    0.147482   -0.38450143  0.
  -0.07357774  0.         -0.06103083  0.21213882]
 [-0.13150252 -0.7797841   1.1204721   0.15790345 -0.08412274  0.
  -0.08566379  0.          0.04369717 -0.01771215]] 
Episode: 790: [[-0.24890365 -0.5364683  -0.9414632   0.26668012 -0.18565775  0.
  -0.02318559  0.         -0.03670318  0.05621098]
 [ 0.25908124  0.16010764 -2.182489    0.12206654 -0.16315073  0.
  -0.06704822  0.          0.05016179  0.08298974]
 [ 0.3532435   0.48898628 -2.1307433   0.14164647 -0.2805014   0.
  -0.02161132  0.          0.05416317  0.0666741 ]
 [ 0.7080772   0.33887556 -2.2428796   0.14782925 -0.38492683  0.
  -0.07341675  0.         -0.06103083  0.21253827]
 [-0.13177879 -0.77984285  1.12088     0.15777498 -0.08394329  0.
  -0.08603921  0.          0.04369717 -0.01805683]] 
Episode: 791: [[-0.2492557  -0.53595865 -0.9410302   0.2667612  -0.18494637  0.
  -0.02354313  0.         -0.03670318  0.05603258]
 [ 0.25907597  0.1597691  -2.1828885   0.12212545 -0.16361617  0.
  -0.0666649   0.          0.05016179  0.08322611]
 [ 0.3531248   0.4885271  -2.1311796   0.14171322 -0.28124583  0.
  -0.02127523  0.          0.05416317  0.06685594]
 [ 0.70853966  0.338591   -2.243356    0.14796352 -0.38528526  0.
  -0.07318591  0.         -0.06103083  0.21285886]
 [-0.1321092  -0.7797841   1.12132     0.15783168 -0.08352289  0.
  -0.08648527  0.          0.04369717 -0.01823489]] 
Episode: 792: [[-0.24962358 -0.5356192  -0.94046026  0.2666344  -0.18433295  0.
  -0.02378405  0.         -0.03670318  0.05600151]
 [ 0.2590318   0.15943669 -2.1833816   0.12230327 -0.16409498  0.
  -0.06620902  0.          0.05016179  0.08346729]
 [ 0.35292637  0.48813826 -2.1317322   0.14196013 -0.28198504  0.
  -0.02086857  0.          0.05416317  0.06701618]
 [ 0.7090062   0.33818874 -2.243928    0.14824228 -0.3856926   0.
  -0.07287394  0.         -0.06103083  0.21315402]
 [-0.1324188  -0.7797286   1.1218518   0.15774179 -0.08312468  0.
  -0.08699489  0.          0.04369717 -0.01852688]] 
Episode: 793: [[-0.24997088 -0.5353137  -0.93994975  0.26651573 -0.18377087  0.
  -0.02407601  0.         -0.03670318  0.0559883 ]
 [ 0.25904986  0.15914617 -2.1838415   0.12247378 -0.16453822  0.
  -0.06582355  0.          0.05016179  0.08368623]
 [ 0.3528242   0.48779568 -2.1322436   0.14219502 -0.28266692  0.
  -0.02052111  0.          0.05416317  0.0671578 ]
 [ 0.70944625  0.33783254 -2.2444618   0.14851135 -0.3860764   0.
  -0.0726974   0.         -0.06103083  0.21344748]
 [-0.132687   -0.77969915  1.1223111   0.15765223 -0.08274305  0.
  -0.08756168  0.          0.04369717 -0.01876512]] 
Episode: 794: [[-0.25038388 -0.53510314 -0.9394009   0.2662704  -0.1832662   0.
  -0.02444576  0.         -0.03670318  0.05610584]
 [ 0.25909692  0.15890932 -2.1843443   0.12271029 -0.16498256  0.
  -0.06536566  0.          0.05016179  0.08385086]
 [ 0.35279647  0.48753184 -2.1328087   0.14253339 -0.2833331   0.
  -0.02010414  0.          0.05416317  0.06716413]
 [ 0.7098566   0.3374789  -2.2450397   0.14885855 -0.3864831   0.
  -0.07243432  0.         -0.06103083  0.21374662]
 [-0.13301302 -0.77973115  1.1228241   0.15745628 -0.08238395  0.
  -0.0881799   0.          0.04369717 -0.01884751]] 
Episode: 795: [[-0.25079036 -0.5349504  -0.93874985  0.26595402 -0.18280967  0.
  -0.02488549  0.         -0.03670318  0.05609668]
 [ 0.25914383  0.15870385 -2.1848655   0.12299608 -0.16542637  0.
  -0.06484265  0.          0.05016179  0.08401005]
 [ 0.3527514   0.48731348 -2.1334107   0.1429418  -0.2839878   0.
  -0.01962462  0.          0.05416317  0.0672177 ]
 [ 0.71028715  0.33713767 -2.2456186   0.14926912 -0.386893    0.
  -0.07209337  0.         -0.06103083  0.21399367]
 [-0.13333887 -0.77976716  1.1234009   0.1572012  -0.08202888  0.
  -0.08884439  0.          0.04369717 -0.01903002]] 
Episode: 796: [[-0.25119162 -0.53495735 -0.93813914  0.26543596 -0.18241416  0.
  -0.02538819  0.         -0.03670318  0.05606798]
 [ 0.25915673  0.15858679 -2.1853678   0.12339081 -0.1659142   0.
  -0.06426106  0.          0.05016179  0.08419807]
 [ 0.35266292  0.4872119  -2.1339903   0.14351147 -0.28467444  0.
  -0.01908882  0.          0.05416317  0.06733536]
 [ 0.71065027  0.3367947  -2.2461827   0.1498091  -0.38739204  0.
  -0.07168234  0.         -0.06103083  0.21432924]
 [-0.13365304 -0.7798371   1.1239531   0.15681703 -0.08167823  0.
  -0.08955049  0.          0.04369717 -0.01925   ]] 
Episode: 797: [[-0.25157645 -0.5349613  -0.9375832   0.26496056 -0.1820423   0.
  -0.02594755  0.         -0.03670318  0.05604899]
 [ 0.25919443  0.15849519 -2.1858435   0.1237602  -0.16637313  0.
  -0.06367951  0.          0.05016179  0.08437865]
 [ 0.35261765  0.48713216 -2.1345346   0.14404207 -0.28531787  0.
  -0.01850239  0.          0.05416317  0.06745717]
 [ 0.71096295  0.3365195  -2.2467194   0.1503185  -0.3878595   0.
  -0.07120827  0.         -0.06103083  0.21468331]
 [-0.13396943 -0.7799162   1.1244584   0.15645777 -0.08133192  0.
  -0.09029402  0.          0.04369717 -0.01942177]] 
Episode: 798: [[-0.25196937 -0.5348724  -0.93695074  0.26451248 -0.1816382   0.
  -0.02634393  0.         -0.03670318  0.05595701]
 [ 0.25925928  0.1583736  -2.186313    0.12408734 -0.16684909  0.
  -0.06326725  0.          0.05016179  0.08458754]
 [ 0.35262215  0.48699313 -2.1350923   0.14451721 -0.2859914   0.
  -0.01807889  0.          0.05416317  0.0676562 ]
 [ 0.7112062   0.33626798 -2.2472444   0.15075704 -0.38834086  0.
  -0.07088581  0.         -0.06103083  0.21514724]
 [-0.13433132 -0.7799809   1.1250178   0.15612684 -0.08096433  0.
  -0.09085497  0.          0.04369717 -0.0194443 ]] 
Episode: 799: [[-0.25237662 -0.53482556 -0.93635917  0.26407748 -0.18128136  0.
  -0.02668191  0.         -0.03670318  0.05591874]
 [ 0.2593332   0.15822603 -2.1867702   0.12441459 -0.16732424  0.
  -0.06290545  0.          0.05016179  0.08478503]
 [ 0.35264605  0.48686332 -2.1356287   0.1449893  -0.28664774  0.
  -0.01771104  0.          0.05416317  0.0678362 ]
 [ 0.71138656  0.3358922  -2.2477612   0.15119764 -0.3888428   0.
  -0.07061534  0.         -0.06103083  0.21562624]
 [-0.13472219 -0.7801085   1.1255493   0.15578829 -0.08064917  0.
  -0.09134699  0.          0.04369717 -0.01941912]] 
Episode: 800: [[-0.25270334 -0.53489476 -0.9357656   0.263769   -0.1810221   0.
  -0.02687901  0.         -0.03670318  0.0560119 ]
 [ 0.25935858  0.15818478 -2.1872468   0.12469951 -0.1677781   0.
  -0.062691    0.          0.05016179  0.08493599]
 [ 0.35257572  0.48686194 -2.1361842   0.1453809  -0.28725275  0.
  -0.01748433  0.          0.05416317  0.06791168]
 [ 0.71162313  0.3355773  -2.248299    0.15159525 -0.38936618  0.
  -0.07047619  0.         -0.06103083  0.21599075]
 [-0.13494465 -0.7803221   1.1260873   0.15553777 -0.08047306  0.
  -0.09168154  0.          0.04369717 -0.01942108]] 
Episode: 801: [[-0.2527794  -0.53494346 -0.9352306   0.26372668 -0.18116346  0.
  -0.02694933  0.         -0.03670318  0.05622531]
 [ 0.2596476   0.15807483 -2.1877286   0.12457404 -0.1681243   0.
  -0.06260912  0.          0.05016179  0.08488734]
 [ 0.35270157  0.48681825 -2.136748    0.14552909 -0.28759202  0.
  -0.01738464  0.          0.05416317  0.0678481 ]
 [ 0.71202475  0.33512157 -2.2488585   0.15175013 -0.38988668  0.
  -0.07045522  0.         -0.06103083  0.21617287]
 [-0.1349126  -0.7805676   1.1265808   0.15563525 -0.08073425  0.
  -0.0918744   0.          0.04369717 -0.01929077]] 
Episode: 802: [[-0.25284195 -0.5350757  -0.9347437   0.26361138 -0.1814291   0.
  -0.02690561  0.         -0.03670318  0.05643134]
 [ 0.2599465   0.1580608  -2.1881838   0.12447253 -0.1683583   0.
  -0.06264649  0.          0.05016179  0.0848586 ]
 [ 0.35285062  0.4868791  -2.1372764   0.1456951  -0.2877707   0.
  -0.01739923  0.          0.05416317  0.06780694]
 [ 0.7124014   0.3347939  -2.249386    0.15188688 -0.39029223  0.
  -0.07054058  0.         -0.06103083  0.21636604]
 [-0.13493983 -0.780844    1.1270374   0.15567599 -0.08109136  0.
  -0.09193978  0.          0.04369717 -0.01917201]] 
Episode: 803: [[-0.25308475 -0.5354203  -0.934531    0.2634635  -0.1820189   0.
  -0.02675926  0.         -0.03670318  0.0567463 ]
 [ 0.26025346  0.1583317  -2.1885014   0.12437345 -0.16840437  0.
  -0.06279115  0.          0.05016179  0.08464881]
 [ 0.35308987  0.48723263 -2.1376078   0.14584127 -0.28765824  0.
  -0.01751668  0.          0.05416317  0.06763843]
 [ 0.71282524  0.33472458 -2.2498157   0.15197688 -0.3905396   0.
  -0.07072165  0.         -0.06103083  0.21639413]
 [-0.13501483 -0.78119314  1.1273192   0.15572931 -0.0815867   0.
  -0.09189045  0.          0.04369717 -0.01893309]] 
Episode: 804: [[-0.25342765 -0.53580606 -0.9342765   0.26320717 -0.18258294  0.
  -0.02652057  0.         -0.03670318  0.05715916]
 [ 0.2605343   0.15859503 -2.1888576   0.12437651 -0.16852455  0.
  -0.06291806  0.          0.05016179  0.08445729]
 [ 0.35333097  0.48759708 -2.137987    0.14610831 -0.28763264  0.
  -0.01770582  0.          0.05416317  0.06740582]
 [ 0.71318746  0.33460915 -2.2502844   0.15218593 -0.39088622  0.
  -0.07078037  0.         -0.06103083  0.2164728 ]
 [-0.13518542 -0.7815627   1.1276392   0.15565774 -0.0820486   0.
  -0.09173794  0.          0.04369717 -0.01863142]] 
Episode: 805: [[-0.2538275  -0.53619015 -0.93397665  0.26288038 -0.18308142  0.
  -0.0261988   0.         -0.03670318  0.05765999]
 [ 0.26082927  0.15888752 -2.1892636   0.12444753 -0.16863455  0.
  -0.06314336  0.          0.05016179  0.08425453]
 [ 0.35361806  0.4879789  -2.1384242   0.14645047 -0.28761837  0.
  -0.01798036  0.          0.05416317  0.06708905]
 [ 0.7134866   0.3345448  -2.2508      0.15246464 -0.39119697  0.
  -0.07093742  0.         -0.06103083  0.21656123]
 [-0.13541028 -0.7819624   1.128024    0.15548714 -0.08245271  0.
  -0.09149258  0.          0.04369717 -0.01822805]] 
Episode: 806: [[-0.2539703  -0.5363405  -0.9337379   0.2628209  -0.18361866  0.
  -0.02601621  0.         -0.03670318  0.05798106]
 [ 0.2611641   0.15902983 -2.1895857   0.12427749 -0.16869465  0.
  -0.06345717  0.          0.05016179  0.08425636]
 [ 0.35386297  0.4881485  -2.1387737   0.14655468 -0.28753793  0.
  -0.01833175  0.          0.05416317  0.06693557]
 [ 0.71387273  0.33442557 -2.2512112   0.15251313 -0.3914625   0.
  -0.07118297  0.         -0.06103083  0.21678293]
 [-0.13548185 -0.78224725  1.128336    0.15556769 -0.08295037  0.
  -0.09116369  0.          0.04369717 -0.01799722]] 
Episode: 807: [[-0.25405982 -0.5363847  -0.9334571   0.2627015  -0.18395895  0.
  -0.02595885  0.         -0.03670318  0.05814051]
 [ 0.26153842  0.15909863 -2.1899214   0.12410109 -0.16878569  0.
  -0.06376161  0.          0.05016179  0.08430984]
 [ 0.35417533  0.48822713 -2.1391573   0.14663778 -0.28754678  0.
  -0.01854366  0.          0.05416317  0.06692886]
 [ 0.7142231   0.3342499  -2.2516136   0.15248896 -0.39171055  0.
  -0.07150815  0.         -0.06103083  0.2169787 ]
 [-0.13566644 -0.7825147   1.1286933   0.15562098 -0.08330417  0.
  -0.09097581  0.          0.04369717 -0.01779874]] 
Episode: 808: [[-0.25415272 -0.536435   -0.93319035  0.26258376 -0.18426518  0.
  -0.02585975  0.         -0.03670318  0.05834309]
 [ 0.2619199   0.15920806 -2.1902478   0.1239517  -0.1688505   0.
  -0.06410122  0.          0.05016179  0.08432795]
 [ 0.3545126   0.48833665 -2.1395295   0.14672586 -0.2875366   0.
  -0.01883867  0.          0.05416317  0.06686425]
 [ 0.71454686  0.33419147 -2.2520032   0.15248129 -0.39190575  0.
  -0.07190499  0.         -0.06103083  0.21712433]
 [-0.13583465 -0.7827971   1.1290374   0.15565342 -0.08362806  0.
  -0.0907681   0.          0.04369717 -0.01754894]] 
Episode: 809: [[-0.25445157 -0.53662246 -0.9329102   0.26235953 -0.1844995   0.
  -0.02566356  0.         -0.03670318  0.05865462]
 [ 0.2623056   0.15940061 -2.1905825   0.12388648 -0.16892749  0.
  -0.06451802  0.          0.05016179  0.08416043]
 [ 0.3549458   0.48857453 -2.1399114   0.14691165 -0.28756243  0.
  -0.01920845  0.          0.05416317  0.06667481]
 [ 0.7148789   0.33415017 -2.252395    0.15255514 -0.39209     0.
  -0.07236629  0.         -0.06103083  0.21710949]
 [-0.13608153 -0.7831949   1.1293787   0.15558402 -0.0838908   0.
  -0.09047303  0.          0.04369717 -0.01719221]] 
Episode: 810: [[-0.25480264 -0.53679943 -0.9325927   0.26206422 -0.18465815  0.
  -0.02559401  0.         -0.03670318  0.05884043]
 [ 0.26267925  0.15955381 -2.1909297   0.12390864 -0.16904289  0.
  -0.06478187  0.          0.05016179  0.08401881]
 [ 0.35538015  0.48877555 -2.140311    0.14719248 -0.28765526  0.
  -0.01943694  0.          0.05416317  0.0665446 ]
 [ 0.7152345   0.33411086 -2.2527983   0.15273388 -0.3922895   0.
  -0.07275527  0.         -0.06103083  0.21701455]
 [-0.13635007 -0.78352445  1.1297555   0.15542786 -0.08404617  0.
  -0.09031565  0.          0.04369717 -0.01697252]] 
Episode: 811: [[-0.25503653 -0.53666455 -0.9330911   0.26203227 -0.18499564  0.
  -0.0256384   0.         -0.03670318  0.05887831]
 [ 0.2630013   0.15961914 -2.1908205   0.12355372 -0.16889608  0.
  -0.06513044  0.          0.05016179  0.08397975]
 [ 0.35575157  0.48879194 -2.140082    0.14724192 -0.28738996  0.
  -0.01974685  0.          0.05416317  0.06655883]
 [ 0.71539325  0.3341698  -2.2527895   0.1526929  -0.39217666  0.
  -0.07320959  0.         -0.06103083  0.216924  ]
 [-0.13668193 -0.78379554  1.129541    0.15560651 -0.0844155   0.
  -0.09019272  0.          0.04369717 -0.01690688]] 
Episode: 812: [[-0.25527298 -0.5366578  -0.93345034  0.26183245 -0.18525176  0.
  -0.02578532  0.         -0.03670318  0.05878318]
 [ 0.26330113  0.15979248 -2.190764    0.12335882 -0.16879706  0.
  -0.06533295  0.          0.05016179  0.0839005 ]
 [ 0.356078    0.4889315  -2.1399267   0.14746833 -0.28720045  0.
  -0.01992147  0.          0.05416317  0.06654873]
 [ 0.7156164   0.33432138 -2.2528114   0.15283842 -0.39212137  0.
  -0.07351419  0.         -0.06103083  0.21669842]
 [-0.1369236  -0.78410023  1.1294155   0.15563965 -0.0847571   0.
  -0.09019031  0.          0.04369717 -0.01689571]] 
Episode: 813: [[-0.2555609  -0.5367069  -0.9337267   0.26159346 -0.18551318  0.
  -0.02581057  0.         -0.03670318  0.05882673]
 [ 0.2635878   0.15998043 -2.1907918   0.12322757 -0.16874936  0.
  -0.06560234  0.          0.05016179  0.08378523]
 [ 0.3564049   0.4891112  -2.1398666   0.14773735 -0.2870654   0.
  -0.02018288  0.          0.05416317  0.06640828]
 [ 0.71582526  0.33443698 -2.2529197   0.15303001 -0.3921526   0.
  -0.07389256  0.         -0.06103083  0.21650298]
 [-0.13721725 -0.7844396   1.1293635   0.1556075  -0.08510815  0.
  -0.09007995  0.          0.04369717 -0.0167537 ]] 
Episode: 814: [[-0.25587252 -0.5367041  -0.93392783  0.26114765 -0.18573219  0.
  -0.02580697  0.         -0.03670318  0.05882406]
 [ 0.2638739   0.160078   -2.190888    0.12319808 -0.16876355  0.
  -0.0657336   0.          0.05016179  0.08371852]
 [ 0.35672796  0.4891984  -2.1398919   0.14813863 -0.28701365  0.
  -0.02031387  0.          0.05416317  0.06633677]
 [ 0.716062    0.33442673 -2.253115    0.15329991 -0.3922479   0.
  -0.07412882  0.         -0.06103083  0.21639945]
 [-0.1374941  -0.78472584  1.1293815   0.1554496  -0.08539668  0.
  -0.08987246  0.          0.04369717 -0.01662745]] 
Episode: 815: [[-0.25602278 -0.5365439  -0.9341685   0.26097867 -0.18596591  0.
  -0.0256967   0.         -0.03670318  0.05869253]
 [ 0.2641195   0.15997228 -2.1909556   0.12302207 -0.16881527  0.
  -0.0658921   0.          0.05016179  0.08384261]
 [ 0.35694855  0.48908296 -2.1398745   0.14829734 -0.2870017   0.
  -0.02053601  0.          0.05416317  0.06640383]
 [ 0.71629673  0.33418086 -2.2532852   0.15334216 -0.3923908   0.
  -0.07434224  0.         -0.06103083  0.21645221]
 [-0.13774432 -0.7848892   1.129377    0.15549181 -0.08565471  0.
  -0.08957758  0.          0.04369717 -0.01664589]] 
Episode: 816: [[-0.25623208 -0.5363874  -0.9343639   0.2607562  -0.18617615  0.
  -0.0256823   0.         -0.03670318  0.05870327]
 [ 0.2643399   0.15982543 -2.19104     0.12290593 -0.16888651  0.
  -0.06592352  0.          0.05016179  0.08394884]
 [ 0.3571461   0.48893464 -2.1398826   0.14850603 -0.28702274  0.
  -0.02063167  0.          0.05416317  0.06641116]
 [ 0.71651614  0.33386025 -2.2534773   0.15344082 -0.39255512  0.
  -0.07442997  0.         -0.06103083  0.21653993]
 [-0.13801314 -0.7850111   1.129384    0.15548459 -0.08588896  0.
  -0.08941989  0.          0.04369717 -0.01662609]] 
Episode: 817: [[-0.2565171  -0.5357936  -0.9348229   0.26078662 -0.18621624  0.
  -0.02556231  0.         -0.03670318  0.05858396]
 [ 0.26475176  0.15941623 -2.1909592   0.12243226 -0.16877395  0.
  -0.06606297  0.          0.05016179  0.0839601 ]
 [ 0.35754946  0.48848575 -2.139655    0.14849237 -0.28686056  0.
  -0.020822    0.          0.05416317  0.06636918]
 [ 0.71670467  0.33330813 -2.2535288   0.15332924 -0.39245054  0.
  -0.07461324  0.         -0.06103083  0.21668063]
 [-0.13848607 -0.785228    1.1291974   0.15579298 -0.08652753  0.
  -0.08916985  0.          0.04369717 -0.01647628]] 
Episode: 818: [[-0.25668132 -0.5350511  -0.93562746  0.26104292 -0.1865341   0.
  -0.02556136  0.         -0.03670318  0.05834776]
 [ 0.2651797   0.15900904 -2.190657    0.12178458 -0.16846988  0.
  -0.06623511  0.          0.05016179  0.08415403]
 [ 0.35797772  0.4879578  -2.1391582   0.14827967 -0.28642294  0.
  -0.02088905  0.          0.05416317  0.06646287]
 [ 0.7169536   0.33298108 -2.2533987   0.1530295  -0.39211938  0.
  -0.07488247  0.         -0.06103083  0.21687864]
 [-0.13894619 -0.7853053   1.1288055   0.15629764 -0.08716413  0.
  -0.08889209  0.          0.04369717 -0.01645971]] 
Episode: 819: [[-0.25683784 -0.53441447 -0.93631196  0.2613138  -0.18692352  0.
  -0.02545348  0.         -0.03670318  0.05826411]
 [ 0.26556784  0.15863816 -2.1904206   0.12116498 -0.16816963  0.
  -0.06650124  0.          0.05016179  0.08426677]
 [ 0.35836527  0.487497   -2.1387568   0.14803706 -0.2859707   0.
  -0.02105361  0.          0.05416317  0.06641576]
 [ 0.71719766  0.33269447 -2.2533169   0.15270688 -0.39180395  0.
  -0.07522906  0.         -0.06103083  0.21710294]
 [-0.13942374 -0.7853761   1.1284934   0.1567976  -0.08777738  0.
  -0.08853395  0.          0.04369717 -0.01631293]] 
Episode: 820: [[-0.25705796 -0.53398556 -0.93673825  0.26151696 -0.18728     0.
  -0.02524941  0.         -0.03670318  0.05831762]
 [ 0.2659033   0.15839715 -2.1903687   0.12061039 -0.16792396  0.
  -0.06685191  0.          0.05016179  0.08425334]
 [ 0.35868266  0.48722878 -2.1385844   0.14783241 -0.28560075  0.
  -0.02130591  0.          0.05416317  0.06624211]
 [ 0.7174061   0.33233726 -2.2534013   0.15239896 -0.3915622   0.
  -0.07564527  0.         -0.06103083  0.21729141]
 [-0.1398964  -0.78559184  1.1284188   0.1572181  -0.08837462  0.
  -0.08810351  0.          0.04369717 -0.01604913]] 
Episode: 821: [[-0.25716573 -0.5336193  -0.9369086   0.26165786 -0.1875148   0.
  -0.02517276  0.         -0.03670318  0.05823708]
 [ 0.2660497   0.15810096 -2.190482    0.12015332 -0.16801105  0.
  -0.06705627  0.          0.05016179  0.08442476]
 [ 0.3587414   0.48691574 -2.138618    0.14770932 -0.28564647  0.
  -0.02142876  0.          0.05416317  0.06621713]
 [ 0.7174528   0.33188128 -2.2536535   0.15217806 -0.39175007  0.
  -0.07591554  0.         -0.06103083  0.21760705]
 [-0.1403646  -0.785665    1.1285595   0.15756157 -0.08873246  0.
  -0.08782432  0.          0.04369717 -0.01594357]] 
Episode: 822: [[-0.25720215 -0.5333263  -0.93698865  0.26183468 -0.18775563  0.
  -0.02499681  0.         -0.03670318  0.05829323]
 [ 0.26632115  0.15789971 -2.190653    0.11967864 -0.1680652   0.
  -0.06735131  0.          0.05016179  0.08439562]
 [ 0.35897362  0.48670685 -2.1387365   0.1475123  -0.28564754  0.
  -0.02164351  0.          0.05416317  0.06606355]
 [ 0.7176854   0.33149195 -2.253921    0.15186043 -0.39189625  0.
  -0.07626303  0.         -0.06103083  0.2177448 ]
 [-0.1407459  -0.7858349   1.1287853   0.15790805 -0.08909377  0.
  -0.08746496  0.          0.04369717 -0.01571701]] 
Episode: 823: [[-0.257307   -0.53308797 -0.93705505  0.26198623 -0.187952    0.
  -0.02494543  0.         -0.03670318  0.05834866]
 [ 0.266587    0.15777011 -2.1908221   0.11927371 -0.16812563  0.
  -0.06772794  0.          0.05016179  0.08428585]
 [ 0.3592195   0.48656112 -2.1388538   0.14736041 -0.28566602  0.
  -0.02194095  0.          0.05416317  0.06579871]
 [ 0.71795154  0.33114877 -2.254173    0.1516067  -0.3920361   0.
  -0.07668003  0.         -0.06103083  0.21772276]
 [-0.14113341 -0.786062    1.128999    0.15821002 -0.08941009  0.
  -0.0872497   0.          0.04369717 -0.01549221]] 
Episode: 824: [[-0.25753102 -0.5330028  -0.93697894  0.2618931  -0.18816881  0.
  -0.02479225  0.         -0.03670318  0.05852714]
 [ 0.2667976   0.15774335 -2.191125    0.11907502 -0.16827388  0.
  -0.0679998   0.          0.05016179  0.08418664]
 [ 0.35941306  0.48654535 -2.1391284   0.14742462 -0.2857761   0.
  -0.02211114  0.          0.05416317  0.06546879]
 [ 0.71814114  0.33086798 -2.2545772   0.1515785  -0.3923087   0.
  -0.07695103  0.         -0.06103083  0.21775751]
 [-0.1415468  -0.7863603   1.1293371   0.15826313 -0.08970049  0.
  -0.0870256   0.          0.04369717 -0.01522198]] 
Episode: 825: [[-0.2578242  -0.53301775 -0.93682534  0.2617962  -0.18832166  0.
  -0.02476134  0.         -0.03670318  0.05864003]
 [ 0.26694956  0.15784834 -2.1914737   0.11897399 -0.16847655  0.
  -0.06813324  0.          0.05016179  0.08411826]
 [ 0.35952175  0.48665816 -2.1394627   0.14757225 -0.28596622  0.
  -0.02216013  0.          0.05416317  0.0651919 ]
 [ 0.7184212   0.33071762 -2.2550292   0.15168774 -0.39264733  0.
  -0.07709067  0.         -0.06103083  0.2177134 ]
 [-0.14193727 -0.78671056  1.1297457   0.15827161 -0.08995001  0.
  -0.08693213  0.          0.04369717 -0.01511064]] 
Episode: 826: [[-0.25813538 -0.53304315 -0.93667656  0.26170054 -0.18846904  0.
  -0.02475425  0.         -0.03670318  0.05874184]
 [ 0.2671038   0.15797436 -2.1917996   0.11889939 -0.16865502  0.
  -0.06827427  0.          0.05016179  0.08407568]
 [ 0.3596515   0.48678446 -2.139774    0.14772537 -0.28613287  0.
  -0.02223958  0.          0.05416317  0.06496923]
 [ 0.71872306  0.330628   -2.255456    0.15180974 -0.39294732  0.
  -0.07732057  0.         -0.06103083  0.21770507]
 [-0.14233133 -0.7870449   1.1301258   0.1582653  -0.09019539  0.
  -0.08686237  0.          0.04369717 -0.01504138]] 
Episode: 827: [[-0.25855342 -0.5331669  -0.9368394   0.2617649  -0.18885471  0.
  -0.02464086  0.         -0.03670318  0.05896217]
 [ 0.26728958  0.15821429 -2.1919532   0.11876728 -0.16876683  0.
  -0.06851242  0.          0.05016179  0.08385421]
 [ 0.3598801   0.48704562 -2.1398504   0.1477525  -0.28614935  0.
  -0.02241533  0.          0.05416317  0.06463775]
 [ 0.7190048   0.33063596 -2.2557418   0.15182874 -0.3932137   0.
  -0.0776317   0.         -0.06103083  0.21755157]
 [-0.14287652 -0.7874896   1.1302547   0.15831034 -0.09056559  0.
  -0.08669133  0.          0.04369717 -0.01484738]] 
Episode: 828: [[-0.25891492 -0.53325415 -0.9370349   0.2619174  -0.18909754  0.
  -0.02464582  0.         -0.03670318  0.05903168]
 [ 0.26749623  0.15847075 -2.1919932   0.11861372 -0.16887559  0.
  -0.06883793  0.          0.05016179  0.08354119]
 [ 0.3601509   0.48730707 -2.1398177   0.14770988 -0.2861946   0.
  -0.02267773  0.          0.05416317  0.06422594]
 [ 0.71944845  0.33068186 -2.2558672   0.15179095 -0.39342874  0.
  -0.07801593  0.         -0.06103083  0.2172677 ]
 [-0.14326237 -0.7879164   1.130301    0.15842286 -0.0908483   0.
  -0.08664566  0.          0.04369717 -0.01471058]] 
Episode: 829: [[-0.2591264  -0.5334505  -0.93716246  0.26200017 -0.18952678  0.
  -0.0245433   0.         -0.03670318  0.05896559]
 [ 0.26763472  0.15879624 -2.1920712   0.11848601 -0.16893311  0.
  -0.06901963  0.          0.05016179  0.08341782]
 [ 0.36026445  0.48764434 -2.13983     0.14769794 -0.2861434   0.
  -0.02280965  0.          0.05416317  0.06398663]
 [ 0.71977705  0.33082113 -2.2560248   0.15177454 -0.3936333   0.
  -0.07825749  0.         -0.06103083  0.2171582 ]
 [-0.14362112 -0.788293    1.1303997   0.15852907 -0.09120325  0.
  -0.08653805  0.          0.04369717 -0.01471928]] 
Episode: 830: [[-0.25938803 -0.53361636 -0.9372643   0.2620792  -0.18989879  0.
  -0.02455802  0.         -0.03670318  0.05883992]
 [ 0.26774156  0.15910165 -2.1921613   0.11838627 -0.16900419  0.
  -0.06908272  0.          0.05016179  0.08334476]
 [ 0.3603496   0.48794857 -2.139858    0.14770196 -0.28612372  0.
  -0.02282413  0.          0.05416317  0.06384274]
 [ 0.7201426   0.3310076  -2.2562199   0.15178359 -0.3938213   0.
  -0.07857908  0.         -0.06103083  0.21708696]
 [-0.14405954 -0.7886189   1.1305082   0.1586288  -0.09149512  0.
  -0.08654951  0.          0.04369717 -0.01481301]] 
Episode: 831: [[-0.25958708 -0.5337001  -0.9372065   0.26230043 -0.19012074  0.
  -0.02467821  0.         -0.03670318  0.05859829]
 [ 0.26783407  0.15931888 -2.1923308   0.11826795 -0.16909853  0.
  -0.06902833  0.          0.05016179  0.0833165 ]
 [ 0.36037028  0.48815253 -2.1399994   0.14763694 -0.28617442  0.
  -0.02273295  0.          0.05416317  0.06384391]
 [ 0.7205808   0.33112848 -2.256471    0.15178269 -0.39399707  0.
  -0.0787643   0.         -0.06103083  0.21701491]
 [-0.1444049  -0.7888629   1.1306975   0.1587911  -0.09169865  0.
  -0.0866681   0.          0.04369717 -0.0150052 ]] 
Episode: 832: [[-0.25975782 -0.5337838  -0.9370859   0.26243693 -0.1902926   0.
  -0.02467943  0.         -0.03670318  0.05850947]
 [ 0.26799     0.1595377  -2.1925678   0.11817507 -0.16920763  0.
  -0.06909052  0.          0.05016179  0.08311316]
 [ 0.3604831   0.48836353 -2.140225    0.14760904 -0.28624663  0.
  -0.0227551   0.          0.05416317  0.063714  ]
 [ 0.7210513   0.33125624 -2.2567787   0.15178446 -0.394176    0.
  -0.07903517  0.         -0.06103083  0.21680433]
 [-0.14461997 -0.78910977  1.1309463   0.15888612 -0.09183702  0.
  -0.08666655  0.          0.04369717 -0.01504639]] 
Episode: 833: [[-0.26001012 -0.53386045 -0.9371823   0.26278785 -0.19032972  0.
  -0.0245736   0.         -0.03670318  0.05855803]
 [ 0.26821166  0.1599099  -2.1926675   0.11791696 -0.16927642  0.
  -0.06925762  0.          0.05016179  0.08274803]
 [ 0.36074963  0.4887119  -2.1402743   0.14738315 -0.28629282  0.
  -0.02287924  0.          0.05416317  0.06346626]
 [ 0.7215107   0.3316483  -2.2569704   0.15158615 -0.39427105  0.
  -0.07938313  0.         -0.06103083  0.21646932]
 [-0.14485446 -0.7894742   1.1310395   0.15915436 -0.09202232  0.
  -0.08655691  0.          0.04369717 -0.01495186]] 
Episode: 834: [[-0.26022902 -0.53397644 -0.93715256  0.2629987  -0.19034018  0.
  -0.02458528  0.         -0.03670318  0.05847333]
 [ 0.26836863  0.16021988 -2.1928434   0.11774293 -0.16944167  0.
  -0.06929687  0.          0.05016179  0.08257484]
 [ 0.36089724  0.48902375 -2.1404202   0.14727256 -0.28646144  0.
  -0.02288676  0.          0.05416317  0.06337424]
 [ 0.7218543   0.3318628  -2.2572286   0.15149088 -0.39449707  0.
  -0.07959209  0.         -0.06103083  0.21631363]
 [-0.14510755 -0.78980887  1.1312279   0.15933885 -0.09213485  0.
  -0.08656648  0.          0.04369717 -0.01499834]] 
Episode: 835: [[-0.26030675 -0.5338022  -0.93716365  0.26339826 -0.19030944  0.
  -0.02470269  0.         -0.03670318  0.05826885]
 [ 0.2685166   0.16031672 -2.1929786   0.11743493 -0.16940485  0.
  -0.0692211   0.          0.05016179  0.08259927]
 [ 0.36099967  0.48905414 -2.1405206   0.14697295 -0.2864393   0.
  -0.02278934  0.          0.05416317  0.0634222 ]
 [ 0.7220962   0.33211166 -2.2574239   0.15120593 -0.3944142   0.
  -0.07967596  0.         -0.06103083  0.21631904]
 [-0.14536805 -0.7898886   1.1313963   0.15968226 -0.09224385  0.
  -0.0866833   0.          0.04369717 -0.01517154]] 
Episode: 836: [[-0.2604298  -0.53358245 -0.9370763   0.2637253  -0.19018236  0.
  -0.02491523  0.         -0.03670318  0.05795669]
 [ 0.26861906  0.16035016 -2.1931615   0.11719673 -0.16942461  0.
  -0.06904187  0.          0.05016179  0.08275483]
 [ 0.36104426  0.48899892 -2.1406872   0.14675644 -0.2865135   0.
  -0.02259749  0.          0.05416317  0.06359598]
 [ 0.722251    0.33223373 -2.2576509   0.15100934 -0.39439902  0.
  -0.07964727  0.         -0.06103083  0.21646914]
 [-0.14562348 -0.78992444  1.1316271   0.15995534 -0.0923182   0.
  -0.08689661  0.          0.04369717 -0.01545865]] 
Episode: 837: [[-0.2605857  -0.5333769  -0.9369956   0.2640163  -0.19005379  0.
  -0.02521336  0.         -0.03670318  0.05764396]
 [ 0.26873472  0.16038157 -2.1933093   0.11699303 -0.1694357   0.
  -0.06882478  0.          0.05016179  0.08293624]
 [ 0.36111826  0.48894864 -2.1408217   0.14657412 -0.28657705  0.
  -0.02232066  0.          0.05416317  0.06382329]
 [ 0.7223716   0.33239177 -2.2578454   0.15085092 -0.3943479   0.
  -0.07961778  0.         -0.06103083  0.21671145]
 [-0.14595133 -0.7899377   1.1318358   0.16019543 -0.09233303  0.
  -0.08719673  0.          0.04369717 -0.01575976]] 
Episode: 838: [[-0.26074317 -0.533037   -0.93702453  0.26436242 -0.18977754  0.
  -0.0255885   0.         -0.03670318  0.05726535]
 [ 0.2688559   0.16029046 -2.1934202   0.11678178 -0.1694287   0.
  -0.06851834  0.          0.05016179  0.08307069]
 [ 0.361213    0.48877573 -2.1409042   0.14635889 -0.28665438  0.
  -0.02196737  0.          0.05416317  0.06400445]
 [ 0.72248834  0.3324606  -2.2580311   0.15068829 -0.39423907  0.
  -0.07948698  0.         -0.06103083  0.21697167]
 [-0.14627638 -0.789941    1.1319246   0.16046062 -0.0923499   0.
  -0.08741625  0.          0.04369717 -0.01589925]] 
Episode: 839: [[-0.2609693  -0.5327627  -0.93700886  0.26467022 -0.18948898  0.
  -0.02603293  0.         -0.03670318  0.05687498]
 [ 0.26890326  0.16027291 -2.193577    0.11662418 -0.16950575  0.
  -0.06813152  0.          0.05016179  0.08324796]
 [ 0.36120912  0.48867926 -2.1410325   0.1462016  -0.2868278   0.
  -0.02154528  0.          0.05416317  0.06425183]
 [ 0.7225804   0.3325186  -2.2582672   0.15060039 -0.39424813  0.
  -0.07926504  0.         -0.06103083  0.21728534]
 [-0.14671394 -0.7900248   1.1320623   0.16069785 -0.0923242   0.
  -0.08772202  0.          0.04369717 -0.01610938]] 
Episode: 840: [[-0.2610112  -0.5326577  -0.9369575   0.2649976  -0.18940774  0.
  -0.02632604  0.         -0.03670318  0.0563955 ]
 [ 0.26890045  0.16035022 -2.1937504   0.11643402 -0.16957986  0.
  -0.0676724   0.          0.05016179  0.08353432]
 [ 0.36107504  0.48869866 -2.141183    0.14599392 -0.28694668  0.
  -0.02106128  0.          0.05416317  0.06460509]
 [ 0.72260237  0.33260545 -2.2585306   0.15045726 -0.3943187   0.
  -0.07896107  0.         -0.06103083  0.2177126 ]
 [-0.14712948 -0.79011655  1.1322093   0.16098431 -0.09232974  0.
  -0.08794309  0.          0.04369717 -0.01642966]] 
Episode: 841: [[-0.26094657 -0.53252065 -0.93690914  0.26551893 -0.18938483  0.
  -0.02648299  0.         -0.03670318  0.05583594]
 [ 0.26887017  0.16040593 -2.193868    0.11616492 -0.1696337   0.
  -0.06737031  0.          0.05016179  0.08390839]
 [ 0.36084372  0.48868045 -2.1412687   0.14564182 -0.2870387   0.
  -0.02072985  0.          0.05416317  0.06505352]
 [ 0.72272176  0.3327164  -2.2587187   0.1502092  -0.3943644   0.
  -0.07879175  0.         -0.06103083  0.21818502]
 [-0.1474049  -0.7901551   1.1323384   0.16137888 -0.09237982  0.
  -0.08803375  0.          0.04369717 -0.01684893]] 
Episode: 842: [[-0.26094553 -0.53247666 -0.93682617  0.26596504 -0.18940756  0.
  -0.02651742  0.         -0.03670318  0.05546083]
 [ 0.26885283  0.1606111  -2.194001    0.11593955 -0.16965885  0.
  -0.0672095   0.          0.05016179  0.08418874]
 [ 0.36064467  0.4888057  -2.141377    0.14534993 -0.2870869   0.
  -0.02053572  0.          0.05416317  0.06532624]
 [ 0.72279775  0.332977   -2.2589047   0.15000972 -0.39438868  0.
  -0.07872815  0.         -0.06103083  0.21868977]
 [-0.14773966 -0.79032934  1.1325114   0.16170917 -0.09248284  0.
  -0.08800707  0.          0.04369717 -0.01709492]] 
Episode: 843: [[-0.26103526 -0.5326106  -0.9365389   0.26624376 -0.1896943   0.
  -0.02644161  0.         -0.03670318  0.05525154]
 [ 0.26877993  0.16079071 -2.1942868   0.11582433 -0.16970071  0.
  -0.0671199   0.          0.05016179  0.08442496]
 [ 0.36034897  0.48899642 -2.141673    0.14521384 -0.28708684  0.
  -0.02046514  0.          0.05416317  0.06544103]
 [ 0.72291005  0.33302674 -2.2591956   0.1499464  -0.39452773  0.
  -0.07856669  0.         -0.06103083  0.21908173]
 [-0.14806765 -0.7905271   1.1329039   0.16191901 -0.09268633  0.
  -0.08787481  0.          0.04369717 -0.0174472 ]] 
Episode: 844: [[-0.26121986 -0.5327691  -0.9362348   0.266476   -0.1899406   0.
  -0.02648016  0.         -0.03670318  0.05494982]
 [ 0.26863152  0.16097231 -2.1945941   0.11576922 -0.1698139   0.
  -0.06692822  0.          0.05016179  0.08479329]
 [ 0.35997277  0.48919907 -2.1419911   0.14515041 -0.28717512  0.
  -0.02029751  0.          0.05416317  0.06567471]
 [ 0.72285706  0.3330159  -2.2595153   0.14997718 -0.39475626  0.
  -0.07831716  0.         -0.06103083  0.2195794 ]
 [-0.14851849 -0.79075646  1.1333189   0.16208774 -0.09285457  0.
  -0.08786403  0.          0.04369717 -0.01789501]] 
Episode: 845: [[-0.26144376 -0.5329726  -0.9358896   0.26658842 -0.19010314  0.
  -0.02662163  0.         -0.03670318  0.05472166]
 [ 0.26847857  0.1612031  -2.194937    0.11579029 -0.16998823  0.
  -0.06664471  0.          0.05016179  0.08517301]
 [ 0.3596004   0.48945004 -2.142351    0.14519642 -0.28735444  0.
  -0.02004254  0.          0.05416317  0.0659402 ]
 [ 0.72274375  0.3330502  -2.259871    0.15010218 -0.39504173  0.
  -0.07798838  0.         -0.06103083  0.2201315 ]
 [-0.14899145 -0.79101944  1.1337686   0.16215484 -0.09293672  0.
  -0.08796255  0.          0.04369717 -0.01833799]] 
Episode: 846: [[-0.26151183 -0.5330093  -0.9356685   0.26681834 -0.19015941  0.
  -0.02685568  0.         -0.03670318  0.05438832]
 [ 0.26835555  0.16142364 -2.195152    0.11575907 -0.17008458  0.
  -0.06650061  0.          0.05016179  0.08556456]
 [ 0.35923886  0.48961285 -2.1425643   0.14514907 -0.28747734  0.
  -0.01970898  0.          0.05416317  0.06630944]
 [ 0.7228136   0.33330372 -2.2601118   0.15013668 -0.39516962  0.
  -0.07779671  0.         -0.06103083  0.22048283]
 [-0.14924778 -0.7911903   1.1340433   0.16228694 -0.0929834   0.
  -0.0881053   0.          0.04369717 -0.01886739]] 
Episode: 847: [[-0.2613561  -0.5330144  -0.9355286   0.2672516  -0.19025385  0.
  -0.02695957  0.         -0.03670318  0.05398579]
 [ 0.26822308  0.16168138 -2.195181    0.11545321 -0.17007706  0.
  -0.06648194  0.          0.05016179  0.08600619]
 [ 0.35880157  0.4897835  -2.1425993   0.14490618 -0.28749028  0.
  -0.01951289  0.          0.05416317  0.06674633]
 [ 0.72290266  0.33361873 -2.2601306   0.14996792 -0.3951632   0.
  -0.07772843  0.         -0.06103083  0.22094366]
 [-0.14940472 -0.79134685  1.134205    0.16271867 -0.09311746  0.
  -0.08812549  0.          0.04369717 -0.01921267]] 
Episode: 848: [[-0.26125747 -0.5330224  -0.93539655  0.26763842 -0.19032095  0.
  -0.02715978  0.         -0.03670318  0.05360749]
 [ 0.26818216  0.16190842 -2.1952102   0.1151906  -0.1700926   0.
  -0.06635418  0.          0.05016179  0.08640806]
 [ 0.3585151   0.48993802 -2.1426337   0.1447017  -0.28752777  0.
  -0.01923234  0.          0.05416317  0.06715176]
 [ 0.7230573   0.33386573 -2.2601461   0.14983937 -0.3951648   0.
  -0.07756278  0.         -0.06103083  0.2213786 ]
 [-0.14962228 -0.7915119   1.1343646   0.16310112 -0.09318372  0.
  -0.08825191  0.          0.04369717 -0.01954693]] 
Episode: 849: [[-0.2612144  -0.5330448  -0.93526727  0.2679795  -0.19038443  0.
  -0.02726226  0.         -0.03670318  0.05334098]
 [ 0.26813942  0.1621369  -2.195254    0.11496768 -0.17014417  0.
  -0.06619884  0.          0.05016179  0.0867746 ]
 [ 0.35825446  0.49010006 -2.1426806   0.1445346  -0.287602    0.
  -0.01891448  0.          0.05416317  0.06750065]
 [ 0.72315174  0.33407235 -2.260183    0.14974713 -0.39523217  0.
  -0.07730952  0.         -0.06103083  0.22183932]
 [-0.1498558  -0.79170513  1.1345187   0.16343676 -0.09326824  0.
  -0.0882725   0.          0.04369717 -0.01978313]] 
Episode: 850: [[-0.2610762  -0.53286916 -0.9352925   0.26851204 -0.19030079  0.
  -0.02724773  0.         -0.03670318  0.05297307]
 [ 0.2681487   0.16230008 -2.1952207   0.11457662 -0.1700976   0.
  -0.06617009  0.          0.05016179  0.08712906]
 [ 0.35808057  0.49014097 -2.1426306   0.14418441 -0.28760692  0.
  -0.01873256  0.          0.05416317  0.06789942]
 [ 0.7232411   0.33435956 -2.2601671   0.1494648  -0.39510515  0.
  -0.07718578  0.         -0.06103083  0.22231077]
 [-0.15013143 -0.7918577   1.1345544   0.1639438  -0.09329371  0.
  -0.08818278  0.          0.04369717 -0.01989577]] 
Episode: 851: [[-0.2608008  -0.5326561  -0.9353109   0.26900643 -0.19024128  0.
  -0.02728525  0.         -0.03670318  0.052514  ]
 [ 0.2682385   0.16239744 -2.1952145   0.11418829 -0.17004289  0.
  -0.06625522  0.          0.05016179  0.0874692 ]
 [ 0.35799694  0.49012125 -2.142611    0.14382489 -0.28758943  0.
  -0.01867297  0.          0.05416317  0.06838869]
 [ 0.72351265  0.3345523  -2.2601726   0.14914402 -0.39498958  0.
  -0.0771786   0.         -0.06103083  0.22258957]
 [-0.15024437 -0.791959    1.1345881   0.16441324 -0.09334544  0.
  -0.0881722   0.          0.04369717 -0.02012805]] 
Episode: 852: [[-0.26062468 -0.53256613 -0.9353123   0.26942688 -0.19026272  0.
  -0.0272122   0.         -0.03670318  0.05222913]
 [ 0.26839817  0.1625771  -2.1952116   0.11384551 -0.16997844  0.
  -0.0664428   0.          0.05016179  0.08759213]
 [ 0.3580641   0.49021217 -2.1426032   0.1435138  -0.2875315   0.
  -0.01872346  0.          0.05416317  0.06869825]
 [ 0.72383636  0.3347473  -2.260164    0.1488543  -0.394894    0.
  -0.0772763   0.         -0.06103083  0.22269529]
 [-0.1503801  -0.7921484   1.1346436   0.16481113 -0.09345845  0.
  -0.08805441  0.          0.04369717 -0.02020608]] 
Episode: 853: [[-0.26057318 -0.5324949  -0.9352632   0.26976967 -0.19021887  0.
  -0.02725326  0.         -0.03670318  0.05198514]
 [ 0.2685226   0.16274019 -2.195289    0.11359159 -0.17000122  0.
  -0.06650063  0.          0.05016179  0.08773749]
 [ 0.3581143   0.49030167 -2.142676    0.14330353 -0.2875854   0.
  -0.01866478  0.          0.05416317  0.06901743]
 [ 0.7240428   0.33489582 -2.2602518   0.1486847  -0.39488718  0.
  -0.07726006  0.         -0.06103083  0.22287911]
 [-0.1506082  -0.7923359   1.1347691   0.16512537 -0.09346075  0.
  -0.08805668  0.          0.04369717 -0.02029222]] 
Episode: 854: [[-0.26038623 -0.5323652  -0.9352925   0.2701623  -0.19016647  0.
  -0.02739698  0.         -0.03670318  0.05163759]
 [ 0.2686073   0.1628566  -2.195335    0.11330374 -0.16997893  0.
  -0.0666215   0.          0.05016179  0.08802065]
 [ 0.3580739   0.4903263  -2.1427038   0.1430288  -0.28760108  0.
  -0.01867149  0.          0.05416317  0.06943506]
 [ 0.72430307  0.33505607 -2.260351    0.14844769 -0.39480948  0.
  -0.0773496   0.         -0.06103083  0.22315525]
 [-0.15081196 -0.7924611   1.1347631   0.16547887 -0.09342749  0.
  -0.08814565  0.          0.04369717 -0.02050062]] 
Episode: 855: [[-0.26026788 -0.53210974 -0.9354152   0.27067873 -0.19003475  0.
  -0.02763309  0.         -0.03670318  0.05131356]
 [ 0.26869977  0.16283754 -2.1953595   0.1129731  -0.17000568  0.
  -0.06662955  0.          0.05016179  0.08827742]
 [ 0.35807198  0.4902221  -2.1426878   0.14266858 -0.2876849   0.
  -0.01857337  0.          0.05416317  0.06981112]
 [ 0.72453475  0.33511442 -2.2604578   0.1481544  -0.3947703   0.
  -0.07732604  0.         -0.06103083  0.2234462 ]
 [-0.15103103 -0.7925304   1.1347266   0.16587046 -0.0933484   0.
  -0.0882695   0.          0.04369717 -0.02065029]] 
Episode: 856: [[-0.2602044  -0.5319971  -0.93547195  0.27112934 -0.18988673  0.
  -0.0277388   0.         -0.03670318  0.05114165]
 [ 0.26876205  0.16299847 -2.1954277   0.11271191 -0.17010854  0.
  -0.06674777  0.          0.05016179  0.08842671]
 [ 0.35803387  0.49029526 -2.1427193   0.14238705 -0.2878565   0.
  -0.01858922  0.          0.05416317  0.0700188 ]
 [ 0.7248102   0.3352145  -2.2606018   0.14794673 -0.3948529   0.
  -0.07740898  0.         -0.06103083  0.22359008]
 [-0.15119492 -0.7927798   1.1347538   0.16619724 -0.09329629  0.
  -0.08827261  0.          0.04369717 -0.02067277]] 
Episode: 857: [[-0.2602189  -0.53186744 -0.9354655   0.2713853  -0.18972065  0.
  -0.02794068  0.         -0.03670318  0.05096219]
 [ 0.2688317   0.1631345  -2.1955159   0.11254539 -0.17020547  0.
  -0.06674319  0.          0.05016179  0.08858684]
 [ 0.35803166  0.4903457  -2.142784    0.14224248 -0.28802353  0.
  -0.01849934  0.          0.05416317  0.07024991]
 [ 0.72507316  0.33533546 -2.26075     0.14783962 -0.39491704  0.
  -0.07737948  0.         -0.06103083  0.2237831 ]
 [-0.15135527 -0.79300475  1.1348125   0.16642457 -0.09325495  0.
  -0.08838373  0.          0.04369717 -0.0206862 ]] 
Episode: 858: [[-0.26007178 -0.53182226 -0.93546027  0.27184093 -0.18994597  0.
  -0.02801561  0.         -0.03670318  0.05092896]
 [ 0.2688948   0.1631674  -2.1955965   0.11216695 -0.17019165  0.
  -0.06685     0.          0.05016179  0.08870113]
 [ 0.35797542  0.49034554 -2.142843    0.14191252 -0.28797773  0.
  -0.01852259  0.          0.05416317  0.0703272 ]
 [ 0.7253943   0.33521956 -2.2608979   0.14754386 -0.39495456  0.
  -0.07745706  0.         -0.06103083  0.2241016 ]
 [-0.1515044  -0.7931522   1.1348547   0.16690129 -0.09333736  0.
  -0.08837541  0.          0.04369717 -0.0206108 ]] 
Episode: 859: [[-0.2597237  -0.5319287  -0.9354533   0.27247483 -0.19014926  0.
  -0.02797633  0.         -0.03670318  0.05102718]
 [ 0.2688474   0.16342792 -2.1957228   0.11161528 -0.17010322  0.
  -0.06705703  0.          0.05016179  0.08869835]
 [ 0.35769773  0.49056515 -2.1429434   0.14141667 -0.28785783  0.
  -0.01864764  0.          0.05416317  0.07026622]
 [ 0.72587466  0.33517122 -2.2611094   0.14707927 -0.39491805  0.
  -0.07763098  0.         -0.06103083  0.22447804]
 [-0.15152279 -0.7935108   1.1348634   0.16761002 -0.09363251  0.
  -0.08825963  0.          0.04369717 -0.02041193]] 
Episode: 860: [[-0.25939834 -0.5320148  -0.9354746   0.27296063 -0.19029514  0.
  -0.02804768  0.         -0.03670318  0.05098749]
 [ 0.2688051   0.16367763 -2.1958292   0.11115479 -0.17006807  0.
  -0.06713242  0.          0.05016179  0.08882137]
 [ 0.35742235  0.49075612 -2.1430159   0.14103124 -0.2878138   0.
  -0.01865606  0.          0.05416317  0.07034179]
 [ 0.7263287   0.33515385 -2.2613368   0.14670065 -0.3949295   0.
  -0.0776834   0.         -0.06103083  0.22487974]
 [-0.15158151 -0.7937893   1.134823    0.16820507 -0.09386817  0.
  -0.08826372  0.          0.04369717 -0.02036404]] 
Episode: 861: [[-0.25910223 -0.53215575 -0.93536305  0.27317178 -0.19047256  0.
  -0.02821858  0.         -0.03670318  0.05082381]
 [ 0.268749    0.16392358 -2.1960301   0.11084662 -0.17009842  0.
  -0.06708939  0.          0.05016179  0.08898717]
 [ 0.35711712  0.49095538 -2.1432014   0.14086194 -0.2878383   0.
  -0.01855952  0.          0.05416317  0.07054011]
 [ 0.7267545   0.33509725 -2.2616363   0.1464628  -0.39504182  0.
  -0.07762647  0.         -0.06103083  0.22524929]
 [-0.15161943 -0.79401964  1.1348997   0.16861714 -0.0940364   0.
  -0.08837567  0.          0.04369717 -0.02045185]] 
Episode: 862: [[-0.25881538 -0.53224784 -0.9352779   0.2733553  -0.19061776  0.
  -0.02847905  0.         -0.03670318  0.05060567]
 [ 0.26873478  0.16410527 -2.196187    0.11056939 -0.17011732  0.
  -0.06702238  0.          0.05016179  0.08915763]
 [ 0.35687667  0.49109665 -2.1433432   0.1407122  -0.28785563  0.
  -0.01836854  0.          0.05416317  0.07076831]
 [ 0.7271248   0.33503586 -2.261881    0.14624512 -0.3951149   0.
  -0.07759846  0.         -0.06103083  0.22562511]
 [-0.15163271 -0.79418045  1.1349376   0.16897629 -0.0941478   0.
  -0.08858465  0.          0.04369717 -0.02057366]] 
Episode: 863: [[-0.25858212 -0.53238016 -0.93513143  0.27334496 -0.19079824  0.
  -0.02882011  0.         -0.03670318  0.05038356]
 [ 0.268723    0.16426158 -2.1964102   0.11038908 -0.17020288  0.
  -0.06685114  0.          0.05016179  0.08934233]
 [ 0.3566515   0.49123806 -2.1435566   0.14069298 -0.28793266  0.
  -0.01809257  0.          0.05416317  0.07102733]
 [ 0.72746766  0.33491024 -2.262192    0.14611603 -0.39530116  0.
  -0.07746907  0.         -0.06103083  0.22603472]
 [-0.15165277 -0.7943387   1.1350423   0.16922304 -0.09426182  0.
  -0.08881292  0.          0.04369717 -0.02068802]] 
Episode: 864: [[-0.25844085 -0.5327196  -0.9349043   0.27323213 -0.19103692  0.
  -0.02902037  0.         -0.03670318  0.05031183]
 [ 0.26866645  0.1645174  -2.196693    0.11030204 -0.17030811  0.
  -0.06680797  0.          0.05016179  0.0894014 ]
 [ 0.35636702  0.49153373 -2.1438398   0.14078425 -0.28801626  0.
  -0.0179483   0.          0.05416317  0.07112987]
 [ 0.7277622   0.33471364 -2.262571    0.14609906 -0.39553213  0.
  -0.0774568   0.         -0.06103083  0.22636937]
 [-0.15167814 -0.79456884  1.1352224   0.1693619  -0.09439841  0.
  -0.08891003  0.          0.04369717 -0.02070116]] 
Episode: 865: [[-0.25809786 -0.53309834 -0.93474627  0.27335447 -0.19158803  0.
  -0.02909395  0.         -0.03670318  0.05037531]
 [ 0.2687445   0.16474064 -2.196924    0.1098976  -0.17031343  0.
  -0.06688002  0.          0.05016179  0.08929384]
 [ 0.3562234   0.49182963 -2.1440656   0.14066721 -0.2879023   0.
  -0.01792255  0.          0.05416317  0.07109176]
 [ 0.7282191   0.3343963  -2.2628915   0.14588483 -0.39577252  0.
  -0.07754992  0.         -0.06103083  0.22679888]
 [-0.15155935 -0.79486     1.1353385   0.16979532 -0.09482659  0.
  -0.08888912  0.          0.04369717 -0.02058194]] 
Episode: 866: [[-0.257828   -0.5334421  -0.9346      0.27345082 -0.19208096  0.
  -0.02924271  0.         -0.03670318  0.05041606]
 [ 0.2688597   0.16497548 -2.1971242   0.1095525  -0.17031184  0.
  -0.06695413  0.          0.05016179  0.08919938]
 [ 0.3561523   0.49212095 -2.144263    0.14058645 -0.28779346  0.
  -0.01789289  0.          0.05416317  0.07106456]
 [ 0.72860044  0.3341834  -2.2631712   0.14572154 -0.39596906  0.
  -0.07772038  0.         -0.06103083  0.22718918]
 [-0.15150666 -0.79513353  1.135446    0.17016463 -0.09519465  0.
  -0.08897858  0.          0.04369717 -0.02050292]] 
Episode: 867: [[-0.25757363 -0.5337933  -0.9345      0.27356723 -0.19261229  0.
  -0.02933512  0.         -0.03670318  0.05058075]
 [ 0.2690292   0.16526186 -2.1972747   0.10921976 -0.17027244  0.
  -0.06705131  0.          0.05016179  0.08903418]
 [ 0.3561738   0.49245548 -2.1444082   0.14048253 -0.28762555  0.
  -0.01795049  0.          0.05416317  0.07090972]
 [ 0.7290166   0.33408388 -2.2633898   0.14554048 -0.39613447  0.
  -0.07788686  0.         -0.06103083  0.22745624]
 [-0.15143538 -0.79541475  1.1355224   0.17051016 -0.09561477  0.
  -0.08897261  0.          0.04369717 -0.02034621]] 
Episode: 868: [[-0.25729483 -0.53398937 -0.9345721   0.27389476 -0.19317721  0.
  -0.02931155  0.         -0.03670318  0.05072061]
 [ 0.26924363  0.16548899 -2.1973205   0.10868891 -0.1700609   0.
  -0.06724981  0.          0.05016179  0.08885186]
 [ 0.35626766  0.49270338 -2.1444187   0.14019045 -0.28727734  0.
  -0.01810652  0.          0.05416317  0.07073197]
 [ 0.72953886  0.33410928 -2.2635047   0.14517915 -0.39606276  0.
  -0.07814094  0.         -0.06103083  0.22765023]
 [-0.15144199 -0.79568636  1.135452    0.1710802  -0.09613037  0.
  -0.08885895  0.          0.04369717 -0.02009103]] 
Episode: 869: [[-0.25682864 -0.5340834  -0.9347415   0.2744109  -0.1937677   0.
  -0.02918362  0.         -0.03670318  0.05084552]
 [ 0.26957503  0.1656177  -2.1972942   0.10792133 -0.1697979   0.
  -0.06753946  0.          0.05016179  0.08852823]
 [ 0.35647228  0.49285176 -2.1443498   0.13972998 -0.28685284  0.
  -0.01835112  0.          0.05416317  0.07044169]
 [ 0.73019975  0.33401462 -2.2635312   0.1446565  -0.39596987  0.
  -0.07847384  0.         -0.06103083  0.22767916]
 [-0.15121256 -0.7959278   1.1353145   0.17189562 -0.09678099  0.
  -0.08864841  0.          0.04369717 -0.01973047]] 
Episode: 870: [[-0.25639373 -0.53417104 -0.9348635   0.27491415 -0.1943579   0.
  -0.02896179  0.         -0.03670318  0.05104739]
 [ 0.26989207  0.16575515 -2.197308    0.10718863 -0.16949633  0.
  -0.0679111   0.          0.05016179  0.08820017]
 [ 0.3566694   0.49298802 -2.1443305   0.13925956 -0.28639686  0.
  -0.01867542  0.          0.05416317  0.07009621]
 [ 0.73084813  0.3340111  -2.2636003   0.14411184 -0.3958034   0.
  -0.07887769  0.         -0.06103083  0.22762865]
 [-0.15106726 -0.7961388   1.1352094   0.17266169 -0.09737859  0.
  -0.0883507   0.          0.04369717 -0.01939511]] 
Episode: 871: [[-0.25599554 -0.5343393  -0.93494946  0.2754226  -0.19501774  0.
  -0.02865547  0.         -0.03670318  0.05135717]
 [ 0.27016944  0.16593038 -2.197328    0.10648078 -0.1691657   0.
  -0.0683565   0.          0.05016179  0.08784993]
 [ 0.3568258   0.49317673 -2.1443238   0.13877031 -0.28589436  0.
  -0.01907144  0.          0.05416317  0.06965511]
 [ 0.7314045   0.3340252  -2.2636695   0.14355943 -0.39561757  0.
  -0.07934536  0.         -0.06103083  0.22764279]
 [-0.15097347 -0.79635966  1.1351392   0.17340563 -0.09800038  0.
  -0.08797456  0.          0.04369717 -0.01896902]] 
Episode: 872: [[-0.25568217 -0.53452647 -0.9349958   0.2758832  -0.19562304  0.
  -0.02840371  0.         -0.03670318  0.05168863]
 [ 0.27040836  0.16617686 -2.197407    0.10585903 -0.16888162  0.
  -0.0687703   0.          0.05016179  0.08753051]
 [ 0.356956    0.4934187  -2.1443758   0.13834591 -0.2854546   0.
  -0.01944595  0.          0.05416317  0.06923872]
 [ 0.7319401   0.3341178  -2.2638159   0.1430925  -0.395487    0.
  -0.0798653   0.         -0.06103083  0.2276697 ]
 [-0.1509184  -0.79663575  1.1351135   0.17407581 -0.09861083  0.
  -0.08761848  0.          0.04369717 -0.01855168]] 
Episode: 873: [[-0.25540113 -0.5347789  -0.9349919   0.276291   -0.196216    0.
  -0.02826721  0.         -0.03670318  0.05185857]
 [ 0.2705827   0.16651927 -2.1974924   0.10535774 -0.16868295  0.
  -0.0692537   0.          0.05016179  0.08731327]
 [ 0.35697863  0.49374866 -2.144431    0.13802926 -0.2851097   0.
  -0.01988724  0.          0.05416317  0.06899458]
 [ 0.7326103   0.33421737 -2.2639382   0.14277159 -0.39549994  0.
  -0.08043744  0.         -0.06103083  0.22758159]
 [-0.15077864 -0.79702365  1.1351389   0.17465137 -0.09929494  0.
  -0.08718974  0.          0.04369717 -0.01830744]] 
Episode: 874: [[-0.25520623 -0.5350273  -0.93496007  0.27655205 -0.19673318  0.
  -0.02803759  0.         -0.03670318  0.05207819]
 [ 0.27076563  0.16681932 -2.1976001   0.10494776 -0.1685421   0.
  -0.06971472  0.          0.05016179  0.08710659]
 [ 0.35704118  0.4940502  -2.144516    0.13781445 -0.28484422  0.
  -0.02037175  0.          0.05416317  0.06874123]
 [ 0.73315966  0.3342329  -2.2640724   0.14251631 -0.39555672  0.
  -0.08086836  0.         -0.06103083  0.2275697 ]
 [-0.15073621 -0.7974077   1.1351898   0.17510386 -0.09987864  0.
  -0.08671807  0.          0.04369717 -0.01801561]] 
Episode: 875: [[-0.25513706 -0.53531826 -0.9348105   0.27670914 -0.19717869  0.
  -0.02787158  0.         -0.03670318  0.05240393]
 [ 0.2709304   0.16708036 -2.1977954   0.10466342 -0.16852905  0.
  -0.07001843  0.          0.05016179  0.08689616]
 [ 0.35710132  0.4943313  -2.144703    0.13773356 -0.28473517  0.
  -0.02070352  0.          0.05416317  0.06842658]
 [ 0.7336899   0.33407673 -2.2642922   0.14241742 -0.39575619  0.
  -0.08115192  0.         -0.06103083  0.22761293]
 [-0.1507149  -0.79780704  1.1353534   0.17543976 -0.10037418  0.
  -0.08640196  0.          0.04369717 -0.01768435]] 
Episode: 876: [[-0.25522724 -0.5356992  -0.9345616   0.27670732 -0.19764589  0.
  -0.02761533  0.         -0.03670318  0.05282507]
 [ 0.27105454  0.16742972 -2.1981022   0.10454555 -0.1685755   0.
  -0.0701806   0.          0.05016179  0.08677134]
 [ 0.35710654  0.49469304 -2.1450078   0.13784793 -0.28469193  0.
  -0.02089783  0.          0.05416317  0.06819635]
 [ 0.73424244  0.33393785 -2.2646523   0.14252044 -0.39605182  0.
  -0.08130285  0.         -0.06103083  0.22771384]
 [-0.15076804 -0.7982165   1.1356221   0.17560153 -0.10087443  0.
  -0.0862258   0.          0.04369717 -0.01751755]] 
Episode: 877: [[-0.2550922  -0.5360611  -0.9344306   0.27688366 -0.19814172  0.
  -0.0272779   0.         -0.03670318  0.05333194]
 [ 0.27135724  0.16778095 -2.198346    0.10425574 -0.16861106  0.
  -0.07043762  0.          0.05016179  0.08647559]
 [ 0.3572981   0.4950614  -2.1452389   0.13775273 -0.284607    0.
  -0.02117695  0.          0.05416317  0.06785876]
 [ 0.73493046  0.3338522  -2.264936    0.14241523 -0.396361    0.
  -0.08154292  0.         -0.06103083  0.22765878]
 [-0.15058035 -0.79860705  1.1357714   0.17590481 -0.10142189  0.
  -0.08595899  0.          0.04369717 -0.01723645]] 
Episode: 878: [[-0.25504267 -0.5364594  -0.93412185  0.27702466 -0.19852392  0.
  -0.02686743  0.         -0.03670318  0.05391586]
 [ 0.27160886  0.16814771 -2.1986985   0.10402822 -0.16870464  0.
  -0.07066354  0.          0.05016179  0.08610906]
 [ 0.35742754  0.4954515  -2.1455994   0.13770854 -0.28462115  0.
  -0.02153237  0.          0.05416317  0.06742467]
 [ 0.7355842   0.33369747 -2.2652802   0.14237776 -0.3966986   0.
  -0.08165473  0.         -0.06103083  0.22763722]
 [-0.15042447 -0.79901713  1.1360723   0.17615257 -0.10188401  0.
  -0.08561064  0.          0.04369717 -0.01685263]] 
Episode: 879: [[-0.25504366 -0.5368139  -0.93383914  0.27714092 -0.19886051  0.
  -0.02655186  0.         -0.03670318  0.0544888 ]
 [ 0.2718347   0.16845624 -2.1990118   0.10383755 -0.16880487  0.
  -0.0708684   0.          0.05016179  0.08578325]
 [ 0.35754764  0.49579006 -2.1459205   0.13768739 -0.28465354  0.
  -0.02183117  0.          0.05416317  0.06702836]
 [ 0.7360853   0.33353472 -2.265578    0.14236644 -0.39702088  0.
  -0.08179782  0.         -0.06103083  0.22768773]
 [-0.15033528 -0.79938745  1.1363482   0.17636071 -0.10228574  0.
  -0.0853597   0.          0.04369717 -0.01645966]] 
Episode: 880: [[-0.25517458 -0.5372752  -0.93346864  0.2770884  -0.19920349  0.
  -0.02637475  0.         -0.03670318  0.05509041]
 [ 0.2720142   0.1689326  -2.1994114   0.10378952 -0.16900828  0.
  -0.07094149  0.          0.05016179  0.08553705]
 [ 0.35763857  0.49627453 -2.146337    0.1378416  -0.284795    0.
  -0.02199576  0.          0.05416317  0.06670794]
 [ 0.73649174  0.3335153  -2.265962    0.14252178 -0.39750412  0.
  -0.08182229  0.         -0.06103083  0.2278735 ]
 [-0.15035309 -0.79985183  1.1367307   0.17641035 -0.1026788   0.
  -0.0852422   0.          0.04369717 -0.01614403]] 
Episode: 881: [[-0.2553783  -0.5377932  -0.9330806   0.27697027 -0.19952331  0.
  -0.02610851  0.         -0.03670318  0.0557596 ]
 [ 0.27217898  0.1695244  -2.1998324   0.10380881 -0.1692529   0.
  -0.07095828  0.          0.05016179  0.08527545]
 [ 0.35773277  0.49685732 -2.1467774   0.1380664  -0.28498554  0.
  -0.02206317  0.          0.05416317  0.06630379]
 [ 0.73679394  0.33357477 -2.2663658   0.14274669 -0.39804387  0.
  -0.08174003  0.         -0.06103083  0.22806993]
 [-0.15046525 -0.800412    1.1371442   0.1763824  -0.10305499  0.
  -0.08505484  0.          0.04369717 -0.01573996]] 
Episode: 882: [[-0.25560546 -0.53842914 -0.93265945  0.2767886  -0.19993587  0.
  -0.02576207  0.         -0.03670318  0.0564895 ]
 [ 0.2722659   0.17016983 -2.2002778   0.10388774 -0.16948007  0.
  -0.07089062  0.          0.05016179  0.08508467]
 [ 0.35771477  0.49751565 -2.1472433   0.13835576 -0.28514165  0.
  -0.02206383  0.          0.05416317  0.06594008]
 [ 0.7369913   0.33359897 -2.2667904   0.14303419 -0.3985958   0.
  -0.08156172  0.         -0.06103083  0.22836766]
 [-0.1506691  -0.80098057  1.1376115   0.17629436 -0.10346193  0.
  -0.08477793  0.          0.04369717 -0.01542269]] 
Episode: 883: [[-0.25597116 -0.5390955  -0.93212     0.2764036  -0.20027201  0.
  -0.02555715  0.         -0.03670318  0.05701816]
 [ 0.27231142  0.17078029 -2.2008917   0.10415704 -0.1698302   0.
  -0.07071841  0.          0.05016179  0.08506369]
 [ 0.3576457   0.49814513 -2.1478817   0.13881297 -0.2854494   0.
  -0.02196002  0.          0.05416317  0.06574358]
 [ 0.7372527   0.33355358 -2.2674046   0.1434896  -0.39929843  0.
  -0.08129699  0.         -0.06103083  0.22868076]
 [-0.1510835  -0.8013626   1.1382164   0.17600651 -0.10374169  0.
  -0.08463705  0.          0.04369717 -0.01526846]] 
Episode: 884: [[-0.25638708 -0.5396872  -0.9315908   0.27604502 -0.20056528  0.
  -0.02547957  0.         -0.03670318  0.05736588]
 [ 0.27229282  0.1713175  -2.2014947   0.10443239 -0.17014626  0.
  -0.07045215  0.          0.05016179  0.08515032]
 [ 0.35750628  0.49869978 -2.148507    0.13926335 -0.2857322   0.
  -0.02176222  0.          0.05416317  0.0656974 ]
 [ 0.73743325  0.33349282 -2.2680259   0.14395031 -0.39992243  0.
  -0.08095448  0.         -0.06103083  0.22910814]
 [-0.15157436 -0.8016892   1.1388267   0.17573053 -0.10398439  0.
  -0.08461858  0.          0.04369717 -0.0152608 ]] 
Episode: 885: [[-0.25671884 -0.54031813 -0.93107677  0.2757242  -0.20081955  0.
  -0.02551656  0.         -0.03670318  0.0575509 ]
 [ 0.27221313  0.17194949 -2.2020977   0.10469705 -0.17046194  0.
  -0.0701858   0.          0.05016179  0.0852439 ]
 [ 0.35725704  0.49933645 -2.1491299   0.13968663 -0.28602454  0.
  -0.02148268  0.          0.05416317  0.06570976]
 [ 0.73762035  0.33348233 -2.2686543   0.14439288 -0.40053746  0.
  -0.08065256  0.         -0.06103083  0.22945374]
 [-0.15199322 -0.8021151   1.1394234   0.17548083 -0.1042253   0.
  -0.08457803  0.          0.04369717 -0.01538488]] 
Episode: 886: [[-0.257071   -0.54092574 -0.93051255  0.2752331  -0.20107777  0.
  -0.02565665  0.         -0.03670318  0.05758964]
 [ 0.27213588  0.17250249 -2.2027054   0.10504561 -0.17080782  0.
  -0.06983477  0.          0.05016179  0.08549361]
 [ 0.35701963  0.49990126 -2.1497674   0.1402342  -0.28635323  0.
  -0.02112673  0.          0.05416317  0.06585144]
 [ 0.7377542   0.33339748 -2.2692823   0.1449239  -0.40118715  0.
  -0.08027652  0.         -0.06103083  0.22991031]
 [-0.15242466 -0.8024874   1.1400322   0.1751421  -0.10443642  0.
  -0.08464991  0.          0.04369717 -0.01562738]] 
Episode: 887: [[-0.2575554  -0.5415815  -0.9298684   0.2745715  -0.2013189   0.
  -0.02588949  0.         -0.03670318  0.05749686]
 [ 0.27201626  0.17310049 -2.203472    0.10559358 -0.17118454  0.
  -0.06940755  0.          0.05016179  0.08588209]
 [ 0.35672343  0.50050527 -2.1505563   0.14092276 -0.2867201   0.
  -0.02070203  0.          0.05416317  0.06610936]
 [ 0.737981    0.33339554 -2.27008     0.14559759 -0.40189227  0.
  -0.07983377  0.         -0.06103083  0.23021343]
 [-0.15287767 -0.8028211   1.1407616   0.17459357 -0.10463139  0.
  -0.08482293  0.          0.04369717 -0.01597631]] 
Episode: 888: [[-0.25812384 -0.5422025  -0.9292789   0.2739344  -0.20161268  0.
  -0.02599226  0.         -0.03670318  0.05754096]
 [ 0.27194378  0.17364655 -2.2041821   0.10609702 -0.17150545  0.
  -0.06913447  0.          0.05016179  0.08604782]
 [ 0.35652542  0.5010829  -2.1512845   0.14156033 -0.28701034  0.
  -0.02042419  0.          0.05416317  0.06621094]
 [ 0.7382152   0.3333226  -2.2708306   0.14620183 -0.4025325   0.
  -0.07953965  0.         -0.06103083  0.23052457]
 [-0.15335573 -0.80318475  1.1414368   0.17408262 -0.10486836  0.
  -0.0848703   0.          0.04369717 -0.01615943]] 
Episode: 889: [[-0.25866207 -0.5427644  -0.9287409   0.27336395 -0.20187059  0.
  -0.0261915   0.         -0.03670318  0.05755766]
 [ 0.27185512  0.17416614 -2.2048428   0.10655334 -0.17179792  0.
  -0.06879973  0.          0.05016179  0.08624977]
 [ 0.3563138   0.5016232  -2.1519597   0.14213689 -0.2872794   0.
  -0.02006981  0.          0.05416317  0.06638829]
 [ 0.738351    0.3333114  -2.2715385   0.1467556  -0.403109    0.
  -0.07917064  0.         -0.06103083  0.2309501 ]
 [-0.15383218 -0.8035255   1.142053    0.17362891 -0.10506352  0.
  -0.08502124  0.          0.04369717 -0.01634948]] 
Episode: 890: [[-0.25911513 -0.5432912  -0.92821664  0.27280405 -0.20208378  0.
  -0.0263547   0.         -0.03670318  0.05760061]
 [ 0.2718355   0.17461021 -2.2054992   0.10698745 -0.17210916  0.
  -0.06856535  0.          0.05016179  0.08638913]
 [ 0.35618842  0.50210494 -2.1526349   0.14269315 -0.28757462  0.
  -0.01985523  0.          0.05416317  0.06647927]
 [ 0.7385359   0.33320713 -2.2722633   0.14727707 -0.40367758  0.
  -0.07894287  0.         -0.06103083  0.23121187]
 [-0.15420023 -0.8038629   1.142664    0.17317191 -0.10520422  0.
  -0.08513694  0.          0.04369717 -0.0164931 ]] 
Episode: 891: [[-0.25949666 -0.5439421  -0.9276921   0.2721989  -0.20249994  0.
  -0.02639473  0.         -0.03670318  0.05764705]
 [ 0.27178228  0.17519638 -2.2061534   0.10743774 -0.17232008  0.
  -0.06842748  0.          0.05016179  0.0865715 ]
 [ 0.3559846   0.5027101  -2.1533093   0.14328294 -0.28771877  0.
  -0.01976646  0.          0.05416317  0.06663519]
 [ 0.73872644  0.33321005 -2.2730124   0.14781326 -0.40420085  0.
  -0.07876135  0.         -0.06103083  0.23144063]
 [-0.15459305 -0.80424255  1.1432705   0.17268533 -0.10552652  0.
  -0.08515029  0.          0.04369717 -0.01675315]] 
Episode: 892: [[-0.25969404 -0.5444552  -0.92705286  0.27165857 -0.2029127   0.
  -0.02653757  0.         -0.03670318  0.05756104]
 [ 0.27167127  0.17557585 -2.2068446   0.10782143 -0.1725583   0.
  -0.06819201  0.          0.05016179  0.08691848]
 [ 0.3556435   0.50311416 -2.1540372   0.14378646 -0.2879052   0.
  -0.01958224  0.          0.05416317  0.0669059 ]
 [ 0.73891294  0.33306584 -2.2737732   0.14827047 -0.40474987  0.
  -0.0784936   0.         -0.06103083  0.23179203]
 [-0.15492462 -0.8044712   1.1439232   0.17231652 -0.10574869  0.
  -0.0852707   0.          0.04369717 -0.01711784]] 
Episode: 893: [[-0.25988084 -0.5449716  -0.9264195   0.27113363 -0.20330782  0.
  -0.02655931  0.         -0.03670318  0.05753455]
 [ 0.27157205  0.17594363 -2.2075286   0.10818747 -0.17283805  0.
  -0.06798092  0.          0.05016179  0.08724779]
 [ 0.35532996  0.50351375 -2.154759    0.144272   -0.2881377   0.
  -0.01946944  0.          0.05416317  0.06716196]
 [ 0.7390463   0.3328914  -2.2745187   0.1487017  -0.40534884  0.
  -0.07814827  0.         -0.06103083  0.23216097]
 [-0.15526664 -0.8047225   1.1445876   0.17194869 -0.10595025  0.
  -0.08527305  0.          0.04369717 -0.01742662]] 
Episode: 894: [[-0.25998795 -0.5454382  -0.9257941   0.27061844 -0.20373066  0.
  -0.02647208  0.         -0.03670318  0.05738292]
 [ 0.2714153   0.17619744 -2.208218    0.10853883 -0.1731688   0.
  -0.06769688  0.          0.05016179  0.08770854]
 [ 0.35489345  0.5038199  -2.1554844   0.14474617 -0.28842205  0.
  -0.01935458  0.          0.05416317  0.06752277]
 [ 0.73922575  0.3326463  -2.2753017   0.14912166 -0.40600848  0.
  -0.07773312  0.         -0.06103083  0.23263836]
 [-0.15555896 -0.8048568   1.1452343   0.17159593 -0.10607987  0.
  -0.08516678  0.          0.04369717 -0.01783517]] 
Episode: 895: [[-0.2601906  -0.54593676 -0.92511743  0.26998606 -0.20407422  0.
  -0.02650036  0.         -0.03670318  0.05720586]
 [ 0.27129042  0.17649181 -2.2089574   0.10897487 -0.17355905  0.
  -0.06732979  0.          0.05016179  0.08814306]
 [ 0.35452402  0.50416565 -2.1562653   0.14534467 -0.2887885   0.
  -0.01914675  0.          0.05416317  0.06787747]
 [ 0.73942816  0.33245802 -2.276136    0.14965232 -0.40671217  0.
  -0.07725515  0.         -0.06103083  0.23302996]
 [-0.15592872 -0.8050155   1.1459492   0.17112957 -0.10612634  0.
  -0.08517952  0.          0.04369717 -0.01829206]] 
Episode: 896: [[-0.26055607 -0.5463301  -0.92454624  0.2695162  -0.20420536  0.
  -0.02663258  0.         -0.03670318  0.05717441]
 [ 0.27126446  0.176833   -2.2095487   0.10933981 -0.1738891   0.
  -0.06711095  0.          0.05016179  0.0883505 ]
 [ 0.3543734   0.5045409  -2.1568904   0.14583023 -0.28913265  0.
  -0.01906417  0.          0.05416317  0.06806599]
 [ 0.73958623  0.33239955 -2.276793    0.15009753 -0.40723407  0.
  -0.07692937  0.         -0.06103083  0.23323645]
 [-0.15639605 -0.8053086   1.1465482   0.17072557 -0.10613932  0.
  -0.08528674  0.          0.04369717 -0.01857226]] 
Episode: 897: [[-0.2606687  -0.5466478  -0.92401946  0.2693157  -0.20453364  0.
  -0.02664481  0.         -0.03670318  0.05701837]
 [ 0.27121812  0.17704171 -2.2100952   0.10948634 -0.17417678  0.
  -0.06702549  0.          0.05016179  0.08867285]
 [ 0.35412017  0.50477946 -2.157468    0.14606895 -0.28940052  0.
  -0.01909432  0.          0.05416317  0.06836601]
 [ 0.73981434  0.33225924 -2.277396    0.15029979 -0.40777513  0.
  -0.07653183  0.         -0.06103083  0.23350585]
 [-0.15679374 -0.805478    1.1470929   0.17057878 -0.10614207  0.
  -0.08527487  0.          0.04369717 -0.01895497]] 
Episode: 898: [[-0.26085463 -0.5470239  -0.92332274  0.2690549  -0.2047406   0.
  -0.02654906  0.         -0.03670318  0.05700569]
 [ 0.2712085   0.17722718 -2.2108476   0.10970112 -0.17447613  0.
  -0.0668612   0.          0.05016179  0.08878002]
 [ 0.35391974  0.50503635 -2.1582673   0.14639178 -0.28969738  0.
  -0.01903465  0.          0.05416317  0.06850549]
 [ 0.7402127   0.332055   -2.2782073   0.15060759 -0.40828034  0.
  -0.07606974  0.         -0.06103083  0.23360255]
 [-0.15718937 -0.80557066  1.1478152   0.17039473 -0.10610925  0.
  -0.08515585  0.          0.04369717 -0.0191686 ]] 
Episode: 899: [[-0.26103973 -0.5473842  -0.92268395  0.2688268  -0.20493287  0.
  -0.02635617  0.         -0.03670318  0.05703245]
 [ 0.2712561   0.1774584  -2.2115383   0.10989282 -0.1747231   0.
  -0.06682482  0.          0.05016179  0.08878125]
 [ 0.35381553  0.5053221  -2.1589985   0.14667697 -0.28993765  0.
  -0.01908542  0.          0.05416317  0.06850067]
 [ 0.7407427   0.33194777 -2.27895     0.15087505 -0.4086981   0.
  -0.07575823  0.         -0.06103083  0.23354413]
 [-0.1575156  -0.8057046   1.1484851   0.17023303 -0.10609647  0.
  -0.08494043  0.          0.04369717 -0.01929973]] 
Episode: 900: [[-0.26137456 -0.5477208  -0.9222553   0.2688427  -0.2053085   0.
  -0.02607587  0.         -0.03670318  0.05718423]
 [ 0.27144217  0.17785558 -2.2120142   0.10982519 -0.1747234   0.
  -0.06690352  0.          0.05016179  0.08860034]
 [ 0.35395107  0.5057273  -2.1595118   0.14673615 -0.28986272  0.
  -0.01923557  0.          0.05416317  0.06836612]
 [ 0.7412053   0.33214894 -2.2794282   0.15091814 -0.4088688   0.
  -0.07558221  0.         -0.06103083  0.23334634]
 [-0.15787095 -0.8060792   1.1489348   0.17037524 -0.10641826  0.
  -0.08463828  0.          0.04369717 -0.01928709]] 
Episode: 901: [[-0.2615783  -0.5479977  -0.921866    0.26895252 -0.20564441  0.
  -0.02571693  0.         -0.03670318  0.05719312]
 [ 0.27159226  0.17820702 -2.2124672   0.10969549 -0.17474103  0.
  -0.06704982  0.          0.05016179  0.08848636]
 [ 0.35402405  0.5060792  -2.1599972   0.14669028 -0.28981504  0.
  -0.01947515  0.          0.05416317  0.06836123]
 [ 0.74162954  0.33230835 -2.2798762   0.15085788 -0.4090567   0.
  -0.07552812  0.         -0.06103083  0.23322259]
 [-0.15813766 -0.8064208   1.1493556   0.17057978 -0.10670257  0.
  -0.08430073  0.          0.04369717 -0.01937319]] 
Episode: 902: [[-0.26176974 -0.5482745  -0.921473    0.2690779  -0.205974    0.
  -0.02528721  0.         -0.03670318  0.05726834]
 [ 0.27171806  0.17855297 -2.212942    0.10957186 -0.17477342  0.
  -0.06728949  0.          0.05016179  0.08834685]
 [ 0.35406673  0.50643057 -2.1604974   0.14663406 -0.2897843   0.
  -0.0197952   0.          0.05416317  0.06828877]
 [ 0.74208283  0.33244506 -2.2803519   0.15079957 -0.409269    0.
  -0.07558375  0.         -0.06103083  0.23308623]
 [-0.1583301  -0.80677944  1.1497936   0.17078826 -0.10700325  0.
  -0.08388864  0.          0.04369717 -0.01939247]] 
Episode: 903: [[-0.26189873 -0.54842854 -0.9210967   0.26928332 -0.20623434  0.
  -0.0250072   0.         -0.03670318  0.05720836]
 [ 0.27174908  0.17874222 -2.2134051   0.10940059 -0.17475167  0.
  -0.06758274  0.          0.05016179  0.08821466]
 [ 0.35395327  0.50664353 -2.160981    0.14649363 -0.28971183  0.
  -0.02018766  0.          0.05416317  0.06825522]
 [ 0.74257654  0.33254704 -2.2808068   0.15065849 -0.4093451   0.
  -0.07573811  0.         -0.06103083  0.23285832]
 [-0.15847313 -0.8069859   1.1502309   0.17107412 -0.10722136  0.
  -0.08362614  0.          0.04369717 -0.0195404 ]] 
Episode: 904: [[-0.2619904  -0.5485165  -0.9207399   0.26942345 -0.20645596  0.
  -0.02486189  0.         -0.03670318  0.05702683]
 [ 0.27174097  0.17885518 -2.2138479   0.10927602 -0.17478395  0.
  -0.06773514  0.          0.05016179  0.08827798]
 [ 0.35378042  0.50677204 -2.1614394   0.1464123  -0.28971264  0.
  -0.02043642  0.          0.05416317  0.06835528]
 [ 0.7429752   0.33262697 -2.2812598   0.15056959 -0.40947175  0.
  -0.07577273  0.         -0.06103083  0.23279868]
 [-0.1586318  -0.8071076   1.1506423   0.17129487 -0.10735796  0.
  -0.08349824  0.          0.04369717 -0.01980398]] 
Episode: 905: [[-0.26215494 -0.5486572  -0.92032194  0.2694827  -0.20664042  0.
  -0.02483778  0.         -0.03670318  0.05673605]
 [ 0.2716727   0.1790918  -2.2143445   0.10923804 -0.17487313  0.
  -0.06776083  0.          0.05016179  0.0884342 ]
 [ 0.35352123  0.50698805 -2.161952    0.14643763 -0.28978997  0.
  -0.02055586  0.          0.05416317  0.06857547]
 [ 0.743322    0.33282846 -2.2817688   0.15059073 -0.409663    0.
  -0.07569961  0.         -0.06103083  0.23283285]
 [-0.1588835  -0.8072666   1.1511518   0.17142315 -0.10746643  0.
  -0.08349144  0.          0.04369717 -0.0201715 ]] 
Episode: 906: [[-0.26241383 -0.548836   -0.91990006  0.26946682 -0.20676105  0.
  -0.02492274  0.         -0.03670318  0.0564729 ]
 [ 0.27164426  0.1793552  -2.2148356   0.10927887 -0.17501909  0.
  -0.06767251  0.          0.05016179  0.08854173]
 [ 0.35334763  0.5072379  -2.1624577   0.14655986 -0.28994188  0.
  -0.02055894  0.          0.05416317  0.06872056]
 [ 0.74367374  0.33303282 -2.2822735   0.1507255  -0.40990943  0.
  -0.07557909  0.         -0.06103083  0.23274487]
 [-0.15917765 -0.8074738   1.1516703   0.17146207 -0.10751841  0.
  -0.08359359  0.          0.04369717 -0.0205333 ]] 
Episode: 907: [[-0.26268488 -0.5490083  -0.91951317  0.26943436 -0.20686029  0.
  -0.02503183  0.         -0.03670318  0.05628332]
 [ 0.27164814  0.17961116 -2.2152872   0.10933577 -0.17517892  0.
  -0.06762094  0.          0.05016179  0.08863083]
 [ 0.3532324   0.50748193 -2.1629224   0.14669687 -0.290112    0.
  -0.02059779  0.          0.05416317  0.06882668]
 [ 0.74394864  0.33321196 -2.2827408   0.15087849 -0.41017118  0.
  -0.07556463  0.         -0.06103083  0.23268847]
 [-0.15946208 -0.8076969   1.1521374   0.17147219 -0.10755146  0.
  -0.08372233  0.          0.04369717 -0.02080788]] 
Episode: 908: [[-0.26294643 -0.5491716  -0.91893685  0.269466   -0.20681493  0.
  -0.02523672  0.         -0.03670318  0.05620267]
 [ 0.2716013   0.17979328 -2.2158675   0.1094152  -0.17542548  0.
  -0.06746306  0.          0.05016179  0.08866414]
 [ 0.35300645  0.50765616 -2.1635365   0.14683962 -0.2904112   0.
  -0.02052827  0.          0.05416317  0.0688523 ]
 [ 0.7443146   0.33334485 -2.2833374   0.15109614 -0.41049168  0.
  -0.07544727  0.         -0.06103083  0.23263611]
 [-0.15968952 -0.8078566   1.1527169   0.17149772 -0.10753954  0.
  -0.08394652  0.          0.04369717 -0.02110435]] 
Episode: 909: [[-0.2631946  -0.5494229  -0.9183515   0.26947352 -0.2068482   0.
  -0.02531439  0.         -0.03670318  0.05600682]
 [ 0.27154696  0.18005484 -2.2164817   0.10951513 -0.17564525  0.
  -0.06727743  0.          0.05016179  0.08873404]
 [ 0.35275254  0.50790906 -2.164185    0.14700457 -0.29066774  0.
  -0.0203972   0.          0.05416317  0.0689645 ]
 [ 0.74469894  0.3334841  -2.2839577   0.15133207 -0.41080943  0.
  -0.07525728  0.         -0.06103083  0.23263168]
 [-0.15993786 -0.80808854  1.1533116   0.17149809 -0.10757902  0.
  -0.08417624  0.          0.04369717 -0.02146339]] 
Episode: 910: [[-0.26342052 -0.549624   -0.9178524   0.26947507 -0.20687412  0.
  -0.02527761  0.         -0.03670318  0.05595823]
 [ 0.27165902  0.18027146 -2.2169914   0.10958971 -0.1758099   0.
  -0.06722195  0.          0.05016179  0.08862742]
 [ 0.35275352  0.50813174 -2.1647289   0.14713407 -0.29085338  0.
  -0.02038377  0.          0.05416317  0.06893506]
 [ 0.7452379   0.33354437 -2.2844453   0.15149784 -0.41105407  0.
  -0.07519067  0.         -0.06103083  0.23248222]
 [-0.16007966 -0.8083493   1.1538359   0.17148581 -0.10767487  0.
  -0.08427455  0.          0.04369717 -0.02165569]] 
Episode: 911: [[-0.2635551  -0.5498587  -0.9174097   0.26947308 -0.20698777  0.
  -0.02513783  0.         -0.03670318  0.055787  ]
 [ 0.27170402  0.18045996 -2.217461    0.10965862 -0.17590064  0.
  -0.06728354  0.          0.05016179  0.08866549]
 [ 0.35263896  0.50834394 -2.165226    0.1472541  -0.29094458  0.
  -0.0204762   0.          0.05416317  0.06903887]
 [ 0.745667    0.3335522  -2.2849038   0.15164508 -0.41122997  0.
  -0.07523508  0.         -0.06103083  0.23244183]
 [-0.1602406  -0.80860025  1.1542937   0.17147133 -0.10783755  0.
  -0.08430272  0.          0.04369717 -0.02195922]] 
Episode: 912: [[-0.26366585 -0.55011904 -0.9170095   0.26950634 -0.20712899  0.
  -0.0251187   0.         -0.03670318  0.05561616]
 [ 0.2717403   0.1807495  -2.2179282   0.10971281 -0.17594789  0.
  -0.06734566  0.          0.05016179  0.08868083]
 [ 0.35252228  0.50863683 -2.165711    0.14734441 -0.2909791   0.
  -0.0205492   0.          0.05416317  0.06911072]
 [ 0.746204    0.3336917  -2.2853887   0.15177748 -0.41136715  0.
  -0.07537941  0.         -0.06103083  0.23237759]
 [-0.16033047 -0.808928    1.1547005   0.1714948  -0.10806912  0.
  -0.08437694  0.          0.04369717 -0.02220973]] 
Episode: 913: [[-0.2637679  -0.5504566  -0.91655433  0.26953948 -0.20728448  0.
  -0.02499484  0.         -0.03670318  0.0555648 ]
 [ 0.27177587  0.18111299 -2.2184381   0.1097975  -0.17600611  0.
  -0.06745195  0.          0.05016179  0.08864002]
 [ 0.3523963   0.5090126  -2.1662471   0.14746425 -0.2910206   0.
  -0.02071948  0.          0.05416317  0.06906027]
 [ 0.74683195  0.333857   -2.2859259   0.151961   -0.41152123  0.
  -0.07561363  0.         -0.06103083  0.23223783]
 [-0.16035111 -0.80931944  1.1551542   0.1715023  -0.10831485  0.
  -0.08433949  0.          0.04369717 -0.02243495]] 
Episode: 914: [[-0.26369962 -0.5506932  -0.916218    0.26961768 -0.20736112  0.
  -0.02499001  0.         -0.03670318  0.05539105]
 [ 0.27181616  0.18144517 -2.2188556   0.10983488 -0.17605317  0.
  -0.06752988  0.          0.05016179  0.08874042]
 [ 0.3522486   0.50933295 -2.1666772   0.14751673 -0.29107124  0.
  -0.02076815  0.          0.05416317  0.06914516]
 [ 0.7474966   0.33412895 -2.2863762   0.152061   -0.41161224  0.
  -0.07592876  0.         -0.06103083  0.23199426]
 [-0.16026787 -0.80963874  1.155461    0.17154545 -0.10844213  0.
  -0.08441431  0.          0.04369717 -0.02276823]] 
Episode: 915: [[-0.26342246 -0.5502924  -0.9159951   0.26990947 -0.20703988  0.
  -0.0250923   0.         -0.03670318  0.05510728]
 [ 0.27193138  0.18120366 -2.2190607   0.10950383 -0.17574912  0.
  -0.06748825  0.          0.05016179  0.08901257]
 [ 0.3520054   0.50895226 -2.1668901   0.14736593 -0.2908691   0.
  -0.02070737  0.          0.05416317  0.06935172]
 [ 0.748002    0.3348111  -2.2864764   0.15195294 -0.4110134   0.
  -0.07631667  0.         -0.06103083  0.2319207 ]
 [-0.16021238 -0.8092567   1.1557142   0.17188905 -0.10800053  0.
  -0.08459013  0.          0.04369717 -0.02319863]] 
Episode: 916: [[-0.26295853 -0.5499116  -0.91576505  0.27039218 -0.20685136  0.
  -0.02507773  0.         -0.03670318  0.05497943]
 [ 0.27218112  0.1808725  -2.2193282   0.10899474 -0.17548276  0.
  -0.06756251  0.          0.05016179  0.08907542]
 [ 0.35189265  0.5085376  -2.1671748   0.1470331  -0.29064927  0.
  -0.02075723  0.          0.05416317  0.06940739]
 [ 0.7486489   0.33515084 -2.2866507   0.15165856 -0.41053456  0.
  -0.07677009  0.         -0.06103083  0.23170924]
 [-0.1599249  -0.8089224   1.1559786   0.1724076  -0.10770646  0.
  -0.08463986  0.          0.04369717 -0.02345522]] 
Episode: 917: [[-0.26256114 -0.54957163 -0.9154781   0.2708871  -0.20668374  0.
  -0.02495802  0.         -0.03670318  0.05499178]
 [ 0.2723971   0.1805851  -2.2196      0.10852267 -0.17523956  0.
  -0.06774104  0.          0.05016179  0.08907052]
 [ 0.35177687  0.50816846 -2.167473    0.14670722 -0.2904542   0.
  -0.02090667  0.          0.05416317  0.06932741]
 [ 0.7492288   0.33549064 -2.2868247   0.15138228 -0.41008815  0.
  -0.07728245  0.         -0.06103083  0.23150434]
 [-0.15969694 -0.8086256   1.1562612   0.17288509 -0.10744583  0.
  -0.08457615  0.          0.04369717 -0.02363556]] 
Episode: 918: [[-0.26224908 -0.5492897  -0.91503054  0.27126396 -0.20647268  0.
  -0.02495688  0.         -0.03670318  0.0548756 ]
 [ 0.27249962  0.18022984 -2.2200139   0.10817776 -0.17510262  0.
  -0.06779     0.          0.05016179  0.08924747]
 [ 0.3514959   0.50775623 -2.1679332   0.14652167 -0.29039678  0.
  -0.0209366   0.          0.05416317  0.06938545]
 [ 0.7498033   0.33563292 -2.2871656   0.15124668 -0.4097546   0.
  -0.07763924  0.         -0.06103083  0.23142625]
 [-0.15962479 -0.8082495   1.1567271   0.17325194 -0.10712428  0.
  -0.08462727  0.          0.04369717 -0.02392832]] 
Episode: 919: [[-0.26207775 -0.5490506  -0.91450477  0.27156794 -0.20623264  0.
  -0.02506244  0.         -0.03670318  0.05464388]
 [ 0.27253056  0.17988166 -2.2205207   0.10794619 -0.17512646  0.
  -0.0677224   0.          0.05016179  0.08953041]
 [ 0.3511439   0.5073728  -2.1684887   0.14645314 -0.29052162  0.
  -0.02085899  0.          0.05416317  0.06956756]
 [ 0.75037503  0.33566624 -2.2876148   0.15126565 -0.40965325  0.
  -0.07785602  0.         -0.06103083  0.23142816]
 [-0.15964234 -0.8079337   1.1572859   0.17353484 -0.10680559  0.
  -0.0847817   0.          0.04369717 -0.02432212]] 
Episode: 920: [[-0.26191956 -0.5488414  -0.91393775  0.27177697 -0.20613521  0.
  -0.02505086  0.         -0.03670318  0.05450225]
 [ 0.27253696  0.17950045 -2.221079    0.10777275 -0.17516291  0.
  -0.06754994  0.          0.05016179  0.08977916]
 [ 0.35076144  0.5069839  -2.1690986   0.14644508 -0.2906312   0.
  -0.02068462  0.          0.05416317  0.06972698]
 [ 0.7509613   0.3355627  -2.2881265   0.15132403 -0.4096188   0.
  -0.07794682  0.         -0.06103083  0.2314258 ]
 [-0.15965271 -0.8075957   1.1578945   0.17375307 -0.10647725  0.
  -0.08502908  0.          0.04369717 -0.02477306]] 
Episode: 921: [[-0.2619241  -0.54866326 -0.91339713  0.27191126 -0.20601463  0.
  -0.02514699  0.         -0.03670318  0.05433528]
 [ 0.2726077   0.17918327 -2.2215872   0.10767896 -0.17520656  0.
  -0.0674126   0.          0.05016179  0.0900102 ]
 [ 0.35052615  0.5066544  -2.1696544   0.14652026 -0.29075095  0.
  -0.02048119  0.          0.05416317  0.06988305]
 [ 0.7515545   0.33551404 -2.2885923   0.15146732 -0.40955374  0.
  -0.07813282  0.         -0.06103083  0.23135427]
 [-0.15985152 -0.80731374  1.1585007   0.17387958 -0.10611665  0.
  -0.08536009  0.          0.04369717 -0.02524846]] 
Episode: 922: [[-0.26190302 -0.5485441  -0.91290593  0.272116   -0.20608471  0.
  -0.02512696  0.         -0.03670318  0.0543124 ]
 [ 0.27265418  0.17889756 -2.2220488   0.10752908 -0.17517078  0.
  -0.06740072  0.          0.05016179  0.09018285]
 [ 0.3502699   0.50635624 -2.170158    0.1464951  -0.29074377  0.
  -0.02040271  0.          0.05416317  0.06989338]
 [ 0.75205964  0.3354727  -2.2890344   0.15150113 -0.40945378  0.
  -0.07840448  0.         -0.06103083  0.23134577]
 [-0.16007999 -0.80702364  1.1590418   0.17407325 -0.10586002  0.
  -0.08554958  0.          0.04369717 -0.02565452]] 
Episode: 923: [[-0.26193592 -0.54853076 -0.9123283   0.27207878 -0.20612335  0.
  -0.02521547  0.         -0.03670318  0.05421059]
 [ 0.27266237  0.1786708  -2.2225773   0.10751781 -0.17524335  0.
  -0.06727836  0.          0.05016179  0.09040122]
 [ 0.34998888  0.50613475 -2.1707385   0.1466625  -0.29085985  0.
  -0.0202275   0.          0.05416317  0.07001746]
 [ 0.75248235  0.33535478 -2.2895446   0.15168715 -0.40949562  0.
  -0.07854469  0.         -0.06103083  0.23146877]
 [-0.16029672 -0.8067925   1.1596273   0.17412332 -0.10556579  0.
  -0.08582846  0.          0.04369717 -0.02609817]] 
Episode: 924: [[-0.26196307 -0.5485259  -0.9117243   0.2720135  -0.206239    0.
  -0.0251886   0.         -0.03670318  0.05399536]
 [ 0.27263936  0.17840876 -2.2231095   0.10755774 -0.17526732  0.
  -0.0670566   0.          0.05016179  0.09064461]
 [ 0.3496571   0.50586736 -2.171328    0.14687808 -0.29090565  0.
  -0.01996525  0.          0.05416317  0.07023637]
 [ 0.7529369   0.33524096 -2.2900605   0.151944   -0.4095015   0.
  -0.07856661  0.         -0.06103083  0.23149125]
 [-0.1604915  -0.806428    1.1602291   0.17414542 -0.10533741  0.
  -0.08618777  0.          0.04369717 -0.02662783]] 
Episode: 925: [[-0.26213416 -0.54857695 -0.9110876   0.2718858  -0.20636363  0.
  -0.02505791  0.         -0.03670318  0.05392898]
 [ 0.27265316  0.17830023 -2.2236812   0.10764431 -0.17533068  0.
  -0.06696869  0.          0.05016179  0.09071603]
 [ 0.3494289   0.50573254 -2.1719644   0.14714444 -0.29098755  0.
  -0.01983381  0.          0.05416317  0.07030336]
 [ 0.7533789   0.33528262 -2.2906122   0.1522364  -0.40958187  0.
  -0.07869059  0.         -0.06103083  0.2315461 ]
 [-0.16073307 -0.80618787  1.1608667   0.174098   -0.10516855  0.
  -0.08640277  0.          0.04369717 -0.02697371]] 
Episode: 926: [[-0.26214412 -0.5485918  -0.9104891   0.27186647 -0.20662835  0.
  -0.0248338   0.         -0.03670318  0.05374211]
 [ 0.27267438  0.17809734 -2.2241979   0.10763336 -0.17533217  0.
  -0.06700119  0.          0.05016179  0.09086898]
 [ 0.34920013  0.50554013 -2.1725469   0.14726216 -0.290963    0.
  -0.01982008  0.          0.05416317  0.07049346]
 [ 0.7537913   0.33522204 -2.2911003   0.1523683  -0.4096307   0.
  -0.07890641  0.         -0.06103083  0.23164696]
 [-0.16095723 -0.8059356   1.1614542   0.17414087 -0.10510118  0.
  -0.08648791  0.          0.04369717 -0.02734229]] 
Episode: 927: [[-0.26204094 -0.54861164 -0.9099598   0.27194753 -0.20671356  0.
  -0.02473862  0.         -0.03670318  0.05344692]
 [ 0.27264336  0.1779392  -2.2246733   0.10757452 -0.17547275  0.
  -0.06691886  0.          0.05016179  0.09118068]
 [ 0.34889117  0.50539726 -2.1730742   0.14729382 -0.29112256  0.
  -0.01970317  0.          0.05416317  0.07079422]
 [ 0.75411403  0.33517152 -2.2915711   0.15244354 -0.40980974  0.
  -0.0789964   0.         -0.06103083  0.23188339]
 [-0.16114818 -0.805733    1.1619813   0.17424117 -0.1049563   0.
  -0.08667284  0.          0.04369717 -0.02780434]] 
Episode: 928: [[-0.26195863 -0.5485906  -0.9093745   0.2718096  -0.20685634  0.
  -0.02475943  0.         -0.03670318  0.05305436]
 [ 0.27258462  0.1776889  -2.2251823   0.10762767 -0.1756318   0.
  -0.0667332   0.          0.05016179  0.09157722]
 [ 0.3485422   0.50515527 -2.1736393   0.1474863  -0.2913007   0.
  -0.01949342  0.          0.05416317  0.07119445]
 [ 0.7544137   0.33503187 -2.2920802   0.15263908 -0.4100241   0.
  -0.07897315  0.         -0.06103083  0.23218022]
 [-0.16131648 -0.8054359   1.1625278   0.17422983 -0.10474714  0.
  -0.08694754  0.          0.04369717 -0.02835039]] 
Episode: 929: [[-0.26192483 -0.5485758  -0.908833    0.27171713 -0.20698501  0.
  -0.0246717   0.         -0.03670318  0.0528282 ]
 [ 0.27255845  0.17747432 -2.2256625   0.10764547 -0.175775    0.
  -0.06667769  0.          0.05016179  0.09184075]
 [ 0.34826794  0.50495166 -2.1741705   0.14761831 -0.29146194  0.
  -0.01940919  0.          0.05416317  0.07142483]
 [ 0.7547353   0.33488563 -2.2925537   0.15276755 -0.41022226  0.
  -0.07905645  0.         -0.06103083  0.2324849 ]
 [-0.1614913  -0.8052104   1.1630365   0.17424987 -0.1045821   0.
  -0.08708645  0.          0.04369717 -0.02871118]] 
Episode: 930: [[-0.26194316 -0.5485657  -0.90832716  0.2716197  -0.20709096  0.
  -0.0246992   0.         -0.03670318  0.05256461]
 [ 0.27251583  0.17724067 -2.2261407   0.10768215 -0.17595854  0.
  -0.06652054  0.          0.05016179  0.09214498]
 [ 0.347998    0.50474435 -2.1746922   0.14776398 -0.29167032  0.
  -0.01922886  0.          0.05416317  0.07174525]
 [ 0.7549438   0.3346511  -2.2930417   0.15291531 -0.41047823  0.
  -0.0790272   0.         -0.06103083  0.23289092]
 [-0.16174056 -0.80500895  1.1635162   0.17424867 -0.10440889  0.
  -0.08731972  0.          0.04369717 -0.02910891]] 
Episode: 931: [[-0.2620124  -0.54856384 -0.90775627  0.27154407 -0.2072621   0.
  -0.02461751  0.         -0.03670318  0.05245448]
 [ 0.27246565  0.17700747 -2.2266634   0.10771739 -0.17613126  0.
  -0.06649064  0.          0.05016179  0.09234787]
 [ 0.3477452   0.5045453  -2.175278    0.14789544 -0.2918486   0.
  -0.0191711   0.          0.05416317  0.07190394]
 [ 0.75513494  0.3343252  -2.293549    0.15304953 -0.41076934  0.
  -0.07910508  0.         -0.06103083  0.23330441]
 [-0.1619493  -0.80487835  1.1640675   0.17423666 -0.10434791  0.
  -0.08742139  0.          0.04369717 -0.02933631]] 
Episode: 932: [[-0.26211813 -0.5484946  -0.90712965  0.2714156  -0.20732564  0.
  -0.02465042  0.         -0.03670318  0.0522285 ]
 [ 0.27242678  0.17668903 -2.2271929   0.10779134 -0.17635997  0.
  -0.06635226  0.          0.05016179  0.0925556 ]
 [ 0.34752125  0.5042674  -2.1758788   0.14807422 -0.2921084   0.
  -0.01901461  0.          0.05416317  0.0721457 ]
 [ 0.7554183   0.33396482 -2.2940369   0.15322359 -0.41107458  0.
  -0.07907097  0.         -0.06103083  0.23361929]
 [-0.16213843 -0.8046753   1.1646546   0.1741822  -0.10419397  0.
  -0.08762112  0.          0.04369717 -0.02965051]] 
Episode: 933: [[-0.2622583  -0.54851186 -0.90650153  0.271205   -0.20742936  0.
  -0.02457363  0.         -0.03670318  0.05212325]
 [ 0.27239287  0.17647217 -2.2277467   0.10791805 -0.17656562  0.
  -0.06623024  0.          0.05016179  0.09272928]
 [ 0.34731737  0.50409245 -2.1765025   0.14832483 -0.29233205  0.
  -0.01890226  0.          0.05416317  0.07231557]
 [ 0.7556491   0.33358753 -2.2945626   0.15345366 -0.41138428  0.
  -0.07894094  0.         -0.06103083  0.23394305]
 [-0.16235264 -0.80459434  1.1652517   0.17405267 -0.10412544  0.
  -0.08770879  0.          0.04369717 -0.0298735 ]] 
Episode: 934: [[-0.26235312 -0.54853106 -0.90599406  0.27107075 -0.20756781  0.
  -0.02439812  0.         -0.03670318  0.05215541]
 [ 0.27245742  0.17630024 -2.2281728   0.10797882 -0.17672488  0.
  -0.06623201  0.          0.05016179  0.09277184]
 [ 0.34725899  0.50396085 -2.1769857   0.14847617 -0.29248947  0.
  -0.01890574  0.          0.05416317  0.07233883]
 [ 0.7560169   0.33325374 -2.2949567   0.15356919 -0.41164887  0.
  -0.07892812  0.         -0.06103083  0.23408821]
 [-0.16249701 -0.80455536  1.1657348   0.17397915 -0.1041331   0.
  -0.08767945  0.          0.04369717 -0.02994374]] 
Episode: 935: [[-0.26255155 -0.5485849  -0.9054977   0.2709237  -0.20766667  0.
  -0.02434656  0.         -0.03670318  0.0521484 ]
 [ 0.27247053  0.17618014 -2.2286344   0.10808119 -0.17698269  0.
  -0.06612206  0.          0.05016179  0.09287678]
 [ 0.3471511   0.5038756  -2.177495    0.14867255 -0.29276133  0.
  -0.0188043   0.          0.05416317  0.07246859]
 [ 0.7562851   0.33288297 -2.295434    0.15375914 -0.41204888  0.
  -0.0788124   0.         -0.06103083  0.2343634 ]
 [-0.16279203 -0.80458415  1.1662236   0.17388365 -0.10412892  0.
  -0.08776126  0.          0.04369717 -0.03007486]] 
Episode: 936: [[-0.26253548 -0.54862416 -0.9051976   0.27100727 -0.20800488  0.
  -0.0241938   0.         -0.03670318  0.05201523]
 [ 0.2724967   0.17592637 -2.2289085   0.10799428 -0.17712891  0.
  -0.06613464  0.          0.05016179  0.09308732]
 [ 0.3470279   0.5037134  -2.1777925   0.14865136 -0.2928439   0.
  -0.01881757  0.          0.05416317  0.07271474]
 [ 0.75657326  0.3322547  -2.2957165   0.15373215 -0.4124046   0.
  -0.07881244  0.         -0.06103083  0.23475653]
 [-0.16301674 -0.804645    1.166536    0.17398477 -0.10440046  0.
  -0.08772668  0.          0.04369717 -0.03013164]] 
Episode: 937: [[-0.26255935 -0.5487243  -0.90486217  0.27093628 -0.20834637  0.
  -0.02397231  0.         -0.03670318  0.05202223]
 [ 0.27250698  0.17573129 -2.2292106   0.10798173 -0.17731304  0.
  -0.06603447  0.          0.05016179  0.09328012]
 [ 0.34689933  0.5036095  -2.1781235   0.14873666 -0.29296896  0.
  -0.01872496  0.          0.05416317  0.07292058]
 [ 0.75678474  0.33166096 -2.296027    0.15378265 -0.41281462  0.
  -0.0787083   0.         -0.06103083  0.23517433]
 [-0.16324688 -0.80472225  1.1668729   0.17400166 -0.10462277  0.
  -0.08780375  0.          0.04369717 -0.03022217]] 
Episode: 938: [[-0.2623865  -0.5485254  -0.9045292   0.2710925  -0.20854403  0.
  -0.02387939  0.         -0.03670318  0.05190179]
 [ 0.27245066  0.17538755 -2.2295363   0.10776965 -0.17740628  0.
  -0.0660558   0.          0.05016179  0.09353015]
 [ 0.34662473  0.503319   -2.1784759   0.1486162  -0.29303733  0.
  -0.01874616  0.          0.05416317  0.07323519]
 [ 0.75701565  0.3312303  -2.2963572   0.15363085 -0.41302204  0.
  -0.07871874  0.         -0.06103083  0.23550105]
 [-0.16328572 -0.80471736  1.167207    0.17425449 -0.10479753  0.
  -0.08776493  0.          0.04369717 -0.03039345]] 
Episode: 939: [[-0.26225224 -0.54840946 -0.9041534   0.2711054  -0.20877802  0.
  -0.02379155  0.         -0.03670318  0.05178307]
 [ 0.27240556  0.17513257 -2.2298722   0.10762807 -0.17749926  0.
  -0.06604093  0.          0.05016179  0.09377121]
 [ 0.34638765  0.5031168  -2.1788485   0.1485898  -0.29309577  0.
  -0.01868821  0.          0.05416317  0.07354005]
 [ 0.75715876  0.33085996 -2.2966704   0.1535354  -0.41324925  0.
  -0.07862399  0.         -0.06103083  0.23586158]
 [-0.16338328 -0.80476284  1.1675762   0.17441207 -0.10498992  0.
  -0.08778264  0.          0.04369717 -0.03051495]] 
Episode: 940: [[-0.26220292 -0.54835325 -0.9037535   0.27100387 -0.20906459  0.
  -0.02381896  0.         -0.03670318  0.05157761]
 [ 0.27236244  0.17491679 -2.2302248   0.10758042 -0.17760377  0.
  -0.06591602  0.          0.05016179  0.09401597]
 [ 0.34617022  0.5029548  -2.1792397   0.14868142 -0.29315594  0.
  -0.01853147  0.          0.05416317  0.07387675]
 [ 0.75726134  0.33045176 -2.2969878   0.15355454 -0.41352582  0.
  -0.07843456  0.         -0.06103083  0.23617667]
 [-0.1635273  -0.8048181   1.1679794   0.17445727 -0.10521403  0.
  -0.08790679  0.          0.04369717 -0.03072138]] 
Episode: 941: [[-0.26219946 -0.5483293  -0.9033749   0.27088642 -0.20928705  0.
  -0.02373717  0.         -0.03670318  0.05151958]
 [ 0.27233645  0.17478825 -2.2305987   0.1075471  -0.17773134  0.
  -0.06591418  0.          0.05016179  0.09415768]
 [ 0.34599993  0.5028668  -2.1796482   0.14878088 -0.29325303  0.
  -0.01849499  0.          0.05416317  0.07405003]
 [ 0.7572696   0.33016667 -2.297344    0.15357614 -0.41380605  0.
  -0.07836824  0.         -0.06103083  0.2364849 ]
 [-0.1637131  -0.8049263   1.1683661   0.17447202 -0.10538238  0.
  -0.0879103   0.          0.04369717 -0.03077647]] 
Episode: 942: [[-0.26198092 -0.54805815 -0.90292305  0.27064934 -0.20915237  0.
  -0.02377002  0.         -0.03670318  0.05134066]
 [ 0.27211267  0.17437638 -2.231002    0.10761976 -0.17808878  0.
  -0.06580105  0.          0.05016179  0.09446704]
 [ 0.3456168   0.5024564  -2.180091    0.14902374 -0.2937029   0.
  -0.0183576   0.          0.05416317  0.0743354 ]
 [ 0.7571783   0.3298543  -2.2977612   0.15376304 -0.414203    0.
  -0.07820442  0.         -0.06103083  0.23690805]
 [-0.16392998 -0.8046524   1.1688204   0.17440735 -0.10509951  0.
  -0.08802165  0.          0.04369717 -0.03095653]] 
Episode: 943: [[-0.2617403  -0.548011   -0.9024402   0.2702175  -0.20901601  0.
  -0.02390601  0.         -0.03670318  0.05105305]
 [ 0.27193478  0.17417872 -2.2313406   0.10792693 -0.17836322  0.
  -0.0655878   0.          0.05016179  0.09488288]
 [ 0.34521237  0.5022144  -2.1804724   0.1494383  -0.2940619   0.
  -0.0181294   0.          0.05416317  0.0747215 ]
 [ 0.75729144  0.3298743  -2.2980647   0.15412752 -0.4144672   0.
  -0.07795285  0.         -0.06103083  0.23714267]
 [-0.16414958 -0.8042408   1.1692532   0.17410997 -0.10489141  0.
  -0.08823002  0.          0.04369717 -0.03124893]] 
Episode: 944: [[-0.26152658 -0.5480513  -0.9018771   0.26971278 -0.20891234  0.
  -0.02392196  0.         -0.03670318  0.05092093]
 [ 0.2717758   0.17406787 -2.2317479   0.10825258 -0.1786695   0.
  -0.06550734  0.          0.05016179  0.0952455 ]
 [ 0.3448356   0.5020666  -2.1809385   0.1498928  -0.29444718  0.
  -0.01802859  0.          0.05416317  0.07500818]
 [ 0.7573685   0.32987988 -2.2984357   0.15449922 -0.41479743  0.
  -0.07778393  0.         -0.06103083  0.23742531]
 [-0.16436487 -0.8039386   1.1697719   0.17376308 -0.10469845  0.
  -0.08830937  0.          0.04369717 -0.03144718]] 
Episode: 945: [[-0.26148644 -0.54818237 -0.90123385  0.26912886 -0.20878214  0.
  -0.02382991  0.         -0.03670318  0.0509286 ]
 [ 0.27165297  0.17404777 -2.2322564   0.10864788 -0.17904657  0.
  -0.06545245  0.          0.05016179  0.0954878 ]
 [ 0.34454358  0.50202394 -2.1815152   0.15044682 -0.29491284  0.
  -0.01802479  0.          0.05416317  0.07513662]
 [ 0.757453    0.32983822 -2.2989192   0.15497744 -0.41522712  0.
  -0.07756227  0.         -0.06103083  0.2376738 ]
 [-0.16462633 -0.8037774   1.1704001   0.17332755 -0.10449092  0.
  -0.08827264  0.          0.04369717 -0.03149507]] 
Episode: 946: [[-0.2613093  -0.5481861  -0.90068966  0.2688232  -0.20874026  0.
  -0.02364068  0.         -0.03670318  0.05080904]
 [ 0.27156463  0.1740088  -2.2327178   0.10874511 -0.17921855  0.
  -0.06551456  0.          0.05016179  0.0957371 ]
 [ 0.34429255  0.50195587 -2.1820364   0.15074834 -0.29512584  0.
  -0.01812593  0.          0.05416317  0.07533664]
 [ 0.75750107  0.32985297 -2.299349    0.15521069 -0.41544077  0.
  -0.07746702  0.         -0.06103083  0.23789175]
 [-0.16487686 -0.80370533  1.1709648   0.1731912  -0.1045129   0.
  -0.08813146  0.          0.04369717 -0.0314221 ]] 
Episode: 947: [[-0.26113352 -0.548192   -0.900416    0.26876655 -0.20872292  0.
  -0.023364    0.         -0.03670318  0.05082789]
 [ 0.27151397  0.17401735 -2.2330127   0.1086252  -0.17929773  0.
  -0.06568193  0.          0.05016179  0.09581353]
 [ 0.34412342  0.50193566 -2.1823535   0.15082361 -0.29523352  0.
  -0.01832151  0.          0.05416317  0.07538719]
 [ 0.75751424  0.32995033 -2.2996597   0.15522443 -0.41553015  0.
  -0.07748551  0.         -0.06103083  0.23804675]
 [-0.16513509 -0.8037226   1.1713144   0.17327227 -0.10460775  0.
  -0.0878963   0.          0.04369717 -0.03122616]] 
Episode: 948: [[-0.26103595 -0.5482398  -0.9001394   0.26866147 -0.20868827  0.
  -0.02303893  0.         -0.03670318  0.0509712 ]
 [ 0.27148166  0.17412454 -2.2333193   0.10855565 -0.17940442  0.
  -0.06584932  0.          0.05016179  0.09586114]
 [ 0.34399852  0.50200254 -2.1826818   0.15094805 -0.29537347  0.
  -0.01854042  0.          0.05416317  0.07536919]
 [ 0.7574969   0.3301346  -2.2999969   0.15528834 -0.41565147  0.
  -0.07752701  0.         -0.06103083  0.23821491]
 [-0.16541804 -0.8038143   1.1716655   0.17329204 -0.10466886  0.
  -0.08766485  0.          0.04369717 -0.03096037]] 
Episode: 949: [[-0.26110014 -0.54832697 -0.89963245  0.26839328 -0.20860378  0.
  -0.02264     0.         -0.03670318  0.0512264 ]
 [ 0.27144614  0.17412737 -2.2337747   0.10863289 -0.17957327  0.
  -0.06597199  0.          0.05016179  0.09581716]
 [ 0.34388196  0.5020083  -2.1831965   0.15125492 -0.29559427  0.
  -0.01884204  0.          0.05416317  0.07522362]
 [ 0.7575684   0.33006263 -2.3004782   0.15554109 -0.4158258   0.
  -0.07746007  0.         -0.06103083  0.23836172]
 [-0.16565269 -0.8038757   1.1721928   0.17317449 -0.10469718  0.
  -0.08742429  0.          0.04369717 -0.03069071]] 
Episode: 950: [[-0.2611906  -0.548409   -0.89917326  0.26814094 -0.20852466  0.
  -0.02228535  0.         -0.03670318  0.05150023]
 [ 0.27146253  0.1741223  -2.234201    0.10871497 -0.17971289  0.
  -0.06619399  0.          0.05016179  0.09575231]
 [ 0.34384638  0.5020131  -2.1836746   0.15154782 -0.29578063  0.
  -0.01921808  0.          0.05416317  0.07504558]
 [ 0.7576653   0.32997745 -2.3009348   0.15578552 -0.41595766  0.
  -0.0775041   0.         -0.06103083  0.23846395]
 [-0.16590592 -0.8039567   1.1726649   0.17305087 -0.10471135  0.
  -0.08726245  0.          0.04369717 -0.03038492]] 
Episode: 951: [[-0.2612552  -0.5485252  -0.89870965  0.26793942 -0.20849408  0.
  -0.02185971  0.         -0.03670318  0.05177759]
 [ 0.27148062  0.17416337 -2.2346625   0.1087798  -0.17984359  0.
  -0.06650537  0.          0.05016179  0.09562662]
 [ 0.34380043  0.50205845 -2.184186    0.15179406 -0.2959486   0.
  -0.01966109  0.          0.05416317  0.07477175]
 [ 0.7578907   0.32993075 -2.301444    0.15598595 -0.41611218  0.
  -0.077648    0.         -0.06103083  0.23840941]
 [-0.16606806 -0.80407614  1.1731536   0.17296086 -0.1047987   0.
  -0.0870085   0.          0.04369717 -0.03012879]] 
Episode: 952: [[-0.2614197  -0.54876953 -0.89823675  0.26771748 -0.20846015  0.
  -0.02158316  0.         -0.03670318  0.05215349]
 [ 0.27141848  0.17433493 -2.235153    0.10890172 -0.18002097  0.
  -0.0667328   0.          0.05016179  0.09549096]
 [ 0.34365526  0.5022401  -2.1847205   0.15209769 -0.29616866  0.
  -0.01995517  0.          0.05416317  0.07440933]
 [ 0.75803727  0.32984984 -2.302001    0.1562703  -0.41635105  0.
  -0.07779304  0.         -0.06103083  0.2383912 ]
 [-0.16626626 -0.80432296  1.1736519   0.1728299  -0.10490607  0.
  -0.08683471  0.          0.04369717 -0.02984123]] 
Episode: 953: [[-0.26135227 -0.5489872  -0.89795244  0.26763743 -0.20852607  0.
  -0.02122782  0.         -0.03670318  0.0523653 ]
 [ 0.27152634  0.17446603 -2.235563    0.10887694 -0.18017487  0.
  -0.0670491   0.          0.05016179  0.09522337]
 [ 0.34369034  0.5023932  -2.1851463   0.1521876  -0.29631722  0.
  -0.02032441  0.          0.05416317  0.07395401]
 [ 0.75836444  0.32968637 -2.3024762   0.1563304  -0.4166438   0.
  -0.07802791  0.         -0.06103083  0.23822841]
 [-0.16620342 -0.8045585   1.1739696   0.1728259  -0.10517718  0.
  -0.08656996  0.          0.04369717 -0.02948475]] 
Episode: 954: [[-0.26132068 -0.5491097  -0.897833    0.26760742 -0.208476    0.
  -0.0210145   0.         -0.03670318  0.05242955]
 [ 0.27161834  0.17462812 -2.2358298   0.10881876 -0.18029982  0.
  -0.06722208  0.          0.05016179  0.09514414]
 [ 0.34374097  0.5025488  -2.1854014   0.1522196  -0.29645634  0.
  -0.02055213  0.          0.05416317  0.07367369]
 [ 0.75859934  0.3297253  -2.3028073   0.15632696 -0.4168449   0.
  -0.07813494  0.         -0.06103083  0.23810646]
 [-0.166244   -0.80481863  1.1741272   0.17285727 -0.10543585  0.
  -0.08644008  0.          0.04369717 -0.0292548 ]] 
Episode: 955: [[-0.26125154 -0.5492768  -0.8977263   0.26757067 -0.20844957  0.
  -0.0207161   0.         -0.03670318  0.05261357]
 [ 0.2717735   0.17488001 -2.236098    0.10876547 -0.18043596  0.
  -0.06748934  0.          0.05016179  0.09499246]
 [ 0.34387574  0.5027774  -2.1856592   0.15224908 -0.296601    0.
  -0.02086163  0.          0.05416317  0.07329237]
 [ 0.7589318   0.3298463  -2.30314     0.15631424 -0.417091    0.
  -0.07833559  0.         -0.06103083  0.2378504 ]
 [-0.16616791 -0.80512065  1.1742578   0.17287216 -0.10571051  0.
  -0.08621486  0.          0.04369717 -0.02891736]] 
Episode: 956: [[-0.261194   -0.54932326 -0.8975787   0.2675928  -0.20833743  0.
  -0.02055399  0.         -0.03670318  0.05265295]
 [ 0.27188542  0.1749844  -2.2363873   0.10871318 -0.18056548  0.
  -0.06768238  0.          0.05016179  0.09488915]
 [ 0.34393787  0.50285417 -2.1859438   0.15225753 -0.29676098  0.
  -0.02103559  0.          0.05416317  0.07307846]
 [ 0.75939536  0.32991213 -2.3034954   0.15630427 -0.41725597  0.
  -0.07862049  0.         -0.06103083  0.23747388]
 [-0.16601904 -0.8052799   1.1744282   0.17292404 -0.10589286  0.
  -0.08612051  0.          0.04369717 -0.02874438]] 
Episode: 957: [[-0.26092744 -0.5490302  -0.8975654   0.2678302  -0.20807765  0.
  -0.02051453  0.         -0.03670318  0.05256228]
 [ 0.2721167   0.1748106  -2.236563    0.10836942 -0.18085772  0.
  -0.06774442  0.          0.05016179  0.09489754]
 [ 0.34414974  0.50264347 -2.1861043   0.15207002 -0.29711273  0.
  -0.0210876   0.          0.05416317  0.07301508]
 [ 0.76000655  0.32994655 -2.3037229   0.15610012 -0.4175819   0.
  -0.07898121  0.         -0.06103083  0.2370873 ]
 [-0.16584122 -0.80528885  1.1744866   0.1732722  -0.10593599  0.
  -0.08614391  0.          0.04369717 -0.02862208]] 
Episode: 958: [[-0.26061296 -0.54864764 -0.8976191   0.26816532 -0.20784423  0.
  -0.02037261  0.         -0.03670318  0.0523779 ]
 [ 0.27232248  0.17458355 -2.2366636   0.10799687 -0.18109779  0.
  -0.06778588  0.          0.05016179  0.09496212]
 [ 0.34428474  0.50233656 -2.186179    0.15180404 -0.29741806  0.
  -0.02120688  0.          0.05416317  0.07307868]
 [ 0.76069397  0.33011416 -2.3038998   0.15584098 -0.41781622  0.
  -0.07920151  0.         -0.06103083  0.23676613]
 [-0.16566838 -0.8051457   1.1744725   0.17367645 -0.10590508  0.
  -0.08605668  0.          0.04369717 -0.02864263]] 
Episode: 959: [[-0.26033202 -0.5482818  -0.897666    0.26844    -0.20764782  0.
  -0.02035129  0.         -0.03670318  0.05208601]
 [ 0.27257082  0.17435712 -2.2367735   0.10767596 -0.18131593  0.
  -0.06774887  0.          0.05016179  0.09501271]
 [ 0.34448949  0.5020476  -2.1862638   0.1515871  -0.2976887   0.
  -0.02120963  0.          0.05416317  0.07318205]
 [ 0.76141346  0.33021384 -2.3040729   0.15561914 -0.41804156  0.
  -0.07950407  0.         -0.06103083  0.23635599]
 [-0.16556135 -0.80506045  1.1744494   0.17400585 -0.10590722  0.
  -0.08608646  0.          0.04369717 -0.02869368]] 
Episode: 960: [[-0.26005277 -0.5480573  -0.8976736   0.26864815 -0.20765284  0.
  -0.02022573  0.         -0.03670318  0.0519494 ]
 [ 0.2728276   0.1742225  -2.2369144   0.10738236 -0.18143032  0.
  -0.06782732  0.          0.05016179  0.09491526]
 [ 0.34470937  0.50187457 -2.1863887   0.15139255 -0.29780015  0.
  -0.02131669  0.          0.05416317  0.07314604]
 [ 0.7620784   0.33030343 -2.30427     0.15539306 -0.41820925  0.
  -0.07988065  0.         -0.06103083  0.23592669]
 [-0.16546121 -0.80503064  1.1744709   0.17429657 -0.10602722  0.
  -0.08600499  0.          0.04369717 -0.02860901]] 
Episode: 961: [[-0.2597831  -0.54783255 -0.89769053  0.26888302 -0.20770283  0.
  -0.02000636  0.         -0.03670318  0.05195014]
 [ 0.27308384  0.17409799 -2.2370276   0.10707048 -0.18153289  0.
  -0.06800965  0.          0.05016179  0.09481946]
 [ 0.34493452  0.5017091  -2.1864846   0.15115172 -0.2978916   0.
  -0.0215176   0.          0.05416317  0.07307699]
 [ 0.7626263   0.33037472 -2.3044477   0.15511535 -0.41838253  0.
  -0.08023164  0.         -0.06103083  0.23562627]
 [-0.16541353 -0.80501413  1.1744808   0.17460582 -0.10616773  0.
  -0.08582345  0.          0.04369717 -0.02846428]] 
Episode: 962: [[-0.259625   -0.5476046  -0.8976788   0.26906726 -0.20776664  0.
  -0.0197107   0.         -0.03670318  0.05207666]
 [ 0.27335602  0.17400268 -2.237138    0.10678645 -0.18160336  0.
  -0.06821992  0.          0.05016179  0.09466296]
 [ 0.34522182  0.50156194 -2.1865876   0.15093705 -0.29794598  0.
  -0.02180296  0.          0.05416317  0.07288586]
 [ 0.7631021   0.33053622 -2.3046212   0.15484336 -0.41850847  0.
  -0.08059193  0.         -0.06103083  0.235352  ]
 [-0.16546592 -0.8050176   1.1745093   0.17487526 -0.10633283  0.
  -0.08555184  0.          0.04369717 -0.02820355]] 
Episode: 963: [[-0.2595018  -0.5473575  -0.89752585  0.26904956 -0.20775376  0.
  -0.019551    0.         -0.03670318  0.05206468]
 [ 0.27357477  0.17378007 -2.2373254   0.10663461 -0.18177591  0.
  -0.06829733  0.          0.05016179  0.09470475]
 [ 0.34542194  0.5013083  -2.186786    0.15090081 -0.29813415  0.
  -0.02195522  0.          0.05416317  0.07284288]
 [ 0.7635319   0.33049566 -2.304866    0.15473908 -0.4187296   0.
  -0.08081172  0.         -0.06103083  0.23525189]
 [-0.16557859 -0.8049297   1.174633    0.1750319  -0.10637084  0.
  -0.08541565  0.          0.04369717 -0.0280995 ]] 
Episode: 964: [[-0.25942472 -0.5471288  -0.89725274  0.2688637  -0.20774084  0.
  -0.01951364  0.         -0.03670318  0.05192816]
 [ 0.27376187  0.1735702  -2.2376072   0.10658618 -0.18197048  0.
  -0.06825522  0.          0.05016179  0.09483562]
 [ 0.34557855  0.5010722  -2.1870973   0.1510061  -0.2983499   0.
  -0.0219877   0.          0.05416317  0.0729331 ]
 [ 0.7639062   0.330433   -2.3051903   0.15474759 -0.4189812   0.
  -0.08090509  0.         -0.06103083  0.23526195]
 [-0.16572839 -0.804861    1.174857    0.17506216 -0.10637569  0.
  -0.08540129  0.          0.04369717 -0.02813632]] 
Episode: 965: [[-0.25957078 -0.5467907  -0.89693314  0.26848027 -0.20745403  0.
  -0.01958636  0.         -0.03670318  0.05167967]
 [ 0.27392656  0.17321551 -2.2378716   0.10676746 -0.18236098  0.
  -0.06810559  0.          0.05016179  0.09513523]
 [ 0.3456857   0.50067776 -2.1873817   0.1512955  -0.29882902  0.
  -0.02191239  0.          0.05416317  0.07314306]
 [ 0.7644373   0.33033422 -2.3054497   0.15495041 -0.41941467  0.
  -0.0808847   0.         -0.06103083  0.23512462]
 [-0.1660114  -0.80460626  1.1750844   0.17489721 -0.10633167  0.
  -0.08549655  0.          0.04369717 -0.02829979]] 
Episode: 966: [[-0.25976858 -0.546558   -0.8964953   0.26802295 -0.20721576  0.
  -0.01975813  0.         -0.03670318  0.0514365 ]
 [ 0.27406782  0.1729383  -2.2382207   0.10703035 -0.18276206  0.
  -0.06806345  0.          0.05016179  0.09539001]
 [ 0.34575903  0.5003731  -2.187766    0.15169364 -0.29931217  0.
  -0.02194914  0.          0.05416317  0.07331041]
 [ 0.7650245   0.33025712 -2.3057783   0.15527523 -0.41987076  0.
  -0.08097076  0.         -0.06103083  0.23486367]
 [-0.16623463 -0.80439335  1.1754475   0.17463648 -0.10628673  0.
  -0.08569045  0.          0.04369717 -0.02856756]] 
Episode: 967: [[-0.25974882 -0.5463293  -0.8959448   0.2677219  -0.20695515  0.
  -0.02001903  0.         -0.03670318  0.05109204]
 [ 0.27412882  0.1726008  -2.2386904   0.10723752 -0.1831661   0.
  -0.06791379  0.          0.05016179  0.09580075]
 [ 0.34563503  0.49998745 -2.1882892   0.15199514 -0.29982284  0.
  -0.0218777   0.          0.05416317  0.07358979]
 [ 0.76571524  0.3301394  -2.3062396   0.15554744 -0.42028463  0.
  -0.08094379  0.         -0.06103083  0.23463012]
 [-0.16640057 -0.80404335  1.1759466   0.17445424 -0.10610556  0.
  -0.08597309  0.          0.04369717 -0.02893864]] 
Episode: 968: [[-0.25982758 -0.5461991  -0.8954962   0.2676433  -0.20671856  0.
  -0.0201475   0.         -0.03670318  0.05090782]
 [ 0.27421024  0.17244345 -2.2390583   0.10734513 -0.18350415  0.
  -0.06789085  0.          0.05016179  0.09598821]
 [ 0.34560212  0.4997874  -2.1886952   0.15213355 -0.30025062  0.
  -0.02191792  0.          0.05416317  0.07371232]
 [ 0.76632553  0.3301528  -2.3065903   0.15571663 -0.4206228   0.
  -0.08102393  0.         -0.06103083  0.2342906 ]
 [-0.1665607  -0.8038653   1.176349    0.17438893 -0.10598992  0.
  -0.08611929  0.          0.04369717 -0.02914228]] 
Episode: 969: [[-0.25985074 -0.54610056 -0.8949932   0.2675638  -0.20642363  0.
  -0.02036941  0.         -0.03670318  0.0506165 ]
 [ 0.2742907   0.1723108  -2.2394695   0.10747691 -0.18388964  0.
  -0.06775851  0.          0.05016179  0.09618688]
 [ 0.34554186  0.49961057 -2.1891518   0.15229896 -0.30074406  0.
  -0.02184961  0.          0.05416317  0.07395124]
 [ 0.767063    0.33017737 -2.306984    0.15592639 -0.4209997   0.
  -0.08115806  0.         -0.06103083  0.23383914]
 [-0.16662644 -0.80370075  1.1767948   0.1743107  -0.10583033  0.
  -0.08635899  0.          0.04369717 -0.02945553]] 
Episode: 970: [[-0.25993156 -0.54614043 -0.8945132   0.26733264 -0.2062225   0.
  -0.02046283  0.         -0.03670318  0.05045264]
 [ 0.27436715  0.17232615 -2.2398884   0.10768608 -0.18423146  0.
  -0.06775109  0.          0.05016179  0.09632894]
 [ 0.34550512  0.49959105 -2.1896124   0.15258674 -0.3011678   0.
  -0.02189263  0.          0.05416317  0.07407746]
 [ 0.7677036   0.33025602 -2.3073905   0.15622084 -0.4213687   0.
  -0.08138321  0.         -0.06103083  0.2334221 ]
 [-0.16675328 -0.8036594   1.1772233   0.17411277 -0.10573798  0.
  -0.08646657  0.          0.04369717 -0.02966448]] 
Episode: 971: [[-0.2599449  -0.5462152  -0.8940587   0.26711205 -0.20604402  0.
  -0.02044062  0.         -0.03670318  0.05028272]
 [ 0.27448642  0.1723965  -2.2402918   0.10787384 -0.18455899  0.
  -0.06785607  0.          0.05016179  0.09643189]
 [ 0.34552085  0.49963003 -2.1900568   0.1528476  -0.30156642  0.
  -0.02203584  0.          0.05416317  0.07415919]
 [ 0.7683658   0.33033106 -2.3077738   0.15647893 -0.42173848  0.
  -0.08169027  0.         -0.06103083  0.23300537]
 [-0.16680865 -0.8036886   1.177642    0.17392312 -0.10566668  0.
  -0.08645528  0.          0.04369717 -0.02981298]] 
Episode: 972: [[-0.26002344 -0.54631364 -0.89368314  0.2667658  -0.20583354  0.
  -0.02038797  0.         -0.03670318  0.0502555 ]
 [ 0.2746239   0.17246217 -2.240648    0.10810208 -0.184913    0.
  -0.06788404  0.          0.05016179  0.09650435]
 [ 0.34558502  0.49967715 -2.1904395   0.15318134 -0.30200133  0.
  -0.02206023  0.          0.05416317  0.07415975]
 [ 0.76898694  0.33034036 -2.3081272   0.15676653 -0.42213082  0.
  -0.08186217  0.         -0.06103083  0.23266134]
 [-0.16688666 -0.8037244   1.178001    0.17367709 -0.10554508  0.
  -0.0863624   0.          0.04369717 -0.02990435]] 
Episode: 973: [[-0.25991    -0.54624015 -0.89339274  0.26667044 -0.20554766  0.
  -0.02023425  0.         -0.03670318  0.05010544]
 [ 0.2748447   0.17257535 -2.2408204   0.10801265 -0.18509737  0.
  -0.06802089  0.          0.05016179  0.09655824]
 [ 0.34575826  0.4997333  -2.1906278   0.15328662 -0.30226794  0.
  -0.02218666  0.          0.05416317  0.07422359]
 [ 0.7695939   0.33058077 -2.308213    0.15682966 -0.4222549   0.
  -0.0821213   0.         -0.06103083  0.23232256]
 [-0.16707624 -0.8038642   1.1782628   0.17375775 -0.10549717  0.
  -0.0861707   0.          0.04369717 -0.0298563 ]] 
Episode: 974: [[-0.2597201  -0.5460462  -0.89325494  0.26654276 -0.2052617   0.
  -0.02020225  0.         -0.03670318  0.04984492]
 [ 0.27502733  0.17250109 -2.2409272   0.10794076 -0.18535294  0.
  -0.06803238  0.          0.05016179  0.09678852]
 [ 0.3458521   0.49959424 -2.1907234   0.153402   -0.3026278   0.
  -0.02219597  0.          0.05416317  0.07440987]
 [ 0.7701898   0.3307099  -2.308293    0.1568957  -0.4224582   0.
  -0.08225008  0.         -0.06103083  0.23208466]
 [-0.16724095 -0.8038016   1.1784481   0.17383651 -0.10528275  0.
  -0.0861063   0.          0.04369717 -0.02994324]] 
Episode: 975: [[-0.2593354  -0.5455858  -0.8933594   0.26664308 -0.20497927  0.
  -0.02027977  0.         -0.03670318  0.04948509]
 [ 0.27528372  0.17221916 -2.2409253   0.10760239 -0.18546556  0.
  -0.06815434  0.          0.05016179  0.09702788]
 [ 0.3460478   0.49923888 -2.190674    0.15331149 -0.30281773  0.
  -0.0223088   0.          0.05416317  0.07470623]
 [ 0.77091956  0.33095154 -2.3083088   0.15676014 -0.4224541   0.
  -0.08247038  0.         -0.06103083  0.23172423]
 [-0.16732112 -0.8035989   1.1783882   0.17420544 -0.10508531  0.
  -0.08598786  0.          0.04369717 -0.03009026]] 
Episode: 976: [[-0.25898564 -0.5452041  -0.8933538   0.26658157 -0.20478609  0.
  -0.02045583  0.         -0.03670318  0.04903599]
 [ 0.27547932  0.17194542 -2.2409866   0.10737342 -0.18559314  0.
  -0.06815249  0.          0.05016179  0.09734316]
 [ 0.3461487   0.49890575 -2.1907053   0.153351   -0.30300915  0.
  -0.0223059   0.          0.05416317  0.07510154]
 [ 0.77156115  0.33109653 -2.3083892   0.1567305  -0.42250705  0.
  -0.08256423  0.         -0.06103083  0.23146191]
 [-0.16741425 -0.8033709   1.1784011   0.17446423 -0.10488414  0.
  -0.08598942  0.          0.04369717 -0.03035263]] 
Episode: 977: [[-0.25879052 -0.54487985 -0.89329183  0.2664946  -0.20459118  0.
  -0.02069601  0.         -0.03670318  0.0487556 ]
 [ 0.2756495   0.17168018 -2.2411373   0.1072079  -0.18579386  0.
  -0.06803923  0.          0.05016179  0.09764392]
 [ 0.34625033  0.49860394 -2.190831    0.15344103 -0.3032794   0.
  -0.02219884  0.          0.05416317  0.07545279]
 [ 0.77207947  0.3311221  -2.308581    0.15677288 -0.42267773  0.
  -0.0825443   0.         -0.06103083  0.23135968]
 [-0.16762666 -0.8032087   1.1784965   0.17465977 -0.10468599  0.
  -0.0860649   0.          0.04369717 -0.0305237 ]] 
Episode: 978: [[-0.25873017 -0.54435146 -0.89321893  0.26663074 -0.20455159  0.
  -0.02080583  0.         -0.03670318  0.04862865]
 [ 0.27585426  0.17133631 -2.241291    0.10694221 -0.18573157  0.
  -0.06804888  0.          0.05016179  0.0977606 ]
 [ 0.3464532   0.4981975  -2.190974    0.1533362  -0.30322164  0.
  -0.02220693  0.          0.05416317  0.07563999]
 [ 0.7724903   0.3312639  -2.3087568   0.15666279 -0.42254522  0.
  -0.08263075  0.         -0.06103083  0.23124452]
 [-0.16784115 -0.80306005  1.1786116   0.17495489 -0.10472532  0.
  -0.08602466  0.          0.04369717 -0.03054745]] 
Episode: 979: [[-0.25850728 -0.543815   -0.893165    0.26695722 -0.20451112  0.
  -0.02079834  0.         -0.03670318  0.0486397 ]
 [ 0.2761567   0.17098409 -2.2414227   0.10654388 -0.185655    0.
  -0.0681691   0.          0.05016179  0.09768382]
 [ 0.3467666   0.49778157 -2.1910992   0.15304871 -0.30314258  0.
  -0.02231864  0.          0.05416317  0.07567968]
 [ 0.7730538   0.3314019  -2.3089004   0.1563696  -0.42239457  0.
  -0.08281294  0.         -0.06103083  0.23099448]
 [-0.16782591 -0.8029069   1.1786952   0.17538528 -0.10477279  0.
  -0.08588031  0.          0.04369717 -0.03043877]] 
Episode: 980: [[-0.25828445 -0.5433499  -0.8930573   0.26719373 -0.20446883  0.
  -0.0206853   0.         -0.03670318  0.04877481]
 [ 0.27651307  0.17069107 -2.2416131   0.1061842  -0.18558708  0.
  -0.0683888   0.          0.05016179  0.09749486]
 [ 0.34715644  0.49743795 -2.191295    0.15280041 -0.30306852  0.
  -0.02252359  0.          0.05416317  0.07558677]
 [ 0.7736625   0.331555   -2.3090887   0.1560709  -0.42226085  0.
  -0.08308125  0.         -0.06103083  0.2306233 ]
 [-0.16776562 -0.8028016   1.1788237   0.17574494 -0.10481381  0.
  -0.08564228  0.          0.04369717 -0.03021104]] 
Episode: 981: [[-0.2581827  -0.54290813 -0.8928485   0.26735914 -0.20444086  0.
  -0.02047728  0.         -0.03670318  0.04902149]
 [ 0.2768416   0.17039482 -2.2418993   0.10590402 -0.18550414  0.
  -0.06847499  0.          0.05016179  0.09731713]
 [ 0.34752822  0.4970941  -2.191599    0.152639   -0.3029827   0.
  -0.02260362  0.          0.05416317  0.07545111]
 [ 0.77420706  0.33164948 -2.3093805   0.15587482 -0.42211568  0.
  -0.08321836  0.         -0.06103083  0.23038556]
 [-0.16777033 -0.8026853   1.1790574   0.176028   -0.10487553  0.
  -0.08548423  0.          0.04369717 -0.02996216]] 
Episode: 982: [[-0.25805512 -0.5425201  -0.89265156  0.267481   -0.2044061   0.
  -0.02018381  0.         -0.03670318  0.04936847]
 [ 0.27720183  0.17012025 -2.242178    0.10564484 -0.18547466  0.
  -0.06866403  0.          0.05016179  0.09705419]
 [ 0.3479413   0.49678653 -2.1918945   0.15249118 -0.30295143  0.
  -0.02278005  0.          0.05416317  0.07520045]
 [ 0.7747761   0.33168533 -2.3096561   0.15567155 -0.42204568  0.
  -0.0834461   0.         -0.06103083  0.23010112]
 [-0.16770117 -0.802594    1.179269    0.17627178 -0.10489893  0.
  -0.08523383  0.          0.04369717 -0.02960831]] 
Episode: 983: [[-0.2579383  -0.5420905  -0.8926737   0.2678038  -0.2045954   0.
  -0.01981344  0.         -0.03670318  0.04980562]
 [ 0.27769735  0.16994114 -2.2422774   0.10514767 -0.1850026   0.
  -0.06894558  0.          0.05016179  0.09663664]
 [ 0.34854427  0.49654922 -2.191982    0.15216511 -0.30238208  0.
  -0.02304321  0.          0.05416317  0.0748464 ]
 [ 0.775456    0.33192396 -2.3097243   0.15529476 -0.42143348  0.
  -0.0837554   0.         -0.06103083  0.22969909]
 [-0.16759683 -0.8025841   1.1793052   0.17678083 -0.10525724  0.
  -0.08490034  0.          0.04369717 -0.0291601 ]] 
Episode: 984: [[-0.2578931  -0.54176074 -0.892649    0.26799774 -0.20475666  0.
  -0.01937389  0.         -0.03670318  0.05032384]
 [ 0.27818298  0.16982284 -2.2424078   0.10475688 -0.18463212  0.
  -0.06920227  0.          0.05016179  0.09620325]
 [ 0.34915     0.49638698 -2.192109    0.15196003 -0.30192938  0.
  -0.02333127  0.          0.05416317  0.07439943]
 [ 0.77607536  0.33210826 -2.3098264   0.15502678 -0.42096013  0.
  -0.08392941  0.         -0.06103083  0.22933489]
 [-0.16755128 -0.80263644  1.1793848   0.17715774 -0.10557587  0.
  -0.08449209  0.          0.04369717 -0.02863456]] 
Episode: 985: [[-0.2579943  -0.54149973 -0.8925448   0.26806974 -0.20483452  0.
  -0.01908457  0.         -0.03670318  0.05079985]
 [ 0.27863264  0.16970162 -2.2426033   0.10449588 -0.18439206  0.
  -0.06932174  0.          0.05016179  0.09584013]
 [ 0.34973434  0.49625054 -2.192309    0.1519043  -0.3016389   0.
  -0.02348604  0.          0.05416317  0.07403328]
 [ 0.7766572   0.33218873 -2.3100095   0.15491875 -0.4206113   0.
  -0.08398168  0.         -0.06103083  0.22905222]
 [-0.1676344  -0.80270433  1.1795607   0.17738737 -0.10573217  0.
  -0.08423285  0.          0.04369717 -0.02822586]] 
Episode: 986: [[-0.25810856 -0.5412645  -0.89244956  0.26812878 -0.20489915  0.
  -0.01885082  0.         -0.03670318  0.05125012]
 [ 0.2790872   0.16957663 -2.2427688   0.10426856 -0.18416077  0.
  -0.06954072  0.          0.05016179  0.09549113]
 [ 0.35032856  0.49612162 -2.1924787   0.15186413 -0.3013622   0.
  -0.02372978  0.          0.05416317  0.07366701]
 [ 0.7771843   0.33223242 -2.3101528   0.1548336  -0.42026222  0.
  -0.08413304  0.         -0.06103083  0.22874434]
 [-0.16773215 -0.80278116  1.1797197   0.17758359 -0.10585204  0.
  -0.08408743  0.          0.04369717 -0.0278219 ]] 
Episode: 987: [[-0.25826374 -0.54111063 -0.89225024  0.26809928 -0.20498566  0.
  -0.01853415  0.         -0.03670318  0.05178026]
 [ 0.27944642  0.16946892 -2.243025    0.10413259 -0.1840629   0.
  -0.0696263   0.          0.05016179  0.09522107]
 [ 0.35076404  0.49603456 -2.192749    0.15192844 -0.301225    0.
  -0.02384469  0.          0.05416317  0.07336   ]
 [ 0.77770114  0.33221835 -2.3104148   0.15485843 -0.42011392  0.
  -0.08416493  0.         -0.06103083  0.22855821]
 [-0.16788544 -0.80283993  1.1799698   0.17768604 -0.10592442  0.
  -0.08406471  0.          0.04369717 -0.02758848]] 
Episode: 988: [[-0.25827518 -0.54095733 -0.89196175  0.2682045  -0.2050058   0.
  -0.01835548  0.         -0.03670318  0.05213214]
 [ 0.2796983   0.16932453 -2.2434084   0.10398043 -0.18416083  0.
  -0.06959185  0.          0.05016179  0.09515996]
 [ 0.35093203  0.49591473 -2.1931431   0.15192133 -0.30131203  0.
  -0.02384367  0.          0.05416317  0.07321255]
 [ 0.7782874   0.33218583 -2.3107855   0.15487552 -0.4202176   0.
  -0.08408933  0.         -0.06103083  0.22832024]
 [-0.16791016 -0.802795    1.1803524   0.17789757 -0.1059077   0.
  -0.08415238  0.          0.04369717 -0.02750838]] 
Episode: 989: [[-0.25833234 -0.5408568  -0.8916107   0.2681381  -0.20502996  0.
  -0.01830098  0.         -0.03670318  0.05233661]
 [ 0.27993134  0.16919759 -2.2438295   0.10393308 -0.1842947   0.
  -0.06944942  0.          0.05016179  0.09516621]
 [ 0.35108763  0.49581692 -2.1935856   0.15205507 -0.3014422   0.
  -0.02373833  0.          0.05416317  0.07319859]
 [ 0.77879256  0.3321072  -2.3111987   0.15500435 -0.4203782   0.
  -0.08391699  0.         -0.06103083  0.22819647]
 [-0.16796854 -0.80275446  1.1807891   0.17797299 -0.10587607  0.
  -0.08433938  0.          0.04369717 -0.0275258 ]] 
Episode: 990: [[-0.2584064  -0.54077965 -0.89113945  0.26795536 -0.2050944   0.
  -0.01835823  0.         -0.03670318  0.0523956 ]
 [ 0.28012747  0.16900915 -2.244345    0.1039675  -0.18445568  0.
  -0.06920984  0.          0.05016179  0.09527235]
 [ 0.35116923  0.49567536 -2.1941373   0.15229242 -0.3016006   0.
  -0.02353912  0.          0.05416317  0.07331462]
 [ 0.7792994   0.3318952  -2.31171     0.15522003 -0.42058846  0.
  -0.0836576   0.         -0.06103083  0.22814968]
 [-0.16804992 -0.8026749   1.181326    0.17796005 -0.1058477   0.
  -0.08461575  0.          0.04369717 -0.0276713 ]] 
Episode: 991: [[-0.25825858 -0.54077834 -0.8906832   0.26790702 -0.20530696  0.
  -0.01851601  0.         -0.03670318  0.05232376]
 [ 0.28019497  0.16897686 -2.2448027   0.10399817 -0.18453902  0.
  -0.06888288  0.          0.05016179  0.09554894]
 [ 0.3510108   0.49567    -2.1946285   0.15248351 -0.30164742  0.
  -0.02325544  0.          0.05416317  0.07354753]
 [ 0.77991843  0.3319     -2.3121712   0.15546328 -0.42073318  0.
  -0.08331987  0.         -0.06103083  0.2279986 ]
 [-0.16807869 -0.80255324  1.181777    0.17799373 -0.10585926  0.
  -0.08497253  0.          0.04369717 -0.02793192]] 
Episode: 992: [[-0.2581681  -0.54077584 -0.89029366  0.267829   -0.20548357  0.
  -0.01855174  0.         -0.03670318  0.0522334 ]
 [ 0.2802501   0.16893944 -2.2452004   0.10405347 -0.18461682  0.
  -0.06868547  0.          0.05016179  0.09583169]
 [ 0.35086292  0.49565443 -2.1950474   0.15269528 -0.30169988  0.
  -0.02310454  0.          0.05416317  0.0738156 ]
 [ 0.7804773   0.33187214 -2.3125973   0.15571651 -0.4208487   0.
  -0.08312022  0.         -0.06103083  0.22790015]
 [-0.16815114 -0.8024449   1.1821535   0.1779879  -0.10585456  0.
  -0.08518553  0.          0.04369717 -0.02823978]] 
Episode: 993: [[-0.25817856 -0.5408059  -0.8899156   0.26773682 -0.20561327  0.
  -0.01869014  0.         -0.03670318  0.05214768]
 [ 0.2803053   0.16895296 -2.2456048   0.10414268 -0.18472625  0.
  -0.06840595  0.          0.05016179  0.09607693]
 [ 0.3507476   0.4956816  -2.1954699   0.15293594 -0.3017962   0.
  -0.02286435  0.          0.05416317  0.07403194]
 [ 0.7810548   0.33185372 -2.313041    0.15601143 -0.42099446  0.
  -0.08292029  0.         -0.06103083  0.22780083]
 [-0.16829112 -0.8023921   1.1825228   0.17795372 -0.10581613  0.
  -0.08548525  0.          0.04369717 -0.02852794]] 
Episode: 994: [[-0.25824413 -0.54087484 -0.8895216   0.26755664 -0.2057911   0.
  -0.01875108  0.         -0.03670318  0.05213361]
 [ 0.28036267  0.16900916 -2.2460449   0.10428023 -0.18483831  0.
  -0.06804306  0.          0.05016179  0.09630641]
 [ 0.3506567   0.49574724 -2.1959329   0.15324159 -0.30188507  0.
  -0.02254382  0.          0.05416317  0.07421775]
 [ 0.78151447  0.33183837 -2.3135366   0.15634955 -0.42117926  0.
  -0.08263601  0.         -0.06103083  0.22779572]
 [-0.16848306 -0.80237776  1.1829156   0.17784524 -0.10580686  0.
  -0.08580361  0.          0.04369717 -0.02874714]] 
Episode: 995: [[-0.258317   -0.54101306 -0.8891257   0.26732725 -0.20599169  0.
  -0.01891221  0.         -0.03670318  0.05199586]
 [ 0.28038874  0.16909854 -2.2464962   0.10445366 -0.18499239  0.
  -0.06760517  0.          0.05016179  0.09657338]
 [ 0.35052332  0.49585968 -2.1964061   0.15358898 -0.30201837  0.
  -0.02215098  0.          0.05416317  0.07451361]
 [ 0.7819499   0.33174038 -2.3140538   0.1567285  -0.4214463   0.
  -0.08227584  0.         -0.06103083  0.22786474]
 [-0.1686784  -0.8024042   1.1833206   0.1777045  -0.1057981   0.
  -0.08619819  0.          0.04369717 -0.02905451]] 
Episode: 996: [[-0.2582799  -0.5411195  -0.88883287  0.26713586 -0.20619987  0.
  -0.01895094  0.         -0.03670318  0.0519269 ]
 [ 0.28048846  0.16917075 -2.2468662   0.10455534 -0.18516052  0.
  -0.06732247  0.          0.05016179  0.09672662]
 [ 0.35049015  0.49594748 -2.1967843   0.15383422 -0.3021569   0.
  -0.02190182  0.          0.05416317  0.07465109]
 [ 0.7824404   0.33166805 -2.3144948   0.15695801 -0.42173776  0.
  -0.08205604  0.         -0.06103083  0.22777992]
 [-0.16881293 -0.8024114   1.1836343   0.17760758 -0.10580397  0.
  -0.08644518  0.          0.04369717 -0.02920109]] 
Episode: 997: [[-0.2582971  -0.5412105  -0.8885236   0.26687202 -0.206388    0.
  -0.01887953  0.         -0.03670318  0.05198997]
 [ 0.2805969   0.16919059 -2.2472358   0.10469176 -0.18535446  0.
  -0.06713524  0.          0.05016179  0.09684671]
 [ 0.3504864   0.49599358 -2.1971672   0.15412852 -0.30232748  0.
  -0.02178195  0.          0.05416317  0.07471392]
 [ 0.7828648   0.33156037 -2.3149285   0.15721123 -0.42205724  0.
  -0.08188454  0.         -0.06103083  0.227703  ]
 [-0.16898893 -0.8023912   1.183959    0.17744936 -0.10578851  0.
  -0.08655936  0.          0.04369717 -0.02931762]] 
Episode: 998: [[-0.25833434 -0.5412888  -0.888237    0.26662377 -0.20655085  0.
  -0.01892151  0.         -0.03670318  0.05201156]
 [ 0.28070104  0.16918431 -2.2475808   0.1048272  -0.18555444  0.
  -0.06690066  0.          0.05016179  0.09702566]
 [ 0.3504931   0.49601576 -2.1975255   0.15441099 -0.30251142  0.
  -0.02156972  0.          0.05416317  0.07488616]
 [ 0.7831627   0.3314085  -2.315346    0.15746027 -0.42237654  0.
  -0.0816258   0.         -0.06103083  0.22778071]
 [-0.16918534 -0.8023651   1.1842635   0.1772904  -0.10575311  0.
  -0.08677018  0.          0.04369717 -0.02946096]] 
Episode: 999: [[-0.25838962 -0.54144686 -0.88772935  0.26618767 -0.20667051  0.
  -0.01906554  0.         -0.03670318  0.05190583]
 [ 0.28072998  0.16917525 -2.2480693   0.10511077 -0.18591936  0.
  -0.06657816  0.          0.05016179  0.09736808]
 [ 0.35038581  0.49605042 -2.1980603   0.15485832 -0.30288973  0.
  -0.02127439  0.          0.05416317  0.07516971]
 [ 0.7833994   0.33108893 -2.315884    0.15787867 -0.42292216  0.
  -0.08128854  0.         -0.06103083  0.22799733]
 [-0.16942447 -0.8023662   1.1847548   0.17696777 -0.10564217  0.
  -0.08706792  0.          0.04369717 -0.0297199 ]] 
Episode: 1000: [[-0.25822464 -0.54157186 -0.88717175  0.26571935 -0.20683257  0.
  -0.01930139  0.         -0.03670318  0.05168564]
 [ 0.28058332  0.16907936 -2.2485936   0.10536824 -0.18630637  0.
  -0.06617659  0.          0.05016179  0.09785705]
 [ 0.35005775  0.49596804 -2.198638    0.15527564 -0.30331004  0.
  -0.02090426  0.          0.05416317  0.07555334]
 [ 0.7835656   0.3306739  -2.3164656   0.15824038 -0.4235137   0.
  -0.08088063  0.         -0.06103083  0.22833872]
 [-0.16961066 -0.80220366  1.1853064   0.17672457 -0.10540845  0.
  -0.08744389  0.          0.04369717 -0.03008276]] 
Episode: 1001: [[-0.25800717 -0.5417626  -0.8864478   0.2653136  -0.20702124  0.
  -0.01961985  0.         -0.03670318  0.05136253]
 [ 0.2803708   0.16894157 -2.2492435   0.10562196 -0.1867729   0.
  -0.06570388  0.          0.05016179  0.09841221]
 [ 0.3495802   0.49587882 -2.1993809   0.15567546 -0.3038263   0.
  -0.02046684  0.          0.05416317  0.07602691]
 [ 0.7837998   0.33006483 -2.3171186   0.15860683 -0.42421594  0.
  -0.08040916  0.         -0.06103083  0.22862759]
 [-0.16969018 -0.8020815   1.1859757   0.17649855 -0.10518838  0.
  -0.08789023  0.          0.04369717 -0.03053902]] 
Episode: 1002: [[-0.25789002 -0.5419229  -0.8856369   0.26485944 -0.2070958   0.
  -0.02001265  0.         -0.03670318  0.05094688]
 [ 0.2802038   0.16877477 -2.2499294   0.10595787 -0.18729077  0.
  -0.06516719  0.          0.05016179  0.0989014 ]
 [ 0.34914708  0.49576232 -2.2001684   0.15617934 -0.30441758  0.
  -0.01996887  0.          0.05416317  0.07651042]
 [ 0.78420573  0.32942525 -2.317781    0.1591177  -0.42493704  0.
  -0.07988049  0.         -0.06103083  0.22874075]
 [-0.16974156 -0.8019298   1.1867262   0.17620327 -0.10490721  0.
  -0.08839988  0.          0.04369717 -0.03107924]] 
Episode: 1003: [[-0.2578893  -0.5421362  -0.8848512   0.26440766 -0.20715617  0.
  -0.02025993  0.         -0.03670318  0.05069788]
 [ 0.28003323  0.16861175 -2.25064     0.10630356 -0.18784553  0.
  -0.06459112  0.          0.05016179  0.0993319 ]
 [ 0.34873474  0.49568322 -2.2009728   0.15669355 -0.30504885  0.
  -0.0194164   0.          0.05416317  0.07686325]
 [ 0.7845116   0.3286458  -2.3185096   0.15964572 -0.42571265  0.
  -0.07930034  0.         -0.06103083  0.22898896]
 [-0.16988574 -0.80190355  1.1874676   0.17589253 -0.10466171  0.
  -0.08878312  0.          0.04369717 -0.03143544]] 
Episode: 1004: [[-0.2577517  -0.5422594  -0.88412863  0.26404333 -0.20737365  0.
  -0.02037627  0.         -0.03670318  0.05034902]
 [ 0.27987635  0.16838613 -2.2512496   0.10657579 -0.18841162  0.
  -0.0641291   0.          0.05016179  0.09984023]
 [ 0.34830645  0.49550888 -2.2016704   0.15710016 -0.30567062  0.
  -0.01902353  0.          0.05416317  0.07730916]
 [ 0.7848693   0.32790807 -2.3191364   0.16006604 -0.42655113  0.
  -0.07867388  0.         -0.06103083  0.2292637 ]
 [-0.16997343 -0.80178356  1.1881227   0.17568247 -0.104321    0.
  -0.08901998  0.          0.04369717 -0.03188551]] 
Episode: 1005: [[-0.25767893 -0.5423639  -0.88347787  0.2636604  -0.2076036   0.
  -0.02037479  0.         -0.03670318  0.05015999]
 [ 0.2797582   0.16816576 -2.2517893   0.10683822 -0.18892123  0.
  -0.0637847   0.          0.05016179  0.10027295]
 [ 0.34796628  0.4953383  -2.2022874   0.15749839 -0.3062259   0.
  -0.01877427  0.          0.05416317  0.07763585]
 [ 0.78520125  0.32722402 -2.3196988   0.16045488 -0.42730916  0.
  -0.07806963  0.         -0.06103083  0.22952287]
 [-0.17009139 -0.80167264  1.1887137   0.17546594 -0.1040087   0.
  -0.0891251   0.          0.04369717 -0.03223745]] 
Episode: 1006: [[-0.25759056 -0.54267883 -0.88286936  0.26318055 -0.20778541  0.
  -0.02047963  0.         -0.03670318  0.04986519]
 [ 0.27959338  0.16823792 -2.2523408   0.10718323 -0.18946116  0.
  -0.0634466   0.          0.05016179  0.10071609]
 [ 0.34752297  0.49545532 -2.2029026   0.15801582 -0.30682197  0.
  -0.01845988  0.          0.05416317  0.07803976]
 [ 0.78558743  0.3267348  -2.3202877   0.16095378 -0.42812628  0.
  -0.07754371  0.         -0.06103083  0.22968487]
 [-0.17026229 -0.801731    1.1892776   0.17513517 -0.10373954  0.
  -0.08912885  0.          0.04369717 -0.03268368]] 
Episode: 1007: [[-0.25749683 -0.5427586  -0.882311    0.26296312 -0.20803356  0.
  -0.02046781  0.         -0.03670318  0.04969967]
 [ 0.27943313  0.16830346 -2.2527974   0.1072977  -0.18976614  0.
  -0.06325389  0.          0.05016179  0.10104351]
 [ 0.3470955   0.4955074  -2.2034216   0.158287   -0.30714443  0.
  -0.01828125  0.          0.05416317  0.07827462]
 [ 0.785816    0.3264916  -2.3207073   0.16120738 -0.4286475   0.
  -0.07717491  0.         -0.06103083  0.22984771]
 [-0.17043437 -0.80184966  1.1898313   0.17505968 -0.10367511  0.
  -0.08902422  0.          0.04369717 -0.03295549]] 
Episode: 1008: [[-0.25748628 -0.54290056 -0.88179     0.26273912 -0.20830259  0.
  -0.02035103  0.         -0.03670318  0.04967546]
 [ 0.27931342  0.16846257 -2.2532496   0.10743026 -0.19001822  0.
  -0.06315646  0.          0.05016179  0.10129636]
 [ 0.3467615   0.4956552  -2.203931    0.15857176 -0.30739745  0.
  -0.01822481  0.          0.05416317  0.07836799]
 [ 0.7860104   0.32629848 -2.3211393   0.16148499 -0.4291179   0.
  -0.07694752  0.         -0.06103083  0.23001097]
 [-0.17064615 -0.8020776   1.1903565   0.17495945 -0.10370131  0.
  -0.08882206  0.          0.04369717 -0.03307045]] 
Episode: 1009: [[-0.25755885 -0.5430809  -0.88129115  0.26249337 -0.20854603  0.
  -0.02020698  0.         -0.03670318  0.04977834]
 [ 0.2792429   0.16864483 -2.253727    0.10759322 -0.19029126  0.
  -0.06307165  0.          0.05016179  0.10150273]
 [ 0.34652215  0.49584004 -2.2044585   0.15888947 -0.3076718   0.
  -0.0181881   0.          0.05416317  0.07838497]
 [ 0.78619915  0.32609466 -2.3216333   0.16180405 -0.42961347  0.
  -0.07673558  0.         -0.06103083  0.23019713]
 [-0.17091542 -0.80236286  1.1908616   0.17481479 -0.10373206  0.
  -0.08861983  0.          0.04369717 -0.03307308]] 
Episode: 1010: [[-0.2576907  -0.54319304 -0.88098663  0.26241127 -0.20872045  0.
  -0.01997113  0.         -0.03670318  0.04999547]
 [ 0.27924013  0.1687136  -2.2540538   0.10766041 -0.19066522  0.
  -0.06305989  0.          0.05016179  0.1015498 ]
 [ 0.3464205   0.49593025 -2.2047956   0.15904894 -0.3080522   0.
  -0.01825945  0.          0.05416317  0.07827182]
 [ 0.7863803   0.3258043  -2.3219976   0.16198316 -0.43021807  0.
  -0.07656437  0.         -0.06103083  0.23031203]
 [-0.17122744 -0.8025263   1.1911206   0.1748007  -0.1036428   0.
  -0.08832978  0.          0.04369717 -0.03294599]] 
Episode: 1011: [[-0.25802365 -0.54340756 -0.8806077   0.26255032 -0.20908022  0.
  -0.0196527   0.         -0.03670318  0.05031535]
 [ 0.27931947  0.16887213 -2.2544422   0.1074599  -0.19095048  0.
  -0.06316098  0.          0.05016179  0.10141047]
 [ 0.3464759   0.49612036 -2.2052038   0.15899895 -0.30828965  0.
  -0.01842803  0.          0.05416317  0.07804167]
 [ 0.7867388   0.3256349  -2.3223805   0.16194986 -0.43075675  0.
  -0.07651494  0.         -0.06103083  0.23026837]
 [-0.17174843 -0.80272496  1.1914093   0.17508523 -0.10376947  0.
  -0.08796073  0.          0.04369717 -0.03270228]] 
Episode: 1012: [[-0.2582601  -0.5436916  -0.88021713  0.2627426  -0.20953147  0.
  -0.01925995  0.         -0.03670318  0.05070001]
 [ 0.27932808  0.16907929 -2.2549574   0.10724396 -0.19120152  0.
  -0.06336359  0.          0.05016179  0.10127952]
 [ 0.34639105  0.49635977 -2.2057483   0.15889515 -0.30847296  0.
  -0.0186841   0.          0.05416317  0.07780859]
 [ 0.78713423  0.32544065 -2.3229213   0.16185968 -0.43131796  0.
  -0.07657511  0.         -0.06103083  0.2302526 ]
 [-0.17211361 -0.8030132   1.1917466   0.17539844 -0.10407809  0.
  -0.08752059  0.          0.04369717 -0.03258281]] 
Episode: 1013: [[-0.2582582  -0.5435181  -0.87997997  0.26312745 -0.2098624   0.
  -0.01901269  0.         -0.03670318  0.05092157]
 [ 0.2794613   0.16901597 -2.2553391   0.10673963 -0.1912933   0.
  -0.06365754  0.          0.05016179  0.10131944]
 [ 0.34647077  0.4962461  -2.20615     0.15860903 -0.3085061   0.
  -0.0190189   0.          0.05416317  0.07772733]
 [ 0.78756356  0.32535738 -2.3232937   0.16158487 -0.4315963   0.
  -0.07673389  0.         -0.06103083  0.23018532]
 [-0.17250732 -0.8031581   1.1919495   0.1759741  -0.10439994  0.
  -0.08709203  0.          0.04369717 -0.0325017 ]] 
Episode: 1014: [[-0.25833008 -0.5434252  -0.87971145  0.2634571  -0.21015258  0.
  -0.01868401  0.         -0.03670318  0.05124532]
 [ 0.27954853  0.16905528 -2.25574     0.10631445 -0.19142379  0.
  -0.06391535  0.          0.05016179  0.10136025]
 [ 0.34649634  0.49623176 -2.2065737   0.15838975 -0.3085959   0.
  -0.01932634  0.          0.05416317  0.07761673]
 [ 0.7879244   0.32529885 -2.323698    0.16139065 -0.43191445  0.
  -0.07683232  0.         -0.06103083  0.2302168 ]
 [-0.17296264 -0.8033936   1.1922154   0.17647216 -0.10469201  0.
  -0.08661953  0.          0.04369717 -0.03235314]] 
Episode: 1015: [[-0.2582305  -0.5435018  -0.8794258   0.26380223 -0.21044447  0.
  -0.01828207  0.         -0.03670318  0.05163055]
 [ 0.2795436   0.1693312  -2.2562027   0.10590276 -0.19162074  0.
  -0.06425903  0.          0.05016179  0.10137831]
 [ 0.3463229   0.49645963 -2.2070577   0.15814812 -0.3087516   0.
  -0.01970745  0.          0.05416317  0.07744947]
 [ 0.7883538   0.3252597  -2.3241928   0.1611657  -0.43239132  0.
  -0.07702559  0.         -0.06103083  0.23018631]
 [-0.17326377 -0.8038784   1.1925393   0.1769527  -0.10511253  0.
  -0.08608621  0.          0.04369717 -0.03219394]] 
Episode: 1016: [[-0.2581763  -0.5435939  -0.87913173  0.26411018 -0.21076006  0.
  -0.01781422  0.         -0.03670318  0.0521015 ]
 [ 0.27956367  0.16958642 -2.2566526   0.10552837 -0.1917852   0.
  -0.06465904  0.          0.05016179  0.10133874]
 [ 0.3462041   0.49667785 -2.207532    0.15792692 -0.30886468  0.
  -0.02015484  0.          0.05416317  0.07717054]
 [ 0.7887621   0.32516065 -2.3246691   0.16095316 -0.43283868  0.
  -0.07724942  0.         -0.06103083  0.23016135]
 [-0.1735727  -0.8043665   1.1928773   0.17738536 -0.10558386  0.
  -0.08549818  0.          0.04369717 -0.03192118]] 
Episode: 1017: [[-0.2580436  -0.54367656 -0.87875867  0.26442906 -0.21096116  0.
  -0.01749934  0.         -0.03670318  0.05240084]
 [ 0.27954826  0.16979098 -2.2571099   0.10517666 -0.19198185  0.
  -0.06490728  0.          0.05016179  0.1013855 ]
 [ 0.34601814  0.49685755 -2.2080271   0.15770172 -0.30904132  0.
  -0.02045305  0.          0.05416317  0.07704804]
 [ 0.78912026  0.3249908  -2.3251324   0.16075334 -0.43327266  0.
  -0.07734611  0.         -0.06103083  0.23023984]
 [-0.17381112 -0.80480087  1.1932431   0.1778009  -0.10595146  0.
  -0.08507712  0.          0.04369717 -0.03175766]] 
Episode: 1018: [[-0.25794423 -0.54375005 -0.87841135  0.26470938 -0.21114166  0.
  -0.01710984  0.         -0.03670318  0.05272731]
 [ 0.27956206  0.16994905 -2.2575512   0.10486718 -0.19217438  0.
  -0.06524233  0.          0.05016179  0.10139938]
 [ 0.3458902   0.4970018  -2.2085018   0.15750866 -0.30921665  0.
  -0.02082583  0.          0.05416317  0.0768818 ]
 [ 0.78947204  0.3247707  -2.3255777   0.16058409 -0.43369374  0.
  -0.07753786  0.         -0.06103083  0.23027697]
 [-0.17402807 -0.80520296  1.1935875   0.1781644  -0.106293    0.
  -0.08462217  0.          0.04369717 -0.03154707]] 
Episode: 1019: [[-0.25786898 -0.54386026 -0.87794286  0.26493695 -0.21128742  0.
  -0.01686544  0.         -0.03670318  0.05289665]
 [ 0.27960843  0.17004457 -2.2580366   0.10464213 -0.19237883  0.
  -0.06549475  0.          0.05016179  0.10136784]
 [ 0.34579292  0.4971184  -2.2090394   0.15740116 -0.30941066  0.
  -0.02105691  0.          0.05416317  0.07669137]
 [ 0.7899741   0.32436767 -2.3260376   0.16053046 -0.43410364  0.
  -0.07781515  0.         -0.06103083  0.23016302]
 [-0.17418417 -0.8056056   1.1940196   0.17846113 -0.10660328  0.
  -0.08432089  0.          0.04369717 -0.03136935]] 
Episode: 1020: [[-0.25774825 -0.54412407 -0.87742     0.2651263  -0.21142724  0.
  -0.0167516   0.         -0.03670318  0.05310245]
 [ 0.27953568  0.17018917 -2.2585697   0.10448323 -0.19272886  0.
  -0.06561019  0.          0.05016179  0.10143673]
 [ 0.3454873   0.49732527 -2.2096255   0.15736012 -0.30976644  0.
  -0.02116047  0.          0.05416317  0.07664858]
 [ 0.79044557  0.32384267 -2.3265662   0.1605681  -0.43474188  0.
  -0.07795996  0.         -0.06103083  0.23020777]
 [-0.17428368 -0.8060414   1.1945075   0.17870705 -0.10689109  0.
  -0.08415785  0.          0.04369717 -0.03133915]] 
Episode: 1021: [[-0.25770658 -0.5443822  -0.8769306   0.26527628 -0.21153006  0.
  -0.01675525  0.         -0.03670318  0.05330713]
 [ 0.27949277  0.17036158 -2.259107    0.10436738 -0.19309619  0.
  -0.06566852  0.          0.05016179  0.10148885]
 [ 0.34525293  0.4975483  -2.210209    0.15735954 -0.31014806  0.
  -0.02114929  0.          0.05416317  0.07658903]
 [ 0.7908867   0.32341462 -2.3271208   0.16064668 -0.4353907   0.
  -0.07806598  0.         -0.06103083  0.23023322]
 [-0.17443429 -0.80647236  1.1949682   0.17890066 -0.10712113  0.
  -0.08411923  0.          0.04369717 -0.03130121]] 
Episode: 1022: [[-0.25767076 -0.5445807  -0.87622154  0.2653044  -0.21148115  0.
  -0.01686462  0.         -0.03670318  0.0533668 ]
 [ 0.27939945  0.17048794 -2.2597315   0.10434814 -0.19351748  0.
  -0.06560926  0.          0.05016179  0.10168079]
 [ 0.3449387   0.4977111  -2.2109208   0.15748425 -0.3106299   0.
  -0.02103484  0.          0.05416317  0.07666399]
 [ 0.7912492   0.32299167 -2.3276896   0.16084497 -0.4360338   0.
  -0.0780566   0.         -0.06103083  0.2303514 ]
 [-0.17458874 -0.80682504  1.1955739   0.17898226 -0.10717718  0.
  -0.08419254  0.          0.04369717 -0.03139678]] 
Episode: 1023: [[-0.2574566  -0.5446303  -0.8756747   0.2655425  -0.21153517  0.
  -0.01685697  0.         -0.03670318  0.05329606]
 [ 0.279281    0.17049804 -2.2602777   0.10419094 -0.19383648  0.
  -0.06566767  0.          0.05016179  0.10198759]
 [ 0.3445578   0.49773246 -2.2115295   0.15740284 -0.31097952  0.
  -0.02103622  0.          0.05416317  0.07685987]
 [ 0.79156464  0.32273242 -2.3282146   0.16084436 -0.4365572   0.
  -0.07815295  0.         -0.06103083  0.2304415 ]
 [-0.17474104 -0.80699825  1.196065    0.17923723 -0.10723994  0.
  -0.08415045  0.          0.04369717 -0.03161239]] 
Episode: 1024: [[-0.2572057  -0.54453063 -0.87510103  0.2657823  -0.21134187  0.
  -0.01695614  0.         -0.03670318  0.05310808]
 [ 0.279111    0.17032167 -2.260849    0.10403712 -0.19426255  0.
  -0.06560851  0.          0.05016179  0.10244496]
 [ 0.3440945   0.49756625 -2.2121644   0.15731005 -0.31149888  0.
  -0.0209331   0.          0.05416317  0.07716447]
 [ 0.791844    0.32233676 -2.3287723   0.16083711 -0.43712306  0.
  -0.07813487  0.         -0.06103083  0.2305972 ]
 [-0.17488332 -0.8070805   1.1965914   0.17951624 -0.10718426  0.
  -0.08422062  0.          0.04369717 -0.03193589]] 
Episode: 1025: [[-0.25712764 -0.5445382  -0.87447006  0.265871   -0.21115096  0.
  -0.01715144  0.         -0.03670318  0.05306327]
 [ 0.27897635  0.170245   -2.2614503   0.1040087  -0.19475316  0.
  -0.06544358  0.          0.05016179  0.10278921]
 [ 0.343707    0.49751118 -2.2128334   0.15738495 -0.31208426  0.
  -0.02073594  0.          0.05416317  0.07731014]
 [ 0.7922172   0.3219815  -2.3293655   0.16100144 -0.4377746   0.
  -0.07801384  0.         -0.06103083  0.2306668 ]
 [-0.1750893  -0.80720425  1.1971792   0.1796512  -0.10709105  0.
  -0.08439179  0.          0.04369717 -0.03218134]] 
Episode: 1026: [[-0.25713184 -0.5445814  -0.8738422   0.2659203  -0.211006    0.
  -0.01722115  0.         -0.03670318  0.0531472 ]
 [ 0.27886215  0.17022413 -2.262072    0.10399863 -0.19518292  0.
  -0.06540685  0.          0.05016179  0.10301383]
 [ 0.34337994  0.4975122  -2.2135265   0.15747803 -0.31259227  0.
  -0.02066286  0.          0.05416317  0.07731292]
 [ 0.79249173  0.32164896 -2.3299797   0.16116405 -0.43835968  0.
  -0.07800967  0.         -0.06103083  0.23085682]
 [-0.17537893 -0.80741537  1.1978027   0.17974275 -0.10706284  0.
  -0.08443781  0.          0.04369717 -0.03227254]] 
Episode: 1027: [[-0.25714803 -0.54471034 -0.8732276   0.2659994  -0.21097331  0.
  -0.01717786  0.         -0.03670318  0.05334691]
 [ 0.2786672   0.17046662 -2.262769    0.10398595 -0.19549584  0.
  -0.06548545  0.          0.05016179  0.10321692]
 [ 0.34291938  0.4977257  -2.2142785   0.15754837 -0.3129521   0.
  -0.02070143  0.          0.05416317  0.07726531]
 [ 0.7927666   0.32171646 -2.3307335   0.16131367 -0.4388638   0.
  -0.07811068  0.         -0.06103083  0.23112012]
 [-0.1756694  -0.80778116  1.1984329   0.17986043 -0.10725397  0.
  -0.08437122  0.          0.04369717 -0.03228585]] 
Episode: 1028: [[-0.25711024 -0.5448962  -0.872541    0.26608425 -0.21098801  0.
  -0.01703287  0.         -0.03670318  0.05356726]
 [ 0.2784145   0.1707224  -2.2635045   0.10398949 -0.19581209  0.
  -0.0656678   0.          0.05016179  0.10341189]
 [ 0.3423465   0.4979647  -2.215084    0.15762597 -0.31330976  0.
  -0.02084048  0.          0.05416317  0.07722377]
 [ 0.79305     0.32176277 -2.3315217   0.16148245 -0.43937898  0.
  -0.07830632  0.         -0.06103083  0.23136729]
 [-0.17591189 -0.8080995   1.1991211   0.1799618  -0.10743197  0.
  -0.08420333  0.          0.04369717 -0.03239119]] 
Episode: 1029: [[-0.2569971  -0.54509616 -0.8719407   0.26636276 -0.21075773  0.
  -0.01700841  0.         -0.03670318  0.05365756]
 [ 0.27812797  0.17109795 -2.2641218   0.10392053 -0.19616497  0.
  -0.06582311  0.          0.05016179  0.10350452]
 [ 0.34170985  0.49830028 -2.2157576   0.1575646  -0.313752    0.
  -0.02086128  0.          0.05416317  0.07705802]
 [ 0.79338056  0.32197064 -2.3321285   0.16157237 -0.43983787  0.
  -0.07858713  0.         -0.06103083  0.23148784]
 [-0.17600168 -0.8084733   1.1997229   0.1801912  -0.10747512  0.
  -0.0841243   0.          0.04369717 -0.03236879]] 
Episode: 1030: [[-0.25695312 -0.5453422  -0.8713488   0.26657557 -0.2105533   0.
  -0.0168804   0.         -0.03670318  0.053863  ]
 [ 0.27786988  0.17153575 -2.2647154   0.10388515 -0.19648807  0.
  -0.06607455  0.          0.05016179  0.10353947]
 [ 0.3411469   0.498701   -2.2164118   0.15755023 -0.3141573   0.
  -0.02098433  0.          0.05416317  0.07678062]
 [ 0.7936178   0.32220408 -2.3326888   0.16169259 -0.44026348  0.
  -0.07882664  0.         -0.06103083  0.23170236]
 [-0.1761343  -0.8089279   1.2003388   0.18036002 -0.10752427  0.
  -0.08394518  0.          0.04369717 -0.03221909]] 
Episode: 1031: [[-0.25669935 -0.5452736  -0.8705845   0.26697904 -0.21006322  0.
  -0.01687119  0.         -0.03670318  0.05392367]
 [ 0.27738622  0.171599   -2.265417    0.10367752 -0.19700883  0.
  -0.06618913  0.          0.05016179  0.10375286]
 [ 0.34041166  0.49873456 -2.2172008   0.15734397 -0.31483588  0.
  -0.02099075  0.          0.05416317  0.07665932]
 [ 0.79395     0.32236084 -2.333352    0.16160622 -0.4407845   0.
  -0.07893738  0.         -0.06103083  0.2320427 ]
 [-0.17601493 -0.8090118   1.2010932   0.18074329 -0.10720851  0.
  -0.083892    0.          0.04369717 -0.0322139 ]] 
Episode: 1032: [[-0.2566853  -0.54513544 -0.8697435   0.2671293  -0.20959307  0.
  -0.01696888  0.         -0.03670318  0.05410235]
 [ 0.27702     0.17154203 -2.2661855   0.10367002 -0.19745575  0.
  -0.06618059  0.          0.05016179  0.10388792]
 [ 0.33987007  0.49864706 -2.2180696   0.15735167 -0.31542474  0.
  -0.02089222  0.          0.05416317  0.07642203]
 [ 0.7943797   0.32257143 -2.334075    0.16172257 -0.44119185  0.
  -0.07893224  0.         -0.06103083  0.23229042]
 [-0.17599352 -0.8089095   1.2019258   0.18088168 -0.10689355  0.
  -0.08395211  0.          0.04369717 -0.0321646 ]] 
Episode: 1033: [[-0.25677148 -0.54516065 -0.8688819   0.26718011 -0.20924646  0.
  -0.01695083  0.         -0.03670318  0.05438715]
 [ 0.27671525  0.17160325 -2.266966    0.10375875 -0.1978321   0.
  -0.06613901  0.          0.05016179  0.10393135]
 [ 0.33941063  0.49869856 -2.2189555   0.15748882 -0.31590697  0.
  -0.02078291  0.          0.05416317  0.07608046]
 [ 0.79492706  0.3227059  -2.3348172   0.16198678 -0.4415636   0.
  -0.07882282  0.         -0.06103083  0.23238826]
 [-0.1759499  -0.8089267   1.2027862   0.1809182  -0.10672682  0.
  -0.08394109  0.          0.04369717 -0.03208352]] 
Episode: 1034: [[-0.25675952 -0.54527193 -0.86812395  0.26737353 -0.20903684  0.
  -0.01682862  0.         -0.03670318  0.05476736]
 [ 0.27649012  0.1716922  -2.267665    0.10374541 -0.19815867  0.
  -0.06621329  0.          0.05016179  0.10382259]
 [ 0.3390491   0.4988139  -2.2197459   0.15746738 -0.31629807  0.
  -0.02078892  0.          0.05416317  0.07564514]
 [ 0.79548436  0.32269746 -2.3354907   0.16210201 -0.44193682  0.
  -0.07882913  0.         -0.06103083  0.2324511 ]
 [-0.17586863 -0.8090199   1.2035456   0.18106116 -0.10666613  0.
  -0.08382315  0.          0.04369717 -0.03188101]] 
Episode: 1035: [[-0.25668773 -0.5450884  -0.86758345  0.26775828 -0.2085876   0.
  -0.01682459  0.         -0.03670318  0.05498546]
 [ 0.27633026  0.17148688 -2.2682445   0.10350895 -0.19849564  0.
  -0.06639183  0.          0.05016179  0.10384428]
 [ 0.33878914  0.49863082 -2.2203863   0.15725586 -0.31673983  0.
  -0.02089869  0.          0.05416317  0.07538154]
 [ 0.7960614   0.32258892 -2.3360987   0.16201231 -0.44220668  0.
  -0.07893959  0.         -0.06103083  0.2324635 ]
 [-0.17588376 -0.80894864  1.2041266   0.18143483 -0.1066137   0.
  -0.08360902  0.          0.04369717 -0.03182414]] 
Episode: 1036: [[-0.2566057  -0.54497015 -0.8670404   0.2681278  -0.2082485   0.
  -0.01671503  0.         -0.03670318  0.05530557]
 [ 0.2761591   0.17137606 -2.2688603   0.10328461 -0.1987973   0.
  -0.06666414  0.          0.05016179  0.10382187]
 [ 0.3384967   0.49853945 -2.221057    0.15704687 -0.3171219   0.
  -0.02110184  0.          0.05416317  0.0750345 ]
 [ 0.7965952   0.32253334 -2.3367643   0.16191433 -0.442493    0.
  -0.07914376  0.         -0.06103083  0.2325005 ]
 [-0.17588861 -0.8089566   1.2047089   0.18179424 -0.10665331  0.
  -0.08330835  0.          0.04369717 -0.03166975]] 
Episode: 1037: [[-0.25654185 -0.54488    -0.86651576  0.26842207 -0.20803641  0.
  -0.0165105   0.         -0.03670318  0.0556905 ]
 [ 0.27603298  0.17131634 -2.2694623   0.10309434 -0.1990198   0.
  -0.06702081  0.          0.05016179  0.10376371]
 [ 0.33827308  0.4984906  -2.2217155   0.15688108 -0.31739014  0.
  -0.02138902  0.          0.05416317  0.07464226]
 [ 0.7970818   0.32254434 -2.3374064   0.16182923 -0.44273278  0.
  -0.07943226  0.         -0.06103083  0.2325256 ]
 [-0.1759358  -0.8089942   1.205289    0.18208995 -0.10678767  0.
  -0.0829298   0.          0.04369717 -0.0314282 ]] 
Episode: 1038: [[-0.25660327 -0.5445736  -0.8659708   0.26889706 -0.20785402  0.
  -0.01643236  0.         -0.03670318  0.05594809]
 [ 0.27607375  0.17111902 -2.2700229   0.10275869 -0.19898579  0.
  -0.06745338  0.          0.05016179  0.10354643]
 [ 0.33830252  0.498307   -2.2223501   0.15654002 -0.31736574  0.
  -0.02175181  0.          0.05416317  0.07416147]
 [ 0.7976032   0.32254604 -2.3379507   0.16155973 -0.4426239   0.
  -0.07979665  0.         -0.06103083  0.23240043]
 [-0.17611864 -0.8090557   1.2058443   0.18251622 -0.10712565  0.
  -0.08269711  0.          0.04369717 -0.03108149]] 
Episode: 1039: [[-0.2564449  -0.54430187 -0.8653078   0.26943183 -0.20762229  0.
  -0.01646795  0.         -0.03670318  0.05605596]
 [ 0.2759934   0.17080644 -2.2706463   0.1024183  -0.19907984  0.
  -0.06773101  0.          0.05016179  0.1035328 ]
 [ 0.33809963  0.49802837 -2.2230687   0.15616758 -0.31749648  0.
  -0.02197396  0.          0.05416317  0.07385685]
 [ 0.7982548   0.32230827 -2.3385427   0.16128859 -0.4426649   0.
  -0.08001982  0.         -0.06103083  0.23234944]
 [-0.17622252 -0.8089776   1.2064683   0.18298312 -0.10737105  0.
  -0.08254124  0.          0.04369717 -0.03089897]] 
Episode: 1040: [[-0.2563553  -0.5440573  -0.86470616  0.26990837 -0.20740248  0.
  -0.01660588  0.         -0.03670318  0.05614654]
 [ 0.2759291   0.17053764 -2.271212    0.10212422 -0.19918509  0.
  -0.06786925  0.          0.05016179  0.10355624]
 [ 0.33793664  0.49778453 -2.2237191   0.15584794 -0.31763986  0.
  -0.02206955  0.          0.05416317  0.07364213]
 [ 0.7987819   0.32212922 -2.3390841   0.16107006 -0.44272256  0.
  -0.08011593  0.         -0.06103083  0.232415  ]
 [-0.17639136 -0.80891377  1.2070353   0.18339613 -0.10756847  0.
  -0.08250898  0.          0.04369717 -0.03074347]] 
Episode: 1041: [[-0.25633264 -0.5438983  -0.8640679   0.2703064  -0.20720296  0.
  -0.01683589  0.         -0.03670318  0.05619901]
 [ 0.27583063  0.1703294  -2.2718267   0.10191492 -0.19933853  0.
  -0.0678821   0.          0.05016179  0.10360667]
 [ 0.33772367  0.49761334 -2.2244205   0.15563275 -0.31783134  0.
  -0.02205124  0.          0.05416317  0.07348778]
 [ 0.7993397   0.3218452  -2.3396904   0.16097173 -0.44286606  0.
  -0.08009769  0.         -0.06103083  0.23247837]
 [-0.1765694  -0.80891937  1.2076638   0.18372351 -0.10775355  0.
  -0.08258794  0.          0.04369717 -0.03069436]] 
Episode: 1042: [[-0.2562934  -0.5436944  -0.86350447  0.2707616  -0.2069962   0.
  -0.01714876  0.         -0.03670318  0.05612221]
 [ 0.27580938  0.17009698 -2.272341    0.10166875 -0.19943835  0.
  -0.06800519  0.          0.05016179  0.10355132]
 [ 0.33761537  0.4974174  -2.2250113   0.15534827 -0.3179592   0.
  -0.02213909  0.          0.05416317  0.07322097]
 [ 0.80000633  0.3215889  -2.3401644   0.16078828 -0.44292855  0.
  -0.08018599  0.         -0.06103083  0.23238756]
 [-0.17663404 -0.8088887   1.2082123   0.18408795 -0.10795135  0.
  -0.08276698  0.          0.04369717 -0.03060041]] 
Episode: 1043: [[-0.25621754 -0.5433399  -0.86278045  0.27108502 -0.20670132  0.
  -0.01753619  0.         -0.03670318  0.05592917]
 [ 0.2757855   0.16963309 -2.2729514   0.10148048 -0.19961673  0.
  -0.06800444  0.          0.05016179  0.10368309]
 [ 0.3374719   0.49699914 -2.2257211   0.15514734 -0.31820002  0.
  -0.02211383  0.          0.05416317  0.07310885]
 [ 0.8007044   0.32116437 -2.3407168   0.16066025 -0.4430445   0.
  -0.08016075  0.         -0.06103083  0.23244686]
 [-0.17668591 -0.8087234   1.2088648   0.18441533 -0.10801352  0.
  -0.08303605  0.          0.04369717 -0.0306454 ]] 
Episode: 1044: [[-0.2561795  -0.5430913  -0.8619842   0.27122858 -0.20643987  0.
  -0.01799069  0.         -0.03670318  0.0556316 ]
 [ 0.27572387  0.16928507 -2.273632    0.10142056 -0.1998405   0.
  -0.06789227  0.          0.05016179  0.10389452]
 [ 0.33725697  0.4966876  -2.2265093   0.15512815 -0.3184891   0.
  -0.0219868   0.          0.05416317  0.07313584]
 [ 0.80133134  0.32076934 -2.3413415   0.1607019  -0.44325185  0.
  -0.08003333  0.         -0.06103083  0.2325441 ]
 [-0.17673814 -0.80863243  1.2096194   0.1845833  -0.10807757  0.
  -0.08338614  0.          0.04369717 -0.03081529]] 
Episode: 1045: [[-0.2561764  -0.5428784  -0.86123073  0.27131787 -0.20621242  0.
  -0.01829386  0.         -0.03670318  0.05548775]
 [ 0.27572402  0.16898069 -2.2742827   0.10138558 -0.20003174  0.
  -0.06788683  0.          0.05016179  0.10402339]
 [ 0.33713666  0.49642175 -2.2272618   0.1551423  -0.31873554  0.
  -0.02197678  0.          0.05416317  0.07303233]
 [ 0.80193555  0.3204376  -2.3419275   0.16075628 -0.44342408  0.
  -0.08002336  0.         -0.06103083  0.23258154]
 [-0.17679654 -0.8085755   1.210347    0.18469656 -0.10815157  0.
  -0.08360747  0.          0.04369717 -0.03086372]] 
Episode: 1046: [[-0.2562579  -0.542678   -0.86051565  0.27134642 -0.20605057  0.
  -0.01846085  0.         -0.03670318  0.05548213]
 [ 0.27574557  0.16871205 -2.274906    0.10136238 -0.2001718   0.
  -0.06792265  0.          0.05016179  0.10408358]
 [ 0.33707866  0.4961868  -2.2279816   0.15517424 -0.31891447  0.
  -0.02207205  0.          0.05416317  0.07281151]
 [ 0.80243653  0.32014513 -2.3424945   0.16079375 -0.4435553   0.
  -0.07990969  0.         -0.06103083  0.23268183]
 [-0.17693633 -0.80855054  1.2110432   0.18478574 -0.10825882  0.
  -0.0836987   0.          0.04369717 -0.03077793]] 
Episode: 1047: [[-0.25629702 -0.5425299  -0.85980874  0.2714412  -0.20591767  0.
  -0.0185053   0.         -0.03670318  0.05560083]
 [ 0.27567947  0.1684608  -2.2755418   0.10131043 -0.20039867  0.
  -0.067864    0.          0.05016179  0.10414422]
 [ 0.33687034  0.49598053 -2.2287087   0.15515186 -0.3191855   0.
  -0.02208837  0.          0.05416317  0.07254802]
 [ 0.8029593   0.31973892 -2.3430889   0.16079624 -0.44383833  0.
  -0.07970271  0.         -0.06103083  0.2329125 ]
 [-0.17706971 -0.8085266   1.2117486   0.18492734 -0.10835276  0.
  -0.08367287  0.          0.04369717 -0.03068469]] 
Episode: 1048: [[-0.25636357 -0.5424522  -0.85912865  0.2714772  -0.2058531   0.
  -0.01843948  0.         -0.03670318  0.05583131]
 [ 0.27563158  0.16825429 -2.2761412   0.10127867 -0.20062788  0.
  -0.06787203  0.          0.05016179  0.10415503]
 [ 0.3367083   0.495831   -2.2293975   0.15515985 -0.31944618  0.
  -0.02220738  0.          0.05416317  0.07220282]
 [ 0.80336523  0.31929445 -2.3436472   0.16080293 -0.44415674  0.
  -0.07945906  0.         -0.06103083  0.23315592]
 [-0.1772541  -0.8085633   1.2124158   0.18502687 -0.10844118  0.
  -0.08357048  0.          0.04369717 -0.03054034]] 
Episode: 1049: [[-0.25647375 -0.5424496  -0.85838664  0.27145222 -0.20587984  0.
  -0.01827444  0.         -0.03670318  0.05616231]
 [ 0.27556962  0.16810444 -2.2767885   0.10130694 -0.20084484  0.
  -0.06799086  0.          0.05016179  0.10417721]
 [ 0.33652937  0.49574184 -2.230145    0.15524668 -0.31967694  0.
  -0.0224188   0.          0.05416317  0.07187217]
 [ 0.80375355  0.31882563 -2.3442533   0.16089138 -0.4445042   0.
  -0.07934451  0.         -0.06103083  0.23350325]
 [-0.1774152  -0.8086544   1.2131623   0.185048   -0.10861035  0.
  -0.0833704   0.          0.04369717 -0.03038404]] 
Episode: 1050: [[-0.25662646 -0.54236865 -0.85772705  0.27150437 -0.20597187  0.
  -0.01802011  0.         -0.03670318  0.05643138]
 [ 0.2755241   0.16789183 -2.2773468   0.10128134 -0.2009694   0.
  -0.06820939  0.          0.05016179  0.10415269]
 [ 0.33640078  0.49561855 -2.2307918   0.15524445 -0.31979203  0.
  -0.02271338  0.          0.05416317  0.07153201]
 [ 0.80415785  0.31834215 -2.344719    0.16089177 -0.4447501   0.
  -0.07934615  0.         -0.06103083  0.23375702]
 [-0.17761205 -0.8088247   1.2138432   0.1851165  -0.10886966  0.
  -0.08308241  0.          0.04369717 -0.03011391]] 
Episode: 1051: [[-0.25672406 -0.5422765  -0.85715556  0.27152434 -0.20608693  0.
  -0.01789703  0.         -0.03670318  0.05654975]
 [ 0.2754606   0.16764157 -2.2778692   0.10127502 -0.20113549  0.
  -0.06829446  0.          0.05016179  0.10427943]
 [ 0.33623943  0.49543926 -2.2313857   0.15526961 -0.31994978  0.
  -0.02287418  0.          0.05416317  0.07135388]
 [ 0.80451655  0.31789345 -2.3451862   0.16091841 -0.44506803  0.
  -0.07924291  0.         -0.06103083  0.23397346]
 [-0.17781925 -0.8088875   1.2144477   0.18516238 -0.10906435  0.
  -0.08293117  0.          0.04369717 -0.03000038]] 
Episode: 1052: [[-0.25672945 -0.54216313 -0.85671824  0.271579   -0.20630555  0.
  -0.01768048  0.         -0.03670318  0.05668946]
 [ 0.27549353  0.16735095 -2.2783043   0.10120593 -0.20124583  0.
  -0.06848256  0.          0.05016179  0.1043327 ]
 [ 0.33619955  0.49522516 -2.2318711   0.1552072  -0.32001835  0.
  -0.02312319  0.          0.05416317  0.07109004]
 [ 0.8049135   0.3173796  -2.345598    0.16082273 -0.4453587   0.
  -0.07925472  0.         -0.06103083  0.23404157]
 [-0.17798884 -0.808953    1.2149343   0.18525307 -0.1093521   0.
  -0.08268716  0.          0.04369717 -0.02976886]] 
Episode: 1053: [[-0.25676364 -0.5420701  -0.8563265   0.2716195  -0.20650153  0.
  -0.01747684  0.         -0.03670318  0.05684547]
 [ 0.27555147  0.16712745 -2.278697    0.10115495 -0.20134102  0.
  -0.06876336  0.          0.05016179  0.10434778]
 [ 0.33620635  0.49506462 -2.2323077   0.15516584 -0.32007542  0.
  -0.02345156  0.          0.05416317  0.07079149]
 [ 0.805271    0.31695592 -2.3459666   0.1607552  -0.44561702  0.
  -0.07937003  0.         -0.06103083  0.23406652]
 [-0.1781707  -0.8090474   1.215359    0.18532114 -0.10960966  0.
  -0.08249678  0.          0.04369717 -0.02951996]] 
Episode: 1054: [[-0.25682542 -0.54191947 -0.8560148   0.27181047 -0.20660143  0.
  -0.01718772  0.         -0.03670318  0.05710962]
 [ 0.2757064   0.16691084 -2.2790139   0.10101376 -0.20137201  0.
  -0.06912754  0.          0.05016179  0.10423305]
 [ 0.33636564  0.4949063  -2.2326608   0.15498275 -0.32007563  0.
  -0.02385137  0.          0.05416317  0.07039507]
 [ 0.8056348   0.3166172  -2.3462424   0.16056421 -0.44573674  0.
  -0.0795785   0.         -0.06103083  0.23395969]
 [-0.1783745  -0.8091593   1.2157139   0.1854769  -0.10987251  0.
  -0.08221748  0.          0.04369717 -0.02916664]] 
Episode: 1055: [[-0.25685647 -0.5417831  -0.855685    0.2721347  -0.20662765  0.
  -0.01686036  0.         -0.03670318  0.0573426 ]
 [ 0.27591035  0.16669552 -2.2793238   0.10084181 -0.2014348   0.
  -0.06956674  0.          0.05016179  0.10404555]
 [ 0.33655953  0.49474835 -2.2330065   0.15473028 -0.32012516  0.
  -0.02431544  0.          0.05416317  0.06991068]
 [ 0.8061593   0.3162751  -2.346499    0.16036823 -0.44585088  0.
  -0.07987078  0.         -0.06103083  0.2337158 ]
 [-0.17844328 -0.80923307  1.2160748   0.18570565 -0.11005474  0.
  -0.0819191   0.          0.04369717 -0.02882935]] 
Episode: 1056: [[-0.2569925  -0.54170245 -0.85531515  0.27228567 -0.20665734  0.
  -0.01667164  0.         -0.03670318  0.05754266]
 [ 0.27608055  0.16653265 -2.2796774   0.10078052 -0.20153731  0.
  -0.06985047  0.          0.05016179  0.10391014]
 [ 0.33672518  0.4946341  -2.2334013   0.15464506 -0.32022095  0.
  -0.02462881  0.          0.05416317  0.06952897]
 [ 0.8065967   0.31597483 -2.3468015   0.16031191 -0.4460222   0.
  -0.08002915  0.         -0.06103083  0.23356195]
 [-0.17860112 -0.80931395  1.2164745   0.18579538 -0.11020672  0.
  -0.0817586   0.          0.04369717 -0.0286011 ]] 
Episode: 1057: [[-0.25713792 -0.54165506 -0.85491097  0.27230817 -0.20677333  0.
  -0.0166077   0.         -0.03670318  0.0576951 ]
 [ 0.27623934  0.16636063 -2.2800596   0.10077877 -0.20163515  0.
  -0.06999433  0.          0.05016179  0.10382201]
 [ 0.3368778   0.49451873 -2.233829    0.15465495 -0.32029852  0.
  -0.02480657  0.          0.05416317  0.06925151]
 [ 0.80698985  0.31561482 -2.3471458   0.16031268 -0.44622976  0.
  -0.080067    0.         -0.06103083  0.23345846]
 [-0.17876424 -0.80937356  1.2168993   0.18580374 -0.11038068  0.
  -0.08172219  0.          0.04369717 -0.02846884]] 
Episode: 1058: [[-0.2571241  -0.5416156  -0.8546242   0.27223817 -0.20701501  0.
  -0.01665602  0.         -0.03670318  0.05770821]
 [ 0.27633318  0.16614892 -2.2804022   0.10082778 -0.20168526  0.
  -0.07001235  0.          0.05016179  0.10392495]
 [ 0.33687776  0.4943338  -2.2342024   0.15474038 -0.32031304  0.
  -0.02486228  0.          0.05416317  0.06912979]
 [ 0.80743873  0.31524745 -2.3475356   0.16037753 -0.4464092   0.
  -0.07999641  0.         -0.06103083  0.23331675]
 [-0.17890179 -0.8093006   1.217282    0.18578945 -0.11051375  0.
  -0.08179741  0.          0.04369717 -0.02847939]] 
Episode: 1059: [[-0.25715172 -0.5415246  -0.85435146  0.27213895 -0.20714934  0.
  -0.01680535  0.         -0.03670318  0.05759602]
 [ 0.27640828  0.16582902 -2.2807276   0.10088564 -0.20181113  0.
  -0.06991714  0.          0.05016179  0.10412151]
 [ 0.33685467  0.49406582 -2.2345521   0.1548422  -0.32043248  0.
  -0.02480817  0.          0.05416317  0.06914809]
 [ 0.8078131   0.31477192 -2.3479166   0.16044879 -0.44663993  0.
  -0.07982823  0.         -0.06103083  0.23333727]
 [-0.1790768  -0.8091934   1.217633    0.18575634 -0.11058931  0.
  -0.08197308  0.          0.04369717 -0.02854812]] 
Episode: 1060: [[-0.2571423  -0.5415649  -0.8539226   0.2720323  -0.20746961  0.
  -0.01704559  0.         -0.03670318  0.05740671]
 [ 0.27641058  0.16563192 -2.2811475   0.10101034 -0.20189899  0.
  -0.06972009  0.          0.05016179  0.10431194]
 [ 0.33668616  0.49390426 -2.2350168   0.15502596 -0.32047287  0.
  -0.02465524  0.          0.05416317  0.06917297]
 [ 0.8083067   0.31434977 -2.3483508   0.16064924 -0.44691625  0.
  -0.07957223  0.         -0.06103083  0.23334037]
 [-0.17919792 -0.8091073   1.2181033   0.18568043 -0.11078154  0.
  -0.0822204   0.          0.04369717 -0.0286898 ]] 
Episode: 1061: [[-0.25697184 -0.541621   -0.8536255   0.2721478  -0.20780835  0.
  -0.01715595  0.         -0.03670318  0.05736035]
 [ 0.27655494  0.16551746 -2.2814662   0.10095962 -0.20200495  0.
  -0.06965414  0.          0.05016179  0.10430108]
 [ 0.3367045   0.4938314  -2.2353616   0.15499812 -0.32050812  0.
  -0.02462184  0.          0.05416317  0.06906752]
 [ 0.80894756  0.31397334 -2.3486738   0.1606353  -0.44725338  0.
  -0.07944649  0.         -0.06103083  0.23319523]
 [-0.1791162  -0.80914176  1.2184323   0.18579398 -0.11104656  0.
  -0.08233497  0.          0.04369717 -0.02868768]] 
Episode: 1062: [[-0.25703377 -0.54118955 -0.85369873  0.27246216 -0.20814823  0.
  -0.01714944  0.         -0.03670318  0.05744254]
 [ 0.27687046  0.16523203 -2.28154     0.10057772 -0.20168738  0.
  -0.06970616  0.          0.05016179  0.10410972]
 [ 0.33695042  0.49350697 -2.235408    0.15478064 -0.3200787   0.
  -0.02469601  0.          0.05416317  0.0688449 ]
 [ 0.80957276  0.31417313 -2.3487659   0.16042924 -0.44698247  0.
  -0.07943796  0.         -0.06103083  0.23291695]
 [-0.17911829 -0.80902034  1.2184795   0.186191   -0.11157565  0.
  -0.08233011  0.          0.04369717 -0.02855628]] 
Episode: 1063: [[-0.25701353 -0.54080576 -0.85377294  0.2726776  -0.20844276  0.
  -0.0172494   0.         -0.03670318  0.05739263]
 [ 0.2772835   0.16501996 -2.2816024   0.10024547 -0.20143068  0.
  -0.06964163  0.          0.05016179  0.10397817]
 [ 0.33733526  0.49325106 -2.235449    0.15461339 -0.31971553  0.
  -0.02465853  0.          0.05416317  0.06877235]
 [ 0.8103315   0.31443045 -2.3488321   0.16022378 -0.4467801   0.
  -0.07944098  0.         -0.06103083  0.23251908]
 [-0.17906877 -0.8089362   1.2185252   0.186502   -0.11207248  0.
  -0.08243369  0.          0.04369717 -0.02856751]] 
Episode: 1064: [[-0.2570195  -0.54049885 -0.8537679   0.2728269  -0.208681    0.
  -0.01739634  0.         -0.03670318  0.05730615]
 [ 0.27768013  0.16483845 -2.2817085   0.09998972 -0.20120317  0.
  -0.06969487  0.          0.05016179  0.10378058]
 [ 0.3376997   0.49303347 -2.2355402   0.15452203 -0.3193965   0.
  -0.02472902  0.          0.05416317  0.06857943]
 [ 0.81116205  0.3146226  -2.3489325   0.16010405 -0.446577    0.
  -0.0795484   0.         -0.06103083  0.23201379]
 [-0.17898387 -0.80885404  1.2186224   0.1867569  -0.11250737  0.
  -0.08252241  0.          0.04369717 -0.02853317]] 
Episode: 1065: [[-0.25703457 -0.54019845 -0.85371345  0.27302495 -0.20894147  0.
  -0.01742271  0.         -0.03670318  0.05735222]
 [ 0.2780479   0.1646346  -2.281832    0.09972822 -0.20099589  0.
  -0.06974916  0.          0.05016179  0.10355658]
 [ 0.33803493  0.49280283 -2.2356565   0.15438977 -0.31910053  0.
  -0.02488429  0.          0.05416317  0.06830331]
 [ 0.81193465  0.31476748 -2.3490508   0.15996447 -0.44640222  0.
  -0.07954038  0.         -0.06103083  0.23157348]
 [-0.17893393 -0.8087773   1.2187339   0.18702497 -0.11290859  0.
  -0.08255264  0.          0.04369717 -0.02845322]] 
Episode: 1066: [[-0.2571988  -0.5400733  -0.853493    0.27300406 -0.20891768  0.
  -0.0175523   0.         -0.03670318  0.0575175 ]
 [ 0.27844822  0.16469249 -2.28206     0.09962216 -0.20091967  0.
  -0.06968664  0.          0.05016179  0.10317377]
 [ 0.33843654  0.4928212  -2.2359035   0.15446341 -0.31899467  0.
  -0.0249198   0.          0.05416317  0.06792734]
 [ 0.81282526  0.31507325 -2.349206    0.15999468 -0.44627678  0.
  -0.07942847  0.         -0.06103083  0.23113868]
 [-0.17897846 -0.8088611   1.2189978   0.1871237  -0.11320639  0.
  -0.08250063  0.          0.04369717 -0.02825179]] 
Episode: 1067: [[-0.2571966  -0.53983146 -0.8531935   0.27292082 -0.20897746  0.
  -0.01777476  0.         -0.03670318  0.05754241]
 [ 0.27865073  0.1645387  -2.2823646   0.09956589 -0.20088767  0.
  -0.06951904  0.          0.05016179  0.10301109]
 [ 0.33856806  0.4926216  -2.236237    0.15459505 -0.31894627  0.
  -0.02484754  0.          0.05416317  0.06771665]
 [ 0.81352067  0.31524268 -2.349453    0.1600795  -0.4462342   0.
  -0.07922309  0.         -0.06103083  0.2308953 ]
 [-0.17904612 -0.808748    1.2193274   0.18719357 -0.11334768  0.
  -0.08256194  0.          0.04369717 -0.02820004]] 
Episode: 1068: [[-0.25719064 -0.53960776 -0.8528881   0.2728031  -0.20900556  0.
  -0.01786912  0.         -0.03670318  0.0576583 ]
 [ 0.27886832  0.16439396 -2.282706    0.09953924 -0.20088919  0.
  -0.06947955  0.          0.05016179  0.10282876]
 [ 0.33872646  0.49243826 -2.2366102   0.1547519  -0.3189397   0.
  -0.02488673  0.          0.05416317  0.06745025]
 [ 0.81412417  0.31539357 -2.349753    0.1601795  -0.44622898  0.
  -0.07914293  0.         -0.06103083  0.23065525]
 [-0.17905675 -0.80865306  1.2196698   0.18720807 -0.11343071  0.
  -0.08250901  0.          0.04369717 -0.02806752]] 
Episode: 1069: [[-0.25715214 -0.53939    -0.85246027  0.27272183 -0.20907883  0.
  -0.01805987  0.         -0.03670318  0.05763883]
 [ 0.2789958   0.16421509 -2.2831173   0.09953824 -0.20088704  0.
  -0.0693327   0.          0.05016179  0.10281568]
 [ 0.3387362   0.4922088  -2.2370718   0.15491794 -0.3189268   0.
  -0.02481779  0.          0.05416317  0.06733809]
 [ 0.8147498   0.3155117  -2.3500993   0.1603376  -0.44623947  0.
  -0.07896613  0.         -0.06103083  0.23054518]
 [-0.17903483 -0.8084972   1.2200831   0.1872297  -0.11353558  0.
  -0.08256947  0.          0.04369717 -0.02807772]] 
Episode: 1070: [[-0.2570928  -0.5392284  -0.8519913   0.27252692 -0.20903815  0.
  -0.01833733  0.         -0.03670318  0.05749763]
 [ 0.2790681   0.16401221 -2.2835312   0.0996093  -0.20102882  0.
  -0.06908928  0.          0.05016179  0.10298481]
 [ 0.338659    0.49196988 -2.2375405   0.15518019 -0.31910193  0.
  -0.02465156  0.          0.05416317  0.06736464]
 [ 0.8152767   0.3154823  -2.3504717   0.16057453 -0.44638336  0.
  -0.07870236  0.         -0.06103083  0.23059374]
 [-0.17905116 -0.8083207   1.220504    0.18717791 -0.11346942  0.
  -0.08273195  0.          0.04369717 -0.02821623]] 
Episode: 1071: [[-0.2570436  -0.53907055 -0.8514719   0.27221844 -0.20898083  0.
  -0.01869284  0.         -0.03670318  0.05724696]
 [ 0.27912298  0.16379698 -2.2839842   0.09973551 -0.2011745   0.
  -0.06875896  0.          0.05016179  0.1032984 ]
 [ 0.3385693   0.49171686 -2.2380579   0.15551737 -0.31928852  0.
  -0.02439777  0.          0.05416317  0.0675159 ]
 [ 0.8157141   0.3154642  -2.3508914   0.16085267 -0.4465162   0.
  -0.07836034  0.         -0.06103083  0.23073955]
 [-0.17913516 -0.80811447  1.2209561   0.18706305 -0.11335684  0.
  -0.08298623  0.          0.04369717 -0.02847011]] 
Episode: 1072: [[-0.25701705 -0.5388949  -0.8509924   0.2718518  -0.20896755  0.
  -0.01911855  0.         -0.03670318  0.05689786]
 [ 0.2791643   0.16357    -2.2844098   0.09989198 -0.20130672  0.
  -0.06835048  0.          0.05016179  0.10371967]
 [ 0.33846584  0.49144313 -2.2385406   0.1558889  -0.31945956  0.
  -0.0240652   0.          0.05416317  0.06777929]
 [ 0.81612617  0.31546327 -2.351313    0.16115251 -0.44664133  0.
  -0.07794791  0.         -0.06103083  0.23098645]
 [-0.17921887 -0.8078693   1.2213856   0.18692827 -0.11322131  0.
  -0.0833231   0.          0.04369717 -0.02882769]] 
Episode: 1073: [[-0.2570399  -0.538791   -0.8505187   0.27143335 -0.20890659  0.
  -0.01960745  0.         -0.03670318  0.05656412]
 [ 0.27916428  0.16340151 -2.284833    0.10009567 -0.2015029   0.
  -0.06788808  0.          0.05016179  0.10412627]
 [ 0.33832175  0.49124005 -2.239019    0.15631996 -0.31971136  0.
  -0.02366174  0.          0.05416317  0.06806653]
 [ 0.8164007   0.31538996 -2.3517585   0.1615064  -0.4468412   0.
  -0.07747211  0.         -0.06103083  0.23119773]
 [-0.17935589 -0.8077002   1.2218113   0.18672167 -0.11304043  0.
  -0.08373427  0.          0.04369717 -0.02924864]] 
Episode: 1074: [[-0.2570733  -0.53870857 -0.8500536   0.2710568  -0.20882173  0.
  -0.02010962  0.         -0.03670318  0.05629756]
 [ 0.2791425   0.16322063 -2.2852862   0.10028542 -0.2017774   0.
  -0.06736076  0.          0.05016179  0.1045083 ]
 [ 0.3381508   0.49104524 -2.2395236   0.15671535 -0.32004985  0.
  -0.02319448  0.          0.05416317  0.06833936]
 [ 0.81665426  0.315188   -2.3522606   0.16183998 -0.44716159  0.
  -0.07693931  0.         -0.06103083  0.23146504]
 [-0.1795038  -0.8075596   1.2222509   0.1865356  -0.11284129  0.
  -0.08414431  0.          0.04369717 -0.02963229]] 
Episode: 1075: [[-0.25707752 -0.5387433  -0.8496657   0.27068383 -0.20882222  0.
  -0.02045571  0.         -0.03670318  0.05617418]
 [ 0.2789995   0.16310456 -2.2857275   0.10048615 -0.20206977  0.
  -0.06699747  0.          0.05016179  0.10491079]
 [ 0.33779067  0.49094498 -2.2399998   0.1571173  -0.32039565  0.
  -0.02287813  0.          0.05416317  0.06864389]
 [ 0.8168151   0.31486595 -2.3528297   0.1621812  -0.44755828  0.
  -0.0763552   0.         -0.06103083  0.23184055]
 [-0.17976746 -0.8074924   1.2225878   0.18633385 -0.11268474  0.
  -0.0844052   0.          0.04369717 -0.03007712]] 
Episode: 1076: [[-0.25703824 -0.5387844  -0.84925675  0.27044222 -0.20886537  0.
  -0.02080866  0.         -0.03670318  0.0559395 ]
 [ 0.2788294   0.16296631 -2.2861772   0.10064612 -0.20235364  0.
  -0.06663623  0.          0.05016179  0.10536361]
 [ 0.3373839   0.49083298 -2.2404878   0.15743278 -0.3207208   0.
  -0.02251813  0.          0.05416317  0.06904533]
 [ 0.8170153   0.3144767  -2.3533957   0.16250002 -0.44797868  0.
  -0.07572492  0.         -0.06103083  0.23224632]
 [-0.17985617 -0.8074291   1.2229515   0.18621671 -0.11261353  0.
  -0.08461577  0.          0.04369717 -0.03060651]] 
Episode: 1077: [[-0.25694236 -0.5387601  -0.84911656  0.27043587 -0.20887157  0.
  -0.0210204   0.         -0.03670318  0.05560474]
 [ 0.2786524   0.16276404 -2.2864826   0.10060696 -0.20262082  0.
  -0.06642245  0.          0.05016179  0.10588043]
 [ 0.336963    0.49067003 -2.240788    0.15752332 -0.32103175  0.
  -0.02229833  0.          0.05416317  0.06953388]
 [ 0.81712794  0.3140138  -2.353886    0.16260126 -0.44836438  0.
  -0.07526232  0.         -0.06103083  0.23267376]
 [-0.17999303 -0.80738646  1.2231388   0.18632603 -0.11255664  0.
  -0.08469711  0.          0.04369717 -0.03107002]] 
Episode: 1078: [[-0.2569073  -0.5386357  -0.8492229   0.27064016 -0.20889084  0.
  -0.02110509  0.         -0.03670318  0.05542716]
 [ 0.2785136   0.1625919  -2.2866235   0.10044634 -0.20272444  0.
  -0.06634133  0.          0.05016179  0.10626052]
 [ 0.33665258  0.49050075 -2.2408924   0.15741225 -0.32115617  0.
  -0.02220471  0.          0.05416317  0.069846  ]
 [ 0.81726855  0.31378543 -2.3542447   0.16254775 -0.44852042  0.
  -0.07495061  0.         -0.06103083  0.23309581]
 [-0.18017982 -0.8074005   1.2230797   0.1866065  -0.112606    0.
  -0.08466217  0.          0.04369717 -0.03135769]] 
Episode: 1079: [[-0.2568864  -0.5385825  -0.8493175   0.2707997  -0.20895274  0.
  -0.02107543  0.         -0.03670318  0.05539094]
 [ 0.27846396  0.16253217 -2.2867649   0.10031153 -0.2027852   0.
  -0.06637958  0.          0.05016179  0.10647528]
 [ 0.33648023  0.4904417  -2.2410016   0.15732932 -0.32121795  0.
  -0.02222462  0.          0.05416317  0.06999946]
 [ 0.8175421   0.31362522 -2.354568    0.16249941 -0.44865012  0.
  -0.07477467  0.         -0.06103083  0.23332764]
 [-0.18031451 -0.80752987  1.2230355   0.18682939 -0.11274451  0.
  -0.0845226   0.          0.04369717 -0.03148726]] 
Episode: 1080: [[-0.2566516  -0.5384787  -0.849248    0.27101025 -0.20898814  0.
  -0.02097251  0.         -0.03670318  0.05523486]
 [ 0.27833214  0.16238081 -2.2869942   0.10011162 -0.20299019  0.
  -0.06630278  0.          0.05016179  0.10684875]
 [ 0.3361253   0.49027857 -2.241229    0.15714277 -0.3214477   0.
  -0.02213838  0.          0.05416317  0.07026477]
 [ 0.8177942   0.31344983 -2.3549447   0.16233523 -0.4489651   0.
  -0.07451175  0.         -0.06103083  0.23368365]
 [-0.18036675 -0.8075344   1.2231221   0.18716192 -0.11272765  0.
  -0.08442077  0.          0.04369717 -0.03173295]] 
Episode: 1081: [[-0.25657693 -0.5386596  -0.84903246  0.2710047  -0.20906276  0.
  -0.020774    0.         -0.03670318  0.05521788]
 [ 0.2782165   0.16246153 -2.2873228   0.10008143 -0.20323113  0.
  -0.06634486  0.          0.05016179  0.10700408]
 [ 0.3357863   0.49039117 -2.241576    0.15716733 -0.3216923   0.
  -0.02216492  0.          0.05416317  0.07037625]
 [ 0.8182181   0.31315008 -2.3553746   0.16238163 -0.4493717   0.
  -0.07437972  0.         -0.06103083  0.23385637]
 [-0.18048683 -0.8077418   1.2233553   0.1872951  -0.11284648  0.
  -0.08422094  0.          0.04369717 -0.03182488]] 
Episode: 1082: [[-0.25651523 -0.53888893 -0.84887546  0.2710714  -0.20924726  0.
  -0.02048948  0.         -0.03670318  0.05532599]
 [ 0.27811256  0.16258098 -2.2875726   0.09999202 -0.20338699  0.
  -0.06649391  0.          0.05016179  0.10701532]
 [ 0.3354725   0.49054328 -2.2418363   0.15709887 -0.32182693  0.
  -0.02229296  0.          0.05416317  0.0703494 ]
 [ 0.81863934  0.31287742 -2.3557193   0.16232306 -0.4496891   0.
  -0.07436546  0.         -0.06103083  0.23403972]
 [-0.18065006 -0.8079598   1.2235043   0.18748973 -0.11301583  0.
  -0.08393294  0.          0.04369717 -0.03177857]] 
Episode: 1083: [[-0.2565041  -0.53904873 -0.84870684  0.27119076 -0.20953289  0.
  -0.02012756  0.         -0.03670318  0.05554659]
 [ 0.2780453   0.1626424  -2.2878323   0.09986315 -0.20341057  0.
  -0.06673919  0.          0.05016179  0.10692415]
 [ 0.33523715  0.49063897 -2.2421112   0.15696548 -0.321795    0.
  -0.02251233  0.          0.05416317  0.07019818]
 [ 0.8189853   0.31266576 -2.3560567   0.16219985 -0.44986448  0.
  -0.07445718  0.         -0.06103083  0.23427486]
 [-0.18087123 -0.8081652   1.2236674   0.18772875 -0.11331318  0.
  -0.08356562  0.          0.04369717 -0.03160795]] 
Episode: 1084: [[-0.2563799  -0.5391607  -0.8485973   0.27135503 -0.20979345  0.
  -0.01969602  0.         -0.03670318  0.05569181]
 [ 0.27802485  0.16267912 -2.2880385   0.09968452 -0.20346227  0.
  -0.06707103  0.          0.05016179  0.10682872]
 [ 0.3350485   0.490701   -2.242322    0.15675786 -0.32179514  0.
  -0.0228139   0.          0.05416317  0.0700576 ]
 [ 0.819352    0.31246346 -2.356339    0.16197853 -0.45008057  0.
  -0.07464428  0.         -0.06103083  0.23442449]
 [-0.18097053 -0.80832744  1.2237674   0.18799871 -0.11359886  0.
  -0.08312692  0.          0.04369717 -0.03143665]] 
Episode: 1085: [[-0.25632265 -0.5392522  -0.84847456  0.27146932 -0.21011421  0.
  -0.01920181  0.         -0.03670318  0.05592284]
 [ 0.27804428  0.16273285 -2.2882555   0.09952019 -0.20346272  0.
  -0.06748075  0.          0.05016179  0.10670735]
 [ 0.3349484   0.49076903 -2.2425485   0.15657231 -0.32172793  0.
  -0.02318942  0.          0.05416317  0.06984624]
 [ 0.8196673   0.31232637 -2.3566177   0.16174717 -0.45026246  0.
  -0.0749172   0.         -0.06103083  0.23457225]
 [-0.18112825 -0.80850536  1.2238932   0.1882305  -0.11393544  0.
  -0.08262401  0.          0.04369717 -0.03115954]] 
Episode: 1086: [[-0.25641808 -0.5394605  -0.84829444  0.2713964  -0.21043704  0.
  -0.0188629   0.         -0.03670318  0.05625404]
 [ 0.2780545   0.16289736 -2.288492    0.09950443 -0.20350455  0.
  -0.06773834  0.          0.05016179  0.10659587]
 [ 0.33485073  0.4909434  -2.2428029   0.15659766 -0.32171077  0.
  -0.02342324  0.          0.05416317  0.06960295]
 [ 0.8200191   0.31220922 -2.356908    0.16171569 -0.4505034   0.
  -0.07505828  0.         -0.06103083  0.23471266]
 [-0.1814001  -0.8087252   1.2240677   0.1882791  -0.11425507  0.
  -0.08227957  0.          0.04369717 -0.03101189]] 
Episode: 1087: [[-0.25649196 -0.5399365  -0.8480394   0.27123716 -0.21083258  0.
  -0.01866374  0.         -0.03670318  0.05646121]
 [ 0.2779936   0.16339606 -2.2888021   0.09958252 -0.20358184  0.
  -0.06787089  0.          0.05016179  0.1064723 ]
 [ 0.33462554  0.4914585  -2.2431388   0.15675025 -0.32171646  0.
  -0.02352954  0.          0.05416317  0.06933304]
 [ 0.82048225  0.3120901  -2.357251    0.16182771 -0.45087728  0.
  -0.07522079  0.         -0.06103083  0.23469119]
 [-0.18163441 -0.80924624  1.2243577   0.18822286 -0.11471015  0.
  -0.08207772  0.          0.04369717 -0.03096551]] 
Episode: 1088: [[-0.25660947 -0.54039544 -0.84775823  0.2710125  -0.21116473  0.
  -0.01859033  0.         -0.03670318  0.05673163]
 [ 0.27795127  0.1638714  -2.2891035   0.09969661 -0.20367895  0.
  -0.0678791   0.          0.05016179  0.10633545]
 [ 0.33444622  0.49195087 -2.2434716   0.15695687 -0.32175773  0.
  -0.0235211   0.          0.05416317  0.0690239 ]
 [ 0.8208815   0.31198564 -2.3575778   0.1619787  -0.45123422  0.
  -0.07526245  0.         -0.06103083  0.23466673]
 [-0.18190159 -0.8097288   1.2246546   0.18811804 -0.11508935  0.
  -0.08200417  0.          0.04369717 -0.03088488]] 
Episode: 1089: [[-0.25660622 -0.5407035  -0.8475145   0.2709983  -0.21136843  0.
  -0.01863008  0.         -0.03670318  0.05685157]
 [ 0.27783233  0.16417287 -2.2894065   0.09969772 -0.2038545   0.
  -0.06777541  0.          0.05016179  0.10639296]
 [ 0.33414218  0.4922583  -2.243799    0.15698756 -0.32191956  0.
  -0.0234094   0.          0.05416317  0.06887313]
 [ 0.82125133  0.31185406 -2.3579564   0.1620019  -0.45162418  0.
  -0.07519535  0.         -0.06103083  0.2347297 ]
 [-0.1821562  -0.81003666  1.224953    0.18814048 -0.11531354  0.
  -0.08204605  0.          0.04369717 -0.03094139]] 
Episode: 1090: [[-0.2565878  -0.54095274 -0.8472679   0.27101088 -0.21157832  0.
  -0.01856005  0.         -0.03670318  0.05698589]
 [ 0.27772233  0.1644551  -2.2897124   0.09967603 -0.2039378   0.
  -0.06779315  0.          0.05016179  0.10644216]
 [ 0.33386254  0.49253714 -2.2441313   0.15698262 -0.32198387  0.
  -0.02341297  0.          0.05416317  0.06872319]
 [ 0.8215846   0.31186217 -2.3583345   0.16198632 -0.45186633  0.
  -0.07523955  0.         -0.06103083  0.23481916]
 [-0.18238173 -0.8103226   1.2252501   0.18818468 -0.11556034  0.
  -0.08197568  0.          0.04369717 -0.03096762]] 
Episode: 1091: [[-0.2564024  -0.54115295 -0.84700215  0.2711493  -0.21224299  0.
  -0.01839124  0.         -0.03670318  0.0570209 ]
 [ 0.2775127   0.1646075  -2.2900732   0.09956349 -0.20395344  0.
  -0.06792014  0.          0.05016179  0.10663713]
 [ 0.33340606  0.49269018 -2.2445178   0.15683898 -0.32189235  0.
  -0.02352028  0.          0.05416317  0.06871566]
 [ 0.8218941   0.3118344  -2.3587859   0.16185397 -0.45224634  0.
  -0.07517474  0.         -0.06103083  0.23504741]
 [-0.18255633 -0.81041485  1.2255783   0.18837242 -0.11587419  0.
  -0.08180431  0.          0.04369717 -0.03112028]] 
Episode: 1092: [[-0.25623724 -0.54135984 -0.84672713  0.27116853 -0.21290164  0.
  -0.01834511  0.         -0.03670318  0.05693243]
 [ 0.27730823  0.164715   -2.2904487   0.09951774 -0.20401944  0.
  -0.06792341  0.          0.05016179  0.10685676]
 [ 0.33295736  0.49280137 -2.2449174   0.15679526 -0.3218571   0.
  -0.02351277  0.          0.05416317  0.06881313]
 [ 0.8222134   0.31169334 -2.359263    0.1617957  -0.45270306  0.
  -0.07501186  0.         -0.06103083  0.23528233]
 [-0.18270066 -0.81046844  1.2259228   0.18848693 -0.11617781  0.
  -0.08175813  0.          0.04369717 -0.03136676]] 
Episode: 1093: [[-0.2559559  -0.5415591  -0.846504    0.27125806 -0.2134614   0.
  -0.01840936  0.         -0.03670318  0.05672947]
 [ 0.27724072  0.16483496 -2.2908123   0.09940194 -0.20415244  0.
  -0.06803733  0.          0.05016179  0.10698778]
 [ 0.33269396  0.49292943 -2.2453      0.15665212 -0.3218967   0.
  -0.02361008  0.          0.05416317  0.06882842]
 [ 0.82269835  0.31157863 -2.3597121   0.1616098  -0.45322168  0.
  -0.07496983  0.         -0.06103083  0.23534577]
 [-0.18272865 -0.810551    1.2262136   0.18865454 -0.11644471  0.
  -0.08160855  0.          0.04369717 -0.03154296]] 
Episode: 1094: [[-0.25575215 -0.54177153 -0.84628826  0.27135652 -0.2139312   0.
  -0.01857295  0.         -0.03670318  0.05657192]
 [ 0.27714652  0.16499348 -2.2911937   0.099303   -0.2042892   0.
  -0.06806261  0.          0.05016179  0.10710423]
 [ 0.33241647  0.49309567 -2.2456946   0.15652528 -0.32195878  0.
  -0.02359359  0.          0.05416317  0.06883295]
 [ 0.82312244  0.31147814 -2.3601851   0.16146915 -0.45369515  0.
  -0.07503656  0.         -0.06103083  0.23548116]
 [-0.18279247 -0.8107004   1.2264946   0.18882358 -0.11664855  0.
  -0.08158195  0.          0.04369717 -0.03166091]] 
Episode: 1095: [[-0.25555134 -0.54190207 -0.8459843   0.27161103 -0.21441182  0.
  -0.01861441  0.         -0.03670318  0.05655358]
 [ 0.27704477  0.16511428 -2.2916822   0.09912159 -0.20437151  0.
  -0.06819635  0.          0.05016179  0.10707621]
 [ 0.3321282   0.4932171  -2.2462125   0.15626566 -0.3219594   0.
  -0.02368281  0.          0.05416317  0.06870959]
 [ 0.82338804  0.31143987 -2.360739    0.16123454 -0.45411918  0.
  -0.07520116  0.         -0.06103083  0.23575062]
 [-0.18280306 -0.8108809   1.226886    0.1890911  -0.11694504  0.
  -0.08145002  0.          0.04369717 -0.03163789]] 
Episode: 1096: [[-0.25531045 -0.54196775 -0.8456692   0.27183437 -0.2148673   0.
  -0.01854597  0.         -0.03670318  0.05650198]
 [ 0.2770412   0.16509254 -2.2922013   0.0989455  -0.2044479   0.
  -0.06842767  0.          0.05016179  0.10702419]
 [ 0.33197102  0.49321753 -2.2467635   0.15601794 -0.32195377  0.
  -0.02386717  0.          0.05416317  0.06856868]
 [ 0.823789    0.31123474 -2.3613317   0.1609827  -0.45452413  0.
  -0.07545383  0.         -0.06103083  0.23587756]
 [-0.1827379  -0.81098074  1.2272986   0.18932325 -0.11725003  0.
  -0.08122332  0.          0.04369717 -0.03160961]] 
Episode: 1097: [[-0.25518233 -0.54208785 -0.84534377  0.271972   -0.21528009  0.
  -0.01848517  0.         -0.03670318  0.05650149]
 [ 0.27706385  0.16512457 -2.2927227   0.09884549 -0.20457295  0.
  -0.0686877   0.          0.05016179  0.10698288]
 [ 0.3318797   0.49327654 -2.2473183   0.15587817 -0.32200772  0.
  -0.02413337  0.          0.05416317  0.06844027]
 [ 0.82410103  0.31099758 -2.3619258   0.16084228 -0.45497513  0.
  -0.07578574  0.         -0.06103083  0.23605412]
 [-0.18277895 -0.811169    1.2277281   0.18945488 -0.11751951  0.
  -0.08106203  0.          0.04369717 -0.03155274]] 
Episode: 1098: [[-0.2549469  -0.54187804 -0.8452176   0.2723048  -0.21561387  0.
  -0.01853627  0.         -0.03670318  0.05637753]
 [ 0.27720755  0.16491622 -2.2930512   0.09849636 -0.20453563  0.
  -0.06902108  0.          0.05016179  0.10705813]
 [ 0.33196557  0.4930576  -2.247661    0.15556106 -0.3218987   0.
  -0.02436667  0.          0.05416317  0.0684523 ]
 [ 0.8244575   0.31088808 -2.3623219   0.16052262 -0.45513618  0.
  -0.07618897  0.         -0.06103083  0.23606527]
 [-0.18278216 -0.81118274  1.2279757   0.18986592 -0.11781351  0.
  -0.08102491  0.          0.04369717 -0.03163084]] 
Episode: 1099: [[-0.25475448 -0.54168427 -0.8451314   0.27260843 -0.21595214  0.
  -0.01868805  0.         -0.03670318  0.05614256]
 [ 0.27735078  0.16475724 -2.2933185   0.09818313 -0.20450194  0.
  -0.06921005  0.          0.05016179  0.10718875]
 [ 0.33205408  0.4928695  -2.2479374   0.15527743 -0.32179487  0.
  -0.02447249  0.          0.05416317  0.06859062]
 [ 0.82483023  0.31087676 -2.3626747   0.16023135 -0.45528394  0.
  -0.07644733  0.         -0.06103083  0.23599362]
 [-0.18290444 -0.8111977   1.2281493   0.19022755 -0.11806901  0.
  -0.08109954  0.          0.04369717 -0.03183028]] 
Episode: 1100: [[-0.2543673  -0.5413508  -0.8449062   0.2730899  -0.21611008  0.
  -0.01893045  0.         -0.03670318  0.05580775]
 [ 0.2774179   0.1644934  -2.2936559   0.09773961 -0.20445056  0.
  -0.06949109  0.          0.05016179  0.10734219]
 [ 0.3319672   0.49256396 -2.2483065   0.15483135 -0.32170027  0.
  -0.02467185  0.          0.05416317  0.06884249]
 [ 0.8253234   0.31096247 -2.3630352   0.15978384 -0.45529136  0.
  -0.07678435  0.         -0.06103083  0.23578167]
 [-0.18281092 -0.8111165   1.2284288   0.19079748 -0.11824407  0.
  -0.08117444  0.          0.04369717 -0.03213881]] 
Episode: 1101: [[-0.25394556 -0.54102045 -0.8446397   0.2735683  -0.21624562  0.
  -0.01904279  0.         -0.03670318  0.05551711]
 [ 0.27749762  0.16428353 -2.294032    0.09729449 -0.20439257  0.
  -0.06985496  0.          0.05016179  0.10746304]
 [ 0.33189815  0.49229667 -2.2487218   0.15436526 -0.32160613  0.
  -0.02495538  0.          0.05416317  0.06904512]
 [ 0.82575345  0.3112154  -2.3634274   0.15930577 -0.45526436  0.
  -0.07719215  0.         -0.06103083  0.2355949 ]
 [-0.18270075 -0.8110363   1.2287681   0.1913537  -0.11837055  0.
  -0.08113375  0.          0.04369717 -0.03233093]] 
Episode: 1102: [[-0.253584   -0.5407151  -0.8443981   0.27399144 -0.2163214   0.
  -0.01903812  0.         -0.03670318  0.0553791 ]
 [ 0.27758756  0.16404168 -2.2944245   0.09689794 -0.20436801  0.
  -0.07029335  0.          0.05016179  0.10754681]
 [ 0.33186898  0.4920234  -2.2491505   0.15395345 -0.3215617   0.
  -0.02531465  0.          0.05416317  0.06915689]
 [ 0.8261588   0.31128487 -2.3638773   0.15886779 -0.45525682  0.
  -0.07766364  0.         -0.06103083  0.2354343 ]
 [-0.18264805 -0.81101435  1.2290721   0.19183598 -0.11844222  0.
  -0.08098906  0.          0.04369717 -0.03248079]] 
Episode: 1103: [[-0.2530437  -0.5401024  -0.8444029   0.27446532 -0.21622588  0.
  -0.01913968  0.         -0.03670318  0.05513153]
 [ 0.2776401   0.16348986 -2.294657    0.09645007 -0.20443645  0.
  -0.07057689  0.          0.05016179  0.1078031 ]
 [ 0.3317343   0.49142686 -2.2493756   0.15345849 -0.32165366  0.
  -0.02553386  0.          0.05416317  0.06938495]
 [ 0.82647336  0.31140712 -2.3642807   0.15830767 -0.45528054  0.
  -0.07819244  0.         -0.06103083  0.23514226]
 [-0.18252134 -0.810727    1.2291405   0.1923246  -0.11836766  0.
  -0.08096692  0.          0.04369717 -0.03274477]] 
Episode: 1104: [[-0.25258702 -0.53953236 -0.8443868   0.27489212 -0.21612751  0.
  -0.01912533  0.         -0.03670318  0.05503216]
 [ 0.27772278  0.1629387  -2.294878    0.09603968 -0.2045156   0.
  -0.07085008  0.          0.05016179  0.10797506]
 [ 0.33166507  0.49084485 -2.249591    0.15300445 -0.32175928  0.
  -0.0258017   0.          0.05416317  0.06946266]
 [ 0.8267611   0.3114289  -2.3646517   0.1577901  -0.4553161   0.
  -0.07856384  0.         -0.06103083  0.23491167]
 [-0.18243428 -0.81045634  1.229209    0.19276986 -0.11828037  0.
  -0.08087393  0.          0.04369717 -0.03286071]] 
Episode: 1105: [[-0.25221235 -0.5390438  -0.84430635  0.2752079  -0.2160513   0.
  -0.0190918   0.         -0.03670318  0.05500858]
 [ 0.2778419   0.1624675  -2.29515     0.09571396 -0.20459913  0.
  -0.07105505  0.          0.05016179  0.10810287]
 [ 0.33166748  0.49034452 -2.2498682   0.15266202 -0.32186565  0.
  -0.02595161  0.          0.05416317  0.06947628]
 [ 0.82704365  0.31145048 -2.3650577   0.15737346 -0.45537204  0.
  -0.07879361  0.         -0.06103083  0.23467472]
 [-0.18239398 -0.8102449   1.2293581   0.19310454 -0.11820784  0.
  -0.08082277  0.          0.04369717 -0.03291569]] 
Episode: 1106: [[-0.2519878  -0.5386947  -0.8442133   0.27528253 -0.21599062  0.
  -0.01916745  0.         -0.03670318  0.05495651]
 [ 0.2779621   0.16210784 -2.295398    0.09555268 -0.2047739   0.
  -0.07112843  0.          0.05016179  0.1082778 ]
 [ 0.33170435  0.48996487 -2.250123    0.15254577 -0.3220683   0.
  -0.02598236  0.          0.05416317  0.06958539]
 [ 0.82721674  0.31139034 -2.3654263   0.15715133 -0.45557234  0.
  -0.07889592  0.         -0.06103083  0.23460934]
 [-0.18244636 -0.810105    1.2295021   0.19324058 -0.11809555  0.
  -0.0808849   0.          0.04369717 -0.03302006]] 
Episode: 1107: [[-0.25186643 -0.5384195  -0.8441775   0.27532125 -0.21596724  0.
  -0.01912972  0.         -0.03670318  0.05503311]
 [ 0.27809986  0.16185135 -2.2956064   0.09541181 -0.20493822  0.
  -0.07130551  0.          0.05016179  0.10825396]
 [ 0.33179584  0.48968062 -2.2503295   0.15245152 -0.32225236  0.
  -0.02611419  0.          0.05416317  0.06955607]
 [ 0.8274034   0.31135535 -2.3657808   0.15693769 -0.4557869   0.
  -0.07909245  0.         -0.06103083  0.23452598]
 [-0.18254702 -0.8100336   1.2296078   0.19334668 -0.1180327   0.
  -0.08083266  0.          0.04369717 -0.03298474]] 
Episode: 1108: [[-0.25183994 -0.53819996 -0.8440921   0.2753066  -0.2159484   0.
  -0.01898996  0.         -0.03670318  0.05522542]
 [ 0.27826318  0.16163416 -2.2958696   0.09532683 -0.2051326   0.
  -0.07150547  0.          0.05016179  0.10818613]
 [ 0.33194757  0.48944354 -2.2505982   0.15242662 -0.3224671   0.
  -0.02633696  0.          0.05416317  0.06941403]
 [ 0.82753     0.31126532 -2.366194    0.1568027  -0.456049    0.
  -0.07925451  0.         -0.06103083  0.23450425]
 [-0.18271199 -0.8100292   1.2297832   0.19338378 -0.11797827  0.
  -0.08068904  0.          0.04369717 -0.03282383]] 
Episode: 1109: [[-0.25184134 -0.53800035 -0.8438642   0.27508485 -0.2159001   0.
  -0.01896998  0.         -0.03670318  0.05527509]
 [ 0.27837133  0.16137049 -2.2962172   0.09538985 -0.20539096  0.
  -0.07157431  0.          0.05016179  0.10830599]
 [ 0.33200446  0.4891641  -2.2509685   0.15259542 -0.32276362  0.
  -0.02643331  0.          0.05416317  0.06941362]
 [ 0.82767534  0.31110355 -2.3666644   0.15684503 -0.4563709   0.
  -0.07929582  0.         -0.06103083  0.23455329]
 [-0.18287615 -0.8099434   1.2300614   0.19327095 -0.11785302  0.
  -0.08066793  0.          0.04369717 -0.03280817]] 
Episode: 1110: [[-0.25183707 -0.53761816 -0.8438073   0.2749907  -0.21545242  0.
  -0.01905779  0.         -0.03670318  0.05527777]
 [ 0.27857304  0.16110377 -2.2964437   0.09534918 -0.2057269   0.
  -0.07174733  0.          0.05016179  0.10833705]
 [ 0.33221695  0.48883906 -2.251192    0.15261063 -0.32322863  0.
  -0.02662414  0.          0.05416317  0.06928594]
 [ 0.8279291   0.31117362 -2.3670619   0.15671702 -0.45655847  0.
  -0.07943752  0.         -0.06103083  0.23444961]
 [-0.18310383 -0.80985427  1.2301508   0.19324127 -0.11744341  0.
  -0.08054081  0.          0.04369717 -0.03266506]] 
Episode: 1111: [[-0.25179556 -0.53732127 -0.8437519   0.27480054 -0.2151678   0.
  -0.01924258  0.         -0.03670318  0.0551568 ]
 [ 0.27867156  0.16091684 -2.29666     0.09537456 -0.20601308  0.
  -0.07179196  0.          0.05016179  0.10854551]
 [ 0.33227432  0.48859012 -2.251405    0.152721   -0.3236161   0.
  -0.02669176  0.          0.05416317  0.06929833]
 [ 0.82810503  0.3112562  -2.3674657   0.15667027 -0.4567668   0.
  -0.07946052  0.         -0.06103083  0.23444182]
 [-0.18335801 -0.809733    1.2302485   0.1931484  -0.11706886  0.
  -0.08053453  0.          0.04369717 -0.03266527]] 
Episode: 1112: [[-0.2518109  -0.53711194 -0.8436028   0.27452603 -0.21490608  0.
  -0.01951465  0.         -0.03670318  0.05492463]
 [ 0.27875525  0.16077839 -2.296918    0.09548466 -0.20633592  0.
  -0.07172108  0.          0.05016179  0.10878875]
 [ 0.3323103   0.48839754 -2.2516716   0.15294454 -0.32403833  0.
  -0.02664851  0.          0.05416317  0.06943429]
 [ 0.82833534  0.31125963 -2.3678708   0.15675063 -0.45704046  0.
  -0.07937672  0.         -0.06103083  0.23440698]
 [-0.18359964 -0.80964065  1.230427    0.1929763  -0.11669402  0.
  -0.08063697  0.          0.04369717 -0.03279435]] 
Episode: 1113: [[-0.2519163  -0.5369199  -0.8433966   0.2741336  -0.21470837  0.
  -0.01986525  0.         -0.03670318  0.054827  ]
 [ 0.2788489   0.16063906 -2.2972043   0.09566052 -0.20663081  0.
  -0.07155422  0.          0.05016179  0.10900322]
 [ 0.33238047  0.48821163 -2.2519763   0.15326539 -0.32441887  0.
  -0.02650548  0.          0.05416317  0.06952559]
 [ 0.82849056  0.31125623 -2.3682866   0.15689415 -0.4573119   0.
  -0.0791968   0.         -0.06103083  0.2344496 ]
 [-0.18386917 -0.80955195  1.2306511   0.19272089 -0.11637572  0.
  -0.08083723  0.          0.04369717 -0.03289248]] 
Episode: 1114: [[-0.2520491  -0.53681165 -0.84318423  0.27379695 -0.21456504  0.
  -0.02007501  0.         -0.03670318  0.05486243]
 [ 0.27896377  0.1605812  -2.297515    0.09579978 -0.20693947  0.
  -0.0715151   0.          0.05016179  0.10901543]
 [ 0.33249953  0.48811778 -2.2523122   0.15352853 -0.32479975  0.
  -0.02648086  0.          0.05416317  0.06948049]
 [ 0.82865703  0.31122854 -2.3687284   0.15698744 -0.45764378  0.
  -0.07913938  0.         -0.06103083  0.23448332]
 [-0.18409498 -0.809559    1.230904    0.19249858 -0.11608949  0.
  -0.08090939  0.          0.04369717 -0.03285183]] 
Episode: 1115: [[-0.25223568 -0.53671086 -0.8429215   0.27332819 -0.2143245   0.
  -0.02036952  0.         -0.03670318  0.05477108]
 [ 0.27904454  0.16051798 -2.2978427   0.09602117 -0.20730183  0.
  -0.0713689   0.          0.05016179  0.10920659]
 [ 0.3325725   0.48801845 -2.252668    0.1539122  -0.3252595   0.
  -0.02635461  0.          0.05416317  0.06956709]
 [ 0.82878196  0.31121403 -2.3691685   0.15718147 -0.45799148  0.
  -0.07898322  0.         -0.06103083  0.23461708]
 [-0.18435429 -0.8095272   1.2311872   0.19220299 -0.11572319  0.
  -0.08108237  0.          0.04369717 -0.03294412]] 
Episode: 1116: [[-0.25229168 -0.5365496  -0.84270823  0.2729954  -0.21411549  0.
  -0.02052882  0.         -0.03670318  0.05456574]
 [ 0.2790788   0.1603398  -2.2981524   0.09614783 -0.20769282  0.
  -0.07112803  0.          0.05016179  0.10955821]
 [ 0.3325532   0.4878143  -2.252998    0.15415405 -0.3257456   0.
  -0.0261369   0.          0.05416317  0.06977211]
 [ 0.82890713  0.3111344  -2.369622    0.15725555 -0.458396    0.
  -0.07873821  0.         -0.06103083  0.23478986]
 [-0.1846361  -0.8094248   1.2314458   0.19202495 -0.11532914  0.
  -0.08125076  0.          0.04369717 -0.03315593]] 
Episode: 1117: [[-0.25241348 -0.5364211  -0.8425135   0.27266982 -0.21391973  0.
  -0.02067917  0.         -0.03670318  0.05445957]
 [ 0.27911437  0.16020054 -2.2984307   0.09628985 -0.2080657   0.
  -0.0709389   0.          0.05016179  0.10986507]
 [ 0.33255583  0.48765188 -2.2532947   0.15441042 -0.32620758  0.
  -0.02598909  0.          0.05416317  0.06991941]
 [ 0.8289361   0.3110379  -2.370038    0.15736805 -0.45878738  0.
  -0.07862218  0.         -0.06103083  0.23500112]
 [-0.18495233 -0.8093781   1.2316746   0.19183269 -0.11496805  0.
  -0.08144455  0.          0.04369717 -0.03329292]] 
Episode: 1118: [[-0.25259665 -0.53628796 -0.8422548   0.27221835 -0.2136343   0.
  -0.02092027  0.         -0.03670318  0.0542409 ]
 [ 0.2791382   0.15994106 -2.2987316   0.0965175  -0.2085173   0.
  -0.07065767  0.          0.05016179  0.11026251]
 [ 0.33254433  0.4874006  -2.253623    0.15479225 -0.32677442  0.
  -0.02575193  0.          0.05416317  0.07017907]
 [ 0.8289575   0.31071135 -2.370474    0.15758893 -0.45922428  0.
  -0.0784133   0.         -0.06103083  0.23529235]
 [-0.18530232 -0.80925196  1.2319577   0.1915499  -0.1145068   0.
  -0.08172712  0.          0.04369717 -0.03354495]] 
Episode: 1119: [[-0.252869   -0.53617126 -0.841919    0.27160728 -0.21341008  0.
  -0.02124303  0.         -0.03670318  0.05392107]
 [ 0.2791089   0.15968518 -2.2991176   0.09686428 -0.20894274  0.
  -0.07029358  0.          0.05016179  0.11077348]
 [ 0.33245242  0.48714635 -2.254051    0.15532565 -0.3272998   0.
  -0.02543437  0.          0.05416317  0.07053973]
 [ 0.82899314  0.31040037 -2.3709908   0.1579582  -0.45966738  0.
  -0.07812086  0.         -0.06103083  0.23558052]
 [-0.18576029 -0.8090579   1.2323442   0.19113626 -0.11408071  0.
  -0.08208958  0.          0.04369717 -0.03390039]] 
Episode: 1120: [[-0.25302705 -0.5359663  -0.8415792   0.27114993 -0.2131417   0.
  -0.02163927  0.         -0.03670318  0.05351026]
 [ 0.2791129   0.15939419 -2.2994897   0.09709761 -0.20934427  0.
  -0.06989591  0.          0.05016179  0.11132398]
 [ 0.3324027   0.4868374  -2.254472    0.15569255 -0.3278092   0.
  -0.02504445  0.          0.05416317  0.0709912 ]
 [ 0.82904035  0.31022254 -2.371441    0.15816371 -0.46003586  0.
  -0.07796214  0.         -0.06103083  0.23571567]
 [-0.18619463 -0.8088323   1.2327592   0.19084784 -0.11359886  0.
  -0.08252391  0.          0.04369717 -0.03434682]] 
Episode: 1121: [[-0.25319186 -0.53583604 -0.84116805  0.27059627 -0.21293907  0.
  -0.02210162  0.         -0.03670318  0.05308087]
 [ 0.27907455  0.15917799 -2.2999241   0.09739265 -0.20976192  0.
  -0.06942702  0.          0.05016179  0.11187201]
 [ 0.33228597  0.48660433 -2.2549646   0.15615258 -0.32832456  0.
  -0.02458944  0.          0.05416317  0.07149236]
 [ 0.8290583   0.3100886  -2.371963    0.1584472  -0.4604645   0.
  -0.07771485  0.         -0.06103083  0.23590505]
 [-0.18661788 -0.80860585  1.2332288   0.19049095 -0.11312926  0.
  -0.0830229   0.          0.04369717 -0.03484863]] 
Episode: 1122: [[-0.2533824  -0.5357909  -0.84081686  0.27010226 -0.21287136  0.
  -0.02241194  0.         -0.03670318  0.05278619]
 [ 0.279066    0.15903918 -2.3002818   0.09764854 -0.21006528  0.
  -0.06911612  0.          0.05016179  0.11231581]
 [ 0.33223134  0.48645782 -2.255373    0.15655366 -0.3286917   0.
  -0.02428406  0.          0.05416317  0.07182106]
 [ 0.8290822   0.30989    -2.3723938   0.15867333 -0.4608032   0.
  -0.07759675  0.         -0.06103083  0.23602884]
 [-0.18714015 -0.80847675  1.2336327   0.19016618 -0.11280676  0.
  -0.0833638   0.          0.04369717 -0.03521249]] 
Episode: 1123: [[-0.25346932 -0.5358287  -0.84060776  0.2696797  -0.21297051  0.
  -0.02258546  0.         -0.03670318  0.05264417]
 [ 0.27901652  0.15898581 -2.3005161   0.09786113 -0.21025434  0.
  -0.06894737  0.          0.05016179  0.11267231]
 [ 0.33209327  0.48639363 -2.2556303   0.15689074 -0.32890007  0.
  -0.02411334  0.          0.05416317  0.07199809]
 [ 0.8291446   0.30977923 -2.3727472   0.15885785 -0.46106732  0.
  -0.07741453  0.         -0.06103083  0.23622416]
 [-0.1875545  -0.8083227   1.2338839   0.18990307 -0.11262462  0.
  -0.08356246  0.          0.04369717 -0.03550947]] 
Episode: 1124: [[-0.25359496 -0.5358781  -0.8404225   0.26926917 -0.2131255   0.
  -0.02263586  0.         -0.03670318  0.05263944]
 [ 0.2790187   0.15895726 -2.300717    0.09805229 -0.21039134  0.
  -0.0689065   0.          0.05016179  0.1128842 ]
 [ 0.332046    0.48635408 -2.2558522   0.1571978  -0.3290406   0.
  -0.0240638   0.          0.05416317  0.07203045]
 [ 0.8292105   0.30968273 -2.3730664   0.15899996 -0.4612905   0.
  -0.077355    0.         -0.06103083  0.23639044]
 [-0.18795678 -0.8082103   1.2340922   0.18965982 -0.11251457  0.
  -0.08363312  0.          0.04369717 -0.03564791]] 
Episode: 1125: [[-0.2536672  -0.53592527 -0.84026057  0.26893333 -0.21323177  0.
  -0.02257549  0.         -0.03670318  0.05260932]
 [ 0.27904797  0.15894955 -2.300902    0.09818952 -0.21055233  0.
  -0.06898069  0.          0.05016179  0.11309655]
 [ 0.3320399   0.4863238  -2.2560546   0.15742631 -0.32921994  0.
  -0.02412331  0.          0.05416317  0.07210505]
 [ 0.8292723   0.309642   -2.373373    0.15907079 -0.46152008  0.
  -0.07740589  0.         -0.06103083  0.23659562]
 [-0.18834913 -0.8081132   1.2342677   0.18947095 -0.11234545  0.
  -0.08358862  0.          0.04369717 -0.0357537 ]] 
Episode: 1126: [[-0.25372142 -0.535813   -0.84020126  0.26871276 -0.2129691   0.
  -0.02262688  0.         -0.03670318  0.05245914]
 [ 0.27915087  0.15887836 -2.3010457   0.09824869 -0.21088661  0.
  -0.0689365   0.          0.05016179  0.11336347]
 [ 0.33216065  0.48620823 -2.2562041   0.15753926 -0.3296569   0.
  -0.02407278  0.          0.05416317  0.07229907]
 [ 0.8294185   0.30972505 -2.3736825   0.15903638 -0.46178976  0.
  -0.07755613  0.         -0.06103083  0.23672158]
 [-0.18877228 -0.8079907   1.2343643   0.18935776 -0.111912    0.
  -0.08365665  0.          0.04369717 -0.03582004]] 
Episode: 1127: [[-0.253687   -0.5355176  -0.8403056   0.26872244 -0.21244107  0.
  -0.02277885  0.         -0.03670318  0.052201  ]
 [ 0.279253    0.1587094  -2.3010592   0.09811959 -0.21125378  0.
  -0.06878582  0.          0.05016179  0.11377421]
 [ 0.33228824  0.48597968 -2.2561972   0.15745024 -0.3301838   0.
  -0.02392323  0.          0.05416317  0.07260046]
 [ 0.82949555  0.30994937 -2.3738732   0.15881242 -0.46194786  0.
  -0.07779578  0.         -0.06103083  0.23676014]
 [-0.18927741 -0.80785197  1.2342954   0.1894708  -0.1113496   0.
  -0.08382593  0.          0.04369717 -0.03598166]] 
Episode: 1128: [[-0.25387338 -0.53527224 -0.8403109   0.26863927 -0.21194746  0.
  -0.0228099   0.         -0.03670318  0.05209174]
 [ 0.2793748   0.15855496 -2.3011544   0.09809011 -0.21160656  0.
  -0.06867139  0.          0.05016179  0.11403388]
 [ 0.33247137  0.48577583 -2.256283    0.15749237 -0.3306871   0.
  -0.02389142  0.          0.05416317  0.07274479]
 [ 0.8295929   0.3100827  -2.374145    0.15874055 -0.46210045  0.
  -0.07802411  0.         -0.06103083  0.2368469 ]
 [-0.18986109 -0.807737    1.2343426   0.18947366 -0.11084943  0.
  -0.08389409  0.          0.04369717 -0.03599822]] 
Episode: 1129: [[-0.25415227 -0.5350884  -0.8403239   0.26844552 -0.21149062  0.
  -0.02273215  0.         -0.03670318  0.05211639]
 [ 0.2794916   0.1584538  -2.3012342   0.09812889 -0.21198957  0.
  -0.06858929  0.          0.05016179  0.11421067]
 [ 0.33266342  0.48563233 -2.2563505   0.15763281 -0.331213    0.
  -0.02396686  0.          0.05416317  0.0727479 ]
 [ 0.8296402   0.31019032 -2.3744047   0.15874287 -0.46233198  0.
  -0.07812508  0.         -0.06103083  0.23704162]
 [-0.1904622  -0.8076627   1.2343748   0.18938598 -0.11038758  0.
  -0.08384735  0.          0.04369717 -0.03590846]] 
Episode: 1130: [[-0.25446206 -0.53510827 -0.8403861   0.26839763 -0.21103677  0.
  -0.02255649  0.         -0.03670318  0.05226145]
 [ 0.27963084  0.15870312 -2.301277    0.09806287 -0.2123511   0.
  -0.06862649  0.          0.05016179  0.11418975]
 [ 0.3329167   0.48584297 -2.2563806   0.15761024 -0.33170682  0.
  -0.02413882  0.          0.05416317  0.07262402]
 [ 0.82968795  0.31050375 -2.3745933   0.15857424 -0.46253923  0.
  -0.07832045  0.         -0.06103083  0.237291  ]
 [-0.19117194 -0.807958    1.2343659   0.1894025  -0.10999046  0.
  -0.08369723  0.          0.04369717 -0.03569895]] 
Episode: 1131: [[-0.25474316 -0.53511435 -0.840505    0.26841956 -0.21060358  0.
  -0.02229273  0.         -0.03670318  0.05230329]
 [ 0.27974105  0.15896216 -2.3012211   0.09795715 -0.21265133  0.
  -0.068771    0.          0.05016179  0.1142152 ]
 [ 0.33313107  0.4860568  -2.2563045   0.15752235 -0.33212942  0.
  -0.02439763  0.          0.05416317  0.07259416]
 [ 0.8296308   0.31088704 -2.374681    0.15835905 -0.46265817  0.
  -0.07860076  0.         -0.06103083  0.23759104]
 [-0.1918875  -0.80822515  1.2343004   0.18946646 -0.10965002  0.
  -0.08345409  0.          0.04369717 -0.03550983]] 
Episode: 1132: [[-0.25499934 -0.535104   -0.8404072   0.26830176 -0.21020879  0.
  -0.02216104  0.         -0.03670318  0.05221807]
 [ 0.27984408  0.1591537  -2.3013287   0.09795099 -0.21296866  0.
  -0.06879002  0.          0.05016179  0.11431757]
 [ 0.33330473  0.4862016  -2.2564251   0.15757504 -0.33256897  0.
  -0.02452649  0.          0.05416317  0.07269395]
 [ 0.8296895   0.31123325 -2.374897    0.15827608 -0.4628068   0.
  -0.07874855  0.         -0.06103083  0.23777814]
 [-0.19252424 -0.8083942   1.2344263   0.18942931 -0.10926298  0.
  -0.08334333  0.          0.04369717 -0.0354685 ]] 
Episode: 1133: [[-0.25535023 -0.53521603 -0.84017056  0.2680778  -0.2098414   0.
  -0.02205936  0.         -0.03670318  0.05226421]
 [ 0.2799058   0.15943152 -2.3016005   0.09805654 -0.21335566  0.
  -0.06883806  0.          0.05016179  0.1143952 ]
 [ 0.3334162   0.48644972 -2.2567248   0.15777819 -0.33307815  0.
  -0.02467517  0.          0.05416317  0.07269937]
 [ 0.8297595   0.3114553  -2.375287    0.15836307 -0.46308374  0.
  -0.07898602  0.         -0.06103083  0.23796125]
 [-0.19315948 -0.80865836  1.2347351   0.18926536 -0.10888348  0.
  -0.08335168  0.          0.04369717 -0.03541468]] 
Episode: 1134: [[-0.25563014 -0.53542787 -0.8398715   0.2679149  -0.20929964  0.
  -0.02207359  0.         -0.03670318  0.05218296]
 [ 0.27981868  0.15988594 -2.301868    0.09822693 -0.21381015  0.
  -0.06877021  0.          0.05016179  0.11461943]
 [ 0.33328503  0.48686868 -2.2570279   0.15804395 -0.33369184  0.
  -0.02470486  0.          0.05416317  0.07283086]
 [ 0.8300236   0.3118311  -2.375659    0.15861031 -0.46333313  0.
  -0.07909526  0.         -0.06103083  0.23819321]
 [-0.19377793 -0.80896986  1.2350408   0.18908845 -0.10841039  0.
  -0.0834672   0.          0.04369717 -0.03549509]] 
Episode: 1135: [[-0.25577766 -0.53532654 -0.83970976  0.26797572 -0.20858389  0.
  -0.02219213  0.         -0.03670318  0.05198713]
 [ 0.27981514  0.16008024 -2.3020139   0.0982013  -0.21422973  0.
  -0.06877849  0.          0.05016179  0.11487   ]
 [ 0.33325633  0.48698932 -2.2571936   0.158093   -0.33431348  0.
  -0.0247642   0.          0.05416317  0.07307573]
 [ 0.8303267   0.31233114 -2.3759127   0.15864044 -0.4634048   0.
  -0.07929803  0.         -0.06103083  0.23826805]
 [-0.19426134 -0.8090626   1.2352302   0.18914618 -0.10776387  0.
  -0.08367915  0.          0.04369717 -0.03565897]] 
Episode: 1136: [[-0.25594378 -0.5352767  -0.8395671   0.26798326 -0.20797116  0.
  -0.02219308  0.         -0.03670318  0.05188693]
 [ 0.27981293  0.16030146 -2.3021324   0.09820782 -0.21461117  0.
  -0.06874668  0.          0.05016179  0.11510336]
 [ 0.33323544  0.48714352 -2.2573283   0.15818231 -0.33487356  0.
  -0.02475003  0.          0.05416317  0.07328674]
 [ 0.830591    0.31278908 -2.3761342   0.15870512 -0.46349353  0.
  -0.07937606  0.         -0.06103083  0.23838776]
 [-0.1947368  -0.8091626   1.2353852   0.1891628  -0.10719146  0.
  -0.0838966   0.          0.04369717 -0.03582797]] 
Episode: 1137: [[-0.25603077 -0.53525543 -0.83942586  0.26796648 -0.20743528  0.
  -0.02208823  0.         -0.03670318  0.05178367]
 [ 0.27985698  0.16051264 -2.3022568   0.09821776 -0.2149743   0.
  -0.06882923  0.          0.05016179  0.11529464]
 [ 0.3332619   0.48729834 -2.257471    0.15827261 -0.3353937   0.
  -0.0248415   0.          0.05416317  0.0734557 ]
 [ 0.8309255   0.31315836 -2.3763516   0.15875429 -0.4636209   0.
  -0.07955073  0.         -0.06103083  0.23840682]
 [-0.19510013 -0.8092624   1.2355403   0.1891552  -0.10669129  0.
  -0.08398423  0.          0.04369717 -0.0359771 ]] 
Episode: 1138: [[-0.2560918  -0.535201   -0.83939576  0.2680445  -0.20689502  0.
  -0.02191954  0.         -0.03670318  0.05162748]
 [ 0.27986762  0.16066222 -2.3023214   0.09817003 -0.2153572   0.
  -0.06892241  0.          0.05016179  0.11550082]
 [ 0.33323458  0.48740754 -2.2575324   0.1582701  -0.33593187  0.
  -0.02496749  0.          0.05416317  0.07367777]
 [ 0.8311716   0.3134471  -2.3765419   0.15873195 -0.46379006  0.
  -0.07968348  0.         -0.06103083  0.23850213]
 [-0.19544445 -0.8093457   1.235625    0.18921107 -0.10620619  0.
  -0.08395897  0.          0.04369717 -0.03614263]] 
Episode: 1139: [[-0.25619712 -0.53518826 -0.839262    0.26800033 -0.20639226  0.
  -0.02181993  0.         -0.03670318  0.05149612]
 [ 0.27987573  0.16080366 -2.3024838   0.09820395 -0.2157809   0.
  -0.06889502  0.          0.05016179  0.11571258]
 [ 0.3332028   0.487516   -2.257707    0.15838276 -0.33650655  0.
  -0.02497661  0.          0.05416317  0.07391994]
 [ 0.83141613  0.3136684  -2.3768327   0.1588046  -0.46403903  0.
  -0.07969844  0.         -0.06103083  0.2386153 ]
 [-0.19580299 -0.8094216   1.2358167   0.18916279 -0.10570986  0.
  -0.08404427  0.          0.04369717 -0.03637536]] 
Episode: 1140: [[-0.25633508 -0.53518826 -0.8391046   0.267952   -0.20592226  0.
  -0.02183608  0.         -0.03670318  0.05140153]
 [ 0.2798915   0.1609663  -2.3027205   0.09825299 -0.21618523  0.
  -0.06891618  0.          0.05016179  0.11590011]
 [ 0.33318478  0.48764408 -2.2579544   0.15850718 -0.33705178  0.
  -0.02505239  0.          0.05416317  0.07412154]
 [ 0.83170235  0.3139266  -2.3772328   0.15889937 -0.46428114  0.
  -0.07981641  0.         -0.06103083  0.23871174]
 [-0.19616027 -0.8095174   1.2360395   0.18910383 -0.10523257  0.
  -0.08422905  0.          0.04369717 -0.03656533]] 
Episode: 1141: [[-0.25645736 -0.53510404 -0.8391901   0.26811558 -0.2053786   0.
  -0.02190801  0.         -0.03670318  0.05136879]
 [ 0.27999213  0.16108902 -2.3027756   0.09813371 -0.21652785  0.
  -0.0690465   0.          0.05016179  0.11598779]
 [ 0.33329663  0.48773494 -2.2579718   0.15842927 -0.33753532  0.
  -0.02522489  0.          0.05416317  0.074176  ]
 [ 0.83194524  0.3142272  -2.3774543   0.15879244 -0.46439627  0.
  -0.08002708  0.         -0.06103083  0.23868605]
 [-0.19650418 -0.8096393   1.2360545   0.189234   -0.10475534  0.
  -0.08428732  0.          0.04369717 -0.03660706]] 
Episode: 1142: [[-0.25650358 -0.53501534 -0.8392499   0.26836908 -0.20486827  0.
  -0.0218669   0.         -0.03670318  0.05125821]
 [ 0.28009096  0.16119483 -2.302834    0.09797928 -0.21684757  0.
  -0.06927504  0.          0.05016179  0.11601479]
 [ 0.33338085  0.48781112 -2.2579951   0.15827858 -0.33798313  0.
  -0.02548443  0.          0.05416317  0.07414419]
 [ 0.83226776  0.31453612 -2.3776495   0.15865259 -0.46450272  0.
  -0.08032117  0.         -0.06103083  0.23851375]
 [-0.19670205 -0.8097209   1.2360797   0.1894345  -0.10431664  0.
  -0.08423177  0.          0.04369717 -0.03659233]] 
Episode: 1143: [[-0.25653282 -0.5349053  -0.8392511   0.26871908 -0.2042056   0.
  -0.02172408  0.         -0.03670318  0.05128185]
 [ 0.2801925   0.16131262 -2.3029463   0.09777176 -0.21725698  0.
  -0.06953513  0.          0.05016179  0.11585861]
 [ 0.33343133  0.48790503 -2.258076    0.1580348  -0.33855137  0.
  -0.0258223   0.          0.05416317  0.0739887 ]
 [ 0.8327589   0.31490806 -2.3779116   0.1584496  -0.46461964  0.
  -0.08063421  0.         -0.06103083  0.23827896]
 [-0.19686422 -0.8098476   1.2361583   0.18973126 -0.10373393  0.
  -0.0840738   0.          0.04369717 -0.03644992]] 
Episode: 1144: [[-0.2565691  -0.53487176 -0.8392657   0.26894593 -0.20365436  0.
  -0.02148974  0.         -0.03670318  0.0514262 ]
 [ 0.2802997   0.1614439  -2.303048    0.09761564 -0.21763472  0.
  -0.06988047  0.          0.05016179  0.11569383]
 [ 0.33349854  0.48802727 -2.2581468   0.15786791 -0.3390655   0.
  -0.02623064  0.          0.05416317  0.073776  ]
 [ 0.8332001   0.31519467 -2.3781657   0.15828049 -0.46475816  0.
  -0.08087048  0.         -0.06103083  0.23815571]
 [-0.19704016 -0.8099653   1.2362174   0.18995969 -0.10320212  0.
  -0.08382367  0.          0.04369717 -0.03625837]] 
Episode: 1145: [[-0.2565402  -0.53477263 -0.83925503  0.26929885 -0.20298183  0.
  -0.02138465  0.         -0.03670318  0.05143303]
 [ 0.28032216  0.16156279 -2.3031626   0.09740458 -0.21803276  0.
  -0.0703025   0.          0.05016179  0.11559424]
 [ 0.3334186   0.4881313  -2.2582335   0.15760307 -0.33962584  0.
  -0.02670241  0.          0.05416317  0.07370497]
 [ 0.83364046  0.31550422 -2.378395    0.15805522 -0.46487525  0.
  -0.08118772  0.         -0.06103083  0.23799458]
 [-0.1971687  -0.8101332   1.2362914   0.19025137 -0.10268429  0.
  -0.08349063  0.          0.04369717 -0.03614255]] 
Episode: 1146: [[-0.25646013 -0.5346432  -0.8393275   0.26982197 -0.20229761  0.
  -0.02118429  0.         -0.03670318  0.05156217]
 [ 0.2804185   0.16171642 -2.303199    0.09704237 -0.21838818  0.
  -0.07079352  0.          0.05016179  0.11535992]
 [ 0.33344567  0.48825157 -2.2582283   0.15717575 -0.340141    0.
  -0.02723125  0.          0.05416317  0.07351424]
 [ 0.8340918   0.31600067 -2.3785236   0.15766081 -0.46492267  0.
  -0.08157781  0.         -0.06103083  0.23776947]
 [-0.19733521 -0.81031007  1.236285    0.19071014 -0.10217816  0.
  -0.08308298  0.          0.04369717 -0.03590915]] 
Episode: 1147: [[-0.25634578 -0.53446835 -0.83954257  0.27043343 -0.2017353   0.
  -0.02089819  0.         -0.03670318  0.05158716]
 [ 0.28050423  0.16180484 -2.3031616   0.0966171  -0.21870002  0.
  -0.07134661  0.          0.05016179  0.11516918]
 [ 0.33347917  0.4883053  -2.2581265   0.15664537 -0.34058705  0.
  -0.02781143  0.          0.05416317  0.07338811]
 [ 0.83446157  0.31646526 -2.378644    0.15717073 -0.46498126  0.
  -0.08203346  0.         -0.06103083  0.23763551]
 [-0.19756672 -0.8104366   1.236155    0.19122407 -0.10173997  0.
  -0.08260822  0.          0.04369717 -0.03568608]] 
Episode: 1148: [[-0.2564618  -0.5342867  -0.83965325  0.27081117 -0.20103261  0.
  -0.02074651  0.         -0.03670318  0.05148668]
 [ 0.2806383   0.16190676 -2.303178    0.09640157 -0.21906178  0.
  -0.07173308  0.          0.05016179  0.11506146]
 [ 0.33357316  0.4883491  -2.2580826   0.15635782 -0.3411087   0.
  -0.02822931  0.          0.05416317  0.0734015 ]
 [ 0.83499515  0.3171039  -2.3787534   0.15692209 -0.46503866  0.
  -0.08233894  0.         -0.06103083  0.23736574]
 [-0.19783214 -0.81043154  1.2361034   0.19151    -0.10132437  0.
  -0.08228889  0.          0.04369717 -0.03561468]] 
Episode: 1149: [[-0.25659838 -0.53422785 -0.83974123  0.2709779  -0.20047334  0.
  -0.02071577  0.         -0.03670318  0.05127336]
 [ 0.28072757  0.16210215 -2.3032      0.09629995 -0.21941862  0.
  -0.07196964  0.          0.05016179  0.11511739]
 [ 0.3336123   0.48847905 -2.2580512   0.15624048 -0.34160542  0.
  -0.02850112  0.          0.05416317  0.07354032]
 [ 0.8354497   0.31768084 -2.3788779   0.15679248 -0.4651736   0.
  -0.08250926  0.         -0.06103083  0.23720674]
 [-0.19813477 -0.8104537   1.2360772   0.1916779  -0.10093928  0.
  -0.08210944  0.          0.04369717 -0.03567964]] 
Episode: 1150: [[-0.25677663 -0.53421676 -0.8397863   0.27111202 -0.19997627  0.
  -0.02058235  0.         -0.03670318  0.05120432]
 [ 0.28083634  0.16231556 -2.3032568   0.0962273  -0.21976967  0.
  -0.07215761  0.          0.05016179  0.1151197 ]
 [ 0.33369058  0.4886369  -2.2580607   0.15615982 -0.34208274  0.
  -0.02872162  0.          0.05416317  0.07354528]
 [ 0.83589685  0.3181649  -2.3790343   0.15670313 -0.46534312  0.
  -0.08255798  0.         -0.06103083  0.23709911]
 [-0.19844085 -0.8105258   1.2360853   0.19180952 -0.10059036  0.
  -0.0819466   0.          0.04369717 -0.03562754]] 
Episode: 1151: [[-0.2570034  -0.5342063  -0.8397749   0.27109954 -0.19945152  0.
  -0.02056803  0.         -0.03670318  0.05101939]
 [ 0.28093457  0.16244718 -2.3033428   0.09625076 -0.22021231  0.
  -0.0722155   0.          0.05016179  0.1152491 ]
 [ 0.33376256  0.48872843 -2.2581081   0.1562204  -0.3426675   0.
  -0.02881574  0.          0.05416317  0.07367643]
 [ 0.8363188   0.31846863 -2.3792305   0.15673709 -0.46562368  0.
  -0.08249725  0.         -0.06103083  0.23711716]
 [-0.19877858 -0.8105507   1.2361361   0.19182985 -0.10016681  0.
  -0.08190802  0.          0.04369717 -0.03570977]] 
Episode: 1152: [[-0.25719392 -0.534242   -0.83964384  0.27097362 -0.19907154  0.
  -0.02066089  0.         -0.03670318  0.05073022]
 [ 0.28095084  0.1625655  -2.3035378   0.09635922 -0.22063759  0.
  -0.07215635  0.          0.05016179  0.11545631]
 [ 0.33368182  0.48881066 -2.2582846   0.15640077 -0.34320843  0.
  -0.02879614  0.          0.05416317  0.07392105]
 [ 0.8368719   0.31866932 -2.3795192   0.1568817  -0.46596226  0.
  -0.08233804  0.         -0.06103083  0.23704946]
 [-0.19911885 -0.8105049   1.2362967   0.19176516 -0.09977771  0.
  -0.08198127  0.          0.04369717 -0.03591279]] 
Episode: 1153: [[-0.2574778  -0.53422534 -0.83945465  0.27080867 -0.19868907  0.
  -0.02063872  0.         -0.03670318  0.05059281]
 [ 0.28096443  0.16263413 -2.3037918   0.09649457 -0.22105303  0.
  -0.0720299   0.          0.05016179  0.11557961]
 [ 0.33361313  0.48883235 -2.2585285   0.15661897 -0.34374106  0.
  -0.02867419  0.          0.05416317  0.07401453]
 [ 0.83737904  0.31889558 -2.3798614   0.15705897 -0.46629345  0.
  -0.08209021  0.         -0.06103083  0.23708953]
 [-0.19946928 -0.81039417  1.2365209   0.19166522 -0.09939871  0.
  -0.08204061  0.          0.04369717 -0.03599783]] 
Episode: 1154: [[-0.25752106 -0.534172   -0.83916724  0.27060843 -0.19823961  0.
  -0.02072449  0.         -0.03670318  0.05034649]
 [ 0.2808426   0.16254993 -2.3041127   0.09663886 -0.22157592  0.
  -0.07180486  0.          0.05016179  0.11587076]
 [ 0.33331943  0.4887142  -2.258856    0.15685526 -0.34441692  0.
  -0.02846014  0.          0.05416317  0.07422515]
 [ 0.8377522   0.31897676 -2.380279    0.15724261 -0.46671188  0.
  -0.08176263  0.         -0.06103083  0.23727486]
 [-0.19984642 -0.81014705  1.2368157   0.19155464 -0.09884269  0.
  -0.08220202  0.          0.04369717 -0.03620331]] 
Episode: 1155: [[-0.25762668 -0.5342456  -0.8388397   0.27035296 -0.19803439  0.
  -0.02069596  0.         -0.03670318  0.05024754]
 [ 0.28068888  0.16259736 -2.3044903   0.09683996 -0.22201721  0.
  -0.07162717  0.          0.05016179  0.11616071]
 [ 0.33299115  0.48873526 -2.2592447   0.15716812 -0.3449484   0.
  -0.02837181  0.          0.05416317  0.07442927]
 [ 0.8381014   0.31903037 -2.380783    0.1575121  -0.4671893   0.
  -0.08136329  0.         -0.06103083  0.23756011]
 [-0.20026278 -0.81006134  1.2371613   0.19137451 -0.09857592  0.
  -0.08223928  0.          0.04369717 -0.03638648]] 
Episode: 1156: [[-0.2578135  -0.53433096 -0.83851177  0.27009284 -0.19782706  0.
  -0.020776    0.         -0.03670318  0.05007786]
 [ 0.28057414  0.16272952 -2.304864    0.09705804 -0.2224578   0.
  -0.07136828  0.          0.05016179  0.11645257]
 [ 0.33273688  0.48882398 -2.2596295   0.15749884 -0.34547716  0.
  -0.02818803  0.          0.05416317  0.07467996]
 [ 0.83846986  0.3192222  -2.3812752   0.15781042 -0.46766344  0.
  -0.08110844  0.         -0.06103083  0.23778966]
 [-0.20075376 -0.81000906  1.2375212   0.19117159 -0.09829336  0.
  -0.08238079  0.          0.04369717 -0.0366648 ]] 
Episode: 1157: [[-0.25819886 -0.5345378  -0.8380908   0.2696624  -0.19763555  0.
  -0.02074233  0.         -0.03670318  0.05004783]
 [ 0.28053513  0.1629125  -2.3053164   0.09740991 -0.2230009   0.
  -0.071024    0.          0.05016179  0.11664782]
 [ 0.3326242   0.48898798 -2.260112    0.15798458 -0.34610882  0.
  -0.02791836  0.          0.05416317  0.07477888]
 [ 0.8389071   0.31918025 -2.381846    0.15826996 -0.46830747  0.
  -0.08077458  0.         -0.06103083  0.2380214 ]
 [-0.2013041  -0.81006336  1.2379968   0.19080673 -0.09803793  0.
  -0.08251914  0.          0.04369717 -0.03687144]] 
Episode: 1158: [[-0.25839958 -0.5347363  -0.8377027   0.26942405 -0.1972384   0.
  -0.02081771  0.         -0.03670318  0.04989823]
 [ 0.28047892  0.16317582 -2.305742    0.0976311  -0.22356875  0.
  -0.0708255   0.          0.05016179  0.11690377]
 [ 0.33245295  0.48923326 -2.260566    0.15827943 -0.3468034   0.
  -0.02777994  0.          0.05416317  0.07499443]
 [ 0.83933955  0.31928715 -2.3824034   0.15855454 -0.46886733  0.
  -0.08057863  0.         -0.06103083  0.23816778]
 [-0.2017709  -0.810242    1.2384151   0.19055471 -0.09776879  0.
  -0.08253558  0.          0.04369717 -0.0369665 ]] 
Episode: 1159: [[-0.2585999  -0.53491503 -0.83735263  0.2692048  -0.19687775  0.
  -0.0209536   0.         -0.03670318  0.04977815]
 [ 0.2804718   0.16340175 -2.3061235   0.09783739 -0.22406279  0.
  -0.07070387  0.          0.05016179  0.11713362]
 [ 0.33236107  0.48944676 -2.2609735   0.15855406 -0.3474118   0.
  -0.02775475  0.          0.05416317  0.07518573]
 [ 0.83973956  0.31935477 -2.3829052   0.15882435 -0.4693346   0.
  -0.08050679  0.         -0.06103083  0.23830496]
 [-0.20220071 -0.8104116   1.2387879   0.19031945 -0.09751116  0.
  -0.08265842  0.          0.04369717 -0.03703   ]] 
Episode: 1160: [[-0.2588429  -0.5351527  -0.8369154   0.2688803  -0.19652115  0.
  -0.0211816   0.         -0.03670318  0.04954773]
 [ 0.28045332  0.16362901 -2.306537    0.09812979 -0.22461492  0.
  -0.07048309  0.          0.05016179  0.11738265]
 [ 0.33225113  0.48968115 -2.261427    0.15895295 -0.34808117  0.
  -0.02762781  0.          0.05416317  0.07544757]
 [ 0.8401554   0.31925756 -2.383404    0.15922189 -0.46989956  0.
  -0.08033765  0.         -0.06103083  0.23843618]
 [-0.20257902 -0.8106255   1.2392383   0.18999256 -0.09726033  0.
  -0.082877    0.          0.04369717 -0.03718813]] 
Episode: 1161: [[-0.25908354 -0.5353742  -0.8364673   0.26843482 -0.19614948  0.
  -0.02149249  0.         -0.03670318  0.04921785]
 [ 0.28041893  0.1638077  -2.3069353   0.09847468 -0.22517127  0.
  -0.0701731   0.          0.05016179  0.11776404]
 [ 0.33211854  0.4898659  -2.2618697   0.15943934 -0.348763    0.
  -0.02740932  0.          0.05416317  0.07580974]
 [ 0.84050715  0.31911287 -2.3838809   0.15966238 -0.4704558   0.
  -0.08008093  0.         -0.06103083  0.23863195]
 [-0.20296423 -0.810782    1.2396865   0.18960698 -0.09696504  0.
  -0.08318171  0.          0.04369717 -0.03745955]] 
Episode: 1162: [[-0.25936714 -0.5358085  -0.8359233   0.26794773 -0.19591759  0.
  -0.02166658  0.         -0.03670318  0.0490436 ]
 [ 0.28027263  0.16420409 -2.3074996   0.0988932  -0.2257408   0.
  -0.06978287  0.          0.05016179  0.11805541]
 [ 0.33179334  0.49025652 -2.2624903   0.16002104 -0.34943342  0.
  -0.02710843  0.          0.05416317  0.07600899]
 [ 0.8409855   0.3190339  -2.3845296   0.16023895 -0.47113585  0.
  -0.07974542  0.         -0.06103083  0.23883267]
 [-0.20332716 -0.81099933  1.2402622   0.18916684 -0.09672889  0.
  -0.08344751  0.          0.04369717 -0.03783282]] 
Episode: 1163: [[-0.25962234 -0.5362455  -0.8353617   0.26747614 -0.19571081  0.
  -0.02171754  0.         -0.03670318  0.04900932]
 [ 0.28013536  0.16458283 -2.3080645   0.09927858 -0.22629923  0.
  -0.069543    0.          0.05016179  0.11826545]
 [ 0.3314844   0.49063823 -2.2631195   0.1605614  -0.35008597  0.
  -0.0269419   0.          0.05416317  0.07606174]
 [ 0.84136707  0.31890336 -2.3851616   0.16075467 -0.4718162   0.
  -0.07941604  0.         -0.06103083  0.23910856]
 [-0.20366521 -0.8112346   1.2408432   0.18875451 -0.09649938  0.
  -0.08357862  0.          0.04369717 -0.03805359]] 
Episode: 1164: [[-0.25963345 -0.5364822  -0.8346031   0.26706052 -0.1953973   0.
  -0.02186909  0.         -0.03670318  0.04885603]
 [ 0.27982292  0.16474989 -2.3087163   0.09969298 -0.22684291  0.
  -0.06921589  0.          0.05016179  0.11863484]
 [ 0.3309756   0.49078143 -2.263864    0.1611344  -0.35075936  0.
  -0.02668779  0.          0.05416317  0.07623564]
 [ 0.84180564  0.31889862 -2.3858128   0.16137369 -0.47237384  0.
  -0.07901508  0.         -0.06103083  0.23920688]
 [-0.20379345 -0.8111761   1.241563    0.1883416  -0.09608737  0.
  -0.08380467  0.          0.04369717 -0.0383812 ]] 
Episode: 1165: [[-0.25959575 -0.53660476 -0.83392847  0.26678756 -0.19501813  0.
  -0.02211115  0.         -0.03670318  0.04859573]
 [ 0.2795384   0.16482525 -2.309299    0.09999035 -0.22737947  0.
  -0.06881031  0.          0.05016179  0.11907087]
 [ 0.33049634  0.49083725 -2.2645266   0.16153969 -0.35143918  0.
  -0.02635487  0.          0.05416317  0.07651846]
 [ 0.8422464   0.31891808 -2.3864188   0.16182189 -0.47287744  0.
  -0.07854968  0.         -0.06103083  0.23927847]
 [-0.20392397 -0.8110683   1.2422253   0.1880586  -0.09562687  0.
  -0.08411615  0.          0.04369717 -0.0387765 ]] 
Episode: 1166: [[-0.25974715 -0.53666544 -0.8332972   0.26633748 -0.19510852  0.
  -0.02243465  0.         -0.03670318  0.04832155]
 [ 0.27928665  0.16476305 -2.3098328   0.10044879 -0.22763814  0.
  -0.06833413  0.          0.05016179  0.11939171]
 [ 0.33008245  0.49076325 -2.26513     0.16209179 -0.35173202  0.
  -0.02595104  0.          0.05416317  0.07670897]
 [ 0.8427185   0.318783   -2.3869672   0.16241519 -0.47322032  0.
  -0.07802632  0.         -0.06103083  0.2391931 ]
 [-0.20405942 -0.8108212   1.2428316   0.18760197 -0.09535378  0.
  -0.08450449  0.          0.04369717 -0.03926105]] 
Episode: 1167: [[-0.2598327  -0.5366086  -0.83250505  0.26595068 -0.19502155  0.
  -0.02262011  0.         -0.03670318  0.04814629]
 [ 0.27905732  0.16460457 -2.3105435   0.10083086 -0.22797333  0.
  -0.06801684  0.          0.05016179  0.11965543]
 [ 0.32967168  0.4905787  -2.2659523   0.1625484  -0.35215402  0.
  -0.02569184  0.          0.05416317  0.07682678]
 [ 0.84323514  0.31862444 -2.387647    0.16286588 -0.47356656  0.
  -0.07748055  0.         -0.06103083  0.23914136]
 [-0.20416649 -0.81061155  1.24367     0.18720089 -0.09495081  0.
  -0.08474593  0.          0.04369717 -0.03958144]] 
Episode: 1168: [[-0.25988522 -0.5365705  -0.8317091   0.2655664  -0.19498135  0.
  -0.02289267  0.         -0.03670318  0.04786615]
 [ 0.27881044  0.16440614 -2.3112483   0.10120444 -0.22832356  0.
  -0.06762015  0.          0.05016179  0.11997947]
 [ 0.32922414  0.490374   -2.2667696   0.16300212 -0.35257888  0.
  -0.02535435  0.          0.05416317  0.07705922]
 [ 0.8436326   0.3183331  -2.3883195   0.16331823 -0.47398362  0.
  -0.07688482  0.         -0.06103083  0.23921342]
 [-0.20426992 -0.810383    1.2445028   0.18680541 -0.09458601  0.
  -0.08507121  0.          0.04369717 -0.03999851]] 
Episode: 1169: [[-0.25995377 -0.5365548  -0.8309582   0.2651657  -0.1949567   0.
  -0.02303231  0.         -0.03670318  0.0476664 ]
 [ 0.27864015  0.16428642 -2.3119195   0.10157298 -0.22863661  0.
  -0.06737306  0.          0.05016179  0.12024637]
 [ 0.32889324  0.49023932 -2.2675483   0.16346109 -0.35295615  0.
  -0.02515484  0.          0.05416317  0.07721547]
 [ 0.8440075   0.318171   -2.3889647   0.16375713 -0.47436506  0.
  -0.07645326  0.         -0.06103083  0.23924893]
 [-0.20439741 -0.8102095   1.2452966   0.18638837 -0.09427057  0.
  -0.08525593  0.          0.04369717 -0.04031587]] 
Episode: 1170: [[-0.26005018 -0.5365508  -0.83027816  0.26479787 -0.1949108   0.
  -0.0232636   0.         -0.03670318  0.04744541]
 [ 0.2785385   0.16427305 -2.3125174   0.10191894 -0.22893551  0.
  -0.06716657  0.          0.05016179  0.12047107]
 [ 0.32866037  0.4901906  -2.2682424   0.16389275 -0.35331905  0.
  -0.02495481  0.          0.05416317  0.07733842]
 [ 0.8444211   0.31824175 -2.3895454   0.16417554 -0.47470185  0.
  -0.07616943  0.         -0.06103083  0.23919132]
 [-0.20456496 -0.81009734  1.246005    0.18600146 -0.09394194  0.
  -0.08553015  0.          0.04369717 -0.0406417 ]] 
Episode: 1171: [[-0.2601494  -0.53628457 -0.8297404   0.2646366  -0.19470829  0.
  -0.02357737  0.         -0.03670318  0.04712402]
 [ 0.27854532  0.16416423 -2.313061    0.10211802 -0.22915085  0.
  -0.06686953  0.          0.05016179  0.12072553]
 [ 0.32861477  0.4900085  -2.2688553   0.16410837 -0.35361955  0.
  -0.02467052  0.          0.05416317  0.07757557]
 [ 0.8447583   0.31854945 -2.3900855   0.1644014  -0.47483695  0.
  -0.07601855  0.         -0.06103083  0.23908594]
 [-0.20484698 -0.80996597  1.2465874   0.18578656 -0.09358789  0.
  -0.08588489  0.          0.04369717 -0.04083807]] 
Episode: 1172: [[-0.26024175 -0.53567904 -0.8295106   0.26469657 -0.19432853  0.
  -0.02396535  0.         -0.03670318  0.04671235]
 [ 0.27868515  0.16385078 -2.3134341   0.10199877 -0.22923857  0.
  -0.06671345  0.          0.05016179  0.1209365 ]
 [ 0.3287982   0.48958015 -2.26924     0.16411419 -0.35381326  0.
  -0.02451894  0.          0.05416317  0.07779092]
 [ 0.8451092   0.31911132 -2.3905184   0.16441372 -0.4746826   0.
  -0.07598729  0.         -0.06103083  0.23886305]
 [-0.2051652  -0.80976224  1.2469252   0.185888   -0.09327734  0.
  -0.08609615  0.          0.04369717 -0.04088578]] 
Episode: 1173: [[-0.26027355 -0.53504413 -0.82933146  0.2648926  -0.194084    0.
  -0.02420889  0.         -0.03670318  0.04641908]
 [ 0.27890372  0.16349162 -2.3138049   0.10177676 -0.22924167  0.
  -0.06668419  0.          0.05016179  0.12107005]
 [ 0.32908615  0.4891081  -2.2696164   0.16395192 -0.35387972  0.
  -0.02448679  0.          0.05416317  0.07788804]
 [ 0.84558004  0.31967485 -2.3909314   0.16425265 -0.47450048  0.
  -0.0760637   0.         -0.06103083  0.23859051]
 [-0.2054572  -0.8095378   1.2472328   0.18611246 -0.093098    0.
  -0.08617831  0.          0.04369717 -0.04080882]] 
Episode: 1174: [[-0.260084   -0.53436327 -0.828979    0.26527274 -0.1935461   0.
  -0.02453366  0.         -0.03670318  0.04603271]
 [ 0.27905193  0.16311572 -2.314267    0.10131808 -0.22940695  0.
  -0.06654669  0.          0.05016179  0.12137119]
 [ 0.3292353   0.4886267  -2.2701216   0.16361885 -0.35418767  0.
  -0.0243536   0.          0.05416317  0.078102  ]
 [ 0.84598863  0.3202757  -2.3913436   0.16391803 -0.4744014   0.
  -0.07623698  0.         -0.06103083  0.23839703]
 [-0.2058464  -0.80954164  1.2476861   0.1865938  -0.09285446  0.
  -0.08621752  0.          0.04369717 -0.040769  ]] 
Episode: 1175: [[-0.25969702 -0.53355676 -0.8288624   0.26581773 -0.19302398  0.
  -0.02472035  0.         -0.03670318  0.04556264]
 [ 0.27921456  0.1626631  -2.3145626   0.10069785 -0.22955368  0.
  -0.0665341   0.          0.05016179  0.12172286]
 [ 0.32936957  0.48801786 -2.2704158   0.16313268 -0.35447276  0.
  -0.02433798  0.          0.05416317  0.07842102]
 [ 0.8464561   0.3210208  -2.391657    0.16342786 -0.47430256  0.
  -0.07649744  0.         -0.06103083  0.2382323 ]
 [-0.20613615 -0.80935055  1.2478695   0.18727577 -0.09260219  0.
  -0.08614479  0.          0.04369717 -0.04086209]] 
Episode: 1176: [[-0.25935927 -0.5328703  -0.82868886  0.2661489  -0.1925549   0.
  -0.02499392  0.         -0.03670318  0.04501729]
 [ 0.27935842  0.16226637 -2.314885    0.10025118 -0.22974306  0.
  -0.06641165  0.          0.05016179  0.12211227]
 [ 0.3294591   0.4874776  -2.270744    0.16286293 -0.3547902   0.
  -0.02421969  0.          0.05416317  0.0788345 ]
 [ 0.8469513   0.32171267 -2.3920197   0.16313547 -0.47430527  0.
  -0.07662732  0.         -0.06103083  0.23798782]
 [-0.20638554 -0.8091387   1.2480856   0.18775584 -0.09239947  0.
  -0.08618734  0.          0.04369717 -0.04107471]] 
Episode: 1177: [[-0.2588665  -0.532253   -0.8285197   0.26664925 -0.19230571  0.
  -0.02513456  0.         -0.03670318  0.04464904]
 [ 0.27954733  0.1618928  -2.3151948   0.09966653 -0.22983758  0.
  -0.06641258  0.          0.05016179  0.12236627]
 [ 0.32958275  0.48698533 -2.2710643   0.1624342  -0.35494986  0.
  -0.02421747  0.          0.05416317  0.07908004]
 [ 0.8475767   0.32228124 -2.3923545   0.16268376 -0.47431362  0.
  -0.07684872  0.         -0.06103083  0.23773406]
 [-0.20650533 -0.8089543   1.2482951   0.18841147 -0.09238515  0.
  -0.08611765  0.          0.04369717 -0.04113717]] 
Episode: 1178: [[-0.25863627 -0.53171194 -0.82813746  0.26719692 -0.19187243  0.
  -0.02515556  0.         -0.03670318  0.04444008]
 [ 0.27975708  0.16165137 -2.3156235   0.09911475 -0.23005655  0.
  -0.06650139  0.          0.05016179  0.12241355]
 [ 0.32974726  0.48664567 -2.27155     0.1619985  -0.35527673  0.
  -0.02431969  0.          0.05416317  0.07917456]
 [ 0.8483384   0.32288834 -2.3927503   0.16227782 -0.474397    0.
  -0.07694346  0.         -0.06103083  0.23765601]
 [-0.20671    -0.808928    1.2486775   0.18904562 -0.09235248  0.
  -0.08594696  0.          0.04369717 -0.04106461]] 
Episode: 1179: [[-0.25834104 -0.53125423 -0.8278045   0.26789123 -0.19149794  0.
  -0.0250689   0.         -0.03670318  0.04437437]
 [ 0.27995723  0.16145949 -2.3159604   0.0984204  -0.23023017  0.
  -0.06669243  0.          0.05016179  0.12240932]
 [ 0.32989153  0.48638067 -2.271938    0.16142093 -0.3555438   0.
  -0.02451591  0.          0.05416317  0.07913326]
 [ 0.84903055  0.32335052 -2.3930478   0.1617243  -0.47443938  0.
  -0.07713322  0.         -0.06103083  0.23773582]
 [-0.20698404 -0.8089939   1.2489747   0.18986452 -0.09235051  0.
  -0.0856854   0.          0.04369717 -0.04087066]] 
Episode: 1180: [[-0.25802264 -0.53092295 -0.8274961   0.26859805 -0.1912866   0.
  -0.02488538  0.         -0.03670318  0.04443751]
 [ 0.28016564  0.16132103 -2.3162787   0.09771764 -0.23037697  0.
  -0.06697541  0.          0.05016179  0.12233027]
 [ 0.3300499   0.48619238 -2.272306    0.16078939 -0.3557471   0.
  -0.0247967   0.          0.05416317  0.07896985]
 [ 0.84969705  0.32365888 -2.3933322   0.16110854 -0.47454888  0.
  -0.07740846  0.         -0.06103083  0.23788728]
 [-0.20723942 -0.8091164   1.2492474   0.19069481 -0.0924172   0.
  -0.08534208  0.          0.04369717 -0.04056757]] 
Episode: 1181: [[-0.25790313 -0.53067726 -0.82716364  0.26921868 -0.19113463  0.
  -0.02461469  0.         -0.03670318  0.04461653]
 [ 0.28042042  0.16132449 -2.3166075   0.09708524 -0.23050313  0.
  -0.06734113  0.          0.05016179  0.12210649]
 [ 0.33032453  0.486148   -2.2726886   0.16022243 -0.35591123  0.
  -0.02515361  0.          0.05416317  0.07869663]
 [ 0.850254    0.32403958 -2.3936107   0.16054225 -0.47467163  0.
  -0.07775086  0.         -0.06103083  0.23817335]
 [-0.20756337 -0.809382    1.2495534   0.1914386  -0.09253734  0.
  -0.0849252   0.          0.04369717 -0.04016635]] 
Episode: 1182: [[-0.25799587 -0.5305779  -0.8267654   0.26973456 -0.1910268   0.
  -0.02426557  0.         -0.03670318  0.04489975]
 [ 0.28067583  0.16146931 -2.3169694   0.09654436 -0.2306334   0.
  -0.06778128  0.          0.05016179  0.12172476]
 [ 0.33063713  0.48624748 -2.273115    0.15975352 -0.3560745   0.
  -0.02557901  0.          0.05416317  0.07832468]
 [ 0.85077244  0.32440105 -2.393913    0.16007018 -0.47482064  0.
  -0.07795452  0.         -0.06103083  0.23858035]
 [-0.20792192 -0.8096931   1.2499114   0.19208597 -0.0926673   0.
  -0.08444212  0.          0.04369717 -0.03967693]] 
Episode: 1183: [[-0.25806257 -0.53044856 -0.8263746   0.27015853 -0.19093767  0.
  -0.0240569   0.         -0.03670318  0.04503244]
 [ 0.28095964  0.16160361 -2.317319    0.09606692 -0.23074427  0.
  -0.0680923   0.          0.05016179  0.1214033 ]
 [ 0.3309974   0.48632613 -2.2735343   0.1593519  -0.35620913  0.
  -0.02585764  0.          0.05416317  0.07806498]
 [ 0.8511641   0.3248406  -2.3941672   0.15963449 -0.47495714  0.
  -0.07805549  0.         -0.06103083  0.2389196 ]
 [-0.20828213 -0.8099504   1.2502877   0.19263658 -0.09277556  0.
  -0.08411532  0.          0.04369717 -0.03922934]] 
Episode: 1184: [[-0.25814024 -0.5303324  -0.825973    0.27060142 -0.19079886  0.
  -0.02395301  0.         -0.03670318  0.04527389]
 [ 0.2811903   0.16172834 -2.3176808   0.09561902 -0.23089153  0.
  -0.06826112  0.          0.05016179  0.12106472]
 [ 0.3312655   0.48640153 -2.2739625   0.15895687 -0.356393    0.
  -0.02600422  0.          0.05416317  0.0777052 ]
 [ 0.851603    0.32522893 -2.3944328   0.15924484 -0.47511637  0.
  -0.07804185  0.         -0.06103083  0.23923168]
 [-0.2086142  -0.8101685   1.250677    0.19317825 -0.09283613  0.
  -0.08382136  0.          0.04369717 -0.0387357 ]] 
Episode: 1185: [[-0.25827795 -0.5302442  -0.8255548   0.2709861  -0.19064814  0.
  -0.02396505  0.         -0.03670318  0.04557956]
 [ 0.28142178  0.16186026 -2.3180797   0.09524003 -0.231062    0.
  -0.06837579  0.          0.05016179  0.12070571]
 [ 0.33154216  0.48649374 -2.2744262   0.15863232 -0.35660243  0.
  -0.02603194  0.          0.05416317  0.07726806]
 [ 0.8520908   0.32556337 -2.394757    0.15893652 -0.47530186  0.
  -0.07813407  0.         -0.06103083  0.23944002]
 [-0.20892563 -0.8103997   1.2511053   0.19364603 -0.09287868  0.
  -0.0836648   0.          0.04369717 -0.03824002]] 
Episode: 1186: [[-0.25845075 -0.53018796 -0.8251611   0.27131766 -0.19052546  0.
  -0.02387037  0.         -0.03670318  0.04597226]
 [ 0.28165266  0.16202193 -2.3184552   0.09491397 -0.23120633  0.
  -0.06859007  0.          0.05016179  0.12034655]
 [ 0.33182898  0.4866141  -2.274863    0.15836143 -0.3567793   0.
  -0.02616107  0.          0.05416317  0.07678977]
 [ 0.8524941   0.3258744  -2.3950722   0.15868196 -0.47546113  0.
  -0.07832154  0.         -0.06103083  0.23965783]
 [-0.20925787 -0.81066895  1.2515157   0.19404717 -0.09294355  0.
  -0.08341595  0.          0.04369717 -0.03767584]] 
Episode: 1187: [[-0.25867867 -0.53016263 -0.82478607  0.27159584 -0.19037141  0.
  -0.02389067  0.         -0.03670318  0.04638929]
 [ 0.28191453  0.16220553 -2.3188248   0.09464552 -0.231363    0.
  -0.06883404  0.          0.05016179  0.11994822]
 [ 0.33216608  0.48676077 -2.2752864   0.15815087 -0.35697517  0.
  -0.02635884  0.          0.05416317  0.07623341]
 [ 0.8529819   0.3261654  -2.3953822   0.15848766 -0.47559848  0.
  -0.07859473  0.         -0.06103083  0.2397037 ]
 [-0.20960379 -0.81095964  1.2519156   0.19438379 -0.0929304   0.
  -0.08329996  0.          0.04369717 -0.03711013]] 
Episode: 1188: [[-0.25895816 -0.5302191  -0.824404    0.27167583 -0.1902165   0.
  -0.02401444  0.         -0.03670318  0.04682775]
 [ 0.28217608  0.16244675 -2.3191788   0.09447613 -0.23155917  0.
  -0.06900148  0.          0.05016179  0.11958163]
 [ 0.3325175   0.48697022 -2.2756953   0.15807605 -0.35721534  0.
  -0.02643263  0.          0.05416317  0.0757051 ]
 [ 0.85338527  0.3264223  -2.3956778   0.15834999 -0.47578618  0.
  -0.07875626  0.         -0.06103083  0.23978773]
 [-0.20998356 -0.8112751   1.2523094   0.19460732 -0.09288449  0.
  -0.08326183  0.          0.04369717 -0.03654731]] 
Episode: 1189: [[-0.25932974 -0.5302164  -0.82405144  0.27171415 -0.19003761  0.
  -0.02402034  0.         -0.03670318  0.04734435]
 [ 0.28247857  0.16259286 -2.3195481   0.09431905 -0.23170708  0.
  -0.06926335  0.          0.05016179  0.11911887]
 [ 0.33295867  0.48709947 -2.276117    0.15800661 -0.35740668  0.
  -0.02660323  0.          0.05416317  0.0751037 ]
 [ 0.853725    0.32660976 -2.3960233   0.15818828 -0.47587812  0.
  -0.07900611  0.         -0.06103083  0.23992224]
 [-0.21040481 -0.81155497  1.2526811   0.19481282 -0.09282564  0.
  -0.08311953  0.          0.04369717 -0.03591229]] 
Episode: 1190: [[-0.25975946 -0.5303202  -0.82371336  0.27170834 -0.18994564  0.
  -0.02393671  0.         -0.03670318  0.0478692 ]
 [ 0.282729    0.16285531 -2.3199196   0.09422919 -0.23185667  0.
  -0.06947551  0.          0.05016179  0.11865962]
 [ 0.33332458  0.4873483  -2.2765331   0.15801255 -0.35757658  0.
  -0.02671592  0.          0.05416317  0.07447989]
 [ 0.85404557  0.32674363 -2.3963983   0.15812528 -0.47605324  0.
  -0.07917902  0.         -0.06103083  0.23995312]
 [-0.21090041 -0.8119315   1.2530366   0.19495201 -0.09288565  0.
  -0.08296153  0.          0.04369717 -0.03533062]] 
Episode: 1191: [[-0.26012638 -0.5303919  -0.82365596  0.27180642 -0.18999018  0.
  -0.02375594  0.         -0.03670318  0.04821926]
 [ 0.2829538   0.16311985 -2.3201203   0.09408343 -0.23190963  0.
  -0.06977767  0.          0.05016179  0.11830334]
 [ 0.33366886  0.4875918  -2.2767339   0.15792055 -0.3576204   0.
  -0.02692159  0.          0.05416317  0.07404479]
 [ 0.854385    0.32696396 -2.3967206   0.15799205 -0.4761836   0.
  -0.07943916  0.         -0.06103083  0.23995242]
 [-0.21140845 -0.8122872   1.2531799   0.19514321 -0.09304159  0.
  -0.08271131  0.          0.04369717 -0.03489179]] 
Episode: 1192: [[-0.26051572 -0.53048223 -0.823556    0.2718297  -0.19008124  0.
  -0.02348777  0.         -0.03670318  0.0486563 ]
 [ 0.28317875  0.16339128 -2.3203113   0.09397727 -0.23193489  0.
  -0.07016082  0.          0.05016179  0.11787923]
 [ 0.33401486  0.48783734 -2.276932    0.15787892 -0.35762876  0.
  -0.02721091  0.          0.05416317  0.07352732]
 [ 0.8546832   0.32719386 -2.3970068   0.15788214 -0.47629723  0.
  -0.07977781  0.         -0.06103083  0.23999155]
 [-0.21189679 -0.8126014   1.2533364   0.19528422 -0.09321362  0.
  -0.08237811  0.          0.04369717 -0.0343832 ]] 
Episode: 1193: [[-0.26089916 -0.5304733  -0.8235619   0.2719842  -0.19009951  0.
  -0.02335193  0.         -0.03670318  0.04905313]
 [ 0.28341654  0.16357702 -2.320436    0.09379379 -0.23192175  0.
  -0.07053496  0.          0.05016179  0.11747968]
 [ 0.33439425  0.48799938 -2.2770483   0.15771148 -0.3576078   0.
  -0.02751409  0.          0.05416317  0.07302176]
 [ 0.85491467  0.32745317 -2.3972492   0.15767783 -0.47631022  0.
  -0.0801871   0.         -0.06103083  0.2400334 ]
 [-0.21241587 -0.812892    1.2534115   0.19550715 -0.09339089  0.
  -0.08204492  0.          0.04369717 -0.03380331]] 
Episode: 1194: [[-0.2611254  -0.53041303 -0.8236786   0.27232587 -0.19005722  0.
  -0.0231242   0.         -0.03670318  0.04953228]
 [ 0.28362316  0.163695   -2.3205273   0.09345989 -0.23192447  0.
  -0.07098293  0.          0.05016179  0.11704065]
 [ 0.3347136   0.48810086 -2.2771165   0.15737422 -0.35761434  0.
  -0.02789122  0.          0.05416317  0.07244089]
 [ 0.85510844  0.327651   -2.3974946   0.15730451 -0.47632432  0.
  -0.08065995  0.         -0.06103083  0.24013439]
 [-0.21288207 -0.8132148   1.2533973   0.19588947 -0.09357146  0.
  -0.08163701  0.          0.04369717 -0.03315297]] 
Episode: 1195: [[-0.26138085 -0.53020984 -0.8238436   0.27264562 -0.18995483  0.
  -0.02281379  0.         -0.03670318  0.04999001]
 [ 0.28383327  0.16368282 -2.3205905   0.09312406 -0.23191164  0.
  -0.0714973   0.          0.05016179  0.11666527]
 [ 0.33504117  0.48805493 -2.2771502   0.1570264  -0.3576223   0.
  -0.02833491  0.          0.05416317  0.07195032]
 [ 0.8553054   0.32797667 -2.3977609   0.15689011 -0.4762554   0.
  -0.08119     0.         -0.06103083  0.24032415]
 [-0.213402   -0.8134104   1.2533132   0.19625947 -0.09371628  0.
  -0.08116186  0.          0.04369717 -0.03254229]] 
Episode: 1196: [[-0.2616978  -0.5301063  -0.82396805  0.2728576  -0.18983828  0.
  -0.02263991  0.         -0.03670318  0.05047942]
 [ 0.2840235   0.16379291 -2.3206773   0.09288441 -0.23193729  0.
  -0.0718489   0.          0.05016179  0.11630852]
 [ 0.3353472   0.48812687 -2.2772114   0.15680338 -0.35767555  0.
  -0.02862993  0.          0.05416317  0.07145198]
 [ 0.85545754  0.32831115 -2.398035    0.15660149 -0.47623014  0.
  -0.0815625   0.         -0.06103083  0.24052927]
 [-0.21393864 -0.81369394  1.2532685   0.19651641 -0.0938257   0.
  -0.08084234  0.          0.04369717 -0.03195438]] 
Episode: 1197: [[-0.26192483 -0.5299974  -0.8240691   0.27309233 -0.18979067  0.
  -0.02237797  0.         -0.03670318  0.05104194]
 [ 0.28426072  0.16386493 -2.320771    0.09262124 -0.23194349  0.
  -0.07227653  0.          0.05016179  0.11587425]
 [ 0.33569825  0.48816475 -2.277285    0.1565368  -0.35769022  0.
  -0.02899969  0.          0.05416317  0.07087751]
 [ 0.8557309   0.32861227 -2.3982852   0.15626328 -0.47623032  0.
  -0.08200224  0.         -0.06103083  0.24057001]
 [-0.21437503 -0.813944    1.2532463   0.19679198 -0.09399483  0.
  -0.08044676  0.          0.04369717 -0.03129672]] 
Episode: 1198: [[-0.2621983  -0.5298645  -0.8240614   0.2732074  -0.18968555  0.
  -0.02224769  0.         -0.03670318  0.05145093]
 [ 0.2844605   0.16384573 -2.3209405   0.09244759 -0.2320285   0.
  -0.0725501   0.          0.05016179  0.11557257]
 [ 0.3359963   0.488117   -2.2774503   0.15639123 -0.3578074   0.
  -0.0292282   0.          0.05416317  0.07048681]
 [ 0.85592717  0.3287947  -2.3985999   0.15603223 -0.47629645  0.
  -0.08229348  0.         -0.06103083  0.240757  ]
 [-0.21483038 -0.81412005  1.2533317   0.19696695 -0.09406416  0.
  -0.0801988   0.          0.04369717 -0.03077256]] 
Episode: 1199: [[-0.26256648 -0.52978987 -0.8239734   0.2732118  -0.18954074  0.
  -0.02223589  0.         -0.03670318  0.05171585]
 [ 0.28464016  0.16389862 -2.3211842   0.09237957 -0.23224333  0.
  -0.07268508  0.          0.05016179  0.11538467]
 [ 0.33627445  0.4881356  -2.2776983   0.15638556 -0.35807115  0.
  -0.02932958  0.          0.05416317  0.07026137]
 [ 0.85605323  0.32898498 -2.39899     0.15594798 -0.47653636  0.
  -0.0824511   0.         -0.06103083  0.24107538]
 [-0.21535876 -0.8143208   1.2535105   0.19701914 -0.09403817  0.
  -0.08008368  0.          0.04369717 -0.03042982]] 
Episode: 1200: [[-0.26295274 -0.52969855 -0.8239854   0.2732477  -0.18936768  0.
  -0.02224187  0.         -0.03670318  0.05207637]
 [ 0.28483012  0.16393504 -2.321349    0.09229416 -0.23246937  0.
  -0.07275545  0.          0.05016179  0.1151616 ]
 [ 0.33657953  0.48814416 -2.277853    0.15634619 -0.3583499   0.
  -0.02931657  0.          0.05416317  0.06993257]
 [ 0.8561665   0.32917622 -2.3993354   0.15583926 -0.47677267  0.
  -0.08248847  0.         -0.06103083  0.24144737]
 [-0.21587713 -0.8144929   1.2536054   0.19708924 -0.09397689  0.
  -0.07992668  0.          0.04369717 -0.03003275]] 
